<?xml version="1.0" encoding="UTF-8"?>
<gpx version="1.1" creator="Kurviger" xmlns="http://www.topografix.com/GPX/1/1" xmlns:xsi="http://www.w3.org/2001/XMLSchema-instance" xsi:schemaLocation="http://www.topografix.com/GPX/1/1 http://www.topografix.com/GPX/1/1/gpx.xsd http://www.garmin.com/xmlschemas/GpxExtensions/v3 http://www.garmin.com/xmlschemas/GpxExtensionsv3.xsd http://www.garmin.com/xmlschemas/TripExtensions/v1 http://www.garmin.com/xmlschemas/TripExtensionsv1.xsd" xmlns:gpxx="http://www.garmin.com/xmlschemas/GpxExtensions/v3" xmlns:trp="http://www.garmin.com/xmlschemas/TripExtensions/v1">
	<metadata>
		<name>Día 7 · Bucle del Maestrazgo</name>
		<copyright author="OpenStreetMap contributors"/>
		<link href="https://kurviger.com">
			<text>Kurviger.com GPX</text>
		</link>
		<time>2026-09-20T02:43:24.365Z</time>
	</metadata>
	<rte>
		<name>Día 7 · Bucle del Maestrazgo</name>
		<extensions>
			<trp:Trip>
				<trp:TransportationMode>Motorcycling</trp:TransportationMode>
			</trp:Trip>
		</extensions>
		<rtept lat="40.36386" lon="-0.69312">
			<name>Start</name>
			<sym>Flag, Green</sym>
			<type>start</type>
			<extensions>
				<trp:ViaPoint>
					<trp:CalculationMode>Adventurous</trp:CalculationMode>
				</trp:ViaPoint>
			</extensions>
		</rtept>
		<rtept lat="40.39173" lon="-0.6077">
			<name>Via Point 1</name>
			<sym>Flag, Blue</sym>
			<type>via</type>
			<extensions>
				<trp:ViaPoint>
					<trp:CalculationMode>Adventurous</trp:CalculationMode>
				</trp:ViaPoint>
			</extensions>
		</rtept>
		<rtept lat="40.32772" lon="-0.57067">
			<name>Via Point 2</name>
			<sym>Flag, Blue</sym>
			<type>via</type>
			<extensions>
				<trp:ViaPoint>
					<trp:CalculationMode>Adventurous</trp:CalculationMode>
				</trp:ViaPoint>
			</extensions>
		</rtept>
		<rtept lat="40.35967" lon="-0.44641">
			<name>Via Point 3</name>
			<sym>Flag, Blue</sym>
			<type>via</type>
			<extensions>
				<trp:ViaPoint>
					<trp:CalculationMode>Adventurous</trp:CalculationMode>
				</trp:ViaPoint>
			</extensions>
		</rtept>
		<rtept lat="40.48142" lon="-0.32201">
			<name>Via Point 4</name>
			<sym>Flag, Blue</sym>
			<type>via</type>
			<extensions>
				<trp:ViaPoint>
					<trp:CalculationMode>Adventurous</trp:CalculationMode>
				</trp:ViaPoint>
			</extensions>
		</rtept>
		<rtept lat="40.52419" lon="-0.40608">
			<name>Via Point 5</name>
			<sym>Flag, Blue</sym>
			<type>via</type>
			<extensions>
				<trp:ViaPoint>
					<trp:CalculationMode>Adventurous</trp:CalculationMode>
				</trp:ViaPoint>
			</extensions>
		</rtept>
		<rtept lat="40.58783" lon="-0.34248">
			<name>Via Point 6</name>
			<sym>Flag, Blue</sym>
			<type>via</type>
			<extensions>
				<trp:ViaPoint>
					<trp:CalculationMode>Adventurous</trp:CalculationMode>
				</trp:ViaPoint>
			</extensions>
		</rtept>
		<rtept lat="40.68796" lon="-0.56816">
			<name>Via Point 7</name>
			<sym>Flag, Blue</sym>
			<type>via</type>
			<extensions>
				<trp:ViaPoint>
					<trp:CalculationMode>Adventurous</trp:CalculationMode>
				</trp:ViaPoint>
			</extensions>
		</rtept>
		<rtept lat="40.76851" lon="-0.55054">
			<name>Via Point 8</name>
			<sym>Flag, Blue</sym>
			<type>via</type>
			<extensions>
				<trp:ViaPoint>
					<trp:CalculationMode>Adventurous</trp:CalculationMode>
				</trp:ViaPoint>
			</extensions>
		</rtept>
		<rtept lat="40.67182" lon="-0.69698">
			<name>Via Point 9</name>
			<sym>Flag, Blue</sym>
			<type>via</type>
			<extensions>
				<trp:ViaPoint>
					<trp:CalculationMode>Adventurous</trp:CalculationMode>
				</trp:ViaPoint>
			</extensions>
		</rtept>
		<rtept lat="40.52978" lon="-0.66811">
			<name>Via Point 10</name>
			<sym>Flag, Blue</sym>
			<type>via</type>
			<extensions>
				<trp:ViaPoint>
					<trp:CalculationMode>Adventurous</trp:CalculationMode>
				</trp:ViaPoint>
			</extensions>
		</rtept>
		<rtept lat="40.49156" lon="-0.7313">
			<name>Via Point 11</name>
			<sym>Flag, Blue</sym>
			<type>via</type>
			<extensions>
				<trp:ViaPoint>
					<trp:CalculationMode>Adventurous</trp:CalculationMode>
				</trp:ViaPoint>
			</extensions>
		</rtept>
		<rtept lat="40.44177" lon="-0.71998">
			<name>Via Point 12</name>
			<sym>Flag, Blue</sym>
			<type>via</type>
			<extensions>
				<trp:ViaPoint>
					<trp:CalculationMode>Adventurous</trp:CalculationMode>
				</trp:ViaPoint>
			</extensions>
		</rtept>
		<rtept lat="40.36386" lon="-0.69312">
			<name>Destination</name>
			<sym>Flag, Red</sym>
			<type>destination</type>
			<extensions>
				<trp:ViaPoint/>
			</extensions>
		</rtept>
	</rte>
	<trk>
		<name>Día 7 · Bucle del Maestrazgo</name>
		<trkseg>
			<trkpt lat="40.36386" lon="-0.69312">
				<ele>1404.05</ele>
				<time>2026-09-20T02:43:24.361Z</time>
			</trkpt>
			<trkpt lat="40.36366" lon="-0.69269">
				<ele>1404.39</ele>
				<time>2026-09-20T02:43:33.180Z</time>
			</trkpt>
			<trkpt lat="40.36442" lon="-0.69125">
				<ele>1407.5</ele>
				<time>2026-09-20T02:43:52.167Z</time>
			</trkpt>
			<trkpt lat="40.36476" lon="-0.69063">
				<ele>1411.58</ele>
				<time>2026-09-20T02:43:59.065Z</time>
			</trkpt>
			<trkpt lat="40.36488" lon="-0.69057">
				<ele>1413.09</ele>
				<time>2026-09-20T02:44:00.642Z</time>
			</trkpt>
			<trkpt lat="40.36527" lon="-0.69065">
				<ele>1413.67</ele>
				<time>2026-09-20T02:44:05.816Z</time>
			</trkpt>
			<trkpt lat="40.36546" lon="-0.69066">
				<ele>1413.36</ele>
				<time>2026-09-20T02:44:08.556Z</time>
			</trkpt>
			<trkpt lat="40.36551" lon="-0.69062">
				<ele>1413.58</ele>
				<time>2026-09-20T02:44:09.441Z</time>
			</trkpt>
			<trkpt lat="40.36795" lon="-0.69367">
				<ele>1415.2</ele>
				<time>2026-09-20T02:45:15.829Z</time>
			</trkpt>
			<trkpt lat="40.36811" lon="-0.69387">
				<ele>1415.26</ele>
				<time>2026-09-20T02:45:20.325Z</time>
			</trkpt>
			<trkpt lat="40.36819" lon="-0.694">
				<ele>1415.12</ele>
				<time>2026-09-20T02:45:22.872Z</time>
			</trkpt>
			<trkpt lat="40.36824" lon="-0.69417">
				<ele>1414.31</ele>
				<time>2026-09-20T02:45:25.608Z</time>
			</trkpt>
			<trkpt lat="40.36826" lon="-0.69432">
				<ele>1413.57</ele>
				<time>2026-09-20T02:45:27.856Z</time>
			</trkpt>
			<trkpt lat="40.36829" lon="-0.69488">
				<ele>1410.95</ele>
				<time>2026-09-20T02:45:35.801Z</time>
			</trkpt>
			<trkpt lat="40.36838" lon="-0.69552">
				<ele>1411.03</ele>
				<time>2026-09-20T02:45:44.185Z</time>
			</trkpt>
			<trkpt lat="40.36854" lon="-0.69628">
				<ele>1412.75</ele>
				<time>2026-09-20T02:45:52.837Z</time>
			</trkpt>
			<trkpt lat="40.36864" lon="-0.69659">
				<ele>1412.52</ele>
				<time>2026-09-20T02:45:55.935Z</time>
			</trkpt>
			<trkpt lat="40.3687" lon="-0.69666">
				<ele>1412.71</ele>
				<time>2026-09-20T02:45:56.823Z</time>
			</trkpt>
			<trkpt lat="40.36877" lon="-0.69651">
				<ele>1413.42</ele>
				<time>2026-09-20T02:45:58.275Z</time>
			</trkpt>
			<trkpt lat="40.36985" lon="-0.69479">
				<ele>1418.46</ele>
				<time>2026-09-20T02:46:16.298Z</time>
			</trkpt>
			<trkpt lat="40.37045" lon="-0.69365">
				<ele>1423.79</ele>
				<time>2026-09-20T02:46:27.164Z</time>
			</trkpt>
			<trkpt lat="40.3707" lon="-0.69316">
				<ele>1423.52</ele>
				<time>2026-09-20T02:46:31.712Z</time>
			</trkpt>
			<trkpt lat="40.37084" lon="-0.69285">
				<ele>1423.28</ele>
				<time>2026-09-20T02:46:34.468Z</time>
			</trkpt>
			<trkpt lat="40.37102" lon="-0.69233">
				<ele>1426.18</ele>
				<time>2026-09-20T02:46:38.803Z</time>
			</trkpt>
			<trkpt lat="40.37112" lon="-0.69209">
				<ele>1427.51</ele>
				<time>2026-09-20T02:46:40.865Z</time>
			</trkpt>
			<trkpt lat="40.37147" lon="-0.6914">
				<ele>1430.97</ele>
				<time>2026-09-20T02:46:47.053Z</time>
			</trkpt>
			<trkpt lat="40.37157" lon="-0.69111">
				<ele>1433.74</ele>
				<time>2026-09-20T02:46:49.406Z</time>
			</trkpt>
			<trkpt lat="40.37212" lon="-0.68876">
				<ele>1442.98</ele>
				<time>2026-09-20T02:47:07.156Z</time>
			</trkpt>
			<trkpt lat="40.37219" lon="-0.68854">
				<ele>1443.45</ele>
				<time>2026-09-20T02:47:08.838Z</time>
			</trkpt>
			<trkpt lat="40.3723" lon="-0.68828">
				<ele>1445.76</ele>
				<time>2026-09-20T02:47:10.927Z</time>
			</trkpt>
			<trkpt lat="40.37259" lon="-0.68779">
				<ele>1450.67</ele>
				<time>2026-09-20T02:47:15.252Z</time>
			</trkpt>
			<trkpt lat="40.37276" lon="-0.68756">
				<ele>1452.69</ele>
				<time>2026-09-20T02:47:17.467Z</time>
			</trkpt>
			<trkpt lat="40.37344" lon="-0.68678">
				<ele>1461.29</ele>
				<time>2026-09-20T02:47:25.558Z</time>
			</trkpt>
			<trkpt lat="40.37353" lon="-0.6867">
				<ele>1463.3</ele>
				<time>2026-09-20T02:47:26.521Z</time>
			</trkpt>
			<trkpt lat="40.37368" lon="-0.68669">
				<ele>1465.84</ele>
				<time>2026-09-20T02:47:27.848Z</time>
			</trkpt>
			<trkpt lat="40.37423" lon="-0.68715">
				<ele>1466.03</ele>
				<time>2026-09-20T02:47:33.558Z</time>
			</trkpt>
			<trkpt lat="40.37466" lon="-0.68742">
				<ele>1470.95</ele>
				<time>2026-09-20T02:47:37.679Z</time>
			</trkpt>
			<trkpt lat="40.3748" lon="-0.68742">
				<ele>1472.5</ele>
				<time>2026-09-20T02:47:38.881Z</time>
			</trkpt>
			<trkpt lat="40.37484" lon="-0.68735">
				<ele>1473.53</ele>
				<time>2026-09-20T02:47:39.452Z</time>
			</trkpt>
			<trkpt lat="40.37487" lon="-0.68727">
				<ele>1474.6</ele>
				<time>2026-09-20T02:47:40.033Z</time>
			</trkpt>
			<trkpt lat="40.37486" lon="-0.68718">
				<ele>1475.66</ele>
				<time>2026-09-20T02:47:40.625Z</time>
			</trkpt>
			<trkpt lat="40.37478" lon="-0.68699">
				<ele>1477.24</ele>
				<time>2026-09-20T02:47:42.034Z</time>
			</trkpt>
			<trkpt lat="40.37371" lon="-0.68511">
				<ele>1487.41</ele>
				<time>2026-09-20T02:47:56.938Z</time>
			</trkpt>
			<trkpt lat="40.3735" lon="-0.68468">
				<ele>1488.91</ele>
				<time>2026-09-20T02:48:00.104Z</time>
			</trkpt>
			<trkpt lat="40.37326" lon="-0.68413">
				<ele>1492.57</ele>
				<time>2026-09-20T02:48:03.996Z</time>
			</trkpt>
			<trkpt lat="40.37273" lon="-0.6828">
				<ele>1505.19</ele>
				<time>2026-09-20T02:48:13.050Z</time>
			</trkpt>
			<trkpt lat="40.37261" lon="-0.6824">
				<ele>1508.74</ele>
				<time>2026-09-20T02:48:15.602Z</time>
			</trkpt>
			<trkpt lat="40.37253" lon="-0.68204">
				<ele>1514.78</ele>
				<time>2026-09-20T02:48:17.812Z</time>
			</trkpt>
			<trkpt lat="40.37248" lon="-0.68187">
				<ele>1517.35</ele>
				<time>2026-09-20T02:48:18.882Z</time>
			</trkpt>
			<trkpt lat="40.37218" lon="-0.68111">
				<ele>1528.72</ele>
				<time>2026-09-20T02:48:23.862Z</time>
			</trkpt>
			<trkpt lat="40.37173" lon="-0.67962">
				<ele>1539.29</ele>
				<time>2026-09-20T02:48:33.001Z</time>
			</trkpt>
			<trkpt lat="40.37135" lon="-0.67829">
				<ele>1547.88</ele>
				<time>2026-09-20T02:48:40.901Z</time>
			</trkpt>
			<trkpt lat="40.37122" lon="-0.67789">
				<ele>1551.19</ele>
				<time>2026-09-20T02:48:43.284Z</time>
			</trkpt>
			<trkpt lat="40.37076" lon="-0.6768">
				<ele>1558.69</ele>
				<time>2026-09-20T02:48:50.019Z</time>
			</trkpt>
			<trkpt lat="40.37069" lon="-0.67657">
				<ele>1560.81</ele>
				<time>2026-09-20T02:48:51.342Z</time>
			</trkpt>
			<trkpt lat="40.37054" lon="-0.67583">
				<ele>1565.85</ele>
				<time>2026-09-20T02:48:55.398Z</time>
			</trkpt>
			<trkpt lat="40.37044" lon="-0.67547">
				<ele>1569.35</ele>
				<time>2026-09-20T02:48:57.410Z</time>
			</trkpt>
			<trkpt lat="40.37028" lon="-0.67514">
				<ele>1573.01</ele>
				<time>2026-09-20T02:48:59.451Z</time>
			</trkpt>
			<trkpt lat="40.36975" lon="-0.67446">
				<ele>1576.46</ele>
				<time>2026-09-20T02:49:04.472Z</time>
			</trkpt>
			<trkpt lat="40.36941" lon="-0.6741">
				<ele>1574.95</ele>
				<time>2026-09-20T02:49:07.396Z</time>
			</trkpt>
			<trkpt lat="40.36935" lon="-0.67399">
				<ele>1575.59</ele>
				<time>2026-09-20T02:49:08.082Z</time>
			</trkpt>
			<trkpt lat="40.36934" lon="-0.67392">
				<ele>1577.5</ele>
				<time>2026-09-20T02:49:08.443Z</time>
			</trkpt>
			<trkpt lat="40.36937" lon="-0.67387">
				<ele>1580.34</ele>
				<time>2026-09-20T02:49:08.765Z</time>
			</trkpt>
			<trkpt lat="40.36941" lon="-0.67383">
				<ele>1583.25</ele>
				<time>2026-09-20T02:49:09.098Z</time>
			</trkpt>
			<trkpt lat="40.36946" lon="-0.67383">
				<ele>1585.51</ele>
				<time>2026-09-20T02:49:09.430Z</time>
			</trkpt>
			<trkpt lat="40.36954" lon="-0.67388">
				<ele>1587.2</ele>
				<time>2026-09-20T02:49:10.016Z</time>
			</trkpt>
			<trkpt lat="40.36997" lon="-0.67434">
				<ele>1584.17</ele>
				<time>2026-09-20T02:49:13.663Z</time>
			</trkpt>
			<trkpt lat="40.3707" lon="-0.67504">
				<ele>1580.65</ele>
				<time>2026-09-20T02:49:19.519Z</time>
			</trkpt>
			<trkpt lat="40.37075" lon="-0.67506">
				<ele>1581.21</ele>
				<time>2026-09-20T02:49:19.855Z</time>
			</trkpt>
			<trkpt lat="40.37086" lon="-0.67503">
				<ele>1582.85</ele>
				<time>2026-09-20T02:49:20.575Z</time>
			</trkpt>
			<trkpt lat="40.37095" lon="-0.67488">
				<ele>1584.37</ele>
				<time>2026-09-20T02:49:21.504Z</time>
			</trkpt>
			<trkpt lat="40.37097" lon="-0.67474">
				<ele>1585.36</ele>
				<time>2026-09-20T02:49:22.196Z</time>
			</trkpt>
			<trkpt lat="40.37093" lon="-0.67462">
				<ele>1586.53</ele>
				<time>2026-09-20T02:49:22.831Z</time>
			</trkpt>
			<trkpt lat="40.37089" lon="-0.67457">
				<ele>1587.39</ele>
				<time>2026-09-20T02:49:23.182Z</time>
			</trkpt>
			<trkpt lat="40.37077" lon="-0.6745">
				<ele>1589.7</ele>
				<time>2026-09-20T02:49:24.014Z</time>
			</trkpt>
			<trkpt lat="40.37037" lon="-0.67431">
				<ele>1592.62</ele>
				<time>2026-09-20T02:49:26.697Z</time>
			</trkpt>
			<trkpt lat="40.37024" lon="-0.67422">
				<ele>1592.32</ele>
				<time>2026-09-20T02:49:27.618Z</time>
			</trkpt>
			<trkpt lat="40.37005" lon="-0.67404">
				<ele>1594.21</ele>
				<time>2026-09-20T02:49:29.082Z</time>
			</trkpt>
			<trkpt lat="40.36988" lon="-0.67378">
				<ele>1599.47</ele>
				<time>2026-09-20T02:49:30.705Z</time>
			</trkpt>
			<trkpt lat="40.36969" lon="-0.67339">
				<ele>1606.62</ele>
				<time>2026-09-20T02:49:32.885Z</time>
			</trkpt>
			<trkpt lat="40.36944" lon="-0.67269">
				<ele>1609.86</ele>
				<time>2026-09-20T02:49:36.494Z</time>
			</trkpt>
			<trkpt lat="40.36939" lon="-0.67251">
				<ele>1612.91</ele>
				<time>2026-09-20T02:49:37.382Z</time>
			</trkpt>
			<trkpt lat="40.36937" lon="-0.67222">
				<ele>1614.61</ele>
				<time>2026-09-20T02:49:38.727Z</time>
			</trkpt>
			<trkpt lat="40.36941" lon="-0.67169">
				<ele>1620.08</ele>
				<time>2026-09-20T02:49:41.174Z</time>
			</trkpt>
			<trkpt lat="40.3694" lon="-0.67155">
				<ele>1620.76</ele>
				<time>2026-09-20T02:49:41.816Z</time>
			</trkpt>
			<trkpt lat="40.36928" lon="-0.67066">
				<ele>1626.38</ele>
				<time>2026-09-20T02:49:45.918Z</time>
			</trkpt>
			<trkpt lat="40.36914" lon="-0.66941">
				<ele>1635.31</ele>
				<time>2026-09-20T02:49:51.567Z</time>
			</trkpt>
			<trkpt lat="40.36901" lon="-0.6689">
				<ele>1642.85</ele>
				<time>2026-09-20T02:49:53.942Z</time>
			</trkpt>
			<trkpt lat="40.36882" lon="-0.66833">
				<ele>1644.19</ele>
				<time>2026-09-20T02:49:56.669Z</time>
			</trkpt>
			<trkpt lat="40.36864" lon="-0.66789">
				<ele>1644.46</ele>
				<time>2026-09-20T02:49:58.842Z</time>
			</trkpt>
			<trkpt lat="40.36863" lon="-0.66779">
				<ele>1645.67</ele>
				<time>2026-09-20T02:49:59.279Z</time>
			</trkpt>
			<trkpt lat="40.36864" lon="-0.66771">
				<ele>1647.2</ele>
				<time>2026-09-20T02:49:59.630Z</time>
			</trkpt>
			<trkpt lat="40.36867" lon="-0.66765">
				<ele>1648.96</ele>
				<time>2026-09-20T02:49:59.941Z</time>
			</trkpt>
			<trkpt lat="40.36873" lon="-0.66762">
				<ele>1650.89</ele>
				<time>2026-09-20T02:50:00.305Z</time>
			</trkpt>
			<trkpt lat="40.36879" lon="-0.66761">
				<ele>1652.47</ele>
				<time>2026-09-20T02:50:00.647Z</time>
			</trkpt>
			<trkpt lat="40.36885" lon="-0.66764">
				<ele>1653.81</ele>
				<time>2026-09-20T02:50:01.011Z</time>
			</trkpt>
			<trkpt lat="40.36897" lon="-0.66781">
				<ele>1655.39</ele>
				<time>2026-09-20T02:50:02.008Z</time>
			</trkpt>
			<trkpt lat="40.36922" lon="-0.66837">
				<ele>1651.81</ele>
				<time>2026-09-20T02:50:04.785Z</time>
			</trkpt>
			<trkpt lat="40.36928" lon="-0.66845">
				<ele>1651.85</ele>
				<time>2026-09-20T02:50:05.263Z</time>
			</trkpt>
			<trkpt lat="40.36937" lon="-0.66852">
				<ele>1652.57</ele>
				<time>2026-09-20T02:50:05.847Z</time>
			</trkpt>
			<trkpt lat="40.36942" lon="-0.66853">
				<ele>1653.17</ele>
				<time>2026-09-20T02:50:06.129Z</time>
			</trkpt>
			<trkpt lat="40.36946" lon="-0.66852">
				<ele>1653.94</ele>
				<time>2026-09-20T02:50:06.356Z</time>
			</trkpt>
			<trkpt lat="40.36951" lon="-0.66848">
				<ele>1655.6</ele>
				<time>2026-09-20T02:50:06.682Z</time>
			</trkpt>
			<trkpt lat="40.36953" lon="-0.66835">
				<ele>1658.06</ele>
				<time>2026-09-20T02:50:07.243Z</time>
			</trkpt>
			<trkpt lat="40.36952" lon="-0.66826">
				<ele>1659.77</ele>
				<time>2026-09-20T02:50:07.628Z</time>
			</trkpt>
			<trkpt lat="40.36944" lon="-0.66768">
				<ele>1666.81</ele>
				<time>2026-09-20T02:50:10.110Z</time>
			</trkpt>
			<trkpt lat="40.36927" lon="-0.66673">
				<ele>1671.07</ele>
				<time>2026-09-20T02:50:14.181Z</time>
			</trkpt>
			<trkpt lat="40.36917" lon="-0.66639">
				<ele>1674.08</ele>
				<time>2026-09-20T02:50:15.690Z</time>
			</trkpt>
			<trkpt lat="40.36899" lon="-0.66601">
				<ele>1680.14</ele>
				<time>2026-09-20T02:50:17.533Z</time>
			</trkpt>
			<trkpt lat="40.36885" lon="-0.66574">
				<ele>1682.18</ele>
				<time>2026-09-20T02:50:18.873Z</time>
			</trkpt>
			<trkpt lat="40.36864" lon="-0.66543">
				<ele>1684.62</ele>
				<time>2026-09-20T02:50:20.567Z</time>
			</trkpt>
			<trkpt lat="40.36849" lon="-0.66529">
				<ele>1688.34</ele>
				<time>2026-09-20T02:50:21.550Z</time>
			</trkpt>
			<trkpt lat="40.36835" lon="-0.66525">
				<ele>1689.69</ele>
				<time>2026-09-20T02:50:22.313Z</time>
			</trkpt>
			<trkpt lat="40.36824" lon="-0.66525">
				<ele>1690.63</ele>
				<time>2026-09-20T02:50:22.899Z</time>
			</trkpt>
			<trkpt lat="40.3676" lon="-0.66532">
				<ele>1693.05</ele>
				<time>2026-09-20T02:50:26.296Z</time>
			</trkpt>
			<trkpt lat="40.3675" lon="-0.66529">
				<ele>1692.99</ele>
				<time>2026-09-20T02:50:26.836Z</time>
			</trkpt>
			<trkpt lat="40.36746" lon="-0.66524">
				<ele>1693.13</ele>
				<time>2026-09-20T02:50:27.127Z</time>
			</trkpt>
			<trkpt lat="40.36744" lon="-0.66515">
				<ele>1694.01</ele>
				<time>2026-09-20T02:50:27.502Z</time>
			</trkpt>
			<trkpt lat="40.36746" lon="-0.665">
				<ele>1695.81</ele>
				<time>2026-09-20T02:50:28.111Z</time>
			</trkpt>
			<trkpt lat="40.3675" lon="-0.66493">
				<ele>1697.73</ele>
				<time>2026-09-20T02:50:28.460Z</time>
			</trkpt>
			<trkpt lat="40.36784" lon="-0.66465">
				<ele>1706.68</ele>
				<time>2026-09-20T02:50:30.556Z</time>
			</trkpt>
			<trkpt lat="40.36795" lon="-0.66454">
				<ele>1708.99</ele>
				<time>2026-09-20T02:50:31.276Z</time>
			</trkpt>
			<trkpt lat="40.36807" lon="-0.66438">
				<ele>1712.19</ele>
				<time>2026-09-20T02:50:32.165Z</time>
			</trkpt>
			<trkpt lat="40.36827" lon="-0.66418">
				<ele>1712.86</ele>
				<time>2026-09-20T02:50:33.467Z</time>
			</trkpt>
			<trkpt lat="40.36843" lon="-0.66411">
				<ele>1712.29</ele>
				<time>2026-09-20T02:50:34.338Z</time>
			</trkpt>
			<trkpt lat="40.36891" lon="-0.66407">
				<ele>1712.54</ele>
				<time>2026-09-20T02:50:36.812Z</time>
			</trkpt>
			<trkpt lat="40.36909" lon="-0.66403">
				<ele>1711.69</ele>
				<time>2026-09-20T02:50:37.748Z</time>
			</trkpt>
			<trkpt lat="40.36915" lon="-0.664">
				<ele>1711.64</ele>
				<time>2026-09-20T02:50:38.076Z</time>
			</trkpt>
			<trkpt lat="40.36924" lon="-0.6639">
				<ele>1711.15</ele>
				<time>2026-09-20T02:50:38.679Z</time>
			</trkpt>
			<trkpt lat="40.36928" lon="-0.66383">
				<ele>1710.65</ele>
				<time>2026-09-20T02:50:39.019Z</time>
			</trkpt>
			<trkpt lat="40.36929" lon="-0.66374">
				<ele>1710.6</ele>
				<time>2026-09-20T02:50:39.372Z</time>
			</trkpt>
			<trkpt lat="40.36925" lon="-0.66349">
				<ele>1711.24</ele>
				<time>2026-09-20T02:50:40.363Z</time>
			</trkpt>
			<trkpt lat="40.36908" lon="-0.66289">
				<ele>1715.45</ele>
				<time>2026-09-20T02:50:42.837Z</time>
			</trkpt>
			<trkpt lat="40.36852" lon="-0.661">
				<ele>1727.85</ele>
				<time>2026-09-20T02:50:50.583Z</time>
			</trkpt>
			<trkpt lat="40.36843" lon="-0.66074">
				<ele>1729.66</ele>
				<time>2026-09-20T02:50:51.664Z</time>
			</trkpt>
			<trkpt lat="40.36832" lon="-0.66052">
				<ele>1731.92</ele>
				<time>2026-09-20T02:50:52.658Z</time>
			</trkpt>
			<trkpt lat="40.36809" lon="-0.65985">
				<ele>1738.41</ele>
				<time>2026-09-20T02:50:55.423Z</time>
			</trkpt>
			<trkpt lat="40.36797" lon="-0.65935">
				<ele>1739.15</ele>
				<time>2026-09-20T02:50:57.387Z</time>
			</trkpt>
			<trkpt lat="40.36767" lon="-0.65836">
				<ele>1738.7</ele>
				<time>2026-09-20T02:51:01.357Z</time>
			</trkpt>
			<trkpt lat="40.36755" lon="-0.65778">
				<ele>1738.33</ele>
				<time>2026-09-20T02:51:03.584Z</time>
			</trkpt>
			<trkpt lat="40.36735" lon="-0.65699">
				<ele>1743.22</ele>
				<time>2026-09-20T02:51:06.656Z</time>
			</trkpt>
			<trkpt lat="40.36724" lon="-0.65668">
				<ele>1745.28</ele>
				<time>2026-09-20T02:51:07.914Z</time>
			</trkpt>
			<trkpt lat="40.36704" lon="-0.65626">
				<ele>1748.68</ele>
				<time>2026-09-20T02:51:09.731Z</time>
			</trkpt>
			<trkpt lat="40.36647" lon="-0.65533">
				<ele>1751.2</ele>
				<time>2026-09-20T02:51:14.093Z</time>
			</trkpt>
			<trkpt lat="40.36625" lon="-0.65495">
				<ele>1750.43</ele>
				<time>2026-09-20T02:51:15.830Z</time>
			</trkpt>
			<trkpt lat="40.3661" lon="-0.6546">
				<ele>1750.65</ele>
				<time>2026-09-20T02:51:17.289Z</time>
			</trkpt>
			<trkpt lat="40.36569" lon="-0.65373">
				<ele>1756.74</ele>
				<time>2026-09-20T02:51:20.996Z</time>
			</trkpt>
			<trkpt lat="40.36557" lon="-0.65351">
				<ele>1756.72</ele>
				<time>2026-09-20T02:51:21.974Z</time>
			</trkpt>
			<trkpt lat="40.36549" lon="-0.65332">
				<ele>1756.17</ele>
				<time>2026-09-20T02:51:22.758Z</time>
			</trkpt>
			<trkpt lat="40.36501" lon="-0.65175">
				<ele>1762.68</ele>
				<time>2026-09-20T02:51:28.852Z</time>
			</trkpt>
			<trkpt lat="40.36449" lon="-0.64925">
				<ele>1773.19</ele>
				<time>2026-09-20T02:51:38.148Z</time>
			</trkpt>
			<trkpt lat="40.36443" lon="-0.6489">
				<ele>1772.99</ele>
				<time>2026-09-20T02:51:39.433Z</time>
			</trkpt>
			<trkpt lat="40.36435" lon="-0.64839">
				<ele>1776.46</ele>
				<time>2026-09-20T02:51:41.297Z</time>
			</trkpt>
			<trkpt lat="40.36434" lon="-0.64803">
				<ele>1779.98</ele>
				<time>2026-09-20T02:51:42.587Z</time>
			</trkpt>
			<trkpt lat="40.36436" lon="-0.64754">
				<ele>1784.34</ele>
				<time>2026-09-20T02:51:44.343Z</time>
			</trkpt>
			<trkpt lat="40.36445" lon="-0.64668">
				<ele>1789.96</ele>
				<time>2026-09-20T02:51:47.452Z</time>
			</trkpt>
			<trkpt lat="40.36452" lon="-0.64626">
				<ele>1793.9</ele>
				<time>2026-09-20T02:51:48.992Z</time>
			</trkpt>
			<trkpt lat="40.36451" lon="-0.64601">
				<ele>1796.85</ele>
				<time>2026-09-20T02:51:49.890Z</time>
			</trkpt>
			<trkpt lat="40.36422" lon="-0.6444">
				<ele>1814.37</ele>
				<time>2026-09-20T02:51:55.827Z</time>
			</trkpt>
			<trkpt lat="40.36413" lon="-0.64362">
				<ele>1821</ele>
				<time>2026-09-20T02:51:58.666Z</time>
			</trkpt>
			<trkpt lat="40.3641" lon="-0.64344">
				<ele>1822.95</ele>
				<time>2026-09-20T02:51:59.329Z</time>
			</trkpt>
			<trkpt lat="40.36403" lon="-0.64319">
				<ele>1825.02</ele>
				<time>2026-09-20T02:52:00.289Z</time>
			</trkpt>
			<trkpt lat="40.36368" lon="-0.6424">
				<ele>1829.93</ele>
				<time>2026-09-20T02:52:03.589Z</time>
			</trkpt>
			<trkpt lat="40.36365" lon="-0.64227">
				<ele>1828.89</ele>
				<time>2026-09-20T02:52:04.080Z</time>
			</trkpt>
			<trkpt lat="40.36366" lon="-0.64215">
				<ele>1828.47</ele>
				<time>2026-09-20T02:52:04.517Z</time>
			</trkpt>
			<trkpt lat="40.36375" lon="-0.64196">
				<ele>1829.68</ele>
				<time>2026-09-20T02:52:05.327Z</time>
			</trkpt>
			<trkpt lat="40.36392" lon="-0.64189">
				<ele>1832.12</ele>
				<time>2026-09-20T02:52:06.175Z</time>
			</trkpt>
			<trkpt lat="40.36485" lon="-0.64169">
				<ele>1839.42</ele>
				<time>2026-09-20T02:52:10.670Z</time>
			</trkpt>
			<trkpt lat="40.36555" lon="-0.64149">
				<ele>1845.61</ele>
				<time>2026-09-20T02:52:14.103Z</time>
			</trkpt>
			<trkpt lat="40.3659" lon="-0.64128">
				<ele>1851.02</ele>
				<time>2026-09-20T02:52:15.954Z</time>
			</trkpt>
			<trkpt lat="40.36625" lon="-0.64101">
				<ele>1854.33</ele>
				<time>2026-09-20T02:52:17.912Z</time>
			</trkpt>
			<trkpt lat="40.36646" lon="-0.64074">
				<ele>1853.66</ele>
				<time>2026-09-20T02:52:19.334Z</time>
			</trkpt>
			<trkpt lat="40.36655" lon="-0.64056">
				<ele>1853.44</ele>
				<time>2026-09-20T02:52:20.128Z</time>
			</trkpt>
			<trkpt lat="40.36664" lon="-0.64035">
				<ele>1855.46</ele>
				<time>2026-09-20T02:52:21.018Z</time>
			</trkpt>
			<trkpt lat="40.36739" lon="-0.63776">
				<ele>1881.4</ele>
				<time>2026-09-20T02:52:31.356Z</time>
			</trkpt>
			<trkpt lat="40.36746" lon="-0.63726">
				<ele>1884.42</ele>
				<time>2026-09-20T02:52:33.275Z</time>
			</trkpt>
			<trkpt lat="40.36748" lon="-0.63698">
				<ele>1885.59</ele>
				<time>2026-09-20T02:52:34.340Z</time>
			</trkpt>
			<trkpt lat="40.36747" lon="-0.6366">
				<ele>1884.64</ele>
				<time>2026-09-20T02:52:35.783Z</time>
			</trkpt>
			<trkpt lat="40.36747" lon="-0.63619">
				<ele>1881.18</ele>
				<time>2026-09-20T02:52:37.344Z</time>
			</trkpt>
			<trkpt lat="40.36753" lon="-0.63604">
				<ele>1881.69</ele>
				<time>2026-09-20T02:52:37.990Z</time>
			</trkpt>
			<trkpt lat="40.36768" lon="-0.63588">
				<ele>1884.8</ele>
				<time>2026-09-20T02:52:38.960Z</time>
			</trkpt>
			<trkpt lat="40.36793" lon="-0.63572">
				<ele>1888.96</ele>
				<time>2026-09-20T02:52:40.360Z</time>
			</trkpt>
			<trkpt lat="40.36814" lon="-0.63563">
				<ele>1891.71</ele>
				<time>2026-09-20T02:52:41.474Z</time>
			</trkpt>
			<trkpt lat="40.36845" lon="-0.63553">
				<ele>1895.21</ele>
				<time>2026-09-20T02:52:43.089Z</time>
			</trkpt>
			<trkpt lat="40.36862" lon="-0.6355">
				<ele>1896.95</ele>
				<time>2026-09-20T02:52:43.960Z</time>
			</trkpt>
			<trkpt lat="40.36894" lon="-0.63549">
				<ele>1899.97</ele>
				<time>2026-09-20T02:52:45.589Z</time>
			</trkpt>
			<trkpt lat="40.36946" lon="-0.63552">
				<ele>1907.14</ele>
				<time>2026-09-20T02:52:48.251Z</time>
			</trkpt>
			<trkpt lat="40.3699" lon="-0.63549">
				<ele>1911.09</ele>
				<time>2026-09-20T02:52:50.519Z</time>
			</trkpt>
			<trkpt lat="40.37014" lon="-0.63543">
				<ele>1913.67</ele>
				<time>2026-09-20T02:52:51.781Z</time>
			</trkpt>
			<trkpt lat="40.37071" lon="-0.63514">
				<ele>1923.1</ele>
				<time>2026-09-20T02:52:54.959Z</time>
			</trkpt>
			<trkpt lat="40.37087" lon="-0.63496">
				<ele>1923.97</ele>
				<time>2026-09-20T02:52:56.060Z</time>
			</trkpt>
			<trkpt lat="40.37099" lon="-0.63474">
				<ele>1923.64</ele>
				<time>2026-09-20T02:52:57.140Z</time>
			</trkpt>
			<trkpt lat="40.3711" lon="-0.63413">
				<ele>1928.97</ele>
				<time>2026-09-20T02:52:59.655Z</time>
			</trkpt>
			<trkpt lat="40.3711" lon="-0.63369">
				<ele>1931.51</ele>
				<time>2026-09-20T02:53:01.430Z</time>
			</trkpt>
			<trkpt lat="40.37115" lon="-0.63335">
				<ele>1933.63</ele>
				<time>2026-09-20T02:53:02.832Z</time>
			</trkpt>
			<trkpt lat="40.37182" lon="-0.63172">
				<ele>1950.32</ele>
				<time>2026-09-20T02:53:10.429Z</time>
			</trkpt>
			<trkpt lat="40.37201" lon="-0.63103">
				<ele>1957.05</ele>
				<time>2026-09-20T02:53:13.483Z</time>
			</trkpt>
			<trkpt lat="40.37209" lon="-0.6303">
				<ele>1959.54</ele>
				<time>2026-09-20T02:53:16.581Z</time>
			</trkpt>
			<trkpt lat="40.37222" lon="-0.62991">
				<ele>1962.67</ele>
				<time>2026-09-20T02:53:18.381Z</time>
			</trkpt>
			<trkpt lat="40.37248" lon="-0.6294">
				<ele>1965.91</ele>
				<time>2026-09-20T02:53:20.993Z</time>
			</trkpt>
			<trkpt lat="40.37262" lon="-0.62904">
				<ele>1966.87</ele>
				<time>2026-09-20T02:53:22.725Z</time>
			</trkpt>
			<trkpt lat="40.37266" lon="-0.62871">
				<ele>1966.79</ele>
				<time>2026-09-20T02:53:24.163Z</time>
			</trkpt>
			<trkpt lat="40.37263" lon="-0.62805">
				<ele>1964.97</ele>
				<time>2026-09-20T02:53:27.027Z</time>
			</trkpt>
			<trkpt lat="40.37266" lon="-0.62789">
				<ele>1964.37</ele>
				<time>2026-09-20T02:53:27.745Z</time>
			</trkpt>
			<trkpt lat="40.37271" lon="-0.62778">
				<ele>1963.99</ele>
				<time>2026-09-20T02:53:28.304Z</time>
			</trkpt>
			<trkpt lat="40.37286" lon="-0.62766">
				<ele>1964.03</ele>
				<time>2026-09-20T02:53:29.312Z</time>
			</trkpt>
			<trkpt lat="40.37306" lon="-0.62757">
				<ele>1964.46</ele>
				<time>2026-09-20T02:53:30.530Z</time>
			</trkpt>
			<trkpt lat="40.37322" lon="-0.62755">
				<ele>1964.75</ele>
				<time>2026-09-20T02:53:31.459Z</time>
			</trkpt>
			<trkpt lat="40.37339" lon="-0.62757">
				<ele>1964.78</ele>
				<time>2026-09-20T02:53:32.448Z</time>
			</trkpt>
			<trkpt lat="40.37373" lon="-0.62771">
				<ele>1963.54</ele>
				<time>2026-09-20T02:53:34.522Z</time>
			</trkpt>
			<trkpt lat="40.37418" lon="-0.62807">
				<ele>1961.85</ele>
				<time>2026-09-20T02:53:37.615Z</time>
			</trkpt>
			<trkpt lat="40.37462" lon="-0.6285">
				<ele>1958.63</ele>
				<time>2026-09-20T02:53:40.865Z</time>
			</trkpt>
			<trkpt lat="40.37496" lon="-0.62886">
				<ele>1958.09</ele>
				<time>2026-09-20T02:53:43.476Z</time>
			</trkpt>
			<trkpt lat="40.37509" lon="-0.62902">
				<ele>1958.92</ele>
				<time>2026-09-20T02:53:44.548Z</time>
			</trkpt>
			<trkpt lat="40.37517" lon="-0.62893">
				<ele>1960.43</ele>
				<time>2026-09-20T02:53:45.183Z</time>
			</trkpt>
			<trkpt lat="40.37523" lon="-0.62892">
				<ele>1961.23</ele>
				<time>2026-09-20T02:53:45.548Z</time>
			</trkpt>
			<trkpt lat="40.37533" lon="-0.62896">
				<ele>1962.29</ele>
				<time>2026-09-20T02:53:46.180Z</time>
			</trkpt>
			<trkpt lat="40.37539" lon="-0.62907">
				<ele>1962.36</ele>
				<time>2026-09-20T02:53:46.804Z</time>
			</trkpt>
			<trkpt lat="40.37539" lon="-0.62921">
				<ele>1961.75</ele>
				<time>2026-09-20T02:53:47.450Z</time>
			</trkpt>
			<trkpt lat="40.37537" lon="-0.62928">
				<ele>1961.44</ele>
				<time>2026-09-20T02:53:47.794Z</time>
			</trkpt>
			<trkpt lat="40.37531" lon="-0.62935">
				<ele>1961.08</ele>
				<time>2026-09-20T02:53:48.280Z</time>
			</trkpt>
			<trkpt lat="40.37526" lon="-0.62937">
				<ele>1960.88</ele>
				<time>2026-09-20T02:53:48.596Z</time>
			</trkpt>
			<trkpt lat="40.37517" lon="-0.62936">
				<ele>1959.82</ele>
				<time>2026-09-20T02:53:49.142Z</time>
			</trkpt>
			<trkpt lat="40.37514" lon="-0.62962">
				<ele>1958.93</ele>
				<time>2026-09-20T02:53:50.354Z</time>
			</trkpt>
			<trkpt lat="40.3752" lon="-0.6298">
				<ele>1958.56</ele>
				<time>2026-09-20T02:53:51.259Z</time>
			</trkpt>
			<trkpt lat="40.37529" lon="-0.62991">
				<ele>1958.33</ele>
				<time>2026-09-20T02:53:52.003Z</time>
			</trkpt>
			<trkpt lat="40.37565" lon="-0.63016">
				<ele>1957.79</ele>
				<time>2026-09-20T02:53:54.464Z</time>
			</trkpt>
			<trkpt lat="40.37575" lon="-0.63025">
				<ele>1957.38</ele>
				<time>2026-09-20T02:53:55.196Z</time>
			</trkpt>
			<trkpt lat="40.37587" lon="-0.63037">
				<ele>1957</ele>
				<time>2026-09-20T02:53:56.108Z</time>
			</trkpt>
			<trkpt lat="40.37608" lon="-0.63068">
				<ele>1957</ele>
				<time>2026-09-20T02:53:58.016Z</time>
			</trkpt>
			<trkpt lat="40.37619" lon="-0.6309">
				<ele>1957.31</ele>
				<time>2026-09-20T02:53:59.226Z</time>
			</trkpt>
			<trkpt lat="40.37701" lon="-0.63261">
				<ele>1951.7</ele>
				<time>2026-09-20T02:54:08.506Z</time>
			</trkpt>
			<trkpt lat="40.37735" lon="-0.63344">
				<ele>1950.21</ele>
				<time>2026-09-20T02:54:12.827Z</time>
			</trkpt>
			<trkpt lat="40.37749" lon="-0.63383">
				<ele>1950.16</ele>
				<time>2026-09-20T02:54:14.803Z</time>
			</trkpt>
			<trkpt lat="40.37763" lon="-0.6343">
				<ele>1953.24</ele>
				<time>2026-09-20T02:54:17.114Z</time>
			</trkpt>
			<trkpt lat="40.37779" lon="-0.63491">
				<ele>1955.66</ele>
				<time>2026-09-20T02:54:20.068Z</time>
			</trkpt>
			<trkpt lat="40.37822" lon="-0.63672">
				<ele>1951.02</ele>
				<time>2026-09-20T02:54:28.736Z</time>
			</trkpt>
			<trkpt lat="40.37835" lon="-0.63745">
				<ele>1942.2</ele>
				<time>2026-09-20T02:54:32.160Z</time>
			</trkpt>
			<trkpt lat="40.37837" lon="-0.63785">
				<ele>1938.7</ele>
				<time>2026-09-20T02:54:33.989Z</time>
			</trkpt>
			<trkpt lat="40.37835" lon="-0.6381">
				<ele>1938.47</ele>
				<time>2026-09-20T02:54:35.136Z</time>
			</trkpt>
			<trkpt lat="40.37832" lon="-0.63832">
				<ele>1938.68</ele>
				<time>2026-09-20T02:54:36.155Z</time>
			</trkpt>
			<trkpt lat="40.37821" lon="-0.63875">
				<ele>1932.61</ele>
				<time>2026-09-20T02:54:38.224Z</time>
			</trkpt>
			<trkpt lat="40.37802" lon="-0.63916">
				<ele>1926.69</ele>
				<time>2026-09-20T02:54:40.411Z</time>
			</trkpt>
			<trkpt lat="40.3779" lon="-0.63935">
				<ele>1928.02</ele>
				<time>2026-09-20T02:54:41.536Z</time>
			</trkpt>
			<trkpt lat="40.37753" lon="-0.63981">
				<ele>1929.86</ele>
				<time>2026-09-20T02:54:44.583Z</time>
			</trkpt>
			<trkpt lat="40.3773" lon="-0.64014">
				<ele>1928.44</ele>
				<time>2026-09-20T02:54:46.619Z</time>
			</trkpt>
			<trkpt lat="40.37723" lon="-0.64028">
				<ele>1928.33</ele>
				<time>2026-09-20T02:54:47.381Z</time>
			</trkpt>
			<trkpt lat="40.37715" lon="-0.6406">
				<ele>1926.94</ele>
				<time>2026-09-20T02:54:48.913Z</time>
			</trkpt>
			<trkpt lat="40.3768" lon="-0.64551">
				<ele>1933.43</ele>
				<time>2026-09-20T02:55:11.300Z</time>
			</trkpt>
			<trkpt lat="40.3768" lon="-0.64607">
				<ele>1929.4</ele>
				<time>2026-09-20T02:55:13.836Z</time>
			</trkpt>
			<trkpt lat="40.37685" lon="-0.64642">
				<ele>1927.73</ele>
				<time>2026-09-20T02:55:15.448Z</time>
			</trkpt>
			<trkpt lat="40.37693" lon="-0.64679">
				<ele>1928.25</ele>
				<time>2026-09-20T02:55:17.189Z</time>
			</trkpt>
			<trkpt lat="40.37758" lon="-0.64912">
				<ele>1932.95</ele>
				<time>2026-09-20T02:55:28.406Z</time>
			</trkpt>
			<trkpt lat="40.37774" lon="-0.64951">
				<ele>1928.54</ele>
				<time>2026-09-20T02:55:30.406Z</time>
			</trkpt>
			<trkpt lat="40.37798" lon="-0.64998">
				<ele>1926.11</ele>
				<time>2026-09-20T02:55:32.960Z</time>
			</trkpt>
			<trkpt lat="40.37815" lon="-0.65024">
				<ele>1927.04</ele>
				<time>2026-09-20T02:55:34.506Z</time>
			</trkpt>
			<trkpt lat="40.37849" lon="-0.65063">
				<ele>1934.7</ele>
				<time>2026-09-20T02:55:37.179Z</time>
			</trkpt>
			<trkpt lat="40.37973" lon="-0.65179">
				<ele>1935.05</ele>
				<time>2026-09-20T02:55:46.186Z</time>
			</trkpt>
			<trkpt lat="40.37991" lon="-0.6519">
				<ele>1935.84</ele>
				<time>2026-09-20T02:55:47.359Z</time>
			</trkpt>
			<trkpt lat="40.38027" lon="-0.65207">
				<ele>1934.05</ele>
				<time>2026-09-20T02:55:49.620Z</time>
			</trkpt>
			<trkpt lat="40.38048" lon="-0.65212">
				<ele>1932.1</ele>
				<time>2026-09-20T02:55:50.880Z</time>
			</trkpt>
			<trkpt lat="40.38072" lon="-0.65216">
				<ele>1932.12</ele>
				<time>2026-09-20T02:55:52.309Z</time>
			</trkpt>
			<trkpt lat="40.38156" lon="-0.65215">
				<ele>1937.48</ele>
				<time>2026-09-20T02:55:57.268Z</time>
			</trkpt>
			<trkpt lat="40.38172" lon="-0.65214">
				<ele>1936.89</ele>
				<time>2026-09-20T02:55:58.213Z</time>
			</trkpt>
			<trkpt lat="40.38194" lon="-0.65207">
				<ele>1935.43</ele>
				<time>2026-09-20T02:55:59.548Z</time>
			</trkpt>
			<trkpt lat="40.38215" lon="-0.65197">
				<ele>1935.91</ele>
				<time>2026-09-20T02:56:00.865Z</time>
			</trkpt>
			<trkpt lat="40.38241" lon="-0.65179">
				<ele>1936.58</ele>
				<time>2026-09-20T02:56:02.599Z</time>
			</trkpt>
			<trkpt lat="40.38254" lon="-0.65165">
				<ele>1937.52</ele>
				<time>2026-09-20T02:56:03.590Z</time>
			</trkpt>
			<trkpt lat="40.38277" lon="-0.65132">
				<ele>1937.65</ele>
				<time>2026-09-20T02:56:05.598Z</time>
			</trkpt>
			<trkpt lat="40.38295" lon="-0.65094">
				<ele>1939.75</ele>
				<time>2026-09-20T02:56:07.607Z</time>
			</trkpt>
			<trkpt lat="40.38321" lon="-0.65008">
				<ele>1933.54</ele>
				<time>2026-09-20T02:56:11.757Z</time>
			</trkpt>
			<trkpt lat="40.38328" lon="-0.64979">
				<ele>1931.33</ele>
				<time>2026-09-20T02:56:13.122Z</time>
			</trkpt>
			<trkpt lat="40.38332" lon="-0.64957">
				<ele>1930.81</ele>
				<time>2026-09-20T02:56:14.136Z</time>
			</trkpt>
			<trkpt lat="40.38334" lon="-0.64921">
				<ele>1931.62</ele>
				<time>2026-09-20T02:56:15.754Z</time>
			</trkpt>
			<trkpt lat="40.38332" lon="-0.64902">
				<ele>1932.69</ele>
				<time>2026-09-20T02:56:16.614Z</time>
			</trkpt>
			<trkpt lat="40.38315" lon="-0.64809">
				<ele>1932.75</ele>
				<time>2026-09-20T02:56:20.899Z</time>
			</trkpt>
			<trkpt lat="40.38314" lon="-0.64789">
				<ele>1930.51</ele>
				<time>2026-09-20T02:56:21.796Z</time>
			</trkpt>
			<trkpt lat="40.38316" lon="-0.64769">
				<ele>1927.85</ele>
				<time>2026-09-20T02:56:22.700Z</time>
			</trkpt>
			<trkpt lat="40.38329" lon="-0.64727">
				<ele>1922.88</ele>
				<time>2026-09-20T02:56:24.730Z</time>
			</trkpt>
			<trkpt lat="40.38346" lon="-0.64702">
				<ele>1919.05</ele>
				<time>2026-09-20T02:56:26.230Z</time>
			</trkpt>
			<trkpt lat="40.38367" lon="-0.64684">
				<ele>1917.55</ele>
				<time>2026-09-20T02:56:27.703Z</time>
			</trkpt>
			<trkpt lat="40.38389" lon="-0.64675">
				<ele>1919.38</ele>
				<time>2026-09-20T02:56:29.057Z</time>
			</trkpt>
			<trkpt lat="40.38605" lon="-0.64639">
				<ele>1927.63</ele>
				<time>2026-09-20T02:56:41.835Z</time>
			</trkpt>
			<trkpt lat="40.38654" lon="-0.64632">
				<ele>1923.38</ele>
				<time>2026-09-20T02:56:44.725Z</time>
			</trkpt>
			<trkpt lat="40.38673" lon="-0.64633">
				<ele>1920.22</ele>
				<time>2026-09-20T02:56:45.840Z</time>
			</trkpt>
			<trkpt lat="40.38692" lon="-0.64638">
				<ele>1915.45</ele>
				<time>2026-09-20T02:56:46.976Z</time>
			</trkpt>
			<trkpt lat="40.38732" lon="-0.64659">
				<ele>1911.63</ele>
				<time>2026-09-20T02:56:49.500Z</time>
			</trkpt>
			<trkpt lat="40.38779" lon="-0.64692">
				<ele>1910.82</ele>
				<time>2026-09-20T02:56:52.622Z</time>
			</trkpt>
			<trkpt lat="40.38792" lon="-0.64697">
				<ele>1910.66</ele>
				<time>2026-09-20T02:56:53.415Z</time>
			</trkpt>
			<trkpt lat="40.38808" lon="-0.64698">
				<ele>1910.33</ele>
				<time>2026-09-20T02:56:54.353Z</time>
			</trkpt>
			<trkpt lat="40.38823" lon="-0.64695">
				<ele>1910.04</ele>
				<time>2026-09-20T02:56:55.242Z</time>
			</trkpt>
			<trkpt lat="40.38834" lon="-0.64688">
				<ele>1909.22</ele>
				<time>2026-09-20T02:56:55.957Z</time>
			</trkpt>
			<trkpt lat="40.38845" lon="-0.64671">
				<ele>1907.41</ele>
				<time>2026-09-20T02:56:56.952Z</time>
			</trkpt>
			<trkpt lat="40.38849" lon="-0.64652">
				<ele>1905.3</ele>
				<time>2026-09-20T02:56:57.831Z</time>
			</trkpt>
			<trkpt lat="40.38852" lon="-0.64545">
				<ele>1894.85</ele>
				<time>2026-09-20T02:57:02.603Z</time>
			</trkpt>
			<trkpt lat="40.38855" lon="-0.64528">
				<ele>1893.29</ele>
				<time>2026-09-20T02:57:03.381Z</time>
			</trkpt>
			<trkpt lat="40.38859" lon="-0.64514">
				<ele>1891.87</ele>
				<time>2026-09-20T02:57:04.047Z</time>
			</trkpt>
			<trkpt lat="40.38879" lon="-0.64478">
				<ele>1888.76</ele>
				<time>2026-09-20T02:57:06.032Z</time>
			</trkpt>
			<trkpt lat="40.3898" lon="-0.64313">
				<ele>1882.65</ele>
				<time>2026-09-20T02:57:15.456Z</time>
			</trkpt>
			<trkpt lat="40.38989" lon="-0.64303">
				<ele>1881.64</ele>
				<time>2026-09-20T02:57:16.144Z</time>
			</trkpt>
			<trkpt lat="40.38996" lon="-0.64296">
				<ele>1880.87</ele>
				<time>2026-09-20T02:57:16.659Z</time>
			</trkpt>
			<trkpt lat="40.39009" lon="-0.64291">
				<ele>1879.69</ele>
				<time>2026-09-20T02:57:17.450Z</time>
			</trkpt>
			<trkpt lat="40.39045" lon="-0.64285">
				<ele>1878.06</ele>
				<time>2026-09-20T02:57:19.569Z</time>
			</trkpt>
			<trkpt lat="40.39062" lon="-0.6428">
				<ele>1879.36</ele>
				<time>2026-09-20T02:57:20.587Z</time>
			</trkpt>
			<trkpt lat="40.39072" lon="-0.64275">
				<ele>1880.95</ele>
				<time>2026-09-20T02:57:21.211Z</time>
			</trkpt>
			<trkpt lat="40.39081" lon="-0.64265">
				<ele>1882.22</ele>
				<time>2026-09-20T02:57:21.900Z</time>
			</trkpt>
			<trkpt lat="40.39087" lon="-0.64253">
				<ele>1882.53</ele>
				<time>2026-09-20T02:57:22.538Z</time>
			</trkpt>
			<trkpt lat="40.3909" lon="-0.6424">
				<ele>1882.37</ele>
				<time>2026-09-20T02:57:23.142Z</time>
			</trkpt>
			<trkpt lat="40.39093" lon="-0.64172">
				<ele>1883.27</ele>
				<time>2026-09-20T02:57:26.170Z</time>
			</trkpt>
			<trkpt lat="40.39097" lon="-0.64151">
				<ele>1884.59</ele>
				<time>2026-09-20T02:57:27.133Z</time>
			</trkpt>
			<trkpt lat="40.39103" lon="-0.64131">
				<ele>1885.74</ele>
				<time>2026-09-20T02:57:28.088Z</time>
			</trkpt>
			<trkpt lat="40.39112" lon="-0.6411">
				<ele>1887.06</ele>
				<time>2026-09-20T02:57:29.159Z</time>
			</trkpt>
			<trkpt lat="40.39129" lon="-0.64082">
				<ele>1887.43</ele>
				<time>2026-09-20T02:57:30.750Z</time>
			</trkpt>
			<trkpt lat="40.39146" lon="-0.6406">
				<ele>1887.21</ele>
				<time>2026-09-20T02:57:32.142Z</time>
			</trkpt>
			<trkpt lat="40.39156" lon="-0.64055">
				<ele>1887.7</ele>
				<time>2026-09-20T02:57:32.767Z</time>
			</trkpt>
			<trkpt lat="40.39168" lon="-0.64051">
				<ele>1888.15</ele>
				<time>2026-09-20T02:57:33.489Z</time>
			</trkpt>
			<trkpt lat="40.39187" lon="-0.64052">
				<ele>1887.71</ele>
				<time>2026-09-20T02:57:34.598Z</time>
			</trkpt>
			<trkpt lat="40.39201" lon="-0.64058">
				<ele>1887.96</ele>
				<time>2026-09-20T02:57:35.456Z</time>
			</trkpt>
			<trkpt lat="40.39239" lon="-0.6408">
				<ele>1889.85</ele>
				<time>2026-09-20T02:57:37.878Z</time>
			</trkpt>
			<trkpt lat="40.39249" lon="-0.64082">
				<ele>1890.67</ele>
				<time>2026-09-20T02:57:38.468Z</time>
			</trkpt>
			<trkpt lat="40.39264" lon="-0.64077">
				<ele>1891.46</ele>
				<time>2026-09-20T02:57:39.370Z</time>
			</trkpt>
			<trkpt lat="40.39297" lon="-0.64056">
				<ele>1889.69</ele>
				<time>2026-09-20T02:57:41.508Z</time>
			</trkpt>
			<trkpt lat="40.39303" lon="-0.64049">
				<ele>1889.64</ele>
				<time>2026-09-20T02:57:41.975Z</time>
			</trkpt>
			<trkpt lat="40.39308" lon="-0.64042">
				<ele>1889.67</ele>
				<time>2026-09-20T02:57:42.401Z</time>
			</trkpt>
			<trkpt lat="40.39313" lon="-0.64029">
				<ele>1890.08</ele>
				<time>2026-09-20T02:57:43.048Z</time>
			</trkpt>
			<trkpt lat="40.39324" lon="-0.63949">
				<ele>1888.73</ele>
				<time>2026-09-20T02:57:46.656Z</time>
			</trkpt>
			<trkpt lat="40.39329" lon="-0.6393">
				<ele>1887.14</ele>
				<time>2026-09-20T02:57:47.548Z</time>
			</trkpt>
			<trkpt lat="40.39335" lon="-0.63919">
				<ele>1886.65</ele>
				<time>2026-09-20T02:57:48.148Z</time>
			</trkpt>
			<trkpt lat="40.39339" lon="-0.63916">
				<ele>1886.76</ele>
				<time>2026-09-20T02:57:48.416Z</time>
			</trkpt>
			<trkpt lat="40.39348" lon="-0.63912">
				<ele>1887.69</ele>
				<time>2026-09-20T02:57:48.970Z</time>
			</trkpt>
			<trkpt lat="40.39388" lon="-0.6391">
				<ele>1888.92</ele>
				<time>2026-09-20T02:57:51.301Z</time>
			</trkpt>
			<trkpt lat="40.39403" lon="-0.63906">
				<ele>1887.69</ele>
				<time>2026-09-20T02:57:52.193Z</time>
			</trkpt>
			<trkpt lat="40.39414" lon="-0.63896">
				<ele>1886.48</ele>
				<time>2026-09-20T02:57:52.972Z</time>
			</trkpt>
			<trkpt lat="40.39469" lon="-0.63821">
				<ele>1885.93</ele>
				<time>2026-09-20T02:57:57.589Z</time>
			</trkpt>
			<trkpt lat="40.39486" lon="-0.63803">
				<ele>1884.79</ele>
				<time>2026-09-20T02:57:58.860Z</time>
			</trkpt>
			<trkpt lat="40.39523" lon="-0.6378">
				<ele>1882.75</ele>
				<time>2026-09-20T02:58:01.243Z</time>
			</trkpt>
			<trkpt lat="40.39559" lon="-0.63747">
				<ele>1880.91</ele>
				<time>2026-09-20T02:58:03.798Z</time>
			</trkpt>
			<trkpt lat="40.3958" lon="-0.6373">
				<ele>1880.72</ele>
				<time>2026-09-20T02:58:05.234Z</time>
			</trkpt>
			<trkpt lat="40.39614" lon="-0.63711">
				<ele>1877.01</ele>
				<time>2026-09-20T02:58:07.383Z</time>
			</trkpt>
			<trkpt lat="40.39663" lon="-0.63692">
				<ele>1867.49</ele>
				<time>2026-09-20T02:58:10.356Z</time>
			</trkpt>
			<trkpt lat="40.39718" lon="-0.63663">
				<ele>1864.02</ele>
				<time>2026-09-20T02:58:13.803Z</time>
			</trkpt>
			<trkpt lat="40.39734" lon="-0.63651">
				<ele>1863.97</ele>
				<time>2026-09-20T02:58:14.874Z</time>
			</trkpt>
			<trkpt lat="40.39746" lon="-0.63635">
				<ele>1864.22</ele>
				<time>2026-09-20T02:58:15.869Z</time>
			</trkpt>
			<trkpt lat="40.39753" lon="-0.63618">
				<ele>1865.42</ele>
				<time>2026-09-20T02:58:16.725Z</time>
			</trkpt>
			<trkpt lat="40.39754" lon="-0.63595">
				<ele>1867.43</ele>
				<time>2026-09-20T02:58:17.745Z</time>
			</trkpt>
			<trkpt lat="40.3975" lon="-0.63574">
				<ele>1868.02</ele>
				<time>2026-09-20T02:58:18.703Z</time>
			</trkpt>
			<trkpt lat="40.39728" lon="-0.63488">
				<ele>1864.04</ele>
				<time>2026-09-20T02:58:22.720Z</time>
			</trkpt>
			<trkpt lat="40.39724" lon="-0.6347">
				<ele>1862.92</ele>
				<time>2026-09-20T02:58:23.550Z</time>
			</trkpt>
			<trkpt lat="40.39723" lon="-0.63455">
				<ele>1861.72</ele>
				<time>2026-09-20T02:58:24.216Z</time>
			</trkpt>
			<trkpt lat="40.39725" lon="-0.63431">
				<ele>1860.66</ele>
				<time>2026-09-20T02:58:25.285Z</time>
			</trkpt>
			<trkpt lat="40.39729" lon="-0.63416">
				<ele>1860.52</ele>
				<time>2026-09-20T02:58:25.988Z</time>
			</trkpt>
			<trkpt lat="40.39738" lon="-0.63399">
				<ele>1860.79</ele>
				<time>2026-09-20T02:58:26.905Z</time>
			</trkpt>
			<trkpt lat="40.39787" lon="-0.63311">
				<ele>1858.51</ele>
				<time>2026-09-20T02:58:31.729Z</time>
			</trkpt>
			<trkpt lat="40.39804" lon="-0.63291">
				<ele>1858.55</ele>
				<time>2026-09-20T02:58:33.055Z</time>
			</trkpt>
			<trkpt lat="40.3983" lon="-0.63268">
				<ele>1859.02</ele>
				<time>2026-09-20T02:58:34.877Z</time>
			</trkpt>
			<trkpt lat="40.39868" lon="-0.63244">
				<ele>1860.19</ele>
				<time>2026-09-20T02:58:37.326Z</time>
			</trkpt>
			<trkpt lat="40.39875" lon="-0.63236">
				<ele>1860.27</ele>
				<time>2026-09-20T02:58:37.865Z</time>
			</trkpt>
			<trkpt lat="40.39879" lon="-0.63226">
				<ele>1859.96</ele>
				<time>2026-09-20T02:58:38.365Z</time>
			</trkpt>
			<trkpt lat="40.39888" lon="-0.63154">
				<ele>1858.07</ele>
				<time>2026-09-20T02:58:41.593Z</time>
			</trkpt>
			<trkpt lat="40.39893" lon="-0.63067">
				<ele>1846.34</ele>
				<time>2026-09-20T02:58:45.451Z</time>
			</trkpt>
			<trkpt lat="40.39901" lon="-0.62994">
				<ele>1841.73</ele>
				<time>2026-09-20T02:58:48.713Z</time>
			</trkpt>
			<trkpt lat="40.39915" lon="-0.62896">
				<ele>1835.6</ele>
				<time>2026-09-20T02:58:53.122Z</time>
			</trkpt>
			<trkpt lat="40.39925" lon="-0.62811">
				<ele>1828.17</ele>
				<time>2026-09-20T02:58:56.924Z</time>
			</trkpt>
			<trkpt lat="40.39927" lon="-0.62802">
				<ele>1827.11</ele>
				<time>2026-09-20T02:58:57.339Z</time>
			</trkpt>
			<trkpt lat="40.39935" lon="-0.6279">
				<ele>1825.26</ele>
				<time>2026-09-20T02:58:58.044Z</time>
			</trkpt>
			<trkpt lat="40.3994" lon="-0.62787">
				<ele>1824.5</ele>
				<time>2026-09-20T02:58:58.363Z</time>
			</trkpt>
			<trkpt lat="40.39949" lon="-0.62784">
				<ele>1823.44</ele>
				<time>2026-09-20T02:58:58.902Z</time>
			</trkpt>
			<trkpt lat="40.39955" lon="-0.62784">
				<ele>1823.11</ele>
				<time>2026-09-20T02:58:59.250Z</time>
			</trkpt>
			<trkpt lat="40.40001" lon="-0.62798">
				<ele>1821.92</ele>
				<time>2026-09-20T02:59:01.991Z</time>
			</trkpt>
			<trkpt lat="40.40138" lon="-0.62874">
				<ele>1814.91</ele>
				<time>2026-09-20T02:59:10.624Z</time>
			</trkpt>
			<trkpt lat="40.40168" lon="-0.62894">
				<ele>1814.27</ele>
				<time>2026-09-20T02:59:12.576Z</time>
			</trkpt>
			<trkpt lat="40.40206" lon="-0.62924">
				<ele>1811.12</ele>
				<time>2026-09-20T02:59:15.149Z</time>
			</trkpt>
			<trkpt lat="40.40241" lon="-0.62964">
				<ele>1807.28</ele>
				<time>2026-09-20T02:59:17.842Z</time>
			</trkpt>
			<trkpt lat="40.40283" lon="-0.6302">
				<ele>1801.53</ele>
				<time>2026-09-20T02:59:21.315Z</time>
			</trkpt>
			<trkpt lat="40.40301" lon="-0.63046">
				<ele>1800.18</ele>
				<time>2026-09-20T02:59:22.868Z</time>
			</trkpt>
			<trkpt lat="40.40331" lon="-0.63095">
				<ele>1797.58</ele>
				<time>2026-09-20T02:59:25.647Z</time>
			</trkpt>
			<trkpt lat="40.40341" lon="-0.63106">
				<ele>1796.65</ele>
				<time>2026-09-20T02:59:26.404Z</time>
			</trkpt>
			<trkpt lat="40.40358" lon="-0.63119">
				<ele>1794.4</ele>
				<time>2026-09-20T02:59:27.545Z</time>
			</trkpt>
			<trkpt lat="40.40417" lon="-0.63159">
				<ele>1786.88</ele>
				<time>2026-09-20T02:59:31.398Z</time>
			</trkpt>
			<trkpt lat="40.40477" lon="-0.63206">
				<ele>1782.69</ele>
				<time>2026-09-20T02:59:35.452Z</time>
			</trkpt>
			<trkpt lat="40.40536" lon="-0.63261">
				<ele>1781.76</ele>
				<time>2026-09-20T02:59:39.651Z</time>
			</trkpt>
			<trkpt lat="40.40557" lon="-0.63282">
				<ele>1780.66</ele>
				<time>2026-09-20T02:59:41.183Z</time>
			</trkpt>
			<trkpt lat="40.40573" lon="-0.63304">
				<ele>1778.32</ele>
				<time>2026-09-20T02:59:42.527Z</time>
			</trkpt>
			<trkpt lat="40.40615" lon="-0.63373">
				<ele>1776.58</ele>
				<time>2026-09-20T02:59:46.431Z</time>
			</trkpt>
			<trkpt lat="40.40622" lon="-0.6338">
				<ele>1776.66</ele>
				<time>2026-09-20T02:59:46.941Z</time>
			</trkpt>
			<trkpt lat="40.4063" lon="-0.63386">
				<ele>1776.42</ele>
				<time>2026-09-20T02:59:47.476Z</time>
			</trkpt>
			<trkpt lat="40.40644" lon="-0.63387">
				<ele>1775.49</ele>
				<time>2026-09-20T02:59:48.290Z</time>
			</trkpt>
			<trkpt lat="40.40651" lon="-0.63384">
				<ele>1774.91</ele>
				<time>2026-09-20T02:59:48.717Z</time>
			</trkpt>
			<trkpt lat="40.40749" lon="-0.63332">
				<ele>1765.97</ele>
				<time>2026-09-20T02:59:54.852Z</time>
			</trkpt>
			<trkpt lat="40.40757" lon="-0.63325">
				<ele>1765.91</ele>
				<time>2026-09-20T02:59:55.410Z</time>
			</trkpt>
			<trkpt lat="40.40767" lon="-0.63306">
				<ele>1765.38</ele>
				<time>2026-09-20T02:59:56.431Z</time>
			</trkpt>
			<trkpt lat="40.4077" lon="-0.63286">
				<ele>1765.07</ele>
				<time>2026-09-20T02:59:57.331Z</time>
			</trkpt>
			<trkpt lat="40.4077" lon="-0.63273">
				<ele>1764.94</ele>
				<time>2026-09-20T02:59:57.906Z</time>
			</trkpt>
			<trkpt lat="40.40761" lon="-0.63163">
				<ele>1761.96</ele>
				<time>2026-09-20T03:00:02.796Z</time>
			</trkpt>
			<trkpt lat="40.40756" lon="-0.63132">
				<ele>1762.76</ele>
				<time>2026-09-20T03:00:04.197Z</time>
			</trkpt>
			<trkpt lat="40.40745" lon="-0.63077">
				<ele>1761.27</ele>
				<time>2026-09-20T03:00:06.711Z</time>
			</trkpt>
			<trkpt lat="40.40723" lon="-0.63009">
				<ele>1761.32</ele>
				<time>2026-09-20T03:00:09.977Z</time>
			</trkpt>
			<trkpt lat="40.40686" lon="-0.62908">
				<ele>1757.98</ele>
				<time>2026-09-20T03:00:14.933Z</time>
			</trkpt>
			<trkpt lat="40.40644" lon="-0.6282">
				<ele>1759.28</ele>
				<time>2026-09-20T03:00:19.526Z</time>
			</trkpt>
			<trkpt lat="40.4063" lon="-0.62781">
				<ele>1756.79</ele>
				<time>2026-09-20T03:00:21.433Z</time>
			</trkpt>
			<trkpt lat="40.40612" lon="-0.62706">
				<ele>1756.5</ele>
				<time>2026-09-20T03:00:24.911Z</time>
			</trkpt>
			<trkpt lat="40.40577" lon="-0.6255">
				<ele>1753.25</ele>
				<time>2026-09-20T03:00:32.107Z</time>
			</trkpt>
			<trkpt lat="40.40574" lon="-0.62535">
				<ele>1752.46</ele>
				<time>2026-09-20T03:00:32.793Z</time>
			</trkpt>
			<trkpt lat="40.40565" lon="-0.62512">
				<ele>1751.72</ele>
				<time>2026-09-20T03:00:33.937Z</time>
			</trkpt>
			<trkpt lat="40.40444" lon="-0.62301">
				<ele>1741.15</ele>
				<time>2026-09-20T03:00:45.631Z</time>
			</trkpt>
			<trkpt lat="40.40413" lon="-0.62224">
				<ele>1740.63</ele>
				<time>2026-09-20T03:00:49.488Z</time>
			</trkpt>
			<trkpt lat="40.40394" lon="-0.62191">
				<ele>1738.39</ele>
				<time>2026-09-20T03:00:51.320Z</time>
			</trkpt>
			<trkpt lat="40.4036" lon="-0.62143">
				<ele>1736.18</ele>
				<time>2026-09-20T03:00:54.225Z</time>
			</trkpt>
			<trkpt lat="40.40296" lon="-0.62067">
				<ele>1730.09</ele>
				<time>2026-09-20T03:00:59.246Z</time>
			</trkpt>
			<trkpt lat="40.40281" lon="-0.62053">
				<ele>1729.54</ele>
				<time>2026-09-20T03:01:00.317Z</time>
			</trkpt>
			<trkpt lat="40.40252" lon="-0.62031">
				<ele>1728.12</ele>
				<time>2026-09-20T03:01:02.266Z</time>
			</trkpt>
			<trkpt lat="40.40246" lon="-0.62023">
				<ele>1726.87</ele>
				<time>2026-09-20T03:01:02.764Z</time>
			</trkpt>
			<trkpt lat="40.40244" lon="-0.62016">
				<ele>1725.81</ele>
				<time>2026-09-20T03:01:03.096Z</time>
			</trkpt>
			<trkpt lat="40.40243" lon="-0.62008">
				<ele>1724.85</ele>
				<time>2026-09-20T03:01:03.455Z</time>
			</trkpt>
			<trkpt lat="40.40245" lon="-0.61999">
				<ele>1724.01</ele>
				<time>2026-09-20T03:01:03.871Z</time>
			</trkpt>
			<trkpt lat="40.40248" lon="-0.61993">
				<ele>1723.08</ele>
				<time>2026-09-20T03:01:04.189Z</time>
			</trkpt>
			<trkpt lat="40.40257" lon="-0.61983">
				<ele>1722.31</ele>
				<time>2026-09-20T03:01:04.875Z</time>
			</trkpt>
			<trkpt lat="40.40271" lon="-0.61975">
				<ele>1722.61</ele>
				<time>2026-09-20T03:01:05.764Z</time>
			</trkpt>
			<trkpt lat="40.40318" lon="-0.61955">
				<ele>1725.5</ele>
				<time>2026-09-20T03:01:08.641Z</time>
			</trkpt>
			<trkpt lat="40.4035" lon="-0.61939">
				<ele>1727.41</ele>
				<time>2026-09-20T03:01:10.636Z</time>
			</trkpt>
			<trkpt lat="40.4037" lon="-0.61923">
				<ele>1726.77</ele>
				<time>2026-09-20T03:01:12.000Z</time>
			</trkpt>
			<trkpt lat="40.40379" lon="-0.61914">
				<ele>1725.7</ele>
				<time>2026-09-20T03:01:12.659Z</time>
			</trkpt>
			<trkpt lat="40.4041" lon="-0.61863">
				<ele>1718.62</ele>
				<time>2026-09-20T03:01:15.554Z</time>
			</trkpt>
			<trkpt lat="40.40415" lon="-0.6185">
				<ele>1718.01</ele>
				<time>2026-09-20T03:01:16.200Z</time>
			</trkpt>
			<trkpt lat="40.40417" lon="-0.61842">
				<ele>1717.61</ele>
				<time>2026-09-20T03:01:16.574Z</time>
			</trkpt>
			<trkpt lat="40.40416" lon="-0.61823">
				<ele>1716.63</ele>
				<time>2026-09-20T03:01:17.419Z</time>
			</trkpt>
			<trkpt lat="40.4041" lon="-0.61812">
				<ele>1715.65</ele>
				<time>2026-09-20T03:01:18.020Z</time>
			</trkpt>
			<trkpt lat="40.40403" lon="-0.61805">
				<ele>1715.12</ele>
				<time>2026-09-20T03:01:18.532Z</time>
			</trkpt>
			<trkpt lat="40.40392" lon="-0.61802">
				<ele>1714.69</ele>
				<time>2026-09-20T03:01:19.187Z</time>
			</trkpt>
			<trkpt lat="40.4038" lon="-0.61805">
				<ele>1714.78</ele>
				<time>2026-09-20T03:01:19.899Z</time>
			</trkpt>
			<trkpt lat="40.40373" lon="-0.61809">
				<ele>1714.87</ele>
				<time>2026-09-20T03:01:20.344Z</time>
			</trkpt>
			<trkpt lat="40.40358" lon="-0.61823">
				<ele>1714.6</ele>
				<time>2026-09-20T03:01:21.417Z</time>
			</trkpt>
			<trkpt lat="40.40343" lon="-0.61836">
				<ele>1716.06</ele>
				<time>2026-09-20T03:01:22.465Z</time>
			</trkpt>
			<trkpt lat="40.40288" lon="-0.61869">
				<ele>1712.23</ele>
				<time>2026-09-20T03:01:25.991Z</time>
			</trkpt>
			<trkpt lat="40.40265" lon="-0.61876">
				<ele>1711.8</ele>
				<time>2026-09-20T03:01:27.368Z</time>
			</trkpt>
			<trkpt lat="40.4023" lon="-0.61875">
				<ele>1713.75</ele>
				<time>2026-09-20T03:01:29.410Z</time>
			</trkpt>
			<trkpt lat="40.40172" lon="-0.61891">
				<ele>1705.5</ele>
				<time>2026-09-20T03:01:32.868Z</time>
			</trkpt>
			<trkpt lat="40.40157" lon="-0.61891">
				<ele>1704.23</ele>
				<time>2026-09-20T03:01:33.743Z</time>
			</trkpt>
			<trkpt lat="40.40141" lon="-0.61887">
				<ele>1703.58</ele>
				<time>2026-09-20T03:01:34.694Z</time>
			</trkpt>
			<trkpt lat="40.40052" lon="-0.61853">
				<ele>1697.07</ele>
				<time>2026-09-20T03:01:40.105Z</time>
			</trkpt>
			<trkpt lat="40.40014" lon="-0.61835">
				<ele>1696.01</ele>
				<time>2026-09-20T03:01:42.464Z</time>
			</trkpt>
			<trkpt lat="40.39946" lon="-0.61796">
				<ele>1697.48</ele>
				<time>2026-09-20T03:01:46.799Z</time>
			</trkpt>
			<trkpt lat="40.3988" lon="-0.61754">
				<ele>1695.89</ele>
				<time>2026-09-20T03:01:51.086Z</time>
			</trkpt>
			<trkpt lat="40.39842" lon="-0.61725">
				<ele>1698.28</ele>
				<time>2026-09-20T03:01:53.655Z</time>
			</trkpt>
			<trkpt lat="40.39718" lon="-0.61587">
				<ele>1693.48</ele>
				<time>2026-09-20T03:02:03.165Z</time>
			</trkpt>
			<trkpt lat="40.397" lon="-0.61556">
				<ele>1696.31</ele>
				<time>2026-09-20T03:02:04.903Z</time>
			</trkpt>
			<trkpt lat="40.39677" lon="-0.61499">
				<ele>1695.69</ele>
				<time>2026-09-20T03:02:07.780Z</time>
			</trkpt>
			<trkpt lat="40.39637" lon="-0.61408">
				<ele>1694.28</ele>
				<time>2026-09-20T03:02:12.467Z</time>
			</trkpt>
			<trkpt lat="40.396" lon="-0.6133">
				<ele>1696.28</ele>
				<time>2026-09-20T03:02:16.569Z</time>
			</trkpt>
			<trkpt lat="40.39585" lon="-0.61306">
				<ele>1696.5</ele>
				<time>2026-09-20T03:02:17.956Z</time>
			</trkpt>
			<trkpt lat="40.39571" lon="-0.61293">
				<ele>1699.25</ele>
				<time>2026-09-20T03:02:18.961Z</time>
			</trkpt>
			<trkpt lat="40.39538" lon="-0.6127">
				<ele>1700.16</ele>
				<time>2026-09-20T03:02:21.152Z</time>
			</trkpt>
			<trkpt lat="40.39503" lon="-0.61235">
				<ele>1702.13</ele>
				<time>2026-09-20T03:02:23.733Z</time>
			</trkpt>
			<trkpt lat="40.39484" lon="-0.61212">
				<ele>1703.22</ele>
				<time>2026-09-20T03:02:25.250Z</time>
			</trkpt>
			<trkpt lat="40.39369" lon="-0.6106">
				<ele>1698.8</ele>
				<time>2026-09-20T03:02:34.833Z</time>
			</trkpt>
			<trkpt lat="40.39315" lon="-0.60991">
				<ele>1697.36</ele>
				<time>2026-09-20T03:02:39.262Z</time>
			</trkpt>
			<trkpt lat="40.39277" lon="-0.60967">
				<ele>1699.4</ele>
				<time>2026-09-20T03:02:41.742Z</time>
			</trkpt>
			<trkpt lat="40.39234" lon="-0.6092">
				<ele>1695.94</ele>
				<time>2026-09-20T03:02:45.034Z</time>
			</trkpt>
			<trkpt lat="40.39224" lon="-0.60905">
				<ele>1693.94</ele>
				<time>2026-09-20T03:02:45.927Z</time>
			</trkpt>
			<trkpt lat="40.39214" lon="-0.60886">
				<ele>1691.15</ele>
				<time>2026-09-20T03:02:46.963Z</time>
			</trkpt>
			<trkpt lat="40.39197" lon="-0.6081">
				<ele>1687.69</ele>
				<time>2026-09-20T03:02:50.515Z</time>
			</trkpt>
			<trkpt lat="40.39188" lon="-0.6079">
				<ele>1687.19</ele>
				<time>2026-09-20T03:02:51.557Z</time>
			</trkpt>
			<trkpt lat="40.39173" lon="-0.6077">
				<ele>1680.56</ele>
				<time>2026-09-20T03:02:52.816Z</time>
			</trkpt>
			<trkpt lat="40.39105" lon="-0.60706">
				<ele>1674.81</ele>
				<time>2026-09-20T03:02:57.747Z</time>
			</trkpt>
			<trkpt lat="40.39095" lon="-0.60693">
				<ele>1676.05</ele>
				<time>2026-09-20T03:02:58.578Z</time>
			</trkpt>
			<trkpt lat="40.39081" lon="-0.60665">
				<ele>1676.96</ele>
				<time>2026-09-20T03:03:00.084Z</time>
			</trkpt>
			<trkpt lat="40.39047" lon="-0.60569">
				<ele>1667.28</ele>
				<time>2026-09-20T03:03:04.850Z</time>
			</trkpt>
			<trkpt lat="40.39045" lon="-0.60552">
				<ele>1665.41</ele>
				<time>2026-09-20T03:03:05.625Z</time>
			</trkpt>
			<trkpt lat="40.39044" lon="-0.60537">
				<ele>1665.67</ele>
				<time>2026-09-20T03:03:06.304Z</time>
			</trkpt>
			<trkpt lat="40.39047" lon="-0.6049">
				<ele>1670.09</ele>
				<time>2026-09-20T03:03:08.431Z</time>
			</trkpt>
			<trkpt lat="40.39044" lon="-0.60472">
				<ele>1669.78</ele>
				<time>2026-09-20T03:03:09.263Z</time>
			</trkpt>
			<trkpt lat="40.39038" lon="-0.60454">
				<ele>1668.34</ele>
				<time>2026-09-20T03:03:10.150Z</time>
			</trkpt>
			<trkpt lat="40.39027" lon="-0.60433">
				<ele>1666.72</ele>
				<time>2026-09-20T03:03:11.301Z</time>
			</trkpt>
			<trkpt lat="40.39014" lon="-0.60414">
				<ele>1666.41</ele>
				<time>2026-09-20T03:03:12.455Z</time>
			</trkpt>
			<trkpt lat="40.39" lon="-0.60401">
				<ele>1665.76</ele>
				<time>2026-09-20T03:03:13.472Z</time>
			</trkpt>
			<trkpt lat="40.38982" lon="-0.6039">
				<ele>1665.61</ele>
				<time>2026-09-20T03:03:14.651Z</time>
			</trkpt>
			<trkpt lat="40.38917" lon="-0.60358">
				<ele>1655.57</ele>
				<time>2026-09-20T03:03:18.777Z</time>
			</trkpt>
			<trkpt lat="40.38837" lon="-0.60314">
				<ele>1648.63</ele>
				<time>2026-09-20T03:03:23.940Z</time>
			</trkpt>
			<trkpt lat="40.38804" lon="-0.60277">
				<ele>1649.05</ele>
				<time>2026-09-20T03:03:26.527Z</time>
			</trkpt>
			<trkpt lat="40.38768" lon="-0.60245">
				<ele>1645.36</ele>
				<time>2026-09-20T03:03:29.121Z</time>
			</trkpt>
			<trkpt lat="40.38745" lon="-0.60228">
				<ele>1637.45</ele>
				<time>2026-09-20T03:03:30.697Z</time>
			</trkpt>
			<trkpt lat="40.38716" lon="-0.60211">
				<ele>1632.83</ele>
				<time>2026-09-20T03:03:32.594Z</time>
			</trkpt>
			<trkpt lat="40.38618" lon="-0.60128">
				<ele>1618.22</ele>
				<time>2026-09-20T03:03:39.571Z</time>
			</trkpt>
			<trkpt lat="40.38575" lon="-0.60072">
				<ele>1622.17</ele>
				<time>2026-09-20T03:03:43.200Z</time>
			</trkpt>
			<trkpt lat="40.38554" lon="-0.60051">
				<ele>1621.07</ele>
				<time>2026-09-20T03:03:44.783Z</time>
			</trkpt>
			<trkpt lat="40.38541" lon="-0.60043">
				<ele>1617.84</ele>
				<time>2026-09-20T03:03:45.644Z</time>
			</trkpt>
			<trkpt lat="40.38456" lon="-0.59996">
				<ele>1606.4</ele>
				<time>2026-09-20T03:03:51.182Z</time>
			</trkpt>
			<trkpt lat="40.38437" lon="-0.59982">
				<ele>1605.49</ele>
				<time>2026-09-20T03:03:52.491Z</time>
			</trkpt>
			<trkpt lat="40.38416" lon="-0.59963">
				<ele>1606.41</ele>
				<time>2026-09-20T03:03:54.025Z</time>
			</trkpt>
			<trkpt lat="40.38406" lon="-0.59948">
				<ele>1606.03</ele>
				<time>2026-09-20T03:03:54.938Z</time>
			</trkpt>
			<trkpt lat="40.38391" lon="-0.59915">
				<ele>1602.86</ele>
				<time>2026-09-20T03:03:56.699Z</time>
			</trkpt>
			<trkpt lat="40.38355" lon="-0.59807">
				<ele>1594.29</ele>
				<time>2026-09-20T03:04:02.106Z</time>
			</trkpt>
			<trkpt lat="40.38337" lon="-0.59774">
				<ele>1595.09</ele>
				<time>2026-09-20T03:04:03.970Z</time>
			</trkpt>
			<trkpt lat="40.38325" lon="-0.59761">
				<ele>1594.54</ele>
				<time>2026-09-20T03:04:04.908Z</time>
			</trkpt>
			<trkpt lat="40.3826" lon="-0.59702">
				<ele>1586.24</ele>
				<time>2026-09-20T03:04:09.675Z</time>
			</trkpt>
			<trkpt lat="40.38216" lon="-0.59668">
				<ele>1579.29</ele>
				<time>2026-09-20T03:04:12.758Z</time>
			</trkpt>
			<trkpt lat="40.38026" lon="-0.59541">
				<ele>1578.39</ele>
				<time>2026-09-20T03:04:25.655Z</time>
			</trkpt>
			<trkpt lat="40.3769" lon="-0.59339">
				<ele>1567.19</ele>
				<time>2026-09-20T03:04:48.078Z</time>
			</trkpt>
			<trkpt lat="40.37651" lon="-0.5931">
				<ele>1565.46</ele>
				<time>2026-09-20T03:04:50.803Z</time>
			</trkpt>
			<trkpt lat="40.37635" lon="-0.59295">
				<ele>1564.82</ele>
				<time>2026-09-20T03:04:51.998Z</time>
			</trkpt>
			<trkpt lat="40.37599" lon="-0.59253">
				<ele>1563.66</ele>
				<time>2026-09-20T03:04:54.927Z</time>
			</trkpt>
			<trkpt lat="40.37581" lon="-0.59226">
				<ele>1564.5</ele>
				<time>2026-09-20T03:04:56.590Z</time>
			</trkpt>
			<trkpt lat="40.37562" lon="-0.59191">
				<ele>1564.02</ele>
				<time>2026-09-20T03:04:58.582Z</time>
			</trkpt>
			<trkpt lat="40.37551" lon="-0.59167">
				<ele>1562.34</ele>
				<time>2026-09-20T03:04:59.881Z</time>
			</trkpt>
			<trkpt lat="40.37429" lon="-0.5882">
				<ele>1558.08</ele>
				<time>2026-09-20T03:05:17.614Z</time>
			</trkpt>
			<trkpt lat="40.37395" lon="-0.58737">
				<ele>1562.26</ele>
				<time>2026-09-20T03:05:21.990Z</time>
			</trkpt>
			<trkpt lat="40.37382" lon="-0.5871">
				<ele>1560.72</ele>
				<time>2026-09-20T03:05:23.473Z</time>
			</trkpt>
			<trkpt lat="40.37363" lon="-0.58679">
				<ele>1557.35</ele>
				<time>2026-09-20T03:05:25.321Z</time>
			</trkpt>
			<trkpt lat="40.37338" lon="-0.58648">
				<ele>1559.47</ele>
				<time>2026-09-20T03:05:27.418Z</time>
			</trkpt>
			<trkpt lat="40.37323" lon="-0.58633">
				<ele>1560.36</ele>
				<time>2026-09-20T03:05:28.568Z</time>
			</trkpt>
			<trkpt lat="40.3727" lon="-0.58588">
				<ele>1553.91</ele>
				<time>2026-09-20T03:05:32.417Z</time>
			</trkpt>
			<trkpt lat="40.37234" lon="-0.5855">
				<ele>1553.08</ele>
				<time>2026-09-20T03:05:35.235Z</time>
			</trkpt>
			<trkpt lat="40.37133" lon="-0.58395">
				<ele>1553.3</ele>
				<time>2026-09-20T03:05:44.712Z</time>
			</trkpt>
			<trkpt lat="40.37104" lon="-0.58365">
				<ele>1555.43</ele>
				<time>2026-09-20T03:05:46.964Z</time>
			</trkpt>
			<trkpt lat="40.37081" lon="-0.58352">
				<ele>1552.08</ele>
				<time>2026-09-20T03:05:48.492Z</time>
			</trkpt>
			<trkpt lat="40.37067" lon="-0.58345">
				<ele>1547.65</ele>
				<time>2026-09-20T03:05:49.405Z</time>
			</trkpt>
			<trkpt lat="40.36927" lon="-0.58296">
				<ele>1540.55</ele>
				<time>2026-09-20T03:05:58.242Z</time>
			</trkpt>
			<trkpt lat="40.36896" lon="-0.58283">
				<ele>1540.81</ele>
				<time>2026-09-20T03:06:00.226Z</time>
			</trkpt>
			<trkpt lat="40.36871" lon="-0.58267">
				<ele>1543.9</ele>
				<time>2026-09-20T03:06:01.922Z</time>
			</trkpt>
			<trkpt lat="40.36813" lon="-0.58206">
				<ele>1548.47</ele>
				<time>2026-09-20T03:06:06.452Z</time>
			</trkpt>
			<trkpt lat="40.36798" lon="-0.58193">
				<ele>1548.04</ele>
				<time>2026-09-20T03:06:07.548Z</time>
			</trkpt>
			<trkpt lat="40.36747" lon="-0.58155">
				<ele>1546.19</ele>
				<time>2026-09-20T03:06:11.122Z</time>
			</trkpt>
			<trkpt lat="40.3662" lon="-0.58073">
				<ele>1537.31</ele>
				<time>2026-09-20T03:06:19.744Z</time>
			</trkpt>
			<trkpt lat="40.36558" lon="-0.5803">
				<ele>1537.31</ele>
				<time>2026-09-20T03:06:24.013Z</time>
			</trkpt>
			<trkpt lat="40.36545" lon="-0.58015">
				<ele>1538.6</ele>
				<time>2026-09-20T03:06:25.067Z</time>
			</trkpt>
			<trkpt lat="40.36521" lon="-0.57953">
				<ele>1544.76</ele>
				<time>2026-09-20T03:06:28.292Z</time>
			</trkpt>
			<trkpt lat="40.36512" lon="-0.57935">
				<ele>1543.26</ele>
				<time>2026-09-20T03:06:29.290Z</time>
			</trkpt>
			<trkpt lat="40.36503" lon="-0.57921">
				<ele>1539.46</ele>
				<time>2026-09-20T03:06:30.139Z</time>
			</trkpt>
			<trkpt lat="40.36399" lon="-0.57829">
				<ele>1540.3</ele>
				<time>2026-09-20T03:06:37.765Z</time>
			</trkpt>
			<trkpt lat="40.36395" lon="-0.57819">
				<ele>1540.06</ele>
				<time>2026-09-20T03:06:38.288Z</time>
			</trkpt>
			<trkpt lat="40.36381" lon="-0.57739">
				<ele>1537.79</ele>
				<time>2026-09-20T03:06:42.088Z</time>
			</trkpt>
			<trkpt lat="40.36368" lon="-0.57684">
				<ele>1536.06</ele>
				<time>2026-09-20T03:06:44.752Z</time>
			</trkpt>
			<trkpt lat="40.36349" lon="-0.57634">
				<ele>1539.36</ele>
				<time>2026-09-20T03:06:47.337Z</time>
			</trkpt>
			<trkpt lat="40.36345" lon="-0.57556">
				<ele>1537.15</ele>
				<time>2026-09-20T03:06:50.951Z</time>
			</trkpt>
			<trkpt lat="40.36342" lon="-0.57538">
				<ele>1535.87</ele>
				<time>2026-09-20T03:06:51.803Z</time>
			</trkpt>
			<trkpt lat="40.36336" lon="-0.57515">
				<ele>1534.2</ele>
				<time>2026-09-20T03:06:52.926Z</time>
			</trkpt>
			<trkpt lat="40.3633" lon="-0.575">
				<ele>1533.75</ele>
				<time>2026-09-20T03:06:53.709Z</time>
			</trkpt>
			<trkpt lat="40.36322" lon="-0.57486">
				<ele>1533.23</ele>
				<time>2026-09-20T03:06:54.517Z</time>
			</trkpt>
			<trkpt lat="40.36305" lon="-0.57467">
				<ele>1534.26</ele>
				<time>2026-09-20T03:06:55.871Z</time>
			</trkpt>
			<trkpt lat="40.36292" lon="-0.57456">
				<ele>1529.84</ele>
				<time>2026-09-20T03:06:56.808Z</time>
			</trkpt>
			<trkpt lat="40.3628" lon="-0.57453">
				<ele>1527.78</ele>
				<time>2026-09-20T03:06:57.548Z</time>
			</trkpt>
			<trkpt lat="40.36269" lon="-0.57456">
				<ele>1525.99</ele>
				<time>2026-09-20T03:06:58.229Z</time>
			</trkpt>
			<trkpt lat="40.3624" lon="-0.57475">
				<ele>1523.95</ele>
				<time>2026-09-20T03:07:00.192Z</time>
			</trkpt>
			<trkpt lat="40.36208" lon="-0.57482">
				<ele>1524.86</ele>
				<time>2026-09-20T03:07:02.157Z</time>
			</trkpt>
			<trkpt lat="40.36194" lon="-0.5748">
				<ele>1525.51</ele>
				<time>2026-09-20T03:07:03.009Z</time>
			</trkpt>
			<trkpt lat="40.3618" lon="-0.57474">
				<ele>1525.6</ele>
				<time>2026-09-20T03:07:03.901Z</time>
			</trkpt>
			<trkpt lat="40.36167" lon="-0.57467">
				<ele>1524.57</ele>
				<time>2026-09-20T03:07:04.751Z</time>
			</trkpt>
			<trkpt lat="40.36145" lon="-0.57447">
				<ele>1520.22</ele>
				<time>2026-09-20T03:07:06.370Z</time>
			</trkpt>
			<trkpt lat="40.3612" lon="-0.57417">
				<ele>1515.53</ele>
				<time>2026-09-20T03:07:08.419Z</time>
			</trkpt>
			<trkpt lat="40.3609" lon="-0.57366">
				<ele>1512.12</ele>
				<time>2026-09-20T03:07:11.386Z</time>
			</trkpt>
			<trkpt lat="40.36053" lon="-0.57315">
				<ele>1514.16</ele>
				<time>2026-09-20T03:07:14.628Z</time>
			</trkpt>
			<trkpt lat="40.36041" lon="-0.57288">
				<ele>1512.61</ele>
				<time>2026-09-20T03:07:16.066Z</time>
			</trkpt>
			<trkpt lat="40.36024" lon="-0.57225">
				<ele>1513.26</ele>
				<time>2026-09-20T03:07:19.139Z</time>
			</trkpt>
			<trkpt lat="40.36011" lon="-0.57189">
				<ele>1511.91</ele>
				<time>2026-09-20T03:07:20.970Z</time>
			</trkpt>
			<trkpt lat="40.35995" lon="-0.57121">
				<ele>1501.03</ele>
				<time>2026-09-20T03:07:24.238Z</time>
			</trkpt>
			<trkpt lat="40.35984" lon="-0.57098">
				<ele>1499.28</ele>
				<time>2026-09-20T03:07:25.485Z</time>
			</trkpt>
			<trkpt lat="40.35958" lon="-0.57061">
				<ele>1500.56</ele>
				<time>2026-09-20T03:07:27.794Z</time>
			</trkpt>
			<trkpt lat="40.35951" lon="-0.57046">
				<ele>1500.97</ele>
				<time>2026-09-20T03:07:28.601Z</time>
			</trkpt>
			<trkpt lat="40.35938" lon="-0.57002">
				<ele>1503.45</ele>
				<time>2026-09-20T03:07:30.764Z</time>
			</trkpt>
			<trkpt lat="40.35927" lon="-0.56975">
				<ele>1505.78</ele>
				<time>2026-09-20T03:07:32.168Z</time>
			</trkpt>
			<trkpt lat="40.35917" lon="-0.5696">
				<ele>1505.6</ele>
				<time>2026-09-20T03:07:33.081Z</time>
			</trkpt>
			<trkpt lat="40.35875" lon="-0.5691">
				<ele>1501.6</ele>
				<time>2026-09-20T03:07:36.488Z</time>
			</trkpt>
			<trkpt lat="40.35858" lon="-0.56874">
				<ele>1496.67</ele>
				<time>2026-09-20T03:07:38.426Z</time>
			</trkpt>
			<trkpt lat="40.35842" lon="-0.56848">
				<ele>1494.4</ele>
				<time>2026-09-20T03:07:39.954Z</time>
			</trkpt>
			<trkpt lat="40.35815" lon="-0.56817">
				<ele>1494.86</ele>
				<time>2026-09-20T03:07:42.106Z</time>
			</trkpt>
			<trkpt lat="40.35784" lon="-0.56786">
				<ele>1497.84</ele>
				<time>2026-09-20T03:07:44.442Z</time>
			</trkpt>
			<trkpt lat="40.35724" lon="-0.56707">
				<ele>1483.45</ele>
				<time>2026-09-20T03:07:49.531Z</time>
			</trkpt>
			<trkpt lat="40.35689" lon="-0.56666">
				<ele>1481.63</ele>
				<time>2026-09-20T03:07:52.336Z</time>
			</trkpt>
			<trkpt lat="40.35676" lon="-0.56656">
				<ele>1480.46</ele>
				<time>2026-09-20T03:07:53.237Z</time>
			</trkpt>
			<trkpt lat="40.35584" lon="-0.56591">
				<ele>1467.7</ele>
				<time>2026-09-20T03:07:59.474Z</time>
			</trkpt>
			<trkpt lat="40.35575" lon="-0.56587">
				<ele>1467.53</ele>
				<time>2026-09-20T03:08:00.041Z</time>
			</trkpt>
			<trkpt lat="40.35468" lon="-0.56556">
				<ele>1460.16</ele>
				<time>2026-09-20T03:08:06.567Z</time>
			</trkpt>
			<trkpt lat="40.35448" lon="-0.56553">
				<ele>1459.7</ele>
				<time>2026-09-20T03:08:07.764Z</time>
			</trkpt>
			<trkpt lat="40.35319" lon="-0.56569">
				<ele>1442.23</ele>
				<time>2026-09-20T03:08:15.458Z</time>
			</trkpt>
			<trkpt lat="40.35283" lon="-0.56577">
				<ele>1437.06</ele>
				<time>2026-09-20T03:08:17.622Z</time>
			</trkpt>
			<trkpt lat="40.35268" lon="-0.56589">
				<ele>1435.72</ele>
				<time>2026-09-20T03:08:18.662Z</time>
			</trkpt>
			<trkpt lat="40.35261" lon="-0.56597">
				<ele>1435.5</ele>
				<time>2026-09-20T03:08:19.212Z</time>
			</trkpt>
			<trkpt lat="40.35255" lon="-0.56609">
				<ele>1435.83</ele>
				<time>2026-09-20T03:08:19.859Z</time>
			</trkpt>
			<trkpt lat="40.35241" lon="-0.56654">
				<ele>1434.14</ele>
				<time>2026-09-20T03:08:22.051Z</time>
			</trkpt>
			<trkpt lat="40.35231" lon="-0.56682">
				<ele>1431.09</ele>
				<time>2026-09-20T03:08:23.444Z</time>
			</trkpt>
			<trkpt lat="40.35221" lon="-0.56722">
				<ele>1430.63</ele>
				<time>2026-09-20T03:08:25.340Z</time>
			</trkpt>
			<trkpt lat="40.35213" lon="-0.56743">
				<ele>1432.64</ele>
				<time>2026-09-20T03:08:26.396Z</time>
			</trkpt>
			<trkpt lat="40.35206" lon="-0.56752">
				<ele>1431.66</ele>
				<time>2026-09-20T03:08:26.974Z</time>
			</trkpt>
			<trkpt lat="40.3517" lon="-0.56791">
				<ele>1426.32</ele>
				<time>2026-09-20T03:08:29.728Z</time>
			</trkpt>
			<trkpt lat="40.35129" lon="-0.56833">
				<ele>1425.75</ele>
				<time>2026-09-20T03:08:32.792Z</time>
			</trkpt>
			<trkpt lat="40.35114" lon="-0.56837">
				<ele>1423.43</ele>
				<time>2026-09-20T03:08:33.693Z</time>
			</trkpt>
			<trkpt lat="40.35059" lon="-0.56834">
				<ele>1419</ele>
				<time>2026-09-20T03:08:36.930Z</time>
			</trkpt>
			<trkpt lat="40.35006" lon="-0.56818">
				<ele>1422.82</ele>
				<time>2026-09-20T03:08:40.124Z</time>
			</trkpt>
			<trkpt lat="40.34955" lon="-0.56797">
				<ele>1408.05</ele>
				<time>2026-09-20T03:08:43.258Z</time>
			</trkpt>
			<trkpt lat="40.34926" lon="-0.56796">
				<ele>1406.09</ele>
				<time>2026-09-20T03:08:44.958Z</time>
			</trkpt>
			<trkpt lat="40.34897" lon="-0.56806">
				<ele>1407.5</ele>
				<time>2026-09-20T03:08:46.712Z</time>
			</trkpt>
			<trkpt lat="40.34874" lon="-0.56817">
				<ele>1408.46</ele>
				<time>2026-09-20T03:08:48.144Z</time>
			</trkpt>
			<trkpt lat="40.34836" lon="-0.56844">
				<ele>1404.3</ele>
				<time>2026-09-20T03:08:50.669Z</time>
			</trkpt>
			<trkpt lat="40.34795" lon="-0.56887">
				<ele>1408.09</ele>
				<time>2026-09-20T03:08:53.731Z</time>
			</trkpt>
			<trkpt lat="40.34746" lon="-0.56945">
				<ele>1410.55</ele>
				<time>2026-09-20T03:08:57.575Z</time>
			</trkpt>
			<trkpt lat="40.34727" lon="-0.56963">
				<ele>1408.81</ele>
				<time>2026-09-20T03:08:58.938Z</time>
			</trkpt>
			<trkpt lat="40.34708" lon="-0.56971">
				<ele>1408</ele>
				<time>2026-09-20T03:09:00.098Z</time>
			</trkpt>
			<trkpt lat="40.34602" lon="-0.5699">
				<ele>1414.29</ele>
				<time>2026-09-20T03:09:06.305Z</time>
			</trkpt>
			<trkpt lat="40.34577" lon="-0.57001">
				<ele>1415.72</ele>
				<time>2026-09-20T03:09:07.831Z</time>
			</trkpt>
			<trkpt lat="40.34558" lon="-0.57014">
				<ele>1417.25</ele>
				<time>2026-09-20T03:09:09.071Z</time>
			</trkpt>
			<trkpt lat="40.34502" lon="-0.5706">
				<ele>1405.16</ele>
				<time>2026-09-20T03:09:12.888Z</time>
			</trkpt>
			<trkpt lat="40.34452" lon="-0.57066">
				<ele>1409.9</ele>
				<time>2026-09-20T03:09:15.783Z</time>
			</trkpt>
			<trkpt lat="40.344" lon="-0.57081">
				<ele>1407.04</ele>
				<time>2026-09-20T03:09:18.848Z</time>
			</trkpt>
			<trkpt lat="40.34346" lon="-0.57071">
				<ele>1404.65</ele>
				<time>2026-09-20T03:09:21.982Z</time>
			</trkpt>
			<trkpt lat="40.34282" lon="-0.57046">
				<ele>1399.85</ele>
				<time>2026-09-20T03:09:25.811Z</time>
			</trkpt>
			<trkpt lat="40.34219" lon="-0.57028">
				<ele>1398.4</ele>
				<time>2026-09-20T03:09:29.500Z</time>
			</trkpt>
			<trkpt lat="40.34156" lon="-0.57031">
				<ele>1399.76</ele>
				<time>2026-09-20T03:09:33.098Z</time>
			</trkpt>
			<trkpt lat="40.34124" lon="-0.5703">
				<ele>1400.43</ele>
				<time>2026-09-20T03:09:34.922Z</time>
			</trkpt>
			<trkpt lat="40.34093" lon="-0.57035">
				<ele>1407.03</ele>
				<time>2026-09-20T03:09:36.700Z</time>
			</trkpt>
			<trkpt lat="40.34063" lon="-0.57049">
				<ele>1408.57</ele>
				<time>2026-09-20T03:09:38.510Z</time>
			</trkpt>
			<trkpt lat="40.34003" lon="-0.57092">
				<ele>1406.52</ele>
				<time>2026-09-20T03:09:42.390Z</time>
			</trkpt>
			<trkpt lat="40.33978" lon="-0.57103">
				<ele>1398.84</ele>
				<time>2026-09-20T03:09:43.884Z</time>
			</trkpt>
			<trkpt lat="40.33919" lon="-0.57124">
				<ele>1420.55</ele>
				<time>2026-09-20T03:09:47.341Z</time>
			</trkpt>
			<trkpt lat="40.33861" lon="-0.57157">
				<ele>1417.55</ele>
				<time>2026-09-20T03:09:50.907Z</time>
			</trkpt>
			<trkpt lat="40.33813" lon="-0.57204">
				<ele>1430.35</ele>
				<time>2026-09-20T03:09:54.278Z</time>
			</trkpt>
			<trkpt lat="40.33787" lon="-0.57219">
				<ele>1426.51</ele>
				<time>2026-09-20T03:09:55.873Z</time>
			</trkpt>
			<trkpt lat="40.33758" lon="-0.57222">
				<ele>1426.91</ele>
				<time>2026-09-20T03:09:57.506Z</time>
			</trkpt>
			<trkpt lat="40.33644" lon="-0.57209">
				<ele>1436.99</ele>
				<time>2026-09-20T03:10:03.908Z</time>
			</trkpt>
			<trkpt lat="40.33589" lon="-0.57198">
				<ele>1441.03</ele>
				<time>2026-09-20T03:10:07.009Z</time>
			</trkpt>
			<trkpt lat="40.33577" lon="-0.57198">
				<ele>1440.99</ele>
				<time>2026-09-20T03:10:07.677Z</time>
			</trkpt>
			<trkpt lat="40.33554" lon="-0.57203">
				<ele>1439.66</ele>
				<time>2026-09-20T03:10:08.974Z</time>
			</trkpt>
			<trkpt lat="40.3353" lon="-0.57204">
				<ele>1433.99</ele>
				<time>2026-09-20T03:10:10.308Z</time>
			</trkpt>
			<trkpt lat="40.33517" lon="-0.57194">
				<ele>1432.48</ele>
				<time>2026-09-20T03:10:11.145Z</time>
			</trkpt>
			<trkpt lat="40.33514" lon="-0.57185">
				<ele>1433.43</ele>
				<time>2026-09-20T03:10:11.560Z</time>
			</trkpt>
			<trkpt lat="40.33512" lon="-0.57174">
				<ele>1435.48</ele>
				<time>2026-09-20T03:10:12.039Z</time>
			</trkpt>
			<trkpt lat="40.33512" lon="-0.57157">
				<ele>1438.35</ele>
				<time>2026-09-20T03:10:12.757Z</time>
			</trkpt>
			<trkpt lat="40.33521" lon="-0.5709">
				<ele>1444.63</ele>
				<time>2026-09-20T03:10:15.629Z</time>
			</trkpt>
			<trkpt lat="40.33519" lon="-0.57069">
				<ele>1443.5</ele>
				<time>2026-09-20T03:10:16.520Z</time>
			</trkpt>
			<trkpt lat="40.33506" lon="-0.57009">
				<ele>1442.79</ele>
				<time>2026-09-20T03:10:19.145Z</time>
			</trkpt>
			<trkpt lat="40.33496" lon="-0.56976">
				<ele>1443.64</ele>
				<time>2026-09-20T03:10:20.637Z</time>
			</trkpt>
			<trkpt lat="40.33486" lon="-0.56955">
				<ele>1444.03</ele>
				<time>2026-09-20T03:10:21.676Z</time>
			</trkpt>
			<trkpt lat="40.33427" lon="-0.56847">
				<ele>1451.23</ele>
				<time>2026-09-20T03:10:27.237Z</time>
			</trkpt>
			<trkpt lat="40.33421" lon="-0.5684">
				<ele>1453.71</ele>
				<time>2026-09-20T03:10:27.677Z</time>
			</trkpt>
			<trkpt lat="40.33415" lon="-0.56837">
				<ele>1454.95</ele>
				<time>2026-09-20T03:10:28.028Z</time>
			</trkpt>
			<trkpt lat="40.33405" lon="-0.56836">
				<ele>1455.09</ele>
				<time>2026-09-20T03:10:28.577Z</time>
			</trkpt>
			<trkpt lat="40.33384" lon="-0.56838">
				<ele>1453.62</ele>
				<time>2026-09-20T03:10:29.728Z</time>
			</trkpt>
			<trkpt lat="40.33343" lon="-0.56848">
				<ele>1449.09</ele>
				<time>2026-09-20T03:10:32.005Z</time>
			</trkpt>
			<trkpt lat="40.33333" lon="-0.56851">
				<ele>1447.62</ele>
				<time>2026-09-20T03:10:32.565Z</time>
			</trkpt>
			<trkpt lat="40.33328" lon="-0.56858">
				<ele>1446.88</ele>
				<time>2026-09-20T03:10:32.963Z</time>
			</trkpt>
			<trkpt lat="40.33324" lon="-0.56868">
				<ele>1446.23</ele>
				<time>2026-09-20T03:10:33.433Z</time>
			</trkpt>
			<trkpt lat="40.33309" lon="-0.56925">
				<ele>1445.29</ele>
				<time>2026-09-20T03:10:35.934Z</time>
			</trkpt>
			<trkpt lat="40.33301" lon="-0.5695">
				<ele>1443.81</ele>
				<time>2026-09-20T03:10:37.057Z</time>
			</trkpt>
			<trkpt lat="40.33291" lon="-0.57011">
				<ele>1438.4</ele>
				<time>2026-09-20T03:10:39.636Z</time>
			</trkpt>
			<trkpt lat="40.33272" lon="-0.57064">
				<ele>1428.61</ele>
				<time>2026-09-20T03:10:42.052Z</time>
			</trkpt>
			<trkpt lat="40.33268" lon="-0.57055">
				<ele>1431.08</ele>
				<time>2026-09-20T03:10:42.481Z</time>
			</trkpt>
			<trkpt lat="40.33261" lon="-0.57047">
				<ele>1434.8</ele>
				<time>2026-09-20T03:10:42.983Z</time>
			</trkpt>
			<trkpt lat="40.33248" lon="-0.57046">
				<ele>1437.47</ele>
				<time>2026-09-20T03:10:43.686Z</time>
			</trkpt>
			<trkpt lat="40.33237" lon="-0.57049">
				<ele>1437.37</ele>
				<time>2026-09-20T03:10:44.292Z</time>
			</trkpt>
			<trkpt lat="40.33191" lon="-0.57078">
				<ele>1432.28</ele>
				<time>2026-09-20T03:10:47.041Z</time>
			</trkpt>
			<trkpt lat="40.33181" lon="-0.57078">
				<ele>1432.01</ele>
				<time>2026-09-20T03:10:47.577Z</time>
			</trkpt>
			<trkpt lat="40.33172" lon="-0.57073">
				<ele>1432.97</ele>
				<time>2026-09-20T03:10:48.099Z</time>
			</trkpt>
			<trkpt lat="40.33167" lon="-0.5706">
				<ele>1436.15</ele>
				<time>2026-09-20T03:10:48.691Z</time>
			</trkpt>
			<trkpt lat="40.33166" lon="-0.57044">
				<ele>1440.33</ele>
				<time>2026-09-20T03:10:49.343Z</time>
			</trkpt>
			<trkpt lat="40.33171" lon="-0.57034">
				<ele>1443.61</ele>
				<time>2026-09-20T03:10:49.827Z</time>
			</trkpt>
			<trkpt lat="40.33179" lon="-0.57026">
				<ele>1445.89</ele>
				<time>2026-09-20T03:10:50.359Z</time>
			</trkpt>
			<trkpt lat="40.33245" lon="-0.56997">
				<ele>1450.21</ele>
				<time>2026-09-20T03:10:54.016Z</time>
			</trkpt>
			<trkpt lat="40.33256" lon="-0.56987">
				<ele>1449.55</ele>
				<time>2026-09-20T03:10:54.713Z</time>
			</trkpt>
			<trkpt lat="40.33264" lon="-0.56976">
				<ele>1449.27</ele>
				<time>2026-09-20T03:10:55.316Z</time>
			</trkpt>
			<trkpt lat="40.33268" lon="-0.56962">
				<ele>1449.59</ele>
				<time>2026-09-20T03:10:55.907Z</time>
			</trkpt>
			<trkpt lat="40.33268" lon="-0.56945">
				<ele>1450.36</ele>
				<time>2026-09-20T03:10:56.578Z</time>
			</trkpt>
			<trkpt lat="40.33263" lon="-0.56929">
				<ele>1453.81</ele>
				<time>2026-09-20T03:10:57.259Z</time>
			</trkpt>
			<trkpt lat="40.33256" lon="-0.56919">
				<ele>1457.08</ele>
				<time>2026-09-20T03:10:57.793Z</time>
			</trkpt>
			<trkpt lat="40.33248" lon="-0.56911">
				<ele>1460.73</ele>
				<time>2026-09-20T03:10:58.311Z</time>
			</trkpt>
			<trkpt lat="40.3323" lon="-0.56906">
				<ele>1462.65</ele>
				<time>2026-09-20T03:10:59.257Z</time>
			</trkpt>
			<trkpt lat="40.33097" lon="-0.5689">
				<ele>1471.43</ele>
				<time>2026-09-20T03:11:06.055Z</time>
			</trkpt>
			<trkpt lat="40.33074" lon="-0.56892">
				<ele>1475.96</ele>
				<time>2026-09-20T03:11:07.220Z</time>
			</trkpt>
			<trkpt lat="40.33053" lon="-0.56901">
				<ele>1479.78</ele>
				<time>2026-09-20T03:11:08.334Z</time>
			</trkpt>
			<trkpt lat="40.33035" lon="-0.56916">
				<ele>1482.14</ele>
				<time>2026-09-20T03:11:09.408Z</time>
			</trkpt>
			<trkpt lat="40.32973" lon="-0.57004">
				<ele>1492.98</ele>
				<time>2026-09-20T03:11:14.001Z</time>
			</trkpt>
			<trkpt lat="40.32959" lon="-0.57038">
				<ele>1493.04</ele>
				<time>2026-09-20T03:11:15.480Z</time>
			</trkpt>
			<trkpt lat="40.32947" lon="-0.57073">
				<ele>1490.08</ele>
				<time>2026-09-20T03:11:16.951Z</time>
			</trkpt>
			<trkpt lat="40.32934" lon="-0.57093">
				<ele>1491.37</ele>
				<time>2026-09-20T03:11:17.958Z</time>
			</trkpt>
			<trkpt lat="40.32917" lon="-0.57108">
				<ele>1496.46</ele>
				<time>2026-09-20T03:11:18.989Z</time>
			</trkpt>
			<trkpt lat="40.32897" lon="-0.57116">
				<ele>1497.34</ele>
				<time>2026-09-20T03:11:20.042Z</time>
			</trkpt>
			<trkpt lat="40.32876" lon="-0.57118">
				<ele>1497.52</ele>
				<time>2026-09-20T03:11:21.104Z</time>
			</trkpt>
			<trkpt lat="40.32856" lon="-0.57113">
				<ele>1499.43</ele>
				<time>2026-09-20T03:11:22.132Z</time>
			</trkpt>
			<trkpt lat="40.32787" lon="-0.5708">
				<ele>1501.21</ele>
				<time>2026-09-20T03:11:25.854Z</time>
			</trkpt>
			<trkpt lat="40.32772" lon="-0.57067">
				<ele>1501.4</ele>
				<time>2026-09-20T03:11:26.770Z</time>
			</trkpt>
			<trkpt lat="40.32766" lon="-0.57061">
				<ele>1501.58</ele>
				<time>2026-09-20T03:11:27.154Z</time>
			</trkpt>
			<trkpt lat="40.3275" lon="-0.57037">
				<ele>1505.85</ele>
				<time>2026-09-20T03:11:28.396Z</time>
			</trkpt>
			<trkpt lat="40.32728" lon="-0.56998">
				<ele>1518.31</ele>
				<time>2026-09-20T03:11:30.294Z</time>
			</trkpt>
			<trkpt lat="40.32699" lon="-0.56957">
				<ele>1517.92</ele>
				<time>2026-09-20T03:11:32.492Z</time>
			</trkpt>
			<trkpt lat="40.32684" lon="-0.56929">
				<ele>1516.14</ele>
				<time>2026-09-20T03:11:33.838Z</time>
			</trkpt>
			<trkpt lat="40.32675" lon="-0.56901">
				<ele>1516.88</ele>
				<time>2026-09-20T03:11:35.034Z</time>
			</trkpt>
			<trkpt lat="40.32671" lon="-0.56868">
				<ele>1521.33</ele>
				<time>2026-09-20T03:11:36.348Z</time>
			</trkpt>
			<trkpt lat="40.32672" lon="-0.56834">
				<ele>1524</ele>
				<time>2026-09-20T03:11:37.687Z</time>
			</trkpt>
			<trkpt lat="40.32679" lon="-0.56759">
				<ele>1534.78</ele>
				<time>2026-09-20T03:11:40.661Z</time>
			</trkpt>
			<trkpt lat="40.32687" lon="-0.56605">
				<ele>1540.02</ele>
				<time>2026-09-20T03:11:46.739Z</time>
			</trkpt>
			<trkpt lat="40.32688" lon="-0.56561">
				<ele>1536.02</ele>
				<time>2026-09-20T03:11:48.473Z</time>
			</trkpt>
			<trkpt lat="40.32696" lon="-0.56525">
				<ele>1540.15</ele>
				<time>2026-09-20T03:11:49.950Z</time>
			</trkpt>
			<trkpt lat="40.32709" lon="-0.56486">
				<ele>1546.98</ele>
				<time>2026-09-20T03:11:51.627Z</time>
			</trkpt>
			<trkpt lat="40.32724" lon="-0.56453">
				<ele>1551.81</ele>
				<time>2026-09-20T03:11:53.141Z</time>
			</trkpt>
			<trkpt lat="40.32743" lon="-0.56424">
				<ele>1555.63</ele>
				<time>2026-09-20T03:11:54.648Z</time>
			</trkpt>
			<trkpt lat="40.32768" lon="-0.56395">
				<ele>1559.08</ele>
				<time>2026-09-20T03:11:56.374Z</time>
			</trkpt>
			<trkpt lat="40.32785" lon="-0.56381">
				<ele>1560.91</ele>
				<time>2026-09-20T03:11:57.412Z</time>
			</trkpt>
			<trkpt lat="40.32818" lon="-0.56359">
				<ele>1560.87</ele>
				<time>2026-09-20T03:11:59.326Z</time>
			</trkpt>
			<trkpt lat="40.32908" lon="-0.56313">
				<ele>1561.1</ele>
				<time>2026-09-20T03:12:04.324Z</time>
			</trkpt>
			<trkpt lat="40.32936" lon="-0.56292">
				<ele>1562.09</ele>
				<time>2026-09-20T03:12:05.993Z</time>
			</trkpt>
			<trkpt lat="40.32958" lon="-0.56268">
				<ele>1565.33</ele>
				<time>2026-09-20T03:12:07.474Z</time>
			</trkpt>
			<trkpt lat="40.32979" lon="-0.56242">
				<ele>1569.69</ele>
				<time>2026-09-20T03:12:08.969Z</time>
			</trkpt>
			<trkpt lat="40.32996" lon="-0.56211">
				<ele>1574.3</ele>
				<time>2026-09-20T03:12:10.476Z</time>
			</trkpt>
			<trkpt lat="40.33011" lon="-0.56176">
				<ele>1579.56</ele>
				<time>2026-09-20T03:12:12.061Z</time>
			</trkpt>
			<trkpt lat="40.33022" lon="-0.56137">
				<ele>1582.35</ele>
				<time>2026-09-20T03:12:13.703Z</time>
			</trkpt>
			<trkpt lat="40.33031" lon="-0.5609">
				<ele>1586.81</ele>
				<time>2026-09-20T03:12:15.616Z</time>
			</trkpt>
			<trkpt lat="40.33033" lon="-0.5601">
				<ele>1590.85</ele>
				<time>2026-09-20T03:12:18.778Z</time>
			</trkpt>
			<trkpt lat="40.33032" lon="-0.55772">
				<ele>1606.4</ele>
				<time>2026-09-20T03:12:28.183Z</time>
			</trkpt>
			<trkpt lat="40.33029" lon="-0.55647">
				<ele>1605.82</ele>
				<time>2026-09-20T03:12:33.128Z</time>
			</trkpt>
			<trkpt lat="40.33026" lon="-0.55602">
				<ele>1612.32</ele>
				<time>2026-09-20T03:12:34.915Z</time>
			</trkpt>
			<trkpt lat="40.33003" lon="-0.55456">
				<ele>1627.25</ele>
				<time>2026-09-20T03:12:40.813Z</time>
			</trkpt>
			<trkpt lat="40.32953" lon="-0.55161">
				<ele>1648.66</ele>
				<time>2026-09-20T03:12:52.779Z</time>
			</trkpt>
			<trkpt lat="40.32949" lon="-0.55109">
				<ele>1653.9</ele>
				<time>2026-09-20T03:12:54.850Z</time>
			</trkpt>
			<trkpt lat="40.32951" lon="-0.55078">
				<ele>1656.65</ele>
				<time>2026-09-20T03:12:56.083Z</time>
			</trkpt>
			<trkpt lat="40.3296" lon="-0.55006">
				<ele>1661.63</ele>
				<time>2026-09-20T03:12:58.974Z</time>
			</trkpt>
			<trkpt lat="40.32971" lon="-0.54964">
				<ele>1665.18</ele>
				<time>2026-09-20T03:13:00.734Z</time>
			</trkpt>
			<trkpt lat="40.32996" lon="-0.549">
				<ele>1667</ele>
				<time>2026-09-20T03:13:03.585Z</time>
			</trkpt>
			<trkpt lat="40.3303" lon="-0.54819">
				<ele>1667.29</ele>
				<time>2026-09-20T03:13:07.252Z</time>
			</trkpt>
			<trkpt lat="40.33043" lon="-0.54777">
				<ele>1668.8</ele>
				<time>2026-09-20T03:13:09.050Z</time>
			</trkpt>
			<trkpt lat="40.33054" lon="-0.54725">
				<ele>1668.41</ele>
				<time>2026-09-20T03:13:11.190Z</time>
			</trkpt>
			<trkpt lat="40.33059" lon="-0.54673">
				<ele>1663.61</ele>
				<time>2026-09-20T03:13:13.270Z</time>
			</trkpt>
			<trkpt lat="40.33059" lon="-0.54616">
				<ele>1658.29</ele>
				<time>2026-09-20T03:13:15.531Z</time>
			</trkpt>
			<trkpt lat="40.33054" lon="-0.54562">
				<ele>1655.35</ele>
				<time>2026-09-20T03:13:17.690Z</time>
			</trkpt>
			<trkpt lat="40.33046" lon="-0.5452">
				<ele>1654.8</ele>
				<time>2026-09-20T03:13:19.409Z</time>
			</trkpt>
			<trkpt lat="40.32985" lon="-0.54324">
				<ele>1643.19</ele>
				<time>2026-09-20T03:13:27.815Z</time>
			</trkpt>
			<trkpt lat="40.3297" lon="-0.54285">
				<ele>1638.95</ele>
				<time>2026-09-20T03:13:29.550Z</time>
			</trkpt>
			<trkpt lat="40.32938" lon="-0.54227">
				<ele>1640.4</ele>
				<time>2026-09-20T03:13:32.394Z</time>
			</trkpt>
			<trkpt lat="40.32862" lon="-0.54124">
				<ele>1648.74</ele>
				<time>2026-09-20T03:13:38.091Z</time>
			</trkpt>
			<trkpt lat="40.32845" lon="-0.54093">
				<ele>1648.23</ele>
				<time>2026-09-20T03:13:39.609Z</time>
			</trkpt>
			<trkpt lat="40.32831" lon="-0.5406">
				<ele>1648.11</ele>
				<time>2026-09-20T03:13:41.110Z</time>
			</trkpt>
			<trkpt lat="40.32818" lon="-0.54018">
				<ele>1649.38</ele>
				<time>2026-09-20T03:13:42.913Z</time>
			</trkpt>
			<trkpt lat="40.32811" lon="-0.53978">
				<ele>1648.64</ele>
				<time>2026-09-20T03:13:44.545Z</time>
			</trkpt>
			<trkpt lat="40.32809" lon="-0.53932">
				<ele>1647.87</ele>
				<time>2026-09-20T03:13:46.377Z</time>
			</trkpt>
			<trkpt lat="40.32812" lon="-0.53875">
				<ele>1648.15</ele>
				<time>2026-09-20T03:13:48.649Z</time>
			</trkpt>
			<trkpt lat="40.32824" lon="-0.53806">
				<ele>1643.72</ele>
				<time>2026-09-20T03:13:51.465Z</time>
			</trkpt>
			<trkpt lat="40.32831" lon="-0.53745">
				<ele>1637.64</ele>
				<time>2026-09-20T03:13:53.919Z</time>
			</trkpt>
			<trkpt lat="40.32835" lon="-0.53691">
				<ele>1637.58</ele>
				<time>2026-09-20T03:13:56.078Z</time>
			</trkpt>
			<trkpt lat="40.32834" lon="-0.53647">
				<ele>1641.9</ele>
				<time>2026-09-20T03:13:57.830Z</time>
			</trkpt>
			<trkpt lat="40.32828" lon="-0.53595">
				<ele>1652.04</ele>
				<time>2026-09-20T03:13:59.923Z</time>
			</trkpt>
			<trkpt lat="40.32819" lon="-0.53551">
				<ele>1656.28</ele>
				<time>2026-09-20T03:14:01.737Z</time>
			</trkpt>
			<trkpt lat="40.32802" lon="-0.53497">
				<ele>1659.08</ele>
				<time>2026-09-20T03:14:04.063Z</time>
			</trkpt>
			<trkpt lat="40.32749" lon="-0.53364">
				<ele>1671.63</ele>
				<time>2026-09-20T03:14:10.040Z</time>
			</trkpt>
			<trkpt lat="40.32738" lon="-0.53332">
				<ele>1672.73</ele>
				<time>2026-09-20T03:14:11.438Z</time>
			</trkpt>
			<trkpt lat="40.32731" lon="-0.53305">
				<ele>1674.67</ele>
				<time>2026-09-20T03:14:12.574Z</time>
			</trkpt>
			<trkpt lat="40.32719" lon="-0.53233">
				<ele>1671.98</ele>
				<time>2026-09-20T03:14:15.510Z</time>
			</trkpt>
			<trkpt lat="40.32712" lon="-0.53158">
				<ele>1670.95</ele>
				<time>2026-09-20T03:14:18.521Z</time>
			</trkpt>
			<trkpt lat="40.32705" lon="-0.53049">
				<ele>1662.27</ele>
				<time>2026-09-20T03:14:22.881Z</time>
			</trkpt>
			<trkpt lat="40.32686" lon="-0.52784">
				<ele>1647.43</ele>
				<time>2026-09-20T03:14:33.495Z</time>
			</trkpt>
			<trkpt lat="40.32674" lon="-0.52701">
				<ele>1642.61</ele>
				<time>2026-09-20T03:14:36.864Z</time>
			</trkpt>
			<trkpt lat="40.3266" lon="-0.5264">
				<ele>1636.95</ele>
				<time>2026-09-20T03:14:39.406Z</time>
			</trkpt>
			<trkpt lat="40.3264" lon="-0.52587">
				<ele>1634.57</ele>
				<time>2026-09-20T03:14:41.766Z</time>
			</trkpt>
			<trkpt lat="40.32617" lon="-0.52515">
				<ele>1635.32</ele>
				<time>2026-09-20T03:14:44.881Z</time>
			</trkpt>
			<trkpt lat="40.32597" lon="-0.52473">
				<ele>1630.64</ele>
				<time>2026-09-20T03:14:46.858Z</time>
			</trkpt>
			<trkpt lat="40.32575" lon="-0.52433">
				<ele>1628.18</ele>
				<time>2026-09-20T03:14:48.827Z</time>
			</trkpt>
			<trkpt lat="40.32548" lon="-0.52401">
				<ele>1628.74</ele>
				<time>2026-09-20T03:14:50.732Z</time>
			</trkpt>
			<trkpt lat="40.3252" lon="-0.52377">
				<ele>1627.82</ele>
				<time>2026-09-20T03:14:52.484Z</time>
			</trkpt>
			<trkpt lat="40.32452" lon="-0.52333">
				<ele>1626.84</ele>
				<time>2026-09-20T03:14:56.455Z</time>
			</trkpt>
			<trkpt lat="40.32421" lon="-0.5231">
				<ele>1624.57</ele>
				<time>2026-09-20T03:14:58.321Z</time>
			</trkpt>
			<trkpt lat="40.32394" lon="-0.52283">
				<ele>1622.16</ele>
				<time>2026-09-20T03:15:00.100Z</time>
			</trkpt>
			<trkpt lat="40.32364" lon="-0.52241">
				<ele>1616.68</ele>
				<time>2026-09-20T03:15:02.399Z</time>
			</trkpt>
			<trkpt lat="40.32326" lon="-0.5218">
				<ele>1612.39</ele>
				<time>2026-09-20T03:15:05.546Z</time>
			</trkpt>
			<trkpt lat="40.32299" lon="-0.52139">
				<ele>1607.67</ele>
				<time>2026-09-20T03:15:07.711Z</time>
			</trkpt>
			<trkpt lat="40.32265" lon="-0.52092">
				<ele>1604.43</ele>
				<time>2026-09-20T03:15:10.300Z</time>
			</trkpt>
			<trkpt lat="40.32236" lon="-0.5206">
				<ele>1606.17</ele>
				<time>2026-09-20T03:15:12.286Z</time>
			</trkpt>
			<trkpt lat="40.32093" lon="-0.51924">
				<ele>1592.57</ele>
				<time>2026-09-20T03:15:21.548Z</time>
			</trkpt>
			<trkpt lat="40.32053" lon="-0.51873">
				<ele>1592.82</ele>
				<time>2026-09-20T03:15:24.474Z</time>
			</trkpt>
			<trkpt lat="40.31876" lon="-0.51572">
				<ele>1571.09</ele>
				<time>2026-09-20T03:15:39.681Z</time>
			</trkpt>
			<trkpt lat="40.31825" lon="-0.51473">
				<ele>1566.48</ele>
				<time>2026-09-20T03:15:44.462Z</time>
			</trkpt>
			<trkpt lat="40.3181" lon="-0.51427">
				<ele>1567.49</ele>
				<time>2026-09-20T03:15:46.465Z</time>
			</trkpt>
			<trkpt lat="40.31797" lon="-0.51374">
				<ele>1565.41</ele>
				<time>2026-09-20T03:15:48.693Z</time>
			</trkpt>
			<trkpt lat="40.31792" lon="-0.5133">
				<ele>1559.71</ele>
				<time>2026-09-20T03:15:50.474Z</time>
			</trkpt>
			<trkpt lat="40.31789" lon="-0.51284">
				<ele>1554.63</ele>
				<time>2026-09-20T03:15:52.323Z</time>
			</trkpt>
			<trkpt lat="40.31788" lon="-0.51133">
				<ele>1551.29</ele>
				<time>2026-09-20T03:15:58.369Z</time>
			</trkpt>
			<trkpt lat="40.31784" lon="-0.51042">
				<ele>1544.48</ele>
				<time>2026-09-20T03:16:02.020Z</time>
			</trkpt>
			<trkpt lat="40.3178" lon="-0.50999">
				<ele>1542.82</ele>
				<time>2026-09-20T03:16:03.755Z</time>
			</trkpt>
			<trkpt lat="40.31762" lon="-0.50923">
				<ele>1539.88</ele>
				<time>2026-09-20T03:16:06.943Z</time>
			</trkpt>
			<trkpt lat="40.31736" lon="-0.50845">
				<ele>1538.82</ele>
				<time>2026-09-20T03:16:10.353Z</time>
			</trkpt>
			<trkpt lat="40.31724" lon="-0.50813">
				<ele>1538.03</ele>
				<time>2026-09-20T03:16:11.781Z</time>
			</trkpt>
			<trkpt lat="40.31708" lon="-0.50785">
				<ele>1533.95</ele>
				<time>2026-09-20T03:16:13.183Z</time>
			</trkpt>
			<trkpt lat="40.31634" lon="-0.50705">
				<ele>1526.7</ele>
				<time>2026-09-20T03:16:18.223Z</time>
			</trkpt>
			<trkpt lat="40.31613" lon="-0.50679">
				<ele>1526.79</ele>
				<time>2026-09-20T03:16:19.741Z</time>
			</trkpt>
			<trkpt lat="40.31598" lon="-0.50652">
				<ele>1528.18</ele>
				<time>2026-09-20T03:16:21.080Z</time>
			</trkpt>
			<trkpt lat="40.31586" lon="-0.50619">
				<ele>1530.16</ele>
				<time>2026-09-20T03:16:22.545Z</time>
			</trkpt>
			<trkpt lat="40.31579" lon="-0.50582">
				<ele>1527.47</ele>
				<time>2026-09-20T03:16:24.073Z</time>
			</trkpt>
			<trkpt lat="40.31578" lon="-0.50547">
				<ele>1523.69</ele>
				<time>2026-09-20T03:16:25.477Z</time>
			</trkpt>
			<trkpt lat="40.3158" lon="-0.50518">
				<ele>1521.75</ele>
				<time>2026-09-20T03:16:26.644Z</time>
			</trkpt>
			<trkpt lat="40.31587" lon="-0.50486">
				<ele>1520.77</ele>
				<time>2026-09-20T03:16:27.978Z</time>
			</trkpt>
			<trkpt lat="40.31633" lon="-0.50345">
				<ele>1508.48</ele>
				<time>2026-09-20T03:16:34.127Z</time>
			</trkpt>
			<trkpt lat="40.31641" lon="-0.50303">
				<ele>1506.84</ele>
				<time>2026-09-20T03:16:35.862Z</time>
			</trkpt>
			<trkpt lat="40.31642" lon="-0.50269">
				<ele>1505.91</ele>
				<time>2026-09-20T03:16:37.227Z</time>
			</trkpt>
			<trkpt lat="40.31639" lon="-0.50235">
				<ele>1505.38</ele>
				<time>2026-09-20T03:16:38.599Z</time>
			</trkpt>
			<trkpt lat="40.31618" lon="-0.5013">
				<ele>1502.54</ele>
				<time>2026-09-20T03:16:42.952Z</time>
			</trkpt>
			<trkpt lat="40.31612" lon="-0.50085">
				<ele>1501.42</ele>
				<time>2026-09-20T03:16:44.784Z</time>
			</trkpt>
			<trkpt lat="40.31613" lon="-0.50037">
				<ele>1500.96</ele>
				<time>2026-09-20T03:16:46.710Z</time>
			</trkpt>
			<trkpt lat="40.31619" lon="-0.49995">
				<ele>1500.57</ele>
				<time>2026-09-20T03:16:48.423Z</time>
			</trkpt>
			<trkpt lat="40.31635" lon="-0.49953">
				<ele>1498.75</ele>
				<time>2026-09-20T03:16:50.306Z</time>
			</trkpt>
			<trkpt lat="40.31654" lon="-0.49917">
				<ele>1496.04</ele>
				<time>2026-09-20T03:16:52.062Z</time>
			</trkpt>
			<trkpt lat="40.31679" lon="-0.49882">
				<ele>1493.57</ele>
				<time>2026-09-20T03:16:53.986Z</time>
			</trkpt>
			<trkpt lat="40.31728" lon="-0.49838">
				<ele>1490.57</ele>
				<time>2026-09-20T03:16:57.110Z</time>
			</trkpt>
			<trkpt lat="40.31776" lon="-0.49799">
				<ele>1488.44</ele>
				<time>2026-09-20T03:17:00.081Z</time>
			</trkpt>
			<trkpt lat="40.31858" lon="-0.49723">
				<ele>1489.44</ele>
				<time>2026-09-20T03:17:05.364Z</time>
			</trkpt>
			<trkpt lat="40.31981" lon="-0.49584">
				<ele>1492.02</ele>
				<time>2026-09-20T03:17:13.908Z</time>
			</trkpt>
			<trkpt lat="40.32028" lon="-0.49542">
				<ele>1493.02</ele>
				<time>2026-09-20T03:17:16.902Z</time>
			</trkpt>
			<trkpt lat="40.32135" lon="-0.49465">
				<ele>1495.02</ele>
				<time>2026-09-20T03:17:23.325Z</time>
			</trkpt>
			<trkpt lat="40.3225" lon="-0.49387">
				<ele>1497.94</ele>
				<time>2026-09-20T03:17:30.141Z</time>
			</trkpt>
			<trkpt lat="40.32327" lon="-0.49328">
				<ele>1496.56</ele>
				<time>2026-09-20T03:17:34.835Z</time>
			</trkpt>
			<trkpt lat="40.32445" lon="-0.49233">
				<ele>1499.38</ele>
				<time>2026-09-20T03:17:42.125Z</time>
			</trkpt>
			<trkpt lat="40.32619" lon="-0.49078">
				<ele>1500.58</ele>
				<time>2026-09-20T03:17:53.200Z</time>
			</trkpt>
			<trkpt lat="40.32741" lon="-0.48951">
				<ele>1502.06</ele>
				<time>2026-09-20T03:18:01.401Z</time>
			</trkpt>
			<trkpt lat="40.32838" lon="-0.48843">
				<ele>1499.94</ele>
				<time>2026-09-20T03:18:08.102Z</time>
			</trkpt>
			<trkpt lat="40.32904" lon="-0.48767">
				<ele>1495.26</ele>
				<time>2026-09-20T03:18:12.727Z</time>
			</trkpt>
			<trkpt lat="40.32983" lon="-0.48669">
				<ele>1499</ele>
				<time>2026-09-20T03:18:18.453Z</time>
			</trkpt>
			<trkpt lat="40.33176" lon="-0.484">
				<ele>1497.53</ele>
				<time>2026-09-20T03:18:33.284Z</time>
			</trkpt>
			<trkpt lat="40.33325" lon="-0.48183">
				<ele>1493.41</ele>
				<time>2026-09-20T03:18:45.010Z</time>
			</trkpt>
			<trkpt lat="40.33496" lon="-0.47938">
				<ele>1484.83</ele>
				<time>2026-09-20T03:18:58.346Z</time>
			</trkpt>
			<trkpt lat="40.33542" lon="-0.47863">
				<ele>1483.09</ele>
				<time>2026-09-20T03:19:02.210Z</time>
			</trkpt>
			<trkpt lat="40.33574" lon="-0.47791">
				<ele>1485.08</ele>
				<time>2026-09-20T03:19:05.556Z</time>
			</trkpt>
			<trkpt lat="40.33598" lon="-0.47721">
				<ele>1485.08</ele>
				<time>2026-09-20T03:19:08.637Z</time>
			</trkpt>
			<trkpt lat="40.33651" lon="-0.4752">
				<ele>1480.24</ele>
				<time>2026-09-20T03:19:17.174Z</time>
			</trkpt>
			<trkpt lat="40.33674" lon="-0.47441">
				<ele>1477.77</ele>
				<time>2026-09-20T03:19:20.568Z</time>
			</trkpt>
			<trkpt lat="40.33691" lon="-0.47398">
				<ele>1476.21</ele>
				<time>2026-09-20T03:19:22.512Z</time>
			</trkpt>
			<trkpt lat="40.33707" lon="-0.47366">
				<ele>1475.99</ele>
				<time>2026-09-20T03:19:24.048Z</time>
			</trkpt>
			<trkpt lat="40.33723" lon="-0.47337">
				<ele>1476.21</ele>
				<time>2026-09-20T03:19:25.485Z</time>
			</trkpt>
			<trkpt lat="40.3374" lon="-0.47311">
				<ele>1477.11</ele>
				<time>2026-09-20T03:19:26.860Z</time>
			</trkpt>
			<trkpt lat="40.33765" lon="-0.47278">
				<ele>1477.71</ele>
				<time>2026-09-20T03:19:28.727Z</time>
			</trkpt>
			<trkpt lat="40.33787" lon="-0.47255">
				<ele>1478.56</ele>
				<time>2026-09-20T03:19:30.208Z</time>
			</trkpt>
			<trkpt lat="40.33831" lon="-0.47218">
				<ele>1477.48</ele>
				<time>2026-09-20T03:19:32.960Z</time>
			</trkpt>
			<trkpt lat="40.33862" lon="-0.47197">
				<ele>1479.24</ele>
				<time>2026-09-20T03:19:34.796Z</time>
			</trkpt>
			<trkpt lat="40.33962" lon="-0.47158">
				<ele>1480.08</ele>
				<time>2026-09-20T03:19:40.289Z</time>
			</trkpt>
			<trkpt lat="40.33996" lon="-0.47142">
				<ele>1477.4</ele>
				<time>2026-09-20T03:19:42.190Z</time>
			</trkpt>
			<trkpt lat="40.34076" lon="-0.47089">
				<ele>1473.95</ele>
				<time>2026-09-20T03:19:46.908Z</time>
			</trkpt>
			<trkpt lat="40.34152" lon="-0.47034">
				<ele>1472.5</ele>
				<time>2026-09-20T03:19:51.476Z</time>
			</trkpt>
			<trkpt lat="40.34187" lon="-0.4701">
				<ele>1475.21</ele>
				<time>2026-09-20T03:19:53.554Z</time>
			</trkpt>
			<trkpt lat="40.34224" lon="-0.46978">
				<ele>1472.88</ele>
				<time>2026-09-20T03:19:55.887Z</time>
			</trkpt>
			<trkpt lat="40.34239" lon="-0.46961">
				<ele>1471.74</ele>
				<time>2026-09-20T03:19:56.930Z</time>
			</trkpt>
			<trkpt lat="40.34268" lon="-0.4692">
				<ele>1471.06</ele>
				<time>2026-09-20T03:19:59.173Z</time>
			</trkpt>
			<trkpt lat="40.34371" lon="-0.46713">
				<ele>1470.24</ele>
				<time>2026-09-20T03:20:09.088Z</time>
			</trkpt>
			<trkpt lat="40.34401" lon="-0.46667">
				<ele>1471</ele>
				<time>2026-09-20T03:20:11.516Z</time>
			</trkpt>
			<trkpt lat="40.3442" lon="-0.46645">
				<ele>1471.03</ele>
				<time>2026-09-20T03:20:12.849Z</time>
			</trkpt>
			<trkpt lat="40.3444" lon="-0.46626">
				<ele>1471</ele>
				<time>2026-09-20T03:20:14.148Z</time>
			</trkpt>
			<trkpt lat="40.34455" lon="-0.46614">
				<ele>1471.07</ele>
				<time>2026-09-20T03:20:15.072Z</time>
			</trkpt>
			<trkpt lat="40.34471" lon="-0.46604">
				<ele>1470.16</ele>
				<time>2026-09-20T03:20:16.004Z</time>
			</trkpt>
			<trkpt lat="40.34551" lon="-0.46559">
				<ele>1463.45</ele>
				<time>2026-09-20T03:20:20.583Z</time>
			</trkpt>
			<trkpt lat="40.34599" lon="-0.46523">
				<ele>1463.23</ele>
				<time>2026-09-20T03:20:23.491Z</time>
			</trkpt>
			<trkpt lat="40.34615" lon="-0.46508">
				<ele>1463.27</ele>
				<time>2026-09-20T03:20:24.525Z</time>
			</trkpt>
			<trkpt lat="40.34648" lon="-0.46464">
				<ele>1465.55</ele>
				<time>2026-09-20T03:20:27.000Z</time>
			</trkpt>
			<trkpt lat="40.34681" lon="-0.46402">
				<ele>1465.42</ele>
				<time>2026-09-20T03:20:30.031Z</time>
			</trkpt>
			<trkpt lat="40.34719" lon="-0.46336">
				<ele>1462.92</ele>
				<time>2026-09-20T03:20:33.346Z</time>
			</trkpt>
			<trkpt lat="40.34737" lon="-0.46309">
				<ele>1462.8</ele>
				<time>2026-09-20T03:20:34.784Z</time>
			</trkpt>
			<trkpt lat="40.34768" lon="-0.46267">
				<ele>1460.2</ele>
				<time>2026-09-20T03:20:37.127Z</time>
			</trkpt>
			<trkpt lat="40.34806" lon="-0.4622">
				<ele>1459.03</ele>
				<time>2026-09-20T03:20:39.872Z</time>
			</trkpt>
			<trkpt lat="40.3487" lon="-0.46152">
				<ele>1458.3</ele>
				<time>2026-09-20T03:20:44.201Z</time>
			</trkpt>
			<trkpt lat="40.34964" lon="-0.46065">
				<ele>1457.7</ele>
				<time>2026-09-20T03:20:50.248Z</time>
			</trkpt>
			<trkpt lat="40.34991" lon="-0.46032">
				<ele>1457.4</ele>
				<time>2026-09-20T03:20:52.187Z</time>
			</trkpt>
			<trkpt lat="40.35048" lon="-0.45946">
				<ele>1457.1</ele>
				<time>2026-09-20T03:20:56.752Z</time>
			</trkpt>
			<trkpt lat="40.35062" lon="-0.45929">
				<ele>1456.72</ele>
				<time>2026-09-20T03:20:57.754Z</time>
			</trkpt>
			<trkpt lat="40.35078" lon="-0.45913">
				<ele>1456.53</ele>
				<time>2026-09-20T03:20:58.811Z</time>
			</trkpt>
			<trkpt lat="40.35093" lon="-0.45901">
				<ele>1457.03</ele>
				<time>2026-09-20T03:20:59.734Z</time>
			</trkpt>
			<trkpt lat="40.35141" lon="-0.45869">
				<ele>1458.76</ele>
				<time>2026-09-20T03:21:02.563Z</time>
			</trkpt>
			<trkpt lat="40.35366" lon="-0.45739">
				<ele>1456.92</ele>
				<time>2026-09-20T03:21:15.476Z</time>
			</trkpt>
			<trkpt lat="40.35395" lon="-0.45721">
				<ele>1457.35</ele>
				<time>2026-09-20T03:21:17.160Z</time>
			</trkpt>
			<trkpt lat="40.35418" lon="-0.45701">
				<ele>1456.82</ele>
				<time>2026-09-20T03:21:18.609Z</time>
			</trkpt>
			<trkpt lat="40.35437" lon="-0.4568">
				<ele>1456.63</ele>
				<time>2026-09-20T03:21:19.913Z</time>
			</trkpt>
			<trkpt lat="40.35459" lon="-0.45647">
				<ele>1456.9</ele>
				<time>2026-09-20T03:21:21.668Z</time>
			</trkpt>
			<trkpt lat="40.35521" lon="-0.45529">
				<ele>1456.23</ele>
				<time>2026-09-20T03:21:27.401Z</time>
			</trkpt>
			<trkpt lat="40.35539" lon="-0.45502">
				<ele>1455.49</ele>
				<time>2026-09-20T03:21:28.836Z</time>
			</trkpt>
			<trkpt lat="40.35562" lon="-0.45476">
				<ele>1455.03</ele>
				<time>2026-09-20T03:21:30.429Z</time>
			</trkpt>
			<trkpt lat="40.35583" lon="-0.45456">
				<ele>1454.66</ele>
				<time>2026-09-20T03:21:31.791Z</time>
			</trkpt>
			<trkpt lat="40.35596" lon="-0.45445">
				<ele>1454.46</ele>
				<time>2026-09-20T03:21:32.603Z</time>
			</trkpt>
			<trkpt lat="40.35614" lon="-0.45433">
				<ele>1454.32</ele>
				<time>2026-09-20T03:21:33.662Z</time>
			</trkpt>
			<trkpt lat="40.35674" lon="-0.45398">
				<ele>1454.03</ele>
				<time>2026-09-20T03:21:37.108Z</time>
			</trkpt>
			<trkpt lat="40.35726" lon="-0.4536">
				<ele>1455.41</ele>
				<time>2026-09-20T03:21:40.231Z</time>
			</trkpt>
			<trkpt lat="40.36015" lon="-0.45084">
				<ele>1460.42</ele>
				<time>2026-09-20T03:21:58.974Z</time>
			</trkpt>
			<trkpt lat="40.36033" lon="-0.45058">
				<ele>1461.05</ele>
				<time>2026-09-20T03:22:00.377Z</time>
			</trkpt>
			<trkpt lat="40.36042" lon="-0.45039">
				<ele>1461.53</ele>
				<time>2026-09-20T03:22:01.270Z</time>
			</trkpt>
			<trkpt lat="40.36045" lon="-0.45031">
				<ele>1461.82</ele>
				<time>2026-09-20T03:22:01.627Z</time>
			</trkpt>
			<trkpt lat="40.36045" lon="-0.4501">
				<ele>1460.5</ele>
				<time>2026-09-20T03:22:02.465Z</time>
			</trkpt>
			<trkpt lat="40.36022" lon="-0.44914">
				<ele>1458.75</ele>
				<time>2026-09-20T03:22:06.484Z</time>
			</trkpt>
			<trkpt lat="40.36019" lon="-0.44893">
				<ele>1459.48</ele>
				<time>2026-09-20T03:22:07.337Z</time>
			</trkpt>
			<trkpt lat="40.36015" lon="-0.44815">
				<ele>1457.26</ele>
				<time>2026-09-20T03:22:10.458Z</time>
			</trkpt>
			<trkpt lat="40.36013" lon="-0.448">
				<ele>1456.3</ele>
				<time>2026-09-20T03:22:11.066Z</time>
			</trkpt>
			<trkpt lat="40.36003" lon="-0.44765">
				<ele>1454.16</ele>
				<time>2026-09-20T03:22:12.558Z</time>
			</trkpt>
			<trkpt lat="40.35971" lon="-0.44672">
				<ele>1452.09</ele>
				<time>2026-09-20T03:22:16.630Z</time>
			</trkpt>
			<trkpt lat="40.35966" lon="-0.44647">
				<ele>1450.54</ele>
				<time>2026-09-20T03:22:17.662Z</time>
			</trkpt>
			<trkpt lat="40.35967" lon="-0.44641">
				<ele>1450.52</ele>
				<time>2026-09-20T03:22:17.907Z</time>
			</trkpt>
			<trkpt lat="40.35969" lon="-0.44634">
				<ele>1450.5</ele>
				<time>2026-09-20T03:22:18.205Z</time>
			</trkpt>
			<trkpt lat="40.35979" lon="-0.44617">
				<ele>1450.77</ele>
				<time>2026-09-20T03:22:19.062Z</time>
			</trkpt>
			<trkpt lat="40.35989" lon="-0.44606">
				<ele>1450.88</ele>
				<time>2026-09-20T03:22:19.745Z</time>
			</trkpt>
			<trkpt lat="40.35995" lon="-0.44602">
				<ele>1451.02</ele>
				<time>2026-09-20T03:22:20.098Z</time>
			</trkpt>
			<trkpt lat="40.36019" lon="-0.44599">
				<ele>1452.16</ele>
				<time>2026-09-20T03:22:21.360Z</time>
			</trkpt>
			<trkpt lat="40.3612" lon="-0.44578">
				<ele>1455.39</ele>
				<time>2026-09-20T03:22:26.710Z</time>
			</trkpt>
			<trkpt lat="40.36193" lon="-0.4456">
				<ele>1459.32</ele>
				<time>2026-09-20T03:22:30.580Z</time>
			</trkpt>
			<trkpt lat="40.36281" lon="-0.44533">
				<ele>1460.55</ele>
				<time>2026-09-20T03:22:35.270Z</time>
			</trkpt>
			<trkpt lat="40.36289" lon="-0.44528">
				<ele>1460.82</ele>
				<time>2026-09-20T03:22:35.728Z</time>
			</trkpt>
			<trkpt lat="40.36318" lon="-0.4449">
				<ele>1459.79</ele>
				<time>2026-09-20T03:22:37.847Z</time>
			</trkpt>
			<trkpt lat="40.36323" lon="-0.4448">
				<ele>1459.81</ele>
				<time>2026-09-20T03:22:38.318Z</time>
			</trkpt>
			<trkpt lat="40.36327" lon="-0.44447">
				<ele>1459.25</ele>
				<time>2026-09-20T03:22:39.631Z</time>
			</trkpt>
			<trkpt lat="40.36329" lon="-0.44437">
				<ele>1459.7</ele>
				<time>2026-09-20T03:22:40.037Z</time>
			</trkpt>
			<trkpt lat="40.36334" lon="-0.44425">
				<ele>1460.47</ele>
				<time>2026-09-20T03:22:40.574Z</time>
			</trkpt>
			<trkpt lat="40.36346" lon="-0.44406">
				<ele>1462.91</ele>
				<time>2026-09-20T03:22:41.542Z</time>
			</trkpt>
			<trkpt lat="40.36445" lon="-0.44281">
				<ele>1470.8</ele>
				<time>2026-09-20T03:22:48.589Z</time>
			</trkpt>
			<trkpt lat="40.36451" lon="-0.44266">
				<ele>1472.02</ele>
				<time>2026-09-20T03:22:49.249Z</time>
			</trkpt>
			<trkpt lat="40.36456" lon="-0.44241">
				<ele>1473</ele>
				<time>2026-09-20T03:22:50.254Z</time>
			</trkpt>
			<trkpt lat="40.36455" lon="-0.44226">
				<ele>1473</ele>
				<time>2026-09-20T03:22:50.840Z</time>
			</trkpt>
			<trkpt lat="40.36452" lon="-0.44211">
				<ele>1473.43</ele>
				<time>2026-09-20T03:22:51.443Z</time>
			</trkpt>
			<trkpt lat="40.36388" lon="-0.44011">
				<ele>1479.66</ele>
				<time>2026-09-20T03:22:59.837Z</time>
			</trkpt>
			<trkpt lat="40.36365" lon="-0.43931">
				<ele>1483.6</ele>
				<time>2026-09-20T03:23:03.128Z</time>
			</trkpt>
			<trkpt lat="40.36336" lon="-0.43805">
				<ele>1487.75</ele>
				<time>2026-09-20T03:23:08.175Z</time>
			</trkpt>
			<trkpt lat="40.3633" lon="-0.43767">
				<ele>1489.33</ele>
				<time>2026-09-20T03:23:09.658Z</time>
			</trkpt>
			<trkpt lat="40.3633" lon="-0.43668">
				<ele>1486.35</ele>
				<time>2026-09-20T03:23:13.434Z</time>
			</trkpt>
			<trkpt lat="40.36327" lon="-0.43639">
				<ele>1485.68</ele>
				<time>2026-09-20T03:23:14.547Z</time>
			</trkpt>
			<trkpt lat="40.36322" lon="-0.43609">
				<ele>1487.01</ele>
				<time>2026-09-20T03:23:15.715Z</time>
			</trkpt>
			<trkpt lat="40.36292" lon="-0.43472">
				<ele>1487.44</ele>
				<time>2026-09-20T03:23:21.117Z</time>
			</trkpt>
			<trkpt lat="40.36289" lon="-0.43414">
				<ele>1486.58</ele>
				<time>2026-09-20T03:23:23.313Z</time>
			</trkpt>
			<trkpt lat="40.36291" lon="-0.43379">
				<ele>1485.78</ele>
				<time>2026-09-20T03:23:24.637Z</time>
			</trkpt>
			<trkpt lat="40.36298" lon="-0.43346">
				<ele>1484.9</ele>
				<time>2026-09-20T03:23:25.928Z</time>
			</trkpt>
			<trkpt lat="40.36307" lon="-0.43318">
				<ele>1483.51</ele>
				<time>2026-09-20T03:23:27.071Z</time>
			</trkpt>
			<trkpt lat="40.36354" lon="-0.43222">
				<ele>1474.91</ele>
				<time>2026-09-20T03:23:31.355Z</time>
			</trkpt>
			<trkpt lat="40.36369" lon="-0.43178">
				<ele>1472.89</ele>
				<time>2026-09-20T03:23:33.160Z</time>
			</trkpt>
			<trkpt lat="40.36373" lon="-0.43155">
				<ele>1472.63</ele>
				<time>2026-09-20T03:23:34.042Z</time>
			</trkpt>
			<trkpt lat="40.36373" lon="-0.43124">
				<ele>1471.5</ele>
				<time>2026-09-20T03:23:35.200Z</time>
			</trkpt>
			<trkpt lat="40.36369" lon="-0.43044">
				<ele>1468.11</ele>
				<time>2026-09-20T03:23:38.191Z</time>
			</trkpt>
			<trkpt lat="40.36372" lon="-0.42999">
				<ele>1467.81</ele>
				<time>2026-09-20T03:23:39.872Z</time>
			</trkpt>
			<trkpt lat="40.36384" lon="-0.4295">
				<ele>1464.46</ele>
				<time>2026-09-20T03:23:41.785Z</time>
			</trkpt>
			<trkpt lat="40.36403" lon="-0.42903">
				<ele>1461.92</ele>
				<time>2026-09-20T03:23:43.759Z</time>
			</trkpt>
			<trkpt lat="40.36446" lon="-0.42821">
				<ele>1457.91</ele>
				<time>2026-09-20T03:23:47.444Z</time>
			</trkpt>
			<trkpt lat="40.3646" lon="-0.42791">
				<ele>1457.35</ele>
				<time>2026-09-20T03:23:48.744Z</time>
			</trkpt>
			<trkpt lat="40.36492" lon="-0.42733">
				<ele>1459.48</ele>
				<time>2026-09-20T03:23:51.385Z</time>
			</trkpt>
			<trkpt lat="40.36525" lon="-0.42681">
				<ele>1455.81</ele>
				<time>2026-09-20T03:23:53.875Z</time>
			</trkpt>
			<trkpt lat="40.36561" lon="-0.42637">
				<ele>1452.77</ele>
				<time>2026-09-20T03:23:56.247Z</time>
			</trkpt>
			<trkpt lat="40.36667" lon="-0.42523">
				<ele>1456.92</ele>
				<time>2026-09-20T03:24:02.829Z</time>
			</trkpt>
			<trkpt lat="40.36695" lon="-0.42493">
				<ele>1454.67</ele>
				<time>2026-09-20T03:24:04.559Z</time>
			</trkpt>
			<trkpt lat="40.36764" lon="-0.42433">
				<ele>1456.02</ele>
				<time>2026-09-20T03:24:08.512Z</time>
			</trkpt>
			<trkpt lat="40.36778" lon="-0.42419">
				<ele>1455.39</ele>
				<time>2026-09-20T03:24:09.351Z</time>
			</trkpt>
			<trkpt lat="40.36786" lon="-0.42406">
				<ele>1454.62</ele>
				<time>2026-09-20T03:24:09.958Z</time>
			</trkpt>
			<trkpt lat="40.36795" lon="-0.42387">
				<ele>1453.45</ele>
				<time>2026-09-20T03:24:10.769Z</time>
			</trkpt>
			<trkpt lat="40.36803" lon="-0.42362">
				<ele>1451.7</ele>
				<time>2026-09-20T03:24:11.753Z</time>
			</trkpt>
			<trkpt lat="40.36809" lon="-0.42329">
				<ele>1447.79</ele>
				<time>2026-09-20T03:24:12.981Z</time>
			</trkpt>
			<trkpt lat="40.36808" lon="-0.42299">
				<ele>1445.24</ele>
				<time>2026-09-20T03:24:14.068Z</time>
			</trkpt>
			<trkpt lat="40.36805" lon="-0.42282">
				<ele>1445.03</ele>
				<time>2026-09-20T03:24:14.699Z</time>
			</trkpt>
			<trkpt lat="40.36802" lon="-0.42267">
				<ele>1445.31</ele>
				<time>2026-09-20T03:24:15.260Z</time>
			</trkpt>
			<trkpt lat="40.36792" lon="-0.42242">
				<ele>1446.21</ele>
				<time>2026-09-20T03:24:16.280Z</time>
			</trkpt>
			<trkpt lat="40.36754" lon="-0.4216">
				<ele>1451.85</ele>
				<time>2026-09-20T03:24:19.742Z</time>
			</trkpt>
			<trkpt lat="40.36742" lon="-0.42122">
				<ele>1451.55</ele>
				<time>2026-09-20T03:24:21.223Z</time>
			</trkpt>
			<trkpt lat="40.36733" lon="-0.42079">
				<ele>1448.55</ele>
				<time>2026-09-20T03:24:22.826Z</time>
			</trkpt>
			<trkpt lat="40.36729" lon="-0.4203">
				<ele>1448.19</ele>
				<time>2026-09-20T03:24:24.596Z</time>
			</trkpt>
			<trkpt lat="40.36784" lon="-0.41194">
				<ele>1448.24</ele>
				<time>2026-09-20T03:24:54.396Z</time>
			</trkpt>
			<trkpt lat="40.36788" lon="-0.41157">
				<ele>1447.98</ele>
				<time>2026-09-20T03:24:55.710Z</time>
			</trkpt>
			<trkpt lat="40.36795" lon="-0.41111">
				<ele>1448.55</ele>
				<time>2026-09-20T03:24:57.356Z</time>
			</trkpt>
			<trkpt lat="40.36806" lon="-0.41073">
				<ele>1449.67</ele>
				<time>2026-09-20T03:24:58.782Z</time>
			</trkpt>
			<trkpt lat="40.36822" lon="-0.41033">
				<ele>1449.08</ele>
				<time>2026-09-20T03:25:00.365Z</time>
			</trkpt>
			<trkpt lat="40.36843" lon="-0.40998">
				<ele>1449.91</ele>
				<time>2026-09-20T03:25:01.925Z</time>
			</trkpt>
			<trkpt lat="40.36863" lon="-0.40973">
				<ele>1450.2</ele>
				<time>2026-09-20T03:25:03.193Z</time>
			</trkpt>
			<trkpt lat="40.36886" lon="-0.40951">
				<ele>1448.58</ele>
				<time>2026-09-20T03:25:04.498Z</time>
			</trkpt>
			<trkpt lat="40.36967" lon="-0.40888">
				<ele>1446.71</ele>
				<time>2026-09-20T03:25:08.810Z</time>
			</trkpt>
			<trkpt lat="40.36993" lon="-0.40866">
				<ele>1446.95</ele>
				<time>2026-09-20T03:25:10.224Z</time>
			</trkpt>
			<trkpt lat="40.37004" lon="-0.40851">
				<ele>1446.68</ele>
				<time>2026-09-20T03:25:10.949Z</time>
			</trkpt>
			<trkpt lat="40.37008" lon="-0.40831">
				<ele>1444.89</ele>
				<time>2026-09-20T03:25:11.668Z</time>
			</trkpt>
			<trkpt lat="40.37008" lon="-0.40809">
				<ele>1444.91</ele>
				<time>2026-09-20T03:25:12.433Z</time>
			</trkpt>
			<trkpt lat="40.37005" lon="-0.40787">
				<ele>1447.18</ele>
				<time>2026-09-20T03:25:13.210Z</time>
			</trkpt>
			<trkpt lat="40.36997" lon="-0.40766">
				<ele>1450.51</ele>
				<time>2026-09-20T03:25:14.026Z</time>
			</trkpt>
			<trkpt lat="40.36982" lon="-0.40752">
				<ele>1453.7</ele>
				<time>2026-09-20T03:25:14.865Z</time>
			</trkpt>
			<trkpt lat="40.36964" lon="-0.40744">
				<ele>1454.58</ele>
				<time>2026-09-20T03:25:15.731Z</time>
			</trkpt>
			<trkpt lat="40.36919" lon="-0.40737">
				<ele>1451.79</ele>
				<time>2026-09-20T03:25:17.794Z</time>
			</trkpt>
			<trkpt lat="40.36899" lon="-0.40727">
				<ele>1451.46</ele>
				<time>2026-09-20T03:25:18.768Z</time>
			</trkpt>
			<trkpt lat="40.36881" lon="-0.40713">
				<ele>1450.75</ele>
				<time>2026-09-20T03:25:19.719Z</time>
			</trkpt>
			<trkpt lat="40.36866" lon="-0.40693">
				<ele>1450.71</ele>
				<time>2026-09-20T03:25:20.690Z</time>
			</trkpt>
			<trkpt lat="40.36854" lon="-0.40669">
				<ele>1450.82</ele>
				<time>2026-09-20T03:25:21.684Z</time>
			</trkpt>
			<trkpt lat="40.36844" lon="-0.40641">
				<ele>1449.48</ele>
				<time>2026-09-20T03:25:22.753Z</time>
			</trkpt>
			<trkpt lat="40.36841" lon="-0.40608">
				<ele>1447.48</ele>
				<time>2026-09-20T03:25:23.901Z</time>
			</trkpt>
			<trkpt lat="40.36844" lon="-0.40574">
				<ele>1446.01</ele>
				<time>2026-09-20T03:25:25.084Z</time>
			</trkpt>
			<trkpt lat="40.3685" lon="-0.40545">
				<ele>1446.31</ele>
				<time>2026-09-20T03:25:26.121Z</time>
			</trkpt>
			<trkpt lat="40.36859" lon="-0.40516">
				<ele>1446.35</ele>
				<time>2026-09-20T03:25:27.201Z</time>
			</trkpt>
			<trkpt lat="40.36938" lon="-0.4032">
				<ele>1436.73</ele>
				<time>2026-09-20T03:25:34.834Z</time>
			</trkpt>
			<trkpt lat="40.36951" lon="-0.40279">
				<ele>1433.22</ele>
				<time>2026-09-20T03:25:36.359Z</time>
			</trkpt>
			<trkpt lat="40.3696" lon="-0.40238">
				<ele>1434.1</ele>
				<time>2026-09-20T03:25:37.823Z</time>
			</trkpt>
			<trkpt lat="40.36964" lon="-0.40189">
				<ele>1433.32</ele>
				<time>2026-09-20T03:25:39.513Z</time>
			</trkpt>
			<trkpt lat="40.36965" lon="-0.40054">
				<ele>1428.86</ele>
				<time>2026-09-20T03:25:44.135Z</time>
			</trkpt>
			<trkpt lat="40.36969" lon="-0.40012">
				<ele>1428.18</ele>
				<time>2026-09-20T03:25:45.583Z</time>
			</trkpt>
			<trkpt lat="40.36975" lon="-0.39974">
				<ele>1430.58</ele>
				<time>2026-09-20T03:25:46.909Z</time>
			</trkpt>
			<trkpt lat="40.36987" lon="-0.39932">
				<ele>1428.18</ele>
				<time>2026-09-20T03:25:48.441Z</time>
			</trkpt>
			<trkpt lat="40.37002" lon="-0.39899">
				<ele>1426.03</ele>
				<time>2026-09-20T03:25:49.752Z</time>
			</trkpt>
			<trkpt lat="40.3703" lon="-0.39849">
				<ele>1424.3</ele>
				<time>2026-09-20T03:25:51.868Z</time>
			</trkpt>
			<trkpt lat="40.37088" lon="-0.3975">
				<ele>1424.59</ele>
				<time>2026-09-20T03:25:56.122Z</time>
			</trkpt>
			<trkpt lat="40.3711" lon="-0.39718">
				<ele>1423.03</ele>
				<time>2026-09-20T03:25:57.588Z</time>
			</trkpt>
			<trkpt lat="40.37139" lon="-0.39686">
				<ele>1422.12</ele>
				<time>2026-09-20T03:25:59.279Z</time>
			</trkpt>
			<trkpt lat="40.37274" lon="-0.39553">
				<ele>1428.55</ele>
				<time>2026-09-20T03:26:06.798Z</time>
			</trkpt>
			<trkpt lat="40.37293" lon="-0.39538">
				<ele>1425.97</ele>
				<time>2026-09-20T03:26:07.784Z</time>
			</trkpt>
			<trkpt lat="40.37308" lon="-0.3953">
				<ele>1424.62</ele>
				<time>2026-09-20T03:26:08.504Z</time>
			</trkpt>
			<trkpt lat="40.37351" lon="-0.39511">
				<ele>1423.75</ele>
				<time>2026-09-20T03:26:10.520Z</time>
			</trkpt>
			<trkpt lat="40.37376" lon="-0.39497">
				<ele>1424.32</ele>
				<time>2026-09-20T03:26:11.727Z</time>
			</trkpt>
			<trkpt lat="40.37391" lon="-0.39482">
				<ele>1425.21</ele>
				<time>2026-09-20T03:26:12.565Z</time>
			</trkpt>
			<trkpt lat="40.37429" lon="-0.39426">
				<ele>1426.88</ele>
				<time>2026-09-20T03:26:15.100Z</time>
			</trkpt>
			<trkpt lat="40.37444" lon="-0.39407">
				<ele>1428.52</ele>
				<time>2026-09-20T03:26:16.025Z</time>
			</trkpt>
			<trkpt lat="40.37463" lon="-0.39391">
				<ele>1429.16</ele>
				<time>2026-09-20T03:26:17.026Z</time>
			</trkpt>
			<trkpt lat="40.37518" lon="-0.39366">
				<ele>1425.89</ele>
				<time>2026-09-20T03:26:19.605Z</time>
			</trkpt>
			<trkpt lat="40.37544" lon="-0.39357">
				<ele>1424.48</ele>
				<time>2026-09-20T03:26:20.796Z</time>
			</trkpt>
			<trkpt lat="40.37609" lon="-0.39349">
				<ele>1426.09</ele>
				<time>2026-09-20T03:26:23.686Z</time>
			</trkpt>
			<trkpt lat="40.37623" lon="-0.39342">
				<ele>1425.61</ele>
				<time>2026-09-20T03:26:24.349Z</time>
			</trkpt>
			<trkpt lat="40.37629" lon="-0.39332">
				<ele>1424.63</ele>
				<time>2026-09-20T03:26:24.778Z</time>
			</trkpt>
			<trkpt lat="40.37634" lon="-0.3931">
				<ele>1424.53</ele>
				<time>2026-09-20T03:26:25.551Z</time>
			</trkpt>
			<trkpt lat="40.3763" lon="-0.3929">
				<ele>1425.14</ele>
				<time>2026-09-20T03:26:26.248Z</time>
			</trkpt>
			<trkpt lat="40.376" lon="-0.39202">
				<ele>1420.7</ele>
				<time>2026-09-20T03:26:29.494Z</time>
			</trkpt>
			<trkpt lat="40.37594" lon="-0.39173">
				<ele>1421.43</ele>
				<time>2026-09-20T03:26:30.505Z</time>
			</trkpt>
			<trkpt lat="40.37596" lon="-0.39142">
				<ele>1423.21</ele>
				<time>2026-09-20T03:26:31.552Z</time>
			</trkpt>
			<trkpt lat="40.376" lon="-0.39118">
				<ele>1424.71</ele>
				<time>2026-09-20T03:26:32.378Z</time>
			</trkpt>
			<trkpt lat="40.37596" lon="-0.39094">
				<ele>1423.18</ele>
				<time>2026-09-20T03:26:33.204Z</time>
			</trkpt>
			<trkpt lat="40.37585" lon="-0.39046">
				<ele>1418.23</ele>
				<time>2026-09-20T03:26:34.889Z</time>
			</trkpt>
			<trkpt lat="40.37582" lon="-0.39011">
				<ele>1414.75</ele>
				<time>2026-09-20T03:26:36.073Z</time>
			</trkpt>
			<trkpt lat="40.37585" lon="-0.38975">
				<ele>1411.21</ele>
				<time>2026-09-20T03:26:37.290Z</time>
			</trkpt>
			<trkpt lat="40.37596" lon="-0.38937">
				<ele>1409.96</ele>
				<time>2026-09-20T03:26:38.656Z</time>
			</trkpt>
			<trkpt lat="40.37635" lon="-0.38823">
				<ele>1408.93</ele>
				<time>2026-09-20T03:26:42.851Z</time>
			</trkpt>
			<trkpt lat="40.37643" lon="-0.38782">
				<ele>1408.64</ele>
				<time>2026-09-20T03:26:44.271Z</time>
			</trkpt>
			<trkpt lat="40.3765" lon="-0.38759">
				<ele>1407.46</ele>
				<time>2026-09-20T03:26:45.102Z</time>
			</trkpt>
			<trkpt lat="40.37661" lon="-0.38741">
				<ele>1406.46</ele>
				<time>2026-09-20T03:26:45.876Z</time>
			</trkpt>
			<trkpt lat="40.37674" lon="-0.38729">
				<ele>1406.46</ele>
				<time>2026-09-20T03:26:46.576Z</time>
			</trkpt>
			<trkpt lat="40.37692" lon="-0.38719">
				<ele>1407.86</ele>
				<time>2026-09-20T03:26:47.436Z</time>
			</trkpt>
			<trkpt lat="40.37794" lon="-0.3868">
				<ele>1417.03</ele>
				<time>2026-09-20T03:26:52.110Z</time>
			</trkpt>
			<trkpt lat="40.3781" lon="-0.38675">
				<ele>1417.25</ele>
				<time>2026-09-20T03:26:52.834Z</time>
			</trkpt>
			<trkpt lat="40.37836" lon="-0.38673">
				<ele>1418.34</ele>
				<time>2026-09-20T03:26:53.979Z</time>
			</trkpt>
			<trkpt lat="40.37866" lon="-0.38678">
				<ele>1418.32</ele>
				<time>2026-09-20T03:26:55.309Z</time>
			</trkpt>
			<trkpt lat="40.3789" lon="-0.38687">
				<ele>1417.86</ele>
				<time>2026-09-20T03:26:56.406Z</time>
			</trkpt>
			<trkpt lat="40.37913" lon="-0.38701">
				<ele>1418.91</ele>
				<time>2026-09-20T03:26:57.520Z</time>
			</trkpt>
			<trkpt lat="40.38018" lon="-0.38775">
				<ele>1421.31</ele>
				<time>2026-09-20T03:27:02.757Z</time>
			</trkpt>
			<trkpt lat="40.38035" lon="-0.38779">
				<ele>1421.89</ele>
				<time>2026-09-20T03:27:03.516Z</time>
			</trkpt>
			<trkpt lat="40.38053" lon="-0.38776">
				<ele>1420.25</ele>
				<time>2026-09-20T03:27:04.313Z</time>
			</trkpt>
			<trkpt lat="40.3807" lon="-0.3876">
				<ele>1416.08</ele>
				<time>2026-09-20T03:27:05.231Z</time>
			</trkpt>
			<trkpt lat="40.3808" lon="-0.38735">
				<ele>1412.34</ele>
				<time>2026-09-20T03:27:06.176Z</time>
			</trkpt>
			<trkpt lat="40.3808" lon="-0.38704">
				<ele>1411.07</ele>
				<time>2026-09-20T03:27:07.213Z</time>
			</trkpt>
			<trkpt lat="40.38065" lon="-0.38647">
				<ele>1414.19</ele>
				<time>2026-09-20T03:27:09.230Z</time>
			</trkpt>
			<trkpt lat="40.38056" lon="-0.38607">
				<ele>1414.39</ele>
				<time>2026-09-20T03:27:10.625Z</time>
			</trkpt>
			<trkpt lat="40.38052" lon="-0.38564">
				<ele>1412.84</ele>
				<time>2026-09-20T03:27:12.074Z</time>
			</trkpt>
			<trkpt lat="40.38054" lon="-0.3852">
				<ele>1411.44</ele>
				<time>2026-09-20T03:27:13.548Z</time>
			</trkpt>
			<trkpt lat="40.38064" lon="-0.38478">
				<ele>1411.7</ele>
				<time>2026-09-20T03:27:15.020Z</time>
			</trkpt>
			<trkpt lat="40.38079" lon="-0.38437">
				<ele>1412.47</ele>
				<time>2026-09-20T03:27:16.541Z</time>
			</trkpt>
			<trkpt lat="40.38099" lon="-0.38402">
				<ele>1412.32</ele>
				<time>2026-09-20T03:27:18.004Z</time>
			</trkpt>
			<trkpt lat="40.38153" lon="-0.38322">
				<ele>1414.81</ele>
				<time>2026-09-20T03:27:21.578Z</time>
			</trkpt>
			<trkpt lat="40.38165" lon="-0.383">
				<ele>1415.1</ele>
				<time>2026-09-20T03:27:22.482Z</time>
			</trkpt>
			<trkpt lat="40.38171" lon="-0.38275">
				<ele>1415.88</ele>
				<time>2026-09-20T03:27:23.359Z</time>
			</trkpt>
			<trkpt lat="40.38177" lon="-0.38204">
				<ele>1414.26</ele>
				<time>2026-09-20T03:27:25.748Z</time>
			</trkpt>
			<trkpt lat="40.38184" lon="-0.38179">
				<ele>1414.18</ele>
				<time>2026-09-20T03:27:26.638Z</time>
			</trkpt>
			<trkpt lat="40.38199" lon="-0.38153">
				<ele>1414.5</ele>
				<time>2026-09-20T03:27:27.729Z</time>
			</trkpt>
			<trkpt lat="40.3824" lon="-0.38104">
				<ele>1416.83</ele>
				<time>2026-09-20T03:27:30.163Z</time>
			</trkpt>
			<trkpt lat="40.38258" lon="-0.38081">
				<ele>1417.8</ele>
				<time>2026-09-20T03:27:31.266Z</time>
			</trkpt>
			<trkpt lat="40.38275" lon="-0.3805">
				<ele>1418.82</ele>
				<time>2026-09-20T03:27:32.543Z</time>
			</trkpt>
			<trkpt lat="40.383" lon="-0.37994">
				<ele>1415.54</ele>
				<time>2026-09-20T03:27:34.715Z</time>
			</trkpt>
			<trkpt lat="40.38313" lon="-0.37969">
				<ele>1414.17</ele>
				<time>2026-09-20T03:27:35.727Z</time>
			</trkpt>
			<trkpt lat="40.38333" lon="-0.37941">
				<ele>1413.1</ele>
				<time>2026-09-20T03:27:37.011Z</time>
			</trkpt>
			<trkpt lat="40.3845" lon="-0.37835">
				<ele>1419.57</ele>
				<time>2026-09-20T03:27:43.257Z</time>
			</trkpt>
			<trkpt lat="40.38469" lon="-0.37812">
				<ele>1418.47</ele>
				<time>2026-09-20T03:27:44.393Z</time>
			</trkpt>
			<trkpt lat="40.38575" lon="-0.37632">
				<ele>1419.37</ele>
				<time>2026-09-20T03:27:52.014Z</time>
			</trkpt>
			<trkpt lat="40.38589" lon="-0.37611">
				<ele>1421.25</ele>
				<time>2026-09-20T03:27:52.950Z</time>
			</trkpt>
			<trkpt lat="40.38608" lon="-0.37597">
				<ele>1422.43</ele>
				<time>2026-09-20T03:27:53.908Z</time>
			</trkpt>
			<trkpt lat="40.38718" lon="-0.37554">
				<ele>1422.36</ele>
				<time>2026-09-20T03:27:58.962Z</time>
			</trkpt>
			<trkpt lat="40.3874" lon="-0.37543">
				<ele>1419.79</ele>
				<time>2026-09-20T03:27:59.999Z</time>
			</trkpt>
			<trkpt lat="40.38761" lon="-0.37525">
				<ele>1420.68</ele>
				<time>2026-09-20T03:28:01.104Z</time>
			</trkpt>
			<trkpt lat="40.38782" lon="-0.37499">
				<ele>1423</ele>
				<time>2026-09-20T03:28:02.377Z</time>
			</trkpt>
			<trkpt lat="40.38883" lon="-0.3735">
				<ele>1432.77</ele>
				<time>2026-09-20T03:28:09.078Z</time>
			</trkpt>
			<trkpt lat="40.38916" lon="-0.37308">
				<ele>1432.72</ele>
				<time>2026-09-20T03:28:11.108Z</time>
			</trkpt>
			<trkpt lat="40.38934" lon="-0.37291">
				<ele>1434.35</ele>
				<time>2026-09-20T03:28:12.087Z</time>
			</trkpt>
			<trkpt lat="40.3899" lon="-0.37256">
				<ele>1436.8</ele>
				<time>2026-09-20T03:28:14.828Z</time>
			</trkpt>
			<trkpt lat="40.39171" lon="-0.37167">
				<ele>1427.83</ele>
				<time>2026-09-20T03:28:23.383Z</time>
			</trkpt>
			<trkpt lat="40.39197" lon="-0.37158">
				<ele>1426.2</ele>
				<time>2026-09-20T03:28:24.575Z</time>
			</trkpt>
			<trkpt lat="40.39224" lon="-0.37153">
				<ele>1424.5</ele>
				<time>2026-09-20T03:28:25.784Z</time>
			</trkpt>
			<trkpt lat="40.39243" lon="-0.37152">
				<ele>1424.66</ele>
				<time>2026-09-20T03:28:26.627Z</time>
			</trkpt>
			<trkpt lat="40.39303" lon="-0.37155">
				<ele>1422.45</ele>
				<time>2026-09-20T03:28:29.292Z</time>
			</trkpt>
			<trkpt lat="40.39378" lon="-0.37151">
				<ele>1415.18</ele>
				<time>2026-09-20T03:28:32.627Z</time>
			</trkpt>
			<trkpt lat="40.39436" lon="-0.37146">
				<ele>1410.49</ele>
				<time>2026-09-20T03:28:35.211Z</time>
			</trkpt>
			<trkpt lat="40.39472" lon="-0.37138">
				<ele>1410.96</ele>
				<time>2026-09-20T03:28:36.836Z</time>
			</trkpt>
			<trkpt lat="40.39509" lon="-0.37118">
				<ele>1409.86</ele>
				<time>2026-09-20T03:28:38.618Z</time>
			</trkpt>
			<trkpt lat="40.39544" lon="-0.3709">
				<ele>1404.74</ele>
				<time>2026-09-20T03:28:40.444Z</time>
			</trkpt>
			<trkpt lat="40.39576" lon="-0.37053">
				<ele>1400.43</ele>
				<time>2026-09-20T03:28:42.346Z</time>
			</trkpt>
			<trkpt lat="40.39688" lon="-0.36901">
				<ele>1386.63</ele>
				<time>2026-09-20T03:28:49.541Z</time>
			</trkpt>
			<trkpt lat="40.40002" lon="-0.36467">
				<ele>1394.08</ele>
				<time>2026-09-20T03:29:10.031Z</time>
			</trkpt>
			<trkpt lat="40.40065" lon="-0.36377">
				<ele>1397.6</ele>
				<time>2026-09-20T03:29:14.240Z</time>
			</trkpt>
			<trkpt lat="40.40083" lon="-0.36347">
				<ele>1400.02</ele>
				<time>2026-09-20T03:29:15.556Z</time>
			</trkpt>
			<trkpt lat="40.40096" lon="-0.36321">
				<ele>1401.68</ele>
				<time>2026-09-20T03:29:16.630Z</time>
			</trkpt>
			<trkpt lat="40.40108" lon="-0.36279">
				<ele>1402.83</ele>
				<time>2026-09-20T03:29:18.178Z</time>
			</trkpt>
			<trkpt lat="40.40119" lon="-0.36229">
				<ele>1404.99</ele>
				<time>2026-09-20T03:29:19.977Z</time>
			</trkpt>
			<trkpt lat="40.40122" lon="-0.36187">
				<ele>1407.56</ele>
				<time>2026-09-20T03:29:21.436Z</time>
			</trkpt>
			<trkpt lat="40.40122" lon="-0.36136">
				<ele>1412.11</ele>
				<time>2026-09-20T03:29:23.201Z</time>
			</trkpt>
			<trkpt lat="40.4012" lon="-0.36063">
				<ele>1418.11</ele>
				<time>2026-09-20T03:29:25.733Z</time>
			</trkpt>
			<trkpt lat="40.40122" lon="-0.36021">
				<ele>1420.92</ele>
				<time>2026-09-20T03:29:27.193Z</time>
			</trkpt>
			<trkpt lat="40.40128" lon="-0.35985">
				<ele>1424.81</ele>
				<time>2026-09-20T03:29:28.473Z</time>
			</trkpt>
			<trkpt lat="40.40137" lon="-0.3594">
				<ele>1428</ele>
				<time>2026-09-20T03:29:30.090Z</time>
			</trkpt>
			<trkpt lat="40.40291" lon="-0.35312">
				<ele>1452.18</ele>
				<time>2026-09-20T03:29:53.193Z</time>
			</trkpt>
			<trkpt lat="40.40298" lon="-0.35271">
				<ele>1455.36</ele>
				<time>2026-09-20T03:29:54.676Z</time>
			</trkpt>
			<trkpt lat="40.40299" lon="-0.35225">
				<ele>1456.68</ele>
				<time>2026-09-20T03:29:56.302Z</time>
			</trkpt>
			<trkpt lat="40.40294" lon="-0.35157">
				<ele>1457.85</ele>
				<time>2026-09-20T03:29:58.719Z</time>
			</trkpt>
			<trkpt lat="40.40293" lon="-0.35115">
				<ele>1456.2</ele>
				<time>2026-09-20T03:30:00.207Z</time>
			</trkpt>
			<trkpt lat="40.40299" lon="-0.35074">
				<ele>1455.29</ele>
				<time>2026-09-20T03:30:01.688Z</time>
			</trkpt>
			<trkpt lat="40.40311" lon="-0.35041">
				<ele>1454.27</ele>
				<time>2026-09-20T03:30:02.986Z</time>
			</trkpt>
			<trkpt lat="40.40329" lon="-0.35016">
				<ele>1453.9</ele>
				<time>2026-09-20T03:30:04.208Z</time>
			</trkpt>
			<trkpt lat="40.4036" lon="-0.34995">
				<ele>1451.05</ele>
				<time>2026-09-20T03:30:05.837Z</time>
			</trkpt>
			<trkpt lat="40.40415" lon="-0.34976">
				<ele>1443.63</ele>
				<time>2026-09-20T03:30:08.497Z</time>
			</trkpt>
			<trkpt lat="40.40446" lon="-0.34957">
				<ele>1443.8</ele>
				<time>2026-09-20T03:30:10.100Z</time>
			</trkpt>
			<trkpt lat="40.40461" lon="-0.34933">
				<ele>1442.15</ele>
				<time>2026-09-20T03:30:11.208Z</time>
			</trkpt>
			<trkpt lat="40.40466" lon="-0.34903">
				<ele>1441.61</ele>
				<time>2026-09-20T03:30:12.306Z</time>
			</trkpt>
			<trkpt lat="40.40461" lon="-0.34873">
				<ele>1443.21</ele>
				<time>2026-09-20T03:30:13.404Z</time>
			</trkpt>
			<trkpt lat="40.40448" lon="-0.34847">
				<ele>1446.84</ele>
				<time>2026-09-20T03:30:14.517Z</time>
			</trkpt>
			<trkpt lat="40.40394" lon="-0.34783">
				<ele>1454.76</ele>
				<time>2026-09-20T03:30:17.941Z</time>
			</trkpt>
			<trkpt lat="40.40377" lon="-0.34755">
				<ele>1454.45</ele>
				<time>2026-09-20T03:30:19.228Z</time>
			</trkpt>
			<trkpt lat="40.40369" lon="-0.34736">
				<ele>1452.13</ele>
				<time>2026-09-20T03:30:20.008Z</time>
			</trkpt>
			<trkpt lat="40.40363" lon="-0.34717">
				<ele>1450.22</ele>
				<time>2026-09-20T03:30:20.748Z</time>
			</trkpt>
			<trkpt lat="40.40358" lon="-0.34686">
				<ele>1448.78</ele>
				<time>2026-09-20T03:30:21.888Z</time>
			</trkpt>
			<trkpt lat="40.40358" lon="-0.3465">
				<ele>1448.07</ele>
				<time>2026-09-20T03:30:23.185Z</time>
			</trkpt>
			<trkpt lat="40.40366" lon="-0.34611">
				<ele>1446.22</ele>
				<time>2026-09-20T03:30:24.641Z</time>
			</trkpt>
			<trkpt lat="40.40388" lon="-0.3455">
				<ele>1449.94</ele>
				<time>2026-09-20T03:30:27.078Z</time>
			</trkpt>
			<trkpt lat="40.40487" lon="-0.34335">
				<ele>1455.6</ele>
				<time>2026-09-20T03:30:36.191Z</time>
			</trkpt>
			<trkpt lat="40.40604" lon="-0.34073">
				<ele>1475.71</ele>
				<time>2026-09-20T03:30:47.296Z</time>
			</trkpt>
			<trkpt lat="40.40707" lon="-0.33805">
				<ele>1491.75</ele>
				<time>2026-09-20T03:30:58.372Z</time>
			</trkpt>
			<trkpt lat="40.40812" lon="-0.3352">
				<ele>1508</ele>
				<time>2026-09-20T03:31:10.167Z</time>
			</trkpt>
			<trkpt lat="40.40836" lon="-0.33469">
				<ele>1510.45</ele>
				<time>2026-09-20T03:31:12.414Z</time>
			</trkpt>
			<trkpt lat="40.40849" lon="-0.33446">
				<ele>1512.15</ele>
				<time>2026-09-20T03:31:13.489Z</time>
			</trkpt>
			<trkpt lat="40.40875" lon="-0.33412">
				<ele>1515.51</ele>
				<time>2026-09-20T03:31:15.300Z</time>
			</trkpt>
			<trkpt lat="40.4091" lon="-0.33381">
				<ele>1514.68</ele>
				<time>2026-09-20T03:31:17.387Z</time>
			</trkpt>
			<trkpt lat="40.4095" lon="-0.33355">
				<ele>1515.7</ele>
				<time>2026-09-20T03:31:19.598Z</time>
			</trkpt>
			<trkpt lat="40.41091" lon="-0.33272">
				<ele>1507.98</ele>
				<time>2026-09-20T03:31:27.285Z</time>
			</trkpt>
			<trkpt lat="40.41117" lon="-0.33258">
				<ele>1507.11</ele>
				<time>2026-09-20T03:31:28.689Z</time>
			</trkpt>
			<trkpt lat="40.41147" lon="-0.33249">
				<ele>1506.76</ele>
				<time>2026-09-20T03:31:30.228Z</time>
			</trkpt>
			<trkpt lat="40.41169" lon="-0.33245">
				<ele>1508.36</ele>
				<time>2026-09-20T03:31:31.340Z</time>
			</trkpt>
			<trkpt lat="40.41198" lon="-0.33247">
				<ele>1508.74</ele>
				<time>2026-09-20T03:31:32.796Z</time>
			</trkpt>
			<trkpt lat="40.41225" lon="-0.33257">
				<ele>1505.31</ele>
				<time>2026-09-20T03:31:34.205Z</time>
			</trkpt>
			<trkpt lat="40.41248" lon="-0.3327">
				<ele>1501.74</ele>
				<time>2026-09-20T03:31:35.463Z</time>
			</trkpt>
			<trkpt lat="40.41273" lon="-0.33287">
				<ele>1500.46</ele>
				<time>2026-09-20T03:31:36.880Z</time>
			</trkpt>
			<trkpt lat="40.41324" lon="-0.33329">
				<ele>1498.57</ele>
				<time>2026-09-20T03:31:39.916Z</time>
			</trkpt>
			<trkpt lat="40.41344" lon="-0.3334">
				<ele>1498.6</ele>
				<time>2026-09-20T03:31:41.012Z</time>
			</trkpt>
			<trkpt lat="40.41363" lon="-0.33345">
				<ele>1497.9</ele>
				<time>2026-09-20T03:31:41.992Z</time>
			</trkpt>
			<trkpt lat="40.41386" lon="-0.33338">
				<ele>1498.83</ele>
				<time>2026-09-20T03:31:43.187Z</time>
			</trkpt>
			<trkpt lat="40.41405" lon="-0.33321">
				<ele>1497.94</ele>
				<time>2026-09-20T03:31:44.352Z</time>
			</trkpt>
			<trkpt lat="40.41419" lon="-0.33299">
				<ele>1494.83</ele>
				<time>2026-09-20T03:31:45.460Z</time>
			</trkpt>
			<trkpt lat="40.41424" lon="-0.33278">
				<ele>1491</ele>
				<time>2026-09-20T03:31:46.310Z</time>
			</trkpt>
			<trkpt lat="40.41423" lon="-0.33254">
				<ele>1488.39</ele>
				<time>2026-09-20T03:31:47.241Z</time>
			</trkpt>
			<trkpt lat="40.41397" lon="-0.33151">
				<ele>1482.22</ele>
				<time>2026-09-20T03:31:51.450Z</time>
			</trkpt>
			<trkpt lat="40.4139" lon="-0.33101">
				<ele>1479.05</ele>
				<time>2026-09-20T03:31:53.427Z</time>
			</trkpt>
			<trkpt lat="40.4139" lon="-0.33044">
				<ele>1475.55</ele>
				<time>2026-09-20T03:31:55.649Z</time>
			</trkpt>
			<trkpt lat="40.41405" lon="-0.32873">
				<ele>1465.97</ele>
				<time>2026-09-20T03:32:02.387Z</time>
			</trkpt>
			<trkpt lat="40.41411" lon="-0.3284">
				<ele>1463.33</ele>
				<time>2026-09-20T03:32:03.720Z</time>
			</trkpt>
			<trkpt lat="40.41424" lon="-0.32817">
				<ele>1462.15</ele>
				<time>2026-09-20T03:32:04.847Z</time>
			</trkpt>
			<trkpt lat="40.41442" lon="-0.32803">
				<ele>1462.06</ele>
				<time>2026-09-20T03:32:05.929Z</time>
			</trkpt>
			<trkpt lat="40.41461" lon="-0.32794">
				<ele>1461.93</ele>
				<time>2026-09-20T03:32:06.975Z</time>
			</trkpt>
			<trkpt lat="40.41489" lon="-0.32784">
				<ele>1460.55</ele>
				<time>2026-09-20T03:32:08.479Z</time>
			</trkpt>
			<trkpt lat="40.41508" lon="-0.32771">
				<ele>1458.96</ele>
				<time>2026-09-20T03:32:09.591Z</time>
			</trkpt>
			<trkpt lat="40.41522" lon="-0.32752">
				<ele>1457.48</ele>
				<time>2026-09-20T03:32:10.637Z</time>
			</trkpt>
			<trkpt lat="40.41529" lon="-0.32733">
				<ele>1457.69</ele>
				<time>2026-09-20T03:32:11.473Z</time>
			</trkpt>
			<trkpt lat="40.41531" lon="-0.32711">
				<ele>1457.34</ele>
				<time>2026-09-20T03:32:12.351Z</time>
			</trkpt>
			<trkpt lat="40.41527" lon="-0.3269">
				<ele>1456.07</ele>
				<time>2026-09-20T03:32:13.210Z</time>
			</trkpt>
			<trkpt lat="40.41518" lon="-0.32666">
				<ele>1454.62</ele>
				<time>2026-09-20T03:32:14.272Z</time>
			</trkpt>
			<trkpt lat="40.41485" lon="-0.32598">
				<ele>1448.56</ele>
				<time>2026-09-20T03:32:17.480Z</time>
			</trkpt>
			<trkpt lat="40.4148" lon="-0.32565">
				<ele>1448.59</ele>
				<time>2026-09-20T03:32:18.821Z</time>
			</trkpt>
			<trkpt lat="40.41484" lon="-0.32535">
				<ele>1447.06</ele>
				<time>2026-09-20T03:32:20.037Z</time>
			</trkpt>
			<trkpt lat="40.41495" lon="-0.32508">
				<ele>1444.41</ele>
				<time>2026-09-20T03:32:21.261Z</time>
			</trkpt>
			<trkpt lat="40.4154" lon="-0.32438">
				<ele>1440.21</ele>
				<time>2026-09-20T03:32:24.931Z</time>
			</trkpt>
			<trkpt lat="40.41557" lon="-0.32402">
				<ele>1441.64</ele>
				<time>2026-09-20T03:32:26.633Z</time>
			</trkpt>
			<trkpt lat="40.41572" lon="-0.32361">
				<ele>1442.56</ele>
				<time>2026-09-20T03:32:28.463Z</time>
			</trkpt>
			<trkpt lat="40.4158" lon="-0.32314">
				<ele>1440.2</ele>
				<time>2026-09-20T03:32:30.405Z</time>
			</trkpt>
			<trkpt lat="40.41581" lon="-0.32262">
				<ele>1436.86</ele>
				<time>2026-09-20T03:32:32.506Z</time>
			</trkpt>
			<trkpt lat="40.41576" lon="-0.3222">
				<ele>1433.68</ele>
				<time>2026-09-20T03:32:34.226Z</time>
			</trkpt>
			<trkpt lat="40.41563" lon="-0.32144">
				<ele>1430.44</ele>
				<time>2026-09-20T03:32:37.386Z</time>
			</trkpt>
			<trkpt lat="40.41563" lon="-0.32113">
				<ele>1430.86</ele>
				<time>2026-09-20T03:32:38.646Z</time>
			</trkpt>
			<trkpt lat="40.41569" lon="-0.32076">
				<ele>1429.21</ele>
				<time>2026-09-20T03:32:40.186Z</time>
			</trkpt>
			<trkpt lat="40.41595" lon="-0.3198">
				<ele>1426.38</ele>
				<time>2026-09-20T03:32:44.346Z</time>
			</trkpt>
			<trkpt lat="40.41606" lon="-0.3195">
				<ele>1423.98</ele>
				<time>2026-09-20T03:32:45.709Z</time>
			</trkpt>
			<trkpt lat="40.4162" lon="-0.31922">
				<ele>1421.94</ele>
				<time>2026-09-20T03:32:47.082Z</time>
			</trkpt>
			<trkpt lat="40.41676" lon="-0.31824">
				<ele>1417.77</ele>
				<time>2026-09-20T03:32:52.121Z</time>
			</trkpt>
			<trkpt lat="40.41688" lon="-0.31807">
				<ele>1416.45</ele>
				<time>2026-09-20T03:32:53.077Z</time>
			</trkpt>
			<trkpt lat="40.41702" lon="-0.31798">
				<ele>1415.91</ele>
				<time>2026-09-20T03:32:53.922Z</time>
			</trkpt>
			<trkpt lat="40.41715" lon="-0.31798">
				<ele>1415.68</ele>
				<time>2026-09-20T03:32:54.628Z</time>
			</trkpt>
			<trkpt lat="40.41728" lon="-0.31801">
				<ele>1415.16</ele>
				<time>2026-09-20T03:32:55.345Z</time>
			</trkpt>
			<trkpt lat="40.4174" lon="-0.31808">
				<ele>1414.88</ele>
				<time>2026-09-20T03:32:56.058Z</time>
			</trkpt>
			<trkpt lat="40.41775" lon="-0.31846">
				<ele>1416.85</ele>
				<time>2026-09-20T03:32:58.530Z</time>
			</trkpt>
			<trkpt lat="40.41791" lon="-0.31857">
				<ele>1417.77</ele>
				<time>2026-09-20T03:32:59.514Z</time>
			</trkpt>
			<trkpt lat="40.41856" lon="-0.31878">
				<ele>1414.57</ele>
				<time>2026-09-20T03:33:03.173Z</time>
			</trkpt>
			<trkpt lat="40.41909" lon="-0.31888">
				<ele>1411.48</ele>
				<time>2026-09-20T03:33:06.109Z</time>
			</trkpt>
			<trkpt lat="40.42081" lon="-0.3187">
				<ele>1396.35</ele>
				<time>2026-09-20T03:33:15.629Z</time>
			</trkpt>
			<trkpt lat="40.42116" lon="-0.3186">
				<ele>1394.05</ele>
				<time>2026-09-20T03:33:17.617Z</time>
			</trkpt>
			<trkpt lat="40.42142" lon="-0.31855">
				<ele>1390.47</ele>
				<time>2026-09-20T03:33:19.078Z</time>
			</trkpt>
			<trkpt lat="40.42223" lon="-0.31871">
				<ele>1384.97</ele>
				<time>2026-09-20T03:33:23.646Z</time>
			</trkpt>
			<trkpt lat="40.42241" lon="-0.31871">
				<ele>1383.86</ele>
				<time>2026-09-20T03:33:24.653Z</time>
			</trkpt>
			<trkpt lat="40.42255" lon="-0.31865">
				<ele>1382.75</ele>
				<time>2026-09-20T03:33:25.477Z</time>
			</trkpt>
			<trkpt lat="40.42273" lon="-0.31847">
				<ele>1381.88</ele>
				<time>2026-09-20T03:33:26.745Z</time>
			</trkpt>
			<trkpt lat="40.42326" lon="-0.31786">
				<ele>1380.32</ele>
				<time>2026-09-20T03:33:30.704Z</time>
			</trkpt>
			<trkpt lat="40.42334" lon="-0.3178">
				<ele>1380.99</ele>
				<time>2026-09-20T03:33:31.223Z</time>
			</trkpt>
			<trkpt lat="40.42342" lon="-0.31776">
				<ele>1380.44</ele>
				<time>2026-09-20T03:33:31.705Z</time>
			</trkpt>
			<trkpt lat="40.42351" lon="-0.31777">
				<ele>1380.2</ele>
				<time>2026-09-20T03:33:32.214Z</time>
			</trkpt>
			<trkpt lat="40.42359" lon="-0.31782">
				<ele>1380.18</ele>
				<time>2026-09-20T03:33:32.714Z</time>
			</trkpt>
			<trkpt lat="40.42367" lon="-0.31793">
				<ele>1378.79</ele>
				<time>2026-09-20T03:33:33.368Z</time>
			</trkpt>
			<trkpt lat="40.42374" lon="-0.31815">
				<ele>1377.5</ele>
				<time>2026-09-20T03:33:34.393Z</time>
			</trkpt>
			<trkpt lat="40.42383" lon="-0.31872">
				<ele>1374.86</ele>
				<time>2026-09-20T03:33:36.900Z</time>
			</trkpt>
			<trkpt lat="40.42384" lon="-0.31893">
				<ele>1374.73</ele>
				<time>2026-09-20T03:33:37.808Z</time>
			</trkpt>
			<trkpt lat="40.42378" lon="-0.31942">
				<ele>1371.34</ele>
				<time>2026-09-20T03:33:39.953Z</time>
			</trkpt>
			<trkpt lat="40.4238" lon="-0.31958">
				<ele>1371.06</ele>
				<time>2026-09-20T03:33:40.655Z</time>
			</trkpt>
			<trkpt lat="40.42387" lon="-0.31972">
				<ele>1369.48</ele>
				<time>2026-09-20T03:33:41.380Z</time>
			</trkpt>
			<trkpt lat="40.424" lon="-0.3198">
				<ele>1368.1</ele>
				<time>2026-09-20T03:33:42.198Z</time>
			</trkpt>
			<trkpt lat="40.42412" lon="-0.31983">
				<ele>1366.05</ele>
				<time>2026-09-20T03:33:42.894Z</time>
			</trkpt>
			<trkpt lat="40.42472" lon="-0.31988">
				<ele>1366.19</ele>
				<time>2026-09-20T03:33:46.327Z</time>
			</trkpt>
			<trkpt lat="40.42485" lon="-0.31992">
				<ele>1365.19</ele>
				<time>2026-09-20T03:33:47.091Z</time>
			</trkpt>
			<trkpt lat="40.42519" lon="-0.32025">
				<ele>1364.25</ele>
				<time>2026-09-20T03:33:49.514Z</time>
			</trkpt>
			<trkpt lat="40.42532" lon="-0.32027">
				<ele>1362.91</ele>
				<time>2026-09-20T03:33:50.265Z</time>
			</trkpt>
			<trkpt lat="40.42546" lon="-0.32018">
				<ele>1362.15</ele>
				<time>2026-09-20T03:33:51.161Z</time>
			</trkpt>
			<trkpt lat="40.42554" lon="-0.31994">
				<ele>1360.01</ele>
				<time>2026-09-20T03:33:52.308Z</time>
			</trkpt>
			<trkpt lat="40.42555" lon="-0.31954">
				<ele>1353.63</ele>
				<time>2026-09-20T03:33:54.063Z</time>
			</trkpt>
			<trkpt lat="40.42559" lon="-0.31934">
				<ele>1351.63</ele>
				<time>2026-09-20T03:33:54.971Z</time>
			</trkpt>
			<trkpt lat="40.42566" lon="-0.31921">
				<ele>1351.14</ele>
				<time>2026-09-20T03:33:55.671Z</time>
			</trkpt>
			<trkpt lat="40.42619" lon="-0.31852">
				<ele>1351.64</ele>
				<time>2026-09-20T03:33:59.989Z</time>
			</trkpt>
			<trkpt lat="40.42633" lon="-0.31843">
				<ele>1350.63</ele>
				<time>2026-09-20T03:34:00.894Z</time>
			</trkpt>
			<trkpt lat="40.42648" lon="-0.31841">
				<ele>1348.79</ele>
				<time>2026-09-20T03:34:01.770Z</time>
			</trkpt>
			<trkpt lat="40.42661" lon="-0.31846">
				<ele>1347.45</ele>
				<time>2026-09-20T03:34:02.557Z</time>
			</trkpt>
			<trkpt lat="40.42685" lon="-0.31864">
				<ele>1345.88</ele>
				<time>2026-09-20T03:34:04.166Z</time>
			</trkpt>
			<trkpt lat="40.42784" lon="-0.31952">
				<ele>1341.72</ele>
				<time>2026-09-20T03:34:11.154Z</time>
			</trkpt>
			<trkpt lat="40.42914" lon="-0.32104">
				<ele>1328.06</ele>
				<time>2026-09-20T03:34:21.418Z</time>
			</trkpt>
			<trkpt lat="40.42935" lon="-0.32124">
				<ele>1328.21</ele>
				<time>2026-09-20T03:34:22.957Z</time>
			</trkpt>
			<trkpt lat="40.43031" lon="-0.32197">
				<ele>1325.08</ele>
				<time>2026-09-20T03:34:29.566Z</time>
			</trkpt>
			<trkpt lat="40.43044" lon="-0.32203">
				<ele>1325</ele>
				<time>2026-09-20T03:34:30.390Z</time>
			</trkpt>
			<trkpt lat="40.43052" lon="-0.32204">
				<ele>1324.58</ele>
				<time>2026-09-20T03:34:30.871Z</time>
			</trkpt>
			<trkpt lat="40.43068" lon="-0.32197">
				<ele>1324.5</ele>
				<time>2026-09-20T03:34:31.881Z</time>
			</trkpt>
			<trkpt lat="40.43092" lon="-0.3217">
				<ele>1326.89</ele>
				<time>2026-09-20T03:34:33.776Z</time>
			</trkpt>
			<trkpt lat="40.43098" lon="-0.32153">
				<ele>1328.87</ele>
				<time>2026-09-20T03:34:34.633Z</time>
			</trkpt>
			<trkpt lat="40.43099" lon="-0.32136">
				<ele>1329.8</ele>
				<time>2026-09-20T03:34:35.413Z</time>
			</trkpt>
			<trkpt lat="40.43096" lon="-0.32113">
				<ele>1329.16</ele>
				<time>2026-09-20T03:34:36.482Z</time>
			</trkpt>
			<trkpt lat="40.4307" lon="-0.3205">
				<ele>1324.33</ele>
				<time>2026-09-20T03:34:39.772Z</time>
			</trkpt>
			<trkpt lat="40.43051" lon="-0.31985">
				<ele>1314.92</ele>
				<time>2026-09-20T03:34:42.979Z</time>
			</trkpt>
			<trkpt lat="40.43048" lon="-0.31969">
				<ele>1313.45</ele>
				<time>2026-09-20T03:34:43.739Z</time>
			</trkpt>
			<trkpt lat="40.43049" lon="-0.31952">
				<ele>1313.03</ele>
				<time>2026-09-20T03:34:44.527Z</time>
			</trkpt>
			<trkpt lat="40.43087" lon="-0.3182">
				<ele>1307.38</ele>
				<time>2026-09-20T03:34:51.069Z</time>
			</trkpt>
			<trkpt lat="40.43094" lon="-0.31807">
				<ele>1306.84</ele>
				<time>2026-09-20T03:34:51.810Z</time>
			</trkpt>
			<trkpt lat="40.43113" lon="-0.31779">
				<ele>1304.38</ele>
				<time>2026-09-20T03:34:53.558Z</time>
			</trkpt>
			<trkpt lat="40.43147" lon="-0.3174">
				<ele>1303.67</ele>
				<time>2026-09-20T03:34:56.327Z</time>
			</trkpt>
			<trkpt lat="40.43201" lon="-0.31683">
				<ele>1299.51</ele>
				<time>2026-09-20T03:35:00.591Z</time>
			</trkpt>
			<trkpt lat="40.43211" lon="-0.31678">
				<ele>1299.49</ele>
				<time>2026-09-20T03:35:01.252Z</time>
			</trkpt>
			<trkpt lat="40.43248" lon="-0.31677">
				<ele>1302.23</ele>
				<time>2026-09-20T03:35:03.539Z</time>
			</trkpt>
			<trkpt lat="40.43258" lon="-0.31672">
				<ele>1301.75</ele>
				<time>2026-09-20T03:35:04.202Z</time>
			</trkpt>
			<trkpt lat="40.43293" lon="-0.31641">
				<ele>1296.82</ele>
				<time>2026-09-20T03:35:06.819Z</time>
			</trkpt>
			<trkpt lat="40.43306" lon="-0.31634">
				<ele>1295.64</ele>
				<time>2026-09-20T03:35:07.692Z</time>
			</trkpt>
			<trkpt lat="40.43318" lon="-0.31633">
				<ele>1294.26</ele>
				<time>2026-09-20T03:35:08.440Z</time>
			</trkpt>
			<trkpt lat="40.43328" lon="-0.31637">
				<ele>1294.71</ele>
				<time>2026-09-20T03:35:09.090Z</time>
			</trkpt>
			<trkpt lat="40.43391" lon="-0.31681">
				<ele>1288.94</ele>
				<time>2026-09-20T03:35:13.540Z</time>
			</trkpt>
			<trkpt lat="40.43411" lon="-0.31693">
				<ele>1291.53</ele>
				<time>2026-09-20T03:35:14.916Z</time>
			</trkpt>
			<trkpt lat="40.43423" lon="-0.31694">
				<ele>1292.68</ele>
				<time>2026-09-20T03:35:15.669Z</time>
			</trkpt>
			<trkpt lat="40.43434" lon="-0.3169">
				<ele>1293.31</ele>
				<time>2026-09-20T03:35:16.384Z</time>
			</trkpt>
			<trkpt lat="40.43445" lon="-0.31676">
				<ele>1291.59</ele>
				<time>2026-09-20T03:35:17.345Z</time>
			</trkpt>
			<trkpt lat="40.4348" lon="-0.31615">
				<ele>1285.86</ele>
				<time>2026-09-20T03:35:21.000Z</time>
			</trkpt>
			<trkpt lat="40.43488" lon="-0.31605">
				<ele>1285.89</ele>
				<time>2026-09-20T03:35:21.696Z</time>
			</trkpt>
			<trkpt lat="40.43497" lon="-0.31601">
				<ele>1286.57</ele>
				<time>2026-09-20T03:35:22.295Z</time>
			</trkpt>
			<trkpt lat="40.43508" lon="-0.31599">
				<ele>1287.8</ele>
				<time>2026-09-20T03:35:22.996Z</time>
			</trkpt>
			<trkpt lat="40.43545" lon="-0.31599">
				<ele>1293.8</ele>
				<time>2026-09-20T03:35:25.333Z</time>
			</trkpt>
			<trkpt lat="40.43555" lon="-0.31595">
				<ele>1293.86</ele>
				<time>2026-09-20T03:35:25.995Z</time>
			</trkpt>
			<trkpt lat="40.43604" lon="-0.31553">
				<ele>1284.22</ele>
				<time>2026-09-20T03:35:29.706Z</time>
			</trkpt>
			<trkpt lat="40.43616" lon="-0.3154">
				<ele>1281.16</ele>
				<time>2026-09-20T03:35:30.694Z</time>
			</trkpt>
			<trkpt lat="40.43637" lon="-0.3151">
				<ele>1275.01</ele>
				<time>2026-09-20T03:35:32.669Z</time>
			</trkpt>
			<trkpt lat="40.43646" lon="-0.31502">
				<ele>1273.75</ele>
				<time>2026-09-20T03:35:33.362Z</time>
			</trkpt>
			<trkpt lat="40.4366" lon="-0.31498">
				<ele>1273.39</ele>
				<time>2026-09-20T03:35:34.276Z</time>
			</trkpt>
			<trkpt lat="40.43699" lon="-0.31493">
				<ele>1277.87</ele>
				<time>2026-09-20T03:35:36.781Z</time>
			</trkpt>
			<trkpt lat="40.43713" lon="-0.31486">
				<ele>1278.88</ele>
				<time>2026-09-20T03:35:37.740Z</time>
			</trkpt>
			<trkpt lat="40.43722" lon="-0.31479">
				<ele>1278.34</ele>
				<time>2026-09-20T03:35:38.410Z</time>
			</trkpt>
			<trkpt lat="40.43733" lon="-0.31465">
				<ele>1276.53</ele>
				<time>2026-09-20T03:35:39.392Z</time>
			</trkpt>
			<trkpt lat="40.4374" lon="-0.31449">
				<ele>1273.92</ele>
				<time>2026-09-20T03:35:40.294Z</time>
			</trkpt>
			<trkpt lat="40.43751" lon="-0.31405">
				<ele>1263.44</ele>
				<time>2026-09-20T03:35:42.560Z</time>
			</trkpt>
			<trkpt lat="40.43759" lon="-0.31388">
				<ele>1260.68</ele>
				<time>2026-09-20T03:35:43.539Z</time>
			</trkpt>
			<trkpt lat="40.43767" lon="-0.31377">
				<ele>1259.1</ele>
				<time>2026-09-20T03:35:44.286Z</time>
			</trkpt>
			<trkpt lat="40.43779" lon="-0.3137">
				<ele>1259.81</ele>
				<time>2026-09-20T03:35:45.133Z</time>
			</trkpt>
			<trkpt lat="40.43794" lon="-0.31368">
				<ele>1264.04</ele>
				<time>2026-09-20T03:35:46.106Z</time>
			</trkpt>
			<trkpt lat="40.43855" lon="-0.31367">
				<ele>1263.23</ele>
				<time>2026-09-20T03:35:50.054Z</time>
			</trkpt>
			<trkpt lat="40.44002" lon="-0.31309">
				<ele>1257.62</ele>
				<time>2026-09-20T03:36:00.057Z</time>
			</trkpt>
			<trkpt lat="40.44015" lon="-0.31301">
				<ele>1254.15</ele>
				<time>2026-09-20T03:36:00.997Z</time>
			</trkpt>
			<trkpt lat="40.44074" lon="-0.31253">
				<ele>1248.98</ele>
				<time>2026-09-20T03:36:05.557Z</time>
			</trkpt>
			<trkpt lat="40.44103" lon="-0.31234">
				<ele>1248.58</ele>
				<time>2026-09-20T03:36:07.693Z</time>
			</trkpt>
			<trkpt lat="40.4422" lon="-0.31181">
				<ele>1245.22</ele>
				<time>2026-09-20T03:36:15.893Z</time>
			</trkpt>
			<trkpt lat="40.4431" lon="-0.31132">
				<ele>1231.54</ele>
				<time>2026-09-20T03:36:22.395Z</time>
			</trkpt>
			<trkpt lat="40.44327" lon="-0.31129">
				<ele>1230.25</ele>
				<time>2026-09-20T03:36:23.544Z</time>
			</trkpt>
			<trkpt lat="40.44371" lon="-0.31126">
				<ele>1229.25</ele>
				<time>2026-09-20T03:36:26.501Z</time>
			</trkpt>
			<trkpt lat="40.4439" lon="-0.31132">
				<ele>1231.14</ele>
				<time>2026-09-20T03:36:27.815Z</time>
			</trkpt>
			<trkpt lat="40.44432" lon="-0.31157">
				<ele>1238.61</ele>
				<time>2026-09-20T03:36:30.924Z</time>
			</trkpt>
			<trkpt lat="40.44443" lon="-0.3116">
				<ele>1238.85</ele>
				<time>2026-09-20T03:36:31.682Z</time>
			</trkpt>
			<trkpt lat="40.44521" lon="-0.31159">
				<ele>1227.61</ele>
				<time>2026-09-20T03:36:36.966Z</time>
			</trkpt>
			<trkpt lat="40.44569" lon="-0.31139">
				<ele>1226.55</ele>
				<time>2026-09-20T03:36:40.391Z</time>
			</trkpt>
			<trkpt lat="40.44594" lon="-0.3114">
				<ele>1227.48</ele>
				<time>2026-09-20T03:36:42.097Z</time>
			</trkpt>
			<trkpt lat="40.4473" lon="-0.31193">
				<ele>1215.12</ele>
				<time>2026-09-20T03:36:51.824Z</time>
			</trkpt>
			<trkpt lat="40.44823" lon="-0.31217">
				<ele>1213.21</ele>
				<time>2026-09-20T03:36:58.374Z</time>
			</trkpt>
			<trkpt lat="40.44841" lon="-0.3122">
				<ele>1212.25</ele>
				<time>2026-09-20T03:36:59.633Z</time>
			</trkpt>
			<trkpt lat="40.44861" lon="-0.31217">
				<ele>1209.85</ele>
				<time>2026-09-20T03:37:01.031Z</time>
			</trkpt>
			<trkpt lat="40.44939" lon="-0.31198">
				<ele>1206.34</ele>
				<time>2026-09-20T03:37:06.560Z</time>
			</trkpt>
			<trkpt lat="40.44958" lon="-0.312">
				<ele>1205.26</ele>
				<time>2026-09-20T03:37:07.892Z</time>
			</trkpt>
			<trkpt lat="40.45028" lon="-0.31218">
				<ele>1200.7</ele>
				<time>2026-09-20T03:37:12.895Z</time>
			</trkpt>
			<trkpt lat="40.4504" lon="-0.31224">
				<ele>1199.66</ele>
				<time>2026-09-20T03:37:13.798Z</time>
			</trkpt>
			<trkpt lat="40.45071" lon="-0.31257">
				<ele>1200.89</ele>
				<time>2026-09-20T03:37:16.608Z</time>
			</trkpt>
			<trkpt lat="40.45082" lon="-0.31264">
				<ele>1200</ele>
				<time>2026-09-20T03:37:17.471Z</time>
			</trkpt>
			<trkpt lat="40.45095" lon="-0.31262">
				<ele>1200.06</ele>
				<time>2026-09-20T03:37:18.395Z</time>
			</trkpt>
			<trkpt lat="40.45127" lon="-0.31239">
				<ele>1196.96</ele>
				<time>2026-09-20T03:37:20.976Z</time>
			</trkpt>
			<trkpt lat="40.45143" lon="-0.3123">
				<ele>1196.3</ele>
				<time>2026-09-20T03:37:22.210Z</time>
			</trkpt>
			<trkpt lat="40.45245" lon="-0.31195">
				<ele>1185.11</ele>
				<time>2026-09-20T03:37:29.713Z</time>
			</trkpt>
			<trkpt lat="40.45347" lon="-0.31177">
				<ele>1183.73</ele>
				<time>2026-09-20T03:37:37.089Z</time>
			</trkpt>
			<trkpt lat="40.45362" lon="-0.31178">
				<ele>1182.38</ele>
				<time>2026-09-20T03:37:38.170Z</time>
			</trkpt>
			<trkpt lat="40.45401" lon="-0.31201">
				<ele>1180.81</ele>
				<time>2026-09-20T03:37:41.252Z</time>
			</trkpt>
			<trkpt lat="40.45414" lon="-0.31204">
				<ele>1180.79</ele>
				<time>2026-09-20T03:37:42.205Z</time>
			</trkpt>
			<trkpt lat="40.45432" lon="-0.31201">
				<ele>1178.29</ele>
				<time>2026-09-20T03:37:43.517Z</time>
			</trkpt>
			<trkpt lat="40.45456" lon="-0.31192">
				<ele>1173.3</ele>
				<time>2026-09-20T03:37:45.325Z</time>
			</trkpt>
			<trkpt lat="40.4547" lon="-0.31192">
				<ele>1171.14</ele>
				<time>2026-09-20T03:37:46.340Z</time>
			</trkpt>
			<trkpt lat="40.45748" lon="-0.31254">
				<ele>1160.31</ele>
				<time>2026-09-20T03:38:06.992Z</time>
			</trkpt>
			<trkpt lat="40.45952" lon="-0.31286">
				<ele>1142.72</ele>
				<time>2026-09-20T03:38:22.289Z</time>
			</trkpt>
			<trkpt lat="40.46037" lon="-0.31294">
				<ele>1133.34</ele>
				<time>2026-09-20T03:38:28.698Z</time>
			</trkpt>
			<trkpt lat="40.46053" lon="-0.31293">
				<ele>1132.54</ele>
				<time>2026-09-20T03:38:29.906Z</time>
			</trkpt>
			<trkpt lat="40.46069" lon="-0.31287">
				<ele>1132.17</ele>
				<time>2026-09-20T03:38:31.163Z</time>
			</trkpt>
			<trkpt lat="40.46253" lon="-0.31148">
				<ele>1131.07</ele>
				<time>2026-09-20T03:38:47.321Z</time>
			</trkpt>
			<trkpt lat="40.46262" lon="-0.31135">
				<ele>1131.48</ele>
				<time>2026-09-20T03:38:48.347Z</time>
			</trkpt>
			<trkpt lat="40.46269" lon="-0.31131">
				<ele>1131.33</ele>
				<time>2026-09-20T03:38:48.933Z</time>
			</trkpt>
			<trkpt lat="40.46273" lon="-0.31132">
				<ele>1130.88</ele>
				<time>2026-09-20T03:38:49.246Z</time>
			</trkpt>
			<trkpt lat="40.46279" lon="-0.31148">
				<ele>1129</ele>
				<time>2026-09-20T03:38:50.289Z</time>
			</trkpt>
			<trkpt lat="40.46285" lon="-0.31154">
				<ele>1128.13</ele>
				<time>2026-09-20T03:38:50.869Z</time>
			</trkpt>
			<trkpt lat="40.46292" lon="-0.3116">
				<ele>1127.5</ele>
				<time>2026-09-20T03:38:51.512Z</time>
			</trkpt>
			<trkpt lat="40.46415" lon="-0.31206">
				<ele>1125.23</ele>
				<time>2026-09-20T03:39:01.763Z</time>
			</trkpt>
			<trkpt lat="40.46443" lon="-0.31212">
				<ele>1130.01</ele>
				<time>2026-09-20T03:39:04.156Z</time>
			</trkpt>
			<trkpt lat="40.46499" lon="-0.31212">
				<ele>1135.2</ele>
				<time>2026-09-20T03:39:08.807Z</time>
			</trkpt>
			<trkpt lat="40.46536" lon="-0.3121">
				<ele>1138.72</ele>
				<time>2026-09-20T03:39:11.832Z</time>
			</trkpt>
			<trkpt lat="40.46557" lon="-0.31204">
				<ele>1141.47</ele>
				<time>2026-09-20T03:39:13.569Z</time>
			</trkpt>
			<trkpt lat="40.4657" lon="-0.31199">
				<ele>1142.12</ele>
				<time>2026-09-20T03:39:14.657Z</time>
			</trkpt>
			<trkpt lat="40.4659" lon="-0.31185">
				<ele>1143.71</ele>
				<time>2026-09-20T03:39:16.466Z</time>
			</trkpt>
			<trkpt lat="40.4661" lon="-0.31165">
				<ele>1146.06</ele>
				<time>2026-09-20T03:39:18.455Z</time>
			</trkpt>
			<trkpt lat="40.46676" lon="-0.31064">
				<ele>1152.89</ele>
				<time>2026-09-20T03:39:26.301Z</time>
			</trkpt>
			<trkpt lat="40.467" lon="-0.31034">
				<ele>1154.67</ele>
				<time>2026-09-20T03:39:28.809Z</time>
			</trkpt>
			<trkpt lat="40.46721" lon="-0.31015">
				<ele>1156.4</ele>
				<time>2026-09-20T03:39:30.720Z</time>
			</trkpt>
			<trkpt lat="40.46762" lon="-0.30987">
				<ele>1160.79</ele>
				<time>2026-09-20T03:39:34.143Z</time>
			</trkpt>
			<trkpt lat="40.46779" lon="-0.30978">
				<ele>1163.06</ele>
				<time>2026-09-20T03:39:35.487Z</time>
			</trkpt>
			<trkpt lat="40.46815" lon="-0.30964">
				<ele>1168.24</ele>
				<time>2026-09-20T03:39:38.214Z</time>
			</trkpt>
			<trkpt lat="40.4683" lon="-0.30961">
				<ele>1169.29</ele>
				<time>2026-09-20T03:39:39.307Z</time>
			</trkpt>
			<trkpt lat="40.4686" lon="-0.30957">
				<ele>1169.56</ele>
				<time>2026-09-20T03:39:41.464Z</time>
			</trkpt>
			<trkpt lat="40.46888" lon="-0.30957">
				<ele>1170.42</ele>
				<time>2026-09-20T03:39:43.449Z</time>
			</trkpt>
			<trkpt lat="40.4691" lon="-0.3096">
				<ele>1173.6</ele>
				<time>2026-09-20T03:39:45.004Z</time>
			</trkpt>
			<trkpt lat="40.46935" lon="-0.30966">
				<ele>1177.43</ele>
				<time>2026-09-20T03:39:46.779Z</time>
			</trkpt>
			<trkpt lat="40.46993" lon="-0.30987">
				<ele>1183.88</ele>
				<time>2026-09-20T03:39:50.926Z</time>
			</trkpt>
			<trkpt lat="40.47084" lon="-0.31039">
				<ele>1186.78</ele>
				<time>2026-09-20T03:39:57.609Z</time>
			</trkpt>
			<trkpt lat="40.47109" lon="-0.31047">
				<ele>1188.25</ele>
				<time>2026-09-20T03:39:59.312Z</time>
			</trkpt>
			<trkpt lat="40.47132" lon="-0.3105">
				<ele>1189.31</ele>
				<time>2026-09-20T03:40:00.832Z</time>
			</trkpt>
			<trkpt lat="40.47213" lon="-0.31048">
				<ele>1193.74</ele>
				<time>2026-09-20T03:40:06.086Z</time>
			</trkpt>
			<trkpt lat="40.47238" lon="-0.31053">
				<ele>1195.34</ele>
				<time>2026-09-20T03:40:07.704Z</time>
			</trkpt>
			<trkpt lat="40.47378" lon="-0.31094">
				<ele>1204.88</ele>
				<time>2026-09-20T03:40:16.697Z</time>
			</trkpt>
			<trkpt lat="40.47431" lon="-0.31113">
				<ele>1207.53</ele>
				<time>2026-09-20T03:40:20.067Z</time>
			</trkpt>
			<trkpt lat="40.4758" lon="-0.31178">
				<ele>1211.5</ele>
				<time>2026-09-20T03:40:29.498Z</time>
			</trkpt>
			<trkpt lat="40.47616" lon="-0.312">
				<ele>1213.34</ele>
				<time>2026-09-20T03:40:31.842Z</time>
			</trkpt>
			<trkpt lat="40.47667" lon="-0.31241">
				<ele>1213.34</ele>
				<time>2026-09-20T03:40:35.345Z</time>
			</trkpt>
			<trkpt lat="40.47705" lon="-0.31279">
				<ele>1214.61</ele>
				<time>2026-09-20T03:40:38.121Z</time>
			</trkpt>
			<trkpt lat="40.47746" lon="-0.31328">
				<ele>1214.92</ele>
				<time>2026-09-20T03:40:41.323Z</time>
			</trkpt>
			<trkpt lat="40.47785" lon="-0.31379">
				<ele>1213.64</ele>
				<time>2026-09-20T03:40:44.482Z</time>
			</trkpt>
			<trkpt lat="40.4781" lon="-0.31423">
				<ele>1215.08</ele>
				<time>2026-09-20T03:40:46.869Z</time>
			</trkpt>
			<trkpt lat="40.47822" lon="-0.3145">
				<ele>1213.88</ele>
				<time>2026-09-20T03:40:48.225Z</time>
			</trkpt>
			<trkpt lat="40.47844" lon="-0.3151">
				<ele>1210.93</ele>
				<time>2026-09-20T03:40:51.105Z</time>
			</trkpt>
			<trkpt lat="40.4788" lon="-0.31623">
				<ele>1214.84</ele>
				<time>2026-09-20T03:40:56.379Z</time>
			</trkpt>
			<trkpt lat="40.47892" lon="-0.31646">
				<ele>1215.93</ele>
				<time>2026-09-20T03:40:57.577Z</time>
			</trkpt>
			<trkpt lat="40.47906" lon="-0.31666">
				<ele>1216.6</ele>
				<time>2026-09-20T03:40:58.743Z</time>
			</trkpt>
			<trkpt lat="40.47919" lon="-0.31679">
				<ele>1218.15</ele>
				<time>2026-09-20T03:40:59.665Z</time>
			</trkpt>
			<trkpt lat="40.47947" lon="-0.31701">
				<ele>1222.34</ele>
				<time>2026-09-20T03:41:01.504Z</time>
			</trkpt>
			<trkpt lat="40.47998" lon="-0.31733">
				<ele>1225.32</ele>
				<time>2026-09-20T03:41:04.689Z</time>
			</trkpt>
			<trkpt lat="40.48011" lon="-0.31738">
				<ele>1225.11</ele>
				<time>2026-09-20T03:41:05.452Z</time>
			</trkpt>
			<trkpt lat="40.48025" lon="-0.31752">
				<ele>1225.07</ele>
				<time>2026-09-20T03:41:06.444Z</time>
			</trkpt>
			<trkpt lat="40.48036" lon="-0.31775">
				<ele>1223.76</ele>
				<time>2026-09-20T03:41:07.609Z</time>
			</trkpt>
			<trkpt lat="40.48035" lon="-0.31797">
				<ele>1224.23</ele>
				<time>2026-09-20T03:41:08.555Z</time>
			</trkpt>
			<trkpt lat="40.48039" lon="-0.31813">
				<ele>1224.38</ele>
				<time>2026-09-20T03:41:09.279Z</time>
			</trkpt>
			<trkpt lat="40.48047" lon="-0.3183">
				<ele>1224.43</ele>
				<time>2026-09-20T03:41:10.137Z</time>
			</trkpt>
			<trkpt lat="40.48069" lon="-0.31859">
				<ele>1224.33</ele>
				<time>2026-09-20T03:41:11.898Z</time>
			</trkpt>
			<trkpt lat="40.48083" lon="-0.31891">
				<ele>1226.12</ele>
				<time>2026-09-20T03:41:13.487Z</time>
			</trkpt>
			<trkpt lat="40.48104" lon="-0.3193">
				<ele>1230</ele>
				<time>2026-09-20T03:41:15.548Z</time>
			</trkpt>
			<trkpt lat="40.4813" lon="-0.31959">
				<ele>1230.09</ele>
				<time>2026-09-20T03:41:17.486Z</time>
			</trkpt>
			<trkpt lat="40.48139" lon="-0.31974">
				<ele>1230.04</ele>
				<time>2026-09-20T03:41:18.313Z</time>
			</trkpt>
			<trkpt lat="40.4815" lon="-0.32024">
				<ele>1231.84</ele>
				<time>2026-09-20T03:41:20.572Z</time>
			</trkpt>
			<trkpt lat="40.48153" lon="-0.32061">
				<ele>1233.48</ele>
				<time>2026-09-20T03:41:22.192Z</time>
			</trkpt>
			<trkpt lat="40.48153" lon="-0.3213">
				<ele>1235.15</ele>
				<time>2026-09-20T03:41:25.208Z</time>
			</trkpt>
			<trkpt lat="40.4815" lon="-0.32167">
				<ele>1237.57</ele>
				<time>2026-09-20T03:41:26.841Z</time>
			</trkpt>
			<trkpt lat="40.48142" lon="-0.32201">
				<ele>1241.87</ele>
				<time>2026-09-20T03:41:28.409Z</time>
			</trkpt>
			<trkpt lat="40.48127" lon="-0.32245">
				<ele>1246.56</ele>
				<time>2026-09-20T03:41:30.541Z</time>
			</trkpt>
			<trkpt lat="40.48114" lon="-0.32292">
				<ele>1247.44</ele>
				<time>2026-09-20T03:41:32.765Z</time>
			</trkpt>
			<trkpt lat="40.48112" lon="-0.32305">
				<ele>1247.02</ele>
				<time>2026-09-20T03:41:33.357Z</time>
			</trkpt>
			<trkpt lat="40.48111" lon="-0.32329">
				<ele>1247.82</ele>
				<time>2026-09-20T03:41:34.431Z</time>
			</trkpt>
			<trkpt lat="40.48114" lon="-0.32355">
				<ele>1248.58</ele>
				<time>2026-09-20T03:41:35.610Z</time>
			</trkpt>
			<trkpt lat="40.48118" lon="-0.32373">
				<ele>1248.91</ele>
				<time>2026-09-20T03:41:36.454Z</time>
			</trkpt>
			<trkpt lat="40.48125" lon="-0.32397">
				<ele>1249.34</ele>
				<time>2026-09-20T03:41:37.613Z</time>
			</trkpt>
			<trkpt lat="40.48172" lon="-0.32501">
				<ele>1256.61</ele>
				<time>2026-09-20T03:41:43.036Z</time>
			</trkpt>
			<trkpt lat="40.48187" lon="-0.32542">
				<ele>1258.32</ele>
				<time>2026-09-20T03:41:45.060Z</time>
			</trkpt>
			<trkpt lat="40.48234" lon="-0.32689">
				<ele>1266.81</ele>
				<time>2026-09-20T03:41:52.084Z</time>
			</trkpt>
			<trkpt lat="40.48253" lon="-0.32738">
				<ele>1268.01</ele>
				<time>2026-09-20T03:41:54.483Z</time>
			</trkpt>
			<trkpt lat="40.48275" lon="-0.32777">
				<ele>1270.87</ele>
				<time>2026-09-20T03:41:56.591Z</time>
			</trkpt>
			<trkpt lat="40.48304" lon="-0.32816">
				<ele>1273.33</ele>
				<time>2026-09-20T03:41:58.947Z</time>
			</trkpt>
			<trkpt lat="40.4832" lon="-0.32835">
				<ele>1275.18</ele>
				<time>2026-09-20T03:42:00.167Z</time>
			</trkpt>
			<trkpt lat="40.48387" lon="-0.32899">
				<ele>1288.94</ele>
				<time>2026-09-20T03:42:04.823Z</time>
			</trkpt>
			<trkpt lat="40.48403" lon="-0.32917">
				<ele>1291</ele>
				<time>2026-09-20T03:42:06.000Z</time>
			</trkpt>
			<trkpt lat="40.48421" lon="-0.32942">
				<ele>1292.53</ele>
				<time>2026-09-20T03:42:07.460Z</time>
			</trkpt>
			<trkpt lat="40.48438" lon="-0.32976">
				<ele>1292.98</ele>
				<time>2026-09-20T03:42:09.179Z</time>
			</trkpt>
			<trkpt lat="40.48454" lon="-0.33015">
				<ele>1297.82</ele>
				<time>2026-09-20T03:42:11.044Z</time>
			</trkpt>
			<trkpt lat="40.48464" lon="-0.33055">
				<ele>1301.63</ele>
				<time>2026-09-20T03:42:12.809Z</time>
			</trkpt>
			<trkpt lat="40.48469" lon="-0.33082">
				<ele>1301.99</ele>
				<time>2026-09-20T03:42:13.971Z</time>
			</trkpt>
			<trkpt lat="40.4847" lon="-0.33099">
				<ele>1301.49</ele>
				<time>2026-09-20T03:42:14.682Z</time>
			</trkpt>
			<trkpt lat="40.48471" lon="-0.33155">
				<ele>1299.43</ele>
				<time>2026-09-20T03:42:17.012Z</time>
			</trkpt>
			<trkpt lat="40.48469" lon="-0.33182">
				<ele>1299.04</ele>
				<time>2026-09-20T03:42:18.136Z</time>
			</trkpt>
			<trkpt lat="40.48463" lon="-0.33244">
				<ele>1299.31</ele>
				<time>2026-09-20T03:42:20.717Z</time>
			</trkpt>
			<trkpt lat="40.48451" lon="-0.33325">
				<ele>1298.9</ele>
				<time>2026-09-20T03:42:24.103Z</time>
			</trkpt>
			<trkpt lat="40.48435" lon="-0.334">
				<ele>1293.57</ele>
				<time>2026-09-20T03:42:27.278Z</time>
			</trkpt>
			<trkpt lat="40.48424" lon="-0.33444">
				<ele>1294.29</ele>
				<time>2026-09-20T03:42:29.156Z</time>
			</trkpt>
			<trkpt lat="40.48399" lon="-0.33532">
				<ele>1290.25</ele>
				<time>2026-09-20T03:42:32.944Z</time>
			</trkpt>
			<trkpt lat="40.48371" lon="-0.33622">
				<ele>1289.1</ele>
				<time>2026-09-20T03:42:36.835Z</time>
			</trkpt>
			<trkpt lat="40.48357" lon="-0.33676">
				<ele>1285.11</ele>
				<time>2026-09-20T03:42:39.105Z</time>
			</trkpt>
			<trkpt lat="40.48341" lon="-0.33749">
				<ele>1280.55</ele>
				<time>2026-09-20T03:42:42.111Z</time>
			</trkpt>
			<trkpt lat="40.48328" lon="-0.33836">
				<ele>1281.1</ele>
				<time>2026-09-20T03:42:45.597Z</time>
			</trkpt>
			<trkpt lat="40.48321" lon="-0.3391">
				<ele>1279.5</ele>
				<time>2026-09-20T03:42:48.512Z</time>
			</trkpt>
			<trkpt lat="40.48319" lon="-0.33984">
				<ele>1279.9</ele>
				<time>2026-09-20T03:42:51.390Z</time>
			</trkpt>
			<trkpt lat="40.4832" lon="-0.34065">
				<ele>1285.49</ele>
				<time>2026-09-20T03:42:54.521Z</time>
			</trkpt>
			<trkpt lat="40.48323" lon="-0.34099">
				<ele>1289.69</ele>
				<time>2026-09-20T03:42:55.839Z</time>
			</trkpt>
			<trkpt lat="40.48331" lon="-0.34175">
				<ele>1296.02</ele>
				<time>2026-09-20T03:42:58.781Z</time>
			</trkpt>
			<trkpt lat="40.48345" lon="-0.34259">
				<ele>1299.04</ele>
				<time>2026-09-20T03:43:02.060Z</time>
			</trkpt>
			<trkpt lat="40.48358" lon="-0.34316">
				<ele>1305.48</ele>
				<time>2026-09-20T03:43:04.318Z</time>
			</trkpt>
			<trkpt lat="40.48368" lon="-0.34352">
				<ele>1309.58</ele>
				<time>2026-09-20T03:43:05.767Z</time>
			</trkpt>
			<trkpt lat="40.48393" lon="-0.34427">
				<ele>1312.82</ele>
				<time>2026-09-20T03:43:08.852Z</time>
			</trkpt>
			<trkpt lat="40.48419" lon="-0.34482">
				<ele>1320.66</ele>
				<time>2026-09-20T03:43:11.281Z</time>
			</trkpt>
			<trkpt lat="40.48432" lon="-0.34505">
				<ele>1324.28</ele>
				<time>2026-09-20T03:43:12.352Z</time>
			</trkpt>
			<trkpt lat="40.48449" lon="-0.3453">
				<ele>1326.19</ele>
				<time>2026-09-20T03:43:13.603Z</time>
			</trkpt>
			<trkpt lat="40.48551" lon="-0.34653">
				<ele>1326.72</ele>
				<time>2026-09-20T03:43:20.349Z</time>
			</trkpt>
			<trkpt lat="40.48575" lon="-0.34689">
				<ele>1332.88</ele>
				<time>2026-09-20T03:43:22.112Z</time>
			</trkpt>
			<trkpt lat="40.48601" lon="-0.34744">
				<ele>1331.59</ele>
				<time>2026-09-20T03:43:24.489Z</time>
			</trkpt>
			<trkpt lat="40.48714" lon="-0.35043">
				<ele>1328.39</ele>
				<time>2026-09-20T03:43:36.614Z</time>
			</trkpt>
			<trkpt lat="40.48729" lon="-0.35093">
				<ele>1327.33</ele>
				<time>2026-09-20T03:43:38.547Z</time>
			</trkpt>
			<trkpt lat="40.48732" lon="-0.35112">
				<ele>1326.45</ele>
				<time>2026-09-20T03:43:39.243Z</time>
			</trkpt>
			<trkpt lat="40.48735" lon="-0.35134">
				<ele>1325.84</ele>
				<time>2026-09-20T03:43:40.045Z</time>
			</trkpt>
			<trkpt lat="40.48736" lon="-0.35183">
				<ele>1326.03</ele>
				<time>2026-09-20T03:43:41.800Z</time>
			</trkpt>
			<trkpt lat="40.48727" lon="-0.35309">
				<ele>1325.31</ele>
				<time>2026-09-20T03:43:46.313Z</time>
			</trkpt>
			<trkpt lat="40.48725" lon="-0.35372">
				<ele>1321.24</ele>
				<time>2026-09-20T03:43:48.553Z</time>
			</trkpt>
			<trkpt lat="40.48725" lon="-0.35426">
				<ele>1320.58</ele>
				<time>2026-09-20T03:43:50.467Z</time>
			</trkpt>
			<trkpt lat="40.48727" lon="-0.35464">
				<ele>1319.42</ele>
				<time>2026-09-20T03:43:51.814Z</time>
			</trkpt>
			<trkpt lat="40.48736" lon="-0.35539">
				<ele>1318.76</ele>
				<time>2026-09-20T03:43:54.494Z</time>
			</trkpt>
			<trkpt lat="40.48749" lon="-0.35609">
				<ele>1310.37</ele>
				<time>2026-09-20T03:43:57.030Z</time>
			</trkpt>
			<trkpt lat="40.4877" lon="-0.35691">
				<ele>1301.88</ele>
				<time>2026-09-20T03:44:00.067Z</time>
			</trkpt>
			<trkpt lat="40.48788" lon="-0.35746">
				<ele>1295.68</ele>
				<time>2026-09-20T03:44:02.163Z</time>
			</trkpt>
			<trkpt lat="40.48806" lon="-0.35795">
				<ele>1294.52</ele>
				<time>2026-09-20T03:44:04.065Z</time>
			</trkpt>
			<trkpt lat="40.48829" lon="-0.35846">
				<ele>1296.83</ele>
				<time>2026-09-20T03:44:06.134Z</time>
			</trkpt>
			<trkpt lat="40.48849" lon="-0.35885">
				<ele>1304.03</ele>
				<time>2026-09-20T03:44:07.772Z</time>
			</trkpt>
			<trkpt lat="40.48873" lon="-0.35927">
				<ele>1312.03</ele>
				<time>2026-09-20T03:44:09.600Z</time>
			</trkpt>
			<trkpt lat="40.48898" lon="-0.35967">
				<ele>1317.12</ele>
				<time>2026-09-20T03:44:11.398Z</time>
			</trkpt>
			<trkpt lat="40.48919" lon="-0.35995">
				<ele>1320.44</ele>
				<time>2026-09-20T03:44:12.763Z</time>
			</trkpt>
			<trkpt lat="40.49" lon="-0.36088">
				<ele>1331.3</ele>
				<time>2026-09-20T03:44:17.659Z</time>
			</trkpt>
			<trkpt lat="40.49473" lon="-0.36561">
				<ele>1382.19</ele>
				<time>2026-09-20T03:44:44.521Z</time>
			</trkpt>
			<trkpt lat="40.49493" lon="-0.36584">
				<ele>1385.64</ele>
				<time>2026-09-20T03:44:45.718Z</time>
			</trkpt>
			<trkpt lat="40.49519" lon="-0.36618">
				<ele>1387.21</ele>
				<time>2026-09-20T03:44:47.371Z</time>
			</trkpt>
			<trkpt lat="40.49552" lon="-0.36671">
				<ele>1386.58</ele>
				<time>2026-09-20T03:44:49.719Z</time>
			</trkpt>
			<trkpt lat="40.49568" lon="-0.36703">
				<ele>1387.48</ele>
				<time>2026-09-20T03:44:51.031Z</time>
			</trkpt>
			<trkpt lat="40.49602" lon="-0.36786">
				<ele>1388.62</ele>
				<time>2026-09-20T03:44:54.264Z</time>
			</trkpt>
			<trkpt lat="40.49632" lon="-0.36863">
				<ele>1382.33</ele>
				<time>2026-09-20T03:44:57.232Z</time>
			</trkpt>
			<trkpt lat="40.49647" lon="-0.36908">
				<ele>1382.64</ele>
				<time>2026-09-20T03:44:58.919Z</time>
			</trkpt>
			<trkpt lat="40.49657" lon="-0.36954">
				<ele>1383.49</ele>
				<time>2026-09-20T03:45:00.562Z</time>
			</trkpt>
			<trkpt lat="40.49664" lon="-0.36995">
				<ele>1385.87</ele>
				<time>2026-09-20T03:45:02.006Z</time>
			</trkpt>
			<trkpt lat="40.49666" lon="-0.37022">
				<ele>1387.7</ele>
				<time>2026-09-20T03:45:02.938Z</time>
			</trkpt>
			<trkpt lat="40.49665" lon="-0.37079">
				<ele>1389.46</ele>
				<time>2026-09-20T03:45:04.899Z</time>
			</trkpt>
			<trkpt lat="40.49659" lon="-0.37159">
				<ele>1387.67</ele>
				<time>2026-09-20T03:45:07.666Z</time>
			</trkpt>
			<trkpt lat="40.49659" lon="-0.37195">
				<ele>1387.35</ele>
				<time>2026-09-20T03:45:08.907Z</time>
			</trkpt>
			<trkpt lat="40.49668" lon="-0.37253">
				<ele>1388.1</ele>
				<time>2026-09-20T03:45:10.948Z</time>
			</trkpt>
			<trkpt lat="40.49688" lon="-0.37331">
				<ele>1391.46</ele>
				<time>2026-09-20T03:45:13.791Z</time>
			</trkpt>
			<trkpt lat="40.49693" lon="-0.3736">
				<ele>1393.06</ele>
				<time>2026-09-20T03:45:14.819Z</time>
			</trkpt>
			<trkpt lat="40.49698" lon="-0.37403">
				<ele>1394.29</ele>
				<time>2026-09-20T03:45:16.324Z</time>
			</trkpt>
			<trkpt lat="40.49697" lon="-0.37428">
				<ele>1394.5</ele>
				<time>2026-09-20T03:45:17.190Z</time>
			</trkpt>
			<trkpt lat="40.49693" lon="-0.37454">
				<ele>1394.5</ele>
				<time>2026-09-20T03:45:18.109Z</time>
			</trkpt>
			<trkpt lat="40.49679" lon="-0.37527">
				<ele>1396.81</ele>
				<time>2026-09-20T03:45:20.721Z</time>
			</trkpt>
			<trkpt lat="40.49652" lon="-0.37638">
				<ele>1398.62</ele>
				<time>2026-09-20T03:45:24.773Z</time>
			</trkpt>
			<trkpt lat="40.49625" lon="-0.37731">
				<ele>1397.45</ele>
				<time>2026-09-20T03:45:28.245Z</time>
			</trkpt>
			<trkpt lat="40.49614" lon="-0.37775">
				<ele>1397.58</ele>
				<time>2026-09-20T03:45:29.864Z</time>
			</trkpt>
			<trkpt lat="40.49612" lon="-0.37794">
				<ele>1398.36</ele>
				<time>2026-09-20T03:45:30.535Z</time>
			</trkpt>
			<trkpt lat="40.49612" lon="-0.37811">
				<ele>1398.84</ele>
				<time>2026-09-20T03:45:31.130Z</time>
			</trkpt>
			<trkpt lat="40.49618" lon="-0.37848">
				<ele>1398.92</ele>
				<time>2026-09-20T03:45:32.456Z</time>
			</trkpt>
			<trkpt lat="40.49623" lon="-0.37863">
				<ele>1398.26</ele>
				<time>2026-09-20T03:45:33.031Z</time>
			</trkpt>
			<trkpt lat="40.49636" lon="-0.37892">
				<ele>1397.18</ele>
				<time>2026-09-20T03:45:34.212Z</time>
			</trkpt>
			<trkpt lat="40.49644" lon="-0.37904">
				<ele>1396.96</ele>
				<time>2026-09-20T03:45:34.773Z</time>
			</trkpt>
			<trkpt lat="40.49663" lon="-0.37923">
				<ele>1396.79</ele>
				<time>2026-09-20T03:45:35.877Z</time>
			</trkpt>
			<trkpt lat="40.49675" lon="-0.37933">
				<ele>1396.3</ele>
				<time>2026-09-20T03:45:36.534Z</time>
			</trkpt>
			<trkpt lat="40.49697" lon="-0.37942">
				<ele>1395.83</ele>
				<time>2026-09-20T03:45:37.602Z</time>
			</trkpt>
			<trkpt lat="40.49722" lon="-0.37945">
				<ele>1397.07</ele>
				<time>2026-09-20T03:45:38.766Z</time>
			</trkpt>
			<trkpt lat="40.49814" lon="-0.37937">
				<ele>1402.12</ele>
				<time>2026-09-20T03:45:43.055Z</time>
			</trkpt>
			<trkpt lat="40.49861" lon="-0.37941">
				<ele>1401.37</ele>
				<time>2026-09-20T03:45:45.254Z</time>
			</trkpt>
			<trkpt lat="40.49907" lon="-0.37952">
				<ele>1400.59</ele>
				<time>2026-09-20T03:45:47.443Z</time>
			</trkpt>
			<trkpt lat="40.49943" lon="-0.37968">
				<ele>1400.95</ele>
				<time>2026-09-20T03:45:49.226Z</time>
			</trkpt>
			<trkpt lat="40.49976" lon="-0.37988">
				<ele>1402.31</ele>
				<time>2026-09-20T03:45:50.934Z</time>
			</trkpt>
			<trkpt lat="40.50007" lon="-0.38012">
				<ele>1402.9</ele>
				<time>2026-09-20T03:45:52.630Z</time>
			</trkpt>
			<trkpt lat="40.50038" lon="-0.38043">
				<ele>1402.98</ele>
				<time>2026-09-20T03:45:54.469Z</time>
			</trkpt>
			<trkpt lat="40.50069" lon="-0.38084">
				<ele>1403.53</ele>
				<time>2026-09-20T03:45:56.552Z</time>
			</trkpt>
			<trkpt lat="40.50082" lon="-0.38106">
				<ele>1403.69</ele>
				<time>2026-09-20T03:45:57.557Z</time>
			</trkpt>
			<trkpt lat="40.50104" lon="-0.3815">
				<ele>1410.05</ele>
				<time>2026-09-20T03:45:59.461Z</time>
			</trkpt>
			<trkpt lat="40.50116" lon="-0.38177">
				<ele>1409.58</ele>
				<time>2026-09-20T03:46:00.595Z</time>
			</trkpt>
			<trkpt lat="40.5013" lon="-0.38216">
				<ele>1403.67</ele>
				<time>2026-09-20T03:46:02.161Z</time>
			</trkpt>
			<trkpt lat="40.50144" lon="-0.38267">
				<ele>1404.37</ele>
				<time>2026-09-20T03:46:04.134Z</time>
			</trkpt>
			<trkpt lat="40.50148" lon="-0.38296">
				<ele>1406.04</ele>
				<time>2026-09-20T03:46:05.210Z</time>
			</trkpt>
			<trkpt lat="40.5016" lon="-0.38386">
				<ele>1405.4</ele>
				<time>2026-09-20T03:46:08.554Z</time>
			</trkpt>
			<trkpt lat="40.5017" lon="-0.38439">
				<ele>1404.25</ele>
				<time>2026-09-20T03:46:10.561Z</time>
			</trkpt>
			<trkpt lat="40.5018" lon="-0.38473">
				<ele>1403.53</ele>
				<time>2026-09-20T03:46:11.904Z</time>
			</trkpt>
			<trkpt lat="40.50188" lon="-0.38495">
				<ele>1404.64</ele>
				<time>2026-09-20T03:46:12.805Z</time>
			</trkpt>
			<trkpt lat="40.50206" lon="-0.3853">
				<ele>1407.05</ele>
				<time>2026-09-20T03:46:14.367Z</time>
			</trkpt>
			<trkpt lat="40.50228" lon="-0.38564">
				<ele>1407.81</ele>
				<time>2026-09-20T03:46:16.023Z</time>
			</trkpt>
			<trkpt lat="40.50268" lon="-0.38614">
				<ele>1408.67</ele>
				<time>2026-09-20T03:46:18.723Z</time>
			</trkpt>
			<trkpt lat="40.50319" lon="-0.38664">
				<ele>1411.28</ele>
				<time>2026-09-20T03:46:21.852Z</time>
			</trkpt>
			<trkpt lat="40.50342" lon="-0.38683">
				<ele>1411.43</ele>
				<time>2026-09-20T03:46:23.192Z</time>
			</trkpt>
			<trkpt lat="40.50394" lon="-0.38719">
				<ele>1413.97</ele>
				<time>2026-09-20T03:46:26.103Z</time>
			</trkpt>
			<trkpt lat="40.50516" lon="-0.38787">
				<ele>1426.33</ele>
				<time>2026-09-20T03:46:32.723Z</time>
			</trkpt>
			<trkpt lat="40.50561" lon="-0.38815">
				<ele>1427.12</ele>
				<time>2026-09-20T03:46:35.230Z</time>
			</trkpt>
			<trkpt lat="40.50608" lon="-0.38853">
				<ele>1423.57</ele>
				<time>2026-09-20T03:46:38.022Z</time>
			</trkpt>
			<trkpt lat="40.50636" lon="-0.38879">
				<ele>1418.21</ele>
				<time>2026-09-20T03:46:39.764Z</time>
			</trkpt>
			<trkpt lat="40.50669" lon="-0.38915">
				<ele>1414.11</ele>
				<time>2026-09-20T03:46:41.950Z</time>
			</trkpt>
			<trkpt lat="40.50704" lon="-0.38957">
				<ele>1417.73</ele>
				<time>2026-09-20T03:46:44.378Z</time>
			</trkpt>
			<trkpt lat="40.5073" lon="-0.38994">
				<ele>1418.67</ele>
				<time>2026-09-20T03:46:46.348Z</time>
			</trkpt>
			<trkpt lat="40.50754" lon="-0.39035">
				<ele>1419.76</ele>
				<time>2026-09-20T03:46:48.380Z</time>
			</trkpt>
			<trkpt lat="40.50767" lon="-0.39061">
				<ele>1423.2</ele>
				<time>2026-09-20T03:46:49.605Z</time>
			</trkpt>
			<trkpt lat="40.50778" lon="-0.39091">
				<ele>1426.82</ele>
				<time>2026-09-20T03:46:50.920Z</time>
			</trkpt>
			<trkpt lat="40.50792" lon="-0.39138">
				<ele>1425.43</ele>
				<time>2026-09-20T03:46:52.919Z</time>
			</trkpt>
			<trkpt lat="40.50803" lon="-0.39195">
				<ele>1423.88</ele>
				<time>2026-09-20T03:46:55.258Z</time>
			</trkpt>
			<trkpt lat="40.50809" lon="-0.39267">
				<ele>1415.69</ele>
				<time>2026-09-20T03:46:58.154Z</time>
			</trkpt>
			<trkpt lat="40.50827" lon="-0.39795">
				<ele>1402.51</ele>
				<time>2026-09-20T03:47:19.814Z</time>
			</trkpt>
			<trkpt lat="40.50822" lon="-0.39921">
				<ele>1396.11</ele>
				<time>2026-09-20T03:47:25.131Z</time>
			</trkpt>
			<trkpt lat="40.50806" lon="-0.40184">
				<ele>1391.79</ele>
				<time>2026-09-20T03:47:36.445Z</time>
			</trkpt>
			<trkpt lat="40.50794" lon="-0.40313">
				<ele>1389.28</ele>
				<time>2026-09-20T03:47:42.119Z</time>
			</trkpt>
			<trkpt lat="40.50795" lon="-0.40358">
				<ele>1387.21</ele>
				<time>2026-09-20T03:47:44.101Z</time>
			</trkpt>
			<trkpt lat="40.50799" lon="-0.40399">
				<ele>1384.93</ele>
				<time>2026-09-20T03:47:45.928Z</time>
			</trkpt>
			<trkpt lat="40.50816" lon="-0.40451">
				<ele>1381.9</ele>
				<time>2026-09-20T03:47:48.441Z</time>
			</trkpt>
			<trkpt lat="40.50835" lon="-0.4049">
				<ele>1382.72</ele>
				<time>2026-09-20T03:47:50.508Z</time>
			</trkpt>
			<trkpt lat="40.50893" lon="-0.4058">
				<ele>1386.76</ele>
				<time>2026-09-20T03:47:55.814Z</time>
			</trkpt>
			<trkpt lat="40.50923" lon="-0.4062">
				<ele>1381.98</ele>
				<time>2026-09-20T03:47:58.362Z</time>
			</trkpt>
			<trkpt lat="40.51046" lon="-0.40758">
				<ele>1377.91</ele>
				<time>2026-09-20T03:48:08.134Z</time>
			</trkpt>
			<trkpt lat="40.51073" lon="-0.40792">
				<ele>1378.06</ele>
				<time>2026-09-20T03:48:10.423Z</time>
			</trkpt>
			<trkpt lat="40.51117" lon="-0.40863">
				<ele>1372.42</ele>
				<time>2026-09-20T03:48:14.717Z</time>
			</trkpt>
			<trkpt lat="40.51143" lon="-0.409">
				<ele>1369.32</ele>
				<time>2026-09-20T03:48:17.096Z</time>
			</trkpt>
			<trkpt lat="40.51161" lon="-0.40914">
				<ele>1365.18</ele>
				<time>2026-09-20T03:48:18.400Z</time>
			</trkpt>
			<trkpt lat="40.51182" lon="-0.40925">
				<ele>1360.19</ele>
				<time>2026-09-20T03:48:19.813Z</time>
			</trkpt>
			<trkpt lat="40.51204" lon="-0.40929">
				<ele>1358.14</ele>
				<time>2026-09-20T03:48:21.206Z</time>
			</trkpt>
			<trkpt lat="40.51228" lon="-0.40925">
				<ele>1358.58</ele>
				<time>2026-09-20T03:48:22.728Z</time>
			</trkpt>
			<trkpt lat="40.51239" lon="-0.40921">
				<ele>1358.33</ele>
				<time>2026-09-20T03:48:23.447Z</time>
			</trkpt>
			<trkpt lat="40.5126" lon="-0.40907">
				<ele>1356.87</ele>
				<time>2026-09-20T03:48:24.935Z</time>
			</trkpt>
			<trkpt lat="40.51314" lon="-0.40854">
				<ele>1353.11</ele>
				<time>2026-09-20T03:48:29.220Z</time>
			</trkpt>
			<trkpt lat="40.51325" lon="-0.40846">
				<ele>1353.08</ele>
				<time>2026-09-20T03:48:30.024Z</time>
			</trkpt>
			<trkpt lat="40.51345" lon="-0.40838">
				<ele>1354.39</ele>
				<time>2026-09-20T03:48:31.364Z</time>
			</trkpt>
			<trkpt lat="40.51356" lon="-0.40836">
				<ele>1355.62</ele>
				<time>2026-09-20T03:48:32.077Z</time>
			</trkpt>
			<trkpt lat="40.51405" lon="-0.40835">
				<ele>1354.99</ele>
				<time>2026-09-20T03:48:35.237Z</time>
			</trkpt>
			<trkpt lat="40.51441" lon="-0.40829">
				<ele>1351.57</ele>
				<time>2026-09-20T03:48:37.591Z</time>
			</trkpt>
			<trkpt lat="40.51518" lon="-0.40774">
				<ele>1350.61</ele>
				<time>2026-09-20T03:48:43.323Z</time>
			</trkpt>
			<trkpt lat="40.51548" lon="-0.40754">
				<ele>1351.89</ele>
				<time>2026-09-20T03:48:45.542Z</time>
			</trkpt>
			<trkpt lat="40.5161" lon="-0.40724">
				<ele>1348.21</ele>
				<time>2026-09-20T03:48:49.930Z</time>
			</trkpt>
			<trkpt lat="40.51653" lon="-0.40695">
				<ele>1345.5</ele>
				<time>2026-09-20T03:48:53.166Z</time>
			</trkpt>
			<trkpt lat="40.51678" lon="-0.4067">
				<ele>1344.48</ele>
				<time>2026-09-20T03:48:55.280Z</time>
			</trkpt>
			<trkpt lat="40.51801" lon="-0.40523">
				<ele>1340.9</ele>
				<time>2026-09-20T03:49:06.626Z</time>
			</trkpt>
			<trkpt lat="40.51826" lon="-0.405">
				<ele>1340.25</ele>
				<time>2026-09-20T03:49:08.738Z</time>
			</trkpt>
			<trkpt lat="40.51837" lon="-0.40493">
				<ele>1339.56</ele>
				<time>2026-09-20T03:49:09.586Z</time>
			</trkpt>
			<trkpt lat="40.51848" lon="-0.40489">
				<ele>1338.97</ele>
				<time>2026-09-20T03:49:10.380Z</time>
			</trkpt>
			<trkpt lat="40.51977" lon="-0.40457">
				<ele>1333.72</ele>
				<time>2026-09-20T03:49:19.604Z</time>
			</trkpt>
			<trkpt lat="40.52038" lon="-0.40412">
				<ele>1326.59</ele>
				<time>2026-09-20T03:49:24.589Z</time>
			</trkpt>
			<trkpt lat="40.52063" lon="-0.40394">
				<ele>1324.6</ele>
				<time>2026-09-20T03:49:26.634Z</time>
			</trkpt>
			<trkpt lat="40.52069" lon="-0.40391">
				<ele>1324.2</ele>
				<time>2026-09-20T03:49:27.096Z</time>
			</trkpt>
			<trkpt lat="40.52079" lon="-0.40393">
				<ele>1324.37</ele>
				<time>2026-09-20T03:49:27.825Z</time>
			</trkpt>
			<trkpt lat="40.52089" lon="-0.40399">
				<ele>1324.26</ele>
				<time>2026-09-20T03:49:28.618Z</time>
			</trkpt>
			<trkpt lat="40.52102" lon="-0.40429">
				<ele>1324.67</ele>
				<time>2026-09-20T03:49:30.517Z</time>
			</trkpt>
			<trkpt lat="40.52112" lon="-0.40446">
				<ele>1324.71</ele>
				<time>2026-09-20T03:49:31.703Z</time>
			</trkpt>
			<trkpt lat="40.52165" lon="-0.40479">
				<ele>1319.11</ele>
				<time>2026-09-20T03:49:35.982Z</time>
			</trkpt>
			<trkpt lat="40.52195" lon="-0.40486">
				<ele>1317.67</ele>
				<time>2026-09-20T03:49:38.219Z</time>
			</trkpt>
			<trkpt lat="40.52353" lon="-0.40512">
				<ele>1310.67</ele>
				<time>2026-09-20T03:49:50.076Z</time>
			</trkpt>
			<trkpt lat="40.52433" lon="-0.40529">
				<ele>1309.2</ele>
				<time>2026-09-20T03:49:56.216Z</time>
			</trkpt>
			<trkpt lat="40.52453" lon="-0.40535">
				<ele>1310.25</ele>
				<time>2026-09-20T03:49:57.782Z</time>
			</trkpt>
			<trkpt lat="40.52458" lon="-0.40538">
				<ele>1310.34</ele>
				<time>2026-09-20T03:49:58.202Z</time>
			</trkpt>
			<trkpt lat="40.52461" lon="-0.40546">
				<ele>1310.63</ele>
				<time>2026-09-20T03:49:58.721Z</time>
			</trkpt>
			<trkpt lat="40.52458" lon="-0.40554">
				<ele>1310.93</ele>
				<time>2026-09-20T03:49:59.240Z</time>
			</trkpt>
			<trkpt lat="40.52437" lon="-0.40579">
				<ele>1311.19</ele>
				<time>2026-09-20T03:50:01.416Z</time>
			</trkpt>
			<trkpt lat="40.52432" lon="-0.40592">
				<ele>1311.43</ele>
				<time>2026-09-20T03:50:02.269Z</time>
			</trkpt>
			<trkpt lat="40.52419" lon="-0.40608">
				<ele>1311.86</ele>
				<time>2026-09-20T03:50:03.644Z</time>
			</trkpt>
			<trkpt lat="40.52432" lon="-0.40592">
				<ele>1311.43</ele>
				<time>2026-09-20T03:50:05.022Z</time>
			</trkpt>
			<trkpt lat="40.52437" lon="-0.40579">
				<ele>1311.19</ele>
				<time>2026-09-20T03:50:05.881Z</time>
			</trkpt>
			<trkpt lat="40.52445" lon="-0.40548">
				<ele>1310.72</ele>
				<time>2026-09-20T03:50:07.816Z</time>
			</trkpt>
			<trkpt lat="40.52447" lon="-0.40539">
				<ele>1310.36</ele>
				<time>2026-09-20T03:50:08.372Z</time>
			</trkpt>
			<trkpt lat="40.52453" lon="-0.40535">
				<ele>1310.25</ele>
				<time>2026-09-20T03:50:08.897Z</time>
			</trkpt>
			<trkpt lat="40.52458" lon="-0.40538">
				<ele>1310.34</ele>
				<time>2026-09-20T03:50:09.326Z</time>
			</trkpt>
			<trkpt lat="40.52497" lon="-0.4053">
				<ele>1308.93</ele>
				<time>2026-09-20T03:50:12.594Z</time>
			</trkpt>
			<trkpt lat="40.52546" lon="-0.40517">
				<ele>1302.82</ele>
				<time>2026-09-20T03:50:17.934Z</time>
			</trkpt>
			<trkpt lat="40.52633" lon="-0.40499">
				<ele>1297.12</ele>
				<time>2026-09-20T03:50:27.027Z</time>
			</trkpt>
			<trkpt lat="40.52642" lon="-0.40495">
				<ele>1296.86</ele>
				<time>2026-09-20T03:50:28.052Z</time>
			</trkpt>
			<trkpt lat="40.52653" lon="-0.40497">
				<ele>1297.19</ele>
				<time>2026-09-20T03:50:29.263Z</time>
			</trkpt>
			<trkpt lat="40.52657" lon="-0.40499">
				<ele>1297.48</ele>
				<time>2026-09-20T03:50:29.733Z</time>
			</trkpt>
			<trkpt lat="40.52658" lon="-0.40502">
				<ele>1297.64</ele>
				<time>2026-09-20T03:50:30.007Z</time>
			</trkpt>
			<trkpt lat="40.52665" lon="-0.40517">
				<ele>1296.86</ele>
				<time>2026-09-20T03:50:31.484Z</time>
			</trkpt>
			<trkpt lat="40.52667" lon="-0.4053">
				<ele>1296.03</ele>
				<time>2026-09-20T03:50:32.600Z</time>
			</trkpt>
			<trkpt lat="40.52668" lon="-0.40543">
				<ele>1296.06</ele>
				<time>2026-09-20T03:50:33.698Z</time>
			</trkpt>
			<trkpt lat="40.52671" lon="-0.40559">
				<ele>1295.92</ele>
				<time>2026-09-20T03:50:35.076Z</time>
			</trkpt>
			<trkpt lat="40.52682" lon="-0.40586">
				<ele>1295.55</ele>
				<time>2026-09-20T03:50:37.597Z</time>
			</trkpt>
			<trkpt lat="40.52691" lon="-0.40603">
				<ele>1295.35</ele>
				<time>2026-09-20T03:50:39.255Z</time>
			</trkpt>
			<trkpt lat="40.52715" lon="-0.40638">
				<ele>1294.84</ele>
				<time>2026-09-20T03:50:42.814Z</time>
			</trkpt>
			<trkpt lat="40.52738" lon="-0.40675">
				<ele>1289.09</ele>
				<time>2026-09-20T03:50:45.996Z</time>
			</trkpt>
			<trkpt lat="40.52742" lon="-0.40679">
				<ele>1287.95</ele>
				<time>2026-09-20T03:50:46.394Z</time>
			</trkpt>
			<trkpt lat="40.52749" lon="-0.40679">
				<ele>1287.78</ele>
				<time>2026-09-20T03:50:46.934Z</time>
			</trkpt>
			<trkpt lat="40.52774" lon="-0.40675">
				<ele>1288.39</ele>
				<time>2026-09-20T03:50:48.864Z</time>
			</trkpt>
			<trkpt lat="40.52792" lon="-0.40687">
				<ele>1279.92</ele>
				<time>2026-09-20T03:50:50.404Z</time>
			</trkpt>
			<trkpt lat="40.52805" lon="-0.40694">
				<ele>1273.74</ele>
				<time>2026-09-20T03:50:51.471Z</time>
			</trkpt>
			<trkpt lat="40.52814" lon="-0.40693">
				<ele>1275.68</ele>
				<time>2026-09-20T03:50:52.156Z</time>
			</trkpt>
			<trkpt lat="40.52863" lon="-0.40671">
				<ele>1285.2</ele>
				<time>2026-09-20T03:50:56.056Z</time>
			</trkpt>
			<trkpt lat="40.52875" lon="-0.4067">
				<ele>1283.75</ele>
				<time>2026-09-20T03:50:56.955Z</time>
			</trkpt>
			<trkpt lat="40.52918" lon="-0.40688">
				<ele>1272.63</ele>
				<time>2026-09-20T03:51:00.310Z</time>
			</trkpt>
			<trkpt lat="40.52928" lon="-0.40689">
				<ele>1271.05</ele>
				<time>2026-09-20T03:51:01.052Z</time>
			</trkpt>
			<trkpt lat="40.52935" lon="-0.40688">
				<ele>1270.51</ele>
				<time>2026-09-20T03:51:01.571Z</time>
			</trkpt>
			<trkpt lat="40.52945" lon="-0.4068">
				<ele>1270.98</ele>
				<time>2026-09-20T03:51:02.433Z</time>
			</trkpt>
			<trkpt lat="40.52995" lon="-0.40613">
				<ele>1269.58</ele>
				<time>2026-09-20T03:51:07.640Z</time>
			</trkpt>
			<trkpt lat="40.53156" lon="-0.40428">
				<ele>1250.46</ele>
				<time>2026-09-20T03:51:22.766Z</time>
			</trkpt>
			<trkpt lat="40.53167" lon="-0.40408">
				<ele>1252.11</ele>
				<time>2026-09-20T03:51:24.060Z</time>
			</trkpt>
			<trkpt lat="40.53178" lon="-0.40377">
				<ele>1250.2</ele>
				<time>2026-09-20T03:51:25.846Z</time>
			</trkpt>
			<trkpt lat="40.53183" lon="-0.40355">
				<ele>1249.27</ele>
				<time>2026-09-20T03:51:27.039Z</time>
			</trkpt>
			<trkpt lat="40.53182" lon="-0.40324">
				<ele>1243.73</ele>
				<time>2026-09-20T03:51:28.643Z</time>
			</trkpt>
			<trkpt lat="40.53174" lon="-0.40305">
				<ele>1239.74</ele>
				<time>2026-09-20T03:51:29.762Z</time>
			</trkpt>
			<trkpt lat="40.53164" lon="-0.40289">
				<ele>1239.22</ele>
				<time>2026-09-20T03:51:30.825Z</time>
			</trkpt>
			<trkpt lat="40.53153" lon="-0.4028">
				<ele>1238.26</ele>
				<time>2026-09-20T03:51:31.696Z</time>
			</trkpt>
			<trkpt lat="40.5314" lon="-0.40274">
				<ele>1237.7</ele>
				<time>2026-09-20T03:51:32.621Z</time>
			</trkpt>
			<trkpt lat="40.53132" lon="-0.40272">
				<ele>1236.97</ele>
				<time>2026-09-20T03:51:33.166Z</time>
			</trkpt>
			<trkpt lat="40.53067" lon="-0.4028">
				<ele>1237.36</ele>
				<time>2026-09-20T03:51:37.502Z</time>
			</trkpt>
			<trkpt lat="40.53033" lon="-0.40282">
				<ele>1234.95</ele>
				<time>2026-09-20T03:51:39.739Z</time>
			</trkpt>
			<trkpt lat="40.52919" lon="-0.40271">
				<ele>1229.3</ele>
				<time>2026-09-20T03:51:47.132Z</time>
			</trkpt>
			<trkpt lat="40.52865" lon="-0.40271">
				<ele>1223.36</ele>
				<time>2026-09-20T03:51:50.561Z</time>
			</trkpt>
			<trkpt lat="40.52832" lon="-0.40275">
				<ele>1223.67</ele>
				<time>2026-09-20T03:51:52.646Z</time>
			</trkpt>
			<trkpt lat="40.52778" lon="-0.40287">
				<ele>1217.09</ele>
				<time>2026-09-20T03:51:56.060Z</time>
			</trkpt>
			<trkpt lat="40.52744" lon="-0.40289">
				<ele>1215.77</ele>
				<time>2026-09-20T03:51:58.161Z</time>
			</trkpt>
			<trkpt lat="40.5271" lon="-0.40282">
				<ele>1217.75</ele>
				<time>2026-09-20T03:52:00.270Z</time>
			</trkpt>
			<trkpt lat="40.52699" lon="-0.40277">
				<ele>1219.12</ele>
				<time>2026-09-20T03:52:00.979Z</time>
			</trkpt>
			<trkpt lat="40.52643" lon="-0.40237">
				<ele>1211.39</ele>
				<time>2026-09-20T03:52:04.834Z</time>
			</trkpt>
			<trkpt lat="40.5262" lon="-0.40223">
				<ele>1205.69</ele>
				<time>2026-09-20T03:52:06.353Z</time>
			</trkpt>
			<trkpt lat="40.52603" lon="-0.40218">
				<ele>1204.81</ele>
				<time>2026-09-20T03:52:07.392Z</time>
			</trkpt>
			<trkpt lat="40.52551" lon="-0.40207">
				<ele>1206.56</ele>
				<time>2026-09-20T03:52:10.510Z</time>
			</trkpt>
			<trkpt lat="40.52515" lon="-0.40191">
				<ele>1207.33</ele>
				<time>2026-09-20T03:52:12.738Z</time>
			</trkpt>
			<trkpt lat="40.52491" lon="-0.40183">
				<ele>1204.29</ele>
				<time>2026-09-20T03:52:14.180Z</time>
			</trkpt>
			<trkpt lat="40.52463" lon="-0.40182">
				<ele>1199.32</ele>
				<time>2026-09-20T03:52:15.803Z</time>
			</trkpt>
			<trkpt lat="40.52404" lon="-0.40188">
				<ele>1198.3</ele>
				<time>2026-09-20T03:52:19.199Z</time>
			</trkpt>
			<trkpt lat="40.52392" lon="-0.40187">
				<ele>1198.98</ele>
				<time>2026-09-20T03:52:19.884Z</time>
			</trkpt>
			<trkpt lat="40.52374" lon="-0.40177">
				<ele>1198.25</ele>
				<time>2026-09-20T03:52:20.993Z</time>
			</trkpt>
			<trkpt lat="40.52352" lon="-0.40157">
				<ele>1196.6</ele>
				<time>2026-09-20T03:52:22.504Z</time>
			</trkpt>
			<trkpt lat="40.52314" lon="-0.40095">
				<ele>1195.53</ele>
				<time>2026-09-20T03:52:25.893Z</time>
			</trkpt>
			<trkpt lat="40.52293" lon="-0.40069">
				<ele>1190.72</ele>
				<time>2026-09-20T03:52:27.492Z</time>
			</trkpt>
			<trkpt lat="40.52266" lon="-0.40047">
				<ele>1184.75</ele>
				<time>2026-09-20T03:52:29.242Z</time>
			</trkpt>
			<trkpt lat="40.52156" lon="-0.39971">
				<ele>1175.99</ele>
				<time>2026-09-20T03:52:35.979Z</time>
			</trkpt>
			<trkpt lat="40.52133" lon="-0.3995">
				<ele>1172.24</ele>
				<time>2026-09-20T03:52:37.474Z</time>
			</trkpt>
			<trkpt lat="40.52102" lon="-0.39903">
				<ele>1165.48</ele>
				<time>2026-09-20T03:52:39.979Z</time>
			</trkpt>
			<trkpt lat="40.52087" lon="-0.39884">
				<ele>1163.23</ele>
				<time>2026-09-20T03:52:41.074Z</time>
			</trkpt>
			<trkpt lat="40.5206" lon="-0.39862">
				<ele>1159.73</ele>
				<time>2026-09-20T03:52:42.735Z</time>
			</trkpt>
			<trkpt lat="40.52025" lon="-0.39844">
				<ele>1152.38</ele>
				<time>2026-09-20T03:52:44.687Z</time>
			</trkpt>
			<trkpt lat="40.52008" lon="-0.39827">
				<ele>1143.03</ele>
				<time>2026-09-20T03:52:45.790Z</time>
			</trkpt>
			<trkpt lat="40.52001" lon="-0.39811">
				<ele>1137.31</ele>
				<time>2026-09-20T03:52:46.512Z</time>
			</trkpt>
			<trkpt lat="40.51995" lon="-0.3979">
				<ele>1135.92</ele>
				<time>2026-09-20T03:52:47.386Z</time>
			</trkpt>
			<trkpt lat="40.51994" lon="-0.39767">
				<ele>1137.26</ele>
				<time>2026-09-20T03:52:48.281Z</time>
			</trkpt>
			<trkpt lat="40.51996" lon="-0.39753">
				<ele>1138.53</ele>
				<time>2026-09-20T03:52:48.833Z</time>
			</trkpt>
			<trkpt lat="40.52003" lon="-0.39729">
				<ele>1139.13</ele>
				<time>2026-09-20T03:52:49.826Z</time>
			</trkpt>
			<trkpt lat="40.52019" lon="-0.39708">
				<ele>1138.19</ele>
				<time>2026-09-20T03:52:50.969Z</time>
			</trkpt>
			<trkpt lat="40.52032" lon="-0.39698">
				<ele>1136.58</ele>
				<time>2026-09-20T03:52:51.728Z</time>
			</trkpt>
			<trkpt lat="40.52054" lon="-0.39691">
				<ele>1135.43</ele>
				<time>2026-09-20T03:52:52.865Z</time>
			</trkpt>
			<trkpt lat="40.52061" lon="-0.39692">
				<ele>1135.72</ele>
				<time>2026-09-20T03:52:53.217Z</time>
			</trkpt>
			<trkpt lat="40.52076" lon="-0.39696">
				<ele>1135.54</ele>
				<time>2026-09-20T03:52:53.982Z</time>
			</trkpt>
			<trkpt lat="40.5215" lon="-0.39738">
				<ele>1132.3</ele>
				<time>2026-09-20T03:52:57.969Z</time>
			</trkpt>
			<trkpt lat="40.52239" lon="-0.39795">
				<ele>1132.06</ele>
				<time>2026-09-20T03:53:02.781Z</time>
			</trkpt>
			<trkpt lat="40.52263" lon="-0.39804">
				<ele>1131.01</ele>
				<time>2026-09-20T03:53:03.980Z</time>
			</trkpt>
			<trkpt lat="40.52271" lon="-0.39805">
				<ele>1130.5</ele>
				<time>2026-09-20T03:53:04.364Z</time>
			</trkpt>
			<trkpt lat="40.52342" lon="-0.39798">
				<ele>1132.05</ele>
				<time>2026-09-20T03:53:07.747Z</time>
			</trkpt>
			<trkpt lat="40.5236" lon="-0.39801">
				<ele>1129.95</ele>
				<time>2026-09-20T03:53:08.602Z</time>
			</trkpt>
			<trkpt lat="40.52382" lon="-0.39812">
				<ele>1132.2</ele>
				<time>2026-09-20T03:53:09.706Z</time>
			</trkpt>
			<trkpt lat="40.52426" lon="-0.39863">
				<ele>1126.08</ele>
				<time>2026-09-20T03:53:12.436Z</time>
			</trkpt>
			<trkpt lat="40.52439" lon="-0.39874">
				<ele>1124.91</ele>
				<time>2026-09-20T03:53:13.151Z</time>
			</trkpt>
			<trkpt lat="40.52449" lon="-0.39878">
				<ele>1123.6</ele>
				<time>2026-09-20T03:53:13.633Z</time>
			</trkpt>
			<trkpt lat="40.52465" lon="-0.39883">
				<ele>1121.42</ele>
				<time>2026-09-20T03:53:14.390Z</time>
			</trkpt>
			<trkpt lat="40.52512" lon="-0.39887">
				<ele>1114.67</ele>
				<time>2026-09-20T03:53:16.544Z</time>
			</trkpt>
			<trkpt lat="40.52536" lon="-0.39894">
				<ele>1115.83</ele>
				<time>2026-09-20T03:53:17.661Z</time>
			</trkpt>
			<trkpt lat="40.5261" lon="-0.39919">
				<ele>1111.49</ele>
				<time>2026-09-20T03:53:21.100Z</time>
			</trkpt>
			<trkpt lat="40.52637" lon="-0.39925">
				<ele>1103.06</ele>
				<time>2026-09-20T03:53:22.321Z</time>
			</trkpt>
			<trkpt lat="40.5271" lon="-0.39926">
				<ele>1101.99</ele>
				<time>2026-09-20T03:53:25.548Z</time>
			</trkpt>
			<trkpt lat="40.5275" lon="-0.39923">
				<ele>1106.17</ele>
				<time>2026-09-20T03:53:27.301Z</time>
			</trkpt>
			<trkpt lat="40.52791" lon="-0.39916">
				<ele>1106.85</ele>
				<time>2026-09-20T03:53:29.097Z</time>
			</trkpt>
			<trkpt lat="40.5283" lon="-0.39904">
				<ele>1102.86</ele>
				<time>2026-09-20T03:53:30.825Z</time>
			</trkpt>
			<trkpt lat="40.5287" lon="-0.3989">
				<ele>1105.51</ele>
				<time>2026-09-20T03:53:32.599Z</time>
			</trkpt>
			<trkpt lat="40.52908" lon="-0.39872">
				<ele>1108.08</ele>
				<time>2026-09-20T03:53:34.317Z</time>
			</trkpt>
			<trkpt lat="40.53019" lon="-0.39807">
				<ele>1097.19</ele>
				<time>2026-09-20T03:53:39.419Z</time>
			</trkpt>
			<trkpt lat="40.53117" lon="-0.39742">
				<ele>1089.64</ele>
				<time>2026-09-20T03:53:43.941Z</time>
			</trkpt>
			<trkpt lat="40.53141" lon="-0.39723">
				<ele>1086.98</ele>
				<time>2026-09-20T03:53:45.083Z</time>
			</trkpt>
			<trkpt lat="40.53151" lon="-0.39713">
				<ele>1086.88</ele>
				<time>2026-09-20T03:53:45.594Z</time>
			</trkpt>
			<trkpt lat="40.53167" lon="-0.39693">
				<ele>1089.43</ele>
				<time>2026-09-20T03:53:46.488Z</time>
			</trkpt>
			<trkpt lat="40.53205" lon="-0.39618">
				<ele>1093.23</ele>
				<time>2026-09-20T03:53:49.246Z</time>
			</trkpt>
			<trkpt lat="40.53237" lon="-0.39575">
				<ele>1089.26</ele>
				<time>2026-09-20T03:53:51.072Z</time>
			</trkpt>
			<trkpt lat="40.53253" lon="-0.39548">
				<ele>1089.66</ele>
				<time>2026-09-20T03:53:52.105Z</time>
			</trkpt>
			<trkpt lat="40.53362" lon="-0.39327">
				<ele>1070.59</ele>
				<time>2026-09-20T03:53:59.933Z</time>
			</trkpt>
			<trkpt lat="40.53475" lon="-0.39123">
				<ele>1058.2</ele>
				<time>2026-09-20T03:54:07.243Z</time>
			</trkpt>
			<trkpt lat="40.53497" lon="-0.39091">
				<ele>1052.31</ele>
				<time>2026-09-20T03:54:08.476Z</time>
			</trkpt>
			<trkpt lat="40.53515" lon="-0.39071">
				<ele>1048.62</ele>
				<time>2026-09-20T03:54:09.359Z</time>
			</trkpt>
			<trkpt lat="40.5357" lon="-0.39021">
				<ele>1049.47</ele>
				<time>2026-09-20T03:54:11.851Z</time>
			</trkpt>
			<trkpt lat="40.53588" lon="-0.38998">
				<ele>1051.28</ele>
				<time>2026-09-20T03:54:12.781Z</time>
			</trkpt>
			<trkpt lat="40.536" lon="-0.38979">
				<ele>1054.67</ele>
				<time>2026-09-20T03:54:13.476Z</time>
			</trkpt>
			<trkpt lat="40.53607" lon="-0.38965">
				<ele>1056.06</ele>
				<time>2026-09-20T03:54:13.947Z</time>
			</trkpt>
			<trkpt lat="40.53709" lon="-0.38722">
				<ele>1055.59</ele>
				<time>2026-09-20T03:54:21.656Z</time>
			</trkpt>
			<trkpt lat="40.53758" lon="-0.38597">
				<ele>1052.93</ele>
				<time>2026-09-20T03:54:25.506Z</time>
			</trkpt>
			<trkpt lat="40.53765" lon="-0.38574">
				<ele>1053.81</ele>
				<time>2026-09-20T03:54:26.181Z</time>
			</trkpt>
			<trkpt lat="40.53776" lon="-0.38528">
				<ele>1056.67</ele>
				<time>2026-09-20T03:54:27.492Z</time>
			</trkpt>
			<trkpt lat="40.53779" lon="-0.38509">
				<ele>1055.8</ele>
				<time>2026-09-20T03:54:28.019Z</time>
			</trkpt>
			<trkpt lat="40.5378" lon="-0.38471">
				<ele>1054.62</ele>
				<time>2026-09-20T03:54:29.049Z</time>
			</trkpt>
			<trkpt lat="40.53776" lon="-0.38403">
				<ele>1049.76</ele>
				<time>2026-09-20T03:54:30.891Z</time>
			</trkpt>
			<trkpt lat="40.53778" lon="-0.38373">
				<ele>1049.1</ele>
				<time>2026-09-20T03:54:31.702Z</time>
			</trkpt>
			<trkpt lat="40.53782" lon="-0.38345">
				<ele>1049.13</ele>
				<time>2026-09-20T03:54:32.469Z</time>
			</trkpt>
			<trkpt lat="40.53793" lon="-0.38309">
				<ele>1046.52</ele>
				<time>2026-09-20T03:54:33.512Z</time>
			</trkpt>
			<trkpt lat="40.53815" lon="-0.38256">
				<ele>1046.2</ele>
				<time>2026-09-20T03:54:35.130Z</time>
			</trkpt>
			<trkpt lat="40.53833" lon="-0.38222">
				<ele>1046.15</ele>
				<time>2026-09-20T03:54:36.239Z</time>
			</trkpt>
			<trkpt lat="40.53923" lon="-0.38082">
				<ele>1047.59</ele>
				<time>2026-09-20T03:54:41.124Z</time>
			</trkpt>
			<trkpt lat="40.53934" lon="-0.38059">
				<ele>1048.17</ele>
				<time>2026-09-20T03:54:41.845Z</time>
			</trkpt>
			<trkpt lat="40.53941" lon="-0.38037">
				<ele>1048.06</ele>
				<time>2026-09-20T03:54:42.478Z</time>
			</trkpt>
			<trkpt lat="40.53947" lon="-0.38009">
				<ele>1047.49</ele>
				<time>2026-09-20T03:54:43.249Z</time>
			</trkpt>
			<trkpt lat="40.53958" lon="-0.37905">
				<ele>1050.87</ele>
				<time>2026-09-20T03:54:46.029Z</time>
			</trkpt>
			<trkpt lat="40.5397" lon="-0.37854">
				<ele>1053.59</ele>
				<time>2026-09-20T03:54:47.439Z</time>
			</trkpt>
			<trkpt lat="40.5398" lon="-0.37828">
				<ele>1055.45</ele>
				<time>2026-09-20T03:54:48.209Z</time>
			</trkpt>
			<trkpt lat="40.53998" lon="-0.3779">
				<ele>1056.38</ele>
				<time>2026-09-20T03:54:49.390Z</time>
			</trkpt>
			<trkpt lat="40.54025" lon="-0.37749">
				<ele>1051.85</ele>
				<time>2026-09-20T03:54:50.821Z</time>
			</trkpt>
			<trkpt lat="40.54052" lon="-0.37716">
				<ele>1053.67</ele>
				<time>2026-09-20T03:54:52.099Z</time>
			</trkpt>
			<trkpt lat="40.54064" lon="-0.37697">
				<ele>1056.02</ele>
				<time>2026-09-20T03:54:52.750Z</time>
			</trkpt>
			<trkpt lat="40.54086" lon="-0.37655">
				<ele>1059.42</ele>
				<time>2026-09-20T03:54:54.094Z</time>
			</trkpt>
			<trkpt lat="40.54093" lon="-0.37635">
				<ele>1060.93</ele>
				<time>2026-09-20T03:54:54.674Z</time>
			</trkpt>
			<trkpt lat="40.54169" lon="-0.37388">
				<ele>1061.34</ele>
				<time>2026-09-20T03:55:01.696Z</time>
			</trkpt>
			<trkpt lat="40.54187" lon="-0.37338">
				<ele>1062.2</ele>
				<time>2026-09-20T03:55:03.156Z</time>
			</trkpt>
			<trkpt lat="40.54219" lon="-0.37267">
				<ele>1061.2</ele>
				<time>2026-09-20T03:55:05.336Z</time>
			</trkpt>
			<trkpt lat="40.54237" lon="-0.3722">
				<ele>1061.9</ele>
				<time>2026-09-20T03:55:06.728Z</time>
			</trkpt>
			<trkpt lat="40.54257" lon="-0.37139">
				<ele>1065.11</ele>
				<time>2026-09-20T03:55:08.984Z</time>
			</trkpt>
			<trkpt lat="40.54273" lon="-0.37089">
				<ele>1069.26</ele>
				<time>2026-09-20T03:55:10.423Z</time>
			</trkpt>
			<trkpt lat="40.54293" lon="-0.37039">
				<ele>1070.78</ele>
				<time>2026-09-20T03:55:11.925Z</time>
			</trkpt>
			<trkpt lat="40.54335" lon="-0.36951">
				<ele>1073.23</ele>
				<time>2026-09-20T03:55:14.694Z</time>
			</trkpt>
			<trkpt lat="40.54351" lon="-0.36922">
				<ele>1073.88</ele>
				<time>2026-09-20T03:55:15.652Z</time>
			</trkpt>
			<trkpt lat="40.54367" lon="-0.36902">
				<ele>1074.5</ele>
				<time>2026-09-20T03:55:16.429Z</time>
			</trkpt>
			<trkpt lat="40.54412" lon="-0.36857">
				<ele>1072.79</ele>
				<time>2026-09-20T03:55:18.423Z</time>
			</trkpt>
			<trkpt lat="40.54427" lon="-0.36836">
				<ele>1071.42</ele>
				<time>2026-09-20T03:55:19.198Z</time>
			</trkpt>
			<trkpt lat="40.54454" lon="-0.36789">
				<ele>1069.59</ele>
				<time>2026-09-20T03:55:20.784Z</time>
			</trkpt>
			<trkpt lat="40.54471" lon="-0.36737">
				<ele>1066.7</ele>
				<time>2026-09-20T03:55:22.313Z</time>
			</trkpt>
			<trkpt lat="40.54505" lon="-0.36578">
				<ele>1066.64</ele>
				<time>2026-09-20T03:55:26.800Z</time>
			</trkpt>
			<trkpt lat="40.54516" lon="-0.36547">
				<ele>1061.21</ele>
				<time>2026-09-20T03:55:27.735Z</time>
			</trkpt>
			<trkpt lat="40.54532" lon="-0.36512">
				<ele>1057.32</ele>
				<time>2026-09-20T03:55:28.854Z</time>
			</trkpt>
			<trkpt lat="40.54578" lon="-0.36444">
				<ele>1063.65</ele>
				<time>2026-09-20T03:55:31.358Z</time>
			</trkpt>
			<trkpt lat="40.5463" lon="-0.36374">
				<ele>1066.37</ele>
				<time>2026-09-20T03:55:34.068Z</time>
			</trkpt>
			<trkpt lat="40.54657" lon="-0.36345">
				<ele>1064.46</ele>
				<time>2026-09-20T03:55:35.345Z</time>
			</trkpt>
			<trkpt lat="40.54701" lon="-0.36302">
				<ele>1061.22</ele>
				<time>2026-09-20T03:55:37.361Z</time>
			</trkpt>
			<trkpt lat="40.54741" lon="-0.36258">
				<ele>1058.98</ele>
				<time>2026-09-20T03:55:39.289Z</time>
			</trkpt>
			<trkpt lat="40.54762" lon="-0.36222">
				<ele>1057.19</ele>
				<time>2026-09-20T03:55:40.571Z</time>
			</trkpt>
			<trkpt lat="40.54772" lon="-0.36201">
				<ele>1056.63</ele>
				<time>2026-09-20T03:55:41.273Z</time>
			</trkpt>
			<trkpt lat="40.54807" lon="-0.36099">
				<ele>1059.58</ele>
				<time>2026-09-20T03:55:44.461Z</time>
			</trkpt>
			<trkpt lat="40.54821" lon="-0.36061">
				<ele>1061.02</ele>
				<time>2026-09-20T03:55:45.672Z</time>
			</trkpt>
			<trkpt lat="40.54832" lon="-0.36039">
				<ele>1059.78</ele>
				<time>2026-09-20T03:55:46.430Z</time>
			</trkpt>
			<trkpt lat="40.54859" lon="-0.35993">
				<ele>1056.75</ele>
				<time>2026-09-20T03:55:48.108Z</time>
			</trkpt>
			<trkpt lat="40.54898" lon="-0.35949">
				<ele>1057.6</ele>
				<time>2026-09-20T03:55:50.072Z</time>
			</trkpt>
			<trkpt lat="40.54916" lon="-0.35934">
				<ele>1057.74</ele>
				<time>2026-09-20T03:55:50.891Z</time>
			</trkpt>
			<trkpt lat="40.54942" lon="-0.35916">
				<ele>1056.76</ele>
				<time>2026-09-20T03:55:52.023Z</time>
			</trkpt>
			<trkpt lat="40.55042" lon="-0.35855">
				<ele>1056.13</ele>
				<time>2026-09-20T03:55:56.310Z</time>
			</trkpt>
			<trkpt lat="40.5508" lon="-0.35838">
				<ele>1056.98</ele>
				<time>2026-09-20T03:55:57.887Z</time>
			</trkpt>
			<trkpt lat="40.55156" lon="-0.35814">
				<ele>1060.96</ele>
				<time>2026-09-20T03:56:00.984Z</time>
			</trkpt>
			<trkpt lat="40.5518" lon="-0.35802">
				<ele>1061.02</ele>
				<time>2026-09-20T03:56:02.009Z</time>
			</trkpt>
			<trkpt lat="40.55214" lon="-0.3578">
				<ele>1058.9</ele>
				<time>2026-09-20T03:56:03.529Z</time>
			</trkpt>
			<trkpt lat="40.55324" lon="-0.35696">
				<ele>1052.5</ele>
				<time>2026-09-20T03:56:08.695Z</time>
			</trkpt>
			<trkpt lat="40.55355" lon="-0.3568">
				<ele>1053.67</ele>
				<time>2026-09-20T03:56:10.064Z</time>
			</trkpt>
			<trkpt lat="40.55384" lon="-0.35671">
				<ele>1052.62</ele>
				<time>2026-09-20T03:56:11.295Z</time>
			</trkpt>
			<trkpt lat="40.55412" lon="-0.35666">
				<ele>1050.23</ele>
				<time>2026-09-20T03:56:12.468Z</time>
			</trkpt>
			<trkpt lat="40.5543" lon="-0.35664">
				<ele>1048.01</ele>
				<time>2026-09-20T03:56:13.221Z</time>
			</trkpt>
			<trkpt lat="40.55515" lon="-0.35668">
				<ele>1039.17</ele>
				<time>2026-09-20T03:56:16.796Z</time>
			</trkpt>
			<trkpt lat="40.55551" lon="-0.35664">
				<ele>1033.53</ele>
				<time>2026-09-20T03:56:18.330Z</time>
			</trkpt>
			<trkpt lat="40.55576" lon="-0.35656">
				<ele>1033.55</ele>
				<time>2026-09-20T03:56:19.428Z</time>
			</trkpt>
			<trkpt lat="40.55601" lon="-0.35645">
				<ele>1033.35</ele>
				<time>2026-09-20T03:56:20.557Z</time>
			</trkpt>
			<trkpt lat="40.55629" lon="-0.35627">
				<ele>1030.9</ele>
				<time>2026-09-20T03:56:21.900Z</time>
			</trkpt>
			<trkpt lat="40.55745" lon="-0.35529">
				<ele>1030.11</ele>
				<time>2026-09-20T03:56:27.925Z</time>
			</trkpt>
			<trkpt lat="40.55781" lon="-0.35509">
				<ele>1026.47</ele>
				<time>2026-09-20T03:56:29.659Z</time>
			</trkpt>
			<trkpt lat="40.55822" lon="-0.35499">
				<ele>1028.01</ele>
				<time>2026-09-20T03:56:31.524Z</time>
			</trkpt>
			<trkpt lat="40.55845" lon="-0.35498">
				<ele>1027.75</ele>
				<time>2026-09-20T03:56:32.559Z</time>
			</trkpt>
			<trkpt lat="40.55862" lon="-0.35499">
				<ele>1026.67</ele>
				<time>2026-09-20T03:56:33.328Z</time>
			</trkpt>
			<trkpt lat="40.55887" lon="-0.35504">
				<ele>1022.46</ele>
				<time>2026-09-20T03:56:34.474Z</time>
			</trkpt>
			<trkpt lat="40.55921" lon="-0.35518">
				<ele>1021.07</ele>
				<time>2026-09-20T03:56:36.097Z</time>
			</trkpt>
			<trkpt lat="40.56155" lon="-0.35634">
				<ele>1021.36</ele>
				<time>2026-09-20T03:56:47.804Z</time>
			</trkpt>
			<trkpt lat="40.56177" lon="-0.3564">
				<ele>1018.44</ele>
				<time>2026-09-20T03:56:48.884Z</time>
			</trkpt>
			<trkpt lat="40.56219" lon="-0.35644">
				<ele>1012.98</ele>
				<time>2026-09-20T03:56:50.920Z</time>
			</trkpt>
			<trkpt lat="40.56265" lon="-0.35635">
				<ele>1011.68</ele>
				<time>2026-09-20T03:56:53.188Z</time>
			</trkpt>
			<trkpt lat="40.56315" lon="-0.35619">
				<ele>1008.38</ele>
				<time>2026-09-20T03:56:55.722Z</time>
			</trkpt>
			<trkpt lat="40.56358" lon="-0.35609">
				<ele>1006.08</ele>
				<time>2026-09-20T03:56:57.893Z</time>
			</trkpt>
			<trkpt lat="40.5638" lon="-0.35607">
				<ele>1004.81</ele>
				<time>2026-09-20T03:56:58.996Z</time>
			</trkpt>
			<trkpt lat="40.56403" lon="-0.3561">
				<ele>1004.14</ele>
				<time>2026-09-20T03:57:00.158Z</time>
			</trkpt>
			<trkpt lat="40.56433" lon="-0.35616">
				<ele>1003.21</ele>
				<time>2026-09-20T03:57:01.691Z</time>
			</trkpt>
			<trkpt lat="40.56539" lon="-0.35665">
				<ele>990.56</ele>
				<time>2026-09-20T03:57:07.450Z</time>
			</trkpt>
			<trkpt lat="40.56828" lon="-0.35809">
				<ele>1015.82</ele>
				<time>2026-09-20T03:57:23.992Z</time>
			</trkpt>
			<trkpt lat="40.56877" lon="-0.35826">
				<ele>1019.04</ele>
				<time>2026-09-20T03:57:26.808Z</time>
			</trkpt>
			<trkpt lat="40.56924" lon="-0.35836">
				<ele>1021.72</ele>
				<time>2026-09-20T03:57:29.480Z</time>
			</trkpt>
			<trkpt lat="40.56956" lon="-0.35839">
				<ele>1024.65</ele>
				<time>2026-09-20T03:57:31.296Z</time>
			</trkpt>
			<trkpt lat="40.57005" lon="-0.35838">
				<ele>1029.86</ele>
				<time>2026-09-20T03:57:34.094Z</time>
			</trkpt>
			<trkpt lat="40.57033" lon="-0.35835">
				<ele>1029.79</ele>
				<time>2026-09-20T03:57:35.711Z</time>
			</trkpt>
			<trkpt lat="40.57063" lon="-0.35829">
				<ele>1026.73</ele>
				<time>2026-09-20T03:57:37.468Z</time>
			</trkpt>
			<trkpt lat="40.57119" lon="-0.35809">
				<ele>1022.93</ele>
				<time>2026-09-20T03:57:40.860Z</time>
			</trkpt>
			<trkpt lat="40.57393" lon="-0.35689">
				<ele>1015.92</ele>
				<time>2026-09-20T03:57:58.381Z</time>
			</trkpt>
			<trkpt lat="40.57455" lon="-0.35669">
				<ele>1012.04</ele>
				<time>2026-09-20T03:58:02.402Z</time>
			</trkpt>
			<trkpt lat="40.57601" lon="-0.3564">
				<ele>1010.36</ele>
				<time>2026-09-20T03:58:11.919Z</time>
			</trkpt>
			<trkpt lat="40.57636" lon="-0.35627">
				<ele>1005.52</ele>
				<time>2026-09-20T03:58:14.309Z</time>
			</trkpt>
			<trkpt lat="40.57676" lon="-0.35604">
				<ele>998.42</ele>
				<time>2026-09-20T03:58:17.204Z</time>
			</trkpt>
			<trkpt lat="40.57698" lon="-0.35585">
				<ele>994.5</ele>
				<time>2026-09-20T03:58:18.962Z</time>
			</trkpt>
			<trkpt lat="40.57717" lon="-0.35564">
				<ele>989.58</ele>
				<time>2026-09-20T03:58:20.628Z</time>
			</trkpt>
			<trkpt lat="40.57743" lon="-0.3553">
				<ele>982.34</ele>
				<time>2026-09-20T03:58:23.107Z</time>
			</trkpt>
			<trkpt lat="40.57795" lon="-0.35437">
				<ele>975.78</ele>
				<time>2026-09-20T03:58:29.119Z</time>
			</trkpt>
			<trkpt lat="40.57817" lon="-0.35403">
				<ele>973.47</ele>
				<time>2026-09-20T03:58:31.475Z</time>
			</trkpt>
			<trkpt lat="40.57851" lon="-0.35365">
				<ele>971.55</ele>
				<time>2026-09-20T03:58:34.599Z</time>
			</trkpt>
			<trkpt lat="40.57876" lon="-0.35345">
				<ele>969.39</ele>
				<time>2026-09-20T03:58:36.664Z</time>
			</trkpt>
			<trkpt lat="40.57905" lon="-0.35328">
				<ele>965.73</ele>
				<time>2026-09-20T03:58:38.920Z</time>
			</trkpt>
			<trkpt lat="40.5793" lon="-0.35318">
				<ele>962.32</ele>
				<time>2026-09-20T03:58:40.789Z</time>
			</trkpt>
			<trkpt lat="40.57953" lon="-0.35312">
				<ele>960.83</ele>
				<time>2026-09-20T03:58:42.475Z</time>
			</trkpt>
			<trkpt lat="40.58034" lon="-0.35305">
				<ele>971.87</ele>
				<time>2026-09-20T03:58:48.378Z</time>
			</trkpt>
			<trkpt lat="40.58059" lon="-0.353">
				<ele>974.4</ele>
				<time>2026-09-20T03:58:50.238Z</time>
			</trkpt>
			<trkpt lat="40.5809" lon="-0.35289">
				<ele>967.13</ele>
				<time>2026-09-20T03:58:52.614Z</time>
			</trkpt>
			<trkpt lat="40.58112" lon="-0.35278">
				<ele>958.89</ele>
				<time>2026-09-20T03:58:54.366Z</time>
			</trkpt>
			<trkpt lat="40.58144" lon="-0.35255">
				<ele>953.8</ele>
				<time>2026-09-20T03:58:57.099Z</time>
			</trkpt>
			<trkpt lat="40.58169" lon="-0.35229">
				<ele>953.66</ele>
				<time>2026-09-20T03:58:59.504Z</time>
			</trkpt>
			<trkpt lat="40.58192" lon="-0.352">
				<ele>956.54</ele>
				<time>2026-09-20T03:59:01.924Z</time>
			</trkpt>
			<trkpt lat="40.58216" lon="-0.35157">
				<ele>958.18</ele>
				<time>2026-09-20T03:59:05.029Z</time>
			</trkpt>
			<trkpt lat="40.58228" lon="-0.35125">
				<ele>956.34</ele>
				<time>2026-09-20T03:59:07.121Z</time>
			</trkpt>
			<trkpt lat="40.5824" lon="-0.35084">
				<ele>953.28</ele>
				<time>2026-09-20T03:59:09.713Z</time>
			</trkpt>
			<trkpt lat="40.58246" lon="-0.3505">
				<ele>949.74</ele>
				<time>2026-09-20T03:59:11.785Z</time>
			</trkpt>
			<trkpt lat="40.58249" lon="-0.35009">
				<ele>944.91</ele>
				<time>2026-09-20T03:59:14.246Z</time>
			</trkpt>
			<trkpt lat="40.58248" lon="-0.34972">
				<ele>942.76</ele>
				<time>2026-09-20T03:59:16.472Z</time>
			</trkpt>
			<trkpt lat="40.58241" lon="-0.3487">
				<ele>937.61</ele>
				<time>2026-09-20T03:59:22.699Z</time>
			</trkpt>
			<trkpt lat="40.58242" lon="-0.34824">
				<ele>936.52</ele>
				<time>2026-09-20T03:59:25.531Z</time>
			</trkpt>
			<trkpt lat="40.58249" lon="-0.34788">
				<ele>934.9</ele>
				<time>2026-09-20T03:59:27.834Z</time>
			</trkpt>
			<trkpt lat="40.58259" lon="-0.34745">
				<ele>929.42</ele>
				<time>2026-09-20T03:59:30.639Z</time>
			</trkpt>
			<trkpt lat="40.58277" lon="-0.347">
				<ele>923.81</ele>
				<time>2026-09-20T03:59:33.836Z</time>
			</trkpt>
			<trkpt lat="40.58289" lon="-0.34676">
				<ele>921.14</ele>
				<time>2026-09-20T03:59:35.654Z</time>
			</trkpt>
			<trkpt lat="40.58304" lon="-0.34654">
				<ele>917.62</ele>
				<time>2026-09-20T03:59:37.533Z</time>
			</trkpt>
			<trkpt lat="40.58333" lon="-0.34619">
				<ele>913.46</ele>
				<time>2026-09-20T03:59:40.848Z</time>
			</trkpt>
			<trkpt lat="40.58371" lon="-0.34589">
				<ele>906.57</ele>
				<time>2026-09-20T03:59:44.614Z</time>
			</trkpt>
			<trkpt lat="40.5839" lon="-0.34579">
				<ele>902.02</ele>
				<time>2026-09-20T03:59:46.365Z</time>
			</trkpt>
			<trkpt lat="40.5842" lon="-0.34567">
				<ele>908.3</ele>
				<time>2026-09-20T03:59:49.064Z</time>
			</trkpt>
			<trkpt lat="40.58442" lon="-0.34562">
				<ele>912.77</ele>
				<time>2026-09-20T03:59:50.996Z</time>
			</trkpt>
			<trkpt lat="40.58468" lon="-0.34559">
				<ele>917.93</ele>
				<time>2026-09-20T03:59:53.266Z</time>
			</trkpt>
			<trkpt lat="40.58595" lon="-0.34547">
				<ele>922.27</ele>
				<time>2026-09-20T04:00:04.525Z</time>
			</trkpt>
			<trkpt lat="40.58633" lon="-0.3454">
				<ele>922.26</ele>
				<time>2026-09-20T04:00:07.977Z</time>
			</trkpt>
			<trkpt lat="40.58643" lon="-0.34536">
				<ele>922.39</ele>
				<time>2026-09-20T04:00:08.922Z</time>
			</trkpt>
			<trkpt lat="40.58612" lon="-0.34503">
				<ele>920.21</ele>
				<time>2026-09-20T04:00:12.546Z</time>
			</trkpt>
			<trkpt lat="40.58601" lon="-0.34488">
				<ele>919.13</ele>
				<time>2026-09-20T04:00:13.994Z</time>
			</trkpt>
			<trkpt lat="40.58597" lon="-0.3447">
				<ele>917.25</ele>
				<time>2026-09-20T04:00:15.301Z</time>
			</trkpt>
			<trkpt lat="40.58597" lon="-0.3446">
				<ele>916.3</ele>
				<time>2026-09-20T04:00:15.999Z</time>
			</trkpt>
			<trkpt lat="40.58619" lon="-0.34289">
				<ele>913</ele>
				<time>2026-09-20T04:00:28.288Z</time>
			</trkpt>
			<trkpt lat="40.58618" lon="-0.34274">
				<ele>912.66</ele>
				<time>2026-09-20T04:00:29.443Z</time>
			</trkpt>
			<trkpt lat="40.58616" lon="-0.34262">
				<ele>911.83</ele>
				<time>2026-09-20T04:00:30.491Z</time>
			</trkpt>
			<trkpt lat="40.5861" lon="-0.3425">
				<ele>910.89</ele>
				<time>2026-09-20T04:00:31.828Z</time>
			</trkpt>
			<trkpt lat="40.58584" lon="-0.3421">
				<ele>905.19</ele>
				<time>2026-09-20T04:00:37.623Z</time>
			</trkpt>
			<trkpt lat="40.58575" lon="-0.34202">
				<ele>903.42</ele>
				<time>2026-09-20T04:00:39.399Z</time>
			</trkpt>
			<trkpt lat="40.58567" lon="-0.34201">
				<ele>902.36</ele>
				<time>2026-09-20T04:00:40.759Z</time>
			</trkpt>
			<trkpt lat="40.5857" lon="-0.3419">
				<ele>900.44</ele>
				<time>2026-09-20T04:00:42.302Z</time>
			</trkpt>
			<trkpt lat="40.58576" lon="-0.34187">
				<ele>900.47</ele>
				<time>2026-09-20T04:00:43.440Z</time>
			</trkpt>
			<trkpt lat="40.586" lon="-0.34188">
				<ele>902.4</ele>
				<time>2026-09-20T04:00:47.843Z</time>
			</trkpt>
			<trkpt lat="40.58606" lon="-0.34193">
				<ele>903.52</ele>
				<time>2026-09-20T04:00:49.178Z</time>
			</trkpt>
			<trkpt lat="40.58623" lon="-0.34222">
				<ele>907.83</ele>
				<time>2026-09-20T04:00:54.490Z</time>
			</trkpt>
			<trkpt lat="40.58644" lon="-0.34214">
				<ele>909.68</ele>
				<time>2026-09-20T04:00:58.682Z</time>
			</trkpt>
			<trkpt lat="40.58644" lon="-0.34201">
				<ele>909.2</ele>
				<time>2026-09-20T04:01:00.560Z</time>
			</trkpt>
			<trkpt lat="40.58646" lon="-0.34197">
				<ele>909.44</ele>
				<time>2026-09-20T04:01:01.247Z</time>
			</trkpt>
			<trkpt lat="40.5865" lon="-0.34196">
				<ele>910.2</ele>
				<time>2026-09-20T04:01:02.012Z</time>
			</trkpt>
			<trkpt lat="40.58661" lon="-0.34166">
				<ele>910.49</ele>
				<time>2026-09-20T04:01:06.657Z</time>
			</trkpt>
			<trkpt lat="40.58665" lon="-0.34161">
				<ele>910.97</ele>
				<time>2026-09-20T04:01:07.637Z</time>
			</trkpt>
			<trkpt lat="40.58679" lon="-0.34183">
				<ele>914.19</ele>
				<time>2026-09-20T04:01:11.359Z</time>
			</trkpt>
			<trkpt lat="40.58685" lon="-0.34173">
				<ele>914.38</ele>
				<time>2026-09-20T04:01:12.923Z</time>
			</trkpt>
			<trkpt lat="40.58692" lon="-0.34168">
				<ele>914.85</ele>
				<time>2026-09-20T04:01:14.161Z</time>
			</trkpt>
			<trkpt lat="40.58699" lon="-0.34175">
				<ele>915.71</ele>
				<time>2026-09-20T04:01:15.473Z</time>
			</trkpt>
			<trkpt lat="40.58725" lon="-0.34157">
				<ele>915.56</ele>
				<time>2026-09-20T04:01:19.350Z</time>
			</trkpt>
			<trkpt lat="40.58735" lon="-0.34155">
				<ele>916.35</ele>
				<time>2026-09-20T04:01:20.473Z</time>
			</trkpt>
			<trkpt lat="40.58738" lon="-0.34165">
				<ele>917.53</ele>
				<time>2026-09-20T04:01:21.336Z</time>
			</trkpt>
			<trkpt lat="40.5876" lon="-0.34169">
				<ele>919.04</ele>
				<time>2026-09-20T04:01:23.698Z</time>
			</trkpt>
			<trkpt lat="40.58755" lon="-0.34178">
				<ele>919.15</ele>
				<time>2026-09-20T04:01:24.682Z</time>
			</trkpt>
			<trkpt lat="40.58767" lon="-0.34182">
				<ele>919.69</ele>
				<time>2026-09-20T04:01:26.287Z</time>
			</trkpt>
			<trkpt lat="40.58769" lon="-0.34183">
				<ele>919.79</ele>
				<time>2026-09-20T04:01:26.590Z</time>
			</trkpt>
			<trkpt lat="40.5877" lon="-0.34214">
				<ele>921.85</ele>
				<time>2026-09-20T04:01:30.521Z</time>
			</trkpt>
			<trkpt lat="40.58773" lon="-0.34223">
				<ele>922.66</ele>
				<time>2026-09-20T04:01:31.931Z</time>
			</trkpt>
			<trkpt lat="40.58783" lon="-0.34248">
				<ele>923.24</ele>
				<time>2026-09-20T04:01:36.149Z</time>
			</trkpt>
			<trkpt lat="40.58773" lon="-0.34223">
				<ele>922.66</ele>
				<time>2026-09-20T04:01:40.239Z</time>
			</trkpt>
			<trkpt lat="40.5877" lon="-0.34214">
				<ele>921.85</ele>
				<time>2026-09-20T04:01:41.614Z</time>
			</trkpt>
			<trkpt lat="40.58769" lon="-0.34183">
				<ele>919.79</ele>
				<time>2026-09-20T04:01:45.951Z</time>
			</trkpt>
			<trkpt lat="40.58767" lon="-0.34182">
				<ele>919.69</ele>
				<time>2026-09-20T04:01:46.345Z</time>
			</trkpt>
			<trkpt lat="40.58755" lon="-0.34178">
				<ele>919.15</ele>
				<time>2026-09-20T04:01:48.624Z</time>
			</trkpt>
			<trkpt lat="40.5876" lon="-0.34169">
				<ele>919.04</ele>
				<time>2026-09-20T04:01:50.183Z</time>
			</trkpt>
			<trkpt lat="40.58738" lon="-0.34165">
				<ele>917.53</ele>
				<time>2026-09-20T04:01:54.273Z</time>
			</trkpt>
			<trkpt lat="40.58735" lon="-0.34155">
				<ele>916.35</ele>
				<time>2026-09-20T04:01:55.777Z</time>
			</trkpt>
			<trkpt lat="40.58725" lon="-0.34157">
				<ele>915.56</ele>
				<time>2026-09-20T04:01:57.639Z</time>
			</trkpt>
			<trkpt lat="40.58699" lon="-0.34175">
				<ele>915.71</ele>
				<time>2026-09-20T04:02:03.046Z</time>
			</trkpt>
			<trkpt lat="40.58692" lon="-0.34168">
				<ele>914.85</ele>
				<time>2026-09-20T04:02:04.662Z</time>
			</trkpt>
			<trkpt lat="40.58685" lon="-0.34173">
				<ele>914.38</ele>
				<time>2026-09-20T04:02:06.128Z</time>
			</trkpt>
			<trkpt lat="40.58679" lon="-0.34183">
				<ele>914.19</ele>
				<time>2026-09-20T04:02:07.909Z</time>
			</trkpt>
			<trkpt lat="40.58665" lon="-0.34161">
				<ele>910.97</ele>
				<time>2026-09-20T04:02:11.922Z</time>
			</trkpt>
			<trkpt lat="40.58661" lon="-0.34166">
				<ele>910.49</ele>
				<time>2026-09-20T04:02:12.937Z</time>
			</trkpt>
			<trkpt lat="40.5865" lon="-0.34196">
				<ele>910.2</ele>
				<time>2026-09-20T04:02:17.595Z</time>
			</trkpt>
			<trkpt lat="40.58646" lon="-0.34197">
				<ele>909.44</ele>
				<time>2026-09-20T04:02:18.344Z</time>
			</trkpt>
			<trkpt lat="40.58644" lon="-0.34201">
				<ele>909.2</ele>
				<time>2026-09-20T04:02:19.014Z</time>
			</trkpt>
			<trkpt lat="40.58644" lon="-0.34214">
				<ele>909.68</ele>
				<time>2026-09-20T04:02:20.831Z</time>
			</trkpt>
			<trkpt lat="40.58623" lon="-0.34222">
				<ele>907.83</ele>
				<time>2026-09-20T04:02:24.855Z</time>
			</trkpt>
			<trkpt lat="40.58606" lon="-0.34193">
				<ele>903.52</ele>
				<time>2026-09-20T04:02:29.974Z</time>
			</trkpt>
			<trkpt lat="40.586" lon="-0.34188">
				<ele>902.4</ele>
				<time>2026-09-20T04:02:31.281Z</time>
			</trkpt>
			<trkpt lat="40.58576" lon="-0.34187">
				<ele>900.47</ele>
				<time>2026-09-20T04:02:35.702Z</time>
			</trkpt>
			<trkpt lat="40.5857" lon="-0.3419">
				<ele>900.44</ele>
				<time>2026-09-20T04:02:36.884Z</time>
			</trkpt>
			<trkpt lat="40.58567" lon="-0.34201">
				<ele>902.36</ele>
				<time>2026-09-20T04:02:38.519Z</time>
			</trkpt>
			<trkpt lat="40.58575" lon="-0.34202">
				<ele>903.42</ele>
				<time>2026-09-20T04:02:39.998Z</time>
			</trkpt>
			<trkpt lat="40.58584" lon="-0.3421">
				<ele>905.19</ele>
				<time>2026-09-20T04:02:41.998Z</time>
			</trkpt>
			<trkpt lat="40.5861" lon="-0.3425">
				<ele>910.89</ele>
				<time>2026-09-20T04:02:49.359Z</time>
			</trkpt>
			<trkpt lat="40.58616" lon="-0.34262">
				<ele>911.83</ele>
				<time>2026-09-20T04:02:51.387Z</time>
			</trkpt>
			<trkpt lat="40.58618" lon="-0.34274">
				<ele>912.66</ele>
				<time>2026-09-20T04:02:53.195Z</time>
			</trkpt>
			<trkpt lat="40.58619" lon="-0.34289">
				<ele>913</ele>
				<time>2026-09-20T04:02:55.455Z</time>
			</trkpt>
			<trkpt lat="40.58597" lon="-0.3446">
				<ele>916.3</ele>
				<time>2026-09-20T04:03:13.406Z</time>
			</trkpt>
			<trkpt lat="40.58597" lon="-0.3447">
				<ele>917.25</ele>
				<time>2026-09-20T04:03:14.280Z</time>
			</trkpt>
			<trkpt lat="40.58601" lon="-0.34488">
				<ele>919.13</ele>
				<time>2026-09-20T04:03:15.919Z</time>
			</trkpt>
			<trkpt lat="40.58612" lon="-0.34503">
				<ele>920.21</ele>
				<time>2026-09-20T04:03:17.742Z</time>
			</trkpt>
			<trkpt lat="40.58643" lon="-0.34536">
				<ele>922.39</ele>
				<time>2026-09-20T04:03:22.330Z</time>
			</trkpt>
			<trkpt lat="40.58633" lon="-0.3454">
				<ele>922.26</ele>
				<time>2026-09-20T04:03:23.533Z</time>
			</trkpt>
			<trkpt lat="40.58595" lon="-0.34547">
				<ele>922.27</ele>
				<time>2026-09-20T04:03:27.949Z</time>
			</trkpt>
			<trkpt lat="40.58468" lon="-0.34559">
				<ele>917.93</ele>
				<time>2026-09-20T04:03:42.769Z</time>
			</trkpt>
			<trkpt lat="40.58442" lon="-0.34562">
				<ele>912.77</ele>
				<time>2026-09-20T04:03:45.793Z</time>
			</trkpt>
			<trkpt lat="40.5842" lon="-0.34567">
				<ele>908.3</ele>
				<time>2026-09-20T04:03:47.686Z</time>
			</trkpt>
			<trkpt lat="40.5839" lon="-0.34579">
				<ele>902.02</ele>
				<time>2026-09-20T04:03:50.235Z</time>
			</trkpt>
			<trkpt lat="40.58371" lon="-0.34589">
				<ele>906.57</ele>
				<time>2026-09-20T04:03:51.890Z</time>
			</trkpt>
			<trkpt lat="40.58333" lon="-0.34619">
				<ele>913.46</ele>
				<time>2026-09-20T04:03:55.452Z</time>
			</trkpt>
			<trkpt lat="40.58304" lon="-0.34654">
				<ele>917.62</ele>
				<time>2026-09-20T04:03:58.590Z</time>
			</trkpt>
			<trkpt lat="40.58289" lon="-0.34676">
				<ele>921.14</ele>
				<time>2026-09-20T04:04:00.372Z</time>
			</trkpt>
			<trkpt lat="40.58277" lon="-0.347">
				<ele>923.81</ele>
				<time>2026-09-20T04:04:02.095Z</time>
			</trkpt>
			<trkpt lat="40.58259" lon="-0.34745">
				<ele>929.42</ele>
				<time>2026-09-20T04:04:05.130Z</time>
			</trkpt>
			<trkpt lat="40.58249" lon="-0.34788">
				<ele>934.9</ele>
				<time>2026-09-20T04:04:07.795Z</time>
			</trkpt>
			<trkpt lat="40.58242" lon="-0.34824">
				<ele>936.52</ele>
				<time>2026-09-20T04:04:09.984Z</time>
			</trkpt>
			<trkpt lat="40.58241" lon="-0.3487">
				<ele>937.61</ele>
				<time>2026-09-20T04:04:12.680Z</time>
			</trkpt>
			<trkpt lat="40.58248" lon="-0.34972">
				<ele>942.76</ele>
				<time>2026-09-20T04:04:18.616Z</time>
			</trkpt>
			<trkpt lat="40.58249" lon="-0.35009">
				<ele>944.91</ele>
				<time>2026-09-20T04:04:20.741Z</time>
			</trkpt>
			<trkpt lat="40.58246" lon="-0.3505">
				<ele>949.74</ele>
				<time>2026-09-20T04:04:23.092Z</time>
			</trkpt>
			<trkpt lat="40.5824" lon="-0.35084">
				<ele>953.28</ele>
				<time>2026-09-20T04:04:25.074Z</time>
			</trkpt>
			<trkpt lat="40.58228" lon="-0.35125">
				<ele>956.34</ele>
				<time>2026-09-20T04:04:27.555Z</time>
			</trkpt>
			<trkpt lat="40.58216" lon="-0.35157">
				<ele>958.18</ele>
				<time>2026-09-20T04:04:29.559Z</time>
			</trkpt>
			<trkpt lat="40.58192" lon="-0.352">
				<ele>956.54</ele>
				<time>2026-09-20T04:04:32.536Z</time>
			</trkpt>
			<trkpt lat="40.58169" lon="-0.35229">
				<ele>953.66</ele>
				<time>2026-09-20T04:04:34.860Z</time>
			</trkpt>
			<trkpt lat="40.58144" lon="-0.35255">
				<ele>953.8</ele>
				<time>2026-09-20T04:04:37.171Z</time>
			</trkpt>
			<trkpt lat="40.58112" lon="-0.35278">
				<ele>958.89</ele>
				<time>2026-09-20T04:04:39.800Z</time>
			</trkpt>
			<trkpt lat="40.5809" lon="-0.35289">
				<ele>967.13</ele>
				<time>2026-09-20T04:04:41.487Z</time>
			</trkpt>
			<trkpt lat="40.58059" lon="-0.353">
				<ele>974.4</ele>
				<time>2026-09-20T04:04:43.776Z</time>
			</trkpt>
			<trkpt lat="40.58034" lon="-0.35305">
				<ele>971.87</ele>
				<time>2026-09-20T04:04:45.570Z</time>
			</trkpt>
			<trkpt lat="40.57953" lon="-0.35312">
				<ele>960.83</ele>
				<time>2026-09-20T04:04:51.273Z</time>
			</trkpt>
			<trkpt lat="40.5793" lon="-0.35318">
				<ele>962.32</ele>
				<time>2026-09-20T04:04:52.904Z</time>
			</trkpt>
			<trkpt lat="40.57905" lon="-0.35328">
				<ele>965.73</ele>
				<time>2026-09-20T04:04:54.713Z</time>
			</trkpt>
			<trkpt lat="40.57876" lon="-0.35345">
				<ele>969.39</ele>
				<time>2026-09-20T04:04:56.900Z</time>
			</trkpt>
			<trkpt lat="40.57851" lon="-0.35365">
				<ele>971.55</ele>
				<time>2026-09-20T04:04:58.904Z</time>
			</trkpt>
			<trkpt lat="40.57817" lon="-0.35403">
				<ele>973.47</ele>
				<time>2026-09-20T04:05:01.938Z</time>
			</trkpt>
			<trkpt lat="40.57795" lon="-0.35437">
				<ele>975.78</ele>
				<time>2026-09-20T04:05:04.229Z</time>
			</trkpt>
			<trkpt lat="40.57743" lon="-0.3553">
				<ele>982.34</ele>
				<time>2026-09-20T04:05:10.088Z</time>
			</trkpt>
			<trkpt lat="40.57717" lon="-0.35564">
				<ele>989.58</ele>
				<time>2026-09-20T04:05:12.508Z</time>
			</trkpt>
			<trkpt lat="40.57698" lon="-0.35585">
				<ele>994.5</ele>
				<time>2026-09-20T04:05:14.137Z</time>
			</trkpt>
			<trkpt lat="40.57676" lon="-0.35604">
				<ele>998.42</ele>
				<time>2026-09-20T04:05:15.857Z</time>
			</trkpt>
			<trkpt lat="40.57636" lon="-0.35627">
				<ele>1005.52</ele>
				<time>2026-09-20T04:05:18.691Z</time>
			</trkpt>
			<trkpt lat="40.57601" lon="-0.3564">
				<ele>1010.36</ele>
				<time>2026-09-20T04:05:21.036Z</time>
			</trkpt>
			<trkpt lat="40.57455" lon="-0.35669">
				<ele>1012.04</ele>
				<time>2026-09-20T04:05:30.397Z</time>
			</trkpt>
			<trkpt lat="40.57393" lon="-0.35689">
				<ele>1015.92</ele>
				<time>2026-09-20T04:05:34.367Z</time>
			</trkpt>
			<trkpt lat="40.57119" lon="-0.35809">
				<ele>1022.93</ele>
				<time>2026-09-20T04:05:51.769Z</time>
			</trkpt>
			<trkpt lat="40.57063" lon="-0.35829">
				<ele>1026.73</ele>
				<time>2026-09-20T04:05:55.159Z</time>
			</trkpt>
			<trkpt lat="40.57033" lon="-0.35835">
				<ele>1029.79</ele>
				<time>2026-09-20T04:05:56.918Z</time>
			</trkpt>
			<trkpt lat="40.57005" lon="-0.35838">
				<ele>1029.86</ele>
				<time>2026-09-20T04:05:58.538Z</time>
			</trkpt>
			<trkpt lat="40.56956" lon="-0.35839">
				<ele>1024.65</ele>
				<time>2026-09-20T04:06:01.346Z</time>
			</trkpt>
			<trkpt lat="40.56924" lon="-0.35836">
				<ele>1021.72</ele>
				<time>2026-09-20T04:06:03.170Z</time>
			</trkpt>
			<trkpt lat="40.56877" lon="-0.35826">
				<ele>1019.04</ele>
				<time>2026-09-20T04:06:05.860Z</time>
			</trkpt>
			<trkpt lat="40.56828" lon="-0.35809">
				<ele>1015.82</ele>
				<time>2026-09-20T04:06:08.698Z</time>
			</trkpt>
			<trkpt lat="40.56539" lon="-0.35665">
				<ele>990.56</ele>
				<time>2026-09-20T04:06:25.484Z</time>
			</trkpt>
			<trkpt lat="40.56433" lon="-0.35616">
				<ele>1003.21</ele>
				<time>2026-09-20T04:06:31.374Z</time>
			</trkpt>
			<trkpt lat="40.56403" lon="-0.3561">
				<ele>1004.14</ele>
				<time>2026-09-20T04:06:32.946Z</time>
			</trkpt>
			<trkpt lat="40.5638" lon="-0.35607">
				<ele>1004.81</ele>
				<time>2026-09-20T04:06:34.138Z</time>
			</trkpt>
			<trkpt lat="40.56358" lon="-0.35609">
				<ele>1006.08</ele>
				<time>2026-09-20T04:06:35.272Z</time>
			</trkpt>
			<trkpt lat="40.56315" lon="-0.35619">
				<ele>1008.38</ele>
				<time>2026-09-20T04:06:37.505Z</time>
			</trkpt>
			<trkpt lat="40.56265" lon="-0.35635">
				<ele>1011.68</ele>
				<time>2026-09-20T04:06:40.115Z</time>
			</trkpt>
			<trkpt lat="40.56219" lon="-0.35644">
				<ele>1012.98</ele>
				<time>2026-09-20T04:06:42.457Z</time>
			</trkpt>
			<trkpt lat="40.56177" lon="-0.3564">
				<ele>1018.44</ele>
				<time>2026-09-20T04:06:44.562Z</time>
			</trkpt>
			<trkpt lat="40.56155" lon="-0.35634">
				<ele>1021.36</ele>
				<time>2026-09-20T04:06:45.679Z</time>
			</trkpt>
			<trkpt lat="40.55921" lon="-0.35518">
				<ele>1021.07</ele>
				<time>2026-09-20T04:06:57.858Z</time>
			</trkpt>
			<trkpt lat="40.55887" lon="-0.35504">
				<ele>1022.46</ele>
				<time>2026-09-20T04:06:59.556Z</time>
			</trkpt>
			<trkpt lat="40.55862" lon="-0.35499">
				<ele>1026.67</ele>
				<time>2026-09-20T04:07:00.756Z</time>
			</trkpt>
			<trkpt lat="40.55845" lon="-0.35498">
				<ele>1027.75</ele>
				<time>2026-09-20T04:07:01.561Z</time>
			</trkpt>
			<trkpt lat="40.55822" lon="-0.35499">
				<ele>1028.01</ele>
				<time>2026-09-20T04:07:02.647Z</time>
			</trkpt>
			<trkpt lat="40.55781" lon="-0.35509">
				<ele>1026.47</ele>
				<time>2026-09-20T04:07:04.604Z</time>
			</trkpt>
			<trkpt lat="40.55745" lon="-0.35529">
				<ele>1030.11</ele>
				<time>2026-09-20T04:07:06.428Z</time>
			</trkpt>
			<trkpt lat="40.55629" lon="-0.35627">
				<ele>1030.9</ele>
				<time>2026-09-20T04:07:12.781Z</time>
			</trkpt>
			<trkpt lat="40.55601" lon="-0.35645">
				<ele>1033.35</ele>
				<time>2026-09-20T04:07:14.201Z</time>
			</trkpt>
			<trkpt lat="40.55576" lon="-0.35656">
				<ele>1033.55</ele>
				<time>2026-09-20T04:07:15.397Z</time>
			</trkpt>
			<trkpt lat="40.55551" lon="-0.35664">
				<ele>1033.53</ele>
				<time>2026-09-20T04:07:16.560Z</time>
			</trkpt>
			<trkpt lat="40.55515" lon="-0.35668">
				<ele>1039.17</ele>
				<time>2026-09-20T04:07:18.187Z</time>
			</trkpt>
			<trkpt lat="40.5543" lon="-0.35664">
				<ele>1048.01</ele>
				<time>2026-09-20T04:07:21.986Z</time>
			</trkpt>
			<trkpt lat="40.55412" lon="-0.35666">
				<ele>1050.23</ele>
				<time>2026-09-20T04:07:22.788Z</time>
			</trkpt>
			<trkpt lat="40.55384" lon="-0.35671">
				<ele>1052.62</ele>
				<time>2026-09-20T04:07:24.038Z</time>
			</trkpt>
			<trkpt lat="40.55355" lon="-0.3568">
				<ele>1053.67</ele>
				<time>2026-09-20T04:07:25.351Z</time>
			</trkpt>
			<trkpt lat="40.55324" lon="-0.35696">
				<ele>1052.5</ele>
				<time>2026-09-20T04:07:26.813Z</time>
			</trkpt>
			<trkpt lat="40.55214" lon="-0.3578">
				<ele>1058.9</ele>
				<time>2026-09-20T04:07:32.342Z</time>
			</trkpt>
			<trkpt lat="40.5518" lon="-0.35802">
				<ele>1061.02</ele>
				<time>2026-09-20T04:07:33.973Z</time>
			</trkpt>
			<trkpt lat="40.55156" lon="-0.35814">
				<ele>1060.96</ele>
				<time>2026-09-20T04:07:35.074Z</time>
			</trkpt>
			<trkpt lat="40.5508" lon="-0.35838">
				<ele>1056.98</ele>
				<time>2026-09-20T04:07:38.405Z</time>
			</trkpt>
			<trkpt lat="40.55042" lon="-0.35855">
				<ele>1056.13</ele>
				<time>2026-09-20T04:07:40.105Z</time>
			</trkpt>
			<trkpt lat="40.54942" lon="-0.35916">
				<ele>1056.76</ele>
				<time>2026-09-20T04:07:44.735Z</time>
			</trkpt>
			<trkpt lat="40.54916" lon="-0.35934">
				<ele>1057.74</ele>
				<time>2026-09-20T04:07:45.960Z</time>
			</trkpt>
			<trkpt lat="40.54898" lon="-0.35949">
				<ele>1057.6</ele>
				<time>2026-09-20T04:07:46.846Z</time>
			</trkpt>
			<trkpt lat="40.54859" lon="-0.35993">
				<ele>1056.75</ele>
				<time>2026-09-20T04:07:48.974Z</time>
			</trkpt>
			<trkpt lat="40.54832" lon="-0.36039">
				<ele>1059.78</ele>
				<time>2026-09-20T04:07:50.795Z</time>
			</trkpt>
			<trkpt lat="40.54821" lon="-0.36061">
				<ele>1061.02</ele>
				<time>2026-09-20T04:07:51.618Z</time>
			</trkpt>
			<trkpt lat="40.54807" lon="-0.36099">
				<ele>1059.58</ele>
				<time>2026-09-20T04:07:52.934Z</time>
			</trkpt>
			<trkpt lat="40.54772" lon="-0.36201">
				<ele>1056.63</ele>
				<time>2026-09-20T04:07:56.403Z</time>
			</trkpt>
			<trkpt lat="40.54762" lon="-0.36222">
				<ele>1057.19</ele>
				<time>2026-09-20T04:07:57.167Z</time>
			</trkpt>
			<trkpt lat="40.54741" lon="-0.36258">
				<ele>1058.98</ele>
				<time>2026-09-20T04:07:58.564Z</time>
			</trkpt>
			<trkpt lat="40.54701" lon="-0.36302">
				<ele>1061.22</ele>
				<time>2026-09-20T04:08:00.668Z</time>
			</trkpt>
			<trkpt lat="40.54657" lon="-0.36345">
				<ele>1064.46</ele>
				<time>2026-09-20T04:08:02.870Z</time>
			</trkpt>
			<trkpt lat="40.5463" lon="-0.36374">
				<ele>1066.37</ele>
				<time>2026-09-20T04:08:04.265Z</time>
			</trkpt>
			<trkpt lat="40.54578" lon="-0.36444">
				<ele>1063.65</ele>
				<time>2026-09-20T04:08:07.231Z</time>
			</trkpt>
			<trkpt lat="40.54532" lon="-0.36512">
				<ele>1057.32</ele>
				<time>2026-09-20T04:08:09.975Z</time>
			</trkpt>
			<trkpt lat="40.54516" lon="-0.36547">
				<ele>1061.21</ele>
				<time>2026-09-20T04:08:11.201Z</time>
			</trkpt>
			<trkpt lat="40.54505" lon="-0.36578">
				<ele>1066.64</ele>
				<time>2026-09-20T04:08:12.227Z</time>
			</trkpt>
			<trkpt lat="40.54471" lon="-0.36737">
				<ele>1066.7</ele>
				<time>2026-09-20T04:08:17.154Z</time>
			</trkpt>
			<trkpt lat="40.54454" lon="-0.36789">
				<ele>1069.59</ele>
				<time>2026-09-20T04:08:18.835Z</time>
			</trkpt>
			<trkpt lat="40.54427" lon="-0.36836">
				<ele>1071.42</ele>
				<time>2026-09-20T04:08:20.580Z</time>
			</trkpt>
			<trkpt lat="40.54412" lon="-0.36857">
				<ele>1072.79</ele>
				<time>2026-09-20T04:08:21.432Z</time>
			</trkpt>
			<trkpt lat="40.54367" lon="-0.36902">
				<ele>1074.5</ele>
				<time>2026-09-20T04:08:23.626Z</time>
			</trkpt>
			<trkpt lat="40.54351" lon="-0.36922">
				<ele>1073.88</ele>
				<time>2026-09-20T04:08:24.482Z</time>
			</trkpt>
			<trkpt lat="40.54335" lon="-0.36951">
				<ele>1073.23</ele>
				<time>2026-09-20T04:08:25.536Z</time>
			</trkpt>
			<trkpt lat="40.54293" lon="-0.37039">
				<ele>1070.78</ele>
				<time>2026-09-20T04:08:28.587Z</time>
			</trkpt>
			<trkpt lat="40.54273" lon="-0.37089">
				<ele>1069.26</ele>
				<time>2026-09-20T04:08:30.241Z</time>
			</trkpt>
			<trkpt lat="40.54257" lon="-0.37139">
				<ele>1065.11</ele>
				<time>2026-09-20T04:08:31.828Z</time>
			</trkpt>
			<trkpt lat="40.54237" lon="-0.3722">
				<ele>1061.9</ele>
				<time>2026-09-20T04:08:34.314Z</time>
			</trkpt>
			<trkpt lat="40.54219" lon="-0.37267">
				<ele>1061.2</ele>
				<time>2026-09-20T04:08:35.848Z</time>
			</trkpt>
			<trkpt lat="40.54187" lon="-0.37338">
				<ele>1062.2</ele>
				<time>2026-09-20T04:08:38.252Z</time>
			</trkpt>
			<trkpt lat="40.54169" lon="-0.37388">
				<ele>1061.34</ele>
				<time>2026-09-20T04:08:39.861Z</time>
			</trkpt>
			<trkpt lat="40.54093" lon="-0.37635">
				<ele>1060.93</ele>
				<time>2026-09-20T04:08:47.597Z</time>
			</trkpt>
			<trkpt lat="40.54086" lon="-0.37655">
				<ele>1059.42</ele>
				<time>2026-09-20T04:08:48.236Z</time>
			</trkpt>
			<trkpt lat="40.54064" lon="-0.37697">
				<ele>1056.02</ele>
				<time>2026-09-20T04:08:49.715Z</time>
			</trkpt>
			<trkpt lat="40.54052" lon="-0.37716">
				<ele>1053.67</ele>
				<time>2026-09-20T04:08:50.432Z</time>
			</trkpt>
			<trkpt lat="40.54025" lon="-0.37749">
				<ele>1051.85</ele>
				<time>2026-09-20T04:08:51.838Z</time>
			</trkpt>
			<trkpt lat="40.53998" lon="-0.3779">
				<ele>1056.38</ele>
				<time>2026-09-20T04:08:53.412Z</time>
			</trkpt>
			<trkpt lat="40.5398" lon="-0.37828">
				<ele>1055.45</ele>
				<time>2026-09-20T04:08:54.711Z</time>
			</trkpt>
			<trkpt lat="40.5397" lon="-0.37854">
				<ele>1053.59</ele>
				<time>2026-09-20T04:08:55.557Z</time>
			</trkpt>
			<trkpt lat="40.53958" lon="-0.37905">
				<ele>1050.87</ele>
				<time>2026-09-20T04:08:57.107Z</time>
			</trkpt>
			<trkpt lat="40.53947" lon="-0.38009">
				<ele>1047.49</ele>
				<time>2026-09-20T04:09:00.158Z</time>
			</trkpt>
			<trkpt lat="40.53941" lon="-0.38037">
				<ele>1048.06</ele>
				<time>2026-09-20T04:09:01.004Z</time>
			</trkpt>
			<trkpt lat="40.53934" lon="-0.38059">
				<ele>1048.17</ele>
				<time>2026-09-20T04:09:01.698Z</time>
			</trkpt>
			<trkpt lat="40.53923" lon="-0.38082">
				<ele>1047.59</ele>
				<time>2026-09-20T04:09:02.489Z</time>
			</trkpt>
			<trkpt lat="40.53833" lon="-0.38222">
				<ele>1046.15</ele>
				<time>2026-09-20T04:09:07.837Z</time>
			</trkpt>
			<trkpt lat="40.53815" lon="-0.38256">
				<ele>1046.2</ele>
				<time>2026-09-20T04:09:09.049Z</time>
			</trkpt>
			<trkpt lat="40.53793" lon="-0.38309">
				<ele>1046.52</ele>
				<time>2026-09-20T04:09:10.817Z</time>
			</trkpt>
			<trkpt lat="40.53782" lon="-0.38345">
				<ele>1049.13</ele>
				<time>2026-09-20T04:09:11.955Z</time>
			</trkpt>
			<trkpt lat="40.53778" lon="-0.38373">
				<ele>1049.1</ele>
				<time>2026-09-20T04:09:12.791Z</time>
			</trkpt>
			<trkpt lat="40.53776" lon="-0.38403">
				<ele>1049.76</ele>
				<time>2026-09-20T04:09:13.676Z</time>
			</trkpt>
			<trkpt lat="40.5378" lon="-0.38471">
				<ele>1054.62</ele>
				<time>2026-09-20T04:09:15.683Z</time>
			</trkpt>
			<trkpt lat="40.53779" lon="-0.38509">
				<ele>1055.8</ele>
				<time>2026-09-20T04:09:16.803Z</time>
			</trkpt>
			<trkpt lat="40.53776" lon="-0.38528">
				<ele>1056.67</ele>
				<time>2026-09-20T04:09:17.376Z</time>
			</trkpt>
			<trkpt lat="40.53765" lon="-0.38574">
				<ele>1053.81</ele>
				<time>2026-09-20T04:09:18.801Z</time>
			</trkpt>
			<trkpt lat="40.53758" lon="-0.38597">
				<ele>1052.93</ele>
				<time>2026-09-20T04:09:19.534Z</time>
			</trkpt>
			<trkpt lat="40.53709" lon="-0.38722">
				<ele>1055.59</ele>
				<time>2026-09-20T04:09:23.710Z</time>
			</trkpt>
			<trkpt lat="40.53607" lon="-0.38965">
				<ele>1056.06</ele>
				<time>2026-09-20T04:09:32.032Z</time>
			</trkpt>
			<trkpt lat="40.536" lon="-0.38979">
				<ele>1054.67</ele>
				<time>2026-09-20T04:09:32.538Z</time>
			</trkpt>
			<trkpt lat="40.53588" lon="-0.38998">
				<ele>1051.28</ele>
				<time>2026-09-20T04:09:33.285Z</time>
			</trkpt>
			<trkpt lat="40.5357" lon="-0.39021">
				<ele>1049.47</ele>
				<time>2026-09-20T04:09:34.285Z</time>
			</trkpt>
			<trkpt lat="40.53515" lon="-0.39071">
				<ele>1048.62</ele>
				<time>2026-09-20T04:09:36.959Z</time>
			</trkpt>
			<trkpt lat="40.53497" lon="-0.39091">
				<ele>1052.31</ele>
				<time>2026-09-20T04:09:37.905Z</time>
			</trkpt>
			<trkpt lat="40.53475" lon="-0.39123">
				<ele>1058.2</ele>
				<time>2026-09-20T04:09:39.224Z</time>
			</trkpt>
			<trkpt lat="40.53362" lon="-0.39327">
				<ele>1070.59</ele>
				<time>2026-09-20T04:09:47.018Z</time>
			</trkpt>
			<trkpt lat="40.53253" lon="-0.39548">
				<ele>1089.66</ele>
				<time>2026-09-20T04:09:55.304Z</time>
			</trkpt>
			<trkpt lat="40.53237" lon="-0.39575">
				<ele>1089.26</ele>
				<time>2026-09-20T04:09:56.393Z</time>
			</trkpt>
			<trkpt lat="40.53205" lon="-0.39618">
				<ele>1093.23</ele>
				<time>2026-09-20T04:09:58.315Z</time>
			</trkpt>
			<trkpt lat="40.53167" lon="-0.39693">
				<ele>1089.43</ele>
				<time>2026-09-20T04:10:01.211Z</time>
			</trkpt>
			<trkpt lat="40.53151" lon="-0.39713">
				<ele>1086.88</ele>
				<time>2026-09-20T04:10:02.149Z</time>
			</trkpt>
			<trkpt lat="40.53141" lon="-0.39723">
				<ele>1086.98</ele>
				<time>2026-09-20T04:10:02.683Z</time>
			</trkpt>
			<trkpt lat="40.53117" lon="-0.39742">
				<ele>1089.64</ele>
				<time>2026-09-20T04:10:03.879Z</time>
			</trkpt>
			<trkpt lat="40.53019" lon="-0.39807">
				<ele>1097.19</ele>
				<time>2026-09-20T04:10:08.599Z</time>
			</trkpt>
			<trkpt lat="40.52908" lon="-0.39872">
				<ele>1108.08</ele>
				<time>2026-09-20T04:10:13.899Z</time>
			</trkpt>
			<trkpt lat="40.5287" lon="-0.3989">
				<ele>1105.51</ele>
				<time>2026-09-20T04:10:15.678Z</time>
			</trkpt>
			<trkpt lat="40.5283" lon="-0.39904">
				<ele>1102.86</ele>
				<time>2026-09-20T04:10:17.511Z</time>
			</trkpt>
			<trkpt lat="40.52791" lon="-0.39916">
				<ele>1106.85</ele>
				<time>2026-09-20T04:10:19.294Z</time>
			</trkpt>
			<trkpt lat="40.5275" lon="-0.39923">
				<ele>1106.17</ele>
				<time>2026-09-20T04:10:21.145Z</time>
			</trkpt>
			<trkpt lat="40.5271" lon="-0.39926">
				<ele>1101.99</ele>
				<time>2026-09-20T04:10:22.948Z</time>
			</trkpt>
			<trkpt lat="40.52637" lon="-0.39925">
				<ele>1103.06</ele>
				<time>2026-09-20T04:10:26.258Z</time>
			</trkpt>
			<trkpt lat="40.5261" lon="-0.39919">
				<ele>1111.49</ele>
				<time>2026-09-20T04:10:27.508Z</time>
			</trkpt>
			<trkpt lat="40.52536" lon="-0.39894">
				<ele>1115.83</ele>
				<time>2026-09-20T04:10:31.021Z</time>
			</trkpt>
			<trkpt lat="40.52512" lon="-0.39887">
				<ele>1114.67</ele>
				<time>2026-09-20T04:10:32.160Z</time>
			</trkpt>
			<trkpt lat="40.52465" lon="-0.39883">
				<ele>1121.42</ele>
				<time>2026-09-20T04:10:34.352Z</time>
			</trkpt>
			<trkpt lat="40.52449" lon="-0.39878">
				<ele>1123.6</ele>
				<time>2026-09-20T04:10:35.121Z</time>
			</trkpt>
			<trkpt lat="40.52439" lon="-0.39874">
				<ele>1124.91</ele>
				<time>2026-09-20T04:10:35.611Z</time>
			</trkpt>
			<trkpt lat="40.52426" lon="-0.39863">
				<ele>1126.08</ele>
				<time>2026-09-20T04:10:36.336Z</time>
			</trkpt>
			<trkpt lat="40.52382" lon="-0.39812">
				<ele>1132.2</ele>
				<time>2026-09-20T04:10:39.103Z</time>
			</trkpt>
			<trkpt lat="40.5236" lon="-0.39801">
				<ele>1129.95</ele>
				<time>2026-09-20T04:10:40.221Z</time>
			</trkpt>
			<trkpt lat="40.52342" lon="-0.39798">
				<ele>1132.05</ele>
				<time>2026-09-20T04:10:41.085Z</time>
			</trkpt>
			<trkpt lat="40.52271" lon="-0.39805">
				<ele>1130.5</ele>
				<time>2026-09-20T04:10:44.498Z</time>
			</trkpt>
			<trkpt lat="40.52263" lon="-0.39804">
				<ele>1131.01</ele>
				<time>2026-09-20T04:10:44.886Z</time>
			</trkpt>
			<trkpt lat="40.52239" lon="-0.39795">
				<ele>1132.06</ele>
				<time>2026-09-20T04:10:46.092Z</time>
			</trkpt>
			<trkpt lat="40.5215" lon="-0.39738">
				<ele>1132.3</ele>
				<time>2026-09-20T04:10:50.923Z</time>
			</trkpt>
			<trkpt lat="40.52076" lon="-0.39696">
				<ele>1135.54</ele>
				<time>2026-09-20T04:10:54.912Z</time>
			</trkpt>
			<trkpt lat="40.52061" lon="-0.39692">
				<ele>1135.72</ele>
				<time>2026-09-20T04:10:55.675Z</time>
			</trkpt>
			<trkpt lat="40.52054" lon="-0.39691">
				<ele>1135.43</ele>
				<time>2026-09-20T04:10:56.026Z</time>
			</trkpt>
			<trkpt lat="40.52032" lon="-0.39698">
				<ele>1136.58</ele>
				<time>2026-09-20T04:10:57.160Z</time>
			</trkpt>
			<trkpt lat="40.52019" lon="-0.39708">
				<ele>1138.19</ele>
				<time>2026-09-20T04:10:57.916Z</time>
			</trkpt>
			<trkpt lat="40.52003" lon="-0.39729">
				<ele>1139.13</ele>
				<time>2026-09-20T04:10:59.054Z</time>
			</trkpt>
			<trkpt lat="40.51996" lon="-0.39753">
				<ele>1138.53</ele>
				<time>2026-09-20T04:11:00.042Z</time>
			</trkpt>
			<trkpt lat="40.51994" lon="-0.39767">
				<ele>1137.26</ele>
				<time>2026-09-20T04:11:00.590Z</time>
			</trkpt>
			<trkpt lat="40.51995" lon="-0.3979">
				<ele>1135.92</ele>
				<time>2026-09-20T04:11:01.479Z</time>
			</trkpt>
			<trkpt lat="40.52001" lon="-0.39811">
				<ele>1137.31</ele>
				<time>2026-09-20T04:11:02.347Z</time>
			</trkpt>
			<trkpt lat="40.52008" lon="-0.39827">
				<ele>1143.03</ele>
				<time>2026-09-20T04:11:03.064Z</time>
			</trkpt>
			<trkpt lat="40.52025" lon="-0.39844">
				<ele>1152.38</ele>
				<time>2026-09-20T04:11:04.157Z</time>
			</trkpt>
			<trkpt lat="40.5206" lon="-0.39862">
				<ele>1159.73</ele>
				<time>2026-09-20T04:11:06.090Z</time>
			</trkpt>
			<trkpt lat="40.52087" lon="-0.39884">
				<ele>1163.23</ele>
				<time>2026-09-20T04:11:07.732Z</time>
			</trkpt>
			<trkpt lat="40.52102" lon="-0.39903">
				<ele>1165.48</ele>
				<time>2026-09-20T04:11:08.814Z</time>
			</trkpt>
			<trkpt lat="40.52133" lon="-0.3995">
				<ele>1172.24</ele>
				<time>2026-09-20T04:11:11.285Z</time>
			</trkpt>
			<trkpt lat="40.52156" lon="-0.39971">
				<ele>1175.99</ele>
				<time>2026-09-20T04:11:12.756Z</time>
			</trkpt>
			<trkpt lat="40.52266" lon="-0.40047">
				<ele>1184.75</ele>
				<time>2026-09-20T04:11:19.371Z</time>
			</trkpt>
			<trkpt lat="40.52293" lon="-0.40069">
				<ele>1190.72</ele>
				<time>2026-09-20T04:11:21.083Z</time>
			</trkpt>
			<trkpt lat="40.52314" lon="-0.40095">
				<ele>1195.53</ele>
				<time>2026-09-20T04:11:22.647Z</time>
			</trkpt>
			<trkpt lat="40.52352" lon="-0.40157">
				<ele>1196.6</ele>
				<time>2026-09-20T04:11:25.954Z</time>
			</trkpt>
			<trkpt lat="40.52374" lon="-0.40177">
				<ele>1198.25</ele>
				<time>2026-09-20T04:11:27.425Z</time>
			</trkpt>
			<trkpt lat="40.52392" lon="-0.40187">
				<ele>1198.98</ele>
				<time>2026-09-20T04:11:28.505Z</time>
			</trkpt>
			<trkpt lat="40.52404" lon="-0.40188">
				<ele>1198.3</ele>
				<time>2026-09-20T04:11:29.171Z</time>
			</trkpt>
			<trkpt lat="40.52463" lon="-0.40182">
				<ele>1199.32</ele>
				<time>2026-09-20T04:11:32.470Z</time>
			</trkpt>
			<trkpt lat="40.52491" lon="-0.40183">
				<ele>1204.29</ele>
				<time>2026-09-20T04:11:34.043Z</time>
			</trkpt>
			<trkpt lat="40.52515" lon="-0.40191">
				<ele>1207.33</ele>
				<time>2026-09-20T04:11:35.440Z</time>
			</trkpt>
			<trkpt lat="40.52551" lon="-0.40207">
				<ele>1206.56</ele>
				<time>2026-09-20T04:11:37.596Z</time>
			</trkpt>
			<trkpt lat="40.52603" lon="-0.40218">
				<ele>1204.81</ele>
				<time>2026-09-20T04:11:40.607Z</time>
			</trkpt>
			<trkpt lat="40.5262" lon="-0.40223">
				<ele>1205.69</ele>
				<time>2026-09-20T04:11:41.609Z</time>
			</trkpt>
			<trkpt lat="40.52643" lon="-0.40237">
				<ele>1211.39</ele>
				<time>2026-09-20T04:11:43.073Z</time>
			</trkpt>
			<trkpt lat="40.52699" lon="-0.40277">
				<ele>1219.12</ele>
				<time>2026-09-20T04:11:46.782Z</time>
			</trkpt>
			<trkpt lat="40.5271" lon="-0.40282">
				<ele>1217.75</ele>
				<time>2026-09-20T04:11:47.464Z</time>
			</trkpt>
			<trkpt lat="40.52744" lon="-0.40289">
				<ele>1215.77</ele>
				<time>2026-09-20T04:11:49.488Z</time>
			</trkpt>
			<trkpt lat="40.52778" lon="-0.40287">
				<ele>1217.09</ele>
				<time>2026-09-20T04:11:51.503Z</time>
			</trkpt>
			<trkpt lat="40.52832" lon="-0.40275">
				<ele>1223.67</ele>
				<time>2026-09-20T04:11:54.770Z</time>
			</trkpt>
			<trkpt lat="40.52865" lon="-0.40271">
				<ele>1223.36</ele>
				<time>2026-09-20T04:11:56.762Z</time>
			</trkpt>
			<trkpt lat="40.52919" lon="-0.40271">
				<ele>1229.3</ele>
				<time>2026-09-20T04:12:00.035Z</time>
			</trkpt>
			<trkpt lat="40.53033" lon="-0.40282">
				<ele>1234.95</ele>
				<time>2026-09-20T04:12:07.067Z</time>
			</trkpt>
			<trkpt lat="40.53067" lon="-0.4028">
				<ele>1237.36</ele>
				<time>2026-09-20T04:12:09.189Z</time>
			</trkpt>
			<trkpt lat="40.53132" lon="-0.40272">
				<ele>1236.97</ele>
				<time>2026-09-20T04:12:13.297Z</time>
			</trkpt>
			<trkpt lat="40.5314" lon="-0.40274">
				<ele>1237.7</ele>
				<time>2026-09-20T04:12:13.813Z</time>
			</trkpt>
			<trkpt lat="40.53153" lon="-0.4028">
				<ele>1238.26</ele>
				<time>2026-09-20T04:12:14.687Z</time>
			</trkpt>
			<trkpt lat="40.53164" lon="-0.40289">
				<ele>1239.22</ele>
				<time>2026-09-20T04:12:15.511Z</time>
			</trkpt>
			<trkpt lat="40.53174" lon="-0.40305">
				<ele>1239.74</ele>
				<time>2026-09-20T04:12:16.515Z</time>
			</trkpt>
			<trkpt lat="40.53182" lon="-0.40324">
				<ele>1243.73</ele>
				<time>2026-09-20T04:12:17.571Z</time>
			</trkpt>
			<trkpt lat="40.53183" lon="-0.40355">
				<ele>1249.27</ele>
				<time>2026-09-20T04:12:19.085Z</time>
			</trkpt>
			<trkpt lat="40.53178" lon="-0.40377">
				<ele>1250.2</ele>
				<time>2026-09-20T04:12:20.210Z</time>
			</trkpt>
			<trkpt lat="40.53167" lon="-0.40408">
				<ele>1252.11</ele>
				<time>2026-09-20T04:12:21.892Z</time>
			</trkpt>
			<trkpt lat="40.53156" lon="-0.40428">
				<ele>1250.46</ele>
				<time>2026-09-20T04:12:23.111Z</time>
			</trkpt>
			<trkpt lat="40.52995" lon="-0.40613">
				<ele>1269.58</ele>
				<time>2026-09-20T04:12:37.298Z</time>
			</trkpt>
			<trkpt lat="40.52945" lon="-0.4068">
				<ele>1270.98</ele>
				<time>2026-09-20T04:12:42.160Z</time>
			</trkpt>
			<trkpt lat="40.52935" lon="-0.40688">
				<ele>1270.51</ele>
				<time>2026-09-20T04:12:42.963Z</time>
			</trkpt>
			<trkpt lat="40.52928" lon="-0.40689">
				<ele>1271.05</ele>
				<time>2026-09-20T04:12:43.448Z</time>
			</trkpt>
			<trkpt lat="40.52918" lon="-0.40688">
				<ele>1272.63</ele>
				<time>2026-09-20T04:12:44.138Z</time>
			</trkpt>
			<trkpt lat="40.52875" lon="-0.4067">
				<ele>1283.75</ele>
				<time>2026-09-20T04:12:47.262Z</time>
			</trkpt>
			<trkpt lat="40.52863" lon="-0.40671">
				<ele>1285.2</ele>
				<time>2026-09-20T04:12:48.099Z</time>
			</trkpt>
			<trkpt lat="40.52814" lon="-0.40693">
				<ele>1275.68</ele>
				<time>2026-09-20T04:12:51.724Z</time>
			</trkpt>
			<trkpt lat="40.52805" lon="-0.40694">
				<ele>1273.74</ele>
				<time>2026-09-20T04:12:52.359Z</time>
			</trkpt>
			<trkpt lat="40.52792" lon="-0.40687">
				<ele>1279.92</ele>
				<time>2026-09-20T04:12:53.350Z</time>
			</trkpt>
			<trkpt lat="40.52774" lon="-0.40675">
				<ele>1288.39</ele>
				<time>2026-09-20T04:12:54.779Z</time>
			</trkpt>
			<trkpt lat="40.52749" lon="-0.40679">
				<ele>1287.78</ele>
				<time>2026-09-20T04:12:56.569Z</time>
			</trkpt>
			<trkpt lat="40.52742" lon="-0.40679">
				<ele>1287.95</ele>
				<time>2026-09-20T04:12:57.067Z</time>
			</trkpt>
			<trkpt lat="40.52738" lon="-0.40675">
				<ele>1289.09</ele>
				<time>2026-09-20T04:12:57.426Z</time>
			</trkpt>
			<trkpt lat="40.52715" lon="-0.40638">
				<ele>1294.84</ele>
				<time>2026-09-20T04:13:00.029Z</time>
			</trkpt>
			<trkpt lat="40.52691" lon="-0.40603">
				<ele>1295.35</ele>
				<time>2026-09-20T04:13:02.613Z</time>
			</trkpt>
			<trkpt lat="40.52682" lon="-0.40586">
				<ele>1295.55</ele>
				<time>2026-09-20T04:13:03.754Z</time>
			</trkpt>
			<trkpt lat="40.52671" lon="-0.40559">
				<ele>1295.92</ele>
				<time>2026-09-20T04:13:05.447Z</time>
			</trkpt>
			<trkpt lat="40.52668" lon="-0.40543">
				<ele>1296.06</ele>
				<time>2026-09-20T04:13:06.361Z</time>
			</trkpt>
			<trkpt lat="40.52667" lon="-0.4053">
				<ele>1296.03</ele>
				<time>2026-09-20T04:13:07.087Z</time>
			</trkpt>
			<trkpt lat="40.52651" lon="-0.40511">
				<ele>1297.32</ele>
				<time>2026-09-20T04:13:08.668Z</time>
			</trkpt>
			<trkpt lat="40.52649" lon="-0.40509">
				<ele>1297.33</ele>
				<time>2026-09-20T04:13:08.853Z</time>
			</trkpt>
			<trkpt lat="40.52633" lon="-0.40499">
				<ele>1297.12</ele>
				<time>2026-09-20T04:13:10.157Z</time>
			</trkpt>
			<trkpt lat="40.52546" lon="-0.40517">
				<ele>1302.82</ele>
				<time>2026-09-20T04:13:16.706Z</time>
			</trkpt>
			<trkpt lat="40.52497" lon="-0.4053">
				<ele>1308.93</ele>
				<time>2026-09-20T04:13:20.471Z</time>
			</trkpt>
			<trkpt lat="40.52458" lon="-0.40554">
				<ele>1310.93</ele>
				<time>2026-09-20T04:13:23.742Z</time>
			</trkpt>
			<trkpt lat="40.52437" lon="-0.40579">
				<ele>1311.19</ele>
				<time>2026-09-20T04:13:25.908Z</time>
			</trkpt>
			<trkpt lat="40.52432" lon="-0.40592">
				<ele>1311.43</ele>
				<time>2026-09-20T04:13:26.758Z</time>
			</trkpt>
			<trkpt lat="40.52424" lon="-0.40604">
				<ele>1311.72</ele>
				<time>2026-09-20T04:13:27.700Z</time>
			</trkpt>
			<trkpt lat="40.52413" lon="-0.40614">
				<ele>1312</ele>
				<time>2026-09-20T04:13:28.838Z</time>
			</trkpt>
			<trkpt lat="40.52335" lon="-0.4068">
				<ele>1316.08</ele>
				<time>2026-09-20T04:13:38.802Z</time>
			</trkpt>
			<trkpt lat="40.52316" lon="-0.40698">
				<ele>1317.58</ele>
				<time>2026-09-20T04:13:41.447Z</time>
			</trkpt>
			<trkpt lat="40.5228" lon="-0.40742">
				<ele>1318.69</ele>
				<time>2026-09-20T04:13:46.433Z</time>
			</trkpt>
			<trkpt lat="40.52261" lon="-0.40772">
				<ele>1321.16</ele>
				<time>2026-09-20T04:13:48.823Z</time>
			</trkpt>
			<trkpt lat="40.5224" lon="-0.40798">
				<ele>1325.57</ele>
				<time>2026-09-20T04:13:51.021Z</time>
			</trkpt>
			<trkpt lat="40.52225" lon="-0.40816">
				<ele>1326.48</ele>
				<time>2026-09-20T04:13:52.563Z</time>
			</trkpt>
			<trkpt lat="40.52183" lon="-0.4085">
				<ele>1327.33</ele>
				<time>2026-09-20T04:13:56.285Z</time>
			</trkpt>
			<trkpt lat="40.5216" lon="-0.40863">
				<ele>1328.64</ele>
				<time>2026-09-20T04:13:58.163Z</time>
			</trkpt>
			<trkpt lat="40.52114" lon="-0.4088">
				<ele>1333.05</ele>
				<time>2026-09-20T04:14:01.726Z</time>
			</trkpt>
			<trkpt lat="40.52046" lon="-0.40899">
				<ele>1340.26</ele>
				<time>2026-09-20T04:14:06.859Z</time>
			</trkpt>
			<trkpt lat="40.52023" lon="-0.40908">
				<ele>1343.17</ele>
				<time>2026-09-20T04:14:08.617Z</time>
			</trkpt>
			<trkpt lat="40.51992" lon="-0.40923">
				<ele>1344.15</ele>
				<time>2026-09-20T04:14:11.026Z</time>
			</trkpt>
			<trkpt lat="40.51963" lon="-0.4094">
				<ele>1343.4</ele>
				<time>2026-09-20T04:14:13.330Z</time>
			</trkpt>
			<trkpt lat="40.51928" lon="-0.40965">
				<ele>1346.31</ele>
				<time>2026-09-20T04:14:16.202Z</time>
			</trkpt>
			<trkpt lat="40.51898" lon="-0.40992">
				<ele>1352.6</ele>
				<time>2026-09-20T04:14:18.807Z</time>
			</trkpt>
			<trkpt lat="40.51871" lon="-0.41021">
				<ele>1356.56</ele>
				<time>2026-09-20T04:14:21.291Z</time>
			</trkpt>
			<trkpt lat="40.51845" lon="-0.41058">
				<ele>1356.87</ele>
				<time>2026-09-20T04:14:24.003Z</time>
			</trkpt>
			<trkpt lat="40.51818" lon="-0.41101">
				<ele>1357.03</ele>
				<time>2026-09-20T04:14:26.987Z</time>
			</trkpt>
			<trkpt lat="40.5158" lon="-0.4155">
				<ele>1354.9</ele>
				<time>2026-09-20T04:14:55.202Z</time>
			</trkpt>
			<trkpt lat="40.51563" lon="-0.41596">
				<ele>1354.08</ele>
				<time>2026-09-20T04:14:57.744Z</time>
			</trkpt>
			<trkpt lat="40.5155" lon="-0.41644">
				<ele>1353.69</ele>
				<time>2026-09-20T04:15:00.260Z</time>
			</trkpt>
			<trkpt lat="40.51543" lon="-0.41694">
				<ele>1359.29</ele>
				<time>2026-09-20T04:15:02.756Z</time>
			</trkpt>
			<trkpt lat="40.51541" lon="-0.41744">
				<ele>1362.75</ele>
				<time>2026-09-20T04:15:05.199Z</time>
			</trkpt>
			<trkpt lat="40.51551" lon="-0.4221">
				<ele>1353.77</ele>
				<time>2026-09-20T04:15:27.261Z</time>
			</trkpt>
			<trkpt lat="40.51555" lon="-0.42263">
				<ele>1353.46</ele>
				<time>2026-09-20T04:15:29.706Z</time>
			</trkpt>
			<trkpt lat="40.51563" lon="-0.42316">
				<ele>1351.77</ele>
				<time>2026-09-20T04:15:32.172Z</time>
			</trkpt>
			<trkpt lat="40.51574" lon="-0.42366">
				<ele>1349.74</ele>
				<time>2026-09-20T04:15:34.532Z</time>
			</trkpt>
			<trkpt lat="40.51589" lon="-0.42413">
				<ele>1350.3</ele>
				<time>2026-09-20T04:15:36.830Z</time>
			</trkpt>
			<trkpt lat="40.51622" lon="-0.42503">
				<ele>1363.44</ele>
				<time>2026-09-20T04:15:41.297Z</time>
			</trkpt>
			<trkpt lat="40.51635" lon="-0.42548">
				<ele>1365.66</ele>
				<time>2026-09-20T04:15:43.431Z</time>
			</trkpt>
			<trkpt lat="40.51642" lon="-0.42596">
				<ele>1365.73</ele>
				<time>2026-09-20T04:15:45.585Z</time>
			</trkpt>
			<trkpt lat="40.51641" lon="-0.42644">
				<ele>1364.59</ele>
				<time>2026-09-20T04:15:47.691Z</time>
			</trkpt>
			<trkpt lat="40.51637" lon="-0.42691">
				<ele>1364.83</ele>
				<time>2026-09-20T04:15:49.754Z</time>
			</trkpt>
			<trkpt lat="40.51624" lon="-0.42732">
				<ele>1362.36</ele>
				<time>2026-09-20T04:15:51.682Z</time>
			</trkpt>
			<trkpt lat="40.51603" lon="-0.42772">
				<ele>1356.71</ele>
				<time>2026-09-20T04:15:53.781Z</time>
			</trkpt>
			<trkpt lat="40.51579" lon="-0.4281">
				<ele>1348.13</ele>
				<time>2026-09-20T04:15:55.903Z</time>
			</trkpt>
			<trkpt lat="40.51508" lon="-0.42891">
				<ele>1338.77</ele>
				<time>2026-09-20T04:16:01.164Z</time>
			</trkpt>
			<trkpt lat="40.51371" lon="-0.43041">
				<ele>1325.19</ele>
				<time>2026-09-20T04:16:10.954Z</time>
			</trkpt>
			<trkpt lat="40.51336" lon="-0.43085">
				<ele>1329.19</ele>
				<time>2026-09-20T04:16:13.572Z</time>
			</trkpt>
			<trkpt lat="40.51314" lon="-0.43123">
				<ele>1318.73</ele>
				<time>2026-09-20T04:16:15.525Z</time>
			</trkpt>
			<trkpt lat="40.51299" lon="-0.43167">
				<ele>1307.75</ele>
				<time>2026-09-20T04:16:17.486Z</time>
			</trkpt>
			<trkpt lat="40.51291" lon="-0.4321">
				<ele>1309.82</ele>
				<time>2026-09-20T04:16:19.279Z</time>
			</trkpt>
			<trkpt lat="40.5129" lon="-0.43253">
				<ele>1314.99</ele>
				<time>2026-09-20T04:16:21.013Z</time>
			</trkpt>
			<trkpt lat="40.51296" lon="-0.43299">
				<ele>1320.38</ele>
				<time>2026-09-20T04:16:22.886Z</time>
			</trkpt>
			<trkpt lat="40.51308" lon="-0.43343">
				<ele>1325.58</ele>
				<time>2026-09-20T04:16:24.754Z</time>
			</trkpt>
			<trkpt lat="40.51329" lon="-0.43386">
				<ele>1327.03</ele>
				<time>2026-09-20T04:16:26.786Z</time>
			</trkpt>
			<trkpt lat="40.51522" lon="-0.4367">
				<ele>1350.78</ele>
				<time>2026-09-20T04:16:41.626Z</time>
			</trkpt>
			<trkpt lat="40.51567" lon="-0.4375">
				<ele>1350.48</ele>
				<time>2026-09-20T04:16:45.418Z</time>
			</trkpt>
			<trkpt lat="40.51594" lon="-0.43791">
				<ele>1353.36</ele>
				<time>2026-09-20T04:16:47.471Z</time>
			</trkpt>
			<trkpt lat="40.51653" lon="-0.43861">
				<ele>1362.8</ele>
				<time>2026-09-20T04:16:51.400Z</time>
			</trkpt>
			<trkpt lat="40.51702" lon="-0.4393">
				<ele>1372.52</ele>
				<time>2026-09-20T04:16:54.919Z</time>
			</trkpt>
			<trkpt lat="40.51721" lon="-0.43964">
				<ele>1376.39</ele>
				<time>2026-09-20T04:16:56.484Z</time>
			</trkpt>
			<trkpt lat="40.51734" lon="-0.44002">
				<ele>1377.65</ele>
				<time>2026-09-20T04:16:58.023Z</time>
			</trkpt>
			<trkpt lat="40.51742" lon="-0.44044">
				<ele>1381.77</ele>
				<time>2026-09-20T04:16:59.617Z</time>
			</trkpt>
			<trkpt lat="40.51747" lon="-0.44088">
				<ele>1385.3</ele>
				<time>2026-09-20T04:17:01.249Z</time>
			</trkpt>
			<trkpt lat="40.51748" lon="-0.4411">
				<ele>1385.53</ele>
				<time>2026-09-20T04:17:02.055Z</time>
			</trkpt>
			<trkpt lat="40.51746" lon="-0.44132">
				<ele>1384.25</ele>
				<time>2026-09-20T04:17:02.864Z</time>
			</trkpt>
			<trkpt lat="40.51718" lon="-0.4426">
				<ele>1383.74</ele>
				<time>2026-09-20T04:17:07.700Z</time>
			</trkpt>
			<trkpt lat="40.51711" lon="-0.44307">
				<ele>1384.84</ele>
				<time>2026-09-20T04:17:09.428Z</time>
			</trkpt>
			<trkpt lat="40.51706" lon="-0.44404">
				<ele>1390.56</ele>
				<time>2026-09-20T04:17:12.915Z</time>
			</trkpt>
			<trkpt lat="40.51703" lon="-0.44423">
				<ele>1391.39</ele>
				<time>2026-09-20T04:17:13.608Z</time>
			</trkpt>
			<trkpt lat="40.51697" lon="-0.44443">
				<ele>1392.55</ele>
				<time>2026-09-20T04:17:14.375Z</time>
			</trkpt>
			<trkpt lat="40.51687" lon="-0.44462">
				<ele>1394.4</ele>
				<time>2026-09-20T04:17:15.198Z</time>
			</trkpt>
			<trkpt lat="40.51642" lon="-0.44514">
				<ele>1399.72</ele>
				<time>2026-09-20T04:17:17.995Z</time>
			</trkpt>
			<trkpt lat="40.51632" lon="-0.44531">
				<ele>1401.52</ele>
				<time>2026-09-20T04:17:18.755Z</time>
			</trkpt>
			<trkpt lat="40.51624" lon="-0.44549">
				<ele>1402.22</ele>
				<time>2026-09-20T04:17:19.492Z</time>
			</trkpt>
			<trkpt lat="40.5162" lon="-0.4457">
				<ele>1404.04</ele>
				<time>2026-09-20T04:17:20.255Z</time>
			</trkpt>
			<trkpt lat="40.51619" lon="-0.44591">
				<ele>1407.55</ele>
				<time>2026-09-20T04:17:20.996Z</time>
			</trkpt>
			<trkpt lat="40.51623" lon="-0.44612">
				<ele>1410.58</ele>
				<time>2026-09-20T04:17:21.758Z</time>
			</trkpt>
			<trkpt lat="40.5163" lon="-0.44631">
				<ele>1412.73</ele>
				<time>2026-09-20T04:17:22.499Z</time>
			</trkpt>
			<trkpt lat="40.51648" lon="-0.4466">
				<ele>1416.05</ele>
				<time>2026-09-20T04:17:23.812Z</time>
			</trkpt>
			<trkpt lat="40.51669" lon="-0.44684">
				<ele>1419.47</ele>
				<time>2026-09-20T04:17:25.092Z</time>
			</trkpt>
			<trkpt lat="40.51707" lon="-0.44732">
				<ele>1422.89</ele>
				<time>2026-09-20T04:17:27.508Z</time>
			</trkpt>
			<trkpt lat="40.51728" lon="-0.4477">
				<ele>1423.41</ele>
				<time>2026-09-20T04:17:29.140Z</time>
			</trkpt>
			<trkpt lat="40.51739" lon="-0.44796">
				<ele>1426.28</ele>
				<time>2026-09-20T04:17:30.171Z</time>
			</trkpt>
			<trkpt lat="40.51749" lon="-0.44825">
				<ele>1429.61</ele>
				<time>2026-09-20T04:17:31.273Z</time>
			</trkpt>
			<trkpt lat="40.51756" lon="-0.44857">
				<ele>1430.88</ele>
				<time>2026-09-20T04:17:32.423Z</time>
			</trkpt>
			<trkpt lat="40.51761" lon="-0.44904">
				<ele>1431.71</ele>
				<time>2026-09-20T04:17:34.058Z</time>
			</trkpt>
			<trkpt lat="40.51765" lon="-0.44994">
				<ele>1443.33</ele>
				<time>2026-09-20T04:17:37.153Z</time>
			</trkpt>
			<trkpt lat="40.51767" lon="-0.45014">
				<ele>1445.05</ele>
				<time>2026-09-20T04:17:37.843Z</time>
			</trkpt>
			<trkpt lat="40.51772" lon="-0.45035">
				<ele>1445.31</ele>
				<time>2026-09-20T04:17:38.595Z</time>
			</trkpt>
			<trkpt lat="40.5178" lon="-0.45054">
				<ele>1444.27</ele>
				<time>2026-09-20T04:17:39.337Z</time>
			</trkpt>
			<trkpt lat="40.5179" lon="-0.45071">
				<ele>1445</ele>
				<time>2026-09-20T04:17:40.070Z</time>
			</trkpt>
			<trkpt lat="40.51806" lon="-0.45086">
				<ele>1445.76</ele>
				<time>2026-09-20T04:17:40.951Z</time>
			</trkpt>
			<trkpt lat="40.51822" lon="-0.45096">
				<ele>1446.32</ele>
				<time>2026-09-20T04:17:41.744Z</time>
			</trkpt>
			<trkpt lat="40.51861" lon="-0.45111">
				<ele>1445.79</ele>
				<time>2026-09-20T04:17:43.560Z</time>
			</trkpt>
			<trkpt lat="40.51885" lon="-0.45123">
				<ele>1446.79</ele>
				<time>2026-09-20T04:17:44.704Z</time>
			</trkpt>
			<trkpt lat="40.51898" lon="-0.45135">
				<ele>1447.6</ele>
				<time>2026-09-20T04:17:45.412Z</time>
			</trkpt>
			<trkpt lat="40.51911" lon="-0.45156">
				<ele>1448.8</ele>
				<time>2026-09-20T04:17:46.327Z</time>
			</trkpt>
			<trkpt lat="40.51918" lon="-0.45181">
				<ele>1450.61</ele>
				<time>2026-09-20T04:17:47.227Z</time>
			</trkpt>
			<trkpt lat="40.51924" lon="-0.45223">
				<ele>1458.3</ele>
				<time>2026-09-20T04:17:48.669Z</time>
			</trkpt>
			<trkpt lat="40.51926" lon="-0.45267">
				<ele>1459.52</ele>
				<time>2026-09-20T04:17:50.152Z</time>
			</trkpt>
			<trkpt lat="40.51924" lon="-0.45328">
				<ele>1466.59</ele>
				<time>2026-09-20T04:17:52.203Z</time>
			</trkpt>
			<trkpt lat="40.51915" lon="-0.45367">
				<ele>1472.73</ele>
				<time>2026-09-20T04:17:53.570Z</time>
			</trkpt>
			<trkpt lat="40.51907" lon="-0.45383">
				<ele>1472.98</ele>
				<time>2026-09-20T04:17:54.211Z</time>
			</trkpt>
			<trkpt lat="40.51883" lon="-0.4542">
				<ele>1473.4</ele>
				<time>2026-09-20T04:17:55.837Z</time>
			</trkpt>
			<trkpt lat="40.51863" lon="-0.4546">
				<ele>1478.47</ele>
				<time>2026-09-20T04:17:57.436Z</time>
			</trkpt>
			<trkpt lat="40.51809" lon="-0.45581">
				<ele>1490.68</ele>
				<time>2026-09-20T04:18:02.105Z</time>
			</trkpt>
			<trkpt lat="40.51789" lon="-0.45614">
				<ele>1492.47</ele>
				<time>2026-09-20T04:18:03.505Z</time>
			</trkpt>
			<trkpt lat="40.51763" lon="-0.45647">
				<ele>1489.69</ele>
				<time>2026-09-20T04:18:05.080Z</time>
			</trkpt>
			<trkpt lat="40.51732" lon="-0.45673">
				<ele>1494.02</ele>
				<time>2026-09-20T04:18:06.680Z</time>
			</trkpt>
			<trkpt lat="40.51701" lon="-0.4569">
				<ele>1498.85</ele>
				<time>2026-09-20T04:18:08.141Z</time>
			</trkpt>
			<trkpt lat="40.51647" lon="-0.45714">
				<ele>1504.17</ele>
				<time>2026-09-20T04:18:10.615Z</time>
			</trkpt>
			<trkpt lat="40.51629" lon="-0.45725">
				<ele>1504.16</ele>
				<time>2026-09-20T04:18:11.476Z</time>
			</trkpt>
			<trkpt lat="40.51615" lon="-0.45739">
				<ele>1501.88</ele>
				<time>2026-09-20T04:18:12.238Z</time>
			</trkpt>
			<trkpt lat="40.51602" lon="-0.45755">
				<ele>1499.97</ele>
				<time>2026-09-20T04:18:13.009Z</time>
			</trkpt>
			<trkpt lat="40.51591" lon="-0.45772">
				<ele>1501.31</ele>
				<time>2026-09-20T04:18:13.744Z</time>
			</trkpt>
			<trkpt lat="40.51578" lon="-0.45799">
				<ele>1508.2</ele>
				<time>2026-09-20T04:18:14.796Z</time>
			</trkpt>
			<trkpt lat="40.5157" lon="-0.45835">
				<ele>1514.75</ele>
				<time>2026-09-20T04:18:16.029Z</time>
			</trkpt>
			<trkpt lat="40.51567" lon="-0.45865">
				<ele>1515.1</ele>
				<time>2026-09-20T04:18:17.024Z</time>
			</trkpt>
			<trkpt lat="40.51566" lon="-0.45951">
				<ele>1518.95</ele>
				<time>2026-09-20T04:18:19.847Z</time>
			</trkpt>
			<trkpt lat="40.51569" lon="-0.45973">
				<ele>1519.57</ele>
				<time>2026-09-20T04:18:20.581Z</time>
			</trkpt>
			<trkpt lat="40.51573" lon="-0.45989">
				<ele>1520.37</ele>
				<time>2026-09-20T04:18:21.133Z</time>
			</trkpt>
			<trkpt lat="40.51581" lon="-0.46009">
				<ele>1520.91</ele>
				<time>2026-09-20T04:18:21.874Z</time>
			</trkpt>
			<trkpt lat="40.51594" lon="-0.46025">
				<ele>1522.46</ele>
				<time>2026-09-20T04:18:22.642Z</time>
			</trkpt>
			<trkpt lat="40.51612" lon="-0.46039">
				<ele>1524.25</ele>
				<time>2026-09-20T04:18:23.543Z</time>
			</trkpt>
			<trkpt lat="40.51771" lon="-0.46127">
				<ele>1531.53</ele>
				<time>2026-09-20T04:18:30.973Z</time>
			</trkpt>
			<trkpt lat="40.51807" lon="-0.46138">
				<ele>1530.93</ele>
				<time>2026-09-20T04:18:32.563Z</time>
			</trkpt>
			<trkpt lat="40.51845" lon="-0.46141">
				<ele>1536</ele>
				<time>2026-09-20T04:18:34.202Z</time>
			</trkpt>
			<trkpt lat="40.51883" lon="-0.46142">
				<ele>1542.46</ele>
				<time>2026-09-20T04:18:35.838Z</time>
			</trkpt>
			<trkpt lat="40.51959" lon="-0.46138">
				<ele>1549.76</ele>
				<time>2026-09-20T04:18:39.112Z</time>
			</trkpt>
			<trkpt lat="40.51995" lon="-0.4614">
				<ele>1549.98</ele>
				<time>2026-09-20T04:18:40.664Z</time>
			</trkpt>
			<trkpt lat="40.5203" lon="-0.4615">
				<ele>1555.32</ele>
				<time>2026-09-20T04:18:42.207Z</time>
			</trkpt>
			<trkpt lat="40.52064" lon="-0.46168">
				<ele>1559.72</ele>
				<time>2026-09-20T04:18:43.787Z</time>
			</trkpt>
			<trkpt lat="40.52097" lon="-0.46193">
				<ele>1563.82</ele>
				<time>2026-09-20T04:18:45.429Z</time>
			</trkpt>
			<trkpt lat="40.52129" lon="-0.46227">
				<ele>1564.72</ele>
				<time>2026-09-20T04:18:47.203Z</time>
			</trkpt>
			<trkpt lat="40.52405" lon="-0.46554">
				<ele>1582.3</ele>
				<time>2026-09-20T04:19:03.309Z</time>
			</trkpt>
			<trkpt lat="40.52433" lon="-0.46585">
				<ele>1582.88</ele>
				<time>2026-09-20T04:19:04.906Z</time>
			</trkpt>
			<trkpt lat="40.52464" lon="-0.46611">
				<ele>1583.46</ele>
				<time>2026-09-20T04:19:06.513Z</time>
			</trkpt>
			<trkpt lat="40.52485" lon="-0.46624">
				<ele>1583.38</ele>
				<time>2026-09-20T04:19:07.529Z</time>
			</trkpt>
			<trkpt lat="40.52527" lon="-0.4664">
				<ele>1585.07</ele>
				<time>2026-09-20T04:19:09.446Z</time>
			</trkpt>
			<trkpt lat="40.52543" lon="-0.46644">
				<ele>1584.96</ele>
				<time>2026-09-20T04:19:10.160Z</time>
			</trkpt>
			<trkpt lat="40.52582" lon="-0.46647">
				<ele>1588.26</ele>
				<time>2026-09-20T04:19:11.877Z</time>
			</trkpt>
			<trkpt lat="40.52648" lon="-0.46645">
				<ele>1597.32</ele>
				<time>2026-09-20T04:19:14.786Z</time>
			</trkpt>
			<trkpt lat="40.52686" lon="-0.46649">
				<ele>1597.9</ele>
				<time>2026-09-20T04:19:16.470Z</time>
			</trkpt>
			<trkpt lat="40.5278" lon="-0.46673">
				<ele>1600.07</ele>
				<time>2026-09-20T04:19:20.716Z</time>
			</trkpt>
			<trkpt lat="40.52843" lon="-0.46693">
				<ele>1604.46</ele>
				<time>2026-09-20T04:19:23.603Z</time>
			</trkpt>
			<trkpt lat="40.5289" lon="-0.46716">
				<ele>1610.18</ele>
				<time>2026-09-20T04:19:25.845Z</time>
			</trkpt>
			<trkpt lat="40.52935" lon="-0.46746">
				<ele>1608.38</ele>
				<time>2026-09-20T04:19:28.108Z</time>
			</trkpt>
			<trkpt lat="40.52991" lon="-0.46796">
				<ele>1612.09</ele>
				<time>2026-09-20T04:19:31.156Z</time>
			</trkpt>
			<trkpt lat="40.53012" lon="-0.4682">
				<ele>1614.99</ele>
				<time>2026-09-20T04:19:32.413Z</time>
			</trkpt>
			<trkpt lat="40.53032" lon="-0.46846">
				<ele>1616.93</ele>
				<time>2026-09-20T04:19:33.686Z</time>
			</trkpt>
			<trkpt lat="40.53093" lon="-0.46941">
				<ele>1614.24</ele>
				<time>2026-09-20T04:19:37.985Z</time>
			</trkpt>
			<trkpt lat="40.53111" lon="-0.46973">
				<ele>1610.94</ele>
				<time>2026-09-20T04:19:39.368Z</time>
			</trkpt>
			<trkpt lat="40.53152" lon="-0.47055">
				<ele>1612.88</ele>
				<time>2026-09-20T04:19:42.792Z</time>
			</trkpt>
			<trkpt lat="40.53706" lon="-0.48217">
				<ele>1605.63</ele>
				<time>2026-09-20T04:20:33.306Z</time>
			</trkpt>
			<trkpt lat="40.53739" lon="-0.48284">
				<ele>1602.88</ele>
				<time>2026-09-20T04:20:36.431Z</time>
			</trkpt>
			<trkpt lat="40.5376" lon="-0.48318">
				<ele>1601.46</ele>
				<time>2026-09-20T04:20:38.156Z</time>
			</trkpt>
			<trkpt lat="40.53773" lon="-0.48335">
				<ele>1601.51</ele>
				<time>2026-09-20T04:20:39.109Z</time>
			</trkpt>
			<trkpt lat="40.53788" lon="-0.48352">
				<ele>1603.64</ele>
				<time>2026-09-20T04:20:40.140Z</time>
			</trkpt>
			<trkpt lat="40.53806" lon="-0.48367">
				<ele>1604.89</ele>
				<time>2026-09-20T04:20:41.253Z</time>
			</trkpt>
			<trkpt lat="40.53828" lon="-0.48379">
				<ele>1607.72</ele>
				<time>2026-09-20T04:20:42.501Z</time>
			</trkpt>
			<trkpt lat="40.53904" lon="-0.4841">
				<ele>1612.23</ele>
				<time>2026-09-20T04:20:46.698Z</time>
			</trkpt>
			<trkpt lat="40.53932" lon="-0.48425">
				<ele>1610.45</ele>
				<time>2026-09-20T04:20:48.304Z</time>
			</trkpt>
			<trkpt lat="40.53957" lon="-0.48428">
				<ele>1608.37</ele>
				<time>2026-09-20T04:20:49.642Z</time>
			</trkpt>
			<trkpt lat="40.53982" lon="-0.48439">
				<ele>1606.92</ele>
				<time>2026-09-20T04:20:51.052Z</time>
			</trkpt>
			<trkpt lat="40.54025" lon="-0.48478">
				<ele>1608.25</ele>
				<time>2026-09-20T04:20:53.861Z</time>
			</trkpt>
			<trkpt lat="40.54089" lon="-0.48539">
				<ele>1607.48</ele>
				<time>2026-09-20T04:20:58.148Z</time>
			</trkpt>
			<trkpt lat="40.54112" lon="-0.48553">
				<ele>1607.31</ele>
				<time>2026-09-20T04:20:59.533Z</time>
			</trkpt>
			<trkpt lat="40.54187" lon="-0.48584">
				<ele>1600.57</ele>
				<time>2026-09-20T04:21:03.858Z</time>
			</trkpt>
			<trkpt lat="40.5428" lon="-0.48617">
				<ele>1596.81</ele>
				<time>2026-09-20T04:21:09.138Z</time>
			</trkpt>
			<trkpt lat="40.54292" lon="-0.48623">
				<ele>1597.02</ele>
				<time>2026-09-20T04:21:09.836Z</time>
			</trkpt>
			<trkpt lat="40.54304" lon="-0.48634">
				<ele>1597.28</ele>
				<time>2026-09-20T04:21:10.631Z</time>
			</trkpt>
			<trkpt lat="40.54368" lon="-0.48707">
				<ele>1590.42</ele>
				<time>2026-09-20T04:21:15.205Z</time>
			</trkpt>
			<trkpt lat="40.54386" lon="-0.48723">
				<ele>1590.3</ele>
				<time>2026-09-20T04:21:16.370Z</time>
			</trkpt>
			<trkpt lat="40.54407" lon="-0.48732">
				<ele>1589.47</ele>
				<time>2026-09-20T04:21:17.552Z</time>
			</trkpt>
			<trkpt lat="40.5473" lon="-0.48792">
				<ele>1572.09</ele>
				<time>2026-09-20T04:21:34.625Z</time>
			</trkpt>
			<trkpt lat="40.54764" lon="-0.48786">
				<ele>1570.92</ele>
				<time>2026-09-20T04:21:36.380Z</time>
			</trkpt>
			<trkpt lat="40.5487" lon="-0.4876">
				<ele>1563.97</ele>
				<time>2026-09-20T04:21:41.848Z</time>
			</trkpt>
			<trkpt lat="40.54925" lon="-0.48735">
				<ele>1559.93</ele>
				<time>2026-09-20T04:21:44.768Z</time>
			</trkpt>
			<trkpt lat="40.54951" lon="-0.48733">
				<ele>1561.06</ele>
				<time>2026-09-20T04:21:46.068Z</time>
			</trkpt>
			<trkpt lat="40.54996" lon="-0.48767">
				<ele>1563.84</ele>
				<time>2026-09-20T04:21:48.645Z</time>
			</trkpt>
			<trkpt lat="40.55038" lon="-0.48812">
				<ele>1560.33</ele>
				<time>2026-09-20T04:21:51.318Z</time>
			</trkpt>
			<trkpt lat="40.5506" lon="-0.48827">
				<ele>1558.55</ele>
				<time>2026-09-20T04:21:52.534Z</time>
			</trkpt>
			<trkpt lat="40.5517" lon="-0.48865">
				<ele>1550.37</ele>
				<time>2026-09-20T04:21:58.069Z</time>
			</trkpt>
			<trkpt lat="40.55195" lon="-0.48883">
				<ele>1549.25</ele>
				<time>2026-09-20T04:21:59.444Z</time>
			</trkpt>
			<trkpt lat="40.55218" lon="-0.48907">
				<ele>1547.47</ele>
				<time>2026-09-20T04:22:00.855Z</time>
			</trkpt>
			<trkpt lat="40.55276" lon="-0.4899">
				<ele>1537.13</ele>
				<time>2026-09-20T04:22:04.943Z</time>
			</trkpt>
			<trkpt lat="40.55348" lon="-0.49028">
				<ele>1534.65</ele>
				<time>2026-09-20T04:22:08.607Z</time>
			</trkpt>
			<trkpt lat="40.5544" lon="-0.4906">
				<ele>1529.19</ele>
				<time>2026-09-20T04:22:13.052Z</time>
			</trkpt>
			<trkpt lat="40.55469" lon="-0.49074">
				<ele>1527.22</ele>
				<time>2026-09-20T04:22:14.484Z</time>
			</trkpt>
			<trkpt lat="40.55494" lon="-0.49096">
				<ele>1526.33</ele>
				<time>2026-09-20T04:22:15.873Z</time>
			</trkpt>
			<trkpt lat="40.55583" lon="-0.49214">
				<ele>1520.32</ele>
				<time>2026-09-20T04:22:21.649Z</time>
			</trkpt>
			<trkpt lat="40.55685" lon="-0.49365">
				<ele>1511.52</ele>
				<time>2026-09-20T04:22:28.547Z</time>
			</trkpt>
			<trkpt lat="40.55695" lon="-0.49375">
				<ele>1510.83</ele>
				<time>2026-09-20T04:22:29.105Z</time>
			</trkpt>
			<trkpt lat="40.55702" lon="-0.49379">
				<ele>1510.97</ele>
				<time>2026-09-20T04:22:29.444Z</time>
			</trkpt>
			<trkpt lat="40.55803" lon="-0.49402">
				<ele>1508.88</ele>
				<time>2026-09-20T04:22:33.965Z</time>
			</trkpt>
			<trkpt lat="40.55811" lon="-0.494">
				<ele>1508.46</ele>
				<time>2026-09-20T04:22:34.322Z</time>
			</trkpt>
			<trkpt lat="40.55831" lon="-0.49386">
				<ele>1509.9</ele>
				<time>2026-09-20T04:22:35.313Z</time>
			</trkpt>
			<trkpt lat="40.55842" lon="-0.49383">
				<ele>1508.48</ele>
				<time>2026-09-20T04:22:35.803Z</time>
			</trkpt>
			<trkpt lat="40.55849" lon="-0.49383">
				<ele>1506.87</ele>
				<time>2026-09-20T04:22:36.108Z</time>
			</trkpt>
			<trkpt lat="40.55857" lon="-0.49387">
				<ele>1504.19</ele>
				<time>2026-09-20T04:22:36.480Z</time>
			</trkpt>
			<trkpt lat="40.55865" lon="-0.49398">
				<ele>1501.16</ele>
				<time>2026-09-20T04:22:36.983Z</time>
			</trkpt>
			<trkpt lat="40.55882" lon="-0.49429">
				<ele>1498.68</ele>
				<time>2026-09-20T04:22:38.243Z</time>
			</trkpt>
			<trkpt lat="40.55886" lon="-0.49449">
				<ele>1499.18</ele>
				<time>2026-09-20T04:22:38.923Z</time>
			</trkpt>
			<trkpt lat="40.55886" lon="-0.49459">
				<ele>1500.07</ele>
				<time>2026-09-20T04:22:39.251Z</time>
			</trkpt>
			<trkpt lat="40.55877" lon="-0.49507">
				<ele>1502.27</ele>
				<time>2026-09-20T04:22:40.869Z</time>
			</trkpt>
			<trkpt lat="40.55874" lon="-0.49535">
				<ele>1501.94</ele>
				<time>2026-09-20T04:22:41.791Z</time>
			</trkpt>
			<trkpt lat="40.55873" lon="-0.49579">
				<ele>1500.56</ele>
				<time>2026-09-20T04:22:43.221Z</time>
			</trkpt>
			<trkpt lat="40.55878" lon="-0.49597">
				<ele>1501.04</ele>
				<time>2026-09-20T04:22:43.842Z</time>
			</trkpt>
			<trkpt lat="40.55888" lon="-0.49623">
				<ele>1501.34</ele>
				<time>2026-09-20T04:22:44.784Z</time>
			</trkpt>
			<trkpt lat="40.55956" lon="-0.49764">
				<ele>1504.36</ele>
				<time>2026-09-20T04:22:50.133Z</time>
			</trkpt>
			<trkpt lat="40.55968" lon="-0.49786">
				<ele>1503.56</ele>
				<time>2026-09-20T04:22:50.992Z</time>
			</trkpt>
			<trkpt lat="40.5598" lon="-0.49801">
				<ele>1503.58</ele>
				<time>2026-09-20T04:22:51.682Z</time>
			</trkpt>
			<trkpt lat="40.55994" lon="-0.49813">
				<ele>1505.15</ele>
				<time>2026-09-20T04:22:52.377Z</time>
			</trkpt>
			<trkpt lat="40.56091" lon="-0.49881">
				<ele>1512.46</ele>
				<time>2026-09-20T04:22:56.912Z</time>
			</trkpt>
			<trkpt lat="40.56156" lon="-0.4992">
				<ele>1508.93</ele>
				<time>2026-09-20T04:22:59.828Z</time>
			</trkpt>
			<trkpt lat="40.56166" lon="-0.4993">
				<ele>1509.67</ele>
				<time>2026-09-20T04:23:00.338Z</time>
			</trkpt>
			<trkpt lat="40.56225" lon="-0.50003">
				<ele>1505.79</ele>
				<time>2026-09-20T04:23:03.607Z</time>
			</trkpt>
			<trkpt lat="40.56242" lon="-0.5002">
				<ele>1503.96</ele>
				<time>2026-09-20T04:23:04.463Z</time>
			</trkpt>
			<trkpt lat="40.56249" lon="-0.50024">
				<ele>1503.85</ele>
				<time>2026-09-20T04:23:04.769Z</time>
			</trkpt>
			<trkpt lat="40.56275" lon="-0.50029">
				<ele>1507.36</ele>
				<time>2026-09-20T04:23:05.819Z</time>
			</trkpt>
			<trkpt lat="40.56286" lon="-0.50034">
				<ele>1508.34</ele>
				<time>2026-09-20T04:23:06.283Z</time>
			</trkpt>
			<trkpt lat="40.56295" lon="-0.50039">
				<ele>1508.53</ele>
				<time>2026-09-20T04:23:06.673Z</time>
			</trkpt>
			<trkpt lat="40.56316" lon="-0.50056">
				<ele>1505.5</ele>
				<time>2026-09-20T04:23:07.652Z</time>
			</trkpt>
			<trkpt lat="40.56328" lon="-0.5007">
				<ele>1501.47</ele>
				<time>2026-09-20T04:23:08.288Z</time>
			</trkpt>
			<trkpt lat="40.56405" lon="-0.50174">
				<ele>1494.09</ele>
				<time>2026-09-20T04:23:12.629Z</time>
			</trkpt>
			<trkpt lat="40.56412" lon="-0.50187">
				<ele>1492.31</ele>
				<time>2026-09-20T04:23:13.101Z</time>
			</trkpt>
			<trkpt lat="40.56444" lon="-0.50273">
				<ele>1488.18</ele>
				<time>2026-09-20T04:23:15.928Z</time>
			</trkpt>
			<trkpt lat="40.56452" lon="-0.50289">
				<ele>1487.59</ele>
				<time>2026-09-20T04:23:16.490Z</time>
			</trkpt>
			<trkpt lat="40.56464" lon="-0.50301">
				<ele>1489.69</ele>
				<time>2026-09-20T04:23:17.072Z</time>
			</trkpt>
			<trkpt lat="40.56479" lon="-0.50311">
				<ele>1492.67</ele>
				<time>2026-09-20T04:23:17.719Z</time>
			</trkpt>
			<trkpt lat="40.56484" lon="-0.50319">
				<ele>1491.94</ele>
				<time>2026-09-20T04:23:18.022Z</time>
			</trkpt>
			<trkpt lat="40.56514" lon="-0.50404">
				<ele>1476.47</ele>
				<time>2026-09-20T04:23:20.747Z</time>
			</trkpt>
			<trkpt lat="40.56519" lon="-0.50412">
				<ele>1475.05</ele>
				<time>2026-09-20T04:23:21.047Z</time>
			</trkpt>
			<trkpt lat="40.56526" lon="-0.50419">
				<ele>1474.33</ele>
				<time>2026-09-20T04:23:21.381Z</time>
			</trkpt>
			<trkpt lat="40.5656" lon="-0.50445">
				<ele>1474.26</ele>
				<time>2026-09-20T04:23:22.873Z</time>
			</trkpt>
			<trkpt lat="40.56579" lon="-0.50448">
				<ele>1474.18</ele>
				<time>2026-09-20T04:23:23.597Z</time>
			</trkpt>
			<trkpt lat="40.56591" lon="-0.50447">
				<ele>1474.51</ele>
				<time>2026-09-20T04:23:24.051Z</time>
			</trkpt>
			<trkpt lat="40.56604" lon="-0.50443">
				<ele>1475.52</ele>
				<time>2026-09-20T04:23:24.554Z</time>
			</trkpt>
			<trkpt lat="40.56609" lon="-0.50438">
				<ele>1476.56</ele>
				<time>2026-09-20T04:23:24.790Z</time>
			</trkpt>
			<trkpt lat="40.56619" lon="-0.50419">
				<ele>1479.14</ele>
				<time>2026-09-20T04:23:25.450Z</time>
			</trkpt>
			<trkpt lat="40.56625" lon="-0.50414">
				<ele>1478.79</ele>
				<time>2026-09-20T04:23:25.717Z</time>
			</trkpt>
			<trkpt lat="40.56633" lon="-0.50412">
				<ele>1477.61</ele>
				<time>2026-09-20T04:23:26.022Z</time>
			</trkpt>
			<trkpt lat="40.56642" lon="-0.50412">
				<ele>1477.01</ele>
				<time>2026-09-20T04:23:26.360Z</time>
			</trkpt>
			<trkpt lat="40.56648" lon="-0.50414">
				<ele>1477.32</ele>
				<time>2026-09-20T04:23:26.591Z</time>
			</trkpt>
			<trkpt lat="40.56655" lon="-0.50424">
				<ele>1477.74</ele>
				<time>2026-09-20T04:23:26.978Z</time>
			</trkpt>
			<trkpt lat="40.56657" lon="-0.50433">
				<ele>1477.86</ele>
				<time>2026-09-20T04:23:27.244Z</time>
			</trkpt>
			<trkpt lat="40.56664" lon="-0.50545">
				<ele>1473.54</ele>
				<time>2026-09-20T04:23:30.415Z</time>
			</trkpt>
			<trkpt lat="40.56667" lon="-0.50575">
				<ele>1470.58</ele>
				<time>2026-09-20T04:23:31.264Z</time>
			</trkpt>
			<trkpt lat="40.56672" lon="-0.50585">
				<ele>1469.81</ele>
				<time>2026-09-20T04:23:31.599Z</time>
			</trkpt>
			<trkpt lat="40.56699" lon="-0.50631">
				<ele>1467.43</ele>
				<time>2026-09-20T04:23:33.221Z</time>
			</trkpt>
			<trkpt lat="40.56721" lon="-0.50693">
				<ele>1459.31</ele>
				<time>2026-09-20T04:23:35.120Z</time>
			</trkpt>
			<trkpt lat="40.56728" lon="-0.50708">
				<ele>1459.14</ele>
				<time>2026-09-20T04:23:35.607Z</time>
			</trkpt>
			<trkpt lat="40.56738" lon="-0.50724">
				<ele>1458.69</ele>
				<time>2026-09-20T04:23:36.178Z</time>
			</trkpt>
			<trkpt lat="40.56763" lon="-0.50749">
				<ele>1458.66</ele>
				<time>2026-09-20T04:23:37.316Z</time>
			</trkpt>
			<trkpt lat="40.56781" lon="-0.50785">
				<ele>1456.35</ele>
				<time>2026-09-20T04:23:38.498Z</time>
			</trkpt>
			<trkpt lat="40.5679" lon="-0.50796">
				<ele>1457.07</ele>
				<time>2026-09-20T04:23:38.940Z</time>
			</trkpt>
			<trkpt lat="40.56811" lon="-0.50816">
				<ele>1457.8</ele>
				<time>2026-09-20T04:23:39.871Z</time>
			</trkpt>
			<trkpt lat="40.56825" lon="-0.50826">
				<ele>1458.43</ele>
				<time>2026-09-20T04:23:40.442Z</time>
			</trkpt>
			<trkpt lat="40.56866" lon="-0.5087">
				<ele>1454.11</ele>
				<time>2026-09-20T04:23:42.330Z</time>
			</trkpt>
			<trkpt lat="40.56883" lon="-0.5089">
				<ele>1450.87</ele>
				<time>2026-09-20T04:23:43.140Z</time>
			</trkpt>
			<trkpt lat="40.5689" lon="-0.50901">
				<ele>1449.8</ele>
				<time>2026-09-20T04:23:43.527Z</time>
			</trkpt>
			<trkpt lat="40.56901" lon="-0.50938">
				<ele>1448.62</ele>
				<time>2026-09-20T04:23:44.595Z</time>
			</trkpt>
			<trkpt lat="40.56906" lon="-0.50947">
				<ele>1448.68</ele>
				<time>2026-09-20T04:23:44.894Z</time>
			</trkpt>
			<trkpt lat="40.56913" lon="-0.50954">
				<ele>1448.68</ele>
				<time>2026-09-20T04:23:45.204Z</time>
			</trkpt>
			<trkpt lat="40.56921" lon="-0.50958">
				<ele>1448.55</ele>
				<time>2026-09-20T04:23:45.506Z</time>
			</trkpt>
			<trkpt lat="40.56928" lon="-0.50959">
				<ele>1448.44</ele>
				<time>2026-09-20T04:23:45.754Z</time>
			</trkpt>
			<trkpt lat="40.56935" lon="-0.50958">
				<ele>1448.57</ele>
				<time>2026-09-20T04:23:46.001Z</time>
			</trkpt>
			<trkpt lat="40.56949" lon="-0.50951">
				<ele>1449.04</ele>
				<time>2026-09-20T04:23:46.528Z</time>
			</trkpt>
			<trkpt lat="40.56957" lon="-0.5095">
				<ele>1448.57</ele>
				<time>2026-09-20T04:23:46.810Z</time>
			</trkpt>
			<trkpt lat="40.56964" lon="-0.50954">
				<ele>1447.8</ele>
				<time>2026-09-20T04:23:47.077Z</time>
			</trkpt>
			<trkpt lat="40.56978" lon="-0.50967">
				<ele>1446.76</ele>
				<time>2026-09-20T04:23:47.677Z</time>
			</trkpt>
			<trkpt lat="40.56989" lon="-0.50982">
				<ele>1446.89</ele>
				<time>2026-09-20T04:23:48.230Z</time>
			</trkpt>
			<trkpt lat="40.56991" lon="-0.50988">
				<ele>1446.82</ele>
				<time>2026-09-20T04:23:48.404Z</time>
			</trkpt>
			<trkpt lat="40.56991" lon="-0.50997">
				<ele>1446.51</ele>
				<time>2026-09-20T04:23:48.643Z</time>
			</trkpt>
			<trkpt lat="40.56987" lon="-0.51023">
				<ele>1445.29</ele>
				<time>2026-09-20T04:23:49.345Z</time>
			</trkpt>
			<trkpt lat="40.5696" lon="-0.51326">
				<ele>1442.01</ele>
				<time>2026-09-20T04:23:57.304Z</time>
			</trkpt>
			<trkpt lat="40.56952" lon="-0.51356">
				<ele>1442.68</ele>
				<time>2026-09-20T04:23:58.122Z</time>
			</trkpt>
			<trkpt lat="40.56942" lon="-0.51383">
				<ele>1442.25</ele>
				<time>2026-09-20T04:23:58.892Z</time>
			</trkpt>
			<trkpt lat="40.56933" lon="-0.5141">
				<ele>1443.58</ele>
				<time>2026-09-20T04:23:59.647Z</time>
			</trkpt>
			<trkpt lat="40.56925" lon="-0.51465">
				<ele>1443.95</ele>
				<time>2026-09-20T04:24:01.075Z</time>
			</trkpt>
			<trkpt lat="40.56918" lon="-0.51491">
				<ele>1443.18</ele>
				<time>2026-09-20T04:24:01.776Z</time>
			</trkpt>
			<trkpt lat="40.56909" lon="-0.51513">
				<ele>1439.78</ele>
				<time>2026-09-20T04:24:02.410Z</time>
			</trkpt>
			<trkpt lat="40.56904" lon="-0.51533">
				<ele>1436.86</ele>
				<time>2026-09-20T04:24:02.942Z</time>
			</trkpt>
			<trkpt lat="40.56909" lon="-0.51551">
				<ele>1435.53</ele>
				<time>2026-09-20T04:24:03.427Z</time>
			</trkpt>
			<trkpt lat="40.56922" lon="-0.51559">
				<ele>1436.18</ele>
				<time>2026-09-20T04:24:03.903Z</time>
			</trkpt>
			<trkpt lat="40.56941" lon="-0.51563">
				<ele>1439.79</ele>
				<time>2026-09-20T04:24:04.541Z</time>
			</trkpt>
			<trkpt lat="40.5696" lon="-0.51573">
				<ele>1441.95</ele>
				<time>2026-09-20T04:24:05.218Z</time>
			</trkpt>
			<trkpt lat="40.56974" lon="-0.51593">
				<ele>1440.56</ele>
				<time>2026-09-20T04:24:05.900Z</time>
			</trkpt>
			<trkpt lat="40.56987" lon="-0.5162">
				<ele>1438.41</ele>
				<time>2026-09-20T04:24:06.700Z</time>
			</trkpt>
			<trkpt lat="40.57005" lon="-0.51709">
				<ele>1430.66</ele>
				<time>2026-09-20T04:24:08.992Z</time>
			</trkpt>
			<trkpt lat="40.57018" lon="-0.51727">
				<ele>1428.72</ele>
				<time>2026-09-20T04:24:09.608Z</time>
			</trkpt>
			<trkpt lat="40.57056" lon="-0.51752">
				<ele>1426.96</ele>
				<time>2026-09-20T04:24:10.989Z</time>
			</trkpt>
			<trkpt lat="40.57076" lon="-0.51762">
				<ele>1429.73</ele>
				<time>2026-09-20T04:24:11.682Z</time>
			</trkpt>
			<trkpt lat="40.57093" lon="-0.51776">
				<ele>1431.32</ele>
				<time>2026-09-20T04:24:12.330Z</time>
			</trkpt>
			<trkpt lat="40.57102" lon="-0.51797">
				<ele>1430.94</ele>
				<time>2026-09-20T04:24:12.921Z</time>
			</trkpt>
			<trkpt lat="40.571" lon="-0.51823">
				<ele>1426.75</ele>
				<time>2026-09-20T04:24:13.560Z</time>
			</trkpt>
			<trkpt lat="40.57092" lon="-0.51876">
				<ele>1422.85</ele>
				<time>2026-09-20T04:24:14.878Z</time>
			</trkpt>
			<trkpt lat="40.57091" lon="-0.51926">
				<ele>1422.83</ele>
				<time>2026-09-20T04:24:16.092Z</time>
			</trkpt>
			<trkpt lat="40.57137" lon="-0.52093">
				<ele>1418.59</ele>
				<time>2026-09-20T04:24:20.368Z</time>
			</trkpt>
			<trkpt lat="40.57144" lon="-0.52122">
				<ele>1416.98</ele>
				<time>2026-09-20T04:24:21.095Z</time>
			</trkpt>
			<trkpt lat="40.57153" lon="-0.52178">
				<ele>1412.07</ele>
				<time>2026-09-20T04:24:22.457Z</time>
			</trkpt>
			<trkpt lat="40.5716" lon="-0.52205">
				<ele>1412.02</ele>
				<time>2026-09-20T04:24:23.134Z</time>
			</trkpt>
			<trkpt lat="40.57172" lon="-0.52223">
				<ele>1411.58</ele>
				<time>2026-09-20T04:24:23.701Z</time>
			</trkpt>
			<trkpt lat="40.5722" lon="-0.52276">
				<ele>1410.08</ele>
				<time>2026-09-20T04:24:25.646Z</time>
			</trkpt>
			<trkpt lat="40.57228" lon="-0.52298">
				<ele>1409.95</ele>
				<time>2026-09-20T04:24:26.219Z</time>
			</trkpt>
			<trkpt lat="40.57227" lon="-0.52308">
				<ele>1409.53</ele>
				<time>2026-09-20T04:24:26.456Z</time>
			</trkpt>
			<trkpt lat="40.57218" lon="-0.52329">
				<ele>1411.87</ele>
				<time>2026-09-20T04:24:27.021Z</time>
			</trkpt>
			<trkpt lat="40.57215" lon="-0.52343">
				<ele>1414.18</ele>
				<time>2026-09-20T04:24:27.361Z</time>
			</trkpt>
			<trkpt lat="40.57244" lon="-0.52377">
				<ele>1414.86</ele>
				<time>2026-09-20T04:24:28.554Z</time>
			</trkpt>
			<trkpt lat="40.57278" lon="-0.52409">
				<ele>1413.07</ele>
				<time>2026-09-20T04:24:29.833Z</time>
			</trkpt>
			<trkpt lat="40.57296" lon="-0.52422">
				<ele>1413.94</ele>
				<time>2026-09-20T04:24:30.460Z</time>
			</trkpt>
			<trkpt lat="40.57338" lon="-0.52439">
				<ele>1413.88</ele>
				<time>2026-09-20T04:24:31.796Z</time>
			</trkpt>
			<trkpt lat="40.57356" lon="-0.52454">
				<ele>1413.55</ele>
				<time>2026-09-20T04:24:32.442Z</time>
			</trkpt>
			<trkpt lat="40.57374" lon="-0.52473">
				<ele>1413.72</ele>
				<time>2026-09-20T04:24:33.141Z</time>
			</trkpt>
			<trkpt lat="40.57389" lon="-0.52497">
				<ele>1415.9</ele>
				<time>2026-09-20T04:24:33.854Z</time>
			</trkpt>
			<trkpt lat="40.57401" lon="-0.52524">
				<ele>1413.62</ele>
				<time>2026-09-20T04:24:34.570Z</time>
			</trkpt>
			<trkpt lat="40.57432" lon="-0.52614">
				<ele>1418.08</ele>
				<time>2026-09-20T04:24:36.821Z</time>
			</trkpt>
			<trkpt lat="40.57445" lon="-0.52642">
				<ele>1419.27</ele>
				<time>2026-09-20T04:24:37.565Z</time>
			</trkpt>
			<trkpt lat="40.57503" lon="-0.52732">
				<ele>1417.89</ele>
				<time>2026-09-20T04:24:40.228Z</time>
			</trkpt>
			<trkpt lat="40.57514" lon="-0.52747">
				<ele>1417.98</ele>
				<time>2026-09-20T04:24:40.696Z</time>
			</trkpt>
			<trkpt lat="40.57524" lon="-0.52757">
				<ele>1417.52</ele>
				<time>2026-09-20T04:24:41.067Z</time>
			</trkpt>
			<trkpt lat="40.57577" lon="-0.52792">
				<ele>1417.92</ele>
				<time>2026-09-20T04:24:42.812Z</time>
			</trkpt>
			<trkpt lat="40.57594" lon="-0.52808">
				<ele>1418.9</ele>
				<time>2026-09-20T04:24:43.425Z</time>
			</trkpt>
			<trkpt lat="40.5761" lon="-0.52828">
				<ele>1417.5</ele>
				<time>2026-09-20T04:24:44.071Z</time>
			</trkpt>
			<trkpt lat="40.57618" lon="-0.52842">
				<ele>1415.25</ele>
				<time>2026-09-20T04:24:44.460Z</time>
			</trkpt>
			<trkpt lat="40.57621" lon="-0.52854">
				<ele>1414.2</ele>
				<time>2026-09-20T04:24:44.740Z</time>
			</trkpt>
			<trkpt lat="40.57621" lon="-0.52864">
				<ele>1413.59</ele>
				<time>2026-09-20T04:24:44.962Z</time>
			</trkpt>
			<trkpt lat="40.57617" lon="-0.52872">
				<ele>1413.58</ele>
				<time>2026-09-20T04:24:45.174Z</time>
			</trkpt>
			<trkpt lat="40.57612" lon="-0.52878">
				<ele>1414.41</ele>
				<time>2026-09-20T04:24:45.371Z</time>
			</trkpt>
			<trkpt lat="40.57605" lon="-0.52881">
				<ele>1415.46</ele>
				<time>2026-09-20T04:24:45.585Z</time>
			</trkpt>
			<trkpt lat="40.57443" lon="-0.52937">
				<ele>1422.82</ele>
				<time>2026-09-20T04:24:50.427Z</time>
			</trkpt>
			<trkpt lat="40.57435" lon="-0.52943">
				<ele>1422.02</ele>
				<time>2026-09-20T04:24:50.692Z</time>
			</trkpt>
			<trkpt lat="40.57429" lon="-0.52952">
				<ele>1420.92</ele>
				<time>2026-09-20T04:24:50.952Z</time>
			</trkpt>
			<trkpt lat="40.57423" lon="-0.52974">
				<ele>1418.2</ele>
				<time>2026-09-20T04:24:51.461Z</time>
			</trkpt>
			<trkpt lat="40.57424" lon="-0.52988">
				<ele>1417.98</ele>
				<time>2026-09-20T04:24:51.767Z</time>
			</trkpt>
			<trkpt lat="40.57428" lon="-0.53003">
				<ele>1417.6</ele>
				<time>2026-09-20T04:24:52.112Z</time>
			</trkpt>
			<trkpt lat="40.57433" lon="-0.53014">
				<ele>1418.2</ele>
				<time>2026-09-20T04:24:52.390Z</time>
			</trkpt>
			<trkpt lat="40.57449" lon="-0.53033">
				<ele>1418.47</ele>
				<time>2026-09-20T04:24:53.004Z</time>
			</trkpt>
			<trkpt lat="40.57468" lon="-0.53041">
				<ele>1418.6</ele>
				<time>2026-09-20T04:24:53.572Z</time>
			</trkpt>
			<trkpt lat="40.57475" lon="-0.53042">
				<ele>1418.87</ele>
				<time>2026-09-20T04:24:53.773Z</time>
			</trkpt>
			<trkpt lat="40.57481" lon="-0.53039">
				<ele>1419.4</ele>
				<time>2026-09-20T04:24:53.955Z</time>
			</trkpt>
			<trkpt lat="40.57487" lon="-0.53033">
				<ele>1419.63</ele>
				<time>2026-09-20T04:24:54.169Z</time>
			</trkpt>
			<trkpt lat="40.57497" lon="-0.53011">
				<ele>1419.41</ele>
				<time>2026-09-20T04:24:54.722Z</time>
			</trkpt>
			<trkpt lat="40.57511" lon="-0.52995">
				<ele>1420.03</ele>
				<time>2026-09-20T04:24:55.247Z</time>
			</trkpt>
			<trkpt lat="40.57519" lon="-0.52991">
				<ele>1420.27</ele>
				<time>2026-09-20T04:24:55.490Z</time>
			</trkpt>
			<trkpt lat="40.57558" lon="-0.52979">
				<ele>1418.48</ele>
				<time>2026-09-20T04:24:56.621Z</time>
			</trkpt>
			<trkpt lat="40.57572" lon="-0.52981">
				<ele>1420.13</ele>
				<time>2026-09-20T04:24:57.018Z</time>
			</trkpt>
			<trkpt lat="40.57643" lon="-0.53012">
				<ele>1426.69</ele>
				<time>2026-09-20T04:24:59.120Z</time>
			</trkpt>
			<trkpt lat="40.57711" lon="-0.53066">
				<ele>1431.14</ele>
				<time>2026-09-20T04:25:01.339Z</time>
			</trkpt>
			<trkpt lat="40.57719" lon="-0.5308">
				<ele>1433.87</ele>
				<time>2026-09-20T04:25:01.710Z</time>
			</trkpt>
			<trkpt lat="40.57721" lon="-0.53092">
				<ele>1435.32</ele>
				<time>2026-09-20T04:25:01.969Z</time>
			</trkpt>
			<trkpt lat="40.57724" lon="-0.53119">
				<ele>1434.33</ele>
				<time>2026-09-20T04:25:02.545Z</time>
			</trkpt>
			<trkpt lat="40.57724" lon="-0.53137">
				<ele>1435.78</ele>
				<time>2026-09-20T04:25:02.925Z</time>
			</trkpt>
			<trkpt lat="40.57721" lon="-0.53151">
				<ele>1437.38</ele>
				<time>2026-09-20T04:25:03.231Z</time>
			</trkpt>
			<trkpt lat="40.57676" lon="-0.53266">
				<ele>1440.04</ele>
				<time>2026-09-20T04:25:05.945Z</time>
			</trkpt>
			<trkpt lat="40.57669" lon="-0.53293">
				<ele>1441.78</ele>
				<time>2026-09-20T04:25:06.541Z</time>
			</trkpt>
			<trkpt lat="40.57665" lon="-0.53327">
				<ele>1442.46</ele>
				<time>2026-09-20T04:25:07.258Z</time>
			</trkpt>
			<trkpt lat="40.57671" lon="-0.53383">
				<ele>1445.47</ele>
				<time>2026-09-20T04:25:08.435Z</time>
			</trkpt>
			<trkpt lat="40.57678" lon="-0.53412">
				<ele>1444.98</ele>
				<time>2026-09-20T04:25:09.067Z</time>
			</trkpt>
			<trkpt lat="40.57691" lon="-0.53441">
				<ele>1443.45</ele>
				<time>2026-09-20T04:25:09.765Z</time>
			</trkpt>
			<trkpt lat="40.57707" lon="-0.53467">
				<ele>1444.33</ele>
				<time>2026-09-20T04:25:10.457Z</time>
			</trkpt>
			<trkpt lat="40.57725" lon="-0.53488">
				<ele>1447</ele>
				<time>2026-09-20T04:25:11.111Z</time>
			</trkpt>
			<trkpt lat="40.57744" lon="-0.53506">
				<ele>1447.83</ele>
				<time>2026-09-20T04:25:11.747Z</time>
			</trkpt>
			<trkpt lat="40.57765" lon="-0.53521">
				<ele>1446.1</ele>
				<time>2026-09-20T04:25:12.395Z</time>
			</trkpt>
			<trkpt lat="40.57782" lon="-0.5353">
				<ele>1444.69</ele>
				<time>2026-09-20T04:25:12.891Z</time>
			</trkpt>
			<trkpt lat="40.57802" lon="-0.53535">
				<ele>1442.68</ele>
				<time>2026-09-20T04:25:13.441Z</time>
			</trkpt>
			<trkpt lat="40.5782" lon="-0.53543">
				<ele>1442.1</ele>
				<time>2026-09-20T04:25:13.954Z</time>
			</trkpt>
			<trkpt lat="40.57829" lon="-0.53552">
				<ele>1443.18</ele>
				<time>2026-09-20T04:25:14.259Z</time>
			</trkpt>
			<trkpt lat="40.57832" lon="-0.5356">
				<ele>1444.21</ele>
				<time>2026-09-20T04:25:14.442Z</time>
			</trkpt>
			<trkpt lat="40.57824" lon="-0.53596">
				<ele>1445.18</ele>
				<time>2026-09-20T04:25:15.210Z</time>
			</trkpt>
			<trkpt lat="40.57826" lon="-0.53607">
				<ele>1444.24</ele>
				<time>2026-09-20T04:25:15.441Z</time>
			</trkpt>
			<trkpt lat="40.57879" lon="-0.53783">
				<ele>1447.23</ele>
				<time>2026-09-20T04:25:19.293Z</time>
			</trkpt>
			<trkpt lat="40.57896" lon="-0.53825">
				<ele>1445.74</ele>
				<time>2026-09-20T04:25:20.256Z</time>
			</trkpt>
			<trkpt lat="40.57912" lon="-0.53856">
				<ele>1444.45</ele>
				<time>2026-09-20T04:25:21.013Z</time>
			</trkpt>
			<trkpt lat="40.5799" lon="-0.53959">
				<ele>1437.66</ele>
				<time>2026-09-20T04:25:23.941Z</time>
			</trkpt>
			<trkpt lat="40.5804" lon="-0.54028">
				<ele>1436.71</ele>
				<time>2026-09-20T04:25:25.851Z</time>
			</trkpt>
			<trkpt lat="40.58047" lon="-0.54039">
				<ele>1436.73</ele>
				<time>2026-09-20T04:25:26.138Z</time>
			</trkpt>
			<trkpt lat="40.58069" lon="-0.54097">
				<ele>1436.46</ele>
				<time>2026-09-20T04:25:27.431Z</time>
			</trkpt>
			<trkpt lat="40.58079" lon="-0.54115">
				<ele>1434.9</ele>
				<time>2026-09-20T04:25:27.876Z</time>
			</trkpt>
			<trkpt lat="40.58132" lon="-0.54183">
				<ele>1437.85</ele>
				<time>2026-09-20T04:25:29.813Z</time>
			</trkpt>
			<trkpt lat="40.58145" lon="-0.54206">
				<ele>1440.01</ele>
				<time>2026-09-20T04:25:30.381Z</time>
			</trkpt>
			<trkpt lat="40.5815" lon="-0.5422">
				<ele>1441.12</ele>
				<time>2026-09-20T04:25:30.688Z</time>
			</trkpt>
			<trkpt lat="40.58167" lon="-0.54286">
				<ele>1444.45</ele>
				<time>2026-09-20T04:25:32.067Z</time>
			</trkpt>
			<trkpt lat="40.58194" lon="-0.54369">
				<ele>1448.55</ele>
				<time>2026-09-20T04:25:33.850Z</time>
			</trkpt>
			<trkpt lat="40.58254" lon="-0.54492">
				<ele>1455.47</ele>
				<time>2026-09-20T04:25:36.724Z</time>
			</trkpt>
			<trkpt lat="40.58271" lon="-0.54523">
				<ele>1454.12</ele>
				<time>2026-09-20T04:25:37.474Z</time>
			</trkpt>
			<trkpt lat="40.58292" lon="-0.54549">
				<ele>1454.19</ele>
				<time>2026-09-20T04:25:38.218Z</time>
			</trkpt>
			<trkpt lat="40.58339" lon="-0.54598">
				<ele>1458.03</ele>
				<time>2026-09-20T04:25:39.762Z</time>
			</trkpt>
			<trkpt lat="40.58406" lon="-0.54689">
				<ele>1467.08</ele>
				<time>2026-09-20T04:25:42.234Z</time>
			</trkpt>
			<trkpt lat="40.58439" lon="-0.54724">
				<ele>1466.77</ele>
				<time>2026-09-20T04:25:43.320Z</time>
			</trkpt>
			<trkpt lat="40.58464" lon="-0.5474">
				<ele>1467.12</ele>
				<time>2026-09-20T04:25:44.031Z</time>
			</trkpt>
			<trkpt lat="40.5863" lon="-0.54798">
				<ele>1477.07</ele>
				<time>2026-09-20T04:25:48.415Z</time>
			</trkpt>
			<trkpt lat="40.58646" lon="-0.54799">
				<ele>1477.51</ele>
				<time>2026-09-20T04:25:48.823Z</time>
			</trkpt>
			<trkpt lat="40.5868" lon="-0.54781">
				<ele>1478.35</ele>
				<time>2026-09-20T04:25:49.755Z</time>
			</trkpt>
			<trkpt lat="40.58695" lon="-0.54765">
				<ele>1478.44</ele>
				<time>2026-09-20T04:25:50.246Z</time>
			</trkpt>
			<trkpt lat="40.58807" lon="-0.54557">
				<ele>1477.1</ele>
				<time>2026-09-20T04:25:55.159Z</time>
			</trkpt>
			<trkpt lat="40.58823" lon="-0.54517">
				<ele>1476.94</ele>
				<time>2026-09-20T04:25:56.028Z</time>
			</trkpt>
			<trkpt lat="40.58859" lon="-0.54406">
				<ele>1471.72</ele>
				<time>2026-09-20T04:25:58.347Z</time>
			</trkpt>
			<trkpt lat="40.58864" lon="-0.54381">
				<ele>1470.46</ele>
				<time>2026-09-20T04:25:58.843Z</time>
			</trkpt>
			<trkpt lat="40.58862" lon="-0.54316">
				<ele>1466</ele>
				<time>2026-09-20T04:26:00.091Z</time>
			</trkpt>
			<trkpt lat="40.58876" lon="-0.54144">
				<ele>1460.92</ele>
				<time>2026-09-20T04:26:03.407Z</time>
			</trkpt>
			<trkpt lat="40.58875" lon="-0.54113">
				<ele>1460.5</ele>
				<time>2026-09-20T04:26:04.002Z</time>
			</trkpt>
			<trkpt lat="40.5886" lon="-0.54064">
				<ele>1454.78</ele>
				<time>2026-09-20T04:26:05.014Z</time>
			</trkpt>
			<trkpt lat="40.58858" lon="-0.54048">
				<ele>1453.66</ele>
				<time>2026-09-20T04:26:05.324Z</time>
			</trkpt>
			<trkpt lat="40.58859" lon="-0.54031">
				<ele>1452.83</ele>
				<time>2026-09-20T04:26:05.651Z</time>
			</trkpt>
			<trkpt lat="40.58906" lon="-0.53921">
				<ele>1449.33</ele>
				<time>2026-09-20T04:26:08.068Z</time>
			</trkpt>
			<trkpt lat="40.5892" lon="-0.53897">
				<ele>1445.56</ele>
				<time>2026-09-20T04:26:08.648Z</time>
			</trkpt>
			<trkpt lat="40.58984" lon="-0.53843">
				<ele>1443.55</ele>
				<time>2026-09-20T04:26:10.564Z</time>
			</trkpt>
			<trkpt lat="40.59001" lon="-0.5384">
				<ele>1443.69</ele>
				<time>2026-09-20T04:26:10.997Z</time>
			</trkpt>
			<trkpt lat="40.59023" lon="-0.53854">
				<ele>1443.56</ele>
				<time>2026-09-20T04:26:11.613Z</time>
			</trkpt>
			<trkpt lat="40.59036" lon="-0.53856">
				<ele>1441.5</ele>
				<time>2026-09-20T04:26:11.943Z</time>
			</trkpt>
			<trkpt lat="40.59065" lon="-0.53847">
				<ele>1431.4</ele>
				<time>2026-09-20T04:26:12.695Z</time>
			</trkpt>
			<trkpt lat="40.5915" lon="-0.53878">
				<ele>1433.14</ele>
				<time>2026-09-20T04:26:14.921Z</time>
			</trkpt>
			<trkpt lat="40.59164" lon="-0.53877">
				<ele>1431.48</ele>
				<time>2026-09-20T04:26:15.275Z</time>
			</trkpt>
			<trkpt lat="40.59174" lon="-0.53866">
				<ele>1429.12</ele>
				<time>2026-09-20T04:26:15.604Z</time>
			</trkpt>
			<trkpt lat="40.59193" lon="-0.53819">
				<ele>1421.54</ele>
				<time>2026-09-20T04:26:16.625Z</time>
			</trkpt>
			<trkpt lat="40.59207" lon="-0.53808">
				<ele>1419.89</ele>
				<time>2026-09-20T04:26:17.036Z</time>
			</trkpt>
			<trkpt lat="40.59212" lon="-0.53807">
				<ele>1419.88</ele>
				<time>2026-09-20T04:26:17.164Z</time>
			</trkpt>
			<trkpt lat="40.5922" lon="-0.5381">
				<ele>1420.55</ele>
				<time>2026-09-20T04:26:17.374Z</time>
			</trkpt>
			<trkpt lat="40.59227" lon="-0.53815">
				<ele>1420.06</ele>
				<time>2026-09-20T04:26:17.576Z</time>
			</trkpt>
			<trkpt lat="40.59276" lon="-0.53867">
				<ele>1419.86</ele>
				<time>2026-09-20T04:26:19.166Z</time>
			</trkpt>
			<trkpt lat="40.59284" lon="-0.53873">
				<ele>1420.9</ele>
				<time>2026-09-20T04:26:19.399Z</time>
			</trkpt>
			<trkpt lat="40.59297" lon="-0.5387">
				<ele>1419.38</ele>
				<time>2026-09-20T04:26:19.733Z</time>
			</trkpt>
			<trkpt lat="40.59311" lon="-0.53853">
				<ele>1411.87</ele>
				<time>2026-09-20T04:26:20.215Z</time>
			</trkpt>
			<trkpt lat="40.59317" lon="-0.5385">
				<ele>1409.67</ele>
				<time>2026-09-20T04:26:20.377Z</time>
			</trkpt>
			<trkpt lat="40.59326" lon="-0.53852">
				<ele>1408.23</ele>
				<time>2026-09-20T04:26:20.608Z</time>
			</trkpt>
			<trkpt lat="40.59341" lon="-0.53863">
				<ele>1406.4</ele>
				<time>2026-09-20T04:26:21.043Z</time>
			</trkpt>
			<trkpt lat="40.59419" lon="-0.53939">
				<ele>1404.91</ele>
				<time>2026-09-20T04:26:23.501Z</time>
			</trkpt>
			<trkpt lat="40.59461" lon="-0.53954">
				<ele>1400.07</ele>
				<time>2026-09-20T04:26:24.605Z</time>
			</trkpt>
			<trkpt lat="40.59477" lon="-0.53964">
				<ele>1398.16</ele>
				<time>2026-09-20T04:26:25.055Z</time>
			</trkpt>
			<trkpt lat="40.59536" lon="-0.54017">
				<ele>1387.13</ele>
				<time>2026-09-20T04:26:26.870Z</time>
			</trkpt>
			<trkpt lat="40.59551" lon="-0.54037">
				<ele>1385.43</ele>
				<time>2026-09-20T04:26:27.412Z</time>
			</trkpt>
			<trkpt lat="40.59553" lon="-0.54045">
				<ele>1384.83</ele>
				<time>2026-09-20T04:26:27.575Z</time>
			</trkpt>
			<trkpt lat="40.59554" lon="-0.5406">
				<ele>1384.06</ele>
				<time>2026-09-20T04:26:27.866Z</time>
			</trkpt>
			<trkpt lat="40.59551" lon="-0.54068">
				<ele>1384.07</ele>
				<time>2026-09-20T04:26:28.039Z</time>
			</trkpt>
			<trkpt lat="40.59538" lon="-0.54093">
				<ele>1385.54</ele>
				<time>2026-09-20T04:26:28.624Z</time>
			</trkpt>
			<trkpt lat="40.59528" lon="-0.54157">
				<ele>1383.97</ele>
				<time>2026-09-20T04:26:29.889Z</time>
			</trkpt>
			<trkpt lat="40.59528" lon="-0.54183">
				<ele>1382.37</ele>
				<time>2026-09-20T04:26:30.393Z</time>
			</trkpt>
			<trkpt lat="40.59533" lon="-0.54219">
				<ele>1378.07</ele>
				<time>2026-09-20T04:26:31.102Z</time>
			</trkpt>
			<trkpt lat="40.59555" lon="-0.543">
				<ele>1370.58</ele>
				<time>2026-09-20T04:26:32.772Z</time>
			</trkpt>
			<trkpt lat="40.59565" lon="-0.54318">
				<ele>1371.85</ele>
				<time>2026-09-20T04:26:33.205Z</time>
			</trkpt>
			<trkpt lat="40.59596" lon="-0.54337">
				<ele>1365.51</ele>
				<time>2026-09-20T04:26:34.081Z</time>
			</trkpt>
			<trkpt lat="40.59601" lon="-0.54345">
				<ele>1363.19</ele>
				<time>2026-09-20T04:26:34.283Z</time>
			</trkpt>
			<trkpt lat="40.59604" lon="-0.54355">
				<ele>1362.03</ele>
				<time>2026-09-20T04:26:34.492Z</time>
			</trkpt>
			<trkpt lat="40.59602" lon="-0.54412">
				<ele>1358.96</ele>
				<time>2026-09-20T04:26:35.603Z</time>
			</trkpt>
			<trkpt lat="40.59601" lon="-0.54424">
				<ele>1358.53</ele>
				<time>2026-09-20T04:26:35.839Z</time>
			</trkpt>
			<trkpt lat="40.59595" lon="-0.54442">
				<ele>1359.51</ele>
				<time>2026-09-20T04:26:36.222Z</time>
			</trkpt>
			<trkpt lat="40.59592" lon="-0.54448">
				<ele>1360.52</ele>
				<time>2026-09-20T04:26:36.363Z</time>
			</trkpt>
			<trkpt lat="40.5954" lon="-0.54508">
				<ele>1372</ele>
				<time>2026-09-20T04:26:38.141Z</time>
			</trkpt>
			<trkpt lat="40.59538" lon="-0.5452">
				<ele>1371.45</ele>
				<time>2026-09-20T04:26:38.382Z</time>
			</trkpt>
			<trkpt lat="40.5954" lon="-0.54529">
				<ele>1370.31</ele>
				<time>2026-09-20T04:26:38.565Z</time>
			</trkpt>
			<trkpt lat="40.59545" lon="-0.54537">
				<ele>1369.64</ele>
				<time>2026-09-20T04:26:38.768Z</time>
			</trkpt>
			<trkpt lat="40.59551" lon="-0.54543">
				<ele>1368.73</ele>
				<time>2026-09-20T04:26:38.963Z</time>
			</trkpt>
			<trkpt lat="40.59559" lon="-0.54546">
				<ele>1367.78</ele>
				<time>2026-09-20T04:26:39.177Z</time>
			</trkpt>
			<trkpt lat="40.59576" lon="-0.54546">
				<ele>1365.56</ele>
				<time>2026-09-20T04:26:39.616Z</time>
			</trkpt>
			<trkpt lat="40.59597" lon="-0.54536">
				<ele>1363.89</ele>
				<time>2026-09-20T04:26:40.193Z</time>
			</trkpt>
			<trkpt lat="40.59667" lon="-0.54466">
				<ele>1357.23</ele>
				<time>2026-09-20T04:26:42.468Z</time>
			</trkpt>
			<trkpt lat="40.59716" lon="-0.5441">
				<ele>1347.48</ele>
				<time>2026-09-20T04:26:44.153Z</time>
			</trkpt>
			<trkpt lat="40.59727" lon="-0.54403">
				<ele>1346.06</ele>
				<time>2026-09-20T04:26:44.470Z</time>
			</trkpt>
			<trkpt lat="40.59743" lon="-0.54399">
				<ele>1346.58</ele>
				<time>2026-09-20T04:26:44.894Z</time>
			</trkpt>
			<trkpt lat="40.5978" lon="-0.544">
				<ele>1344.53</ele>
				<time>2026-09-20T04:26:45.858Z</time>
			</trkpt>
			<trkpt lat="40.59816" lon="-0.54403">
				<ele>1341.35</ele>
				<time>2026-09-20T04:26:46.800Z</time>
			</trkpt>
			<trkpt lat="40.59846" lon="-0.544">
				<ele>1337.35</ele>
				<time>2026-09-20T04:26:47.586Z</time>
			</trkpt>
			<trkpt lat="40.59857" lon="-0.544">
				<ele>1337.3</ele>
				<time>2026-09-20T04:26:47.874Z</time>
			</trkpt>
			<trkpt lat="40.5987" lon="-0.54411">
				<ele>1337.04</ele>
				<time>2026-09-20T04:26:48.279Z</time>
			</trkpt>
			<trkpt lat="40.59892" lon="-0.54444">
				<ele>1338.01</ele>
				<time>2026-09-20T04:26:49.153Z</time>
			</trkpt>
			<trkpt lat="40.59904" lon="-0.5445">
				<ele>1337.3</ele>
				<time>2026-09-20T04:26:49.489Z</time>
			</trkpt>
			<trkpt lat="40.5991" lon="-0.54451">
				<ele>1336.49</ele>
				<time>2026-09-20T04:26:49.648Z</time>
			</trkpt>
			<trkpt lat="40.59918" lon="-0.54449">
				<ele>1334.65</ele>
				<time>2026-09-20T04:26:49.862Z</time>
			</trkpt>
			<trkpt lat="40.59934" lon="-0.54435">
				<ele>1330.56</ele>
				<time>2026-09-20T04:26:50.367Z</time>
			</trkpt>
			<trkpt lat="40.59949" lon="-0.54428">
				<ele>1328.25</ele>
				<time>2026-09-20T04:26:50.785Z</time>
			</trkpt>
			<trkpt lat="40.59998" lon="-0.54433">
				<ele>1327.64</ele>
				<time>2026-09-20T04:26:52.080Z</time>
			</trkpt>
			<trkpt lat="40.60032" lon="-0.54442">
				<ele>1322.68</ele>
				<time>2026-09-20T04:26:52.996Z</time>
			</trkpt>
			<trkpt lat="40.60083" lon="-0.54472">
				<ele>1324.84</ele>
				<time>2026-09-20T04:26:54.474Z</time>
			</trkpt>
			<trkpt lat="40.60096" lon="-0.54476">
				<ele>1322.63</ele>
				<time>2026-09-20T04:26:54.828Z</time>
			</trkpt>
			<trkpt lat="40.60133" lon="-0.54476">
				<ele>1314.88</ele>
				<time>2026-09-20T04:26:55.810Z</time>
			</trkpt>
			<trkpt lat="40.60179" lon="-0.54494">
				<ele>1315.87</ele>
				<time>2026-09-20T04:26:57.088Z</time>
			</trkpt>
			<trkpt lat="40.60208" lon="-0.54502">
				<ele>1314.11</ele>
				<time>2026-09-20T04:26:57.878Z</time>
			</trkpt>
			<trkpt lat="40.60249" lon="-0.54508">
				<ele>1310.1</ele>
				<time>2026-09-20T04:26:58.980Z</time>
			</trkpt>
			<trkpt lat="40.60273" lon="-0.54508">
				<ele>1303.49</ele>
				<time>2026-09-20T04:26:59.623Z</time>
			</trkpt>
			<trkpt lat="40.60287" lon="-0.54514">
				<ele>1300.77</ele>
				<time>2026-09-20T04:27:00.018Z</time>
			</trkpt>
			<trkpt lat="40.60299" lon="-0.54523">
				<ele>1299.72</ele>
				<time>2026-09-20T04:27:00.388Z</time>
			</trkpt>
			<trkpt lat="40.60321" lon="-0.54558">
				<ele>1300.9</ele>
				<time>2026-09-20T04:27:01.315Z</time>
			</trkpt>
			<trkpt lat="40.60326" lon="-0.54563">
				<ele>1300.08</ele>
				<time>2026-09-20T04:27:01.484Z</time>
			</trkpt>
			<trkpt lat="40.60372" lon="-0.54576">
				<ele>1294.18</ele>
				<time>2026-09-20T04:27:02.752Z</time>
			</trkpt>
			<trkpt lat="40.60382" lon="-0.54575">
				<ele>1293.18</ele>
				<time>2026-09-20T04:27:03.023Z</time>
			</trkpt>
			<trkpt lat="40.60387" lon="-0.54572">
				<ele>1292.44</ele>
				<time>2026-09-20T04:27:03.171Z</time>
			</trkpt>
			<trkpt lat="40.60392" lon="-0.54568">
				<ele>1292.47</ele>
				<time>2026-09-20T04:27:03.329Z</time>
			</trkpt>
			<trkpt lat="40.60398" lon="-0.54554">
				<ele>1290.26</ele>
				<time>2026-09-20T04:27:03.659Z</time>
			</trkpt>
			<trkpt lat="40.60407" lon="-0.54524">
				<ele>1286.13</ele>
				<time>2026-09-20T04:27:04.322Z</time>
			</trkpt>
			<trkpt lat="40.60408" lon="-0.54508">
				<ele>1283.66</ele>
				<time>2026-09-20T04:27:04.652Z</time>
			</trkpt>
			<trkpt lat="40.60407" lon="-0.54491">
				<ele>1280.4</ele>
				<time>2026-09-20T04:27:05.004Z</time>
			</trkpt>
			<trkpt lat="40.60405" lon="-0.54473">
				<ele>1276.63</ele>
				<time>2026-09-20T04:27:05.378Z</time>
			</trkpt>
			<trkpt lat="40.60406" lon="-0.5446">
				<ele>1275.25</ele>
				<time>2026-09-20T04:27:05.648Z</time>
			</trkpt>
			<trkpt lat="40.60411" lon="-0.5445">
				<ele>1274.87</ele>
				<time>2026-09-20T04:27:05.895Z</time>
			</trkpt>
			<trkpt lat="40.60421" lon="-0.54441">
				<ele>1274.89</ele>
				<time>2026-09-20T04:27:06.224Z</time>
			</trkpt>
			<trkpt lat="40.60432" lon="-0.54441">
				<ele>1276.02</ele>
				<time>2026-09-20T04:27:06.524Z</time>
			</trkpt>
			<trkpt lat="40.60452" lon="-0.54444">
				<ele>1277.18</ele>
				<time>2026-09-20T04:27:07.072Z</time>
			</trkpt>
			<trkpt lat="40.605" lon="-0.54466">
				<ele>1277.01</ele>
				<time>2026-09-20T04:27:08.460Z</time>
			</trkpt>
			<trkpt lat="40.60532" lon="-0.5447">
				<ele>1271.86</ele>
				<time>2026-09-20T04:27:09.341Z</time>
			</trkpt>
			<trkpt lat="40.60558" lon="-0.5447">
				<ele>1270.09</ele>
				<time>2026-09-20T04:27:10.054Z</time>
			</trkpt>
			<trkpt lat="40.60668" lon="-0.54459">
				<ele>1270.62</ele>
				<time>2026-09-20T04:27:13.096Z</time>
			</trkpt>
			<trkpt lat="40.60738" lon="-0.54438">
				<ele>1259.65</ele>
				<time>2026-09-20T04:27:15.089Z</time>
			</trkpt>
			<trkpt lat="40.60762" lon="-0.54427">
				<ele>1257.26</ele>
				<time>2026-09-20T04:27:15.797Z</time>
			</trkpt>
			<trkpt lat="40.60813" lon="-0.5442">
				<ele>1256.62</ele>
				<time>2026-09-20T04:27:17.229Z</time>
			</trkpt>
			<trkpt lat="40.60831" lon="-0.54412">
				<ele>1252.75</ele>
				<time>2026-09-20T04:27:17.761Z</time>
			</trkpt>
			<trkpt lat="40.60843" lon="-0.5441">
				<ele>1250.2</ele>
				<time>2026-09-20T04:27:18.100Z</time>
			</trkpt>
			<trkpt lat="40.60856" lon="-0.54413">
				<ele>1248.29</ele>
				<time>2026-09-20T04:27:18.470Z</time>
			</trkpt>
			<trkpt lat="40.60866" lon="-0.54423">
				<ele>1246.56</ele>
				<time>2026-09-20T04:27:18.823Z</time>
			</trkpt>
			<trkpt lat="40.60875" lon="-0.54438">
				<ele>1244.98</ele>
				<time>2026-09-20T04:27:19.231Z</time>
			</trkpt>
			<trkpt lat="40.6088" lon="-0.54452">
				<ele>1245.31</ele>
				<time>2026-09-20T04:27:19.562Z</time>
			</trkpt>
			<trkpt lat="40.60887" lon="-0.54478">
				<ele>1251.69</ele>
				<time>2026-09-20T04:27:20.152Z</time>
			</trkpt>
			<trkpt lat="40.60896" lon="-0.54493">
				<ele>1253.26</ele>
				<time>2026-09-20T04:27:20.562Z</time>
			</trkpt>
			<trkpt lat="40.60946" lon="-0.54556">
				<ele>1243.57</ele>
				<time>2026-09-20T04:27:22.521Z</time>
			</trkpt>
			<trkpt lat="40.60975" lon="-0.54581">
				<ele>1245.46</ele>
				<time>2026-09-20T04:27:23.507Z</time>
			</trkpt>
			<trkpt lat="40.60986" lon="-0.54594">
				<ele>1242.37</ele>
				<time>2026-09-20T04:27:23.928Z</time>
			</trkpt>
			<trkpt lat="40.60991" lon="-0.54615">
				<ele>1241.81</ele>
				<time>2026-09-20T04:27:24.404Z</time>
			</trkpt>
			<trkpt lat="40.60993" lon="-0.54636">
				<ele>1242.94</ele>
				<time>2026-09-20T04:27:24.863Z</time>
			</trkpt>
			<trkpt lat="40.60986" lon="-0.5469">
				<ele>1262.31</ele>
				<time>2026-09-20T04:27:26.054Z</time>
			</trkpt>
			<trkpt lat="40.60989" lon="-0.54708">
				<ele>1270.66</ele>
				<time>2026-09-20T04:27:26.456Z</time>
			</trkpt>
			<trkpt lat="40.60994" lon="-0.54715">
				<ele>1273.34</ele>
				<time>2026-09-20T04:27:26.665Z</time>
			</trkpt>
			<trkpt lat="40.61002" lon="-0.54719">
				<ele>1273.93</ele>
				<time>2026-09-20T04:27:26.911Z</time>
			</trkpt>
			<trkpt lat="40.6101" lon="-0.54717">
				<ele>1271.52</ele>
				<time>2026-09-20T04:27:27.145Z</time>
			</trkpt>
			<trkpt lat="40.61016" lon="-0.54712">
				<ele>1268.3</ele>
				<time>2026-09-20T04:27:27.350Z</time>
			</trkpt>
			<trkpt lat="40.61056" lon="-0.54663">
				<ele>1240.99</ele>
				<time>2026-09-20T04:27:28.926Z</time>
			</trkpt>
			<trkpt lat="40.61078" lon="-0.54649">
				<ele>1240.61</ele>
				<time>2026-09-20T04:27:29.633Z</time>
			</trkpt>
			<trkpt lat="40.61091" lon="-0.54642">
				<ele>1241.18</ele>
				<time>2026-09-20T04:27:30.040Z</time>
			</trkpt>
			<trkpt lat="40.61147" lon="-0.54622">
				<ele>1244.78</ele>
				<time>2026-09-20T04:27:31.728Z</time>
			</trkpt>
			<trkpt lat="40.61158" lon="-0.54621">
				<ele>1243.16</ele>
				<time>2026-09-20T04:27:32.049Z</time>
			</trkpt>
			<trkpt lat="40.61176" lon="-0.54629">
				<ele>1241.68</ele>
				<time>2026-09-20T04:27:32.604Z</time>
			</trkpt>
			<trkpt lat="40.61203" lon="-0.5465">
				<ele>1241.92</ele>
				<time>2026-09-20T04:27:33.522Z</time>
			</trkpt>
			<trkpt lat="40.61228" lon="-0.54657">
				<ele>1241.97</ele>
				<time>2026-09-20T04:27:34.272Z</time>
			</trkpt>
			<trkpt lat="40.61256" lon="-0.5466">
				<ele>1238.69</ele>
				<time>2026-09-20T04:27:35.098Z</time>
			</trkpt>
			<trkpt lat="40.61268" lon="-0.5467">
				<ele>1240.07</ele>
				<time>2026-09-20T04:27:35.517Z</time>
			</trkpt>
			<trkpt lat="40.61296" lon="-0.5472">
				<ele>1245.36</ele>
				<time>2026-09-20T04:27:36.911Z</time>
			</trkpt>
			<trkpt lat="40.61303" lon="-0.54731">
				<ele>1245.51</ele>
				<time>2026-09-20T04:27:37.233Z</time>
			</trkpt>
			<trkpt lat="40.61315" lon="-0.54744">
				<ele>1244.79</ele>
				<time>2026-09-20T04:27:37.694Z</time>
			</trkpt>
			<trkpt lat="40.6133" lon="-0.54755">
				<ele>1244.22</ele>
				<time>2026-09-20T04:27:38.204Z</time>
			</trkpt>
			<trkpt lat="40.61399" lon="-0.54795">
				<ele>1243.68</ele>
				<time>2026-09-20T04:27:40.453Z</time>
			</trkpt>
			<trkpt lat="40.6141" lon="-0.54804">
				<ele>1243.17</ele>
				<time>2026-09-20T04:27:40.841Z</time>
			</trkpt>
			<trkpt lat="40.61423" lon="-0.5482">
				<ele>1242.51</ele>
				<time>2026-09-20T04:27:41.374Z</time>
			</trkpt>
			<trkpt lat="40.61431" lon="-0.54836">
				<ele>1242.45</ele>
				<time>2026-09-20T04:27:41.811Z</time>
			</trkpt>
			<trkpt lat="40.6145" lon="-0.54919">
				<ele>1252.97</ele>
				<time>2026-09-20T04:27:43.795Z</time>
			</trkpt>
			<trkpt lat="40.61455" lon="-0.54927">
				<ele>1254.51</ele>
				<time>2026-09-20T04:27:44.033Z</time>
			</trkpt>
			<trkpt lat="40.61465" lon="-0.54931">
				<ele>1253.29</ele>
				<time>2026-09-20T04:27:44.350Z</time>
			</trkpt>
			<trkpt lat="40.61475" lon="-0.5493">
				<ele>1251.06</ele>
				<time>2026-09-20T04:27:44.654Z</time>
			</trkpt>
			<trkpt lat="40.61485" lon="-0.54925">
				<ele>1248.5</ele>
				<time>2026-09-20T04:27:44.978Z</time>
			</trkpt>
			<trkpt lat="40.61501" lon="-0.54909">
				<ele>1241.91</ele>
				<time>2026-09-20T04:27:45.589Z</time>
			</trkpt>
			<trkpt lat="40.61513" lon="-0.54901">
				<ele>1240.42</ele>
				<time>2026-09-20T04:27:45.998Z</time>
			</trkpt>
			<trkpt lat="40.61522" lon="-0.54896">
				<ele>1239.79</ele>
				<time>2026-09-20T04:27:46.296Z</time>
			</trkpt>
			<trkpt lat="40.61532" lon="-0.54895">
				<ele>1240.08</ele>
				<time>2026-09-20T04:27:46.601Z</time>
			</trkpt>
			<trkpt lat="40.6156" lon="-0.54895">
				<ele>1241.74</ele>
				<time>2026-09-20T04:27:47.457Z</time>
			</trkpt>
			<trkpt lat="40.61588" lon="-0.54902">
				<ele>1241.06</ele>
				<time>2026-09-20T04:27:48.330Z</time>
			</trkpt>
			<trkpt lat="40.61628" lon="-0.54914">
				<ele>1239.64</ele>
				<time>2026-09-20T04:27:49.591Z</time>
			</trkpt>
			<trkpt lat="40.61645" lon="-0.54918">
				<ele>1238.38</ele>
				<time>2026-09-20T04:27:50.123Z</time>
			</trkpt>
			<trkpt lat="40.61665" lon="-0.54918">
				<ele>1236.35</ele>
				<time>2026-09-20T04:27:50.740Z</time>
			</trkpt>
			<trkpt lat="40.61691" lon="-0.54911">
				<ele>1236.27</ele>
				<time>2026-09-20T04:27:51.562Z</time>
			</trkpt>
			<trkpt lat="40.6171" lon="-0.54899">
				<ele>1230.95</ele>
				<time>2026-09-20T04:27:52.215Z</time>
			</trkpt>
			<trkpt lat="40.61735" lon="-0.54873">
				<ele>1226.54</ele>
				<time>2026-09-20T04:27:53.206Z</time>
			</trkpt>
			<trkpt lat="40.61748" lon="-0.54864">
				<ele>1227.31</ele>
				<time>2026-09-20T04:27:53.664Z</time>
			</trkpt>
			<trkpt lat="40.61765" lon="-0.54858">
				<ele>1228.19</ele>
				<time>2026-09-20T04:27:54.213Z</time>
			</trkpt>
			<trkpt lat="40.61784" lon="-0.54855">
				<ele>1227.98</ele>
				<time>2026-09-20T04:27:54.812Z</time>
			</trkpt>
			<trkpt lat="40.61793" lon="-0.54856">
				<ele>1226.51</ele>
				<time>2026-09-20T04:27:55.095Z</time>
			</trkpt>
			<trkpt lat="40.61801" lon="-0.54859">
				<ele>1226.48</ele>
				<time>2026-09-20T04:27:55.355Z</time>
			</trkpt>
			<trkpt lat="40.61827" lon="-0.54875">
				<ele>1224.36</ele>
				<time>2026-09-20T04:27:56.257Z</time>
			</trkpt>
			<trkpt lat="40.61851" lon="-0.54887">
				<ele>1221.5</ele>
				<time>2026-09-20T04:27:57.065Z</time>
			</trkpt>
			<trkpt lat="40.61857" lon="-0.54892">
				<ele>1220.94</ele>
				<time>2026-09-20T04:27:57.289Z</time>
			</trkpt>
			<trkpt lat="40.61863" lon="-0.54898">
				<ele>1220.81</ele>
				<time>2026-09-20T04:27:57.527Z</time>
			</trkpt>
			<trkpt lat="40.61882" lon="-0.5493">
				<ele>1222.86</ele>
				<time>2026-09-20T04:27:58.502Z</time>
			</trkpt>
			<trkpt lat="40.61886" lon="-0.54937">
				<ele>1223.08</ele>
				<time>2026-09-20T04:27:58.713Z</time>
			</trkpt>
			<trkpt lat="40.61891" lon="-0.5494">
				<ele>1223.19</ele>
				<time>2026-09-20T04:27:58.887Z</time>
			</trkpt>
			<trkpt lat="40.61902" lon="-0.54941">
				<ele>1223.15</ele>
				<time>2026-09-20T04:27:59.237Z</time>
			</trkpt>
			<trkpt lat="40.61907" lon="-0.54938">
				<ele>1222.5</ele>
				<time>2026-09-20T04:27:59.412Z</time>
			</trkpt>
			<trkpt lat="40.61928" lon="-0.54921">
				<ele>1217.28</ele>
				<time>2026-09-20T04:28:00.196Z</time>
			</trkpt>
			<trkpt lat="40.61933" lon="-0.54918">
				<ele>1216.09</ele>
				<time>2026-09-20T04:28:00.371Z</time>
			</trkpt>
			<trkpt lat="40.61939" lon="-0.54918">
				<ele>1215.76</ele>
				<time>2026-09-20T04:28:00.562Z</time>
			</trkpt>
			<trkpt lat="40.6195" lon="-0.54924">
				<ele>1217.26</ele>
				<time>2026-09-20T04:28:00.942Z</time>
			</trkpt>
			<trkpt lat="40.61977" lon="-0.54943">
				<ele>1225.53</ele>
				<time>2026-09-20T04:28:01.921Z</time>
			</trkpt>
			<trkpt lat="40.61995" lon="-0.54948">
				<ele>1224.81</ele>
				<time>2026-09-20T04:28:02.511Z</time>
			</trkpt>
			<trkpt lat="40.62058" lon="-0.54923">
				<ele>1226.69</ele>
				<time>2026-09-20T04:28:04.630Z</time>
			</trkpt>
			<trkpt lat="40.62069" lon="-0.54914">
				<ele>1225.45</ele>
				<time>2026-09-20T04:28:05.048Z</time>
			</trkpt>
			<trkpt lat="40.62076" lon="-0.54901">
				<ele>1222.17</ele>
				<time>2026-09-20T04:28:05.440Z</time>
			</trkpt>
			<trkpt lat="40.62079" lon="-0.54892">
				<ele>1219.92</ele>
				<time>2026-09-20T04:28:05.682Z</time>
			</trkpt>
			<trkpt lat="40.62079" lon="-0.54882">
				<ele>1217.67</ele>
				<time>2026-09-20T04:28:05.928Z</time>
			</trkpt>
			<trkpt lat="40.62078" lon="-0.54859">
				<ele>1212.44</ele>
				<time>2026-09-20T04:28:06.496Z</time>
			</trkpt>
			<trkpt lat="40.62079" lon="-0.54842">
				<ele>1208.38</ele>
				<time>2026-09-20T04:28:06.917Z</time>
			</trkpt>
			<trkpt lat="40.62085" lon="-0.54829">
				<ele>1206.12</ele>
				<time>2026-09-20T04:28:07.293Z</time>
			</trkpt>
			<trkpt lat="40.62089" lon="-0.54826">
				<ele>1205.49</ele>
				<time>2026-09-20T04:28:07.443Z</time>
			</trkpt>
			<trkpt lat="40.621" lon="-0.54823">
				<ele>1205.72</ele>
				<time>2026-09-20T04:28:07.809Z</time>
			</trkpt>
			<trkpt lat="40.62105" lon="-0.54826">
				<ele>1206.9</ele>
				<time>2026-09-20T04:28:07.989Z</time>
			</trkpt>
			<trkpt lat="40.62112" lon="-0.54835">
				<ele>1209.99</ele>
				<time>2026-09-20T04:28:08.309Z</time>
			</trkpt>
			<trkpt lat="40.62125" lon="-0.54869">
				<ele>1215.77</ele>
				<time>2026-09-20T04:28:09.255Z</time>
			</trkpt>
			<trkpt lat="40.62133" lon="-0.54883">
				<ele>1217.22</ele>
				<time>2026-09-20T04:28:09.691Z</time>
			</trkpt>
			<trkpt lat="40.62143" lon="-0.54892">
				<ele>1217.82</ele>
				<time>2026-09-20T04:28:10.089Z</time>
			</trkpt>
			<trkpt lat="40.62156" lon="-0.549">
				<ele>1217.38</ele>
				<time>2026-09-20T04:28:10.562Z</time>
			</trkpt>
			<trkpt lat="40.62165" lon="-0.54904">
				<ele>1216.46</ele>
				<time>2026-09-20T04:28:10.875Z</time>
			</trkpt>
			<trkpt lat="40.62193" lon="-0.5491">
				<ele>1215.91</ele>
				<time>2026-09-20T04:28:11.811Z</time>
			</trkpt>
			<trkpt lat="40.62209" lon="-0.54907">
				<ele>1210.06</ele>
				<time>2026-09-20T04:28:12.346Z</time>
			</trkpt>
			<trkpt lat="40.62222" lon="-0.54902">
				<ele>1204.6</ele>
				<time>2026-09-20T04:28:12.795Z</time>
			</trkpt>
			<trkpt lat="40.6223" lon="-0.54902">
				<ele>1202.52</ele>
				<time>2026-09-20T04:28:13.061Z</time>
			</trkpt>
			<trkpt lat="40.62238" lon="-0.54909">
				<ele>1202.69</ele>
				<time>2026-09-20T04:28:13.380Z</time>
			</trkpt>
			<trkpt lat="40.62258" lon="-0.54933">
				<ele>1210.22</ele>
				<time>2026-09-20T04:28:14.280Z</time>
			</trkpt>
			<trkpt lat="40.6227" lon="-0.54941">
				<ele>1211.72</ele>
				<time>2026-09-20T04:28:14.729Z</time>
			</trkpt>
			<trkpt lat="40.62286" lon="-0.54946">
				<ele>1211.2</ele>
				<time>2026-09-20T04:28:15.278Z</time>
			</trkpt>
			<trkpt lat="40.62304" lon="-0.54951">
				<ele>1210.53</ele>
				<time>2026-09-20T04:28:15.894Z</time>
			</trkpt>
			<trkpt lat="40.62322" lon="-0.5495">
				<ele>1211.96</ele>
				<time>2026-09-20T04:28:16.498Z</time>
			</trkpt>
			<trkpt lat="40.62331" lon="-0.54944">
				<ele>1209.4</ele>
				<time>2026-09-20T04:28:16.837Z</time>
			</trkpt>
			<trkpt lat="40.62352" lon="-0.54925">
				<ele>1205.37</ele>
				<time>2026-09-20T04:28:17.695Z</time>
			</trkpt>
			<trkpt lat="40.62377" lon="-0.5491">
				<ele>1204.92</ele>
				<time>2026-09-20T04:28:18.622Z</time>
			</trkpt>
			<trkpt lat="40.6238" lon="-0.54906">
				<ele>1204.12</ele>
				<time>2026-09-20T04:28:18.766Z</time>
			</trkpt>
			<trkpt lat="40.62386" lon="-0.54894">
				<ele>1201.12</ele>
				<time>2026-09-20T04:28:19.136Z</time>
			</trkpt>
			<trkpt lat="40.6239" lon="-0.54863">
				<ele>1187.54</ele>
				<time>2026-09-20T04:28:19.945Z</time>
			</trkpt>
			<trkpt lat="40.62392" lon="-0.54857">
				<ele>1185.62</ele>
				<time>2026-09-20T04:28:20.114Z</time>
			</trkpt>
			<trkpt lat="40.62397" lon="-0.54851">
				<ele>1183.27</ele>
				<time>2026-09-20T04:28:20.344Z</time>
			</trkpt>
			<trkpt lat="40.62404" lon="-0.54848">
				<ele>1182.21</ele>
				<time>2026-09-20T04:28:20.594Z</time>
			</trkpt>
			<trkpt lat="40.62412" lon="-0.5485">
				<ele>1183.13</ele>
				<time>2026-09-20T04:28:20.871Z</time>
			</trkpt>
			<trkpt lat="40.6242" lon="-0.54856">
				<ele>1185.49</ele>
				<time>2026-09-20T04:28:21.185Z</time>
			</trkpt>
			<trkpt lat="40.62423" lon="-0.54862">
				<ele>1187.55</ele>
				<time>2026-09-20T04:28:21.371Z</time>
			</trkpt>
			<trkpt lat="40.62443" lon="-0.54911">
				<ele>1199.72</ele>
				<time>2026-09-20T04:28:22.814Z</time>
			</trkpt>
			<trkpt lat="40.62448" lon="-0.54918">
				<ele>1202.36</ele>
				<time>2026-09-20T04:28:23.065Z</time>
			</trkpt>
			<trkpt lat="40.62453" lon="-0.54921">
				<ele>1204.64</ele>
				<time>2026-09-20T04:28:23.253Z</time>
			</trkpt>
			<trkpt lat="40.62459" lon="-0.54921">
				<ele>1205.46</ele>
				<time>2026-09-20T04:28:23.459Z</time>
			</trkpt>
			<trkpt lat="40.62468" lon="-0.54917">
				<ele>1204.25</ele>
				<time>2026-09-20T04:28:23.785Z</time>
			</trkpt>
			<trkpt lat="40.62487" lon="-0.54885">
				<ele>1195.9</ele>
				<time>2026-09-20T04:28:24.847Z</time>
			</trkpt>
			<trkpt lat="40.62499" lon="-0.54874">
				<ele>1195.46</ele>
				<time>2026-09-20T04:28:25.352Z</time>
			</trkpt>
			<trkpt lat="40.62504" lon="-0.54866">
				<ele>1194.58</ele>
				<time>2026-09-20T04:28:25.624Z</time>
			</trkpt>
			<trkpt lat="40.62527" lon="-0.54806">
				<ele>1190.64</ele>
				<time>2026-09-20T04:28:27.393Z</time>
			</trkpt>
			<trkpt lat="40.62535" lon="-0.54767">
				<ele>1187.55</ele>
				<time>2026-09-20T04:28:28.462Z</time>
			</trkpt>
			<trkpt lat="40.62541" lon="-0.54752">
				<ele>1186.58</ele>
				<time>2026-09-20T04:28:28.911Z</time>
			</trkpt>
			<trkpt lat="40.62547" lon="-0.54747">
				<ele>1187.93</ele>
				<time>2026-09-20T04:28:29.160Z</time>
			</trkpt>
			<trkpt lat="40.62563" lon="-0.54742">
				<ele>1190.85</ele>
				<time>2026-09-20T04:28:29.735Z</time>
			</trkpt>
			<trkpt lat="40.62623" lon="-0.54737">
				<ele>1197.71</ele>
				<time>2026-09-20T04:28:31.849Z</time>
			</trkpt>
			<trkpt lat="40.62634" lon="-0.54735">
				<ele>1198.38</ele>
				<time>2026-09-20T04:28:32.241Z</time>
			</trkpt>
			<trkpt lat="40.62641" lon="-0.54731">
				<ele>1198.4</ele>
				<time>2026-09-20T04:28:32.511Z</time>
			</trkpt>
			<trkpt lat="40.62645" lon="-0.54718">
				<ele>1197.67</ele>
				<time>2026-09-20T04:28:32.888Z</time>
			</trkpt>
			<trkpt lat="40.62643" lon="-0.547">
				<ele>1197.27</ele>
				<time>2026-09-20T04:28:33.377Z</time>
			</trkpt>
			<trkpt lat="40.62609" lon="-0.5466">
				<ele>1196.44</ele>
				<time>2026-09-20T04:28:34.998Z</time>
			</trkpt>
			<trkpt lat="40.626" lon="-0.54655">
				<ele>1195.45</ele>
				<time>2026-09-20T04:28:35.346Z</time>
			</trkpt>
			<trkpt lat="40.62489" lon="-0.54641">
				<ele>1181.11</ele>
				<time>2026-09-20T04:28:39.351Z</time>
			</trkpt>
			<trkpt lat="40.62464" lon="-0.54635">
				<ele>1175.7</ele>
				<time>2026-09-20T04:28:40.271Z</time>
			</trkpt>
			<trkpt lat="40.62439" lon="-0.54624">
				<ele>1172.61</ele>
				<time>2026-09-20T04:28:41.228Z</time>
			</trkpt>
			<trkpt lat="40.62427" lon="-0.54612">
				<ele>1172.03</ele>
				<time>2026-09-20T04:28:41.776Z</time>
			</trkpt>
			<trkpt lat="40.62422" lon="-0.54596">
				<ele>1172.37</ele>
				<time>2026-09-20T04:28:42.255Z</time>
			</trkpt>
			<trkpt lat="40.62421" lon="-0.54587">
				<ele>1172.87</ele>
				<time>2026-09-20T04:28:42.507Z</time>
			</trkpt>
			<trkpt lat="40.62421" lon="-0.54564">
				<ele>1173.68</ele>
				<time>2026-09-20T04:28:43.145Z</time>
			</trkpt>
			<trkpt lat="40.62423" lon="-0.54554">
				<ele>1174.7</ele>
				<time>2026-09-20T04:28:43.432Z</time>
			</trkpt>
			<trkpt lat="40.62434" lon="-0.54531">
				<ele>1179.77</ele>
				<time>2026-09-20T04:28:44.188Z</time>
			</trkpt>
			<trkpt lat="40.62435" lon="-0.54526">
				<ele>1180.3</ele>
				<time>2026-09-20T04:28:44.333Z</time>
			</trkpt>
			<trkpt lat="40.62432" lon="-0.54488">
				<ele>1179.91</ele>
				<time>2026-09-20T04:28:45.399Z</time>
			</trkpt>
			<trkpt lat="40.62433" lon="-0.54477">
				<ele>1179.25</ele>
				<time>2026-09-20T04:28:45.709Z</time>
			</trkpt>
			<trkpt lat="40.6245" lon="-0.54427">
				<ele>1174.89</ele>
				<time>2026-09-20T04:28:47.247Z</time>
			</trkpt>
			<trkpt lat="40.62452" lon="-0.54417">
				<ele>1174.26</ele>
				<time>2026-09-20T04:28:47.538Z</time>
			</trkpt>
			<trkpt lat="40.62453" lon="-0.54407">
				<ele>1174.31</ele>
				<time>2026-09-20T04:28:47.822Z</time>
			</trkpt>
			<trkpt lat="40.62452" lon="-0.54399">
				<ele>1173.92</ele>
				<time>2026-09-20T04:28:48.051Z</time>
			</trkpt>
			<trkpt lat="40.62447" lon="-0.54386">
				<ele>1171.64</ele>
				<time>2026-09-20T04:28:48.462Z</time>
			</trkpt>
			<trkpt lat="40.62422" lon="-0.54356">
				<ele>1162.48</ele>
				<time>2026-09-20T04:28:49.723Z</time>
			</trkpt>
			<trkpt lat="40.62419" lon="-0.5435">
				<ele>1161.61</ele>
				<time>2026-09-20T04:28:49.927Z</time>
			</trkpt>
			<trkpt lat="40.62417" lon="-0.54339">
				<ele>1161.11</ele>
				<time>2026-09-20T04:28:50.248Z</time>
			</trkpt>
			<trkpt lat="40.62419" lon="-0.54324">
				<ele>1162.75</ele>
				<time>2026-09-20T04:28:50.680Z</time>
			</trkpt>
			<trkpt lat="40.62419" lon="-0.54315">
				<ele>1163.18</ele>
				<time>2026-09-20T04:28:50.937Z</time>
			</trkpt>
			<trkpt lat="40.62415" lon="-0.54292">
				<ele>1161.89</ele>
				<time>2026-09-20T04:28:51.609Z</time>
			</trkpt>
			<trkpt lat="40.62416" lon="-0.5428">
				<ele>1161.94</ele>
				<time>2026-09-20T04:28:51.953Z</time>
			</trkpt>
			<trkpt lat="40.6242" lon="-0.5427">
				<ele>1159.41</ele>
				<time>2026-09-20T04:28:52.276Z</time>
			</trkpt>
			<trkpt lat="40.6243" lon="-0.54258">
				<ele>1157.75</ele>
				<time>2026-09-20T04:28:52.786Z</time>
			</trkpt>
			<trkpt lat="40.625" lon="-0.54222">
				<ele>1157.25</ele>
				<time>2026-09-20T04:28:55.633Z</time>
			</trkpt>
			<trkpt lat="40.62567" lon="-0.54197">
				<ele>1148.78</ele>
				<time>2026-09-20T04:28:58.294Z</time>
			</trkpt>
			<trkpt lat="40.62727" lon="-0.54161">
				<ele>1156.5</ele>
				<time>2026-09-20T04:29:04.584Z</time>
			</trkpt>
			<trkpt lat="40.62747" lon="-0.54155">
				<ele>1154.53</ele>
				<time>2026-09-20T04:29:05.388Z</time>
			</trkpt>
			<trkpt lat="40.62762" lon="-0.54144">
				<ele>1152.63</ele>
				<time>2026-09-20T04:29:06.062Z</time>
			</trkpt>
			<trkpt lat="40.62789" lon="-0.54114">
				<ele>1150.54</ele>
				<time>2026-09-20T04:29:07.453Z</time>
			</trkpt>
			<trkpt lat="40.62795" lon="-0.5411">
				<ele>1150.56</ele>
				<time>2026-09-20T04:29:07.719Z</time>
			</trkpt>
			<trkpt lat="40.62828" lon="-0.54101">
				<ele>1158.04</ele>
				<time>2026-09-20T04:29:09.053Z</time>
			</trkpt>
			<trkpt lat="40.62892" lon="-0.54072">
				<ele>1157.28</ele>
				<time>2026-09-20T04:29:11.749Z</time>
			</trkpt>
			<trkpt lat="40.62935" lon="-0.54045">
				<ele>1156.94</ele>
				<time>2026-09-20T04:29:13.660Z</time>
			</trkpt>
			<trkpt lat="40.62955" lon="-0.54026">
				<ele>1152.24</ele>
				<time>2026-09-20T04:29:14.653Z</time>
			</trkpt>
			<trkpt lat="40.62977" lon="-0.54008">
				<ele>1152.14</ele>
				<time>2026-09-20T04:29:15.700Z</time>
			</trkpt>
			<trkpt lat="40.63035" lon="-0.53976">
				<ele>1158.08</ele>
				<time>2026-09-20T04:29:18.255Z</time>
			</trkpt>
			<trkpt lat="40.63046" lon="-0.53967">
				<ele>1158.35</ele>
				<time>2026-09-20T04:29:18.783Z</time>
			</trkpt>
			<trkpt lat="40.63053" lon="-0.5396">
				<ele>1158.63</ele>
				<time>2026-09-20T04:29:19.142Z</time>
			</trkpt>
			<trkpt lat="40.63058" lon="-0.5395">
				<ele>1158.63</ele>
				<time>2026-09-20T04:29:19.514Z</time>
			</trkpt>
			<trkpt lat="40.63065" lon="-0.53933">
				<ele>1159.02</ele>
				<time>2026-09-20T04:29:20.116Z</time>
			</trkpt>
			<trkpt lat="40.6308" lon="-0.53885">
				<ele>1156.47</ele>
				<time>2026-09-20T04:29:21.736Z</time>
			</trkpt>
			<trkpt lat="40.63082" lon="-0.5387">
				<ele>1154.42</ele>
				<time>2026-09-20T04:29:22.213Z</time>
			</trkpt>
			<trkpt lat="40.63086" lon="-0.53822">
				<ele>1155.34</ele>
				<time>2026-09-20T04:29:23.729Z</time>
			</trkpt>
			<trkpt lat="40.63091" lon="-0.53798">
				<ele>1154.75</ele>
				<time>2026-09-20T04:29:24.513Z</time>
			</trkpt>
			<trkpt lat="40.63094" lon="-0.5379">
				<ele>1154.49</ele>
				<time>2026-09-20T04:29:24.794Z</time>
			</trkpt>
			<trkpt lat="40.63109" lon="-0.53761">
				<ele>1153.61</ele>
				<time>2026-09-20T04:29:25.904Z</time>
			</trkpt>
			<trkpt lat="40.63145" lon="-0.53701">
				<ele>1156.51</ele>
				<time>2026-09-20T04:29:28.335Z</time>
			</trkpt>
			<trkpt lat="40.63149" lon="-0.53691">
				<ele>1157.69</ele>
				<time>2026-09-20T04:29:28.695Z</time>
			</trkpt>
			<trkpt lat="40.63152" lon="-0.53678">
				<ele>1159.08</ele>
				<time>2026-09-20T04:29:29.130Z</time>
			</trkpt>
			<trkpt lat="40.63154" lon="-0.53663">
				<ele>1159.92</ele>
				<time>2026-09-20T04:29:29.617Z</time>
			</trkpt>
			<trkpt lat="40.63156" lon="-0.53627">
				<ele>1158.37</ele>
				<time>2026-09-20T04:29:30.774Z</time>
			</trkpt>
			<trkpt lat="40.63159" lon="-0.53607">
				<ele>1157.04</ele>
				<time>2026-09-20T04:29:31.430Z</time>
			</trkpt>
			<trkpt lat="40.63189" lon="-0.53506">
				<ele>1154.27</ele>
				<time>2026-09-20T04:29:34.939Z</time>
			</trkpt>
			<trkpt lat="40.63193" lon="-0.53495">
				<ele>1154.96</ele>
				<time>2026-09-20T04:29:35.336Z</time>
			</trkpt>
			<trkpt lat="40.63198" lon="-0.53488">
				<ele>1155.51</ele>
				<time>2026-09-20T04:29:35.649Z</time>
			</trkpt>
			<trkpt lat="40.63205" lon="-0.53483">
				<ele>1156.55</ele>
				<time>2026-09-20T04:29:35.991Z</time>
			</trkpt>
			<trkpt lat="40.63226" lon="-0.53481">
				<ele>1162.14</ele>
				<time>2026-09-20T04:29:36.897Z</time>
			</trkpt>
			<trkpt lat="40.63231" lon="-0.53478">
				<ele>1163.16</ele>
				<time>2026-09-20T04:29:37.133Z</time>
			</trkpt>
			<trkpt lat="40.63236" lon="-0.53472">
				<ele>1163.56</ele>
				<time>2026-09-20T04:29:37.425Z</time>
			</trkpt>
			<trkpt lat="40.63239" lon="-0.53465">
				<ele>1164.04</ele>
				<time>2026-09-20T04:29:37.689Z</time>
			</trkpt>
			<trkpt lat="40.63241" lon="-0.53453">
				<ele>1163.95</ele>
				<time>2026-09-20T04:29:38.091Z</time>
			</trkpt>
			<trkpt lat="40.63246" lon="-0.53382">
				<ele>1158.75</ele>
				<time>2026-09-20T04:29:40.439Z</time>
			</trkpt>
			<trkpt lat="40.63251" lon="-0.53368">
				<ele>1158.13</ele>
				<time>2026-09-20T04:29:40.950Z</time>
			</trkpt>
			<trkpt lat="40.63258" lon="-0.53357">
				<ele>1157.96</ele>
				<time>2026-09-20T04:29:41.426Z</time>
			</trkpt>
			<trkpt lat="40.63273" lon="-0.53337">
				<ele>1159.39</ele>
				<time>2026-09-20T04:29:42.358Z</time>
			</trkpt>
			<trkpt lat="40.63294" lon="-0.5329">
				<ele>1156.93</ele>
				<time>2026-09-20T04:29:44.175Z</time>
			</trkpt>
			<trkpt lat="40.63326" lon="-0.53251">
				<ele>1153.68</ele>
				<time>2026-09-20T04:29:46.097Z</time>
			</trkpt>
			<trkpt lat="40.63337" lon="-0.53243">
				<ele>1154.33</ele>
				<time>2026-09-20T04:29:46.654Z</time>
			</trkpt>
			<trkpt lat="40.63348" lon="-0.53241">
				<ele>1155.25</ele>
				<time>2026-09-20T04:29:47.146Z</time>
			</trkpt>
			<trkpt lat="40.63359" lon="-0.53247">
				<ele>1158.1</ele>
				<time>2026-09-20T04:29:47.674Z</time>
			</trkpt>
			<trkpt lat="40.63363" lon="-0.53253">
				<ele>1158.51</ele>
				<time>2026-09-20T04:29:47.944Z</time>
			</trkpt>
			<trkpt lat="40.63398" lon="-0.53363">
				<ele>1167.9</ele>
				<time>2026-09-20T04:29:51.991Z</time>
			</trkpt>
			<trkpt lat="40.63422" lon="-0.53427">
				<ele>1171.29</ele>
				<time>2026-09-20T04:29:54.436Z</time>
			</trkpt>
			<trkpt lat="40.63428" lon="-0.5344">
				<ele>1173.47</ele>
				<time>2026-09-20T04:29:54.959Z</time>
			</trkpt>
			<trkpt lat="40.63441" lon="-0.53458">
				<ele>1174.35</ele>
				<time>2026-09-20T04:29:55.815Z</time>
			</trkpt>
			<trkpt lat="40.63449" lon="-0.53466">
				<ele>1174.28</ele>
				<time>2026-09-20T04:29:56.271Z</time>
			</trkpt>
			<trkpt lat="40.63456" lon="-0.5347">
				<ele>1173.9</ele>
				<time>2026-09-20T04:29:56.619Z</time>
			</trkpt>
			<trkpt lat="40.6347" lon="-0.53474">
				<ele>1172.4</ele>
				<time>2026-09-20T04:29:57.272Z</time>
			</trkpt>
			<trkpt lat="40.63478" lon="-0.53472">
				<ele>1171.58</ele>
				<time>2026-09-20T04:29:57.643Z</time>
			</trkpt>
			<trkpt lat="40.63511" lon="-0.53455">
				<ele>1169.35</ele>
				<time>2026-09-20T04:29:59.265Z</time>
			</trkpt>
			<trkpt lat="40.63516" lon="-0.53443">
				<ele>1168.16</ele>
				<time>2026-09-20T04:29:59.742Z</time>
			</trkpt>
			<trkpt lat="40.63517" lon="-0.53436">
				<ele>1167.56</ele>
				<time>2026-09-20T04:29:59.991Z</time>
			</trkpt>
			<trkpt lat="40.63513" lon="-0.5339">
				<ele>1162.85</ele>
				<time>2026-09-20T04:30:01.609Z</time>
			</trkpt>
			<trkpt lat="40.63516" lon="-0.53366">
				<ele>1163.46</ele>
				<time>2026-09-20T04:30:02.463Z</time>
			</trkpt>
			<trkpt lat="40.63525" lon="-0.53334">
				<ele>1166.33</ele>
				<time>2026-09-20T04:30:03.663Z</time>
			</trkpt>
			<trkpt lat="40.63525" lon="-0.53322">
				<ele>1166.84</ele>
				<time>2026-09-20T04:30:04.086Z</time>
			</trkpt>
			<trkpt lat="40.63519" lon="-0.53291">
				<ele>1165.16</ele>
				<time>2026-09-20T04:30:05.216Z</time>
			</trkpt>
			<trkpt lat="40.6352" lon="-0.53282">
				<ele>1164.78</ele>
				<time>2026-09-20T04:30:05.538Z</time>
			</trkpt>
			<trkpt lat="40.63524" lon="-0.53268">
				<ele>1164.33</ele>
				<time>2026-09-20T04:30:06.069Z</time>
			</trkpt>
			<trkpt lat="40.63533" lon="-0.5325">
				<ele>1164.13</ele>
				<time>2026-09-20T04:30:06.834Z</time>
			</trkpt>
			<trkpt lat="40.63605" lon="-0.53148">
				<ele>1174.64</ele>
				<time>2026-09-20T04:30:11.817Z</time>
			</trkpt>
			<trkpt lat="40.63609" lon="-0.5314">
				<ele>1175.47</ele>
				<time>2026-09-20T04:30:12.162Z</time>
			</trkpt>
			<trkpt lat="40.63622" lon="-0.53091">
				<ele>1171.24</ele>
				<time>2026-09-20T04:30:14.038Z</time>
			</trkpt>
			<trkpt lat="40.63627" lon="-0.53083">
				<ele>1170.49</ele>
				<time>2026-09-20T04:30:14.413Z</time>
			</trkpt>
			<trkpt lat="40.63636" lon="-0.53076">
				<ele>1169.22</ele>
				<time>2026-09-20T04:30:14.913Z</time>
			</trkpt>
			<trkpt lat="40.63672" lon="-0.53065">
				<ele>1168.35</ele>
				<time>2026-09-20T04:30:16.685Z</time>
			</trkpt>
			<trkpt lat="40.63682" lon="-0.53062">
				<ele>1169.58</ele>
				<time>2026-09-20T04:30:17.178Z</time>
			</trkpt>
			<trkpt lat="40.63692" lon="-0.53055">
				<ele>1170.31</ele>
				<time>2026-09-20T04:30:17.724Z</time>
			</trkpt>
			<trkpt lat="40.637" lon="-0.53042">
				<ele>1171.06</ele>
				<time>2026-09-20T04:30:18.336Z</time>
			</trkpt>
			<trkpt lat="40.63705" lon="-0.53031">
				<ele>1170.85</ele>
				<time>2026-09-20T04:30:18.806Z</time>
			</trkpt>
			<trkpt lat="40.63717" lon="-0.52991">
				<ele>1162.76</ele>
				<time>2026-09-20T04:30:20.387Z</time>
			</trkpt>
			<trkpt lat="40.63726" lon="-0.52975">
				<ele>1158.15</ele>
				<time>2026-09-20T04:30:21.121Z</time>
			</trkpt>
			<trkpt lat="40.63742" lon="-0.52963">
				<ele>1157.66</ele>
				<time>2026-09-20T04:30:22.017Z</time>
			</trkpt>
			<trkpt lat="40.63761" lon="-0.52952">
				<ele>1157.32</ele>
				<time>2026-09-20T04:30:23.030Z</time>
			</trkpt>
			<trkpt lat="40.6377" lon="-0.5295">
				<ele>1158.84</ele>
				<time>2026-09-20T04:30:23.476Z</time>
			</trkpt>
			<trkpt lat="40.63778" lon="-0.5295">
				<ele>1161</ele>
				<time>2026-09-20T04:30:23.868Z</time>
			</trkpt>
			<trkpt lat="40.63791" lon="-0.52955">
				<ele>1164.27</ele>
				<time>2026-09-20T04:30:24.531Z</time>
			</trkpt>
			<trkpt lat="40.63802" lon="-0.52965">
				<ele>1168.67</ele>
				<time>2026-09-20T04:30:25.187Z</time>
			</trkpt>
			<trkpt lat="40.6385" lon="-0.53021">
				<ele>1171.46</ele>
				<time>2026-09-20T04:30:28.350Z</time>
			</trkpt>
			<trkpt lat="40.63866" lon="-0.53031">
				<ele>1173.01</ele>
				<time>2026-09-20T04:30:29.228Z</time>
			</trkpt>
			<trkpt lat="40.63878" lon="-0.53035">
				<ele>1174.36</ele>
				<time>2026-09-20T04:30:29.843Z</time>
			</trkpt>
			<trkpt lat="40.63918" lon="-0.53037">
				<ele>1171.17</ele>
				<time>2026-09-20T04:30:31.838Z</time>
			</trkpt>
			<trkpt lat="40.63925" lon="-0.5304">
				<ele>1170.64</ele>
				<time>2026-09-20T04:30:32.206Z</time>
			</trkpt>
			<trkpt lat="40.63937" lon="-0.53054">
				<ele>1171.49</ele>
				<time>2026-09-20T04:30:33.009Z</time>
			</trkpt>
			<trkpt lat="40.63948" lon="-0.53079">
				<ele>1175.93</ele>
				<time>2026-09-20T04:30:34.109Z</time>
			</trkpt>
			<trkpt lat="40.63953" lon="-0.53087">
				<ele>1176.66</ele>
				<time>2026-09-20T04:30:34.505Z</time>
			</trkpt>
			<trkpt lat="40.63958" lon="-0.53092">
				<ele>1176.65</ele>
				<time>2026-09-20T04:30:34.821Z</time>
			</trkpt>
			<trkpt lat="40.63965" lon="-0.53096">
				<ele>1175.76</ele>
				<time>2026-09-20T04:30:35.205Z</time>
			</trkpt>
			<trkpt lat="40.6414" lon="-0.53139">
				<ele>1164.87</ele>
				<time>2026-09-20T04:30:44.277Z</time>
			</trkpt>
			<trkpt lat="40.64151" lon="-0.53137">
				<ele>1163.45</ele>
				<time>2026-09-20T04:30:44.850Z</time>
			</trkpt>
			<trkpt lat="40.64211" lon="-0.53093">
				<ele>1159.25</ele>
				<time>2026-09-20T04:30:48.409Z</time>
			</trkpt>
			<trkpt lat="40.64233" lon="-0.53087">
				<ele>1158.88</ele>
				<time>2026-09-20T04:30:49.580Z</time>
			</trkpt>
			<trkpt lat="40.643" lon="-0.53083">
				<ele>1151.44</ele>
				<time>2026-09-20T04:30:53.096Z</time>
			</trkpt>
			<trkpt lat="40.64309" lon="-0.53077">
				<ele>1150.54</ele>
				<time>2026-09-20T04:30:53.627Z</time>
			</trkpt>
			<trkpt lat="40.6432" lon="-0.53059">
				<ele>1149.13</ele>
				<time>2026-09-20T04:30:54.553Z</time>
			</trkpt>
			<trkpt lat="40.64355" lon="-0.52984">
				<ele>1140.55</ele>
				<time>2026-09-20T04:30:58.097Z</time>
			</trkpt>
			<trkpt lat="40.64364" lon="-0.52971">
				<ele>1138.71</ele>
				<time>2026-09-20T04:30:58.809Z</time>
			</trkpt>
			<trkpt lat="40.64378" lon="-0.5296">
				<ele>1136.86</ele>
				<time>2026-09-20T04:30:59.680Z</time>
			</trkpt>
			<trkpt lat="40.64419" lon="-0.52939">
				<ele>1135.5</ele>
				<time>2026-09-20T04:31:02.038Z</time>
			</trkpt>
			<trkpt lat="40.64429" lon="-0.52932">
				<ele>1136.08</ele>
				<time>2026-09-20T04:31:02.648Z</time>
			</trkpt>
			<trkpt lat="40.64481" lon="-0.52875">
				<ele>1119.42</ele>
				<time>2026-09-20T04:31:06.305Z</time>
			</trkpt>
			<trkpt lat="40.64491" lon="-0.5287">
				<ele>1116.45</ele>
				<time>2026-09-20T04:31:06.886Z</time>
			</trkpt>
			<trkpt lat="40.64505" lon="-0.5287">
				<ele>1116.43</ele>
				<time>2026-09-20T04:31:07.648Z</time>
			</trkpt>
			<trkpt lat="40.64525" lon="-0.52876">
				<ele>1118.15</ele>
				<time>2026-09-20T04:31:08.767Z</time>
			</trkpt>
			<trkpt lat="40.64534" lon="-0.52881">
				<ele>1118.75</ele>
				<time>2026-09-20T04:31:09.301Z</time>
			</trkpt>
			<trkpt lat="40.64545" lon="-0.52895">
				<ele>1121.67</ele>
				<time>2026-09-20T04:31:10.138Z</time>
			</trkpt>
			<trkpt lat="40.6457" lon="-0.52946">
				<ele>1125.8</ele>
				<time>2026-09-20T04:31:12.669Z</time>
			</trkpt>
			<trkpt lat="40.64584" lon="-0.52987">
				<ele>1122.09</ele>
				<time>2026-09-20T04:31:14.553Z</time>
			</trkpt>
			<trkpt lat="40.64585" lon="-0.53001">
				<ele>1121.43</ele>
				<time>2026-09-20T04:31:15.144Z</time>
			</trkpt>
			<trkpt lat="40.64577" lon="-0.5306">
				<ele>1122.62</ele>
				<time>2026-09-20T04:31:17.671Z</time>
			</trkpt>
			<trkpt lat="40.64577" lon="-0.53075">
				<ele>1123.66</ele>
				<time>2026-09-20T04:31:18.306Z</time>
			</trkpt>
			<trkpt lat="40.64581" lon="-0.53091">
				<ele>1124.1</ele>
				<time>2026-09-20T04:31:19.020Z</time>
			</trkpt>
			<trkpt lat="40.64588" lon="-0.53106">
				<ele>1124.49</ele>
				<time>2026-09-20T04:31:19.767Z</time>
			</trkpt>
			<trkpt lat="40.64603" lon="-0.5312">
				<ele>1124.27</ele>
				<time>2026-09-20T04:31:20.798Z</time>
			</trkpt>
			<trkpt lat="40.64634" lon="-0.53141">
				<ele>1123.85</ele>
				<time>2026-09-20T04:31:22.758Z</time>
			</trkpt>
			<trkpt lat="40.64656" lon="-0.53149">
				<ele>1124.03</ele>
				<time>2026-09-20T04:31:24.046Z</time>
			</trkpt>
			<trkpt lat="40.64813" lon="-0.53166">
				<ele>1130.52</ele>
				<time>2026-09-20T04:31:33.040Z</time>
			</trkpt>
			<trkpt lat="40.64863" lon="-0.53158">
				<ele>1129.2</ele>
				<time>2026-09-20T04:31:35.953Z</time>
			</trkpt>
			<trkpt lat="40.64886" lon="-0.53157">
				<ele>1130.19</ele>
				<time>2026-09-20T04:31:37.290Z</time>
			</trkpt>
			<trkpt lat="40.64902" lon="-0.53161">
				<ele>1130.16</ele>
				<time>2026-09-20T04:31:38.238Z</time>
			</trkpt>
			<trkpt lat="40.65046" lon="-0.53249">
				<ele>1118.7</ele>
				<time>2026-09-20T04:31:47.585Z</time>
			</trkpt>
			<trkpt lat="40.65081" lon="-0.53274">
				<ele>1116.49</ele>
				<time>2026-09-20T04:31:49.958Z</time>
			</trkpt>
			<trkpt lat="40.6513" lon="-0.53328">
				<ele>1114.39</ele>
				<time>2026-09-20T04:31:53.790Z</time>
			</trkpt>
			<trkpt lat="40.6514" lon="-0.53347">
				<ele>1113.84</ele>
				<time>2026-09-20T04:31:54.848Z</time>
			</trkpt>
			<trkpt lat="40.65173" lon="-0.5346">
				<ele>1112.34</ele>
				<time>2026-09-20T04:32:00.426Z</time>
			</trkpt>
			<trkpt lat="40.65182" lon="-0.53479">
				<ele>1112.44</ele>
				<time>2026-09-20T04:32:01.464Z</time>
			</trkpt>
			<trkpt lat="40.65197" lon="-0.53497">
				<ele>1112.59</ele>
				<time>2026-09-20T04:32:02.707Z</time>
			</trkpt>
			<trkpt lat="40.65276" lon="-0.53573">
				<ele>1115.43</ele>
				<time>2026-09-20T04:32:08.743Z</time>
			</trkpt>
			<trkpt lat="40.65287" lon="-0.53579">
				<ele>1111.5</ele>
				<time>2026-09-20T04:32:09.483Z</time>
			</trkpt>
			<trkpt lat="40.65299" lon="-0.53582">
				<ele>1106.45</ele>
				<time>2026-09-20T04:32:10.243Z</time>
			</trkpt>
			<trkpt lat="40.65364" lon="-0.53585">
				<ele>1096.91</ele>
				<time>2026-09-20T04:32:14.310Z</time>
			</trkpt>
			<trkpt lat="40.65386" lon="-0.53588">
				<ele>1095.19</ele>
				<time>2026-09-20T04:32:15.700Z</time>
			</trkpt>
			<trkpt lat="40.65409" lon="-0.536">
				<ele>1096.57</ele>
				<time>2026-09-20T04:32:17.260Z</time>
			</trkpt>
			<trkpt lat="40.6543" lon="-0.53615">
				<ele>1100.94</ele>
				<time>2026-09-20T04:32:18.770Z</time>
			</trkpt>
			<trkpt lat="40.65452" lon="-0.53627">
				<ele>1103.58</ele>
				<time>2026-09-20T04:32:20.280Z</time>
			</trkpt>
			<trkpt lat="40.65528" lon="-0.53633">
				<ele>1101.41</ele>
				<time>2026-09-20T04:32:25.139Z</time>
			</trkpt>
			<trkpt lat="40.65608" lon="-0.53649">
				<ele>1099.2</ele>
				<time>2026-09-20T04:32:30.353Z</time>
			</trkpt>
			<trkpt lat="40.6566" lon="-0.53644">
				<ele>1105.11</ele>
				<time>2026-09-20T04:32:33.740Z</time>
			</trkpt>
			<trkpt lat="40.6571" lon="-0.53657">
				<ele>1102.23</ele>
				<time>2026-09-20T04:32:37.071Z</time>
			</trkpt>
			<trkpt lat="40.65726" lon="-0.53655">
				<ele>1101.08</ele>
				<time>2026-09-20T04:32:38.126Z</time>
			</trkpt>
			<trkpt lat="40.6578" lon="-0.53628">
				<ele>1090.21</ele>
				<time>2026-09-20T04:32:41.935Z</time>
			</trkpt>
			<trkpt lat="40.65792" lon="-0.53625">
				<ele>1088.68</ele>
				<time>2026-09-20T04:32:42.743Z</time>
			</trkpt>
			<trkpt lat="40.65803" lon="-0.53625">
				<ele>1088.83</ele>
				<time>2026-09-20T04:32:43.473Z</time>
			</trkpt>
			<trkpt lat="40.65825" lon="-0.53634">
				<ele>1094.74</ele>
				<time>2026-09-20T04:32:45.004Z</time>
			</trkpt>
			<trkpt lat="40.65845" lon="-0.53649">
				<ele>1099.52</ele>
				<time>2026-09-20T04:32:46.537Z</time>
			</trkpt>
			<trkpt lat="40.65858" lon="-0.53669">
				<ele>1101.77</ele>
				<time>2026-09-20T04:32:47.872Z</time>
			</trkpt>
			<trkpt lat="40.65871" lon="-0.53686">
				<ele>1101.5</ele>
				<time>2026-09-20T04:32:49.098Z</time>
			</trkpt>
			<trkpt lat="40.65931" lon="-0.53746">
				<ele>1104.75</ele>
				<time>2026-09-20T04:32:54.171Z</time>
			</trkpt>
			<trkpt lat="40.66005" lon="-0.53809">
				<ele>1105.51</ele>
				<time>2026-09-20T04:33:00.164Z</time>
			</trkpt>
			<trkpt lat="40.66019" lon="-0.53826">
				<ele>1106.83</ele>
				<time>2026-09-20T04:33:01.467Z</time>
			</trkpt>
			<trkpt lat="40.66034" lon="-0.53852">
				<ele>1105.29</ele>
				<time>2026-09-20T04:33:03.169Z</time>
			</trkpt>
			<trkpt lat="40.66055" lon="-0.53898">
				<ele>1099.79</ele>
				<time>2026-09-20T04:33:05.976Z</time>
			</trkpt>
			<trkpt lat="40.66064" lon="-0.53915">
				<ele>1097.62</ele>
				<time>2026-09-20T04:33:07.063Z</time>
			</trkpt>
			<trkpt lat="40.66088" lon="-0.53948">
				<ele>1094.48</ele>
				<time>2026-09-20T04:33:09.469Z</time>
			</trkpt>
			<trkpt lat="40.66106" lon="-0.53963">
				<ele>1091.21</ele>
				<time>2026-09-20T04:33:10.952Z</time>
			</trkpt>
			<trkpt lat="40.6613" lon="-0.53976">
				<ele>1087.42</ele>
				<time>2026-09-20T04:33:12.763Z</time>
			</trkpt>
			<trkpt lat="40.66143" lon="-0.53981">
				<ele>1086.05</ele>
				<time>2026-09-20T04:33:13.711Z</time>
			</trkpt>
			<trkpt lat="40.66164" lon="-0.53981">
				<ele>1086.48</ele>
				<time>2026-09-20T04:33:15.183Z</time>
			</trkpt>
			<trkpt lat="40.66195" lon="-0.53975">
				<ele>1087.9</ele>
				<time>2026-09-20T04:33:17.388Z</time>
			</trkpt>
			<trkpt lat="40.66219" lon="-0.53985">
				<ele>1080.06</ele>
				<time>2026-09-20T04:33:19.164Z</time>
			</trkpt>
			<trkpt lat="40.66235" lon="-0.53987">
				<ele>1077.47</ele>
				<time>2026-09-20T04:33:20.302Z</time>
			</trkpt>
			<trkpt lat="40.66256" lon="-0.53982">
				<ele>1076.59</ele>
				<time>2026-09-20T04:33:21.815Z</time>
			</trkpt>
			<trkpt lat="40.66268" lon="-0.53977">
				<ele>1076.93</ele>
				<time>2026-09-20T04:33:22.709Z</time>
			</trkpt>
			<trkpt lat="40.66305" lon="-0.53954">
				<ele>1082.35</ele>
				<time>2026-09-20T04:33:25.626Z</time>
			</trkpt>
			<trkpt lat="40.66318" lon="-0.53951">
				<ele>1082.51</ele>
				<time>2026-09-20T04:33:26.570Z</time>
			</trkpt>
			<trkpt lat="40.66334" lon="-0.53956">
				<ele>1080.69</ele>
				<time>2026-09-20T04:33:27.748Z</time>
			</trkpt>
			<trkpt lat="40.66376" lon="-0.53982">
				<ele>1074.82</ele>
				<time>2026-09-20T04:33:31.086Z</time>
			</trkpt>
			<trkpt lat="40.66402" lon="-0.53994">
				<ele>1070.17</ele>
				<time>2026-09-20T04:33:33.076Z</time>
			</trkpt>
			<trkpt lat="40.66408" lon="-0.54">
				<ele>1068.05</ele>
				<time>2026-09-20T04:33:33.621Z</time>
			</trkpt>
			<trkpt lat="40.66411" lon="-0.54006">
				<ele>1066.67</ele>
				<time>2026-09-20T04:33:34.016Z</time>
			</trkpt>
			<trkpt lat="40.66411" lon="-0.54013">
				<ele>1065.32</ele>
				<time>2026-09-20T04:33:34.401Z</time>
			</trkpt>
			<trkpt lat="40.66408" lon="-0.54024">
				<ele>1063.73</ele>
				<time>2026-09-20T04:33:35.045Z</time>
			</trkpt>
			<trkpt lat="40.66404" lon="-0.54029">
				<ele>1063.23</ele>
				<time>2026-09-20T04:33:35.445Z</time>
			</trkpt>
			<trkpt lat="40.66392" lon="-0.54038">
				<ele>1063.2</ele>
				<time>2026-09-20T04:33:36.449Z</time>
			</trkpt>
			<trkpt lat="40.66383" lon="-0.54041">
				<ele>1063.2</ele>
				<time>2026-09-20T04:33:37.125Z</time>
			</trkpt>
			<trkpt lat="40.66374" lon="-0.5404">
				<ele>1063.28</ele>
				<time>2026-09-20T04:33:37.783Z</time>
			</trkpt>
			<trkpt lat="40.66348" lon="-0.54034">
				<ele>1064.04</ele>
				<time>2026-09-20T04:33:39.711Z</time>
			</trkpt>
			<trkpt lat="40.6634" lon="-0.54036">
				<ele>1063.73</ele>
				<time>2026-09-20T04:33:40.307Z</time>
			</trkpt>
			<trkpt lat="40.66334" lon="-0.5404">
				<ele>1062.83</ele>
				<time>2026-09-20T04:33:40.800Z</time>
			</trkpt>
			<trkpt lat="40.66328" lon="-0.54048">
				<ele>1061.25</ele>
				<time>2026-09-20T04:33:41.426Z</time>
			</trkpt>
			<trkpt lat="40.66324" lon="-0.54059">
				<ele>1059.47</ele>
				<time>2026-09-20T04:33:42.105Z</time>
			</trkpt>
			<trkpt lat="40.66321" lon="-0.54071">
				<ele>1058.71</ele>
				<time>2026-09-20T04:33:42.809Z</time>
			</trkpt>
			<trkpt lat="40.66321" lon="-0.54081">
				<ele>1058.18</ele>
				<time>2026-09-20T04:33:43.367Z</time>
			</trkpt>
			<trkpt lat="40.66322" lon="-0.5409">
				<ele>1057.79</ele>
				<time>2026-09-20T04:33:43.875Z</time>
			</trkpt>
			<trkpt lat="40.66345" lon="-0.54129">
				<ele>1054.32</ele>
				<time>2026-09-20T04:33:46.642Z</time>
			</trkpt>
			<trkpt lat="40.66349" lon="-0.5414">
				<ele>1053.14</ele>
				<time>2026-09-20T04:33:47.327Z</time>
			</trkpt>
			<trkpt lat="40.6635" lon="-0.54149">
				<ele>1051.42</ele>
				<time>2026-09-20T04:33:47.838Z</time>
			</trkpt>
			<trkpt lat="40.66348" lon="-0.54158">
				<ele>1050.04</ele>
				<time>2026-09-20T04:33:48.366Z</time>
			</trkpt>
			<trkpt lat="40.6634" lon="-0.54169">
				<ele>1048.92</ele>
				<time>2026-09-20T04:33:49.224Z</time>
			</trkpt>
			<trkpt lat="40.66333" lon="-0.54172">
				<ele>1048.88</ele>
				<time>2026-09-20T04:33:49.771Z</time>
			</trkpt>
			<trkpt lat="40.6626" lon="-0.54189">
				<ele>1043.14</ele>
				<time>2026-09-20T04:33:55.308Z</time>
			</trkpt>
			<trkpt lat="40.6625" lon="-0.54189">
				<ele>1041.45</ele>
				<time>2026-09-20T04:33:56.059Z</time>
			</trkpt>
			<trkpt lat="40.6624" lon="-0.54182">
				<ele>1041.66</ele>
				<time>2026-09-20T04:33:56.910Z</time>
			</trkpt>
			<trkpt lat="40.66236" lon="-0.54176">
				<ele>1042.36</ele>
				<time>2026-09-20T04:33:57.366Z</time>
			</trkpt>
			<trkpt lat="40.6623" lon="-0.54156">
				<ele>1043.9</ele>
				<time>2026-09-20T04:33:58.595Z</time>
			</trkpt>
			<trkpt lat="40.66224" lon="-0.54147">
				<ele>1043.21</ele>
				<time>2026-09-20T04:33:59.280Z</time>
			</trkpt>
			<trkpt lat="40.66214" lon="-0.54145">
				<ele>1043.84</ele>
				<time>2026-09-20T04:34:00.045Z</time>
			</trkpt>
			<trkpt lat="40.66208" lon="-0.54148">
				<ele>1044.46</ele>
				<time>2026-09-20T04:34:00.530Z</time>
			</trkpt>
			<trkpt lat="40.66202" lon="-0.54156">
				<ele>1044.8</ele>
				<time>2026-09-20T04:34:01.176Z</time>
			</trkpt>
			<trkpt lat="40.66196" lon="-0.54167">
				<ele>1044.76</ele>
				<time>2026-09-20T04:34:01.954Z</time>
			</trkpt>
			<trkpt lat="40.66192" lon="-0.5418">
				<ele>1043.73</ele>
				<time>2026-09-20T04:34:02.762Z</time>
			</trkpt>
			<trkpt lat="40.66189" lon="-0.54202">
				<ele>1041.34</ele>
				<time>2026-09-20T04:34:04.050Z</time>
			</trkpt>
			<trkpt lat="40.6619" lon="-0.54276">
				<ele>1035.7</ele>
				<time>2026-09-20T04:34:08.334Z</time>
			</trkpt>
			<trkpt lat="40.66192" lon="-0.54293">
				<ele>1034.25</ele>
				<time>2026-09-20T04:34:09.334Z</time>
			</trkpt>
			<trkpt lat="40.66196" lon="-0.54315">
				<ele>1031.69</ele>
				<time>2026-09-20T04:34:10.652Z</time>
			</trkpt>
			<trkpt lat="40.66216" lon="-0.54364">
				<ele>1028.14</ele>
				<time>2026-09-20T04:34:13.903Z</time>
			</trkpt>
			<trkpt lat="40.66226" lon="-0.54381">
				<ele>1027.66</ele>
				<time>2026-09-20T04:34:15.165Z</time>
			</trkpt>
			<trkpt lat="40.66254" lon="-0.54419">
				<ele>1020.74</ele>
				<time>2026-09-20T04:34:18.281Z</time>
			</trkpt>
			<trkpt lat="40.66259" lon="-0.54436">
				<ele>1017.89</ele>
				<time>2026-09-20T04:34:19.358Z</time>
			</trkpt>
			<trkpt lat="40.66256" lon="-0.54454">
				<ele>1016.28</ele>
				<time>2026-09-20T04:34:20.447Z</time>
			</trkpt>
			<trkpt lat="40.66252" lon="-0.54463">
				<ele>1016.51</ele>
				<time>2026-09-20T04:34:21.065Z</time>
			</trkpt>
			<trkpt lat="40.66193" lon="-0.5454">
				<ele>1009.82</ele>
				<time>2026-09-20T04:34:27.578Z</time>
			</trkpt>
			<trkpt lat="40.6617" lon="-0.54557">
				<ele>1010.42</ele>
				<time>2026-09-20T04:34:29.660Z</time>
			</trkpt>
			<trkpt lat="40.66128" lon="-0.54577">
				<ele>1011.77</ele>
				<time>2026-09-20T04:34:33.201Z</time>
			</trkpt>
			<trkpt lat="40.6611" lon="-0.54602">
				<ele>1006.98</ele>
				<time>2026-09-20T04:34:35.282Z</time>
			</trkpt>
			<trkpt lat="40.66049" lon="-0.54636">
				<ele>996.61</ele>
				<time>2026-09-20T04:34:40.584Z</time>
			</trkpt>
			<trkpt lat="40.6604" lon="-0.54637">
				<ele>996.75</ele>
				<time>2026-09-20T04:34:41.310Z</time>
			</trkpt>
			<trkpt lat="40.66028" lon="-0.54632">
				<ele>998.56</ele>
				<time>2026-09-20T04:34:42.323Z</time>
			</trkpt>
			<trkpt lat="40.66001" lon="-0.54602">
				<ele>1007.33</ele>
				<time>2026-09-20T04:34:45.174Z</time>
			</trkpt>
			<trkpt lat="40.65989" lon="-0.54595">
				<ele>1008.06</ele>
				<time>2026-09-20T04:34:46.236Z</time>
			</trkpt>
			<trkpt lat="40.6598" lon="-0.54595">
				<ele>1007.09</ele>
				<time>2026-09-20T04:34:46.966Z</time>
			</trkpt>
			<trkpt lat="40.65962" lon="-0.54604">
				<ele>1003.84</ele>
				<time>2026-09-20T04:34:48.529Z</time>
			</trkpt>
			<trkpt lat="40.65949" lon="-0.54617">
				<ele>1001.76</ele>
				<time>2026-09-20T04:34:49.856Z</time>
			</trkpt>
			<trkpt lat="40.65944" lon="-0.5463">
				<ele>1001.37</ele>
				<time>2026-09-20T04:34:50.758Z</time>
			</trkpt>
			<trkpt lat="40.65945" lon="-0.54637">
				<ele>1001.05</ele>
				<time>2026-09-20T04:34:51.198Z</time>
			</trkpt>
			<trkpt lat="40.65949" lon="-0.54645">
				<ele>1001.12</ele>
				<time>2026-09-20T04:34:51.792Z</time>
			</trkpt>
			<trkpt lat="40.65958" lon="-0.54654">
				<ele>1001.02</ele>
				<time>2026-09-20T04:34:52.715Z</time>
			</trkpt>
			<trkpt lat="40.65981" lon="-0.54654">
				<ele>999.65</ele>
				<time>2026-09-20T04:34:54.598Z</time>
			</trkpt>
			<trkpt lat="40.6599" lon="-0.54659">
				<ele>999.35</ele>
				<time>2026-09-20T04:34:55.399Z</time>
			</trkpt>
			<trkpt lat="40.65997" lon="-0.54672">
				<ele>999.34</ele>
				<time>2026-09-20T04:34:56.393Z</time>
			</trkpt>
			<trkpt lat="40.66006" lon="-0.54695">
				<ele>998.25</ele>
				<time>2026-09-20T04:34:58.008Z</time>
			</trkpt>
			<trkpt lat="40.66016" lon="-0.54704">
				<ele>996.88</ele>
				<time>2026-09-20T04:34:59.007Z</time>
			</trkpt>
			<trkpt lat="40.66053" lon="-0.5472">
				<ele>990.09</ele>
				<time>2026-09-20T04:35:02.227Z</time>
			</trkpt>
			<trkpt lat="40.6611" lon="-0.54738">
				<ele>983.77</ele>
				<time>2026-09-20T04:35:07.101Z</time>
			</trkpt>
			<trkpt lat="40.6613" lon="-0.54751">
				<ele>979.42</ele>
				<time>2026-09-20T04:35:08.964Z</time>
			</trkpt>
			<trkpt lat="40.66137" lon="-0.54759">
				<ele>979.11</ele>
				<time>2026-09-20T04:35:09.739Z</time>
			</trkpt>
			<trkpt lat="40.6614" lon="-0.54767">
				<ele>979.15</ele>
				<time>2026-09-20T04:35:10.306Z</time>
			</trkpt>
			<trkpt lat="40.66146" lon="-0.54793">
				<ele>981.1</ele>
				<time>2026-09-20T04:35:12.036Z</time>
			</trkpt>
			<trkpt lat="40.6615" lon="-0.54804">
				<ele>980.91</ele>
				<time>2026-09-20T04:35:12.814Z</time>
			</trkpt>
			<trkpt lat="40.66161" lon="-0.54816">
				<ele>978.44</ele>
				<time>2026-09-20T04:35:14.016Z</time>
			</trkpt>
			<trkpt lat="40.66173" lon="-0.54825">
				<ele>974.93</ele>
				<time>2026-09-20T04:35:15.180Z</time>
			</trkpt>
			<trkpt lat="40.66186" lon="-0.54832">
				<ele>972.34</ele>
				<time>2026-09-20T04:35:16.366Z</time>
			</trkpt>
			<trkpt lat="40.66196" lon="-0.54843">
				<ele>970.79</ele>
				<time>2026-09-20T04:35:17.467Z</time>
			</trkpt>
			<trkpt lat="40.66214" lon="-0.54893">
				<ele>974.52</ele>
				<time>2026-09-20T04:35:21.029Z</time>
			</trkpt>
			<trkpt lat="40.66227" lon="-0.54915">
				<ele>972.76</ele>
				<time>2026-09-20T04:35:22.830Z</time>
			</trkpt>
			<trkpt lat="40.66257" lon="-0.54951">
				<ele>964.72</ele>
				<time>2026-09-20T04:35:26.297Z</time>
			</trkpt>
			<trkpt lat="40.66297" lon="-0.55013">
				<ele>953.26</ele>
				<time>2026-09-20T04:35:31.604Z</time>
			</trkpt>
			<trkpt lat="40.66302" lon="-0.55025">
				<ele>950.88</ele>
				<time>2026-09-20T04:35:32.500Z</time>
			</trkpt>
			<trkpt lat="40.66305" lon="-0.55041">
				<ele>946.97</ele>
				<time>2026-09-20T04:35:33.581Z</time>
			</trkpt>
			<trkpt lat="40.66305" lon="-0.55072">
				<ele>946.22</ele>
				<time>2026-09-20T04:35:35.617Z</time>
			</trkpt>
			<trkpt lat="40.66308" lon="-0.55126">
				<ele>945.83</ele>
				<time>2026-09-20T04:35:39.187Z</time>
			</trkpt>
			<trkpt lat="40.66307" lon="-0.55134">
				<ele>944.62</ele>
				<time>2026-09-20T04:35:39.723Z</time>
			</trkpt>
			<trkpt lat="40.66296" lon="-0.55158">
				<ele>941.99</ele>
				<time>2026-09-20T04:35:41.580Z</time>
			</trkpt>
			<trkpt lat="40.6629" lon="-0.55164">
				<ele>942.14</ele>
				<time>2026-09-20T04:35:42.239Z</time>
			</trkpt>
			<trkpt lat="40.66226" lon="-0.55206">
				<ele>952.84</ele>
				<time>2026-09-20T04:35:48.518Z</time>
			</trkpt>
			<trkpt lat="40.66217" lon="-0.5521">
				<ele>955.58</ele>
				<time>2026-09-20T04:35:49.356Z</time>
			</trkpt>
			<trkpt lat="40.66189" lon="-0.5521">
				<ele>967.28</ele>
				<time>2026-09-20T04:35:51.832Z</time>
			</trkpt>
			<trkpt lat="40.66182" lon="-0.55213">
				<ele>968.62</ele>
				<time>2026-09-20T04:35:52.484Z</time>
			</trkpt>
			<trkpt lat="40.66176" lon="-0.55218">
				<ele>968.55</ele>
				<time>2026-09-20T04:35:53.114Z</time>
			</trkpt>
			<trkpt lat="40.66163" lon="-0.55241">
				<ele>964.11</ele>
				<time>2026-09-20T04:35:55.046Z</time>
			</trkpt>
			<trkpt lat="40.66151" lon="-0.5528">
				<ele>951.39</ele>
				<time>2026-09-20T04:35:57.891Z</time>
			</trkpt>
			<trkpt lat="40.66145" lon="-0.55291">
				<ele>946.61</ele>
				<time>2026-09-20T04:35:58.808Z</time>
			</trkpt>
			<trkpt lat="40.66135" lon="-0.55301">
				<ele>942.85</ele>
				<time>2026-09-20T04:35:59.931Z</time>
			</trkpt>
			<trkpt lat="40.66118" lon="-0.55313">
				<ele>936.21</ele>
				<time>2026-09-20T04:36:01.658Z</time>
			</trkpt>
			<trkpt lat="40.661" lon="-0.55321">
				<ele>935.42</ele>
				<time>2026-09-20T04:36:03.364Z</time>
			</trkpt>
			<trkpt lat="40.66067" lon="-0.55315">
				<ele>944.05</ele>
				<time>2026-09-20T04:36:06.363Z</time>
			</trkpt>
			<trkpt lat="40.66058" lon="-0.55315">
				<ele>945.99</ele>
				<time>2026-09-20T04:36:07.176Z</time>
			</trkpt>
			<trkpt lat="40.66044" lon="-0.55319">
				<ele>947.6</ele>
				<time>2026-09-20T04:36:08.470Z</time>
			</trkpt>
			<trkpt lat="40.66031" lon="-0.55326">
				<ele>947.64</ele>
				<time>2026-09-20T04:36:09.741Z</time>
			</trkpt>
			<trkpt lat="40.66024" lon="-0.55333">
				<ele>946.6</ele>
				<time>2026-09-20T04:36:10.538Z</time>
			</trkpt>
			<trkpt lat="40.6602" lon="-0.5534">
				<ele>945.74</ele>
				<time>2026-09-20T04:36:11.141Z</time>
			</trkpt>
			<trkpt lat="40.66017" lon="-0.55352">
				<ele>943.72</ele>
				<time>2026-09-20T04:36:12.011Z</time>
			</trkpt>
			<trkpt lat="40.66021" lon="-0.55365">
				<ele>940.62</ele>
				<time>2026-09-20T04:36:12.979Z</time>
			</trkpt>
			<trkpt lat="40.6605" lon="-0.55386">
				<ele>931.86</ele>
				<time>2026-09-20T04:36:15.994Z</time>
			</trkpt>
			<trkpt lat="40.66057" lon="-0.55393">
				<ele>930.53</ele>
				<time>2026-09-20T04:36:16.796Z</time>
			</trkpt>
			<trkpt lat="40.6607" lon="-0.55413">
				<ele>931.12</ele>
				<time>2026-09-20T04:36:18.624Z</time>
			</trkpt>
			<trkpt lat="40.66074" lon="-0.55418">
				<ele>930.23</ele>
				<time>2026-09-20T04:36:19.130Z</time>
			</trkpt>
			<trkpt lat="40.66123" lon="-0.55428">
				<ele>923.61</ele>
				<time>2026-09-20T04:36:23.687Z</time>
			</trkpt>
			<trkpt lat="40.66141" lon="-0.55433">
				<ele>922.25</ele>
				<time>2026-09-20T04:36:25.384Z</time>
			</trkpt>
			<trkpt lat="40.66148" lon="-0.55437">
				<ele>921.56</ele>
				<time>2026-09-20T04:36:26.089Z</time>
			</trkpt>
			<trkpt lat="40.66154" lon="-0.55444">
				<ele>921.79</ele>
				<time>2026-09-20T04:36:26.830Z</time>
			</trkpt>
			<trkpt lat="40.66164" lon="-0.55465">
				<ele>922.41</ele>
				<time>2026-09-20T04:36:28.572Z</time>
			</trkpt>
			<trkpt lat="40.6619" lon="-0.55496">
				<ele>915.17</ele>
				<time>2026-09-20T04:36:31.828Z</time>
			</trkpt>
			<trkpt lat="40.66196" lon="-0.55516">
				<ele>915.13</ele>
				<time>2026-09-20T04:36:33.348Z</time>
			</trkpt>
			<trkpt lat="40.66199" lon="-0.55549">
				<ele>918.42</ele>
				<time>2026-09-20T04:36:35.702Z</time>
			</trkpt>
			<trkpt lat="40.66207" lon="-0.55568">
				<ele>919.21</ele>
				<time>2026-09-20T04:36:37.245Z</time>
			</trkpt>
			<trkpt lat="40.66212" lon="-0.55574">
				<ele>918.78</ele>
				<time>2026-09-20T04:36:37.879Z</time>
			</trkpt>
			<trkpt lat="40.66217" lon="-0.55579">
				<ele>917.76</ele>
				<time>2026-09-20T04:36:38.467Z</time>
			</trkpt>
			<trkpt lat="40.66228" lon="-0.55583">
				<ele>916.02</ele>
				<time>2026-09-20T04:36:39.539Z</time>
			</trkpt>
			<trkpt lat="40.66281" lon="-0.556">
				<ele>907.99</ele>
				<time>2026-09-20T04:36:44.678Z</time>
			</trkpt>
			<trkpt lat="40.66293" lon="-0.55611">
				<ele>905.7</ele>
				<time>2026-09-20T04:36:46.061Z</time>
			</trkpt>
			<trkpt lat="40.66298" lon="-0.55621">
				<ele>904.2</ele>
				<time>2026-09-20T04:36:46.921Z</time>
			</trkpt>
			<trkpt lat="40.66303" lon="-0.55635">
				<ele>902.78</ele>
				<time>2026-09-20T04:36:48.034Z</time>
			</trkpt>
			<trkpt lat="40.66304" lon="-0.55644">
				<ele>901.95</ele>
				<time>2026-09-20T04:36:48.689Z</time>
			</trkpt>
			<trkpt lat="40.66301" lon="-0.55662">
				<ele>901.85</ele>
				<time>2026-09-20T04:36:50.018Z</time>
			</trkpt>
			<trkpt lat="40.66285" lon="-0.55705">
				<ele>900.04</ele>
				<time>2026-09-20T04:36:53.480Z</time>
			</trkpt>
			<trkpt lat="40.66261" lon="-0.55748">
				<ele>897.97</ele>
				<time>2026-09-20T04:36:57.356Z</time>
			</trkpt>
			<trkpt lat="40.66251" lon="-0.55763">
				<ele>897</ele>
				<time>2026-09-20T04:36:58.810Z</time>
			</trkpt>
			<trkpt lat="40.66218" lon="-0.55802">
				<ele>898.59</ele>
				<time>2026-09-20T04:37:03.079Z</time>
			</trkpt>
			<trkpt lat="40.6621" lon="-0.55817">
				<ele>897.2</ele>
				<time>2026-09-20T04:37:04.423Z</time>
			</trkpt>
			<trkpt lat="40.66205" lon="-0.55834">
				<ele>895.2</ele>
				<time>2026-09-20T04:37:05.761Z</time>
			</trkpt>
			<trkpt lat="40.66204" lon="-0.55848">
				<ele>893.78</ele>
				<time>2026-09-20T04:37:06.795Z</time>
			</trkpt>
			<trkpt lat="40.66205" lon="-0.55866">
				<ele>890.76</ele>
				<time>2026-09-20T04:37:08.123Z</time>
			</trkpt>
			<trkpt lat="40.6621" lon="-0.55914">
				<ele>886.19</ele>
				<time>2026-09-20T04:37:11.700Z</time>
			</trkpt>
			<trkpt lat="40.66219" lon="-0.5593">
				<ele>884.4</ele>
				<time>2026-09-20T04:37:13.174Z</time>
			</trkpt>
			<trkpt lat="40.66233" lon="-0.55941">
				<ele>879.92</ele>
				<time>2026-09-20T04:37:14.767Z</time>
			</trkpt>
			<trkpt lat="40.66239" lon="-0.55951">
				<ele>878.9</ele>
				<time>2026-09-20T04:37:15.714Z</time>
			</trkpt>
			<trkpt lat="40.66244" lon="-0.55965">
				<ele>879.93</ele>
				<time>2026-09-20T04:37:16.865Z</time>
			</trkpt>
			<trkpt lat="40.66245" lon="-0.55989">
				<ele>883.72</ele>
				<time>2026-09-20T04:37:18.655Z</time>
			</trkpt>
			<trkpt lat="40.66248" lon="-0.56008">
				<ele>885.06</ele>
				<time>2026-09-20T04:37:20.102Z</time>
			</trkpt>
			<trkpt lat="40.66258" lon="-0.56032">
				<ele>883.85</ele>
				<time>2026-09-20T04:37:22.149Z</time>
			</trkpt>
			<trkpt lat="40.66271" lon="-0.56055">
				<ele>880.8</ele>
				<time>2026-09-20T04:37:24.298Z</time>
			</trkpt>
			<trkpt lat="40.6628" lon="-0.56084">
				<ele>880.52</ele>
				<time>2026-09-20T04:37:26.652Z</time>
			</trkpt>
			<trkpt lat="40.66287" lon="-0.56118">
				<ele>880.4</ele>
				<time>2026-09-20T04:37:29.305Z</time>
			</trkpt>
			<trkpt lat="40.66294" lon="-0.56165">
				<ele>880.95</ele>
				<time>2026-09-20T04:37:32.925Z</time>
			</trkpt>
			<trkpt lat="40.66298" lon="-0.56182">
				<ele>879.76</ele>
				<time>2026-09-20T04:37:34.274Z</time>
			</trkpt>
			<trkpt lat="40.66309" lon="-0.56193">
				<ele>877.14</ele>
				<time>2026-09-20T04:37:35.656Z</time>
			</trkpt>
			<trkpt lat="40.66317" lon="-0.56195">
				<ele>875.4</ele>
				<time>2026-09-20T04:37:36.472Z</time>
			</trkpt>
			<trkpt lat="40.6635" lon="-0.5619">
				<ele>873.12</ele>
				<time>2026-09-20T04:37:39.807Z</time>
			</trkpt>
			<trkpt lat="40.66357" lon="-0.56187">
				<ele>873.71</ele>
				<time>2026-09-20T04:37:40.547Z</time>
			</trkpt>
			<trkpt lat="40.6636" lon="-0.56183">
				<ele>873.94</ele>
				<time>2026-09-20T04:37:40.977Z</time>
			</trkpt>
			<trkpt lat="40.66356" lon="-0.56128">
				<ele>873.45</ele>
				<time>2026-09-20T04:37:45.208Z</time>
			</trkpt>
			<trkpt lat="40.66355" lon="-0.5605">
				<ele>873.93</ele>
				<time>2026-09-20T04:37:51.214Z</time>
			</trkpt>
			<trkpt lat="40.66348" lon="-0.55982">
				<ele>872.09</ele>
				<time>2026-09-20T04:37:56.530Z</time>
			</trkpt>
			<trkpt lat="40.66348" lon="-0.55957">
				<ele>869.28</ele>
				<time>2026-09-20T04:37:58.474Z</time>
			</trkpt>
			<trkpt lat="40.66355" lon="-0.55941">
				<ele>868.33</ele>
				<time>2026-09-20T04:37:59.913Z</time>
			</trkpt>
			<trkpt lat="40.66385" lon="-0.5592">
				<ele>869.17</ele>
				<time>2026-09-20T04:38:03.410Z</time>
			</trkpt>
			<trkpt lat="40.66402" lon="-0.55903">
				<ele>868.72</ele>
				<time>2026-09-20T04:38:05.614Z</time>
			</trkpt>
			<trkpt lat="40.66418" lon="-0.55881">
				<ele>867.57</ele>
				<time>2026-09-20T04:38:08.007Z</time>
			</trkpt>
			<trkpt lat="40.66434" lon="-0.55857">
				<ele>870.27</ele>
				<time>2026-09-20T04:38:10.522Z</time>
			</trkpt>
			<trkpt lat="40.66448" lon="-0.5583">
				<ele>872.18</ele>
				<time>2026-09-20T04:38:13.104Z</time>
			</trkpt>
			<trkpt lat="40.66471" lon="-0.55776">
				<ele>869.07</ele>
				<time>2026-09-20T04:38:18.011Z</time>
			</trkpt>
			<trkpt lat="40.66486" lon="-0.55754">
				<ele>864.77</ele>
				<time>2026-09-20T04:38:20.364Z</time>
			</trkpt>
			<trkpt lat="40.66502" lon="-0.55736">
				<ele>862.59</ele>
				<time>2026-09-20T04:38:22.575Z</time>
			</trkpt>
			<trkpt lat="40.6652" lon="-0.55729">
				<ele>862.09</ele>
				<time>2026-09-20T04:38:24.551Z</time>
			</trkpt>
			<trkpt lat="40.66538" lon="-0.5573">
				<ele>864.42</ele>
				<time>2026-09-20T04:38:26.453Z</time>
			</trkpt>
			<trkpt lat="40.66553" lon="-0.55729">
				<ele>865.9</ele>
				<time>2026-09-20T04:38:28.040Z</time>
			</trkpt>
			<trkpt lat="40.66566" lon="-0.55717">
				<ele>866.98</ele>
				<time>2026-09-20T04:38:29.721Z</time>
			</trkpt>
			<trkpt lat="40.66572" lon="-0.55697">
				<ele>867.46</ele>
				<time>2026-09-20T04:38:31.451Z</time>
			</trkpt>
			<trkpt lat="40.66574" lon="-0.55627">
				<ele>873.94</ele>
				<time>2026-09-20T04:38:37.109Z</time>
			</trkpt>
			<trkpt lat="40.66572" lon="-0.55602">
				<ele>877.5</ele>
				<time>2026-09-20T04:38:39.147Z</time>
			</trkpt>
			<trkpt lat="40.66563" lon="-0.5558">
				<ele>877.86</ele>
				<time>2026-09-20T04:38:41.178Z</time>
			</trkpt>
			<trkpt lat="40.66551" lon="-0.55562">
				<ele>874.2</ele>
				<time>2026-09-20T04:38:43.128Z</time>
			</trkpt>
			<trkpt lat="40.66545" lon="-0.55542">
				<ele>870.25</ele>
				<time>2026-09-20T04:38:44.882Z</time>
			</trkpt>
			<trkpt lat="40.66548" lon="-0.55519">
				<ele>868.65</ele>
				<time>2026-09-20T04:38:46.789Z</time>
			</trkpt>
			<trkpt lat="40.66554" lon="-0.55495">
				<ele>868.04</ele>
				<time>2026-09-20T04:38:48.858Z</time>
			</trkpt>
			<trkpt lat="40.66577" lon="-0.55424">
				<ele>870.83</ele>
				<time>2026-09-20T04:38:55.204Z</time>
			</trkpt>
			<trkpt lat="40.66582" lon="-0.554">
				<ele>873.26</ele>
				<time>2026-09-20T04:38:57.258Z</time>
			</trkpt>
			<trkpt lat="40.66579" lon="-0.55378">
				<ele>874.88</ele>
				<time>2026-09-20T04:38:59.106Z</time>
			</trkpt>
			<trkpt lat="40.6656" lon="-0.55332">
				<ele>872.21</ele>
				<time>2026-09-20T04:39:03.451Z</time>
			</trkpt>
			<trkpt lat="40.66537" lon="-0.55258">
				<ele>868.45</ele>
				<time>2026-09-20T04:39:10.119Z</time>
			</trkpt>
			<trkpt lat="40.66533" lon="-0.55231">
				<ele>867.31</ele>
				<time>2026-09-20T04:39:12.423Z</time>
			</trkpt>
			<trkpt lat="40.66535" lon="-0.55179">
				<ele>867.08</ele>
				<time>2026-09-20T04:39:16.798Z</time>
			</trkpt>
			<trkpt lat="40.66541" lon="-0.55154">
				<ele>866.9</ele>
				<time>2026-09-20T04:39:19.008Z</time>
			</trkpt>
			<trkpt lat="40.66553" lon="-0.55133">
				<ele>867.14</ele>
				<time>2026-09-20T04:39:21.228Z</time>
			</trkpt>
			<trkpt lat="40.66569" lon="-0.55119">
				<ele>868.36</ele>
				<time>2026-09-20T04:39:23.371Z</time>
			</trkpt>
			<trkpt lat="40.66633" lon="-0.55088">
				<ele>875.43</ele>
				<time>2026-09-20T04:39:31.013Z</time>
			</trkpt>
			<trkpt lat="40.66654" lon="-0.55073">
				<ele>877.4</ele>
				<time>2026-09-20T04:39:33.703Z</time>
			</trkpt>
			<trkpt lat="40.66672" lon="-0.55056">
				<ele>879.26</ele>
				<time>2026-09-20T04:39:36.203Z</time>
			</trkpt>
			<trkpt lat="40.66686" lon="-0.55038">
				<ele>878.69</ele>
				<time>2026-09-20T04:39:38.416Z</time>
			</trkpt>
			<trkpt lat="40.66689" lon="-0.55013">
				<ele>872.28</ele>
				<time>2026-09-20T04:39:40.592Z</time>
			</trkpt>
			<trkpt lat="40.66695" lon="-0.54978">
				<ele>867.67</ele>
				<time>2026-09-20T04:39:43.686Z</time>
			</trkpt>
			<trkpt lat="40.66732" lon="-0.54827">
				<ele>863.94</ele>
				<time>2026-09-20T04:39:57.471Z</time>
			</trkpt>
			<trkpt lat="40.66733" lon="-0.54806">
				<ele>863.32</ele>
				<time>2026-09-20T04:39:59.312Z</time>
			</trkpt>
			<trkpt lat="40.66731" lon="-0.54759">
				<ele>865.5</ele>
				<time>2026-09-20T04:40:03.442Z</time>
			</trkpt>
			<trkpt lat="40.66725" lon="-0.54694">
				<ele>860.07</ele>
				<time>2026-09-20T04:40:09.212Z</time>
			</trkpt>
			<trkpt lat="40.66722" lon="-0.54653">
				<ele>858.5</ele>
				<time>2026-09-20T04:40:12.857Z</time>
			</trkpt>
			<trkpt lat="40.66719" lon="-0.54636">
				<ele>855.82</ele>
				<time>2026-09-20T04:40:14.405Z</time>
			</trkpt>
			<trkpt lat="40.6672" lon="-0.54626">
				<ele>855.03</ele>
				<time>2026-09-20T04:40:15.300Z</time>
			</trkpt>
			<trkpt lat="40.66722" lon="-0.54618">
				<ele>854.84</ele>
				<time>2026-09-20T04:40:16.049Z</time>
			</trkpt>
			<trkpt lat="40.66726" lon="-0.54614">
				<ele>855.49</ele>
				<time>2026-09-20T04:40:16.637Z</time>
			</trkpt>
			<trkpt lat="40.66771" lon="-0.546">
				<ele>864.5</ele>
				<time>2026-09-20T04:40:22.071Z</time>
			</trkpt>
			<trkpt lat="40.66791" lon="-0.54591">
				<ele>868.08</ele>
				<time>2026-09-20T04:40:24.563Z</time>
			</trkpt>
			<trkpt lat="40.66821" lon="-0.54572">
				<ele>867.67</ele>
				<time>2026-09-20T04:40:28.499Z</time>
			</trkpt>
			<trkpt lat="40.66849" lon="-0.54575">
				<ele>877.35</ele>
				<time>2026-09-20T04:40:31.832Z</time>
			</trkpt>
			<trkpt lat="40.66863" lon="-0.54569">
				<ele>873.73</ele>
				<time>2026-09-20T04:40:33.582Z</time>
			</trkpt>
			<trkpt lat="40.66917" lon="-0.54537">
				<ele>866.87</ele>
				<time>2026-09-20T04:40:40.649Z</time>
			</trkpt>
			<trkpt lat="40.66959" lon="-0.54521">
				<ele>869.55</ele>
				<time>2026-09-20T04:40:45.894Z</time>
			</trkpt>
			<trkpt lat="40.66991" lon="-0.54516">
				<ele>872.5</ele>
				<time>2026-09-20T04:40:49.776Z</time>
			</trkpt>
			<trkpt lat="40.67026" lon="-0.54517">
				<ele>876.77</ele>
				<time>2026-09-20T04:40:54.007Z</time>
			</trkpt>
			<trkpt lat="40.67045" lon="-0.54524">
				<ele>878.83</ele>
				<time>2026-09-20T04:40:56.398Z</time>
			</trkpt>
			<trkpt lat="40.67124" lon="-0.5457">
				<ele>878.5</ele>
				<time>2026-09-20T04:41:06.923Z</time>
			</trkpt>
			<trkpt lat="40.67134" lon="-0.54583">
				<ele>878.76</ele>
				<time>2026-09-20T04:41:08.643Z</time>
			</trkpt>
			<trkpt lat="40.6714" lon="-0.54599">
				<ele>881.53</ele>
				<time>2026-09-20T04:41:10.303Z</time>
			</trkpt>
			<trkpt lat="40.6714" lon="-0.54611">
				<ele>884.69</ele>
				<time>2026-09-20T04:41:11.421Z</time>
			</trkpt>
			<trkpt lat="40.67133" lon="-0.54627">
				<ele>889.23</ele>
				<time>2026-09-20T04:41:13.144Z</time>
			</trkpt>
			<trkpt lat="40.67117" lon="-0.54635">
				<ele>895.54</ele>
				<time>2026-09-20T04:41:15.251Z</time>
			</trkpt>
			<trkpt lat="40.67111" lon="-0.54633">
				<ele>896.85</ele>
				<time>2026-09-20T04:41:16.014Z</time>
			</trkpt>
			<trkpt lat="40.67104" lon="-0.54627">
				<ele>897.55</ele>
				<time>2026-09-20T04:41:17.044Z</time>
			</trkpt>
			<trkpt lat="40.67089" lon="-0.54604">
				<ele>894.96</ele>
				<time>2026-09-20T04:41:19.887Z</time>
			</trkpt>
			<trkpt lat="40.67063" lon="-0.54585">
				<ele>896.18</ele>
				<time>2026-09-20T04:41:23.570Z</time>
			</trkpt>
			<trkpt lat="40.67048" lon="-0.54566">
				<ele>893.55</ele>
				<time>2026-09-20T04:41:26.154Z</time>
			</trkpt>
			<trkpt lat="40.67027" lon="-0.54548">
				<ele>892.94</ele>
				<time>2026-09-20T04:41:29.273Z</time>
			</trkpt>
			<trkpt lat="40.67018" lon="-0.54547">
				<ele>892.64</ele>
				<time>2026-09-20T04:41:30.399Z</time>
			</trkpt>
			<trkpt lat="40.67009" lon="-0.54551">
				<ele>895.75</ele>
				<time>2026-09-20T04:41:31.585Z</time>
			</trkpt>
			<trkpt lat="40.67003" lon="-0.54556">
				<ele>899.44</ele>
				<time>2026-09-20T04:41:32.472Z</time>
			</trkpt>
			<trkpt lat="40.66999" lon="-0.54562">
				<ele>901.71</ele>
				<time>2026-09-20T04:41:33.230Z</time>
			</trkpt>
			<trkpt lat="40.66998" lon="-0.54569">
				<ele>903.72</ele>
				<time>2026-09-20T04:41:33.906Z</time>
			</trkpt>
			<trkpt lat="40.67" lon="-0.54577">
				<ele>906.05</ele>
				<time>2026-09-20T04:41:34.705Z</time>
			</trkpt>
			<trkpt lat="40.67003" lon="-0.54584">
				<ele>907.49</ele>
				<time>2026-09-20T04:41:35.469Z</time>
			</trkpt>
			<trkpt lat="40.67011" lon="-0.54587">
				<ele>907.92</ele>
				<time>2026-09-20T04:41:36.512Z</time>
			</trkpt>
			<trkpt lat="40.67036" lon="-0.54589">
				<ele>905</ele>
				<time>2026-09-20T04:41:39.656Z</time>
			</trkpt>
			<trkpt lat="40.67051" lon="-0.54602">
				<ele>907.68</ele>
				<time>2026-09-20T04:41:41.915Z</time>
			</trkpt>
			<trkpt lat="40.67066" lon="-0.54621">
				<ele>910.08</ele>
				<time>2026-09-20T04:41:44.538Z</time>
			</trkpt>
			<trkpt lat="40.67074" lon="-0.54644">
				<ele>914.27</ele>
				<time>2026-09-20T04:41:46.962Z</time>
			</trkpt>
			<trkpt lat="40.67083" lon="-0.54707">
				<ele>925.39</ele>
				<time>2026-09-20T04:41:53.126Z</time>
			</trkpt>
			<trkpt lat="40.67087" lon="-0.5472">
				<ele>927.62</ele>
				<time>2026-09-20T04:41:54.479Z</time>
			</trkpt>
			<trkpt lat="40.67091" lon="-0.54729">
				<ele>927.49</ele>
				<time>2026-09-20T04:41:55.486Z</time>
			</trkpt>
			<trkpt lat="40.67098" lon="-0.54739">
				<ele>925.67</ele>
				<time>2026-09-20T04:41:56.800Z</time>
			</trkpt>
			<trkpt lat="40.67113" lon="-0.54748">
				<ele>921.92</ele>
				<time>2026-09-20T04:41:58.902Z</time>
			</trkpt>
			<trkpt lat="40.67145" lon="-0.54762">
				<ele>920.07</ele>
				<time>2026-09-20T04:42:03.214Z</time>
			</trkpt>
			<trkpt lat="40.67159" lon="-0.54764">
				<ele>921.8</ele>
				<time>2026-09-20T04:42:05.019Z</time>
			</trkpt>
			<trkpt lat="40.67198" lon="-0.54765">
				<ele>924.57</ele>
				<time>2026-09-20T04:42:10.032Z</time>
			</trkpt>
			<trkpt lat="40.67248" lon="-0.54776">
				<ele>925.91</ele>
				<time>2026-09-20T04:42:16.576Z</time>
			</trkpt>
			<trkpt lat="40.67295" lon="-0.54775">
				<ele>930.47</ele>
				<time>2026-09-20T04:42:22.673Z</time>
			</trkpt>
			<trkpt lat="40.6731" lon="-0.54776">
				<ele>932.53</ele>
				<time>2026-09-20T04:42:24.628Z</time>
			</trkpt>
			<trkpt lat="40.67377" lon="-0.5479">
				<ele>940.18</ele>
				<time>2026-09-20T04:42:33.491Z</time>
			</trkpt>
			<trkpt lat="40.67419" lon="-0.5479">
				<ele>939.55</ele>
				<time>2026-09-20T04:42:39.009Z</time>
			</trkpt>
			<trkpt lat="40.67437" lon="-0.54798">
				<ele>940.78</ele>
				<time>2026-09-20T04:42:41.512Z</time>
			</trkpt>
			<trkpt lat="40.67455" lon="-0.54809">
				<ele>944.53</ele>
				<time>2026-09-20T04:42:44.132Z</time>
			</trkpt>
			<trkpt lat="40.67489" lon="-0.5484">
				<ele>952.08</ele>
				<time>2026-09-20T04:42:49.606Z</time>
			</trkpt>
			<trkpt lat="40.67503" lon="-0.54856">
				<ele>952.83</ele>
				<time>2026-09-20T04:42:52.067Z</time>
			</trkpt>
			<trkpt lat="40.67513" lon="-0.54872">
				<ele>953.14</ele>
				<time>2026-09-20T04:42:54.159Z</time>
			</trkpt>
			<trkpt lat="40.67519" lon="-0.54894">
				<ele>950.89</ele>
				<time>2026-09-20T04:42:56.521Z</time>
			</trkpt>
			<trkpt lat="40.67522" lon="-0.54919">
				<ele>946.2</ele>
				<time>2026-09-20T04:42:59.084Z</time>
			</trkpt>
			<trkpt lat="40.67522" lon="-0.54948">
				<ele>942.93</ele>
				<time>2026-09-20T04:43:02.027Z</time>
			</trkpt>
			<trkpt lat="40.6753" lon="-0.54993">
				<ele>945.21</ele>
				<time>2026-09-20T04:43:06.729Z</time>
			</trkpt>
			<trkpt lat="40.67539" lon="-0.55015">
				<ele>946.53</ele>
				<time>2026-09-20T04:43:09.279Z</time>
			</trkpt>
			<trkpt lat="40.67551" lon="-0.55037">
				<ele>943.2</ele>
				<time>2026-09-20T04:43:12.049Z</time>
			</trkpt>
			<trkpt lat="40.67561" lon="-0.55059">
				<ele>939.32</ele>
				<time>2026-09-20T04:43:14.676Z</time>
			</trkpt>
			<trkpt lat="40.67562" lon="-0.55084">
				<ele>937.93</ele>
				<time>2026-09-20T04:43:17.245Z</time>
			</trkpt>
			<trkpt lat="40.67551" lon="-0.55172">
				<ele>938.74</ele>
				<time>2026-09-20T04:43:26.435Z</time>
			</trkpt>
			<trkpt lat="40.67537" lon="-0.55228">
				<ele>936.18</ele>
				<time>2026-09-20T04:43:32.544Z</time>
			</trkpt>
			<trkpt lat="40.67536" lon="-0.55258">
				<ele>936.78</ele>
				<time>2026-09-20T04:43:35.666Z</time>
			</trkpt>
			<trkpt lat="40.67541" lon="-0.55286">
				<ele>937.78</ele>
				<time>2026-09-20T04:43:38.662Z</time>
			</trkpt>
			<trkpt lat="40.67569" lon="-0.55336">
				<ele>929.58</ele>
				<time>2026-09-20T04:43:45.159Z</time>
			</trkpt>
			<trkpt lat="40.67583" lon="-0.55387">
				<ele>939.81</ele>
				<time>2026-09-20T04:43:50.853Z</time>
			</trkpt>
			<trkpt lat="40.67594" lon="-0.55409">
				<ele>940.7</ele>
				<time>2026-09-20T04:43:53.628Z</time>
			</trkpt>
			<trkpt lat="40.6763" lon="-0.55451">
				<ele>925.96</ele>
				<time>2026-09-20T04:44:00.323Z</time>
			</trkpt>
			<trkpt lat="40.67663" lon="-0.55499">
				<ele>921.39</ele>
				<time>2026-09-20T04:44:07.199Z</time>
			</trkpt>
			<trkpt lat="40.67705" lon="-0.55539">
				<ele>918.02</ele>
				<time>2026-09-20T04:44:14.485Z</time>
			</trkpt>
			<trkpt lat="40.67751" lon="-0.55578">
				<ele>910.07</ele>
				<time>2026-09-20T04:44:22.216Z</time>
			</trkpt>
			<trkpt lat="40.67773" lon="-0.55594">
				<ele>917.82</ele>
				<time>2026-09-20T04:44:25.781Z</time>
			</trkpt>
			<trkpt lat="40.67795" lon="-0.55606">
				<ele>916.28</ele>
				<time>2026-09-20T04:44:29.167Z</time>
			</trkpt>
			<trkpt lat="40.67856" lon="-0.55613">
				<ele>900.42</ele>
				<time>2026-09-20T04:44:37.912Z</time>
			</trkpt>
			<trkpt lat="40.67873" lon="-0.55625">
				<ele>898.21</ele>
				<time>2026-09-20T04:44:40.677Z</time>
			</trkpt>
			<trkpt lat="40.67906" lon="-0.55666">
				<ele>895.55</ele>
				<time>2026-09-20T04:44:47.197Z</time>
			</trkpt>
			<trkpt lat="40.67936" lon="-0.55715">
				<ele>893</ele>
				<time>2026-09-20T04:44:54.096Z</time>
			</trkpt>
			<trkpt lat="40.67965" lon="-0.55749">
				<ele>890.04</ele>
				<time>2026-09-20T04:44:59.725Z</time>
			</trkpt>
			<trkpt lat="40.67974" lon="-0.55755">
				<ele>887.6</ele>
				<time>2026-09-20T04:45:01.191Z</time>
			</trkpt>
			<trkpt lat="40.6797" lon="-0.55761">
				<ele>890.86</ele>
				<time>2026-09-20T04:45:02.073Z</time>
			</trkpt>
			<trkpt lat="40.67994" lon="-0.55805">
				<ele>880.94</ele>
				<time>2026-09-20T04:45:08.067Z</time>
			</trkpt>
			<trkpt lat="40.68003" lon="-0.55826">
				<ele>877.78</ele>
				<time>2026-09-20T04:45:10.742Z</time>
			</trkpt>
			<trkpt lat="40.68017" lon="-0.55898">
				<ele>888.47</ele>
				<time>2026-09-20T04:45:19.015Z</time>
			</trkpt>
			<trkpt lat="40.68025" lon="-0.55918">
				<ele>890.03</ele>
				<time>2026-09-20T04:45:21.540Z</time>
			</trkpt>
			<trkpt lat="40.68054" lon="-0.55947">
				<ele>881.91</ele>
				<time>2026-09-20T04:45:26.914Z</time>
			</trkpt>
			<trkpt lat="40.68085" lon="-0.55984">
				<ele>871.46</ele>
				<time>2026-09-20T04:45:33.111Z</time>
			</trkpt>
			<trkpt lat="40.68097" lon="-0.56007">
				<ele>868.86</ele>
				<time>2026-09-20T04:45:36.257Z</time>
			</trkpt>
			<trkpt lat="40.68123" lon="-0.56083">
				<ele>863.88</ele>
				<time>2026-09-20T04:45:45.693Z</time>
			</trkpt>
			<trkpt lat="40.6813" lon="-0.56109">
				<ele>859.71</ele>
				<time>2026-09-20T04:45:48.828Z</time>
			</trkpt>
			<trkpt lat="40.68127" lon="-0.5616">
				<ele>861.66</ele>
				<time>2026-09-20T04:45:54.656Z</time>
			</trkpt>
			<trkpt lat="40.68121" lon="-0.56181">
				<ele>866.84</ele>
				<time>2026-09-20T04:45:57.220Z</time>
			</trkpt>
			<trkpt lat="40.68125" lon="-0.56197">
				<ele>868.09</ele>
				<time>2026-09-20T04:45:59.147Z</time>
			</trkpt>
			<trkpt lat="40.68138" lon="-0.56204">
				<ele>867.7</ele>
				<time>2026-09-20T04:46:01.268Z</time>
			</trkpt>
			<trkpt lat="40.6819" lon="-0.56196">
				<ele>862.29</ele>
				<time>2026-09-20T04:46:09.200Z</time>
			</trkpt>
			<trkpt lat="40.68207" lon="-0.56191">
				<ele>857.87</ele>
				<time>2026-09-20T04:46:11.848Z</time>
			</trkpt>
			<trkpt lat="40.68225" lon="-0.56194">
				<ele>854.52</ele>
				<time>2026-09-20T04:46:14.611Z</time>
			</trkpt>
			<trkpt lat="40.68255" lon="-0.56224">
				<ele>852.38</ele>
				<time>2026-09-20T04:46:20.359Z</time>
			</trkpt>
			<trkpt lat="40.68269" lon="-0.56244">
				<ele>855.13</ele>
				<time>2026-09-20T04:46:23.518Z</time>
			</trkpt>
			<trkpt lat="40.68286" lon="-0.56257">
				<ele>853.69</ele>
				<time>2026-09-20T04:46:26.532Z</time>
			</trkpt>
			<trkpt lat="40.68308" lon="-0.56264">
				<ele>849.33</ele>
				<time>2026-09-20T04:46:30.010Z</time>
			</trkpt>
			<trkpt lat="40.68351" lon="-0.56269">
				<ele>845.99</ele>
				<time>2026-09-20T04:46:36.664Z</time>
			</trkpt>
			<trkpt lat="40.68394" lon="-0.56284">
				<ele>846.05</ele>
				<time>2026-09-20T04:46:43.548Z</time>
			</trkpt>
			<trkpt lat="40.68415" lon="-0.56296">
				<ele>840.37</ele>
				<time>2026-09-20T04:46:47.101Z</time>
			</trkpt>
			<trkpt lat="40.68434" lon="-0.56315">
				<ele>834.01</ele>
				<time>2026-09-20T04:46:50.811Z</time>
			</trkpt>
			<trkpt lat="40.68495" lon="-0.56413">
				<ele>831.54</ele>
				<time>2026-09-20T04:47:05.854Z</time>
			</trkpt>
			<trkpt lat="40.68507" lon="-0.56444">
				<ele>828.24</ele>
				<time>2026-09-20T04:47:10.007Z</time>
			</trkpt>
			<trkpt lat="40.68509" lon="-0.56473">
				<ele>829.1</ele>
				<time>2026-09-20T04:47:13.489Z</time>
			</trkpt>
			<trkpt lat="40.68504" lon="-0.56519">
				<ele>837.59</ele>
				<time>2026-09-20T04:47:19.061Z</time>
			</trkpt>
			<trkpt lat="40.68512" lon="-0.56572">
				<ele>839.1</ele>
				<time>2026-09-20T04:47:25.563Z</time>
			</trkpt>
			<trkpt lat="40.6852" lon="-0.56592">
				<ele>838.63</ele>
				<time>2026-09-20T04:47:28.291Z</time>
			</trkpt>
			<trkpt lat="40.68534" lon="-0.56614">
				<ele>837.9</ele>
				<time>2026-09-20T04:47:31.763Z</time>
			</trkpt>
			<trkpt lat="40.68551" lon="-0.56635">
				<ele>837.33</ele>
				<time>2026-09-20T04:47:35.483Z</time>
			</trkpt>
			<trkpt lat="40.68571" lon="-0.56649">
				<ele>833.88</ele>
				<time>2026-09-20T04:47:39.107Z</time>
			</trkpt>
			<trkpt lat="40.68638" lon="-0.56691">
				<ele>831.95</ele>
				<time>2026-09-20T04:47:51.033Z</time>
			</trkpt>
			<trkpt lat="40.68723" lon="-0.56785">
				<ele>841.33</ele>
				<time>2026-09-20T04:48:09.018Z</time>
			</trkpt>
			<trkpt lat="40.68745" lon="-0.56803">
				<ele>844.23</ele>
				<time>2026-09-20T04:48:13.242Z</time>
			</trkpt>
			<trkpt lat="40.68768" lon="-0.56818">
				<ele>848.5</ele>
				<time>2026-09-20T04:48:17.438Z</time>
			</trkpt>
			<trkpt lat="40.68777" lon="-0.56812">
				<ele>847.85</ele>
				<time>2026-09-20T04:48:19.090Z</time>
			</trkpt>
			<trkpt lat="40.68796" lon="-0.56816">
				<ele>843.76</ele>
				<time>2026-09-20T04:48:22.245Z</time>
			</trkpt>
			<trkpt lat="40.68777" lon="-0.56812">
				<ele>847.85</ele>
				<time>2026-09-20T04:48:25.407Z</time>
			</trkpt>
			<trkpt lat="40.68768" lon="-0.56818">
				<ele>848.5</ele>
				<time>2026-09-20T04:48:27.066Z</time>
			</trkpt>
			<trkpt lat="40.68847" lon="-0.56857">
				<ele>846.46</ele>
				<time>2026-09-20T04:48:41.003Z</time>
			</trkpt>
			<trkpt lat="40.68896" lon="-0.56877">
				<ele>841.96</ele>
				<time>2026-09-20T04:48:49.529Z</time>
			</trkpt>
			<trkpt lat="40.68915" lon="-0.56881">
				<ele>840.45</ele>
				<time>2026-09-20T04:48:52.738Z</time>
			</trkpt>
			<trkpt lat="40.68982" lon="-0.56868">
				<ele>840.21</ele>
				<time>2026-09-20T04:49:04.076Z</time>
			</trkpt>
			<trkpt lat="40.69018" lon="-0.56858">
				<ele>847</ele>
				<time>2026-09-20T04:49:10.265Z</time>
			</trkpt>
			<trkpt lat="40.69056" lon="-0.56842">
				<ele>852.24</ele>
				<time>2026-09-20T04:49:16.998Z</time>
			</trkpt>
			<trkpt lat="40.69065" lon="-0.56841">
				<ele>852.46</ele>
				<time>2026-09-20T04:49:18.526Z</time>
			</trkpt>
			<trkpt lat="40.69083" lon="-0.56842">
				<ele>850.69</ele>
				<time>2026-09-20T04:49:21.577Z</time>
			</trkpt>
			<trkpt lat="40.69123" lon="-0.56854">
				<ele>847.15</ele>
				<time>2026-09-20T04:49:28.543Z</time>
			</trkpt>
			<trkpt lat="40.69137" lon="-0.56853">
				<ele>846.9</ele>
				<time>2026-09-20T04:49:40.181Z</time>
			</trkpt>
			<trkpt lat="40.6917" lon="-0.5683">
				<ele>845.93</ele>
				<time>2026-09-20T04:50:23.211Z</time>
			</trkpt>
			<trkpt lat="40.6922" lon="-0.56783">
				<ele>846.84</ele>
				<time>2026-09-20T04:50:32.816Z</time>
			</trkpt>
			<trkpt lat="40.69239" lon="-0.5676">
				<ele>850.87</ele>
				<time>2026-09-20T04:50:35.992Z</time>
			</trkpt>
			<trkpt lat="40.69271" lon="-0.56718">
				<ele>860.34</ele>
				<time>2026-09-20T04:50:41.496Z</time>
			</trkpt>
			<trkpt lat="40.69282" lon="-0.56707">
				<ele>861.5</ele>
				<time>2026-09-20T04:50:43.165Z</time>
			</trkpt>
			<trkpt lat="40.6931" lon="-0.56687">
				<ele>857.43</ele>
				<time>2026-09-20T04:50:46.990Z</time>
			</trkpt>
			<trkpt lat="40.69328" lon="-0.56679">
				<ele>858.06</ele>
				<time>2026-09-20T04:50:49.255Z</time>
			</trkpt>
			<trkpt lat="40.69371" lon="-0.56666">
				<ele>859.42</ele>
				<time>2026-09-20T04:50:54.468Z</time>
			</trkpt>
			<trkpt lat="40.69487" lon="-0.56637">
				<ele>867.68</ele>
				<time>2026-09-20T04:51:08.098Z</time>
			</trkpt>
			<trkpt lat="40.69507" lon="-0.56636">
				<ele>868.15</ele>
				<time>2026-09-20T04:51:10.362Z</time>
			</trkpt>
			<trkpt lat="40.69557" lon="-0.56643">
				<ele>869.83</ele>
				<time>2026-09-20T04:51:15.993Z</time>
			</trkpt>
			<trkpt lat="40.696" lon="-0.56652">
				<ele>872.89</ele>
				<time>2026-09-20T04:51:20.801Z</time>
			</trkpt>
			<trkpt lat="40.6961" lon="-0.56651">
				<ele>873.46</ele>
				<time>2026-09-20T04:51:21.900Z</time>
			</trkpt>
			<trkpt lat="40.69618" lon="-0.56648">
				<ele>873.63</ele>
				<time>2026-09-20T04:51:22.809Z</time>
			</trkpt>
			<trkpt lat="40.69627" lon="-0.56641">
				<ele>874</ele>
				<time>2026-09-20T04:51:23.947Z</time>
			</trkpt>
			<trkpt lat="40.69673" lon="-0.56598">
				<ele>881.64</ele>
				<time>2026-09-20T04:51:30.030Z</time>
			</trkpt>
			<trkpt lat="40.69684" lon="-0.56591">
				<ele>883.49</ele>
				<time>2026-09-20T04:51:31.334Z</time>
			</trkpt>
			<trkpt lat="40.69768" lon="-0.56567">
				<ele>885.27</ele>
				<time>2026-09-20T04:51:40.378Z</time>
			</trkpt>
			<trkpt lat="40.69792" lon="-0.56554">
				<ele>887.99</ele>
				<time>2026-09-20T04:51:43.062Z</time>
			</trkpt>
			<trkpt lat="40.69835" lon="-0.56508">
				<ele>899.45</ele>
				<time>2026-09-20T04:51:48.720Z</time>
			</trkpt>
			<trkpt lat="40.69847" lon="-0.56499">
				<ele>899.15</ele>
				<time>2026-09-20T04:51:50.116Z</time>
			</trkpt>
			<trkpt lat="40.69871" lon="-0.56489">
				<ele>898.15</ele>
				<time>2026-09-20T04:51:52.645Z</time>
			</trkpt>
			<trkpt lat="40.69911" lon="-0.56479">
				<ele>896.2</ele>
				<time>2026-09-20T04:51:56.696Z</time>
			</trkpt>
			<trkpt lat="40.69922" lon="-0.56475">
				<ele>896.45</ele>
				<time>2026-09-20T04:51:57.822Z</time>
			</trkpt>
			<trkpt lat="40.6993" lon="-0.56469">
				<ele>897.27</ele>
				<time>2026-09-20T04:51:58.728Z</time>
			</trkpt>
			<trkpt lat="40.69937" lon="-0.56462">
				<ele>898.49</ele>
				<time>2026-09-20T04:51:59.589Z</time>
			</trkpt>
			<trkpt lat="40.69943" lon="-0.56452">
				<ele>900.49</ele>
				<time>2026-09-20T04:52:00.535Z</time>
			</trkpt>
			<trkpt lat="40.69969" lon="-0.56401">
				<ele>910.27</ele>
				<time>2026-09-20T04:52:05.054Z</time>
			</trkpt>
			<trkpt lat="40.69986" lon="-0.56375">
				<ele>912.61</ele>
				<time>2026-09-20T04:52:07.549Z</time>
			</trkpt>
			<trkpt lat="40.70005" lon="-0.5635">
				<ele>914.25</ele>
				<time>2026-09-20T04:52:10.101Z</time>
			</trkpt>
			<trkpt lat="40.70026" lon="-0.56327">
				<ele>917.98</ele>
				<time>2026-09-20T04:52:12.675Z</time>
			</trkpt>
			<trkpt lat="40.70072" lon="-0.56293">
				<ele>920.16</ele>
				<time>2026-09-20T04:52:17.584Z</time>
			</trkpt>
			<trkpt lat="40.7011" lon="-0.56252">
				<ele>929.8</ele>
				<time>2026-09-20T04:52:22.081Z</time>
			</trkpt>
			<trkpt lat="40.70121" lon="-0.56243">
				<ele>929.48</ele>
				<time>2026-09-20T04:52:23.255Z</time>
			</trkpt>
			<trkpt lat="40.7014" lon="-0.56232">
				<ele>928.11</ele>
				<time>2026-09-20T04:52:25.127Z</time>
			</trkpt>
			<trkpt lat="40.70163" lon="-0.56213">
				<ele>932.67</ele>
				<time>2026-09-20T04:52:27.557Z</time>
			</trkpt>
			<trkpt lat="40.70169" lon="-0.56211">
				<ele>932.65</ele>
				<time>2026-09-20T04:52:28.108Z</time>
			</trkpt>
			<trkpt lat="40.7019" lon="-0.56214">
				<ele>927.66</ele>
				<time>2026-09-20T04:52:29.981Z</time>
			</trkpt>
			<trkpt lat="40.70204" lon="-0.56212">
				<ele>925.21</ele>
				<time>2026-09-20T04:52:31.222Z</time>
			</trkpt>
			<trkpt lat="40.70211" lon="-0.56207">
				<ele>924.5</ele>
				<time>2026-09-20T04:52:31.921Z</time>
			</trkpt>
			<trkpt lat="40.70216" lon="-0.562">
				<ele>924.39</ele>
				<time>2026-09-20T04:52:32.560Z</time>
			</trkpt>
			<trkpt lat="40.70219" lon="-0.5619">
				<ele>925.15</ele>
				<time>2026-09-20T04:52:33.273Z</time>
			</trkpt>
			<trkpt lat="40.70221" lon="-0.56178">
				<ele>927.39</ele>
				<time>2026-09-20T04:52:34.084Z</time>
			</trkpt>
			<trkpt lat="40.70222" lon="-0.56137">
				<ele>937.8</ele>
				<time>2026-09-20T04:52:36.777Z</time>
			</trkpt>
			<trkpt lat="40.70223" lon="-0.56122">
				<ele>943.02</ele>
				<time>2026-09-20T04:52:37.759Z</time>
			</trkpt>
			<trkpt lat="40.70226" lon="-0.56111">
				<ele>946.17</ele>
				<time>2026-09-20T04:52:38.518Z</time>
			</trkpt>
			<trkpt lat="40.70231" lon="-0.56102">
				<ele>947.51</ele>
				<time>2026-09-20T04:52:39.241Z</time>
			</trkpt>
			<trkpt lat="40.70236" lon="-0.56097">
				<ele>947.65</ele>
				<time>2026-09-20T04:52:39.776Z</time>
			</trkpt>
			<trkpt lat="40.70242" lon="-0.56095">
				<ele>946.4</ele>
				<time>2026-09-20T04:52:40.302Z</time>
			</trkpt>
			<trkpt lat="40.70264" lon="-0.56096">
				<ele>942.36</ele>
				<time>2026-09-20T04:52:42.167Z</time>
			</trkpt>
			<trkpt lat="40.7027" lon="-0.56094">
				<ele>942.25</ele>
				<time>2026-09-20T04:52:42.688Z</time>
			</trkpt>
			<trkpt lat="40.70278" lon="-0.56086">
				<ele>943.26</ele>
				<time>2026-09-20T04:52:43.532Z</time>
			</trkpt>
			<trkpt lat="40.70299" lon="-0.5606">
				<ele>947.3</ele>
				<time>2026-09-20T04:52:45.938Z</time>
			</trkpt>
			<trkpt lat="40.70324" lon="-0.5604">
				<ele>949.47</ele>
				<time>2026-09-20T04:52:48.357Z</time>
			</trkpt>
			<trkpt lat="40.7033" lon="-0.56033">
				<ele>950.36</ele>
				<time>2026-09-20T04:52:49.016Z</time>
			</trkpt>
			<trkpt lat="40.70353" lon="-0.55997">
				<ele>956.64</ele>
				<time>2026-09-20T04:52:51.929Z</time>
			</trkpt>
			<trkpt lat="40.70381" lon="-0.55969">
				<ele>959.05</ele>
				<time>2026-09-20T04:52:54.763Z</time>
			</trkpt>
			<trkpt lat="40.70387" lon="-0.55959">
				<ele>960.11</ele>
				<time>2026-09-20T04:52:55.537Z</time>
			</trkpt>
			<trkpt lat="40.70395" lon="-0.55938">
				<ele>963.11</ele>
				<time>2026-09-20T04:52:56.957Z</time>
			</trkpt>
			<trkpt lat="40.704" lon="-0.55931">
				<ele>964.24</ele>
				<time>2026-09-20T04:52:57.536Z</time>
			</trkpt>
			<trkpt lat="40.70424" lon="-0.55911">
				<ele>962.95</ele>
				<time>2026-09-20T04:52:59.775Z</time>
			</trkpt>
			<trkpt lat="40.70436" lon="-0.55895">
				<ele>962.86</ele>
				<time>2026-09-20T04:53:01.111Z</time>
			</trkpt>
			<trkpt lat="40.7045" lon="-0.55866">
				<ele>963.71</ele>
				<time>2026-09-20T04:53:03.137Z</time>
			</trkpt>
			<trkpt lat="40.7047" lon="-0.55808">
				<ele>970.79</ele>
				<time>2026-09-20T04:53:06.843Z</time>
			</trkpt>
			<trkpt lat="40.70472" lon="-0.55799">
				<ele>971.66</ele>
				<time>2026-09-20T04:53:07.384Z</time>
			</trkpt>
			<trkpt lat="40.70468" lon="-0.55747">
				<ele>978.75</ele>
				<time>2026-09-20T04:53:10.372Z</time>
			</trkpt>
			<trkpt lat="40.70471" lon="-0.55729">
				<ele>980.34</ele>
				<time>2026-09-20T04:53:11.415Z</time>
			</trkpt>
			<trkpt lat="40.70485" lon="-0.55698">
				<ele>979.54</ele>
				<time>2026-09-20T04:53:13.445Z</time>
			</trkpt>
			<trkpt lat="40.70497" lon="-0.55644">
				<ele>984.15</ele>
				<time>2026-09-20T04:53:16.571Z</time>
			</trkpt>
			<trkpt lat="40.70505" lon="-0.55621">
				<ele>987.77</ele>
				<time>2026-09-20T04:53:17.962Z</time>
			</trkpt>
			<trkpt lat="40.70521" lon="-0.55599">
				<ele>990.31</ele>
				<time>2026-09-20T04:53:19.626Z</time>
			</trkpt>
			<trkpt lat="40.70543" lon="-0.55582">
				<ele>991.75</ele>
				<time>2026-09-20T04:53:21.446Z</time>
			</trkpt>
			<trkpt lat="40.7058" lon="-0.55558">
				<ele>991.17</ele>
				<time>2026-09-20T04:53:24.354Z</time>
			</trkpt>
			<trkpt lat="40.70609" lon="-0.55512">
				<ele>999.9</ele>
				<time>2026-09-20T04:53:27.505Z</time>
			</trkpt>
			<trkpt lat="40.70644" lon="-0.55472">
				<ele>1003.55</ele>
				<time>2026-09-20T04:53:30.671Z</time>
			</trkpt>
			<trkpt lat="40.70669" lon="-0.55425">
				<ele>1020.64</ele>
				<time>2026-09-20T04:53:33.599Z</time>
			</trkpt>
			<trkpt lat="40.70754" lon="-0.55359">
				<ele>1010.47</ele>
				<time>2026-09-20T04:53:40.067Z</time>
			</trkpt>
			<trkpt lat="40.70836" lon="-0.55317">
				<ele>1022.37</ele>
				<time>2026-09-20T04:53:45.644Z</time>
			</trkpt>
			<trkpt lat="40.70845" lon="-0.55305">
				<ele>1025.49</ele>
				<time>2026-09-20T04:53:46.440Z</time>
			</trkpt>
			<trkpt lat="40.70866" lon="-0.5525">
				<ele>1031.16</ele>
				<time>2026-09-20T04:53:49.315Z</time>
			</trkpt>
			<trkpt lat="40.70877" lon="-0.55228">
				<ele>1035.62</ele>
				<time>2026-09-20T04:53:50.530Z</time>
			</trkpt>
			<trkpt lat="40.70889" lon="-0.55214">
				<ele>1037.93</ele>
				<time>2026-09-20T04:53:51.497Z</time>
			</trkpt>
			<trkpt lat="40.70901" lon="-0.55216">
				<ele>1038.57</ele>
				<time>2026-09-20T04:53:52.224Z</time>
			</trkpt>
			<trkpt lat="40.70909" lon="-0.55227">
				<ele>1038.74</ele>
				<time>2026-09-20T04:53:52.916Z</time>
			</trkpt>
			<trkpt lat="40.70912" lon="-0.55241">
				<ele>1038.92</ele>
				<time>2026-09-20T04:53:53.573Z</time>
			</trkpt>
			<trkpt lat="40.70904" lon="-0.55312">
				<ele>1034.69</ele>
				<time>2026-09-20T04:53:56.776Z</time>
			</trkpt>
			<trkpt lat="40.70904" lon="-0.55432">
				<ele>1033.37</ele>
				<time>2026-09-20T04:54:01.987Z</time>
			</trkpt>
			<trkpt lat="40.70905" lon="-0.55462">
				<ele>1033.15</ele>
				<time>2026-09-20T04:54:03.264Z</time>
			</trkpt>
			<trkpt lat="40.70911" lon="-0.55477">
				<ele>1033.33</ele>
				<time>2026-09-20T04:54:03.980Z</time>
			</trkpt>
			<trkpt lat="40.7092" lon="-0.55483">
				<ele>1035.16</ele>
				<time>2026-09-20T04:54:04.539Z</time>
			</trkpt>
			<trkpt lat="40.70942" lon="-0.55489">
				<ele>1043.26</ele>
				<time>2026-09-20T04:54:05.777Z</time>
			</trkpt>
			<trkpt lat="40.70959" lon="-0.5549">
				<ele>1048.28</ele>
				<time>2026-09-20T04:54:06.708Z</time>
			</trkpt>
			<trkpt lat="40.70978" lon="-0.55483">
				<ele>1053.63</ele>
				<time>2026-09-20T04:54:07.779Z</time>
			</trkpt>
			<trkpt lat="40.7101" lon="-0.55483">
				<ele>1053.56</ele>
				<time>2026-09-20T04:54:09.500Z</time>
			</trkpt>
			<trkpt lat="40.71037" lon="-0.55489">
				<ele>1053.53</ele>
				<time>2026-09-20T04:54:10.956Z</time>
			</trkpt>
			<trkpt lat="40.71049" lon="-0.55485">
				<ele>1055</ele>
				<time>2026-09-20T04:54:11.609Z</time>
			</trkpt>
			<trkpt lat="40.71092" lon="-0.55463">
				<ele>1061.85</ele>
				<time>2026-09-20T04:54:14.016Z</time>
			</trkpt>
			<trkpt lat="40.71113" lon="-0.55449">
				<ele>1066.23</ele>
				<time>2026-09-20T04:54:15.227Z</time>
			</trkpt>
			<trkpt lat="40.71165" lon="-0.55432">
				<ele>1066.19</ele>
				<time>2026-09-20T04:54:17.944Z</time>
			</trkpt>
			<trkpt lat="40.71205" lon="-0.55424">
				<ele>1067.61</ele>
				<time>2026-09-20T04:54:19.958Z</time>
			</trkpt>
			<trkpt lat="40.71226" lon="-0.55413">
				<ele>1068.59</ele>
				<time>2026-09-20T04:54:21.069Z</time>
			</trkpt>
			<trkpt lat="40.7124" lon="-0.55396">
				<ele>1073.05</ele>
				<time>2026-09-20T04:54:21.997Z</time>
			</trkpt>
			<trkpt lat="40.7127" lon="-0.55351">
				<ele>1080.52</ele>
				<time>2026-09-20T04:54:24.185Z</time>
			</trkpt>
			<trkpt lat="40.71281" lon="-0.55346">
				<ele>1080.16</ele>
				<time>2026-09-20T04:54:24.740Z</time>
			</trkpt>
			<trkpt lat="40.71293" lon="-0.55355">
				<ele>1080.44</ele>
				<time>2026-09-20T04:54:25.394Z</time>
			</trkpt>
			<trkpt lat="40.71296" lon="-0.55371">
				<ele>1079.72</ele>
				<time>2026-09-20T04:54:25.983Z</time>
			</trkpt>
			<trkpt lat="40.71292" lon="-0.55411">
				<ele>1077.04</ele>
				<time>2026-09-20T04:54:27.412Z</time>
			</trkpt>
			<trkpt lat="40.71291" lon="-0.55467">
				<ele>1072.3</ele>
				<time>2026-09-20T04:54:29.368Z</time>
			</trkpt>
			<trkpt lat="40.71298" lon="-0.55481">
				<ele>1072.13</ele>
				<time>2026-09-20T04:54:29.947Z</time>
			</trkpt>
			<trkpt lat="40.71308" lon="-0.55491">
				<ele>1073.42</ele>
				<time>2026-09-20T04:54:30.516Z</time>
			</trkpt>
			<trkpt lat="40.71318" lon="-0.55496">
				<ele>1074.04</ele>
				<time>2026-09-20T04:54:30.999Z</time>
			</trkpt>
			<trkpt lat="40.71334" lon="-0.55493">
				<ele>1076.45</ele>
				<time>2026-09-20T04:54:31.724Z</time>
			</trkpt>
			<trkpt lat="40.71349" lon="-0.5548">
				<ele>1079.64</ele>
				<time>2026-09-20T04:54:32.524Z</time>
			</trkpt>
			<trkpt lat="40.71367" lon="-0.55472">
				<ele>1081.99</ele>
				<time>2026-09-20T04:54:33.364Z</time>
			</trkpt>
			<trkpt lat="40.71389" lon="-0.55471">
				<ele>1081.97</ele>
				<time>2026-09-20T04:54:34.330Z</time>
			</trkpt>
			<trkpt lat="40.7143" lon="-0.55458">
				<ele>1093.33</ele>
				<time>2026-09-20T04:54:36.157Z</time>
			</trkpt>
			<trkpt lat="40.71439" lon="-0.5546">
				<ele>1093.03</ele>
				<time>2026-09-20T04:54:36.548Z</time>
			</trkpt>
			<trkpt lat="40.71452" lon="-0.55468">
				<ele>1091.93</ele>
				<time>2026-09-20T04:54:37.160Z</time>
			</trkpt>
			<trkpt lat="40.71472" lon="-0.55486">
				<ele>1090.66</ele>
				<time>2026-09-20T04:54:38.185Z</time>
			</trkpt>
			<trkpt lat="40.71488" lon="-0.55493">
				<ele>1092.1</ele>
				<time>2026-09-20T04:54:38.893Z</time>
			</trkpt>
			<trkpt lat="40.71506" lon="-0.55494">
				<ele>1094.62</ele>
				<time>2026-09-20T04:54:39.644Z</time>
			</trkpt>
			<trkpt lat="40.71521" lon="-0.55491">
				<ele>1096.91</ele>
				<time>2026-09-20T04:54:40.272Z</time>
			</trkpt>
			<trkpt lat="40.71532" lon="-0.55484">
				<ele>1099.01</ele>
				<time>2026-09-20T04:54:40.775Z</time>
			</trkpt>
			<trkpt lat="40.71545" lon="-0.55467">
				<ele>1102.52</ele>
				<time>2026-09-20T04:54:41.524Z</time>
			</trkpt>
			<trkpt lat="40.71553" lon="-0.55458">
				<ele>1103.98</ele>
				<time>2026-09-20T04:54:41.952Z</time>
			</trkpt>
			<trkpt lat="40.71564" lon="-0.55452">
				<ele>1103.67</ele>
				<time>2026-09-20T04:54:42.434Z</time>
			</trkpt>
			<trkpt lat="40.71591" lon="-0.55447">
				<ele>1102.54</ele>
				<time>2026-09-20T04:54:43.530Z</time>
			</trkpt>
			<trkpt lat="40.71604" lon="-0.55439">
				<ele>1104.67</ele>
				<time>2026-09-20T04:54:44.101Z</time>
			</trkpt>
			<trkpt lat="40.71614" lon="-0.55436">
				<ele>1106.06</ele>
				<time>2026-09-20T04:54:44.507Z</time>
			</trkpt>
			<trkpt lat="40.71625" lon="-0.55437">
				<ele>1107.45</ele>
				<time>2026-09-20T04:54:44.943Z</time>
			</trkpt>
			<trkpt lat="40.71634" lon="-0.55445">
				<ele>1107.3</ele>
				<time>2026-09-20T04:54:45.369Z</time>
			</trkpt>
			<trkpt lat="40.71665" lon="-0.55484">
				<ele>1110.95</ele>
				<time>2026-09-20T04:54:47.033Z</time>
			</trkpt>
			<trkpt lat="40.71674" lon="-0.55505">
				<ele>1107.67</ele>
				<time>2026-09-20T04:54:47.735Z</time>
			</trkpt>
			<trkpt lat="40.71683" lon="-0.55518">
				<ele>1103.86</ele>
				<time>2026-09-20T04:54:48.243Z</time>
			</trkpt>
			<trkpt lat="40.71697" lon="-0.55523">
				<ele>1103.59</ele>
				<time>2026-09-20T04:54:48.793Z</time>
			</trkpt>
			<trkpt lat="40.71717" lon="-0.55524">
				<ele>1106.9</ele>
				<time>2026-09-20T04:54:49.546Z</time>
			</trkpt>
			<trkpt lat="40.71759" lon="-0.55519">
				<ele>1112.73</ele>
				<time>2026-09-20T04:54:51.113Z</time>
			</trkpt>
			<trkpt lat="40.71779" lon="-0.55514">
				<ele>1113.08</ele>
				<time>2026-09-20T04:54:51.860Z</time>
			</trkpt>
			<trkpt lat="40.7179" lon="-0.55508">
				<ele>1111.82</ele>
				<time>2026-09-20T04:54:52.293Z</time>
			</trkpt>
			<trkpt lat="40.71806" lon="-0.55495">
				<ele>1110.96</ele>
				<time>2026-09-20T04:54:52.974Z</time>
			</trkpt>
			<trkpt lat="40.7182" lon="-0.55476">
				<ele>1115.09</ele>
				<time>2026-09-20T04:54:53.695Z</time>
			</trkpt>
			<trkpt lat="40.7183" lon="-0.55458">
				<ele>1118.12</ele>
				<time>2026-09-20T04:54:54.298Z</time>
			</trkpt>
			<trkpt lat="40.71843" lon="-0.55426">
				<ele>1125.64</ele>
				<time>2026-09-20T04:54:55.269Z</time>
			</trkpt>
			<trkpt lat="40.71851" lon="-0.55401">
				<ele>1128.95</ele>
				<time>2026-09-20T04:54:55.988Z</time>
			</trkpt>
			<trkpt lat="40.71854" lon="-0.55375">
				<ele>1132.75</ele>
				<time>2026-09-20T04:54:56.679Z</time>
			</trkpt>
			<trkpt lat="40.71851" lon="-0.55347">
				<ele>1138.32</ele>
				<time>2026-09-20T04:54:57.416Z</time>
			</trkpt>
			<trkpt lat="40.71853" lon="-0.55326">
				<ele>1140.31</ele>
				<time>2026-09-20T04:54:57.963Z</time>
			</trkpt>
			<trkpt lat="40.7186" lon="-0.55312">
				<ele>1138.76</ele>
				<time>2026-09-20T04:54:58.394Z</time>
			</trkpt>
			<trkpt lat="40.71869" lon="-0.55306">
				<ele>1138.38</ele>
				<time>2026-09-20T04:54:58.734Z</time>
			</trkpt>
			<trkpt lat="40.71878" lon="-0.55307">
				<ele>1137.72</ele>
				<time>2026-09-20T04:54:59.037Z</time>
			</trkpt>
			<trkpt lat="40.71887" lon="-0.55312">
				<ele>1136.9</ele>
				<time>2026-09-20T04:54:59.364Z</time>
			</trkpt>
			<trkpt lat="40.71896" lon="-0.55325">
				<ele>1138.78</ele>
				<time>2026-09-20T04:54:59.809Z</time>
			</trkpt>
			<trkpt lat="40.71912" lon="-0.55358">
				<ele>1137.7</ele>
				<time>2026-09-20T04:55:00.789Z</time>
			</trkpt>
			<trkpt lat="40.71921" lon="-0.5537">
				<ele>1137.33</ele>
				<time>2026-09-20T04:55:01.208Z</time>
			</trkpt>
			<trkpt lat="40.71931" lon="-0.55377">
				<ele>1138.53</ele>
				<time>2026-09-20T04:55:01.576Z</time>
			</trkpt>
			<trkpt lat="40.71942" lon="-0.55382">
				<ele>1141.05</ele>
				<time>2026-09-20T04:55:01.953Z</time>
			</trkpt>
			<trkpt lat="40.71955" lon="-0.55381">
				<ele>1141.05</ele>
				<time>2026-09-20T04:55:02.373Z</time>
			</trkpt>
			<trkpt lat="40.71966" lon="-0.55376">
				<ele>1141.57</ele>
				<time>2026-09-20T04:55:02.746Z</time>
			</trkpt>
			<trkpt lat="40.71977" lon="-0.55365">
				<ele>1143.65</ele>
				<time>2026-09-20T04:55:03.187Z</time>
			</trkpt>
			<trkpt lat="40.71987" lon="-0.55349">
				<ele>1146.47</ele>
				<time>2026-09-20T04:55:03.685Z</time>
			</trkpt>
			<trkpt lat="40.71992" lon="-0.55331">
				<ele>1149.29</ele>
				<time>2026-09-20T04:55:04.143Z</time>
			</trkpt>
			<trkpt lat="40.71997" lon="-0.55298">
				<ele>1152.24</ele>
				<time>2026-09-20T04:55:04.940Z</time>
			</trkpt>
			<trkpt lat="40.72008" lon="-0.55248">
				<ele>1155.79</ele>
				<time>2026-09-20T04:55:06.156Z</time>
			</trkpt>
			<trkpt lat="40.72014" lon="-0.55234">
				<ele>1157.84</ele>
				<time>2026-09-20T04:55:06.528Z</time>
			</trkpt>
			<trkpt lat="40.72021" lon="-0.55223">
				<ele>1158.83</ele>
				<time>2026-09-20T04:55:06.859Z</time>
			</trkpt>
			<trkpt lat="40.72037" lon="-0.55206">
				<ele>1159.26</ele>
				<time>2026-09-20T04:55:07.478Z</time>
			</trkpt>
			<trkpt lat="40.72055" lon="-0.55195">
				<ele>1159.98</ele>
				<time>2026-09-20T04:55:08.071Z</time>
			</trkpt>
			<trkpt lat="40.72121" lon="-0.55164">
				<ele>1163.93</ele>
				<time>2026-09-20T04:55:10.128Z</time>
			</trkpt>
			<trkpt lat="40.72149" lon="-0.55153">
				<ele>1163.66</ele>
				<time>2026-09-20T04:55:10.968Z</time>
			</trkpt>
			<trkpt lat="40.72166" lon="-0.55152">
				<ele>1161.8</ele>
				<time>2026-09-20T04:55:11.453Z</time>
			</trkpt>
			<trkpt lat="40.72183" lon="-0.55156">
				<ele>1162.59</ele>
				<time>2026-09-20T04:55:11.941Z</time>
			</trkpt>
			<trkpt lat="40.72204" lon="-0.55171">
				<ele>1164.34</ele>
				<time>2026-09-20T04:55:12.611Z</time>
			</trkpt>
			<trkpt lat="40.72238" lon="-0.55203">
				<ele>1169.11</ele>
				<time>2026-09-20T04:55:13.767Z</time>
			</trkpt>
			<trkpt lat="40.72257" lon="-0.55215">
				<ele>1169.98</ele>
				<time>2026-09-20T04:55:14.342Z</time>
			</trkpt>
			<trkpt lat="40.72271" lon="-0.55217">
				<ele>1171.33</ele>
				<time>2026-09-20T04:55:14.724Z</time>
			</trkpt>
			<trkpt lat="40.72283" lon="-0.55214">
				<ele>1172.97</ele>
				<time>2026-09-20T04:55:15.054Z</time>
			</trkpt>
			<trkpt lat="40.72329" lon="-0.55179">
				<ele>1180.4</ele>
				<time>2026-09-20T04:55:16.467Z</time>
			</trkpt>
			<trkpt lat="40.7234" lon="-0.55175">
				<ele>1180.31</ele>
				<time>2026-09-20T04:55:16.767Z</time>
			</trkpt>
			<trkpt lat="40.72431" lon="-0.55174">
				<ele>1185.49</ele>
				<time>2026-09-20T04:55:19.110Z</time>
			</trkpt>
			<trkpt lat="40.72528" lon="-0.55165">
				<ele>1187.93</ele>
				<time>2026-09-20T04:55:21.521Z</time>
			</trkpt>
			<trkpt lat="40.72549" lon="-0.55156">
				<ele>1186.65</ele>
				<time>2026-09-20T04:55:22.056Z</time>
			</trkpt>
			<trkpt lat="40.72558" lon="-0.55148">
				<ele>1185.22</ele>
				<time>2026-09-20T04:55:22.317Z</time>
			</trkpt>
			<trkpt lat="40.72569" lon="-0.55132">
				<ele>1184.25</ele>
				<time>2026-09-20T04:55:22.709Z</time>
			</trkpt>
			<trkpt lat="40.72575" lon="-0.5512">
				<ele>1184.69</ele>
				<time>2026-09-20T04:55:22.968Z</time>
			</trkpt>
			<trkpt lat="40.7258" lon="-0.55103">
				<ele>1185.32</ele>
				<time>2026-09-20T04:55:23.296Z</time>
			</trkpt>
			<trkpt lat="40.72582" lon="-0.55086">
				<ele>1185.93</ele>
				<time>2026-09-20T04:55:23.603Z</time>
			</trkpt>
			<trkpt lat="40.72583" lon="-0.5502">
				<ele>1189.03</ele>
				<time>2026-09-20T04:55:24.769Z</time>
			</trkpt>
			<trkpt lat="40.72586" lon="-0.55">
				<ele>1189.63</ele>
				<time>2026-09-20T04:55:25.124Z</time>
			</trkpt>
			<trkpt lat="40.72594" lon="-0.54978">
				<ele>1190.3</ele>
				<time>2026-09-20T04:55:25.547Z</time>
			</trkpt>
			<trkpt lat="40.72607" lon="-0.54959">
				<ele>1191.44</ele>
				<time>2026-09-20T04:55:25.987Z</time>
			</trkpt>
			<trkpt lat="40.72655" lon="-0.54916">
				<ele>1189.95</ele>
				<time>2026-09-20T04:55:27.285Z</time>
			</trkpt>
			<trkpt lat="40.72664" lon="-0.54903">
				<ele>1189.49</ele>
				<time>2026-09-20T04:55:27.580Z</time>
			</trkpt>
			<trkpt lat="40.7267" lon="-0.54889">
				<ele>1189.48</ele>
				<time>2026-09-20T04:55:27.848Z</time>
			</trkpt>
			<trkpt lat="40.72675" lon="-0.54873">
				<ele>1191.34</ele>
				<time>2026-09-20T04:55:28.135Z</time>
			</trkpt>
			<trkpt lat="40.72677" lon="-0.54857">
				<ele>1193.21</ele>
				<time>2026-09-20T04:55:28.403Z</time>
			</trkpt>
			<trkpt lat="40.72676" lon="-0.5484">
				<ele>1195.41</ele>
				<time>2026-09-20T04:55:28.683Z</time>
			</trkpt>
			<trkpt lat="40.7267" lon="-0.54814">
				<ele>1199.54</ele>
				<time>2026-09-20T04:55:29.127Z</time>
			</trkpt>
			<trkpt lat="40.7263" lon="-0.54696">
				<ele>1211.97</ele>
				<time>2026-09-20T04:55:31.194Z</time>
			</trkpt>
			<trkpt lat="40.7262" lon="-0.54647">
				<ele>1216.3</ele>
				<time>2026-09-20T04:55:31.987Z</time>
			</trkpt>
			<trkpt lat="40.72617" lon="-0.54622">
				<ele>1218.65</ele>
				<time>2026-09-20T04:55:32.379Z</time>
			</trkpt>
			<trkpt lat="40.72618" lon="-0.54574">
				<ele>1217.09</ele>
				<time>2026-09-20T04:55:33.115Z</time>
			</trkpt>
			<trkpt lat="40.72625" lon="-0.54525">
				<ele>1217.3</ele>
				<time>2026-09-20T04:55:33.870Z</time>
			</trkpt>
			<trkpt lat="40.72638" lon="-0.54475">
				<ele>1219.91</ele>
				<time>2026-09-20T04:55:34.661Z</time>
			</trkpt>
			<trkpt lat="40.72641" lon="-0.54452">
				<ele>1219.05</ele>
				<time>2026-09-20T04:55:35.007Z</time>
			</trkpt>
			<trkpt lat="40.72642" lon="-0.54436">
				<ele>1219.09</ele>
				<time>2026-09-20T04:55:35.244Z</time>
			</trkpt>
			<trkpt lat="40.72641" lon="-0.54421">
				<ele>1219.36</ele>
				<time>2026-09-20T04:55:35.465Z</time>
			</trkpt>
			<trkpt lat="40.72635" lon="-0.54396">
				<ele>1219.02</ele>
				<time>2026-09-20T04:55:35.849Z</time>
			</trkpt>
			<trkpt lat="40.72626" lon="-0.54376">
				<ele>1219.56</ele>
				<time>2026-09-20T04:55:36.188Z</time>
			</trkpt>
			<trkpt lat="40.72599" lon="-0.54344">
				<ele>1219.58</ele>
				<time>2026-09-20T04:55:36.879Z</time>
			</trkpt>
			<trkpt lat="40.7259" lon="-0.54328">
				<ele>1219.86</ele>
				<time>2026-09-20T04:55:37.165Z</time>
			</trkpt>
			<trkpt lat="40.72583" lon="-0.54312">
				<ele>1220.27</ele>
				<time>2026-09-20T04:55:37.428Z</time>
			</trkpt>
			<trkpt lat="40.72578" lon="-0.54296">
				<ele>1220.91</ele>
				<time>2026-09-20T04:55:37.675Z</time>
			</trkpt>
			<trkpt lat="40.72575" lon="-0.54267">
				<ele>1221.51</ele>
				<time>2026-09-20T04:55:38.089Z</time>
			</trkpt>
			<trkpt lat="40.72576" lon="-0.54237">
				<ele>1221.95</ele>
				<time>2026-09-20T04:55:38.511Z</time>
			</trkpt>
			<trkpt lat="40.72584" lon="-0.5421">
				<ele>1223.14</ele>
				<time>2026-09-20T04:55:38.916Z</time>
			</trkpt>
			<trkpt lat="40.72604" lon="-0.54193">
				<ele>1223.62</ele>
				<time>2026-09-20T04:55:39.352Z</time>
			</trkpt>
			<trkpt lat="40.72622" lon="-0.5419">
				<ele>1224.01</ele>
				<time>2026-09-20T04:55:39.683Z</time>
			</trkpt>
			<trkpt lat="40.72634" lon="-0.54191">
				<ele>1224.98</ele>
				<time>2026-09-20T04:55:39.902Z</time>
			</trkpt>
			<trkpt lat="40.72685" lon="-0.54213">
				<ele>1227.92</ele>
				<time>2026-09-20T04:55:40.869Z</time>
			</trkpt>
			<trkpt lat="40.72744" lon="-0.54219">
				<ele>1229.42</ele>
				<time>2026-09-20T04:55:41.921Z</time>
			</trkpt>
			<trkpt lat="40.72755" lon="-0.54215">
				<ele>1229.28</ele>
				<time>2026-09-20T04:55:42.122Z</time>
			</trkpt>
			<trkpt lat="40.72765" lon="-0.54208">
				<ele>1228.69</ele>
				<time>2026-09-20T04:55:42.321Z</time>
			</trkpt>
			<trkpt lat="40.72771" lon="-0.54199">
				<ele>1227.49</ele>
				<time>2026-09-20T04:55:42.481Z</time>
			</trkpt>
			<trkpt lat="40.72774" lon="-0.54189">
				<ele>1227.28</ele>
				<time>2026-09-20T04:55:42.624Z</time>
			</trkpt>
			<trkpt lat="40.72774" lon="-0.54177">
				<ele>1228.05</ele>
				<time>2026-09-20T04:55:42.783Z</time>
			</trkpt>
			<trkpt lat="40.72771" lon="-0.54163">
				<ele>1229.04</ele>
				<time>2026-09-20T04:55:42.975Z</time>
			</trkpt>
			<trkpt lat="40.72766" lon="-0.54153">
				<ele>1230.44</ele>
				<time>2026-09-20T04:55:43.133Z</time>
			</trkpt>
			<trkpt lat="40.7276" lon="-0.54147">
				<ele>1231.17</ele>
				<time>2026-09-20T04:55:43.264Z</time>
			</trkpt>
			<trkpt lat="40.72709" lon="-0.54116">
				<ele>1230.69</ele>
				<time>2026-09-20T04:55:44.235Z</time>
			</trkpt>
			<trkpt lat="40.72687" lon="-0.54099">
				<ele>1230.17</ele>
				<time>2026-09-20T04:55:44.673Z</time>
			</trkpt>
			<trkpt lat="40.72677" lon="-0.54087">
				<ele>1229.52</ele>
				<time>2026-09-20T04:55:44.904Z</time>
			</trkpt>
			<trkpt lat="40.72668" lon="-0.54074">
				<ele>1228.66</ele>
				<time>2026-09-20T04:55:45.131Z</time>
			</trkpt>
			<trkpt lat="40.72661" lon="-0.54059">
				<ele>1227.91</ele>
				<time>2026-09-20T04:55:45.359Z</time>
			</trkpt>
			<trkpt lat="40.72655" lon="-0.54043">
				<ele>1227.71</ele>
				<time>2026-09-20T04:55:45.588Z</time>
			</trkpt>
			<trkpt lat="40.7263" lon="-0.53935">
				<ele>1227.15</ele>
				<time>2026-09-20T04:55:47.031Z</time>
			</trkpt>
			<trkpt lat="40.72631" lon="-0.53911">
				<ele>1227.52</ele>
				<time>2026-09-20T04:55:47.336Z</time>
			</trkpt>
			<trkpt lat="40.72634" lon="-0.53896">
				<ele>1227.59</ele>
				<time>2026-09-20T04:55:47.532Z</time>
			</trkpt>
			<trkpt lat="40.7265" lon="-0.53849">
				<ele>1229.59</ele>
				<time>2026-09-20T04:55:48.183Z</time>
			</trkpt>
			<trkpt lat="40.72651" lon="-0.53839">
				<ele>1229.46</ele>
				<time>2026-09-20T04:55:48.309Z</time>
			</trkpt>
			<trkpt lat="40.7265" lon="-0.53825">
				<ele>1228.97</ele>
				<time>2026-09-20T04:55:48.486Z</time>
			</trkpt>
			<trkpt lat="40.7264" lon="-0.53773">
				<ele>1226.5</ele>
				<time>2026-09-20T04:55:49.159Z</time>
			</trkpt>
			<trkpt lat="40.72639" lon="-0.53758">
				<ele>1226.76</ele>
				<time>2026-09-20T04:55:49.348Z</time>
			</trkpt>
			<trkpt lat="40.7264" lon="-0.53745">
				<ele>1227.41</ele>
				<time>2026-09-20T04:55:49.511Z</time>
			</trkpt>
			<trkpt lat="40.72649" lon="-0.53727">
				<ele>1228.69</ele>
				<time>2026-09-20T04:55:49.780Z</time>
			</trkpt>
			<trkpt lat="40.72657" lon="-0.5372">
				<ele>1229.18</ele>
				<time>2026-09-20T04:55:49.938Z</time>
			</trkpt>
			<trkpt lat="40.72664" lon="-0.53718">
				<ele>1229.5</ele>
				<time>2026-09-20T04:55:50.056Z</time>
			</trkpt>
			<trkpt lat="40.7268" lon="-0.53719">
				<ele>1229.54</ele>
				<time>2026-09-20T04:55:50.320Z</time>
			</trkpt>
			<trkpt lat="40.72689" lon="-0.53723">
				<ele>1230.04</ele>
				<time>2026-09-20T04:55:50.476Z</time>
			</trkpt>
			<trkpt lat="40.72766" lon="-0.53785">
				<ele>1232.43</ele>
				<time>2026-09-20T04:55:51.953Z</time>
			</trkpt>
			<trkpt lat="40.72777" lon="-0.53792">
				<ele>1233.07</ele>
				<time>2026-09-20T04:55:52.153Z</time>
			</trkpt>
			<trkpt lat="40.72802" lon="-0.53803">
				<ele>1234.35</ele>
				<time>2026-09-20T04:55:52.583Z</time>
			</trkpt>
			<trkpt lat="40.72836" lon="-0.53812">
				<ele>1236.41</ele>
				<time>2026-09-20T04:55:53.150Z</time>
			</trkpt>
			<trkpt lat="40.72848" lon="-0.53813">
				<ele>1236.3</ele>
				<time>2026-09-20T04:55:53.346Z</time>
			</trkpt>
			<trkpt lat="40.72863" lon="-0.53806">
				<ele>1233.32</ele>
				<time>2026-09-20T04:55:53.606Z</time>
			</trkpt>
			<trkpt lat="40.72871" lon="-0.53799">
				<ele>1233.12</ele>
				<time>2026-09-20T04:55:53.762Z</time>
			</trkpt>
			<trkpt lat="40.72876" lon="-0.53789">
				<ele>1232.93</ele>
				<time>2026-09-20T04:55:53.911Z</time>
			</trkpt>
			<trkpt lat="40.72879" lon="-0.53765">
				<ele>1233.98</ele>
				<time>2026-09-20T04:55:54.212Z</time>
			</trkpt>
			<trkpt lat="40.72878" lon="-0.53752">
				<ele>1234.96</ele>
				<time>2026-09-20T04:55:54.373Z</time>
			</trkpt>
			<trkpt lat="40.72874" lon="-0.5374">
				<ele>1235.58</ele>
				<time>2026-09-20T04:55:54.536Z</time>
			</trkpt>
			<trkpt lat="40.72863" lon="-0.5372">
				<ele>1235.83</ele>
				<time>2026-09-20T04:55:54.842Z</time>
			</trkpt>
			<trkpt lat="40.72859" lon="-0.53704">
				<ele>1236.71</ele>
				<time>2026-09-20T04:55:55.051Z</time>
			</trkpt>
			<trkpt lat="40.72858" lon="-0.5369">
				<ele>1238.14</ele>
				<time>2026-09-20T04:55:55.225Z</time>
			</trkpt>
			<trkpt lat="40.7286" lon="-0.53676">
				<ele>1240.48</ele>
				<time>2026-09-20T04:55:55.401Z</time>
			</trkpt>
			<trkpt lat="40.72868" lon="-0.53656">
				<ele>1243.31</ele>
				<time>2026-09-20T04:55:55.682Z</time>
			</trkpt>
			<trkpt lat="40.72881" lon="-0.53642">
				<ele>1245.58</ele>
				<time>2026-09-20T04:55:55.957Z</time>
			</trkpt>
			<trkpt lat="40.72898" lon="-0.53637">
				<ele>1247.1</ele>
				<time>2026-09-20T04:55:56.243Z</time>
			</trkpt>
			<trkpt lat="40.72909" lon="-0.53637">
				<ele>1247.89</ele>
				<time>2026-09-20T04:55:56.423Z</time>
			</trkpt>
			<trkpt lat="40.72943" lon="-0.53646">
				<ele>1250.86</ele>
				<time>2026-09-20T04:55:56.993Z</time>
			</trkpt>
			<trkpt lat="40.72953" lon="-0.53644">
				<ele>1251.27</ele>
				<time>2026-09-20T04:55:57.160Z</time>
			</trkpt>
			<trkpt lat="40.72962" lon="-0.53641">
				<ele>1251.46</ele>
				<time>2026-09-20T04:55:57.313Z</time>
			</trkpt>
			<trkpt lat="40.73003" lon="-0.53617">
				<ele>1251.47</ele>
				<time>2026-09-20T04:55:58.054Z</time>
			</trkpt>
			<trkpt lat="40.73018" lon="-0.53615">
				<ele>1253.15</ele>
				<time>2026-09-20T04:55:58.303Z</time>
			</trkpt>
			<trkpt lat="40.73045" lon="-0.53615">
				<ele>1256.96</ele>
				<time>2026-09-20T04:55:58.751Z</time>
			</trkpt>
			<trkpt lat="40.73055" lon="-0.5361">
				<ele>1257.83</ele>
				<time>2026-09-20T04:55:58.929Z</time>
			</trkpt>
			<trkpt lat="40.73064" lon="-0.536">
				<ele>1259.05</ele>
				<time>2026-09-20T04:55:59.125Z</time>
			</trkpt>
			<trkpt lat="40.73068" lon="-0.53589">
				<ele>1259.44</ele>
				<time>2026-09-20T04:55:59.279Z</time>
			</trkpt>
			<trkpt lat="40.73071" lon="-0.53575">
				<ele>1259.44</ele>
				<time>2026-09-20T04:55:59.463Z</time>
			</trkpt>
			<trkpt lat="40.73069" lon="-0.5355">
				<ele>1258.09</ele>
				<time>2026-09-20T04:55:59.782Z</time>
			</trkpt>
			<trkpt lat="40.73059" lon="-0.53505">
				<ele>1256.48</ele>
				<time>2026-09-20T04:56:00.378Z</time>
			</trkpt>
			<trkpt lat="40.73059" lon="-0.5349">
				<ele>1257.13</ele>
				<time>2026-09-20T04:56:00.570Z</time>
			</trkpt>
			<trkpt lat="40.73061" lon="-0.53478">
				<ele>1257.95</ele>
				<time>2026-09-20T04:56:00.727Z</time>
			</trkpt>
			<trkpt lat="40.7307" lon="-0.53455">
				<ele>1258.08</ele>
				<time>2026-09-20T04:56:01.058Z</time>
			</trkpt>
			<trkpt lat="40.73078" lon="-0.53446">
				<ele>1259.02</ele>
				<time>2026-09-20T04:56:01.236Z</time>
			</trkpt>
			<trkpt lat="40.73088" lon="-0.53438">
				<ele>1259.51</ele>
				<time>2026-09-20T04:56:01.435Z</time>
			</trkpt>
			<trkpt lat="40.73105" lon="-0.53435">
				<ele>1260.34</ele>
				<time>2026-09-20T04:56:01.727Z</time>
			</trkpt>
			<trkpt lat="40.73118" lon="-0.53438">
				<ele>1260.48</ele>
				<time>2026-09-20T04:56:01.952Z</time>
			</trkpt>
			<trkpt lat="40.73132" lon="-0.53447">
				<ele>1260.3</ele>
				<time>2026-09-20T04:56:02.218Z</time>
			</trkpt>
			<trkpt lat="40.73184" lon="-0.5349">
				<ele>1264.56</ele>
				<time>2026-09-20T04:56:03.274Z</time>
			</trkpt>
			<trkpt lat="40.732" lon="-0.535">
				<ele>1265.84</ele>
				<time>2026-09-20T04:56:03.581Z</time>
			</trkpt>
			<trkpt lat="40.73225" lon="-0.53506">
				<ele>1263.58</ele>
				<time>2026-09-20T04:56:04.024Z</time>
			</trkpt>
			<trkpt lat="40.73321" lon="-0.53497">
				<ele>1259.68</ele>
				<time>2026-09-20T04:56:05.721Z</time>
			</trkpt>
			<trkpt lat="40.73341" lon="-0.53502">
				<ele>1260.81</ele>
				<time>2026-09-20T04:56:06.085Z</time>
			</trkpt>
			<trkpt lat="40.73361" lon="-0.5351">
				<ele>1261.2</ele>
				<time>2026-09-20T04:56:06.461Z</time>
			</trkpt>
			<trkpt lat="40.73377" lon="-0.53522">
				<ele>1260.21</ele>
				<time>2026-09-20T04:56:06.793Z</time>
			</trkpt>
			<trkpt lat="40.73394" lon="-0.53541">
				<ele>1262.2</ele>
				<time>2026-09-20T04:56:07.197Z</time>
			</trkpt>
			<trkpt lat="40.73444" lon="-0.53639">
				<ele>1261.86</ele>
				<time>2026-09-20T04:56:08.844Z</time>
			</trkpt>
			<trkpt lat="40.73481" lon="-0.537">
				<ele>1263.84</ele>
				<time>2026-09-20T04:56:09.956Z</time>
			</trkpt>
			<trkpt lat="40.73517" lon="-0.53748">
				<ele>1262.92</ele>
				<time>2026-09-20T04:56:10.932Z</time>
			</trkpt>
			<trkpt lat="40.73532" lon="-0.53772">
				<ele>1263.6</ele>
				<time>2026-09-20T04:56:11.387Z</time>
			</trkpt>
			<trkpt lat="40.73557" lon="-0.53828">
				<ele>1268.15</ele>
				<time>2026-09-20T04:56:12.347Z</time>
			</trkpt>
			<trkpt lat="40.73569" lon="-0.53846">
				<ele>1269.61</ele>
				<time>2026-09-20T04:56:12.705Z</time>
			</trkpt>
			<trkpt lat="40.73582" lon="-0.53857">
				<ele>1268.13</ele>
				<time>2026-09-20T04:56:13.011Z</time>
			</trkpt>
			<trkpt lat="40.73608" lon="-0.5387">
				<ele>1262.82</ele>
				<time>2026-09-20T04:56:13.566Z</time>
			</trkpt>
			<trkpt lat="40.7364" lon="-0.53878">
				<ele>1258.51</ele>
				<time>2026-09-20T04:56:14.222Z</time>
			</trkpt>
			<trkpt lat="40.73658" lon="-0.53877">
				<ele>1257.59</ele>
				<time>2026-09-20T04:56:14.588Z</time>
			</trkpt>
			<trkpt lat="40.73704" lon="-0.53868">
				<ele>1258.59</ele>
				<time>2026-09-20T04:56:15.543Z</time>
			</trkpt>
			<trkpt lat="40.73717" lon="-0.53867">
				<ele>1259.45</ele>
				<time>2026-09-20T04:56:15.813Z</time>
			</trkpt>
			<trkpt lat="40.73744" lon="-0.53874">
				<ele>1261.27</ele>
				<time>2026-09-20T04:56:16.388Z</time>
			</trkpt>
			<trkpt lat="40.73759" lon="-0.53886">
				<ele>1262.04</ele>
				<time>2026-09-20T04:56:16.757Z</time>
			</trkpt>
			<trkpt lat="40.73771" lon="-0.539">
				<ele>1262.75</ele>
				<time>2026-09-20T04:56:17.096Z</time>
			</trkpt>
			<trkpt lat="40.73795" lon="-0.53941">
				<ele>1262.37</ele>
				<time>2026-09-20T04:56:17.935Z</time>
			</trkpt>
			<trkpt lat="40.73892" lon="-0.54085">
				<ele>1252.26</ele>
				<time>2026-09-20T04:56:21.163Z</time>
			</trkpt>
			<trkpt lat="40.73917" lon="-0.54117">
				<ele>1246.68</ele>
				<time>2026-09-20T04:56:21.959Z</time>
			</trkpt>
			<trkpt lat="40.73959" lon="-0.54165">
				<ele>1239.93</ele>
				<time>2026-09-20T04:56:23.251Z</time>
			</trkpt>
			<trkpt lat="40.74014" lon="-0.54213">
				<ele>1237.48</ele>
				<time>2026-09-20T04:56:24.820Z</time>
			</trkpt>
			<trkpt lat="40.74038" lon="-0.54233">
				<ele>1235.23</ele>
				<time>2026-09-20T04:56:25.508Z</time>
			</trkpt>
			<trkpt lat="40.74051" lon="-0.54241">
				<ele>1232.98</ele>
				<time>2026-09-20T04:56:25.859Z</time>
			</trkpt>
			<trkpt lat="40.74146" lon="-0.54299">
				<ele>1234.88</ele>
				<time>2026-09-20T04:56:28.479Z</time>
			</trkpt>
			<trkpt lat="40.7417" lon="-0.5431">
				<ele>1234.76</ele>
				<time>2026-09-20T04:56:29.131Z</time>
			</trkpt>
			<trkpt lat="40.74195" lon="-0.54313">
				<ele>1235.31</ele>
				<time>2026-09-20T04:56:29.782Z</time>
			</trkpt>
			<trkpt lat="40.7422" lon="-0.54307">
				<ele>1236</ele>
				<time>2026-09-20T04:56:30.448Z</time>
			</trkpt>
			<trkpt lat="40.74245" lon="-0.54291">
				<ele>1235.65</ele>
				<time>2026-09-20T04:56:31.184Z</time>
			</trkpt>
			<trkpt lat="40.74294" lon="-0.54253">
				<ele>1227.69</ele>
				<time>2026-09-20T04:56:32.716Z</time>
			</trkpt>
			<trkpt lat="40.74318" lon="-0.54232">
				<ele>1227.28</ele>
				<time>2026-09-20T04:56:33.506Z</time>
			</trkpt>
			<trkpt lat="40.74389" lon="-0.54162">
				<ele>1221.22</ele>
				<time>2026-09-20T04:56:35.996Z</time>
			</trkpt>
			<trkpt lat="40.74411" lon="-0.54137">
				<ele>1218.58</ele>
				<time>2026-09-20T04:56:36.832Z</time>
			</trkpt>
			<trkpt lat="40.74429" lon="-0.54112">
				<ele>1215.55</ele>
				<time>2026-09-20T04:56:37.592Z</time>
			</trkpt>
			<trkpt lat="40.7447" lon="-0.54083">
				<ele>1212.91</ele>
				<time>2026-09-20T04:56:38.967Z</time>
			</trkpt>
			<trkpt lat="40.74552" lon="-0.54069">
				<ele>1211.04</ele>
				<time>2026-09-20T04:56:41.477Z</time>
			</trkpt>
			<trkpt lat="40.74641" lon="-0.54049">
				<ele>1212.64</ele>
				<time>2026-09-20T04:56:44.318Z</time>
			</trkpt>
			<trkpt lat="40.74669" lon="-0.54045">
				<ele>1214.09</ele>
				<time>2026-09-20T04:56:45.227Z</time>
			</trkpt>
			<trkpt lat="40.74695" lon="-0.54049">
				<ele>1217.22</ele>
				<time>2026-09-20T04:56:46.080Z</time>
			</trkpt>
			<trkpt lat="40.74762" lon="-0.54076">
				<ele>1218.23</ele>
				<time>2026-09-20T04:56:48.412Z</time>
			</trkpt>
			<trkpt lat="40.74803" lon="-0.54073">
				<ele>1220.1</ele>
				<time>2026-09-20T04:56:49.810Z</time>
			</trkpt>
			<trkpt lat="40.74874" lon="-0.54031">
				<ele>1222.45</ele>
				<time>2026-09-20T04:56:52.527Z</time>
			</trkpt>
			<trkpt lat="40.74901" lon="-0.54012">
				<ele>1223.86</ele>
				<time>2026-09-20T04:56:53.619Z</time>
			</trkpt>
			<trkpt lat="40.74918" lon="-0.53997">
				<ele>1224.08</ele>
				<time>2026-09-20T04:56:54.357Z</time>
			</trkpt>
			<trkpt lat="40.74933" lon="-0.53976">
				<ele>1226.02</ele>
				<time>2026-09-20T04:56:55.153Z</time>
			</trkpt>
			<trkpt lat="40.74943" lon="-0.53954">
				<ele>1228.46</ele>
				<time>2026-09-20T04:56:55.866Z</time>
			</trkpt>
			<trkpt lat="40.74979" lon="-0.53861">
				<ele>1233.76</ele>
				<time>2026-09-20T04:56:58.831Z</time>
			</trkpt>
			<trkpt lat="40.75004" lon="-0.53809">
				<ele>1231.56</ele>
				<time>2026-09-20T04:57:00.625Z</time>
			</trkpt>
			<trkpt lat="40.75034" lon="-0.53757">
				<ele>1229.96</ele>
				<time>2026-09-20T04:57:02.568Z</time>
			</trkpt>
			<trkpt lat="40.75058" lon="-0.53733">
				<ele>1229.96</ele>
				<time>2026-09-20T04:57:03.768Z</time>
			</trkpt>
			<trkpt lat="40.75071" lon="-0.53725">
				<ele>1229.05</ele>
				<time>2026-09-20T04:57:04.345Z</time>
			</trkpt>
			<trkpt lat="40.75083" lon="-0.5372">
				<ele>1228.24</ele>
				<time>2026-09-20T04:57:04.854Z</time>
			</trkpt>
			<trkpt lat="40.75097" lon="-0.53719">
				<ele>1227.6</ele>
				<time>2026-09-20T04:57:05.424Z</time>
			</trkpt>
			<trkpt lat="40.75119" lon="-0.53719">
				<ele>1227.87</ele>
				<time>2026-09-20T04:57:06.326Z</time>
			</trkpt>
			<trkpt lat="40.75141" lon="-0.53725">
				<ele>1230.01</ele>
				<time>2026-09-20T04:57:07.255Z</time>
			</trkpt>
			<trkpt lat="40.75241" lon="-0.53767">
				<ele>1232.71</ele>
				<time>2026-09-20T04:57:11.708Z</time>
			</trkpt>
			<trkpt lat="40.75316" lon="-0.53787">
				<ele>1229.02</ele>
				<time>2026-09-20T04:57:15.075Z</time>
			</trkpt>
			<trkpt lat="40.75333" lon="-0.53793">
				<ele>1227.82</ele>
				<time>2026-09-20T04:57:15.865Z</time>
			</trkpt>
			<trkpt lat="40.75371" lon="-0.53813">
				<ele>1226.83</ele>
				<time>2026-09-20T04:57:17.721Z</time>
			</trkpt>
			<trkpt lat="40.75385" lon="-0.53817">
				<ele>1226.97</ele>
				<time>2026-09-20T04:57:18.378Z</time>
			</trkpt>
			<trkpt lat="40.75398" lon="-0.53819">
				<ele>1227.66</ele>
				<time>2026-09-20T04:57:18.982Z</time>
			</trkpt>
			<trkpt lat="40.75413" lon="-0.53815">
				<ele>1227.72</ele>
				<time>2026-09-20T04:57:19.692Z</time>
			</trkpt>
			<trkpt lat="40.75466" lon="-0.53795">
				<ele>1229.85</ele>
				<time>2026-09-20T04:57:22.286Z</time>
			</trkpt>
			<trkpt lat="40.75484" lon="-0.5379">
				<ele>1229.88</ele>
				<time>2026-09-20T04:57:23.164Z</time>
			</trkpt>
			<trkpt lat="40.75497" lon="-0.5379">
				<ele>1229.97</ele>
				<time>2026-09-20T04:57:23.788Z</time>
			</trkpt>
			<trkpt lat="40.75523" lon="-0.53798">
				<ele>1231.68</ele>
				<time>2026-09-20T04:57:25.081Z</time>
			</trkpt>
			<trkpt lat="40.75562" lon="-0.53818">
				<ele>1233.99</ele>
				<time>2026-09-20T04:57:27.134Z</time>
			</trkpt>
			<trkpt lat="40.75578" lon="-0.53823">
				<ele>1232.86</ele>
				<time>2026-09-20T04:57:27.950Z</time>
			</trkpt>
			<trkpt lat="40.75591" lon="-0.53821">
				<ele>1231.64</ele>
				<time>2026-09-20T04:57:28.603Z</time>
			</trkpt>
			<trkpt lat="40.75603" lon="-0.53814">
				<ele>1230.02</ele>
				<time>2026-09-20T04:57:29.262Z</time>
			</trkpt>
			<trkpt lat="40.75615" lon="-0.53799">
				<ele>1228.47</ele>
				<time>2026-09-20T04:57:30.096Z</time>
			</trkpt>
			<trkpt lat="40.7562" lon="-0.53785">
				<ele>1227.47</ele>
				<time>2026-09-20T04:57:30.691Z</time>
			</trkpt>
			<trkpt lat="40.75622" lon="-0.53766">
				<ele>1226.1</ele>
				<time>2026-09-20T04:57:31.432Z</time>
			</trkpt>
			<trkpt lat="40.75624" lon="-0.53712">
				<ele>1223.48</ele>
				<time>2026-09-20T04:57:33.543Z</time>
			</trkpt>
			<trkpt lat="40.75627" lon="-0.53686">
				<ele>1221.53</ele>
				<time>2026-09-20T04:57:34.583Z</time>
			</trkpt>
			<trkpt lat="40.75635" lon="-0.53665">
				<ele>1219.33</ele>
				<time>2026-09-20T04:57:35.518Z</time>
			</trkpt>
			<trkpt lat="40.75644" lon="-0.53653">
				<ele>1217.75</ele>
				<time>2026-09-20T04:57:36.194Z</time>
			</trkpt>
			<trkpt lat="40.75666" lon="-0.53633">
				<ele>1218.05</ele>
				<time>2026-09-20T04:57:37.617Z</time>
			</trkpt>
			<trkpt lat="40.75676" lon="-0.53627">
				<ele>1217.25</ele>
				<time>2026-09-20T04:57:38.207Z</time>
			</trkpt>
			<trkpt lat="40.7569" lon="-0.53624">
				<ele>1217.41</ele>
				<time>2026-09-20T04:57:38.971Z</time>
			</trkpt>
			<trkpt lat="40.75718" lon="-0.53627">
				<ele>1215.6</ele>
				<time>2026-09-20T04:57:40.498Z</time>
			</trkpt>
			<trkpt lat="40.75749" lon="-0.53636">
				<ele>1213.4</ele>
				<time>2026-09-20T04:57:42.243Z</time>
			</trkpt>
			<trkpt lat="40.75763" lon="-0.53643">
				<ele>1211.77</ele>
				<time>2026-09-20T04:57:43.073Z</time>
			</trkpt>
			<trkpt lat="40.75779" lon="-0.53655">
				<ele>1209.82</ele>
				<time>2026-09-20T04:57:44.100Z</time>
			</trkpt>
			<trkpt lat="40.75791" lon="-0.5367">
				<ele>1209.36</ele>
				<time>2026-09-20T04:57:45.028Z</time>
			</trkpt>
			<trkpt lat="40.75803" lon="-0.53692">
				<ele>1210.22</ele>
				<time>2026-09-20T04:57:46.190Z</time>
			</trkpt>
			<trkpt lat="40.75814" lon="-0.53733">
				<ele>1209.11</ele>
				<time>2026-09-20T04:57:48.073Z</time>
			</trkpt>
			<trkpt lat="40.75839" lon="-0.53876">
				<ele>1210.79</ele>
				<time>2026-09-20T04:57:54.600Z</time>
			</trkpt>
			<trkpt lat="40.75846" lon="-0.53923">
				<ele>1206.78</ele>
				<time>2026-09-20T04:57:56.789Z</time>
			</trkpt>
			<trkpt lat="40.75853" lon="-0.53956">
				<ele>1203.92</ele>
				<time>2026-09-20T04:57:58.374Z</time>
			</trkpt>
			<trkpt lat="40.75872" lon="-0.54015">
				<ele>1206.69</ele>
				<time>2026-09-20T04:58:01.379Z</time>
			</trkpt>
			<trkpt lat="40.75888" lon="-0.54056">
				<ele>1207.05</ele>
				<time>2026-09-20T04:58:03.574Z</time>
			</trkpt>
			<trkpt lat="40.75909" lon="-0.541">
				<ele>1202.26</ele>
				<time>2026-09-20T04:58:06.083Z</time>
			</trkpt>
			<trkpt lat="40.76035" lon="-0.54355">
				<ele>1193.2</ele>
				<time>2026-09-20T04:58:21.507Z</time>
			</trkpt>
			<trkpt lat="40.76046" lon="-0.54387">
				<ele>1188.76</ele>
				<time>2026-09-20T04:58:23.370Z</time>
			</trkpt>
			<trkpt lat="40.76094" lon="-0.54544">
				<ele>1178.09</ele>
				<time>2026-09-20T04:58:32.593Z</time>
			</trkpt>
			<trkpt lat="40.76107" lon="-0.54645">
				<ele>1169.06</ele>
				<time>2026-09-20T04:58:38.377Z</time>
			</trkpt>
			<trkpt lat="40.76117" lon="-0.54683">
				<ele>1166.67</ele>
				<time>2026-09-20T04:58:40.690Z</time>
			</trkpt>
			<trkpt lat="40.76139" lon="-0.54799">
				<ele>1158.29</ele>
				<time>2026-09-20T04:58:47.711Z</time>
			</trkpt>
			<trkpt lat="40.76163" lon="-0.54875">
				<ele>1155.95</ele>
				<time>2026-09-20T04:58:52.672Z</time>
			</trkpt>
			<trkpt lat="40.76186" lon="-0.54936">
				<ele>1147.76</ele>
				<time>2026-09-20T04:58:56.856Z</time>
			</trkpt>
			<trkpt lat="40.76237" lon="-0.5505">
				<ele>1142.68</ele>
				<time>2026-09-20T04:59:05.194Z</time>
			</trkpt>
			<trkpt lat="40.76265" lon="-0.55127">
				<ele>1129.12</ele>
				<time>2026-09-20T04:59:10.721Z</time>
			</trkpt>
			<trkpt lat="40.76293" lon="-0.55181">
				<ele>1127.45</ele>
				<time>2026-09-20T04:59:15.035Z</time>
			</trkpt>
			<trkpt lat="40.76312" lon="-0.55212">
				<ele>1126.08</ele>
				<time>2026-09-20T04:59:17.698Z</time>
			</trkpt>
			<trkpt lat="40.76327" lon="-0.5523">
				<ele>1124.39</ele>
				<time>2026-09-20T04:59:19.500Z</time>
			</trkpt>
			<trkpt lat="40.76348" lon="-0.55244">
				<ele>1125.89</ele>
				<time>2026-09-20T04:59:21.606Z</time>
			</trkpt>
			<trkpt lat="40.76365" lon="-0.5526">
				<ele>1125.41</ele>
				<time>2026-09-20T04:59:23.489Z</time>
			</trkpt>
			<trkpt lat="40.76464" lon="-0.55388">
				<ele>1115.21</ele>
				<time>2026-09-20T04:59:36.305Z</time>
			</trkpt>
			<trkpt lat="40.76483" lon="-0.55409">
				<ele>1111.45</ele>
				<time>2026-09-20T04:59:38.656Z</time>
			</trkpt>
			<trkpt lat="40.765" lon="-0.55425">
				<ele>1108.1</ele>
				<time>2026-09-20T04:59:40.652Z</time>
			</trkpt>
			<trkpt lat="40.76533" lon="-0.55438">
				<ele>1101.24</ele>
				<time>2026-09-20T04:59:43.972Z</time>
			</trkpt>
			<trkpt lat="40.76586" lon="-0.55478">
				<ele>1096.58</ele>
				<time>2026-09-20T04:59:49.946Z</time>
			</trkpt>
			<trkpt lat="40.76607" lon="-0.55488">
				<ele>1095.12</ele>
				<time>2026-09-20T04:59:52.159Z</time>
			</trkpt>
			<trkpt lat="40.76642" lon="-0.55498">
				<ele>1094.26</ele>
				<time>2026-09-20T04:59:55.741Z</time>
			</trkpt>
			<trkpt lat="40.76644" lon="-0.55494">
				<ele>1095.55</ele>
				<time>2026-09-20T04:59:56.107Z</time>
			</trkpt>
			<trkpt lat="40.76649" lon="-0.55493">
				<ele>1096.48</ele>
				<time>2026-09-20T04:59:56.616Z</time>
			</trkpt>
			<trkpt lat="40.76662" lon="-0.55497">
				<ele>1097.14</ele>
				<time>2026-09-20T04:59:57.965Z</time>
			</trkpt>
			<trkpt lat="40.76681" lon="-0.55495">
				<ele>1096.43</ele>
				<time>2026-09-20T04:59:59.901Z</time>
			</trkpt>
			<trkpt lat="40.76695" lon="-0.55486">
				<ele>1096.53</ele>
				<time>2026-09-20T05:00:01.490Z</time>
			</trkpt>
			<trkpt lat="40.76702" lon="-0.5547">
				<ele>1098.72</ele>
				<time>2026-09-20T05:00:02.926Z</time>
			</trkpt>
			<trkpt lat="40.76704" lon="-0.55455">
				<ele>1102.66</ele>
				<time>2026-09-20T05:00:04.113Z</time>
			</trkpt>
			<trkpt lat="40.76707" lon="-0.55444">
				<ele>1105.43</ele>
				<time>2026-09-20T05:00:05.028Z</time>
			</trkpt>
			<trkpt lat="40.76716" lon="-0.55436">
				<ele>1106.87</ele>
				<time>2026-09-20T05:00:06.151Z</time>
			</trkpt>
			<trkpt lat="40.76759" lon="-0.55425">
				<ele>1106.33</ele>
				<time>2026-09-20T05:00:10.726Z</time>
			</trkpt>
			<trkpt lat="40.76775" lon="-0.55407">
				<ele>1110.04</ele>
				<time>2026-09-20T05:00:12.943Z</time>
			</trkpt>
			<trkpt lat="40.76798" lon="-0.55373">
				<ele>1114.45</ele>
				<time>2026-09-20T05:00:16.615Z</time>
			</trkpt>
			<trkpt lat="40.76847" lon="-0.55245">
				<ele>1130.7</ele>
				<time>2026-09-20T05:00:28.418Z</time>
			</trkpt>
			<trkpt lat="40.76856" lon="-0.55237">
				<ele>1129.47</ele>
				<time>2026-09-20T05:00:29.617Z</time>
			</trkpt>
			<trkpt lat="40.7689" lon="-0.55223">
				<ele>1128.68</ele>
				<time>2026-09-20T05:00:33.583Z</time>
			</trkpt>
			<trkpt lat="40.7691" lon="-0.55206">
				<ele>1131.32</ele>
				<time>2026-09-20T05:00:36.255Z</time>
			</trkpt>
			<trkpt lat="40.76928" lon="-0.55193">
				<ele>1132.52</ele>
				<time>2026-09-20T05:00:38.575Z</time>
			</trkpt>
			<trkpt lat="40.76941" lon="-0.55174">
				<ele>1131.52</ele>
				<time>2026-09-20T05:00:40.780Z</time>
			</trkpt>
			<trkpt lat="40.76943" lon="-0.55151">
				<ele>1131.45</ele>
				<time>2026-09-20T05:00:42.785Z</time>
			</trkpt>
			<trkpt lat="40.76936" lon="-0.55131">
				<ele>1133.32</ele>
				<time>2026-09-20T05:00:44.703Z</time>
			</trkpt>
			<trkpt lat="40.76896" lon="-0.5508">
				<ele>1140.88</ele>
				<time>2026-09-20T05:00:51.935Z</time>
			</trkpt>
			<trkpt lat="40.76851" lon="-0.55054">
				<ele>1153.59</ele>
				<time>2026-09-20T05:01:02.131Z</time>
			</trkpt>
			<trkpt lat="40.76896" lon="-0.5508">
				<ele>1140.88</ele>
				<time>2026-09-20T05:01:15.770Z</time>
			</trkpt>
			<trkpt lat="40.76936" lon="-0.55131">
				<ele>1133.32</ele>
				<time>2026-09-20T05:01:34.596Z</time>
			</trkpt>
			<trkpt lat="40.76943" lon="-0.55151">
				<ele>1131.45</ele>
				<time>2026-09-20T05:01:40.821Z</time>
			</trkpt>
			<trkpt lat="40.76941" lon="-0.55174">
				<ele>1131.52</ele>
				<time>2026-09-20T05:01:47.602Z</time>
			</trkpt>
			<trkpt lat="40.76928" lon="-0.55193">
				<ele>1132.52</ele>
				<time>2026-09-20T05:01:55.356Z</time>
			</trkpt>
			<trkpt lat="40.7691" lon="-0.55206">
				<ele>1131.32</ele>
				<time>2026-09-20T05:02:03.809Z</time>
			</trkpt>
			<trkpt lat="40.7689" lon="-0.55223">
				<ele>1128.68</ele>
				<time>2026-09-20T05:02:13.873Z</time>
			</trkpt>
			<trkpt lat="40.76856" lon="-0.55237">
				<ele>1129.47</ele>
				<time>2026-09-20T05:02:29.327Z</time>
			</trkpt>
			<trkpt lat="40.76847" lon="-0.55245">
				<ele>1130.7</ele>
				<time>2026-09-20T05:02:34.096Z</time>
			</trkpt>
			<trkpt lat="40.76798" lon="-0.55373">
				<ele>1114.45</ele>
				<time>2026-09-20T05:03:21.689Z</time>
			</trkpt>
			<trkpt lat="40.76775" lon="-0.55407">
				<ele>1110.04</ele>
				<time>2026-09-20T05:03:36.107Z</time>
			</trkpt>
			<trkpt lat="40.76759" lon="-0.55425">
				<ele>1106.33</ele>
				<time>2026-09-20T05:03:44.552Z</time>
			</trkpt>
			<trkpt lat="40.76716" lon="-0.55436">
				<ele>1106.87</ele>
				<time>2026-09-20T05:04:01.099Z</time>
			</trkpt>
			<trkpt lat="40.76707" lon="-0.55444">
				<ele>1105.43</ele>
				<time>2026-09-20T05:04:04.941Z</time>
			</trkpt>
			<trkpt lat="40.76704" lon="-0.55455">
				<ele>1102.66</ele>
				<time>2026-09-20T05:04:07.990Z</time>
			</trkpt>
			<trkpt lat="40.76702" lon="-0.5547">
				<ele>1098.72</ele>
				<time>2026-09-20T05:04:11.851Z</time>
			</trkpt>
			<trkpt lat="40.76695" lon="-0.55486">
				<ele>1096.53</ele>
				<time>2026-09-20T05:04:16.571Z</time>
			</trkpt>
			<trkpt lat="40.76681" lon="-0.55495">
				<ele>1096.43</ele>
				<time>2026-09-20T05:04:21.943Z</time>
			</trkpt>
			<trkpt lat="40.76662" lon="-0.55497">
				<ele>1097.14</ele>
				<time>2026-09-20T05:04:28.673Z</time>
			</trkpt>
			<trkpt lat="40.76649" lon="-0.55493">
				<ele>1096.48</ele>
				<time>2026-09-20T05:04:33.474Z</time>
			</trkpt>
			<trkpt lat="40.76644" lon="-0.55494">
				<ele>1095.55</ele>
				<time>2026-09-20T05:04:35.310Z</time>
			</trkpt>
			<trkpt lat="40.76642" lon="-0.55498">
				<ele>1094.26</ele>
				<time>2026-09-20T05:04:36.633Z</time>
			</trkpt>
			<trkpt lat="40.76693" lon="-0.55513">
				<ele>1091.82</ele>
				<time>2026-09-20T05:04:56.064Z</time>
			</trkpt>
			<trkpt lat="40.76714" lon="-0.55515">
				<ele>1090</ele>
				<time>2026-09-20T05:05:04.026Z</time>
			</trkpt>
			<trkpt lat="40.7673" lon="-0.55513">
				<ele>1089.61</ele>
				<time>2026-09-20T05:05:10.124Z</time>
			</trkpt>
			<trkpt lat="40.76985" lon="-0.55454">
				<ele>1073.98</ele>
				<time>2026-09-20T05:06:38.035Z</time>
			</trkpt>
			<trkpt lat="40.77005" lon="-0.55452">
				<ele>1074.15</ele>
				<time>2026-09-20T05:06:43.047Z</time>
			</trkpt>
			<trkpt lat="40.77033" lon="-0.55454">
				<ele>1071.95</ele>
				<time>2026-09-20T05:06:49.374Z</time>
			</trkpt>
			<trkpt lat="40.77063" lon="-0.55461">
				<ele>1067.14</ele>
				<time>2026-09-20T05:06:55.263Z</time>
			</trkpt>
			<trkpt lat="40.77088" lon="-0.55473">
				<ele>1064.82</ele>
				<time>2026-09-20T05:06:59.490Z</time>
			</trkpt>
			<trkpt lat="40.77109" lon="-0.5549">
				<ele>1064.62</ele>
				<time>2026-09-20T05:07:02.580Z</time>
			</trkpt>
			<trkpt lat="40.7713" lon="-0.55509">
				<ele>1065</ele>
				<time>2026-09-20T05:07:05.004Z</time>
			</trkpt>
			<trkpt lat="40.77249" lon="-0.55645">
				<ele>1074.66</ele>
				<time>2026-09-20T05:07:16.967Z</time>
			</trkpt>
			<trkpt lat="40.77265" lon="-0.55667">
				<ele>1074.71</ele>
				<time>2026-09-20T05:07:18.409Z</time>
			</trkpt>
			<trkpt lat="40.77288" lon="-0.55707">
				<ele>1075.41</ele>
				<time>2026-09-20T05:07:20.639Z</time>
			</trkpt>
			<trkpt lat="40.77303" lon="-0.55747">
				<ele>1075.34</ele>
				<time>2026-09-20T05:07:22.482Z</time>
			</trkpt>
			<trkpt lat="40.7731" lon="-0.55778">
				<ele>1074.08</ele>
				<time>2026-09-20T05:07:23.744Z</time>
			</trkpt>
			<trkpt lat="40.77314" lon="-0.55805">
				<ele>1072.78</ele>
				<time>2026-09-20T05:07:24.773Z</time>
			</trkpt>
			<trkpt lat="40.77314" lon="-0.5583">
				<ele>1072.07</ele>
				<time>2026-09-20T05:07:25.675Z</time>
			</trkpt>
			<trkpt lat="40.77318" lon="-0.55864">
				<ele>1072.1</ele>
				<time>2026-09-20T05:07:26.870Z</time>
			</trkpt>
			<trkpt lat="40.77307" lon="-0.55869">
				<ele>1072.83</ele>
				<time>2026-09-20T05:07:27.388Z</time>
			</trkpt>
			<trkpt lat="40.77278" lon="-0.55898">
				<ele>1075.26</ele>
				<time>2026-09-20T05:07:28.950Z</time>
			</trkpt>
			<trkpt lat="40.77225" lon="-0.55963">
				<ele>1082.16</ele>
				<time>2026-09-20T05:07:31.856Z</time>
			</trkpt>
			<trkpt lat="40.77219" lon="-0.55973">
				<ele>1082</ele>
				<time>2026-09-20T05:07:32.230Z</time>
			</trkpt>
			<trkpt lat="40.77216" lon="-0.55982">
				<ele>1081.85</ele>
				<time>2026-09-20T05:07:32.516Z</time>
			</trkpt>
			<trkpt lat="40.77226" lon="-0.56474">
				<ele>1104.08</ele>
				<time>2026-09-20T05:07:48.078Z</time>
			</trkpt>
			<trkpt lat="40.7722" lon="-0.56499">
				<ele>1107.58</ele>
				<time>2026-09-20T05:07:49.093Z</time>
			</trkpt>
			<trkpt lat="40.77191" lon="-0.56548">
				<ele>1109.91</ele>
				<time>2026-09-20T05:07:51.488Z</time>
			</trkpt>
			<trkpt lat="40.77181" lon="-0.56563">
				<ele>1110.09</ele>
				<time>2026-09-20T05:07:52.255Z</time>
			</trkpt>
			<trkpt lat="40.77172" lon="-0.56572">
				<ele>1110.12</ele>
				<time>2026-09-20T05:07:52.825Z</time>
			</trkpt>
			<trkpt lat="40.77161" lon="-0.56579">
				<ele>1109.78</ele>
				<time>2026-09-20T05:07:53.441Z</time>
			</trkpt>
			<trkpt lat="40.77095" lon="-0.56609">
				<ele>1112.38</ele>
				<time>2026-09-20T05:07:56.944Z</time>
			</trkpt>
			<trkpt lat="40.7707" lon="-0.56625">
				<ele>1113.66</ele>
				<time>2026-09-20T05:07:58.328Z</time>
			</trkpt>
			<trkpt lat="40.77056" lon="-0.56641">
				<ele>1114.46</ele>
				<time>2026-09-20T05:07:59.248Z</time>
			</trkpt>
			<trkpt lat="40.77042" lon="-0.56661">
				<ele>1113.89</ele>
				<time>2026-09-20T05:08:00.269Z</time>
			</trkpt>
			<trkpt lat="40.77032" lon="-0.56679">
				<ele>1114.04</ele>
				<time>2026-09-20T05:08:01.105Z</time>
			</trkpt>
			<trkpt lat="40.77026" lon="-0.56697">
				<ele>1115.09</ele>
				<time>2026-09-20T05:08:01.839Z</time>
			</trkpt>
			<trkpt lat="40.77014" lon="-0.56739">
				<ele>1120.41</ele>
				<time>2026-09-20T05:08:03.509Z</time>
			</trkpt>
			<trkpt lat="40.7696" lon="-0.56959">
				<ele>1132.5</ele>
				<time>2026-09-20T05:08:11.988Z</time>
			</trkpt>
			<trkpt lat="40.76952" lon="-0.57006">
				<ele>1133.65</ele>
				<time>2026-09-20T05:08:13.728Z</time>
			</trkpt>
			<trkpt lat="40.76946" lon="-0.57052">
				<ele>1133.7</ele>
				<time>2026-09-20T05:08:15.406Z</time>
			</trkpt>
			<trkpt lat="40.76945" lon="-0.57075">
				<ele>1134.69</ele>
				<time>2026-09-20T05:08:16.231Z</time>
			</trkpt>
			<trkpt lat="40.76946" lon="-0.57098">
				<ele>1137.19</ele>
				<time>2026-09-20T05:08:17.054Z</time>
			</trkpt>
			<trkpt lat="40.76948" lon="-0.57112">
				<ele>1139.36</ele>
				<time>2026-09-20T05:08:17.561Z</time>
			</trkpt>
			<trkpt lat="40.76952" lon="-0.57124">
				<ele>1139.86</ele>
				<time>2026-09-20T05:08:18.028Z</time>
			</trkpt>
			<trkpt lat="40.7696" lon="-0.57135">
				<ele>1141.38</ele>
				<time>2026-09-20T05:08:18.570Z</time>
			</trkpt>
			<trkpt lat="40.76999" lon="-0.57172">
				<ele>1145.77</ele>
				<time>2026-09-20T05:08:20.815Z</time>
			</trkpt>
			<trkpt lat="40.77008" lon="-0.57185">
				<ele>1146.05</ele>
				<time>2026-09-20T05:08:21.436Z</time>
			</trkpt>
			<trkpt lat="40.77015" lon="-0.57202">
				<ele>1146.52</ele>
				<time>2026-09-20T05:08:22.116Z</time>
			</trkpt>
			<trkpt lat="40.7702" lon="-0.57219">
				<ele>1147.42</ele>
				<time>2026-09-20T05:08:22.756Z</time>
			</trkpt>
			<trkpt lat="40.77021" lon="-0.57232">
				<ele>1149.16</ele>
				<time>2026-09-20T05:08:23.214Z</time>
			</trkpt>
			<trkpt lat="40.77017" lon="-0.57254">
				<ele>1152.76</ele>
				<time>2026-09-20T05:08:24.006Z</time>
			</trkpt>
			<trkpt lat="40.7701" lon="-0.57271">
				<ele>1154.65</ele>
				<time>2026-09-20T05:08:24.681Z</time>
			</trkpt>
			<trkpt lat="40.76996" lon="-0.57296">
				<ele>1155.23</ele>
				<time>2026-09-20T05:08:25.764Z</time>
			</trkpt>
			<trkpt lat="40.7697" lon="-0.57328">
				<ele>1151.81</ele>
				<time>2026-09-20T05:08:27.391Z</time>
			</trkpt>
			<trkpt lat="40.7696" lon="-0.57336">
				<ele>1150.96</ele>
				<time>2026-09-20T05:08:27.924Z</time>
			</trkpt>
			<trkpt lat="40.76921" lon="-0.57363">
				<ele>1151.13</ele>
				<time>2026-09-20T05:08:29.925Z</time>
			</trkpt>
			<trkpt lat="40.76741" lon="-0.57542">
				<ele>1177.57</ele>
				<time>2026-09-20T05:08:39.975Z</time>
			</trkpt>
			<trkpt lat="40.76689" lon="-0.576">
				<ele>1181.91</ele>
				<time>2026-09-20T05:08:42.949Z</time>
			</trkpt>
			<trkpt lat="40.76664" lon="-0.57645">
				<ele>1186.08</ele>
				<time>2026-09-20T05:08:44.782Z</time>
			</trkpt>
			<trkpt lat="40.76636" lon="-0.57684">
				<ele>1191.88</ele>
				<time>2026-09-20T05:08:46.536Z</time>
			</trkpt>
			<trkpt lat="40.76594" lon="-0.57727">
				<ele>1195.09</ele>
				<time>2026-09-20T05:08:48.812Z</time>
			</trkpt>
			<trkpt lat="40.76495" lon="-0.57876">
				<ele>1200.43</ele>
				<time>2026-09-20T05:08:55.151Z</time>
			</trkpt>
			<trkpt lat="40.76486" lon="-0.57893">
				<ele>1201.81</ele>
				<time>2026-09-20T05:08:55.806Z</time>
			</trkpt>
			<trkpt lat="40.7645" lon="-0.57995">
				<ele>1208.92</ele>
				<time>2026-09-20T05:08:59.339Z</time>
			</trkpt>
			<trkpt lat="40.76439" lon="-0.58013">
				<ele>1209.25</ele>
				<time>2026-09-20T05:09:00.060Z</time>
			</trkpt>
			<trkpt lat="40.76396" lon="-0.58064">
				<ele>1210.89</ele>
				<time>2026-09-20T05:09:02.426Z</time>
			</trkpt>
			<trkpt lat="40.76375" lon="-0.58093">
				<ele>1213.55</ele>
				<time>2026-09-20T05:09:03.663Z</time>
			</trkpt>
			<trkpt lat="40.76364" lon="-0.58117">
				<ele>1216.95</ele>
				<time>2026-09-20T05:09:04.524Z</time>
			</trkpt>
			<trkpt lat="40.76358" lon="-0.58153">
				<ele>1221.68</ele>
				<time>2026-09-20T05:09:05.653Z</time>
			</trkpt>
			<trkpt lat="40.76358" lon="-0.58197">
				<ele>1225.18</ele>
				<time>2026-09-20T05:09:06.994Z</time>
			</trkpt>
			<trkpt lat="40.76395" lon="-0.58394">
				<ele>1229.22</ele>
				<time>2026-09-20T05:09:13.100Z</time>
			</trkpt>
			<trkpt lat="40.76381" lon="-0.58554">
				<ele>1234.14</ele>
				<time>2026-09-20T05:09:17.856Z</time>
			</trkpt>
			<trkpt lat="40.76384" lon="-0.58587">
				<ele>1235.36</ele>
				<time>2026-09-20T05:09:18.827Z</time>
			</trkpt>
			<trkpt lat="40.76425" lon="-0.58797">
				<ele>1241.64</ele>
				<time>2026-09-20T05:09:25.085Z</time>
			</trkpt>
			<trkpt lat="40.76457" lon="-0.58893">
				<ele>1242.49</ele>
				<time>2026-09-20T05:09:28.062Z</time>
			</trkpt>
			<trkpt lat="40.7646" lon="-0.58908">
				<ele>1243.01</ele>
				<time>2026-09-20T05:09:28.499Z</time>
			</trkpt>
			<trkpt lat="40.76448" lon="-0.59">
				<ele>1255.26</ele>
				<time>2026-09-20T05:09:31.118Z</time>
			</trkpt>
			<trkpt lat="40.76428" lon="-0.59085">
				<ele>1258.57</ele>
				<time>2026-09-20T05:09:33.592Z</time>
			</trkpt>
			<trkpt lat="40.76376" lon="-0.59291">
				<ele>1271</ele>
				<time>2026-09-20T05:09:39.535Z</time>
			</trkpt>
			<trkpt lat="40.76369" lon="-0.59325">
				<ele>1269.93</ele>
				<time>2026-09-20T05:09:40.487Z</time>
			</trkpt>
			<trkpt lat="40.76369" lon="-0.59345">
				<ele>1270.64</ele>
				<time>2026-09-20T05:09:41.026Z</time>
			</trkpt>
			<trkpt lat="40.76375" lon="-0.59374">
				<ele>1272.24</ele>
				<time>2026-09-20T05:09:41.834Z</time>
			</trkpt>
			<trkpt lat="40.7643" lon="-0.59582">
				<ele>1281.04</ele>
				<time>2026-09-20T05:09:47.683Z</time>
			</trkpt>
			<trkpt lat="40.76472" lon="-0.59745">
				<ele>1286.8</ele>
				<time>2026-09-20T05:09:52.166Z</time>
			</trkpt>
			<trkpt lat="40.7648" lon="-0.59791">
				<ele>1286.82</ele>
				<time>2026-09-20T05:09:53.382Z</time>
			</trkpt>
			<trkpt lat="40.76494" lon="-0.59911">
				<ele>1293.51</ele>
				<time>2026-09-20T05:09:56.485Z</time>
			</trkpt>
			<trkpt lat="40.76507" lon="-0.60001">
				<ele>1293.11</ele>
				<time>2026-09-20T05:09:58.802Z</time>
			</trkpt>
			<trkpt lat="40.7651" lon="-0.60013">
				<ele>1293.39</ele>
				<time>2026-09-20T05:09:59.120Z</time>
			</trkpt>
			<trkpt lat="40.76552" lon="-0.60093">
				<ele>1301.06</ele>
				<time>2026-09-20T05:10:01.557Z</time>
			</trkpt>
			<trkpt lat="40.76555" lon="-0.60106">
				<ele>1300.54</ele>
				<time>2026-09-20T05:10:01.895Z</time>
			</trkpt>
			<trkpt lat="40.76573" lon="-0.60332">
				<ele>1310.52</ele>
				<time>2026-09-20T05:10:07.490Z</time>
			</trkpt>
			<trkpt lat="40.76586" lon="-0.60411">
				<ele>1311.02</ele>
				<time>2026-09-20T05:10:09.452Z</time>
			</trkpt>
			<trkpt lat="40.76584" lon="-0.60426">
				<ele>1310.68</ele>
				<time>2026-09-20T05:10:09.820Z</time>
			</trkpt>
			<trkpt lat="40.76579" lon="-0.60433">
				<ele>1310.2</ele>
				<time>2026-09-20T05:10:10.052Z</time>
			</trkpt>
			<trkpt lat="40.76547" lon="-0.6046">
				<ele>1309.03</ele>
				<time>2026-09-20T05:10:11.259Z</time>
			</trkpt>
			<trkpt lat="40.76504" lon="-0.60489">
				<ele>1313.91</ele>
				<time>2026-09-20T05:10:12.785Z</time>
			</trkpt>
			<trkpt lat="40.76495" lon="-0.60491">
				<ele>1315.53</ele>
				<time>2026-09-20T05:10:13.072Z</time>
			</trkpt>
			<trkpt lat="40.76484" lon="-0.60489">
				<ele>1316.98</ele>
				<time>2026-09-20T05:10:13.422Z</time>
			</trkpt>
			<trkpt lat="40.76279" lon="-0.60343">
				<ele>1328.41</ele>
				<time>2026-09-20T05:10:20.644Z</time>
			</trkpt>
			<trkpt lat="40.76186" lon="-0.60251">
				<ele>1333.19</ele>
				<time>2026-09-20T05:10:24.175Z</time>
			</trkpt>
			<trkpt lat="40.76176" lon="-0.60247">
				<ele>1333.34</ele>
				<time>2026-09-20T05:10:24.490Z</time>
			</trkpt>
			<trkpt lat="40.76169" lon="-0.60249">
				<ele>1335.08</ele>
				<time>2026-09-20T05:10:24.706Z</time>
			</trkpt>
			<trkpt lat="40.76138" lon="-0.60281">
				<ele>1341.97</ele>
				<time>2026-09-20T05:10:25.888Z</time>
			</trkpt>
			<trkpt lat="40.76109" lon="-0.60301">
				<ele>1347.49</ele>
				<time>2026-09-20T05:10:26.867Z</time>
			</trkpt>
			<trkpt lat="40.76099" lon="-0.60315">
				<ele>1351.58</ele>
				<time>2026-09-20T05:10:27.302Z</time>
			</trkpt>
			<trkpt lat="40.76088" lon="-0.60327">
				<ele>1354.12</ele>
				<time>2026-09-20T05:10:27.728Z</time>
			</trkpt>
			<trkpt lat="40.76049" lon="-0.60337">
				<ele>1351.12</ele>
				<time>2026-09-20T05:10:28.908Z</time>
			</trkpt>
			<trkpt lat="40.76043" lon="-0.60344">
				<ele>1351.42</ele>
				<time>2026-09-20T05:10:29.145Z</time>
			</trkpt>
			<trkpt lat="40.7604" lon="-0.60359">
				<ele>1353.04</ele>
				<time>2026-09-20T05:10:29.493Z</time>
			</trkpt>
			<trkpt lat="40.7604" lon="-0.60387">
				<ele>1355.6</ele>
				<time>2026-09-20T05:10:30.120Z</time>
			</trkpt>
			<trkpt lat="40.76042" lon="-0.60406">
				<ele>1357.83</ele>
				<time>2026-09-20T05:10:30.548Z</time>
			</trkpt>
			<trkpt lat="40.76039" lon="-0.60417">
				<ele>1358.84</ele>
				<time>2026-09-20T05:10:30.809Z</time>
			</trkpt>
			<trkpt lat="40.76032" lon="-0.60429">
				<ele>1359.08</ele>
				<time>2026-09-20T05:10:31.146Z</time>
			</trkpt>
			<trkpt lat="40.76023" lon="-0.60436">
				<ele>1359.08</ele>
				<time>2026-09-20T05:10:31.453Z</time>
			</trkpt>
			<trkpt lat="40.76011" lon="-0.60439">
				<ele>1358.83</ele>
				<time>2026-09-20T05:10:31.811Z</time>
			</trkpt>
			<trkpt lat="40.75977" lon="-0.60434">
				<ele>1358.44</ele>
				<time>2026-09-20T05:10:32.813Z</time>
			</trkpt>
			<trkpt lat="40.75932" lon="-0.60415">
				<ele>1363.19</ele>
				<time>2026-09-20T05:10:34.189Z</time>
			</trkpt>
			<trkpt lat="40.7592" lon="-0.60417">
				<ele>1364.53</ele>
				<time>2026-09-20T05:10:34.541Z</time>
			</trkpt>
			<trkpt lat="40.75887" lon="-0.60438">
				<ele>1366.65</ele>
				<time>2026-09-20T05:10:35.602Z</time>
			</trkpt>
			<trkpt lat="40.75859" lon="-0.60451">
				<ele>1372.84</ele>
				<time>2026-09-20T05:10:36.459Z</time>
			</trkpt>
			<trkpt lat="40.75847" lon="-0.60454">
				<ele>1376.13</ele>
				<time>2026-09-20T05:10:36.810Z</time>
			</trkpt>
			<trkpt lat="40.75839" lon="-0.60453">
				<ele>1377.48</ele>
				<time>2026-09-20T05:10:37.042Z</time>
			</trkpt>
			<trkpt lat="40.75833" lon="-0.6045">
				<ele>1377.65</ele>
				<time>2026-09-20T05:10:37.226Z</time>
			</trkpt>
			<trkpt lat="40.75828" lon="-0.60441">
				<ele>1377.9</ele>
				<time>2026-09-20T05:10:37.469Z</time>
			</trkpt>
			<trkpt lat="40.75828" lon="-0.60429">
				<ele>1377.87</ele>
				<time>2026-09-20T05:10:37.730Z</time>
			</trkpt>
			<trkpt lat="40.75832" lon="-0.60421">
				<ele>1376.38</ele>
				<time>2026-09-20T05:10:37.938Z</time>
			</trkpt>
			<trkpt lat="40.75863" lon="-0.60373">
				<ele>1371.46</ele>
				<time>2026-09-20T05:10:39.304Z</time>
			</trkpt>
			<trkpt lat="40.75905" lon="-0.60324">
				<ele>1371.54</ele>
				<time>2026-09-20T05:10:40.898Z</time>
			</trkpt>
			<trkpt lat="40.75919" lon="-0.60305">
				<ele>1371.31</ele>
				<time>2026-09-20T05:10:41.467Z</time>
			</trkpt>
			<trkpt lat="40.75926" lon="-0.60291">
				<ele>1371.11</ele>
				<time>2026-09-20T05:10:41.826Z</time>
			</trkpt>
			<trkpt lat="40.75931" lon="-0.60276">
				<ele>1371.78</ele>
				<time>2026-09-20T05:10:42.177Z</time>
			</trkpt>
			<trkpt lat="40.7593" lon="-0.60266">
				<ele>1371.85</ele>
				<time>2026-09-20T05:10:42.392Z</time>
			</trkpt>
			<trkpt lat="40.75924" lon="-0.60252">
				<ele>1372.69</ele>
				<time>2026-09-20T05:10:42.736Z</time>
			</trkpt>
			<trkpt lat="40.75912" lon="-0.60235">
				<ele>1374.03</ele>
				<time>2026-09-20T05:10:43.231Z</time>
			</trkpt>
			<trkpt lat="40.75894" lon="-0.6022">
				<ele>1377.43</ele>
				<time>2026-09-20T05:10:43.829Z</time>
			</trkpt>
			<trkpt lat="40.75877" lon="-0.6021">
				<ele>1378.52</ele>
				<time>2026-09-20T05:10:44.351Z</time>
			</trkpt>
			<trkpt lat="40.75866" lon="-0.60207">
				<ele>1378.78</ele>
				<time>2026-09-20T05:10:44.665Z</time>
			</trkpt>
			<trkpt lat="40.75852" lon="-0.60209">
				<ele>1379.74</ele>
				<time>2026-09-20T05:10:45.059Z</time>
			</trkpt>
			<trkpt lat="40.75797" lon="-0.60229">
				<ele>1386.52</ele>
				<time>2026-09-20T05:10:46.648Z</time>
			</trkpt>
			<trkpt lat="40.75782" lon="-0.60223">
				<ele>1387.34</ele>
				<time>2026-09-20T05:10:47.083Z</time>
			</trkpt>
			<trkpt lat="40.7577" lon="-0.60209">
				<ele>1390.3</ele>
				<time>2026-09-20T05:10:47.527Z</time>
			</trkpt>
			<trkpt lat="40.75738" lon="-0.6016">
				<ele>1397.41</ele>
				<time>2026-09-20T05:10:48.881Z</time>
			</trkpt>
			<trkpt lat="40.75728" lon="-0.60133">
				<ele>1397.89</ele>
				<time>2026-09-20T05:10:49.508Z</time>
			</trkpt>
			<trkpt lat="40.75728" lon="-0.60118">
				<ele>1395.85</ele>
				<time>2026-09-20T05:10:49.820Z</time>
			</trkpt>
			<trkpt lat="40.75734" lon="-0.60059">
				<ele>1388.08</ele>
				<time>2026-09-20T05:10:51.056Z</time>
			</trkpt>
			<trkpt lat="40.75732" lon="-0.60047">
				<ele>1388.01</ele>
				<time>2026-09-20T05:10:51.310Z</time>
			</trkpt>
			<trkpt lat="40.75726" lon="-0.60038">
				<ele>1388.76</ele>
				<time>2026-09-20T05:10:51.559Z</time>
			</trkpt>
			<trkpt lat="40.75707" lon="-0.60025">
				<ele>1396</ele>
				<time>2026-09-20T05:10:52.142Z</time>
			</trkpt>
			<trkpt lat="40.75696" lon="-0.60014">
				<ele>1398.53</ele>
				<time>2026-09-20T05:10:52.518Z</time>
			</trkpt>
			<trkpt lat="40.75661" lon="-0.59932">
				<ele>1399.28</ele>
				<time>2026-09-20T05:10:54.452Z</time>
			</trkpt>
			<trkpt lat="40.75635" lon="-0.59895">
				<ele>1402.5</ele>
				<time>2026-09-20T05:10:55.484Z</time>
			</trkpt>
			<trkpt lat="40.75624" lon="-0.59888">
				<ele>1404.06</ele>
				<time>2026-09-20T05:10:55.813Z</time>
			</trkpt>
			<trkpt lat="40.75557" lon="-0.59876">
				<ele>1408.09</ele>
				<time>2026-09-20T05:10:57.628Z</time>
			</trkpt>
			<trkpt lat="40.75544" lon="-0.59883">
				<ele>1408</ele>
				<time>2026-09-20T05:10:58.003Z</time>
			</trkpt>
			<trkpt lat="40.75493" lon="-0.59957">
				<ele>1417.16</ele>
				<time>2026-09-20T05:11:00.022Z</time>
			</trkpt>
			<trkpt lat="40.75446" lon="-0.60022">
				<ele>1426.48</ele>
				<time>2026-09-20T05:11:01.824Z</time>
			</trkpt>
			<trkpt lat="40.75419" lon="-0.60063">
				<ele>1428.21</ele>
				<time>2026-09-20T05:11:02.908Z</time>
			</trkpt>
			<trkpt lat="40.75409" lon="-0.60094">
				<ele>1432.2</ele>
				<time>2026-09-20T05:11:03.579Z</time>
			</trkpt>
			<trkpt lat="40.75393" lon="-0.60154">
				<ele>1442.64</ele>
				<time>2026-09-20T05:11:04.842Z</time>
			</trkpt>
			<trkpt lat="40.75387" lon="-0.60164">
				<ele>1445.35</ele>
				<time>2026-09-20T05:11:05.094Z</time>
			</trkpt>
			<trkpt lat="40.75378" lon="-0.60167">
				<ele>1447.72</ele>
				<time>2026-09-20T05:11:05.337Z</time>
			</trkpt>
			<trkpt lat="40.75371" lon="-0.60159">
				<ele>1447.92</ele>
				<time>2026-09-20T05:11:05.578Z</time>
			</trkpt>
			<trkpt lat="40.75363" lon="-0.60141">
				<ele>1449.09</ele>
				<time>2026-09-20T05:11:05.991Z</time>
			</trkpt>
			<trkpt lat="40.7535" lon="-0.60051">
				<ele>1440.91</ele>
				<time>2026-09-20T05:11:07.794Z</time>
			</trkpt>
			<trkpt lat="40.7534" lon="-0.59969">
				<ele>1443.22</ele>
				<time>2026-09-20T05:11:09.421Z</time>
			</trkpt>
			<trkpt lat="40.75314" lon="-0.59825">
				<ele>1449.23</ele>
				<time>2026-09-20T05:11:12.302Z</time>
			</trkpt>
			<trkpt lat="40.75312" lon="-0.59764">
				<ele>1447.63</ele>
				<time>2026-09-20T05:11:13.484Z</time>
			</trkpt>
			<trkpt lat="40.753" lon="-0.59714">
				<ele>1445.7</ele>
				<time>2026-09-20T05:11:14.496Z</time>
			</trkpt>
			<trkpt lat="40.75292" lon="-0.597">
				<ele>1448.05</ele>
				<time>2026-09-20T05:11:14.833Z</time>
			</trkpt>
			<trkpt lat="40.75284" lon="-0.59696">
				<ele>1450.76</ele>
				<time>2026-09-20T05:11:15.051Z</time>
			</trkpt>
			<trkpt lat="40.75257" lon="-0.59692">
				<ele>1457.29</ele>
				<time>2026-09-20T05:11:15.740Z</time>
			</trkpt>
			<trkpt lat="40.75247" lon="-0.59685">
				<ele>1458.49</ele>
				<time>2026-09-20T05:11:16.027Z</time>
			</trkpt>
			<trkpt lat="40.75225" lon="-0.59653">
				<ele>1457.32</ele>
				<time>2026-09-20T05:11:16.855Z</time>
			</trkpt>
			<trkpt lat="40.75218" lon="-0.59645">
				<ele>1457</ele>
				<time>2026-09-20T05:11:17.089Z</time>
			</trkpt>
			<trkpt lat="40.75211" lon="-0.59641">
				<ele>1456.6</ele>
				<time>2026-09-20T05:11:17.282Z</time>
			</trkpt>
			<trkpt lat="40.752" lon="-0.59639">
				<ele>1456.22</ele>
				<time>2026-09-20T05:11:17.562Z</time>
			</trkpt>
			<trkpt lat="40.75179" lon="-0.59644">
				<ele>1454.27</ele>
				<time>2026-09-20T05:11:18.100Z</time>
			</trkpt>
			<trkpt lat="40.75133" lon="-0.5966">
				<ele>1449.43</ele>
				<time>2026-09-20T05:11:19.297Z</time>
			</trkpt>
			<trkpt lat="40.75102" lon="-0.59678">
				<ele>1446.77</ele>
				<time>2026-09-20T05:11:20.147Z</time>
			</trkpt>
			<trkpt lat="40.75046" lon="-0.59729">
				<ele>1440.29</ele>
				<time>2026-09-20T05:11:21.849Z</time>
			</trkpt>
			<trkpt lat="40.7503" lon="-0.59751">
				<ele>1437.56</ele>
				<time>2026-09-20T05:11:22.425Z</time>
			</trkpt>
			<trkpt lat="40.75016" lon="-0.59774">
				<ele>1435.76</ele>
				<time>2026-09-20T05:11:22.982Z</time>
			</trkpt>
			<trkpt lat="40.74994" lon="-0.5982">
				<ele>1434.13</ele>
				<time>2026-09-20T05:11:24.007Z</time>
			</trkpt>
			<trkpt lat="40.74972" lon="-0.59855">
				<ele>1433.35</ele>
				<time>2026-09-20T05:11:24.862Z</time>
			</trkpt>
			<trkpt lat="40.74948" lon="-0.59875">
				<ele>1429.84</ele>
				<time>2026-09-20T05:11:25.565Z</time>
			</trkpt>
			<trkpt lat="40.74938" lon="-0.5989">
				<ele>1429.32</ele>
				<time>2026-09-20T05:11:25.940Z</time>
			</trkpt>
			<trkpt lat="40.74922" lon="-0.59927">
				<ele>1428.27</ele>
				<time>2026-09-20T05:11:26.737Z</time>
			</trkpt>
			<trkpt lat="40.74912" lon="-0.59936">
				<ele>1426.66</ele>
				<time>2026-09-20T05:11:27.036Z</time>
			</trkpt>
			<trkpt lat="40.74894" lon="-0.59942">
				<ele>1424.44</ele>
				<time>2026-09-20T05:11:27.494Z</time>
			</trkpt>
			<trkpt lat="40.748" lon="-0.59959">
				<ele>1413.59</ele>
				<time>2026-09-20T05:11:29.828Z</time>
			</trkpt>
			<trkpt lat="40.74782" lon="-0.59966">
				<ele>1411.05</ele>
				<time>2026-09-20T05:11:30.288Z</time>
			</trkpt>
			<trkpt lat="40.74713" lon="-0.60004">
				<ele>1405.88</ele>
				<time>2026-09-20T05:11:32.118Z</time>
			</trkpt>
			<trkpt lat="40.74651" lon="-0.60069">
				<ele>1403.48</ele>
				<time>2026-09-20T05:11:34.049Z</time>
			</trkpt>
			<trkpt lat="40.74638" lon="-0.60085">
				<ele>1401.79</ele>
				<time>2026-09-20T05:11:34.482Z</time>
			</trkpt>
			<trkpt lat="40.7463" lon="-0.6011">
				<ele>1402.08</ele>
				<time>2026-09-20T05:11:34.982Z</time>
			</trkpt>
			<trkpt lat="40.74623" lon="-0.60143">
				<ele>1399.16</ele>
				<time>2026-09-20T05:11:35.613Z</time>
			</trkpt>
			<trkpt lat="40.74611" lon="-0.60174">
				<ele>1394.47</ele>
				<time>2026-09-20T05:11:36.253Z</time>
			</trkpt>
			<trkpt lat="40.74597" lon="-0.60198">
				<ele>1390.1</ele>
				<time>2026-09-20T05:11:36.810Z</time>
			</trkpt>
			<trkpt lat="40.74563" lon="-0.60238">
				<ele>1388.27</ele>
				<time>2026-09-20T05:11:37.913Z</time>
			</trkpt>
			<trkpt lat="40.74549" lon="-0.6026">
				<ele>1386.3</ele>
				<time>2026-09-20T05:11:38.440Z</time>
			</trkpt>
			<trkpt lat="40.74543" lon="-0.60274">
				<ele>1385.31</ele>
				<time>2026-09-20T05:11:38.735Z</time>
			</trkpt>
			<trkpt lat="40.74542" lon="-0.60285">
				<ele>1385.33</ele>
				<time>2026-09-20T05:11:38.938Z</time>
			</trkpt>
			<trkpt lat="40.74548" lon="-0.60293">
				<ele>1386.7</ele>
				<time>2026-09-20T05:11:39.144Z</time>
			</trkpt>
			<trkpt lat="40.74555" lon="-0.60296">
				<ele>1387.92</ele>
				<time>2026-09-20T05:11:39.321Z</time>
			</trkpt>
			<trkpt lat="40.74563" lon="-0.60291">
				<ele>1387.73</ele>
				<time>2026-09-20T05:11:39.535Z</time>
			</trkpt>
			<trkpt lat="40.746" lon="-0.60249">
				<ele>1390.76</ele>
				<time>2026-09-20T05:11:40.713Z</time>
			</trkpt>
			<trkpt lat="40.74628" lon="-0.60231">
				<ele>1391.09</ele>
				<time>2026-09-20T05:11:41.463Z</time>
			</trkpt>
			<trkpt lat="40.74649" lon="-0.60226">
				<ele>1390.61</ele>
				<time>2026-09-20T05:11:41.977Z</time>
			</trkpt>
			<trkpt lat="40.74712" lon="-0.60223">
				<ele>1384.45</ele>
				<time>2026-09-20T05:11:43.494Z</time>
			</trkpt>
			<trkpt lat="40.74778" lon="-0.60208">
				<ele>1377.46</ele>
				<time>2026-09-20T05:11:45.102Z</time>
			</trkpt>
			<trkpt lat="40.74809" lon="-0.6021">
				<ele>1374.48</ele>
				<time>2026-09-20T05:11:45.846Z</time>
			</trkpt>
			<trkpt lat="40.74837" lon="-0.60214">
				<ele>1371.87</ele>
				<time>2026-09-20T05:11:46.521Z</time>
			</trkpt>
			<trkpt lat="40.74844" lon="-0.60218">
				<ele>1371.37</ele>
				<time>2026-09-20T05:11:46.704Z</time>
			</trkpt>
			<trkpt lat="40.7485" lon="-0.60226">
				<ele>1370.98</ele>
				<time>2026-09-20T05:11:46.908Z</time>
			</trkpt>
			<trkpt lat="40.74853" lon="-0.60237">
				<ele>1371.09</ele>
				<time>2026-09-20T05:11:47.120Z</time>
			</trkpt>
			<trkpt lat="40.74852" lon="-0.60249">
				<ele>1371.02</ele>
				<time>2026-09-20T05:11:47.339Z</time>
			</trkpt>
			<trkpt lat="40.74845" lon="-0.60269">
				<ele>1369.83</ele>
				<time>2026-09-20T05:11:47.739Z</time>
			</trkpt>
			<trkpt lat="40.74792" lon="-0.60389">
				<ele>1360.24</ele>
				<time>2026-09-20T05:11:50.255Z</time>
			</trkpt>
			<trkpt lat="40.74789" lon="-0.6042">
				<ele>1359.45</ele>
				<time>2026-09-20T05:11:50.820Z</time>
			</trkpt>
			<trkpt lat="40.7479" lon="-0.60473">
				<ele>1358.66</ele>
				<time>2026-09-20T05:11:51.779Z</time>
			</trkpt>
			<trkpt lat="40.74784" lon="-0.60489">
				<ele>1358.38</ele>
				<time>2026-09-20T05:11:52.102Z</time>
			</trkpt>
			<trkpt lat="40.74769" lon="-0.60516">
				<ele>1356.88</ele>
				<time>2026-09-20T05:11:52.707Z</time>
			</trkpt>
			<trkpt lat="40.74741" lon="-0.60559">
				<ele>1355.34</ele>
				<time>2026-09-20T05:11:53.731Z</time>
			</trkpt>
			<trkpt lat="40.74727" lon="-0.60586">
				<ele>1353.93</ele>
				<time>2026-09-20T05:11:54.322Z</time>
			</trkpt>
			<trkpt lat="40.74692" lon="-0.60721">
				<ele>1347.68</ele>
				<time>2026-09-20T05:11:56.898Z</time>
			</trkpt>
			<trkpt lat="40.74685" lon="-0.60735">
				<ele>1347.86</ele>
				<time>2026-09-20T05:11:57.201Z</time>
			</trkpt>
			<trkpt lat="40.74672" lon="-0.60741">
				<ele>1347.15</ele>
				<time>2026-09-20T05:11:57.529Z</time>
			</trkpt>
			<trkpt lat="40.74662" lon="-0.60741">
				<ele>1346.63</ele>
				<time>2026-09-20T05:11:57.767Z</time>
			</trkpt>
			<trkpt lat="40.74648" lon="-0.60735">
				<ele>1345.76</ele>
				<time>2026-09-20T05:11:58.118Z</time>
			</trkpt>
			<trkpt lat="40.74635" lon="-0.60727">
				<ele>1345.22</ele>
				<time>2026-09-20T05:11:58.459Z</time>
			</trkpt>
			<trkpt lat="40.74625" lon="-0.60712">
				<ele>1345.84</ele>
				<time>2026-09-20T05:11:58.820Z</time>
			</trkpt>
			<trkpt lat="40.74601" lon="-0.60644">
				<ele>1341.12</ele>
				<time>2026-09-20T05:12:00.173Z</time>
			</trkpt>
			<trkpt lat="40.74594" lon="-0.60631">
				<ele>1340.77</ele>
				<time>2026-09-20T05:12:00.461Z</time>
			</trkpt>
			<trkpt lat="40.74583" lon="-0.6062">
				<ele>1341.27</ele>
				<time>2026-09-20T05:12:00.790Z</time>
			</trkpt>
			<trkpt lat="40.74552" lon="-0.60607">
				<ele>1345.82</ele>
				<time>2026-09-20T05:12:01.564Z</time>
			</trkpt>
			<trkpt lat="40.74508" lon="-0.60582">
				<ele>1339.34</ele>
				<time>2026-09-20T05:12:02.705Z</time>
			</trkpt>
			<trkpt lat="40.74417" lon="-0.60554">
				<ele>1332.96</ele>
				<time>2026-09-20T05:12:04.932Z</time>
			</trkpt>
			<trkpt lat="40.7433" lon="-0.60548">
				<ele>1326.02</ele>
				<time>2026-09-20T05:12:07.009Z</time>
			</trkpt>
			<trkpt lat="40.74306" lon="-0.60555">
				<ele>1321.18</ele>
				<time>2026-09-20T05:12:07.596Z</time>
			</trkpt>
			<trkpt lat="40.74295" lon="-0.60564">
				<ele>1320.25</ele>
				<time>2026-09-20T05:12:07.905Z</time>
			</trkpt>
			<trkpt lat="40.74205" lon="-0.60701">
				<ele>1315.91</ele>
				<time>2026-09-20T05:12:11.187Z</time>
			</trkpt>
			<trkpt lat="40.74194" lon="-0.6071">
				<ele>1315.6</ele>
				<time>2026-09-20T05:12:11.497Z</time>
			</trkpt>
			<trkpt lat="40.74173" lon="-0.6072">
				<ele>1313.35</ele>
				<time>2026-09-20T05:12:12.031Z</time>
			</trkpt>
			<trkpt lat="40.74125" lon="-0.60738">
				<ele>1306.28</ele>
				<time>2026-09-20T05:12:13.226Z</time>
			</trkpt>
			<trkpt lat="40.74111" lon="-0.60746">
				<ele>1303.44</ele>
				<time>2026-09-20T05:12:13.592Z</time>
			</trkpt>
			<trkpt lat="40.74083" lon="-0.60773">
				<ele>1301.11</ele>
				<time>2026-09-20T05:12:14.423Z</time>
			</trkpt>
			<trkpt lat="40.74071" lon="-0.6078">
				<ele>1300.17</ele>
				<time>2026-09-20T05:12:14.738Z</time>
			</trkpt>
			<trkpt lat="40.7406" lon="-0.60781">
				<ele>1298.6</ele>
				<time>2026-09-20T05:12:15.003Z</time>
			</trkpt>
			<trkpt lat="40.7404" lon="-0.60777">
				<ele>1295.25</ele>
				<time>2026-09-20T05:12:15.488Z</time>
			</trkpt>
			<trkpt lat="40.74032" lon="-0.60778">
				<ele>1294.57</ele>
				<time>2026-09-20T05:12:15.681Z</time>
			</trkpt>
			<trkpt lat="40.74023" lon="-0.60783">
				<ele>1294.35</ele>
				<time>2026-09-20T05:12:15.916Z</time>
			</trkpt>
			<trkpt lat="40.73979" lon="-0.60826">
				<ele>1289.96</ele>
				<time>2026-09-20T05:12:17.232Z</time>
			</trkpt>
			<trkpt lat="40.73965" lon="-0.60844">
				<ele>1287.42</ele>
				<time>2026-09-20T05:12:17.703Z</time>
			</trkpt>
			<trkpt lat="40.73952" lon="-0.60873">
				<ele>1286.77</ele>
				<time>2026-09-20T05:12:18.318Z</time>
			</trkpt>
			<trkpt lat="40.73937" lon="-0.60916">
				<ele>1286.91</ele>
				<time>2026-09-20T05:12:19.183Z</time>
			</trkpt>
			<trkpt lat="40.73932" lon="-0.60942">
				<ele>1286.05</ele>
				<time>2026-09-20T05:12:19.673Z</time>
			</trkpt>
			<trkpt lat="40.73932" lon="-0.60958">
				<ele>1285.89</ele>
				<time>2026-09-20T05:12:19.966Z</time>
			</trkpt>
			<trkpt lat="40.73936" lon="-0.61031">
				<ele>1282.49</ele>
				<time>2026-09-20T05:12:21.306Z</time>
			</trkpt>
			<trkpt lat="40.73935" lon="-0.61055">
				<ele>1281.15</ele>
				<time>2026-09-20T05:12:21.747Z</time>
			</trkpt>
			<trkpt lat="40.73916" lon="-0.61125">
				<ele>1276.94</ele>
				<time>2026-09-20T05:12:23.112Z</time>
			</trkpt>
			<trkpt lat="40.73911" lon="-0.61151">
				<ele>1275.28</ele>
				<time>2026-09-20T05:12:23.605Z</time>
			</trkpt>
			<trkpt lat="40.73911" lon="-0.6133">
				<ele>1266.05</ele>
				<time>2026-09-20T05:12:26.907Z</time>
			</trkpt>
			<trkpt lat="40.73904" lon="-0.61359">
				<ele>1265.11</ele>
				<time>2026-09-20T05:12:27.470Z</time>
			</trkpt>
			<trkpt lat="40.73893" lon="-0.61388">
				<ele>1264.32</ele>
				<time>2026-09-20T05:12:28.071Z</time>
			</trkpt>
			<trkpt lat="40.73876" lon="-0.61444">
				<ele>1261.43</ele>
				<time>2026-09-20T05:12:29.190Z</time>
			</trkpt>
			<trkpt lat="40.73871" lon="-0.61475">
				<ele>1260.52</ele>
				<time>2026-09-20T05:12:29.779Z</time>
			</trkpt>
			<trkpt lat="40.73849" lon="-0.61714">
				<ele>1243.41</ele>
				<time>2026-09-20T05:12:34.276Z</time>
			</trkpt>
			<trkpt lat="40.73848" lon="-0.61741">
				<ele>1240.9</ele>
				<time>2026-09-20T05:12:34.784Z</time>
			</trkpt>
			<trkpt lat="40.73851" lon="-0.61761">
				<ele>1240.02</ele>
				<time>2026-09-20T05:12:35.167Z</time>
			</trkpt>
			<trkpt lat="40.73875" lon="-0.61805">
				<ele>1242.18</ele>
				<time>2026-09-20T05:12:36.188Z</time>
			</trkpt>
			<trkpt lat="40.73884" lon="-0.61831">
				<ele>1239.91</ele>
				<time>2026-09-20T05:12:36.727Z</time>
			</trkpt>
			<trkpt lat="40.73905" lon="-0.61978">
				<ele>1230.25</ele>
				<time>2026-09-20T05:12:39.560Z</time>
			</trkpt>
			<trkpt lat="40.7391" lon="-0.61994">
				<ele>1230.14</ele>
				<time>2026-09-20T05:12:39.889Z</time>
			</trkpt>
			<trkpt lat="40.73918" lon="-0.62006">
				<ele>1230.83</ele>
				<time>2026-09-20T05:12:40.193Z</time>
			</trkpt>
			<trkpt lat="40.73936" lon="-0.62026">
				<ele>1233.05</ele>
				<time>2026-09-20T05:12:40.784Z</time>
			</trkpt>
			<trkpt lat="40.7394" lon="-0.62048">
				<ele>1231.99</ele>
				<time>2026-09-20T05:12:41.215Z</time>
			</trkpt>
			<trkpt lat="40.73939" lon="-0.62068">
				<ele>1229.95</ele>
				<time>2026-09-20T05:12:41.598Z</time>
			</trkpt>
			<trkpt lat="40.73934" lon="-0.62099">
				<ele>1227.06</ele>
				<time>2026-09-20T05:12:42.204Z</time>
			</trkpt>
			<trkpt lat="40.73928" lon="-0.62114">
				<ele>1225.74</ele>
				<time>2026-09-20T05:12:42.528Z</time>
			</trkpt>
			<trkpt lat="40.7392" lon="-0.62127">
				<ele>1224.77</ele>
				<time>2026-09-20T05:12:42.849Z</time>
			</trkpt>
			<trkpt lat="40.73904" lon="-0.62135">
				<ele>1223.77</ele>
				<time>2026-09-20T05:12:43.282Z</time>
			</trkpt>
			<trkpt lat="40.73849" lon="-0.62143">
				<ele>1222.16</ele>
				<time>2026-09-20T05:12:44.685Z</time>
			</trkpt>
			<trkpt lat="40.73834" lon="-0.62151">
				<ele>1221.06</ele>
				<time>2026-09-20T05:12:45.096Z</time>
			</trkpt>
			<trkpt lat="40.73819" lon="-0.62173">
				<ele>1220.39</ele>
				<time>2026-09-20T05:12:45.667Z</time>
			</trkpt>
			<trkpt lat="40.73806" lon="-0.622">
				<ele>1219.98</ele>
				<time>2026-09-20T05:12:46.285Z</time>
			</trkpt>
			<trkpt lat="40.73779" lon="-0.62237">
				<ele>1221.86</ele>
				<time>2026-09-20T05:12:47.280Z</time>
			</trkpt>
			<trkpt lat="40.73569" lon="-0.62453">
				<ele>1209.65</ele>
				<time>2026-09-20T05:12:54.160Z</time>
			</trkpt>
			<trkpt lat="40.73557" lon="-0.6246">
				<ele>1210.44</ele>
				<time>2026-09-20T05:12:54.502Z</time>
			</trkpt>
			<trkpt lat="40.73544" lon="-0.6246">
				<ele>1210.59</ele>
				<time>2026-09-20T05:12:54.842Z</time>
			</trkpt>
			<trkpt lat="40.73533" lon="-0.62457">
				<ele>1210.29</ele>
				<time>2026-09-20T05:12:55.136Z</time>
			</trkpt>
			<trkpt lat="40.73521" lon="-0.62447">
				<ele>1209.22</ele>
				<time>2026-09-20T05:12:55.508Z</time>
			</trkpt>
			<trkpt lat="40.73454" lon="-0.62343">
				<ele>1204.89</ele>
				<time>2026-09-20T05:12:58.231Z</time>
			</trkpt>
			<trkpt lat="40.73374" lon="-0.62251">
				<ele>1206.55</ele>
				<time>2026-09-20T05:13:01.049Z</time>
			</trkpt>
			<trkpt lat="40.73248" lon="-0.62098">
				<ele>1201.71</ele>
				<time>2026-09-20T05:13:05.652Z</time>
			</trkpt>
			<trkpt lat="40.73227" lon="-0.62077">
				<ele>1203.43</ele>
				<time>2026-09-20T05:13:06.366Z</time>
			</trkpt>
			<trkpt lat="40.7321" lon="-0.62067">
				<ele>1204.43</ele>
				<time>2026-09-20T05:13:06.872Z</time>
			</trkpt>
			<trkpt lat="40.73009" lon="-0.62">
				<ele>1205.16</ele>
				<time>2026-09-20T05:13:12.567Z</time>
			</trkpt>
			<trkpt lat="40.72959" lon="-0.6199">
				<ele>1202.57</ele>
				<time>2026-09-20T05:13:13.974Z</time>
			</trkpt>
			<trkpt lat="40.72949" lon="-0.61985">
				<ele>1201.15</ele>
				<time>2026-09-20T05:13:14.272Z</time>
			</trkpt>
			<trkpt lat="40.7292" lon="-0.61961">
				<ele>1197.01</ele>
				<time>2026-09-20T05:13:15.229Z</time>
			</trkpt>
			<trkpt lat="40.72908" lon="-0.61954">
				<ele>1196.44</ele>
				<time>2026-09-20T05:13:15.597Z</time>
			</trkpt>
			<trkpt lat="40.72854" lon="-0.61941">
				<ele>1195.35</ele>
				<time>2026-09-20T05:13:17.140Z</time>
			</trkpt>
			<trkpt lat="40.72845" lon="-0.6194">
				<ele>1194.69</ele>
				<time>2026-09-20T05:13:17.395Z</time>
			</trkpt>
			<trkpt lat="40.72834" lon="-0.61943">
				<ele>1194.01</ele>
				<time>2026-09-20T05:13:17.712Z</time>
			</trkpt>
			<trkpt lat="40.72787" lon="-0.6196">
				<ele>1190.45</ele>
				<time>2026-09-20T05:13:19.093Z</time>
			</trkpt>
			<trkpt lat="40.72778" lon="-0.61966">
				<ele>1187.83</ele>
				<time>2026-09-20T05:13:19.379Z</time>
			</trkpt>
			<trkpt lat="40.7277" lon="-0.61973">
				<ele>1187.3</ele>
				<time>2026-09-20T05:13:19.652Z</time>
			</trkpt>
			<trkpt lat="40.72756" lon="-0.62">
				<ele>1188.76</ele>
				<time>2026-09-20T05:13:20.359Z</time>
			</trkpt>
			<trkpt lat="40.72747" lon="-0.62009">
				<ele>1188.33</ele>
				<time>2026-09-20T05:13:20.681Z</time>
			</trkpt>
			<trkpt lat="40.72726" lon="-0.62025">
				<ele>1187.69</ele>
				<time>2026-09-20T05:13:21.375Z</time>
			</trkpt>
			<trkpt lat="40.72718" lon="-0.62034">
				<ele>1187.76</ele>
				<time>2026-09-20T05:13:21.676Z</time>
			</trkpt>
			<trkpt lat="40.72712" lon="-0.62043">
				<ele>1188.55</ele>
				<time>2026-09-20T05:13:21.937Z</time>
			</trkpt>
			<trkpt lat="40.72683" lon="-0.62113">
				<ele>1185.72</ele>
				<time>2026-09-20T05:13:23.677Z</time>
			</trkpt>
			<trkpt lat="40.72678" lon="-0.62129">
				<ele>1185.15</ele>
				<time>2026-09-20T05:13:24.056Z</time>
			</trkpt>
			<trkpt lat="40.72655" lon="-0.62291">
				<ele>1179.51</ele>
				<time>2026-09-20T05:13:27.693Z</time>
			</trkpt>
			<trkpt lat="40.72643" lon="-0.62359">
				<ele>1182.31</ele>
				<time>2026-09-20T05:13:29.249Z</time>
			</trkpt>
			<trkpt lat="40.72638" lon="-0.62393">
				<ele>1182.24</ele>
				<time>2026-09-20T05:13:30.024Z</time>
			</trkpt>
			<trkpt lat="40.72632" lon="-0.62467">
				<ele>1180.19</ele>
				<time>2026-09-20T05:13:31.697Z</time>
			</trkpt>
			<trkpt lat="40.72627" lon="-0.62508">
				<ele>1176.92</ele>
				<time>2026-09-20T05:13:32.635Z</time>
			</trkpt>
			<trkpt lat="40.72609" lon="-0.62586">
				<ele>1176.61</ele>
				<time>2026-09-20T05:13:34.487Z</time>
			</trkpt>
			<trkpt lat="40.72603" lon="-0.62599">
				<ele>1176.61</ele>
				<time>2026-09-20T05:13:34.834Z</time>
			</trkpt>
			<trkpt lat="40.72594" lon="-0.62611">
				<ele>1174.48</ele>
				<time>2026-09-20T05:13:35.219Z</time>
			</trkpt>
			<trkpt lat="40.7255" lon="-0.62646">
				<ele>1167.32</ele>
				<time>2026-09-20T05:13:36.773Z</time>
			</trkpt>
			<trkpt lat="40.72543" lon="-0.62658">
				<ele>1169.02</ele>
				<time>2026-09-20T05:13:37.122Z</time>
			</trkpt>
			<trkpt lat="40.72539" lon="-0.62673">
				<ele>1170.81</ele>
				<time>2026-09-20T05:13:37.488Z</time>
			</trkpt>
			<trkpt lat="40.72528" lon="-0.62769">
				<ele>1169.65</ele>
				<time>2026-09-20T05:13:39.736Z</time>
			</trkpt>
			<trkpt lat="40.72531" lon="-0.62789">
				<ele>1169.33</ele>
				<time>2026-09-20T05:13:40.210Z</time>
			</trkpt>
			<trkpt lat="40.72538" lon="-0.62806">
				<ele>1170.62</ele>
				<time>2026-09-20T05:13:40.661Z</time>
			</trkpt>
			<trkpt lat="40.72549" lon="-0.62825">
				<ele>1172.26</ele>
				<time>2026-09-20T05:13:41.220Z</time>
			</trkpt>
			<trkpt lat="40.72563" lon="-0.62843">
				<ele>1172.1</ele>
				<time>2026-09-20T05:13:41.824Z</time>
			</trkpt>
			<trkpt lat="40.72603" lon="-0.62883">
				<ele>1167.86</ele>
				<time>2026-09-20T05:13:43.380Z</time>
			</trkpt>
			<trkpt lat="40.72611" lon="-0.62888">
				<ele>1168.71</ele>
				<time>2026-09-20T05:13:43.656Z</time>
			</trkpt>
			<trkpt lat="40.7263" lon="-0.62888">
				<ele>1178.42</ele>
				<time>2026-09-20T05:13:44.248Z</time>
			</trkpt>
			<trkpt lat="40.72639" lon="-0.62891">
				<ele>1181.55</ele>
				<time>2026-09-20T05:13:44.538Z</time>
			</trkpt>
			<trkpt lat="40.72645" lon="-0.62897">
				<ele>1181.24</ele>
				<time>2026-09-20T05:13:44.774Z</time>
			</trkpt>
			<trkpt lat="40.72654" lon="-0.62917">
				<ele>1177.42</ele>
				<time>2026-09-20T05:13:45.325Z</time>
			</trkpt>
			<trkpt lat="40.72686" lon="-0.63037">
				<ele>1165.96</ele>
				<time>2026-09-20T05:13:48.365Z</time>
			</trkpt>
			<trkpt lat="40.72687" lon="-0.63055">
				<ele>1164.2</ele>
				<time>2026-09-20T05:13:48.799Z</time>
			</trkpt>
			<trkpt lat="40.72683" lon="-0.6323">
				<ele>1159.4</ele>
				<time>2026-09-20T05:13:53.047Z</time>
			</trkpt>
			<trkpt lat="40.72674" lon="-0.6331">
				<ele>1155.01</ele>
				<time>2026-09-20T05:13:55.033Z</time>
			</trkpt>
			<trkpt lat="40.72668" lon="-0.6339">
				<ele>1153.82</ele>
				<time>2026-09-20T05:13:57.022Z</time>
			</trkpt>
			<trkpt lat="40.72664" lon="-0.63417">
				<ele>1154.9</ele>
				<time>2026-09-20T05:13:57.706Z</time>
			</trkpt>
			<trkpt lat="40.72661" lon="-0.63431">
				<ele>1155.91</ele>
				<time>2026-09-20T05:13:58.069Z</time>
			</trkpt>
			<trkpt lat="40.72655" lon="-0.63442">
				<ele>1156.7</ele>
				<time>2026-09-20T05:13:58.407Z</time>
			</trkpt>
			<trkpt lat="40.72645" lon="-0.63451">
				<ele>1157.51</ele>
				<time>2026-09-20T05:13:58.806Z</time>
			</trkpt>
			<trkpt lat="40.72632" lon="-0.63455">
				<ele>1158.54</ele>
				<time>2026-09-20T05:13:59.247Z</time>
			</trkpt>
			<trkpt lat="40.72593" lon="-0.63457">
				<ele>1160.39</ele>
				<time>2026-09-20T05:14:00.540Z</time>
			</trkpt>
			<trkpt lat="40.72576" lon="-0.63461">
				<ele>1159.15</ele>
				<time>2026-09-20T05:14:01.114Z</time>
			</trkpt>
			<trkpt lat="40.72563" lon="-0.63474">
				<ele>1157.54</ele>
				<time>2026-09-20T05:14:01.658Z</time>
			</trkpt>
			<trkpt lat="40.72548" lon="-0.6352">
				<ele>1155.8</ele>
				<time>2026-09-20T05:14:02.927Z</time>
			</trkpt>
			<trkpt lat="40.72536" lon="-0.63567">
				<ele>1149.26</ele>
				<time>2026-09-20T05:14:04.190Z</time>
			</trkpt>
			<trkpt lat="40.72533" lon="-0.63595">
				<ele>1145.97</ele>
				<time>2026-09-20T05:14:04.913Z</time>
			</trkpt>
			<trkpt lat="40.72534" lon="-0.63644">
				<ele>1145.41</ele>
				<time>2026-09-20T05:14:06.170Z</time>
			</trkpt>
			<trkpt lat="40.725" lon="-0.63841">
				<ele>1134.91</ele>
				<time>2026-09-20T05:14:11.418Z</time>
			</trkpt>
			<trkpt lat="40.72495" lon="-0.6386">
				<ele>1133.12</ele>
				<time>2026-09-20T05:14:11.946Z</time>
			</trkpt>
			<trkpt lat="40.72371" lon="-0.64162">
				<ele>1116.7</ele>
				<time>2026-09-20T05:14:21.129Z</time>
			</trkpt>
			<trkpt lat="40.72345" lon="-0.64216">
				<ele>1117.96</ele>
				<time>2026-09-20T05:14:22.874Z</time>
			</trkpt>
			<trkpt lat="40.72111" lon="-0.64582">
				<ele>1132.86</ele>
				<time>2026-09-20T05:14:36.305Z</time>
			</trkpt>
			<trkpt lat="40.721" lon="-0.64598">
				<ele>1132.81</ele>
				<time>2026-09-20T05:14:36.926Z</time>
			</trkpt>
			<trkpt lat="40.72087" lon="-0.64611">
				<ele>1132.98</ele>
				<time>2026-09-20T05:14:37.547Z</time>
			</trkpt>
			<trkpt lat="40.72071" lon="-0.64619">
				<ele>1133.42</ele>
				<time>2026-09-20T05:14:38.199Z</time>
			</trkpt>
			<trkpt lat="40.72054" lon="-0.64624">
				<ele>1134.04</ele>
				<time>2026-09-20T05:14:38.865Z</time>
			</trkpt>
			<trkpt lat="40.71897" lon="-0.64641">
				<ele>1132.74</ele>
				<time>2026-09-20T05:14:44.959Z</time>
			</trkpt>
			<trkpt lat="40.71885" lon="-0.64645">
				<ele>1132.3</ele>
				<time>2026-09-20T05:14:45.443Z</time>
			</trkpt>
			<trkpt lat="40.71811" lon="-0.64707">
				<ele>1129.44</ele>
				<time>2026-09-20T05:14:48.897Z</time>
			</trkpt>
			<trkpt lat="40.71793" lon="-0.64718">
				<ele>1130.42</ele>
				<time>2026-09-20T05:14:49.685Z</time>
			</trkpt>
			<trkpt lat="40.71726" lon="-0.6474">
				<ele>1132.63</ele>
				<time>2026-09-20T05:14:52.442Z</time>
			</trkpt>
			<trkpt lat="40.71705" lon="-0.64743">
				<ele>1132.69</ele>
				<time>2026-09-20T05:14:53.291Z</time>
			</trkpt>
			<trkpt lat="40.71626" lon="-0.64741">
				<ele>1135.12</ele>
				<time>2026-09-20T05:14:56.488Z</time>
			</trkpt>
			<trkpt lat="40.71585" lon="-0.64761">
				<ele>1129.94</ele>
				<time>2026-09-20T05:14:58.272Z</time>
			</trkpt>
			<trkpt lat="40.71554" lon="-0.64769">
				<ele>1130.17</ele>
				<time>2026-09-20T05:14:59.568Z</time>
			</trkpt>
			<trkpt lat="40.71508" lon="-0.64778">
				<ele>1133.82</ele>
				<time>2026-09-20T05:15:01.486Z</time>
			</trkpt>
			<trkpt lat="40.71429" lon="-0.64753">
				<ele>1138.01</ele>
				<time>2026-09-20T05:15:04.866Z</time>
			</trkpt>
			<trkpt lat="40.71412" lon="-0.64755">
				<ele>1138.32</ele>
				<time>2026-09-20T05:15:05.582Z</time>
			</trkpt>
			<trkpt lat="40.714" lon="-0.6476">
				<ele>1138.59</ele>
				<time>2026-09-20T05:15:06.110Z</time>
			</trkpt>
			<trkpt lat="40.71339" lon="-0.64814">
				<ele>1138.65</ele>
				<time>2026-09-20T05:15:09.212Z</time>
			</trkpt>
			<trkpt lat="40.71295" lon="-0.64856">
				<ele>1135.41</ele>
				<time>2026-09-20T05:15:11.527Z</time>
			</trkpt>
			<trkpt lat="40.7128" lon="-0.64867">
				<ele>1135.65</ele>
				<time>2026-09-20T05:15:12.262Z</time>
			</trkpt>
			<trkpt lat="40.71191" lon="-0.64902">
				<ele>1147.72</ele>
				<time>2026-09-20T05:15:16.269Z</time>
			</trkpt>
			<trkpt lat="40.71144" lon="-0.64913">
				<ele>1152.44</ele>
				<time>2026-09-20T05:15:18.350Z</time>
			</trkpt>
			<trkpt lat="40.71111" lon="-0.64942">
				<ele>1153.32</ele>
				<time>2026-09-20T05:15:20.088Z</time>
			</trkpt>
			<trkpt lat="40.71102" lon="-0.64953">
				<ele>1153.03</ele>
				<time>2026-09-20T05:15:20.628Z</time>
			</trkpt>
			<trkpt lat="40.71068" lon="-0.65028">
				<ele>1149.08</ele>
				<time>2026-09-20T05:15:23.559Z</time>
			</trkpt>
			<trkpt lat="40.71035" lon="-0.65065">
				<ele>1148.89</ele>
				<time>2026-09-20T05:15:25.490Z</time>
			</trkpt>
			<trkpt lat="40.71029" lon="-0.6508">
				<ele>1148.78</ele>
				<time>2026-09-20T05:15:26.066Z</time>
			</trkpt>
			<trkpt lat="40.71019" lon="-0.65145">
				<ele>1140.81</ele>
				<time>2026-09-20T05:15:28.326Z</time>
			</trkpt>
			<trkpt lat="40.71012" lon="-0.65175">
				<ele>1137.01</ele>
				<time>2026-09-20T05:15:29.401Z</time>
			</trkpt>
			<trkpt lat="40.71004" lon="-0.65197">
				<ele>1135.76</ele>
				<time>2026-09-20T05:15:30.240Z</time>
			</trkpt>
			<trkpt lat="40.70979" lon="-0.65253">
				<ele>1136.2</ele>
				<time>2026-09-20T05:15:32.484Z</time>
			</trkpt>
			<trkpt lat="40.70971" lon="-0.65308">
				<ele>1129.97</ele>
				<time>2026-09-20T05:15:34.430Z</time>
			</trkpt>
			<trkpt lat="40.70966" lon="-0.65325">
				<ele>1128.61</ele>
				<time>2026-09-20T05:15:35.066Z</time>
			</trkpt>
			<trkpt lat="40.70963" lon="-0.65335">
				<ele>1127.8</ele>
				<time>2026-09-20T05:15:35.441Z</time>
			</trkpt>
			<trkpt lat="40.70928" lon="-0.65377">
				<ele>1126.44</ele>
				<time>2026-09-20T05:15:37.631Z</time>
			</trkpt>
			<trkpt lat="40.70924" lon="-0.65386">
				<ele>1125.75</ele>
				<time>2026-09-20T05:15:37.998Z</time>
			</trkpt>
			<trkpt lat="40.70923" lon="-0.65398">
				<ele>1125.78</ele>
				<time>2026-09-20T05:15:38.424Z</time>
			</trkpt>
			<trkpt lat="40.70925" lon="-0.65424">
				<ele>1126.28</ele>
				<time>2026-09-20T05:15:39.347Z</time>
			</trkpt>
			<trkpt lat="40.70943" lon="-0.65463">
				<ele>1124.61</ele>
				<time>2026-09-20T05:15:40.966Z</time>
			</trkpt>
			<trkpt lat="40.7095" lon="-0.65484">
				<ele>1122.11</ele>
				<time>2026-09-20T05:15:41.782Z</time>
			</trkpt>
			<trkpt lat="40.70957" lon="-0.65521">
				<ele>1119.71</ele>
				<time>2026-09-20T05:15:43.144Z</time>
			</trkpt>
			<trkpt lat="40.7096" lon="-0.65554">
				<ele>1119.96</ele>
				<time>2026-09-20T05:15:44.335Z</time>
			</trkpt>
			<trkpt lat="40.70963" lon="-0.65614">
				<ele>1114.05</ele>
				<time>2026-09-20T05:15:46.501Z</time>
			</trkpt>
			<trkpt lat="40.70963" lon="-0.65696">
				<ele>1107.58</ele>
				<time>2026-09-20T05:15:49.477Z</time>
			</trkpt>
			<trkpt lat="40.70972" lon="-0.65786">
				<ele>1102.52</ele>
				<time>2026-09-20T05:15:52.801Z</time>
			</trkpt>
			<trkpt lat="40.70969" lon="-0.65797">
				<ele>1101.33</ele>
				<time>2026-09-20T05:15:53.232Z</time>
			</trkpt>
			<trkpt lat="40.70951" lon="-0.65821">
				<ele>1101.63</ele>
				<time>2026-09-20T05:15:54.478Z</time>
			</trkpt>
			<trkpt lat="40.7094" lon="-0.65839">
				<ele>1101.53</ele>
				<time>2026-09-20T05:15:55.334Z</time>
			</trkpt>
			<trkpt lat="40.70925" lon="-0.65911">
				<ele>1101.05</ele>
				<time>2026-09-20T05:15:58.114Z</time>
			</trkpt>
			<trkpt lat="40.70924" lon="-0.65923">
				<ele>1100.72</ele>
				<time>2026-09-20T05:15:58.565Z</time>
			</trkpt>
			<trkpt lat="40.70931" lon="-0.65948">
				<ele>1098.91</ele>
				<time>2026-09-20T05:15:59.564Z</time>
			</trkpt>
			<trkpt lat="40.70935" lon="-0.65965">
				<ele>1098.85</ele>
				<time>2026-09-20T05:16:00.232Z</time>
			</trkpt>
			<trkpt lat="40.70937" lon="-0.66013">
				<ele>1098.51</ele>
				<time>2026-09-20T05:16:02.044Z</time>
			</trkpt>
			<trkpt lat="40.70941" lon="-0.66038">
				<ele>1097.39</ele>
				<time>2026-09-20T05:16:03.011Z</time>
			</trkpt>
			<trkpt lat="40.70951" lon="-0.66058">
				<ele>1094.34</ele>
				<time>2026-09-20T05:16:03.919Z</time>
			</trkpt>
			<trkpt lat="40.70979" lon="-0.66102">
				<ele>1089.92</ele>
				<time>2026-09-20T05:16:06.108Z</time>
			</trkpt>
			<trkpt lat="40.71002" lon="-0.66135">
				<ele>1087.15</ele>
				<time>2026-09-20T05:16:07.826Z</time>
			</trkpt>
			<trkpt lat="40.71033" lon="-0.66192">
				<ele>1086.04</ele>
				<time>2026-09-20T05:16:10.529Z</time>
			</trkpt>
			<trkpt lat="40.71078" lon="-0.66259">
				<ele>1080.47</ele>
				<time>2026-09-20T05:16:14.009Z</time>
			</trkpt>
			<trkpt lat="40.71124" lon="-0.66365">
				<ele>1076.97</ele>
				<time>2026-09-20T05:16:18.810Z</time>
			</trkpt>
			<trkpt lat="40.71137" lon="-0.6639">
				<ele>1075.11</ele>
				<time>2026-09-20T05:16:20.011Z</time>
			</trkpt>
			<trkpt lat="40.71176" lon="-0.66429">
				<ele>1070.78</ele>
				<time>2026-09-20T05:16:22.582Z</time>
			</trkpt>
			<trkpt lat="40.71216" lon="-0.66494">
				<ele>1067.07</ele>
				<time>2026-09-20T05:16:25.943Z</time>
			</trkpt>
			<trkpt lat="40.7123" lon="-0.6652">
				<ele>1062.62</ele>
				<time>2026-09-20T05:16:27.231Z</time>
			</trkpt>
			<trkpt lat="40.71239" lon="-0.66549">
				<ele>1057.91</ele>
				<time>2026-09-20T05:16:28.501Z</time>
			</trkpt>
			<trkpt lat="40.71241" lon="-0.66567">
				<ele>1056.63</ele>
				<time>2026-09-20T05:16:29.240Z</time>
			</trkpt>
			<trkpt lat="40.71233" lon="-0.6659">
				<ele>1057.99</ele>
				<time>2026-09-20T05:16:30.270Z</time>
			</trkpt>
			<trkpt lat="40.71221" lon="-0.66611">
				<ele>1059.08</ele>
				<time>2026-09-20T05:16:31.344Z</time>
			</trkpt>
			<trkpt lat="40.71213" lon="-0.66619">
				<ele>1058.39</ele>
				<time>2026-09-20T05:16:31.886Z</time>
			</trkpt>
			<trkpt lat="40.7119" lon="-0.66625">
				<ele>1056.76</ele>
				<time>2026-09-20T05:16:33.154Z</time>
			</trkpt>
			<trkpt lat="40.71176" lon="-0.66625">
				<ele>1054.04</ele>
				<time>2026-09-20T05:16:33.914Z</time>
			</trkpt>
			<trkpt lat="40.7113" lon="-0.66608">
				<ele>1047.57</ele>
				<time>2026-09-20T05:16:36.516Z</time>
			</trkpt>
			<trkpt lat="40.71121" lon="-0.666">
				<ele>1046.56</ele>
				<time>2026-09-20T05:16:37.110Z</time>
			</trkpt>
			<trkpt lat="40.71114" lon="-0.6659">
				<ele>1046.71</ele>
				<time>2026-09-20T05:16:37.675Z</time>
			</trkpt>
			<trkpt lat="40.71103" lon="-0.66566">
				<ele>1050.83</ele>
				<time>2026-09-20T05:16:38.842Z</time>
			</trkpt>
			<trkpt lat="40.71097" lon="-0.66563">
				<ele>1050.55</ele>
				<time>2026-09-20T05:16:39.195Z</time>
			</trkpt>
			<trkpt lat="40.71088" lon="-0.66563">
				<ele>1049.3</ele>
				<time>2026-09-20T05:16:39.691Z</time>
			</trkpt>
			<trkpt lat="40.71078" lon="-0.66572">
				<ele>1046.41</ele>
				<time>2026-09-20T05:16:40.358Z</time>
			</trkpt>
			<trkpt lat="40.7107" lon="-0.66584">
				<ele>1044.27</ele>
				<time>2026-09-20T05:16:41.028Z</time>
			</trkpt>
			<trkpt lat="40.71065" lon="-0.66589">
				<ele>1044.02</ele>
				<time>2026-09-20T05:16:41.375Z</time>
			</trkpt>
			<trkpt lat="40.7104" lon="-0.66603">
				<ele>1046.03</ele>
				<time>2026-09-20T05:16:42.880Z</time>
			</trkpt>
			<trkpt lat="40.71032" lon="-0.6661">
				<ele>1045.69</ele>
				<time>2026-09-20T05:16:43.414Z</time>
			</trkpt>
			<trkpt lat="40.71027" lon="-0.66621">
				<ele>1044.08</ele>
				<time>2026-09-20T05:16:43.955Z</time>
			</trkpt>
			<trkpt lat="40.71023" lon="-0.66635">
				<ele>1041.46</ele>
				<time>2026-09-20T05:16:44.587Z</time>
			</trkpt>
			<trkpt lat="40.71008" lon="-0.66658">
				<ele>1038.38</ele>
				<time>2026-09-20T05:16:45.872Z</time>
			</trkpt>
			<trkpt lat="40.70973" lon="-0.66706">
				<ele>1034.33</ele>
				<time>2026-09-20T05:16:48.707Z</time>
			</trkpt>
			<trkpt lat="40.70949" lon="-0.66735">
				<ele>1033.26</ele>
				<time>2026-09-20T05:16:50.545Z</time>
			</trkpt>
			<trkpt lat="40.70921" lon="-0.6676">
				<ele>1029.17</ele>
				<time>2026-09-20T05:16:52.464Z</time>
			</trkpt>
			<trkpt lat="40.70911" lon="-0.66765">
				<ele>1028.49</ele>
				<time>2026-09-20T05:16:53.072Z</time>
			</trkpt>
			<trkpt lat="40.70856" lon="-0.66779">
				<ele>1027.48</ele>
				<time>2026-09-20T05:16:56.275Z</time>
			</trkpt>
			<trkpt lat="40.70838" lon="-0.66782">
				<ele>1025.51</ele>
				<time>2026-09-20T05:16:57.318Z</time>
			</trkpt>
			<trkpt lat="40.70784" lon="-0.66784">
				<ele>1024.65</ele>
				<time>2026-09-20T05:17:00.438Z</time>
			</trkpt>
			<trkpt lat="40.70742" lon="-0.66784">
				<ele>1021.48</ele>
				<time>2026-09-20T05:17:02.880Z</time>
			</trkpt>
			<trkpt lat="40.70727" lon="-0.66782">
				<ele>1020.04</ele>
				<time>2026-09-20T05:17:03.760Z</time>
			</trkpt>
			<trkpt lat="40.70718" lon="-0.66777">
				<ele>1019.09</ele>
				<time>2026-09-20T05:17:04.331Z</time>
			</trkpt>
			<trkpt lat="40.70708" lon="-0.66767">
				<ele>1017.8</ele>
				<time>2026-09-20T05:17:05.066Z</time>
			</trkpt>
			<trkpt lat="40.70702" lon="-0.66744">
				<ele>1018.76</ele>
				<time>2026-09-20T05:17:06.148Z</time>
			</trkpt>
			<trkpt lat="40.707" lon="-0.66723">
				<ele>1020.47</ele>
				<time>2026-09-20T05:17:07.092Z</time>
			</trkpt>
			<trkpt lat="40.70697" lon="-0.66715">
				<ele>1020.45</ele>
				<time>2026-09-20T05:17:07.490Z</time>
			</trkpt>
			<trkpt lat="40.70691" lon="-0.66706">
				<ele>1020.34</ele>
				<time>2026-09-20T05:17:08.026Z</time>
			</trkpt>
			<trkpt lat="40.70685" lon="-0.66702">
				<ele>1020.05</ele>
				<time>2026-09-20T05:17:08.423Z</time>
			</trkpt>
			<trkpt lat="40.70678" lon="-0.667">
				<ele>1019.25</ele>
				<time>2026-09-20T05:17:08.847Z</time>
			</trkpt>
			<trkpt lat="40.7067" lon="-0.66701">
				<ele>1018.07</ele>
				<time>2026-09-20T05:17:09.322Z</time>
			</trkpt>
			<trkpt lat="40.70654" lon="-0.66709">
				<ele>1016.98</ele>
				<time>2026-09-20T05:17:10.336Z</time>
			</trkpt>
			<trkpt lat="40.70646" lon="-0.66716">
				<ele>1016.46</ele>
				<time>2026-09-20T05:17:10.906Z</time>
			</trkpt>
			<trkpt lat="40.70642" lon="-0.66725">
				<ele>1015.75</ele>
				<time>2026-09-20T05:17:11.376Z</time>
			</trkpt>
			<trkpt lat="40.70637" lon="-0.66738">
				<ele>1014.3</ele>
				<time>2026-09-20T05:17:12.034Z</time>
			</trkpt>
			<trkpt lat="40.70633" lon="-0.66812">
				<ele>1006.09</ele>
				<time>2026-09-20T05:17:15.397Z</time>
			</trkpt>
			<trkpt lat="40.70629" lon="-0.66829">
				<ele>1003.74</ele>
				<time>2026-09-20T05:17:16.208Z</time>
			</trkpt>
			<trkpt lat="40.70624" lon="-0.66836">
				<ele>1002.67</ele>
				<time>2026-09-20T05:17:16.647Z</time>
			</trkpt>
			<trkpt lat="40.70619" lon="-0.66839">
				<ele>1001.92</ele>
				<time>2026-09-20T05:17:16.978Z</time>
			</trkpt>
			<trkpt lat="40.7061" lon="-0.6684">
				<ele>1001.61</ele>
				<time>2026-09-20T05:17:17.522Z</time>
			</trkpt>
			<trkpt lat="40.70596" lon="-0.66824">
				<ele>1002.68</ele>
				<time>2026-09-20T05:17:18.641Z</time>
			</trkpt>
			<trkpt lat="40.70585" lon="-0.66805">
				<ele>1003.41</ele>
				<time>2026-09-20T05:17:19.738Z</time>
			</trkpt>
			<trkpt lat="40.70566" lon="-0.66748">
				<ele>1003.54</ele>
				<time>2026-09-20T05:17:22.610Z</time>
			</trkpt>
			<trkpt lat="40.70559" lon="-0.66736">
				<ele>1002.76</ele>
				<time>2026-09-20T05:17:23.310Z</time>
			</trkpt>
			<trkpt lat="40.70551" lon="-0.66728">
				<ele>1002.32</ele>
				<time>2026-09-20T05:17:23.924Z</time>
			</trkpt>
			<trkpt lat="40.70545" lon="-0.66724">
				<ele>1002.17</ele>
				<time>2026-09-20T05:17:24.336Z</time>
			</trkpt>
			<trkpt lat="40.70526" lon="-0.66723">
				<ele>1000.93</ele>
				<time>2026-09-20T05:17:25.502Z</time>
			</trkpt>
			<trkpt lat="40.70506" lon="-0.66739">
				<ele>998.1</ele>
				<time>2026-09-20T05:17:26.941Z</time>
			</trkpt>
			<trkpt lat="40.70498" lon="-0.66743">
				<ele>996.86</ele>
				<time>2026-09-20T05:17:27.469Z</time>
			</trkpt>
			<trkpt lat="40.70484" lon="-0.6674">
				<ele>996.09</ele>
				<time>2026-09-20T05:17:28.344Z</time>
			</trkpt>
			<trkpt lat="40.7047" lon="-0.66728">
				<ele>996.86</ele>
				<time>2026-09-20T05:17:29.377Z</time>
			</trkpt>
			<trkpt lat="40.70445" lon="-0.66695">
				<ele>999.07</ele>
				<time>2026-09-20T05:17:31.574Z</time>
			</trkpt>
			<trkpt lat="40.7043" lon="-0.6668">
				<ele>998.9</ele>
				<time>2026-09-20T05:17:32.747Z</time>
			</trkpt>
			<trkpt lat="40.70422" lon="-0.66676">
				<ele>998.36</ele>
				<time>2026-09-20T05:17:33.281Z</time>
			</trkpt>
			<trkpt lat="40.70407" lon="-0.66674">
				<ele>996.28</ele>
				<time>2026-09-20T05:17:34.224Z</time>
			</trkpt>
			<trkpt lat="40.70393" lon="-0.6667">
				<ele>995.03</ele>
				<time>2026-09-20T05:17:35.122Z</time>
			</trkpt>
			<trkpt lat="40.70384" lon="-0.66666">
				<ele>994.84</ele>
				<time>2026-09-20T05:17:35.718Z</time>
			</trkpt>
			<trkpt lat="40.70358" lon="-0.66647">
				<ele>996.84</ele>
				<time>2026-09-20T05:17:37.588Z</time>
			</trkpt>
			<trkpt lat="40.70343" lon="-0.66641">
				<ele>996.08</ele>
				<time>2026-09-20T05:17:38.578Z</time>
			</trkpt>
			<trkpt lat="40.70337" lon="-0.66642">
				<ele>995.05</ele>
				<time>2026-09-20T05:17:38.960Z</time>
			</trkpt>
			<trkpt lat="40.70331" lon="-0.66646">
				<ele>993.5</ele>
				<time>2026-09-20T05:17:39.386Z</time>
			</trkpt>
			<trkpt lat="40.70323" lon="-0.66665">
				<ele>990.16</ele>
				<time>2026-09-20T05:17:40.430Z</time>
			</trkpt>
			<trkpt lat="40.70308" lon="-0.6671">
				<ele>990.59</ele>
				<time>2026-09-20T05:17:42.800Z</time>
			</trkpt>
			<trkpt lat="40.70301" lon="-0.66724">
				<ele>991.1</ele>
				<time>2026-09-20T05:17:43.612Z</time>
			</trkpt>
			<trkpt lat="40.70296" lon="-0.66729">
				<ele>991.74</ele>
				<time>2026-09-20T05:17:44.013Z</time>
			</trkpt>
			<trkpt lat="40.70289" lon="-0.66732">
				<ele>991.98</ele>
				<time>2026-09-20T05:17:44.484Z</time>
			</trkpt>
			<trkpt lat="40.70263" lon="-0.66733">
				<ele>991.81</ele>
				<time>2026-09-20T05:17:46.151Z</time>
			</trkpt>
			<trkpt lat="40.70247" lon="-0.66739">
				<ele>992.84</ele>
				<time>2026-09-20T05:17:47.221Z</time>
			</trkpt>
			<trkpt lat="40.70209" lon="-0.66769">
				<ele>995.16</ele>
				<time>2026-09-20T05:17:50.080Z</time>
			</trkpt>
			<trkpt lat="40.70199" lon="-0.66773">
				<ele>994.67</ele>
				<time>2026-09-20T05:17:50.757Z</time>
			</trkpt>
			<trkpt lat="40.7019" lon="-0.66774">
				<ele>993.82</ele>
				<time>2026-09-20T05:17:51.343Z</time>
			</trkpt>
			<trkpt lat="40.70163" lon="-0.66767">
				<ele>990.55</ele>
				<time>2026-09-20T05:17:53.133Z</time>
			</trkpt>
			<trkpt lat="40.7015" lon="-0.66772">
				<ele>991.61</ele>
				<time>2026-09-20T05:17:54.017Z</time>
			</trkpt>
			<trkpt lat="40.70141" lon="-0.66782">
				<ele>993.05</ele>
				<time>2026-09-20T05:17:54.786Z</time>
			</trkpt>
			<trkpt lat="40.70113" lon="-0.6685">
				<ele>996.74</ele>
				<time>2026-09-20T05:17:58.637Z</time>
			</trkpt>
			<trkpt lat="40.70108" lon="-0.66865">
				<ele>997.26</ele>
				<time>2026-09-20T05:17:59.457Z</time>
			</trkpt>
			<trkpt lat="40.70106" lon="-0.66876">
				<ele>998.72</ele>
				<time>2026-09-20T05:18:00.023Z</time>
			</trkpt>
			<trkpt lat="40.70107" lon="-0.66891">
				<ele>1000.81</ele>
				<time>2026-09-20T05:18:00.778Z</time>
			</trkpt>
			<trkpt lat="40.70129" lon="-0.67061">
				<ele>1004.39</ele>
				<time>2026-09-20T05:18:09.510Z</time>
			</trkpt>
			<trkpt lat="40.70173" lon="-0.67519">
				<ele>1020.42</ele>
				<time>2026-09-20T05:18:33.651Z</time>
			</trkpt>
			<trkpt lat="40.70181" lon="-0.67569">
				<ele>1022.07</ele>
				<time>2026-09-20T05:18:36.392Z</time>
			</trkpt>
			<trkpt lat="40.70188" lon="-0.67598">
				<ele>1021.25</ele>
				<time>2026-09-20T05:18:38.032Z</time>
			</trkpt>
			<trkpt lat="40.70196" lon="-0.67625">
				<ele>1021.29</ele>
				<time>2026-09-20T05:18:39.598Z</time>
			</trkpt>
			<trkpt lat="40.70236" lon="-0.67732">
				<ele>1025.16</ele>
				<time>2026-09-20T05:18:46.093Z</time>
			</trkpt>
			<trkpt lat="40.7024" lon="-0.67749">
				<ele>1024.92</ele>
				<time>2026-09-20T05:18:47.069Z</time>
			</trkpt>
			<trkpt lat="40.70238" lon="-0.67761">
				<ele>1023.85</ele>
				<time>2026-09-20T05:18:47.743Z</time>
			</trkpt>
			<trkpt lat="40.7023" lon="-0.67778">
				<ele>1021.9</ele>
				<time>2026-09-20T05:18:48.843Z</time>
			</trkpt>
			<trkpt lat="40.70221" lon="-0.67788">
				<ele>1021.05</ele>
				<time>2026-09-20T05:18:49.698Z</time>
			</trkpt>
			<trkpt lat="40.70198" lon="-0.67799">
				<ele>1023.32</ele>
				<time>2026-09-20T05:18:51.480Z</time>
			</trkpt>
			<trkpt lat="40.70153" lon="-0.67813">
				<ele>1027.2</ele>
				<time>2026-09-20T05:18:54.863Z</time>
			</trkpt>
			<trkpt lat="40.70097" lon="-0.67818">
				<ele>1030.08</ele>
				<time>2026-09-20T05:18:58.998Z</time>
			</trkpt>
			<trkpt lat="40.69975" lon="-0.67824">
				<ele>1037.54</ele>
				<time>2026-09-20T05:19:08.096Z</time>
			</trkpt>
			<trkpt lat="40.69931" lon="-0.67843">
				<ele>1042.31</ele>
				<time>2026-09-20T05:19:11.585Z</time>
			</trkpt>
			<trkpt lat="40.69911" lon="-0.67856">
				<ele>1045.72</ele>
				<time>2026-09-20T05:19:13.273Z</time>
			</trkpt>
			<trkpt lat="40.69895" lon="-0.67859">
				<ele>1045.26</ele>
				<time>2026-09-20T05:19:14.499Z</time>
			</trkpt>
			<trkpt lat="40.69882" lon="-0.67856">
				<ele>1044.71</ele>
				<time>2026-09-20T05:19:15.502Z</time>
			</trkpt>
			<trkpt lat="40.69874" lon="-0.67848">
				<ele>1044.52</ele>
				<time>2026-09-20T05:19:16.266Z</time>
			</trkpt>
			<trkpt lat="40.69869" lon="-0.67836">
				<ele>1044.43</ele>
				<time>2026-09-20T05:19:17.058Z</time>
			</trkpt>
			<trkpt lat="40.69865" lon="-0.6782">
				<ele>1046.06</ele>
				<time>2026-09-20T05:19:18.033Z</time>
			</trkpt>
			<trkpt lat="40.69863" lon="-0.67803">
				<ele>1047.8</ele>
				<time>2026-09-20T05:19:19.031Z</time>
			</trkpt>
			<trkpt lat="40.69867" lon="-0.67784">
				<ele>1048.51</ele>
				<time>2026-09-20T05:19:20.176Z</time>
			</trkpt>
			<trkpt lat="40.69876" lon="-0.67752">
				<ele>1049.65</ele>
				<time>2026-09-20T05:19:22.164Z</time>
			</trkpt>
			<trkpt lat="40.69879" lon="-0.67731">
				<ele>1051.93</ele>
				<time>2026-09-20T05:19:23.412Z</time>
			</trkpt>
			<trkpt lat="40.6988" lon="-0.6767">
				<ele>1057.1</ele>
				<time>2026-09-20T05:19:26.990Z</time>
			</trkpt>
			<trkpt lat="40.69877" lon="-0.67637">
				<ele>1057.37</ele>
				<time>2026-09-20T05:19:28.948Z</time>
			</trkpt>
			<trkpt lat="40.69868" lon="-0.67607">
				<ele>1057.02</ele>
				<time>2026-09-20T05:19:30.855Z</time>
			</trkpt>
			<trkpt lat="40.69858" lon="-0.6759">
				<ele>1057.08</ele>
				<time>2026-09-20T05:19:32.130Z</time>
			</trkpt>
			<trkpt lat="40.69852" lon="-0.67583">
				<ele>1057.74</ele>
				<time>2026-09-20T05:19:32.757Z</time>
			</trkpt>
			<trkpt lat="40.69828" lon="-0.67569">
				<ele>1060.18</ele>
				<time>2026-09-20T05:19:34.816Z</time>
			</trkpt>
			<trkpt lat="40.69807" lon="-0.67572">
				<ele>1061.69</ele>
				<time>2026-09-20T05:19:36.478Z</time>
			</trkpt>
			<trkpt lat="40.69795" lon="-0.67579">
				<ele>1062.43</ele>
				<time>2026-09-20T05:19:37.513Z</time>
			</trkpt>
			<trkpt lat="40.69711" lon="-0.67678">
				<ele>1067.3</ele>
				<time>2026-09-20T05:19:46.470Z</time>
			</trkpt>
			<trkpt lat="40.69693" lon="-0.67697">
				<ele>1068.2</ele>
				<time>2026-09-20T05:19:48.319Z</time>
			</trkpt>
			<trkpt lat="40.69653" lon="-0.67726">
				<ele>1070.53</ele>
				<time>2026-09-20T05:19:51.996Z</time>
			</trkpt>
			<trkpt lat="40.69618" lon="-0.67746">
				<ele>1071</ele>
				<time>2026-09-20T05:19:55.085Z</time>
			</trkpt>
			<trkpt lat="40.69602" lon="-0.67751">
				<ele>1072.73</ele>
				<time>2026-09-20T05:19:56.422Z</time>
			</trkpt>
			<trkpt lat="40.69587" lon="-0.67751">
				<ele>1075.31</ele>
				<time>2026-09-20T05:19:57.643Z</time>
			</trkpt>
			<trkpt lat="40.69489" lon="-0.67704">
				<ele>1079.16</ele>
				<time>2026-09-20T05:20:06.200Z</time>
			</trkpt>
			<trkpt lat="40.69446" lon="-0.67688">
				<ele>1080.39</ele>
				<time>2026-09-20T05:20:09.901Z</time>
			</trkpt>
			<trkpt lat="40.69416" lon="-0.67685">
				<ele>1079.3</ele>
				<time>2026-09-20T05:20:12.406Z</time>
			</trkpt>
			<trkpt lat="40.6936" lon="-0.67685">
				<ele>1083.37</ele>
				<time>2026-09-20T05:20:17.092Z</time>
			</trkpt>
			<trkpt lat="40.69344" lon="-0.67688">
				<ele>1083.06</ele>
				<time>2026-09-20T05:20:18.451Z</time>
			</trkpt>
			<trkpt lat="40.69276" lon="-0.67746">
				<ele>1090.32</ele>
				<time>2026-09-20T05:20:25.301Z</time>
			</trkpt>
			<trkpt lat="40.69254" lon="-0.67754">
				<ele>1091.85</ele>
				<time>2026-09-20T05:20:27.244Z</time>
			</trkpt>
			<trkpt lat="40.69219" lon="-0.67757">
				<ele>1094.11</ele>
				<time>2026-09-20T05:20:30.241Z</time>
			</trkpt>
			<trkpt lat="40.69189" lon="-0.67753">
				<ele>1093.13</ele>
				<time>2026-09-20T05:20:32.828Z</time>
			</trkpt>
			<trkpt lat="40.69098" lon="-0.67732">
				<ele>1099.29</ele>
				<time>2026-09-20T05:20:40.816Z</time>
			</trkpt>
			<trkpt lat="40.69079" lon="-0.67734">
				<ele>1099.8</ele>
				<time>2026-09-20T05:20:42.476Z</time>
			</trkpt>
			<trkpt lat="40.6902" lon="-0.67753">
				<ele>1102.62</ele>
				<time>2026-09-20T05:20:47.791Z</time>
			</trkpt>
			<trkpt lat="40.68992" lon="-0.67765">
				<ele>1105.98</ele>
				<time>2026-09-20T05:20:50.381Z</time>
			</trkpt>
			<trkpt lat="40.68976" lon="-0.67767">
				<ele>1107.58</ele>
				<time>2026-09-20T05:20:51.800Z</time>
			</trkpt>
			<trkpt lat="40.68959" lon="-0.6776">
				<ele>1107.82</ele>
				<time>2026-09-20T05:20:53.375Z</time>
			</trkpt>
			<trkpt lat="40.68941" lon="-0.67748">
				<ele>1108.36</ele>
				<time>2026-09-20T05:20:55.163Z</time>
			</trkpt>
			<trkpt lat="40.68924" lon="-0.67739">
				<ele>1111.54</ele>
				<time>2026-09-20T05:20:56.790Z</time>
			</trkpt>
			<trkpt lat="40.68911" lon="-0.6774">
				<ele>1113.58</ele>
				<time>2026-09-20T05:20:57.950Z</time>
			</trkpt>
			<trkpt lat="40.68834" lon="-0.67767">
				<ele>1118.95</ele>
				<time>2026-09-20T05:21:05.084Z</time>
			</trkpt>
			<trkpt lat="40.68774" lon="-0.67786">
				<ele>1121.91</ele>
				<time>2026-09-20T05:21:10.658Z</time>
			</trkpt>
			<trkpt lat="40.68745" lon="-0.67798">
				<ele>1123.49</ele>
				<time>2026-09-20T05:21:13.419Z</time>
			</trkpt>
			<trkpt lat="40.68739" lon="-0.67805">
				<ele>1122.74</ele>
				<time>2026-09-20T05:21:14.149Z</time>
			</trkpt>
			<trkpt lat="40.68724" lon="-0.67831">
				<ele>1119.62</ele>
				<time>2026-09-20T05:21:16.409Z</time>
			</trkpt>
			<trkpt lat="40.68655" lon="-0.67959">
				<ele>1114.42</ele>
				<time>2026-09-20T05:21:27.372Z</time>
			</trkpt>
			<trkpt lat="40.68641" lon="-0.67982">
				<ele>1114.27</ele>
				<time>2026-09-20T05:21:29.448Z</time>
			</trkpt>
			<trkpt lat="40.68502" lon="-0.68123">
				<ele>1109.25</ele>
				<time>2026-09-20T05:21:45.931Z</time>
			</trkpt>
			<trkpt lat="40.68486" lon="-0.68147">
				<ele>1108.54</ele>
				<time>2026-09-20T05:21:48.236Z</time>
			</trkpt>
			<trkpt lat="40.68468" lon="-0.6818">
				<ele>1105.96</ele>
				<time>2026-09-20T05:21:51.178Z</time>
			</trkpt>
			<trkpt lat="40.68441" lon="-0.68293">
				<ele>1105.49</ele>
				<time>2026-09-20T05:21:59.817Z</time>
			</trkpt>
			<trkpt lat="40.68437" lon="-0.68301">
				<ele>1106.18</ele>
				<time>2026-09-20T05:22:00.520Z</time>
			</trkpt>
			<trkpt lat="40.68423" lon="-0.68314">
				<ele>1107.58</ele>
				<time>2026-09-20T05:22:02.179Z</time>
			</trkpt>
			<trkpt lat="40.68395" lon="-0.68326">
				<ele>1109</ele>
				<time>2026-09-20T05:22:05.038Z</time>
			</trkpt>
			<trkpt lat="40.68368" lon="-0.6833">
				<ele>1108.72</ele>
				<time>2026-09-20T05:22:07.687Z</time>
			</trkpt>
			<trkpt lat="40.68337" lon="-0.68317">
				<ele>1104.4</ele>
				<time>2026-09-20T05:22:10.869Z</time>
			</trkpt>
			<trkpt lat="40.68324" lon="-0.68315">
				<ele>1102.69</ele>
				<time>2026-09-20T05:22:12.152Z</time>
			</trkpt>
			<trkpt lat="40.68314" lon="-0.68321">
				<ele>1101.31</ele>
				<time>2026-09-20T05:22:13.232Z</time>
			</trkpt>
			<trkpt lat="40.683" lon="-0.68357">
				<ele>1102.91</ele>
				<time>2026-09-20T05:22:16.253Z</time>
			</trkpt>
			<trkpt lat="40.68265" lon="-0.68413">
				<ele>1114.98</ele>
				<time>2026-09-20T05:22:21.700Z</time>
			</trkpt>
			<trkpt lat="40.6824" lon="-0.6843">
				<ele>1116.18</ele>
				<time>2026-09-20T05:22:24.498Z</time>
			</trkpt>
			<trkpt lat="40.68189" lon="-0.68459">
				<ele>1109.87</ele>
				<time>2026-09-20T05:22:30.051Z</time>
			</trkpt>
			<trkpt lat="40.68154" lon="-0.68473">
				<ele>1119.37</ele>
				<time>2026-09-20T05:22:33.728Z</time>
			</trkpt>
			<trkpt lat="40.68111" lon="-0.68483">
				<ele>1123.05</ele>
				<time>2026-09-20T05:22:38.138Z</time>
			</trkpt>
			<trkpt lat="40.68087" lon="-0.68476">
				<ele>1115.98</ele>
				<time>2026-09-20T05:22:40.631Z</time>
			</trkpt>
			<trkpt lat="40.68052" lon="-0.68455">
				<ele>1107.79</ele>
				<time>2026-09-20T05:22:44.546Z</time>
			</trkpt>
			<trkpt lat="40.68036" lon="-0.68448">
				<ele>1104.44</ele>
				<time>2026-09-20T05:22:46.267Z</time>
			</trkpt>
			<trkpt lat="40.68024" lon="-0.68448">
				<ele>1103.44</ele>
				<time>2026-09-20T05:22:47.495Z</time>
			</trkpt>
			<trkpt lat="40.68015" lon="-0.68453">
				<ele>1103.55</ele>
				<time>2026-09-20T05:22:48.495Z</time>
			</trkpt>
			<trkpt lat="40.6801" lon="-0.68465">
				<ele>1105.27</ele>
				<time>2026-09-20T05:22:49.560Z</time>
			</trkpt>
			<trkpt lat="40.68008" lon="-0.68496">
				<ele>1108.11</ele>
				<time>2026-09-20T05:22:51.985Z</time>
			</trkpt>
			<trkpt lat="40.68012" lon="-0.68539">
				<ele>1107.05</ele>
				<time>2026-09-20T05:22:55.373Z</time>
			</trkpt>
			<trkpt lat="40.68028" lon="-0.68578">
				<ele>1105.07</ele>
				<time>2026-09-20T05:22:58.854Z</time>
			</trkpt>
			<trkpt lat="40.68037" lon="-0.68596">
				<ele>1105.57</ele>
				<time>2026-09-20T05:23:00.552Z</time>
			</trkpt>
			<trkpt lat="40.68051" lon="-0.68616">
				<ele>1106.94</ele>
				<time>2026-09-20T05:23:02.699Z</time>
			</trkpt>
			<trkpt lat="40.68172" lon="-0.68904">
				<ele>1098.91</ele>
				<time>2026-09-20T05:23:29.096Z</time>
			</trkpt>
			<trkpt lat="40.68185" lon="-0.68927">
				<ele>1103.41</ele>
				<time>2026-09-20T05:23:31.432Z</time>
			</trkpt>
			<trkpt lat="40.68198" lon="-0.68946">
				<ele>1107.66</ele>
				<time>2026-09-20T05:23:33.522Z</time>
			</trkpt>
			<trkpt lat="40.68204" lon="-0.68965">
				<ele>1110.56</ele>
				<time>2026-09-20T05:23:35.206Z</time>
			</trkpt>
			<trkpt lat="40.68207" lon="-0.69037">
				<ele>1127.03</ele>
				<time>2026-09-20T05:23:41.129Z</time>
			</trkpt>
			<trkpt lat="40.68203" lon="-0.69047">
				<ele>1132.49</ele>
				<time>2026-09-20T05:23:42.061Z</time>
			</trkpt>
			<trkpt lat="40.68198" lon="-0.69054">
				<ele>1136.32</ele>
				<time>2026-09-20T05:23:42.855Z</time>
			</trkpt>
			<trkpt lat="40.68185" lon="-0.69063">
				<ele>1136.24</ele>
				<time>2026-09-20T05:23:44.455Z</time>
			</trkpt>
			<trkpt lat="40.6814" lon="-0.69085">
				<ele>1120.31</ele>
				<time>2026-09-20T05:23:49.703Z</time>
			</trkpt>
			<trkpt lat="40.68087" lon="-0.69114">
				<ele>1122.81</ele>
				<time>2026-09-20T05:23:56.017Z</time>
			</trkpt>
			<trkpt lat="40.68066" lon="-0.69141">
				<ele>1125.45</ele>
				<time>2026-09-20T05:23:59.260Z</time>
			</trkpt>
			<trkpt lat="40.68058" lon="-0.69155">
				<ele>1128.14</ele>
				<time>2026-09-20T05:24:00.734Z</time>
			</trkpt>
			<trkpt lat="40.68036" lon="-0.69195">
				<ele>1130.7</ele>
				<time>2026-09-20T05:24:04.900Z</time>
			</trkpt>
			<trkpt lat="40.68021" lon="-0.69236">
				<ele>1126.03</ele>
				<time>2026-09-20T05:24:08.754Z</time>
			</trkpt>
			<trkpt lat="40.68015" lon="-0.69265">
				<ele>1120.47</ele>
				<time>2026-09-20T05:24:11.307Z</time>
			</trkpt>
			<trkpt lat="40.68016" lon="-0.69274">
				<ele>1119.72</ele>
				<time>2026-09-20T05:24:12.081Z</time>
			</trkpt>
			<trkpt lat="40.68022" lon="-0.69302">
				<ele>1118.04</ele>
				<time>2026-09-20T05:24:14.561Z</time>
			</trkpt>
			<trkpt lat="40.68032" lon="-0.6933">
				<ele>1115.21</ele>
				<time>2026-09-20T05:24:17.206Z</time>
			</trkpt>
			<trkpt lat="40.68043" lon="-0.6935">
				<ele>1113.17</ele>
				<time>2026-09-20T05:24:19.322Z</time>
			</trkpt>
			<trkpt lat="40.6806" lon="-0.69375">
				<ele>1111.31</ele>
				<time>2026-09-20T05:24:22.205Z</time>
			</trkpt>
			<trkpt lat="40.68096" lon="-0.69424">
				<ele>1112.42</ele>
				<time>2026-09-20T05:24:28.090Z</time>
			</trkpt>
			<trkpt lat="40.681" lon="-0.69432">
				<ele>1111.84</ele>
				<time>2026-09-20T05:24:28.919Z</time>
			</trkpt>
			<trkpt lat="40.68104" lon="-0.69449">
				<ele>1109.78</ele>
				<time>2026-09-20T05:24:30.461Z</time>
			</trkpt>
			<trkpt lat="40.68102" lon="-0.69466">
				<ele>1107.76</ele>
				<time>2026-09-20T05:24:31.954Z</time>
			</trkpt>
			<trkpt lat="40.68093" lon="-0.69489">
				<ele>1106.19</ele>
				<time>2026-09-20T05:24:34.204Z</time>
			</trkpt>
			<trkpt lat="40.68057" lon="-0.69542">
				<ele>1103.63</ele>
				<time>2026-09-20T05:24:40.416Z</time>
			</trkpt>
			<trkpt lat="40.68052" lon="-0.69563">
				<ele>1103.22</ele>
				<time>2026-09-20T05:24:42.345Z</time>
			</trkpt>
			<trkpt lat="40.68052" lon="-0.69584">
				<ele>1103.88</ele>
				<time>2026-09-20T05:24:44.189Z</time>
			</trkpt>
			<trkpt lat="40.6807" lon="-0.69706">
				<ele>1110.47</ele>
				<time>2026-09-20T05:24:55.172Z</time>
			</trkpt>
			<trkpt lat="40.6807" lon="-0.69724">
				<ele>1111.1</ele>
				<time>2026-09-20T05:24:56.772Z</time>
			</trkpt>
			<trkpt lat="40.68066" lon="-0.69737">
				<ele>1111.33</ele>
				<time>2026-09-20T05:24:58.021Z</time>
			</trkpt>
			<trkpt lat="40.68021" lon="-0.69825">
				<ele>1111.17</ele>
				<time>2026-09-20T05:25:07.518Z</time>
			</trkpt>
			<trkpt lat="40.68008" lon="-0.69843">
				<ele>1111.54</ele>
				<time>2026-09-20T05:25:09.755Z</time>
			</trkpt>
			<trkpt lat="40.68001" lon="-0.69849">
				<ele>1111.74</ele>
				<time>2026-09-20T05:25:10.747Z</time>
			</trkpt>
			<trkpt lat="40.67957" lon="-0.69873">
				<ele>1113.65</ele>
				<time>2026-09-20T05:25:16.424Z</time>
			</trkpt>
			<trkpt lat="40.67879" lon="-0.6991">
				<ele>1114.48</ele>
				<time>2026-09-20T05:25:26.378Z</time>
			</trkpt>
			<trkpt lat="40.67801" lon="-0.69947">
				<ele>1112.87</ele>
				<time>2026-09-20T05:25:36.425Z</time>
			</trkpt>
			<trkpt lat="40.67713" lon="-0.69983">
				<ele>1114.77</ele>
				<time>2026-09-20T05:25:47.702Z</time>
			</trkpt>
			<trkpt lat="40.67673" lon="-0.69998">
				<ele>1113.52</ele>
				<time>2026-09-20T05:25:52.830Z</time>
			</trkpt>
			<trkpt lat="40.67615" lon="-0.70036">
				<ele>1113.76</ele>
				<time>2026-09-20T05:26:00.863Z</time>
			</trkpt>
			<trkpt lat="40.67565" lon="-0.70083">
				<ele>1113.06</ele>
				<time>2026-09-20T05:26:08.532Z</time>
			</trkpt>
			<trkpt lat="40.6753" lon="-0.70125">
				<ele>1107.89</ele>
				<time>2026-09-20T05:26:14.478Z</time>
			</trkpt>
			<trkpt lat="40.67479" lon="-0.70205">
				<ele>1110.01</ele>
				<time>2026-09-20T05:26:24.506Z</time>
			</trkpt>
			<trkpt lat="40.67458" lon="-0.70175">
				<ele>1109.59</ele>
				<time>2026-09-20T05:26:28.447Z</time>
			</trkpt>
			<trkpt lat="40.67446" lon="-0.7017">
				<ele>1109.27</ele>
				<time>2026-09-20T05:26:30.053Z</time>
			</trkpt>
			<trkpt lat="40.67432" lon="-0.70169">
				<ele>1109.96</ele>
				<time>2026-09-20T05:26:31.844Z</time>
			</trkpt>
			<trkpt lat="40.67421" lon="-0.70116">
				<ele>1108.27</ele>
				<time>2026-09-20T05:26:37.185Z</time>
			</trkpt>
			<trkpt lat="40.67413" lon="-0.7009">
				<ele>1107.15</ele>
				<time>2026-09-20T05:26:39.922Z</time>
			</trkpt>
			<trkpt lat="40.67371" lon="-0.70049">
				<ele>1105.65</ele>
				<time>2026-09-20T05:26:46.669Z</time>
			</trkpt>
			<trkpt lat="40.67327" lon="-0.7001">
				<ele>1106.66</ele>
				<time>2026-09-20T05:26:53.554Z</time>
			</trkpt>
			<trkpt lat="40.67313" lon="-0.70007">
				<ele>1106.77</ele>
				<time>2026-09-20T05:26:55.403Z</time>
			</trkpt>
			<trkpt lat="40.67311" lon="-0.69997">
				<ele>1107.28</ele>
				<time>2026-09-20T05:26:56.427Z</time>
			</trkpt>
			<trkpt lat="40.67306" lon="-0.69989">
				<ele>1107.84</ele>
				<time>2026-09-20T05:26:57.453Z</time>
			</trkpt>
			<trkpt lat="40.67294" lon="-0.69985">
				<ele>1107.91</ele>
				<time>2026-09-20T05:26:59.072Z</time>
			</trkpt>
			<trkpt lat="40.6726" lon="-0.69991">
				<ele>1106.63</ele>
				<time>2026-09-20T05:27:03.568Z</time>
			</trkpt>
			<trkpt lat="40.67245" lon="-0.69999">
				<ele>1106.64</ele>
				<time>2026-09-20T05:27:05.695Z</time>
			</trkpt>
			<trkpt lat="40.67244" lon="-0.69979">
				<ele>1107.55</ele>
				<time>2026-09-20T05:27:07.696Z</time>
			</trkpt>
			<trkpt lat="40.67255" lon="-0.69947">
				<ele>1110.9</ele>
				<time>2026-09-20T05:27:11.212Z</time>
			</trkpt>
			<trkpt lat="40.67273" lon="-0.69818">
				<ele>1114.6</ele>
				<time>2026-09-20T05:27:24.428Z</time>
			</trkpt>
			<trkpt lat="40.67267" lon="-0.69821">
				<ele>1116.62</ele>
				<time>2026-09-20T05:27:25.286Z</time>
			</trkpt>
			<trkpt lat="40.67261" lon="-0.69832">
				<ele>1117.84</ele>
				<time>2026-09-20T05:27:26.660Z</time>
			</trkpt>
			<trkpt lat="40.67247" lon="-0.6987">
				<ele>1117.64</ele>
				<time>2026-09-20T05:27:30.955Z</time>
			</trkpt>
			<trkpt lat="40.67241" lon="-0.69885">
				<ele>1116.61</ele>
				<time>2026-09-20T05:27:32.683Z</time>
			</trkpt>
			<trkpt lat="40.67235" lon="-0.69905">
				<ele>1113.37</ele>
				<time>2026-09-20T05:27:34.878Z</time>
			</trkpt>
			<trkpt lat="40.67232" lon="-0.69912">
				<ele>1112.22</ele>
				<time>2026-09-20T05:27:35.700Z</time>
			</trkpt>
			<trkpt lat="40.67229" lon="-0.69915">
				<ele>1111.67</ele>
				<time>2026-09-20T05:27:36.207Z</time>
			</trkpt>
			<trkpt lat="40.67224" lon="-0.69913">
				<ele>1111.76</ele>
				<time>2026-09-20T05:27:36.912Z</time>
			</trkpt>
			<trkpt lat="40.67219" lon="-0.69897">
				<ele>1114.71</ele>
				<time>2026-09-20T05:27:39.683Z</time>
			</trkpt>
			<trkpt lat="40.67206" lon="-0.69867">
				<ele>1120.43</ele>
				<time>2026-09-20T05:28:01.249Z</time>
			</trkpt>
			<trkpt lat="40.67205" lon="-0.69857">
				<ele>1121.52</ele>
				<time>2026-09-20T05:28:08.338Z</time>
			</trkpt>
			<trkpt lat="40.6721" lon="-0.69796">
				<ele>1128.73</ele>
				<time>2026-09-20T05:28:24.348Z</time>
			</trkpt>
			<trkpt lat="40.6721" lon="-0.69771">
				<ele>1132.46</ele>
				<time>2026-09-20T05:28:27.313Z</time>
			</trkpt>
			<trkpt lat="40.67204" lon="-0.69743">
				<ele>1137.16</ele>
				<time>2026-09-20T05:28:30.100Z</time>
			</trkpt>
			<trkpt lat="40.67198" lon="-0.69721">
				<ele>1141.62</ele>
				<time>2026-09-20T05:28:31.950Z</time>
			</trkpt>
			<trkpt lat="40.67191" lon="-0.69707">
				<ele>1144.51</ele>
				<time>2026-09-20T05:28:33.126Z</time>
			</trkpt>
			<trkpt lat="40.67182" lon="-0.69698">
				<ele>1146.13</ele>
				<time>2026-09-20T05:28:34.102Z</time>
			</trkpt>
			<trkpt lat="40.67191" lon="-0.69707">
				<ele>1144.51</ele>
				<time>2026-09-20T05:28:35.039Z</time>
			</trkpt>
			<trkpt lat="40.67198" lon="-0.69721">
				<ele>1141.62</ele>
				<time>2026-09-20T05:28:36.084Z</time>
			</trkpt>
			<trkpt lat="40.67204" lon="-0.69743">
				<ele>1137.16</ele>
				<time>2026-09-20T05:28:37.590Z</time>
			</trkpt>
			<trkpt lat="40.6721" lon="-0.69771">
				<ele>1132.46</ele>
				<time>2026-09-20T05:28:39.690Z</time>
			</trkpt>
			<trkpt lat="40.6721" lon="-0.69796">
				<ele>1128.73</ele>
				<time>2026-09-20T05:28:41.766Z</time>
			</trkpt>
			<trkpt lat="40.67205" lon="-0.69857">
				<ele>1121.52</ele>
				<time>2026-09-20T05:28:46.729Z</time>
			</trkpt>
			<trkpt lat="40.67206" lon="-0.69867">
				<ele>1120.43</ele>
				<time>2026-09-20T05:28:47.426Z</time>
			</trkpt>
			<trkpt lat="40.67219" lon="-0.69897">
				<ele>1114.71</ele>
				<time>2026-09-20T05:28:49.366Z</time>
			</trkpt>
			<trkpt lat="40.67224" lon="-0.69913">
				<ele>1111.76</ele>
				<time>2026-09-20T05:28:50.111Z</time>
			</trkpt>
			<trkpt lat="40.67229" lon="-0.69915">
				<ele>1111.67</ele>
				<time>2026-09-20T05:28:50.378Z</time>
			</trkpt>
			<trkpt lat="40.67232" lon="-0.69912">
				<ele>1112.22</ele>
				<time>2026-09-20T05:28:50.562Z</time>
			</trkpt>
			<trkpt lat="40.67235" lon="-0.69905">
				<ele>1113.37</ele>
				<time>2026-09-20T05:28:50.847Z</time>
			</trkpt>
			<trkpt lat="40.67241" lon="-0.69885">
				<ele>1116.61</ele>
				<time>2026-09-20T05:28:51.562Z</time>
			</trkpt>
			<trkpt lat="40.67247" lon="-0.6987">
				<ele>1117.64</ele>
				<time>2026-09-20T05:28:52.114Z</time>
			</trkpt>
			<trkpt lat="40.67261" lon="-0.69832">
				<ele>1117.84</ele>
				<time>2026-09-20T05:28:53.696Z</time>
			</trkpt>
			<trkpt lat="40.67267" lon="-0.69821">
				<ele>1116.62</ele>
				<time>2026-09-20T05:28:54.334Z</time>
			</trkpt>
			<trkpt lat="40.67273" lon="-0.69818">
				<ele>1114.6</ele>
				<time>2026-09-20T05:28:54.780Z</time>
			</trkpt>
			<trkpt lat="40.67255" lon="-0.69947">
				<ele>1110.9</ele>
				<time>2026-09-20T05:29:23.956Z</time>
			</trkpt>
			<trkpt lat="40.67244" lon="-0.69979">
				<ele>1107.55</ele>
				<time>2026-09-20T05:29:39.877Z</time>
			</trkpt>
			<trkpt lat="40.67245" lon="-0.69999">
				<ele>1106.64</ele>
				<time>2026-09-20T05:29:49.908Z</time>
			</trkpt>
			<trkpt lat="40.6726" lon="-0.69991">
				<ele>1106.63</ele>
				<time>2026-09-20T05:30:01.128Z</time>
			</trkpt>
			<trkpt lat="40.67294" lon="-0.69985">
				<ele>1107.91</ele>
				<time>2026-09-20T05:30:25.943Z</time>
			</trkpt>
			<trkpt lat="40.67306" lon="-0.69989">
				<ele>1107.84</ele>
				<time>2026-09-20T05:30:34.976Z</time>
			</trkpt>
			<trkpt lat="40.67311" lon="-0.69997">
				<ele>1107.28</ele>
				<time>2026-09-20T05:30:40.673Z</time>
			</trkpt>
			<trkpt lat="40.67313" lon="-0.70007">
				<ele>1106.77</ele>
				<time>2026-09-20T05:30:46.300Z</time>
			</trkpt>
			<trkpt lat="40.67327" lon="-0.7001">
				<ele>1106.66</ele>
				<time>2026-09-20T05:30:56.263Z</time>
			</trkpt>
			<trkpt lat="40.67371" lon="-0.70049">
				<ele>1105.65</ele>
				<time>2026-09-20T05:31:29.149Z</time>
			</trkpt>
			<trkpt lat="40.67413" lon="-0.7009">
				<ele>1107.15</ele>
				<time>2026-09-20T05:31:57.593Z</time>
			</trkpt>
			<trkpt lat="40.67421" lon="-0.70116">
				<ele>1108.27</ele>
				<time>2026-09-20T05:32:09.937Z</time>
			</trkpt>
			<trkpt lat="40.67432" lon="-0.70169">
				<ele>1109.96</ele>
				<time>2026-09-20T05:32:34.140Z</time>
			</trkpt>
			<trkpt lat="40.67435" lon="-0.70178">
				<ele>1110.51</ele>
				<time>2026-09-20T05:32:38.363Z</time>
			</trkpt>
			<trkpt lat="40.67451" lon="-0.70231">
				<ele>1113.12</ele>
				<time>2026-09-20T05:33:01.363Z</time>
			</trkpt>
			<trkpt lat="40.67455" lon="-0.70238">
				<ele>1113.5</ele>
				<time>2026-09-20T05:33:04.588Z</time>
			</trkpt>
			<trkpt lat="40.67448" lon="-0.70247">
				<ele>1114.55</ele>
				<time>2026-09-20T05:33:09.139Z</time>
			</trkpt>
			<trkpt lat="40.67421" lon="-0.70283">
				<ele>1115.72</ele>
				<time>2026-09-20T05:33:24.383Z</time>
			</trkpt>
			<trkpt lat="40.67401" lon="-0.70301">
				<ele>1115.07</ele>
				<time>2026-09-20T05:33:31.367Z</time>
			</trkpt>
			<trkpt lat="40.67396" lon="-0.70303">
				<ele>1114.7</ele>
				<time>2026-09-20T05:33:32.563Z</time>
			</trkpt>
			<trkpt lat="40.67356" lon="-0.70323">
				<ele>1114.7</ele>
				<time>2026-09-20T05:33:38.097Z</time>
			</trkpt>
			<trkpt lat="40.6727" lon="-0.70368">
				<ele>1116.34</ele>
				<time>2026-09-20T05:33:42.833Z</time>
			</trkpt>
			<trkpt lat="40.67247" lon="-0.70378">
				<ele>1116</ele>
				<time>2026-09-20T05:33:44.252Z</time>
			</trkpt>
			<trkpt lat="40.67194" lon="-0.70405">
				<ele>1115.13</ele>
				<time>2026-09-20T05:33:49.245Z</time>
			</trkpt>
			<trkpt lat="40.6713" lon="-0.70441">
				<ele>1116.09</ele>
				<time>2026-09-20T05:34:00.455Z</time>
			</trkpt>
			<trkpt lat="40.6705" lon="-0.70362">
				<ele>1113</ele>
				<time>2026-09-20T05:34:29.843Z</time>
			</trkpt>
			<trkpt lat="40.6703" lon="-0.70318">
				<ele>1113.66</ele>
				<time>2026-09-20T05:34:41.548Z</time>
			</trkpt>
			<trkpt lat="40.6703" lon="-0.70308">
				<ele>1113.56</ele>
				<time>2026-09-20T05:34:43.647Z</time>
			</trkpt>
			<trkpt lat="40.67043" lon="-0.70257">
				<ele>1111.03</ele>
				<time>2026-09-20T05:34:53.238Z</time>
			</trkpt>
			<trkpt lat="40.67037" lon="-0.70233">
				<ele>1111.68</ele>
				<time>2026-09-20T05:34:56.513Z</time>
			</trkpt>
			<trkpt lat="40.67025" lon="-0.7021">
				<ele>1112.88</ele>
				<time>2026-09-20T05:34:59.789Z</time>
			</trkpt>
			<trkpt lat="40.6701" lon="-0.70202">
				<ele>1114.75</ele>
				<time>2026-09-20T05:35:02.182Z</time>
			</trkpt>
			<trkpt lat="40.6691" lon="-0.70189">
				<ele>1115.64</ele>
				<time>2026-09-20T05:35:15.170Z</time>
			</trkpt>
			<trkpt lat="40.669" lon="-0.70182">
				<ele>1115.2</ele>
				<time>2026-09-20T05:35:16.459Z</time>
			</trkpt>
			<trkpt lat="40.66865" lon="-0.70144">
				<ele>1123.49</ele>
				<time>2026-09-20T05:35:21.333Z</time>
			</trkpt>
			<trkpt lat="40.66854" lon="-0.7014">
				<ele>1126.06</ele>
				<time>2026-09-20T05:35:22.494Z</time>
			</trkpt>
			<trkpt lat="40.66837" lon="-0.70146">
				<ele>1128.88</ele>
				<time>2026-09-20T05:35:24.241Z</time>
			</trkpt>
			<trkpt lat="40.66825" lon="-0.70161">
				<ele>1128.78</ele>
				<time>2026-09-20T05:35:25.838Z</time>
			</trkpt>
			<trkpt lat="40.66808" lon="-0.70168">
				<ele>1125.68</ele>
				<time>2026-09-20T05:35:27.514Z</time>
			</trkpt>
			<trkpt lat="40.66762" lon="-0.70163">
				<ele>1121.66</ele>
				<time>2026-09-20T05:35:31.689Z</time>
			</trkpt>
			<trkpt lat="40.66742" lon="-0.70164">
				<ele>1124.6</ele>
				<time>2026-09-20T05:35:33.442Z</time>
			</trkpt>
			<trkpt lat="40.66732" lon="-0.70167">
				<ele>1125.01</ele>
				<time>2026-09-20T05:35:34.331Z</time>
			</trkpt>
			<trkpt lat="40.66724" lon="-0.70173">
				<ele>1125.97</ele>
				<time>2026-09-20T05:35:35.125Z</time>
			</trkpt>
			<trkpt lat="40.66711" lon="-0.70187">
				<ele>1125.95</ele>
				<time>2026-09-20T05:35:36.565Z</time>
			</trkpt>
			<trkpt lat="40.66699" lon="-0.7021">
				<ele>1127.02</ele>
				<time>2026-09-20T05:35:38.376Z</time>
			</trkpt>
			<trkpt lat="40.66693" lon="-0.70239">
				<ele>1129.53</ele>
				<time>2026-09-20T05:35:40.322Z</time>
			</trkpt>
			<trkpt lat="40.66686" lon="-0.70254">
				<ele>1130.35</ele>
				<time>2026-09-20T05:35:41.460Z</time>
			</trkpt>
			<trkpt lat="40.66678" lon="-0.70263">
				<ele>1131.16</ele>
				<time>2026-09-20T05:35:42.354Z</time>
			</trkpt>
			<trkpt lat="40.66622" lon="-0.70303">
				<ele>1130.11</ele>
				<time>2026-09-20T05:35:47.754Z</time>
			</trkpt>
			<trkpt lat="40.66605" lon="-0.7032">
				<ele>1129.77</ele>
				<time>2026-09-20T05:35:49.556Z</time>
			</trkpt>
			<trkpt lat="40.66499" lon="-0.70489">
				<ele>1132.28</ele>
				<time>2026-09-20T05:36:03.471Z</time>
			</trkpt>
			<trkpt lat="40.66477" lon="-0.70517">
				<ele>1133.22</ele>
				<time>2026-09-20T05:36:06.005Z</time>
			</trkpt>
			<trkpt lat="40.66467" lon="-0.70527">
				<ele>1133.9</ele>
				<time>2026-09-20T05:36:07.043Z</time>
			</trkpt>
			<trkpt lat="40.66435" lon="-0.70549">
				<ele>1138.17</ele>
				<time>2026-09-20T05:36:10.020Z</time>
			</trkpt>
			<trkpt lat="40.66415" lon="-0.70557">
				<ele>1142.17</ele>
				<time>2026-09-20T05:36:11.739Z</time>
			</trkpt>
			<trkpt lat="40.66369" lon="-0.70585">
				<ele>1141.15</ele>
				<time>2026-09-20T05:36:15.892Z</time>
			</trkpt>
			<trkpt lat="40.66283" lon="-0.70654">
				<ele>1133.62</ele>
				<time>2026-09-20T05:36:24.085Z</time>
			</trkpt>
			<trkpt lat="40.66272" lon="-0.70657">
				<ele>1134.64</ele>
				<time>2026-09-20T05:36:24.994Z</time>
			</trkpt>
			<trkpt lat="40.6626" lon="-0.70658">
				<ele>1135.64</ele>
				<time>2026-09-20T05:36:25.966Z</time>
			</trkpt>
			<trkpt lat="40.66248" lon="-0.70656">
				<ele>1136.3</ele>
				<time>2026-09-20T05:36:26.942Z</time>
			</trkpt>
			<trkpt lat="40.66199" lon="-0.70632">
				<ele>1133.71</ele>
				<time>2026-09-20T05:36:31.150Z</time>
			</trkpt>
			<trkpt lat="40.66158" lon="-0.70605">
				<ele>1132.6</ele>
				<time>2026-09-20T05:36:34.822Z</time>
			</trkpt>
			<trkpt lat="40.66125" lon="-0.70587">
				<ele>1133.6</ele>
				<time>2026-09-20T05:36:37.672Z</time>
			</trkpt>
			<trkpt lat="40.66087" lon="-0.70575">
				<ele>1133.54</ele>
				<time>2026-09-20T05:36:40.779Z</time>
			</trkpt>
			<trkpt lat="40.66064" lon="-0.70573">
				<ele>1134.47</ele>
				<time>2026-09-20T05:36:42.606Z</time>
			</trkpt>
			<trkpt lat="40.66042" lon="-0.70576">
				<ele>1135.48</ele>
				<time>2026-09-20T05:36:44.355Z</time>
			</trkpt>
			<trkpt lat="40.66019" lon="-0.70582">
				<ele>1135.9</ele>
				<time>2026-09-20T05:36:46.206Z</time>
			</trkpt>
			<trkpt lat="40.65974" lon="-0.70601">
				<ele>1132.37</ele>
				<time>2026-09-20T05:36:49.923Z</time>
			</trkpt>
			<trkpt lat="40.65949" lon="-0.70606">
				<ele>1131.64</ele>
				<time>2026-09-20T05:36:51.905Z</time>
			</trkpt>
			<trkpt lat="40.65928" lon="-0.70599">
				<ele>1132.67</ele>
				<time>2026-09-20T05:36:53.599Z</time>
			</trkpt>
			<trkpt lat="40.65833" lon="-0.70547">
				<ele>1136.33</ele>
				<time>2026-09-20T05:37:01.596Z</time>
			</trkpt>
			<trkpt lat="40.65739" lon="-0.70506">
				<ele>1132.16</ele>
				<time>2026-09-20T05:37:09.219Z</time>
			</trkpt>
			<trkpt lat="40.65713" lon="-0.70504">
				<ele>1133.53</ele>
				<time>2026-09-20T05:37:11.212Z</time>
			</trkpt>
			<trkpt lat="40.65657" lon="-0.70511">
				<ele>1132.14</ele>
				<time>2026-09-20T05:37:15.501Z</time>
			</trkpt>
			<trkpt lat="40.65625" lon="-0.70521">
				<ele>1129.52</ele>
				<time>2026-09-20T05:37:17.997Z</time>
			</trkpt>
			<trkpt lat="40.65609" lon="-0.70543">
				<ele>1129</ele>
				<time>2026-09-20T05:37:19.747Z</time>
			</trkpt>
			<trkpt lat="40.65576" lon="-0.70609">
				<ele>1132.02</ele>
				<time>2026-09-20T05:37:24.270Z</time>
			</trkpt>
			<trkpt lat="40.65553" lon="-0.70636">
				<ele>1133.45</ele>
				<time>2026-09-20T05:37:26.582Z</time>
			</trkpt>
			<trkpt lat="40.65515" lon="-0.70674">
				<ele>1138.71</ele>
				<time>2026-09-20T05:37:30.150Z</time>
			</trkpt>
			<trkpt lat="40.65505" lon="-0.70689">
				<ele>1140.34</ele>
				<time>2026-09-20T05:37:31.280Z</time>
			</trkpt>
			<trkpt lat="40.655" lon="-0.70703">
				<ele>1142.56</ele>
				<time>2026-09-20T05:37:32.155Z</time>
			</trkpt>
			<trkpt lat="40.65486" lon="-0.70755">
				<ele>1146.66</ele>
				<time>2026-09-20T05:37:35.265Z</time>
			</trkpt>
			<trkpt lat="40.65477" lon="-0.7077">
				<ele>1144.23</ele>
				<time>2026-09-20T05:37:36.340Z</time>
			</trkpt>
			<trkpt lat="40.65462" lon="-0.70785">
				<ele>1141.87</ele>
				<time>2026-09-20T05:37:37.733Z</time>
			</trkpt>
			<trkpt lat="40.65417" lon="-0.708">
				<ele>1136.49</ele>
				<time>2026-09-20T05:37:41.157Z</time>
			</trkpt>
			<trkpt lat="40.65359" lon="-0.708">
				<ele>1136.01</ele>
				<time>2026-09-20T05:37:45.414Z</time>
			</trkpt>
			<trkpt lat="40.6534" lon="-0.70805">
				<ele>1136.04</ele>
				<time>2026-09-20T05:37:46.831Z</time>
			</trkpt>
			<trkpt lat="40.65324" lon="-0.70812">
				<ele>1135.78</ele>
				<time>2026-09-20T05:37:48.062Z</time>
			</trkpt>
			<trkpt lat="40.653" lon="-0.70828">
				<ele>1135.65</ele>
				<time>2026-09-20T05:37:50.021Z</time>
			</trkpt>
			<trkpt lat="40.6526" lon="-0.70869">
				<ele>1133.42</ele>
				<time>2026-09-20T05:37:53.700Z</time>
			</trkpt>
			<trkpt lat="40.65237" lon="-0.70896">
				<ele>1135.37</ele>
				<time>2026-09-20T05:37:55.927Z</time>
			</trkpt>
			<trkpt lat="40.6522" lon="-0.70906">
				<ele>1139.96</ele>
				<time>2026-09-20T05:37:57.270Z</time>
			</trkpt>
			<trkpt lat="40.652" lon="-0.70907">
				<ele>1143.71</ele>
				<time>2026-09-20T05:37:58.712Z</time>
			</trkpt>
			<trkpt lat="40.65177" lon="-0.70898">
				<ele>1144.53</ele>
				<time>2026-09-20T05:38:00.436Z</time>
			</trkpt>
			<trkpt lat="40.65152" lon="-0.70882">
				<ele>1144.74</ele>
				<time>2026-09-20T05:38:02.429Z</time>
			</trkpt>
			<trkpt lat="40.65034" lon="-0.70789">
				<ele>1139.57</ele>
				<time>2026-09-20T05:38:12.212Z</time>
			</trkpt>
			<trkpt lat="40.65012" lon="-0.70786">
				<ele>1138.87</ele>
				<time>2026-09-20T05:38:13.774Z</time>
			</trkpt>
			<trkpt lat="40.64998" lon="-0.70788">
				<ele>1140.47</ele>
				<time>2026-09-20T05:38:14.767Z</time>
			</trkpt>
			<trkpt lat="40.64974" lon="-0.70808">
				<ele>1148.05</ele>
				<time>2026-09-20T05:38:16.765Z</time>
			</trkpt>
			<trkpt lat="40.64952" lon="-0.70817">
				<ele>1151.59</ele>
				<time>2026-09-20T05:38:18.383Z</time>
			</trkpt>
			<trkpt lat="40.64799" lon="-0.70839">
				<ele>1140.38</ele>
				<time>2026-09-20T05:38:29.101Z</time>
			</trkpt>
			<trkpt lat="40.64762" lon="-0.70851">
				<ele>1142.66</ele>
				<time>2026-09-20T05:38:31.732Z</time>
			</trkpt>
			<trkpt lat="40.6467" lon="-0.70903">
				<ele>1146.85</ele>
				<time>2026-09-20T05:38:38.599Z</time>
			</trkpt>
			<trkpt lat="40.64639" lon="-0.70915">
				<ele>1149.53</ele>
				<time>2026-09-20T05:38:40.802Z</time>
			</trkpt>
			<trkpt lat="40.64489" lon="-0.70943">
				<ele>1145.35</ele>
				<time>2026-09-20T05:38:51.048Z</time>
			</trkpt>
			<trkpt lat="40.64282" lon="-0.70959">
				<ele>1148.97</ele>
				<time>2026-09-20T05:39:04.849Z</time>
			</trkpt>
			<trkpt lat="40.64197" lon="-0.70958">
				<ele>1145</ele>
				<time>2026-09-20T05:39:10.434Z</time>
			</trkpt>
			<trkpt lat="40.64168" lon="-0.70951">
				<ele>1147.23</ele>
				<time>2026-09-20T05:39:12.362Z</time>
			</trkpt>
			<trkpt lat="40.64148" lon="-0.70934">
				<ele>1147.99</ele>
				<time>2026-09-20T05:39:13.914Z</time>
			</trkpt>
			<trkpt lat="40.64074" lon="-0.70854">
				<ele>1150.41</ele>
				<time>2026-09-20T05:39:20.124Z</time>
			</trkpt>
			<trkpt lat="40.63934" lon="-0.70767">
				<ele>1152.57</ele>
				<time>2026-09-20T05:39:30.059Z</time>
			</trkpt>
			<trkpt lat="40.63913" lon="-0.7076">
				<ele>1152.19</ele>
				<time>2026-09-20T05:39:31.439Z</time>
			</trkpt>
			<trkpt lat="40.63895" lon="-0.7076">
				<ele>1151.3</ele>
				<time>2026-09-20T05:39:32.583Z</time>
			</trkpt>
			<trkpt lat="40.63863" lon="-0.70766">
				<ele>1151</ele>
				<time>2026-09-20T05:39:34.634Z</time>
			</trkpt>
			<trkpt lat="40.63702" lon="-0.70826">
				<ele>1160.88</ele>
				<time>2026-09-20T05:39:45.162Z</time>
			</trkpt>
			<trkpt lat="40.63684" lon="-0.70843">
				<ele>1161.89</ele>
				<time>2026-09-20T05:39:46.545Z</time>
			</trkpt>
			<trkpt lat="40.63637" lon="-0.70939">
				<ele>1166.54</ele>
				<time>2026-09-20T05:39:51.932Z</time>
			</trkpt>
			<trkpt lat="40.63621" lon="-0.70969">
				<ele>1172.77</ele>
				<time>2026-09-20T05:39:53.653Z</time>
			</trkpt>
			<trkpt lat="40.63457" lon="-0.71193">
				<ele>1192.31</ele>
				<time>2026-09-20T05:40:08.105Z</time>
			</trkpt>
			<trkpt lat="40.63191" lon="-0.71266">
				<ele>1185.64</ele>
				<time>2026-09-20T05:40:24.393Z</time>
			</trkpt>
			<trkpt lat="40.6301" lon="-0.71289">
				<ele>1196.46</ele>
				<time>2026-09-20T05:40:35.101Z</time>
			</trkpt>
			<trkpt lat="40.62615" lon="-0.71294">
				<ele>1206.55</ele>
				<time>2026-09-20T05:40:57.864Z</time>
			</trkpt>
			<trkpt lat="40.62351" lon="-0.71268">
				<ele>1214.21</ele>
				<time>2026-09-20T05:41:12.758Z</time>
			</trkpt>
			<trkpt lat="40.62209" lon="-0.71209">
				<ele>1214.19</ele>
				<time>2026-09-20T05:41:21.015Z</time>
			</trkpt>
			<trkpt lat="40.62123" lon="-0.7121">
				<ele>1215.7</ele>
				<time>2026-09-20T05:41:25.747Z</time>
			</trkpt>
			<trkpt lat="40.61922" lon="-0.71175">
				<ele>1220.54</ele>
				<time>2026-09-20T05:41:36.797Z</time>
			</trkpt>
			<trkpt lat="40.61615" lon="-0.71298">
				<ele>1232.77</ele>
				<time>2026-09-20T05:41:54.000Z</time>
			</trkpt>
			<trkpt lat="40.61494" lon="-0.71274">
				<ele>1236.9</ele>
				<time>2026-09-20T05:42:00.473Z</time>
			</trkpt>
			<trkpt lat="40.61331" lon="-0.71292">
				<ele>1237.65</ele>
				<time>2026-09-20T05:42:09.055Z</time>
			</trkpt>
			<trkpt lat="40.61002" lon="-0.71332">
				<ele>1254.55</ele>
				<time>2026-09-20T05:42:26.161Z</time>
			</trkpt>
			<trkpt lat="40.60971" lon="-0.71331">
				<ele>1256.94</ele>
				<time>2026-09-20T05:42:27.751Z</time>
			</trkpt>
			<trkpt lat="40.60838" lon="-0.71316">
				<ele>1257.31</ele>
				<time>2026-09-20T05:42:34.570Z</time>
			</trkpt>
			<trkpt lat="40.60801" lon="-0.71309">
				<ele>1255.63</ele>
				<time>2026-09-20T05:42:36.472Z</time>
			</trkpt>
			<trkpt lat="40.60662" lon="-0.71176">
				<ele>1254.83</ele>
				<time>2026-09-20T05:42:45.171Z</time>
			</trkpt>
			<trkpt lat="40.60544" lon="-0.71111">
				<ele>1241.71</ele>
				<time>2026-09-20T05:42:51.604Z</time>
			</trkpt>
			<trkpt lat="40.60509" lon="-0.71077">
				<ele>1242.24</ele>
				<time>2026-09-20T05:42:53.783Z</time>
			</trkpt>
			<trkpt lat="40.60479" lon="-0.71056">
				<ele>1241.86</ele>
				<time>2026-09-20T05:42:55.483Z</time>
			</trkpt>
			<trkpt lat="40.60408" lon="-0.71013">
				<ele>1239.87</ele>
				<time>2026-09-20T05:42:59.384Z</time>
			</trkpt>
			<trkpt lat="40.60304" lon="-0.70917">
				<ele>1228.7</ele>
				<time>2026-09-20T05:43:05.699Z</time>
			</trkpt>
			<trkpt lat="40.6025" lon="-0.70846">
				<ele>1215.65</ele>
				<time>2026-09-20T05:43:09.478Z</time>
			</trkpt>
			<trkpt lat="40.60236" lon="-0.70825">
				<ele>1215.84</ele>
				<time>2026-09-20T05:43:10.527Z</time>
			</trkpt>
			<trkpt lat="40.60201" lon="-0.70767">
				<ele>1208.69</ele>
				<time>2026-09-20T05:43:13.305Z</time>
			</trkpt>
			<trkpt lat="40.60156" lon="-0.70715">
				<ele>1204.9</ele>
				<time>2026-09-20T05:43:16.255Z</time>
			</trkpt>
			<trkpt lat="40.60081" lon="-0.70637">
				<ele>1198.06</ele>
				<time>2026-09-20T05:43:20.952Z</time>
			</trkpt>
			<trkpt lat="40.6006" lon="-0.70608">
				<ele>1198.12</ele>
				<time>2026-09-20T05:43:22.445Z</time>
			</trkpt>
			<trkpt lat="40.60049" lon="-0.70588">
				<ele>1196.72</ele>
				<time>2026-09-20T05:43:23.364Z</time>
			</trkpt>
			<trkpt lat="40.60037" lon="-0.70559">
				<ele>1194.55</ele>
				<time>2026-09-20T05:43:24.593Z</time>
			</trkpt>
			<trkpt lat="40.60028" lon="-0.70527">
				<ele>1193.1</ele>
				<time>2026-09-20T05:43:25.861Z</time>
			</trkpt>
			<trkpt lat="40.60024" lon="-0.70504">
				<ele>1194.26</ele>
				<time>2026-09-20T05:43:26.737Z</time>
			</trkpt>
			<trkpt lat="40.60024" lon="-0.70483">
				<ele>1195.65</ele>
				<time>2026-09-20T05:43:27.517Z</time>
			</trkpt>
			<trkpt lat="40.60037" lon="-0.70419">
				<ele>1194.35</ele>
				<time>2026-09-20T05:43:29.973Z</time>
			</trkpt>
			<trkpt lat="40.60038" lon="-0.70405">
				<ele>1193.31</ele>
				<time>2026-09-20T05:43:30.494Z</time>
			</trkpt>
			<trkpt lat="40.60038" lon="-0.7039">
				<ele>1192.31</ele>
				<time>2026-09-20T05:43:31.050Z</time>
			</trkpt>
			<trkpt lat="40.60019" lon="-0.70288">
				<ele>1189.21</ele>
				<time>2026-09-20T05:43:34.935Z</time>
			</trkpt>
			<trkpt lat="40.60013" lon="-0.70271">
				<ele>1188.74</ele>
				<time>2026-09-20T05:43:35.628Z</time>
			</trkpt>
			<trkpt lat="40.60006" lon="-0.70258">
				<ele>1188.27</ele>
				<time>2026-09-20T05:43:36.217Z</time>
			</trkpt>
			<trkpt lat="40.59989" lon="-0.70245">
				<ele>1188.67</ele>
				<time>2026-09-20T05:43:37.173Z</time>
			</trkpt>
			<trkpt lat="40.59941" lon="-0.70244">
				<ele>1189.78</ele>
				<time>2026-09-20T05:43:39.505Z</time>
			</trkpt>
			<trkpt lat="40.59922" lon="-0.70247">
				<ele>1190.14</ele>
				<time>2026-09-20T05:43:40.434Z</time>
			</trkpt>
			<trkpt lat="40.59901" lon="-0.70263">
				<ele>1190.29</ele>
				<time>2026-09-20T05:43:41.611Z</time>
			</trkpt>
			<trkpt lat="40.59886" lon="-0.70278">
				<ele>1190.01</ele>
				<time>2026-09-20T05:43:42.524Z</time>
			</trkpt>
			<trkpt lat="40.59864" lon="-0.70293">
				<ele>1188.94</ele>
				<time>2026-09-20T05:43:43.725Z</time>
			</trkpt>
			<trkpt lat="40.59834" lon="-0.70306">
				<ele>1189.91</ele>
				<time>2026-09-20T05:43:45.255Z</time>
			</trkpt>
			<trkpt lat="40.59818" lon="-0.70311">
				<ele>1190.38</ele>
				<time>2026-09-20T05:43:46.051Z</time>
			</trkpt>
			<trkpt lat="40.59799" lon="-0.70311">
				<ele>1191.07</ele>
				<time>2026-09-20T05:43:46.970Z</time>
			</trkpt>
			<trkpt lat="40.59749" lon="-0.70308">
				<ele>1192</ele>
				<time>2026-09-20T05:43:49.391Z</time>
			</trkpt>
			<trkpt lat="40.59733" lon="-0.70304">
				<ele>1191.96</ele>
				<time>2026-09-20T05:43:50.178Z</time>
			</trkpt>
			<trkpt lat="40.59547" lon="-0.70199">
				<ele>1190.34</ele>
				<time>2026-09-20T05:43:59.936Z</time>
			</trkpt>
			<trkpt lat="40.59526" lon="-0.70191">
				<ele>1191.22</ele>
				<time>2026-09-20T05:44:00.988Z</time>
			</trkpt>
			<trkpt lat="40.59426" lon="-0.70161">
				<ele>1194.84</ele>
				<time>2026-09-20T05:44:05.918Z</time>
			</trkpt>
			<trkpt lat="40.59361" lon="-0.70144">
				<ele>1197.99</ele>
				<time>2026-09-20T05:44:09.100Z</time>
			</trkpt>
			<trkpt lat="40.59296" lon="-0.70145">
				<ele>1201.12</ele>
				<time>2026-09-20T05:44:12.219Z</time>
			</trkpt>
			<trkpt lat="40.59281" lon="-0.70143">
				<ele>1200.41</ele>
				<time>2026-09-20T05:44:12.942Z</time>
			</trkpt>
			<trkpt lat="40.59267" lon="-0.70138">
				<ele>1201.08</ele>
				<time>2026-09-20T05:44:13.637Z</time>
			</trkpt>
			<trkpt lat="40.59253" lon="-0.7013">
				<ele>1202.03</ele>
				<time>2026-09-20T05:44:14.369Z</time>
			</trkpt>
			<trkpt lat="40.59161" lon="-0.70026">
				<ele>1203.16</ele>
				<time>2026-09-20T05:44:20.177Z</time>
			</trkpt>
			<trkpt lat="40.59145" lon="-0.7001">
				<ele>1202.68</ele>
				<time>2026-09-20T05:44:21.138Z</time>
			</trkpt>
			<trkpt lat="40.59026" lon="-0.69916">
				<ele>1202.21</ele>
				<time>2026-09-20T05:44:27.777Z</time>
			</trkpt>
			<trkpt lat="40.59008" lon="-0.6991">
				<ele>1203.91</ele>
				<time>2026-09-20T05:44:28.665Z</time>
			</trkpt>
			<trkpt lat="40.58907" lon="-0.6989">
				<ele>1201.71</ele>
				<time>2026-09-20T05:44:33.547Z</time>
			</trkpt>
			<trkpt lat="40.58492" lon="-0.69773">
				<ele>1214.36</ele>
				<time>2026-09-20T05:44:53.829Z</time>
			</trkpt>
			<trkpt lat="40.58396" lon="-0.69753">
				<ele>1223.7</ele>
				<time>2026-09-20T05:44:58.478Z</time>
			</trkpt>
			<trkpt lat="40.5833" lon="-0.69733">
				<ele>1222.29</ele>
				<time>2026-09-20T05:45:01.718Z</time>
			</trkpt>
			<trkpt lat="40.58311" lon="-0.69731">
				<ele>1221.75</ele>
				<time>2026-09-20T05:45:02.631Z</time>
			</trkpt>
			<trkpt lat="40.58265" lon="-0.69736">
				<ele>1218.39</ele>
				<time>2026-09-20T05:45:04.841Z</time>
			</trkpt>
			<trkpt lat="40.58245" lon="-0.69737">
				<ele>1216.94</ele>
				<time>2026-09-20T05:45:05.800Z</time>
			</trkpt>
			<trkpt lat="40.58201" lon="-0.69725">
				<ele>1213.75</ele>
				<time>2026-09-20T05:45:07.952Z</time>
			</trkpt>
			<trkpt lat="40.58017" lon="-0.69692">
				<ele>1214.15</ele>
				<time>2026-09-20T05:45:16.862Z</time>
			</trkpt>
			<trkpt lat="40.57977" lon="-0.69683">
				<ele>1214.9</ele>
				<time>2026-09-20T05:45:18.811Z</time>
			</trkpt>
			<trkpt lat="40.57938" lon="-0.69666">
				<ele>1216.17</ele>
				<time>2026-09-20T05:45:20.787Z</time>
			</trkpt>
			<trkpt lat="40.57864" lon="-0.69629">
				<ele>1216.14</ele>
				<time>2026-09-20T05:45:24.596Z</time>
			</trkpt>
			<trkpt lat="40.57817" lon="-0.69609">
				<ele>1215.83</ele>
				<time>2026-09-20T05:45:26.976Z</time>
			</trkpt>
			<trkpt lat="40.57778" lon="-0.69586">
				<ele>1214.12</ele>
				<time>2026-09-20T05:45:29.036Z</time>
			</trkpt>
			<trkpt lat="40.57742" lon="-0.69554">
				<ele>1213.27</ele>
				<time>2026-09-20T05:45:31.132Z</time>
			</trkpt>
			<trkpt lat="40.57722" lon="-0.6954">
				<ele>1214.59</ele>
				<time>2026-09-20T05:45:32.226Z</time>
			</trkpt>
			<trkpt lat="40.57709" lon="-0.69539">
				<ele>1215.06</ele>
				<time>2026-09-20T05:45:32.855Z</time>
			</trkpt>
			<trkpt lat="40.5769" lon="-0.69545">
				<ele>1215.53</ele>
				<time>2026-09-20T05:45:33.800Z</time>
			</trkpt>
			<trkpt lat="40.57634" lon="-0.69575">
				<ele>1217.6</ele>
				<time>2026-09-20T05:45:36.724Z</time>
			</trkpt>
			<trkpt lat="40.57621" lon="-0.69577">
				<ele>1218.31</ele>
				<time>2026-09-20T05:45:37.357Z</time>
			</trkpt>
			<trkpt lat="40.57584" lon="-0.69582">
				<ele>1220.1</ele>
				<time>2026-09-20T05:45:39.158Z</time>
			</trkpt>
			<trkpt lat="40.57555" lon="-0.6958">
				<ele>1221.99</ele>
				<time>2026-09-20T05:45:40.566Z</time>
			</trkpt>
			<trkpt lat="40.57519" lon="-0.69574">
				<ele>1222.75</ele>
				<time>2026-09-20T05:45:42.326Z</time>
			</trkpt>
			<trkpt lat="40.57488" lon="-0.69571">
				<ele>1224.98</ele>
				<time>2026-09-20T05:45:43.835Z</time>
			</trkpt>
			<trkpt lat="40.57453" lon="-0.69594">
				<ele>1227.27</ele>
				<time>2026-09-20T05:45:45.736Z</time>
			</trkpt>
			<trkpt lat="40.57419" lon="-0.69625">
				<ele>1229.14</ele>
				<time>2026-09-20T05:45:47.747Z</time>
			</trkpt>
			<trkpt lat="40.57404" lon="-0.69636">
				<ele>1230.1</ele>
				<time>2026-09-20T05:45:48.583Z</time>
			</trkpt>
			<trkpt lat="40.57377" lon="-0.69648">
				<ele>1233.07</ele>
				<time>2026-09-20T05:45:49.971Z</time>
			</trkpt>
			<trkpt lat="40.57362" lon="-0.69648">
				<ele>1234.78</ele>
				<time>2026-09-20T05:45:50.702Z</time>
			</trkpt>
			<trkpt lat="40.57346" lon="-0.69644">
				<ele>1236.76</ele>
				<time>2026-09-20T05:45:51.496Z</time>
			</trkpt>
			<trkpt lat="40.57313" lon="-0.69617">
				<ele>1241.44</ele>
				<time>2026-09-20T05:45:53.392Z</time>
			</trkpt>
			<trkpt lat="40.5701" lon="-0.69251">
				<ele>1227.76</ele>
				<time>2026-09-20T05:46:13.594Z</time>
			</trkpt>
			<trkpt lat="40.56989" lon="-0.69206">
				<ele>1223.33</ele>
				<time>2026-09-20T05:46:15.580Z</time>
			</trkpt>
			<trkpt lat="40.56981" lon="-0.69165">
				<ele>1222.28</ele>
				<time>2026-09-20T05:46:17.174Z</time>
			</trkpt>
			<trkpt lat="40.56978" lon="-0.69136">
				<ele>1222.02</ele>
				<time>2026-09-20T05:46:18.277Z</time>
			</trkpt>
			<trkpt lat="40.5698" lon="-0.69104">
				<ele>1222.3</ele>
				<time>2026-09-20T05:46:19.489Z</time>
			</trkpt>
			<trkpt lat="40.56998" lon="-0.69024">
				<ele>1224.05</ele>
				<time>2026-09-20T05:46:22.641Z</time>
			</trkpt>
			<trkpt lat="40.57011" lon="-0.68933">
				<ele>1227.7</ele>
				<time>2026-09-20T05:46:26.149Z</time>
			</trkpt>
			<trkpt lat="40.56994" lon="-0.68892">
				<ele>1231.42</ele>
				<time>2026-09-20T05:46:27.923Z</time>
			</trkpt>
			<trkpt lat="40.56887" lon="-0.68798">
				<ele>1235.68</ele>
				<time>2026-09-20T05:46:34.374Z</time>
			</trkpt>
			<trkpt lat="40.56854" lon="-0.68775">
				<ele>1236.76</ele>
				<time>2026-09-20T05:46:36.253Z</time>
			</trkpt>
			<trkpt lat="40.56838" lon="-0.68767">
				<ele>1235.78</ele>
				<time>2026-09-20T05:46:37.115Z</time>
			</trkpt>
			<trkpt lat="40.56781" lon="-0.68748">
				<ele>1235.51</ele>
				<time>2026-09-20T05:46:40.083Z</time>
			</trkpt>
			<trkpt lat="40.56762" lon="-0.68736">
				<ele>1234.82</ele>
				<time>2026-09-20T05:46:41.148Z</time>
			</trkpt>
			<trkpt lat="40.56728" lon="-0.68709">
				<ele>1234.38</ele>
				<time>2026-09-20T05:46:43.159Z</time>
			</trkpt>
			<trkpt lat="40.56715" lon="-0.68702">
				<ele>1234.69</ele>
				<time>2026-09-20T05:46:43.871Z</time>
			</trkpt>
			<trkpt lat="40.56632" lon="-0.68669">
				<ele>1237.08</ele>
				<time>2026-09-20T05:46:48.276Z</time>
			</trkpt>
			<trkpt lat="40.56617" lon="-0.68658">
				<ele>1237.31</ele>
				<time>2026-09-20T05:46:49.151Z</time>
			</trkpt>
			<trkpt lat="40.56585" lon="-0.68629">
				<ele>1238.46</ele>
				<time>2026-09-20T05:46:51.132Z</time>
			</trkpt>
			<trkpt lat="40.56553" lon="-0.68611">
				<ele>1241.85</ele>
				<time>2026-09-20T05:46:52.910Z</time>
			</trkpt>
			<trkpt lat="40.56469" lon="-0.68579">
				<ele>1238.28</ele>
				<time>2026-09-20T05:46:57.391Z</time>
			</trkpt>
			<trkpt lat="40.56461" lon="-0.68574">
				<ele>1237.88</ele>
				<time>2026-09-20T05:46:57.846Z</time>
			</trkpt>
			<trkpt lat="40.56407" lon="-0.68512">
				<ele>1234.98</ele>
				<time>2026-09-20T05:47:01.535Z</time>
			</trkpt>
			<trkpt lat="40.56289" lon="-0.68431">
				<ele>1239.9</ele>
				<time>2026-09-20T05:47:08.421Z</time>
			</trkpt>
			<trkpt lat="40.56273" lon="-0.68423">
				<ele>1239.65</ele>
				<time>2026-09-20T05:47:09.310Z</time>
			</trkpt>
			<trkpt lat="40.56179" lon="-0.68399">
				<ele>1240.97</ele>
				<time>2026-09-20T05:47:14.300Z</time>
			</trkpt>
			<trkpt lat="40.56145" lon="-0.68398">
				<ele>1239.92</ele>
				<time>2026-09-20T05:47:16.079Z</time>
			</trkpt>
			<trkpt lat="40.56007" lon="-0.68403">
				<ele>1239.89</ele>
				<time>2026-09-20T05:47:23.334Z</time>
			</trkpt>
			<trkpt lat="40.55874" lon="-0.68382">
				<ele>1242.79</ele>
				<time>2026-09-20T05:47:30.429Z</time>
			</trkpt>
			<trkpt lat="40.55786" lon="-0.6838">
				<ele>1243.78</ele>
				<time>2026-09-20T05:47:35.121Z</time>
			</trkpt>
			<trkpt lat="40.5577" lon="-0.68376">
				<ele>1244.33</ele>
				<time>2026-09-20T05:47:35.992Z</time>
			</trkpt>
			<trkpt lat="40.55719" lon="-0.68354">
				<ele>1244.17</ele>
				<time>2026-09-20T05:47:38.869Z</time>
			</trkpt>
			<trkpt lat="40.55669" lon="-0.6831">
				<ele>1243.1</ele>
				<time>2026-09-20T05:47:42.104Z</time>
			</trkpt>
			<trkpt lat="40.5566" lon="-0.68306">
				<ele>1242.81</ele>
				<time>2026-09-20T05:47:42.616Z</time>
			</trkpt>
			<trkpt lat="40.55607" lon="-0.68286">
				<ele>1245.07</ele>
				<time>2026-09-20T05:47:45.594Z</time>
			</trkpt>
			<trkpt lat="40.55577" lon="-0.68267">
				<ele>1248.93</ele>
				<time>2026-09-20T05:47:47.397Z</time>
			</trkpt>
			<trkpt lat="40.55553" lon="-0.68249">
				<ele>1248.63</ele>
				<time>2026-09-20T05:47:48.896Z</time>
			</trkpt>
			<trkpt lat="40.55526" lon="-0.68219">
				<ele>1245.2</ele>
				<time>2026-09-20T05:47:50.818Z</time>
			</trkpt>
			<trkpt lat="40.5551" lon="-0.68205">
				<ele>1246.47</ele>
				<time>2026-09-20T05:47:51.864Z</time>
			</trkpt>
			<trkpt lat="40.55476" lon="-0.6818">
				<ele>1248.35</ele>
				<time>2026-09-20T05:47:53.990Z</time>
			</trkpt>
			<trkpt lat="40.55418" lon="-0.68154">
				<ele>1247.93</ele>
				<time>2026-09-20T05:47:57.345Z</time>
			</trkpt>
			<trkpt lat="40.55358" lon="-0.68135">
				<ele>1252.44</ele>
				<time>2026-09-20T05:48:00.738Z</time>
			</trkpt>
			<trkpt lat="40.55235" lon="-0.6812">
				<ele>1249.67</ele>
				<time>2026-09-20T05:48:07.572Z</time>
			</trkpt>
			<trkpt lat="40.55158" lon="-0.68084">
				<ele>1249.93</ele>
				<time>2026-09-20T05:48:12.125Z</time>
			</trkpt>
			<trkpt lat="40.55079" lon="-0.68053">
				<ele>1248.82</ele>
				<time>2026-09-20T05:48:16.744Z</time>
			</trkpt>
			<trkpt lat="40.55031" lon="-0.68029">
				<ele>1251.2</ele>
				<time>2026-09-20T05:48:19.634Z</time>
			</trkpt>
			<trkpt lat="40.54972" lon="-0.67992">
				<ele>1254.48</ele>
				<time>2026-09-20T05:48:23.329Z</time>
			</trkpt>
			<trkpt lat="40.54946" lon="-0.67983">
				<ele>1255.28</ele>
				<time>2026-09-20T05:48:24.853Z</time>
			</trkpt>
			<trkpt lat="40.54919" lon="-0.6798">
				<ele>1254.54</ele>
				<time>2026-09-20T05:48:26.393Z</time>
			</trkpt>
			<trkpt lat="40.54868" lon="-0.67962">
				<ele>1256.09</ele>
				<time>2026-09-20T05:48:29.402Z</time>
			</trkpt>
			<trkpt lat="40.54843" lon="-0.6795">
				<ele>1255.34</ele>
				<time>2026-09-20T05:48:30.923Z</time>
			</trkpt>
			<trkpt lat="40.54824" lon="-0.6794">
				<ele>1254.34</ele>
				<time>2026-09-20T05:48:32.095Z</time>
			</trkpt>
			<trkpt lat="40.5481" lon="-0.67926">
				<ele>1253.81</ele>
				<time>2026-09-20T05:48:33.103Z</time>
			</trkpt>
			<trkpt lat="40.548" lon="-0.6791">
				<ele>1253.32</ele>
				<time>2026-09-20T05:48:34.007Z</time>
			</trkpt>
			<trkpt lat="40.54793" lon="-0.67892">
				<ele>1253.94</ele>
				<time>2026-09-20T05:48:34.890Z</time>
			</trkpt>
			<trkpt lat="40.54784" lon="-0.67884">
				<ele>1253.89</ele>
				<time>2026-09-20T05:48:35.514Z</time>
			</trkpt>
			<trkpt lat="40.54774" lon="-0.6788">
				<ele>1253.69</ele>
				<time>2026-09-20T05:48:36.116Z</time>
			</trkpt>
			<trkpt lat="40.54765" lon="-0.67881">
				<ele>1253.56</ele>
				<time>2026-09-20T05:48:36.636Z</time>
			</trkpt>
			<trkpt lat="40.54754" lon="-0.6789">
				<ele>1252.99</ele>
				<time>2026-09-20T05:48:37.383Z</time>
			</trkpt>
			<trkpt lat="40.54708" lon="-0.67932">
				<ele>1253.66</ele>
				<time>2026-09-20T05:48:40.620Z</time>
			</trkpt>
			<trkpt lat="40.54684" lon="-0.67952">
				<ele>1252.73</ele>
				<time>2026-09-20T05:48:42.267Z</time>
			</trkpt>
			<trkpt lat="40.54675" lon="-0.67957">
				<ele>1252.58</ele>
				<time>2026-09-20T05:48:42.834Z</time>
			</trkpt>
			<trkpt lat="40.54662" lon="-0.67958">
				<ele>1252.71</ele>
				<time>2026-09-20T05:48:43.591Z</time>
			</trkpt>
			<trkpt lat="40.54651" lon="-0.67958">
				<ele>1253.32</ele>
				<time>2026-09-20T05:48:44.231Z</time>
			</trkpt>
			<trkpt lat="40.5464" lon="-0.67954">
				<ele>1253.91</ele>
				<time>2026-09-20T05:48:44.896Z</time>
			</trkpt>
			<trkpt lat="40.54625" lon="-0.67945">
				<ele>1256.49</ele>
				<time>2026-09-20T05:48:45.857Z</time>
			</trkpt>
			<trkpt lat="40.54598" lon="-0.67918">
				<ele>1261.85</ele>
				<time>2026-09-20T05:48:47.837Z</time>
			</trkpt>
			<trkpt lat="40.54571" lon="-0.67897">
				<ele>1264.41</ele>
				<time>2026-09-20T05:48:49.673Z</time>
			</trkpt>
			<trkpt lat="40.54555" lon="-0.67888">
				<ele>1266.76</ele>
				<time>2026-09-20T05:48:50.694Z</time>
			</trkpt>
			<trkpt lat="40.54415" lon="-0.67823">
				<ele>1267.86</ele>
				<time>2026-09-20T05:48:59.457Z</time>
			</trkpt>
			<trkpt lat="40.54331" lon="-0.67764">
				<ele>1266.62</ele>
				<time>2026-09-20T05:49:05.132Z</time>
			</trkpt>
			<trkpt lat="40.54248" lon="-0.67697">
				<ele>1267.37</ele>
				<time>2026-09-20T05:49:10.979Z</time>
			</trkpt>
			<trkpt lat="40.54199" lon="-0.67667">
				<ele>1271.83</ele>
				<time>2026-09-20T05:49:14.244Z</time>
			</trkpt>
			<trkpt lat="40.54168" lon="-0.67614">
				<ele>1273.04</ele>
				<time>2026-09-20T05:49:17.327Z</time>
			</trkpt>
			<trkpt lat="40.54157" lon="-0.67562">
				<ele>1273.61</ele>
				<time>2026-09-20T05:49:19.825Z</time>
			</trkpt>
			<trkpt lat="40.54129" lon="-0.67541">
				<ele>1275.18</ele>
				<time>2026-09-20T05:49:21.793Z</time>
			</trkpt>
			<trkpt lat="40.54049" lon="-0.67539">
				<ele>1276.46</ele>
				<time>2026-09-20T05:49:26.703Z</time>
			</trkpt>
			<trkpt lat="40.53808" lon="-0.67566">
				<ele>1292.65</ele>
				<time>2026-09-20T05:49:41.742Z</time>
			</trkpt>
			<trkpt lat="40.53722" lon="-0.67554">
				<ele>1297.07</ele>
				<time>2026-09-20T05:49:47.194Z</time>
			</trkpt>
			<trkpt lat="40.5362" lon="-0.67433">
				<ele>1288.57</ele>
				<time>2026-09-20T05:49:55.934Z</time>
			</trkpt>
			<trkpt lat="40.53552" lon="-0.67392">
				<ele>1294.19</ele>
				<time>2026-09-20T05:50:00.738Z</time>
			</trkpt>
			<trkpt lat="40.53464" lon="-0.67347">
				<ele>1298.57</ele>
				<time>2026-09-20T05:50:06.845Z</time>
			</trkpt>
			<trkpt lat="40.53419" lon="-0.67347">
				<ele>1300.27</ele>
				<time>2026-09-20T05:50:09.774Z</time>
			</trkpt>
			<trkpt lat="40.53278" lon="-0.6742">
				<ele>1322.78</ele>
				<time>2026-09-20T05:50:19.721Z</time>
			</trkpt>
			<trkpt lat="40.53236" lon="-0.67419">
				<ele>1316.46</ele>
				<time>2026-09-20T05:50:22.503Z</time>
			</trkpt>
			<trkpt lat="40.53185" lon="-0.67455">
				<ele>1319.42</ele>
				<time>2026-09-20T05:50:26.351Z</time>
			</trkpt>
			<trkpt lat="40.53169" lon="-0.67459">
				<ele>1319.35</ele>
				<time>2026-09-20T05:50:27.438Z</time>
			</trkpt>
			<trkpt lat="40.53135" lon="-0.67429">
				<ele>1314.6</ele>
				<time>2026-09-20T05:50:30.176Z</time>
			</trkpt>
			<trkpt lat="40.53122" lon="-0.67374">
				<ele>1311.78</ele>
				<time>2026-09-20T05:50:33.116Z</time>
			</trkpt>
			<trkpt lat="40.53016" lon="-0.6728">
				<ele>1316.2</ele>
				<time>2026-09-20T05:50:41.765Z</time>
			</trkpt>
			<trkpt lat="40.52977" lon="-0.67235">
				<ele>1317.43</ele>
				<time>2026-09-20T05:50:45.304Z</time>
			</trkpt>
			<trkpt lat="40.52944" lon="-0.67188">
				<ele>1320.85</ele>
				<time>2026-09-20T05:50:48.636Z</time>
			</trkpt>
			<trkpt lat="40.52854" lon="-0.67139">
				<ele>1318.73</ele>
				<time>2026-09-20T05:50:55.355Z</time>
			</trkpt>
			<trkpt lat="40.52779" lon="-0.67056">
				<ele>1317.99</ele>
				<time>2026-09-20T05:51:02.176Z</time>
			</trkpt>
			<trkpt lat="40.52825" lon="-0.66993">
				<ele>1320.88</ele>
				<time>2026-09-20T05:51:06.832Z</time>
			</trkpt>
			<trkpt lat="40.52842" lon="-0.66976">
				<ele>1324.83</ele>
				<time>2026-09-20T05:51:08.336Z</time>
			</trkpt>
			<trkpt lat="40.52858" lon="-0.66964">
				<ele>1328.11</ele>
				<time>2026-09-20T05:51:09.635Z</time>
			</trkpt>
			<trkpt lat="40.52877" lon="-0.66952">
				<ele>1329.66</ele>
				<time>2026-09-20T05:51:11.124Z</time>
			</trkpt>
			<trkpt lat="40.52893" lon="-0.66941">
				<ele>1329.79</ele>
				<time>2026-09-20T05:51:12.402Z</time>
			</trkpt>
			<trkpt lat="40.52949" lon="-0.66925">
				<ele>1327.64</ele>
				<time>2026-09-20T05:51:16.473Z</time>
			</trkpt>
			<trkpt lat="40.52983" lon="-0.66914">
				<ele>1324.94</ele>
				<time>2026-09-20T05:51:18.971Z</time>
			</trkpt>
			<trkpt lat="40.52986" lon="-0.6691">
				<ele>1324.26</ele>
				<time>2026-09-20T05:51:19.276Z</time>
			</trkpt>
			<trkpt lat="40.52987" lon="-0.66897">
				<ele>1322.23</ele>
				<time>2026-09-20T05:51:19.987Z</time>
			</trkpt>
			<trkpt lat="40.52978" lon="-0.66811">
				<ele>1320</ele>
				<time>2026-09-20T05:51:24.722Z</time>
			</trkpt>
			<trkpt lat="40.52987" lon="-0.66897">
				<ele>1322.23</ele>
				<time>2026-09-20T05:51:29.488Z</time>
			</trkpt>
			<trkpt lat="40.52986" lon="-0.6691">
				<ele>1324.26</ele>
				<time>2026-09-20T05:51:30.207Z</time>
			</trkpt>
			<trkpt lat="40.52983" lon="-0.66914">
				<ele>1324.94</ele>
				<time>2026-09-20T05:51:30.517Z</time>
			</trkpt>
			<trkpt lat="40.52949" lon="-0.66925">
				<ele>1327.64</ele>
				<time>2026-09-20T05:51:33.061Z</time>
			</trkpt>
			<trkpt lat="40.52893" lon="-0.66941">
				<ele>1329.79</ele>
				<time>2026-09-20T05:51:37.242Z</time>
			</trkpt>
			<trkpt lat="40.52842" lon="-0.66976">
				<ele>1324.83</ele>
				<time>2026-09-20T05:51:41.462Z</time>
			</trkpt>
			<trkpt lat="40.52825" lon="-0.66993">
				<ele>1320.88</ele>
				<time>2026-09-20T05:51:43.035Z</time>
			</trkpt>
			<trkpt lat="40.52779" lon="-0.67056">
				<ele>1317.99</ele>
				<time>2026-09-20T05:51:48.199Z</time>
			</trkpt>
			<trkpt lat="40.52765" lon="-0.67067">
				<ele>1320.69</ele>
				<time>2026-09-20T05:51:49.578Z</time>
			</trkpt>
			<trkpt lat="40.52656" lon="-0.67119">
				<ele>1327.01</ele>
				<time>2026-09-20T05:51:59.976Z</time>
			</trkpt>
			<trkpt lat="40.52349" lon="-0.67297">
				<ele>1334.2</ele>
				<time>2026-09-20T05:52:25.702Z</time>
			</trkpt>
			<trkpt lat="40.51583" lon="-0.679">
				<ele>1346.74</ele>
				<time>2026-09-20T05:53:26.577Z</time>
			</trkpt>
			<trkpt lat="40.51485" lon="-0.67986">
				<ele>1351.92</ele>
				<time>2026-09-20T05:53:34.233Z</time>
			</trkpt>
			<trkpt lat="40.51358" lon="-0.68053">
				<ele>1353.6</ele>
				<time>2026-09-20T05:53:43.025Z</time>
			</trkpt>
			<trkpt lat="40.51149" lon="-0.68135">
				<ele>1359.36</ele>
				<time>2026-09-20T05:53:56.820Z</time>
			</trkpt>
			<trkpt lat="40.50979" lon="-0.6819">
				<ele>1366.7</ele>
				<time>2026-09-20T05:54:07.707Z</time>
			</trkpt>
			<trkpt lat="40.50784" lon="-0.68205">
				<ele>1369.04</ele>
				<time>2026-09-20T05:54:19.668Z</time>
			</trkpt>
			<trkpt lat="40.50574" lon="-0.68199">
				<ele>1376.84</ele>
				<time>2026-09-20T05:54:32.322Z</time>
			</trkpt>
			<trkpt lat="40.50199" lon="-0.68193">
				<ele>1399.44</ele>
				<time>2026-09-20T05:54:54.416Z</time>
			</trkpt>
			<trkpt lat="40.50151" lon="-0.68209">
				<ele>1399.19</ele>
				<time>2026-09-20T05:54:57.289Z</time>
			</trkpt>
			<trkpt lat="40.50129" lon="-0.68242">
				<ele>1399.77</ele>
				<time>2026-09-20T05:54:59.219Z</time>
			</trkpt>
			<trkpt lat="40.50114" lon="-0.68303">
				<ele>1402.33</ele>
				<time>2026-09-20T05:55:02.030Z</time>
			</trkpt>
			<trkpt lat="40.50121" lon="-0.68392">
				<ele>1405.63</ele>
				<time>2026-09-20T05:55:05.938Z</time>
			</trkpt>
			<trkpt lat="40.50105" lon="-0.68449">
				<ele>1405.2</ele>
				<time>2026-09-20T05:55:08.582Z</time>
			</trkpt>
			<trkpt lat="40.50011" lon="-0.68604">
				<ele>1405.16</ele>
				<time>2026-09-20T05:55:17.152Z</time>
			</trkpt>
			<trkpt lat="40.49881" lon="-0.6869">
				<ele>1411.76</ele>
				<time>2026-09-20T05:55:25.347Z</time>
			</trkpt>
			<trkpt lat="40.49828" lon="-0.68727">
				<ele>1420.41</ele>
				<time>2026-09-20T05:55:28.704Z</time>
			</trkpt>
			<trkpt lat="40.49725" lon="-0.68713">
				<ele>1423.25</ele>
				<time>2026-09-20T05:55:34.470Z</time>
			</trkpt>
			<trkpt lat="40.49685" lon="-0.68755">
				<ele>1423.98</ele>
				<time>2026-09-20T05:55:37.308Z</time>
			</trkpt>
			<trkpt lat="40.49652" lon="-0.68839">
				<ele>1433.5</ele>
				<time>2026-09-20T05:55:41.280Z</time>
			</trkpt>
			<trkpt lat="40.49541" lon="-0.68927">
				<ele>1440.11</ele>
				<time>2026-09-20T05:55:48.400Z</time>
			</trkpt>
			<trkpt lat="40.49503" lon="-0.6895">
				<ele>1438.51</ele>
				<time>2026-09-20T05:55:50.688Z</time>
			</trkpt>
			<trkpt lat="40.4942" lon="-0.68997">
				<ele>1447.44</ele>
				<time>2026-09-20T05:55:55.613Z</time>
			</trkpt>
			<trkpt lat="40.49364" lon="-0.69053">
				<ele>1450.94</ele>
				<time>2026-09-20T05:55:59.432Z</time>
			</trkpt>
			<trkpt lat="40.49274" lon="-0.6916">
				<ele>1453.29</ele>
				<time>2026-09-20T05:56:05.988Z</time>
			</trkpt>
			<trkpt lat="40.49193" lon="-0.69193">
				<ele>1464.39</ele>
				<time>2026-09-20T05:56:10.548Z</time>
			</trkpt>
			<trkpt lat="40.49149" lon="-0.69231">
				<ele>1465.36</ele>
				<time>2026-09-20T05:56:13.371Z</time>
			</trkpt>
			<trkpt lat="40.49114" lon="-0.69307">
				<ele>1472.9</ele>
				<time>2026-09-20T05:56:16.984Z</time>
			</trkpt>
			<trkpt lat="40.49058" lon="-0.69376">
				<ele>1474.89</ele>
				<time>2026-09-20T05:56:21.076Z</time>
			</trkpt>
			<trkpt lat="40.4904" lon="-0.6945">
				<ele>1480.31</ele>
				<time>2026-09-20T05:56:24.219Z</time>
			</trkpt>
			<trkpt lat="40.49044" lon="-0.69512">
				<ele>1482.73</ele>
				<time>2026-09-20T05:56:26.730Z</time>
			</trkpt>
			<trkpt lat="40.49044" lon="-0.69671">
				<ele>1489.11</ele>
				<time>2026-09-20T05:56:33.128Z</time>
			</trkpt>
			<trkpt lat="40.49033" lon="-0.69745">
				<ele>1494.45</ele>
				<time>2026-09-20T05:56:36.153Z</time>
			</trkpt>
			<trkpt lat="40.49006" lon="-0.69808">
				<ele>1495.34</ele>
				<time>2026-09-20T05:56:39.049Z</time>
			</trkpt>
			<trkpt lat="40.48965" lon="-0.69839">
				<ele>1497.32</ele>
				<time>2026-09-20T05:56:41.535Z</time>
			</trkpt>
			<trkpt lat="40.48926" lon="-0.69862">
				<ele>1501.31</ele>
				<time>2026-09-20T05:56:43.779Z</time>
			</trkpt>
			<trkpt lat="40.48891" lon="-0.6989">
				<ele>1503.18</ele>
				<time>2026-09-20T05:56:45.927Z</time>
			</trkpt>
			<trkpt lat="40.4888" lon="-0.69902">
				<ele>1502.81</ele>
				<time>2026-09-20T05:56:46.676Z</time>
			</trkpt>
			<trkpt lat="40.48856" lon="-0.69942">
				<ele>1502.48</ele>
				<time>2026-09-20T05:56:48.704Z</time>
			</trkpt>
			<trkpt lat="40.48846" lon="-0.69969">
				<ele>1503.94</ele>
				<time>2026-09-20T05:56:49.899Z</time>
			</trkpt>
			<trkpt lat="40.48842" lon="-0.70004">
				<ele>1505.1</ele>
				<time>2026-09-20T05:56:51.306Z</time>
			</trkpt>
			<trkpt lat="40.48847" lon="-0.7004">
				<ele>1502.18</ele>
				<time>2026-09-20T05:56:52.760Z</time>
			</trkpt>
			<trkpt lat="40.48853" lon="-0.70054">
				<ele>1500.93</ele>
				<time>2026-09-20T05:56:53.398Z</time>
			</trkpt>
			<trkpt lat="40.48883" lon="-0.70111">
				<ele>1500.01</ele>
				<time>2026-09-20T05:56:56.148Z</time>
			</trkpt>
			<trkpt lat="40.48888" lon="-0.70135">
				<ele>1498.44</ele>
				<time>2026-09-20T05:56:57.135Z</time>
			</trkpt>
			<trkpt lat="40.489" lon="-0.70204">
				<ele>1492.11</ele>
				<time>2026-09-20T05:56:59.939Z</time>
			</trkpt>
			<trkpt lat="40.4892" lon="-0.70253">
				<ele>1489.7</ele>
				<time>2026-09-20T05:57:02.139Z</time>
			</trkpt>
			<trkpt lat="40.48962" lon="-0.70315">
				<ele>1487.18</ele>
				<time>2026-09-20T05:57:05.421Z</time>
			</trkpt>
			<trkpt lat="40.4898" lon="-0.70348">
				<ele>1486.62</ele>
				<time>2026-09-20T05:57:07.025Z</time>
			</trkpt>
			<trkpt lat="40.48989" lon="-0.70375">
				<ele>1486.32</ele>
				<time>2026-09-20T05:57:08.188Z</time>
			</trkpt>
			<trkpt lat="40.48998" lon="-0.70407">
				<ele>1487.09</ele>
				<time>2026-09-20T05:57:09.535Z</time>
			</trkpt>
			<trkpt lat="40.48998" lon="-0.7043">
				<ele>1484.58</ele>
				<time>2026-09-20T05:57:10.442Z</time>
			</trkpt>
			<trkpt lat="40.48995" lon="-0.70458">
				<ele>1480.08</ele>
				<time>2026-09-20T05:57:11.557Z</time>
			</trkpt>
			<trkpt lat="40.48987" lon="-0.70505">
				<ele>1474.36</ele>
				<time>2026-09-20T05:57:13.455Z</time>
			</trkpt>
			<trkpt lat="40.48983" lon="-0.70547">
				<ele>1470.33</ele>
				<time>2026-09-20T05:57:15.122Z</time>
			</trkpt>
			<trkpt lat="40.48979" lon="-0.70685">
				<ele>1468.35</ele>
				<time>2026-09-20T05:57:20.556Z</time>
			</trkpt>
			<trkpt lat="40.4897" lon="-0.70855">
				<ele>1450.01</ele>
				<time>2026-09-20T05:57:27.253Z</time>
			</trkpt>
			<trkpt lat="40.4897" lon="-0.70892">
				<ele>1449.29</ele>
				<time>2026-09-20T05:57:28.706Z</time>
			</trkpt>
			<trkpt lat="40.48979" lon="-0.70933">
				<ele>1449.48</ele>
				<time>2026-09-20T05:57:30.382Z</time>
			</trkpt>
			<trkpt lat="40.4898" lon="-0.7095">
				<ele>1449.22</ele>
				<time>2026-09-20T05:57:31.051Z</time>
			</trkpt>
			<trkpt lat="40.48979" lon="-0.70963">
				<ele>1449.08</ele>
				<time>2026-09-20T05:57:31.564Z</time>
			</trkpt>
			<trkpt lat="40.48974" lon="-0.70974">
				<ele>1447.95</ele>
				<time>2026-09-20T05:57:32.067Z</time>
			</trkpt>
			<trkpt lat="40.48947" lon="-0.71014">
				<ele>1444.23</ele>
				<time>2026-09-20T05:57:34.166Z</time>
			</trkpt>
			<trkpt lat="40.48926" lon="-0.71058">
				<ele>1443.31</ele>
				<time>2026-09-20T05:57:36.204Z</time>
			</trkpt>
			<trkpt lat="40.48892" lon="-0.71125">
				<ele>1435.37</ele>
				<time>2026-09-20T05:57:39.364Z</time>
			</trkpt>
			<trkpt lat="40.48889" lon="-0.71132">
				<ele>1434.96</ele>
				<time>2026-09-20T05:57:39.679Z</time>
			</trkpt>
			<trkpt lat="40.48889" lon="-0.71144">
				<ele>1434.12</ele>
				<time>2026-09-20T05:57:40.149Z</time>
			</trkpt>
			<trkpt lat="40.48891" lon="-0.71149">
				<ele>1433.82</ele>
				<time>2026-09-20T05:57:40.371Z</time>
			</trkpt>
			<trkpt lat="40.48899" lon="-0.71156">
				<ele>1434.89</ele>
				<time>2026-09-20T05:57:40.867Z</time>
			</trkpt>
			<trkpt lat="40.48928" lon="-0.71178">
				<ele>1442.33</ele>
				<time>2026-09-20T05:57:42.593Z</time>
			</trkpt>
			<trkpt lat="40.48937" lon="-0.7119">
				<ele>1445.91</ele>
				<time>2026-09-20T05:57:43.254Z</time>
			</trkpt>
			<trkpt lat="40.48953" lon="-0.71218">
				<ele>1451.63</ele>
				<time>2026-09-20T05:57:44.628Z</time>
			</trkpt>
			<trkpt lat="40.48961" lon="-0.71243">
				<ele>1450.98</ele>
				<time>2026-09-20T05:57:45.691Z</time>
			</trkpt>
			<trkpt lat="40.48967" lon="-0.7127">
				<ele>1447.75</ele>
				<time>2026-09-20T05:57:46.795Z</time>
			</trkpt>
			<trkpt lat="40.48976" lon="-0.7134">
				<ele>1429.85</ele>
				<time>2026-09-20T05:57:49.579Z</time>
			</trkpt>
			<trkpt lat="40.4898" lon="-0.71351">
				<ele>1427.11</ele>
				<time>2026-09-20T05:57:50.057Z</time>
			</trkpt>
			<trkpt lat="40.48986" lon="-0.71362">
				<ele>1423.51</ele>
				<time>2026-09-20T05:57:50.588Z</time>
			</trkpt>
			<trkpt lat="40.48997" lon="-0.71372">
				<ele>1419.01</ele>
				<time>2026-09-20T05:57:51.278Z</time>
			</trkpt>
			<trkpt lat="40.49008" lon="-0.71377">
				<ele>1421.14</ele>
				<time>2026-09-20T05:57:51.878Z</time>
			</trkpt>
			<trkpt lat="40.49015" lon="-0.71378">
				<ele>1424.51</ele>
				<time>2026-09-20T05:57:52.242Z</time>
			</trkpt>
			<trkpt lat="40.49056" lon="-0.71378">
				<ele>1453.94</ele>
				<time>2026-09-20T05:57:54.357Z</time>
			</trkpt>
			<trkpt lat="40.49065" lon="-0.7138">
				<ele>1456.25</ele>
				<time>2026-09-20T05:57:54.828Z</time>
			</trkpt>
			<trkpt lat="40.49071" lon="-0.71387">
				<ele>1456.01</ele>
				<time>2026-09-20T05:57:55.242Z</time>
			</trkpt>
			<trkpt lat="40.49074" lon="-0.71399">
				<ele>1452.43</ele>
				<time>2026-09-20T05:57:55.737Z</time>
			</trkpt>
			<trkpt lat="40.49071" lon="-0.71438">
				<ele>1433.65</ele>
				<time>2026-09-20T05:57:57.276Z</time>
			</trkpt>
			<trkpt lat="40.49072" lon="-0.71447">
				<ele>1430.76</ele>
				<time>2026-09-20T05:57:57.633Z</time>
			</trkpt>
			<trkpt lat="40.49091" lon="-0.71516">
				<ele>1436.12</ele>
				<time>2026-09-20T05:58:00.514Z</time>
			</trkpt>
			<trkpt lat="40.49103" lon="-0.71626">
				<ele>1433.73</ele>
				<time>2026-09-20T05:58:04.879Z</time>
			</trkpt>
			<trkpt lat="40.4911" lon="-0.71656">
				<ele>1429.48</ele>
				<time>2026-09-20T05:58:06.112Z</time>
			</trkpt>
			<trkpt lat="40.49117" lon="-0.71673">
				<ele>1428.66</ele>
				<time>2026-09-20T05:58:06.872Z</time>
			</trkpt>
			<trkpt lat="40.4913" lon="-0.71694">
				<ele>1428.88</ele>
				<time>2026-09-20T05:58:07.936Z</time>
			</trkpt>
			<trkpt lat="40.49199" lon="-0.71791">
				<ele>1432.25</ele>
				<time>2026-09-20T05:58:13.162Z</time>
			</trkpt>
			<trkpt lat="40.49214" lon="-0.71822">
				<ele>1437.11</ele>
				<time>2026-09-20T05:58:14.609Z</time>
			</trkpt>
			<trkpt lat="40.4922" lon="-0.71839">
				<ele>1436.39</ele>
				<time>2026-09-20T05:58:15.347Z</time>
			</trkpt>
			<trkpt lat="40.49237" lon="-0.71899">
				<ele>1434.39</ele>
				<time>2026-09-20T05:58:17.871Z</time>
			</trkpt>
			<trkpt lat="40.49253" lon="-0.71976">
				<ele>1436.56</ele>
				<time>2026-09-20T05:58:21.019Z</time>
			</trkpt>
			<trkpt lat="40.49272" lon="-0.72104">
				<ele>1437.94</ele>
				<time>2026-09-20T05:58:26.171Z</time>
			</trkpt>
			<trkpt lat="40.49274" lon="-0.72123">
				<ele>1437.78</ele>
				<time>2026-09-20T05:58:26.929Z</time>
			</trkpt>
			<trkpt lat="40.49273" lon="-0.72153">
				<ele>1436.11</ele>
				<time>2026-09-20T05:58:28.117Z</time>
			</trkpt>
			<trkpt lat="40.49267" lon="-0.72185">
				<ele>1433.55</ele>
				<time>2026-09-20T05:58:29.422Z</time>
			</trkpt>
			<trkpt lat="40.49256" lon="-0.72211">
				<ele>1432.48</ele>
				<time>2026-09-20T05:58:30.600Z</time>
			</trkpt>
			<trkpt lat="40.49242" lon="-0.72234">
				<ele>1432.68</ele>
				<time>2026-09-20T05:58:31.767Z</time>
			</trkpt>
			<trkpt lat="40.49182" lon="-0.72314">
				<ele>1431.45</ele>
				<time>2026-09-20T05:58:36.225Z</time>
			</trkpt>
			<trkpt lat="40.49178" lon="-0.72323">
				<ele>1431.92</ele>
				<time>2026-09-20T05:58:36.639Z</time>
			</trkpt>
			<trkpt lat="40.49173" lon="-0.72348">
				<ele>1432.4</ele>
				<time>2026-09-20T05:58:37.666Z</time>
			</trkpt>
			<trkpt lat="40.49177" lon="-0.7252">
				<ele>1428.73</ele>
				<time>2026-09-20T05:58:44.517Z</time>
			</trkpt>
			<trkpt lat="40.49173" lon="-0.72594">
				<ele>1419.23</ele>
				<time>2026-09-20T05:58:47.478Z</time>
			</trkpt>
			<trkpt lat="40.49174" lon="-0.72607">
				<ele>1418.03</ele>
				<time>2026-09-20T05:58:48.000Z</time>
			</trkpt>
			<trkpt lat="40.49189" lon="-0.72657">
				<ele>1419.03</ele>
				<time>2026-09-20T05:58:50.149Z</time>
			</trkpt>
			<trkpt lat="40.49193" lon="-0.7275">
				<ele>1414.76</ele>
				<time>2026-09-20T05:58:53.881Z</time>
			</trkpt>
			<trkpt lat="40.49196" lon="-0.72859">
				<ele>1416.37</ele>
				<time>2026-09-20T05:58:58.261Z</time>
			</trkpt>
			<trkpt lat="40.49194" lon="-0.72892">
				<ele>1417.32</ele>
				<time>2026-09-20T05:58:59.593Z</time>
			</trkpt>
			<trkpt lat="40.49181" lon="-0.72952">
				<ele>1417.98</ele>
				<time>2026-09-20T05:59:02.106Z</time>
			</trkpt>
			<trkpt lat="40.4916" lon="-0.73067">
				<ele>1416.21</ele>
				<time>2026-09-20T05:59:06.883Z</time>
			</trkpt>
			<trkpt lat="40.49153" lon="-0.73113">
				<ele>1418.21</ele>
				<time>2026-09-20T05:59:08.783Z</time>
			</trkpt>
			<trkpt lat="40.49156" lon="-0.7313">
				<ele>1418.25</ele>
				<time>2026-09-20T05:59:09.490Z</time>
			</trkpt>
			<trkpt lat="40.49167" lon="-0.73172">
				<ele>1416.5</ele>
				<time>2026-09-20T05:59:11.292Z</time>
			</trkpt>
			<trkpt lat="40.49195" lon="-0.7326">
				<ele>1415.24</ele>
				<time>2026-09-20T05:59:15.170Z</time>
			</trkpt>
			<trkpt lat="40.49201" lon="-0.73283">
				<ele>1413.84</ele>
				<time>2026-09-20T05:59:16.160Z</time>
			</trkpt>
			<trkpt lat="40.49205" lon="-0.73315">
				<ele>1411.43</ele>
				<time>2026-09-20T05:59:17.482Z</time>
			</trkpt>
			<trkpt lat="40.49214" lon="-0.7336">
				<ele>1409.81</ele>
				<time>2026-09-20T05:59:19.382Z</time>
			</trkpt>
			<trkpt lat="40.4922" lon="-0.73377">
				<ele>1409.07</ele>
				<time>2026-09-20T05:59:20.148Z</time>
			</trkpt>
			<trkpt lat="40.4927" lon="-0.73491">
				<ele>1398.53</ele>
				<time>2026-09-20T05:59:25.540Z</time>
			</trkpt>
			<trkpt lat="40.49274" lon="-0.73509">
				<ele>1396.04</ele>
				<time>2026-09-20T05:59:26.310Z</time>
			</trkpt>
			<trkpt lat="40.49273" lon="-0.73525">
				<ele>1393.88</ele>
				<time>2026-09-20T05:59:26.970Z</time>
			</trkpt>
			<trkpt lat="40.49266" lon="-0.73543">
				<ele>1392.03</ele>
				<time>2026-09-20T05:59:27.801Z</time>
			</trkpt>
			<trkpt lat="40.49254" lon="-0.73556">
				<ele>1390.46</ele>
				<time>2026-09-20T05:59:28.643Z</time>
			</trkpt>
			<trkpt lat="40.49236" lon="-0.7356">
				<ele>1389.88</ele>
				<time>2026-09-20T05:59:29.632Z</time>
			</trkpt>
			<trkpt lat="40.49207" lon="-0.73558">
				<ele>1389.19</ele>
				<time>2026-09-20T05:59:31.207Z</time>
			</trkpt>
			<trkpt lat="40.49192" lon="-0.73559">
				<ele>1388.96</ele>
				<time>2026-09-20T05:59:32.022Z</time>
			</trkpt>
			<trkpt lat="40.49187" lon="-0.73562">
				<ele>1388.3</ele>
				<time>2026-09-20T05:59:32.321Z</time>
			</trkpt>
			<trkpt lat="40.49178" lon="-0.73571">
				<ele>1387.67</ele>
				<time>2026-09-20T05:59:32.935Z</time>
			</trkpt>
			<trkpt lat="40.49167" lon="-0.7359">
				<ele>1387.39</ele>
				<time>2026-09-20T05:59:33.923Z</time>
			</trkpt>
			<trkpt lat="40.49164" lon="-0.73611">
				<ele>1387.59</ele>
				<time>2026-09-20T05:59:34.807Z</time>
			</trkpt>
			<trkpt lat="40.49169" lon="-0.73629">
				<ele>1388.89</ele>
				<time>2026-09-20T05:59:35.601Z</time>
			</trkpt>
			<trkpt lat="40.492" lon="-0.73685">
				<ele>1383.38</ele>
				<time>2026-09-20T05:59:38.475Z</time>
			</trkpt>
			<trkpt lat="40.49213" lon="-0.73716">
				<ele>1381.49</ele>
				<time>2026-09-20T05:59:39.947Z</time>
			</trkpt>
			<trkpt lat="40.4922" lon="-0.73742">
				<ele>1380.33</ele>
				<time>2026-09-20T05:59:41.095Z</time>
			</trkpt>
			<trkpt lat="40.49221" lon="-0.73764">
				<ele>1379.46</ele>
				<time>2026-09-20T05:59:42.014Z</time>
			</trkpt>
			<trkpt lat="40.49219" lon="-0.73833">
				<ele>1376.72</ele>
				<time>2026-09-20T05:59:44.865Z</time>
			</trkpt>
			<trkpt lat="40.49217" lon="-0.73846">
				<ele>1374.89</ele>
				<time>2026-09-20T05:59:45.401Z</time>
			</trkpt>
			<trkpt lat="40.49211" lon="-0.73849">
				<ele>1373.82</ele>
				<time>2026-09-20T05:59:45.740Z</time>
			</trkpt>
			<trkpt lat="40.49202" lon="-0.73846">
				<ele>1372.88</ele>
				<time>2026-09-20T05:59:46.227Z</time>
			</trkpt>
			<trkpt lat="40.49177" lon="-0.73781">
				<ele>1375.33</ele>
				<time>2026-09-20T05:59:49.081Z</time>
			</trkpt>
			<trkpt lat="40.49165" lon="-0.73762">
				<ele>1374.3</ele>
				<time>2026-09-20T05:59:50.031Z</time>
			</trkpt>
			<trkpt lat="40.49159" lon="-0.73755">
				<ele>1373.31</ele>
				<time>2026-09-20T05:59:50.434Z</time>
			</trkpt>
			<trkpt lat="40.49113" lon="-0.73721">
				<ele>1370.52</ele>
				<time>2026-09-20T05:59:53.064Z</time>
			</trkpt>
			<trkpt lat="40.49066" lon="-0.73689">
				<ele>1369.57</ele>
				<time>2026-09-20T05:59:55.681Z</time>
			</trkpt>
			<trkpt lat="40.4904" lon="-0.73676">
				<ele>1367.57</ele>
				<time>2026-09-20T05:59:57.057Z</time>
			</trkpt>
			<trkpt lat="40.49018" lon="-0.73666">
				<ele>1364.95</ele>
				<time>2026-09-20T05:59:58.214Z</time>
			</trkpt>
			<trkpt lat="40.48885" lon="-0.73641">
				<ele>1362.56</ele>
				<time>2026-09-20T06:00:05.105Z</time>
			</trkpt>
			<trkpt lat="40.4887" lon="-0.73636">
				<ele>1361.08</ele>
				<time>2026-09-20T06:00:05.936Z</time>
			</trkpt>
			<trkpt lat="40.48852" lon="-0.73623">
				<ele>1358.49</ele>
				<time>2026-09-20T06:00:07.054Z</time>
			</trkpt>
			<trkpt lat="40.48846" lon="-0.73614">
				<ele>1357.36</ele>
				<time>2026-09-20T06:00:07.555Z</time>
			</trkpt>
			<trkpt lat="40.48837" lon="-0.73587">
				<ele>1355.54</ele>
				<time>2026-09-20T06:00:08.808Z</time>
			</trkpt>
			<trkpt lat="40.48832" lon="-0.73565">
				<ele>1354.89</ele>
				<time>2026-09-20T06:00:09.803Z</time>
			</trkpt>
			<trkpt lat="40.48827" lon="-0.73521">
				<ele>1355.38</ele>
				<time>2026-09-20T06:00:11.779Z</time>
			</trkpt>
			<trkpt lat="40.48824" lon="-0.73499">
				<ele>1354.65</ele>
				<time>2026-09-20T06:00:12.799Z</time>
			</trkpt>
			<trkpt lat="40.48814" lon="-0.73479">
				<ele>1354.59</ele>
				<time>2026-09-20T06:00:13.912Z</time>
			</trkpt>
			<trkpt lat="40.48806" lon="-0.73472">
				<ele>1354.95</ele>
				<time>2026-09-20T06:00:14.508Z</time>
			</trkpt>
			<trkpt lat="40.48794" lon="-0.73467">
				<ele>1355.38</ele>
				<time>2026-09-20T06:00:15.300Z</time>
			</trkpt>
			<trkpt lat="40.48759" lon="-0.73472">
				<ele>1356.67</ele>
				<time>2026-09-20T06:00:17.579Z</time>
			</trkpt>
			<trkpt lat="40.48752" lon="-0.73475">
				<ele>1356.76</ele>
				<time>2026-09-20T06:00:18.068Z</time>
			</trkpt>
			<trkpt lat="40.4861" lon="-0.7365">
				<ele>1356.25</ele>
				<time>2026-09-20T06:00:30.849Z</time>
			</trkpt>
			<trkpt lat="40.48576" lon="-0.73688">
				<ele>1355.07</ele>
				<time>2026-09-20T06:00:33.604Z</time>
			</trkpt>
			<trkpt lat="40.48567" lon="-0.73696">
				<ele>1355.08</ele>
				<time>2026-09-20T06:00:34.269Z</time>
			</trkpt>
			<trkpt lat="40.4855" lon="-0.73705">
				<ele>1355.73</ele>
				<time>2026-09-20T06:00:35.385Z</time>
			</trkpt>
			<trkpt lat="40.48521" lon="-0.73713">
				<ele>1357.5</ele>
				<time>2026-09-20T06:00:37.175Z</time>
			</trkpt>
			<trkpt lat="40.48498" lon="-0.73715">
				<ele>1357.98</ele>
				<time>2026-09-20T06:00:38.556Z</time>
			</trkpt>
			<trkpt lat="40.4847" lon="-0.73716">
				<ele>1357.71</ele>
				<time>2026-09-20T06:00:40.221Z</time>
			</trkpt>
			<trkpt lat="40.48355" lon="-0.73699">
				<ele>1354.11</ele>
				<time>2026-09-20T06:00:46.941Z</time>
			</trkpt>
			<trkpt lat="40.48271" lon="-0.7368">
				<ele>1356.75</ele>
				<time>2026-09-20T06:00:51.737Z</time>
			</trkpt>
			<trkpt lat="40.48229" lon="-0.73666">
				<ele>1356.76</ele>
				<time>2026-09-20T06:00:54.127Z</time>
			</trkpt>
			<trkpt lat="40.47773" lon="-0.73494">
				<ele>1367.6</ele>
				<time>2026-09-20T06:01:18.410Z</time>
			</trkpt>
			<trkpt lat="40.47764" lon="-0.73489">
				<ele>1368.35</ele>
				<time>2026-09-20T06:01:18.878Z</time>
			</trkpt>
			<trkpt lat="40.47743" lon="-0.73471">
				<ele>1369.86</ele>
				<time>2026-09-20T06:01:20.072Z</time>
			</trkpt>
			<trkpt lat="40.47705" lon="-0.73418">
				<ele>1369.18</ele>
				<time>2026-09-20T06:01:22.686Z</time>
			</trkpt>
			<trkpt lat="40.47688" lon="-0.73397">
				<ele>1369.05</ele>
				<time>2026-09-20T06:01:23.776Z</time>
			</trkpt>
			<trkpt lat="40.47582" lon="-0.73301">
				<ele>1371.02</ele>
				<time>2026-09-20T06:01:29.685Z</time>
			</trkpt>
			<trkpt lat="40.47514" lon="-0.7322">
				<ele>1377.6</ele>
				<time>2026-09-20T06:01:33.795Z</time>
			</trkpt>
			<trkpt lat="40.47492" lon="-0.73206">
				<ele>1380.29</ele>
				<time>2026-09-20T06:01:34.877Z</time>
			</trkpt>
			<trkpt lat="40.47481" lon="-0.73203">
				<ele>1381.5</ele>
				<time>2026-09-20T06:01:35.372Z</time>
			</trkpt>
			<trkpt lat="40.47468" lon="-0.73201">
				<ele>1382.43</ele>
				<time>2026-09-20T06:01:35.948Z</time>
			</trkpt>
			<trkpt lat="40.47454" lon="-0.73203">
				<ele>1381.96</ele>
				<time>2026-09-20T06:01:36.566Z</time>
			</trkpt>
			<trkpt lat="40.47398" lon="-0.73222">
				<ele>1379</ele>
				<time>2026-09-20T06:01:39.085Z</time>
			</trkpt>
			<trkpt lat="40.47375" lon="-0.73221">
				<ele>1379.03</ele>
				<time>2026-09-20T06:01:40.080Z</time>
			</trkpt>
			<trkpt lat="40.47287" lon="-0.73194">
				<ele>1382.68</ele>
				<time>2026-09-20T06:01:43.948Z</time>
			</trkpt>
			<trkpt lat="40.47276" lon="-0.73192">
				<ele>1383.12</ele>
				<time>2026-09-20T06:01:44.420Z</time>
			</trkpt>
			<trkpt lat="40.47234" lon="-0.73202">
				<ele>1384.17</ele>
				<time>2026-09-20T06:01:46.224Z</time>
			</trkpt>
			<trkpt lat="40.47212" lon="-0.732">
				<ele>1384.33</ele>
				<time>2026-09-20T06:01:47.151Z</time>
			</trkpt>
			<trkpt lat="40.47198" lon="-0.73195">
				<ele>1384.13</ele>
				<time>2026-09-20T06:01:47.759Z</time>
			</trkpt>
			<trkpt lat="40.4715" lon="-0.73166">
				<ele>1384.51</ele>
				<time>2026-09-20T06:01:49.964Z</time>
			</trkpt>
			<trkpt lat="40.4714" lon="-0.73162">
				<ele>1384.54</ele>
				<time>2026-09-20T06:01:50.399Z</time>
			</trkpt>
			<trkpt lat="40.47127" lon="-0.73163">
				<ele>1385.29</ele>
				<time>2026-09-20T06:01:50.939Z</time>
			</trkpt>
			<trkpt lat="40.47111" lon="-0.73167">
				<ele>1385.94</ele>
				<time>2026-09-20T06:01:51.614Z</time>
			</trkpt>
			<trkpt lat="40.47097" lon="-0.73177">
				<ele>1386.7</ele>
				<time>2026-09-20T06:01:52.272Z</time>
			</trkpt>
			<trkpt lat="40.47089" lon="-0.73187">
				<ele>1386.89</ele>
				<time>2026-09-20T06:01:52.728Z</time>
			</trkpt>
			<trkpt lat="40.47082" lon="-0.73199">
				<ele>1386.95</ele>
				<time>2026-09-20T06:01:53.202Z</time>
			</trkpt>
			<trkpt lat="40.47075" lon="-0.73213">
				<ele>1387.06</ele>
				<time>2026-09-20T06:01:53.726Z</time>
			</trkpt>
			<trkpt lat="40.47061" lon="-0.73252">
				<ele>1387.53</ele>
				<time>2026-09-20T06:01:55.072Z</time>
			</trkpt>
			<trkpt lat="40.47051" lon="-0.73268">
				<ele>1387.68</ele>
				<time>2026-09-20T06:01:55.717Z</time>
			</trkpt>
			<trkpt lat="40.47038" lon="-0.73279">
				<ele>1387.59</ele>
				<time>2026-09-20T06:01:56.349Z</time>
			</trkpt>
			<trkpt lat="40.47027" lon="-0.73284">
				<ele>1387.59</ele>
				<time>2026-09-20T06:01:56.824Z</time>
			</trkpt>
			<trkpt lat="40.46907" lon="-0.73308">
				<ele>1385.55</ele>
				<time>2026-09-20T06:02:01.748Z</time>
			</trkpt>
			<trkpt lat="40.46882" lon="-0.7331">
				<ele>1387.5</ele>
				<time>2026-09-20T06:02:02.758Z</time>
			</trkpt>
			<trkpt lat="40.46795" lon="-0.73309">
				<ele>1386.91</ele>
				<time>2026-09-20T06:02:06.255Z</time>
			</trkpt>
			<trkpt lat="40.46755" lon="-0.73307">
				<ele>1383.59</ele>
				<time>2026-09-20T06:02:07.859Z</time>
			</trkpt>
			<trkpt lat="40.46732" lon="-0.73301">
				<ele>1382.2</ele>
				<time>2026-09-20T06:02:08.798Z</time>
			</trkpt>
			<trkpt lat="40.46722" lon="-0.73292">
				<ele>1382.49</ele>
				<time>2026-09-20T06:02:09.282Z</time>
			</trkpt>
			<trkpt lat="40.46681" lon="-0.73236">
				<ele>1385.04</ele>
				<time>2026-09-20T06:02:11.645Z</time>
			</trkpt>
			<trkpt lat="40.4667" lon="-0.73228">
				<ele>1384.95</ele>
				<time>2026-09-20T06:02:12.147Z</time>
			</trkpt>
			<trkpt lat="40.4666" lon="-0.73224">
				<ele>1385.18</ele>
				<time>2026-09-20T06:02:12.565Z</time>
			</trkpt>
			<trkpt lat="40.46634" lon="-0.7322">
				<ele>1386.5</ele>
				<time>2026-09-20T06:02:13.610Z</time>
			</trkpt>
			<trkpt lat="40.46626" lon="-0.73222">
				<ele>1387.01</ele>
				<time>2026-09-20T06:02:13.935Z</time>
			</trkpt>
			<trkpt lat="40.46617" lon="-0.73226">
				<ele>1387.12</ele>
				<time>2026-09-20T06:02:14.315Z</time>
			</trkpt>
			<trkpt lat="40.46587" lon="-0.73251">
				<ele>1386.46</ele>
				<time>2026-09-20T06:02:15.733Z</time>
			</trkpt>
			<trkpt lat="40.46565" lon="-0.73267">
				<ele>1387.6</ele>
				<time>2026-09-20T06:02:16.737Z</time>
			</trkpt>
			<trkpt lat="40.46538" lon="-0.73276">
				<ele>1389.4</ele>
				<time>2026-09-20T06:02:17.850Z</time>
			</trkpt>
			<trkpt lat="40.46419" lon="-0.73295">
				<ele>1389.98</ele>
				<time>2026-09-20T06:02:22.650Z</time>
			</trkpt>
			<trkpt lat="40.46403" lon="-0.73294">
				<ele>1389.49</ele>
				<time>2026-09-20T06:02:23.293Z</time>
			</trkpt>
			<trkpt lat="40.46376" lon="-0.73287">
				<ele>1389.44</ele>
				<time>2026-09-20T06:02:24.400Z</time>
			</trkpt>
			<trkpt lat="40.46362" lon="-0.7328">
				<ele>1389.04</ele>
				<time>2026-09-20T06:02:25.003Z</time>
			</trkpt>
			<trkpt lat="40.46234" lon="-0.73195">
				<ele>1393.87</ele>
				<time>2026-09-20T06:02:30.809Z</time>
			</trkpt>
			<trkpt lat="40.46214" lon="-0.73188">
				<ele>1394.73</ele>
				<time>2026-09-20T06:02:31.653Z</time>
			</trkpt>
			<trkpt lat="40.46163" lon="-0.73184">
				<ele>1400.31</ele>
				<time>2026-09-20T06:02:33.744Z</time>
			</trkpt>
			<trkpt lat="40.46145" lon="-0.73175">
				<ele>1399.75</ele>
				<time>2026-09-20T06:02:34.536Z</time>
			</trkpt>
			<trkpt lat="40.46136" lon="-0.73169">
				<ele>1399.46</ele>
				<time>2026-09-20T06:02:34.951Z</time>
			</trkpt>
			<trkpt lat="40.46129" lon="-0.7316">
				<ele>1398.51</ele>
				<time>2026-09-20T06:02:35.354Z</time>
			</trkpt>
			<trkpt lat="40.46116" lon="-0.73137">
				<ele>1396.98</ele>
				<time>2026-09-20T06:02:36.254Z</time>
			</trkpt>
			<trkpt lat="40.46101" lon="-0.73122">
				<ele>1395.65</ele>
				<time>2026-09-20T06:02:37.034Z</time>
			</trkpt>
			<trkpt lat="40.4609" lon="-0.73117">
				<ele>1395.24</ele>
				<time>2026-09-20T06:02:37.517Z</time>
			</trkpt>
			<trkpt lat="40.46037" lon="-0.73112">
				<ele>1397.9</ele>
				<time>2026-09-20T06:02:39.730Z</time>
			</trkpt>
			<trkpt lat="40.45948" lon="-0.73092">
				<ele>1411.28</ele>
				<time>2026-09-20T06:02:43.530Z</time>
			</trkpt>
			<trkpt lat="40.45756" lon="-0.73043">
				<ele>1414.82</ele>
				<time>2026-09-20T06:02:51.959Z</time>
			</trkpt>
			<trkpt lat="40.45726" lon="-0.73038">
				<ele>1416.17</ele>
				<time>2026-09-20T06:02:53.290Z</time>
			</trkpt>
			<trkpt lat="40.45617" lon="-0.73037">
				<ele>1420.32</ele>
				<time>2026-09-20T06:02:58.157Z</time>
			</trkpt>
			<trkpt lat="40.4557" lon="-0.73032">
				<ele>1420.34</ele>
				<time>2026-09-20T06:03:00.298Z</time>
			</trkpt>
			<trkpt lat="40.4554" lon="-0.73026">
				<ele>1419.97</ele>
				<time>2026-09-20T06:03:01.688Z</time>
			</trkpt>
			<trkpt lat="40.45331" lon="-0.72928">
				<ele>1419.76</ele>
				<time>2026-09-20T06:03:12.167Z</time>
			</trkpt>
			<trkpt lat="40.45163" lon="-0.72869">
				<ele>1408.22</ele>
				<time>2026-09-20T06:03:20.812Z</time>
			</trkpt>
			<trkpt lat="40.4502" lon="-0.72814">
				<ele>1406.86</ele>
				<time>2026-09-20T06:03:28.563Z</time>
			</trkpt>
			<trkpt lat="40.45002" lon="-0.72813">
				<ele>1407.4</ele>
				<time>2026-09-20T06:03:29.523Z</time>
			</trkpt>
			<trkpt lat="40.44994" lon="-0.72817">
				<ele>1406.58</ele>
				<time>2026-09-20T06:03:29.981Z</time>
			</trkpt>
			<trkpt lat="40.44981" lon="-0.72827">
				<ele>1404.47</ele>
				<time>2026-09-20T06:03:30.790Z</time>
			</trkpt>
			<trkpt lat="40.44961" lon="-0.72849">
				<ele>1403.21</ele>
				<time>2026-09-20T06:03:32.199Z</time>
			</trkpt>
			<trkpt lat="40.44951" lon="-0.72864">
				<ele>1403.9</ele>
				<time>2026-09-20T06:03:33.024Z</time>
			</trkpt>
			<trkpt lat="40.44943" lon="-0.72884">
				<ele>1406.52</ele>
				<time>2026-09-20T06:03:33.964Z</time>
			</trkpt>
			<trkpt lat="40.44918" lon="-0.73013">
				<ele>1408.78</ele>
				<time>2026-09-20T06:03:39.600Z</time>
			</trkpt>
			<trkpt lat="40.44915" lon="-0.73023">
				<ele>1408.12</ele>
				<time>2026-09-20T06:03:40.063Z</time>
			</trkpt>
			<trkpt lat="40.44908" lon="-0.73041">
				<ele>1407.69</ele>
				<time>2026-09-20T06:03:40.937Z</time>
			</trkpt>
			<trkpt lat="40.44899" lon="-0.73053">
				<ele>1407.05</ele>
				<time>2026-09-20T06:03:41.668Z</time>
			</trkpt>
			<trkpt lat="40.44873" lon="-0.73072">
				<ele>1406.83</ele>
				<time>2026-09-20T06:03:43.377Z</time>
			</trkpt>
			<trkpt lat="40.44865" lon="-0.73074">
				<ele>1407.12</ele>
				<time>2026-09-20T06:03:43.848Z</time>
			</trkpt>
			<trkpt lat="40.44816" lon="-0.73075">
				<ele>1407.79</ele>
				<time>2026-09-20T06:03:46.705Z</time>
			</trkpt>
			<trkpt lat="40.44781" lon="-0.73072">
				<ele>1408.23</ele>
				<time>2026-09-20T06:03:48.778Z</time>
			</trkpt>
			<trkpt lat="40.44758" lon="-0.73068">
				<ele>1409.44</ele>
				<time>2026-09-20T06:03:50.162Z</time>
			</trkpt>
			<trkpt lat="40.44745" lon="-0.73063">
				<ele>1410.16</ele>
				<time>2026-09-20T06:03:50.975Z</time>
			</trkpt>
			<trkpt lat="40.44729" lon="-0.73052">
				<ele>1410.44</ele>
				<time>2026-09-20T06:03:52.064Z</time>
			</trkpt>
			<trkpt lat="40.44676" lon="-0.72997">
				<ele>1411.97</ele>
				<time>2026-09-20T06:03:56.194Z</time>
			</trkpt>
			<trkpt lat="40.44662" lon="-0.72989">
				<ele>1413.48</ele>
				<time>2026-09-20T06:03:57.141Z</time>
			</trkpt>
			<trkpt lat="40.44653" lon="-0.72986">
				<ele>1414.56</ele>
				<time>2026-09-20T06:03:57.719Z</time>
			</trkpt>
			<trkpt lat="40.44643" lon="-0.72986">
				<ele>1415.32</ele>
				<time>2026-09-20T06:03:58.343Z</time>
			</trkpt>
			<trkpt lat="40.44626" lon="-0.72989">
				<ele>1416.22</ele>
				<time>2026-09-20T06:03:59.419Z</time>
			</trkpt>
			<trkpt lat="40.44552" lon="-0.7304">
				<ele>1419.67</ele>
				<time>2026-09-20T06:04:04.748Z</time>
			</trkpt>
			<trkpt lat="40.44539" lon="-0.73047">
				<ele>1419.09</ele>
				<time>2026-09-20T06:04:05.659Z</time>
			</trkpt>
			<trkpt lat="40.44533" lon="-0.7302">
				<ele>1425.5</ele>
				<time>2026-09-20T06:04:07.055Z</time>
			</trkpt>
			<trkpt lat="40.44533" lon="-0.73015">
				<ele>1426.58</ele>
				<time>2026-09-20T06:04:07.304Z</time>
			</trkpt>
			<trkpt lat="40.44536" lon="-0.73008">
				<ele>1427.71</ele>
				<time>2026-09-20T06:04:07.705Z</time>
			</trkpt>
			<trkpt lat="40.44541" lon="-0.73004">
				<ele>1427.69</ele>
				<time>2026-09-20T06:04:08.089Z</time>
			</trkpt>
			<trkpt lat="40.44565" lon="-0.72998">
				<ele>1424.51</ele>
				<time>2026-09-20T06:04:09.703Z</time>
			</trkpt>
			<trkpt lat="40.44576" lon="-0.7299">
				<ele>1424.11</ele>
				<time>2026-09-20T06:04:10.539Z</time>
			</trkpt>
			<trkpt lat="40.44596" lon="-0.72959">
				<ele>1426</ele>
				<time>2026-09-20T06:04:12.609Z</time>
			</trkpt>
			<trkpt lat="40.44615" lon="-0.72923">
				<ele>1429.84</ele>
				<time>2026-09-20T06:04:14.866Z</time>
			</trkpt>
			<trkpt lat="40.44631" lon="-0.72896">
				<ele>1431.76</ele>
				<time>2026-09-20T06:04:16.646Z</time>
			</trkpt>
			<trkpt lat="40.44657" lon="-0.72867">
				<ele>1431.08</ele>
				<time>2026-09-20T06:04:19.001Z</time>
			</trkpt>
			<trkpt lat="40.44662" lon="-0.72858">
				<ele>1431.27</ele>
				<time>2026-09-20T06:04:19.591Z</time>
			</trkpt>
			<trkpt lat="40.44673" lon="-0.72829">
				<ele>1431.82</ele>
				<time>2026-09-20T06:04:21.316Z</time>
			</trkpt>
			<trkpt lat="40.44694" lon="-0.72785">
				<ele>1432.8</ele>
				<time>2026-09-20T06:04:24.111Z</time>
			</trkpt>
			<trkpt lat="40.44698" lon="-0.72772">
				<ele>1435.4</ele>
				<time>2026-09-20T06:04:24.872Z</time>
			</trkpt>
			<trkpt lat="40.44702" lon="-0.7275">
				<ele>1440.47</ele>
				<time>2026-09-20T06:04:26.106Z</time>
			</trkpt>
			<trkpt lat="40.44699" lon="-0.72734">
				<ele>1442.44</ele>
				<time>2026-09-20T06:04:27.009Z</time>
			</trkpt>
			<trkpt lat="40.44687" lon="-0.72702">
				<ele>1444.44</ele>
				<time>2026-09-20T06:04:28.978Z</time>
			</trkpt>
			<trkpt lat="40.44679" lon="-0.72688">
				<ele>1444.55</ele>
				<time>2026-09-20T06:04:29.950Z</time>
			</trkpt>
			<trkpt lat="40.44641" lon="-0.72659">
				<ele>1452.45</ele>
				<time>2026-09-20T06:04:33.191Z</time>
			</trkpt>
			<trkpt lat="40.44615" lon="-0.72626">
				<ele>1460.07</ele>
				<time>2026-09-20T06:04:35.893Z</time>
			</trkpt>
			<trkpt lat="40.44592" lon="-0.72591">
				<ele>1468.45</ele>
				<time>2026-09-20T06:04:38.555Z</time>
			</trkpt>
			<trkpt lat="40.44556" lon="-0.72517">
				<ele>1478.11</ele>
				<time>2026-09-20T06:04:43.702Z</time>
			</trkpt>
			<trkpt lat="40.44525" lon="-0.72479">
				<ele>1486.26</ele>
				<time>2026-09-20T06:04:47.028Z</time>
			</trkpt>
			<trkpt lat="40.44512" lon="-0.72456">
				<ele>1489.48</ele>
				<time>2026-09-20T06:04:48.758Z</time>
			</trkpt>
			<trkpt lat="40.44496" lon="-0.72418">
				<ele>1488.1</ele>
				<time>2026-09-20T06:04:51.407Z</time>
			</trkpt>
			<trkpt lat="40.44462" lon="-0.72307">
				<ele>1506.83</ele>
				<time>2026-09-20T06:04:59.216Z</time>
			</trkpt>
			<trkpt lat="40.44451" lon="-0.72277">
				<ele>1511.09</ele>
				<time>2026-09-20T06:05:01.535Z</time>
			</trkpt>
			<trkpt lat="40.44442" lon="-0.72259">
				<ele>1513.35</ele>
				<time>2026-09-20T06:05:03.068Z</time>
			</trkpt>
			<trkpt lat="40.44408" lon="-0.72213">
				<ele>1523.82</ele>
				<time>2026-09-20T06:05:07.781Z</time>
			</trkpt>
			<trkpt lat="40.44398" lon="-0.72197">
				<ele>1528.37</ele>
				<time>2026-09-20T06:05:09.350Z</time>
			</trkpt>
			<trkpt lat="40.44394" lon="-0.72185">
				<ele>1530.08</ele>
				<time>2026-09-20T06:05:10.355Z</time>
			</trkpt>
			<trkpt lat="40.44383" lon="-0.72139">
				<ele>1529.92</ele>
				<time>2026-09-20T06:05:14.128Z</time>
			</trkpt>
			<trkpt lat="40.44374" lon="-0.72121">
				<ele>1530.59</ele>
				<time>2026-09-20T06:05:15.852Z</time>
			</trkpt>
			<trkpt lat="40.44367" lon="-0.72118">
				<ele>1532.21</ele>
				<time>2026-09-20T06:05:16.634Z</time>
			</trkpt>
			<trkpt lat="40.44362" lon="-0.72122">
				<ele>1533.72</ele>
				<time>2026-09-20T06:05:17.259Z</time>
			</trkpt>
			<trkpt lat="40.4436" lon="-0.72127">
				<ele>1534.1</ele>
				<time>2026-09-20T06:05:17.720Z</time>
			</trkpt>
			<trkpt lat="40.44362" lon="-0.72145">
				<ele>1534.3</ele>
				<time>2026-09-20T06:05:19.215Z</time>
			</trkpt>
			<trkpt lat="40.44369" lon="-0.72173">
				<ele>1536.31</ele>
				<time>2026-09-20T06:05:21.672Z</time>
			</trkpt>
			<trkpt lat="40.44369" lon="-0.7218">
				<ele>1537.16</ele>
				<time>2026-09-20T06:05:22.262Z</time>
			</trkpt>
			<trkpt lat="40.44367" lon="-0.7219">
				<ele>1539.22</ele>
				<time>2026-09-20T06:05:23.137Z</time>
			</trkpt>
			<trkpt lat="40.44361" lon="-0.72196">
				<ele>1541.91</ele>
				<time>2026-09-20T06:05:23.981Z</time>
			</trkpt>
			<trkpt lat="40.44354" lon="-0.72196">
				<ele>1544.75</ele>
				<time>2026-09-20T06:05:24.768Z</time>
			</trkpt>
			<trkpt lat="40.44349" lon="-0.72193">
				<ele>1546.44</ele>
				<time>2026-09-20T06:05:25.389Z</time>
			</trkpt>
			<trkpt lat="40.44334" lon="-0.72178">
				<ele>1549.98</ele>
				<time>2026-09-20T06:05:27.538Z</time>
			</trkpt>
			<trkpt lat="40.443" lon="-0.72129">
				<ele>1554.96</ele>
				<time>2026-09-20T06:05:33.430Z</time>
			</trkpt>
			<trkpt lat="40.44291" lon="-0.72121">
				<ele>1558.11</ele>
				<time>2026-09-20T06:05:34.724Z</time>
			</trkpt>
			<trkpt lat="40.44264" lon="-0.72101">
				<ele>1568.75</ele>
				<time>2026-09-20T06:05:38.467Z</time>
			</trkpt>
			<trkpt lat="40.44256" lon="-0.72092">
				<ele>1571.35</ele>
				<time>2026-09-20T06:05:39.754Z</time>
			</trkpt>
			<trkpt lat="40.44248" lon="-0.72082">
				<ele>1572.54</ele>
				<time>2026-09-20T06:05:41.114Z</time>
			</trkpt>
			<trkpt lat="40.4423" lon="-0.72048">
				<ele>1579.17</ele>
				<time>2026-09-20T06:05:45.042Z</time>
			</trkpt>
			<trkpt lat="40.44217" lon="-0.72032">
				<ele>1583.93</ele>
				<time>2026-09-20T06:05:47.294Z</time>
			</trkpt>
			<trkpt lat="40.44208" lon="-0.72024">
				<ele>1585.6</ele>
				<time>2026-09-20T06:05:48.679Z</time>
			</trkpt>
			<trkpt lat="40.44203" lon="-0.72025">
				<ele>1586.43</ele>
				<time>2026-09-20T06:05:49.326Z</time>
			</trkpt>
			<trkpt lat="40.44196" lon="-0.72031">
				<ele>1587.67</ele>
				<time>2026-09-20T06:05:50.399Z</time>
			</trkpt>
			<trkpt lat="40.44175" lon="-0.72011">
				<ele>1591.54</ele>
				<time>2026-09-20T06:05:53.761Z</time>
			</trkpt>
			<trkpt lat="40.44177" lon="-0.71998">
				<ele>1592.04</ele>
				<time>2026-09-20T06:05:55.081Z</time>
			</trkpt>
			<trkpt lat="40.44175" lon="-0.72011">
				<ele>1591.54</ele>
				<time>2026-09-20T06:05:56.408Z</time>
			</trkpt>
			<trkpt lat="40.44152" lon="-0.72058">
				<ele>1591.43</ele>
				<time>2026-09-20T06:06:02.073Z</time>
			</trkpt>
			<trkpt lat="40.44134" lon="-0.72048">
				<ele>1592.65</ele>
				<time>2026-09-20T06:06:04.715Z</time>
			</trkpt>
			<trkpt lat="40.44117" lon="-0.7207">
				<ele>1589.08</ele>
				<time>2026-09-20T06:06:07.973Z</time>
			</trkpt>
			<trkpt lat="40.44079" lon="-0.72022">
				<ele>1593.27</ele>
				<time>2026-09-20T06:06:15.290Z</time>
			</trkpt>
			<trkpt lat="40.44059" lon="-0.7199">
				<ele>1595.53</ele>
				<time>2026-09-20T06:06:19.742Z</time>
			</trkpt>
			<trkpt lat="40.44045" lon="-0.71972">
				<ele>1595.72</ele>
				<time>2026-09-20T06:06:22.536Z</time>
			</trkpt>
			<trkpt lat="40.44026" lon="-0.71956">
				<ele>1594.31</ele>
				<time>2026-09-20T06:06:25.782Z</time>
			</trkpt>
			<trkpt lat="40.44019" lon="-0.71954">
				<ele>1592.31</ele>
				<time>2026-09-20T06:06:26.817Z</time>
			</trkpt>
			<trkpt lat="40.44" lon="-0.7196">
				<ele>1585.02</ele>
				<time>2026-09-20T06:06:29.657Z</time>
			</trkpt>
			<trkpt lat="40.43954" lon="-0.71966">
				<ele>1579.01</ele>
				<time>2026-09-20T06:06:36.449Z</time>
			</trkpt>
			<trkpt lat="40.43949" lon="-0.7197">
				<ele>1576.59</ele>
				<time>2026-09-20T06:06:37.317Z</time>
			</trkpt>
			<trkpt lat="40.4388" lon="-0.71953">
				<ele>1571.25</ele>
				<time>2026-09-20T06:06:47.847Z</time>
			</trkpt>
			<trkpt lat="40.43726" lon="-0.71925">
				<ele>1563.39</ele>
				<time>2026-09-20T06:07:11.896Z</time>
			</trkpt>
			<trkpt lat="40.43703" lon="-0.71924">
				<ele>1557.84</ele>
				<time>2026-09-20T06:07:15.531Z</time>
			</trkpt>
			<trkpt lat="40.43686" lon="-0.71928">
				<ele>1555.33</ele>
				<time>2026-09-20T06:07:18.270Z</time>
			</trkpt>
			<trkpt lat="40.43668" lon="-0.71933">
				<ele>1555.2</ele>
				<time>2026-09-20T06:07:21.198Z</time>
			</trkpt>
			<trkpt lat="40.4365" lon="-0.71944">
				<ele>1556.39</ele>
				<time>2026-09-20T06:07:24.383Z</time>
			</trkpt>
			<trkpt lat="40.43624" lon="-0.71966">
				<ele>1553.16</ele>
				<time>2026-09-20T06:07:30.130Z</time>
			</trkpt>
			<trkpt lat="40.43547" lon="-0.72077">
				<ele>1544.61</ele>
				<time>2026-09-20T06:07:51.268Z</time>
			</trkpt>
			<trkpt lat="40.43533" lon="-0.72092">
				<ele>1542.81</ele>
				<time>2026-09-20T06:07:54.883Z</time>
			</trkpt>
			<trkpt lat="40.43519" lon="-0.72102">
				<ele>1542.09</ele>
				<time>2026-09-20T06:07:58.182Z</time>
			</trkpt>
			<trkpt lat="40.4348" lon="-0.72124">
				<ele>1543.29</ele>
				<time>2026-09-20T06:08:07.113Z</time>
			</trkpt>
			<trkpt lat="40.43269" lon="-0.72212">
				<ele>1529.31</ele>
				<time>2026-09-20T06:08:36.941Z</time>
			</trkpt>
			<trkpt lat="40.43235" lon="-0.72225">
				<ele>1528.45</ele>
				<time>2026-09-20T06:08:40.256Z</time>
			</trkpt>
			<trkpt lat="40.43196" lon="-0.72234">
				<ele>1526.96</ele>
				<time>2026-09-20T06:08:43.861Z</time>
			</trkpt>
			<trkpt lat="40.43166" lon="-0.72236">
				<ele>1521.54</ele>
				<time>2026-09-20T06:08:46.525Z</time>
			</trkpt>
			<trkpt lat="40.4306" lon="-0.72221">
				<ele>1524.46</ele>
				<time>2026-09-20T06:08:55.511Z</time>
			</trkpt>
			<trkpt lat="40.43021" lon="-0.7222">
				<ele>1528.27</ele>
				<time>2026-09-20T06:08:58.624Z</time>
			</trkpt>
			<trkpt lat="40.42996" lon="-0.72225">
				<ele>1529.86</ele>
				<time>2026-09-20T06:09:00.594Z</time>
			</trkpt>
			<trkpt lat="40.42965" lon="-0.72236">
				<ele>1530.21</ele>
				<time>2026-09-20T06:09:03.043Z</time>
			</trkpt>
			<trkpt lat="40.42881" lon="-0.72271">
				<ele>1524.19</ele>
				<time>2026-09-20T06:09:09.471Z</time>
			</trkpt>
			<trkpt lat="40.42839" lon="-0.72276">
				<ele>1525.36</ele>
				<time>2026-09-20T06:09:12.403Z</time>
			</trkpt>
			<trkpt lat="40.42654" lon="-0.72278">
				<ele>1518.77</ele>
				<time>2026-09-20T06:09:24.267Z</time>
			</trkpt>
			<trkpt lat="40.42634" lon="-0.72277">
				<ele>1521.55</ele>
				<time>2026-09-20T06:09:25.461Z</time>
			</trkpt>
			<trkpt lat="40.42587" lon="-0.72265">
				<ele>1513.63</ele>
				<time>2026-09-20T06:09:28.252Z</time>
			</trkpt>
			<trkpt lat="40.42541" lon="-0.72248">
				<ele>1508.31</ele>
				<time>2026-09-20T06:09:30.953Z</time>
			</trkpt>
			<trkpt lat="40.42372" lon="-0.7218">
				<ele>1505.43</ele>
				<time>2026-09-20T06:09:40.277Z</time>
			</trkpt>
			<trkpt lat="40.42357" lon="-0.72172">
				<ele>1502.13</ele>
				<time>2026-09-20T06:09:41.085Z</time>
			</trkpt>
			<trkpt lat="40.42325" lon="-0.72146">
				<ele>1495.53</ele>
				<time>2026-09-20T06:09:42.936Z</time>
			</trkpt>
			<trkpt lat="40.42157" lon="-0.71988">
				<ele>1490.65</ele>
				<time>2026-09-20T06:09:52.552Z</time>
			</trkpt>
			<trkpt lat="40.42129" lon="-0.71968">
				<ele>1485.24</ele>
				<time>2026-09-20T06:09:53.970Z</time>
			</trkpt>
			<trkpt lat="40.42105" lon="-0.71959">
				<ele>1481</ele>
				<time>2026-09-20T06:09:55.070Z</time>
			</trkpt>
			<trkpt lat="40.42073" lon="-0.71953">
				<ele>1475.66</ele>
				<time>2026-09-20T06:09:56.484Z</time>
			</trkpt>
			<trkpt lat="40.42045" lon="-0.71954">
				<ele>1472.61</ele>
				<time>2026-09-20T06:09:57.701Z</time>
			</trkpt>
			<trkpt lat="40.41963" lon="-0.71963">
				<ele>1464.98</ele>
				<time>2026-09-20T06:10:01.238Z</time>
			</trkpt>
			<trkpt lat="40.41946" lon="-0.71967">
				<ele>1465.02</ele>
				<time>2026-09-20T06:10:01.975Z</time>
			</trkpt>
			<trkpt lat="40.41926" lon="-0.71977">
				<ele>1462.9</ele>
				<time>2026-09-20T06:10:02.886Z</time>
			</trkpt>
			<trkpt lat="40.4188" lon="-0.72014">
				<ele>1458.92</ele>
				<time>2026-09-20T06:10:05.178Z</time>
			</trkpt>
			<trkpt lat="40.41861" lon="-0.72036">
				<ele>1456.75</ele>
				<time>2026-09-20T06:10:06.253Z</time>
			</trkpt>
			<trkpt lat="40.41833" lon="-0.72062">
				<ele>1452.26</ele>
				<time>2026-09-20T06:10:07.709Z</time>
			</trkpt>
			<trkpt lat="40.41825" lon="-0.72066">
				<ele>1451.26</ele>
				<time>2026-09-20T06:10:08.073Z</time>
			</trkpt>
			<trkpt lat="40.4181" lon="-0.72067">
				<ele>1449.42</ele>
				<time>2026-09-20T06:10:08.712Z</time>
			</trkpt>
			<trkpt lat="40.41784" lon="-0.72036">
				<ele>1449.3</ele>
				<time>2026-09-20T06:10:10.208Z</time>
			</trkpt>
			<trkpt lat="40.41758" lon="-0.72003">
				<ele>1449.94</ele>
				<time>2026-09-20T06:10:11.755Z</time>
			</trkpt>
			<trkpt lat="40.41735" lon="-0.71969">
				<ele>1455.16</ele>
				<time>2026-09-20T06:10:13.245Z</time>
			</trkpt>
			<trkpt lat="40.4158" lon="-0.71708">
				<ele>1467.21</ele>
				<time>2026-09-20T06:10:24.513Z</time>
			</trkpt>
			<trkpt lat="40.41554" lon="-0.71675">
				<ele>1466.34</ele>
				<time>2026-09-20T06:10:26.218Z</time>
			</trkpt>
			<trkpt lat="40.415" lon="-0.71615">
				<ele>1463.92</ele>
				<time>2026-09-20T06:10:29.638Z</time>
			</trkpt>
			<trkpt lat="40.41425" lon="-0.71554">
				<ele>1458.77</ele>
				<time>2026-09-20T06:10:34.083Z</time>
			</trkpt>
			<trkpt lat="40.41373" lon="-0.71522">
				<ele>1461.89</ele>
				<time>2026-09-20T06:10:37.098Z</time>
			</trkpt>
			<trkpt lat="40.4134" lon="-0.71506">
				<ele>1467.41</ele>
				<time>2026-09-20T06:10:38.997Z</time>
			</trkpt>
			<trkpt lat="40.41317" lon="-0.71497">
				<ele>1470.05</ele>
				<time>2026-09-20T06:10:40.306Z</time>
			</trkpt>
			<trkpt lat="40.41267" lon="-0.71481">
				<ele>1474.18</ele>
				<time>2026-09-20T06:10:43.091Z</time>
			</trkpt>
			<trkpt lat="40.41206" lon="-0.71471">
				<ele>1472.78</ele>
				<time>2026-09-20T06:10:46.381Z</time>
			</trkpt>
			<trkpt lat="40.41149" lon="-0.71469">
				<ele>1465.29</ele>
				<time>2026-09-20T06:10:49.398Z</time>
			</trkpt>
			<trkpt lat="40.41108" lon="-0.71471">
				<ele>1465.36</ele>
				<time>2026-09-20T06:10:51.548Z</time>
			</trkpt>
			<trkpt lat="40.41029" lon="-0.71479">
				<ele>1470.23</ele>
				<time>2026-09-20T06:10:55.653Z</time>
			</trkpt>
			<trkpt lat="40.4097" lon="-0.71482">
				<ele>1475.75</ele>
				<time>2026-09-20T06:10:58.673Z</time>
			</trkpt>
			<trkpt lat="40.40923" lon="-0.7148">
				<ele>1477.75</ele>
				<time>2026-09-20T06:11:01.055Z</time>
			</trkpt>
			<trkpt lat="40.40879" lon="-0.71473">
				<ele>1477.99</ele>
				<time>2026-09-20T06:11:03.281Z</time>
			</trkpt>
			<trkpt lat="40.4082" lon="-0.71455">
				<ele>1478.55</ele>
				<time>2026-09-20T06:11:06.296Z</time>
			</trkpt>
			<trkpt lat="40.40795" lon="-0.71446">
				<ele>1479.59</ele>
				<time>2026-09-20T06:11:07.577Z</time>
			</trkpt>
			<trkpt lat="40.40735" lon="-0.71415">
				<ele>1478.12</ele>
				<time>2026-09-20T06:11:10.738Z</time>
			</trkpt>
			<trkpt lat="40.40673" lon="-0.7138">
				<ele>1479.33</ele>
				<time>2026-09-20T06:11:14.011Z</time>
			</trkpt>
			<trkpt lat="40.40545" lon="-0.71302">
				<ele>1479.62</ele>
				<time>2026-09-20T06:11:20.740Z</time>
			</trkpt>
			<trkpt lat="40.4001" lon="-0.70989">
				<ele>1495.24</ele>
				<time>2026-09-20T06:11:47.307Z</time>
			</trkpt>
			<trkpt lat="40.39852" lon="-0.70894">
				<ele>1500.64</ele>
				<time>2026-09-20T06:11:54.861Z</time>
			</trkpt>
			<trkpt lat="40.39798" lon="-0.70856">
				<ele>1505.93</ele>
				<time>2026-09-20T06:11:57.498Z</time>
			</trkpt>
			<trkpt lat="40.39753" lon="-0.7082">
				<ele>1509.38</ele>
				<time>2026-09-20T06:11:59.756Z</time>
			</trkpt>
			<trkpt lat="40.39651" lon="-0.70731">
				<ele>1515.26</ele>
				<time>2026-09-20T06:12:04.974Z</time>
			</trkpt>
			<trkpt lat="40.39366" lon="-0.70473">
				<ele>1528.39</ele>
				<time>2026-09-20T06:12:19.562Z</time>
			</trkpt>
			<trkpt lat="40.39307" lon="-0.70426">
				<ele>1531.86</ele>
				<time>2026-09-20T06:12:22.453Z</time>
			</trkpt>
			<trkpt lat="40.39286" lon="-0.70413">
				<ele>1533.19</ele>
				<time>2026-09-20T06:12:23.426Z</time>
			</trkpt>
			<trkpt lat="40.39215" lon="-0.7038">
				<ele>1533.93</ele>
				<time>2026-09-20T06:12:26.580Z</time>
			</trkpt>
			<trkpt lat="40.39155" lon="-0.7036">
				<ele>1534.64</ele>
				<time>2026-09-20T06:12:29.172Z</time>
			</trkpt>
			<trkpt lat="40.39136" lon="-0.70357">
				<ele>1535.41</ele>
				<time>2026-09-20T06:12:29.974Z</time>
			</trkpt>
			<trkpt lat="40.39107" lon="-0.70357">
				<ele>1535.56</ele>
				<time>2026-09-20T06:12:31.189Z</time>
			</trkpt>
			<trkpt lat="40.39073" lon="-0.70364">
				<ele>1535.87</ele>
				<time>2026-09-20T06:12:32.632Z</time>
			</trkpt>
			<trkpt lat="40.3903" lon="-0.70384">
				<ele>1534.23</ele>
				<time>2026-09-20T06:12:34.546Z</time>
			</trkpt>
			<trkpt lat="40.3897" lon="-0.70418">
				<ele>1520.8</ele>
				<time>2026-09-20T06:12:37.292Z</time>
			</trkpt>
			<trkpt lat="40.38946" lon="-0.7043">
				<ele>1517.72</ele>
				<time>2026-09-20T06:12:38.372Z</time>
			</trkpt>
			<trkpt lat="40.38928" lon="-0.70436">
				<ele>1515.18</ele>
				<time>2026-09-20T06:12:39.154Z</time>
			</trkpt>
			<trkpt lat="40.38901" lon="-0.70441">
				<ele>1511.98</ele>
				<time>2026-09-20T06:12:40.303Z</time>
			</trkpt>
			<trkpt lat="40.38845" lon="-0.70444">
				<ele>1512.31</ele>
				<time>2026-09-20T06:12:42.669Z</time>
			</trkpt>
			<trkpt lat="40.38699" lon="-0.70444">
				<ele>1502.96</ele>
				<time>2026-09-20T06:12:48.863Z</time>
			</trkpt>
			<trkpt lat="40.38666" lon="-0.70453">
				<ele>1505.58</ele>
				<time>2026-09-20T06:12:50.300Z</time>
			</trkpt>
			<trkpt lat="40.38644" lon="-0.70466">
				<ele>1504.31</ele>
				<time>2026-09-20T06:12:51.331Z</time>
			</trkpt>
			<trkpt lat="40.38626" lon="-0.70479">
				<ele>1503.13</ele>
				<time>2026-09-20T06:12:52.210Z</time>
			</trkpt>
			<trkpt lat="40.38559" lon="-0.70545">
				<ele>1490.34</ele>
				<time>2026-09-20T06:12:55.807Z</time>
			</trkpt>
			<trkpt lat="40.38547" lon="-0.70554">
				<ele>1489.42</ele>
				<time>2026-09-20T06:12:56.403Z</time>
			</trkpt>
			<trkpt lat="40.38533" lon="-0.70561">
				<ele>1489.18</ele>
				<time>2026-09-20T06:12:57.050Z</time>
			</trkpt>
			<trkpt lat="40.38496" lon="-0.7057">
				<ele>1492.41</ele>
				<time>2026-09-20T06:12:58.677Z</time>
			</trkpt>
			<trkpt lat="40.38446" lon="-0.70571">
				<ele>1485.9</ele>
				<time>2026-09-20T06:13:00.849Z</time>
			</trkpt>
			<trkpt lat="40.38405" lon="-0.70576">
				<ele>1478.89</ele>
				<time>2026-09-20T06:13:02.644Z</time>
			</trkpt>
			<trkpt lat="40.38384" lon="-0.70584">
				<ele>1479.9</ele>
				<time>2026-09-20T06:13:03.600Z</time>
			</trkpt>
			<trkpt lat="40.38289" lon="-0.7063">
				<ele>1467.81</ele>
				<time>2026-09-20T06:13:08.055Z</time>
			</trkpt>
			<trkpt lat="40.3825" lon="-0.70639">
				<ele>1463.06</ele>
				<time>2026-09-20T06:13:09.811Z</time>
			</trkpt>
			<trkpt lat="40.38078" lon="-0.70656">
				<ele>1449.08</ele>
				<time>2026-09-20T06:13:17.551Z</time>
			</trkpt>
			<trkpt lat="40.38039" lon="-0.70656">
				<ele>1448.6</ele>
				<time>2026-09-20T06:13:19.324Z</time>
			</trkpt>
			<trkpt lat="40.37999" lon="-0.70649">
				<ele>1447.35</ele>
				<time>2026-09-20T06:13:21.169Z</time>
			</trkpt>
			<trkpt lat="40.37835" lon="-0.70592">
				<ele>1435.97</ele>
				<time>2026-09-20T06:13:29.035Z</time>
			</trkpt>
			<trkpt lat="40.37813" lon="-0.70587">
				<ele>1434.91</ele>
				<time>2026-09-20T06:13:30.084Z</time>
			</trkpt>
			<trkpt lat="40.37782" lon="-0.70589">
				<ele>1431.78</ele>
				<time>2026-09-20T06:13:31.550Z</time>
			</trkpt>
			<trkpt lat="40.37757" lon="-0.70594">
				<ele>1429.05</ele>
				<time>2026-09-20T06:13:32.748Z</time>
			</trkpt>
			<trkpt lat="40.37716" lon="-0.70615">
				<ele>1428.37</ele>
				<time>2026-09-20T06:13:34.846Z</time>
			</trkpt>
			<trkpt lat="40.37692" lon="-0.70636">
				<ele>1429.75</ele>
				<time>2026-09-20T06:13:36.228Z</time>
			</trkpt>
			<trkpt lat="40.37679" lon="-0.70651">
				<ele>1429.97</ele>
				<time>2026-09-20T06:13:37.061Z</time>
			</trkpt>
			<trkpt lat="40.37665" lon="-0.70672">
				<ele>1428.83</ele>
				<time>2026-09-20T06:13:38.087Z</time>
			</trkpt>
			<trkpt lat="40.37653" lon="-0.70694">
				<ele>1426.56</ele>
				<time>2026-09-20T06:13:39.085Z</time>
			</trkpt>
			<trkpt lat="40.37633" lon="-0.70735">
				<ele>1424.41</ele>
				<time>2026-09-20T06:13:40.890Z</time>
			</trkpt>
			<trkpt lat="40.37615" lon="-0.70765">
				<ele>1421.11</ele>
				<time>2026-09-20T06:13:42.313Z</time>
			</trkpt>
			<trkpt lat="40.37606" lon="-0.70777">
				<ele>1419.87</ele>
				<time>2026-09-20T06:13:42.943Z</time>
			</trkpt>
			<trkpt lat="40.3758" lon="-0.70803">
				<ele>1417.39</ele>
				<time>2026-09-20T06:13:44.554Z</time>
			</trkpt>
			<trkpt lat="40.37544" lon="-0.70824">
				<ele>1418.53</ele>
				<time>2026-09-20T06:13:46.508Z</time>
			</trkpt>
			<trkpt lat="40.3753" lon="-0.70828">
				<ele>1418.75</ele>
				<time>2026-09-20T06:13:47.222Z</time>
			</trkpt>
			<trkpt lat="40.37494" lon="-0.70835">
				<ele>1414.29</ele>
				<time>2026-09-20T06:13:49.043Z</time>
			</trkpt>
			<trkpt lat="40.37379" lon="-0.70851">
				<ele>1403.51</ele>
				<time>2026-09-20T06:13:54.911Z</time>
			</trkpt>
			<trkpt lat="40.37338" lon="-0.70862">
				<ele>1398.8</ele>
				<time>2026-09-20T06:13:57.066Z</time>
			</trkpt>
			<trkpt lat="40.37319" lon="-0.70871">
				<ele>1398.05</ele>
				<time>2026-09-20T06:13:58.112Z</time>
			</trkpt>
			<trkpt lat="40.37296" lon="-0.70886">
				<ele>1397.13</ele>
				<time>2026-09-20T06:13:59.447Z</time>
			</trkpt>
			<trkpt lat="40.37257" lon="-0.70921">
				<ele>1397.31</ele>
				<time>2026-09-20T06:14:01.921Z</time>
			</trkpt>
			<trkpt lat="40.3724" lon="-0.70942">
				<ele>1397.22</ele>
				<time>2026-09-20T06:14:03.152Z</time>
			</trkpt>
			<trkpt lat="40.37214" lon="-0.7098">
				<ele>1397.06</ele>
				<time>2026-09-20T06:14:05.216Z</time>
			</trkpt>
			<trkpt lat="40.3711" lon="-0.7115">
				<ele>1389.13</ele>
				<time>2026-09-20T06:14:14.207Z</time>
			</trkpt>
			<trkpt lat="40.37086" lon="-0.71184">
				<ele>1390.46</ele>
				<time>2026-09-20T06:14:16.158Z</time>
			</trkpt>
			<trkpt lat="40.37052" lon="-0.71222">
				<ele>1388.24</ele>
				<time>2026-09-20T06:14:18.645Z</time>
			</trkpt>
			<trkpt lat="40.3699" lon="-0.71283">
				<ele>1384.1</ele>
				<time>2026-09-20T06:14:23.016Z</time>
			</trkpt>
			<trkpt lat="40.36972" lon="-0.71298">
				<ele>1384.01</ele>
				<time>2026-09-20T06:14:24.232Z</time>
			</trkpt>
			<trkpt lat="40.36941" lon="-0.71316">
				<ele>1383.21</ele>
				<time>2026-09-20T06:14:26.175Z</time>
			</trkpt>
			<trkpt lat="40.36911" lon="-0.71327">
				<ele>1382.96</ele>
				<time>2026-09-20T06:14:27.973Z</time>
			</trkpt>
			<trkpt lat="40.36869" lon="-0.71337">
				<ele>1379.88</ele>
				<time>2026-09-20T06:14:30.457Z</time>
			</trkpt>
			<trkpt lat="40.36862" lon="-0.71341">
				<ele>1379.19</ele>
				<time>2026-09-20T06:14:30.904Z</time>
			</trkpt>
			<trkpt lat="40.3685" lon="-0.71342">
				<ele>1376.88</ele>
				<time>2026-09-20T06:14:31.609Z</time>
			</trkpt>
			<trkpt lat="40.36843" lon="-0.7134">
				<ele>1375.24</ele>
				<time>2026-09-20T06:14:32.030Z</time>
			</trkpt>
			<trkpt lat="40.36821" lon="-0.7132">
				<ele>1374</ele>
				<time>2026-09-20T06:14:33.608Z</time>
			</trkpt>
			<trkpt lat="40.36815" lon="-0.71311">
				<ele>1375.04</ele>
				<time>2026-09-20T06:14:34.147Z</time>
			</trkpt>
			<trkpt lat="40.36811" lon="-0.71308">
				<ele>1375.53</ele>
				<time>2026-09-20T06:14:34.420Z</time>
			</trkpt>
			<trkpt lat="40.36788" lon="-0.71286">
				<ele>1376.54</ele>
				<time>2026-09-20T06:14:36.114Z</time>
			</trkpt>
			<trkpt lat="40.36766" lon="-0.71262">
				<ele>1375.61</ele>
				<time>2026-09-20T06:14:37.826Z</time>
			</trkpt>
			<trkpt lat="40.36759" lon="-0.7125">
				<ele>1375.33</ele>
				<time>2026-09-20T06:14:38.519Z</time>
			</trkpt>
			<trkpt lat="40.36749" lon="-0.71231">
				<ele>1374.58</ele>
				<time>2026-09-20T06:14:39.580Z</time>
			</trkpt>
			<trkpt lat="40.3665" lon="-0.70975">
				<ele>1375.67</ele>
				<time>2026-09-20T06:14:53.130Z</time>
			</trkpt>
			<trkpt lat="40.36582" lon="-0.70817">
				<ele>1380.27</ele>
				<time>2026-09-20T06:15:02.046Z</time>
			</trkpt>
			<trkpt lat="40.36575" lon="-0.70794">
				<ele>1378.53</ele>
				<time>2026-09-20T06:15:03.285Z</time>
			</trkpt>
			<trkpt lat="40.3657" lon="-0.70765">
				<ele>1377.13</ele>
				<time>2026-09-20T06:15:04.779Z</time>
			</trkpt>
			<trkpt lat="40.36567" lon="-0.70721">
				<ele>1376.93</ele>
				<time>2026-09-20T06:15:07.014Z</time>
			</trkpt>
			<trkpt lat="40.36562" lon="-0.70692">
				<ele>1378.7</ele>
				<time>2026-09-20T06:15:08.528Z</time>
			</trkpt>
			<trkpt lat="40.36555" lon="-0.70674">
				<ele>1379.54</ele>
				<time>2026-09-20T06:15:09.562Z</time>
			</trkpt>
			<trkpt lat="40.36551" lon="-0.70666">
				<ele>1379.57</ele>
				<time>2026-09-20T06:15:10.052Z</time>
			</trkpt>
			<trkpt lat="40.36552" lon="-0.7064">
				<ele>1379.77</ele>
				<time>2026-09-20T06:15:11.392Z</time>
			</trkpt>
			<trkpt lat="40.3655" lon="-0.70623">
				<ele>1380.11</ele>
				<time>2026-09-20T06:15:12.280Z</time>
			</trkpt>
			<trkpt lat="40.36543" lon="-0.706">
				<ele>1380.94</ele>
				<time>2026-09-20T06:15:13.564Z</time>
			</trkpt>
			<trkpt lat="40.36538" lon="-0.70589">
				<ele>1381.57</ele>
				<time>2026-09-20T06:15:14.230Z</time>
			</trkpt>
			<trkpt lat="40.36516" lon="-0.70569">
				<ele>1383.8</ele>
				<time>2026-09-20T06:15:16.064Z</time>
			</trkpt>
			<trkpt lat="40.36446" lon="-0.70525">
				<ele>1389.71</ele>
				<time>2026-09-20T06:15:21.449Z</time>
			</trkpt>
			<trkpt lat="40.36428" lon="-0.70512">
				<ele>1388.74</ele>
				<time>2026-09-20T06:15:22.891Z</time>
			</trkpt>
			<trkpt lat="40.36414" lon="-0.70495">
				<ele>1388.23</ele>
				<time>2026-09-20T06:15:24.236Z</time>
			</trkpt>
			<trkpt lat="40.36388" lon="-0.70451">
				<ele>1388.28</ele>
				<time>2026-09-20T06:15:27.250Z</time>
			</trkpt>
			<trkpt lat="40.36375" lon="-0.70437">
				<ele>1388.33</ele>
				<time>2026-09-20T06:15:28.452Z</time>
			</trkpt>
			<trkpt lat="40.3634" lon="-0.70412">
				<ele>1387.36</ele>
				<time>2026-09-20T06:15:31.322Z</time>
			</trkpt>
			<trkpt lat="40.36243" lon="-0.70349">
				<ele>1389.44</ele>
				<time>2026-09-20T06:15:39.252Z</time>
			</trkpt>
			<trkpt lat="40.36226" lon="-0.70331">
				<ele>1388.8</ele>
				<time>2026-09-20T06:15:40.877Z</time>
			</trkpt>
			<trkpt lat="40.36221" lon="-0.70321">
				<ele>1388.81</ele>
				<time>2026-09-20T06:15:41.558Z</time>
			</trkpt>
			<trkpt lat="40.36215" lon="-0.70304">
				<ele>1389.31</ele>
				<time>2026-09-20T06:15:42.627Z</time>
			</trkpt>
			<trkpt lat="40.3617" lon="-0.7011">
				<ele>1393.03</ele>
				<time>2026-09-20T06:15:54.434Z</time>
			</trkpt>
			<trkpt lat="40.36162" lon="-0.70098">
				<ele>1393.56</ele>
				<time>2026-09-20T06:15:55.381Z</time>
			</trkpt>
			<trkpt lat="40.36156" lon="-0.70093">
				<ele>1393.9</ele>
				<time>2026-09-20T06:15:55.937Z</time>
			</trkpt>
			<trkpt lat="40.36151" lon="-0.70092">
				<ele>1394.08</ele>
				<time>2026-09-20T06:15:56.332Z</time>
			</trkpt>
			<trkpt lat="40.36184" lon="-0.69963">
				<ele>1395.91</ele>
				<time>2026-09-20T06:16:04.934Z</time>
			</trkpt>
			<trkpt lat="40.36186" lon="-0.69937">
				<ele>1395.98</ele>
				<time>2026-09-20T06:16:06.724Z</time>
			</trkpt>
			<trkpt lat="40.36184" lon="-0.69923">
				<ele>1396.73</ele>
				<time>2026-09-20T06:16:07.719Z</time>
			</trkpt>
			<trkpt lat="40.36165" lon="-0.69833">
				<ele>1399.95</ele>
				<time>2026-09-20T06:16:14.567Z</time>
			</trkpt>
			<trkpt lat="40.36163" lon="-0.69809">
				<ele>1399.29</ele>
				<time>2026-09-20T06:16:16.428Z</time>
			</trkpt>
			<trkpt lat="40.36166" lon="-0.69771">
				<ele>1402.24</ele>
				<time>2026-09-20T06:16:19.447Z</time>
			</trkpt>
			<trkpt lat="40.36164" lon="-0.69696">
				<ele>1400.06</ele>
				<time>2026-09-20T06:16:25.643Z</time>
			</trkpt>
			<trkpt lat="40.36157" lon="-0.69632">
				<ele>1393.12</ele>
				<time>2026-09-20T06:16:31.256Z</time>
			</trkpt>
			<trkpt lat="40.36158" lon="-0.69614">
				<ele>1391.89</ele>
				<time>2026-09-20T06:16:32.868Z</time>
			</trkpt>
			<trkpt lat="40.36162" lon="-0.69591">
				<ele>1391.22</ele>
				<time>2026-09-20T06:16:35.004Z</time>
			</trkpt>
			<trkpt lat="40.36173" lon="-0.69544">
				<ele>1393.25</ele>
				<time>2026-09-20T06:16:39.562Z</time>
			</trkpt>
			<trkpt lat="40.36182" lon="-0.69528">
				<ele>1394.57</ele>
				<time>2026-09-20T06:16:41.445Z</time>
			</trkpt>
			<trkpt lat="40.36193" lon="-0.69512">
				<ele>1395.49</ele>
				<time>2026-09-20T06:16:43.512Z</time>
			</trkpt>
			<trkpt lat="40.36264" lon="-0.69417">
				<ele>1401.04</ele>
				<time>2026-09-20T06:16:56.859Z</time>
			</trkpt>
			<trkpt lat="40.36337" lon="-0.69321">
				<ele>1402.06</ele>
				<time>2026-09-20T06:17:11.475Z</time>
			</trkpt>
			<trkpt lat="40.36366" lon="-0.69269">
				<ele>1404.39</ele>
				<time>2026-09-20T06:17:19.462Z</time>
			</trkpt>
			<trkpt lat="40.36386" lon="-0.69312">
				<ele>1404.05</ele>
				<time>2026-09-20T06:17:26.525Z</time>
			</trkpt>
		</trkseg>
	</trk>
</gpx>