<?xml version="1.0" encoding="UTF-8"?>
<gpx version="1.1" creator="Kurviger" xmlns="http://www.topografix.com/GPX/1/1" xmlns:xsi="http://www.w3.org/2001/XMLSchema-instance" xsi:schemaLocation="http://www.topografix.com/GPX/1/1 http://www.topografix.com/GPX/1/1/gpx.xsd http://www.garmin.com/xmlschemas/GpxExtensions/v3 http://www.garmin.com/xmlschemas/GpxExtensionsv3.xsd http://www.garmin.com/xmlschemas/TripExtensions/v1 http://www.garmin.com/xmlschemas/TripExtensionsv1.xsd" xmlns:gpxx="http://www.garmin.com/xmlschemas/GpxExtensions/v3" xmlns:trp="http://www.garmin.com/xmlschemas/TripExtensions/v1">
	<metadata>
		<name>Día 8 · Camping Los Álamos → Villargordo del Cabriel</name>
		<copyright author="OpenStreetMap contributors"/>
		<link href="https://kurviger.com">
			<text>Kurviger.com GPX</text>
		</link>
		<time>2026-09-10T14:33:37.962Z</time>
	</metadata>
	<rte>
		<name>Día 8 · Camping Los Álamos → Villargordo del Cabriel</name>
		<extensions>
			<trp:Trip>
				<trp:TransportationMode>Motorcycling</trp:TransportationMode>
			</trp:Trip>
		</extensions>
		<rtept lat="40.36386" lon="-0.69312">
			<name>Start</name>
			<sym>Flag, Green</sym>
			<type>start</type>
			<extensions>
				<trp:ViaPoint>
					<trp:CalculationMode>Adventurous</trp:CalculationMode>
				</trp:ViaPoint>
			</extensions>
		</rtept>
		<rtept lat="40.37186" lon="-0.71986">
			<name>Via Point 1</name>
			<sym>Flag, Blue</sym>
			<type>via</type>
			<extensions>
				<trp:ViaPoint>
					<trp:CalculationMode>Adventurous</trp:CalculationMode>
				</trp:ViaPoint>
			</extensions>
		</rtept>
		<rtept lat="40.31727" lon="-0.80601">
			<name>Additional Waypoint</name>
			<sym>Waypoint</sym>
			<type>shaping</type>
			<extensions>
				<trp:ShapingPoint/>
			</extensions>
		</rtept>
		<rtept lat="40.25161" lon="-0.75357">
			<name>Via Point 2</name>
			<sym>Flag, Blue</sym>
			<type>via</type>
			<extensions>
				<trp:ViaPoint>
					<trp:CalculationMode>Adventurous</trp:CalculationMode>
				</trp:ViaPoint>
			</extensions>
		</rtept>
		<rtept lat="40.1289" lon="-0.77376">
			<name>Additional Waypoint</name>
			<sym>Waypoint</sym>
			<type>shaping</type>
			<extensions>
				<trp:ShapingPoint/>
			</extensions>
		</rtept>
		<rtept lat="40.14079" lon="-0.81672">
			<name>Via Point 3</name>
			<sym>Flag, Blue</sym>
			<type>via</type>
			<extensions>
				<trp:ViaPoint>
					<trp:CalculationMode>Adventurous</trp:CalculationMode>
				</trp:ViaPoint>
			</extensions>
		</rtept>
		<rtept lat="40.05775" lon="-0.83023">
			<name>Via Point 4</name>
			<sym>Flag, Blue</sym>
			<type>via</type>
			<extensions>
				<trp:ViaPoint>
					<trp:CalculationMode>Adventurous</trp:CalculationMode>
				</trp:ViaPoint>
			</extensions>
		</rtept>
		<rtept lat="40.02355" lon="-0.95763">
			<name>Via Point 5</name>
			<sym>Flag, Blue</sym>
			<type>via</type>
			<extensions>
				<trp:ViaPoint>
					<trp:CalculationMode>Adventurous</trp:CalculationMode>
				</trp:ViaPoint>
			</extensions>
		</rtept>
		<rtept lat="39.99239" lon="-1.04308">
			<name>Via Point 6</name>
			<sym>Flag, Blue</sym>
			<type>via</type>
			<extensions>
				<trp:ViaPoint>
					<trp:CalculationMode>Adventurous</trp:CalculationMode>
				</trp:ViaPoint>
			</extensions>
		</rtept>
		<rtept lat="39.96654" lon="-1.09302">
			<name>Via Point 7</name>
			<sym>Flag, Blue</sym>
			<type>via</type>
			<extensions>
				<trp:ViaPoint>
					<trp:CalculationMode>Adventurous</trp:CalculationMode>
				</trp:ViaPoint>
			</extensions>
		</rtept>
		<rtept lat="39.92416" lon="-1.13332">
			<name>Via Point 8</name>
			<sym>Flag, Blue</sym>
			<type>via</type>
			<extensions>
				<trp:ViaPoint>
					<trp:CalculationMode>Adventurous</trp:CalculationMode>
				</trp:ViaPoint>
			</extensions>
		</rtept>
		<rtept lat="39.9552" lon="-1.25767">
			<name>Via Point 9</name>
			<sym>Flag, Blue</sym>
			<type>via</type>
			<extensions>
				<trp:ViaPoint>
					<trp:CalculationMode>Adventurous</trp:CalculationMode>
				</trp:ViaPoint>
			</extensions>
		</rtept>
		<rtept lat="39.90717" lon="-1.36412">
			<name>Via Point 10</name>
			<sym>Flag, Blue</sym>
			<type>via</type>
			<extensions>
				<trp:ViaPoint>
					<trp:CalculationMode>Adventurous</trp:CalculationMode>
				</trp:ViaPoint>
			</extensions>
		</rtept>
		<rtept lat="39.73383" lon="-1.22829">
			<name>Via Point 11</name>
			<sym>Flag, Blue</sym>
			<type>via</type>
			<extensions>
				<trp:ViaPoint>
					<trp:CalculationMode>Adventurous</trp:CalculationMode>
				</trp:ViaPoint>
			</extensions>
		</rtept>
		<rtept lat="39.59911" lon="-1.26847">
			<name>Additional Waypoint</name>
			<sym>Waypoint</sym>
			<type>shaping</type>
			<extensions>
				<trp:ShapingPoint/>
			</extensions>
		</rtept>
		<rtept lat="39.56803" lon="-1.20498">
			<name>Via Point 12</name>
			<sym>Flag, Blue</sym>
			<type>via</type>
			<extensions>
				<trp:ViaPoint>
					<trp:CalculationMode>Adventurous</trp:CalculationMode>
				</trp:ViaPoint>
			</extensions>
		</rtept>
		<rtept lat="39.53721" lon="-1.44094">
			<name>Destination</name>
			<sym>Flag, Red</sym>
			<type>destination</type>
			<extensions>
				<trp:ViaPoint/>
			</extensions>
		</rtept>
	</rte>
	<trk>
		<name>Día 8 · Camping Los Álamos → Villargordo del Cabriel</name>
		<trkseg>
			<trkpt lat="40.36386" lon="-0.69312">
				<ele>1404.05</ele>
				<time>2026-09-10T14:33:37.576Z</time>
			</trkpt>
			<trkpt lat="40.36366" lon="-0.69269">
				<ele>1404.39</ele>
				<time>2026-09-10T14:33:46.397Z</time>
			</trkpt>
			<trkpt lat="40.36337" lon="-0.69321">
				<ele>1402.06</ele>
				<time>2026-09-10T14:33:55.329Z</time>
			</trkpt>
			<trkpt lat="40.36193" lon="-0.69512">
				<ele>1395.49</ele>
				<time>2026-09-10T14:34:27.646Z</time>
			</trkpt>
			<trkpt lat="40.36182" lon="-0.69528">
				<ele>1394.57</ele>
				<time>2026-09-10T14:34:29.960Z</time>
			</trkpt>
			<trkpt lat="40.36173" lon="-0.69544">
				<ele>1393.25</ele>
				<time>2026-09-10T14:34:32.066Z</time>
			</trkpt>
			<trkpt lat="40.36162" lon="-0.69591">
				<ele>1391.22</ele>
				<time>2026-09-10T14:34:37.162Z</time>
			</trkpt>
			<trkpt lat="40.36158" lon="-0.69614">
				<ele>1391.89</ele>
				<time>2026-09-10T14:34:39.557Z</time>
			</trkpt>
			<trkpt lat="40.36157" lon="-0.69632">
				<ele>1393.12</ele>
				<time>2026-09-10T14:34:41.368Z</time>
			</trkpt>
			<trkpt lat="40.36164" lon="-0.69696">
				<ele>1400.06</ele>
				<time>2026-09-10T14:34:47.730Z</time>
			</trkpt>
			<trkpt lat="40.36166" lon="-0.69771">
				<ele>1402.24</ele>
				<time>2026-09-10T14:34:54.913Z</time>
			</trkpt>
			<trkpt lat="40.36163" lon="-0.69809">
				<ele>1399.29</ele>
				<time>2026-09-10T14:34:58.509Z</time>
			</trkpt>
			<trkpt lat="40.36165" lon="-0.69833">
				<ele>1399.95</ele>
				<time>2026-09-10T14:35:00.767Z</time>
			</trkpt>
			<trkpt lat="40.36184" lon="-0.69923">
				<ele>1396.73</ele>
				<time>2026-09-10T14:35:09.446Z</time>
			</trkpt>
			<trkpt lat="40.36186" lon="-0.69937">
				<ele>1395.98</ele>
				<time>2026-09-10T14:35:10.768Z</time>
			</trkpt>
			<trkpt lat="40.36184" lon="-0.69963">
				<ele>1395.91</ele>
				<time>2026-09-10T14:35:13.196Z</time>
			</trkpt>
			<trkpt lat="40.36151" lon="-0.70092">
				<ele>1394.08</ele>
				<time>2026-09-10T14:35:26.016Z</time>
			</trkpt>
			<trkpt lat="40.36156" lon="-0.70093">
				<ele>1393.9</ele>
				<time>2026-09-10T14:35:26.654Z</time>
			</trkpt>
			<trkpt lat="40.36162" lon="-0.70098">
				<ele>1393.56</ele>
				<time>2026-09-10T14:35:27.554Z</time>
			</trkpt>
			<trkpt lat="40.3617" lon="-0.7011">
				<ele>1393.03</ele>
				<time>2026-09-10T14:35:29.099Z</time>
			</trkpt>
			<trkpt lat="40.36215" lon="-0.70304">
				<ele>1389.31</ele>
				<time>2026-09-10T14:35:49.229Z</time>
			</trkpt>
			<trkpt lat="40.36221" lon="-0.70321">
				<ele>1388.81</ele>
				<time>2026-09-10T14:35:51.096Z</time>
			</trkpt>
			<trkpt lat="40.36226" lon="-0.70331">
				<ele>1388.8</ele>
				<time>2026-09-10T14:35:52.285Z</time>
			</trkpt>
			<trkpt lat="40.36243" lon="-0.70349">
				<ele>1389.44</ele>
				<time>2026-09-10T14:35:55.123Z</time>
			</trkpt>
			<trkpt lat="40.3634" lon="-0.70412">
				<ele>1387.36</ele>
				<time>2026-09-10T14:36:08.788Z</time>
			</trkpt>
			<trkpt lat="40.36375" lon="-0.70437">
				<ele>1388.33</ele>
				<time>2026-09-10T14:36:13.565Z</time>
			</trkpt>
			<trkpt lat="40.36388" lon="-0.70451">
				<ele>1388.28</ele>
				<time>2026-09-10T14:36:15.526Z</time>
			</trkpt>
			<trkpt lat="40.36414" lon="-0.70495">
				<ele>1388.23</ele>
				<time>2026-09-10T14:36:20.309Z</time>
			</trkpt>
			<trkpt lat="40.36428" lon="-0.70512">
				<ele>1388.74</ele>
				<time>2026-09-10T14:36:22.374Z</time>
			</trkpt>
			<trkpt lat="40.36446" lon="-0.70525">
				<ele>1389.71</ele>
				<time>2026-09-10T14:36:24.534Z</time>
			</trkpt>
			<trkpt lat="40.36516" lon="-0.70569">
				<ele>1383.8</ele>
				<time>2026-09-10T14:36:32.008Z</time>
			</trkpt>
			<trkpt lat="40.36538" lon="-0.70589">
				<ele>1381.57</ele>
				<time>2026-09-10T14:36:34.304Z</time>
			</trkpt>
			<trkpt lat="40.36543" lon="-0.706">
				<ele>1380.94</ele>
				<time>2026-09-10T14:36:35.102Z</time>
			</trkpt>
			<trkpt lat="40.36554" lon="-0.7062">
				<ele>1380.61</ele>
				<time>2026-09-10T14:36:36.578Z</time>
			</trkpt>
			<trkpt lat="40.36565" lon="-0.70645">
				<ele>1381.02</ele>
				<time>2026-09-10T14:36:38.197Z</time>
			</trkpt>
			<trkpt lat="40.36569" lon="-0.70647">
				<ele>1381.33</ele>
				<time>2026-09-10T14:36:38.499Z</time>
			</trkpt>
			<trkpt lat="40.36574" lon="-0.70654">
				<ele>1381.65</ele>
				<time>2026-09-10T14:36:39.007Z</time>
			</trkpt>
			<trkpt lat="40.36575" lon="-0.70663">
				<ele>1381.52</ele>
				<time>2026-09-10T14:36:39.480Z</time>
			</trkpt>
			<trkpt lat="40.3657" lon="-0.70673">
				<ele>1380.68</ele>
				<time>2026-09-10T14:36:40.091Z</time>
			</trkpt>
			<trkpt lat="40.36567" lon="-0.70692">
				<ele>1379.1</ele>
				<time>2026-09-10T14:36:41.054Z</time>
			</trkpt>
			<trkpt lat="40.36567" lon="-0.70721">
				<ele>1376.93</ele>
				<time>2026-09-10T14:36:42.432Z</time>
			</trkpt>
			<trkpt lat="40.3657" lon="-0.70765">
				<ele>1377.13</ele>
				<time>2026-09-10T14:36:44.403Z</time>
			</trkpt>
			<trkpt lat="40.36577" lon="-0.70803">
				<ele>1379.13</ele>
				<time>2026-09-10T14:36:46.031Z</time>
			</trkpt>
			<trkpt lat="40.36582" lon="-0.70817">
				<ele>1380.27</ele>
				<time>2026-09-10T14:36:46.649Z</time>
			</trkpt>
			<trkpt lat="40.3665" lon="-0.70975">
				<ele>1375.67</ele>
				<time>2026-09-10T14:36:53.097Z</time>
			</trkpt>
			<trkpt lat="40.36749" lon="-0.71231">
				<ele>1374.58</ele>
				<time>2026-09-10T14:37:02.840Z</time>
			</trkpt>
			<trkpt lat="40.36759" lon="-0.7125">
				<ele>1375.33</ele>
				<time>2026-09-10T14:37:03.737Z</time>
			</trkpt>
			<trkpt lat="40.36766" lon="-0.71262">
				<ele>1375.61</ele>
				<time>2026-09-10T14:37:04.340Z</time>
			</trkpt>
			<trkpt lat="40.36788" lon="-0.71286">
				<ele>1376.54</ele>
				<time>2026-09-10T14:37:05.902Z</time>
			</trkpt>
			<trkpt lat="40.36811" lon="-0.71308">
				<ele>1375.53</ele>
				<time>2026-09-10T14:37:07.553Z</time>
			</trkpt>
			<trkpt lat="40.36822" lon="-0.71315">
				<ele>1374.5</ele>
				<time>2026-09-10T14:37:08.296Z</time>
			</trkpt>
			<trkpt lat="40.36845" lon="-0.71333">
				<ele>1375.16</ele>
				<time>2026-09-10T14:37:09.997Z</time>
			</trkpt>
			<trkpt lat="40.36844" lon="-0.71336">
				<ele>1375.2</ele>
				<time>2026-09-10T14:37:10.185Z</time>
			</trkpt>
			<trkpt lat="40.3685" lon="-0.71342">
				<ele>1376.88</ele>
				<time>2026-09-10T14:37:10.757Z</time>
			</trkpt>
			<trkpt lat="40.36858" lon="-0.71373">
				<ele>1380.3</ele>
				<time>2026-09-10T14:37:12.457Z</time>
			</trkpt>
			<trkpt lat="40.36863" lon="-0.71384">
				<ele>1379.78</ele>
				<time>2026-09-10T14:37:13.050Z</time>
			</trkpt>
			<trkpt lat="40.36876" lon="-0.71404">
				<ele>1377.59</ele>
				<time>2026-09-10T14:37:14.159Z</time>
			</trkpt>
			<trkpt lat="40.3692" lon="-0.71443">
				<ele>1380.61</ele>
				<time>2026-09-10T14:37:16.595Z</time>
			</trkpt>
			<trkpt lat="40.36937" lon="-0.71464">
				<ele>1380.79</ele>
				<time>2026-09-10T14:37:17.538Z</time>
			</trkpt>
			<trkpt lat="40.37014" lon="-0.71577">
				<ele>1385.61</ele>
				<time>2026-09-10T14:37:22.914Z</time>
			</trkpt>
			<trkpt lat="40.37054" lon="-0.71649">
				<ele>1388.38</ele>
				<time>2026-09-10T14:37:28.182Z</time>
			</trkpt>
			<trkpt lat="40.3706" lon="-0.71664">
				<ele>1388.54</ele>
				<time>2026-09-10T14:37:29.484Z</time>
			</trkpt>
			<trkpt lat="40.37071" lon="-0.71702">
				<ele>1388.64</ele>
				<time>2026-09-10T14:37:33.091Z</time>
			</trkpt>
			<trkpt lat="40.37078" lon="-0.71761">
				<ele>1381.75</ele>
				<time>2026-09-10T14:37:39.814Z</time>
			</trkpt>
			<trkpt lat="40.37089" lon="-0.718">
				<ele>1378.24</ele>
				<time>2026-09-10T14:37:45.659Z</time>
			</trkpt>
			<trkpt lat="40.37096" lon="-0.71801">
				<ele>1382.34</ele>
				<time>2026-09-10T14:37:48.989Z</time>
			</trkpt>
			<trkpt lat="40.37102" lon="-0.71811">
				<ele>1385.38</ele>
				<time>2026-09-10T14:38:01.959Z</time>
			</trkpt>
			<trkpt lat="40.37114" lon="-0.7182">
				<ele>1393.05</ele>
				<time>2026-09-10T14:38:29.153Z</time>
			</trkpt>
			<trkpt lat="40.37117" lon="-0.7183">
				<ele>1394.43</ele>
				<time>2026-09-10T14:38:45.151Z</time>
			</trkpt>
			<trkpt lat="40.37116" lon="-0.71835">
				<ele>1394.01</ele>
				<time>2026-09-10T14:38:51.744Z</time>
			</trkpt>
			<trkpt lat="40.37134" lon="-0.7184">
				<ele>1401.69</ele>
				<time>2026-09-10T14:39:10.968Z</time>
			</trkpt>
			<trkpt lat="40.37138" lon="-0.71873">
				<ele>1403.16</ele>
				<time>2026-09-10T14:39:34.167Z</time>
			</trkpt>
			<trkpt lat="40.37141" lon="-0.71882">
				<ele>1403.3</ele>
				<time>2026-09-10T14:39:41.058Z</time>
			</trkpt>
			<trkpt lat="40.3718" lon="-0.71975">
				<ele>1406.46</ele>
				<time>2026-09-10T14:40:55.520Z</time>
			</trkpt>
			<trkpt lat="40.37186" lon="-0.71986">
				<ele>1409.4</ele>
				<time>2026-09-10T14:41:05.009Z</time>
			</trkpt>
			<trkpt lat="40.37197" lon="-0.72003">
				<ele>1412.33</ele>
				<time>2026-09-10T14:41:20.958Z</time>
			</trkpt>
			<trkpt lat="40.37207" lon="-0.72013">
				<ele>1413.19</ele>
				<time>2026-09-10T14:41:33.427Z</time>
			</trkpt>
			<trkpt lat="40.37217" lon="-0.72014">
				<ele>1413.41</ele>
				<time>2026-09-10T14:41:43.453Z</time>
			</trkpt>
			<trkpt lat="40.37222" lon="-0.72016">
				<ele>1413.43</ele>
				<time>2026-09-10T14:41:48.607Z</time>
			</trkpt>
			<trkpt lat="40.37237" lon="-0.7203">
				<ele>1407.33</ele>
				<time>2026-09-10T14:42:05.712Z</time>
			</trkpt>
			<trkpt lat="40.37246" lon="-0.72036">
				<ele>1403.85</ele>
				<time>2026-09-10T14:42:13.967Z</time>
			</trkpt>
			<trkpt lat="40.37265" lon="-0.72054">
				<ele>1394.71</ele>
				<time>2026-09-10T14:42:30.114Z</time>
			</trkpt>
			<trkpt lat="40.37269" lon="-0.72061">
				<ele>1392.52</ele>
				<time>2026-09-10T14:42:34.591Z</time>
			</trkpt>
			<trkpt lat="40.3727" lon="-0.72067">
				<ele>1391.65</ele>
				<time>2026-09-10T14:42:37.725Z</time>
			</trkpt>
			<trkpt lat="40.3727" lon="-0.72099">
				<ele>1390.71</ele>
				<time>2026-09-10T14:42:53.899Z</time>
			</trkpt>
			<trkpt lat="40.37271" lon="-0.72109">
				<ele>1389.29</ele>
				<time>2026-09-10T14:42:58.929Z</time>
			</trkpt>
			<trkpt lat="40.3727" lon="-0.72129">
				<ele>1388.16</ele>
				<time>2026-09-10T14:43:08.801Z</time>
			</trkpt>
			<trkpt lat="40.37266" lon="-0.72154">
				<ele>1386.51</ele>
				<time>2026-09-10T14:43:21.099Z</time>
			</trkpt>
			<trkpt lat="40.37264" lon="-0.72176">
				<ele>1382.69</ele>
				<time>2026-09-10T14:43:31.458Z</time>
			</trkpt>
			<trkpt lat="40.3726" lon="-0.72185">
				<ele>1381.77</ele>
				<time>2026-09-10T14:43:36.218Z</time>
			</trkpt>
			<trkpt lat="40.37248" lon="-0.72201">
				<ele>1380.62</ele>
				<time>2026-09-10T14:43:46.199Z</time>
			</trkpt>
			<trkpt lat="40.37243" lon="-0.72213">
				<ele>1379.99</ele>
				<time>2026-09-10T14:43:52.081Z</time>
			</trkpt>
			<trkpt lat="40.37241" lon="-0.72247">
				<ele>1377.71</ele>
				<time>2026-09-10T14:44:06.008Z</time>
			</trkpt>
			<trkpt lat="40.37215" lon="-0.72296">
				<ele>1373.16</ele>
				<time>2026-09-10T14:44:27.438Z</time>
			</trkpt>
			<trkpt lat="40.37204" lon="-0.72307">
				<ele>1372.68</ele>
				<time>2026-09-10T14:44:33.095Z</time>
			</trkpt>
			<trkpt lat="40.3718" lon="-0.72311">
				<ele>1374.55</ele>
				<time>2026-09-10T14:44:41.908Z</time>
			</trkpt>
			<trkpt lat="40.37148" lon="-0.72311">
				<ele>1375.47</ele>
				<time>2026-09-10T14:44:51.248Z</time>
			</trkpt>
			<trkpt lat="40.37128" lon="-0.72315">
				<ele>1373.56</ele>
				<time>2026-09-10T14:44:55.662Z</time>
			</trkpt>
			<trkpt lat="40.37114" lon="-0.72321">
				<ele>1371.19</ele>
				<time>2026-09-10T14:44:58.095Z</time>
			</trkpt>
			<trkpt lat="40.37125" lon="-0.72372">
				<ele>1364.31</ele>
				<time>2026-09-10T14:45:02.360Z</time>
			</trkpt>
			<trkpt lat="40.37126" lon="-0.72396">
				<ele>1365.05</ele>
				<time>2026-09-10T14:45:03.977Z</time>
			</trkpt>
			<trkpt lat="40.37122" lon="-0.72412">
				<ele>1366.12</ele>
				<time>2026-09-10T14:45:05.031Z</time>
			</trkpt>
			<trkpt lat="40.37113" lon="-0.72429">
				<ele>1366.06</ele>
				<time>2026-09-10T14:45:06.244Z</time>
			</trkpt>
			<trkpt lat="40.37107" lon="-0.72436">
				<ele>1365.81</ele>
				<time>2026-09-10T14:45:06.828Z</time>
			</trkpt>
			<trkpt lat="40.37065" lon="-0.72449">
				<ele>1361.86</ele>
				<time>2026-09-10T14:45:09.631Z</time>
			</trkpt>
			<trkpt lat="40.37058" lon="-0.72458">
				<ele>1361.06</ele>
				<time>2026-09-10T14:45:10.197Z</time>
			</trkpt>
			<trkpt lat="40.37058" lon="-0.72468">
				<ele>1360.78</ele>
				<time>2026-09-10T14:45:10.622Z</time>
			</trkpt>
			<trkpt lat="40.37065" lon="-0.72495">
				<ele>1365.12</ele>
				<time>2026-09-10T14:45:11.768Z</time>
			</trkpt>
			<trkpt lat="40.3707" lon="-0.72535">
				<ele>1371.53</ele>
				<time>2026-09-10T14:45:13.254Z</time>
			</trkpt>
			<trkpt lat="40.3707" lon="-0.72546">
				<ele>1371.36</ele>
				<time>2026-09-10T14:45:13.635Z</time>
			</trkpt>
			<trkpt lat="40.37062" lon="-0.72585">
				<ele>1365.11</ele>
				<time>2026-09-10T14:45:14.975Z</time>
			</trkpt>
			<trkpt lat="40.3704" lon="-0.72629">
				<ele>1356.68</ele>
				<time>2026-09-10T14:45:16.653Z</time>
			</trkpt>
			<trkpt lat="40.37021" lon="-0.72661">
				<ele>1353.97</ele>
				<time>2026-09-10T14:45:17.960Z</time>
			</trkpt>
			<trkpt lat="40.37013" lon="-0.72669">
				<ele>1353.16</ele>
				<time>2026-09-10T14:45:18.398Z</time>
			</trkpt>
			<trkpt lat="40.37" lon="-0.72679">
				<ele>1350.84</ele>
				<time>2026-09-10T14:45:19.072Z</time>
			</trkpt>
			<trkpt lat="40.36968" lon="-0.72692">
				<ele>1345.61</ele>
				<time>2026-09-10T14:45:20.676Z</time>
			</trkpt>
			<trkpt lat="40.36959" lon="-0.72701">
				<ele>1344.86</ele>
				<time>2026-09-10T14:45:21.259Z</time>
			</trkpt>
			<trkpt lat="40.36955" lon="-0.72711">
				<ele>1344.73</ele>
				<time>2026-09-10T14:45:21.720Z</time>
			</trkpt>
			<trkpt lat="40.36945" lon="-0.72711">
				<ele>1343.7</ele>
				<time>2026-09-10T14:45:22.275Z</time>
			</trkpt>
			<trkpt lat="40.36913" lon="-0.72714">
				<ele>1344.43</ele>
				<time>2026-09-10T14:45:24.125Z</time>
			</trkpt>
			<trkpt lat="40.369" lon="-0.72712">
				<ele>1345.85</ele>
				<time>2026-09-10T14:45:24.881Z</time>
			</trkpt>
			<trkpt lat="40.36749" lon="-0.72654">
				<ele>1343.85</ele>
				<time>2026-09-10T14:45:33.968Z</time>
			</trkpt>
			<trkpt lat="40.36728" lon="-0.72648">
				<ele>1343.17</ele>
				<time>2026-09-10T14:45:35.210Z</time>
			</trkpt>
			<trkpt lat="40.3671" lon="-0.72648">
				<ele>1344.69</ele>
				<time>2026-09-10T14:45:36.250Z</time>
			</trkpt>
			<trkpt lat="40.36693" lon="-0.72654">
				<ele>1346.99</ele>
				<time>2026-09-10T14:45:37.267Z</time>
			</trkpt>
			<trkpt lat="40.36677" lon="-0.72665">
				<ele>1345.84</ele>
				<time>2026-09-10T14:45:38.310Z</time>
			</trkpt>
			<trkpt lat="40.366" lon="-0.7274">
				<ele>1339.08</ele>
				<time>2026-09-10T14:45:43.851Z</time>
			</trkpt>
			<trkpt lat="40.36591" lon="-0.7275">
				<ele>1337.96</ele>
				<time>2026-09-10T14:45:44.533Z</time>
			</trkpt>
			<trkpt lat="40.36585" lon="-0.7276">
				<ele>1336.88</ele>
				<time>2026-09-10T14:45:45.094Z</time>
			</trkpt>
			<trkpt lat="40.36583" lon="-0.72765">
				<ele>1336.66</ele>
				<time>2026-09-10T14:45:45.342Z</time>
			</trkpt>
			<trkpt lat="40.36583" lon="-0.72776">
				<ele>1336.97</ele>
				<time>2026-09-10T14:45:45.827Z</time>
			</trkpt>
			<trkpt lat="40.36588" lon="-0.72793">
				<ele>1336.73</ele>
				<time>2026-09-10T14:45:46.629Z</time>
			</trkpt>
			<trkpt lat="40.36611" lon="-0.72843">
				<ele>1339.01</ele>
				<time>2026-09-10T14:45:49.202Z</time>
			</trkpt>
			<trkpt lat="40.36655" lon="-0.72909">
				<ele>1339.3</ele>
				<time>2026-09-10T14:45:53.065Z</time>
			</trkpt>
			<trkpt lat="40.3666" lon="-0.7292">
				<ele>1339.69</ele>
				<time>2026-09-10T14:45:53.629Z</time>
			</trkpt>
			<trkpt lat="40.36666" lon="-0.7294">
				<ele>1340.98</ele>
				<time>2026-09-10T14:45:54.576Z</time>
			</trkpt>
			<trkpt lat="40.36667" lon="-0.72961">
				<ele>1341.68</ele>
				<time>2026-09-10T14:45:55.503Z</time>
			</trkpt>
			<trkpt lat="40.36664" lon="-0.72973">
				<ele>1341.63</ele>
				<time>2026-09-10T14:45:56.059Z</time>
			</trkpt>
			<trkpt lat="40.36652" lon="-0.7301">
				<ele>1340.48</ele>
				<time>2026-09-10T14:45:57.831Z</time>
			</trkpt>
			<trkpt lat="40.36648" lon="-0.73032">
				<ele>1340.82</ele>
				<time>2026-09-10T14:45:58.828Z</time>
			</trkpt>
			<trkpt lat="40.3664" lon="-0.73126">
				<ele>1339.4</ele>
				<time>2026-09-10T14:46:02.996Z</time>
			</trkpt>
			<trkpt lat="40.36634" lon="-0.73165">
				<ele>1340.11</ele>
				<time>2026-09-10T14:46:04.749Z</time>
			</trkpt>
			<trkpt lat="40.36624" lon="-0.73213">
				<ele>1339.33</ele>
				<time>2026-09-10T14:46:06.943Z</time>
			</trkpt>
			<trkpt lat="40.36617" lon="-0.73313">
				<ele>1338</ele>
				<time>2026-09-10T14:46:11.369Z</time>
			</trkpt>
			<trkpt lat="40.36613" lon="-0.7334">
				<ele>1338.8</ele>
				<time>2026-09-10T14:46:12.582Z</time>
			</trkpt>
			<trkpt lat="40.36602" lon="-0.73364">
				<ele>1339.33</ele>
				<time>2026-09-10T14:46:13.817Z</time>
			</trkpt>
			<trkpt lat="40.36588" lon="-0.73382">
				<ele>1341.75</ele>
				<time>2026-09-10T14:46:14.951Z</time>
			</trkpt>
			<trkpt lat="40.36553" lon="-0.73405">
				<ele>1338.62</ele>
				<time>2026-09-10T14:46:17.217Z</time>
			</trkpt>
			<trkpt lat="40.36523" lon="-0.73428">
				<ele>1333.73</ele>
				<time>2026-09-10T14:46:19.227Z</time>
			</trkpt>
			<trkpt lat="40.36513" lon="-0.73439">
				<ele>1332.25</ele>
				<time>2026-09-10T14:46:19.983Z</time>
			</trkpt>
			<trkpt lat="40.36503" lon="-0.73452">
				<ele>1330.96</ele>
				<time>2026-09-10T14:46:20.797Z</time>
			</trkpt>
			<trkpt lat="40.36494" lon="-0.73471">
				<ele>1331.12</ele>
				<time>2026-09-10T14:46:21.784Z</time>
			</trkpt>
			<trkpt lat="40.36487" lon="-0.73496">
				<ele>1331.56</ele>
				<time>2026-09-10T14:46:22.959Z</time>
			</trkpt>
			<trkpt lat="40.36482" lon="-0.73522">
				<ele>1331.56</ele>
				<time>2026-09-10T14:46:24.142Z</time>
			</trkpt>
			<trkpt lat="40.36476" lon="-0.73558">
				<ele>1330.92</ele>
				<time>2026-09-10T14:46:25.767Z</time>
			</trkpt>
			<trkpt lat="40.36471" lon="-0.73615">
				<ele>1334.99</ele>
				<time>2026-09-10T14:46:28.299Z</time>
			</trkpt>
			<trkpt lat="40.36472" lon="-0.7366">
				<ele>1335.3</ele>
				<time>2026-09-10T14:46:30.285Z</time>
			</trkpt>
			<trkpt lat="40.36478" lon="-0.73695">
				<ele>1332.31</ele>
				<time>2026-09-10T14:46:31.868Z</time>
			</trkpt>
			<trkpt lat="40.36494" lon="-0.73773">
				<ele>1336.42</ele>
				<time>2026-09-10T14:46:35.432Z</time>
			</trkpt>
			<trkpt lat="40.36499" lon="-0.73793">
				<ele>1337.38</ele>
				<time>2026-09-10T14:46:36.361Z</time>
			</trkpt>
			<trkpt lat="40.36506" lon="-0.73811">
				<ele>1337.87</ele>
				<time>2026-09-10T14:46:37.253Z</time>
			</trkpt>
			<trkpt lat="40.36515" lon="-0.73826">
				<ele>1338.72</ele>
				<time>2026-09-10T14:46:38.096Z</time>
			</trkpt>
			<trkpt lat="40.36523" lon="-0.73835">
				<ele>1339.37</ele>
				<time>2026-09-10T14:46:38.706Z</time>
			</trkpt>
			<trkpt lat="40.36642" lon="-0.73946">
				<ele>1351.43</ele>
				<time>2026-09-10T14:46:47.164Z</time>
			</trkpt>
			<trkpt lat="40.36704" lon="-0.74007">
				<ele>1361.81</ele>
				<time>2026-09-10T14:46:51.655Z</time>
			</trkpt>
			<trkpt lat="40.3672" lon="-0.74025">
				<ele>1363.86</ele>
				<time>2026-09-10T14:46:52.876Z</time>
			</trkpt>
			<trkpt lat="40.36734" lon="-0.74047">
				<ele>1364.27</ele>
				<time>2026-09-10T14:46:54.142Z</time>
			</trkpt>
			<trkpt lat="40.36739" lon="-0.74063">
				<ele>1364.64</ele>
				<time>2026-09-10T14:46:54.906Z</time>
			</trkpt>
			<trkpt lat="40.3674" lon="-0.7409">
				<ele>1365.88</ele>
				<time>2026-09-10T14:46:56.099Z</time>
			</trkpt>
			<trkpt lat="40.36733" lon="-0.74173">
				<ele>1370.96</ele>
				<time>2026-09-10T14:46:59.788Z</time>
			</trkpt>
			<trkpt lat="40.36732" lon="-0.74217">
				<ele>1371.55</ele>
				<time>2026-09-10T14:47:01.732Z</time>
			</trkpt>
			<trkpt lat="40.36734" lon="-0.74232">
				<ele>1371.78</ele>
				<time>2026-09-10T14:47:02.405Z</time>
			</trkpt>
			<trkpt lat="40.36758" lon="-0.74335">
				<ele>1374.61</ele>
				<time>2026-09-10T14:47:07.163Z</time>
			</trkpt>
			<trkpt lat="40.36759" lon="-0.74351">
				<ele>1374.74</ele>
				<time>2026-09-10T14:47:07.872Z</time>
			</trkpt>
			<trkpt lat="40.36752" lon="-0.74376">
				<ele>1373.17</ele>
				<time>2026-09-10T14:47:09.049Z</time>
			</trkpt>
			<trkpt lat="40.36737" lon="-0.74407">
				<ele>1374.41</ele>
				<time>2026-09-10T14:47:10.672Z</time>
			</trkpt>
			<trkpt lat="40.36724" lon="-0.74421">
				<ele>1376.29</ele>
				<time>2026-09-10T14:47:11.647Z</time>
			</trkpt>
			<trkpt lat="40.36716" lon="-0.74421">
				<ele>1377.15</ele>
				<time>2026-09-10T14:47:12.111Z</time>
			</trkpt>
			<trkpt lat="40.36704" lon="-0.74416">
				<ele>1377.81</ele>
				<time>2026-09-10T14:47:12.841Z</time>
			</trkpt>
			<trkpt lat="40.3667" lon="-0.74397">
				<ele>1376.58</ele>
				<time>2026-09-10T14:47:14.985Z</time>
			</trkpt>
			<trkpt lat="40.3665" lon="-0.7439">
				<ele>1374.69</ele>
				<time>2026-09-10T14:47:16.185Z</time>
			</trkpt>
			<trkpt lat="40.36611" lon="-0.74384">
				<ele>1376.82</ele>
				<time>2026-09-10T14:47:18.463Z</time>
			</trkpt>
			<trkpt lat="40.366" lon="-0.7438">
				<ele>1377.66</ele>
				<time>2026-09-10T14:47:19.125Z</time>
			</trkpt>
			<trkpt lat="40.3655" lon="-0.74354">
				<ele>1378.61</ele>
				<time>2026-09-10T14:47:22.245Z</time>
			</trkpt>
			<trkpt lat="40.36484" lon="-0.74342">
				<ele>1378.19</ele>
				<time>2026-09-10T14:47:26.111Z</time>
			</trkpt>
			<trkpt lat="40.36472" lon="-0.74337">
				<ele>1377.75</ele>
				<time>2026-09-10T14:47:26.842Z</time>
			</trkpt>
			<trkpt lat="40.36458" lon="-0.74326">
				<ele>1380.22</ele>
				<time>2026-09-10T14:47:27.789Z</time>
			</trkpt>
			<trkpt lat="40.36425" lon="-0.74296">
				<ele>1382.5</ele>
				<time>2026-09-10T14:47:30.118Z</time>
			</trkpt>
			<trkpt lat="40.36378" lon="-0.74243">
				<ele>1377.45</ele>
				<time>2026-09-10T14:47:33.714Z</time>
			</trkpt>
			<trkpt lat="40.36362" lon="-0.74234">
				<ele>1377.01</ele>
				<time>2026-09-10T14:47:34.725Z</time>
			</trkpt>
			<trkpt lat="40.36346" lon="-0.74228">
				<ele>1375.78</ele>
				<time>2026-09-10T14:47:35.690Z</time>
			</trkpt>
			<trkpt lat="40.36325" lon="-0.74228">
				<ele>1375.88</ele>
				<time>2026-09-10T14:47:36.909Z</time>
			</trkpt>
			<trkpt lat="40.36316" lon="-0.74231">
				<ele>1376.11</ele>
				<time>2026-09-10T14:47:37.448Z</time>
			</trkpt>
			<trkpt lat="40.36255" lon="-0.74264">
				<ele>1387.43</ele>
				<time>2026-09-10T14:47:41.278Z</time>
			</trkpt>
			<trkpt lat="40.36241" lon="-0.7427">
				<ele>1388.52</ele>
				<time>2026-09-10T14:47:42.133Z</time>
			</trkpt>
			<trkpt lat="40.36208" lon="-0.74279">
				<ele>1389.64</ele>
				<time>2026-09-10T14:47:44.090Z</time>
			</trkpt>
			<trkpt lat="40.36189" lon="-0.74281">
				<ele>1391.3</ele>
				<time>2026-09-10T14:47:45.197Z</time>
			</trkpt>
			<trkpt lat="40.36125" lon="-0.74274">
				<ele>1394.69</ele>
				<time>2026-09-10T14:47:48.926Z</time>
			</trkpt>
			<trkpt lat="40.36117" lon="-0.74275">
				<ele>1394.5</ele>
				<time>2026-09-10T14:47:49.392Z</time>
			</trkpt>
			<trkpt lat="40.36102" lon="-0.74281">
				<ele>1395.52</ele>
				<time>2026-09-10T14:47:50.303Z</time>
			</trkpt>
			<trkpt lat="40.36079" lon="-0.74298">
				<ele>1398.73</ele>
				<time>2026-09-10T14:47:51.836Z</time>
			</trkpt>
			<trkpt lat="40.36061" lon="-0.74315">
				<ele>1400.71</ele>
				<time>2026-09-10T14:47:53.124Z</time>
			</trkpt>
			<trkpt lat="40.3605" lon="-0.74328">
				<ele>1401.89</ele>
				<time>2026-09-10T14:47:53.983Z</time>
			</trkpt>
			<trkpt lat="40.35967" lon="-0.74449">
				<ele>1410.03</ele>
				<time>2026-09-10T14:48:01.189Z</time>
			</trkpt>
			<trkpt lat="40.35948" lon="-0.74481">
				<ele>1410.7</ele>
				<time>2026-09-10T14:48:02.985Z</time>
			</trkpt>
			<trkpt lat="40.35922" lon="-0.74541">
				<ele>1413.76</ele>
				<time>2026-09-10T14:48:06.040Z</time>
			</trkpt>
			<trkpt lat="40.35913" lon="-0.74572">
				<ele>1415.45</ele>
				<time>2026-09-10T14:48:07.509Z</time>
			</trkpt>
			<trkpt lat="40.35897" lon="-0.74654">
				<ele>1421.87</ele>
				<time>2026-09-10T14:48:11.256Z</time>
			</trkpt>
			<trkpt lat="40.3589" lon="-0.74676">
				<ele>1423.99</ele>
				<time>2026-09-10T14:48:12.312Z</time>
			</trkpt>
			<trkpt lat="40.35873" lon="-0.74698">
				<ele>1424.95</ele>
				<time>2026-09-10T14:48:13.699Z</time>
			</trkpt>
			<trkpt lat="40.35844" lon="-0.74728">
				<ele>1424.87</ele>
				<time>2026-09-10T14:48:15.845Z</time>
			</trkpt>
			<trkpt lat="40.35834" lon="-0.74743">
				<ele>1425.25</ele>
				<time>2026-09-10T14:48:16.727Z</time>
			</trkpt>
			<trkpt lat="40.35805" lon="-0.74816">
				<ele>1428.42</ele>
				<time>2026-09-10T14:48:20.373Z</time>
			</trkpt>
			<trkpt lat="40.35774" lon="-0.74873">
				<ele>1432.81</ele>
				<time>2026-09-10T14:48:23.475Z</time>
			</trkpt>
			<trkpt lat="40.35724" lon="-0.74986">
				<ele>1446.12</ele>
				<time>2026-09-10T14:48:29.262Z</time>
			</trkpt>
			<trkpt lat="40.35715" lon="-0.75014">
				<ele>1448.23</ele>
				<time>2026-09-10T14:48:30.609Z</time>
			</trkpt>
			<trkpt lat="40.35708" lon="-0.75058">
				<ele>1449.94</ele>
				<time>2026-09-10T14:48:32.600Z</time>
			</trkpt>
			<trkpt lat="40.35709" lon="-0.75073">
				<ele>1449.83</ele>
				<time>2026-09-10T14:48:33.267Z</time>
			</trkpt>
			<trkpt lat="40.35714" lon="-0.75088">
				<ele>1449.95</ele>
				<time>2026-09-10T14:48:33.992Z</time>
			</trkpt>
			<trkpt lat="40.35722" lon="-0.75106">
				<ele>1450.22</ele>
				<time>2026-09-10T14:48:34.916Z</time>
			</trkpt>
			<trkpt lat="40.35737" lon="-0.75156">
				<ele>1451.33</ele>
				<time>2026-09-10T14:48:37.296Z</time>
			</trkpt>
			<trkpt lat="40.35741" lon="-0.75183">
				<ele>1451.66</ele>
				<time>2026-09-10T14:48:38.515Z</time>
			</trkpt>
			<trkpt lat="40.35742" lon="-0.75195">
				<ele>1451.57</ele>
				<time>2026-09-10T14:48:39.050Z</time>
			</trkpt>
			<trkpt lat="40.3574" lon="-0.75214">
				<ele>1451.19</ele>
				<time>2026-09-10T14:48:39.900Z</time>
			</trkpt>
			<trkpt lat="40.35732" lon="-0.75257">
				<ele>1448.37</ele>
				<time>2026-09-10T14:48:41.861Z</time>
			</trkpt>
			<trkpt lat="40.35704" lon="-0.7535">
				<ele>1444.84</ele>
				<time>2026-09-10T14:48:46.292Z</time>
			</trkpt>
			<trkpt lat="40.35644" lon="-0.7554">
				<ele>1437.92</ele>
				<time>2026-09-10T14:48:55.408Z</time>
			</trkpt>
			<trkpt lat="40.35634" lon="-0.75555">
				<ele>1436.59</ele>
				<time>2026-09-10T14:48:56.291Z</time>
			</trkpt>
			<trkpt lat="40.35623" lon="-0.75564">
				<ele>1436.97</ele>
				<time>2026-09-10T14:48:57.045Z</time>
			</trkpt>
			<trkpt lat="40.356" lon="-0.7557">
				<ele>1436.76</ele>
				<time>2026-09-10T14:48:58.409Z</time>
			</trkpt>
			<trkpt lat="40.35563" lon="-0.7557">
				<ele>1434.73</ele>
				<time>2026-09-10T14:49:00.562Z</time>
			</trkpt>
			<trkpt lat="40.35542" lon="-0.75577">
				<ele>1433.69</ele>
				<time>2026-09-10T14:49:01.822Z</time>
			</trkpt>
			<trkpt lat="40.35528" lon="-0.75585">
				<ele>1433.17</ele>
				<time>2026-09-10T14:49:02.711Z</time>
			</trkpt>
			<trkpt lat="40.35498" lon="-0.75606">
				<ele>1432.27</ele>
				<time>2026-09-10T14:49:04.689Z</time>
			</trkpt>
			<trkpt lat="40.35475" lon="-0.75627">
				<ele>1432.63</ele>
				<time>2026-09-10T14:49:06.319Z</time>
			</trkpt>
			<trkpt lat="40.35461" lon="-0.75648">
				<ele>1433.57</ele>
				<time>2026-09-10T14:49:07.556Z</time>
			</trkpt>
			<trkpt lat="40.35449" lon="-0.75667">
				<ele>1434.72</ele>
				<time>2026-09-10T14:49:08.650Z</time>
			</trkpt>
			<trkpt lat="40.35413" lon="-0.75739">
				<ele>1437.76</ele>
				<time>2026-09-10T14:49:12.469Z</time>
			</trkpt>
			<trkpt lat="40.35371" lon="-0.75841">
				<ele>1442.89</ele>
				<time>2026-09-10T14:49:17.610Z</time>
			</trkpt>
			<trkpt lat="40.35338" lon="-0.75902">
				<ele>1440.95</ele>
				<time>2026-09-10T14:49:20.928Z</time>
			</trkpt>
			<trkpt lat="40.35333" lon="-0.75925">
				<ele>1442.04</ele>
				<time>2026-09-10T14:49:21.989Z</time>
			</trkpt>
			<trkpt lat="40.35333" lon="-0.75937">
				<ele>1443.18</ele>
				<time>2026-09-10T14:49:22.521Z</time>
			</trkpt>
			<trkpt lat="40.35335" lon="-0.75948">
				<ele>1444.98</ele>
				<time>2026-09-10T14:49:23.023Z</time>
			</trkpt>
			<trkpt lat="40.3535" lon="-0.76011">
				<ele>1455.58</ele>
				<time>2026-09-10T14:49:25.950Z</time>
			</trkpt>
			<trkpt lat="40.35387" lon="-0.76135">
				<ele>1462.1</ele>
				<time>2026-09-10T14:49:31.858Z</time>
			</trkpt>
			<trkpt lat="40.35397" lon="-0.76175">
				<ele>1459.67</ele>
				<time>2026-09-10T14:49:33.725Z</time>
			</trkpt>
			<trkpt lat="40.35401" lon="-0.76205">
				<ele>1460.64</ele>
				<time>2026-09-10T14:49:35.076Z</time>
			</trkpt>
			<trkpt lat="40.35401" lon="-0.76221">
				<ele>1461.17</ele>
				<time>2026-09-10T14:49:35.786Z</time>
			</trkpt>
			<trkpt lat="40.35397" lon="-0.76255">
				<ele>1459.93</ele>
				<time>2026-09-10T14:49:37.312Z</time>
			</trkpt>
			<trkpt lat="40.35378" lon="-0.76312">
				<ele>1454.35</ele>
				<time>2026-09-10T14:49:40.072Z</time>
			</trkpt>
			<trkpt lat="40.35371" lon="-0.76339">
				<ele>1451.82</ele>
				<time>2026-09-10T14:49:41.338Z</time>
			</trkpt>
			<trkpt lat="40.35368" lon="-0.76356">
				<ele>1449.78</ele>
				<time>2026-09-10T14:49:42.112Z</time>
			</trkpt>
			<trkpt lat="40.35364" lon="-0.76412">
				<ele>1443.05</ele>
				<time>2026-09-10T14:49:44.608Z</time>
			</trkpt>
			<trkpt lat="40.35341" lon="-0.76523">
				<ele>1440.21</ele>
				<time>2026-09-10T14:49:49.712Z</time>
			</trkpt>
			<trkpt lat="40.3531" lon="-0.76725">
				<ele>1435.47</ele>
				<time>2026-09-10T14:49:58.856Z</time>
			</trkpt>
			<trkpt lat="40.35273" lon="-0.76838">
				<ele>1434.13</ele>
				<time>2026-09-10T14:50:04.315Z</time>
			</trkpt>
			<trkpt lat="40.35267" lon="-0.76862">
				<ele>1433.59</ele>
				<time>2026-09-10T14:50:05.436Z</time>
			</trkpt>
			<trkpt lat="40.35262" lon="-0.76886">
				<ele>1432.65</ele>
				<time>2026-09-10T14:50:06.541Z</time>
			</trkpt>
			<trkpt lat="40.35238" lon="-0.77096">
				<ele>1424.51</ele>
				<time>2026-09-10T14:50:15.967Z</time>
			</trkpt>
			<trkpt lat="40.35238" lon="-0.77108">
				<ele>1423.56</ele>
				<time>2026-09-10T14:50:16.500Z</time>
			</trkpt>
			<trkpt lat="40.35242" lon="-0.77142">
				<ele>1420.67</ele>
				<time>2026-09-10T14:50:18.027Z</time>
			</trkpt>
			<trkpt lat="40.35256" lon="-0.77204">
				<ele>1417.31</ele>
				<time>2026-09-10T14:50:20.898Z</time>
			</trkpt>
			<trkpt lat="40.3528" lon="-0.77316">
				<ele>1414.07</ele>
				<time>2026-09-10T14:50:26.063Z</time>
			</trkpt>
			<trkpt lat="40.35294" lon="-0.77358">
				<ele>1411.51</ele>
				<time>2026-09-10T14:50:28.098Z</time>
			</trkpt>
			<trkpt lat="40.35304" lon="-0.7739">
				<ele>1410.61</ele>
				<time>2026-09-10T14:50:29.634Z</time>
			</trkpt>
			<trkpt lat="40.35304" lon="-0.77414">
				<ele>1409.09</ele>
				<time>2026-09-10T14:50:30.700Z</time>
			</trkpt>
			<trkpt lat="40.35302" lon="-0.77425">
				<ele>1408.3</ele>
				<time>2026-09-10T14:50:31.202Z</time>
			</trkpt>
			<trkpt lat="40.35264" lon="-0.77541">
				<ele>1402.08</ele>
				<time>2026-09-10T14:50:36.808Z</time>
			</trkpt>
			<trkpt lat="40.35258" lon="-0.77549">
				<ele>1401.31</ele>
				<time>2026-09-10T14:50:37.307Z</time>
			</trkpt>
			<trkpt lat="40.35254" lon="-0.77551">
				<ele>1400.65</ele>
				<time>2026-09-10T14:50:37.556Z</time>
			</trkpt>
			<trkpt lat="40.35246" lon="-0.7755">
				<ele>1398.9</ele>
				<time>2026-09-10T14:50:38.024Z</time>
			</trkpt>
			<trkpt lat="40.35236" lon="-0.77545">
				<ele>1396</ele>
				<time>2026-09-10T14:50:38.648Z</time>
			</trkpt>
			<trkpt lat="40.35215" lon="-0.77522">
				<ele>1390.01</ele>
				<time>2026-09-10T14:50:40.242Z</time>
			</trkpt>
			<trkpt lat="40.35205" lon="-0.77509">
				<ele>1387.56</ele>
				<time>2026-09-10T14:50:41.062Z</time>
			</trkpt>
			<trkpt lat="40.35199" lon="-0.77501">
				<ele>1386.35</ele>
				<time>2026-09-10T14:50:41.561Z</time>
			</trkpt>
			<trkpt lat="40.35193" lon="-0.77486">
				<ele>1384.26</ele>
				<time>2026-09-10T14:50:42.313Z</time>
			</trkpt>
			<trkpt lat="40.3519" lon="-0.77473">
				<ele>1383.32</ele>
				<time>2026-09-10T14:50:42.916Z</time>
			</trkpt>
			<trkpt lat="40.35166" lon="-0.77295">
				<ele>1376.12</ele>
				<time>2026-09-10T14:50:50.944Z</time>
			</trkpt>
			<trkpt lat="40.35162" lon="-0.77279">
				<ele>1375.05</ele>
				<time>2026-09-10T14:50:51.692Z</time>
			</trkpt>
			<trkpt lat="40.35158" lon="-0.77273">
				<ele>1375.3</ele>
				<time>2026-09-10T14:50:52.046Z</time>
			</trkpt>
			<trkpt lat="40.3515" lon="-0.77264">
				<ele>1375.35</ele>
				<time>2026-09-10T14:50:52.660Z</time>
			</trkpt>
			<trkpt lat="40.3514" lon="-0.77257">
				<ele>1374.28</ele>
				<time>2026-09-10T14:50:53.320Z</time>
			</trkpt>
			<trkpt lat="40.3509" lon="-0.77227">
				<ele>1363.72</ele>
				<time>2026-09-10T14:50:56.524Z</time>
			</trkpt>
			<trkpt lat="40.35077" lon="-0.77218">
				<ele>1362.58</ele>
				<time>2026-09-10T14:50:57.381Z</time>
			</trkpt>
			<trkpt lat="40.3502" lon="-0.77163">
				<ele>1363.25</ele>
				<time>2026-09-10T14:51:01.505Z</time>
			</trkpt>
			<trkpt lat="40.35007" lon="-0.77156">
				<ele>1362.3</ele>
				<time>2026-09-10T14:51:02.324Z</time>
			</trkpt>
			<trkpt lat="40.34978" lon="-0.77146">
				<ele>1358.1</ele>
				<time>2026-09-10T14:51:04.071Z</time>
			</trkpt>
			<trkpt lat="40.34965" lon="-0.77136">
				<ele>1354.7</ele>
				<time>2026-09-10T14:51:04.949Z</time>
			</trkpt>
			<trkpt lat="40.34952" lon="-0.77124">
				<ele>1350.92</ele>
				<time>2026-09-10T14:51:05.876Z</time>
			</trkpt>
			<trkpt lat="40.34932" lon="-0.771">
				<ele>1347.99</ele>
				<time>2026-09-10T14:51:07.456Z</time>
			</trkpt>
			<trkpt lat="40.34924" lon="-0.77089">
				<ele>1348.48</ele>
				<time>2026-09-10T14:51:08.131Z</time>
			</trkpt>
			<trkpt lat="40.34918" lon="-0.77075">
				<ele>1350.62</ele>
				<time>2026-09-10T14:51:08.844Z</time>
			</trkpt>
			<trkpt lat="40.34915" lon="-0.77056">
				<ele>1354.25</ele>
				<time>2026-09-10T14:51:09.706Z</time>
			</trkpt>
			<trkpt lat="40.34914" lon="-0.77005">
				<ele>1350.88</ele>
				<time>2026-09-10T14:51:11.973Z</time>
			</trkpt>
			<trkpt lat="40.34909" lon="-0.76948">
				<ele>1345.83</ele>
				<time>2026-09-10T14:51:14.521Z</time>
			</trkpt>
			<trkpt lat="40.34909" lon="-0.76929">
				<ele>1344.64</ele>
				<time>2026-09-10T14:51:15.365Z</time>
			</trkpt>
			<trkpt lat="40.34912" lon="-0.76903">
				<ele>1343.34</ele>
				<time>2026-09-10T14:51:16.533Z</time>
			</trkpt>
			<trkpt lat="40.34928" lon="-0.76837">
				<ele>1343.19</ele>
				<time>2026-09-10T14:51:19.610Z</time>
			</trkpt>
			<trkpt lat="40.34942" lon="-0.76802">
				<ele>1343</ele>
				<time>2026-09-10T14:51:21.366Z</time>
			</trkpt>
			<trkpt lat="40.34982" lon="-0.76734">
				<ele>1341.55</ele>
				<time>2026-09-10T14:51:25.182Z</time>
			</trkpt>
			<trkpt lat="40.35005" lon="-0.76671">
				<ele>1343.35</ele>
				<time>2026-09-10T14:51:28.285Z</time>
			</trkpt>
			<trkpt lat="40.35038" lon="-0.76604">
				<ele>1340.77</ele>
				<time>2026-09-10T14:51:31.830Z</time>
			</trkpt>
			<trkpt lat="40.35055" lon="-0.76574">
				<ele>1341.19</ele>
				<time>2026-09-10T14:51:33.490Z</time>
			</trkpt>
			<trkpt lat="40.35059" lon="-0.76561">
				<ele>1341.59</ele>
				<time>2026-09-10T14:51:34.113Z</time>
			</trkpt>
			<trkpt lat="40.35058" lon="-0.7655">
				<ele>1342.86</ele>
				<time>2026-09-10T14:51:34.605Z</time>
			</trkpt>
			<trkpt lat="40.35056" lon="-0.76544">
				<ele>1343.9</ele>
				<time>2026-09-10T14:51:34.896Z</time>
			</trkpt>
			<trkpt lat="40.3505" lon="-0.76534">
				<ele>1343.85</ele>
				<time>2026-09-10T14:51:35.462Z</time>
			</trkpt>
			<trkpt lat="40.34996" lon="-0.76489">
				<ele>1327.22</ele>
				<time>2026-09-10T14:51:39.191Z</time>
			</trkpt>
			<trkpt lat="40.34974" lon="-0.76464">
				<ele>1325.2</ele>
				<time>2026-09-10T14:51:40.887Z</time>
			</trkpt>
			<trkpt lat="40.34961" lon="-0.76443">
				<ele>1326</ele>
				<time>2026-09-10T14:51:42.089Z</time>
			</trkpt>
			<trkpt lat="40.34948" lon="-0.76408">
				<ele>1328.9</ele>
				<time>2026-09-10T14:51:43.819Z</time>
			</trkpt>
			<trkpt lat="40.34939" lon="-0.76393">
				<ele>1328.71</ele>
				<time>2026-09-10T14:51:44.667Z</time>
			</trkpt>
			<trkpt lat="40.34905" lon="-0.76354">
				<ele>1332.5</ele>
				<time>2026-09-10T14:51:47.300Z</time>
			</trkpt>
			<trkpt lat="40.34819" lon="-0.76238">
				<ele>1334.24</ele>
				<time>2026-09-10T14:51:54.490Z</time>
			</trkpt>
			<trkpt lat="40.34753" lon="-0.76158">
				<ele>1328.59</ele>
				<time>2026-09-10T14:51:59.729Z</time>
			</trkpt>
			<trkpt lat="40.34745" lon="-0.76142">
				<ele>1327.38</ele>
				<time>2026-09-10T14:52:00.579Z</time>
			</trkpt>
			<trkpt lat="40.34739" lon="-0.76121">
				<ele>1326.59</ele>
				<time>2026-09-10T14:52:01.575Z</time>
			</trkpt>
			<trkpt lat="40.34738" lon="-0.76102">
				<ele>1325.57</ele>
				<time>2026-09-10T14:52:02.422Z</time>
			</trkpt>
			<trkpt lat="40.34739" lon="-0.76091">
				<ele>1324.49</ele>
				<time>2026-09-10T14:52:02.914Z</time>
			</trkpt>
			<trkpt lat="40.34761" lon="-0.76018">
				<ele>1320.65</ele>
				<time>2026-09-10T14:52:06.402Z</time>
			</trkpt>
			<trkpt lat="40.34764" lon="-0.75996">
				<ele>1319.71</ele>
				<time>2026-09-10T14:52:07.395Z</time>
			</trkpt>
			<trkpt lat="40.34763" lon="-0.7598">
				<ele>1318.52</ele>
				<time>2026-09-10T14:52:08.108Z</time>
			</trkpt>
			<trkpt lat="40.34741" lon="-0.75816">
				<ele>1308.22</ele>
				<time>2026-09-10T14:52:15.507Z</time>
			</trkpt>
			<trkpt lat="40.34733" lon="-0.7577">
				<ele>1308.28</ele>
				<time>2026-09-10T14:52:17.604Z</time>
			</trkpt>
			<trkpt lat="40.34729" lon="-0.75709">
				<ele>1305.81</ele>
				<time>2026-09-10T14:52:20.324Z</time>
			</trkpt>
			<trkpt lat="40.34726" lon="-0.75696">
				<ele>1303.84</ele>
				<time>2026-09-10T14:52:20.927Z</time>
			</trkpt>
			<trkpt lat="40.34721" lon="-0.75691">
				<ele>1301.4</ele>
				<time>2026-09-10T14:52:21.294Z</time>
			</trkpt>
			<trkpt lat="40.34716" lon="-0.7569">
				<ele>1298.13</ele>
				<time>2026-09-10T14:52:21.589Z</time>
			</trkpt>
			<trkpt lat="40.34707" lon="-0.75693">
				<ele>1292.43</ele>
				<time>2026-09-10T14:52:22.130Z</time>
			</trkpt>
			<trkpt lat="40.34702" lon="-0.75699">
				<ele>1289.8</ele>
				<time>2026-09-10T14:52:22.525Z</time>
			</trkpt>
			<trkpt lat="40.34698" lon="-0.75713">
				<ele>1289.17</ele>
				<time>2026-09-10T14:52:23.190Z</time>
			</trkpt>
			<trkpt lat="40.34697" lon="-0.75729">
				<ele>1290.29</ele>
				<time>2026-09-10T14:52:23.903Z</time>
			</trkpt>
			<trkpt lat="40.34691" lon="-0.75853">
				<ele>1287.89</ele>
				<time>2026-09-10T14:52:29.424Z</time>
			</trkpt>
			<trkpt lat="40.3469" lon="-0.75864">
				<ele>1287.6</ele>
				<time>2026-09-10T14:52:29.916Z</time>
			</trkpt>
			<trkpt lat="40.34683" lon="-0.75886">
				<ele>1288.12</ele>
				<time>2026-09-10T14:52:30.975Z</time>
			</trkpt>
			<trkpt lat="40.34674" lon="-0.75908">
				<ele>1289.12</ele>
				<time>2026-09-10T14:52:32.085Z</time>
			</trkpt>
			<trkpt lat="40.34622" lon="-0.76004">
				<ele>1284.46</ele>
				<time>2026-09-10T14:52:37.318Z</time>
			</trkpt>
			<trkpt lat="40.34609" lon="-0.7603">
				<ele>1283.46</ele>
				<time>2026-09-10T14:52:38.699Z</time>
			</trkpt>
			<trkpt lat="40.34596" lon="-0.76062">
				<ele>1277.18</ele>
				<time>2026-09-10T14:52:40.310Z</time>
			</trkpt>
			<trkpt lat="40.34591" lon="-0.76084">
				<ele>1273.63</ele>
				<time>2026-09-10T14:52:41.330Z</time>
			</trkpt>
			<trkpt lat="40.34592" lon="-0.76098">
				<ele>1272.23</ele>
				<time>2026-09-10T14:52:41.955Z</time>
			</trkpt>
			<trkpt lat="40.34594" lon="-0.7611">
				<ele>1272</ele>
				<time>2026-09-10T14:52:42.501Z</time>
			</trkpt>
			<trkpt lat="40.34617" lon="-0.76181">
				<ele>1270.71</ele>
				<time>2026-09-10T14:52:45.929Z</time>
			</trkpt>
			<trkpt lat="40.34631" lon="-0.76286">
				<ele>1259.16</ele>
				<time>2026-09-10T14:52:50.665Z</time>
			</trkpt>
			<trkpt lat="40.34636" lon="-0.76309">
				<ele>1257.21</ele>
				<time>2026-09-10T14:52:51.727Z</time>
			</trkpt>
			<trkpt lat="40.34641" lon="-0.76322">
				<ele>1256.89</ele>
				<time>2026-09-10T14:52:52.374Z</time>
			</trkpt>
			<trkpt lat="40.34658" lon="-0.76351">
				<ele>1257.05</ele>
				<time>2026-09-10T14:52:54.000Z</time>
			</trkpt>
			<trkpt lat="40.34663" lon="-0.76365">
				<ele>1255.29</ele>
				<time>2026-09-10T14:52:54.687Z</time>
			</trkpt>
			<trkpt lat="40.34664" lon="-0.76379">
				<ele>1253.21</ele>
				<time>2026-09-10T14:52:55.312Z</time>
			</trkpt>
			<trkpt lat="40.34663" lon="-0.76407">
				<ele>1251.28</ele>
				<time>2026-09-10T14:52:56.557Z</time>
			</trkpt>
			<trkpt lat="40.34665" lon="-0.76424">
				<ele>1251.88</ele>
				<time>2026-09-10T14:52:57.321Z</time>
			</trkpt>
			<trkpt lat="40.34668" lon="-0.76443">
				<ele>1253.31</ele>
				<time>2026-09-10T14:52:58.183Z</time>
			</trkpt>
			<trkpt lat="40.34682" lon="-0.76492">
				<ele>1250.55</ele>
				<time>2026-09-10T14:53:00.508Z</time>
			</trkpt>
			<trkpt lat="40.34684" lon="-0.76509">
				<ele>1249.57</ele>
				<time>2026-09-10T14:53:01.272Z</time>
			</trkpt>
			<trkpt lat="40.34683" lon="-0.76522">
				<ele>1248.84</ele>
				<time>2026-09-10T14:53:01.853Z</time>
			</trkpt>
			<trkpt lat="40.34677" lon="-0.7654">
				<ele>1247.92</ele>
				<time>2026-09-10T14:53:02.726Z</time>
			</trkpt>
			<trkpt lat="40.34628" lon="-0.76635">
				<ele>1247.85</ele>
				<time>2026-09-10T14:53:07.822Z</time>
			</trkpt>
			<trkpt lat="40.34579" lon="-0.76724">
				<ele>1243.92</ele>
				<time>2026-09-10T14:53:12.700Z</time>
			</trkpt>
			<trkpt lat="40.34573" lon="-0.7674">
				<ele>1242.17</ele>
				<time>2026-09-10T14:53:13.492Z</time>
			</trkpt>
			<trkpt lat="40.34567" lon="-0.76764">
				<ele>1240.33</ele>
				<time>2026-09-10T14:53:14.614Z</time>
			</trkpt>
			<trkpt lat="40.34564" lon="-0.76797">
				<ele>1240.17</ele>
				<time>2026-09-10T14:53:16.090Z</time>
			</trkpt>
			<trkpt lat="40.34563" lon="-0.76853">
				<ele>1240.64</ele>
				<time>2026-09-10T14:53:18.579Z</time>
			</trkpt>
			<trkpt lat="40.34566" lon="-0.76928">
				<ele>1236.13</ele>
				<time>2026-09-10T14:53:21.915Z</time>
			</trkpt>
			<trkpt lat="40.34567" lon="-0.77102">
				<ele>1232.26</ele>
				<time>2026-09-10T14:53:29.645Z</time>
			</trkpt>
			<trkpt lat="40.34564" lon="-0.77126">
				<ele>1231.17</ele>
				<time>2026-09-10T14:53:30.725Z</time>
			</trkpt>
			<trkpt lat="40.34552" lon="-0.77201">
				<ele>1230.41</ele>
				<time>2026-09-10T14:53:34.129Z</time>
			</trkpt>
			<trkpt lat="40.34544" lon="-0.77233">
				<ele>1229.35</ele>
				<time>2026-09-10T14:53:35.625Z</time>
			</trkpt>
			<trkpt lat="40.34533" lon="-0.77256">
				<ele>1227.73</ele>
				<time>2026-09-10T14:53:36.831Z</time>
			</trkpt>
			<trkpt lat="40.34521" lon="-0.77275">
				<ele>1226.77</ele>
				<time>2026-09-10T14:53:37.927Z</time>
			</trkpt>
			<trkpt lat="40.34484" lon="-0.77315">
				<ele>1225.06</ele>
				<time>2026-09-10T14:53:40.721Z</time>
			</trkpt>
			<trkpt lat="40.34429" lon="-0.77389">
				<ele>1219.28</ele>
				<time>2026-09-10T14:53:45.312Z</time>
			</trkpt>
			<trkpt lat="40.34414" lon="-0.77405">
				<ele>1217.41</ele>
				<time>2026-09-10T14:53:46.438Z</time>
			</trkpt>
			<trkpt lat="40.34404" lon="-0.77411">
				<ele>1216.72</ele>
				<time>2026-09-10T14:53:47.079Z</time>
			</trkpt>
			<trkpt lat="40.34394" lon="-0.77414">
				<ele>1215.54</ele>
				<time>2026-09-10T14:53:47.677Z</time>
			</trkpt>
			<trkpt lat="40.34349" lon="-0.77414">
				<ele>1213.51</ele>
				<time>2026-09-10T14:53:50.299Z</time>
			</trkpt>
			<trkpt lat="40.34339" lon="-0.77416">
				<ele>1213.2</ele>
				<time>2026-09-10T14:53:50.889Z</time>
			</trkpt>
			<trkpt lat="40.34255" lon="-0.77466">
				<ele>1210.56</ele>
				<time>2026-09-10T14:53:56.263Z</time>
			</trkpt>
			<trkpt lat="40.34238" lon="-0.77473">
				<ele>1209.38</ele>
				<time>2026-09-10T14:53:57.302Z</time>
			</trkpt>
			<trkpt lat="40.3416" lon="-0.77476">
				<ele>1197.66</ele>
				<time>2026-09-10T14:54:01.848Z</time>
			</trkpt>
			<trkpt lat="40.34088" lon="-0.77473">
				<ele>1198</ele>
				<time>2026-09-10T14:54:06.045Z</time>
			</trkpt>
			<trkpt lat="40.34066" lon="-0.77475">
				<ele>1195.54</ele>
				<time>2026-09-10T14:54:07.330Z</time>
			</trkpt>
			<trkpt lat="40.34051" lon="-0.77479">
				<ele>1193.5</ele>
				<time>2026-09-10T14:54:08.222Z</time>
			</trkpt>
			<trkpt lat="40.34032" lon="-0.7749">
				<ele>1191.15</ele>
				<time>2026-09-10T14:54:09.432Z</time>
			</trkpt>
			<trkpt lat="40.34008" lon="-0.77509">
				<ele>1190.3</ele>
				<time>2026-09-10T14:54:11.065Z</time>
			</trkpt>
			<trkpt lat="40.3399" lon="-0.77533">
				<ele>1189.65</ele>
				<time>2026-09-10T14:54:12.560Z</time>
			</trkpt>
			<trkpt lat="40.33959" lon="-0.77586">
				<ele>1187.91</ele>
				<time>2026-09-10T14:54:15.526Z</time>
			</trkpt>
			<trkpt lat="40.33915" lon="-0.7765">
				<ele>1180.88</ele>
				<time>2026-09-10T14:54:19.353Z</time>
			</trkpt>
			<trkpt lat="40.33892" lon="-0.77693">
				<ele>1177.35</ele>
				<time>2026-09-10T14:54:21.685Z</time>
			</trkpt>
			<trkpt lat="40.33883" lon="-0.7772">
				<ele>1174</ele>
				<time>2026-09-10T14:54:22.994Z</time>
			</trkpt>
			<trkpt lat="40.33879" lon="-0.77747">
				<ele>1173.37</ele>
				<time>2026-09-10T14:54:24.215Z</time>
			</trkpt>
			<trkpt lat="40.33878" lon="-0.7777">
				<ele>1172.8</ele>
				<time>2026-09-10T14:54:25.238Z</time>
			</trkpt>
			<trkpt lat="40.3388" lon="-0.77782">
				<ele>1172.35</ele>
				<time>2026-09-10T14:54:25.783Z</time>
			</trkpt>
			<trkpt lat="40.33888" lon="-0.77797">
				<ele>1170.95</ele>
				<time>2026-09-10T14:54:26.596Z</time>
			</trkpt>
			<trkpt lat="40.33896" lon="-0.77803">
				<ele>1169.79</ele>
				<time>2026-09-10T14:54:27.132Z</time>
			</trkpt>
			<trkpt lat="40.33913" lon="-0.77807">
				<ele>1168.07</ele>
				<time>2026-09-10T14:54:28.138Z</time>
			</trkpt>
			<trkpt lat="40.33946" lon="-0.77803">
				<ele>1163.59</ele>
				<time>2026-09-10T14:54:30.068Z</time>
			</trkpt>
			<trkpt lat="40.3395" lon="-0.77805">
				<ele>1163.34</ele>
				<time>2026-09-10T14:54:30.318Z</time>
			</trkpt>
			<trkpt lat="40.33961" lon="-0.77815">
				<ele>1163.06</ele>
				<time>2026-09-10T14:54:31.097Z</time>
			</trkpt>
			<trkpt lat="40.33967" lon="-0.77827">
				<ele>1162.41</ele>
				<time>2026-09-10T14:54:31.734Z</time>
			</trkpt>
			<trkpt lat="40.33969" lon="-0.77841">
				<ele>1162.25</ele>
				<time>2026-09-10T14:54:32.367Z</time>
			</trkpt>
			<trkpt lat="40.33968" lon="-0.77859">
				<ele>1162.76</ele>
				<time>2026-09-10T14:54:33.168Z</time>
			</trkpt>
			<trkpt lat="40.33948" lon="-0.77914">
				<ele>1167.77</ele>
				<time>2026-09-10T14:54:35.873Z</time>
			</trkpt>
			<trkpt lat="40.33923" lon="-0.77991">
				<ele>1171.26</ele>
				<time>2026-09-10T14:54:39.588Z</time>
			</trkpt>
			<trkpt lat="40.33917" lon="-0.78006">
				<ele>1170.81</ele>
				<time>2026-09-10T14:54:40.340Z</time>
			</trkpt>
			<trkpt lat="40.339" lon="-0.78029">
				<ele>1168.81</ele>
				<time>2026-09-10T14:54:41.762Z</time>
			</trkpt>
			<trkpt lat="40.33862" lon="-0.78066">
				<ele>1165.42</ele>
				<time>2026-09-10T14:54:44.517Z</time>
			</trkpt>
			<trkpt lat="40.33842" lon="-0.78077">
				<ele>1166.23</ele>
				<time>2026-09-10T14:54:45.780Z</time>
			</trkpt>
			<trkpt lat="40.33832" lon="-0.78078">
				<ele>1166.54</ele>
				<time>2026-09-10T14:54:46.364Z</time>
			</trkpt>
			<trkpt lat="40.33794" lon="-0.78078">
				<ele>1165.05</ele>
				<time>2026-09-10T14:54:48.576Z</time>
			</trkpt>
			<trkpt lat="40.33783" lon="-0.7808">
				<ele>1164.82</ele>
				<time>2026-09-10T14:54:49.223Z</time>
			</trkpt>
			<trkpt lat="40.33759" lon="-0.78089">
				<ele>1163.57</ele>
				<time>2026-09-10T14:54:50.676Z</time>
			</trkpt>
			<trkpt lat="40.33725" lon="-0.78113">
				<ele>1162.4</ele>
				<time>2026-09-10T14:54:52.924Z</time>
			</trkpt>
			<trkpt lat="40.33631" lon="-0.78186">
				<ele>1157.15</ele>
				<time>2026-09-10T14:54:59.283Z</time>
			</trkpt>
			<trkpt lat="40.33603" lon="-0.78203">
				<ele>1153.73</ele>
				<time>2026-09-10T14:55:01.079Z</time>
			</trkpt>
			<trkpt lat="40.33572" lon="-0.78218">
				<ele>1151.11</ele>
				<time>2026-09-10T14:55:03.003Z</time>
			</trkpt>
			<trkpt lat="40.33559" lon="-0.78221">
				<ele>1150.18</ele>
				<time>2026-09-10T14:55:03.771Z</time>
			</trkpt>
			<trkpt lat="40.33549" lon="-0.7822">
				<ele>1148.88</ele>
				<time>2026-09-10T14:55:04.355Z</time>
			</trkpt>
			<trkpt lat="40.33525" lon="-0.7821">
				<ele>1144.65</ele>
				<time>2026-09-10T14:55:05.821Z</time>
			</trkpt>
			<trkpt lat="40.33512" lon="-0.7821">
				<ele>1142.44</ele>
				<time>2026-09-10T14:55:06.577Z</time>
			</trkpt>
			<trkpt lat="40.33502" lon="-0.78214">
				<ele>1141.27</ele>
				<time>2026-09-10T14:55:07.186Z</time>
			</trkpt>
			<trkpt lat="40.3344" lon="-0.78256">
				<ele>1137.61</ele>
				<time>2026-09-10T14:55:11.247Z</time>
			</trkpt>
			<trkpt lat="40.33426" lon="-0.7827">
				<ele>1136.14</ele>
				<time>2026-09-10T14:55:12.271Z</time>
			</trkpt>
			<trkpt lat="40.33418" lon="-0.78282">
				<ele>1135.89</ele>
				<time>2026-09-10T14:55:12.979Z</time>
			</trkpt>
			<trkpt lat="40.33401" lon="-0.78328">
				<ele>1139.06</ele>
				<time>2026-09-10T14:55:15.247Z</time>
			</trkpt>
			<trkpt lat="40.33394" lon="-0.78343">
				<ele>1138.8</ele>
				<time>2026-09-10T14:55:16.027Z</time>
			</trkpt>
			<trkpt lat="40.33382" lon="-0.78361">
				<ele>1137.65</ele>
				<time>2026-09-10T14:55:17.087Z</time>
			</trkpt>
			<trkpt lat="40.33366" lon="-0.78376">
				<ele>1135.33</ele>
				<time>2026-09-10T14:55:18.232Z</time>
			</trkpt>
			<trkpt lat="40.33294" lon="-0.78434">
				<ele>1135.13</ele>
				<time>2026-09-10T14:55:23.148Z</time>
			</trkpt>
			<trkpt lat="40.33257" lon="-0.78475">
				<ele>1133.9</ele>
				<time>2026-09-10T14:55:25.966Z</time>
			</trkpt>
			<trkpt lat="40.33247" lon="-0.7849">
				<ele>1134.14</ele>
				<time>2026-09-10T14:55:26.850Z</time>
			</trkpt>
			<trkpt lat="40.33212" lon="-0.78561">
				<ele>1137.83</ele>
				<time>2026-09-10T14:55:30.600Z</time>
			</trkpt>
			<trkpt lat="40.3319" lon="-0.786">
				<ele>1136.99</ele>
				<time>2026-09-10T14:55:32.752Z</time>
			</trkpt>
			<trkpt lat="40.3318" lon="-0.78624">
				<ele>1139.33</ele>
				<time>2026-09-10T14:55:33.964Z</time>
			</trkpt>
			<trkpt lat="40.33171" lon="-0.78642">
				<ele>1139.8</ele>
				<time>2026-09-10T14:55:34.919Z</time>
			</trkpt>
			<trkpt lat="40.33162" lon="-0.78652">
				<ele>1139.48</ele>
				<time>2026-09-10T14:55:35.605Z</time>
			</trkpt>
			<trkpt lat="40.33126" lon="-0.78672">
				<ele>1132.6</ele>
				<time>2026-09-10T14:55:37.879Z</time>
			</trkpt>
			<trkpt lat="40.3311" lon="-0.78684">
				<ele>1130.5</ele>
				<time>2026-09-10T14:55:38.951Z</time>
			</trkpt>
			<trkpt lat="40.33093" lon="-0.78704">
				<ele>1128.46</ele>
				<time>2026-09-10T14:55:40.279Z</time>
			</trkpt>
			<trkpt lat="40.33083" lon="-0.78722">
				<ele>1127.95</ele>
				<time>2026-09-10T14:55:41.267Z</time>
			</trkpt>
			<trkpt lat="40.33076" lon="-0.78747">
				<ele>1128.24</ele>
				<time>2026-09-10T14:55:42.448Z</time>
			</trkpt>
			<trkpt lat="40.33072" lon="-0.78772">
				<ele>1127.67</ele>
				<time>2026-09-10T14:55:43.580Z</time>
			</trkpt>
			<trkpt lat="40.33073" lon="-0.78798">
				<ele>1126.96</ele>
				<time>2026-09-10T14:55:44.735Z</time>
			</trkpt>
			<trkpt lat="40.33079" lon="-0.78816">
				<ele>1127.41</ele>
				<time>2026-09-10T14:55:45.606Z</time>
			</trkpt>
			<trkpt lat="40.33108" lon="-0.78875">
				<ele>1133.21</ele>
				<time>2026-09-10T14:55:48.718Z</time>
			</trkpt>
			<trkpt lat="40.33109" lon="-0.78883">
				<ele>1133.12</ele>
				<time>2026-09-10T14:55:49.077Z</time>
			</trkpt>
			<trkpt lat="40.33108" lon="-0.78888">
				<ele>1132.92</ele>
				<time>2026-09-10T14:55:49.306Z</time>
			</trkpt>
			<trkpt lat="40.33103" lon="-0.78894">
				<ele>1133.28</ele>
				<time>2026-09-10T14:55:49.700Z</time>
			</trkpt>
			<trkpt lat="40.33097" lon="-0.78894">
				<ele>1133.37</ele>
				<time>2026-09-10T14:55:50.049Z</time>
			</trkpt>
			<trkpt lat="40.33035" lon="-0.78862">
				<ele>1127.09</ele>
				<time>2026-09-10T14:55:53.923Z</time>
			</trkpt>
			<trkpt lat="40.33022" lon="-0.78859">
				<ele>1126.81</ele>
				<time>2026-09-10T14:55:54.691Z</time>
			</trkpt>
			<trkpt lat="40.33007" lon="-0.78862">
				<ele>1127.78</ele>
				<time>2026-09-10T14:55:55.573Z</time>
			</trkpt>
			<trkpt lat="40.32983" lon="-0.78872">
				<ele>1130.28</ele>
				<time>2026-09-10T14:55:57.037Z</time>
			</trkpt>
			<trkpt lat="40.32969" lon="-0.78881">
				<ele>1131.4</ele>
				<time>2026-09-10T14:55:57.943Z</time>
			</trkpt>
			<trkpt lat="40.32907" lon="-0.78935">
				<ele>1136.7</ele>
				<time>2026-09-10T14:56:02.270Z</time>
			</trkpt>
			<trkpt lat="40.32898" lon="-0.7894">
				<ele>1137.37</ele>
				<time>2026-09-10T14:56:02.838Z</time>
			</trkpt>
			<trkpt lat="40.3287" lon="-0.78951">
				<ele>1136.61</ele>
				<time>2026-09-10T14:56:04.537Z</time>
			</trkpt>
			<trkpt lat="40.32843" lon="-0.78967">
				<ele>1134.38</ele>
				<time>2026-09-10T14:56:06.259Z</time>
			</trkpt>
			<trkpt lat="40.3283" lon="-0.78976">
				<ele>1133.24</ele>
				<time>2026-09-10T14:56:07.114Z</time>
			</trkpt>
			<trkpt lat="40.32796" lon="-0.79009">
				<ele>1132.58</ele>
				<time>2026-09-10T14:56:09.572Z</time>
			</trkpt>
			<trkpt lat="40.32727" lon="-0.79068">
				<ele>1130.81</ele>
				<time>2026-09-10T14:56:14.359Z</time>
			</trkpt>
			<trkpt lat="40.32712" lon="-0.79079">
				<ele>1131.51</ele>
				<time>2026-09-10T14:56:15.358Z</time>
			</trkpt>
			<trkpt lat="40.3267" lon="-0.79103">
				<ele>1137.11</ele>
				<time>2026-09-10T14:56:18.020Z</time>
			</trkpt>
			<trkpt lat="40.32596" lon="-0.79163">
				<ele>1138.61</ele>
				<time>2026-09-10T14:56:23.075Z</time>
			</trkpt>
			<trkpt lat="40.32585" lon="-0.79179">
				<ele>1138.24</ele>
				<time>2026-09-10T14:56:24.029Z</time>
			</trkpt>
			<trkpt lat="40.32568" lon="-0.79214">
				<ele>1140.63</ele>
				<time>2026-09-10T14:56:25.867Z</time>
			</trkpt>
			<trkpt lat="40.32558" lon="-0.79227">
				<ele>1140.83</ele>
				<time>2026-09-10T14:56:26.685Z</time>
			</trkpt>
			<trkpt lat="40.32491" lon="-0.79289">
				<ele>1141.28</ele>
				<time>2026-09-10T14:56:31.448Z</time>
			</trkpt>
			<trkpt lat="40.32467" lon="-0.79324">
				<ele>1140.12</ele>
				<time>2026-09-10T14:56:33.533Z</time>
			</trkpt>
			<trkpt lat="40.32424" lon="-0.79375">
				<ele>1136.21</ele>
				<time>2026-09-10T14:56:36.900Z</time>
			</trkpt>
			<trkpt lat="40.32377" lon="-0.7941">
				<ele>1132.5</ele>
				<time>2026-09-10T14:56:40.038Z</time>
			</trkpt>
			<trkpt lat="40.32363" lon="-0.79424">
				<ele>1131.16</ele>
				<time>2026-09-10T14:56:41.061Z</time>
			</trkpt>
			<trkpt lat="40.32309" lon="-0.79488">
				<ele>1129.22</ele>
				<time>2026-09-10T14:56:45.287Z</time>
			</trkpt>
			<trkpt lat="40.32299" lon="-0.79496">
				<ele>1128.34</ele>
				<time>2026-09-10T14:56:45.967Z</time>
			</trkpt>
			<trkpt lat="40.32278" lon="-0.79503">
				<ele>1125.43</ele>
				<time>2026-09-10T14:56:47.225Z</time>
			</trkpt>
			<trkpt lat="40.32264" lon="-0.79505">
				<ele>1125.75</ele>
				<time>2026-09-10T14:56:48.042Z</time>
			</trkpt>
			<trkpt lat="40.32255" lon="-0.79503">
				<ele>1125.83</ele>
				<time>2026-09-10T14:56:48.572Z</time>
			</trkpt>
			<trkpt lat="40.32249" lon="-0.79498">
				<ele>1125.84</ele>
				<time>2026-09-10T14:56:48.985Z</time>
			</trkpt>
			<trkpt lat="40.32224" lon="-0.79474">
				<ele>1122.32</ele>
				<time>2026-09-10T14:56:50.784Z</time>
			</trkpt>
			<trkpt lat="40.32211" lon="-0.79471">
				<ele>1121.55</ele>
				<time>2026-09-10T14:56:51.550Z</time>
			</trkpt>
			<trkpt lat="40.32203" lon="-0.79474">
				<ele>1121.36</ele>
				<time>2026-09-10T14:56:52.033Z</time>
			</trkpt>
			<trkpt lat="40.32197" lon="-0.79479">
				<ele>1121.13</ele>
				<time>2026-09-10T14:56:52.446Z</time>
			</trkpt>
			<trkpt lat="40.32191" lon="-0.79487">
				<ele>1121.04</ele>
				<time>2026-09-10T14:56:52.942Z</time>
			</trkpt>
			<trkpt lat="40.32189" lon="-0.79496">
				<ele>1121.02</ele>
				<time>2026-09-10T14:56:53.357Z</time>
			</trkpt>
			<trkpt lat="40.32199" lon="-0.79539">
				<ele>1116.82</ele>
				<time>2026-09-10T14:56:55.347Z</time>
			</trkpt>
			<trkpt lat="40.32198" lon="-0.79556">
				<ele>1114.7</ele>
				<time>2026-09-10T14:56:56.101Z</time>
			</trkpt>
			<trkpt lat="40.32193" lon="-0.79593">
				<ele>1110.6</ele>
				<time>2026-09-10T14:56:57.764Z</time>
			</trkpt>
			<trkpt lat="40.32194" lon="-0.79607">
				<ele>1110.21</ele>
				<time>2026-09-10T14:56:58.386Z</time>
			</trkpt>
			<trkpt lat="40.322" lon="-0.79629">
				<ele>1110.12</ele>
				<time>2026-09-10T14:56:59.420Z</time>
			</trkpt>
			<trkpt lat="40.32198" lon="-0.79643">
				<ele>1109.84</ele>
				<time>2026-09-10T14:57:00.050Z</time>
			</trkpt>
			<trkpt lat="40.32194" lon="-0.7965">
				<ele>1110.12</ele>
				<time>2026-09-10T14:57:00.437Z</time>
			</trkpt>
			<trkpt lat="40.32186" lon="-0.79653">
				<ele>1110.05</ele>
				<time>2026-09-10T14:57:00.920Z</time>
			</trkpt>
			<trkpt lat="40.32145" lon="-0.79648">
				<ele>1105.88</ele>
				<time>2026-09-10T14:57:03.310Z</time>
			</trkpt>
			<trkpt lat="40.32134" lon="-0.79648">
				<ele>1104.45</ele>
				<time>2026-09-10T14:57:03.948Z</time>
			</trkpt>
			<trkpt lat="40.32125" lon="-0.79651">
				<ele>1103.2</ele>
				<time>2026-09-10T14:57:04.487Z</time>
			</trkpt>
			<trkpt lat="40.32115" lon="-0.79658">
				<ele>1102.02</ele>
				<time>2026-09-10T14:57:05.145Z</time>
			</trkpt>
			<trkpt lat="40.32104" lon="-0.79673">
				<ele>1100.86</ele>
				<time>2026-09-10T14:57:06.065Z</time>
			</trkpt>
			<trkpt lat="40.32089" lon="-0.79723">
				<ele>1100.59</ele>
				<time>2026-09-10T14:57:08.442Z</time>
			</trkpt>
			<trkpt lat="40.32086" lon="-0.79742">
				<ele>1099.56</ele>
				<time>2026-09-10T14:57:09.301Z</time>
			</trkpt>
			<trkpt lat="40.32087" lon="-0.79761">
				<ele>1099.18</ele>
				<time>2026-09-10T14:57:10.143Z</time>
			</trkpt>
			<trkpt lat="40.32091" lon="-0.79772">
				<ele>1099.35</ele>
				<time>2026-09-10T14:57:10.682Z</time>
			</trkpt>
			<trkpt lat="40.32102" lon="-0.79794">
				<ele>1101.18</ele>
				<time>2026-09-10T14:57:11.846Z</time>
			</trkpt>
			<trkpt lat="40.32112" lon="-0.79823">
				<ele>1102.81</ele>
				<time>2026-09-10T14:57:13.254Z</time>
			</trkpt>
			<trkpt lat="40.32132" lon="-0.79864">
				<ele>1105.58</ele>
				<time>2026-09-10T14:57:15.406Z</time>
			</trkpt>
			<trkpt lat="40.32135" lon="-0.79881">
				<ele>1106.02</ele>
				<time>2026-09-10T14:57:16.178Z</time>
			</trkpt>
			<trkpt lat="40.32136" lon="-0.79947">
				<ele>1108.05</ele>
				<time>2026-09-10T14:57:19.097Z</time>
			</trkpt>
			<trkpt lat="40.32131" lon="-0.80019">
				<ele>1113.21</ele>
				<time>2026-09-10T14:57:22.294Z</time>
			</trkpt>
			<trkpt lat="40.32129" lon="-0.80032">
				<ele>1113.47</ele>
				<time>2026-09-10T14:57:22.880Z</time>
			</trkpt>
			<trkpt lat="40.32103" lon="-0.80095">
				<ele>1106.89</ele>
				<time>2026-09-10T14:57:26.048Z</time>
			</trkpt>
			<trkpt lat="40.32098" lon="-0.80111">
				<ele>1106.1</ele>
				<time>2026-09-10T14:57:26.812Z</time>
			</trkpt>
			<trkpt lat="40.32098" lon="-0.80122">
				<ele>1107.22</ele>
				<time>2026-09-10T14:57:27.298Z</time>
			</trkpt>
			<trkpt lat="40.32103" lon="-0.8015">
				<ele>1111.86</ele>
				<time>2026-09-10T14:57:28.570Z</time>
			</trkpt>
			<trkpt lat="40.32102" lon="-0.80168">
				<ele>1112.9</ele>
				<time>2026-09-10T14:57:29.367Z</time>
			</trkpt>
			<trkpt lat="40.32089" lon="-0.8024">
				<ele>1109.6</ele>
				<time>2026-09-10T14:57:32.638Z</time>
			</trkpt>
			<trkpt lat="40.32083" lon="-0.80289">
				<ele>1110.42</ele>
				<time>2026-09-10T14:57:34.831Z</time>
			</trkpt>
			<trkpt lat="40.3208" lon="-0.80303">
				<ele>1110.32</ele>
				<time>2026-09-10T14:57:35.474Z</time>
			</trkpt>
			<trkpt lat="40.32072" lon="-0.80322">
				<ele>1109.69</ele>
				<time>2026-09-10T14:57:36.433Z</time>
			</trkpt>
			<trkpt lat="40.32049" lon="-0.80362">
				<ele>1108.31</ele>
				<time>2026-09-10T14:57:38.647Z</time>
			</trkpt>
			<trkpt lat="40.32021" lon="-0.80396">
				<ele>1109.3</ele>
				<time>2026-09-10T14:57:40.859Z</time>
			</trkpt>
			<trkpt lat="40.32001" lon="-0.80417">
				<ele>1114.13</ele>
				<time>2026-09-10T14:57:42.343Z</time>
			</trkpt>
			<trkpt lat="40.3199" lon="-0.80425">
				<ele>1114.19</ele>
				<time>2026-09-10T14:57:43.072Z</time>
			</trkpt>
			<trkpt lat="40.3198" lon="-0.80429">
				<ele>1113.57</ele>
				<time>2026-09-10T14:57:43.678Z</time>
			</trkpt>
			<trkpt lat="40.31956" lon="-0.80435">
				<ele>1109.53</ele>
				<time>2026-09-10T14:57:45.094Z</time>
			</trkpt>
			<trkpt lat="40.3192" lon="-0.8046">
				<ele>1101.69</ele>
				<time>2026-09-10T14:57:47.454Z</time>
			</trkpt>
			<trkpt lat="40.31915" lon="-0.80466">
				<ele>1100.29</ele>
				<time>2026-09-10T14:57:47.847Z</time>
			</trkpt>
			<trkpt lat="40.31885" lon="-0.8052">
				<ele>1093.88</ele>
				<time>2026-09-10T14:57:50.798Z</time>
			</trkpt>
			<trkpt lat="40.31881" lon="-0.8052">
				<ele>1093.4</ele>
				<time>2026-09-10T14:57:51.030Z</time>
			</trkpt>
			<trkpt lat="40.31878" lon="-0.80518">
				<ele>1093.13</ele>
				<time>2026-09-10T14:57:51.225Z</time>
			</trkpt>
			<trkpt lat="40.31857" lon="-0.80495">
				<ele>1090.47</ele>
				<time>2026-09-10T14:57:52.810Z</time>
			</trkpt>
			<trkpt lat="40.31853" lon="-0.80494">
				<ele>1089.79</ele>
				<time>2026-09-10T14:57:53.045Z</time>
			</trkpt>
			<trkpt lat="40.3185" lon="-0.80497">
				<ele>1089.44</ele>
				<time>2026-09-10T14:57:53.264Z</time>
			</trkpt>
			<trkpt lat="40.31838" lon="-0.80521">
				<ele>1087.12</ele>
				<time>2026-09-10T14:57:54.531Z</time>
			</trkpt>
			<trkpt lat="40.31837" lon="-0.8053">
				<ele>1086.69</ele>
				<time>2026-09-10T14:57:54.933Z</time>
			</trkpt>
			<trkpt lat="40.31838" lon="-0.80551">
				<ele>1086.6</ele>
				<time>2026-09-10T14:57:55.862Z</time>
			</trkpt>
			<trkpt lat="40.31836" lon="-0.80565">
				<ele>1085.37</ele>
				<time>2026-09-10T14:57:56.491Z</time>
			</trkpt>
			<trkpt lat="40.31807" lon="-0.80607">
				<ele>1083.66</ele>
				<time>2026-09-10T14:57:58.994Z</time>
			</trkpt>
			<trkpt lat="40.3179" lon="-0.80609">
				<ele>1084.84</ele>
				<time>2026-09-10T14:57:59.982Z</time>
			</trkpt>
			<trkpt lat="40.31782" lon="-0.80607">
				<ele>1085.22</ele>
				<time>2026-09-10T14:58:00.454Z</time>
			</trkpt>
			<trkpt lat="40.3176" lon="-0.80598">
				<ele>1084.25</ele>
				<time>2026-09-10T14:58:01.788Z</time>
			</trkpt>
			<trkpt lat="40.31739" lon="-0.80597">
				<ele>1083.08</ele>
				<time>2026-09-10T14:58:03.005Z</time>
			</trkpt>
			<trkpt lat="40.31727" lon="-0.80601">
				<ele>1082.94</ele>
				<time>2026-09-10T14:58:03.722Z</time>
			</trkpt>
			<trkpt lat="40.3171" lon="-0.80612">
				<ele>1083.75</ele>
				<time>2026-09-10T14:58:04.819Z</time>
			</trkpt>
			<trkpt lat="40.31697" lon="-0.80627">
				<ele>1084.06</ele>
				<time>2026-09-10T14:58:05.822Z</time>
			</trkpt>
			<trkpt lat="40.31668" lon="-0.80686">
				<ele>1083.64</ele>
				<time>2026-09-10T14:58:08.921Z</time>
			</trkpt>
			<trkpt lat="40.31664" lon="-0.80688">
				<ele>1083.13</ele>
				<time>2026-09-10T14:58:09.168Z</time>
			</trkpt>
			<trkpt lat="40.31652" lon="-0.80674">
				<ele>1080.32</ele>
				<time>2026-09-10T14:58:10.098Z</time>
			</trkpt>
			<trkpt lat="40.31644" lon="-0.80667">
				<ele>1078.85</ele>
				<time>2026-09-10T14:58:10.655Z</time>
			</trkpt>
			<trkpt lat="40.31622" lon="-0.80655">
				<ele>1078</ele>
				<time>2026-09-10T14:58:12.034Z</time>
			</trkpt>
			<trkpt lat="40.31611" lon="-0.80653">
				<ele>1078.55</ele>
				<time>2026-09-10T14:58:12.676Z</time>
			</trkpt>
			<trkpt lat="40.31593" lon="-0.80658">
				<ele>1078.59</ele>
				<time>2026-09-10T14:58:13.739Z</time>
			</trkpt>
			<trkpt lat="40.31585" lon="-0.80658">
				<ele>1078.87</ele>
				<time>2026-09-10T14:58:14.201Z</time>
			</trkpt>
			<trkpt lat="40.31572" lon="-0.80655">
				<ele>1078.99</ele>
				<time>2026-09-10T14:58:14.962Z</time>
			</trkpt>
			<trkpt lat="40.31566" lon="-0.8065">
				<ele>1079.11</ele>
				<time>2026-09-10T14:58:15.371Z</time>
			</trkpt>
			<trkpt lat="40.31558" lon="-0.80638">
				<ele>1079.3</ele>
				<time>2026-09-10T14:58:16.070Z</time>
			</trkpt>
			<trkpt lat="40.31535" lon="-0.80552">
				<ele>1085.45</ele>
				<time>2026-09-10T14:58:20.053Z</time>
			</trkpt>
			<trkpt lat="40.31516" lon="-0.80514">
				<ele>1088.95</ele>
				<time>2026-09-10T14:58:22.030Z</time>
			</trkpt>
			<trkpt lat="40.31507" lon="-0.805">
				<ele>1086.88</ele>
				<time>2026-09-10T14:58:22.825Z</time>
			</trkpt>
			<trkpt lat="40.31498" lon="-0.80492">
				<ele>1083.77</ele>
				<time>2026-09-10T14:58:23.444Z</time>
			</trkpt>
			<trkpt lat="40.31488" lon="-0.80489">
				<ele>1081.76</ele>
				<time>2026-09-10T14:58:24.026Z</time>
			</trkpt>
			<trkpt lat="40.31466" lon="-0.80493">
				<ele>1079.51</ele>
				<time>2026-09-10T14:58:25.287Z</time>
			</trkpt>
			<trkpt lat="40.31443" lon="-0.805">
				<ele>1083.95</ele>
				<time>2026-09-10T14:58:26.624Z</time>
			</trkpt>
			<trkpt lat="40.31415" lon="-0.80513">
				<ele>1089.58</ele>
				<time>2026-09-10T14:58:28.302Z</time>
			</trkpt>
			<trkpt lat="40.31397" lon="-0.80519">
				<ele>1092.54</ele>
				<time>2026-09-10T14:58:29.349Z</time>
			</trkpt>
			<trkpt lat="40.3139" lon="-0.80519">
				<ele>1093.12</ele>
				<time>2026-09-10T14:58:29.743Z</time>
			</trkpt>
			<trkpt lat="40.31376" lon="-0.80515">
				<ele>1095.52</ele>
				<time>2026-09-10T14:58:30.549Z</time>
			</trkpt>
			<trkpt lat="40.31369" lon="-0.80512">
				<ele>1096.24</ele>
				<time>2026-09-10T14:58:30.963Z</time>
			</trkpt>
			<trkpt lat="40.31336" lon="-0.8048">
				<ele>1097.79</ele>
				<time>2026-09-10T14:58:33.266Z</time>
			</trkpt>
			<trkpt lat="40.31287" lon="-0.80417">
				<ele>1099.2</ele>
				<time>2026-09-10T14:58:37.098Z</time>
			</trkpt>
			<trkpt lat="40.31268" lon="-0.80401">
				<ele>1099.6</ele>
				<time>2026-09-10T14:58:38.354Z</time>
			</trkpt>
			<trkpt lat="40.31252" lon="-0.80395">
				<ele>1098.44</ele>
				<time>2026-09-10T14:58:39.279Z</time>
			</trkpt>
			<trkpt lat="40.31238" lon="-0.80392">
				<ele>1097.45</ele>
				<time>2026-09-10T14:58:40.066Z</time>
			</trkpt>
			<trkpt lat="40.31222" lon="-0.80395">
				<ele>1097.57</ele>
				<time>2026-09-10T14:58:40.962Z</time>
			</trkpt>
			<trkpt lat="40.31161" lon="-0.80411">
				<ele>1094.28</ele>
				<time>2026-09-10T14:58:44.399Z</time>
			</trkpt>
			<trkpt lat="40.31143" lon="-0.80411">
				<ele>1094.12</ele>
				<time>2026-09-10T14:58:45.390Z</time>
			</trkpt>
			<trkpt lat="40.31127" lon="-0.80407">
				<ele>1095.46</ele>
				<time>2026-09-10T14:58:46.286Z</time>
			</trkpt>
			<trkpt lat="40.31111" lon="-0.80398">
				<ele>1097.6</ele>
				<time>2026-09-10T14:58:47.242Z</time>
			</trkpt>
			<trkpt lat="40.31092" lon="-0.80382">
				<ele>1102.97</ele>
				<time>2026-09-10T14:58:48.481Z</time>
			</trkpt>
			<trkpt lat="40.31084" lon="-0.80373">
				<ele>1104.05</ele>
				<time>2026-09-10T14:58:49.058Z</time>
			</trkpt>
			<trkpt lat="40.31047" lon="-0.80323">
				<ele>1104.4</ele>
				<time>2026-09-10T14:58:51.962Z</time>
			</trkpt>
			<trkpt lat="40.31035" lon="-0.80313">
				<ele>1104.57</ele>
				<time>2026-09-10T14:58:52.737Z</time>
			</trkpt>
			<trkpt lat="40.31021" lon="-0.80307">
				<ele>1105.1</ele>
				<time>2026-09-10T14:58:53.539Z</time>
			</trkpt>
			<trkpt lat="40.30974" lon="-0.80294">
				<ele>1117.14</ele>
				<time>2026-09-10T14:58:56.150Z</time>
			</trkpt>
			<trkpt lat="40.30934" lon="-0.80277">
				<ele>1112.74</ele>
				<time>2026-09-10T14:58:58.427Z</time>
			</trkpt>
			<trkpt lat="40.30905" lon="-0.80275">
				<ele>1111.94</ele>
				<time>2026-09-10T14:58:59.996Z</time>
			</trkpt>
			<trkpt lat="40.30733" lon="-0.8028">
				<ele>1111.11</ele>
				<time>2026-09-10T14:59:09.230Z</time>
			</trkpt>
			<trkpt lat="40.30644" lon="-0.80286">
				<ele>1115.32</ele>
				<time>2026-09-10T14:59:13.974Z</time>
			</trkpt>
			<trkpt lat="40.30613" lon="-0.80285">
				<ele>1119.94</ele>
				<time>2026-09-10T14:59:15.618Z</time>
			</trkpt>
			<trkpt lat="40.30543" lon="-0.80276">
				<ele>1115.51</ele>
				<time>2026-09-10T14:59:19.337Z</time>
			</trkpt>
			<trkpt lat="40.30513" lon="-0.80269">
				<ele>1117.52</ele>
				<time>2026-09-10T14:59:20.944Z</time>
			</trkpt>
			<trkpt lat="40.30478" lon="-0.8025">
				<ele>1116.46</ele>
				<time>2026-09-10T14:59:22.937Z</time>
			</trkpt>
			<trkpt lat="40.30181" lon="-0.8">
				<ele>1130.64</ele>
				<time>2026-09-10T14:59:41.327Z</time>
			</trkpt>
			<trkpt lat="40.3017" lon="-0.79989">
				<ele>1131.88</ele>
				<time>2026-09-10T14:59:42.042Z</time>
			</trkpt>
			<trkpt lat="40.30153" lon="-0.79964">
				<ele>1133.53</ele>
				<time>2026-09-10T14:59:43.361Z</time>
			</trkpt>
			<trkpt lat="40.30126" lon="-0.79909">
				<ele>1128.99</ele>
				<time>2026-09-10T14:59:45.932Z</time>
			</trkpt>
			<trkpt lat="40.30075" lon="-0.79821">
				<ele>1127.51</ele>
				<time>2026-09-10T14:59:50.266Z</time>
			</trkpt>
			<trkpt lat="40.30017" lon="-0.7971">
				<ele>1134.97</ele>
				<time>2026-09-10T14:59:55.525Z</time>
			</trkpt>
			<trkpt lat="40.3" lon="-0.79683">
				<ele>1133.9</ele>
				<time>2026-09-10T14:59:56.890Z</time>
			</trkpt>
			<trkpt lat="40.2999" lon="-0.79673">
				<ele>1132.93</ele>
				<time>2026-09-10T14:59:57.533Z</time>
			</trkpt>
			<trkpt lat="40.29983" lon="-0.79668">
				<ele>1132.73</ele>
				<time>2026-09-10T14:59:57.940Z</time>
			</trkpt>
			<trkpt lat="40.29969" lon="-0.79665">
				<ele>1133.89</ele>
				<time>2026-09-10T14:59:58.664Z</time>
			</trkpt>
			<trkpt lat="40.29905" lon="-0.7966">
				<ele>1139.05</ele>
				<time>2026-09-10T15:00:01.935Z</time>
			</trkpt>
			<trkpt lat="40.29857" lon="-0.7965">
				<ele>1140.29</ele>
				<time>2026-09-10T15:00:04.411Z</time>
			</trkpt>
			<trkpt lat="40.29813" lon="-0.79636">
				<ele>1137.42</ele>
				<time>2026-09-10T15:00:06.714Z</time>
			</trkpt>
			<trkpt lat="40.29792" lon="-0.79625">
				<ele>1135.99</ele>
				<time>2026-09-10T15:00:07.863Z</time>
			</trkpt>
			<trkpt lat="40.29733" lon="-0.79579">
				<ele>1139.16</ele>
				<time>2026-09-10T15:00:11.349Z</time>
			</trkpt>
			<trkpt lat="40.29707" lon="-0.79553">
				<ele>1140.29</ele>
				<time>2026-09-10T15:00:13.008Z</time>
			</trkpt>
			<trkpt lat="40.29699" lon="-0.79542">
				<ele>1141.16</ele>
				<time>2026-09-10T15:00:13.596Z</time>
			</trkpt>
			<trkpt lat="40.29682" lon="-0.79507">
				<ele>1144.63</ele>
				<time>2026-09-10T15:00:15.200Z</time>
			</trkpt>
			<trkpt lat="40.29673" lon="-0.79482">
				<ele>1146.51</ele>
				<time>2026-09-10T15:00:16.268Z</time>
			</trkpt>
			<trkpt lat="40.29657" lon="-0.79426">
				<ele>1145.91</ele>
				<time>2026-09-10T15:00:18.577Z</time>
			</trkpt>
			<trkpt lat="40.29653" lon="-0.79417">
				<ele>1145.34</ele>
				<time>2026-09-10T15:00:18.979Z</time>
			</trkpt>
			<trkpt lat="40.29615" lon="-0.79354">
				<ele>1144.59</ele>
				<time>2026-09-10T15:00:22.079Z</time>
			</trkpt>
			<trkpt lat="40.29588" lon="-0.79279">
				<ele>1149.93</ele>
				<time>2026-09-10T15:00:25.276Z</time>
			</trkpt>
			<trkpt lat="40.2958" lon="-0.79265">
				<ele>1150.87</ele>
				<time>2026-09-10T15:00:25.950Z</time>
			</trkpt>
			<trkpt lat="40.29515" lon="-0.79173">
				<ele>1145.65</ele>
				<time>2026-09-10T15:00:30.781Z</time>
			</trkpt>
			<trkpt lat="40.29497" lon="-0.79155">
				<ele>1146.69</ele>
				<time>2026-09-10T15:00:31.924Z</time>
			</trkpt>
			<trkpt lat="40.29473" lon="-0.79144">
				<ele>1147.91</ele>
				<time>2026-09-10T15:00:33.208Z</time>
			</trkpt>
			<trkpt lat="40.2929" lon="-0.79076">
				<ele>1148.21</ele>
				<time>2026-09-10T15:00:42.808Z</time>
			</trkpt>
			<trkpt lat="40.29273" lon="-0.79068">
				<ele>1150.21</ele>
				<time>2026-09-10T15:00:43.720Z</time>
			</trkpt>
			<trkpt lat="40.29248" lon="-0.79046">
				<ele>1152.94</ele>
				<time>2026-09-10T15:00:45.240Z</time>
			</trkpt>
			<trkpt lat="40.29228" lon="-0.79017">
				<ele>1155.78</ele>
				<time>2026-09-10T15:00:46.745Z</time>
			</trkpt>
			<trkpt lat="40.29191" lon="-0.78938">
				<ele>1153.8</ele>
				<time>2026-09-10T15:00:50.317Z</time>
			</trkpt>
			<trkpt lat="40.2918" lon="-0.78907">
				<ele>1158.18</ele>
				<time>2026-09-10T15:00:51.635Z</time>
			</trkpt>
			<trkpt lat="40.29176" lon="-0.78891">
				<ele>1159.96</ele>
				<time>2026-09-10T15:00:52.284Z</time>
			</trkpt>
			<trkpt lat="40.29168" lon="-0.78808">
				<ele>1158.87</ele>
				<time>2026-09-10T15:00:55.510Z</time>
			</trkpt>
			<trkpt lat="40.29162" lon="-0.7879">
				<ele>1158.17</ele>
				<time>2026-09-10T15:00:56.268Z</time>
			</trkpt>
			<trkpt lat="40.29152" lon="-0.78774">
				<ele>1158.05</ele>
				<time>2026-09-10T15:00:57.067Z</time>
			</trkpt>
			<trkpt lat="40.29145" lon="-0.78768">
				<ele>1158.48</ele>
				<time>2026-09-10T15:00:57.490Z</time>
			</trkpt>
			<trkpt lat="40.2913" lon="-0.78761">
				<ele>1159.3</ele>
				<time>2026-09-10T15:00:58.296Z</time>
			</trkpt>
			<trkpt lat="40.29115" lon="-0.78761">
				<ele>1160.53</ele>
				<time>2026-09-10T15:00:59.055Z</time>
			</trkpt>
			<trkpt lat="40.29088" lon="-0.78765">
				<ele>1163.21</ele>
				<time>2026-09-10T15:01:00.432Z</time>
			</trkpt>
			<trkpt lat="40.29074" lon="-0.78765">
				<ele>1164.49</ele>
				<time>2026-09-10T15:01:01.141Z</time>
			</trkpt>
			<trkpt lat="40.29057" lon="-0.78761">
				<ele>1165.72</ele>
				<time>2026-09-10T15:01:02.016Z</time>
			</trkpt>
			<trkpt lat="40.29046" lon="-0.78757">
				<ele>1166.45</ele>
				<time>2026-09-10T15:01:02.595Z</time>
			</trkpt>
			<trkpt lat="40.29024" lon="-0.7874">
				<ele>1167.66</ele>
				<time>2026-09-10T15:01:03.890Z</time>
			</trkpt>
			<trkpt lat="40.2896" lon="-0.78683">
				<ele>1176.58</ele>
				<time>2026-09-10T15:01:07.817Z</time>
			</trkpt>
			<trkpt lat="40.28947" lon="-0.78668">
				<ele>1179.18</ele>
				<time>2026-09-10T15:01:08.697Z</time>
			</trkpt>
			<trkpt lat="40.28919" lon="-0.78615">
				<ele>1180.82</ele>
				<time>2026-09-10T15:01:11.198Z</time>
			</trkpt>
			<trkpt lat="40.28909" lon="-0.78602">
				<ele>1180.11</ele>
				<time>2026-09-10T15:01:11.914Z</time>
			</trkpt>
			<trkpt lat="40.28894" lon="-0.78589">
				<ele>1179.23</ele>
				<time>2026-09-10T15:01:12.830Z</time>
			</trkpt>
			<trkpt lat="40.2886" lon="-0.78569">
				<ele>1179.56</ele>
				<time>2026-09-10T15:01:14.729Z</time>
			</trkpt>
			<trkpt lat="40.28797" lon="-0.78536">
				<ele>1180.56</ele>
				<time>2026-09-10T15:01:18.190Z</time>
			</trkpt>
			<trkpt lat="40.28782" lon="-0.78532">
				<ele>1180.25</ele>
				<time>2026-09-10T15:01:18.972Z</time>
			</trkpt>
			<trkpt lat="40.28712" lon="-0.78529">
				<ele>1182</ele>
				<time>2026-09-10T15:01:22.555Z</time>
			</trkpt>
			<trkpt lat="40.28689" lon="-0.78524">
				<ele>1182.21</ele>
				<time>2026-09-10T15:01:23.749Z</time>
			</trkpt>
			<trkpt lat="40.2866" lon="-0.78512">
				<ele>1181.77</ele>
				<time>2026-09-10T15:01:25.309Z</time>
			</trkpt>
			<trkpt lat="40.28638" lon="-0.78497">
				<ele>1181.21</ele>
				<time>2026-09-10T15:01:26.581Z</time>
			</trkpt>
			<trkpt lat="40.28619" lon="-0.78478">
				<ele>1179.31</ele>
				<time>2026-09-10T15:01:27.809Z</time>
			</trkpt>
			<trkpt lat="40.28602" lon="-0.78456">
				<ele>1177.31</ele>
				<time>2026-09-10T15:01:29.037Z</time>
			</trkpt>
			<trkpt lat="40.28585" lon="-0.78425">
				<ele>1176.12</ele>
				<time>2026-09-10T15:01:30.536Z</time>
			</trkpt>
			<trkpt lat="40.28576" lon="-0.784">
				<ele>1175.2</ele>
				<time>2026-09-10T15:01:31.623Z</time>
			</trkpt>
			<trkpt lat="40.28567" lon="-0.78358">
				<ele>1172.85</ele>
				<time>2026-09-10T15:01:33.339Z</time>
			</trkpt>
			<trkpt lat="40.28547" lon="-0.78241">
				<ele>1177.56</ele>
				<time>2026-09-10T15:01:38.069Z</time>
			</trkpt>
			<trkpt lat="40.28543" lon="-0.78204">
				<ele>1178.32</ele>
				<time>2026-09-10T15:01:39.547Z</time>
			</trkpt>
			<trkpt lat="40.28543" lon="-0.7819">
				<ele>1177.7</ele>
				<time>2026-09-10T15:01:40.101Z</time>
			</trkpt>
			<trkpt lat="40.28547" lon="-0.78165">
				<ele>1176.2</ele>
				<time>2026-09-10T15:01:41.113Z</time>
			</trkpt>
			<trkpt lat="40.28596" lon="-0.78001">
				<ele>1167.68</ele>
				<time>2026-09-10T15:01:48.115Z</time>
			</trkpt>
			<trkpt lat="40.28605" lon="-0.77965">
				<ele>1168.47</ele>
				<time>2026-09-10T15:01:49.627Z</time>
			</trkpt>
			<trkpt lat="40.28609" lon="-0.77935">
				<ele>1165.39</ele>
				<time>2026-09-10T15:01:50.844Z</time>
			</trkpt>
			<trkpt lat="40.28609" lon="-0.77904">
				<ele>1162.23</ele>
				<time>2026-09-10T15:01:52.085Z</time>
			</trkpt>
			<trkpt lat="40.28606" lon="-0.77879">
				<ele>1159.14</ele>
				<time>2026-09-10T15:01:53.099Z</time>
			</trkpt>
			<trkpt lat="40.28602" lon="-0.77864">
				<ele>1157.4</ele>
				<time>2026-09-10T15:01:53.736Z</time>
			</trkpt>
			<trkpt lat="40.28524" lon="-0.77639">
				<ele>1153.06</ele>
				<time>2026-09-10T15:02:03.703Z</time>
			</trkpt>
			<trkpt lat="40.28515" lon="-0.77625">
				<ele>1152.62</ele>
				<time>2026-09-10T15:02:04.446Z</time>
			</trkpt>
			<trkpt lat="40.28501" lon="-0.77609">
				<ele>1151.63</ele>
				<time>2026-09-10T15:02:05.434Z</time>
			</trkpt>
			<trkpt lat="40.28486" lon="-0.77598">
				<ele>1149.58</ele>
				<time>2026-09-10T15:02:06.350Z</time>
			</trkpt>
			<trkpt lat="40.28478" lon="-0.77595">
				<ele>1148.29</ele>
				<time>2026-09-10T15:02:06.794Z</time>
			</trkpt>
			<trkpt lat="40.2846" lon="-0.7759">
				<ele>1144.76</ele>
				<time>2026-09-10T15:02:07.776Z</time>
			</trkpt>
			<trkpt lat="40.28328" lon="-0.77574">
				<ele>1132.84</ele>
				<time>2026-09-10T15:02:14.887Z</time>
			</trkpt>
			<trkpt lat="40.2832" lon="-0.77573">
				<ele>1132.54</ele>
				<time>2026-09-10T15:02:15.320Z</time>
			</trkpt>
			<trkpt lat="40.28304" lon="-0.77566">
				<ele>1131.94</ele>
				<time>2026-09-10T15:02:16.230Z</time>
			</trkpt>
			<trkpt lat="40.28289" lon="-0.77556">
				<ele>1131.41</ele>
				<time>2026-09-10T15:02:17.139Z</time>
			</trkpt>
			<trkpt lat="40.28282" lon="-0.77549">
				<ele>1131.17</ele>
				<time>2026-09-10T15:02:17.615Z</time>
			</trkpt>
			<trkpt lat="40.28266" lon="-0.77526">
				<ele>1129.77</ele>
				<time>2026-09-10T15:02:18.900Z</time>
			</trkpt>
			<trkpt lat="40.28251" lon="-0.77496">
				<ele>1128.08</ele>
				<time>2026-09-10T15:02:20.383Z</time>
			</trkpt>
			<trkpt lat="40.2823" lon="-0.77469">
				<ele>1127.3</ele>
				<time>2026-09-10T15:02:21.981Z</time>
			</trkpt>
			<trkpt lat="40.28215" lon="-0.77457">
				<ele>1126.88</ele>
				<time>2026-09-10T15:02:22.937Z</time>
			</trkpt>
			<trkpt lat="40.28205" lon="-0.77453">
				<ele>1126.83</ele>
				<time>2026-09-10T15:02:23.506Z</time>
			</trkpt>
			<trkpt lat="40.28178" lon="-0.77447">
				<ele>1126.34</ele>
				<time>2026-09-10T15:02:24.999Z</time>
			</trkpt>
			<trkpt lat="40.28162" lon="-0.77448">
				<ele>1125.85</ele>
				<time>2026-09-10T15:02:25.874Z</time>
			</trkpt>
			<trkpt lat="40.27799" lon="-0.77528">
				<ele>1119.21</ele>
				<time>2026-09-10T15:02:46.281Z</time>
			</trkpt>
			<trkpt lat="40.27779" lon="-0.7753">
				<ele>1119.67</ele>
				<time>2026-09-10T15:02:47.411Z</time>
			</trkpt>
			<trkpt lat="40.27763" lon="-0.77529">
				<ele>1118.91</ele>
				<time>2026-09-10T15:02:48.314Z</time>
			</trkpt>
			<trkpt lat="40.27727" lon="-0.7752">
				<ele>1115.98</ele>
				<time>2026-09-10T15:02:50.386Z</time>
			</trkpt>
			<trkpt lat="40.27707" lon="-0.7751">
				<ele>1114.79</ele>
				<time>2026-09-10T15:02:51.599Z</time>
			</trkpt>
			<trkpt lat="40.27685" lon="-0.77497">
				<ele>1114.37</ele>
				<time>2026-09-10T15:02:52.970Z</time>
			</trkpt>
			<trkpt lat="40.27665" lon="-0.77481">
				<ele>1117.01</ele>
				<time>2026-09-10T15:02:54.303Z</time>
			</trkpt>
			<trkpt lat="40.27645" lon="-0.77461">
				<ele>1116.8</ele>
				<time>2026-09-10T15:02:55.737Z</time>
			</trkpt>
			<trkpt lat="40.27627" lon="-0.77437">
				<ele>1115.47</ele>
				<time>2026-09-10T15:02:57.205Z</time>
			</trkpt>
			<trkpt lat="40.27612" lon="-0.77413">
				<ele>1113.31</ele>
				<time>2026-09-10T15:02:58.561Z</time>
			</trkpt>
			<trkpt lat="40.27501" lon="-0.77149">
				<ele>1114.14</ele>
				<time>2026-09-10T15:03:11.888Z</time>
			</trkpt>
			<trkpt lat="40.27496" lon="-0.77128">
				<ele>1113.61</ele>
				<time>2026-09-10T15:03:12.872Z</time>
			</trkpt>
			<trkpt lat="40.27494" lon="-0.77115">
				<ele>1113.21</ele>
				<time>2026-09-10T15:03:13.466Z</time>
			</trkpt>
			<trkpt lat="40.27493" lon="-0.7709">
				<ele>1113.23</ele>
				<time>2026-09-10T15:03:14.589Z</time>
			</trkpt>
			<trkpt lat="40.27503" lon="-0.7694">
				<ele>1116.85</ele>
				<time>2026-09-10T15:03:21.387Z</time>
			</trkpt>
			<trkpt lat="40.27503" lon="-0.769">
				<ele>1115.76</ele>
				<time>2026-09-10T15:03:23.205Z</time>
			</trkpt>
			<trkpt lat="40.27501" lon="-0.76865">
				<ele>1115.91</ele>
				<time>2026-09-10T15:03:24.806Z</time>
			</trkpt>
			<trkpt lat="40.27494" lon="-0.76825">
				<ele>1116.76</ele>
				<time>2026-09-10T15:03:26.683Z</time>
			</trkpt>
			<trkpt lat="40.27483" lon="-0.76776">
				<ele>1116.8</ele>
				<time>2026-09-10T15:03:29.027Z</time>
			</trkpt>
			<trkpt lat="40.27463" lon="-0.76719">
				<ele>1118.76</ele>
				<time>2026-09-10T15:03:31.920Z</time>
			</trkpt>
			<trkpt lat="40.27436" lon="-0.76667">
				<ele>1121.29</ele>
				<time>2026-09-10T15:03:34.834Z</time>
			</trkpt>
			<trkpt lat="40.27406" lon="-0.76623">
				<ele>1121.61</ele>
				<time>2026-09-10T15:03:37.581Z</time>
			</trkpt>
			<trkpt lat="40.27388" lon="-0.76603">
				<ele>1120</ele>
				<time>2026-09-10T15:03:39.027Z</time>
			</trkpt>
			<trkpt lat="40.27365" lon="-0.7658">
				<ele>1115.88</ele>
				<time>2026-09-10T15:03:40.803Z</time>
			</trkpt>
			<trkpt lat="40.2727" lon="-0.76501">
				<ele>1108.43</ele>
				<time>2026-09-10T15:03:47.766Z</time>
			</trkpt>
			<trkpt lat="40.27256" lon="-0.76485">
				<ele>1109.08</ele>
				<time>2026-09-10T15:03:48.923Z</time>
			</trkpt>
			<trkpt lat="40.27236" lon="-0.76452">
				<ele>1109.38</ele>
				<time>2026-09-10T15:03:50.933Z</time>
			</trkpt>
			<trkpt lat="40.2721" lon="-0.76387">
				<ele>1106.45</ele>
				<time>2026-09-10T15:03:54.449Z</time>
			</trkpt>
			<trkpt lat="40.27191" lon="-0.76347">
				<ele>1103.66</ele>
				<time>2026-09-10T15:03:56.718Z</time>
			</trkpt>
			<trkpt lat="40.27141" lon="-0.76263">
				<ele>1101.81</ele>
				<time>2026-09-10T15:04:01.883Z</time>
			</trkpt>
			<trkpt lat="40.27118" lon="-0.76234">
				<ele>1100.23</ele>
				<time>2026-09-10T15:04:03.923Z</time>
			</trkpt>
			<trkpt lat="40.27035" lon="-0.76162">
				<ele>1094.98</ele>
				<time>2026-09-10T15:04:10.335Z</time>
			</trkpt>
			<trkpt lat="40.26996" lon="-0.76119">
				<ele>1092.66</ele>
				<time>2026-09-10T15:04:13.647Z</time>
			</trkpt>
			<trkpt lat="40.26967" lon="-0.76095">
				<ele>1094.93</ele>
				<time>2026-09-10T15:04:15.886Z</time>
			</trkpt>
			<trkpt lat="40.26928" lon="-0.76069">
				<ele>1091.56</ele>
				<time>2026-09-10T15:04:18.756Z</time>
			</trkpt>
			<trkpt lat="40.26919" lon="-0.76061">
				<ele>1090.2</ele>
				<time>2026-09-10T15:04:19.472Z</time>
			</trkpt>
			<trkpt lat="40.26907" lon="-0.76046">
				<ele>1088.09</ele>
				<time>2026-09-10T15:04:20.565Z</time>
			</trkpt>
			<trkpt lat="40.26884" lon="-0.76007">
				<ele>1082.97</ele>
				<time>2026-09-10T15:04:23.052Z</time>
			</trkpt>
			<trkpt lat="40.26871" lon="-0.75992">
				<ele>1083.87</ele>
				<time>2026-09-10T15:04:24.201Z</time>
			</trkpt>
			<trkpt lat="40.26863" lon="-0.75985">
				<ele>1083.94</ele>
				<time>2026-09-10T15:04:24.840Z</time>
			</trkpt>
			<trkpt lat="40.26777" lon="-0.75934">
				<ele>1079.64</ele>
				<time>2026-09-10T15:04:31.151Z</time>
			</trkpt>
			<trkpt lat="40.26732" lon="-0.75896">
				<ele>1079.03</ele>
				<time>2026-09-10T15:04:34.762Z</time>
			</trkpt>
			<trkpt lat="40.26698" lon="-0.75854">
				<ele>1076.05</ele>
				<time>2026-09-10T15:04:37.932Z</time>
			</trkpt>
			<trkpt lat="40.26666" lon="-0.75799">
				<ele>1076.22</ele>
				<time>2026-09-10T15:04:41.535Z</time>
			</trkpt>
			<trkpt lat="40.26647" lon="-0.75755">
				<ele>1072.21</ele>
				<time>2026-09-10T15:04:44.184Z</time>
			</trkpt>
			<trkpt lat="40.26625" lon="-0.75693">
				<ele>1066.93</ele>
				<time>2026-09-10T15:04:47.786Z</time>
			</trkpt>
			<trkpt lat="40.26606" lon="-0.75646">
				<ele>1067</ele>
				<time>2026-09-10T15:04:50.604Z</time>
			</trkpt>
			<trkpt lat="40.26574" lon="-0.75581">
				<ele>1068.26</ele>
				<time>2026-09-10T15:04:54.728Z</time>
			</trkpt>
			<trkpt lat="40.26529" lon="-0.75474">
				<ele>1064.21</ele>
				<time>2026-09-10T15:05:01.303Z</time>
			</trkpt>
			<trkpt lat="40.26417" lon="-0.75187">
				<ele>1064.26</ele>
				<time>2026-09-10T15:05:19.028Z</time>
			</trkpt>
			<trkpt lat="40.26354" lon="-0.74997">
				<ele>1054.26</ele>
				<time>2026-09-10T15:05:30.717Z</time>
			</trkpt>
			<trkpt lat="40.26338" lon="-0.74945">
				<ele>1051.2</ele>
				<time>2026-09-10T15:05:33.922Z</time>
			</trkpt>
			<trkpt lat="40.26324" lon="-0.74911">
				<ele>1051.15</ele>
				<time>2026-09-10T15:05:36.141Z</time>
			</trkpt>
			<trkpt lat="40.26312" lon="-0.74892">
				<ele>1052.75</ele>
				<time>2026-09-10T15:05:37.562Z</time>
			</trkpt>
			<trkpt lat="40.26297" lon="-0.74876">
				<ele>1053.53</ele>
				<time>2026-09-10T15:05:39.026Z</time>
			</trkpt>
			<trkpt lat="40.26227" lon="-0.74819">
				<ele>1059.35</ele>
				<time>2026-09-10T15:05:45.306Z</time>
			</trkpt>
			<trkpt lat="40.26215" lon="-0.74808">
				<ele>1061.97</ele>
				<time>2026-09-10T15:05:46.429Z</time>
			</trkpt>
			<trkpt lat="40.26201" lon="-0.74786">
				<ele>1063.12</ele>
				<time>2026-09-10T15:05:48.109Z</time>
			</trkpt>
			<trkpt lat="40.26191" lon="-0.74763">
				<ele>1063.33</ele>
				<time>2026-09-10T15:05:49.666Z</time>
			</trkpt>
			<trkpt lat="40.2615" lon="-0.74622">
				<ele>1064.68</ele>
				<time>2026-09-10T15:05:58.621Z</time>
			</trkpt>
			<trkpt lat="40.2614" lon="-0.74594">
				<ele>1065.39</ele>
				<time>2026-09-10T15:06:00.473Z</time>
			</trkpt>
			<trkpt lat="40.26085" lon="-0.74586">
				<ele>1064.98</ele>
				<time>2026-09-10T15:06:04.840Z</time>
			</trkpt>
			<trkpt lat="40.26047" lon="-0.74588">
				<ele>1063.36</ele>
				<time>2026-09-10T15:06:07.753Z</time>
			</trkpt>
			<trkpt lat="40.26032" lon="-0.74592">
				<ele>1062.59</ele>
				<time>2026-09-10T15:06:08.846Z</time>
			</trkpt>
			<trkpt lat="40.25999" lon="-0.74606">
				<ele>1061.4</ele>
				<time>2026-09-10T15:06:11.168Z</time>
			</trkpt>
			<trkpt lat="40.25981" lon="-0.74616">
				<ele>1060.82</ele>
				<time>2026-09-10T15:06:12.390Z</time>
			</trkpt>
			<trkpt lat="40.2595" lon="-0.74639">
				<ele>1058.46</ele>
				<time>2026-09-10T15:06:14.472Z</time>
			</trkpt>
			<trkpt lat="40.25935" lon="-0.74652">
				<ele>1057.85</ele>
				<time>2026-09-10T15:06:15.461Z</time>
			</trkpt>
			<trkpt lat="40.25912" lon="-0.74681">
				<ele>1057.56</ele>
				<time>2026-09-10T15:06:17.127Z</time>
			</trkpt>
			<trkpt lat="40.25837" lon="-0.74786">
				<ele>1055.61</ele>
				<time>2026-09-10T15:06:22.253Z</time>
			</trkpt>
			<trkpt lat="40.25705" lon="-0.74962">
				<ele>1058.22</ele>
				<time>2026-09-10T15:06:30.847Z</time>
			</trkpt>
			<trkpt lat="40.25688" lon="-0.74976">
				<ele>1057.94</ele>
				<time>2026-09-10T15:06:31.891Z</time>
			</trkpt>
			<trkpt lat="40.25641" lon="-0.75005">
				<ele>1054.88</ele>
				<time>2026-09-10T15:06:34.809Z</time>
			</trkpt>
			<trkpt lat="40.25593" lon="-0.75029">
				<ele>1052.16</ele>
				<time>2026-09-10T15:06:38.073Z</time>
			</trkpt>
			<trkpt lat="40.25564" lon="-0.75056">
				<ele>1052.11</ele>
				<time>2026-09-10T15:06:40.601Z</time>
			</trkpt>
			<trkpt lat="40.2552" lon="-0.75107">
				<ele>1049.69</ele>
				<time>2026-09-10T15:06:45.338Z</time>
			</trkpt>
			<trkpt lat="40.25498" lon="-0.75122">
				<ele>1047.26</ele>
				<time>2026-09-10T15:06:47.575Z</time>
			</trkpt>
			<trkpt lat="40.25462" lon="-0.75142">
				<ele>1049.65</ele>
				<time>2026-09-10T15:06:51.420Z</time>
			</trkpt>
			<trkpt lat="40.25438" lon="-0.75158">
				<ele>1052.49</ele>
				<time>2026-09-10T15:06:54.313Z</time>
			</trkpt>
			<trkpt lat="40.2542" lon="-0.75177">
				<ele>1052.11</ele>
				<time>2026-09-10T15:06:56.965Z</time>
			</trkpt>
			<trkpt lat="40.25392" lon="-0.75223">
				<ele>1045.39</ele>
				<time>2026-09-10T15:07:02.598Z</time>
			</trkpt>
			<trkpt lat="40.25369" lon="-0.75263">
				<ele>1048.09</ele>
				<time>2026-09-10T15:07:07.927Z</time>
			</trkpt>
			<trkpt lat="40.25354" lon="-0.75284">
				<ele>1047.57</ele>
				<time>2026-09-10T15:07:11.225Z</time>
			</trkpt>
			<trkpt lat="40.25335" lon="-0.75305">
				<ele>1045.79</ele>
				<time>2026-09-10T15:07:15.178Z</time>
			</trkpt>
			<trkpt lat="40.25318" lon="-0.75318">
				<ele>1045.47</ele>
				<time>2026-09-10T15:07:18.480Z</time>
			</trkpt>
			<trkpt lat="40.25308" lon="-0.7532">
				<ele>1047.04</ele>
				<time>2026-09-10T15:07:20.238Z</time>
			</trkpt>
			<trkpt lat="40.25284" lon="-0.75305">
				<ele>1049.32</ele>
				<time>2026-09-10T15:07:25.061Z</time>
			</trkpt>
			<trkpt lat="40.25274" lon="-0.75302">
				<ele>1048.85</ele>
				<time>2026-09-10T15:07:27.002Z</time>
			</trkpt>
			<trkpt lat="40.25244" lon="-0.75302">
				<ele>1046.22</ele>
				<time>2026-09-10T15:07:32.944Z</time>
			</trkpt>
			<trkpt lat="40.25234" lon="-0.75305">
				<ele>1045.19</ele>
				<time>2026-09-10T15:07:35.069Z</time>
			</trkpt>
			<trkpt lat="40.25224" lon="-0.75313">
				<ele>1043.7</ele>
				<time>2026-09-10T15:07:37.555Z</time>
			</trkpt>
			<trkpt lat="40.25179" lon="-0.75352">
				<ele>1038.96</ele>
				<time>2026-09-10T15:07:49.849Z</time>
			</trkpt>
			<trkpt lat="40.2517" lon="-0.75353">
				<ele>1038.77</ele>
				<time>2026-09-10T15:07:52.047Z</time>
			</trkpt>
			<trkpt lat="40.25161" lon="-0.75357">
				<ele>1038.14</ele>
				<time>2026-09-10T15:07:54.405Z</time>
			</trkpt>
			<trkpt lat="40.2517" lon="-0.75353">
				<ele>1038.77</ele>
				<time>2026-09-10T15:07:56.810Z</time>
			</trkpt>
			<trkpt lat="40.25179" lon="-0.75352">
				<ele>1038.96</ele>
				<time>2026-09-10T15:07:59.139Z</time>
			</trkpt>
			<trkpt lat="40.25167" lon="-0.75367">
				<ele>1038.8</ele>
				<time>2026-09-10T15:08:03.527Z</time>
			</trkpt>
			<trkpt lat="40.2511" lon="-0.75423">
				<ele>1033.58</ele>
				<time>2026-09-10T15:08:50.371Z</time>
			</trkpt>
			<trkpt lat="40.25102" lon="-0.75431">
				<ele>1033.86</ele>
				<time>2026-09-10T15:08:51.589Z</time>
			</trkpt>
			<trkpt lat="40.25091" lon="-0.75446">
				<ele>1034.47</ele>
				<time>2026-09-10T15:08:53.506Z</time>
			</trkpt>
			<trkpt lat="40.25057" lon="-0.75496">
				<ele>1039.58</ele>
				<time>2026-09-10T15:08:59.642Z</time>
			</trkpt>
			<trkpt lat="40.25041" lon="-0.75523">
				<ele>1039.8</ele>
				<time>2026-09-10T15:09:02.755Z</time>
			</trkpt>
			<trkpt lat="40.2498" lon="-0.75659">
				<ele>1044.11</ele>
				<time>2026-09-10T15:09:16.945Z</time>
			</trkpt>
			<trkpt lat="40.24957" lon="-0.75697">
				<ele>1041.28</ele>
				<time>2026-09-10T15:09:21.252Z</time>
			</trkpt>
			<trkpt lat="40.24774" lon="-0.75956">
				<ele>1037.28</ele>
				<time>2026-09-10T15:09:51.803Z</time>
			</trkpt>
			<trkpt lat="40.24615" lon="-0.76177">
				<ele>1034.35</ele>
				<time>2026-09-10T15:10:17.007Z</time>
			</trkpt>
			<trkpt lat="40.24551" lon="-0.76263">
				<ele>1035.58</ele>
				<time>2026-09-10T15:10:26.704Z</time>
			</trkpt>
			<trkpt lat="40.24536" lon="-0.76288">
				<ele>1037.82</ele>
				<time>2026-09-10T15:10:29.246Z</time>
			</trkpt>
			<trkpt lat="40.24506" lon="-0.76347">
				<ele>1040.78</ele>
				<time>2026-09-10T15:10:34.875Z</time>
			</trkpt>
			<trkpt lat="40.24483" lon="-0.76387">
				<ele>1041.5</ele>
				<time>2026-09-10T15:10:38.820Z</time>
			</trkpt>
			<trkpt lat="40.24466" lon="-0.76401">
				<ele>1039.78</ele>
				<time>2026-09-10T15:10:40.882Z</time>
			</trkpt>
			<trkpt lat="40.2445" lon="-0.76407">
				<ele>1036.98</ele>
				<time>2026-09-10T15:10:42.586Z</time>
			</trkpt>
			<trkpt lat="40.24352" lon="-0.76427">
				<ele>1033.34</ele>
				<time>2026-09-10T15:10:52.638Z</time>
			</trkpt>
			<trkpt lat="40.24338" lon="-0.76428">
				<ele>1034.83</ele>
				<time>2026-09-10T15:10:54.045Z</time>
			</trkpt>
			<trkpt lat="40.24317" lon="-0.76426">
				<ele>1036.22</ele>
				<time>2026-09-10T15:10:56.152Z</time>
			</trkpt>
			<trkpt lat="40.24262" lon="-0.7641">
				<ele>1038.73</ele>
				<time>2026-09-10T15:11:01.752Z</time>
			</trkpt>
			<trkpt lat="40.24249" lon="-0.76409">
				<ele>1040.25</ele>
				<time>2026-09-10T15:11:03.038Z</time>
			</trkpt>
			<trkpt lat="40.24235" lon="-0.76411">
				<ele>1040.39</ele>
				<time>2026-09-10T15:11:04.426Z</time>
			</trkpt>
			<trkpt lat="40.24222" lon="-0.76416">
				<ele>1040.74</ele>
				<time>2026-09-10T15:11:05.758Z</time>
			</trkpt>
			<trkpt lat="40.242" lon="-0.76429">
				<ele>1040.4</ele>
				<time>2026-09-10T15:11:08.124Z</time>
			</trkpt>
			<trkpt lat="40.24173" lon="-0.76454">
				<ele>1038.64</ele>
				<time>2026-09-10T15:11:11.348Z</time>
			</trkpt>
			<trkpt lat="40.24154" lon="-0.76471">
				<ele>1037.35</ele>
				<time>2026-09-10T15:11:13.580Z</time>
			</trkpt>
			<trkpt lat="40.2413" lon="-0.76481">
				<ele>1037.04</ele>
				<time>2026-09-10T15:11:16.014Z</time>
			</trkpt>
			<trkpt lat="40.24109" lon="-0.76484">
				<ele>1036.49</ele>
				<time>2026-09-10T15:11:18.047Z</time>
			</trkpt>
			<trkpt lat="40.2408" lon="-0.76484">
				<ele>1034.81</ele>
				<time>2026-09-10T15:11:20.826Z</time>
			</trkpt>
			<trkpt lat="40.24016" lon="-0.76471">
				<ele>1033.55</ele>
				<time>2026-09-10T15:11:26.981Z</time>
			</trkpt>
			<trkpt lat="40.23989" lon="-0.76469">
				<ele>1033.42</ele>
				<time>2026-09-10T15:11:29.531Z</time>
			</trkpt>
			<trkpt lat="40.23965" lon="-0.76472">
				<ele>1033.8</ele>
				<time>2026-09-10T15:11:31.793Z</time>
			</trkpt>
			<trkpt lat="40.23914" lon="-0.76489">
				<ele>1030.08</ele>
				<time>2026-09-10T15:11:36.699Z</time>
			</trkpt>
			<trkpt lat="40.23891" lon="-0.7649">
				<ele>1028.34</ele>
				<time>2026-09-10T15:11:38.830Z</time>
			</trkpt>
			<trkpt lat="40.23877" lon="-0.76487">
				<ele>1026.98</ele>
				<time>2026-09-10T15:11:40.139Z</time>
			</trkpt>
			<trkpt lat="40.2381" lon="-0.76462">
				<ele>1021.1</ele>
				<time>2026-09-10T15:11:46.522Z</time>
			</trkpt>
			<trkpt lat="40.23781" lon="-0.76453">
				<ele>1018.83</ele>
				<time>2026-09-10T15:11:49.228Z</time>
			</trkpt>
			<trkpt lat="40.23749" lon="-0.76449">
				<ele>1013.85</ele>
				<time>2026-09-10T15:11:52.131Z</time>
			</trkpt>
			<trkpt lat="40.23704" lon="-0.76456">
				<ele>1014.48</ele>
				<time>2026-09-10T15:11:56.196Z</time>
			</trkpt>
			<trkpt lat="40.23685" lon="-0.76463">
				<ele>1016.03</ele>
				<time>2026-09-10T15:11:57.956Z</time>
			</trkpt>
			<trkpt lat="40.23664" lon="-0.76475">
				<ele>1019.23</ele>
				<time>2026-09-10T15:11:59.991Z</time>
			</trkpt>
			<trkpt lat="40.23645" lon="-0.7649">
				<ele>1021.16</ele>
				<time>2026-09-10T15:12:01.954Z</time>
			</trkpt>
			<trkpt lat="40.23568" lon="-0.76559">
				<ele>1024.44</ele>
				<time>2026-09-10T15:12:10.125Z</time>
			</trkpt>
			<trkpt lat="40.23536" lon="-0.76575">
				<ele>1025.55</ele>
				<time>2026-09-10T15:12:13.091Z</time>
			</trkpt>
			<trkpt lat="40.23498" lon="-0.76584">
				<ele>1026.05</ele>
				<time>2026-09-10T15:12:16.413Z</time>
			</trkpt>
			<trkpt lat="40.23473" lon="-0.76579">
				<ele>1026.64</ele>
				<time>2026-09-10T15:12:18.576Z</time>
			</trkpt>
			<trkpt lat="40.23418" lon="-0.76542">
				<ele>1021.88</ele>
				<time>2026-09-10T15:12:23.823Z</time>
			</trkpt>
			<trkpt lat="40.23213" lon="-0.76574">
				<ele>1013.97</ele>
				<time>2026-09-10T15:12:40.926Z</time>
			</trkpt>
			<trkpt lat="40.23118" lon="-0.76639">
				<ele>1018.6</ele>
				<time>2026-09-10T15:12:49.557Z</time>
			</trkpt>
			<trkpt lat="40.22999" lon="-0.76831">
				<ele>1014.71</ele>
				<time>2026-09-10T15:13:04.358Z</time>
			</trkpt>
			<trkpt lat="40.22873" lon="-0.77016">
				<ele>1016.73</ele>
				<time>2026-09-10T15:13:18.693Z</time>
			</trkpt>
			<trkpt lat="40.22838" lon="-0.77097">
				<ele>1011.18</ele>
				<time>2026-09-10T15:13:23.948Z</time>
			</trkpt>
			<trkpt lat="40.22812" lon="-0.77152">
				<ele>1005.49</ele>
				<time>2026-09-10T15:13:27.561Z</time>
			</trkpt>
			<trkpt lat="40.22738" lon="-0.77239">
				<ele>1005.07</ele>
				<time>2026-09-10T15:13:34.735Z</time>
			</trkpt>
			<trkpt lat="40.22604" lon="-0.77288">
				<ele>1000.38</ele>
				<time>2026-09-10T15:13:44.555Z</time>
			</trkpt>
			<trkpt lat="40.22518" lon="-0.77285">
				<ele>998.38</ele>
				<time>2026-09-10T15:13:50.503Z</time>
			</trkpt>
			<trkpt lat="40.22254" lon="-0.77418">
				<ele>984.7</ele>
				<time>2026-09-10T15:14:09.409Z</time>
			</trkpt>
			<trkpt lat="40.21822" lon="-0.77691">
				<ele>974.85</ele>
				<time>2026-09-10T15:14:39.300Z</time>
			</trkpt>
			<trkpt lat="40.21782" lon="-0.77711">
				<ele>970.73</ele>
				<time>2026-09-10T15:14:41.843Z</time>
			</trkpt>
			<trkpt lat="40.21745" lon="-0.77738">
				<ele>969.63</ele>
				<time>2026-09-10T15:14:44.338Z</time>
			</trkpt>
			<trkpt lat="40.21372" lon="-0.78039">
				<ele>986.04</ele>
				<time>2026-09-10T15:15:09.054Z</time>
			</trkpt>
			<trkpt lat="40.21343" lon="-0.78068">
				<ele>989.29</ele>
				<time>2026-09-10T15:15:11.025Z</time>
			</trkpt>
			<trkpt lat="40.21289" lon="-0.78136">
				<ele>990.4</ele>
				<time>2026-09-10T15:15:15.032Z</time>
			</trkpt>
			<trkpt lat="40.21267" lon="-0.78158">
				<ele>991.23</ele>
				<time>2026-09-10T15:15:16.499Z</time>
			</trkpt>
			<trkpt lat="40.2123" lon="-0.78182">
				<ele>991.63</ele>
				<time>2026-09-10T15:15:18.674Z</time>
			</trkpt>
			<trkpt lat="40.21209" lon="-0.78191">
				<ele>991.76</ele>
				<time>2026-09-10T15:15:19.832Z</time>
			</trkpt>
			<trkpt lat="40.21144" lon="-0.78212">
				<ele>992.94</ele>
				<time>2026-09-10T15:15:23.311Z</time>
			</trkpt>
			<trkpt lat="40.2097" lon="-0.78263">
				<ele>996.53</ele>
				<time>2026-09-10T15:15:32.378Z</time>
			</trkpt>
			<trkpt lat="40.2086" lon="-0.78293">
				<ele>994.84</ele>
				<time>2026-09-10T15:15:37.948Z</time>
			</trkpt>
			<trkpt lat="40.20656" lon="-0.78317">
				<ele>982.56</ele>
				<time>2026-09-10T15:15:47.828Z</time>
			</trkpt>
			<trkpt lat="40.20616" lon="-0.78319">
				<ele>982.62</ele>
				<time>2026-09-10T15:15:49.719Z</time>
			</trkpt>
			<trkpt lat="40.20591" lon="-0.78318">
				<ele>981.77</ele>
				<time>2026-09-10T15:15:50.894Z</time>
			</trkpt>
			<trkpt lat="40.20566" lon="-0.78312">
				<ele>980.75</ele>
				<time>2026-09-10T15:15:52.083Z</time>
			</trkpt>
			<trkpt lat="40.20541" lon="-0.78304">
				<ele>980.89</ele>
				<time>2026-09-10T15:15:53.282Z</time>
			</trkpt>
			<trkpt lat="40.20483" lon="-0.7828">
				<ele>979.48</ele>
				<time>2026-09-10T15:15:56.095Z</time>
			</trkpt>
			<trkpt lat="40.20446" lon="-0.78269">
				<ele>976.21</ele>
				<time>2026-09-10T15:15:57.835Z</time>
			</trkpt>
			<trkpt lat="40.20413" lon="-0.78264">
				<ele>974.88</ele>
				<time>2026-09-10T15:15:59.350Z</time>
			</trkpt>
			<trkpt lat="40.2038" lon="-0.78263">
				<ele>974.31</ele>
				<time>2026-09-10T15:16:00.847Z</time>
			</trkpt>
			<trkpt lat="40.20353" lon="-0.78267">
				<ele>975</ele>
				<time>2026-09-10T15:16:02.073Z</time>
			</trkpt>
			<trkpt lat="40.20326" lon="-0.78274">
				<ele>974.92</ele>
				<time>2026-09-10T15:16:03.309Z</time>
			</trkpt>
			<trkpt lat="40.2029" lon="-0.78287">
				<ele>974.68</ele>
				<time>2026-09-10T15:16:04.978Z</time>
			</trkpt>
			<trkpt lat="40.20063" lon="-0.78383">
				<ele>966.53</ele>
				<time>2026-09-10T15:16:15.406Z</time>
			</trkpt>
			<trkpt lat="40.20038" lon="-0.78391">
				<ele>966.08</ele>
				<time>2026-09-10T15:16:16.508Z</time>
			</trkpt>
			<trkpt lat="40.20016" lon="-0.78395">
				<ele>966.21</ele>
				<time>2026-09-10T15:16:17.456Z</time>
			</trkpt>
			<trkpt lat="40.19983" lon="-0.78398">
				<ele>966.63</ele>
				<time>2026-09-10T15:16:18.861Z</time>
			</trkpt>
			<trkpt lat="40.19818" lon="-0.78397">
				<ele>966.48</ele>
				<time>2026-09-10T15:16:25.764Z</time>
			</trkpt>
			<trkpt lat="40.19768" lon="-0.78392">
				<ele>966.41</ele>
				<time>2026-09-10T15:16:27.829Z</time>
			</trkpt>
			<trkpt lat="40.19731" lon="-0.7838">
				<ele>966.66</ele>
				<time>2026-09-10T15:16:29.388Z</time>
			</trkpt>
			<trkpt lat="40.19672" lon="-0.78347">
				<ele>967.61</ele>
				<time>2026-09-10T15:16:31.993Z</time>
			</trkpt>
			<trkpt lat="40.19505" lon="-0.78238">
				<ele>963.26</ele>
				<time>2026-09-10T15:16:39.437Z</time>
			</trkpt>
			<trkpt lat="40.19485" lon="-0.78223">
				<ele>963.46</ele>
				<time>2026-09-10T15:16:40.343Z</time>
			</trkpt>
			<trkpt lat="40.194" lon="-0.78152">
				<ele>960.13</ele>
				<time>2026-09-10T15:16:44.275Z</time>
			</trkpt>
			<trkpt lat="40.19305" lon="-0.78067">
				<ele>958.59</ele>
				<time>2026-09-10T15:16:48.699Z</time>
			</trkpt>
			<trkpt lat="40.1927" lon="-0.78023">
				<ele>958.15</ele>
				<time>2026-09-10T15:16:50.545Z</time>
			</trkpt>
			<trkpt lat="40.19186" lon="-0.77982">
				<ele>952.15</ele>
				<time>2026-09-10T15:16:53.926Z</time>
			</trkpt>
			<trkpt lat="40.19116" lon="-0.77965">
				<ele>948</ele>
				<time>2026-09-10T15:16:56.586Z</time>
			</trkpt>
			<trkpt lat="40.19045" lon="-0.77972">
				<ele>944.24</ele>
				<time>2026-09-10T15:16:59.224Z</time>
			</trkpt>
			<trkpt lat="40.18888" lon="-0.78012">
				<ele>935.99</ele>
				<time>2026-09-10T15:17:05.073Z</time>
			</trkpt>
			<trkpt lat="40.18729" lon="-0.77996">
				<ele>937.14</ele>
				<time>2026-09-10T15:17:10.806Z</time>
			</trkpt>
			<trkpt lat="40.18505" lon="-0.77913">
				<ele>934</ele>
				<time>2026-09-10T15:17:19.020Z</time>
			</trkpt>
			<trkpt lat="40.18434" lon="-0.779">
				<ele>933.9</ele>
				<time>2026-09-10T15:17:21.516Z</time>
			</trkpt>
			<trkpt lat="40.18286" lon="-0.77889">
				<ele>926.95</ele>
				<time>2026-09-10T15:17:26.632Z</time>
			</trkpt>
			<trkpt lat="40.18203" lon="-0.77881">
				<ele>920.22</ele>
				<time>2026-09-10T15:17:29.479Z</time>
			</trkpt>
			<trkpt lat="40.17977" lon="-0.77871">
				<ele>920.06</ele>
				<time>2026-09-10T15:17:37.141Z</time>
			</trkpt>
			<trkpt lat="40.17885" lon="-0.7786">
				<ele>920.7</ele>
				<time>2026-09-10T15:17:40.244Z</time>
			</trkpt>
			<trkpt lat="40.17722" lon="-0.77771">
				<ele>917.99</ele>
				<time>2026-09-10T15:17:46.139Z</time>
			</trkpt>
			<trkpt lat="40.1746" lon="-0.77618">
				<ele>912.66</ele>
				<time>2026-09-10T15:17:55.643Z</time>
			</trkpt>
			<trkpt lat="40.17356" lon="-0.77551">
				<ele>907.32</ele>
				<time>2026-09-10T15:17:59.467Z</time>
			</trkpt>
			<trkpt lat="40.17196" lon="-0.77527">
				<ele>906</ele>
				<time>2026-09-10T15:18:04.775Z</time>
			</trkpt>
			<trkpt lat="40.16758" lon="-0.77309">
				<ele>877.53</ele>
				<time>2026-09-10T15:18:20.267Z</time>
			</trkpt>
			<trkpt lat="40.1673" lon="-0.77298">
				<ele>878.08</ele>
				<time>2026-09-10T15:18:21.239Z</time>
			</trkpt>
			<trkpt lat="40.16703" lon="-0.77291">
				<ele>877.52</ele>
				<time>2026-09-10T15:18:22.155Z</time>
			</trkpt>
			<trkpt lat="40.16488" lon="-0.77288">
				<ele>874.57</ele>
				<time>2026-09-10T15:18:29.350Z</time>
			</trkpt>
			<trkpt lat="40.16455" lon="-0.77282">
				<ele>875.77</ele>
				<time>2026-09-10T15:18:30.472Z</time>
			</trkpt>
			<trkpt lat="40.16435" lon="-0.77274">
				<ele>875.78</ele>
				<time>2026-09-10T15:18:31.177Z</time>
			</trkpt>
			<trkpt lat="40.16391" lon="-0.77249">
				<ele>872.43</ele>
				<time>2026-09-10T15:18:32.797Z</time>
			</trkpt>
			<trkpt lat="40.16369" lon="-0.77232">
				<ele>869.64</ele>
				<time>2026-09-10T15:18:33.662Z</time>
			</trkpt>
			<trkpt lat="40.16354" lon="-0.77216">
				<ele>868.32</ele>
				<time>2026-09-10T15:18:34.318Z</time>
			</trkpt>
			<trkpt lat="40.16324" lon="-0.77176">
				<ele>865.74</ele>
				<time>2026-09-10T15:18:35.772Z</time>
			</trkpt>
			<trkpt lat="40.16274" lon="-0.77096">
				<ele>861.38</ele>
				<time>2026-09-10T15:18:38.465Z</time>
			</trkpt>
			<trkpt lat="40.16257" lon="-0.77075">
				<ele>860.89</ele>
				<time>2026-09-10T15:18:39.264Z</time>
			</trkpt>
			<trkpt lat="40.16238" lon="-0.77054">
				<ele>859.89</ele>
				<time>2026-09-10T15:18:40.117Z</time>
			</trkpt>
			<trkpt lat="40.16197" lon="-0.77019">
				<ele>856.1</ele>
				<time>2026-09-10T15:18:41.799Z</time>
			</trkpt>
			<trkpt lat="40.16177" lon="-0.77007">
				<ele>855.94</ele>
				<time>2026-09-10T15:18:42.557Z</time>
			</trkpt>
			<trkpt lat="40.16145" lon="-0.76995">
				<ele>850.77</ele>
				<time>2026-09-10T15:18:43.706Z</time>
			</trkpt>
			<trkpt lat="40.16117" lon="-0.76989">
				<ele>847.52</ele>
				<time>2026-09-10T15:18:44.688Z</time>
			</trkpt>
			<trkpt lat="40.16023" lon="-0.76983">
				<ele>848.52</ele>
				<time>2026-09-10T15:18:47.960Z</time>
			</trkpt>
			<trkpt lat="40.15741" lon="-0.7705">
				<ele>852.14</ele>
				<time>2026-09-10T15:18:58.096Z</time>
			</trkpt>
			<trkpt lat="40.15693" lon="-0.77056">
				<ele>851.9</ele>
				<time>2026-09-10T15:18:59.829Z</time>
			</trkpt>
			<trkpt lat="40.15667" lon="-0.77054">
				<ele>849.95</ele>
				<time>2026-09-10T15:19:00.769Z</time>
			</trkpt>
			<trkpt lat="40.15638" lon="-0.77044">
				<ele>846.99</ele>
				<time>2026-09-10T15:19:01.854Z</time>
			</trkpt>
			<trkpt lat="40.15568" lon="-0.77014">
				<ele>850.36</ele>
				<time>2026-09-10T15:19:04.534Z</time>
			</trkpt>
			<trkpt lat="40.15446" lon="-0.76968">
				<ele>859.24</ele>
				<time>2026-09-10T15:19:09.205Z</time>
			</trkpt>
			<trkpt lat="40.15203" lon="-0.7687">
				<ele>860.96</ele>
				<time>2026-09-10T15:19:18.771Z</time>
			</trkpt>
			<trkpt lat="40.15125" lon="-0.76836">
				<ele>863.96</ele>
				<time>2026-09-10T15:19:21.929Z</time>
			</trkpt>
			<trkpt lat="40.15081" lon="-0.76812">
				<ele>863.55</ele>
				<time>2026-09-10T15:19:23.776Z</time>
			</trkpt>
			<trkpt lat="40.15055" lon="-0.76793">
				<ele>864.5</ele>
				<time>2026-09-10T15:19:24.936Z</time>
			</trkpt>
			<trkpt lat="40.15024" lon="-0.76764">
				<ele>866.81</ele>
				<time>2026-09-10T15:19:26.427Z</time>
			</trkpt>
			<trkpt lat="40.14975" lon="-0.76716">
				<ele>870.16</ele>
				<time>2026-09-10T15:19:28.837Z</time>
			</trkpt>
			<trkpt lat="40.14935" lon="-0.7668">
				<ele>873.58</ele>
				<time>2026-09-10T15:19:30.764Z</time>
			</trkpt>
			<trkpt lat="40.14903" lon="-0.76654">
				<ele>876.86</ele>
				<time>2026-09-10T15:19:32.267Z</time>
			</trkpt>
			<trkpt lat="40.14858" lon="-0.76625">
				<ele>877.03</ele>
				<time>2026-09-10T15:19:34.282Z</time>
			</trkpt>
			<trkpt lat="40.14833" lon="-0.76615">
				<ele>877.1</ele>
				<time>2026-09-10T15:19:35.338Z</time>
			</trkpt>
			<trkpt lat="40.14768" lon="-0.76598">
				<ele>877.82</ele>
				<time>2026-09-10T15:19:38.032Z</time>
			</trkpt>
			<trkpt lat="40.14721" lon="-0.76594">
				<ele>875.96</ele>
				<time>2026-09-10T15:19:39.963Z</time>
			</trkpt>
			<trkpt lat="40.14625" lon="-0.76608">
				<ele>872.66</ele>
				<time>2026-09-10T15:19:43.964Z</time>
			</trkpt>
			<trkpt lat="40.14524" lon="-0.76626">
				<ele>867.38</ele>
				<time>2026-09-10T15:19:48.250Z</time>
			</trkpt>
			<trkpt lat="40.1438" lon="-0.76652">
				<ele>869.41</ele>
				<time>2026-09-10T15:19:54.480Z</time>
			</trkpt>
			<trkpt lat="40.1432" lon="-0.76664">
				<ele>872.82</ele>
				<time>2026-09-10T15:19:57.123Z</time>
			</trkpt>
			<trkpt lat="40.14286" lon="-0.76673">
				<ele>871.76</ele>
				<time>2026-09-10T15:19:58.645Z</time>
			</trkpt>
			<trkpt lat="40.14259" lon="-0.76688">
				<ele>871.26</ele>
				<time>2026-09-10T15:19:59.939Z</time>
			</trkpt>
			<trkpt lat="40.14237" lon="-0.76705">
				<ele>870.33</ele>
				<time>2026-09-10T15:20:01.071Z</time>
			</trkpt>
			<trkpt lat="40.1421" lon="-0.76737">
				<ele>868.06</ele>
				<time>2026-09-10T15:20:02.693Z</time>
			</trkpt>
			<trkpt lat="40.1414" lon="-0.76845">
				<ele>870.53</ele>
				<time>2026-09-10T15:20:07.569Z</time>
			</trkpt>
			<trkpt lat="40.14104" lon="-0.76881">
				<ele>867.37</ele>
				<time>2026-09-10T15:20:09.637Z</time>
			</trkpt>
			<trkpt lat="40.14" lon="-0.76965">
				<ele>869.99</ele>
				<time>2026-09-10T15:20:15.291Z</time>
			</trkpt>
			<trkpt lat="40.13956" lon="-0.77007">
				<ele>869.65</ele>
				<time>2026-09-10T15:20:17.848Z</time>
			</trkpt>
			<trkpt lat="40.13917" lon="-0.7705">
				<ele>869.44</ele>
				<time>2026-09-10T15:20:20.264Z</time>
			</trkpt>
			<trkpt lat="40.13837" lon="-0.77146">
				<ele>875.19</ele>
				<time>2026-09-10T15:20:25.478Z</time>
			</trkpt>
			<trkpt lat="40.13755" lon="-0.77239">
				<ele>875.71</ele>
				<time>2026-09-10T15:20:30.787Z</time>
			</trkpt>
			<trkpt lat="40.13734" lon="-0.7726">
				<ele>874.67</ele>
				<time>2026-09-10T15:20:32.096Z</time>
			</trkpt>
			<trkpt lat="40.13712" lon="-0.77279">
				<ele>876.05</ele>
				<time>2026-09-10T15:20:33.407Z</time>
			</trkpt>
			<trkpt lat="40.13653" lon="-0.77321">
				<ele>883.28</ele>
				<time>2026-09-10T15:20:36.774Z</time>
			</trkpt>
			<trkpt lat="40.13566" lon="-0.77372">
				<ele>885.93</ele>
				<time>2026-09-10T15:20:41.622Z</time>
			</trkpt>
			<trkpt lat="40.13546" lon="-0.77392">
				<ele>887.18</ele>
				<time>2026-09-10T15:20:42.916Z</time>
			</trkpt>
			<trkpt lat="40.13533" lon="-0.77424">
				<ele>889.56</ele>
				<time>2026-09-10T15:20:44.347Z</time>
			</trkpt>
			<trkpt lat="40.13534" lon="-0.77437">
				<ele>890.61</ele>
				<time>2026-09-10T15:20:44.864Z</time>
			</trkpt>
			<trkpt lat="40.13532" lon="-0.7745">
				<ele>891.83</ele>
				<time>2026-09-10T15:20:45.391Z</time>
			</trkpt>
			<trkpt lat="40.13528" lon="-0.77461">
				<ele>893.14</ele>
				<time>2026-09-10T15:20:45.875Z</time>
			</trkpt>
			<trkpt lat="40.1352" lon="-0.77474">
				<ele>894.32</ele>
				<time>2026-09-10T15:20:46.539Z</time>
			</trkpt>
			<trkpt lat="40.13509" lon="-0.77482">
				<ele>895.22</ele>
				<time>2026-09-10T15:20:47.197Z</time>
			</trkpt>
			<trkpt lat="40.13497" lon="-0.77486">
				<ele>896.09</ele>
				<time>2026-09-10T15:20:47.845Z</time>
			</trkpt>
			<trkpt lat="40.13484" lon="-0.77485">
				<ele>896.66</ele>
				<time>2026-09-10T15:20:48.527Z</time>
			</trkpt>
			<trkpt lat="40.13473" lon="-0.77479">
				<ele>896.63</ele>
				<time>2026-09-10T15:20:49.150Z</time>
			</trkpt>
			<trkpt lat="40.13463" lon="-0.77469">
				<ele>895.71</ele>
				<time>2026-09-10T15:20:49.806Z</time>
			</trkpt>
			<trkpt lat="40.13456" lon="-0.77455">
				<ele>894.73</ele>
				<time>2026-09-10T15:20:50.471Z</time>
			</trkpt>
			<trkpt lat="40.13453" lon="-0.77439">
				<ele>893.6</ele>
				<time>2026-09-10T15:20:51.124Z</time>
			</trkpt>
			<trkpt lat="40.13435" lon="-0.77421">
				<ele>892.4</ele>
				<time>2026-09-10T15:20:52.294Z</time>
			</trkpt>
			<trkpt lat="40.13413" lon="-0.7741">
				<ele>891.71</ele>
				<time>2026-09-10T15:20:53.505Z</time>
			</trkpt>
			<trkpt lat="40.133" lon="-0.77392">
				<ele>890.59</ele>
				<time>2026-09-10T15:20:59.306Z</time>
			</trkpt>
			<trkpt lat="40.13239" lon="-0.77393">
				<ele>892.7</ele>
				<time>2026-09-10T15:21:02.398Z</time>
			</trkpt>
			<trkpt lat="40.13202" lon="-0.77397">
				<ele>892.89</ele>
				<time>2026-09-10T15:21:04.280Z</time>
			</trkpt>
			<trkpt lat="40.13179" lon="-0.77404">
				<ele>892.74</ele>
				<time>2026-09-10T15:21:05.479Z</time>
			</trkpt>
			<trkpt lat="40.13162" lon="-0.77412">
				<ele>892.5</ele>
				<time>2026-09-10T15:21:06.398Z</time>
			</trkpt>
			<trkpt lat="40.13148" lon="-0.77422">
				<ele>892.66</ele>
				<time>2026-09-10T15:21:07.211Z</time>
			</trkpt>
			<trkpt lat="40.13138" lon="-0.77416">
				<ele>893.07</ele>
				<time>2026-09-10T15:21:07.772Z</time>
			</trkpt>
			<trkpt lat="40.13135" lon="-0.77409">
				<ele>893.68</ele>
				<time>2026-09-10T15:21:08.086Z</time>
			</trkpt>
			<trkpt lat="40.13131" lon="-0.77383">
				<ele>895.66</ele>
				<time>2026-09-10T15:21:09.124Z</time>
			</trkpt>
			<trkpt lat="40.1312" lon="-0.77367">
				<ele>896.74</ele>
				<time>2026-09-10T15:21:09.968Z</time>
			</trkpt>
			<trkpt lat="40.13075" lon="-0.7733">
				<ele>899.63</ele>
				<time>2026-09-10T15:21:12.689Z</time>
			</trkpt>
			<trkpt lat="40.13018" lon="-0.7727">
				<ele>907.34</ele>
				<time>2026-09-10T15:21:16.330Z</time>
			</trkpt>
			<trkpt lat="40.13003" lon="-0.77257">
				<ele>910.55</ele>
				<time>2026-09-10T15:21:17.218Z</time>
			</trkpt>
			<trkpt lat="40.12972" lon="-0.77238">
				<ele>914.2</ele>
				<time>2026-09-10T15:21:18.909Z</time>
			</trkpt>
			<trkpt lat="40.12873" lon="-0.77196">
				<ele>915.39</ele>
				<time>2026-09-10T15:21:24.194Z</time>
			</trkpt>
			<trkpt lat="40.12855" lon="-0.77191">
				<ele>916.86</ele>
				<time>2026-09-10T15:21:25.170Z</time>
			</trkpt>
			<trkpt lat="40.12832" lon="-0.77195">
				<ele>916.9</ele>
				<time>2026-09-10T15:21:26.426Z</time>
			</trkpt>
			<trkpt lat="40.12825" lon="-0.77204">
				<ele>915.44</ele>
				<time>2026-09-10T15:21:26.967Z</time>
			</trkpt>
			<trkpt lat="40.12818" lon="-0.77221">
				<ele>913.17</ele>
				<time>2026-09-10T15:21:27.791Z</time>
			</trkpt>
			<trkpt lat="40.1289" lon="-0.77376">
				<ele>914.39</ele>
				<time>2026-09-10T15:21:36.326Z</time>
			</trkpt>
			<trkpt lat="40.12905" lon="-0.77423">
				<ele>918.15</ele>
				<time>2026-09-10T15:21:38.745Z</time>
			</trkpt>
			<trkpt lat="40.12915" lon="-0.77458">
				<ele>922.04</ele>
				<time>2026-09-10T15:21:40.510Z</time>
			</trkpt>
			<trkpt lat="40.12922" lon="-0.77496">
				<ele>924.14</ele>
				<time>2026-09-10T15:21:42.350Z</time>
			</trkpt>
			<trkpt lat="40.12922" lon="-0.77547">
				<ele>924.03</ele>
				<time>2026-09-10T15:21:44.739Z</time>
			</trkpt>
			<trkpt lat="40.12912" lon="-0.77592">
				<ele>924.89</ele>
				<time>2026-09-10T15:21:46.923Z</time>
			</trkpt>
			<trkpt lat="40.12891" lon="-0.77635">
				<ele>931.19</ele>
				<time>2026-09-10T15:21:49.289Z</time>
			</trkpt>
			<trkpt lat="40.12874" lon="-0.77658">
				<ele>932.88</ele>
				<time>2026-09-10T15:21:50.766Z</time>
			</trkpt>
			<trkpt lat="40.12845" lon="-0.77684">
				<ele>933.16</ele>
				<time>2026-09-10T15:21:52.882Z</time>
			</trkpt>
			<trkpt lat="40.12811" lon="-0.77705">
				<ele>934.91</ele>
				<time>2026-09-10T15:21:55.133Z</time>
			</trkpt>
			<trkpt lat="40.12755" lon="-0.77729">
				<ele>931.28</ele>
				<time>2026-09-10T15:21:58.642Z</time>
			</trkpt>
			<trkpt lat="40.12613" lon="-0.77779">
				<ele>930.94</ele>
				<time>2026-09-10T15:22:07.289Z</time>
			</trkpt>
			<trkpt lat="40.12586" lon="-0.77795">
				<ele>928.98</ele>
				<time>2026-09-10T15:22:09.015Z</time>
			</trkpt>
			<trkpt lat="40.12562" lon="-0.77821">
				<ele>927.47</ele>
				<time>2026-09-10T15:22:10.823Z</time>
			</trkpt>
			<trkpt lat="40.12543" lon="-0.77853">
				<ele>927.24</ele>
				<time>2026-09-10T15:22:12.614Z</time>
			</trkpt>
			<trkpt lat="40.12533" lon="-0.77887">
				<ele>925.24</ele>
				<time>2026-09-10T15:22:14.220Z</time>
			</trkpt>
			<trkpt lat="40.12529" lon="-0.77923">
				<ele>925.21</ele>
				<time>2026-09-10T15:22:15.819Z</time>
			</trkpt>
			<trkpt lat="40.12531" lon="-0.77959">
				<ele>927.55</ele>
				<time>2026-09-10T15:22:17.401Z</time>
			</trkpt>
			<trkpt lat="40.12541" lon="-0.77995">
				<ele>930.21</ele>
				<time>2026-09-10T15:22:19.075Z</time>
			</trkpt>
			<trkpt lat="40.12561" lon="-0.78034">
				<ele>932.25</ele>
				<time>2026-09-10T15:22:21.120Z</time>
			</trkpt>
			<trkpt lat="40.12589" lon="-0.78063">
				<ele>935.94</ele>
				<time>2026-09-10T15:22:23.148Z</time>
			</trkpt>
			<trkpt lat="40.1265" lon="-0.7811">
				<ele>939.29</ele>
				<time>2026-09-10T15:22:27.149Z</time>
			</trkpt>
			<trkpt lat="40.12677" lon="-0.78138">
				<ele>943.24</ele>
				<time>2026-09-10T15:22:29.087Z</time>
			</trkpt>
			<trkpt lat="40.12694" lon="-0.78161">
				<ele>947.05</ele>
				<time>2026-09-10T15:22:30.459Z</time>
			</trkpt>
			<trkpt lat="40.1271" lon="-0.78195">
				<ele>949.3</ele>
				<time>2026-09-10T15:22:32.168Z</time>
			</trkpt>
			<trkpt lat="40.12719" lon="-0.7823">
				<ele>949.34</ele>
				<time>2026-09-10T15:22:33.744Z</time>
			</trkpt>
			<trkpt lat="40.12722" lon="-0.78266">
				<ele>952.56</ele>
				<time>2026-09-10T15:22:35.287Z</time>
			</trkpt>
			<trkpt lat="40.12719" lon="-0.78306">
				<ele>956.28</ele>
				<time>2026-09-10T15:22:36.995Z</time>
			</trkpt>
			<trkpt lat="40.12709" lon="-0.78344">
				<ele>954.7</ele>
				<time>2026-09-10T15:22:38.700Z</time>
			</trkpt>
			<trkpt lat="40.12694" lon="-0.78376">
				<ele>952.86</ele>
				<time>2026-09-10T15:22:40.288Z</time>
			</trkpt>
			<trkpt lat="40.12674" lon="-0.78404">
				<ele>949.11</ele>
				<time>2026-09-10T15:22:41.907Z</time>
			</trkpt>
			<trkpt lat="40.12648" lon="-0.78427">
				<ele>946.88</ele>
				<time>2026-09-10T15:22:43.637Z</time>
			</trkpt>
			<trkpt lat="40.1262" lon="-0.78444">
				<ele>947.09</ele>
				<time>2026-09-10T15:22:45.335Z</time>
			</trkpt>
			<trkpt lat="40.12592" lon="-0.78457">
				<ele>947.63</ele>
				<time>2026-09-10T15:22:46.967Z</time>
			</trkpt>
			<trkpt lat="40.12427" lon="-0.78509">
				<ele>951.89</ele>
				<time>2026-09-10T15:22:56.234Z</time>
			</trkpt>
			<trkpt lat="40.1241" lon="-0.78517">
				<ele>950.11</ele>
				<time>2026-09-10T15:22:57.216Z</time>
			</trkpt>
			<trkpt lat="40.12395" lon="-0.78526">
				<ele>949</ele>
				<time>2026-09-10T15:22:58.112Z</time>
			</trkpt>
			<trkpt lat="40.12369" lon="-0.78553">
				<ele>944.7</ele>
				<time>2026-09-10T15:22:59.913Z</time>
			</trkpt>
			<trkpt lat="40.12352" lon="-0.78582">
				<ele>945.82</ele>
				<time>2026-09-10T15:23:01.427Z</time>
			</trkpt>
			<trkpt lat="40.12343" lon="-0.7861">
				<ele>947.2</ele>
				<time>2026-09-10T15:23:02.684Z</time>
			</trkpt>
			<trkpt lat="40.12341" lon="-0.78622">
				<ele>947</ele>
				<time>2026-09-10T15:23:03.192Z</time>
			</trkpt>
			<trkpt lat="40.12339" lon="-0.78654">
				<ele>945.88</ele>
				<time>2026-09-10T15:23:04.519Z</time>
			</trkpt>
			<trkpt lat="40.1234" lon="-0.78669">
				<ele>945.15</ele>
				<time>2026-09-10T15:23:05.141Z</time>
			</trkpt>
			<trkpt lat="40.12344" lon="-0.78691">
				<ele>943.93</ele>
				<time>2026-09-10T15:23:06.075Z</time>
			</trkpt>
			<trkpt lat="40.12357" lon="-0.78732">
				<ele>942.98</ele>
				<time>2026-09-10T15:23:07.906Z</time>
			</trkpt>
			<trkpt lat="40.12472" lon="-0.79039">
				<ele>931.42</ele>
				<time>2026-09-10T15:23:21.966Z</time>
			</trkpt>
			<trkpt lat="40.12596" lon="-0.79361">
				<ele>943.9</ele>
				<time>2026-09-10T15:23:36.772Z</time>
			</trkpt>
			<trkpt lat="40.12623" lon="-0.79425">
				<ele>948.98</ele>
				<time>2026-09-10T15:23:39.779Z</time>
			</trkpt>
			<trkpt lat="40.12639" lon="-0.79456">
				<ele>951.29</ele>
				<time>2026-09-10T15:23:41.319Z</time>
			</trkpt>
			<trkpt lat="40.12669" lon="-0.79505">
				<ele>950.07</ele>
				<time>2026-09-10T15:23:43.907Z</time>
			</trkpt>
			<trkpt lat="40.12697" lon="-0.79544">
				<ele>951.62</ele>
				<time>2026-09-10T15:23:46.115Z</time>
			</trkpt>
			<trkpt lat="40.1272" lon="-0.79571">
				<ele>953.51</ele>
				<time>2026-09-10T15:23:47.785Z</time>
			</trkpt>
			<trkpt lat="40.12755" lon="-0.79607">
				<ele>955.19</ele>
				<time>2026-09-10T15:23:50.194Z</time>
			</trkpt>
			<trkpt lat="40.13121" lon="-0.79933">
				<ele>961.22</ele>
				<time>2026-09-10T15:24:14.446Z</time>
			</trkpt>
			<trkpt lat="40.13282" lon="-0.80075">
				<ele>960.05</ele>
				<time>2026-09-10T15:24:25.313Z</time>
			</trkpt>
			<trkpt lat="40.1332" lon="-0.80101">
				<ele>960.8</ele>
				<time>2026-09-10T15:24:27.737Z</time>
			</trkpt>
			<trkpt lat="40.13345" lon="-0.80112">
				<ele>960.56</ele>
				<time>2026-09-10T15:24:29.232Z</time>
			</trkpt>
			<trkpt lat="40.13377" lon="-0.80121">
				<ele>958.85</ele>
				<time>2026-09-10T15:24:31.093Z</time>
			</trkpt>
			<trkpt lat="40.13428" lon="-0.80123">
				<ele>953.84</ele>
				<time>2026-09-10T15:24:34.007Z</time>
			</trkpt>
			<trkpt lat="40.13454" lon="-0.80118">
				<ele>951.02</ele>
				<time>2026-09-10T15:24:35.513Z</time>
			</trkpt>
			<trkpt lat="40.13476" lon="-0.8011">
				<ele>949.02</ele>
				<time>2026-09-10T15:24:36.825Z</time>
			</trkpt>
			<trkpt lat="40.13502" lon="-0.80097">
				<ele>949.58</ele>
				<time>2026-09-10T15:24:38.428Z</time>
			</trkpt>
			<trkpt lat="40.13529" lon="-0.80078">
				<ele>951.65</ele>
				<time>2026-09-10T15:24:40.200Z</time>
			</trkpt>
			<trkpt lat="40.13592" lon="-0.80017">
				<ele>938.35</ele>
				<time>2026-09-10T15:24:44.756Z</time>
			</trkpt>
			<trkpt lat="40.13621" lon="-0.79992">
				<ele>936.78</ele>
				<time>2026-09-10T15:24:46.787Z</time>
			</trkpt>
			<trkpt lat="40.13644" lon="-0.79977">
				<ele>933.75</ele>
				<time>2026-09-10T15:24:48.296Z</time>
			</trkpt>
			<trkpt lat="40.13681" lon="-0.79959">
				<ele>930.66</ele>
				<time>2026-09-10T15:24:50.622Z</time>
			</trkpt>
			<trkpt lat="40.13712" lon="-0.79953">
				<ele>931.84</ele>
				<time>2026-09-10T15:24:52.476Z</time>
			</trkpt>
			<trkpt lat="40.13743" lon="-0.79951">
				<ele>933.8</ele>
				<time>2026-09-10T15:24:54.319Z</time>
			</trkpt>
			<trkpt lat="40.13766" lon="-0.79953">
				<ele>933.99</ele>
				<time>2026-09-10T15:24:55.693Z</time>
			</trkpt>
			<trkpt lat="40.13793" lon="-0.79959">
				<ele>932.62</ele>
				<time>2026-09-10T15:24:57.330Z</time>
			</trkpt>
			<trkpt lat="40.13826" lon="-0.79974">
				<ele>933.46</ele>
				<time>2026-09-10T15:24:59.426Z</time>
			</trkpt>
			<trkpt lat="40.13851" lon="-0.79991">
				<ele>935.1</ele>
				<time>2026-09-10T15:25:01.124Z</time>
			</trkpt>
			<trkpt lat="40.13888" lon="-0.80021">
				<ele>940</ele>
				<time>2026-09-10T15:25:03.759Z</time>
			</trkpt>
			<trkpt lat="40.13964" lon="-0.8009">
				<ele>945.66</ele>
				<time>2026-09-10T15:25:09.411Z</time>
			</trkpt>
			<trkpt lat="40.13983" lon="-0.80113">
				<ele>944.97</ele>
				<time>2026-09-10T15:25:11.005Z</time>
			</trkpt>
			<trkpt lat="40.13995" lon="-0.80131">
				<ele>943.05</ele>
				<time>2026-09-10T15:25:12.133Z</time>
			</trkpt>
			<trkpt lat="40.14014" lon="-0.80166">
				<ele>943.65</ele>
				<time>2026-09-10T15:25:14.167Z</time>
			</trkpt>
			<trkpt lat="40.1403" lon="-0.80206">
				<ele>946.49</ele>
				<time>2026-09-10T15:25:16.317Z</time>
			</trkpt>
			<trkpt lat="40.14041" lon="-0.80255">
				<ele>950.84</ele>
				<time>2026-09-10T15:25:18.761Z</time>
			</trkpt>
			<trkpt lat="40.14062" lon="-0.8043">
				<ele>961.91</ele>
				<time>2026-09-10T15:25:27.351Z</time>
			</trkpt>
			<trkpt lat="40.14069" lon="-0.80467">
				<ele>961.98</ele>
				<time>2026-09-10T15:25:29.222Z</time>
			</trkpt>
			<trkpt lat="40.14085" lon="-0.80528">
				<ele>965.2</ele>
				<time>2026-09-10T15:25:32.408Z</time>
			</trkpt>
			<trkpt lat="40.14102" lon="-0.80573">
				<ele>969.26</ele>
				<time>2026-09-10T15:25:34.904Z</time>
			</trkpt>
			<trkpt lat="40.14114" lon="-0.80599">
				<ele>969.55</ele>
				<time>2026-09-10T15:25:36.421Z</time>
			</trkpt>
			<trkpt lat="40.14147" lon="-0.80662">
				<ele>972.16</ele>
				<time>2026-09-10T15:25:40.263Z</time>
			</trkpt>
			<trkpt lat="40.1421" lon="-0.80773">
				<ele>973</ele>
				<time>2026-09-10T15:25:47.310Z</time>
			</trkpt>
			<trkpt lat="40.14218" lon="-0.80795">
				<ele>973.51</ele>
				<time>2026-09-10T15:25:48.564Z</time>
			</trkpt>
			<trkpt lat="40.14224" lon="-0.80804">
				<ele>974.02</ele>
				<time>2026-09-10T15:25:49.181Z</time>
			</trkpt>
			<trkpt lat="40.1423" lon="-0.80807">
				<ele>974.29</ele>
				<time>2026-09-10T15:25:49.615Z</time>
			</trkpt>
			<trkpt lat="40.14234" lon="-0.80812">
				<ele>974.44</ele>
				<time>2026-09-10T15:25:49.989Z</time>
			</trkpt>
			<trkpt lat="40.14236" lon="-0.80821">
				<ele>974.52</ele>
				<time>2026-09-10T15:25:50.475Z</time>
			</trkpt>
			<trkpt lat="40.14235" lon="-0.8083">
				<ele>974.46</ele>
				<time>2026-09-10T15:25:50.946Z</time>
			</trkpt>
			<trkpt lat="40.14245" lon="-0.80849">
				<ele>975.32</ele>
				<time>2026-09-10T15:25:52.145Z</time>
			</trkpt>
			<trkpt lat="40.14256" lon="-0.80859">
				<ele>976.17</ele>
				<time>2026-09-10T15:25:53.058Z</time>
			</trkpt>
			<trkpt lat="40.14266" lon="-0.80874">
				<ele>976.77</ele>
				<time>2026-09-10T15:25:54.097Z</time>
			</trkpt>
			<trkpt lat="40.14313" lon="-0.80962">
				<ele>976.83</ele>
				<time>2026-09-10T15:25:59.560Z</time>
			</trkpt>
			<trkpt lat="40.1438" lon="-0.81082">
				<ele>977.34</ele>
				<time>2026-09-10T15:26:06.902Z</time>
			</trkpt>
			<trkpt lat="40.14427" lon="-0.81172">
				<ele>973.84</ele>
				<time>2026-09-10T15:26:12.655Z</time>
			</trkpt>
			<trkpt lat="40.14442" lon="-0.81208">
				<ele>973</ele>
				<time>2026-09-10T15:26:14.996Z</time>
			</trkpt>
			<trkpt lat="40.14451" lon="-0.81237">
				<ele>973.13</ele>
				<time>2026-09-10T15:26:16.870Z</time>
			</trkpt>
			<trkpt lat="40.14464" lon="-0.81289">
				<ele>974</ele>
				<time>2026-09-10T15:26:20.356Z</time>
			</trkpt>
			<trkpt lat="40.14471" lon="-0.81329">
				<ele>975.77</ele>
				<time>2026-09-10T15:26:23.174Z</time>
			</trkpt>
			<trkpt lat="40.1444" lon="-0.81329">
				<ele>974.63</ele>
				<time>2026-09-10T15:26:26.153Z</time>
			</trkpt>
			<trkpt lat="40.14391" lon="-0.81333">
				<ele>975.83</ele>
				<time>2026-09-10T15:26:31.318Z</time>
			</trkpt>
			<trkpt lat="40.14356" lon="-0.81332">
				<ele>974.91</ele>
				<time>2026-09-10T15:26:35.675Z</time>
			</trkpt>
			<trkpt lat="40.14303" lon="-0.81339">
				<ele>978.06</ele>
				<time>2026-09-10T15:26:44.068Z</time>
			</trkpt>
			<trkpt lat="40.14273" lon="-0.81356">
				<ele>978.8</ele>
				<time>2026-09-10T15:26:50.096Z</time>
			</trkpt>
			<trkpt lat="40.1425" lon="-0.81372">
				<ele>978.39</ele>
				<time>2026-09-10T15:26:55.286Z</time>
			</trkpt>
			<trkpt lat="40.14214" lon="-0.81402">
				<ele>980.03</ele>
				<time>2026-09-10T15:27:04.376Z</time>
			</trkpt>
			<trkpt lat="40.14172" lon="-0.81441">
				<ele>985.29</ele>
				<time>2026-09-10T15:27:16.005Z</time>
			</trkpt>
			<trkpt lat="40.14143" lon="-0.81479">
				<ele>989.42</ele>
				<time>2026-09-10T15:27:25.520Z</time>
			</trkpt>
			<trkpt lat="40.14112" lon="-0.81499">
				<ele>990.99</ele>
				<time>2026-09-10T15:27:33.528Z</time>
			</trkpt>
			<trkpt lat="40.14094" lon="-0.81521">
				<ele>992.34</ele>
				<time>2026-09-10T15:27:39.156Z</time>
			</trkpt>
			<trkpt lat="40.14084" lon="-0.8154">
				<ele>994.29</ele>
				<time>2026-09-10T15:27:43.113Z</time>
			</trkpt>
			<trkpt lat="40.14073" lon="-0.81534">
				<ele>994.07</ele>
				<time>2026-09-10T15:27:45.744Z</time>
			</trkpt>
			<trkpt lat="40.1407" lon="-0.81538">
				<ele>994.67</ele>
				<time>2026-09-10T15:27:46.680Z</time>
			</trkpt>
			<trkpt lat="40.14059" lon="-0.8155">
				<ele>996.85</ele>
				<time>2026-09-10T15:27:49.767Z</time>
			</trkpt>
			<trkpt lat="40.14069" lon="-0.8157">
				<ele>998.51</ele>
				<time>2026-09-10T15:27:53.600Z</time>
			</trkpt>
			<trkpt lat="40.14075" lon="-0.81636">
				<ele>1001.62</ele>
				<time>2026-09-10T15:28:03.476Z</time>
			</trkpt>
			<trkpt lat="40.14073" lon="-0.81647">
				<ele>1001.84</ele>
				<time>2026-09-10T15:28:05.051Z</time>
			</trkpt>
			<trkpt lat="40.14079" lon="-0.81672">
				<ele>1002.67</ele>
				<time>2026-09-10T15:28:08.733Z</time>
			</trkpt>
			<trkpt lat="40.14073" lon="-0.81647">
				<ele>1001.84</ele>
				<time>2026-09-10T15:28:12.420Z</time>
			</trkpt>
			<trkpt lat="40.14075" lon="-0.81636">
				<ele>1001.62</ele>
				<time>2026-09-10T15:28:14.011Z</time>
			</trkpt>
			<trkpt lat="40.14069" lon="-0.8157">
				<ele>998.51</ele>
				<time>2026-09-10T15:28:23.364Z</time>
			</trkpt>
			<trkpt lat="40.14048" lon="-0.81529">
				<ele>994.37</ele>
				<time>2026-09-10T15:28:30.309Z</time>
			</trkpt>
			<trkpt lat="40.14039" lon="-0.81519">
				<ele>993.89</ele>
				<time>2026-09-10T15:28:32.483Z</time>
			</trkpt>
			<trkpt lat="40.14003" lon="-0.81457">
				<ele>990.51</ele>
				<time>2026-09-10T15:28:43.440Z</time>
			</trkpt>
			<trkpt lat="40.13987" lon="-0.81436">
				<ele>988.99</ele>
				<time>2026-09-10T15:28:47.612Z</time>
			</trkpt>
			<trkpt lat="40.13964" lon="-0.81413">
				<ele>985.57</ele>
				<time>2026-09-10T15:28:52.942Z</time>
			</trkpt>
			<trkpt lat="40.13949" lon="-0.81437">
				<ele>982.97</ele>
				<time>2026-09-10T15:28:57.305Z</time>
			</trkpt>
			<trkpt lat="40.13969" lon="-0.81383">
				<ele>985.34</ele>
				<time>2026-09-10T15:29:05.749Z</time>
			</trkpt>
			<trkpt lat="40.13959" lon="-0.81376">
				<ele>983.46</ele>
				<time>2026-09-10T15:29:07.837Z</time>
			</trkpt>
			<trkpt lat="40.13946" lon="-0.81363">
				<ele>980.43</ele>
				<time>2026-09-10T15:29:10.850Z</time>
			</trkpt>
			<trkpt lat="40.13941" lon="-0.81353">
				<ele>978.67</ele>
				<time>2026-09-10T15:29:12.531Z</time>
			</trkpt>
			<trkpt lat="40.13939" lon="-0.81342">
				<ele>977.22</ele>
				<time>2026-09-10T15:29:14.209Z</time>
			</trkpt>
			<trkpt lat="40.13923" lon="-0.81177">
				<ele>965.71</ele>
				<time>2026-09-10T15:29:30.018Z</time>
			</trkpt>
			<trkpt lat="40.13921" lon="-0.81167">
				<ele>964.25</ele>
				<time>2026-09-10T15:29:30.759Z</time>
			</trkpt>
			<trkpt lat="40.13915" lon="-0.81156">
				<ele>961.62</ele>
				<time>2026-09-10T15:29:31.717Z</time>
			</trkpt>
			<trkpt lat="40.13909" lon="-0.81148">
				<ele>959.16</ele>
				<time>2026-09-10T15:29:32.503Z</time>
			</trkpt>
			<trkpt lat="40.1383" lon="-0.8108">
				<ele>944.53</ele>
				<time>2026-09-10T15:29:40.646Z</time>
			</trkpt>
			<trkpt lat="40.13727" lon="-0.80987">
				<ele>945.33</ele>
				<time>2026-09-10T15:29:50.072Z</time>
			</trkpt>
			<trkpt lat="40.13712" lon="-0.80973">
				<ele>949</ele>
				<time>2026-09-10T15:29:51.343Z</time>
			</trkpt>
			<trkpt lat="40.13704" lon="-0.80961">
				<ele>951.43</ele>
				<time>2026-09-10T15:29:52.168Z</time>
			</trkpt>
			<trkpt lat="40.137" lon="-0.80944">
				<ele>952.8</ele>
				<time>2026-09-10T15:29:53.075Z</time>
			</trkpt>
			<trkpt lat="40.13695" lon="-0.80884">
				<ele>951.5</ele>
				<time>2026-09-10T15:29:56.046Z</time>
			</trkpt>
			<trkpt lat="40.13692" lon="-0.80813">
				<ele>953.25</ele>
				<time>2026-09-10T15:29:59.350Z</time>
			</trkpt>
			<trkpt lat="40.13681" lon="-0.80626">
				<ele>952.86</ele>
				<time>2026-09-10T15:30:07.187Z</time>
			</trkpt>
			<trkpt lat="40.13661" lon="-0.80524">
				<ele>955.94</ele>
				<time>2026-09-10T15:30:11.133Z</time>
			</trkpt>
			<trkpt lat="40.13651" lon="-0.80494">
				<ele>955.98</ele>
				<time>2026-09-10T15:30:12.307Z</time>
			</trkpt>
			<trkpt lat="40.13591" lon="-0.80383">
				<ele>962.9</ele>
				<time>2026-09-10T15:30:16.975Z</time>
			</trkpt>
			<trkpt lat="40.1357" lon="-0.80354">
				<ele>964.73</ele>
				<time>2026-09-10T15:30:18.296Z</time>
			</trkpt>
			<trkpt lat="40.13526" lon="-0.80309">
				<ele>962.16</ele>
				<time>2026-09-10T15:30:20.673Z</time>
			</trkpt>
			<trkpt lat="40.13348" lon="-0.80146">
				<ele>961.02</ele>
				<time>2026-09-10T15:30:29.807Z</time>
			</trkpt>
			<trkpt lat="40.13302" lon="-0.80113">
				<ele>961.04</ele>
				<time>2026-09-10T15:30:32.082Z</time>
			</trkpt>
			<trkpt lat="40.1324" lon="-0.8006">
				<ele>961.71</ele>
				<time>2026-09-10T15:30:35.407Z</time>
			</trkpt>
			<trkpt lat="40.132" lon="-0.80018">
				<ele>960.85</ele>
				<time>2026-09-10T15:30:37.811Z</time>
			</trkpt>
			<trkpt lat="40.1313" lon="-0.79951">
				<ele>961.36</ele>
				<time>2026-09-10T15:30:42.120Z</time>
			</trkpt>
			<trkpt lat="40.13121" lon="-0.79933">
				<ele>961.22</ele>
				<time>2026-09-10T15:30:42.976Z</time>
			</trkpt>
			<trkpt lat="40.12755" lon="-0.79607">
				<ele>955.19</ele>
				<time>2026-09-10T15:31:08.212Z</time>
			</trkpt>
			<trkpt lat="40.1272" lon="-0.79571">
				<ele>953.51</ele>
				<time>2026-09-10T15:31:10.771Z</time>
			</trkpt>
			<trkpt lat="40.12697" lon="-0.79544">
				<ele>951.62</ele>
				<time>2026-09-10T15:31:12.547Z</time>
			</trkpt>
			<trkpt lat="40.12669" lon="-0.79505">
				<ele>950.07</ele>
				<time>2026-09-10T15:31:14.897Z</time>
			</trkpt>
			<trkpt lat="40.12639" lon="-0.79456">
				<ele>951.29</ele>
				<time>2026-09-10T15:31:17.656Z</time>
			</trkpt>
			<trkpt lat="40.12623" lon="-0.79425">
				<ele>948.98</ele>
				<time>2026-09-10T15:31:19.299Z</time>
			</trkpt>
			<trkpt lat="40.12596" lon="-0.79361">
				<ele>943.9</ele>
				<time>2026-09-10T15:31:22.511Z</time>
			</trkpt>
			<trkpt lat="40.12472" lon="-0.79039">
				<ele>931.42</ele>
				<time>2026-09-10T15:31:38.367Z</time>
			</trkpt>
			<trkpt lat="40.12357" lon="-0.78732">
				<ele>942.98</ele>
				<time>2026-09-10T15:31:53.431Z</time>
			</trkpt>
			<trkpt lat="40.12338" lon="-0.78718">
				<ele>944.59</ele>
				<time>2026-09-10T15:31:54.690Z</time>
			</trkpt>
			<trkpt lat="40.1233" lon="-0.78714">
				<ele>945.22</ele>
				<time>2026-09-10T15:31:55.184Z</time>
			</trkpt>
			<trkpt lat="40.12305" lon="-0.78714">
				<ele>947.29</ele>
				<time>2026-09-10T15:31:56.628Z</time>
			</trkpt>
			<trkpt lat="40.123" lon="-0.78711">
				<ele>947.29</ele>
				<time>2026-09-10T15:31:56.945Z</time>
			</trkpt>
			<trkpt lat="40.12293" lon="-0.787">
				<ele>948.03</ele>
				<time>2026-09-10T15:31:57.577Z</time>
			</trkpt>
			<trkpt lat="40.12292" lon="-0.78691">
				<ele>948.6</ele>
				<time>2026-09-10T15:31:57.979Z</time>
			</trkpt>
			<trkpt lat="40.12292" lon="-0.78592">
				<ele>952.07</ele>
				<time>2026-09-10T15:32:02.360Z</time>
			</trkpt>
			<trkpt lat="40.12292" lon="-0.78574">
				<ele>952.09</ele>
				<time>2026-09-10T15:32:03.159Z</time>
			</trkpt>
			<trkpt lat="40.12289" lon="-0.78558">
				<ele>951.8</ele>
				<time>2026-09-10T15:32:03.891Z</time>
			</trkpt>
			<trkpt lat="40.1228" lon="-0.78531">
				<ele>952.65</ele>
				<time>2026-09-10T15:32:05.200Z</time>
			</trkpt>
			<trkpt lat="40.12134" lon="-0.78133">
				<ele>949.84</ele>
				<time>2026-09-10T15:32:24.932Z</time>
			</trkpt>
			<trkpt lat="40.12081" lon="-0.7796">
				<ele>948.34</ele>
				<time>2026-09-10T15:32:33.265Z</time>
			</trkpt>
			<trkpt lat="40.12077" lon="-0.77931">
				<ele>950.82</ele>
				<time>2026-09-10T15:32:34.580Z</time>
			</trkpt>
			<trkpt lat="40.12082" lon="-0.77833">
				<ele>957.25</ele>
				<time>2026-09-10T15:32:38.952Z</time>
			</trkpt>
			<trkpt lat="40.1208" lon="-0.77795">
				<ele>961.13</ele>
				<time>2026-09-10T15:32:40.644Z</time>
			</trkpt>
			<trkpt lat="40.1207" lon="-0.77769">
				<ele>961.82</ele>
				<time>2026-09-10T15:32:41.934Z</time>
			</trkpt>
			<trkpt lat="40.11987" lon="-0.77699">
				<ele>944.72</ele>
				<time>2026-09-10T15:32:47.639Z</time>
			</trkpt>
			<trkpt lat="40.11901" lon="-0.77614">
				<ele>930.66</ele>
				<time>2026-09-10T15:32:53.814Z</time>
			</trkpt>
			<trkpt lat="40.1188" lon="-0.77596">
				<ele>929.95</ele>
				<time>2026-09-10T15:32:55.243Z</time>
			</trkpt>
			<trkpt lat="40.11876" lon="-0.77593">
				<ele>930.31</ele>
				<time>2026-09-10T15:32:55.505Z</time>
			</trkpt>
			<trkpt lat="40.11844" lon="-0.77587">
				<ele>934.42</ele>
				<time>2026-09-10T15:32:57.339Z</time>
			</trkpt>
			<trkpt lat="40.11818" lon="-0.77588">
				<ele>937.66</ele>
				<time>2026-09-10T15:32:58.810Z</time>
			</trkpt>
			<trkpt lat="40.11749" lon="-0.77569">
				<ele>941.92</ele>
				<time>2026-09-10T15:33:02.761Z</time>
			</trkpt>
			<trkpt lat="40.11715" lon="-0.77568">
				<ele>941.19</ele>
				<time>2026-09-10T15:33:04.631Z</time>
			</trkpt>
			<trkpt lat="40.11682" lon="-0.77574">
				<ele>940.05</ele>
				<time>2026-09-10T15:33:06.439Z</time>
			</trkpt>
			<trkpt lat="40.11664" lon="-0.7758">
				<ele>939.81</ele>
				<time>2026-09-10T15:33:07.437Z</time>
			</trkpt>
			<trkpt lat="40.1159" lon="-0.77617">
				<ele>946.37</ele>
				<time>2026-09-10T15:33:11.613Z</time>
			</trkpt>
			<trkpt lat="40.11498" lon="-0.77665">
				<ele>952.72</ele>
				<time>2026-09-10T15:33:16.656Z</time>
			</trkpt>
			<trkpt lat="40.11485" lon="-0.77673">
				<ele>952.89</ele>
				<time>2026-09-10T15:33:17.371Z</time>
			</trkpt>
			<trkpt lat="40.1146" lon="-0.77692">
				<ele>950.73</ele>
				<time>2026-09-10T15:33:18.798Z</time>
			</trkpt>
			<trkpt lat="40.11309" lon="-0.77834">
				<ele>959.47</ele>
				<time>2026-09-10T15:33:27.606Z</time>
			</trkpt>
			<trkpt lat="40.11294" lon="-0.77846">
				<ele>962.28</ele>
				<time>2026-09-10T15:33:28.406Z</time>
			</trkpt>
			<trkpt lat="40.11267" lon="-0.7786">
				<ele>965.03</ele>
				<time>2026-09-10T15:33:29.715Z</time>
			</trkpt>
			<trkpt lat="40.11249" lon="-0.77866">
				<ele>967.15</ele>
				<time>2026-09-10T15:33:30.545Z</time>
			</trkpt>
			<trkpt lat="40.11164" lon="-0.77878">
				<ele>972.37</ele>
				<time>2026-09-10T15:33:34.289Z</time>
			</trkpt>
			<trkpt lat="40.11142" lon="-0.77885">
				<ele>973.25</ele>
				<time>2026-09-10T15:33:35.260Z</time>
			</trkpt>
			<trkpt lat="40.11125" lon="-0.77894">
				<ele>973.85</ele>
				<time>2026-09-10T15:33:36.040Z</time>
			</trkpt>
			<trkpt lat="40.11109" lon="-0.77907">
				<ele>974.97</ele>
				<time>2026-09-10T15:33:36.836Z</time>
			</trkpt>
			<trkpt lat="40.11093" lon="-0.77924">
				<ele>975.98</ele>
				<time>2026-09-10T15:33:37.700Z</time>
			</trkpt>
			<trkpt lat="40.11044" lon="-0.77982">
				<ele>979.93</ele>
				<time>2026-09-10T15:33:40.426Z</time>
			</trkpt>
			<trkpt lat="40.11002" lon="-0.78016">
				<ele>982.45</ele>
				<time>2026-09-10T15:33:42.418Z</time>
			</trkpt>
			<trkpt lat="40.10973" lon="-0.78028">
				<ele>982.99</ele>
				<time>2026-09-10T15:33:43.627Z</time>
			</trkpt>
			<trkpt lat="40.10859" lon="-0.78049">
				<ele>987</ele>
				<time>2026-09-10T15:33:48.079Z</time>
			</trkpt>
			<trkpt lat="40.10832" lon="-0.78057">
				<ele>987.03</ele>
				<time>2026-09-10T15:33:49.122Z</time>
			</trkpt>
			<trkpt lat="40.10777" lon="-0.7808">
				<ele>992.75</ele>
				<time>2026-09-10T15:33:51.263Z</time>
			</trkpt>
			<trkpt lat="40.10631" lon="-0.7815">
				<ele>996.65</ele>
				<time>2026-09-10T15:33:56.811Z</time>
			</trkpt>
			<trkpt lat="40.10604" lon="-0.78166">
				<ele>997.94</ele>
				<time>2026-09-10T15:33:57.835Z</time>
			</trkpt>
			<trkpt lat="40.10564" lon="-0.78198">
				<ele>998.85</ele>
				<time>2026-09-10T15:33:59.433Z</time>
			</trkpt>
			<trkpt lat="40.10525" lon="-0.78241">
				<ele>998.28</ele>
				<time>2026-09-10T15:34:01.142Z</time>
			</trkpt>
			<trkpt lat="40.10511" lon="-0.7826">
				<ele>997.66</ele>
				<time>2026-09-10T15:34:01.811Z</time>
			</trkpt>
			<trkpt lat="40.10465" lon="-0.78335">
				<ele>995.97</ele>
				<time>2026-09-10T15:34:04.208Z</time>
			</trkpt>
			<trkpt lat="40.10411" lon="-0.78431">
				<ele>999.7</ele>
				<time>2026-09-10T15:34:07.102Z</time>
			</trkpt>
			<trkpt lat="40.1019" lon="-0.78834">
				<ele>1006.13</ele>
				<time>2026-09-10T15:34:18.344Z</time>
			</trkpt>
			<trkpt lat="40.10157" lon="-0.78887">
				<ele>1006.11</ele>
				<time>2026-09-10T15:34:19.807Z</time>
			</trkpt>
			<trkpt lat="40.10049" lon="-0.79043">
				<ele>1012.79</ele>
				<time>2026-09-10T15:34:24.207Z</time>
			</trkpt>
			<trkpt lat="40.10028" lon="-0.79076">
				<ele>1013.2</ele>
				<time>2026-09-10T15:34:25.087Z</time>
			</trkpt>
			<trkpt lat="40.09982" lon="-0.79168">
				<ele>1014.65</ele>
				<time>2026-09-10T15:34:27.318Z</time>
			</trkpt>
			<trkpt lat="40.09802" lon="-0.79552">
				<ele>1024.38</ele>
				<time>2026-09-10T15:34:36.191Z</time>
			</trkpt>
			<trkpt lat="40.09783" lon="-0.79587">
				<ele>1025.91</ele>
				<time>2026-09-10T15:34:37.021Z</time>
			</trkpt>
			<trkpt lat="40.09631" lon="-0.79825">
				<ele>1035.26</ele>
				<time>2026-09-10T15:34:42.995Z</time>
			</trkpt>
			<trkpt lat="40.09611" lon="-0.79867">
				<ele>1036.18</ele>
				<time>2026-09-10T15:34:43.948Z</time>
			</trkpt>
			<trkpt lat="40.09596" lon="-0.79904">
				<ele>1037.02</ele>
				<time>2026-09-10T15:34:44.756Z</time>
			</trkpt>
			<trkpt lat="40.09582" lon="-0.79948">
				<ele>1040.13</ele>
				<time>2026-09-10T15:34:45.676Z</time>
			</trkpt>
			<trkpt lat="40.0954" lon="-0.80097">
				<ele>1044.4</ele>
				<time>2026-09-10T15:34:48.756Z</time>
			</trkpt>
			<trkpt lat="40.09525" lon="-0.80145">
				<ele>1044.92</ele>
				<time>2026-09-10T15:34:49.768Z</time>
			</trkpt>
			<trkpt lat="40.09455" lon="-0.80332">
				<ele>1047.58</ele>
				<time>2026-09-10T15:34:53.877Z</time>
			</trkpt>
			<trkpt lat="40.09429" lon="-0.80392">
				<ele>1050.08</ele>
				<time>2026-09-10T15:34:55.258Z</time>
			</trkpt>
			<trkpt lat="40.09393" lon="-0.80452">
				<ele>1051.81</ele>
				<time>2026-09-10T15:34:56.798Z</time>
			</trkpt>
			<trkpt lat="40.09373" lon="-0.80478">
				<ele>1052.68</ele>
				<time>2026-09-10T15:34:57.548Z</time>
			</trkpt>
			<trkpt lat="40.09281" lon="-0.80587">
				<ele>1046.63</ele>
				<time>2026-09-10T15:35:00.898Z</time>
			</trkpt>
			<trkpt lat="40.09239" lon="-0.80631">
				<ele>1047</ele>
				<time>2026-09-10T15:35:02.377Z</time>
			</trkpt>
			<trkpt lat="40.09191" lon="-0.80667">
				<ele>1044.78</ele>
				<time>2026-09-10T15:35:03.916Z</time>
			</trkpt>
			<trkpt lat="40.09103" lon="-0.80708">
				<ele>1044.05</ele>
				<time>2026-09-10T15:35:06.561Z</time>
			</trkpt>
			<trkpt lat="40.09082" lon="-0.80721">
				<ele>1043.43</ele>
				<time>2026-09-10T15:35:07.228Z</time>
			</trkpt>
			<trkpt lat="40.09063" lon="-0.80738">
				<ele>1042.81</ele>
				<time>2026-09-10T15:35:07.894Z</time>
			</trkpt>
			<trkpt lat="40.09036" lon="-0.80771">
				<ele>1040.8</ele>
				<time>2026-09-10T15:35:08.971Z</time>
			</trkpt>
			<trkpt lat="40.08976" lon="-0.8088">
				<ele>1044.85</ele>
				<time>2026-09-10T15:35:12.022Z</time>
			</trkpt>
			<trkpt lat="40.089" lon="-0.81025">
				<ele>1038.2</ele>
				<time>2026-09-10T15:35:16.157Z</time>
			</trkpt>
			<trkpt lat="40.08734" lon="-0.81355">
				<ele>1055.56</ele>
				<time>2026-09-10T15:35:26.121Z</time>
			</trkpt>
			<trkpt lat="40.08719" lon="-0.81395">
				<ele>1058.75</ele>
				<time>2026-09-10T15:35:27.311Z</time>
			</trkpt>
			<trkpt lat="40.08705" lon="-0.81439">
				<ele>1059.25</ele>
				<time>2026-09-10T15:35:28.599Z</time>
			</trkpt>
			<trkpt lat="40.08693" lon="-0.81483">
				<ele>1057.15</ele>
				<time>2026-09-10T15:35:29.878Z</time>
			</trkpt>
			<trkpt lat="40.0859" lon="-0.81947">
				<ele>1066.85</ele>
				<time>2026-09-10T15:35:44.140Z</time>
			</trkpt>
			<trkpt lat="40.08562" lon="-0.82012">
				<ele>1068.83</ele>
				<time>2026-09-10T15:35:46.524Z</time>
			</trkpt>
			<trkpt lat="40.08537" lon="-0.82051">
				<ele>1073.22</ele>
				<time>2026-09-10T15:35:48.180Z</time>
			</trkpt>
			<trkpt lat="40.08499" lon="-0.82094">
				<ele>1073.96</ele>
				<time>2026-09-10T15:35:50.356Z</time>
			</trkpt>
			<trkpt lat="40.08467" lon="-0.82115">
				<ele>1076.38</ele>
				<time>2026-09-10T15:35:51.932Z</time>
			</trkpt>
			<trkpt lat="40.0845" lon="-0.82123">
				<ele>1078.29</ele>
				<time>2026-09-10T15:35:52.736Z</time>
			</trkpt>
			<trkpt lat="40.08417" lon="-0.82134">
				<ele>1079.98</ele>
				<time>2026-09-10T15:35:54.266Z</time>
			</trkpt>
			<trkpt lat="40.08347" lon="-0.8214">
				<ele>1076.11</ele>
				<time>2026-09-10T15:35:57.482Z</time>
			</trkpt>
			<trkpt lat="40.08207" lon="-0.82135">
				<ele>1074.78</ele>
				<time>2026-09-10T15:36:04.172Z</time>
			</trkpt>
			<trkpt lat="40.08173" lon="-0.82132">
				<ele>1075.86</ele>
				<time>2026-09-10T15:36:05.856Z</time>
			</trkpt>
			<trkpt lat="40.08129" lon="-0.82121">
				<ele>1079.05</ele>
				<time>2026-09-10T15:36:08.104Z</time>
			</trkpt>
			<trkpt lat="40.08075" lon="-0.82103">
				<ele>1079.62</ele>
				<time>2026-09-10T15:36:10.956Z</time>
			</trkpt>
			<trkpt lat="40.08029" lon="-0.8208">
				<ele>1077.07</ele>
				<time>2026-09-10T15:36:13.529Z</time>
			</trkpt>
			<trkpt lat="40.07997" lon="-0.82059">
				<ele>1074.92</ele>
				<time>2026-09-10T15:36:15.430Z</time>
			</trkpt>
			<trkpt lat="40.07892" lon="-0.81979">
				<ele>1072.78</ele>
				<time>2026-09-10T15:36:22.087Z</time>
			</trkpt>
			<trkpt lat="40.0786" lon="-0.81961">
				<ele>1072.47</ele>
				<time>2026-09-10T15:36:24.054Z</time>
			</trkpt>
			<trkpt lat="40.07841" lon="-0.81954">
				<ele>1074.83</ele>
				<time>2026-09-10T15:36:25.180Z</time>
			</trkpt>
			<trkpt lat="40.0779" lon="-0.81947">
				<ele>1077.14</ele>
				<time>2026-09-10T15:36:28.147Z</time>
			</trkpt>
			<trkpt lat="40.07753" lon="-0.81949">
				<ele>1074.53</ele>
				<time>2026-09-10T15:36:30.326Z</time>
			</trkpt>
			<trkpt lat="40.07734" lon="-0.81954">
				<ele>1071.49</ele>
				<time>2026-09-10T15:36:31.479Z</time>
			</trkpt>
			<trkpt lat="40.077" lon="-0.81967">
				<ele>1067.59</ele>
				<time>2026-09-10T15:36:33.609Z</time>
			</trkpt>
			<trkpt lat="40.07682" lon="-0.81978">
				<ele>1066.62</ele>
				<time>2026-09-10T15:36:34.817Z</time>
			</trkpt>
			<trkpt lat="40.07656" lon="-0.82">
				<ele>1065.02</ele>
				<time>2026-09-10T15:36:36.718Z</time>
			</trkpt>
			<trkpt lat="40.07624" lon="-0.82035">
				<ele>1062.55</ele>
				<time>2026-09-10T15:36:39.314Z</time>
			</trkpt>
			<trkpt lat="40.07581" lon="-0.82087">
				<ele>1059.75</ele>
				<time>2026-09-10T15:36:43.031Z</time>
			</trkpt>
			<trkpt lat="40.07555" lon="-0.82115">
				<ele>1057.99</ele>
				<time>2026-09-10T15:36:45.206Z</time>
			</trkpt>
			<trkpt lat="40.07514" lon="-0.82144">
				<ele>1056.82</ele>
				<time>2026-09-10T15:36:48.262Z</time>
			</trkpt>
			<trkpt lat="40.07477" lon="-0.82158">
				<ele>1056.33</ele>
				<time>2026-09-10T15:36:50.829Z</time>
			</trkpt>
			<trkpt lat="40.07357" lon="-0.82186">
				<ele>1052.08</ele>
				<time>2026-09-10T15:36:59.201Z</time>
			</trkpt>
			<trkpt lat="40.07335" lon="-0.8219">
				<ele>1052.59</ele>
				<time>2026-09-10T15:37:00.768Z</time>
			</trkpt>
			<trkpt lat="40.07311" lon="-0.82189">
				<ele>1052.89</ele>
				<time>2026-09-10T15:37:02.477Z</time>
			</trkpt>
			<trkpt lat="40.0729" lon="-0.82182">
				<ele>1052.5</ele>
				<time>2026-09-10T15:37:04.033Z</time>
			</trkpt>
			<trkpt lat="40.07267" lon="-0.82168">
				<ele>1048.17</ele>
				<time>2026-09-10T15:37:05.870Z</time>
			</trkpt>
			<trkpt lat="40.07246" lon="-0.82145">
				<ele>1042.38</ele>
				<time>2026-09-10T15:37:07.874Z</time>
			</trkpt>
			<trkpt lat="40.07201" lon="-0.82077">
				<ele>1037.69</ele>
				<time>2026-09-10T15:37:12.995Z</time>
			</trkpt>
			<trkpt lat="40.07176" lon="-0.82048">
				<ele>1034.94</ele>
				<time>2026-09-10T15:37:15.531Z</time>
			</trkpt>
			<trkpt lat="40.07159" lon="-0.82033">
				<ele>1031.86</ele>
				<time>2026-09-10T15:37:17.102Z</time>
			</trkpt>
			<trkpt lat="40.07135" lon="-0.82019">
				<ele>1029.46</ele>
				<time>2026-09-10T15:37:19.133Z</time>
			</trkpt>
			<trkpt lat="40.07102" lon="-0.82007">
				<ele>1027.92</ele>
				<time>2026-09-10T15:37:21.810Z</time>
			</trkpt>
			<trkpt lat="40.07078" lon="-0.82003">
				<ele>1028.04</ele>
				<time>2026-09-10T15:37:23.721Z</time>
			</trkpt>
			<trkpt lat="40.07059" lon="-0.82004">
				<ele>1028.6</ele>
				<time>2026-09-10T15:37:25.234Z</time>
			</trkpt>
			<trkpt lat="40.07022" lon="-0.82011">
				<ele>1026.68</ele>
				<time>2026-09-10T15:37:28.240Z</time>
			</trkpt>
			<trkpt lat="40.06991" lon="-0.82025">
				<ele>1021.89</ele>
				<time>2026-09-10T15:37:30.912Z</time>
			</trkpt>
			<trkpt lat="40.06937" lon="-0.8206">
				<ele>1017.42</ele>
				<time>2026-09-10T15:37:35.904Z</time>
			</trkpt>
			<trkpt lat="40.06916" lon="-0.82077">
				<ele>1017.03</ele>
				<time>2026-09-10T15:37:37.981Z</time>
			</trkpt>
			<trkpt lat="40.06899" lon="-0.821">
				<ele>1018.67</ele>
				<time>2026-09-10T15:37:40.057Z</time>
			</trkpt>
			<trkpt lat="40.06885" lon="-0.82125">
				<ele>1016.7</ele>
				<time>2026-09-10T15:37:42.086Z</time>
			</trkpt>
			<trkpt lat="40.06846" lon="-0.82213">
				<ele>1006.43</ele>
				<time>2026-09-10T15:37:48.866Z</time>
			</trkpt>
			<trkpt lat="40.06827" lon="-0.8224">
				<ele>1006.2</ele>
				<time>2026-09-10T15:37:51.357Z</time>
			</trkpt>
			<trkpt lat="40.06812" lon="-0.82255">
				<ele>1006.63</ele>
				<time>2026-09-10T15:37:53.048Z</time>
			</trkpt>
			<trkpt lat="40.06788" lon="-0.82274">
				<ele>1004.84</ele>
				<time>2026-09-10T15:37:55.580Z</time>
			</trkpt>
			<trkpt lat="40.06724" lon="-0.82307">
				<ele>993.98</ele>
				<time>2026-09-10T15:38:01.895Z</time>
			</trkpt>
			<trkpt lat="40.06701" lon="-0.82322">
				<ele>993.41</ele>
				<time>2026-09-10T15:38:04.294Z</time>
			</trkpt>
			<trkpt lat="40.06691" lon="-0.82332">
				<ele>992.71</ele>
				<time>2026-09-10T15:38:05.477Z</time>
			</trkpt>
			<trkpt lat="40.06665" lon="-0.82369">
				<ele>991.17</ele>
				<time>2026-09-10T15:38:09.119Z</time>
			</trkpt>
			<trkpt lat="40.06616" lon="-0.82456">
				<ele>987.08</ele>
				<time>2026-09-10T15:38:17.118Z</time>
			</trkpt>
			<trkpt lat="40.06595" lon="-0.82482">
				<ele>984.95</ele>
				<time>2026-09-10T15:38:19.971Z</time>
			</trkpt>
			<trkpt lat="40.06578" lon="-0.82496">
				<ele>983.77</ele>
				<time>2026-09-10T15:38:21.969Z</time>
			</trkpt>
			<trkpt lat="40.06559" lon="-0.82505">
				<ele>982.78</ele>
				<time>2026-09-10T15:38:23.992Z</time>
			</trkpt>
			<trkpt lat="40.06541" lon="-0.82512">
				<ele>982.71</ele>
				<time>2026-09-10T15:38:25.885Z</time>
			</trkpt>
			<trkpt lat="40.06403" lon="-0.82526">
				<ele>984.18</ele>
				<time>2026-09-10T15:38:40.211Z</time>
			</trkpt>
			<trkpt lat="40.06371" lon="-0.82535">
				<ele>986.53</ele>
				<time>2026-09-10T15:38:43.697Z</time>
			</trkpt>
			<trkpt lat="40.06337" lon="-0.82557">
				<ele>988.51</ele>
				<time>2026-09-10T15:38:47.784Z</time>
			</trkpt>
			<trkpt lat="40.06314" lon="-0.82585">
				<ele>987.66</ele>
				<time>2026-09-10T15:38:51.210Z</time>
			</trkpt>
			<trkpt lat="40.063" lon="-0.82612">
				<ele>986.01</ele>
				<time>2026-09-10T15:38:53.956Z</time>
			</trkpt>
			<trkpt lat="40.06292" lon="-0.82634">
				<ele>987.23</ele>
				<time>2026-09-10T15:38:56.021Z</time>
			</trkpt>
			<trkpt lat="40.06276" lon="-0.82692">
				<ele>984.88</ele>
				<time>2026-09-10T15:39:01.305Z</time>
			</trkpt>
			<trkpt lat="40.06266" lon="-0.82719">
				<ele>981.64</ele>
				<time>2026-09-10T15:39:03.906Z</time>
			</trkpt>
			<trkpt lat="40.06255" lon="-0.82736">
				<ele>980.7</ele>
				<time>2026-09-10T15:39:05.848Z</time>
			</trkpt>
			<trkpt lat="40.06237" lon="-0.82758">
				<ele>979.12</ele>
				<time>2026-09-10T15:39:08.677Z</time>
			</trkpt>
			<trkpt lat="40.06225" lon="-0.82767">
				<ele>978.45</ele>
				<time>2026-09-10T15:39:10.275Z</time>
			</trkpt>
			<trkpt lat="40.06198" lon="-0.82781">
				<ele>978.83</ele>
				<time>2026-09-10T15:39:13.654Z</time>
			</trkpt>
			<trkpt lat="40.06124" lon="-0.82797">
				<ele>987.06</ele>
				<time>2026-09-10T15:39:22.524Z</time>
			</trkpt>
			<trkpt lat="40.06083" lon="-0.82808">
				<ele>988.91</ele>
				<time>2026-09-10T15:39:27.566Z</time>
			</trkpt>
			<trkpt lat="40.06058" lon="-0.82818">
				<ele>989.63</ele>
				<time>2026-09-10T15:39:30.751Z</time>
			</trkpt>
			<trkpt lat="40.05991" lon="-0.82855">
				<ele>985.35</ele>
				<time>2026-09-10T15:39:39.748Z</time>
			</trkpt>
			<trkpt lat="40.0596" lon="-0.82885">
				<ele>983.21</ele>
				<time>2026-09-10T15:39:44.605Z</time>
			</trkpt>
			<trkpt lat="40.05926" lon="-0.82933">
				<ele>982.58</ele>
				<time>2026-09-10T15:39:50.993Z</time>
			</trkpt>
			<trkpt lat="40.05901" lon="-0.82963">
				<ele>985.6</ele>
				<time>2026-09-10T15:39:55.382Z</time>
			</trkpt>
			<trkpt lat="40.05821" lon="-0.83069">
				<ele>988.61</ele>
				<time>2026-09-10T15:40:10.455Z</time>
			</trkpt>
			<trkpt lat="40.05781" lon="-0.83016">
				<ele>996.74</ele>
				<time>2026-09-10T15:40:18.191Z</time>
			</trkpt>
			<trkpt lat="40.05775" lon="-0.83023">
				<ele>997.94</ele>
				<time>2026-09-10T15:40:19.294Z</time>
			</trkpt>
			<trkpt lat="40.05781" lon="-0.83016">
				<ele>996.74</ele>
				<time>2026-09-10T15:40:20.399Z</time>
			</trkpt>
			<trkpt lat="40.05821" lon="-0.83069">
				<ele>988.61</ele>
				<time>2026-09-10T15:40:43.883Z</time>
			</trkpt>
			<trkpt lat="40.05749" lon="-0.83158">
				<ele>991.65</ele>
				<time>2026-09-10T15:41:18.060Z</time>
			</trkpt>
			<trkpt lat="40.05716" lon="-0.83197">
				<ele>995.54</ele>
				<time>2026-09-10T15:41:22.638Z</time>
			</trkpt>
			<trkpt lat="40.05684" lon="-0.83207">
				<ele>998.17</ele>
				<time>2026-09-10T15:41:25.979Z</time>
			</trkpt>
			<trkpt lat="40.05638" lon="-0.8321">
				<ele>997.43</ele>
				<time>2026-09-10T15:41:30.620Z</time>
			</trkpt>
			<trkpt lat="40.05581" lon="-0.83175">
				<ele>987.76</ele>
				<time>2026-09-10T15:41:36.897Z</time>
			</trkpt>
			<trkpt lat="40.05543" lon="-0.83183">
				<ele>986.84</ele>
				<time>2026-09-10T15:41:40.695Z</time>
			</trkpt>
			<trkpt lat="40.05482" lon="-0.83223">
				<ele>989.49</ele>
				<time>2026-09-10T15:41:47.358Z</time>
			</trkpt>
			<trkpt lat="40.05411" lon="-0.83255">
				<ele>990.39</ele>
				<time>2026-09-10T15:41:54.586Z</time>
			</trkpt>
			<trkpt lat="40.05358" lon="-0.83286">
				<ele>989.3</ele>
				<time>2026-09-10T15:42:00.100Z</time>
			</trkpt>
			<trkpt lat="40.05308" lon="-0.83343">
				<ele>991.36</ele>
				<time>2026-09-10T15:42:06.323Z</time>
			</trkpt>
			<trkpt lat="40.05267" lon="-0.8344">
				<ele>993.3</ele>
				<time>2026-09-10T15:42:14.157Z</time>
			</trkpt>
			<trkpt lat="40.05226" lon="-0.83566">
				<ele>992.85</ele>
				<time>2026-09-10T15:42:23.652Z</time>
			</trkpt>
			<trkpt lat="40.05221" lon="-0.83656">
				<ele>991.41</ele>
				<time>2026-09-10T15:42:29.801Z</time>
			</trkpt>
			<trkpt lat="40.05234" lon="-0.83739">
				<ele>993.9</ele>
				<time>2026-09-10T15:42:35.495Z</time>
			</trkpt>
			<trkpt lat="40.05254" lon="-0.83811">
				<ele>998.63</ele>
				<time>2026-09-10T15:42:40.579Z</time>
			</trkpt>
			<trkpt lat="40.05261" lon="-0.83876">
				<ele>999.85</ele>
				<time>2026-09-10T15:42:44.888Z</time>
			</trkpt>
			<trkpt lat="40.05247" lon="-0.83916">
				<ele>995.75</ele>
				<time>2026-09-10T15:42:47.751Z</time>
			</trkpt>
			<trkpt lat="40.05183" lon="-0.84002">
				<ele>996.93</ele>
				<time>2026-09-10T15:42:55.457Z</time>
			</trkpt>
			<trkpt lat="40.05159" lon="-0.84054">
				<ele>996.24</ele>
				<time>2026-09-10T15:42:59.304Z</time>
			</trkpt>
			<trkpt lat="40.05134" lon="-0.84114">
				<ele>998.06</ele>
				<time>2026-09-10T15:43:03.588Z</time>
			</trkpt>
			<trkpt lat="40.05113" lon="-0.84181">
				<ele>996.86</ele>
				<time>2026-09-10T15:43:08.078Z</time>
			</trkpt>
			<trkpt lat="40.05101" lon="-0.84243">
				<ele>995.78</ele>
				<time>2026-09-10T15:43:12.001Z</time>
			</trkpt>
			<trkpt lat="40.05077" lon="-0.84304">
				<ele>998.66</ele>
				<time>2026-09-10T15:43:16.166Z</time>
			</trkpt>
			<trkpt lat="40.05008" lon="-0.84417">
				<ele>1009.88</ele>
				<time>2026-09-10T15:43:24.796Z</time>
			</trkpt>
			<trkpt lat="40.04981" lon="-0.8448">
				<ele>1011.08</ele>
				<time>2026-09-10T15:43:29.033Z</time>
			</trkpt>
			<trkpt lat="40.0495" lon="-0.84533">
				<ele>1015.74</ele>
				<time>2026-09-10T15:43:32.905Z</time>
			</trkpt>
			<trkpt lat="40.04882" lon="-0.84624">
				<ele>1007.9</ele>
				<time>2026-09-10T15:43:40.175Z</time>
			</trkpt>
			<trkpt lat="40.04852" lon="-0.84679">
				<ele>1008.96</ele>
				<time>2026-09-10T15:43:43.977Z</time>
			</trkpt>
			<trkpt lat="40.04815" lon="-0.84819">
				<ele>1012.17</ele>
				<time>2026-09-10T15:43:52.173Z</time>
			</trkpt>
			<trkpt lat="40.04793" lon="-0.84863">
				<ele>1011.77</ele>
				<time>2026-09-10T15:43:55.036Z</time>
			</trkpt>
			<trkpt lat="40.04724" lon="-0.84979">
				<ele>1010.84</ele>
				<time>2026-09-10T15:44:02.912Z</time>
			</trkpt>
			<trkpt lat="40.04693" lon="-0.85051">
				<ele>1010.16</ele>
				<time>2026-09-10T15:44:07.261Z</time>
			</trkpt>
			<trkpt lat="40.04672" lon="-0.85127">
				<ele>1011.76</ele>
				<time>2026-09-10T15:44:11.460Z</time>
			</trkpt>
			<trkpt lat="40.04657" lon="-0.85191">
				<ele>1017.01</ele>
				<time>2026-09-10T15:44:14.898Z</time>
			</trkpt>
			<trkpt lat="40.04651" lon="-0.85254">
				<ele>1022.01</ele>
				<time>2026-09-10T15:44:18.126Z</time>
			</trkpt>
			<trkpt lat="40.04644" lon="-0.8535">
				<ele>1020.94</ele>
				<time>2026-09-10T15:44:22.968Z</time>
			</trkpt>
			<trkpt lat="40.04636" lon="-0.85435">
				<ele>1021.71</ele>
				<time>2026-09-10T15:44:27.206Z</time>
			</trkpt>
			<trkpt lat="40.04623" lon="-0.85487">
				<ele>1025.59</ele>
				<time>2026-09-10T15:44:29.884Z</time>
			</trkpt>
			<trkpt lat="40.0456" lon="-0.85615">
				<ele>1025.9</ele>
				<time>2026-09-10T15:44:37.213Z</time>
			</trkpt>
			<trkpt lat="40.04543" lon="-0.85662">
				<ele>1026.11</ele>
				<time>2026-09-10T15:44:39.677Z</time>
			</trkpt>
			<trkpt lat="40.04536" lon="-0.85733">
				<ele>1025.87</ele>
				<time>2026-09-10T15:44:43.037Z</time>
			</trkpt>
			<trkpt lat="40.04536" lon="-0.85769">
				<ele>1028.06</ele>
				<time>2026-09-10T15:44:44.713Z</time>
			</trkpt>
			<trkpt lat="40.04533" lon="-0.85819">
				<ele>1029.29</ele>
				<time>2026-09-10T15:44:47.032Z</time>
			</trkpt>
			<trkpt lat="40.04521" lon="-0.85873">
				<ele>1029.55</ele>
				<time>2026-09-10T15:44:49.611Z</time>
			</trkpt>
			<trkpt lat="40.04506" lon="-0.85923">
				<ele>1029.37</ele>
				<time>2026-09-10T15:44:52.053Z</time>
			</trkpt>
			<trkpt lat="40.04496" lon="-0.85975">
				<ele>1026.11</ele>
				<time>2026-09-10T15:44:54.471Z</time>
			</trkpt>
			<trkpt lat="40.04495" lon="-0.86089">
				<ele>1027.51</ele>
				<time>2026-09-10T15:44:59.546Z</time>
			</trkpt>
			<trkpt lat="40.04414" lon="-0.86437">
				<ele>1029.9</ele>
				<time>2026-09-10T15:45:15.161Z</time>
			</trkpt>
			<trkpt lat="40.04417" lon="-0.86481">
				<ele>1032.47</ele>
				<time>2026-09-10T15:45:17.000Z</time>
			</trkpt>
			<trkpt lat="40.0446" lon="-0.86641">
				<ele>1032.74</ele>
				<time>2026-09-10T15:45:23.947Z</time>
			</trkpt>
			<trkpt lat="40.04501" lon="-0.86748">
				<ele>1036.27</ele>
				<time>2026-09-10T15:45:28.745Z</time>
			</trkpt>
			<trkpt lat="40.04537" lon="-0.86885">
				<ele>1045.58</ele>
				<time>2026-09-10T15:45:34.443Z</time>
			</trkpt>
			<trkpt lat="40.04558" lon="-0.8691">
				<ele>1045.38</ele>
				<time>2026-09-10T15:45:35.884Z</time>
			</trkpt>
			<trkpt lat="40.0461" lon="-0.86945">
				<ele>1044.03</ele>
				<time>2026-09-10T15:45:38.826Z</time>
			</trkpt>
			<trkpt lat="40.04637" lon="-0.86967">
				<ele>1039.58</ele>
				<time>2026-09-10T15:45:40.414Z</time>
			</trkpt>
			<trkpt lat="40.04652" lon="-0.87007">
				<ele>1039.1</ele>
				<time>2026-09-10T15:45:42.104Z</time>
			</trkpt>
			<trkpt lat="40.04683" lon="-0.87206">
				<ele>1050.66</ele>
				<time>2026-09-10T15:45:49.680Z</time>
			</trkpt>
			<trkpt lat="40.04697" lon="-0.87248">
				<ele>1052.46</ele>
				<time>2026-09-10T15:45:51.360Z</time>
			</trkpt>
			<trkpt lat="40.04738" lon="-0.8732">
				<ele>1054.79</ele>
				<time>2026-09-10T15:45:54.620Z</time>
			</trkpt>
			<trkpt lat="40.04756" lon="-0.87395">
				<ele>1058.09</ele>
				<time>2026-09-10T15:45:57.444Z</time>
			</trkpt>
			<trkpt lat="40.04754" lon="-0.87469">
				<ele>1055.71</ele>
				<time>2026-09-10T15:46:00.077Z</time>
			</trkpt>
			<trkpt lat="40.04736" lon="-0.87614">
				<ele>1063.44</ele>
				<time>2026-09-10T15:46:05.226Z</time>
			</trkpt>
			<trkpt lat="40.04719" lon="-0.87784">
				<ele>1072.25</ele>
				<time>2026-09-10T15:46:11.115Z</time>
			</trkpt>
			<trkpt lat="40.04713" lon="-0.87957">
				<ele>1081.48</ele>
				<time>2026-09-10T15:46:16.939Z</time>
			</trkpt>
			<trkpt lat="40.04695" lon="-0.88061">
				<ele>1082.97</ele>
				<time>2026-09-10T15:46:20.465Z</time>
			</trkpt>
			<trkpt lat="40.0468" lon="-0.88136">
				<ele>1090.78</ele>
				<time>2026-09-10T15:46:23.001Z</time>
			</trkpt>
			<trkpt lat="40.0461" lon="-0.88313">
				<ele>1096.65</ele>
				<time>2026-09-10T15:46:29.419Z</time>
			</trkpt>
			<trkpt lat="40.04372" lon="-0.88819">
				<ele>1075.11</ele>
				<time>2026-09-10T15:46:47.787Z</time>
			</trkpt>
			<trkpt lat="40.04338" lon="-0.88901">
				<ele>1077.04</ele>
				<time>2026-09-10T15:46:50.581Z</time>
			</trkpt>
			<trkpt lat="40.0428" lon="-0.88968">
				<ele>1079.62</ele>
				<time>2026-09-10T15:46:53.587Z</time>
			</trkpt>
			<trkpt lat="40.04268" lon="-0.89005">
				<ele>1079.94</ele>
				<time>2026-09-10T15:46:54.774Z</time>
			</trkpt>
			<trkpt lat="40.04202" lon="-0.89239">
				<ele>1082.57</ele>
				<time>2026-09-10T15:47:02.065Z</time>
			</trkpt>
			<trkpt lat="40.04185" lon="-0.89275">
				<ele>1084.22</ele>
				<time>2026-09-10T15:47:03.289Z</time>
			</trkpt>
			<trkpt lat="40.04168" lon="-0.89281">
				<ele>1086.96</ele>
				<time>2026-09-10T15:47:03.954Z</time>
			</trkpt>
			<trkpt lat="40.0412" lon="-0.89275">
				<ele>1087.78</ele>
				<time>2026-09-10T15:47:05.768Z</time>
			</trkpt>
			<trkpt lat="40.04097" lon="-0.89283">
				<ele>1088.42</ele>
				<time>2026-09-10T15:47:06.661Z</time>
			</trkpt>
			<trkpt lat="40.04071" lon="-0.89321">
				<ele>1090.65</ele>
				<time>2026-09-10T15:47:08.121Z</time>
			</trkpt>
			<trkpt lat="40.04051" lon="-0.89368">
				<ele>1091.86</ele>
				<time>2026-09-10T15:47:09.657Z</time>
			</trkpt>
			<trkpt lat="40.04036" lon="-0.89521">
				<ele>1096.2</ele>
				<time>2026-09-10T15:47:14.039Z</time>
			</trkpt>
			<trkpt lat="40.04009" lon="-0.8969">
				<ele>1098.02</ele>
				<time>2026-09-10T15:47:18.905Z</time>
			</trkpt>
			<trkpt lat="40.04007" lon="-0.89728">
				<ele>1097.61</ele>
				<time>2026-09-10T15:47:19.974Z</time>
			</trkpt>
			<trkpt lat="40.04011" lon="-0.8976">
				<ele>1098.48</ele>
				<time>2026-09-10T15:47:20.883Z</time>
			</trkpt>
			<trkpt lat="40.04039" lon="-0.89856">
				<ele>1106.57</ele>
				<time>2026-09-10T15:47:23.755Z</time>
			</trkpt>
			<trkpt lat="40.04056" lon="-0.89982">
				<ele>1112.56</ele>
				<time>2026-09-10T15:47:27.320Z</time>
			</trkpt>
			<trkpt lat="40.04057" lon="-0.90117">
				<ele>1123.35</ele>
				<time>2026-09-10T15:47:31.070Z</time>
			</trkpt>
			<trkpt lat="40.04041" lon="-0.9019">
				<ele>1127.04</ele>
				<time>2026-09-10T15:47:33.175Z</time>
			</trkpt>
			<trkpt lat="40.04029" lon="-0.90206">
				<ele>1126.54</ele>
				<time>2026-09-10T15:47:33.795Z</time>
			</trkpt>
			<trkpt lat="40.03978" lon="-0.90234">
				<ele>1126.39</ele>
				<time>2026-09-10T15:47:35.795Z</time>
			</trkpt>
			<trkpt lat="40.03956" lon="-0.90259">
				<ele>1125.23</ele>
				<time>2026-09-10T15:47:36.849Z</time>
			</trkpt>
			<trkpt lat="40.03947" lon="-0.9028">
				<ele>1124.86</ele>
				<time>2026-09-10T15:47:37.514Z</time>
			</trkpt>
			<trkpt lat="40.03944" lon="-0.90306">
				<ele>1126.21</ele>
				<time>2026-09-10T15:47:38.242Z</time>
			</trkpt>
			<trkpt lat="40.03948" lon="-0.90342">
				<ele>1128.19</ele>
				<time>2026-09-10T15:47:39.247Z</time>
			</trkpt>
			<trkpt lat="40.03959" lon="-0.90388">
				<ele>1133.15</ele>
				<time>2026-09-10T15:47:40.580Z</time>
			</trkpt>
			<trkpt lat="40.03962" lon="-0.90409">
				<ele>1136.6</ele>
				<time>2026-09-10T15:47:41.170Z</time>
			</trkpt>
			<trkpt lat="40.0396" lon="-0.90429">
				<ele>1136.55</ele>
				<time>2026-09-10T15:47:41.728Z</time>
			</trkpt>
			<trkpt lat="40.03947" lon="-0.9048">
				<ele>1135.29</ele>
				<time>2026-09-10T15:47:43.214Z</time>
			</trkpt>
			<trkpt lat="40.03943" lon="-0.90513">
				<ele>1137.98</ele>
				<time>2026-09-10T15:47:44.138Z</time>
			</trkpt>
			<trkpt lat="40.03934" lon="-0.90605">
				<ele>1136.44</ele>
				<time>2026-09-10T15:47:46.703Z</time>
			</trkpt>
			<trkpt lat="40.03935" lon="-0.90637">
				<ele>1134.6</ele>
				<time>2026-09-10T15:47:47.590Z</time>
			</trkpt>
			<trkpt lat="40.03944" lon="-0.90697">
				<ele>1138.92</ele>
				<time>2026-09-10T15:47:49.283Z</time>
			</trkpt>
			<trkpt lat="40.03946" lon="-0.90716">
				<ele>1137.61</ele>
				<time>2026-09-10T15:47:49.815Z</time>
			</trkpt>
			<trkpt lat="40.03944" lon="-0.90735">
				<ele>1134.9</ele>
				<time>2026-09-10T15:47:50.346Z</time>
			</trkpt>
			<trkpt lat="40.03932" lon="-0.90795">
				<ele>1131.83</ele>
				<time>2026-09-10T15:47:52.066Z</time>
			</trkpt>
			<trkpt lat="40.03917" lon="-0.90839">
				<ele>1131.88</ele>
				<time>2026-09-10T15:47:53.404Z</time>
			</trkpt>
			<trkpt lat="40.03903" lon="-0.90866">
				<ele>1134.09</ele>
				<time>2026-09-10T15:47:54.310Z</time>
			</trkpt>
			<trkpt lat="40.0389" lon="-0.90883">
				<ele>1135.14</ele>
				<time>2026-09-10T15:47:54.978Z</time>
			</trkpt>
			<trkpt lat="40.03871" lon="-0.90903">
				<ele>1135.04</ele>
				<time>2026-09-10T15:47:55.865Z</time>
			</trkpt>
			<trkpt lat="40.03844" lon="-0.90952">
				<ele>1140.01</ele>
				<time>2026-09-10T15:47:57.548Z</time>
			</trkpt>
			<trkpt lat="40.03832" lon="-0.90969">
				<ele>1141.75</ele>
				<time>2026-09-10T15:47:58.193Z</time>
			</trkpt>
			<trkpt lat="40.03795" lon="-0.91011">
				<ele>1141.49</ele>
				<time>2026-09-10T15:47:59.982Z</time>
			</trkpt>
			<trkpt lat="40.03785" lon="-0.91029">
				<ele>1141.08</ele>
				<time>2026-09-10T15:48:00.604Z</time>
			</trkpt>
			<trkpt lat="40.0377" lon="-0.91065">
				<ele>1140.2</ele>
				<time>2026-09-10T15:48:01.752Z</time>
			</trkpt>
			<trkpt lat="40.03762" lon="-0.91091">
				<ele>1140.15</ele>
				<time>2026-09-10T15:48:02.538Z</time>
			</trkpt>
			<trkpt lat="40.03749" lon="-0.91217">
				<ele>1141.34</ele>
				<time>2026-09-10T15:48:06.114Z</time>
			</trkpt>
			<trkpt lat="40.03745" lon="-0.91241">
				<ele>1145.82</ele>
				<time>2026-09-10T15:48:06.808Z</time>
			</trkpt>
			<trkpt lat="40.0373" lon="-0.91303">
				<ele>1149.23</ele>
				<time>2026-09-10T15:48:08.646Z</time>
			</trkpt>
			<trkpt lat="40.03727" lon="-0.91323">
				<ele>1147.91</ele>
				<time>2026-09-10T15:48:09.224Z</time>
			</trkpt>
			<trkpt lat="40.03727" lon="-0.91347">
				<ele>1147.77</ele>
				<time>2026-09-10T15:48:09.905Z</time>
			</trkpt>
			<trkpt lat="40.0373" lon="-0.91386">
				<ele>1149.69</ele>
				<time>2026-09-10T15:48:11.019Z</time>
			</trkpt>
			<trkpt lat="40.03729" lon="-0.91402">
				<ele>1150.3</ele>
				<time>2026-09-10T15:48:11.476Z</time>
			</trkpt>
			<trkpt lat="40.03725" lon="-0.91418">
				<ele>1150.19</ele>
				<time>2026-09-10T15:48:11.955Z</time>
			</trkpt>
			<trkpt lat="40.03685" lon="-0.91508">
				<ele>1148.37</ele>
				<time>2026-09-10T15:48:14.929Z</time>
			</trkpt>
			<trkpt lat="40.03658" lon="-0.91581">
				<ele>1149.8</ele>
				<time>2026-09-10T15:48:17.258Z</time>
			</trkpt>
			<trkpt lat="40.03652" lon="-0.916">
				<ele>1149.21</ele>
				<time>2026-09-10T15:48:17.850Z</time>
			</trkpt>
			<trkpt lat="40.03643" lon="-0.91647">
				<ele>1149.58</ele>
				<time>2026-09-10T15:48:19.250Z</time>
			</trkpt>
			<trkpt lat="40.03635" lon="-0.91675">
				<ele>1150.59</ele>
				<time>2026-09-10T15:48:20.115Z</time>
			</trkpt>
			<trkpt lat="40.03521" lon="-0.92014">
				<ele>1162.21</ele>
				<time>2026-09-10T15:48:30.992Z</time>
			</trkpt>
			<trkpt lat="40.03512" lon="-0.92037">
				<ele>1164.69</ele>
				<time>2026-09-10T15:48:31.762Z</time>
			</trkpt>
			<trkpt lat="40.03496" lon="-0.92064">
				<ele>1169.81</ele>
				<time>2026-09-10T15:48:32.783Z</time>
			</trkpt>
			<trkpt lat="40.03481" lon="-0.92083">
				<ele>1179.39</ele>
				<time>2026-09-10T15:48:33.602Z</time>
			</trkpt>
			<trkpt lat="40.03439" lon="-0.92128">
				<ele>1177.03</ele>
				<time>2026-09-10T15:48:35.738Z</time>
			</trkpt>
			<trkpt lat="40.0342" lon="-0.92153">
				<ele>1172.86</ele>
				<time>2026-09-10T15:48:36.803Z</time>
			</trkpt>
			<trkpt lat="40.03344" lon="-0.92274">
				<ele>1170.19</ele>
				<time>2026-09-10T15:48:41.579Z</time>
			</trkpt>
			<trkpt lat="40.03309" lon="-0.92318">
				<ele>1169.9</ele>
				<time>2026-09-10T15:48:43.535Z</time>
			</trkpt>
			<trkpt lat="40.03297" lon="-0.92346">
				<ele>1169.81</ele>
				<time>2026-09-10T15:48:44.529Z</time>
			</trkpt>
			<trkpt lat="40.03294" lon="-0.92372">
				<ele>1168.56</ele>
				<time>2026-09-10T15:48:45.346Z</time>
			</trkpt>
			<trkpt lat="40.03297" lon="-0.92396">
				<ele>1166.38</ele>
				<time>2026-09-10T15:48:46.103Z</time>
			</trkpt>
			<trkpt lat="40.03308" lon="-0.92435">
				<ele>1165.04</ele>
				<time>2026-09-10T15:48:47.402Z</time>
			</trkpt>
			<trkpt lat="40.03315" lon="-0.92451">
				<ele>1164.91</ele>
				<time>2026-09-10T15:48:47.979Z</time>
			</trkpt>
			<trkpt lat="40.03329" lon="-0.92464">
				<ele>1162.26</ele>
				<time>2026-09-10T15:48:48.684Z</time>
			</trkpt>
			<trkpt lat="40.03345" lon="-0.92474">
				<ele>1161.57</ele>
				<time>2026-09-10T15:48:49.413Z</time>
			</trkpt>
			<trkpt lat="40.03359" lon="-0.9248">
				<ele>1162.36</ele>
				<time>2026-09-10T15:48:50.020Z</time>
			</trkpt>
			<trkpt lat="40.034" lon="-0.92489">
				<ele>1161.21</ele>
				<time>2026-09-10T15:48:51.740Z</time>
			</trkpt>
			<trkpt lat="40.03414" lon="-0.92495">
				<ele>1166.15</ele>
				<time>2026-09-10T15:48:52.352Z</time>
			</trkpt>
			<trkpt lat="40.03424" lon="-0.92503">
				<ele>1168.54</ele>
				<time>2026-09-10T15:48:52.840Z</time>
			</trkpt>
			<trkpt lat="40.03432" lon="-0.92515">
				<ele>1170.29</ele>
				<time>2026-09-10T15:48:53.348Z</time>
			</trkpt>
			<trkpt lat="40.03436" lon="-0.92528">
				<ele>1170.39</ele>
				<time>2026-09-10T15:48:53.795Z</time>
			</trkpt>
			<trkpt lat="40.03439" lon="-0.92545">
				<ele>1171.72</ele>
				<time>2026-09-10T15:48:54.354Z</time>
			</trkpt>
			<trkpt lat="40.03445" lon="-0.92603">
				<ele>1175.28</ele>
				<time>2026-09-10T15:48:56.235Z</time>
			</trkpt>
			<trkpt lat="40.03445" lon="-0.9262">
				<ele>1176.77</ele>
				<time>2026-09-10T15:48:56.784Z</time>
			</trkpt>
			<trkpt lat="40.0344" lon="-0.92638">
				<ele>1177.76</ele>
				<time>2026-09-10T15:48:57.404Z</time>
			</trkpt>
			<trkpt lat="40.03431" lon="-0.92656">
				<ele>1179.91</ele>
				<time>2026-09-10T15:48:58.101Z</time>
			</trkpt>
			<trkpt lat="40.03417" lon="-0.92674">
				<ele>1182.03</ele>
				<time>2026-09-10T15:48:58.935Z</time>
			</trkpt>
			<trkpt lat="40.03398" lon="-0.92688">
				<ele>1185.02</ele>
				<time>2026-09-10T15:48:59.864Z</time>
			</trkpt>
			<trkpt lat="40.03353" lon="-0.92701">
				<ele>1185.54</ele>
				<time>2026-09-10T15:49:01.837Z</time>
			</trkpt>
			<trkpt lat="40.0334" lon="-0.92711">
				<ele>1186.13</ele>
				<time>2026-09-10T15:49:02.485Z</time>
			</trkpt>
			<trkpt lat="40.03314" lon="-0.92744">
				<ele>1190.75</ele>
				<time>2026-09-10T15:49:04.051Z</time>
			</trkpt>
			<trkpt lat="40.03294" lon="-0.92762">
				<ele>1193.56</ele>
				<time>2026-09-10T15:49:05.104Z</time>
			</trkpt>
			<trkpt lat="40.03271" lon="-0.92772">
				<ele>1194.62</ele>
				<time>2026-09-10T15:49:06.159Z</time>
			</trkpt>
			<trkpt lat="40.03204" lon="-0.92789">
				<ele>1195.86</ele>
				<time>2026-09-10T15:49:09.153Z</time>
			</trkpt>
			<trkpt lat="40.03186" lon="-0.92799">
				<ele>1193.46</ele>
				<time>2026-09-10T15:49:10.016Z</time>
			</trkpt>
			<trkpt lat="40.03177" lon="-0.9281">
				<ele>1192.32</ele>
				<time>2026-09-10T15:49:10.562Z</time>
			</trkpt>
			<trkpt lat="40.0317" lon="-0.92843">
				<ele>1197.64</ele>
				<time>2026-09-10T15:49:11.726Z</time>
			</trkpt>
			<trkpt lat="40.03164" lon="-0.92855">
				<ele>1197.53</ele>
				<time>2026-09-10T15:49:12.215Z</time>
			</trkpt>
			<trkpt lat="40.03124" lon="-0.92909">
				<ele>1204.25</ele>
				<time>2026-09-10T15:49:14.792Z</time>
			</trkpt>
			<trkpt lat="40.03095" lon="-0.92969">
				<ele>1208.63</ele>
				<time>2026-09-10T15:49:17.248Z</time>
			</trkpt>
			<trkpt lat="40.03087" lon="-0.9298">
				<ele>1208.67</ele>
				<time>2026-09-10T15:49:17.777Z</time>
			</trkpt>
			<trkpt lat="40.03041" lon="-0.93021">
				<ele>1208.35</ele>
				<time>2026-09-10T15:49:20.322Z</time>
			</trkpt>
			<trkpt lat="40.03032" lon="-0.93032">
				<ele>1208.44</ele>
				<time>2026-09-10T15:49:20.889Z</time>
			</trkpt>
			<trkpt lat="40.03026" lon="-0.93043">
				<ele>1209.65</ele>
				<time>2026-09-10T15:49:21.366Z</time>
			</trkpt>
			<trkpt lat="40.02993" lon="-0.93155">
				<ele>1207.2</ele>
				<time>2026-09-10T15:49:25.636Z</time>
			</trkpt>
			<trkpt lat="40.02992" lon="-0.93169">
				<ele>1206.69</ele>
				<time>2026-09-10T15:49:26.141Z</time>
			</trkpt>
			<trkpt lat="40.02994" lon="-0.93186">
				<ele>1206.39</ele>
				<time>2026-09-10T15:49:26.760Z</time>
			</trkpt>
			<trkpt lat="40.03028" lon="-0.93356">
				<ele>1215.18</ele>
				<time>2026-09-10T15:49:33.164Z</time>
			</trkpt>
			<trkpt lat="40.0303" lon="-0.93375">
				<ele>1215.86</ele>
				<time>2026-09-10T15:49:33.873Z</time>
			</trkpt>
			<trkpt lat="40.02991" lon="-0.93589">
				<ele>1223.57</ele>
				<time>2026-09-10T15:49:42.134Z</time>
			</trkpt>
			<trkpt lat="40.02988" lon="-0.93614">
				<ele>1221.84</ele>
				<time>2026-09-10T15:49:43.101Z</time>
			</trkpt>
			<trkpt lat="40.02989" lon="-0.93659">
				<ele>1225.99</ele>
				<time>2026-09-10T15:49:44.830Z</time>
			</trkpt>
			<trkpt lat="40.02992" lon="-0.93684">
				<ele>1228.34</ele>
				<time>2026-09-10T15:49:45.806Z</time>
			</trkpt>
			<trkpt lat="40.03001" lon="-0.93713">
				<ele>1230.59</ele>
				<time>2026-09-10T15:49:47.019Z</time>
			</trkpt>
			<trkpt lat="40.03004" lon="-0.93732">
				<ele>1231.73</ele>
				<time>2026-09-10T15:49:47.773Z</time>
			</trkpt>
			<trkpt lat="40.03001" lon="-0.93749">
				<ele>1230.5</ele>
				<time>2026-09-10T15:49:48.454Z</time>
			</trkpt>
			<trkpt lat="40.02992" lon="-0.93769">
				<ele>1232.39</ele>
				<time>2026-09-10T15:49:49.361Z</time>
			</trkpt>
			<trkpt lat="40.0298" lon="-0.93786">
				<ele>1232.6</ele>
				<time>2026-09-10T15:49:50.268Z</time>
			</trkpt>
			<trkpt lat="40.02966" lon="-0.93799">
				<ele>1232.23</ele>
				<time>2026-09-10T15:49:51.151Z</time>
			</trkpt>
			<trkpt lat="40.0295" lon="-0.93808">
				<ele>1234.57</ele>
				<time>2026-09-10T15:49:52.050Z</time>
			</trkpt>
			<trkpt lat="40.02933" lon="-0.93813">
				<ele>1236.16</ele>
				<time>2026-09-10T15:49:52.952Z</time>
			</trkpt>
			<trkpt lat="40.02864" lon="-0.93806">
				<ele>1232.22</ele>
				<time>2026-09-10T15:49:56.563Z</time>
			</trkpt>
			<trkpt lat="40.02848" lon="-0.93807">
				<ele>1231.31</ele>
				<time>2026-09-10T15:49:57.406Z</time>
			</trkpt>
			<trkpt lat="40.02836" lon="-0.93812">
				<ele>1231.29</ele>
				<time>2026-09-10T15:49:58.070Z</time>
			</trkpt>
			<trkpt lat="40.02825" lon="-0.93822">
				<ele>1232.31</ele>
				<time>2026-09-10T15:49:58.779Z</time>
			</trkpt>
			<trkpt lat="40.02814" lon="-0.93839">
				<ele>1232.05</ele>
				<time>2026-09-10T15:49:59.683Z</time>
			</trkpt>
			<trkpt lat="40.02788" lon="-0.93894">
				<ele>1230.63</ele>
				<time>2026-09-10T15:50:02.325Z</time>
			</trkpt>
			<trkpt lat="40.02778" lon="-0.93906">
				<ele>1229.26</ele>
				<time>2026-09-10T15:50:03.055Z</time>
			</trkpt>
			<trkpt lat="40.02718" lon="-0.93949">
				<ele>1232.81</ele>
				<time>2026-09-10T15:50:06.761Z</time>
			</trkpt>
			<trkpt lat="40.02711" lon="-0.93958">
				<ele>1233.85</ele>
				<time>2026-09-10T15:50:07.297Z</time>
			</trkpt>
			<trkpt lat="40.02695" lon="-0.9399">
				<ele>1236.03</ele>
				<time>2026-09-10T15:50:08.899Z</time>
			</trkpt>
			<trkpt lat="40.02691" lon="-0.94007">
				<ele>1238.42</ele>
				<time>2026-09-10T15:50:09.648Z</time>
			</trkpt>
			<trkpt lat="40.02695" lon="-0.94051">
				<ele>1242.24</ele>
				<time>2026-09-10T15:50:11.523Z</time>
			</trkpt>
			<trkpt lat="40.02695" lon="-0.94073">
				<ele>1245.45</ele>
				<time>2026-09-10T15:50:12.459Z</time>
			</trkpt>
			<trkpt lat="40.0269" lon="-0.94096">
				<ele>1248.14</ele>
				<time>2026-09-10T15:50:13.479Z</time>
			</trkpt>
			<trkpt lat="40.02681" lon="-0.94114">
				<ele>1249.16</ele>
				<time>2026-09-10T15:50:14.400Z</time>
			</trkpt>
			<trkpt lat="40.02665" lon="-0.94133">
				<ele>1250.19</ele>
				<time>2026-09-10T15:50:15.613Z</time>
			</trkpt>
			<trkpt lat="40.0265" lon="-0.94144">
				<ele>1249.98</ele>
				<time>2026-09-10T15:50:16.583Z</time>
			</trkpt>
			<trkpt lat="40.02598" lon="-0.94173">
				<ele>1248.83</ele>
				<time>2026-09-10T15:50:19.792Z</time>
			</trkpt>
			<trkpt lat="40.02587" lon="-0.94189">
				<ele>1249.62</ele>
				<time>2026-09-10T15:50:20.734Z</time>
			</trkpt>
			<trkpt lat="40.0258" lon="-0.94206">
				<ele>1250.83</ele>
				<time>2026-09-10T15:50:21.582Z</time>
			</trkpt>
			<trkpt lat="40.02577" lon="-0.94228">
				<ele>1252.57</ele>
				<time>2026-09-10T15:50:22.566Z</time>
			</trkpt>
			<trkpt lat="40.02577" lon="-0.94262">
				<ele>1255.93</ele>
				<time>2026-09-10T15:50:24.071Z</time>
			</trkpt>
			<trkpt lat="40.02572" lon="-0.94274">
				<ele>1255.59</ele>
				<time>2026-09-10T15:50:24.677Z</time>
			</trkpt>
			<trkpt lat="40.0252" lon="-0.94342">
				<ele>1249.21</ele>
				<time>2026-09-10T15:50:28.982Z</time>
			</trkpt>
			<trkpt lat="40.02513" lon="-0.94357">
				<ele>1250.1</ele>
				<time>2026-09-10T15:50:29.776Z</time>
			</trkpt>
			<trkpt lat="40.0251" lon="-0.94371">
				<ele>1251.47</ele>
				<time>2026-09-10T15:50:30.434Z</time>
			</trkpt>
			<trkpt lat="40.02508" lon="-0.9441">
				<ele>1254.41</ele>
				<time>2026-09-10T15:50:32.212Z</time>
			</trkpt>
			<trkpt lat="40.02504" lon="-0.94425">
				<ele>1254.53</ele>
				<time>2026-09-10T15:50:32.938Z</time>
			</trkpt>
			<trkpt lat="40.02497" lon="-0.94437">
				<ele>1253.79</ele>
				<time>2026-09-10T15:50:33.628Z</time>
			</trkpt>
			<trkpt lat="40.02485" lon="-0.94448">
				<ele>1258</ele>
				<time>2026-09-10T15:50:34.507Z</time>
			</trkpt>
			<trkpt lat="40.02423" lon="-0.94474">
				<ele>1264.42</ele>
				<time>2026-09-10T15:50:38.443Z</time>
			</trkpt>
			<trkpt lat="40.02371" lon="-0.94516">
				<ele>1256.72</ele>
				<time>2026-09-10T15:50:42.187Z</time>
			</trkpt>
			<trkpt lat="40.02333" lon="-0.94568">
				<ele>1255.69</ele>
				<time>2026-09-10T15:50:45.597Z</time>
			</trkpt>
			<trkpt lat="40.02326" lon="-0.94584">
				<ele>1256.59</ele>
				<time>2026-09-10T15:50:46.477Z</time>
			</trkpt>
			<trkpt lat="40.02319" lon="-0.94613">
				<ele>1258.77</ele>
				<time>2026-09-10T15:50:47.935Z</time>
			</trkpt>
			<trkpt lat="40.02312" lon="-0.94629">
				<ele>1258.53</ele>
				<time>2026-09-10T15:50:48.823Z</time>
			</trkpt>
			<trkpt lat="40.0222" lon="-0.94737">
				<ele>1254.79</ele>
				<time>2026-09-10T15:50:56.711Z</time>
			</trkpt>
			<trkpt lat="40.02215" lon="-0.94746">
				<ele>1255.18</ele>
				<time>2026-09-10T15:50:57.261Z</time>
			</trkpt>
			<trkpt lat="40.02207" lon="-0.94768">
				<ele>1257.29</ele>
				<time>2026-09-10T15:50:58.470Z</time>
			</trkpt>
			<trkpt lat="40.02204" lon="-0.94783">
				<ele>1259.39</ele>
				<time>2026-09-10T15:50:59.242Z</time>
			</trkpt>
			<trkpt lat="40.02198" lon="-0.94793">
				<ele>1260.09</ele>
				<time>2026-09-10T15:50:59.876Z</time>
			</trkpt>
			<trkpt lat="40.02175" lon="-0.94813">
				<ele>1261.98</ele>
				<time>2026-09-10T15:51:01.684Z</time>
			</trkpt>
			<trkpt lat="40.02118" lon="-0.94917">
				<ele>1270.43</ele>
				<time>2026-09-10T15:51:08.174Z</time>
			</trkpt>
			<trkpt lat="40.02106" lon="-0.94966">
				<ele>1276.55</ele>
				<time>2026-09-10T15:51:10.822Z</time>
			</trkpt>
			<trkpt lat="40.02088" lon="-0.95008">
				<ele>1276.7</ele>
				<time>2026-09-10T15:51:13.319Z</time>
			</trkpt>
			<trkpt lat="40.02082" lon="-0.95033">
				<ele>1276.9</ele>
				<time>2026-09-10T15:51:14.686Z</time>
			</trkpt>
			<trkpt lat="40.02083" lon="-0.95056">
				<ele>1279.12</ele>
				<time>2026-09-10T15:51:15.893Z</time>
			</trkpt>
			<trkpt lat="40.02102" lon="-0.95122">
				<ele>1282.05</ele>
				<time>2026-09-10T15:51:19.614Z</time>
			</trkpt>
			<trkpt lat="40.02109" lon="-0.95168">
				<ele>1283.75</ele>
				<time>2026-09-10T15:51:22.113Z</time>
			</trkpt>
			<trkpt lat="40.02109" lon="-0.95188">
				<ele>1286.67</ele>
				<time>2026-09-10T15:51:23.184Z</time>
			</trkpt>
			<trkpt lat="40.02106" lon="-0.952">
				<ele>1288.42</ele>
				<time>2026-09-10T15:51:23.862Z</time>
			</trkpt>
			<trkpt lat="40.02095" lon="-0.9521">
				<ele>1289.19</ele>
				<time>2026-09-10T15:51:24.804Z</time>
			</trkpt>
			<trkpt lat="40.02046" lon="-0.95221">
				<ele>1289.6</ele>
				<time>2026-09-10T15:51:28.321Z</time>
			</trkpt>
			<trkpt lat="40.02004" lon="-0.9524">
				<ele>1291.29</ele>
				<time>2026-09-10T15:51:31.496Z</time>
			</trkpt>
			<trkpt lat="40.01994" lon="-0.95247">
				<ele>1291.32</ele>
				<time>2026-09-10T15:51:32.311Z</time>
			</trkpt>
			<trkpt lat="40.01986" lon="-0.95262">
				<ele>1291.85</ele>
				<time>2026-09-10T15:51:33.319Z</time>
			</trkpt>
			<trkpt lat="40.01979" lon="-0.95301">
				<ele>1291.59</ele>
				<time>2026-09-10T15:51:35.539Z</time>
			</trkpt>
			<trkpt lat="40.01978" lon="-0.95316">
				<ele>1290.31</ele>
				<time>2026-09-10T15:51:36.378Z</time>
			</trkpt>
			<trkpt lat="40.01985" lon="-0.95326">
				<ele>1290.54</ele>
				<time>2026-09-10T15:51:37.133Z</time>
			</trkpt>
			<trkpt lat="40.01996" lon="-0.95333">
				<ele>1291.48</ele>
				<time>2026-09-10T15:51:38.027Z</time>
			</trkpt>
			<trkpt lat="40.02056" lon="-0.95345">
				<ele>1313.12</ele>
				<time>2026-09-10T15:51:42.493Z</time>
			</trkpt>
			<trkpt lat="40.02066" lon="-0.95353">
				<ele>1313.49</ele>
				<time>2026-09-10T15:51:43.362Z</time>
			</trkpt>
			<trkpt lat="40.02082" lon="-0.95379">
				<ele>1309.57</ele>
				<time>2026-09-10T15:51:45.263Z</time>
			</trkpt>
			<trkpt lat="40.02098" lon="-0.95389">
				<ele>1306.53</ele>
				<time>2026-09-10T15:51:46.589Z</time>
			</trkpt>
			<trkpt lat="40.02124" lon="-0.95396">
				<ele>1307.61</ele>
				<time>2026-09-10T15:51:48.582Z</time>
			</trkpt>
			<trkpt lat="40.02175" lon="-0.95395">
				<ele>1316.28</ele>
				<time>2026-09-10T15:51:52.443Z</time>
			</trkpt>
			<trkpt lat="40.02187" lon="-0.95402">
				<ele>1315.7</ele>
				<time>2026-09-10T15:51:53.445Z</time>
			</trkpt>
			<trkpt lat="40.02201" lon="-0.95434">
				<ele>1313.68</ele>
				<time>2026-09-10T15:51:55.604Z</time>
			</trkpt>
			<trkpt lat="40.0222" lon="-0.95461">
				<ele>1317.82</ele>
				<time>2026-09-10T15:51:57.766Z</time>
			</trkpt>
			<trkpt lat="40.02234" lon="-0.95474">
				<ele>1319.01</ele>
				<time>2026-09-10T15:51:59.094Z</time>
			</trkpt>
			<trkpt lat="40.02265" lon="-0.95481">
				<ele>1322.31</ele>
				<time>2026-09-10T15:52:01.539Z</time>
			</trkpt>
			<trkpt lat="40.0228" lon="-0.9549">
				<ele>1322.08</ele>
				<time>2026-09-10T15:52:02.829Z</time>
			</trkpt>
			<trkpt lat="40.02316" lon="-0.95521">
				<ele>1326.46</ele>
				<time>2026-09-10T15:52:06.297Z</time>
			</trkpt>
			<trkpt lat="40.02349" lon="-0.95542">
				<ele>1327.09</ele>
				<time>2026-09-10T15:52:09.441Z</time>
			</trkpt>
			<trkpt lat="40.02352" lon="-0.95552">
				<ele>1326.84</ele>
				<time>2026-09-10T15:52:10.168Z</time>
			</trkpt>
			<trkpt lat="40.02352" lon="-0.95566">
				<ele>1327.8</ele>
				<time>2026-09-10T15:52:11.127Z</time>
			</trkpt>
			<trkpt lat="40.02344" lon="-0.95576">
				<ele>1329.05</ele>
				<time>2026-09-10T15:52:12.132Z</time>
			</trkpt>
			<trkpt lat="40.02333" lon="-0.95581">
				<ele>1329.65</ele>
				<time>2026-09-10T15:52:13.204Z</time>
			</trkpt>
			<trkpt lat="40.02263" lon="-0.95584">
				<ele>1334.15</ele>
				<time>2026-09-10T15:52:19.934Z</time>
			</trkpt>
			<trkpt lat="40.02195" lon="-0.95601">
				<ele>1329.04</ele>
				<time>2026-09-10T15:52:26.992Z</time>
			</trkpt>
			<trkpt lat="40.02178" lon="-0.9562">
				<ele>1330.72</ele>
				<time>2026-09-10T15:52:29.342Z</time>
			</trkpt>
			<trkpt lat="40.02161" lon="-0.95646">
				<ele>1332.18</ele>
				<time>2026-09-10T15:52:32.125Z</time>
			</trkpt>
			<trkpt lat="40.02157" lon="-0.95673">
				<ele>1334.08</ele>
				<time>2026-09-10T15:52:34.388Z</time>
			</trkpt>
			<trkpt lat="40.02165" lon="-0.95722">
				<ele>1335.47</ele>
				<time>2026-09-10T15:52:38.552Z</time>
			</trkpt>
			<trkpt lat="40.02173" lon="-0.95745">
				<ele>1337.81</ele>
				<time>2026-09-10T15:52:40.668Z</time>
			</trkpt>
			<trkpt lat="40.02186" lon="-0.95769">
				<ele>1338.59</ele>
				<time>2026-09-10T15:52:43.139Z</time>
			</trkpt>
			<trkpt lat="40.02217" lon="-0.95803">
				<ele>1337.43</ele>
				<time>2026-09-10T15:52:47.599Z</time>
			</trkpt>
			<trkpt lat="40.02253" lon="-0.95829">
				<ele>1337.3</ele>
				<time>2026-09-10T15:52:52.132Z</time>
			</trkpt>
			<trkpt lat="40.02266" lon="-0.95835">
				<ele>1338.97</ele>
				<time>2026-09-10T15:52:53.648Z</time>
			</trkpt>
			<trkpt lat="40.02296" lon="-0.95841">
				<ele>1343.83</ele>
				<time>2026-09-10T15:52:56.971Z</time>
			</trkpt>
			<trkpt lat="40.02303" lon="-0.95847">
				<ele>1344.43</ele>
				<time>2026-09-10T15:52:57.884Z</time>
			</trkpt>
			<trkpt lat="40.02308" lon="-0.95846">
				<ele>1346.16</ele>
				<time>2026-09-10T15:52:58.434Z</time>
			</trkpt>
			<trkpt lat="40.02317" lon="-0.95854">
				<ele>1348.56</ele>
				<time>2026-09-10T15:52:59.616Z</time>
			</trkpt>
			<trkpt lat="40.02321" lon="-0.95866">
				<ele>1348.98</ele>
				<time>2026-09-10T15:53:00.701Z</time>
			</trkpt>
			<trkpt lat="40.02321" lon="-0.95905">
				<ele>1348.49</ele>
				<time>2026-09-10T15:53:03.908Z</time>
			</trkpt>
			<trkpt lat="40.02319" lon="-0.95934">
				<ele>1347.67</ele>
				<time>2026-09-10T15:53:06.276Z</time>
			</trkpt>
			<trkpt lat="40.02318" lon="-0.95949">
				<ele>1347.09</ele>
				<time>2026-09-10T15:53:07.490Z</time>
			</trkpt>
			<trkpt lat="40.0232" lon="-0.95981">
				<ele>1346.9</ele>
				<time>2026-09-10T15:53:10.052Z</time>
			</trkpt>
			<trkpt lat="40.02325" lon="-0.95989">
				<ele>1348.73</ele>
				<time>2026-09-10T15:53:10.868Z</time>
			</trkpt>
			<trkpt lat="40.02331" lon="-0.95992">
				<ele>1351.01</ele>
				<time>2026-09-10T15:53:11.527Z</time>
			</trkpt>
			<trkpt lat="40.02337" lon="-0.9599">
				<ele>1353.78</ele>
				<time>2026-09-10T15:53:12.154Z</time>
			</trkpt>
			<trkpt lat="40.0234" lon="-0.95978">
				<ele>1355.1</ele>
				<time>2026-09-10T15:53:13.079Z</time>
			</trkpt>
			<trkpt lat="40.02342" lon="-0.95895">
				<ele>1357.68</ele>
				<time>2026-09-10T15:53:17.911Z</time>
			</trkpt>
			<trkpt lat="40.02347" lon="-0.95812">
				<ele>1362.15</ele>
				<time>2026-09-10T15:53:21.887Z</time>
			</trkpt>
			<trkpt lat="40.02344" lon="-0.95798">
				<ele>1362.63</ele>
				<time>2026-09-10T15:53:22.629Z</time>
			</trkpt>
			<trkpt lat="40.02336" lon="-0.9579">
				<ele>1362</ele>
				<time>2026-09-10T15:53:23.334Z</time>
			</trkpt>
			<trkpt lat="40.02323" lon="-0.95782">
				<ele>1362.36</ele>
				<time>2026-09-10T15:53:24.411Z</time>
			</trkpt>
			<trkpt lat="40.0231" lon="-0.95775">
				<ele>1363.96</ele>
				<time>2026-09-10T15:53:25.562Z</time>
			</trkpt>
			<trkpt lat="40.02349" lon="-0.95768">
				<ele>1367.64</ele>
				<time>2026-09-10T15:53:29.471Z</time>
			</trkpt>
			<trkpt lat="40.02355" lon="-0.95763">
				<ele>1368.94</ele>
				<time>2026-09-10T15:53:30.310Z</time>
			</trkpt>
			<trkpt lat="40.02349" lon="-0.95768">
				<ele>1367.64</ele>
				<time>2026-09-10T15:53:31.195Z</time>
			</trkpt>
			<trkpt lat="40.0231" lon="-0.95775">
				<ele>1363.96</ele>
				<time>2026-09-10T15:53:37.052Z</time>
			</trkpt>
			<trkpt lat="40.02323" lon="-0.95782">
				<ele>1362.36</ele>
				<time>2026-09-10T15:53:39.592Z</time>
			</trkpt>
			<trkpt lat="40.02336" lon="-0.9579">
				<ele>1362</ele>
				<time>2026-09-10T15:53:42.465Z</time>
			</trkpt>
			<trkpt lat="40.02344" lon="-0.95798">
				<ele>1362.63</ele>
				<time>2026-09-10T15:53:44.658Z</time>
			</trkpt>
			<trkpt lat="40.02347" lon="-0.95812">
				<ele>1362.15</ele>
				<time>2026-09-10T15:53:50.862Z</time>
			</trkpt>
			<trkpt lat="40.02342" lon="-0.95895">
				<ele>1357.68</ele>
				<time>2026-09-10T15:54:28.676Z</time>
			</trkpt>
			<trkpt lat="40.0234" lon="-0.95978">
				<ele>1355.1</ele>
				<time>2026-09-10T15:54:37.988Z</time>
			</trkpt>
			<trkpt lat="40.02337" lon="-0.9599">
				<ele>1353.78</ele>
				<time>2026-09-10T15:54:39.212Z</time>
			</trkpt>
			<trkpt lat="40.02331" lon="-0.95992">
				<ele>1351.01</ele>
				<time>2026-09-10T15:54:39.982Z</time>
			</trkpt>
			<trkpt lat="40.02325" lon="-0.95989">
				<ele>1348.73</ele>
				<time>2026-09-10T15:54:40.769Z</time>
			</trkpt>
			<trkpt lat="40.0232" lon="-0.95981">
				<ele>1346.9</ele>
				<time>2026-09-10T15:54:41.722Z</time>
			</trkpt>
			<trkpt lat="40.02318" lon="-0.95949">
				<ele>1347.09</ele>
				<time>2026-09-10T15:54:44.578Z</time>
			</trkpt>
			<trkpt lat="40.02319" lon="-0.95934">
				<ele>1347.67</ele>
				<time>2026-09-10T15:54:45.864Z</time>
			</trkpt>
			<trkpt lat="40.02321" lon="-0.95905">
				<ele>1348.49</ele>
				<time>2026-09-10T15:54:48.259Z</time>
			</trkpt>
			<trkpt lat="40.02321" lon="-0.95866">
				<ele>1348.98</ele>
				<time>2026-09-10T15:54:51.294Z</time>
			</trkpt>
			<trkpt lat="40.02317" lon="-0.95854">
				<ele>1348.56</ele>
				<time>2026-09-10T15:54:52.271Z</time>
			</trkpt>
			<trkpt lat="40.02308" lon="-0.95846">
				<ele>1346.16</ele>
				<time>2026-09-10T15:54:53.310Z</time>
			</trkpt>
			<trkpt lat="40.02303" lon="-0.95847">
				<ele>1344.43</ele>
				<time>2026-09-10T15:54:53.785Z</time>
			</trkpt>
			<trkpt lat="40.02308" lon="-0.95857">
				<ele>1344.67</ele>
				<time>2026-09-10T15:54:54.633Z</time>
			</trkpt>
			<trkpt lat="40.0231" lon="-0.95871">
				<ele>1344.28</ele>
				<time>2026-09-10T15:54:55.625Z</time>
			</trkpt>
			<trkpt lat="40.02311" lon="-0.95887">
				<ele>1343.36</ele>
				<time>2026-09-10T15:54:56.720Z</time>
			</trkpt>
			<trkpt lat="40.0231" lon="-0.95908">
				<ele>1343.41</ele>
				<time>2026-09-10T15:54:58.120Z</time>
			</trkpt>
			<trkpt lat="40.02299" lon="-0.95973">
				<ele>1339.99</ele>
				<time>2026-09-10T15:55:02.324Z</time>
			</trkpt>
			<trkpt lat="40.02285" lon="-0.96015">
				<ele>1335.6</ele>
				<time>2026-09-10T15:55:05.060Z</time>
			</trkpt>
			<trkpt lat="40.02268" lon="-0.96085">
				<ele>1329.79</ele>
				<time>2026-09-10T15:55:09.326Z</time>
			</trkpt>
			<trkpt lat="40.02263" lon="-0.96101">
				<ele>1328.81</ele>
				<time>2026-09-10T15:55:10.318Z</time>
			</trkpt>
			<trkpt lat="40.02256" lon="-0.96114">
				<ele>1327.48</ele>
				<time>2026-09-10T15:55:11.226Z</time>
			</trkpt>
			<trkpt lat="40.02237" lon="-0.96138">
				<ele>1325.22</ele>
				<time>2026-09-10T15:55:13.185Z</time>
			</trkpt>
			<trkpt lat="40.0223" lon="-0.96153">
				<ele>1324.8</ele>
				<time>2026-09-10T15:55:14.175Z</time>
			</trkpt>
			<trkpt lat="40.02216" lon="-0.96204">
				<ele>1321.57</ele>
				<time>2026-09-10T15:55:17.198Z</time>
			</trkpt>
			<trkpt lat="40.02213" lon="-0.96223">
				<ele>1318.76</ele>
				<time>2026-09-10T15:55:18.270Z</time>
			</trkpt>
			<trkpt lat="40.02215" lon="-0.96242">
				<ele>1315.92</ele>
				<time>2026-09-10T15:55:19.324Z</time>
			</trkpt>
			<trkpt lat="40.02223" lon="-0.96281">
				<ele>1315.36</ele>
				<time>2026-09-10T15:55:21.525Z</time>
			</trkpt>
			<trkpt lat="40.02229" lon="-0.96326">
				<ele>1316.7</ele>
				<time>2026-09-10T15:55:23.986Z</time>
			</trkpt>
			<trkpt lat="40.02235" lon="-0.96497">
				<ele>1329.43</ele>
				<time>2026-09-10T15:55:32.941Z</time>
			</trkpt>
			<trkpt lat="40.02234" lon="-0.96529">
				<ele>1328.82</ele>
				<time>2026-09-10T15:55:34.570Z</time>
			</trkpt>
			<trkpt lat="40.02226" lon="-0.96608">
				<ele>1326.67</ele>
				<time>2026-09-10T15:55:38.561Z</time>
			</trkpt>
			<trkpt lat="40.02225" lon="-0.96636">
				<ele>1326.88</ele>
				<time>2026-09-10T15:55:39.944Z</time>
			</trkpt>
			<trkpt lat="40.0223" lon="-0.96871">
				<ele>1309.73</ele>
				<time>2026-09-10T15:55:51.129Z</time>
			</trkpt>
			<trkpt lat="40.02229" lon="-0.96984">
				<ele>1304.65</ele>
				<time>2026-09-10T15:55:56.251Z</time>
			</trkpt>
			<trkpt lat="40.02227" lon="-0.97014">
				<ele>1301.88</ele>
				<time>2026-09-10T15:55:57.588Z</time>
			</trkpt>
			<trkpt lat="40.02221" lon="-0.97035">
				<ele>1301.22</ele>
				<time>2026-09-10T15:55:58.576Z</time>
			</trkpt>
			<trkpt lat="40.02212" lon="-0.97053">
				<ele>1303.34</ele>
				<time>2026-09-10T15:55:59.518Z</time>
			</trkpt>
			<trkpt lat="40.02191" lon="-0.97075">
				<ele>1304.48</ele>
				<time>2026-09-10T15:56:01.047Z</time>
			</trkpt>
			<trkpt lat="40.02174" lon="-0.97083">
				<ele>1303.84</ele>
				<time>2026-09-10T15:56:02.064Z</time>
			</trkpt>
			<trkpt lat="40.02159" lon="-0.97085">
				<ele>1303.16</ele>
				<time>2026-09-10T15:56:02.908Z</time>
			</trkpt>
			<trkpt lat="40.02127" lon="-0.97079">
				<ele>1303.09</ele>
				<time>2026-09-10T15:56:04.701Z</time>
			</trkpt>
			<trkpt lat="40.02116" lon="-0.97072">
				<ele>1304.26</ele>
				<time>2026-09-10T15:56:05.375Z</time>
			</trkpt>
			<trkpt lat="40.02102" lon="-0.97053">
				<ele>1308.23</ele>
				<time>2026-09-10T15:56:06.479Z</time>
			</trkpt>
			<trkpt lat="40.02083" lon="-0.97009">
				<ele>1306.89</ele>
				<time>2026-09-10T15:56:08.572Z</time>
			</trkpt>
			<trkpt lat="40.02072" lon="-0.96996">
				<ele>1307.37</ele>
				<time>2026-09-10T15:56:09.367Z</time>
			</trkpt>
			<trkpt lat="40.02057" lon="-0.96984">
				<ele>1309.43</ele>
				<time>2026-09-10T15:56:10.304Z</time>
			</trkpt>
			<trkpt lat="40.0203" lon="-0.96972">
				<ele>1309.53</ele>
				<time>2026-09-10T15:56:11.811Z</time>
			</trkpt>
			<trkpt lat="40.01871" lon="-0.96923">
				<ele>1315.68</ele>
				<time>2026-09-10T15:56:20.141Z</time>
			</trkpt>
			<trkpt lat="40.01854" lon="-0.96922">
				<ele>1315.92</ele>
				<time>2026-09-10T15:56:20.981Z</time>
			</trkpt>
			<trkpt lat="40.0184" lon="-0.96925">
				<ele>1315.81</ele>
				<time>2026-09-10T15:56:21.677Z</time>
			</trkpt>
			<trkpt lat="40.01825" lon="-0.96932">
				<ele>1316.13</ele>
				<time>2026-09-10T15:56:22.454Z</time>
			</trkpt>
			<trkpt lat="40.0178" lon="-0.96968">
				<ele>1317.58</ele>
				<time>2026-09-10T15:56:24.996Z</time>
			</trkpt>
			<trkpt lat="40.01764" lon="-0.96986">
				<ele>1317.49</ele>
				<time>2026-09-10T15:56:26.000Z</time>
			</trkpt>
			<trkpt lat="40.01753" lon="-0.97007">
				<ele>1317.96</ele>
				<time>2026-09-10T15:56:26.919Z</time>
			</trkpt>
			<trkpt lat="40.01741" lon="-0.97059">
				<ele>1314.77</ele>
				<time>2026-09-10T15:56:28.859Z</time>
			</trkpt>
			<trkpt lat="40.01733" lon="-0.97083">
				<ele>1314.75</ele>
				<time>2026-09-10T15:56:29.784Z</time>
			</trkpt>
			<trkpt lat="40.0172" lon="-0.97105">
				<ele>1315.62</ele>
				<time>2026-09-10T15:56:30.759Z</time>
			</trkpt>
			<trkpt lat="40.01708" lon="-0.97118">
				<ele>1318.29</ele>
				<time>2026-09-10T15:56:31.468Z</time>
			</trkpt>
			<trkpt lat="40.01643" lon="-0.97165">
				<ele>1320</ele>
				<time>2026-09-10T15:56:34.793Z</time>
			</trkpt>
			<trkpt lat="40.0163" lon="-0.97182">
				<ele>1319.26</ele>
				<time>2026-09-10T15:56:35.603Z</time>
			</trkpt>
			<trkpt lat="40.01621" lon="-0.972">
				<ele>1318.62</ele>
				<time>2026-09-10T15:56:36.323Z</time>
			</trkpt>
			<trkpt lat="40.0151" lon="-0.97476">
				<ele>1303.63</ele>
				<time>2026-09-10T15:56:46.308Z</time>
			</trkpt>
			<trkpt lat="40.01494" lon="-0.9751">
				<ele>1302.52</ele>
				<time>2026-09-10T15:56:47.527Z</time>
			</trkpt>
			<trkpt lat="40.01466" lon="-0.97557">
				<ele>1300.8</ele>
				<time>2026-09-10T15:56:49.322Z</time>
			</trkpt>
			<trkpt lat="40.01451" lon="-0.97585">
				<ele>1300.56</ele>
				<time>2026-09-10T15:56:50.339Z</time>
			</trkpt>
			<trkpt lat="40.01443" lon="-0.97605">
				<ele>1300.56</ele>
				<time>2026-09-10T15:56:51.006Z</time>
			</trkpt>
			<trkpt lat="40.01436" lon="-0.97631">
				<ele>1299.18</ele>
				<time>2026-09-10T15:56:51.816Z</time>
			</trkpt>
			<trkpt lat="40.01428" lon="-0.97662">
				<ele>1298.1</ele>
				<time>2026-09-10T15:56:52.769Z</time>
			</trkpt>
			<trkpt lat="40.01407" lon="-0.97799">
				<ele>1291.75</ele>
				<time>2026-09-10T15:56:56.752Z</time>
			</trkpt>
			<trkpt lat="40.01406" lon="-0.97827">
				<ele>1290.6</ele>
				<time>2026-09-10T15:56:57.535Z</time>
			</trkpt>
			<trkpt lat="40.01415" lon="-0.97902">
				<ele>1294.1</ele>
				<time>2026-09-10T15:56:59.627Z</time>
			</trkpt>
			<trkpt lat="40.01417" lon="-0.97932">
				<ele>1291.83</ele>
				<time>2026-09-10T15:57:00.446Z</time>
			</trkpt>
			<trkpt lat="40.01416" lon="-0.97963">
				<ele>1287.7</ele>
				<time>2026-09-10T15:57:01.284Z</time>
			</trkpt>
			<trkpt lat="40.0141" lon="-0.98001">
				<ele>1283.56</ele>
				<time>2026-09-10T15:57:02.323Z</time>
			</trkpt>
			<trkpt lat="40.01403" lon="-0.98018">
				<ele>1282.75</ele>
				<time>2026-09-10T15:57:02.836Z</time>
			</trkpt>
			<trkpt lat="40.01346" lon="-0.98097">
				<ele>1279.44</ele>
				<time>2026-09-10T15:57:05.680Z</time>
			</trkpt>
			<trkpt lat="40.01294" lon="-0.98185">
				<ele>1276.63</ele>
				<time>2026-09-10T15:57:08.520Z</time>
			</trkpt>
			<trkpt lat="40.0127" lon="-0.98249">
				<ele>1274</ele>
				<time>2026-09-10T15:57:10.304Z</time>
			</trkpt>
			<trkpt lat="40.0126" lon="-0.9827">
				<ele>1271.54</ele>
				<time>2026-09-10T15:57:10.917Z</time>
			</trkpt>
			<trkpt lat="40.01247" lon="-0.98286">
				<ele>1269.91</ele>
				<time>2026-09-10T15:57:11.492Z</time>
			</trkpt>
			<trkpt lat="40.01217" lon="-0.98317">
				<ele>1269.14</ele>
				<time>2026-09-10T15:57:12.714Z</time>
			</trkpt>
			<trkpt lat="40.01209" lon="-0.98331">
				<ele>1268.66</ele>
				<time>2026-09-10T15:57:13.138Z</time>
			</trkpt>
			<trkpt lat="40.01206" lon="-0.98346">
				<ele>1266.63</ele>
				<time>2026-09-10T15:57:13.514Z</time>
			</trkpt>
			<trkpt lat="40.01208" lon="-0.98359">
				<ele>1264.87</ele>
				<time>2026-09-10T15:57:13.834Z</time>
			</trkpt>
			<trkpt lat="40.01214" lon="-0.98366">
				<ele>1264.32</ele>
				<time>2026-09-10T15:57:14.087Z</time>
			</trkpt>
			<trkpt lat="40.01222" lon="-0.9837">
				<ele>1264.45</ele>
				<time>2026-09-10T15:57:14.356Z</time>
			</trkpt>
			<trkpt lat="40.01231" lon="-0.9837">
				<ele>1263.75</ele>
				<time>2026-09-10T15:57:14.638Z</time>
			</trkpt>
			<trkpt lat="40.01241" lon="-0.98366">
				<ele>1263.71</ele>
				<time>2026-09-10T15:57:14.964Z</time>
			</trkpt>
			<trkpt lat="40.01259" lon="-0.98353">
				<ele>1262.81</ele>
				<time>2026-09-10T15:57:15.604Z</time>
			</trkpt>
			<trkpt lat="40.01358" lon="-0.98268">
				<ele>1263.85</ele>
				<time>2026-09-10T15:57:19.227Z</time>
			</trkpt>
			<trkpt lat="40.01369" lon="-0.98262">
				<ele>1264.48</ele>
				<time>2026-09-10T15:57:19.586Z</time>
			</trkpt>
			<trkpt lat="40.0138" lon="-0.98261">
				<ele>1263.87</ele>
				<time>2026-09-10T15:57:19.917Z</time>
			</trkpt>
			<trkpt lat="40.0139" lon="-0.98265">
				<ele>1262.05</ele>
				<time>2026-09-10T15:57:20.230Z</time>
			</trkpt>
			<trkpt lat="40.01395" lon="-0.98273">
				<ele>1259.43</ele>
				<time>2026-09-10T15:57:20.466Z</time>
			</trkpt>
			<trkpt lat="40.01397" lon="-0.98284">
				<ele>1256.99</ele>
				<time>2026-09-10T15:57:20.725Z</time>
			</trkpt>
			<trkpt lat="40.01396" lon="-0.98297">
				<ele>1255.05</ele>
				<time>2026-09-10T15:57:21.023Z</time>
			</trkpt>
			<trkpt lat="40.01391" lon="-0.98307">
				<ele>1253.71</ele>
				<time>2026-09-10T15:57:21.294Z</time>
			</trkpt>
			<trkpt lat="40.01382" lon="-0.98313">
				<ele>1252.75</ele>
				<time>2026-09-10T15:57:21.594Z</time>
			</trkpt>
			<trkpt lat="40.01357" lon="-0.98324">
				<ele>1251.43</ele>
				<time>2026-09-10T15:57:22.373Z</time>
			</trkpt>
			<trkpt lat="40.01315" lon="-0.98337">
				<ele>1249.64</ele>
				<time>2026-09-10T15:57:23.638Z</time>
			</trkpt>
			<trkpt lat="40.01304" lon="-0.98344">
				<ele>1250.62</ele>
				<time>2026-09-10T15:57:23.994Z</time>
			</trkpt>
			<trkpt lat="40.01295" lon="-0.98355">
				<ele>1252.52</ele>
				<time>2026-09-10T15:57:24.353Z</time>
			</trkpt>
			<trkpt lat="40.0129" lon="-0.98366">
				<ele>1253.15</ele>
				<time>2026-09-10T15:57:24.637Z</time>
			</trkpt>
			<trkpt lat="40.0129" lon="-0.98378">
				<ele>1252.4</ele>
				<time>2026-09-10T15:57:24.903Z</time>
			</trkpt>
			<trkpt lat="40.01293" lon="-0.98386">
				<ele>1251.23</ele>
				<time>2026-09-10T15:57:25.100Z</time>
			</trkpt>
			<trkpt lat="40.01299" lon="-0.98393">
				<ele>1249.59</ele>
				<time>2026-09-10T15:57:25.333Z</time>
			</trkpt>
			<trkpt lat="40.01306" lon="-0.98396">
				<ele>1248.1</ele>
				<time>2026-09-10T15:57:25.545Z</time>
			</trkpt>
			<trkpt lat="40.01314" lon="-0.98396">
				<ele>1247.36</ele>
				<time>2026-09-10T15:57:25.775Z</time>
			</trkpt>
			<trkpt lat="40.01322" lon="-0.98391">
				<ele>1247.02</ele>
				<time>2026-09-10T15:57:26.030Z</time>
			</trkpt>
			<trkpt lat="40.01346" lon="-0.9837">
				<ele>1245.66</ele>
				<time>2026-09-10T15:57:26.857Z</time>
			</trkpt>
			<trkpt lat="40.01355" lon="-0.98367">
				<ele>1245.37</ele>
				<time>2026-09-10T15:57:27.122Z</time>
			</trkpt>
			<trkpt lat="40.01362" lon="-0.98368">
				<ele>1245.48</ele>
				<time>2026-09-10T15:57:27.323Z</time>
			</trkpt>
			<trkpt lat="40.0137" lon="-0.98372">
				<ele>1246.69</ele>
				<time>2026-09-10T15:57:27.567Z</time>
			</trkpt>
			<trkpt lat="40.01375" lon="-0.98379">
				<ele>1247.75</ele>
				<time>2026-09-10T15:57:27.775Z</time>
			</trkpt>
			<trkpt lat="40.01378" lon="-0.98388">
				<ele>1248.47</ele>
				<time>2026-09-10T15:57:27.988Z</time>
			</trkpt>
			<trkpt lat="40.01377" lon="-0.98397">
				<ele>1248.38</ele>
				<time>2026-09-10T15:57:28.186Z</time>
			</trkpt>
			<trkpt lat="40.0137" lon="-0.9841">
				<ele>1247.14</ele>
				<time>2026-09-10T15:57:28.530Z</time>
			</trkpt>
			<trkpt lat="40.01335" lon="-0.98459">
				<ele>1243.86</ele>
				<time>2026-09-10T15:57:29.975Z</time>
			</trkpt>
			<trkpt lat="40.0131" lon="-0.98484">
				<ele>1241.99</ele>
				<time>2026-09-10T15:57:30.856Z</time>
			</trkpt>
			<trkpt lat="40.0127" lon="-0.98517">
				<ele>1238.04</ele>
				<time>2026-09-10T15:57:32.172Z</time>
			</trkpt>
			<trkpt lat="40.01251" lon="-0.98536">
				<ele>1236.51</ele>
				<time>2026-09-10T15:57:32.834Z</time>
			</trkpt>
			<trkpt lat="40.01242" lon="-0.98551">
				<ele>1234.31</ele>
				<time>2026-09-10T15:57:33.237Z</time>
			</trkpt>
			<trkpt lat="40.01238" lon="-0.98563">
				<ele>1232.35</ele>
				<time>2026-09-10T15:57:33.513Z</time>
			</trkpt>
			<trkpt lat="40.01235" lon="-0.98585">
				<ele>1227.5</ele>
				<time>2026-09-10T15:57:33.984Z</time>
			</trkpt>
			<trkpt lat="40.01234" lon="-0.98609">
				<ele>1221.98</ele>
				<time>2026-09-10T15:57:34.489Z</time>
			</trkpt>
			<trkpt lat="40.01236" lon="-0.98623">
				<ele>1220.39</ele>
				<time>2026-09-10T15:57:34.788Z</time>
			</trkpt>
			<trkpt lat="40.01258" lon="-0.98686">
				<ele>1214.87</ele>
				<time>2026-09-10T15:57:36.237Z</time>
			</trkpt>
			<trkpt lat="40.01264" lon="-0.98714">
				<ele>1215.83</ele>
				<time>2026-09-10T15:57:36.842Z</time>
			</trkpt>
			<trkpt lat="40.01264" lon="-0.98735">
				<ele>1217.78</ele>
				<time>2026-09-10T15:57:37.279Z</time>
			</trkpt>
			<trkpt lat="40.01258" lon="-0.98759">
				<ele>1219.9</ele>
				<time>2026-09-10T15:57:37.804Z</time>
			</trkpt>
			<trkpt lat="40.0125" lon="-0.9878">
				<ele>1221.22</ele>
				<time>2026-09-10T15:57:38.290Z</time>
			</trkpt>
			<trkpt lat="40.01239" lon="-0.98799">
				<ele>1219.94</ele>
				<time>2026-09-10T15:57:38.783Z</time>
			</trkpt>
			<trkpt lat="40.01224" lon="-0.98816">
				<ele>1218.13</ele>
				<time>2026-09-10T15:57:39.319Z</time>
			</trkpt>
			<trkpt lat="40.01137" lon="-0.98879">
				<ele>1213.21</ele>
				<time>2026-09-10T15:57:41.995Z</time>
			</trkpt>
			<trkpt lat="40.01123" lon="-0.98893">
				<ele>1213.57</ele>
				<time>2026-09-10T15:57:42.467Z</time>
			</trkpt>
			<trkpt lat="40.0111" lon="-0.98909">
				<ele>1212.31</ele>
				<time>2026-09-10T15:57:42.946Z</time>
			</trkpt>
			<trkpt lat="40.01101" lon="-0.98924">
				<ele>1208.81</ele>
				<time>2026-09-10T15:57:43.337Z</time>
			</trkpt>
			<trkpt lat="40.01086" lon="-0.98961">
				<ele>1204.05</ele>
				<time>2026-09-10T15:57:44.195Z</time>
			</trkpt>
			<trkpt lat="40.0108" lon="-0.98982">
				<ele>1203.42</ele>
				<time>2026-09-10T15:57:44.654Z</time>
			</trkpt>
			<trkpt lat="40.01075" lon="-0.99009">
				<ele>1201.16</ele>
				<time>2026-09-10T15:57:45.223Z</time>
			</trkpt>
			<trkpt lat="40.01067" lon="-0.99139">
				<ele>1189.9</ele>
				<time>2026-09-10T15:57:47.893Z</time>
			</trkpt>
			<trkpt lat="40.01067" lon="-0.99162">
				<ele>1189</ele>
				<time>2026-09-10T15:57:48.364Z</time>
			</trkpt>
			<trkpt lat="40.01069" lon="-0.9918">
				<ele>1188.73</ele>
				<time>2026-09-10T15:57:48.737Z</time>
			</trkpt>
			<trkpt lat="40.0108" lon="-0.99213">
				<ele>1188.7</ele>
				<time>2026-09-10T15:57:49.475Z</time>
			</trkpt>
			<trkpt lat="40.01111" lon="-0.99273">
				<ele>1183.08</ele>
				<time>2026-09-10T15:57:50.960Z</time>
			</trkpt>
			<trkpt lat="40.01125" lon="-0.99308">
				<ele>1183.36</ele>
				<time>2026-09-10T15:57:51.772Z</time>
			</trkpt>
			<trkpt lat="40.01142" lon="-0.99365">
				<ele>1189.97</ele>
				<time>2026-09-10T15:57:53.033Z</time>
			</trkpt>
			<trkpt lat="40.01147" lon="-0.9939">
				<ele>1189.61</ele>
				<time>2026-09-10T15:57:53.567Z</time>
			</trkpt>
			<trkpt lat="40.01152" lon="-0.99437">
				<ele>1183.54</ele>
				<time>2026-09-10T15:57:54.549Z</time>
			</trkpt>
			<trkpt lat="40.01154" lon="-0.99473">
				<ele>1184.98</ele>
				<time>2026-09-10T15:57:55.298Z</time>
			</trkpt>
			<trkpt lat="40.01153" lon="-0.99502">
				<ele>1186.39</ele>
				<time>2026-09-10T15:57:55.902Z</time>
			</trkpt>
			<trkpt lat="40.01145" lon="-0.99566">
				<ele>1178.98</ele>
				<time>2026-09-10T15:57:57.255Z</time>
			</trkpt>
			<trkpt lat="40.01137" lon="-0.99601">
				<ele>1178.02</ele>
				<time>2026-09-10T15:57:58.020Z</time>
			</trkpt>
			<trkpt lat="40.01106" lon="-0.99711">
				<ele>1176.18</ele>
				<time>2026-09-10T15:58:00.494Z</time>
			</trkpt>
			<trkpt lat="40.01072" lon="-0.99807">
				<ele>1170.9</ele>
				<time>2026-09-10T15:58:02.751Z</time>
			</trkpt>
			<trkpt lat="40.01061" lon="-0.99831">
				<ele>1170.46</ele>
				<time>2026-09-10T15:58:03.353Z</time>
			</trkpt>
			<trkpt lat="40.01029" lon="-0.99889">
				<ele>1167.51</ele>
				<time>2026-09-10T15:58:04.900Z</time>
			</trkpt>
			<trkpt lat="40.01016" lon="-0.99916">
				<ele>1168.44</ele>
				<time>2026-09-10T15:58:05.595Z</time>
			</trkpt>
			<trkpt lat="40.00968" lon="-1.00036">
				<ele>1155.46</ele>
				<time>2026-09-10T15:58:08.581Z</time>
			</trkpt>
			<trkpt lat="40.00957" lon="-1.00052">
				<ele>1156.82</ele>
				<time>2026-09-10T15:58:09.060Z</time>
			</trkpt>
			<trkpt lat="40.0076" lon="-1.00198">
				<ele>1154.13</ele>
				<time>2026-09-10T15:58:15.835Z</time>
			</trkpt>
			<trkpt lat="40.00736" lon="-1.00218">
				<ele>1154.84</ele>
				<time>2026-09-10T15:58:16.713Z</time>
			</trkpt>
			<trkpt lat="40.00715" lon="-1.00241">
				<ele>1153.68</ele>
				<time>2026-09-10T15:58:17.563Z</time>
			</trkpt>
			<trkpt lat="40.0068" lon="-1.00298">
				<ele>1153.93</ele>
				<time>2026-09-10T15:58:19.319Z</time>
			</trkpt>
			<trkpt lat="40.00599" lon="-1.00441">
				<ele>1149.45</ele>
				<time>2026-09-10T15:58:23.704Z</time>
			</trkpt>
			<trkpt lat="40.00587" lon="-1.00475">
				<ele>1155.41</ele>
				<time>2026-09-10T15:58:24.649Z</time>
			</trkpt>
			<trkpt lat="40.00566" lon="-1.00546">
				<ele>1150.05</ele>
				<time>2026-09-10T15:58:26.594Z</time>
			</trkpt>
			<trkpt lat="40.00543" lon="-1.00596">
				<ele>1149.28</ele>
				<time>2026-09-10T15:58:28.107Z</time>
			</trkpt>
			<trkpt lat="40.0053" lon="-1.00615">
				<ele>1147.77</ele>
				<time>2026-09-10T15:58:28.774Z</time>
			</trkpt>
			<trkpt lat="40.00393" lon="-1.00769">
				<ele>1140</ele>
				<time>2026-09-10T15:58:35.154Z</time>
			</trkpt>
			<trkpt lat="40.00374" lon="-1.00798">
				<ele>1143.33</ele>
				<time>2026-09-10T15:58:36.221Z</time>
			</trkpt>
			<trkpt lat="40.00366" lon="-1.00826">
				<ele>1143.01</ele>
				<time>2026-09-10T15:58:37.063Z</time>
			</trkpt>
			<trkpt lat="40.00354" lon="-1.00971">
				<ele>1136.01</ele>
				<time>2026-09-10T15:58:41.266Z</time>
			</trkpt>
			<trkpt lat="40.0034" lon="-1.01046">
				<ele>1136.41</ele>
				<time>2026-09-10T15:58:43.556Z</time>
			</trkpt>
			<trkpt lat="40.00328" lon="-1.01088">
				<ele>1139.1</ele>
				<time>2026-09-10T15:58:44.907Z</time>
			</trkpt>
			<trkpt lat="40.00276" lon="-1.01214">
				<ele>1128.55</ele>
				<time>2026-09-10T15:58:49.329Z</time>
			</trkpt>
			<trkpt lat="40.00231" lon="-1.01315">
				<ele>1127.63</ele>
				<time>2026-09-10T15:58:53.067Z</time>
			</trkpt>
			<trkpt lat="40.00218" lon="-1.01333">
				<ele>1128.51</ele>
				<time>2026-09-10T15:58:53.874Z</time>
			</trkpt>
			<trkpt lat="40.00192" lon="-1.01362">
				<ele>1129.46</ele>
				<time>2026-09-10T15:58:55.344Z</time>
			</trkpt>
			<trkpt lat="40.00179" lon="-1.0138">
				<ele>1127.36</ele>
				<time>2026-09-10T15:58:56.166Z</time>
			</trkpt>
			<trkpt lat="40.00171" lon="-1.01402">
				<ele>1125.71</ele>
				<time>2026-09-10T15:58:56.981Z</time>
			</trkpt>
			<trkpt lat="40.00168" lon="-1.01428">
				<ele>1122.91</ele>
				<time>2026-09-10T15:58:57.866Z</time>
			</trkpt>
			<trkpt lat="40.00167" lon="-1.01456">
				<ele>1119.48</ele>
				<time>2026-09-10T15:58:58.818Z</time>
			</trkpt>
			<trkpt lat="40.00171" lon="-1.0148">
				<ele>1116.96</ele>
				<time>2026-09-10T15:58:59.658Z</time>
			</trkpt>
			<trkpt lat="40.00176" lon="-1.01498">
				<ele>1115.93</ele>
				<time>2026-09-10T15:59:00.316Z</time>
			</trkpt>
			<trkpt lat="40.00184" lon="-1.01512">
				<ele>1116.31</ele>
				<time>2026-09-10T15:59:00.920Z</time>
			</trkpt>
			<trkpt lat="40.00193" lon="-1.0152">
				<ele>1116.89</ele>
				<time>2026-09-10T15:59:01.414Z</time>
			</trkpt>
			<trkpt lat="40.00222" lon="-1.01538">
				<ele>1118.86</ele>
				<time>2026-09-10T15:59:02.881Z</time>
			</trkpt>
			<trkpt lat="40.00232" lon="-1.0155">
				<ele>1121.68</ele>
				<time>2026-09-10T15:59:03.506Z</time>
			</trkpt>
			<trkpt lat="40.00237" lon="-1.01561">
				<ele>1123.76</ele>
				<time>2026-09-10T15:59:03.959Z</time>
			</trkpt>
			<trkpt lat="40.00239" lon="-1.01575">
				<ele>1125.48</ele>
				<time>2026-09-10T15:59:04.466Z</time>
			</trkpt>
			<trkpt lat="40.00234" lon="-1.01592">
				<ele>1124.91</ele>
				<time>2026-09-10T15:59:05.117Z</time>
			</trkpt>
			<trkpt lat="40.00204" lon="-1.01677">
				<ele>1117.42</ele>
				<time>2026-09-10T15:59:08.513Z</time>
			</trkpt>
			<trkpt lat="40.00188" lon="-1.01766">
				<ele>1114.27</ele>
				<time>2026-09-10T15:59:11.918Z</time>
			</trkpt>
			<trkpt lat="40.00181" lon="-1.01788">
				<ele>1114.78</ele>
				<time>2026-09-10T15:59:12.819Z</time>
			</trkpt>
			<trkpt lat="40.00091" lon="-1.02027">
				<ele>1112.5</ele>
				<time>2026-09-10T15:59:23.320Z</time>
			</trkpt>
			<trkpt lat="40.0002" lon="-1.02161">
				<ele>1111.33</ele>
				<time>2026-09-10T15:59:30.143Z</time>
			</trkpt>
			<trkpt lat="40.00013" lon="-1.02182">
				<ele>1112.53</ele>
				<time>2026-09-10T15:59:31.128Z</time>
			</trkpt>
			<trkpt lat="40.00009" lon="-1.02208">
				<ele>1113.42</ele>
				<time>2026-09-10T15:59:32.275Z</time>
			</trkpt>
			<trkpt lat="40.00005" lon="-1.02244">
				<ele>1112.65</ele>
				<time>2026-09-10T15:59:33.864Z</time>
			</trkpt>
			<trkpt lat="40.00003" lon="-1.02288">
				<ele>1106.43</ele>
				<time>2026-09-10T15:59:35.810Z</time>
			</trkpt>
			<trkpt lat="40.00008" lon="-1.02352">
				<ele>1100.92</ele>
				<time>2026-09-10T15:59:38.695Z</time>
			</trkpt>
			<trkpt lat="40.00007" lon="-1.02378">
				<ele>1101.56</ele>
				<time>2026-09-10T15:59:39.877Z</time>
			</trkpt>
			<trkpt lat="40.00001" lon="-1.02417">
				<ele>1103.32</ele>
				<time>2026-09-10T15:59:41.700Z</time>
			</trkpt>
			<trkpt lat="39.99992" lon="-1.02444">
				<ele>1103.01</ele>
				<time>2026-09-10T15:59:43.063Z</time>
			</trkpt>
			<trkpt lat="39.99976" lon="-1.02483">
				<ele>1100.46</ele>
				<time>2026-09-10T15:59:45.131Z</time>
			</trkpt>
			<trkpt lat="39.99957" lon="-1.02557">
				<ele>1098.32</ele>
				<time>2026-09-10T15:59:48.843Z</time>
			</trkpt>
			<trkpt lat="39.99937" lon="-1.026">
				<ele>1093.81</ele>
				<time>2026-09-10T15:59:51.278Z</time>
			</trkpt>
			<trkpt lat="39.99926" lon="-1.02612">
				<ele>1093.68</ele>
				<time>2026-09-10T15:59:52.193Z</time>
			</trkpt>
			<trkpt lat="39.99912" lon="-1.02623">
				<ele>1095.93</ele>
				<time>2026-09-10T15:59:53.242Z</time>
			</trkpt>
			<trkpt lat="39.99804" lon="-1.02668">
				<ele>1097.03</ele>
				<time>2026-09-10T16:00:00.689Z</time>
			</trkpt>
			<trkpt lat="39.99774" lon="-1.02689">
				<ele>1090.71</ele>
				<time>2026-09-10T16:00:02.985Z</time>
			</trkpt>
			<trkpt lat="39.9969" lon="-1.02766">
				<ele>1095.19</ele>
				<time>2026-09-10T16:00:10.080Z</time>
			</trkpt>
			<trkpt lat="39.99677" lon="-1.02785">
				<ele>1094.79</ele>
				<time>2026-09-10T16:00:11.459Z</time>
			</trkpt>
			<trkpt lat="39.99666" lon="-1.02806">
				<ele>1092.03</ele>
				<time>2026-09-10T16:00:12.846Z</time>
			</trkpt>
			<trkpt lat="39.99655" lon="-1.02841">
				<ele>1087.02</ele>
				<time>2026-09-10T16:00:14.925Z</time>
			</trkpt>
			<trkpt lat="39.99648" lon="-1.02853">
				<ele>1085.92</ele>
				<time>2026-09-10T16:00:15.760Z</time>
			</trkpt>
			<trkpt lat="39.99618" lon="-1.02877">
				<ele>1085.62</ele>
				<time>2026-09-10T16:00:18.325Z</time>
			</trkpt>
			<trkpt lat="39.99596" lon="-1.02884">
				<ele>1084.28</ele>
				<time>2026-09-10T16:00:19.992Z</time>
			</trkpt>
			<trkpt lat="39.99532" lon="-1.02897">
				<ele>1086.46</ele>
				<time>2026-09-10T16:00:24.835Z</time>
			</trkpt>
			<trkpt lat="39.9951" lon="-1.02903">
				<ele>1086.6</ele>
				<time>2026-09-10T16:00:26.541Z</time>
			</trkpt>
			<trkpt lat="39.99485" lon="-1.02924">
				<ele>1087.6</ele>
				<time>2026-09-10T16:00:28.819Z</time>
			</trkpt>
			<trkpt lat="39.9946" lon="-1.02951">
				<ele>1085.48</ele>
				<time>2026-09-10T16:00:31.332Z</time>
			</trkpt>
			<trkpt lat="39.99442" lon="-1.02974">
				<ele>1083.73</ele>
				<time>2026-09-10T16:00:33.303Z</time>
			</trkpt>
			<trkpt lat="39.99401" lon="-1.03031">
				<ele>1083.91</ele>
				<time>2026-09-10T16:00:38.059Z</time>
			</trkpt>
			<trkpt lat="39.99371" lon="-1.03066">
				<ele>1080.96</ele>
				<time>2026-09-10T16:00:41.310Z</time>
			</trkpt>
			<trkpt lat="39.99348" lon="-1.0309">
				<ele>1079.12</ele>
				<time>2026-09-10T16:00:43.718Z</time>
			</trkpt>
			<trkpt lat="39.99332" lon="-1.03102">
				<ele>1080.24</ele>
				<time>2026-09-10T16:00:45.239Z</time>
			</trkpt>
			<trkpt lat="39.99255" lon="-1.03134">
				<ele>1082.4</ele>
				<time>2026-09-10T16:00:52.016Z</time>
			</trkpt>
			<trkpt lat="39.99229" lon="-1.03153">
				<ele>1084.3</ele>
				<time>2026-09-10T16:00:54.563Z</time>
			</trkpt>
			<trkpt lat="39.99219" lon="-1.03165">
				<ele>1086.15</ele>
				<time>2026-09-10T16:00:55.733Z</time>
			</trkpt>
			<trkpt lat="39.99169" lon="-1.03242">
				<ele>1076.88</ele>
				<time>2026-09-10T16:01:02.494Z</time>
			</trkpt>
			<trkpt lat="39.99114" lon="-1.0332">
				<ele>1077.58</ele>
				<time>2026-09-10T16:01:09.787Z</time>
			</trkpt>
			<trkpt lat="39.99101" lon="-1.03346">
				<ele>1078.39</ele>
				<time>2026-09-10T16:01:11.961Z</time>
			</trkpt>
			<trkpt lat="39.99031" lon="-1.035">
				<ele>1074.06</ele>
				<time>2026-09-10T16:01:24.840Z</time>
			</trkpt>
			<trkpt lat="39.99025" lon="-1.03522">
				<ele>1070.78</ele>
				<time>2026-09-10T16:01:26.564Z</time>
			</trkpt>
			<trkpt lat="39.99022" lon="-1.03543">
				<ele>1069.26</ele>
				<time>2026-09-10T16:01:28.149Z</time>
			</trkpt>
			<trkpt lat="39.99023" lon="-1.03563">
				<ele>1069.14</ele>
				<time>2026-09-10T16:01:29.644Z</time>
			</trkpt>
			<trkpt lat="39.99043" lon="-1.03624">
				<ele>1076.04</ele>
				<time>2026-09-10T16:01:34.647Z</time>
			</trkpt>
			<trkpt lat="39.99049" lon="-1.03651">
				<ele>1076.78</ele>
				<time>2026-09-10T16:01:36.792Z</time>
			</trkpt>
			<trkpt lat="39.99039" lon="-1.0385">
				<ele>1066.85</ele>
				<time>2026-09-10T16:01:52.444Z</time>
			</trkpt>
			<trkpt lat="39.99041" lon="-1.03881">
				<ele>1063.85</ele>
				<time>2026-09-10T16:01:54.956Z</time>
			</trkpt>
			<trkpt lat="39.99059" lon="-1.04003">
				<ele>1064.32</ele>
				<time>2026-09-10T16:02:05.180Z</time>
			</trkpt>
			<trkpt lat="39.9908" lon="-1.04058">
				<ele>1062.04</ele>
				<time>2026-09-10T16:02:10.351Z</time>
			</trkpt>
			<trkpt lat="39.99094" lon="-1.04131">
				<ele>1062.39</ele>
				<time>2026-09-10T16:02:16.789Z</time>
			</trkpt>
			<trkpt lat="39.99109" lon="-1.04182">
				<ele>1062.35</ele>
				<time>2026-09-10T16:02:21.536Z</time>
			</trkpt>
			<trkpt lat="39.99107" lon="-1.04207">
				<ele>1061.75</ele>
				<time>2026-09-10T16:02:23.741Z</time>
			</trkpt>
			<trkpt lat="39.99102" lon="-1.04222">
				<ele>1061.37</ele>
				<time>2026-09-10T16:02:25.183Z</time>
			</trkpt>
			<trkpt lat="39.99125" lon="-1.04243">
				<ele>1061.18</ele>
				<time>2026-09-10T16:02:28.433Z</time>
			</trkpt>
			<trkpt lat="39.99239" lon="-1.04308">
				<ele>1070.46</ele>
				<time>2026-09-10T16:02:43.181Z</time>
			</trkpt>
			<trkpt lat="39.99234" lon="-1.04306">
				<ele>1071.84</ele>
				<time>2026-09-10T16:02:43.826Z</time>
			</trkpt>
			<trkpt lat="39.99125" lon="-1.04243">
				<ele>1061.18</ele>
				<time>2026-09-10T16:03:31.360Z</time>
			</trkpt>
			<trkpt lat="39.99102" lon="-1.04222">
				<ele>1061.37</ele>
				<time>2026-09-10T16:03:40.828Z</time>
			</trkpt>
			<trkpt lat="39.99077" lon="-1.04262">
				<ele>1063.61</ele>
				<time>2026-09-10T16:03:48.730Z</time>
			</trkpt>
			<trkpt lat="39.99021" lon="-1.04433">
				<ele>1057.65</ele>
				<time>2026-09-10T16:04:12.404Z</time>
			</trkpt>
			<trkpt lat="39.99015" lon="-1.04473">
				<ele>1058.54</ele>
				<time>2026-09-10T16:04:15.480Z</time>
			</trkpt>
			<trkpt lat="39.99004" lon="-1.04571">
				<ele>1057.33</ele>
				<time>2026-09-10T16:04:22.796Z</time>
			</trkpt>
			<trkpt lat="39.98995" lon="-1.04599">
				<ele>1055.85</ele>
				<time>2026-09-10T16:04:24.995Z</time>
			</trkpt>
			<trkpt lat="39.98847" lon="-1.04967">
				<ele>1056.73</ele>
				<time>2026-09-10T16:04:53.095Z</time>
			</trkpt>
			<trkpt lat="39.98839" lon="-1.04995">
				<ele>1062</ele>
				<time>2026-09-10T16:04:54.979Z</time>
			</trkpt>
			<trkpt lat="39.98833" lon="-1.05022">
				<ele>1064.71</ele>
				<time>2026-09-10T16:04:56.735Z</time>
			</trkpt>
			<trkpt lat="39.98825" lon="-1.05109">
				<ele>1064.56</ele>
				<time>2026-09-10T16:05:02.109Z</time>
			</trkpt>
			<trkpt lat="39.98823" lon="-1.05151">
				<ele>1070.84</ele>
				<time>2026-09-10T16:05:04.637Z</time>
			</trkpt>
			<trkpt lat="39.98823" lon="-1.05219">
				<ele>1076.1</ele>
				<time>2026-09-10T16:05:08.653Z</time>
			</trkpt>
			<trkpt lat="39.98804" lon="-1.05332">
				<ele>1071.58</ele>
				<time>2026-09-10T16:05:15.291Z</time>
			</trkpt>
			<trkpt lat="39.98783" lon="-1.05417">
				<ele>1079.88</ele>
				<time>2026-09-10T16:05:20.253Z</time>
			</trkpt>
			<trkpt lat="39.98757" lon="-1.05565">
				<ele>1087.22</ele>
				<time>2026-09-10T16:05:28.376Z</time>
			</trkpt>
			<trkpt lat="39.9873" lon="-1.05644">
				<ele>1089.92</ele>
				<time>2026-09-10T16:05:32.835Z</time>
			</trkpt>
			<trkpt lat="39.98672" lon="-1.05868">
				<ele>1104.29</ele>
				<time>2026-09-10T16:05:44.427Z</time>
			</trkpt>
			<trkpt lat="39.98666" lon="-1.05898">
				<ele>1108.26</ele>
				<time>2026-09-10T16:05:45.885Z</time>
			</trkpt>
			<trkpt lat="39.98658" lon="-1.05955">
				<ele>1106.32</ele>
				<time>2026-09-10T16:05:48.574Z</time>
			</trkpt>
			<trkpt lat="39.98648" lon="-1.06">
				<ele>1108.56</ele>
				<time>2026-09-10T16:05:50.714Z</time>
			</trkpt>
			<trkpt lat="39.98627" lon="-1.06066">
				<ele>1111.93</ele>
				<time>2026-09-10T16:05:53.921Z</time>
			</trkpt>
			<trkpt lat="39.98616" lon="-1.06086">
				<ele>1111.28</ele>
				<time>2026-09-10T16:05:55.009Z</time>
			</trkpt>
			<trkpt lat="39.9858" lon="-1.06132">
				<ele>1117.84</ele>
				<time>2026-09-10T16:05:57.879Z</time>
			</trkpt>
			<trkpt lat="39.98575" lon="-1.06145">
				<ele>1125.87</ele>
				<time>2026-09-10T16:05:58.506Z</time>
			</trkpt>
			<trkpt lat="39.98577" lon="-1.06167">
				<ele>1131.96</ele>
				<time>2026-09-10T16:05:59.456Z</time>
			</trkpt>
			<trkpt lat="39.986" lon="-1.06209">
				<ele>1127.51</ele>
				<time>2026-09-10T16:06:01.646Z</time>
			</trkpt>
			<trkpt lat="39.98614" lon="-1.06248">
				<ele>1132.78</ele>
				<time>2026-09-10T16:06:03.448Z</time>
			</trkpt>
			<trkpt lat="39.98625" lon="-1.06289">
				<ele>1137.82</ele>
				<time>2026-09-10T16:06:05.243Z</time>
			</trkpt>
			<trkpt lat="39.98633" lon="-1.06329">
				<ele>1136.96</ele>
				<time>2026-09-10T16:06:06.931Z</time>
			</trkpt>
			<trkpt lat="39.98637" lon="-1.06367">
				<ele>1137.53</ele>
				<time>2026-09-10T16:06:08.480Z</time>
			</trkpt>
			<trkpt lat="39.98639" lon="-1.06408">
				<ele>1139.07</ele>
				<time>2026-09-10T16:06:10.120Z</time>
			</trkpt>
			<trkpt lat="39.98637" lon="-1.06461">
				<ele>1141.66</ele>
				<time>2026-09-10T16:06:12.210Z</time>
			</trkpt>
			<trkpt lat="39.98632" lon="-1.06511">
				<ele>1146.14</ele>
				<time>2026-09-10T16:06:14.169Z</time>
			</trkpt>
			<trkpt lat="39.98625" lon="-1.06551">
				<ele>1149.32</ele>
				<time>2026-09-10T16:06:15.743Z</time>
			</trkpt>
			<trkpt lat="39.98618" lon="-1.06569">
				<ele>1149.32</ele>
				<time>2026-09-10T16:06:16.511Z</time>
			</trkpt>
			<trkpt lat="39.98607" lon="-1.06584">
				<ele>1152</ele>
				<time>2026-09-10T16:06:17.297Z</time>
			</trkpt>
			<trkpt lat="39.9858" lon="-1.06608">
				<ele>1161.47</ele>
				<time>2026-09-10T16:06:18.897Z</time>
			</trkpt>
			<trkpt lat="39.98574" lon="-1.06619">
				<ele>1165.21</ele>
				<time>2026-09-10T16:06:19.400Z</time>
			</trkpt>
			<trkpt lat="39.98571" lon="-1.06631">
				<ele>1165.76</ele>
				<time>2026-09-10T16:06:19.869Z</time>
			</trkpt>
			<trkpt lat="39.98572" lon="-1.06675">
				<ele>1162.47</ele>
				<time>2026-09-10T16:06:21.491Z</time>
			</trkpt>
			<trkpt lat="39.98567" lon="-1.06725">
				<ele>1166.38</ele>
				<time>2026-09-10T16:06:23.327Z</time>
			</trkpt>
			<trkpt lat="39.98549" lon="-1.06796">
				<ele>1175.69</ele>
				<time>2026-09-10T16:06:26.009Z</time>
			</trkpt>
			<trkpt lat="39.98539" lon="-1.06873">
				<ele>1180.06</ele>
				<time>2026-09-10T16:06:28.757Z</time>
			</trkpt>
			<trkpt lat="39.98541" lon="-1.06886">
				<ele>1181.42</ele>
				<time>2026-09-10T16:06:29.219Z</time>
			</trkpt>
			<trkpt lat="39.98547" lon="-1.06897">
				<ele>1180.04</ele>
				<time>2026-09-10T16:06:29.688Z</time>
			</trkpt>
			<trkpt lat="39.98564" lon="-1.06923">
				<ele>1176.39</ele>
				<time>2026-09-10T16:06:30.867Z</time>
			</trkpt>
			<trkpt lat="39.98568" lon="-1.06937">
				<ele>1176.42</ele>
				<time>2026-09-10T16:06:31.380Z</time>
			</trkpt>
			<trkpt lat="39.98569" lon="-1.06956">
				<ele>1178.39</ele>
				<time>2026-09-10T16:06:32.032Z</time>
			</trkpt>
			<trkpt lat="39.98568" lon="-1.06977">
				<ele>1180.49</ele>
				<time>2026-09-10T16:06:32.748Z</time>
			</trkpt>
			<trkpt lat="39.98562" lon="-1.0705">
				<ele>1185.8</ele>
				<time>2026-09-10T16:06:35.221Z</time>
			</trkpt>
			<trkpt lat="39.98555" lon="-1.07085">
				<ele>1188.15</ele>
				<time>2026-09-10T16:06:36.426Z</time>
			</trkpt>
			<trkpt lat="39.98535" lon="-1.07153">
				<ele>1188.93</ele>
				<time>2026-09-10T16:06:38.825Z</time>
			</trkpt>
			<trkpt lat="39.98519" lon="-1.07224">
				<ele>1197.52</ele>
				<time>2026-09-10T16:06:41.227Z</time>
			</trkpt>
			<trkpt lat="39.98495" lon="-1.07351">
				<ele>1202.56</ele>
				<time>2026-09-10T16:06:45.393Z</time>
			</trkpt>
			<trkpt lat="39.98487" lon="-1.07373">
				<ele>1204.1</ele>
				<time>2026-09-10T16:06:46.158Z</time>
			</trkpt>
			<trkpt lat="39.98476" lon="-1.07388">
				<ele>1206.07</ele>
				<time>2026-09-10T16:06:46.808Z</time>
			</trkpt>
			<trkpt lat="39.98463" lon="-1.07402">
				<ele>1205.23</ele>
				<time>2026-09-10T16:06:47.495Z</time>
			</trkpt>
			<trkpt lat="39.98448" lon="-1.07409">
				<ele>1204.62</ele>
				<time>2026-09-10T16:06:48.141Z</time>
			</trkpt>
			<trkpt lat="39.98348" lon="-1.07418">
				<ele>1209.43</ele>
				<time>2026-09-10T16:06:52.165Z</time>
			</trkpt>
			<trkpt lat="39.98325" lon="-1.07425">
				<ele>1214.08</ele>
				<time>2026-09-10T16:06:53.102Z</time>
			</trkpt>
			<trkpt lat="39.98302" lon="-1.07436">
				<ele>1212.69</ele>
				<time>2026-09-10T16:06:54.071Z</time>
			</trkpt>
			<trkpt lat="39.9829" lon="-1.07438">
				<ele>1210.39</ele>
				<time>2026-09-10T16:06:54.548Z</time>
			</trkpt>
			<trkpt lat="39.98278" lon="-1.07437">
				<ele>1209.81</ele>
				<time>2026-09-10T16:06:55.021Z</time>
			</trkpt>
			<trkpt lat="39.9827" lon="-1.07431">
				<ele>1210.75</ele>
				<time>2026-09-10T16:06:55.384Z</time>
			</trkpt>
			<trkpt lat="39.98263" lon="-1.07424">
				<ele>1212.21</ele>
				<time>2026-09-10T16:06:55.730Z</time>
			</trkpt>
			<trkpt lat="39.98257" lon="-1.07414">
				<ele>1213.54</ele>
				<time>2026-09-10T16:06:56.111Z</time>
			</trkpt>
			<trkpt lat="39.98252" lon="-1.07392">
				<ele>1214.52</ele>
				<time>2026-09-10T16:06:56.799Z</time>
			</trkpt>
			<trkpt lat="39.98251" lon="-1.07374">
				<ele>1215.49</ele>
				<time>2026-09-10T16:06:57.338Z</time>
			</trkpt>
			<trkpt lat="39.98259" lon="-1.07308">
				<ele>1226.12</ele>
				<time>2026-09-10T16:06:59.328Z</time>
			</trkpt>
			<trkpt lat="39.98259" lon="-1.07295">
				<ele>1227.98</ele>
				<time>2026-09-10T16:06:59.714Z</time>
			</trkpt>
			<trkpt lat="39.98256" lon="-1.07284">
				<ele>1228.78</ele>
				<time>2026-09-10T16:07:00.060Z</time>
			</trkpt>
			<trkpt lat="39.98252" lon="-1.07275">
				<ele>1228.61</ele>
				<time>2026-09-10T16:07:00.368Z</time>
			</trkpt>
			<trkpt lat="39.98245" lon="-1.07269">
				<ele>1228.46</ele>
				<time>2026-09-10T16:07:00.691Z</time>
			</trkpt>
			<trkpt lat="39.98227" lon="-1.07267">
				<ele>1229.17</ele>
				<time>2026-09-10T16:07:01.388Z</time>
			</trkpt>
			<trkpt lat="39.98219" lon="-1.07272">
				<ele>1229.3</ele>
				<time>2026-09-10T16:07:01.729Z</time>
			</trkpt>
			<trkpt lat="39.98209" lon="-1.07284">
				<ele>1230.77</ele>
				<time>2026-09-10T16:07:02.252Z</time>
			</trkpt>
			<trkpt lat="39.98177" lon="-1.0734">
				<ele>1235.29</ele>
				<time>2026-09-10T16:07:04.305Z</time>
			</trkpt>
			<trkpt lat="39.98143" lon="-1.07388">
				<ele>1231.22</ele>
				<time>2026-09-10T16:07:06.218Z</time>
			</trkpt>
			<trkpt lat="39.98101" lon="-1.07476">
				<ele>1234.54</ele>
				<time>2026-09-10T16:07:09.243Z</time>
			</trkpt>
			<trkpt lat="39.98092" lon="-1.07488">
				<ele>1236.24</ele>
				<time>2026-09-10T16:07:09.732Z</time>
			</trkpt>
			<trkpt lat="39.98083" lon="-1.07497">
				<ele>1238.12</ele>
				<time>2026-09-10T16:07:10.162Z</time>
			</trkpt>
			<trkpt lat="39.98072" lon="-1.07502">
				<ele>1237.33</ele>
				<time>2026-09-10T16:07:10.605Z</time>
			</trkpt>
			<trkpt lat="39.97907" lon="-1.07528">
				<ele>1243.58</ele>
				<time>2026-09-10T16:07:16.916Z</time>
			</trkpt>
			<trkpt lat="39.97882" lon="-1.0753">
				<ele>1245.49</ele>
				<time>2026-09-10T16:07:17.869Z</time>
			</trkpt>
			<trkpt lat="39.97875" lon="-1.07529">
				<ele>1244.6</ele>
				<time>2026-09-10T16:07:18.138Z</time>
			</trkpt>
			<trkpt lat="39.97866" lon="-1.07527">
				<ele>1242.96</ele>
				<time>2026-09-10T16:07:18.485Z</time>
			</trkpt>
			<trkpt lat="39.97858" lon="-1.07521">
				<ele>1241.09</ele>
				<time>2026-09-10T16:07:18.837Z</time>
			</trkpt>
			<trkpt lat="39.9781" lon="-1.07444">
				<ele>1234.38</ele>
				<time>2026-09-10T16:07:21.744Z</time>
			</trkpt>
			<trkpt lat="39.97795" lon="-1.0743">
				<ele>1235.44</ele>
				<time>2026-09-10T16:07:22.451Z</time>
			</trkpt>
			<trkpt lat="39.9778" lon="-1.07426">
				<ele>1236.56</ele>
				<time>2026-09-10T16:07:23.039Z</time>
			</trkpt>
			<trkpt lat="39.9775" lon="-1.07428">
				<ele>1235.56</ele>
				<time>2026-09-10T16:07:24.194Z</time>
			</trkpt>
			<trkpt lat="39.97721" lon="-1.0742">
				<ele>1235.07</ele>
				<time>2026-09-10T16:07:25.338Z</time>
			</trkpt>
			<trkpt lat="39.97699" lon="-1.07408">
				<ele>1231.42</ele>
				<time>2026-09-10T16:07:26.261Z</time>
			</trkpt>
			<trkpt lat="39.97686" lon="-1.07393">
				<ele>1231.6</ele>
				<time>2026-09-10T16:07:26.935Z</time>
			</trkpt>
			<trkpt lat="39.9768" lon="-1.07378">
				<ele>1232.21</ele>
				<time>2026-09-10T16:07:27.439Z</time>
			</trkpt>
			<trkpt lat="39.97662" lon="-1.07269">
				<ele>1226.27</ele>
				<time>2026-09-10T16:07:30.782Z</time>
			</trkpt>
			<trkpt lat="39.97659" lon="-1.07232">
				<ele>1226.52</ele>
				<time>2026-09-10T16:07:31.907Z</time>
			</trkpt>
			<trkpt lat="39.97661" lon="-1.07189">
				<ele>1229.45</ele>
				<time>2026-09-10T16:07:33.216Z</time>
			</trkpt>
			<trkpt lat="39.97674" lon="-1.07119">
				<ele>1226.4</ele>
				<time>2026-09-10T16:07:35.422Z</time>
			</trkpt>
			<trkpt lat="39.97675" lon="-1.07098">
				<ele>1226.02</ele>
				<time>2026-09-10T16:07:36.070Z</time>
			</trkpt>
			<trkpt lat="39.97671" lon="-1.07076">
				<ele>1225.29</ele>
				<time>2026-09-10T16:07:36.769Z</time>
			</trkpt>
			<trkpt lat="39.97643" lon="-1.06958">
				<ele>1219.14</ele>
				<time>2026-09-10T16:07:40.633Z</time>
			</trkpt>
			<trkpt lat="39.97641" lon="-1.06941">
				<ele>1218.73</ele>
				<time>2026-09-10T16:07:41.177Z</time>
			</trkpt>
			<trkpt lat="39.97643" lon="-1.06897">
				<ele>1219.34</ele>
				<time>2026-09-10T16:07:42.579Z</time>
			</trkpt>
			<trkpt lat="39.97639" lon="-1.06879">
				<ele>1219.3</ele>
				<time>2026-09-10T16:07:43.179Z</time>
			</trkpt>
			<trkpt lat="39.97584" lon="-1.06722">
				<ele>1217.63</ele>
				<time>2026-09-10T16:07:48.802Z</time>
			</trkpt>
			<trkpt lat="39.97576" lon="-1.06704">
				<ele>1218.08</ele>
				<time>2026-09-10T16:07:49.493Z</time>
			</trkpt>
			<trkpt lat="39.97543" lon="-1.06659">
				<ele>1212.71</ele>
				<time>2026-09-10T16:07:51.579Z</time>
			</trkpt>
			<trkpt lat="39.97538" lon="-1.06643">
				<ele>1211.35</ele>
				<time>2026-09-10T16:07:52.163Z</time>
			</trkpt>
			<trkpt lat="39.97539" lon="-1.06624">
				<ele>1212.45</ele>
				<time>2026-09-10T16:07:52.809Z</time>
			</trkpt>
			<trkpt lat="39.97544" lon="-1.06588">
				<ele>1215.25</ele>
				<time>2026-09-10T16:07:54.058Z</time>
			</trkpt>
			<trkpt lat="39.97544" lon="-1.0657">
				<ele>1216.29</ele>
				<time>2026-09-10T16:07:54.676Z</time>
			</trkpt>
			<trkpt lat="39.9754" lon="-1.06556">
				<ele>1216.09</ele>
				<time>2026-09-10T16:07:55.191Z</time>
			</trkpt>
			<trkpt lat="39.97505" lon="-1.06502">
				<ele>1215.74</ele>
				<time>2026-09-10T16:07:57.654Z</time>
			</trkpt>
			<trkpt lat="39.97498" lon="-1.06487">
				<ele>1215.47</ele>
				<time>2026-09-10T16:07:58.271Z</time>
			</trkpt>
			<trkpt lat="39.97494" lon="-1.06443">
				<ele>1217.78</ele>
				<time>2026-09-10T16:07:59.842Z</time>
			</trkpt>
			<trkpt lat="39.97488" lon="-1.06429">
				<ele>1217.48</ele>
				<time>2026-09-10T16:08:00.414Z</time>
			</trkpt>
			<trkpt lat="39.9747" lon="-1.06407">
				<ele>1215.01</ele>
				<time>2026-09-10T16:08:01.570Z</time>
			</trkpt>
			<trkpt lat="39.97456" lon="-1.06387">
				<ele>1211.79</ele>
				<time>2026-09-10T16:08:02.550Z</time>
			</trkpt>
			<trkpt lat="39.9744" lon="-1.06345">
				<ele>1210.1</ele>
				<time>2026-09-10T16:08:04.263Z</time>
			</trkpt>
			<trkpt lat="39.97426" lon="-1.06307">
				<ele>1207.61</ele>
				<time>2026-09-10T16:08:05.820Z</time>
			</trkpt>
			<trkpt lat="39.97416" lon="-1.06241">
				<ele>1203.94</ele>
				<time>2026-09-10T16:08:08.341Z</time>
			</trkpt>
			<trkpt lat="39.97409" lon="-1.06249">
				<ele>1202.24</ele>
				<time>2026-09-10T16:08:08.801Z</time>
			</trkpt>
			<trkpt lat="39.97406" lon="-1.06271">
				<ele>1200.73</ele>
				<time>2026-09-10T16:08:09.650Z</time>
			</trkpt>
			<trkpt lat="39.97409" lon="-1.06338">
				<ele>1198.19</ele>
				<time>2026-09-10T16:08:12.234Z</time>
			</trkpt>
			<trkpt lat="39.97416" lon="-1.06375">
				<ele>1197.14</ele>
				<time>2026-09-10T16:08:13.722Z</time>
			</trkpt>
			<trkpt lat="39.97437" lon="-1.06445">
				<ele>1196.85</ele>
				<time>2026-09-10T16:08:16.704Z</time>
			</trkpt>
			<trkpt lat="39.97438" lon="-1.06461">
				<ele>1195.88</ele>
				<time>2026-09-10T16:08:17.349Z</time>
			</trkpt>
			<trkpt lat="39.97435" lon="-1.06512">
				<ele>1191.35</ele>
				<time>2026-09-10T16:08:19.387Z</time>
			</trkpt>
			<trkpt lat="39.9744" lon="-1.06533">
				<ele>1191.02</ele>
				<time>2026-09-10T16:08:20.255Z</time>
			</trkpt>
			<trkpt lat="39.97468" lon="-1.06575">
				<ele>1196.04</ele>
				<time>2026-09-10T16:08:22.428Z</time>
			</trkpt>
			<trkpt lat="39.97469" lon="-1.0659">
				<ele>1195.2</ele>
				<time>2026-09-10T16:08:23.011Z</time>
			</trkpt>
			<trkpt lat="39.97465" lon="-1.06636">
				<ele>1185.12</ele>
				<time>2026-09-10T16:08:24.788Z</time>
			</trkpt>
			<trkpt lat="39.97468" lon="-1.06682">
				<ele>1182.86</ele>
				<time>2026-09-10T16:08:26.539Z</time>
			</trkpt>
			<trkpt lat="39.97478" lon="-1.06737">
				<ele>1180</ele>
				<time>2026-09-10T16:08:28.658Z</time>
			</trkpt>
			<trkpt lat="39.97488" lon="-1.06766">
				<ele>1180.99</ele>
				<time>2026-09-10T16:08:29.837Z</time>
			</trkpt>
			<trkpt lat="39.97491" lon="-1.06786">
				<ele>1181.41</ele>
				<time>2026-09-10T16:08:30.589Z</time>
			</trkpt>
			<trkpt lat="39.97492" lon="-1.06797">
				<ele>1181.88</ele>
				<time>2026-09-10T16:08:30.996Z</time>
			</trkpt>
			<trkpt lat="39.97485" lon="-1.06843">
				<ele>1179.23</ele>
				<time>2026-09-10T16:08:32.708Z</time>
			</trkpt>
			<trkpt lat="39.97496" lon="-1.06892">
				<ele>1177.02</ele>
				<time>2026-09-10T16:08:34.554Z</time>
			</trkpt>
			<trkpt lat="39.97497" lon="-1.06905">
				<ele>1177.31</ele>
				<time>2026-09-10T16:08:35.023Z</time>
			</trkpt>
			<trkpt lat="39.97495" lon="-1.06918">
				<ele>1176.67</ele>
				<time>2026-09-10T16:08:35.498Z</time>
			</trkpt>
			<trkpt lat="39.97478" lon="-1.06947">
				<ele>1171.74</ele>
				<time>2026-09-10T16:08:36.799Z</time>
			</trkpt>
			<trkpt lat="39.97471" lon="-1.06966">
				<ele>1170.19</ele>
				<time>2026-09-10T16:08:37.547Z</time>
			</trkpt>
			<trkpt lat="39.97466" lon="-1.06987">
				<ele>1168.94</ele>
				<time>2026-09-10T16:08:38.324Z</time>
			</trkpt>
			<trkpt lat="39.97468" lon="-1.07008">
				<ele>1169.31</ele>
				<time>2026-09-10T16:08:39.068Z</time>
			</trkpt>
			<trkpt lat="39.97475" lon="-1.07031">
				<ele>1171.63</ele>
				<time>2026-09-10T16:08:39.936Z</time>
			</trkpt>
			<trkpt lat="39.97491" lon="-1.07066">
				<ele>1173.44</ele>
				<time>2026-09-10T16:08:41.357Z</time>
			</trkpt>
			<trkpt lat="39.97488" lon="-1.07087">
				<ele>1171.55</ele>
				<time>2026-09-10T16:08:42.098Z</time>
			</trkpt>
			<trkpt lat="39.97476" lon="-1.07114">
				<ele>1165.24</ele>
				<time>2026-09-10T16:08:43.177Z</time>
			</trkpt>
			<trkpt lat="39.97472" lon="-1.0713">
				<ele>1162.77</ele>
				<time>2026-09-10T16:08:43.756Z</time>
			</trkpt>
			<trkpt lat="39.97464" lon="-1.07186">
				<ele>1164.07</ele>
				<time>2026-09-10T16:08:45.709Z</time>
			</trkpt>
			<trkpt lat="39.97452" lon="-1.07228">
				<ele>1163.64</ele>
				<time>2026-09-10T16:08:47.236Z</time>
			</trkpt>
			<trkpt lat="39.97428" lon="-1.07333">
				<ele>1155.51</ele>
				<time>2026-09-10T16:08:50.937Z</time>
			</trkpt>
			<trkpt lat="39.97411" lon="-1.07399">
				<ele>1151.19</ele>
				<time>2026-09-10T16:08:53.271Z</time>
			</trkpt>
			<trkpt lat="39.97397" lon="-1.07461">
				<ele>1145.82</ele>
				<time>2026-09-10T16:08:55.429Z</time>
			</trkpt>
			<trkpt lat="39.97382" lon="-1.07515">
				<ele>1142.92</ele>
				<time>2026-09-10T16:08:57.340Z</time>
			</trkpt>
			<trkpt lat="39.97379" lon="-1.07541">
				<ele>1142.05</ele>
				<time>2026-09-10T16:08:58.214Z</time>
			</trkpt>
			<trkpt lat="39.97382" lon="-1.07578">
				<ele>1143.68</ele>
				<time>2026-09-10T16:08:59.450Z</time>
			</trkpt>
			<trkpt lat="39.97378" lon="-1.0759">
				<ele>1143.22</ele>
				<time>2026-09-10T16:08:59.884Z</time>
			</trkpt>
			<trkpt lat="39.97365" lon="-1.07602">
				<ele>1141.24</ele>
				<time>2026-09-10T16:09:00.574Z</time>
			</trkpt>
			<trkpt lat="39.97351" lon="-1.07617">
				<ele>1139.53</ele>
				<time>2026-09-10T16:09:01.358Z</time>
			</trkpt>
			<trkpt lat="39.97345" lon="-1.07635">
				<ele>1138.53</ele>
				<time>2026-09-10T16:09:02.010Z</time>
			</trkpt>
			<trkpt lat="39.97334" lon="-1.07715">
				<ele>1130.22</ele>
				<time>2026-09-10T16:09:04.710Z</time>
			</trkpt>
			<trkpt lat="39.97309" lon="-1.07775">
				<ele>1126.72</ele>
				<time>2026-09-10T16:09:06.983Z</time>
			</trkpt>
			<trkpt lat="39.97301" lon="-1.07808">
				<ele>1127.72</ele>
				<time>2026-09-10T16:09:08.138Z</time>
			</trkpt>
			<trkpt lat="39.97225" lon="-1.07993">
				<ele>1114.15</ele>
				<time>2026-09-10T16:09:15.206Z</time>
			</trkpt>
			<trkpt lat="39.9721" lon="-1.0802">
				<ele>1113.28</ele>
				<time>2026-09-10T16:09:16.342Z</time>
			</trkpt>
			<trkpt lat="39.97169" lon="-1.08061">
				<ele>1111.81</ele>
				<time>2026-09-10T16:09:18.654Z</time>
			</trkpt>
			<trkpt lat="39.97158" lon="-1.08079">
				<ele>1111.29</ele>
				<time>2026-09-10T16:09:19.448Z</time>
			</trkpt>
			<trkpt lat="39.9715" lon="-1.08102">
				<ele>1110.66</ele>
				<time>2026-09-10T16:09:20.323Z</time>
			</trkpt>
			<trkpt lat="39.97135" lon="-1.08179">
				<ele>1111.59</ele>
				<time>2026-09-10T16:09:23.097Z</time>
			</trkpt>
			<trkpt lat="39.97123" lon="-1.08209">
				<ele>1109.39</ele>
				<time>2026-09-10T16:09:24.290Z</time>
			</trkpt>
			<trkpt lat="39.97013" lon="-1.08432">
				<ele>1096.75</ele>
				<time>2026-09-10T16:09:33.914Z</time>
			</trkpt>
			<trkpt lat="39.97002" lon="-1.08451">
				<ele>1095.97</ele>
				<time>2026-09-10T16:09:34.806Z</time>
			</trkpt>
			<trkpt lat="39.96992" lon="-1.08463">
				<ele>1094.05</ele>
				<time>2026-09-10T16:09:35.473Z</time>
			</trkpt>
			<trkpt lat="39.96684" lon="-1.08676">
				<ele>1081.99</ele>
				<time>2026-09-10T16:09:53.712Z</time>
			</trkpt>
			<trkpt lat="39.96669" lon="-1.08691">
				<ele>1081.29</ele>
				<time>2026-09-10T16:09:54.771Z</time>
			</trkpt>
			<trkpt lat="39.96665" lon="-1.08701">
				<ele>1080.99</ele>
				<time>2026-09-10T16:09:55.259Z</time>
			</trkpt>
			<trkpt lat="39.96546" lon="-1.09272">
				<ele>1074.21</ele>
				<time>2026-09-10T16:10:23.576Z</time>
			</trkpt>
			<trkpt lat="39.96541" lon="-1.09287">
				<ele>1074.19</ele>
				<time>2026-09-10T16:10:24.445Z</time>
			</trkpt>
			<trkpt lat="39.96525" lon="-1.09303">
				<ele>1075.1</ele>
				<time>2026-09-10T16:10:25.852Z</time>
			</trkpt>
			<trkpt lat="39.96533" lon="-1.09311">
				<ele>1073.96</ele>
				<time>2026-09-10T16:10:26.561Z</time>
			</trkpt>
			<trkpt lat="39.96587" lon="-1.09327">
				<ele>1068.62</ele>
				<time>2026-09-10T16:10:30.517Z</time>
			</trkpt>
			<trkpt lat="39.96601" lon="-1.09333">
				<ele>1067.42</ele>
				<time>2026-09-10T16:10:31.587Z</time>
			</trkpt>
			<trkpt lat="39.96606" lon="-1.09337">
				<ele>1066.55</ele>
				<time>2026-09-10T16:10:32.015Z</time>
			</trkpt>
			<trkpt lat="39.96625" lon="-1.09316">
				<ele>1069.93</ele>
				<time>2026-09-10T16:10:33.846Z</time>
			</trkpt>
			<trkpt lat="39.96631" lon="-1.09301">
				<ele>1071.51</ele>
				<time>2026-09-10T16:10:34.808Z</time>
			</trkpt>
			<trkpt lat="39.96644" lon="-1.09304">
				<ele>1072.42</ele>
				<time>2026-09-10T16:10:35.794Z</time>
			</trkpt>
			<trkpt lat="39.96654" lon="-1.09302">
				<ele>1072.91</ele>
				<time>2026-09-10T16:10:36.553Z</time>
			</trkpt>
			<trkpt lat="39.96644" lon="-1.09304">
				<ele>1072.42</ele>
				<time>2026-09-10T16:10:37.316Z</time>
			</trkpt>
			<trkpt lat="39.96631" lon="-1.09301">
				<ele>1071.51</ele>
				<time>2026-09-10T16:10:38.318Z</time>
			</trkpt>
			<trkpt lat="39.96625" lon="-1.09316">
				<ele>1069.93</ele>
				<time>2026-09-10T16:10:39.304Z</time>
			</trkpt>
			<trkpt lat="39.96606" lon="-1.09337">
				<ele>1066.55</ele>
				<time>2026-09-10T16:10:40.970Z</time>
			</trkpt>
			<trkpt lat="39.96601" lon="-1.09333">
				<ele>1067.42</ele>
				<time>2026-09-10T16:10:41.373Z</time>
			</trkpt>
			<trkpt lat="39.96587" lon="-1.09327">
				<ele>1068.62</ele>
				<time>2026-09-10T16:10:42.548Z</time>
			</trkpt>
			<trkpt lat="39.96533" lon="-1.09311">
				<ele>1073.96</ele>
				<time>2026-09-10T16:11:03.508Z</time>
			</trkpt>
			<trkpt lat="39.96525" lon="-1.09303">
				<ele>1075.1</ele>
				<time>2026-09-10T16:11:16.441Z</time>
			</trkpt>
			<trkpt lat="39.9644" lon="-1.09318">
				<ele>1076.8</ele>
				<time>2026-09-10T16:11:39.009Z</time>
			</trkpt>
			<trkpt lat="39.96367" lon="-1.09326">
				<ele>1074.76</ele>
				<time>2026-09-10T16:11:47.582Z</time>
			</trkpt>
			<trkpt lat="39.96356" lon="-1.09332">
				<ele>1073.73</ele>
				<time>2026-09-10T16:11:48.597Z</time>
			</trkpt>
			<trkpt lat="39.96337" lon="-1.0935">
				<ele>1073.26</ele>
				<time>2026-09-10T16:11:50.448Z</time>
			</trkpt>
			<trkpt lat="39.96326" lon="-1.09365">
				<ele>1074.57</ele>
				<time>2026-09-10T16:11:51.679Z</time>
			</trkpt>
			<trkpt lat="39.96321" lon="-1.09377">
				<ele>1074.92</ele>
				<time>2026-09-10T16:11:52.484Z</time>
			</trkpt>
			<trkpt lat="39.96301" lon="-1.09448">
				<ele>1064.84</ele>
				<time>2026-09-10T16:11:56.898Z</time>
			</trkpt>
			<trkpt lat="39.96294" lon="-1.09461">
				<ele>1063.83</ele>
				<time>2026-09-10T16:11:57.814Z</time>
			</trkpt>
			<trkpt lat="39.96278" lon="-1.09482">
				<ele>1063.63</ele>
				<time>2026-09-10T16:11:59.512Z</time>
			</trkpt>
			<trkpt lat="39.96264" lon="-1.09493">
				<ele>1063.26</ele>
				<time>2026-09-10T16:12:00.726Z</time>
			</trkpt>
			<trkpt lat="39.96246" lon="-1.09504">
				<ele>1062.86</ele>
				<time>2026-09-10T16:12:02.195Z</time>
			</trkpt>
			<trkpt lat="39.96107" lon="-1.09553">
				<ele>1056.66</ele>
				<time>2026-09-10T16:12:12.552Z</time>
			</trkpt>
			<trkpt lat="39.9609" lon="-1.09568">
				<ele>1055.39</ele>
				<time>2026-09-10T16:12:13.988Z</time>
			</trkpt>
			<trkpt lat="39.96078" lon="-1.09583">
				<ele>1051.94</ele>
				<time>2026-09-10T16:12:15.145Z</time>
			</trkpt>
			<trkpt lat="39.96044" lon="-1.09641">
				<ele>1051.86</ele>
				<time>2026-09-10T16:12:18.994Z</time>
			</trkpt>
			<trkpt lat="39.96036" lon="-1.09671">
				<ele>1054.81</ele>
				<time>2026-09-10T16:12:20.647Z</time>
			</trkpt>
			<trkpt lat="39.96036" lon="-1.09695">
				<ele>1055.75</ele>
				<time>2026-09-10T16:12:21.887Z</time>
			</trkpt>
			<trkpt lat="39.96051" lon="-1.09831">
				<ele>1057.13</ele>
				<time>2026-09-10T16:12:28.846Z</time>
			</trkpt>
			<trkpt lat="39.9605" lon="-1.09848">
				<ele>1058.03</ele>
				<time>2026-09-10T16:12:29.693Z</time>
			</trkpt>
			<trkpt lat="39.96034" lon="-1.09961">
				<ele>1061.75</ele>
				<time>2026-09-10T16:12:35.313Z</time>
			</trkpt>
			<trkpt lat="39.9603" lon="-1.10002">
				<ele>1062.94</ele>
				<time>2026-09-10T16:12:37.296Z</time>
			</trkpt>
			<trkpt lat="39.96032" lon="-1.10198">
				<ele>1072.57</ele>
				<time>2026-09-10T16:12:46.438Z</time>
			</trkpt>
			<trkpt lat="39.96037" lon="-1.10384">
				<ele>1074.56</ele>
				<time>2026-09-10T16:12:54.736Z</time>
			</trkpt>
			<trkpt lat="39.96036" lon="-1.10421">
				<ele>1074.5</ele>
				<time>2026-09-10T16:12:56.345Z</time>
			</trkpt>
			<trkpt lat="39.9603" lon="-1.10451">
				<ele>1075.46</ele>
				<time>2026-09-10T16:12:57.681Z</time>
			</trkpt>
			<trkpt lat="39.96022" lon="-1.10483">
				<ele>1075.15</ele>
				<time>2026-09-10T16:12:59.122Z</time>
			</trkpt>
			<trkpt lat="39.96007" lon="-1.10515">
				<ele>1077</ele>
				<time>2026-09-10T16:13:00.715Z</time>
			</trkpt>
			<trkpt lat="39.95992" lon="-1.10542">
				<ele>1078.61</ele>
				<time>2026-09-10T16:13:02.120Z</time>
			</trkpt>
			<trkpt lat="39.95952" lon="-1.1059">
				<ele>1080.22</ele>
				<time>2026-09-10T16:13:05.072Z</time>
			</trkpt>
			<trkpt lat="39.9593" lon="-1.1063">
				<ele>1082.67</ele>
				<time>2026-09-10T16:13:07.096Z</time>
			</trkpt>
			<trkpt lat="39.95924" lon="-1.10651">
				<ele>1083.08</ele>
				<time>2026-09-10T16:13:08.010Z</time>
			</trkpt>
			<trkpt lat="39.95919" lon="-1.1068">
				<ele>1083.47</ele>
				<time>2026-09-10T16:13:09.216Z</time>
			</trkpt>
			<trkpt lat="39.9592" lon="-1.1071">
				<ele>1084.28</ele>
				<time>2026-09-10T16:13:10.426Z</time>
			</trkpt>
			<trkpt lat="39.95933" lon="-1.10799">
				<ele>1083.28</ele>
				<time>2026-09-10T16:13:14.032Z</time>
			</trkpt>
			<trkpt lat="39.95935" lon="-1.10833">
				<ele>1086.24</ele>
				<time>2026-09-10T16:13:15.372Z</time>
			</trkpt>
			<trkpt lat="39.95932" lon="-1.10867">
				<ele>1089.89</ele>
				<time>2026-09-10T16:13:16.707Z</time>
			</trkpt>
			<trkpt lat="39.95924" lon="-1.10893">
				<ele>1090.9</ele>
				<time>2026-09-10T16:13:17.793Z</time>
			</trkpt>
			<trkpt lat="39.95913" lon="-1.10917">
				<ele>1090.14</ele>
				<time>2026-09-10T16:13:18.871Z</time>
			</trkpt>
			<trkpt lat="39.95899" lon="-1.10937">
				<ele>1088.74</ele>
				<time>2026-09-10T16:13:19.910Z</time>
			</trkpt>
			<trkpt lat="39.95839" lon="-1.11009">
				<ele>1083.3</ele>
				<time>2026-09-10T16:13:23.936Z</time>
			</trkpt>
			<trkpt lat="39.95822" lon="-1.11034">
				<ele>1082.63</ele>
				<time>2026-09-10T16:13:25.184Z</time>
			</trkpt>
			<trkpt lat="39.95742" lon="-1.11178">
				<ele>1082.83</ele>
				<time>2026-09-10T16:13:31.701Z</time>
			</trkpt>
			<trkpt lat="39.95673" lon="-1.1134">
				<ele>1081.02</ele>
				<time>2026-09-10T16:13:38.283Z</time>
			</trkpt>
			<trkpt lat="39.95657" lon="-1.11368">
				<ele>1081.15</ele>
				<time>2026-09-10T16:13:39.502Z</time>
			</trkpt>
			<trkpt lat="39.95642" lon="-1.11386">
				<ele>1082.54</ele>
				<time>2026-09-10T16:13:40.425Z</time>
			</trkpt>
			<trkpt lat="39.95624" lon="-1.11403">
				<ele>1082.81</ele>
				<time>2026-09-10T16:13:41.428Z</time>
			</trkpt>
			<trkpt lat="39.95558" lon="-1.11446">
				<ele>1073.2</ele>
				<time>2026-09-10T16:13:44.726Z</time>
			</trkpt>
			<trkpt lat="39.95542" lon="-1.11463">
				<ele>1074.6</ele>
				<time>2026-09-10T16:13:45.641Z</time>
			</trkpt>
			<trkpt lat="39.95516" lon="-1.11502">
				<ele>1074.46</ele>
				<time>2026-09-10T16:13:47.387Z</time>
			</trkpt>
			<trkpt lat="39.95487" lon="-1.11551">
				<ele>1072.63</ele>
				<time>2026-09-10T16:13:49.464Z</time>
			</trkpt>
			<trkpt lat="39.95473" lon="-1.11583">
				<ele>1069.89</ele>
				<time>2026-09-10T16:13:50.692Z</time>
			</trkpt>
			<trkpt lat="39.95383" lon="-1.11835">
				<ele>1051.79</ele>
				<time>2026-09-10T16:13:59.800Z</time>
			</trkpt>
			<trkpt lat="39.9537" lon="-1.1186">
				<ele>1052.66</ele>
				<time>2026-09-10T16:14:00.775Z</time>
			</trkpt>
			<trkpt lat="39.95356" lon="-1.11881">
				<ele>1050.9</ele>
				<time>2026-09-10T16:14:01.671Z</time>
			</trkpt>
			<trkpt lat="39.95341" lon="-1.11898">
				<ele>1050.03</ele>
				<time>2026-09-10T16:14:02.503Z</time>
			</trkpt>
			<trkpt lat="39.95318" lon="-1.11919">
				<ele>1048.87</ele>
				<time>2026-09-10T16:14:03.676Z</time>
			</trkpt>
			<trkpt lat="39.95063" lon="-1.1209">
				<ele>1032.96</ele>
				<time>2026-09-10T16:14:15.510Z</time>
			</trkpt>
			<trkpt lat="39.94396" lon="-1.12543">
				<ele>998.82</ele>
				<time>2026-09-10T16:14:46.500Z</time>
			</trkpt>
			<trkpt lat="39.93291" lon="-1.13293">
				<ele>956.42</ele>
				<time>2026-09-10T16:15:46.170Z</time>
			</trkpt>
			<trkpt lat="39.92994" lon="-1.13496">
				<ele>949.75</ele>
				<time>2026-09-10T16:16:05.853Z</time>
			</trkpt>
			<trkpt lat="39.92556" lon="-1.13792">
				<ele>952</ele>
				<time>2026-09-10T16:16:38.868Z</time>
			</trkpt>
			<trkpt lat="39.9253" lon="-1.13735">
				<ele>951.9</ele>
				<time>2026-09-10T16:16:42.582Z</time>
			</trkpt>
			<trkpt lat="39.92481" lon="-1.13619">
				<ele>951.67</ele>
				<time>2026-09-10T16:16:50.189Z</time>
			</trkpt>
			<trkpt lat="39.92435" lon="-1.13516">
				<ele>948.28</ele>
				<time>2026-09-10T16:16:56.808Z</time>
			</trkpt>
			<trkpt lat="39.9243" lon="-1.13504">
				<ele>947.22</ele>
				<time>2026-09-10T16:16:57.478Z</time>
			</trkpt>
			<trkpt lat="39.92384" lon="-1.1341">
				<ele>940.9</ele>
				<time>2026-09-10T16:17:03.149Z</time>
			</trkpt>
			<trkpt lat="39.92433" lon="-1.13355">
				<ele>940.93</ele>
				<time>2026-09-10T16:17:08.820Z</time>
			</trkpt>
			<trkpt lat="39.92424" lon="-1.13342">
				<ele>941.46</ele>
				<time>2026-09-10T16:17:10.274Z</time>
			</trkpt>
			<trkpt lat="39.92416" lon="-1.13332">
				<ele>941.93</ele>
				<time>2026-09-10T16:17:11.562Z</time>
			</trkpt>
			<trkpt lat="39.92424" lon="-1.13342">
				<ele>941.46</ele>
				<time>2026-09-10T16:17:12.938Z</time>
			</trkpt>
			<trkpt lat="39.92433" lon="-1.13355">
				<ele>940.93</ele>
				<time>2026-09-10T16:17:14.730Z</time>
			</trkpt>
			<trkpt lat="39.92384" lon="-1.1341">
				<ele>940.9</ele>
				<time>2026-09-10T16:17:25.608Z</time>
			</trkpt>
			<trkpt lat="39.9243" lon="-1.13504">
				<ele>947.22</ele>
				<time>2026-09-10T16:18:11.830Z</time>
			</trkpt>
			<trkpt lat="39.92435" lon="-1.13516">
				<ele>948.28</ele>
				<time>2026-09-10T16:18:13.519Z</time>
			</trkpt>
			<trkpt lat="39.92481" lon="-1.13619">
				<ele>951.67</ele>
				<time>2026-09-10T16:18:30.192Z</time>
			</trkpt>
			<trkpt lat="39.9253" lon="-1.13735">
				<ele>951.9</ele>
				<time>2026-09-10T16:18:40.306Z</time>
			</trkpt>
			<trkpt lat="39.92556" lon="-1.13792">
				<ele>952</ele>
				<time>2026-09-10T16:18:45.308Z</time>
			</trkpt>
			<trkpt lat="39.92966" lon="-1.14744">
				<ele>978.19</ele>
				<time>2026-09-10T16:20:01.931Z</time>
			</trkpt>
			<trkpt lat="39.92987" lon="-1.14781">
				<ele>983.35</ele>
				<time>2026-09-10T16:20:04.933Z</time>
			</trkpt>
			<trkpt lat="39.93058" lon="-1.14863">
				<ele>988.03</ele>
				<time>2026-09-10T16:20:12.912Z</time>
			</trkpt>
			<trkpt lat="39.93069" lon="-1.14879">
				<ele>989.65</ele>
				<time>2026-09-10T16:20:14.285Z</time>
			</trkpt>
			<trkpt lat="39.93075" lon="-1.14902">
				<ele>991.46</ele>
				<time>2026-09-10T16:20:15.833Z</time>
			</trkpt>
			<trkpt lat="39.93076" lon="-1.14925">
				<ele>992.72</ele>
				<time>2026-09-10T16:20:17.297Z</time>
			</trkpt>
			<trkpt lat="39.9307" lon="-1.14948">
				<ele>993.4</ele>
				<time>2026-09-10T16:20:18.835Z</time>
			</trkpt>
			<trkpt lat="39.93064" lon="-1.14963">
				<ele>993.22</ele>
				<time>2026-09-10T16:20:19.904Z</time>
			</trkpt>
			<trkpt lat="39.93025" lon="-1.15028">
				<ele>993.31</ele>
				<time>2026-09-10T16:20:25.084Z</time>
			</trkpt>
			<trkpt lat="39.93017" lon="-1.15045">
				<ele>994.68</ele>
				<time>2026-09-10T16:20:26.328Z</time>
			</trkpt>
			<trkpt lat="39.93013" lon="-1.15059">
				<ele>995.12</ele>
				<time>2026-09-10T16:20:27.257Z</time>
			</trkpt>
			<trkpt lat="39.93014" lon="-1.15075">
				<ele>995.69</ele>
				<time>2026-09-10T16:20:28.254Z</time>
			</trkpt>
			<trkpt lat="39.93019" lon="-1.15094">
				<ele>997</ele>
				<time>2026-09-10T16:20:29.498Z</time>
			</trkpt>
			<trkpt lat="39.93023" lon="-1.15105">
				<ele>998.16</ele>
				<time>2026-09-10T16:20:30.250Z</time>
			</trkpt>
			<trkpt lat="39.93113" lon="-1.15252">
				<ele>1004.99</ele>
				<time>2026-09-10T16:20:41.727Z</time>
			</trkpt>
			<trkpt lat="39.93122" lon="-1.15276">
				<ele>1005.14</ele>
				<time>2026-09-10T16:20:43.335Z</time>
			</trkpt>
			<trkpt lat="39.9314" lon="-1.15357">
				<ele>1010.3</ele>
				<time>2026-09-10T16:20:48.372Z</time>
			</trkpt>
			<trkpt lat="39.93147" lon="-1.15371">
				<ele>1012.2</ele>
				<time>2026-09-10T16:20:49.364Z</time>
			</trkpt>
			<trkpt lat="39.9316" lon="-1.15381">
				<ele>1013.3</ele>
				<time>2026-09-10T16:20:50.529Z</time>
			</trkpt>
			<trkpt lat="39.93226" lon="-1.15422">
				<ele>1014.99</ele>
				<time>2026-09-10T16:20:56.132Z</time>
			</trkpt>
			<trkpt lat="39.93238" lon="-1.15433">
				<ele>1014.6</ele>
				<time>2026-09-10T16:20:57.247Z</time>
			</trkpt>
			<trkpt lat="39.93248" lon="-1.15449">
				<ele>1014.42</ele>
				<time>2026-09-10T16:20:58.448Z</time>
			</trkpt>
			<trkpt lat="39.93252" lon="-1.15472">
				<ele>1015.65</ele>
				<time>2026-09-10T16:20:59.816Z</time>
			</trkpt>
			<trkpt lat="39.93253" lon="-1.155">
				<ele>1017.63</ele>
				<time>2026-09-10T16:21:01.436Z</time>
			</trkpt>
			<trkpt lat="39.93249" lon="-1.1552">
				<ele>1020.14</ele>
				<time>2026-09-10T16:21:02.627Z</time>
			</trkpt>
			<trkpt lat="39.93224" lon="-1.15572">
				<ele>1023.5</ele>
				<time>2026-09-10T16:21:06.145Z</time>
			</trkpt>
			<trkpt lat="39.9321" lon="-1.15626">
				<ele>1025.86</ele>
				<time>2026-09-10T16:21:09.388Z</time>
			</trkpt>
			<trkpt lat="39.93207" lon="-1.15655">
				<ele>1026.58</ele>
				<time>2026-09-10T16:21:11.043Z</time>
			</trkpt>
			<trkpt lat="39.93211" lon="-1.15668">
				<ele>1026.81</ele>
				<time>2026-09-10T16:21:11.833Z</time>
			</trkpt>
			<trkpt lat="39.93219" lon="-1.15682">
				<ele>1026.77</ele>
				<time>2026-09-10T16:21:12.815Z</time>
			</trkpt>
			<trkpt lat="39.9332" lon="-1.15815">
				<ele>1029.39</ele>
				<time>2026-09-10T16:21:23.211Z</time>
			</trkpt>
			<trkpt lat="39.93357" lon="-1.15878">
				<ele>1025.69</ele>
				<time>2026-09-10T16:21:27.542Z</time>
			</trkpt>
			<trkpt lat="39.93364" lon="-1.15892">
				<ele>1024.61</ele>
				<time>2026-09-10T16:21:28.448Z</time>
			</trkpt>
			<trkpt lat="39.93368" lon="-1.15909">
				<ele>1023.41</ele>
				<time>2026-09-10T16:21:29.410Z</time>
			</trkpt>
			<trkpt lat="39.93368" lon="-1.15923">
				<ele>1022.77</ele>
				<time>2026-09-10T16:21:30.166Z</time>
			</trkpt>
			<trkpt lat="39.93364" lon="-1.15938">
				<ele>1022.25</ele>
				<time>2026-09-10T16:21:31.022Z</time>
			</trkpt>
			<trkpt lat="39.93292" lon="-1.16081">
				<ele>1015.63</ele>
				<time>2026-09-10T16:21:40.129Z</time>
			</trkpt>
			<trkpt lat="39.9328" lon="-1.16099">
				<ele>1015.02</ele>
				<time>2026-09-10T16:21:41.383Z</time>
			</trkpt>
			<trkpt lat="39.93245" lon="-1.16142">
				<ele>1010.72</ele>
				<time>2026-09-10T16:21:44.660Z</time>
			</trkpt>
			<trkpt lat="39.93234" lon="-1.1616">
				<ele>1008.35</ele>
				<time>2026-09-10T16:21:45.856Z</time>
			</trkpt>
			<trkpt lat="39.9323" lon="-1.1618">
				<ele>1006.34</ele>
				<time>2026-09-10T16:21:46.927Z</time>
			</trkpt>
			<trkpt lat="39.9323" lon="-1.162">
				<ele>1005.11</ele>
				<time>2026-09-10T16:21:47.961Z</time>
			</trkpt>
			<trkpt lat="39.93236" lon="-1.16219">
				<ele>1004.65</ele>
				<time>2026-09-10T16:21:49.020Z</time>
			</trkpt>
			<trkpt lat="39.93256" lon="-1.16264">
				<ele>1003.94</ele>
				<time>2026-09-10T16:21:51.689Z</time>
			</trkpt>
			<trkpt lat="39.93269" lon="-1.16289">
				<ele>1004.52</ele>
				<time>2026-09-10T16:21:53.230Z</time>
			</trkpt>
			<trkpt lat="39.93278" lon="-1.16297">
				<ele>1005</ele>
				<time>2026-09-10T16:21:53.953Z</time>
			</trkpt>
			<trkpt lat="39.93288" lon="-1.16302">
				<ele>1005.11</ele>
				<time>2026-09-10T16:21:54.662Z</time>
			</trkpt>
			<trkpt lat="39.933" lon="-1.16301">
				<ele>1005.27</ele>
				<time>2026-09-10T16:21:55.457Z</time>
			</trkpt>
			<trkpt lat="39.93311" lon="-1.16298">
				<ele>1006.03</ele>
				<time>2026-09-10T16:21:56.198Z</time>
			</trkpt>
			<trkpt lat="39.93331" lon="-1.16284">
				<ele>1008.43</ele>
				<time>2026-09-10T16:21:57.691Z</time>
			</trkpt>
			<trkpt lat="39.93557" lon="-1.16102">
				<ele>999.36</ele>
				<time>2026-09-10T16:22:14.739Z</time>
			</trkpt>
			<trkpt lat="39.9357" lon="-1.16096">
				<ele>999.15</ele>
				<time>2026-09-10T16:22:15.604Z</time>
			</trkpt>
			<trkpt lat="39.93584" lon="-1.16097">
				<ele>999.28</ele>
				<time>2026-09-10T16:22:16.480Z</time>
			</trkpt>
			<trkpt lat="39.93596" lon="-1.16107">
				<ele>997.01</ele>
				<time>2026-09-10T16:22:17.368Z</time>
			</trkpt>
			<trkpt lat="39.9361" lon="-1.16124">
				<ele>994.09</ele>
				<time>2026-09-10T16:22:18.558Z</time>
			</trkpt>
			<trkpt lat="39.93653" lon="-1.16204">
				<ele>987.14</ele>
				<time>2026-09-10T16:22:23.180Z</time>
			</trkpt>
			<trkpt lat="39.93668" lon="-1.16219">
				<ele>987</ele>
				<time>2026-09-10T16:22:24.337Z</time>
			</trkpt>
			<trkpt lat="39.93709" lon="-1.16248">
				<ele>987</ele>
				<time>2026-09-10T16:22:27.176Z</time>
			</trkpt>
			<trkpt lat="39.93764" lon="-1.16314">
				<ele>985.8</ele>
				<time>2026-09-10T16:22:31.679Z</time>
			</trkpt>
			<trkpt lat="39.93777" lon="-1.16326">
				<ele>986.27</ele>
				<time>2026-09-10T16:22:32.631Z</time>
			</trkpt>
			<trkpt lat="39.9383" lon="-1.16361">
				<ele>985.34</ele>
				<time>2026-09-10T16:22:36.160Z</time>
			</trkpt>
			<trkpt lat="39.93844" lon="-1.16375">
				<ele>983.88</ele>
				<time>2026-09-10T16:22:37.201Z</time>
			</trkpt>
			<trkpt lat="39.93928" lon="-1.16489">
				<ele>977.48</ele>
				<time>2026-09-10T16:22:44.272Z</time>
			</trkpt>
			<trkpt lat="39.94023" lon="-1.16687">
				<ele>972.65</ele>
				<time>2026-09-10T16:22:54.459Z</time>
			</trkpt>
			<trkpt lat="39.94076" lon="-1.16869">
				<ele>968.05</ele>
				<time>2026-09-10T16:23:02.719Z</time>
			</trkpt>
			<trkpt lat="39.94088" lon="-1.16994">
				<ele>970.38</ele>
				<time>2026-09-10T16:23:07.956Z</time>
			</trkpt>
			<trkpt lat="39.94112" lon="-1.17145">
				<ele>966.73</ele>
				<time>2026-09-10T16:23:14.255Z</time>
			</trkpt>
			<trkpt lat="39.94117" lon="-1.17165">
				<ele>966.23</ele>
				<time>2026-09-10T16:23:15.105Z</time>
			</trkpt>
			<trkpt lat="39.94125" lon="-1.17179">
				<ele>966.26</ele>
				<time>2026-09-10T16:23:15.809Z</time>
			</trkpt>
			<trkpt lat="39.94166" lon="-1.17228">
				<ele>964.78</ele>
				<time>2026-09-10T16:23:18.715Z</time>
			</trkpt>
			<trkpt lat="39.94175" lon="-1.17246">
				<ele>962.95</ele>
				<time>2026-09-10T16:23:19.571Z</time>
			</trkpt>
			<trkpt lat="39.94176" lon="-1.17269">
				<ele>961.76</ele>
				<time>2026-09-10T16:23:20.486Z</time>
			</trkpt>
			<trkpt lat="39.94146" lon="-1.17392">
				<ele>959.58</ele>
				<time>2026-09-10T16:23:25.566Z</time>
			</trkpt>
			<trkpt lat="39.94133" lon="-1.1751">
				<ele>957.18</ele>
				<time>2026-09-10T16:23:30.186Z</time>
			</trkpt>
			<trkpt lat="39.94135" lon="-1.17547">
				<ele>957.03</ele>
				<time>2026-09-10T16:23:31.610Z</time>
			</trkpt>
			<trkpt lat="39.94157" lon="-1.1783">
				<ele>953.66</ele>
				<time>2026-09-10T16:23:42.318Z</time>
			</trkpt>
			<trkpt lat="39.94157" lon="-1.17847">
				<ele>953.96</ele>
				<time>2026-09-10T16:23:42.947Z</time>
			</trkpt>
			<trkpt lat="39.94153" lon="-1.1786">
				<ele>953.98</ele>
				<time>2026-09-10T16:23:43.464Z</time>
			</trkpt>
			<trkpt lat="39.94145" lon="-1.17873">
				<ele>954.06</ele>
				<time>2026-09-10T16:23:44.078Z</time>
			</trkpt>
			<trkpt lat="39.9407" lon="-1.17957">
				<ele>953.71</ele>
				<time>2026-09-10T16:23:48.786Z</time>
			</trkpt>
			<trkpt lat="39.94062" lon="-1.17971">
				<ele>953.78</ele>
				<time>2026-09-10T16:23:49.418Z</time>
			</trkpt>
			<trkpt lat="39.94048" lon="-1.18027">
				<ele>955.67</ele>
				<time>2026-09-10T16:23:51.541Z</time>
			</trkpt>
			<trkpt lat="39.9404" lon="-1.1805">
				<ele>955.88</ele>
				<time>2026-09-10T16:23:52.446Z</time>
			</trkpt>
			<trkpt lat="39.94033" lon="-1.18066">
				<ele>956.34</ele>
				<time>2026-09-10T16:23:53.105Z</time>
			</trkpt>
			<trkpt lat="39.93992" lon="-1.18134">
				<ele>957.14</ele>
				<time>2026-09-10T16:23:56.181Z</time>
			</trkpt>
			<trkpt lat="39.93986" lon="-1.18146">
				<ele>956.35</ele>
				<time>2026-09-10T16:23:56.687Z</time>
			</trkpt>
			<trkpt lat="39.93985" lon="-1.18157">
				<ele>955.8</ele>
				<time>2026-09-10T16:23:57.078Z</time>
			</trkpt>
			<trkpt lat="39.93987" lon="-1.1817">
				<ele>955.53</ele>
				<time>2026-09-10T16:23:57.545Z</time>
			</trkpt>
			<trkpt lat="39.94086" lon="-1.18579">
				<ele>959.89</ele>
				<time>2026-09-10T16:24:12.290Z</time>
			</trkpt>
			<trkpt lat="39.94092" lon="-1.18615">
				<ele>958.19</ele>
				<time>2026-09-10T16:24:13.524Z</time>
			</trkpt>
			<trkpt lat="39.9409" lon="-1.18634">
				<ele>957.47</ele>
				<time>2026-09-10T16:24:14.165Z</time>
			</trkpt>
			<trkpt lat="39.94044" lon="-1.18899">
				<ele>949.06</ele>
				<time>2026-09-10T16:24:23.099Z</time>
			</trkpt>
			<trkpt lat="39.94044" lon="-1.18917">
				<ele>947.4</ele>
				<time>2026-09-10T16:24:23.682Z</time>
			</trkpt>
			<trkpt lat="39.94047" lon="-1.1894">
				<ele>947.25</ele>
				<time>2026-09-10T16:24:24.436Z</time>
			</trkpt>
			<trkpt lat="39.94053" lon="-1.18965">
				<ele>947.78</ele>
				<time>2026-09-10T16:24:25.280Z</time>
			</trkpt>
			<trkpt lat="39.9406" lon="-1.1898">
				<ele>947.58</ele>
				<time>2026-09-10T16:24:25.845Z</time>
			</trkpt>
			<trkpt lat="39.94071" lon="-1.18996">
				<ele>947.26</ele>
				<time>2026-09-10T16:24:26.535Z</time>
			</trkpt>
			<trkpt lat="39.94098" lon="-1.19024">
				<ele>945.41</ele>
				<time>2026-09-10T16:24:27.974Z</time>
			</trkpt>
			<trkpt lat="39.94112" lon="-1.1903">
				<ele>944.5</ele>
				<time>2026-09-10T16:24:28.586Z</time>
			</trkpt>
			<trkpt lat="39.94128" lon="-1.19031">
				<ele>942.51</ele>
				<time>2026-09-10T16:24:29.251Z</time>
			</trkpt>
			<trkpt lat="39.94172" lon="-1.19031">
				<ele>941.74</ele>
				<time>2026-09-10T16:24:31.070Z</time>
			</trkpt>
			<trkpt lat="39.9418" lon="-1.19033">
				<ele>941.39</ele>
				<time>2026-09-10T16:24:31.406Z</time>
			</trkpt>
			<trkpt lat="39.94185" lon="-1.19036">
				<ele>940.84</ele>
				<time>2026-09-10T16:24:31.632Z</time>
			</trkpt>
			<trkpt lat="39.94195" lon="-1.19061">
				<ele>936.96</ele>
				<time>2026-09-10T16:24:32.520Z</time>
			</trkpt>
			<trkpt lat="39.94196" lon="-1.19067">
				<ele>936.98</ele>
				<time>2026-09-10T16:24:32.714Z</time>
			</trkpt>
			<trkpt lat="39.94194" lon="-1.19074">
				<ele>937</ele>
				<time>2026-09-10T16:24:32.948Z</time>
			</trkpt>
			<trkpt lat="39.9419" lon="-1.19079">
				<ele>937.16</ele>
				<time>2026-09-10T16:24:33.175Z</time>
			</trkpt>
			<trkpt lat="39.94157" lon="-1.19103">
				<ele>937.52</ele>
				<time>2026-09-10T16:24:34.719Z</time>
			</trkpt>
			<trkpt lat="39.94142" lon="-1.19119">
				<ele>935.24</ele>
				<time>2026-09-10T16:24:35.507Z</time>
			</trkpt>
			<trkpt lat="39.94113" lon="-1.19162">
				<ele>932.06</ele>
				<time>2026-09-10T16:24:37.287Z</time>
			</trkpt>
			<trkpt lat="39.94096" lon="-1.19181">
				<ele>931.93</ele>
				<time>2026-09-10T16:24:38.191Z</time>
			</trkpt>
			<trkpt lat="39.94019" lon="-1.19231">
				<ele>922.15</ele>
				<time>2026-09-10T16:24:41.640Z</time>
			</trkpt>
			<trkpt lat="39.94009" lon="-1.19239">
				<ele>920.96</ele>
				<time>2026-09-10T16:24:42.108Z</time>
			</trkpt>
			<trkpt lat="39.93992" lon="-1.19269">
				<ele>920.98</ele>
				<time>2026-09-10T16:24:43.245Z</time>
			</trkpt>
			<trkpt lat="39.93991" lon="-1.19282">
				<ele>921.76</ele>
				<time>2026-09-10T16:24:43.643Z</time>
			</trkpt>
			<trkpt lat="39.93993" lon="-1.19297">
				<ele>922.28</ele>
				<time>2026-09-10T16:24:44.105Z</time>
			</trkpt>
			<trkpt lat="39.94024" lon="-1.19393">
				<ele>917.58</ele>
				<time>2026-09-10T16:24:47.253Z</time>
			</trkpt>
			<trkpt lat="39.94026" lon="-1.19403">
				<ele>917.37</ele>
				<time>2026-09-10T16:24:47.563Z</time>
			</trkpt>
			<trkpt lat="39.94024" lon="-1.19413">
				<ele>916.91</ele>
				<time>2026-09-10T16:24:47.874Z</time>
			</trkpt>
			<trkpt lat="39.94021" lon="-1.19421">
				<ele>916.9</ele>
				<time>2026-09-10T16:24:48.141Z</time>
			</trkpt>
			<trkpt lat="39.94012" lon="-1.1943">
				<ele>916.99</ele>
				<time>2026-09-10T16:24:48.584Z</time>
			</trkpt>
			<trkpt lat="39.93936" lon="-1.19476">
				<ele>913.51</ele>
				<time>2026-09-10T16:24:51.842Z</time>
			</trkpt>
			<trkpt lat="39.93928" lon="-1.19477">
				<ele>913.89</ele>
				<time>2026-09-10T16:24:52.153Z</time>
			</trkpt>
			<trkpt lat="39.93919" lon="-1.19475">
				<ele>914</ele>
				<time>2026-09-10T16:24:52.506Z</time>
			</trkpt>
			<trkpt lat="39.9391" lon="-1.19466">
				<ele>913.96</ele>
				<time>2026-09-10T16:24:52.944Z</time>
			</trkpt>
			<trkpt lat="39.93848" lon="-1.19372">
				<ele>908.51</ele>
				<time>2026-09-10T16:24:56.593Z</time>
			</trkpt>
			<trkpt lat="39.9384" lon="-1.19366">
				<ele>906.5</ele>
				<time>2026-09-10T16:24:56.945Z</time>
			</trkpt>
			<trkpt lat="39.93825" lon="-1.19361">
				<ele>904.68</ele>
				<time>2026-09-10T16:24:57.535Z</time>
			</trkpt>
			<trkpt lat="39.93697" lon="-1.19345">
				<ele>895.69</ele>
				<time>2026-09-10T16:25:02.400Z</time>
			</trkpt>
			<trkpt lat="39.93688" lon="-1.19346">
				<ele>894.44</ele>
				<time>2026-09-10T16:25:02.739Z</time>
			</trkpt>
			<trkpt lat="39.93591" lon="-1.19378">
				<ele>892.76</ele>
				<time>2026-09-10T16:25:06.478Z</time>
			</trkpt>
			<trkpt lat="39.93579" lon="-1.19381">
				<ele>894.06</ele>
				<time>2026-09-10T16:25:06.932Z</time>
			</trkpt>
			<trkpt lat="39.93567" lon="-1.19381">
				<ele>895.52</ele>
				<time>2026-09-10T16:25:07.377Z</time>
			</trkpt>
			<trkpt lat="39.93556" lon="-1.19376">
				<ele>895.99</ele>
				<time>2026-09-10T16:25:07.809Z</time>
			</trkpt>
			<trkpt lat="39.93509" lon="-1.19346">
				<ele>889.83</ele>
				<time>2026-09-10T16:25:09.743Z</time>
			</trkpt>
			<trkpt lat="39.93488" lon="-1.19322">
				<ele>884.75</ele>
				<time>2026-09-10T16:25:10.772Z</time>
			</trkpt>
			<trkpt lat="39.93479" lon="-1.19308">
				<ele>881.65</ele>
				<time>2026-09-10T16:25:11.287Z</time>
			</trkpt>
			<trkpt lat="39.93468" lon="-1.19299">
				<ele>879.1</ele>
				<time>2026-09-10T16:25:11.764Z</time>
			</trkpt>
			<trkpt lat="39.93454" lon="-1.19296">
				<ele>877.11</ele>
				<time>2026-09-10T16:25:12.284Z</time>
			</trkpt>
			<trkpt lat="39.93443" lon="-1.19297">
				<ele>876.83</ele>
				<time>2026-09-10T16:25:12.688Z</time>
			</trkpt>
			<trkpt lat="39.93429" lon="-1.19303">
				<ele>877.95</ele>
				<time>2026-09-10T16:25:13.227Z</time>
			</trkpt>
			<trkpt lat="39.93417" lon="-1.19311">
				<ele>879.83</ele>
				<time>2026-09-10T16:25:13.720Z</time>
			</trkpt>
			<trkpt lat="39.9338" lon="-1.19347">
				<ele>877.84</ele>
				<time>2026-09-10T16:25:15.403Z</time>
			</trkpt>
			<trkpt lat="39.93323" lon="-1.19406">
				<ele>865.62</ele>
				<time>2026-09-10T16:25:18.042Z</time>
			</trkpt>
			<trkpt lat="39.93316" lon="-1.19418">
				<ele>865.89</ele>
				<time>2026-09-10T16:25:18.460Z</time>
			</trkpt>
			<trkpt lat="39.93313" lon="-1.19435">
				<ele>870.19</ele>
				<time>2026-09-10T16:25:18.943Z</time>
			</trkpt>
			<trkpt lat="39.9331" lon="-1.19539">
				<ele>886.83</ele>
				<time>2026-09-10T16:25:21.814Z</time>
			</trkpt>
			<trkpt lat="39.93312" lon="-1.1956">
				<ele>884.81</ele>
				<time>2026-09-10T16:25:22.396Z</time>
			</trkpt>
			<trkpt lat="39.93318" lon="-1.19578">
				<ele>882.54</ele>
				<time>2026-09-10T16:25:22.935Z</time>
			</trkpt>
			<trkpt lat="39.9333" lon="-1.19602">
				<ele>879.35</ele>
				<time>2026-09-10T16:25:23.720Z</time>
			</trkpt>
			<trkpt lat="39.93345" lon="-1.19621">
				<ele>877.12</ele>
				<time>2026-09-10T16:25:24.467Z</time>
			</trkpt>
			<trkpt lat="39.93366" lon="-1.19637">
				<ele>876.42</ele>
				<time>2026-09-10T16:25:25.334Z</time>
			</trkpt>
			<trkpt lat="39.93414" lon="-1.19659">
				<ele>876.59</ele>
				<time>2026-09-10T16:25:27.142Z</time>
			</trkpt>
			<trkpt lat="39.93426" lon="-1.1966">
				<ele>877.34</ele>
				<time>2026-09-10T16:25:27.569Z</time>
			</trkpt>
			<trkpt lat="39.93436" lon="-1.19658">
				<ele>878.42</ele>
				<time>2026-09-10T16:25:27.927Z</time>
			</trkpt>
			<trkpt lat="39.93468" lon="-1.19642">
				<ele>878.81</ele>
				<time>2026-09-10T16:25:29.140Z</time>
			</trkpt>
			<trkpt lat="39.93482" lon="-1.19643">
				<ele>877.95</ele>
				<time>2026-09-10T16:25:29.636Z</time>
			</trkpt>
			<trkpt lat="39.93495" lon="-1.19649">
				<ele>876.44</ele>
				<time>2026-09-10T16:25:30.123Z</time>
			</trkpt>
			<trkpt lat="39.93506" lon="-1.19657">
				<ele>875.17</ele>
				<time>2026-09-10T16:25:30.567Z</time>
			</trkpt>
			<trkpt lat="39.93514" lon="-1.1967">
				<ele>873.25</ele>
				<time>2026-09-10T16:25:31.017Z</time>
			</trkpt>
			<trkpt lat="39.93519" lon="-1.19687">
				<ele>871.88</ele>
				<time>2026-09-10T16:25:31.509Z</time>
			</trkpt>
			<trkpt lat="39.93519" lon="-1.19703">
				<ele>871.73</ele>
				<time>2026-09-10T16:25:31.941Z</time>
			</trkpt>
			<trkpt lat="39.93515" lon="-1.19716">
				<ele>871.88</ele>
				<time>2026-09-10T16:25:32.319Z</time>
			</trkpt>
			<trkpt lat="39.93452" lon="-1.1979">
				<ele>869.87</ele>
				<time>2026-09-10T16:25:35.292Z</time>
			</trkpt>
			<trkpt lat="39.93418" lon="-1.19818">
				<ele>863.77</ele>
				<time>2026-09-10T16:25:36.697Z</time>
			</trkpt>
			<trkpt lat="39.93411" lon="-1.19825">
				<ele>861.92</ele>
				<time>2026-09-10T16:25:37.004Z</time>
			</trkpt>
			<trkpt lat="39.93405" lon="-1.19836">
				<ele>860.5</ele>
				<time>2026-09-10T16:25:37.365Z</time>
			</trkpt>
			<trkpt lat="39.93402" lon="-1.19847">
				<ele>859.45</ele>
				<time>2026-09-10T16:25:37.677Z</time>
			</trkpt>
			<trkpt lat="39.93401" lon="-1.1986">
				<ele>859.33</ele>
				<time>2026-09-10T16:25:38.026Z</time>
			</trkpt>
			<trkpt lat="39.93397" lon="-1.19963">
				<ele>856.37</ele>
				<time>2026-09-10T16:25:40.776Z</time>
			</trkpt>
			<trkpt lat="39.93395" lon="-1.19977">
				<ele>856.41</ele>
				<time>2026-09-10T16:25:41.154Z</time>
			</trkpt>
			<trkpt lat="39.93388" lon="-1.20002">
				<ele>854.72</ele>
				<time>2026-09-10T16:25:41.862Z</time>
			</trkpt>
			<trkpt lat="39.93353" lon="-1.20151">
				<ele>838.97</ele>
				<time>2026-09-10T16:25:45.991Z</time>
			</trkpt>
			<trkpt lat="39.93351" lon="-1.20168">
				<ele>838.66</ele>
				<time>2026-09-10T16:25:46.445Z</time>
			</trkpt>
			<trkpt lat="39.93354" lon="-1.20182">
				<ele>838.12</ele>
				<time>2026-09-10T16:25:46.829Z</time>
			</trkpt>
			<trkpt lat="39.9336" lon="-1.20191">
				<ele>838.2</ele>
				<time>2026-09-10T16:25:47.144Z</time>
			</trkpt>
			<trkpt lat="39.93367" lon="-1.20198">
				<ele>839.21</ele>
				<time>2026-09-10T16:25:47.448Z</time>
			</trkpt>
			<trkpt lat="39.93465" lon="-1.20259">
				<ele>837.08</ele>
				<time>2026-09-10T16:25:51.178Z</time>
			</trkpt>
			<trkpt lat="39.93565" lon="-1.20346">
				<ele>828.99</ele>
				<time>2026-09-10T16:25:55.293Z</time>
			</trkpt>
			<trkpt lat="39.93582" lon="-1.20356">
				<ele>826.37</ele>
				<time>2026-09-10T16:25:55.930Z</time>
			</trkpt>
			<trkpt lat="39.93603" lon="-1.20356">
				<ele>830.34</ele>
				<time>2026-09-10T16:25:56.647Z</time>
			</trkpt>
			<trkpt lat="39.93688" lon="-1.20341">
				<ele>830.4</ele>
				<time>2026-09-10T16:25:59.574Z</time>
			</trkpt>
			<trkpt lat="39.93709" lon="-1.2034">
				<ele>826.44</ele>
				<time>2026-09-10T16:26:00.290Z</time>
			</trkpt>
			<trkpt lat="39.93859" lon="-1.2037">
				<ele>806.7</ele>
				<time>2026-09-10T16:26:05.458Z</time>
			</trkpt>
			<trkpt lat="39.93883" lon="-1.20369">
				<ele>809.01</ele>
				<time>2026-09-10T16:26:06.275Z</time>
			</trkpt>
			<trkpt lat="39.9397" lon="-1.20342">
				<ele>806.31</ele>
				<time>2026-09-10T16:26:09.317Z</time>
			</trkpt>
			<trkpt lat="39.93992" lon="-1.20342">
				<ele>804.04</ele>
				<time>2026-09-10T16:26:10.065Z</time>
			</trkpt>
			<trkpt lat="39.94126" lon="-1.20367">
				<ele>802.71</ele>
				<time>2026-09-10T16:26:14.671Z</time>
			</trkpt>
			<trkpt lat="39.94148" lon="-1.20378">
				<ele>800.21</ele>
				<time>2026-09-10T16:26:15.473Z</time>
			</trkpt>
			<trkpt lat="39.94169" lon="-1.20398">
				<ele>798.68</ele>
				<time>2026-09-10T16:26:16.359Z</time>
			</trkpt>
			<trkpt lat="39.9417" lon="-1.20407">
				<ele>797.19</ele>
				<time>2026-09-10T16:26:16.596Z</time>
			</trkpt>
			<trkpt lat="39.94169" lon="-1.20416">
				<ele>794.95</ele>
				<time>2026-09-10T16:26:16.834Z</time>
			</trkpt>
			<trkpt lat="39.9416" lon="-1.20437">
				<ele>785.2</ele>
				<time>2026-09-10T16:26:17.462Z</time>
			</trkpt>
			<trkpt lat="39.94161" lon="-1.20445">
				<ele>782.85</ele>
				<time>2026-09-10T16:26:17.674Z</time>
			</trkpt>
			<trkpt lat="39.94166" lon="-1.20451">
				<ele>782.1</ele>
				<time>2026-09-10T16:26:17.906Z</time>
			</trkpt>
			<trkpt lat="39.94229" lon="-1.20503">
				<ele>779.02</ele>
				<time>2026-09-10T16:26:20.448Z</time>
			</trkpt>
			<trkpt lat="39.94311" lon="-1.20553">
				<ele>787.81</ele>
				<time>2026-09-10T16:26:23.540Z</time>
			</trkpt>
			<trkpt lat="39.94324" lon="-1.20556">
				<ele>789.86</ele>
				<time>2026-09-10T16:26:23.992Z</time>
			</trkpt>
			<trkpt lat="39.94371" lon="-1.20561">
				<ele>786.17</ele>
				<time>2026-09-10T16:26:25.606Z</time>
			</trkpt>
			<trkpt lat="39.94382" lon="-1.20566">
				<ele>785.22</ele>
				<time>2026-09-10T16:26:26.005Z</time>
			</trkpt>
			<trkpt lat="39.9439" lon="-1.20574">
				<ele>782.99</ele>
				<time>2026-09-10T16:26:26.350Z</time>
			</trkpt>
			<trkpt lat="39.94397" lon="-1.20589">
				<ele>779.07</ele>
				<time>2026-09-10T16:26:26.812Z</time>
			</trkpt>
			<trkpt lat="39.94412" lon="-1.20631">
				<ele>773.57</ele>
				<time>2026-09-10T16:26:28.030Z</time>
			</trkpt>
			<trkpt lat="39.94415" lon="-1.20652">
				<ele>770.78</ele>
				<time>2026-09-10T16:26:28.592Z</time>
			</trkpt>
			<trkpt lat="39.94417" lon="-1.20719">
				<ele>752.03</ele>
				<time>2026-09-10T16:26:30.359Z</time>
			</trkpt>
			<trkpt lat="39.9442" lon="-1.20734">
				<ele>751.25</ele>
				<time>2026-09-10T16:26:30.768Z</time>
			</trkpt>
			<trkpt lat="39.94426" lon="-1.20745">
				<ele>752.26</ele>
				<time>2026-09-10T16:26:31.124Z</time>
			</trkpt>
			<trkpt lat="39.94434" lon="-1.20753">
				<ele>754.78</ele>
				<time>2026-09-10T16:26:31.472Z</time>
			</trkpt>
			<trkpt lat="39.94444" lon="-1.20756">
				<ele>758.15</ele>
				<time>2026-09-10T16:26:31.825Z</time>
			</trkpt>
			<trkpt lat="39.94456" lon="-1.20755">
				<ele>760.39</ele>
				<time>2026-09-10T16:26:32.239Z</time>
			</trkpt>
			<trkpt lat="39.9447" lon="-1.20749">
				<ele>764.97</ele>
				<time>2026-09-10T16:26:32.748Z</time>
			</trkpt>
			<trkpt lat="39.94494" lon="-1.20736">
				<ele>771.15</ele>
				<time>2026-09-10T16:26:33.644Z</time>
			</trkpt>
			<trkpt lat="39.94504" lon="-1.20734">
				<ele>772.11</ele>
				<time>2026-09-10T16:26:33.994Z</time>
			</trkpt>
			<trkpt lat="39.94513" lon="-1.20736">
				<ele>771.69</ele>
				<time>2026-09-10T16:26:34.309Z</time>
			</trkpt>
			<trkpt lat="39.9452" lon="-1.20741">
				<ele>771.04</ele>
				<time>2026-09-10T16:26:34.585Z</time>
			</trkpt>
			<trkpt lat="39.94527" lon="-1.2075">
				<ele>771.02</ele>
				<time>2026-09-10T16:26:34.925Z</time>
			</trkpt>
			<trkpt lat="39.94532" lon="-1.20762">
				<ele>771.52</ele>
				<time>2026-09-10T16:26:35.287Z</time>
			</trkpt>
			<trkpt lat="39.94533" lon="-1.20774">
				<ele>771.71</ele>
				<time>2026-09-10T16:26:35.607Z</time>
			</trkpt>
			<trkpt lat="39.94531" lon="-1.20787">
				<ele>770.78</ele>
				<time>2026-09-10T16:26:35.959Z</time>
			</trkpt>
			<trkpt lat="39.94527" lon="-1.20796">
				<ele>769.07</ele>
				<time>2026-09-10T16:26:36.235Z</time>
			</trkpt>
			<trkpt lat="39.9452" lon="-1.20804">
				<ele>765.73</ele>
				<time>2026-09-10T16:26:36.558Z</time>
			</trkpt>
			<trkpt lat="39.94512" lon="-1.20809">
				<ele>761.83</ele>
				<time>2026-09-10T16:26:36.865Z</time>
			</trkpt>
			<trkpt lat="39.94501" lon="-1.2081">
				<ele>756.8</ele>
				<time>2026-09-10T16:26:37.248Z</time>
			</trkpt>
			<trkpt lat="39.94401" lon="-1.20788">
				<ele>740.55</ele>
				<time>2026-09-10T16:26:40.774Z</time>
			</trkpt>
			<trkpt lat="39.94394" lon="-1.20789">
				<ele>738.44</ele>
				<time>2026-09-10T16:26:41.020Z</time>
			</trkpt>
			<trkpt lat="39.94381" lon="-1.20802">
				<ele>733.85</ele>
				<time>2026-09-10T16:26:41.591Z</time>
			</trkpt>
			<trkpt lat="39.94377" lon="-1.20811">
				<ele>731.59</ele>
				<time>2026-09-10T16:26:41.870Z</time>
			</trkpt>
			<trkpt lat="39.94377" lon="-1.20823">
				<ele>729.46</ele>
				<time>2026-09-10T16:26:42.191Z</time>
			</trkpt>
			<trkpt lat="39.94379" lon="-1.20833">
				<ele>728.68</ele>
				<time>2026-09-10T16:26:42.468Z</time>
			</trkpt>
			<trkpt lat="39.94385" lon="-1.20845">
				<ele>728</ele>
				<time>2026-09-10T16:26:42.852Z</time>
			</trkpt>
			<trkpt lat="39.94392" lon="-1.20851">
				<ele>728.61</ele>
				<time>2026-09-10T16:26:43.145Z</time>
			</trkpt>
			<trkpt lat="39.944" lon="-1.20854">
				<ele>729.87</ele>
				<time>2026-09-10T16:26:43.436Z</time>
			</trkpt>
			<trkpt lat="39.94439" lon="-1.20848">
				<ele>739.67</ele>
				<time>2026-09-10T16:26:44.813Z</time>
			</trkpt>
			<trkpt lat="39.94453" lon="-1.20848">
				<ele>742.27</ele>
				<time>2026-09-10T16:26:45.304Z</time>
			</trkpt>
			<trkpt lat="39.94459" lon="-1.20851">
				<ele>743.65</ele>
				<time>2026-09-10T16:26:45.530Z</time>
			</trkpt>
			<trkpt lat="39.94469" lon="-1.20859">
				<ele>745.96</ele>
				<time>2026-09-10T16:26:45.942Z</time>
			</trkpt>
			<trkpt lat="39.94474" lon="-1.20871">
				<ele>746.78</ele>
				<time>2026-09-10T16:26:46.310Z</time>
			</trkpt>
			<trkpt lat="39.94475" lon="-1.20878">
				<ele>746.54</ele>
				<time>2026-09-10T16:26:46.502Z</time>
			</trkpt>
			<trkpt lat="39.94475" lon="-1.20886">
				<ele>745.54</ele>
				<time>2026-09-10T16:26:46.718Z</time>
			</trkpt>
			<trkpt lat="39.94472" lon="-1.20895">
				<ele>743.77</ele>
				<time>2026-09-10T16:26:46.983Z</time>
			</trkpt>
			<trkpt lat="39.94425" lon="-1.20994">
				<ele>717.59</ele>
				<time>2026-09-10T16:26:50.136Z</time>
			</trkpt>
			<trkpt lat="39.94421" lon="-1.21005">
				<ele>715.99</ele>
				<time>2026-09-10T16:26:50.467Z</time>
			</trkpt>
			<trkpt lat="39.9442" lon="-1.21026">
				<ele>716.22</ele>
				<time>2026-09-10T16:26:51.039Z</time>
			</trkpt>
			<trkpt lat="39.94424" lon="-1.21049">
				<ele>712.96</ele>
				<time>2026-09-10T16:26:51.681Z</time>
			</trkpt>
			<trkpt lat="39.94512" lon="-1.21249">
				<ele>720.05</ele>
				<time>2026-09-10T16:26:58.002Z</time>
			</trkpt>
			<trkpt lat="39.94515" lon="-1.21269">
				<ele>717.21</ele>
				<time>2026-09-10T16:26:58.565Z</time>
			</trkpt>
			<trkpt lat="39.94515" lon="-1.21285">
				<ele>710.46</ele>
				<time>2026-09-10T16:26:59.007Z</time>
			</trkpt>
			<trkpt lat="39.94508" lon="-1.21307">
				<ele>692.86</ele>
				<time>2026-09-10T16:26:59.666Z</time>
			</trkpt>
			<trkpt lat="39.94463" lon="-1.21413">
				<ele>706.95</ele>
				<time>2026-09-10T16:27:03.035Z</time>
			</trkpt>
			<trkpt lat="39.94462" lon="-1.21423">
				<ele>723.66</ele>
				<time>2026-09-10T16:27:03.316Z</time>
			</trkpt>
			<trkpt lat="39.94465" lon="-1.21437">
				<ele>744.25</ele>
				<time>2026-09-10T16:27:03.722Z</time>
			</trkpt>
			<trkpt lat="39.94485" lon="-1.21472">
				<ele>769.62</ele>
				<time>2026-09-10T16:27:04.944Z</time>
			</trkpt>
			<trkpt lat="39.94496" lon="-1.21485">
				<ele>773.69</ele>
				<time>2026-09-10T16:27:05.487Z</time>
			</trkpt>
			<trkpt lat="39.94507" lon="-1.21494">
				<ele>761.72</ele>
				<time>2026-09-10T16:27:05.963Z</time>
			</trkpt>
			<trkpt lat="39.94543" lon="-1.21508">
				<ele>708.57</ele>
				<time>2026-09-10T16:27:07.342Z</time>
			</trkpt>
			<trkpt lat="39.94558" lon="-1.21517">
				<ele>703.37</ele>
				<time>2026-09-10T16:27:07.950Z</time>
			</trkpt>
			<trkpt lat="39.94571" lon="-1.21531">
				<ele>705.12</ele>
				<time>2026-09-10T16:27:08.571Z</time>
			</trkpt>
			<trkpt lat="39.9459" lon="-1.21568">
				<ele>721.1</ele>
				<time>2026-09-10T16:27:09.833Z</time>
			</trkpt>
			<trkpt lat="39.94598" lon="-1.21577">
				<ele>722.16</ele>
				<time>2026-09-10T16:27:10.224Z</time>
			</trkpt>
			<trkpt lat="39.94654" lon="-1.21606">
				<ele>708.87</ele>
				<time>2026-09-10T16:27:12.462Z</time>
			</trkpt>
			<trkpt lat="39.94675" lon="-1.21619">
				<ele>716.32</ele>
				<time>2026-09-10T16:27:13.329Z</time>
			</trkpt>
			<trkpt lat="39.94752" lon="-1.21681">
				<ele>719.81</ele>
				<time>2026-09-10T16:27:16.723Z</time>
			</trkpt>
			<trkpt lat="39.94764" lon="-1.21688">
				<ele>718.9</ele>
				<time>2026-09-10T16:27:17.219Z</time>
			</trkpt>
			<trkpt lat="39.94777" lon="-1.21692">
				<ele>715.04</ele>
				<time>2026-09-10T16:27:17.723Z</time>
			</trkpt>
			<trkpt lat="39.94903" lon="-1.21704">
				<ele>693.5</ele>
				<time>2026-09-10T16:27:22.527Z</time>
			</trkpt>
			<trkpt lat="39.94914" lon="-1.21709">
				<ele>695.11</ele>
				<time>2026-09-10T16:27:22.973Z</time>
			</trkpt>
			<trkpt lat="39.94924" lon="-1.21717">
				<ele>696.89</ele>
				<time>2026-09-10T16:27:23.423Z</time>
			</trkpt>
			<trkpt lat="39.94946" lon="-1.21751">
				<ele>715.09</ele>
				<time>2026-09-10T16:27:24.734Z</time>
			</trkpt>
			<trkpt lat="39.94955" lon="-1.21759">
				<ele>719.18</ele>
				<time>2026-09-10T16:27:25.154Z</time>
			</trkpt>
			<trkpt lat="39.94966" lon="-1.21764">
				<ele>718.63</ele>
				<time>2026-09-10T16:27:25.604Z</time>
			</trkpt>
			<trkpt lat="39.95031" lon="-1.21764">
				<ele>692.89</ele>
				<time>2026-09-10T16:27:28.123Z</time>
			</trkpt>
			<trkpt lat="39.9505" lon="-1.21767">
				<ele>689.67</ele>
				<time>2026-09-10T16:27:28.868Z</time>
			</trkpt>
			<trkpt lat="39.95061" lon="-1.21776">
				<ele>691.3</ele>
				<time>2026-09-10T16:27:29.375Z</time>
			</trkpt>
			<trkpt lat="39.95069" lon="-1.21793">
				<ele>695.34</ele>
				<time>2026-09-10T16:27:29.972Z</time>
			</trkpt>
			<trkpt lat="39.95071" lon="-1.21807">
				<ele>697.17</ele>
				<time>2026-09-10T16:27:30.400Z</time>
			</trkpt>
			<trkpt lat="39.9507" lon="-1.21821">
				<ele>698.4</ele>
				<time>2026-09-10T16:27:30.822Z</time>
			</trkpt>
			<trkpt lat="39.95048" lon="-1.21918">
				<ele>722.88</ele>
				<time>2026-09-10T16:27:33.876Z</time>
			</trkpt>
			<trkpt lat="39.95046" lon="-1.21934">
				<ele>726.87</ele>
				<time>2026-09-10T16:27:34.368Z</time>
			</trkpt>
			<trkpt lat="39.95048" lon="-1.21956">
				<ele>728.19</ele>
				<time>2026-09-10T16:27:35.042Z</time>
			</trkpt>
			<trkpt lat="39.9506" lon="-1.22035">
				<ele>721.98</ele>
				<time>2026-09-10T16:27:37.503Z</time>
			</trkpt>
			<trkpt lat="39.95061" lon="-1.22052">
				<ele>720.28</ele>
				<time>2026-09-10T16:27:38.026Z</time>
			</trkpt>
			<trkpt lat="39.9506" lon="-1.22064">
				<ele>719.32</ele>
				<time>2026-09-10T16:27:38.397Z</time>
			</trkpt>
			<trkpt lat="39.95053" lon="-1.22086">
				<ele>720.04</ele>
				<time>2026-09-10T16:27:39.130Z</time>
			</trkpt>
			<trkpt lat="39.94949" lon="-1.22282">
				<ele>724.66</ele>
				<time>2026-09-10T16:27:46.562Z</time>
			</trkpt>
			<trkpt lat="39.94944" lon="-1.22293">
				<ele>725.35</ele>
				<time>2026-09-10T16:27:46.965Z</time>
			</trkpt>
			<trkpt lat="39.94896" lon="-1.22469">
				<ele>717.8</ele>
				<time>2026-09-10T16:27:52.920Z</time>
			</trkpt>
			<trkpt lat="39.94887" lon="-1.22487">
				<ele>712.51</ele>
				<time>2026-09-10T16:27:53.613Z</time>
			</trkpt>
			<trkpt lat="39.94876" lon="-1.22497">
				<ele>708.42</ele>
				<time>2026-09-10T16:27:54.177Z</time>
			</trkpt>
			<trkpt lat="39.94868" lon="-1.22501">
				<ele>706.86</ele>
				<time>2026-09-10T16:27:54.539Z</time>
			</trkpt>
			<trkpt lat="39.94787" lon="-1.22512">
				<ele>706.34</ele>
				<time>2026-09-10T16:27:57.994Z</time>
			</trkpt>
			<trkpt lat="39.94771" lon="-1.22518">
				<ele>709.28</ele>
				<time>2026-09-10T16:27:58.705Z</time>
			</trkpt>
			<trkpt lat="39.94756" lon="-1.22531">
				<ele>710.93</ele>
				<time>2026-09-10T16:27:59.477Z</time>
			</trkpt>
			<trkpt lat="39.94747" lon="-1.22542">
				<ele>711.35</ele>
				<time>2026-09-10T16:28:00.006Z</time>
			</trkpt>
			<trkpt lat="39.94709" lon="-1.22606">
				<ele>709.4</ele>
				<time>2026-09-10T16:28:02.683Z</time>
			</trkpt>
			<trkpt lat="39.9469" lon="-1.22647">
				<ele>707.21</ele>
				<time>2026-09-10T16:28:04.278Z</time>
			</trkpt>
			<trkpt lat="39.94649" lon="-1.22767">
				<ele>699.34</ele>
				<time>2026-09-10T16:28:08.695Z</time>
			</trkpt>
			<trkpt lat="39.94643" lon="-1.22792">
				<ele>701.92</ele>
				<time>2026-09-10T16:28:09.584Z</time>
			</trkpt>
			<trkpt lat="39.94641" lon="-1.22825">
				<ele>703.01</ele>
				<time>2026-09-10T16:28:10.710Z</time>
			</trkpt>
			<trkpt lat="39.94651" lon="-1.22925">
				<ele>697.71</ele>
				<time>2026-09-10T16:28:14.167Z</time>
			</trkpt>
			<trkpt lat="39.94666" lon="-1.23053">
				<ele>704.35</ele>
				<time>2026-09-10T16:28:18.664Z</time>
			</trkpt>
			<trkpt lat="39.94676" lon="-1.23119">
				<ele>710.52</ele>
				<time>2026-09-10T16:28:21.027Z</time>
			</trkpt>
			<trkpt lat="39.94688" lon="-1.23185">
				<ele>704.98</ele>
				<time>2026-09-10T16:28:23.428Z</time>
			</trkpt>
			<trkpt lat="39.94717" lon="-1.23325">
				<ele>698.62</ele>
				<time>2026-09-10T16:28:28.625Z</time>
			</trkpt>
			<trkpt lat="39.94729" lon="-1.23369">
				<ele>695.64</ele>
				<time>2026-09-10T16:28:30.317Z</time>
			</trkpt>
			<trkpt lat="39.94747" lon="-1.23413">
				<ele>690.01</ele>
				<time>2026-09-10T16:28:32.135Z</time>
			</trkpt>
			<trkpt lat="39.94832" lon="-1.23599">
				<ele>695.41</ele>
				<time>2026-09-10T16:28:40.153Z</time>
			</trkpt>
			<trkpt lat="39.94837" lon="-1.23617">
				<ele>695.41</ele>
				<time>2026-09-10T16:28:40.872Z</time>
			</trkpt>
			<trkpt lat="39.9484" lon="-1.23642">
				<ele>700.05</ele>
				<time>2026-09-10T16:28:41.825Z</time>
			</trkpt>
			<trkpt lat="39.94844" lon="-1.23807">
				<ele>710.85</ele>
				<time>2026-09-10T16:28:48.114Z</time>
			</trkpt>
			<trkpt lat="39.94827" lon="-1.24022">
				<ele>727.28</ele>
				<time>2026-09-10T16:28:56.543Z</time>
			</trkpt>
			<trkpt lat="39.94826" lon="-1.24042">
				<ele>728.71</ele>
				<time>2026-09-10T16:28:57.336Z</time>
			</trkpt>
			<trkpt lat="39.94829" lon="-1.2406">
				<ele>726.15</ele>
				<time>2026-09-10T16:28:58.066Z</time>
			</trkpt>
			<trkpt lat="39.94857" lon="-1.24111">
				<ele>711.71</ele>
				<time>2026-09-10T16:29:00.567Z</time>
			</trkpt>
			<trkpt lat="39.94866" lon="-1.24134">
				<ele>713.34</ele>
				<time>2026-09-10T16:29:01.602Z</time>
			</trkpt>
			<trkpt lat="39.9487" lon="-1.24153">
				<ele>715.58</ele>
				<time>2026-09-10T16:29:02.394Z</time>
			</trkpt>
			<trkpt lat="39.94873" lon="-1.24181">
				<ele>718.45</ele>
				<time>2026-09-10T16:29:03.534Z</time>
			</trkpt>
			<trkpt lat="39.94882" lon="-1.24366">
				<ele>717.86</ele>
				<time>2026-09-10T16:29:11.110Z</time>
			</trkpt>
			<trkpt lat="39.94882" lon="-1.24398">
				<ele>719.03</ele>
				<time>2026-09-10T16:29:12.435Z</time>
			</trkpt>
			<trkpt lat="39.94878" lon="-1.24465">
				<ele>721</ele>
				<time>2026-09-10T16:29:15.237Z</time>
			</trkpt>
			<trkpt lat="39.94848" lon="-1.24747">
				<ele>726.71</ele>
				<time>2026-09-10T16:29:27.376Z</time>
			</trkpt>
			<trkpt lat="39.94846" lon="-1.24785">
				<ele>729.59</ele>
				<time>2026-09-10T16:29:29.034Z</time>
			</trkpt>
			<trkpt lat="39.94848" lon="-1.24799">
				<ele>729.89</ele>
				<time>2026-09-10T16:29:29.656Z</time>
			</trkpt>
			<trkpt lat="39.94854" lon="-1.24811">
				<ele>730.36</ele>
				<time>2026-09-10T16:29:30.283Z</time>
			</trkpt>
			<trkpt lat="39.94867" lon="-1.24825">
				<ele>729.71</ele>
				<time>2026-09-10T16:29:31.247Z</time>
			</trkpt>
			<trkpt lat="39.94912" lon="-1.24861">
				<ele>730.2</ele>
				<time>2026-09-10T16:29:34.285Z</time>
			</trkpt>
			<trkpt lat="39.9493" lon="-1.2488">
				<ele>728.63</ele>
				<time>2026-09-10T16:29:35.626Z</time>
			</trkpt>
			<trkpt lat="39.94943" lon="-1.249">
				<ele>726.02</ele>
				<time>2026-09-10T16:29:36.794Z</time>
			</trkpt>
			<trkpt lat="39.94997" lon="-1.25028">
				<ele>734.18</ele>
				<time>2026-09-10T16:29:43.377Z</time>
			</trkpt>
			<trkpt lat="39.95007" lon="-1.25062">
				<ele>736.06</ele>
				<time>2026-09-10T16:29:45.037Z</time>
			</trkpt>
			<trkpt lat="39.95006" lon="-1.25088">
				<ele>736.52</ele>
				<time>2026-09-10T16:29:46.228Z</time>
			</trkpt>
			<trkpt lat="39.94997" lon="-1.2511">
				<ele>734.37</ele>
				<time>2026-09-10T16:29:47.374Z</time>
			</trkpt>
			<trkpt lat="39.94986" lon="-1.25128">
				<ele>735.95</ele>
				<time>2026-09-10T16:29:48.434Z</time>
			</trkpt>
			<trkpt lat="39.94867" lon="-1.25303">
				<ele>734.61</ele>
				<time>2026-09-10T16:29:59.393Z</time>
			</trkpt>
			<trkpt lat="39.9486" lon="-1.25325">
				<ele>736.51</ele>
				<time>2026-09-10T16:30:00.528Z</time>
			</trkpt>
			<trkpt lat="39.94862" lon="-1.25347">
				<ele>737.56</ele>
				<time>2026-09-10T16:30:01.587Z</time>
			</trkpt>
			<trkpt lat="39.94928" lon="-1.25548">
				<ele>742.2</ele>
				<time>2026-09-10T16:30:12.201Z</time>
			</trkpt>
			<trkpt lat="39.94941" lon="-1.25574">
				<ele>744.69</ele>
				<time>2026-09-10T16:30:13.733Z</time>
			</trkpt>
			<trkpt lat="39.94954" lon="-1.25589">
				<ele>746.1</ele>
				<time>2026-09-10T16:30:14.854Z</time>
			</trkpt>
			<trkpt lat="39.95032" lon="-1.25632">
				<ele>762.12</ele>
				<time>2026-09-10T16:30:20.371Z</time>
			</trkpt>
			<trkpt lat="39.95042" lon="-1.2563">
				<ele>768.67</ele>
				<time>2026-09-10T16:30:21.035Z</time>
			</trkpt>
			<trkpt lat="39.95052" lon="-1.25621">
				<ele>774.59</ele>
				<time>2026-09-10T16:30:21.835Z</time>
			</trkpt>
			<trkpt lat="39.95061" lon="-1.2561">
				<ele>775.52</ele>
				<time>2026-09-10T16:30:22.648Z</time>
			</trkpt>
			<trkpt lat="39.95066" lon="-1.25587">
				<ele>767.11</ele>
				<time>2026-09-10T16:30:23.860Z</time>
			</trkpt>
			<trkpt lat="39.95064" lon="-1.25547">
				<ele>756.32</ele>
				<time>2026-09-10T16:30:25.900Z</time>
			</trkpt>
			<trkpt lat="39.95064" lon="-1.25523">
				<ele>752.92</ele>
				<time>2026-09-10T16:30:27.127Z</time>
			</trkpt>
			<trkpt lat="39.95073" lon="-1.25497">
				<ele>750.92</ele>
				<time>2026-09-10T16:30:28.590Z</time>
			</trkpt>
			<trkpt lat="39.95091" lon="-1.25473">
				<ele>751.84</ele>
				<time>2026-09-10T16:30:30.319Z</time>
			</trkpt>
			<trkpt lat="39.95116" lon="-1.25462">
				<ele>755.73</ele>
				<time>2026-09-10T16:30:32.099Z</time>
			</trkpt>
			<trkpt lat="39.95137" lon="-1.2546">
				<ele>759.16</ele>
				<time>2026-09-10T16:30:33.526Z</time>
			</trkpt>
			<trkpt lat="39.95153" lon="-1.25463">
				<ele>762.4</ele>
				<time>2026-09-10T16:30:34.624Z</time>
			</trkpt>
			<trkpt lat="39.95325" lon="-1.25567">
				<ele>768.01</ele>
				<time>2026-09-10T16:30:47.738Z</time>
			</trkpt>
			<trkpt lat="39.95345" lon="-1.25585">
				<ele>764.47</ele>
				<time>2026-09-10T16:30:49.450Z</time>
			</trkpt>
			<trkpt lat="39.95377" lon="-1.25628">
				<ele>762.23</ele>
				<time>2026-09-10T16:30:52.706Z</time>
			</trkpt>
			<trkpt lat="39.95391" lon="-1.25657">
				<ele>764.07</ele>
				<time>2026-09-10T16:30:54.579Z</time>
			</trkpt>
			<trkpt lat="39.95404" lon="-1.25706">
				<ele>768.29</ele>
				<time>2026-09-10T16:30:57.430Z</time>
			</trkpt>
			<trkpt lat="39.95413" lon="-1.25725">
				<ele>770.5</ele>
				<time>2026-09-10T16:30:58.664Z</time>
			</trkpt>
			<trkpt lat="39.95421" lon="-1.25733">
				<ele>771</ele>
				<time>2026-09-10T16:30:59.392Z</time>
			</trkpt>
			<trkpt lat="39.95439" lon="-1.25741">
				<ele>771.01</ele>
				<time>2026-09-10T16:31:00.769Z</time>
			</trkpt>
			<trkpt lat="39.9549" lon="-1.25754">
				<ele>766.36</ele>
				<time>2026-09-10T16:31:04.554Z</time>
			</trkpt>
			<trkpt lat="39.9552" lon="-1.25767">
				<ele>760.83</ele>
				<time>2026-09-10T16:31:06.873Z</time>
			</trkpt>
			<trkpt lat="39.95591" lon="-1.25815">
				<ele>758.13</ele>
				<time>2026-09-10T16:31:12.797Z</time>
			</trkpt>
			<trkpt lat="39.95604" lon="-1.25831">
				<ele>757.78</ele>
				<time>2026-09-10T16:31:14.131Z</time>
			</trkpt>
			<trkpt lat="39.95618" lon="-1.2586">
				<ele>764.34</ele>
				<time>2026-09-10T16:31:16.101Z</time>
			</trkpt>
			<trkpt lat="39.95617" lon="-1.25868">
				<ele>766.79</ele>
				<time>2026-09-10T16:31:16.568Z</time>
			</trkpt>
			<trkpt lat="39.95621" lon="-1.25893">
				<ele>768.75</ele>
				<time>2026-09-10T16:31:18.043Z</time>
			</trkpt>
			<trkpt lat="39.95632" lon="-1.25943">
				<ele>766.78</ele>
				<time>2026-09-10T16:31:21.063Z</time>
			</trkpt>
			<trkpt lat="39.95637" lon="-1.25964">
				<ele>773.15</ele>
				<time>2026-09-10T16:31:22.345Z</time>
			</trkpt>
			<trkpt lat="39.95648" lon="-1.26">
				<ele>778.82</ele>
				<time>2026-09-10T16:31:24.614Z</time>
			</trkpt>
			<trkpt lat="39.95666" lon="-1.26038">
				<ele>781.49</ele>
				<time>2026-09-10T16:31:27.244Z</time>
			</trkpt>
			<trkpt lat="39.95698" lon="-1.26083">
				<ele>772.42</ele>
				<time>2026-09-10T16:31:30.883Z</time>
			</trkpt>
			<trkpt lat="39.95705" lon="-1.26096">
				<ele>772.56</ele>
				<time>2026-09-10T16:31:31.838Z</time>
			</trkpt>
			<trkpt lat="39.95708" lon="-1.26108">
				<ele>772.98</ele>
				<time>2026-09-10T16:31:32.680Z</time>
			</trkpt>
			<trkpt lat="39.95708" lon="-1.26128">
				<ele>774.42</ele>
				<time>2026-09-10T16:31:34.186Z</time>
			</trkpt>
			<trkpt lat="39.95705" lon="-1.26158">
				<ele>777.04</ele>
				<time>2026-09-10T16:31:36.726Z</time>
			</trkpt>
			<trkpt lat="39.95696" lon="-1.26181">
				<ele>781.58</ele>
				<time>2026-09-10T16:31:38.988Z</time>
			</trkpt>
			<trkpt lat="39.95687" lon="-1.26194">
				<ele>784.53</ele>
				<time>2026-09-10T16:31:40.491Z</time>
			</trkpt>
			<trkpt lat="39.95678" lon="-1.26201">
				<ele>787.41</ele>
				<time>2026-09-10T16:31:41.613Z</time>
			</trkpt>
			<trkpt lat="39.95668" lon="-1.26206">
				<ele>790.29</ele>
				<time>2026-09-10T16:31:42.687Z</time>
			</trkpt>
			<trkpt lat="39.95617" lon="-1.26217">
				<ele>798.93</ele>
				<time>2026-09-10T16:31:46.873Z</time>
			</trkpt>
			<trkpt lat="39.95609" lon="-1.26223">
				<ele>799.31</ele>
				<time>2026-09-10T16:31:47.583Z</time>
			</trkpt>
			<trkpt lat="39.95605" lon="-1.26232">
				<ele>799.47</ele>
				<time>2026-09-10T16:31:48.196Z</time>
			</trkpt>
			<trkpt lat="39.95604" lon="-1.26243">
				<ele>798.49</ele>
				<time>2026-09-10T16:31:48.847Z</time>
			</trkpt>
			<trkpt lat="39.95609" lon="-1.26256">
				<ele>797.49</ele>
				<time>2026-09-10T16:31:49.699Z</time>
			</trkpt>
			<trkpt lat="39.9562" lon="-1.26263">
				<ele>798.61</ele>
				<time>2026-09-10T16:31:50.632Z</time>
			</trkpt>
			<trkpt lat="39.95646" lon="-1.2627">
				<ele>799.48</ele>
				<time>2026-09-10T16:31:52.646Z</time>
			</trkpt>
			<trkpt lat="39.95652" lon="-1.26276">
				<ele>799.39</ele>
				<time>2026-09-10T16:31:53.218Z</time>
			</trkpt>
			<trkpt lat="39.95655" lon="-1.26289">
				<ele>798.88</ele>
				<time>2026-09-10T16:31:54.002Z</time>
			</trkpt>
			<trkpt lat="39.95652" lon="-1.263">
				<ele>798.31</ele>
				<time>2026-09-10T16:31:54.675Z</time>
			</trkpt>
			<trkpt lat="39.95647" lon="-1.26306">
				<ele>798.01</ele>
				<time>2026-09-10T16:31:55.185Z</time>
			</trkpt>
			<trkpt lat="39.95613" lon="-1.2632">
				<ele>798.81</ele>
				<time>2026-09-10T16:31:57.846Z</time>
			</trkpt>
			<trkpt lat="39.95603" lon="-1.26321">
				<ele>800.61</ele>
				<time>2026-09-10T16:31:58.591Z</time>
			</trkpt>
			<trkpt lat="39.95592" lon="-1.26318">
				<ele>802.58</ele>
				<time>2026-09-10T16:31:59.423Z</time>
			</trkpt>
			<trkpt lat="39.95531" lon="-1.26287">
				<ele>813.58</ele>
				<time>2026-09-10T16:32:04.223Z</time>
			</trkpt>
			<trkpt lat="39.95507" lon="-1.26283">
				<ele>817.37</ele>
				<time>2026-09-10T16:32:05.977Z</time>
			</trkpt>
			<trkpt lat="39.95491" lon="-1.26283">
				<ele>820.25</ele>
				<time>2026-09-10T16:32:07.132Z</time>
			</trkpt>
			<trkpt lat="39.95481" lon="-1.26287">
				<ele>822.22</ele>
				<time>2026-09-10T16:32:07.884Z</time>
			</trkpt>
			<trkpt lat="39.95478" lon="-1.26291">
				<ele>822.91</ele>
				<time>2026-09-10T16:32:08.192Z</time>
			</trkpt>
			<trkpt lat="39.95475" lon="-1.263">
				<ele>823.59</ele>
				<time>2026-09-10T16:32:08.731Z</time>
			</trkpt>
			<trkpt lat="39.95476" lon="-1.2631">
				<ele>823.61</ele>
				<time>2026-09-10T16:32:09.284Z</time>
			</trkpt>
			<trkpt lat="39.9548" lon="-1.26316">
				<ele>823.36</ele>
				<time>2026-09-10T16:32:09.719Z</time>
			</trkpt>
			<trkpt lat="39.95483" lon="-1.26319">
				<ele>823.16</ele>
				<time>2026-09-10T16:32:09.989Z</time>
			</trkpt>
			<trkpt lat="39.95487" lon="-1.26321">
				<ele>822.92</ele>
				<time>2026-09-10T16:32:10.294Z</time>
			</trkpt>
			<trkpt lat="39.95505" lon="-1.26322">
				<ele>821.48</ele>
				<time>2026-09-10T16:32:11.574Z</time>
			</trkpt>
			<trkpt lat="39.9551" lon="-1.26324">
				<ele>821.1</ele>
				<time>2026-09-10T16:32:11.945Z</time>
			</trkpt>
			<trkpt lat="39.95517" lon="-1.26331">
				<ele>821.34</ele>
				<time>2026-09-10T16:32:12.569Z</time>
			</trkpt>
			<trkpt lat="39.95521" lon="-1.26342">
				<ele>822.27</ele>
				<time>2026-09-10T16:32:13.227Z</time>
			</trkpt>
			<trkpt lat="39.95521" lon="-1.26353">
				<ele>823.37</ele>
				<time>2026-09-10T16:32:13.821Z</time>
			</trkpt>
			<trkpt lat="39.95517" lon="-1.26364">
				<ele>824.6</ele>
				<time>2026-09-10T16:32:14.477Z</time>
			</trkpt>
			<trkpt lat="39.95514" lon="-1.26369">
				<ele>825.24</ele>
				<time>2026-09-10T16:32:14.818Z</time>
			</trkpt>
			<trkpt lat="39.95505" lon="-1.26374">
				<ele>826.1</ele>
				<time>2026-09-10T16:32:15.503Z</time>
			</trkpt>
			<trkpt lat="39.95498" lon="-1.26374">
				<ele>826.35</ele>
				<time>2026-09-10T16:32:15.992Z</time>
			</trkpt>
			<trkpt lat="39.95435" lon="-1.26374">
				<ele>831.95</ele>
				<time>2026-09-10T16:32:20.356Z</time>
			</trkpt>
			<trkpt lat="39.95417" lon="-1.26368">
				<ele>835.94</ele>
				<time>2026-09-10T16:32:21.630Z</time>
			</trkpt>
			<trkpt lat="39.95408" lon="-1.2636">
				<ele>837.9</ele>
				<time>2026-09-10T16:32:22.374Z</time>
			</trkpt>
			<trkpt lat="39.954" lon="-1.26347">
				<ele>839.65</ele>
				<time>2026-09-10T16:32:23.244Z</time>
			</trkpt>
			<trkpt lat="39.95398" lon="-1.26339">
				<ele>840.28</ele>
				<time>2026-09-10T16:32:23.683Z</time>
			</trkpt>
			<trkpt lat="39.95396" lon="-1.26316">
				<ele>841.31</ele>
				<time>2026-09-10T16:32:24.885Z</time>
			</trkpt>
			<trkpt lat="39.95398" lon="-1.26302">
				<ele>841.65</ele>
				<time>2026-09-10T16:32:25.622Z</time>
			</trkpt>
			<trkpt lat="39.95413" lon="-1.26262">
				<ele>842.65</ele>
				<time>2026-09-10T16:32:27.915Z</time>
			</trkpt>
			<trkpt lat="39.95417" lon="-1.26148">
				<ele>831.53</ele>
				<time>2026-09-10T16:32:33.703Z</time>
			</trkpt>
			<trkpt lat="39.95416" lon="-1.26112">
				<ele>835.99</ele>
				<time>2026-09-10T16:32:35.505Z</time>
			</trkpt>
			<trkpt lat="39.9541" lon="-1.26086">
				<ele>841.48</ele>
				<time>2026-09-10T16:32:36.855Z</time>
			</trkpt>
			<trkpt lat="39.95405" lon="-1.26076">
				<ele>843.64</ele>
				<time>2026-09-10T16:32:37.447Z</time>
			</trkpt>
			<trkpt lat="39.95399" lon="-1.26067">
				<ele>845.1</ele>
				<time>2026-09-10T16:32:38.036Z</time>
			</trkpt>
			<trkpt lat="39.95389" lon="-1.26059">
				<ele>846.42</ele>
				<time>2026-09-10T16:32:38.791Z</time>
			</trkpt>
			<trkpt lat="39.9538" lon="-1.26054">
				<ele>845.94</ele>
				<time>2026-09-10T16:32:39.419Z</time>
			</trkpt>
			<trkpt lat="39.95367" lon="-1.26053">
				<ele>846.03</ele>
				<time>2026-09-10T16:32:40.252Z</time>
			</trkpt>
			<trkpt lat="39.9536" lon="-1.26054">
				<ele>846.38</ele>
				<time>2026-09-10T16:32:40.701Z</time>
			</trkpt>
			<trkpt lat="39.95349" lon="-1.26059">
				<ele>845.3</ele>
				<time>2026-09-10T16:32:41.443Z</time>
			</trkpt>
			<trkpt lat="39.9534" lon="-1.26067">
				<ele>844.94</ele>
				<time>2026-09-10T16:32:42.135Z</time>
			</trkpt>
			<trkpt lat="39.9533" lon="-1.26084">
				<ele>845.21</ele>
				<time>2026-09-10T16:32:43.175Z</time>
			</trkpt>
			<trkpt lat="39.95325" lon="-1.26106">
				<ele>844.93</ele>
				<time>2026-09-10T16:32:44.284Z</time>
			</trkpt>
			<trkpt lat="39.95324" lon="-1.26138">
				<ele>844.35</ele>
				<time>2026-09-10T16:32:45.825Z</time>
			</trkpt>
			<trkpt lat="39.9532" lon="-1.26168">
				<ele>843.78</ele>
				<time>2026-09-10T16:32:47.281Z</time>
			</trkpt>
			<trkpt lat="39.95314" lon="-1.26194">
				<ele>844.86</ele>
				<time>2026-09-10T16:32:48.573Z</time>
			</trkpt>
			<trkpt lat="39.95303" lon="-1.2622">
				<ele>847.58</ele>
				<time>2026-09-10T16:32:49.978Z</time>
			</trkpt>
			<trkpt lat="39.9528" lon="-1.26252">
				<ele>850.09</ele>
				<time>2026-09-10T16:32:52.041Z</time>
			</trkpt>
			<trkpt lat="39.95246" lon="-1.26285">
				<ele>849.6</ele>
				<time>2026-09-10T16:32:54.617Z</time>
			</trkpt>
			<trkpt lat="39.95239" lon="-1.26299">
				<ele>850.9</ele>
				<time>2026-09-10T16:32:55.391Z</time>
			</trkpt>
			<trkpt lat="39.95222" lon="-1.26349">
				<ele>856.23</ele>
				<time>2026-09-10T16:32:57.908Z</time>
			</trkpt>
			<trkpt lat="39.95216" lon="-1.26361">
				<ele>858.14</ele>
				<time>2026-09-10T16:32:58.563Z</time>
			</trkpt>
			<trkpt lat="39.95197" lon="-1.26395">
				<ele>861.92</ele>
				<time>2026-09-10T16:33:00.477Z</time>
			</trkpt>
			<trkpt lat="39.95182" lon="-1.26411">
				<ele>865.95</ele>
				<time>2026-09-10T16:33:01.620Z</time>
			</trkpt>
			<trkpt lat="39.95169" lon="-1.26421">
				<ele>868.33</ele>
				<time>2026-09-10T16:33:02.507Z</time>
			</trkpt>
			<trkpt lat="39.95156" lon="-1.26425">
				<ele>870.23</ele>
				<time>2026-09-10T16:33:03.290Z</time>
			</trkpt>
			<trkpt lat="39.95148" lon="-1.26425">
				<ele>871</ele>
				<time>2026-09-10T16:33:03.757Z</time>
			</trkpt>
			<trkpt lat="39.95137" lon="-1.26423">
				<ele>872.04</ele>
				<time>2026-09-10T16:33:04.405Z</time>
			</trkpt>
			<trkpt lat="39.95126" lon="-1.26414">
				<ele>872.45</ele>
				<time>2026-09-10T16:33:05.160Z</time>
			</trkpt>
			<trkpt lat="39.95113" lon="-1.26396">
				<ele>873.56</ele>
				<time>2026-09-10T16:33:06.258Z</time>
			</trkpt>
			<trkpt lat="39.95109" lon="-1.26386">
				<ele>874.06</ele>
				<time>2026-09-10T16:33:06.758Z</time>
			</trkpt>
			<trkpt lat="39.95103" lon="-1.26343">
				<ele>872.8</ele>
				<time>2026-09-10T16:33:08.684Z</time>
			</trkpt>
			<trkpt lat="39.95098" lon="-1.26325">
				<ele>870.89</ele>
				<time>2026-09-10T16:33:09.523Z</time>
			</trkpt>
			<trkpt lat="39.95092" lon="-1.2631">
				<ele>869.25</ele>
				<time>2026-09-10T16:33:10.263Z</time>
			</trkpt>
			<trkpt lat="39.95081" lon="-1.26297">
				<ele>869.12</ele>
				<time>2026-09-10T16:33:11.106Z</time>
			</trkpt>
			<trkpt lat="39.95071" lon="-1.26292">
				<ele>870.37</ele>
				<time>2026-09-10T16:33:11.713Z</time>
			</trkpt>
			<trkpt lat="39.95057" lon="-1.2629">
				<ele>873.22</ele>
				<time>2026-09-10T16:33:12.509Z</time>
			</trkpt>
			<trkpt lat="39.9504" lon="-1.26293">
				<ele>874.32</ele>
				<time>2026-09-10T16:33:13.475Z</time>
			</trkpt>
			<trkpt lat="39.95026" lon="-1.26304">
				<ele>875.61</ele>
				<time>2026-09-10T16:33:14.392Z</time>
			</trkpt>
			<trkpt lat="39.94996" lon="-1.26368">
				<ele>879.69</ele>
				<time>2026-09-10T16:33:17.592Z</time>
			</trkpt>
			<trkpt lat="39.94994" lon="-1.26396">
				<ele>882.72</ele>
				<time>2026-09-10T16:33:18.782Z</time>
			</trkpt>
			<trkpt lat="39.95" lon="-1.2642">
				<ele>885.19</ele>
				<time>2026-09-10T16:33:19.845Z</time>
			</trkpt>
			<trkpt lat="39.95021" lon="-1.26454">
				<ele>888.12</ele>
				<time>2026-09-10T16:33:21.673Z</time>
			</trkpt>
			<trkpt lat="39.95028" lon="-1.26474">
				<ele>894.75</ele>
				<time>2026-09-10T16:33:22.589Z</time>
			</trkpt>
			<trkpt lat="39.95035" lon="-1.26497">
				<ele>893.42</ele>
				<time>2026-09-10T16:33:23.616Z</time>
			</trkpt>
			<trkpt lat="39.95039" lon="-1.26528">
				<ele>894.37</ele>
				<time>2026-09-10T16:33:24.915Z</time>
			</trkpt>
			<trkpt lat="39.95035" lon="-1.26556">
				<ele>895.64</ele>
				<time>2026-09-10T16:33:26.085Z</time>
			</trkpt>
			<trkpt lat="39.95009" lon="-1.26619">
				<ele>898.14</ele>
				<time>2026-09-10T16:33:29.003Z</time>
			</trkpt>
			<trkpt lat="39.95005" lon="-1.26642">
				<ele>901.48</ele>
				<time>2026-09-10T16:33:29.958Z</time>
			</trkpt>
			<trkpt lat="39.95017" lon="-1.26796">
				<ele>905.7</ele>
				<time>2026-09-10T16:33:36.137Z</time>
			</trkpt>
			<trkpt lat="39.95009" lon="-1.26831">
				<ele>907.6</ele>
				<time>2026-09-10T16:33:37.574Z</time>
			</trkpt>
			<trkpt lat="39.95" lon="-1.26849">
				<ele>907.81</ele>
				<time>2026-09-10T16:33:38.415Z</time>
			</trkpt>
			<trkpt lat="39.94971" lon="-1.26896">
				<ele>910.41</ele>
				<time>2026-09-10T16:33:40.764Z</time>
			</trkpt>
			<trkpt lat="39.94944" lon="-1.26967">
				<ele>909.92</ele>
				<time>2026-09-10T16:33:43.818Z</time>
			</trkpt>
			<trkpt lat="39.94927" lon="-1.2699">
				<ele>912.32</ele>
				<time>2026-09-10T16:33:45.040Z</time>
			</trkpt>
			<trkpt lat="39.94897" lon="-1.27012">
				<ele>917.33</ele>
				<time>2026-09-10T16:33:46.747Z</time>
			</trkpt>
			<trkpt lat="39.94881" lon="-1.27033">
				<ele>921.58</ele>
				<time>2026-09-10T16:33:47.866Z</time>
			</trkpt>
			<trkpt lat="39.94878" lon="-1.27054">
				<ele>924.5</ele>
				<time>2026-09-10T16:33:48.671Z</time>
			</trkpt>
			<trkpt lat="39.94881" lon="-1.27065">
				<ele>925.55</ele>
				<time>2026-09-10T16:33:49.110Z</time>
			</trkpt>
			<trkpt lat="39.94887" lon="-1.27079">
				<ele>926.62</ele>
				<time>2026-09-10T16:33:49.712Z</time>
			</trkpt>
			<trkpt lat="39.94913" lon="-1.27094">
				<ele>924.23</ele>
				<time>2026-09-10T16:33:51.099Z</time>
			</trkpt>
			<trkpt lat="39.94931" lon="-1.2711">
				<ele>919.94</ele>
				<time>2026-09-10T16:33:52.157Z</time>
			</trkpt>
			<trkpt lat="39.94941" lon="-1.27132">
				<ele>918.16</ele>
				<time>2026-09-10T16:33:53.106Z</time>
			</trkpt>
			<trkpt lat="39.94978" lon="-1.27272">
				<ele>932.67</ele>
				<time>2026-09-10T16:33:58.538Z</time>
			</trkpt>
			<trkpt lat="39.94982" lon="-1.27298">
				<ele>930.76</ele>
				<time>2026-09-10T16:33:59.499Z</time>
			</trkpt>
			<trkpt lat="39.94984" lon="-1.27371">
				<ele>934.27</ele>
				<time>2026-09-10T16:34:02.133Z</time>
			</trkpt>
			<trkpt lat="39.94982" lon="-1.27403">
				<ele>936.45</ele>
				<time>2026-09-10T16:34:03.283Z</time>
			</trkpt>
			<trkpt lat="39.94971" lon="-1.27425">
				<ele>941.22</ele>
				<time>2026-09-10T16:34:04.221Z</time>
			</trkpt>
			<trkpt lat="39.94941" lon="-1.27455">
				<ele>946.89</ele>
				<time>2026-09-10T16:34:05.973Z</time>
			</trkpt>
			<trkpt lat="39.94921" lon="-1.27489">
				<ele>949.98</ele>
				<time>2026-09-10T16:34:07.488Z</time>
			</trkpt>
			<trkpt lat="39.949" lon="-1.27549">
				<ele>952.55</ele>
				<time>2026-09-10T16:34:09.806Z</time>
			</trkpt>
			<trkpt lat="39.94889" lon="-1.27608">
				<ele>953</ele>
				<time>2026-09-10T16:34:11.925Z</time>
			</trkpt>
			<trkpt lat="39.94878" lon="-1.2764">
				<ele>955.64</ele>
				<time>2026-09-10T16:34:13.143Z</time>
			</trkpt>
			<trkpt lat="39.94859" lon="-1.2766">
				<ele>960.27</ele>
				<time>2026-09-10T16:34:14.245Z</time>
			</trkpt>
			<trkpt lat="39.9479" lon="-1.27693">
				<ele>967.5</ele>
				<time>2026-09-10T16:34:17.541Z</time>
			</trkpt>
			<trkpt lat="39.94736" lon="-1.27736">
				<ele>969.23</ele>
				<time>2026-09-10T16:34:20.355Z</time>
			</trkpt>
			<trkpt lat="39.94646" lon="-1.2782">
				<ele>976.18</ele>
				<time>2026-09-10T16:34:25.227Z</time>
			</trkpt>
			<trkpt lat="39.94529" lon="-1.27912">
				<ele>990.17</ele>
				<time>2026-09-10T16:34:31.164Z</time>
			</trkpt>
			<trkpt lat="39.94524" lon="-1.27917">
				<ele>991.05</ele>
				<time>2026-09-10T16:34:31.436Z</time>
			</trkpt>
			<trkpt lat="39.94514" lon="-1.27935">
				<ele>992.76</ele>
				<time>2026-09-10T16:34:32.171Z</time>
			</trkpt>
			<trkpt lat="39.94512" lon="-1.27946">
				<ele>992.8</ele>
				<time>2026-09-10T16:34:32.544Z</time>
			</trkpt>
			<trkpt lat="39.94513" lon="-1.27957">
				<ele>993.16</ele>
				<time>2026-09-10T16:34:32.910Z</time>
			</trkpt>
			<trkpt lat="39.94516" lon="-1.27967">
				<ele>992.88</ele>
				<time>2026-09-10T16:34:33.264Z</time>
			</trkpt>
			<trkpt lat="39.94521" lon="-1.27977">
				<ele>992</ele>
				<time>2026-09-10T16:34:33.657Z</time>
			</trkpt>
			<trkpt lat="39.94537" lon="-1.27998">
				<ele>991.94</ele>
				<time>2026-09-10T16:34:34.631Z</time>
			</trkpt>
			<trkpt lat="39.94563" lon="-1.28026">
				<ele>995.05</ele>
				<time>2026-09-10T16:34:36.075Z</time>
			</trkpt>
			<trkpt lat="39.94572" lon="-1.2803">
				<ele>994.23</ele>
				<time>2026-09-10T16:34:36.482Z</time>
			</trkpt>
			<trkpt lat="39.94594" lon="-1.28035">
				<ele>991.07</ele>
				<time>2026-09-10T16:34:37.435Z</time>
			</trkpt>
			<trkpt lat="39.94602" lon="-1.28039">
				<ele>990.25</ele>
				<time>2026-09-10T16:34:37.800Z</time>
			</trkpt>
			<trkpt lat="39.9462" lon="-1.28053">
				<ele>989.86</ele>
				<time>2026-09-10T16:34:38.693Z</time>
			</trkpt>
			<trkpt lat="39.9463" lon="-1.28058">
				<ele>990</ele>
				<time>2026-09-10T16:34:39.149Z</time>
			</trkpt>
			<trkpt lat="39.94639" lon="-1.28059">
				<ele>989.9</ele>
				<time>2026-09-10T16:34:39.533Z</time>
			</trkpt>
			<trkpt lat="39.94679" lon="-1.28053">
				<ele>993.51</ele>
				<time>2026-09-10T16:34:41.243Z</time>
			</trkpt>
			<trkpt lat="39.94691" lon="-1.28048">
				<ele>994.62</ele>
				<time>2026-09-10T16:34:41.777Z</time>
			</trkpt>
			<trkpt lat="39.94705" lon="-1.28039">
				<ele>995.51</ele>
				<time>2026-09-10T16:34:42.437Z</time>
			</trkpt>
			<trkpt lat="39.94732" lon="-1.28002">
				<ele>990.17</ele>
				<time>2026-09-10T16:34:44.093Z</time>
			</trkpt>
			<trkpt lat="39.94796" lon="-1.27971">
				<ele>993.69</ele>
				<time>2026-09-10T16:34:46.972Z</time>
			</trkpt>
			<trkpt lat="39.94857" lon="-1.27955">
				<ele>995.86</ele>
				<time>2026-09-10T16:34:49.587Z</time>
			</trkpt>
			<trkpt lat="39.95028" lon="-1.27893">
				<ele>997.51</ele>
				<time>2026-09-10T16:34:57.017Z</time>
			</trkpt>
			<trkpt lat="39.95078" lon="-1.27884">
				<ele>998.39</ele>
				<time>2026-09-10T16:34:59.125Z</time>
			</trkpt>
			<trkpt lat="39.95119" lon="-1.27883">
				<ele>996.89</ele>
				<time>2026-09-10T16:35:00.837Z</time>
			</trkpt>
			<trkpt lat="39.95136" lon="-1.27889">
				<ele>997.18</ele>
				<time>2026-09-10T16:35:01.572Z</time>
			</trkpt>
			<trkpt lat="39.95145" lon="-1.27899">
				<ele>998.78</ele>
				<time>2026-09-10T16:35:02.065Z</time>
			</trkpt>
			<trkpt lat="39.95149" lon="-1.27911">
				<ele>1000.38</ele>
				<time>2026-09-10T16:35:02.484Z</time>
			</trkpt>
			<trkpt lat="39.95151" lon="-1.27925">
				<ele>1002.3</ele>
				<time>2026-09-10T16:35:02.939Z</time>
			</trkpt>
			<trkpt lat="39.9515" lon="-1.27939">
				<ele>1004.63</ele>
				<time>2026-09-10T16:35:03.389Z</time>
			</trkpt>
			<trkpt lat="39.95146" lon="-1.27952">
				<ele>1007.06</ele>
				<time>2026-09-10T16:35:03.837Z</time>
			</trkpt>
			<trkpt lat="39.95138" lon="-1.27962">
				<ele>1009.2</ele>
				<time>2026-09-10T16:35:04.300Z</time>
			</trkpt>
			<trkpt lat="39.95064" lon="-1.28033">
				<ele>1010.65</ele>
				<time>2026-09-10T16:35:08.136Z</time>
			</trkpt>
			<trkpt lat="39.95052" lon="-1.28042">
				<ele>1011.43</ele>
				<time>2026-09-10T16:35:08.714Z</time>
			</trkpt>
			<trkpt lat="39.95019" lon="-1.28056">
				<ele>1018.06</ele>
				<time>2026-09-10T16:35:10.165Z</time>
			</trkpt>
			<trkpt lat="39.94985" lon="-1.28066">
				<ele>1022.66</ele>
				<time>2026-09-10T16:35:11.624Z</time>
			</trkpt>
			<trkpt lat="39.94966" lon="-1.28078">
				<ele>1022.13</ele>
				<time>2026-09-10T16:35:12.508Z</time>
			</trkpt>
			<trkpt lat="39.94946" lon="-1.28102">
				<ele>1021.97</ele>
				<time>2026-09-10T16:35:13.647Z</time>
			</trkpt>
			<trkpt lat="39.94934" lon="-1.28148">
				<ele>1024.46</ele>
				<time>2026-09-10T16:35:15.210Z</time>
			</trkpt>
			<trkpt lat="39.94934" lon="-1.2817">
				<ele>1023.65</ele>
				<time>2026-09-10T16:35:15.918Z</time>
			</trkpt>
			<trkpt lat="39.9494" lon="-1.28202">
				<ele>1024.09</ele>
				<time>2026-09-10T16:35:16.980Z</time>
			</trkpt>
			<trkpt lat="39.94965" lon="-1.28269">
				<ele>1028.88</ele>
				<time>2026-09-10T16:35:19.386Z</time>
			</trkpt>
			<trkpt lat="39.9497" lon="-1.28292">
				<ele>1026.12</ele>
				<time>2026-09-10T16:35:20.159Z</time>
			</trkpt>
			<trkpt lat="39.9497" lon="-1.2831">
				<ele>1024.15</ele>
				<time>2026-09-10T16:35:20.742Z</time>
			</trkpt>
			<trkpt lat="39.94962" lon="-1.2833">
				<ele>1023.92</ele>
				<time>2026-09-10T16:35:21.473Z</time>
			</trkpt>
			<trkpt lat="39.94945" lon="-1.28343">
				<ele>1028.46</ele>
				<time>2026-09-10T16:35:22.306Z</time>
			</trkpt>
			<trkpt lat="39.94915" lon="-1.28341">
				<ele>1034.9</ele>
				<time>2026-09-10T16:35:23.579Z</time>
			</trkpt>
			<trkpt lat="39.94873" lon="-1.28314">
				<ele>1036.55</ele>
				<time>2026-09-10T16:35:25.569Z</time>
			</trkpt>
			<trkpt lat="39.94843" lon="-1.28299">
				<ele>1040.31</ele>
				<time>2026-09-10T16:35:26.937Z</time>
			</trkpt>
			<trkpt lat="39.94762" lon="-1.28305">
				<ele>1054.93</ele>
				<time>2026-09-10T16:35:30.407Z</time>
			</trkpt>
			<trkpt lat="39.94744" lon="-1.28317">
				<ele>1053.98</ele>
				<time>2026-09-10T16:35:31.276Z</time>
			</trkpt>
			<trkpt lat="39.94727" lon="-1.28336">
				<ele>1053.53</ele>
				<time>2026-09-10T16:35:32.239Z</time>
			</trkpt>
			<trkpt lat="39.94697" lon="-1.28352">
				<ele>1055.18</ele>
				<time>2026-09-10T16:35:33.637Z</time>
			</trkpt>
			<trkpt lat="39.94679" lon="-1.28354">
				<ele>1057.74</ele>
				<time>2026-09-10T16:35:34.418Z</time>
			</trkpt>
			<trkpt lat="39.94669" lon="-1.28351">
				<ele>1059.11</ele>
				<time>2026-09-10T16:35:34.862Z</time>
			</trkpt>
			<trkpt lat="39.94637" lon="-1.28324">
				<ele>1059.4</ele>
				<time>2026-09-10T16:35:36.516Z</time>
			</trkpt>
			<trkpt lat="39.94622" lon="-1.28316">
				<ele>1059.73</ele>
				<time>2026-09-10T16:35:37.221Z</time>
			</trkpt>
			<trkpt lat="39.94597" lon="-1.28313">
				<ele>1061.01</ele>
				<time>2026-09-10T16:35:38.315Z</time>
			</trkpt>
			<trkpt lat="39.94315" lon="-1.28327">
				<ele>1070.57</ele>
				<time>2026-09-10T16:35:50.832Z</time>
			</trkpt>
			<trkpt lat="39.94263" lon="-1.28333">
				<ele>1071.54</ele>
				<time>2026-09-10T16:35:53.196Z</time>
			</trkpt>
			<trkpt lat="39.94223" lon="-1.28351">
				<ele>1069.09</ele>
				<time>2026-09-10T16:35:55.125Z</time>
			</trkpt>
			<trkpt lat="39.94195" lon="-1.28373">
				<ele>1069.01</ele>
				<time>2026-09-10T16:35:56.623Z</time>
			</trkpt>
			<trkpt lat="39.94109" lon="-1.28462">
				<ele>1069.97</ele>
				<time>2026-09-10T16:36:01.708Z</time>
			</trkpt>
			<trkpt lat="39.94071" lon="-1.28493">
				<ele>1070.42</ele>
				<time>2026-09-10T16:36:03.808Z</time>
			</trkpt>
			<trkpt lat="39.9393" lon="-1.2857">
				<ele>1068.24</ele>
				<time>2026-09-10T16:36:11.088Z</time>
			</trkpt>
			<trkpt lat="39.93888" lon="-1.28601">
				<ele>1071.97</ele>
				<time>2026-09-10T16:36:13.426Z</time>
			</trkpt>
			<trkpt lat="39.93855" lon="-1.28637">
				<ele>1066.49</ele>
				<time>2026-09-10T16:36:15.527Z</time>
			</trkpt>
			<trkpt lat="39.93786" lon="-1.28778">
				<ele>1057.71</ele>
				<time>2026-09-10T16:36:21.888Z</time>
			</trkpt>
			<trkpt lat="39.93762" lon="-1.28811">
				<ele>1058.35</ele>
				<time>2026-09-10T16:36:23.644Z</time>
			</trkpt>
			<trkpt lat="39.93647" lon="-1.28923">
				<ele>1048.46</ele>
				<time>2026-09-10T16:36:30.997Z</time>
			</trkpt>
			<trkpt lat="39.93563" lon="-1.28998">
				<ele>1044.34</ele>
				<time>2026-09-10T16:36:36.342Z</time>
			</trkpt>
			<trkpt lat="39.93498" lon="-1.29045">
				<ele>1041.41</ele>
				<time>2026-09-10T16:36:40.315Z</time>
			</trkpt>
			<trkpt lat="39.93448" lon="-1.29066">
				<ele>1038.5</ele>
				<time>2026-09-10T16:36:43.161Z</time>
			</trkpt>
			<trkpt lat="39.93295" lon="-1.29103">
				<ele>1040.87</ele>
				<time>2026-09-10T16:36:51.783Z</time>
			</trkpt>
			<trkpt lat="39.93268" lon="-1.29113">
				<ele>1039.97</ele>
				<time>2026-09-10T16:36:53.370Z</time>
			</trkpt>
			<trkpt lat="39.93247" lon="-1.29125">
				<ele>1039.25</ele>
				<time>2026-09-10T16:36:54.673Z</time>
			</trkpt>
			<trkpt lat="39.93213" lon="-1.29152">
				<ele>1036.67</ele>
				<time>2026-09-10T16:36:56.952Z</time>
			</trkpt>
			<trkpt lat="39.93096" lon="-1.29267">
				<ele>1047.89</ele>
				<time>2026-09-10T16:37:05.519Z</time>
			</trkpt>
			<trkpt lat="39.9307" lon="-1.29273">
				<ele>1047.33</ele>
				<time>2026-09-10T16:37:07.094Z</time>
			</trkpt>
			<trkpt lat="39.92992" lon="-1.29268">
				<ele>1041.77</ele>
				<time>2026-09-10T16:37:11.808Z</time>
			</trkpt>
			<trkpt lat="39.92968" lon="-1.29272">
				<ele>1043.12</ele>
				<time>2026-09-10T16:37:13.286Z</time>
			</trkpt>
			<trkpt lat="39.92948" lon="-1.29282">
				<ele>1043.85</ele>
				<time>2026-09-10T16:37:14.602Z</time>
			</trkpt>
			<trkpt lat="39.9293" lon="-1.29298">
				<ele>1045.01</ele>
				<time>2026-09-10T16:37:15.947Z</time>
			</trkpt>
			<trkpt lat="39.92886" lon="-1.29356">
				<ele>1050.88</ele>
				<time>2026-09-10T16:37:19.848Z</time>
			</trkpt>
			<trkpt lat="39.92863" lon="-1.29397">
				<ele>1053.36</ele>
				<time>2026-09-10T16:37:22.306Z</time>
			</trkpt>
			<trkpt lat="39.92848" lon="-1.29436">
				<ele>1053.16</ele>
				<time>2026-09-10T16:37:24.436Z</time>
			</trkpt>
			<trkpt lat="39.92835" lon="-1.29482">
				<ele>1050.28</ele>
				<time>2026-09-10T16:37:26.850Z</time>
			</trkpt>
			<trkpt lat="39.92833" lon="-1.295">
				<ele>1049.05</ele>
				<time>2026-09-10T16:37:27.751Z</time>
			</trkpt>
			<trkpt lat="39.92819" lon="-1.2962">
				<ele>1047.59</ele>
				<time>2026-09-10T16:37:33.842Z</time>
			</trkpt>
			<trkpt lat="39.92818" lon="-1.29641">
				<ele>1049.1</ele>
				<time>2026-09-10T16:37:34.912Z</time>
			</trkpt>
			<trkpt lat="39.9282" lon="-1.29661">
				<ele>1050.17</ele>
				<time>2026-09-10T16:37:35.942Z</time>
			</trkpt>
			<trkpt lat="39.92824" lon="-1.29667">
				<ele>1050.66</ele>
				<time>2026-09-10T16:37:36.349Z</time>
			</trkpt>
			<trkpt lat="39.92838" lon="-1.29673">
				<ele>1050.62</ele>
				<time>2026-09-10T16:37:37.335Z</time>
			</trkpt>
			<trkpt lat="39.92854" lon="-1.29671">
				<ele>1050.19</ele>
				<time>2026-09-10T16:37:38.415Z</time>
			</trkpt>
			<trkpt lat="39.92881" lon="-1.29652">
				<ele>1047.27</ele>
				<time>2026-09-10T16:37:40.487Z</time>
			</trkpt>
			<trkpt lat="39.92903" lon="-1.29631">
				<ele>1045.79</ele>
				<time>2026-09-10T16:37:42.342Z</time>
			</trkpt>
			<trkpt lat="39.92931" lon="-1.29613">
				<ele>1044.43</ele>
				<time>2026-09-10T16:37:44.481Z</time>
			</trkpt>
			<trkpt lat="39.92938" lon="-1.29633">
				<ele>1043.59</ele>
				<time>2026-09-10T16:37:45.643Z</time>
			</trkpt>
			<trkpt lat="39.92943" lon="-1.29645">
				<ele>1042.89</ele>
				<time>2026-09-10T16:37:46.368Z</time>
			</trkpt>
			<trkpt lat="39.92949" lon="-1.29662">
				<ele>1041.39</ele>
				<time>2026-09-10T16:37:47.363Z</time>
			</trkpt>
			<trkpt lat="39.92884" lon="-1.29714">
				<ele>1047.52</ele>
				<time>2026-09-10T16:37:52.713Z</time>
			</trkpt>
			<trkpt lat="39.92859" lon="-1.29739">
				<ele>1049.39</ele>
				<time>2026-09-10T16:37:54.953Z</time>
			</trkpt>
			<trkpt lat="39.92832" lon="-1.29773">
				<ele>1049.12</ele>
				<time>2026-09-10T16:37:57.645Z</time>
			</trkpt>
			<trkpt lat="39.92816" lon="-1.29801">
				<ele>1052.03</ele>
				<time>2026-09-10T16:37:59.581Z</time>
			</trkpt>
			<trkpt lat="39.92809" lon="-1.29821">
				<ele>1052.79</ele>
				<time>2026-09-10T16:38:00.811Z</time>
			</trkpt>
			<trkpt lat="39.92786" lon="-1.29898">
				<ele>1051.89</ele>
				<time>2026-09-10T16:38:06.315Z</time>
			</trkpt>
			<trkpt lat="39.92772" lon="-1.30009">
				<ele>1049.18</ele>
				<time>2026-09-10T16:38:14.409Z</time>
			</trkpt>
			<trkpt lat="39.92766" lon="-1.30047">
				<ele>1050.92</ele>
				<time>2026-09-10T16:38:17.161Z</time>
			</trkpt>
			<trkpt lat="39.92761" lon="-1.3007">
				<ele>1051.87</ele>
				<time>2026-09-10T16:38:18.892Z</time>
			</trkpt>
			<trkpt lat="39.92746" lon="-1.30115">
				<ele>1053.03</ele>
				<time>2026-09-10T16:38:22.510Z</time>
			</trkpt>
			<trkpt lat="39.92678" lon="-1.30272">
				<ele>1047.9</ele>
				<time>2026-09-10T16:38:35.470Z</time>
			</trkpt>
			<trkpt lat="39.92587" lon="-1.30471">
				<ele>1044.25</ele>
				<time>2026-09-10T16:38:49.298Z</time>
			</trkpt>
			<trkpt lat="39.92456" lon="-1.30749">
				<ele>1047.69</ele>
				<time>2026-09-10T16:39:07.842Z</time>
			</trkpt>
			<trkpt lat="39.92433" lon="-1.30811">
				<ele>1043.1</ele>
				<time>2026-09-10T16:39:11.661Z</time>
			</trkpt>
			<trkpt lat="39.92384" lon="-1.30991">
				<ele>1040.48</ele>
				<time>2026-09-10T16:39:22.090Z</time>
			</trkpt>
			<trkpt lat="39.92364" lon="-1.31041">
				<ele>1039.87</ele>
				<time>2026-09-10T16:39:25.124Z</time>
			</trkpt>
			<trkpt lat="39.92332" lon="-1.31103">
				<ele>1039.38</ele>
				<time>2026-09-10T16:39:29.114Z</time>
			</trkpt>
			<trkpt lat="39.92292" lon="-1.31157">
				<ele>1038.4</ele>
				<time>2026-09-10T16:39:33.087Z</time>
			</trkpt>
			<trkpt lat="39.92196" lon="-1.3125">
				<ele>1030.04</ele>
				<time>2026-09-10T16:39:41.232Z</time>
			</trkpt>
			<trkpt lat="39.92165" lon="-1.3129">
				<ele>1027.73</ele>
				<time>2026-09-10T16:39:44.166Z</time>
			</trkpt>
			<trkpt lat="39.92139" lon="-1.31335">
				<ele>1023.93</ele>
				<time>2026-09-10T16:39:47.056Z</time>
			</trkpt>
			<trkpt lat="39.92118" lon="-1.31386">
				<ele>1024.16</ele>
				<time>2026-09-10T16:39:50.005Z</time>
			</trkpt>
			<trkpt lat="39.92019" lon="-1.31739">
				<ele>1013.68</ele>
				<time>2026-09-10T16:40:08.720Z</time>
			</trkpt>
			<trkpt lat="39.91879" lon="-1.32271">
				<ele>1008</ele>
				<time>2026-09-10T16:40:35.443Z</time>
			</trkpt>
			<trkpt lat="39.91011" lon="-1.35608">
				<ele>996.88</ele>
				<time>2026-09-10T16:43:04.855Z</time>
			</trkpt>
			<trkpt lat="39.90956" lon="-1.35825">
				<ele>991.74</ele>
				<time>2026-09-10T16:43:14.450Z</time>
			</trkpt>
			<trkpt lat="39.9095" lon="-1.35857">
				<ele>991.79</ele>
				<time>2026-09-10T16:43:15.840Z</time>
			</trkpt>
			<trkpt lat="39.90893" lon="-1.36084">
				<ele>990.15</ele>
				<time>2026-09-10T16:43:25.990Z</time>
			</trkpt>
			<trkpt lat="39.90874" lon="-1.36148">
				<ele>991.84</ele>
				<time>2026-09-10T16:43:28.929Z</time>
			</trkpt>
			<trkpt lat="39.90854" lon="-1.36225">
				<ele>990.89</ele>
				<time>2026-09-10T16:43:32.426Z</time>
			</trkpt>
			<trkpt lat="39.90846" lon="-1.36244">
				<ele>991.97</ele>
				<time>2026-09-10T16:43:33.361Z</time>
			</trkpt>
			<trkpt lat="39.90832" lon="-1.36268">
				<ele>992.57</ele>
				<time>2026-09-10T16:43:34.664Z</time>
			</trkpt>
			<trkpt lat="39.90803" lon="-1.36304">
				<ele>989.09</ele>
				<time>2026-09-10T16:43:36.926Z</time>
			</trkpt>
			<trkpt lat="39.90793" lon="-1.36321">
				<ele>986.44</ele>
				<time>2026-09-10T16:43:37.856Z</time>
			</trkpt>
			<trkpt lat="39.90791" lon="-1.36329">
				<ele>985.21</ele>
				<time>2026-09-10T16:43:38.222Z</time>
			</trkpt>
			<trkpt lat="39.90791" lon="-1.36396">
				<ele>982.73</ele>
				<time>2026-09-10T16:43:41.141Z</time>
			</trkpt>
			<trkpt lat="39.90786" lon="-1.3641">
				<ele>981.97</ele>
				<time>2026-09-10T16:43:41.815Z</time>
			</trkpt>
			<trkpt lat="39.90776" lon="-1.36416">
				<ele>981.38</ele>
				<time>2026-09-10T16:43:42.443Z</time>
			</trkpt>
			<trkpt lat="39.90746" lon="-1.3642">
				<ele>985.65</ele>
				<time>2026-09-10T16:43:44.165Z</time>
			</trkpt>
			<trkpt lat="39.90717" lon="-1.36412">
				<ele>984.45</ele>
				<time>2026-09-10T16:43:45.862Z</time>
			</trkpt>
			<trkpt lat="39.90697" lon="-1.36405">
				<ele>983.26</ele>
				<time>2026-09-10T16:43:47.050Z</time>
			</trkpt>
			<trkpt lat="39.90675" lon="-1.36406">
				<ele>984.44</ele>
				<time>2026-09-10T16:43:48.316Z</time>
			</trkpt>
			<trkpt lat="39.90644" lon="-1.36415">
				<ele>987.48</ele>
				<time>2026-09-10T16:43:50.147Z</time>
			</trkpt>
			<trkpt lat="39.90626" lon="-1.36417">
				<ele>988.46</ele>
				<time>2026-09-10T16:43:51.190Z</time>
			</trkpt>
			<trkpt lat="39.90593" lon="-1.36414">
				<ele>987.31</ele>
				<time>2026-09-10T16:43:53.106Z</time>
			</trkpt>
			<trkpt lat="39.90567" lon="-1.36407">
				<ele>985.83</ele>
				<time>2026-09-10T16:43:54.648Z</time>
			</trkpt>
			<trkpt lat="39.90551" lon="-1.364">
				<ele>985.39</ele>
				<time>2026-09-10T16:43:55.631Z</time>
			</trkpt>
			<trkpt lat="39.90535" lon="-1.3639">
				<ele>984.77</ele>
				<time>2026-09-10T16:43:56.665Z</time>
			</trkpt>
			<trkpt lat="39.90503" lon="-1.36365">
				<ele>986.62</ele>
				<time>2026-09-10T16:43:58.846Z</time>
			</trkpt>
			<trkpt lat="39.90485" lon="-1.36348">
				<ele>987.23</ele>
				<time>2026-09-10T16:44:00.150Z</time>
			</trkpt>
			<trkpt lat="39.9046" lon="-1.36318">
				<ele>987.06</ele>
				<time>2026-09-10T16:44:02.148Z</time>
			</trkpt>
			<trkpt lat="39.90442" lon="-1.3629">
				<ele>987.92</ele>
				<time>2026-09-10T16:44:03.802Z</time>
			</trkpt>
			<trkpt lat="39.90327" lon="-1.36082">
				<ele>989.73</ele>
				<time>2026-09-10T16:44:15.475Z</time>
			</trkpt>
			<trkpt lat="39.90256" lon="-1.3596">
				<ele>991.24</ele>
				<time>2026-09-10T16:44:22.451Z</time>
			</trkpt>
			<trkpt lat="39.90114" lon="-1.35703">
				<ele>989.38</ele>
				<time>2026-09-10T16:44:36.877Z</time>
			</trkpt>
			<trkpt lat="39.89422" lon="-1.34486">
				<ele>974.04</ele>
				<time>2026-09-10T16:45:45.851Z</time>
			</trkpt>
			<trkpt lat="39.894" lon="-1.34455">
				<ele>973.85</ele>
				<time>2026-09-10T16:45:47.774Z</time>
			</trkpt>
			<trkpt lat="39.89358" lon="-1.34408">
				<ele>976.17</ele>
				<time>2026-09-10T16:45:51.058Z</time>
			</trkpt>
			<trkpt lat="39.891" lon="-1.34162">
				<ele>981.34</ele>
				<time>2026-09-10T16:46:10.022Z</time>
			</trkpt>
			<trkpt lat="39.89072" lon="-1.34131">
				<ele>980.17</ele>
				<time>2026-09-10T16:46:12.201Z</time>
			</trkpt>
			<trkpt lat="39.8902" lon="-1.34063">
				<ele>977</ele>
				<time>2026-09-10T16:46:16.571Z</time>
			</trkpt>
			<trkpt lat="39.88807" lon="-1.33746">
				<ele>978.65</ele>
				<time>2026-09-10T16:46:35.746Z</time>
			</trkpt>
			<trkpt lat="39.88775" lon="-1.33709">
				<ele>980.92</ele>
				<time>2026-09-10T16:46:38.283Z</time>
			</trkpt>
			<trkpt lat="39.88755" lon="-1.33691">
				<ele>981.2</ele>
				<time>2026-09-10T16:46:39.725Z</time>
			</trkpt>
			<trkpt lat="39.88723" lon="-1.33672">
				<ele>977.98</ele>
				<time>2026-09-10T16:46:41.810Z</time>
			</trkpt>
			<trkpt lat="39.88698" lon="-1.33662">
				<ele>977.34</ele>
				<time>2026-09-10T16:46:43.361Z</time>
			</trkpt>
			<trkpt lat="39.88676" lon="-1.33655">
				<ele>978.18</ele>
				<time>2026-09-10T16:46:44.704Z</time>
			</trkpt>
			<trkpt lat="39.88631" lon="-1.33651">
				<ele>980.35</ele>
				<time>2026-09-10T16:46:47.379Z</time>
			</trkpt>
			<trkpt lat="39.88317" lon="-1.33639">
				<ele>995.12</ele>
				<time>2026-09-10T16:47:06.006Z</time>
			</trkpt>
			<trkpt lat="39.88259" lon="-1.33639">
				<ele>993.74</ele>
				<time>2026-09-10T16:47:09.445Z</time>
			</trkpt>
			<trkpt lat="39.88216" lon="-1.33643">
				<ele>986.98</ele>
				<time>2026-09-10T16:47:12.000Z</time>
			</trkpt>
			<trkpt lat="39.88025" lon="-1.33679">
				<ele>988.83</ele>
				<time>2026-09-10T16:47:23.442Z</time>
			</trkpt>
			<trkpt lat="39.87964" lon="-1.33687">
				<ele>985.71</ele>
				<time>2026-09-10T16:47:27.077Z</time>
			</trkpt>
			<trkpt lat="39.8793" lon="-1.33688">
				<ele>985.61</ele>
				<time>2026-09-10T16:47:29.093Z</time>
			</trkpt>
			<trkpt lat="39.87886" lon="-1.33683">
				<ele>990.1</ele>
				<time>2026-09-10T16:47:31.711Z</time>
			</trkpt>
			<trkpt lat="39.87849" lon="-1.33675">
				<ele>993.7</ele>
				<time>2026-09-10T16:47:33.934Z</time>
			</trkpt>
			<trkpt lat="39.87817" lon="-1.33664">
				<ele>994.41</ele>
				<time>2026-09-10T16:47:35.896Z</time>
			</trkpt>
			<trkpt lat="39.87778" lon="-1.33646">
				<ele>994</ele>
				<time>2026-09-10T16:47:38.349Z</time>
			</trkpt>
			<trkpt lat="39.87751" lon="-1.33631">
				<ele>993.64</ele>
				<time>2026-09-10T16:47:40.088Z</time>
			</trkpt>
			<trkpt lat="39.87276" lon="-1.33333">
				<ele>1011.88</ele>
				<time>2026-09-10T16:48:11.335Z</time>
			</trkpt>
			<trkpt lat="39.87221" lon="-1.33296">
				<ele>1010.43</ele>
				<time>2026-09-10T16:48:15.003Z</time>
			</trkpt>
			<trkpt lat="39.8719" lon="-1.3327">
				<ele>1012.7</ele>
				<time>2026-09-10T16:48:17.188Z</time>
			</trkpt>
			<trkpt lat="39.87162" lon="-1.33242">
				<ele>1014.51</ele>
				<time>2026-09-10T16:48:19.279Z</time>
			</trkpt>
			<trkpt lat="39.87126" lon="-1.33201">
				<ele>1010.3</ele>
				<time>2026-09-10T16:48:22.113Z</time>
			</trkpt>
			<trkpt lat="39.87094" lon="-1.33154">
				<ele>1007.57</ele>
				<time>2026-09-10T16:48:24.970Z</time>
			</trkpt>
			<trkpt lat="39.87071" lon="-1.33113">
				<ele>1006.15</ele>
				<time>2026-09-10T16:48:27.280Z</time>
			</trkpt>
			<trkpt lat="39.87045" lon="-1.33057">
				<ele>1005.66</ele>
				<time>2026-09-10T16:48:30.256Z</time>
			</trkpt>
			<trkpt lat="39.86867" lon="-1.32607">
				<ele>989.98</ele>
				<time>2026-09-10T16:48:53.278Z</time>
			</trkpt>
			<trkpt lat="39.86828" lon="-1.32503">
				<ele>999.81</ele>
				<time>2026-09-10T16:48:58.542Z</time>
			</trkpt>
			<trkpt lat="39.86789" lon="-1.32379">
				<ele>1003.95</ele>
				<time>2026-09-10T16:49:04.635Z</time>
			</trkpt>
			<trkpt lat="39.86755" lon="-1.32251">
				<ele>1002.79</ele>
				<time>2026-09-10T16:49:10.794Z</time>
			</trkpt>
			<trkpt lat="39.86725" lon="-1.32125">
				<ele>1004.86</ele>
				<time>2026-09-10T16:49:16.792Z</time>
			</trkpt>
			<trkpt lat="39.86705" lon="-1.32046">
				<ele>1012.73</ele>
				<time>2026-09-10T16:49:20.574Z</time>
			</trkpt>
			<trkpt lat="39.86664" lon="-1.31912">
				<ele>1019.36</ele>
				<time>2026-09-10T16:49:27.133Z</time>
			</trkpt>
			<trkpt lat="39.86643" lon="-1.3185">
				<ele>1022.86</ele>
				<time>2026-09-10T16:49:30.214Z</time>
			</trkpt>
			<trkpt lat="39.86613" lon="-1.3177">
				<ele>1027.79</ele>
				<time>2026-09-10T16:49:34.262Z</time>
			</trkpt>
			<trkpt lat="39.86342" lon="-1.31105">
				<ele>1034.25</ele>
				<time>2026-09-10T16:50:08.490Z</time>
			</trkpt>
			<trkpt lat="39.86273" lon="-1.3089">
				<ele>1026.65</ele>
				<time>2026-09-10T16:50:19.082Z</time>
			</trkpt>
			<trkpt lat="39.86254" lon="-1.30847">
				<ele>1023.95</ele>
				<time>2026-09-10T16:50:21.338Z</time>
			</trkpt>
			<trkpt lat="39.8623" lon="-1.30802">
				<ele>1025.26</ele>
				<time>2026-09-10T16:50:23.828Z</time>
			</trkpt>
			<trkpt lat="39.86209" lon="-1.30771">
				<ele>1024.98</ele>
				<time>2026-09-10T16:50:25.708Z</time>
			</trkpt>
			<trkpt lat="39.86187" lon="-1.30743">
				<ele>1020.91</ele>
				<time>2026-09-10T16:50:27.529Z</time>
			</trkpt>
			<trkpt lat="39.86159" lon="-1.30713">
				<ele>1017.57</ele>
				<time>2026-09-10T16:50:29.676Z</time>
			</trkpt>
			<trkpt lat="39.86051" lon="-1.30616">
				<ele>1019.7</ele>
				<time>2026-09-10T16:50:37.443Z</time>
			</trkpt>
			<trkpt lat="39.86029" lon="-1.30593">
				<ele>1019.11</ele>
				<time>2026-09-10T16:50:39.113Z</time>
			</trkpt>
			<trkpt lat="39.86004" lon="-1.30559">
				<ele>1019.07</ele>
				<time>2026-09-10T16:50:41.253Z</time>
			</trkpt>
			<trkpt lat="39.85981" lon="-1.30521">
				<ele>1018</ele>
				<time>2026-09-10T16:50:43.453Z</time>
			</trkpt>
			<trkpt lat="39.85871" lon="-1.30283">
				<ele>1024.92</ele>
				<time>2026-09-10T16:50:56.079Z</time>
			</trkpt>
			<trkpt lat="39.85841" lon="-1.30222">
				<ele>1027.66</ele>
				<time>2026-09-10T16:50:59.372Z</time>
			</trkpt>
			<trkpt lat="39.85814" lon="-1.30172">
				<ele>1027.24</ele>
				<time>2026-09-10T16:51:02.150Z</time>
			</trkpt>
			<trkpt lat="39.85735" lon="-1.30046">
				<ele>1035.97</ele>
				<time>2026-09-10T16:51:09.544Z</time>
			</trkpt>
			<trkpt lat="39.85713" lon="-1.30007">
				<ele>1035.67</ele>
				<time>2026-09-10T16:51:11.743Z</time>
			</trkpt>
			<trkpt lat="39.8569" lon="-1.29955">
				<ele>1032.36</ele>
				<time>2026-09-10T16:51:14.471Z</time>
			</trkpt>
			<trkpt lat="39.85462" lon="-1.29371">
				<ele>1017.66</ele>
				<time>2026-09-10T16:51:44.245Z</time>
			</trkpt>
			<trkpt lat="39.85431" lon="-1.2927">
				<ele>1018.39</ele>
				<time>2026-09-10T16:51:49.188Z</time>
			</trkpt>
			<trkpt lat="39.8537" lon="-1.29031">
				<ele>1007.96</ele>
				<time>2026-09-10T16:52:00.633Z</time>
			</trkpt>
			<trkpt lat="39.85358" lon="-1.28996">
				<ele>1008</ele>
				<time>2026-09-10T16:52:02.375Z</time>
			</trkpt>
			<trkpt lat="39.85347" lon="-1.28966">
				<ele>1008.23</ele>
				<time>2026-09-10T16:52:03.886Z</time>
			</trkpt>
			<trkpt lat="39.85334" lon="-1.28942">
				<ele>1007.86</ele>
				<time>2026-09-10T16:52:05.220Z</time>
			</trkpt>
			<trkpt lat="39.85321" lon="-1.28921">
				<ele>1005.35</ele>
				<time>2026-09-10T16:52:06.446Z</time>
			</trkpt>
			<trkpt lat="39.85295" lon="-1.28889">
				<ele>1004.34</ele>
				<time>2026-09-10T16:52:08.563Z</time>
			</trkpt>
			<trkpt lat="39.85277" lon="-1.28869">
				<ele>1004.27</ele>
				<time>2026-09-10T16:52:09.964Z</time>
			</trkpt>
			<trkpt lat="39.85236" lon="-1.28825">
				<ele>1003.36</ele>
				<time>2026-09-10T16:52:13.108Z</time>
			</trkpt>
			<trkpt lat="39.85223" lon="-1.28807">
				<ele>1003.01</ele>
				<time>2026-09-10T16:52:14.231Z</time>
			</trkpt>
			<trkpt lat="39.85218" lon="-1.28799">
				<ele>1003.29</ele>
				<time>2026-09-10T16:52:14.700Z</time>
			</trkpt>
			<trkpt lat="39.85213" lon="-1.28779">
				<ele>1004.35</ele>
				<time>2026-09-10T16:52:15.655Z</time>
			</trkpt>
			<trkpt lat="39.85194" lon="-1.28667">
				<ele>992.02</ele>
				<time>2026-09-10T16:52:20.867Z</time>
			</trkpt>
			<trkpt lat="39.85186" lon="-1.28632">
				<ele>992.75</ele>
				<time>2026-09-10T16:52:22.527Z</time>
			</trkpt>
			<trkpt lat="39.85179" lon="-1.28614">
				<ele>992.7</ele>
				<time>2026-09-10T16:52:23.443Z</time>
			</trkpt>
			<trkpt lat="39.85163" lon="-1.28589">
				<ele>990.9</ele>
				<time>2026-09-10T16:52:24.922Z</time>
			</trkpt>
			<trkpt lat="39.8515" lon="-1.28575">
				<ele>990.43</ele>
				<time>2026-09-10T16:52:25.921Z</time>
			</trkpt>
			<trkpt lat="39.85139" lon="-1.28566">
				<ele>990.03</ele>
				<time>2026-09-10T16:52:26.690Z</time>
			</trkpt>
			<trkpt lat="39.85081" lon="-1.28547">
				<ele>989.02</ele>
				<time>2026-09-10T16:52:30.229Z</time>
			</trkpt>
			<trkpt lat="39.85043" lon="-1.28524">
				<ele>988.8</ele>
				<time>2026-09-10T16:52:32.709Z</time>
			</trkpt>
			<trkpt lat="39.84981" lon="-1.28467">
				<ele>988.45</ele>
				<time>2026-09-10T16:52:37.201Z</time>
			</trkpt>
			<trkpt lat="39.84955" lon="-1.28441">
				<ele>986.49</ele>
				<time>2026-09-10T16:52:39.140Z</time>
			</trkpt>
			<trkpt lat="39.84935" lon="-1.28413">
				<ele>987.16</ele>
				<time>2026-09-10T16:52:40.878Z</time>
			</trkpt>
			<trkpt lat="39.84922" lon="-1.28379">
				<ele>988.38</ele>
				<time>2026-09-10T16:52:42.604Z</time>
			</trkpt>
			<trkpt lat="39.84916" lon="-1.28356">
				<ele>989</ele>
				<time>2026-09-10T16:52:43.708Z</time>
			</trkpt>
			<trkpt lat="39.84913" lon="-1.28331">
				<ele>988.89</ele>
				<time>2026-09-10T16:52:44.857Z</time>
			</trkpt>
			<trkpt lat="39.84915" lon="-1.28192">
				<ele>985.96</ele>
				<time>2026-09-10T16:52:51.174Z</time>
			</trkpt>
			<trkpt lat="39.84921" lon="-1.28122">
				<ele>980.13</ele>
				<time>2026-09-10T16:52:54.374Z</time>
			</trkpt>
			<trkpt lat="39.84924" lon="-1.28077">
				<ele>979.78</ele>
				<time>2026-09-10T16:52:56.427Z</time>
			</trkpt>
			<trkpt lat="39.84924" lon="-1.28039">
				<ele>982.06</ele>
				<time>2026-09-10T16:52:58.153Z</time>
			</trkpt>
			<trkpt lat="39.84916" lon="-1.27953">
				<ele>985.2</ele>
				<time>2026-09-10T16:53:02.089Z</time>
			</trkpt>
			<trkpt lat="39.84901" lon="-1.27851">
				<ele>977.17</ele>
				<time>2026-09-10T16:53:06.808Z</time>
			</trkpt>
			<trkpt lat="39.84882" lon="-1.27774">
				<ele>978.16</ele>
				<time>2026-09-10T16:53:10.482Z</time>
			</trkpt>
			<trkpt lat="39.8484" lon="-1.27636">
				<ele>978.94</ele>
				<time>2026-09-10T16:53:17.227Z</time>
			</trkpt>
			<trkpt lat="39.8481" lon="-1.27562">
				<ele>972.43</ele>
				<time>2026-09-10T16:53:21.029Z</time>
			</trkpt>
			<trkpt lat="39.84578" lon="-1.27153">
				<ele>971.21</ele>
				<time>2026-09-10T16:53:44.132Z</time>
			</trkpt>
			<trkpt lat="39.84555" lon="-1.27105">
				<ele>971.23</ele>
				<time>2026-09-10T16:53:46.702Z</time>
			</trkpt>
			<trkpt lat="39.84538" lon="-1.27059">
				<ele>971.44</ele>
				<time>2026-09-10T16:53:49.022Z</time>
			</trkpt>
			<trkpt lat="39.84499" lon="-1.26926">
				<ele>972.65</ele>
				<time>2026-09-10T16:53:55.490Z</time>
			</trkpt>
			<trkpt lat="39.84475" lon="-1.26854">
				<ele>970.93</ele>
				<time>2026-09-10T16:53:59.056Z</time>
			</trkpt>
			<trkpt lat="39.84455" lon="-1.26813">
				<ele>969.38</ele>
				<time>2026-09-10T16:54:01.262Z</time>
			</trkpt>
			<trkpt lat="39.84435" lon="-1.2678">
				<ele>970.9</ele>
				<time>2026-09-10T16:54:03.172Z</time>
			</trkpt>
			<trkpt lat="39.8441" lon="-1.2675">
				<ele>969.54</ele>
				<time>2026-09-10T16:54:05.184Z</time>
			</trkpt>
			<trkpt lat="39.84385" lon="-1.26725">
				<ele>966.11</ele>
				<time>2026-09-10T16:54:07.049Z</time>
			</trkpt>
			<trkpt lat="39.84217" lon="-1.26589">
				<ele>965.65</ele>
				<time>2026-09-10T16:54:18.753Z</time>
			</trkpt>
			<trkpt lat="39.84167" lon="-1.26552">
				<ele>961.86</ele>
				<time>2026-09-10T16:54:22.156Z</time>
			</trkpt>
			<trkpt lat="39.84135" lon="-1.26533">
				<ele>959.16</ele>
				<time>2026-09-10T16:54:24.237Z</time>
			</trkpt>
			<trkpt lat="39.83845" lon="-1.26407">
				<ele>949.63</ele>
				<time>2026-09-10T16:54:42.325Z</time>
			</trkpt>
			<trkpt lat="39.83811" lon="-1.26384">
				<ele>949</ele>
				<time>2026-09-10T16:54:44.592Z</time>
			</trkpt>
			<trkpt lat="39.83632" lon="-1.26219">
				<ele>945.63</ele>
				<time>2026-09-10T16:54:57.567Z</time>
			</trkpt>
			<trkpt lat="39.83595" lon="-1.26175">
				<ele>946.76</ele>
				<time>2026-09-10T16:55:00.531Z</time>
			</trkpt>
			<trkpt lat="39.83433" lon="-1.25908">
				<ele>940.51</ele>
				<time>2026-09-10T16:55:15.992Z</time>
			</trkpt>
			<trkpt lat="39.83398" lon="-1.25864">
				<ele>939.02</ele>
				<time>2026-09-10T16:55:18.870Z</time>
			</trkpt>
			<trkpt lat="39.83364" lon="-1.25835">
				<ele>935.36</ele>
				<time>2026-09-10T16:55:21.274Z</time>
			</trkpt>
			<trkpt lat="39.83326" lon="-1.2581">
				<ele>932.73</ele>
				<time>2026-09-10T16:55:23.793Z</time>
			</trkpt>
			<trkpt lat="39.83099" lon="-1.25705">
				<ele>942.51</ele>
				<time>2026-09-10T16:55:38.046Z</time>
			</trkpt>
			<trkpt lat="39.8303" lon="-1.2568">
				<ele>940.95</ele>
				<time>2026-09-10T16:55:42.283Z</time>
			</trkpt>
			<trkpt lat="39.82967" lon="-1.25664">
				<ele>943.38</ele>
				<time>2026-09-10T16:55:46.080Z</time>
			</trkpt>
			<trkpt lat="39.82886" lon="-1.25652">
				<ele>948.44</ele>
				<time>2026-09-10T16:55:50.904Z</time>
			</trkpt>
			<trkpt lat="39.82472" lon="-1.25604">
				<ele>954.43</ele>
				<time>2026-09-10T16:56:15.494Z</time>
			</trkpt>
			<trkpt lat="39.82409" lon="-1.25592">
				<ele>954.03</ele>
				<time>2026-09-10T16:56:19.261Z</time>
			</trkpt>
			<trkpt lat="39.8236" lon="-1.2557">
				<ele>958.33</ele>
				<time>2026-09-10T16:56:22.327Z</time>
			</trkpt>
			<trkpt lat="39.8231" lon="-1.25539">
				<ele>962.7</ele>
				<time>2026-09-10T16:56:25.604Z</time>
			</trkpt>
			<trkpt lat="39.82262" lon="-1.2551">
				<ele>961.52</ele>
				<time>2026-09-10T16:56:28.734Z</time>
			</trkpt>
			<trkpt lat="39.8222" lon="-1.25494">
				<ele>956.9</ele>
				<time>2026-09-10T16:56:31.323Z</time>
			</trkpt>
			<trkpt lat="39.8218" lon="-1.25488">
				<ele>953.73</ele>
				<time>2026-09-10T16:56:33.706Z</time>
			</trkpt>
			<trkpt lat="39.82134" lon="-1.25488">
				<ele>951.4</ele>
				<time>2026-09-10T16:56:36.427Z</time>
			</trkpt>
			<trkpt lat="39.81745" lon="-1.25534">
				<ele>937.54</ele>
				<time>2026-09-10T16:56:59.536Z</time>
			</trkpt>
			<trkpt lat="39.81717" lon="-1.2554">
				<ele>935.93</ele>
				<time>2026-09-10T16:57:01.215Z</time>
			</trkpt>
			<trkpt lat="39.81676" lon="-1.25554">
				<ele>927.05</ele>
				<time>2026-09-10T16:57:03.723Z</time>
			</trkpt>
			<trkpt lat="39.81646" lon="-1.25566">
				<ele>922.49</ele>
				<time>2026-09-10T16:57:05.580Z</time>
			</trkpt>
			<trkpt lat="39.81602" lon="-1.25591">
				<ele>918.5</ele>
				<time>2026-09-10T16:57:08.420Z</time>
			</trkpt>
			<trkpt lat="39.81557" lon="-1.25625">
				<ele>916.05</ele>
				<time>2026-09-10T16:57:11.498Z</time>
			</trkpt>
			<trkpt lat="39.81519" lon="-1.25661">
				<ele>916.89</ele>
				<time>2026-09-10T16:57:14.279Z</time>
			</trkpt>
			<trkpt lat="39.8147" lon="-1.25721">
				<ele>910.83</ele>
				<time>2026-09-10T16:57:18.259Z</time>
			</trkpt>
			<trkpt lat="39.8137" lon="-1.25867">
				<ele>912.74</ele>
				<time>2026-09-10T16:57:27.148Z</time>
			</trkpt>
			<trkpt lat="39.80874" lon="-1.26578">
				<ele>927.16</ele>
				<time>2026-09-10T16:58:10.799Z</time>
			</trkpt>
			<trkpt lat="39.80832" lon="-1.26633">
				<ele>929.07</ele>
				<time>2026-09-10T16:58:14.324Z</time>
			</trkpt>
			<trkpt lat="39.80795" lon="-1.26669">
				<ele>930.19</ele>
				<time>2026-09-10T16:58:17.057Z</time>
			</trkpt>
			<trkpt lat="39.80751" lon="-1.267">
				<ele>931.33</ele>
				<time>2026-09-10T16:58:20.018Z</time>
			</trkpt>
			<trkpt lat="39.80706" lon="-1.26721">
				<ele>928.21</ele>
				<time>2026-09-10T16:58:22.846Z</time>
			</trkpt>
			<trkpt lat="39.80665" lon="-1.26732">
				<ele>927.11</ele>
				<time>2026-09-10T16:58:25.323Z</time>
			</trkpt>
			<trkpt lat="39.80623" lon="-1.26735">
				<ele>929.04</ele>
				<time>2026-09-10T16:58:27.812Z</time>
			</trkpt>
			<trkpt lat="39.80583" lon="-1.26733">
				<ele>926.11</ele>
				<time>2026-09-10T16:58:30.180Z</time>
			</trkpt>
			<trkpt lat="39.80478" lon="-1.2671">
				<ele>924.44</ele>
				<time>2026-09-10T16:58:36.481Z</time>
			</trkpt>
			<trkpt lat="39.80422" lon="-1.26707">
				<ele>918.56</ele>
				<time>2026-09-10T16:58:39.797Z</time>
			</trkpt>
			<trkpt lat="39.80309" lon="-1.26716">
				<ele>914.97</ele>
				<time>2026-09-10T16:58:46.496Z</time>
			</trkpt>
			<trkpt lat="39.80281" lon="-1.26722">
				<ele>910.65</ele>
				<time>2026-09-10T16:58:48.175Z</time>
			</trkpt>
			<trkpt lat="39.80235" lon="-1.2674">
				<ele>908.51</ele>
				<time>2026-09-10T16:58:51.017Z</time>
			</trkpt>
			<trkpt lat="39.80199" lon="-1.26762">
				<ele>910.98</ele>
				<time>2026-09-10T16:58:53.370Z</time>
			</trkpt>
			<trkpt lat="39.80167" lon="-1.26791">
				<ele>910.54</ele>
				<time>2026-09-10T16:58:55.678Z</time>
			</trkpt>
			<trkpt lat="39.80136" lon="-1.26829">
				<ele>909.04</ele>
				<time>2026-09-10T16:58:58.197Z</time>
			</trkpt>
			<trkpt lat="39.79914" lon="-1.2715">
				<ele>903.12</ele>
				<time>2026-09-10T16:59:17.833Z</time>
			</trkpt>
			<trkpt lat="39.79872" lon="-1.27207">
				<ele>904.1</ele>
				<time>2026-09-10T16:59:21.423Z</time>
			</trkpt>
			<trkpt lat="39.79826" lon="-1.27259">
				<ele>907.25</ele>
				<time>2026-09-10T16:59:25.029Z</time>
			</trkpt>
			<trkpt lat="39.79776" lon="-1.27303">
				<ele>910</ele>
				<time>2026-09-10T16:59:28.601Z</time>
			</trkpt>
			<trkpt lat="39.79733" lon="-1.27329">
				<ele>908.26</ele>
				<time>2026-09-10T16:59:31.406Z</time>
			</trkpt>
			<trkpt lat="39.79683" lon="-1.27351">
				<ele>907.7</ele>
				<time>2026-09-10T16:59:34.530Z</time>
			</trkpt>
			<trkpt lat="39.79625" lon="-1.27367">
				<ele>909.77</ele>
				<time>2026-09-10T16:59:38.038Z</time>
			</trkpt>
			<trkpt lat="39.79568" lon="-1.27373">
				<ele>904.74</ele>
				<time>2026-09-10T16:59:41.423Z</time>
			</trkpt>
			<trkpt lat="39.79513" lon="-1.27371">
				<ele>908.79</ele>
				<time>2026-09-10T16:59:44.679Z</time>
			</trkpt>
			<trkpt lat="39.79049" lon="-1.27303">
				<ele>869.03</ele>
				<time>2026-09-10T17:00:12.313Z</time>
			</trkpt>
			<trkpt lat="39.78687" lon="-1.27253">
				<ele>893.11</ele>
				<time>2026-09-10T17:00:33.859Z</time>
			</trkpt>
			<trkpt lat="39.78641" lon="-1.2725">
				<ele>892.15</ele>
				<time>2026-09-10T17:00:36.585Z</time>
			</trkpt>
			<trkpt lat="39.7861" lon="-1.27254">
				<ele>893.74</ele>
				<time>2026-09-10T17:00:38.429Z</time>
			</trkpt>
			<trkpt lat="39.78491" lon="-1.27291">
				<ele>900.15</ele>
				<time>2026-09-10T17:00:45.671Z</time>
			</trkpt>
			<trkpt lat="39.78454" lon="-1.27295">
				<ele>903.87</ele>
				<time>2026-09-10T17:00:47.869Z</time>
			</trkpt>
			<trkpt lat="39.78416" lon="-1.27293">
				<ele>908.46</ele>
				<time>2026-09-10T17:00:50.120Z</time>
			</trkpt>
			<trkpt lat="39.7838" lon="-1.27285">
				<ele>911.07</ele>
				<time>2026-09-10T17:00:52.282Z</time>
			</trkpt>
			<trkpt lat="39.78344" lon="-1.27269">
				<ele>907.9</ele>
				<time>2026-09-10T17:00:54.533Z</time>
			</trkpt>
			<trkpt lat="39.78317" lon="-1.27251">
				<ele>901.82</ele>
				<time>2026-09-10T17:00:56.329Z</time>
			</trkpt>
			<trkpt lat="39.7829" lon="-1.27228">
				<ele>900.43</ele>
				<time>2026-09-10T17:00:58.239Z</time>
			</trkpt>
			<trkpt lat="39.78261" lon="-1.27195">
				<ele>904.16</ele>
				<time>2026-09-10T17:01:00.520Z</time>
			</trkpt>
			<trkpt lat="39.78235" lon="-1.27156">
				<ele>906.81</ele>
				<time>2026-09-10T17:01:02.869Z</time>
			</trkpt>
			<trkpt lat="39.78046" lon="-1.2683">
				<ele>895.28</ele>
				<time>2026-09-10T17:01:21.446Z</time>
			</trkpt>
			<trkpt lat="39.77878" lon="-1.26554">
				<ele>886</ele>
				<time>2026-09-10T17:01:37.465Z</time>
			</trkpt>
			<trkpt lat="39.77313" lon="-1.25598">
				<ele>875.39</ele>
				<time>2026-09-10T17:02:32.346Z</time>
			</trkpt>
			<trkpt lat="39.7726" lon="-1.25512">
				<ele>875</ele>
				<time>2026-09-10T17:02:37.364Z</time>
			</trkpt>
			<trkpt lat="39.77222" lon="-1.25462">
				<ele>878.76</ele>
				<time>2026-09-10T17:02:40.564Z</time>
			</trkpt>
			<trkpt lat="39.77175" lon="-1.2541">
				<ele>874.82</ele>
				<time>2026-09-10T17:02:44.218Z</time>
			</trkpt>
			<trkpt lat="39.77131" lon="-1.25371">
				<ele>873.73</ele>
				<time>2026-09-10T17:02:47.371Z</time>
			</trkpt>
			<trkpt lat="39.76163" lon="-1.24657">
				<ele>869.04</ele>
				<time>2026-09-10T17:03:53.287Z</time>
			</trkpt>
			<trkpt lat="39.7463" lon="-1.23533">
				<ele>854.87</ele>
				<time>2026-09-10T17:05:37.587Z</time>
			</trkpt>
			<trkpt lat="39.746" lon="-1.23501">
				<ele>855.35</ele>
				<time>2026-09-10T17:05:39.887Z</time>
			</trkpt>
			<trkpt lat="39.74583" lon="-1.23475">
				<ele>855.09</ele>
				<time>2026-09-10T17:05:41.443Z</time>
			</trkpt>
			<trkpt lat="39.74482" lon="-1.23304">
				<ele>852.36</ele>
				<time>2026-09-10T17:05:51.274Z</time>
			</trkpt>
			<trkpt lat="39.74458" lon="-1.23269">
				<ele>851.04</ele>
				<time>2026-09-10T17:05:53.412Z</time>
			</trkpt>
			<trkpt lat="39.74431" lon="-1.23239">
				<ele>852.3</ele>
				<time>2026-09-10T17:05:55.518Z</time>
			</trkpt>
			<trkpt lat="39.74401" lon="-1.23222">
				<ele>853.45</ele>
				<time>2026-09-10T17:05:57.459Z</time>
			</trkpt>
			<trkpt lat="39.74369" lon="-1.23214">
				<ele>853.41</ele>
				<time>2026-09-10T17:05:59.391Z</time>
			</trkpt>
			<trkpt lat="39.74262" lon="-1.23203">
				<ele>863.37</ele>
				<time>2026-09-10T17:06:05.756Z</time>
			</trkpt>
			<trkpt lat="39.74219" lon="-1.23196">
				<ele>859.17</ele>
				<time>2026-09-10T17:06:08.327Z</time>
			</trkpt>
			<trkpt lat="39.74182" lon="-1.2318">
				<ele>861.25</ele>
				<time>2026-09-10T17:06:10.639Z</time>
			</trkpt>
			<trkpt lat="39.7415" lon="-1.23156">
				<ele>863.4</ele>
				<time>2026-09-10T17:06:12.830Z</time>
			</trkpt>
			<trkpt lat="39.74039" lon="-1.23038">
				<ele>864.29</ele>
				<time>2026-09-10T17:06:21.333Z</time>
			</trkpt>
			<trkpt lat="39.73869" lon="-1.22892">
				<ele>863.35</ele>
				<time>2026-09-10T17:06:33.417Z</time>
			</trkpt>
			<trkpt lat="39.73841" lon="-1.2288">
				<ele>865.66</ele>
				<time>2026-09-10T17:06:35.166Z</time>
			</trkpt>
			<trkpt lat="39.73438" lon="-1.22818">
				<ele>884.29</ele>
				<time>2026-09-10T17:06:59.241Z</time>
			</trkpt>
			<trkpt lat="39.73413" lon="-1.2282">
				<ele>884.66</ele>
				<time>2026-09-10T17:07:00.727Z</time>
			</trkpt>
			<trkpt lat="39.73383" lon="-1.22829">
				<ele>886.54</ele>
				<time>2026-09-10T17:07:02.554Z</time>
			</trkpt>
			<trkpt lat="39.73329" lon="-1.22845">
				<ele>888.41</ele>
				<time>2026-09-10T17:07:05.840Z</time>
			</trkpt>
			<trkpt lat="39.73319" lon="-1.22851">
				<ele>889.02</ele>
				<time>2026-09-10T17:07:06.494Z</time>
			</trkpt>
			<trkpt lat="39.73307" lon="-1.22862">
				<ele>891.04</ele>
				<time>2026-09-10T17:07:07.365Z</time>
			</trkpt>
			<trkpt lat="39.73263" lon="-1.22911">
				<ele>894.1</ele>
				<time>2026-09-10T17:07:10.802Z</time>
			</trkpt>
			<trkpt lat="39.7318" lon="-1.2299">
				<ele>893.8</ele>
				<time>2026-09-10T17:07:16.906Z</time>
			</trkpt>
			<trkpt lat="39.7316" lon="-1.23001">
				<ele>895.21</ele>
				<time>2026-09-10T17:07:18.195Z</time>
			</trkpt>
			<trkpt lat="39.73146" lon="-1.23006">
				<ele>895.73</ele>
				<time>2026-09-10T17:07:19.056Z</time>
			</trkpt>
			<trkpt lat="39.73092" lon="-1.23012">
				<ele>898.2</ele>
				<time>2026-09-10T17:07:22.272Z</time>
			</trkpt>
			<trkpt lat="39.73042" lon="-1.2302">
				<ele>900.28</ele>
				<time>2026-09-10T17:07:25.262Z</time>
			</trkpt>
			<trkpt lat="39.73036" lon="-1.23022">
				<ele>899.81</ele>
				<time>2026-09-10T17:07:25.630Z</time>
			</trkpt>
			<trkpt lat="39.7302" lon="-1.23032">
				<ele>898.82</ele>
				<time>2026-09-10T17:07:26.684Z</time>
			</trkpt>
			<trkpt lat="39.72962" lon="-1.23093">
				<ele>896.23</ele>
				<time>2026-09-10T17:07:31.115Z</time>
			</trkpt>
			<trkpt lat="39.72907" lon="-1.23155">
				<ele>893.93</ele>
				<time>2026-09-10T17:07:35.444Z</time>
			</trkpt>
			<trkpt lat="39.72883" lon="-1.23186">
				<ele>889</ele>
				<time>2026-09-10T17:07:37.457Z</time>
			</trkpt>
			<trkpt lat="39.72757" lon="-1.23378">
				<ele>876.48</ele>
				<time>2026-09-10T17:07:49.027Z</time>
			</trkpt>
			<trkpt lat="39.72667" lon="-1.23497">
				<ele>870.25</ele>
				<time>2026-09-10T17:07:56.694Z</time>
			</trkpt>
			<trkpt lat="39.72639" lon="-1.23526">
				<ele>868.26</ele>
				<time>2026-09-10T17:07:58.835Z</time>
			</trkpt>
			<trkpt lat="39.72618" lon="-1.23545">
				<ele>867.87</ele>
				<time>2026-09-10T17:08:00.365Z</time>
			</trkpt>
			<trkpt lat="39.72594" lon="-1.2356">
				<ele>867.45</ele>
				<time>2026-09-10T17:08:01.958Z</time>
			</trkpt>
			<trkpt lat="39.72364" lon="-1.23667">
				<ele>861.83</ele>
				<time>2026-09-10T17:08:16.599Z</time>
			</trkpt>
			<trkpt lat="39.72258" lon="-1.23714">
				<ele>853.48</ele>
				<time>2026-09-10T17:08:23.325Z</time>
			</trkpt>
			<trkpt lat="39.72228" lon="-1.23719">
				<ele>853.02</ele>
				<time>2026-09-10T17:08:25.143Z</time>
			</trkpt>
			<trkpt lat="39.72198" lon="-1.23717">
				<ele>851.32</ele>
				<time>2026-09-10T17:08:26.950Z</time>
			</trkpt>
			<trkpt lat="39.72105" lon="-1.23692">
				<ele>849.66</ele>
				<time>2026-09-10T17:08:32.664Z</time>
			</trkpt>
			<trkpt lat="39.7208" lon="-1.23692">
				<ele>848.21</ele>
				<time>2026-09-10T17:08:34.169Z</time>
			</trkpt>
			<trkpt lat="39.71825" lon="-1.23768">
				<ele>844.28</ele>
				<time>2026-09-10T17:08:49.943Z</time>
			</trkpt>
			<trkpt lat="39.71791" lon="-1.23789">
				<ele>844.32</ele>
				<time>2026-09-10T17:08:52.216Z</time>
			</trkpt>
			<trkpt lat="39.71742" lon="-1.23828">
				<ele>842.32</ele>
				<time>2026-09-10T17:08:55.687Z</time>
			</trkpt>
			<trkpt lat="39.7171" lon="-1.23842">
				<ele>841.24</ele>
				<time>2026-09-10T17:08:57.727Z</time>
			</trkpt>
			<trkpt lat="39.71637" lon="-1.23849">
				<ele>839.87</ele>
				<time>2026-09-10T17:09:02.153Z</time>
			</trkpt>
			<trkpt lat="39.71604" lon="-1.2384">
				<ele>840.43</ele>
				<time>2026-09-10T17:09:04.193Z</time>
			</trkpt>
			<trkpt lat="39.71428" lon="-1.23771">
				<ele>836.6</ele>
				<time>2026-09-10T17:09:15.325Z</time>
			</trkpt>
			<trkpt lat="39.70963" lon="-1.23594">
				<ele>834.64</ele>
				<time>2026-09-10T17:09:44.741Z</time>
			</trkpt>
			<trkpt lat="39.70933" lon="-1.23585">
				<ele>834.19</ele>
				<time>2026-09-10T17:09:46.614Z</time>
			</trkpt>
			<trkpt lat="39.70901" lon="-1.23586">
				<ele>832.27</ele>
				<time>2026-09-10T17:09:48.561Z</time>
			</trkpt>
			<trkpt lat="39.70867" lon="-1.23599">
				<ele>831.58</ele>
				<time>2026-09-10T17:09:50.718Z</time>
			</trkpt>
			<trkpt lat="39.70456" lon="-1.23805">
				<ele>841.03</ele>
				<time>2026-09-10T17:10:17.559Z</time>
			</trkpt>
			<trkpt lat="39.70408" lon="-1.23832">
				<ele>838.45</ele>
				<time>2026-09-10T17:10:20.750Z</time>
			</trkpt>
			<trkpt lat="39.7038" lon="-1.23856">
				<ele>836.7</ele>
				<time>2026-09-10T17:10:22.797Z</time>
			</trkpt>
			<trkpt lat="39.70154" lon="-1.24079">
				<ele>831.07</ele>
				<time>2026-09-10T17:10:40.124Z</time>
			</trkpt>
			<trkpt lat="39.70025" lon="-1.2421">
				<ele>829.57</ele>
				<time>2026-09-10T17:10:50.130Z</time>
			</trkpt>
			<trkpt lat="39.69999" lon="-1.2423">
				<ele>830.53</ele>
				<time>2026-09-10T17:10:51.977Z</time>
			</trkpt>
			<trkpt lat="39.69803" lon="-1.2435">
				<ele>828.55</ele>
				<time>2026-09-10T17:11:05.227Z</time>
			</trkpt>
			<trkpt lat="39.69769" lon="-1.24374">
				<ele>829.82</ele>
				<time>2026-09-10T17:11:07.594Z</time>
			</trkpt>
			<trkpt lat="39.69742" lon="-1.24399">
				<ele>829.32</ele>
				<time>2026-09-10T17:11:09.622Z</time>
			</trkpt>
			<trkpt lat="39.69583" lon="-1.24626">
				<ele>830.52</ele>
				<time>2026-09-10T17:11:24.077Z</time>
			</trkpt>
			<trkpt lat="39.69529" lon="-1.24691">
				<ele>830.1</ele>
				<time>2026-09-10T17:11:28.582Z</time>
			</trkpt>
			<trkpt lat="39.69503" lon="-1.24717">
				<ele>829.4</ele>
				<time>2026-09-10T17:11:30.590Z</time>
			</trkpt>
			<trkpt lat="39.69479" lon="-1.24732">
				<ele>829.88</ele>
				<time>2026-09-10T17:11:32.220Z</time>
			</trkpt>
			<trkpt lat="39.69455" lon="-1.24741">
				<ele>830.23</ele>
				<time>2026-09-10T17:11:33.749Z</time>
			</trkpt>
			<trkpt lat="39.69352" lon="-1.24765">
				<ele>836.35</ele>
				<time>2026-09-10T17:11:40.155Z</time>
			</trkpt>
			<trkpt lat="39.69324" lon="-1.24765">
				<ele>834.16</ele>
				<time>2026-09-10T17:11:41.870Z</time>
			</trkpt>
			<trkpt lat="39.69052" lon="-1.24729">
				<ele>827.04</ele>
				<time>2026-09-10T17:11:58.608Z</time>
			</trkpt>
			<trkpt lat="39.6902" lon="-1.24731">
				<ele>825.36</ele>
				<time>2026-09-10T17:12:00.569Z</time>
			</trkpt>
			<trkpt lat="39.6898" lon="-1.24742">
				<ele>823.39</ele>
				<time>2026-09-10T17:12:03.072Z</time>
			</trkpt>
			<trkpt lat="39.68944" lon="-1.24759">
				<ele>825.3</ele>
				<time>2026-09-10T17:12:05.417Z</time>
			</trkpt>
			<trkpt lat="39.68889" lon="-1.24807">
				<ele>824.06</ele>
				<time>2026-09-10T17:12:09.472Z</time>
			</trkpt>
			<trkpt lat="39.68028" lon="-1.25616">
				<ele>817.85</ele>
				<time>2026-09-10T17:13:14.430Z</time>
			</trkpt>
			<trkpt lat="39.679" lon="-1.25738">
				<ele>813.57</ele>
				<time>2026-09-10T17:13:24.113Z</time>
			</trkpt>
			<trkpt lat="39.67857" lon="-1.25773">
				<ele>815.9</ele>
				<time>2026-09-10T17:13:27.207Z</time>
			</trkpt>
			<trkpt lat="39.67828" lon="-1.25792">
				<ele>819.21</ele>
				<time>2026-09-10T17:13:29.187Z</time>
			</trkpt>
			<trkpt lat="39.67349" lon="-1.26012">
				<ele>818.25</ele>
				<time>2026-09-10T17:14:00.105Z</time>
			</trkpt>
			<trkpt lat="39.67314" lon="-1.26019">
				<ele>818.98</ele>
				<time>2026-09-10T17:14:02.256Z</time>
			</trkpt>
			<trkpt lat="39.67038" lon="-1.26015">
				<ele>812.2</ele>
				<time>2026-09-10T17:14:19.004Z</time>
			</trkpt>
			<trkpt lat="39.66958" lon="-1.26012">
				<ele>815.07</ele>
				<time>2026-09-10T17:14:23.854Z</time>
			</trkpt>
			<trkpt lat="39.6692" lon="-1.26014">
				<ele>817.25</ele>
				<time>2026-09-10T17:14:26.157Z</time>
			</trkpt>
			<trkpt lat="39.66889" lon="-1.26019">
				<ele>815.71</ele>
				<time>2026-09-10T17:14:28.048Z</time>
			</trkpt>
			<trkpt lat="39.6666" lon="-1.26092">
				<ele>814.97</ele>
				<time>2026-09-10T17:14:42.308Z</time>
			</trkpt>
			<trkpt lat="39.66326" lon="-1.26202">
				<ele>807.64</ele>
				<time>2026-09-10T17:15:03.087Z</time>
			</trkpt>
			<trkpt lat="39.66298" lon="-1.26218">
				<ele>809.67</ele>
				<time>2026-09-10T17:15:04.928Z</time>
			</trkpt>
			<trkpt lat="39.66261" lon="-1.26245">
				<ele>809.85</ele>
				<time>2026-09-10T17:15:07.482Z</time>
			</trkpt>
			<trkpt lat="39.6612" lon="-1.26369">
				<ele>809.81</ele>
				<time>2026-09-10T17:15:17.714Z</time>
			</trkpt>
			<trkpt lat="39.66091" lon="-1.26389">
				<ele>807.75</ele>
				<time>2026-09-10T17:15:19.685Z</time>
			</trkpt>
			<trkpt lat="39.65825" lon="-1.26551">
				<ele>804.41</ele>
				<time>2026-09-10T17:15:37.286Z</time>
			</trkpt>
			<trkpt lat="39.65722" lon="-1.26617">
				<ele>804.15</ele>
				<time>2026-09-10T17:15:44.150Z</time>
			</trkpt>
			<trkpt lat="39.65588" lon="-1.26699">
				<ele>804.21</ele>
				<time>2026-09-10T17:15:52.987Z</time>
			</trkpt>
			<trkpt lat="39.65382" lon="-1.26773">
				<ele>805.19</ele>
				<time>2026-09-10T17:16:05.707Z</time>
			</trkpt>
			<trkpt lat="39.65302" lon="-1.26801">
				<ele>802.68</ele>
				<time>2026-09-10T17:16:10.627Z</time>
			</trkpt>
			<trkpt lat="39.65282" lon="-1.26806">
				<ele>802.85</ele>
				<time>2026-09-10T17:16:11.836Z</time>
			</trkpt>
			<trkpt lat="39.65258" lon="-1.26809">
				<ele>803.49</ele>
				<time>2026-09-10T17:16:13.266Z</time>
			</trkpt>
			<trkpt lat="39.65121" lon="-1.26812">
				<ele>803.63</ele>
				<time>2026-09-10T17:16:21.385Z</time>
			</trkpt>
			<trkpt lat="39.65022" lon="-1.26814">
				<ele>799.94</ele>
				<time>2026-09-10T17:16:27.242Z</time>
			</trkpt>
			<trkpt lat="39.64981" lon="-1.26813">
				<ele>799.23</ele>
				<time>2026-09-10T17:16:29.664Z</time>
			</trkpt>
			<trkpt lat="39.64648" lon="-1.26755">
				<ele>794.54</ele>
				<time>2026-09-10T17:16:49.455Z</time>
			</trkpt>
			<trkpt lat="39.64588" lon="-1.26749">
				<ele>794.37</ele>
				<time>2026-09-10T17:16:52.989Z</time>
			</trkpt>
			<trkpt lat="39.64554" lon="-1.26749">
				<ele>793.11</ele>
				<time>2026-09-10T17:16:54.983Z</time>
			</trkpt>
			<trkpt lat="39.64485" lon="-1.2676">
				<ele>794.64</ele>
				<time>2026-09-10T17:16:59.058Z</time>
			</trkpt>
			<trkpt lat="39.64302" lon="-1.26797">
				<ele>800.46</ele>
				<time>2026-09-10T17:17:09.889Z</time>
			</trkpt>
			<trkpt lat="39.64236" lon="-1.26805">
				<ele>795.51</ele>
				<time>2026-09-10T17:17:13.756Z</time>
			</trkpt>
			<trkpt lat="39.64221" lon="-1.26805">
				<ele>794.95</ele>
				<time>2026-09-10T17:17:14.631Z</time>
			</trkpt>
			<trkpt lat="39.64189" lon="-1.268">
				<ele>793.78</ele>
				<time>2026-09-10T17:17:16.509Z</time>
			</trkpt>
			<trkpt lat="39.64162" lon="-1.26791">
				<ele>794.24</ele>
				<time>2026-09-10T17:17:18.133Z</time>
			</trkpt>
			<trkpt lat="39.64134" lon="-1.26776">
				<ele>793.39</ele>
				<time>2026-09-10T17:17:19.896Z</time>
			</trkpt>
			<trkpt lat="39.64115" lon="-1.26762">
				<ele>795.36</ele>
				<time>2026-09-10T17:17:21.167Z</time>
			</trkpt>
			<trkpt lat="39.6407" lon="-1.26717">
				<ele>795.25</ele>
				<time>2026-09-10T17:17:24.470Z</time>
			</trkpt>
			<trkpt lat="39.64028" lon="-1.26664">
				<ele>795.06</ele>
				<time>2026-09-10T17:17:27.871Z</time>
			</trkpt>
			<trkpt lat="39.6393" lon="-1.26549">
				<ele>793.42</ele>
				<time>2026-09-10T17:17:35.528Z</time>
			</trkpt>
			<trkpt lat="39.63907" lon="-1.26524">
				<ele>795.03</ele>
				<time>2026-09-10T17:17:37.264Z</time>
			</trkpt>
			<trkpt lat="39.6383" lon="-1.26455">
				<ele>794.69</ele>
				<time>2026-09-10T17:17:42.672Z</time>
			</trkpt>
			<trkpt lat="39.63181" lon="-1.25897">
				<ele>780.69</ele>
				<time>2026-09-10T17:18:27.253Z</time>
			</trkpt>
			<trkpt lat="39.63166" lon="-1.25885">
				<ele>783.04</ele>
				<time>2026-09-10T17:18:28.253Z</time>
			</trkpt>
			<trkpt lat="39.63137" lon="-1.25869">
				<ele>784.79</ele>
				<time>2026-09-10T17:18:30.040Z</time>
			</trkpt>
			<trkpt lat="39.63108" lon="-1.2586">
				<ele>782.3</ele>
				<time>2026-09-10T17:18:31.731Z</time>
			</trkpt>
			<trkpt lat="39.63079" lon="-1.25858">
				<ele>782.81</ele>
				<time>2026-09-10T17:18:33.376Z</time>
			</trkpt>
			<trkpt lat="39.63049" lon="-1.25862">
				<ele>783.21</ele>
				<time>2026-09-10T17:18:35.083Z</time>
			</trkpt>
			<trkpt lat="39.63037" lon="-1.25865">
				<ele>785.4</ele>
				<time>2026-09-10T17:18:35.775Z</time>
			</trkpt>
			<trkpt lat="39.62888" lon="-1.25923">
				<ele>786.96</ele>
				<time>2026-09-10T17:18:44.558Z</time>
			</trkpt>
			<trkpt lat="39.62862" lon="-1.25927">
				<ele>786.86</ele>
				<time>2026-09-10T17:18:46.033Z</time>
			</trkpt>
			<trkpt lat="39.6282" lon="-1.25927">
				<ele>787.75</ele>
				<time>2026-09-10T17:18:48.398Z</time>
			</trkpt>
			<trkpt lat="39.62786" lon="-1.25922">
				<ele>784.41</ele>
				<time>2026-09-10T17:18:50.322Z</time>
			</trkpt>
			<trkpt lat="39.62757" lon="-1.25911">
				<ele>778.15</ele>
				<time>2026-09-10T17:18:52.020Z</time>
			</trkpt>
			<trkpt lat="39.62629" lon="-1.25852">
				<ele>787.98</ele>
				<time>2026-09-10T17:18:59.637Z</time>
			</trkpt>
			<trkpt lat="39.62614" lon="-1.25841">
				<ele>788.12</ele>
				<time>2026-09-10T17:19:00.601Z</time>
			</trkpt>
			<trkpt lat="39.62554" lon="-1.25785">
				<ele>790.96</ele>
				<time>2026-09-10T17:19:04.731Z</time>
			</trkpt>
			<trkpt lat="39.62532" lon="-1.2577">
				<ele>789.91</ele>
				<time>2026-09-10T17:19:06.119Z</time>
			</trkpt>
			<trkpt lat="39.62508" lon="-1.25761">
				<ele>788.69</ele>
				<time>2026-09-10T17:19:07.513Z</time>
			</trkpt>
			<trkpt lat="39.62332" lon="-1.25718">
				<ele>785.91</ele>
				<time>2026-09-10T17:19:17.477Z</time>
			</trkpt>
			<trkpt lat="39.62296" lon="-1.25707">
				<ele>783.53</ele>
				<time>2026-09-10T17:19:19.529Z</time>
			</trkpt>
			<trkpt lat="39.62282" lon="-1.25701">
				<ele>783</ele>
				<time>2026-09-10T17:19:20.346Z</time>
			</trkpt>
			<trkpt lat="39.62238" lon="-1.2567">
				<ele>781.56</ele>
				<time>2026-09-10T17:19:23.119Z</time>
			</trkpt>
			<trkpt lat="39.62079" lon="-1.25546">
				<ele>777.86</ele>
				<time>2026-09-10T17:19:33.360Z</time>
			</trkpt>
			<trkpt lat="39.62054" lon="-1.25532">
				<ele>775.56</ele>
				<time>2026-09-10T17:19:34.858Z</time>
			</trkpt>
			<trkpt lat="39.62021" lon="-1.25519">
				<ele>772.23</ele>
				<time>2026-09-10T17:19:36.755Z</time>
			</trkpt>
			<trkpt lat="39.6195" lon="-1.25495">
				<ele>773.63</ele>
				<time>2026-09-10T17:19:40.783Z</time>
			</trkpt>
			<trkpt lat="39.61873" lon="-1.25473">
				<ele>776.99</ele>
				<time>2026-09-10T17:19:45.103Z</time>
			</trkpt>
			<trkpt lat="39.61861" lon="-1.2549">
				<ele>776.35</ele>
				<time>2026-09-10T17:19:46.075Z</time>
			</trkpt>
			<trkpt lat="39.61728" lon="-1.25622">
				<ele>766.15</ele>
				<time>2026-09-10T17:19:55.209Z</time>
			</trkpt>
			<trkpt lat="39.61706" lon="-1.25642">
				<ele>766.04</ele>
				<time>2026-09-10T17:19:56.671Z</time>
			</trkpt>
			<trkpt lat="39.61671" lon="-1.25668">
				<ele>765.19</ele>
				<time>2026-09-10T17:19:58.862Z</time>
			</trkpt>
			<trkpt lat="39.61452" lon="-1.25788">
				<ele>766.77</ele>
				<time>2026-09-10T17:20:11.694Z</time>
			</trkpt>
			<trkpt lat="39.61423" lon="-1.25817">
				<ele>770.01</ele>
				<time>2026-09-10T17:20:13.642Z</time>
			</trkpt>
			<trkpt lat="39.61397" lon="-1.25854">
				<ele>772.66</ele>
				<time>2026-09-10T17:20:15.685Z</time>
			</trkpt>
			<trkpt lat="39.61382" lon="-1.25894">
				<ele>772.63</ele>
				<time>2026-09-10T17:20:17.492Z</time>
			</trkpt>
			<trkpt lat="39.61372" lon="-1.25942">
				<ele>772.48</ele>
				<time>2026-09-10T17:20:19.503Z</time>
			</trkpt>
			<trkpt lat="39.61369" lon="-1.25977">
				<ele>774.11</ele>
				<time>2026-09-10T17:20:20.923Z</time>
			</trkpt>
			<trkpt lat="39.61373" lon="-1.2614">
				<ele>772.9</ele>
				<time>2026-09-10T17:20:27.441Z</time>
			</trkpt>
			<trkpt lat="39.6137" lon="-1.26164">
				<ele>773.28</ele>
				<time>2026-09-10T17:20:28.406Z</time>
			</trkpt>
			<trkpt lat="39.61362" lon="-1.26189">
				<ele>773.04</ele>
				<time>2026-09-10T17:20:29.478Z</time>
			</trkpt>
			<trkpt lat="39.61348" lon="-1.26217">
				<ele>771.78</ele>
				<time>2026-09-10T17:20:30.797Z</time>
			</trkpt>
			<trkpt lat="39.61181" lon="-1.2648">
				<ele>780.84</ele>
				<time>2026-09-10T17:20:44.108Z</time>
			</trkpt>
			<trkpt lat="39.60931" lon="-1.26725">
				<ele>790.94</ele>
				<time>2026-09-10T17:20:59.714Z</time>
			</trkpt>
			<trkpt lat="39.609" lon="-1.26755">
				<ele>789.59</ele>
				<time>2026-09-10T17:21:01.628Z</time>
			</trkpt>
			<trkpt lat="39.60875" lon="-1.26768">
				<ele>787.5</ele>
				<time>2026-09-10T17:21:02.960Z</time>
			</trkpt>
			<trkpt lat="39.60735" lon="-1.26809">
				<ele>780.41</ele>
				<time>2026-09-10T17:21:10.050Z</time>
			</trkpt>
			<trkpt lat="39.60715" lon="-1.26808">
				<ele>779.27</ele>
				<time>2026-09-10T17:21:11.038Z</time>
			</trkpt>
			<trkpt lat="39.60693" lon="-1.26802">
				<ele>777.11</ele>
				<time>2026-09-10T17:21:12.148Z</time>
			</trkpt>
			<trkpt lat="39.60555" lon="-1.26734">
				<ele>775.59</ele>
				<time>2026-09-10T17:21:19.441Z</time>
			</trkpt>
			<trkpt lat="39.60533" lon="-1.26729">
				<ele>773.7</ele>
				<time>2026-09-10T17:21:20.546Z</time>
			</trkpt>
			<trkpt lat="39.60096" lon="-1.26785">
				<ele>780.63</ele>
				<time>2026-09-10T17:21:42.468Z</time>
			</trkpt>
			<trkpt lat="39.59911" lon="-1.26847">
				<ele>783.7</ele>
				<time>2026-09-10T17:21:52.200Z</time>
			</trkpt>
			<trkpt lat="39.59734" lon="-1.26937">
				<ele>786.18</ele>
				<time>2026-09-10T17:22:02.056Z</time>
			</trkpt>
			<trkpt lat="39.59727" lon="-1.26944">
				<ele>786.15</ele>
				<time>2026-09-10T17:22:02.519Z</time>
			</trkpt>
			<trkpt lat="39.59724" lon="-1.26952">
				<ele>785.84</ele>
				<time>2026-09-10T17:22:02.879Z</time>
			</trkpt>
			<trkpt lat="39.5937" lon="-1.26747">
				<ele>782.58</ele>
				<time>2026-09-10T17:22:23.725Z</time>
			</trkpt>
			<trkpt lat="39.59358" lon="-1.26743">
				<ele>782.08</ele>
				<time>2026-09-10T17:22:24.408Z</time>
			</trkpt>
			<trkpt lat="39.59329" lon="-1.26723">
				<ele>779.74</ele>
				<time>2026-09-10T17:22:26.218Z</time>
			</trkpt>
			<trkpt lat="39.5931" lon="-1.26702">
				<ele>777.33</ele>
				<time>2026-09-10T17:22:27.591Z</time>
			</trkpt>
			<trkpt lat="39.59299" lon="-1.26688">
				<ele>777.04</ele>
				<time>2026-09-10T17:22:28.437Z</time>
			</trkpt>
			<trkpt lat="39.59282" lon="-1.26659">
				<ele>777.41</ele>
				<time>2026-09-10T17:22:29.978Z</time>
			</trkpt>
			<trkpt lat="39.59245" lon="-1.26566">
				<ele>772.36</ele>
				<time>2026-09-10T17:22:34.391Z</time>
			</trkpt>
			<trkpt lat="39.59214" lon="-1.26495">
				<ele>774.61</ele>
				<time>2026-09-10T17:22:37.819Z</time>
			</trkpt>
			<trkpt lat="39.57068" lon="-1.21372">
				<ele>733.87</ele>
				<time>2026-09-10T17:26:59.606Z</time>
			</trkpt>
			<trkpt lat="39.57045" lon="-1.21323">
				<ele>730.51</ele>
				<time>2026-09-10T17:27:02.787Z</time>
			</trkpt>
			<trkpt lat="39.57025" lon="-1.21294">
				<ele>731.46</ele>
				<time>2026-09-10T17:27:04.955Z</time>
			</trkpt>
			<trkpt lat="39.57003" lon="-1.21272">
				<ele>733.08</ele>
				<time>2026-09-10T17:27:06.972Z</time>
			</trkpt>
			<trkpt lat="39.56947" lon="-1.21223">
				<ele>733.15</ele>
				<time>2026-09-10T17:27:11.910Z</time>
			</trkpt>
			<trkpt lat="39.56886" lon="-1.21173">
				<ele>734.72</ele>
				<time>2026-09-10T17:27:17.240Z</time>
			</trkpt>
			<trkpt lat="39.56877" lon="-1.21162">
				<ele>734.59</ele>
				<time>2026-09-10T17:27:18.159Z</time>
			</trkpt>
			<trkpt lat="39.56872" lon="-1.21152">
				<ele>734.4</ele>
				<time>2026-09-10T17:27:18.843Z</time>
			</trkpt>
			<trkpt lat="39.5686" lon="-1.21119">
				<ele>734.67</ele>
				<time>2026-09-10T17:27:20.942Z</time>
			</trkpt>
			<trkpt lat="39.56786" lon="-1.20901">
				<ele>733.85</ele>
				<time>2026-09-10T17:27:34.866Z</time>
			</trkpt>
			<trkpt lat="39.56774" lon="-1.20873">
				<ele>735.02</ele>
				<time>2026-09-10T17:27:36.769Z</time>
			</trkpt>
			<trkpt lat="39.56757" lon="-1.20844">
				<ele>737.52</ele>
				<time>2026-09-10T17:27:38.941Z</time>
			</trkpt>
			<trkpt lat="39.56744" lon="-1.20816">
				<ele>736.66</ele>
				<time>2026-09-10T17:27:40.897Z</time>
			</trkpt>
			<trkpt lat="39.56723" lon="-1.20749">
				<ele>733.88</ele>
				<time>2026-09-10T17:27:45.253Z</time>
			</trkpt>
			<trkpt lat="39.56721" lon="-1.20736">
				<ele>734.51</ele>
				<time>2026-09-10T17:27:46.056Z</time>
			</trkpt>
			<trkpt lat="39.5674" lon="-1.20737">
				<ele>732.47</ele>
				<time>2026-09-10T17:27:47.552Z</time>
			</trkpt>
			<trkpt lat="39.56805" lon="-1.20751">
				<ele>732.01</ele>
				<time>2026-09-10T17:27:52.772Z</time>
			</trkpt>
			<trkpt lat="39.56824" lon="-1.20755">
				<ele>733.05</ele>
				<time>2026-09-10T17:27:54.306Z</time>
			</trkpt>
			<trkpt lat="39.56841" lon="-1.20704">
				<ele>733.91</ele>
				<time>2026-09-10T17:27:57.738Z</time>
			</trkpt>
			<trkpt lat="39.56861" lon="-1.20597">
				<ele>744.98</ele>
				<time>2026-09-10T17:28:04.605Z</time>
			</trkpt>
			<trkpt lat="39.56863" lon="-1.2057">
				<ele>745.09</ele>
				<time>2026-09-10T17:28:06.311Z</time>
			</trkpt>
			<trkpt lat="39.56863" lon="-1.20544">
				<ele>745.43</ele>
				<time>2026-09-10T17:28:07.951Z</time>
			</trkpt>
			<trkpt lat="39.56859" lon="-1.20528">
				<ele>745.95</ele>
				<time>2026-09-10T17:28:09.015Z</time>
			</trkpt>
			<trkpt lat="39.56845" lon="-1.20491">
				<ele>746</ele>
				<time>2026-09-10T17:28:11.632Z</time>
			</trkpt>
			<trkpt lat="39.56813" lon="-1.20441">
				<ele>744.71</ele>
				<time>2026-09-10T17:28:15.783Z</time>
			</trkpt>
			<trkpt lat="39.56812" lon="-1.20438">
				<ele>744.5</ele>
				<time>2026-09-10T17:28:15.993Z</time>
			</trkpt>
			<trkpt lat="39.56785" lon="-1.20457">
				<ele>743.85</ele>
				<time>2026-09-10T17:28:18.556Z</time>
			</trkpt>
			<trkpt lat="39.56803" lon="-1.20498">
				<ele>744.04</ele>
				<time>2026-09-10T17:28:21.800Z</time>
			</trkpt>
			<trkpt lat="39.56785" lon="-1.20457">
				<ele>743.85</ele>
				<time>2026-09-10T17:28:25.779Z</time>
			</trkpt>
			<trkpt lat="39.56812" lon="-1.20438">
				<ele>744.5</ele>
				<time>2026-09-10T17:28:30.290Z</time>
			</trkpt>
			<trkpt lat="39.56813" lon="-1.20441">
				<ele>744.71</ele>
				<time>2026-09-10T17:28:30.758Z</time>
			</trkpt>
			<trkpt lat="39.56845" lon="-1.20491">
				<ele>746</ele>
				<time>2026-09-10T17:28:43.067Z</time>
			</trkpt>
			<trkpt lat="39.56859" lon="-1.20528">
				<ele>745.95</ele>
				<time>2026-09-10T17:28:53.110Z</time>
			</trkpt>
			<trkpt lat="39.56863" lon="-1.20544">
				<ele>745.43</ele>
				<time>2026-09-10T17:28:57.524Z</time>
			</trkpt>
			<trkpt lat="39.56863" lon="-1.2057">
				<ele>745.09</ele>
				<time>2026-09-10T17:29:04.562Z</time>
			</trkpt>
			<trkpt lat="39.56861" lon="-1.20597">
				<ele>744.98</ele>
				<time>2026-09-10T17:29:12.031Z</time>
			</trkpt>
			<trkpt lat="39.56841" lon="-1.20704">
				<ele>733.91</ele>
				<time>2026-09-10T17:29:39.896Z</time>
			</trkpt>
			<trkpt lat="39.56824" lon="-1.20755">
				<ele>733.05</ele>
				<time>2026-09-10T17:29:49.704Z</time>
			</trkpt>
			<trkpt lat="39.56805" lon="-1.20751">
				<ele>732.01</ele>
				<time>2026-09-10T17:29:53.122Z</time>
			</trkpt>
			<trkpt lat="39.5674" lon="-1.20737">
				<ele>732.47</ele>
				<time>2026-09-10T17:30:05.253Z</time>
			</trkpt>
			<trkpt lat="39.56714" lon="-1.20736">
				<ele>734.4</ele>
				<time>2026-09-10T17:30:10.042Z</time>
			</trkpt>
			<trkpt lat="39.56701" lon="-1.20738">
				<ele>734.03</ele>
				<time>2026-09-10T17:30:12.454Z</time>
			</trkpt>
			<trkpt lat="39.56682" lon="-1.20746">
				<ele>733.27</ele>
				<time>2026-09-10T17:30:16.219Z</time>
			</trkpt>
			<trkpt lat="39.56666" lon="-1.20758">
				<ele>732.92</ele>
				<time>2026-09-10T17:30:19.796Z</time>
			</trkpt>
			<trkpt lat="39.56652" lon="-1.20776">
				<ele>731.49</ele>
				<time>2026-09-10T17:30:23.681Z</time>
			</trkpt>
			<trkpt lat="39.56614" lon="-1.20838">
				<ele>730.73</ele>
				<time>2026-09-10T17:30:35.849Z</time>
			</trkpt>
			<trkpt lat="39.56562" lon="-1.20912">
				<ele>732.82</ele>
				<time>2026-09-10T17:30:50.395Z</time>
			</trkpt>
			<trkpt lat="39.56552" lon="-1.20929">
				<ele>731.35</ele>
				<time>2026-09-10T17:30:53.221Z</time>
			</trkpt>
			<trkpt lat="39.56534" lon="-1.20953">
				<ele>727.53</ele>
				<time>2026-09-10T17:30:57.361Z</time>
			</trkpt>
			<trkpt lat="39.56473" lon="-1.21048">
				<ele>728</ele>
				<time>2026-09-10T17:31:10.230Z</time>
			</trkpt>
			<trkpt lat="39.5644" lon="-1.21098">
				<ele>730.08</ele>
				<time>2026-09-10T17:31:16.484Z</time>
			</trkpt>
			<trkpt lat="39.56376" lon="-1.21199">
				<ele>733.92</ele>
				<time>2026-09-10T17:31:27.966Z</time>
			</trkpt>
			<trkpt lat="39.56371" lon="-1.21204">
				<ele>734.26</ele>
				<time>2026-09-10T17:31:28.646Z</time>
			</trkpt>
			<trkpt lat="39.56369" lon="-1.21209">
				<ele>734.37</ele>
				<time>2026-09-10T17:31:29.112Z</time>
			</trkpt>
			<trkpt lat="39.56363" lon="-1.21216">
				<ele>734.8</ele>
				<time>2026-09-10T17:31:29.972Z</time>
			</trkpt>
			<trkpt lat="39.56359" lon="-1.21217">
				<ele>735.07</ele>
				<time>2026-09-10T17:31:30.404Z</time>
			</trkpt>
			<trkpt lat="39.56342" lon="-1.2124">
				<ele>736.52</ele>
				<time>2026-09-10T17:31:32.969Z</time>
			</trkpt>
			<trkpt lat="39.56337" lon="-1.2125">
				<ele>737.33</ele>
				<time>2026-09-10T17:31:33.913Z</time>
			</trkpt>
			<trkpt lat="39.56329" lon="-1.21279">
				<ele>738.12</ele>
				<time>2026-09-10T17:31:36.315Z</time>
			</trkpt>
			<trkpt lat="39.56327" lon="-1.21367">
				<ele>738.17</ele>
				<time>2026-09-10T17:31:42.895Z</time>
			</trkpt>
			<trkpt lat="39.56323" lon="-1.21439">
				<ele>739.8</ele>
				<time>2026-09-10T17:31:48.005Z</time>
			</trkpt>
			<trkpt lat="39.56316" lon="-1.21494">
				<ele>742.41</ele>
				<time>2026-09-10T17:31:51.797Z</time>
			</trkpt>
			<trkpt lat="39.56261" lon="-1.22596">
				<ele>745.74</ele>
				<time>2026-09-10T17:32:53.274Z</time>
			</trkpt>
			<trkpt lat="39.56228" lon="-1.23283">
				<ele>758.55</ele>
				<time>2026-09-10T17:33:24.133Z</time>
			</trkpt>
			<trkpt lat="39.56218" lon="-1.23436">
				<ele>760.46</ele>
				<time>2026-09-10T17:33:30.563Z</time>
			</trkpt>
			<trkpt lat="39.56181" lon="-1.24119">
				<ele>762.86</ele>
				<time>2026-09-10T17:33:58.318Z</time>
			</trkpt>
			<trkpt lat="39.56164" lon="-1.24171">
				<ele>762</ele>
				<time>2026-09-10T17:34:00.588Z</time>
			</trkpt>
			<trkpt lat="39.56155" lon="-1.24211">
				<ele>762.46</ele>
				<time>2026-09-10T17:34:02.265Z</time>
			</trkpt>
			<trkpt lat="39.56149" lon="-1.24319">
				<ele>766.26</ele>
				<time>2026-09-10T17:34:06.634Z</time>
			</trkpt>
			<trkpt lat="39.56144" lon="-1.24356">
				<ele>765.68</ele>
				<time>2026-09-10T17:34:08.156Z</time>
			</trkpt>
			<trkpt lat="39.56135" lon="-1.24527">
				<ele>763.28</ele>
				<time>2026-09-10T17:34:15.148Z</time>
			</trkpt>
			<trkpt lat="39.56115" lon="-1.24747">
				<ele>765</ele>
				<time>2026-09-10T17:34:24.287Z</time>
			</trkpt>
			<trkpt lat="39.56105" lon="-1.24828">
				<ele>762.44</ele>
				<time>2026-09-10T17:34:27.647Z</time>
			</trkpt>
			<trkpt lat="39.56085" lon="-1.24938">
				<ele>765.57</ele>
				<time>2026-09-10T17:34:32.246Z</time>
			</trkpt>
			<trkpt lat="39.56068" lon="-1.25015">
				<ele>768.02</ele>
				<time>2026-09-10T17:34:35.483Z</time>
			</trkpt>
			<trkpt lat="39.56051" lon="-1.25083">
				<ele>766.83</ele>
				<time>2026-09-10T17:34:38.358Z</time>
			</trkpt>
			<trkpt lat="39.5603" lon="-1.2516">
				<ele>767.06</ele>
				<time>2026-09-10T17:34:41.626Z</time>
			</trkpt>
			<trkpt lat="39.56005" lon="-1.25237">
				<ele>771.69</ele>
				<time>2026-09-10T17:34:44.950Z</time>
			</trkpt>
			<trkpt lat="39.55949" lon="-1.25386">
				<ele>770.06</ele>
				<time>2026-09-10T17:34:51.492Z</time>
			</trkpt>
			<trkpt lat="39.5583" lon="-1.25667">
				<ele>768.99</ele>
				<time>2026-09-10T17:35:03.944Z</time>
			</trkpt>
			<trkpt lat="39.55775" lon="-1.25804">
				<ele>770.02</ele>
				<time>2026-09-10T17:35:09.852Z</time>
			</trkpt>
			<trkpt lat="39.55734" lon="-1.25918">
				<ele>770.94</ele>
				<time>2026-09-10T17:35:14.621Z</time>
			</trkpt>
			<trkpt lat="39.55696" lon="-1.26034">
				<ele>770.3</ele>
				<time>2026-09-10T17:35:19.362Z</time>
			</trkpt>
			<trkpt lat="39.55651" lon="-1.26181">
				<ele>769.04</ele>
				<time>2026-09-10T17:35:25.259Z</time>
			</trkpt>
			<trkpt lat="39.55423" lon="-1.26969">
				<ele>785.65</ele>
				<time>2026-09-10T17:35:55.715Z</time>
			</trkpt>
			<trkpt lat="39.55376" lon="-1.2714">
				<ele>787.96</ele>
				<time>2026-09-10T17:36:02.092Z</time>
			</trkpt>
			<trkpt lat="39.55363" lon="-1.27179">
				<ele>786.96</ele>
				<time>2026-09-10T17:36:03.576Z</time>
			</trkpt>
			<trkpt lat="39.55307" lon="-1.27372">
				<ele>791.63</ele>
				<time>2026-09-10T17:36:10.727Z</time>
			</trkpt>
			<trkpt lat="39.55303" lon="-1.27389">
				<ele>790.96</ele>
				<time>2026-09-10T17:36:11.340Z</time>
			</trkpt>
			<trkpt lat="39.55171" lon="-1.27842">
				<ele>801.17</ele>
				<time>2026-09-10T17:36:27.817Z</time>
			</trkpt>
			<trkpt lat="39.55152" lon="-1.27922">
				<ele>801.13</ele>
				<time>2026-09-10T17:36:30.624Z</time>
			</trkpt>
			<trkpt lat="39.5514" lon="-1.27985">
				<ele>801.12</ele>
				<time>2026-09-10T17:36:32.792Z</time>
			</trkpt>
			<trkpt lat="39.55129" lon="-1.28064">
				<ele>799.35</ele>
				<time>2026-09-10T17:36:35.465Z</time>
			</trkpt>
			<trkpt lat="39.55122" lon="-1.28138">
				<ele>801.21</ele>
				<time>2026-09-10T17:36:37.939Z</time>
			</trkpt>
			<trkpt lat="39.55111" lon="-1.28436">
				<ele>796.68</ele>
				<time>2026-09-10T17:36:47.751Z</time>
			</trkpt>
			<trkpt lat="39.55106" lon="-1.28527">
				<ele>797.77</ele>
				<time>2026-09-10T17:36:50.725Z</time>
			</trkpt>
			<trkpt lat="39.5508" lon="-1.2879">
				<ele>798.55</ele>
				<time>2026-09-10T17:36:59.302Z</time>
			</trkpt>
			<trkpt lat="39.55064" lon="-1.28909">
				<ele>795.15</ele>
				<time>2026-09-10T17:37:03.178Z</time>
			</trkpt>
			<trkpt lat="39.55017" lon="-1.29204">
				<ele>797.5</ele>
				<time>2026-09-10T17:37:12.761Z</time>
			</trkpt>
			<trkpt lat="39.54998" lon="-1.29301">
				<ele>794.21</ele>
				<time>2026-09-10T17:37:15.921Z</time>
			</trkpt>
			<trkpt lat="39.54979" lon="-1.29379">
				<ele>793.57</ele>
				<time>2026-09-10T17:37:18.495Z</time>
			</trkpt>
			<trkpt lat="39.54956" lon="-1.29458">
				<ele>791.36</ele>
				<time>2026-09-10T17:37:21.144Z</time>
			</trkpt>
			<trkpt lat="39.54929" lon="-1.29538">
				<ele>792.15</ele>
				<time>2026-09-10T17:37:23.875Z</time>
			</trkpt>
			<trkpt lat="39.54893" lon="-1.29627">
				<ele>790.2</ele>
				<time>2026-09-10T17:37:27.009Z</time>
			</trkpt>
			<trkpt lat="39.54853" lon="-1.29712">
				<ele>792.78</ele>
				<time>2026-09-10T17:37:30.103Z</time>
			</trkpt>
			<trkpt lat="39.54815" lon="-1.29784">
				<ele>791.68</ele>
				<time>2026-09-10T17:37:32.806Z</time>
			</trkpt>
			<trkpt lat="39.54743" lon="-1.29898">
				<ele>792.97</ele>
				<time>2026-09-10T17:37:37.354Z</time>
			</trkpt>
			<trkpt lat="39.54708" lon="-1.29952">
				<ele>797.5</ele>
				<time>2026-09-10T17:37:39.524Z</time>
			</trkpt>
			<trkpt lat="39.54659" lon="-1.30013">
				<ele>798.64</ele>
				<time>2026-09-10T17:37:42.227Z</time>
			</trkpt>
			<trkpt lat="39.54494" lon="-1.30205">
				<ele>804.89</ele>
				<time>2026-09-10T17:37:51.005Z</time>
			</trkpt>
			<trkpt lat="39.54434" lon="-1.30281">
				<ele>811.55</ele>
				<time>2026-09-10T17:37:54.309Z</time>
			</trkpt>
			<trkpt lat="39.54391" lon="-1.30343">
				<ele>811.55</ele>
				<time>2026-09-10T17:37:56.836Z</time>
			</trkpt>
			<trkpt lat="39.54349" lon="-1.30408">
				<ele>807.53</ele>
				<time>2026-09-10T17:37:59.401Z</time>
			</trkpt>
			<trkpt lat="39.5431" lon="-1.30478">
				<ele>808.33</ele>
				<time>2026-09-10T17:38:02.008Z</time>
			</trkpt>
			<trkpt lat="39.54224" lon="-1.30662">
				<ele>815.74</ele>
				<time>2026-09-10T17:38:08.482Z</time>
			</trkpt>
			<trkpt lat="39.54194" lon="-1.30734">
				<ele>817.98</ele>
				<time>2026-09-10T17:38:10.938Z</time>
			</trkpt>
			<trkpt lat="39.54164" lon="-1.30824">
				<ele>816.89</ele>
				<time>2026-09-10T17:38:13.875Z</time>
			</trkpt>
			<trkpt lat="39.54139" lon="-1.30909">
				<ele>814.59</ele>
				<time>2026-09-10T17:38:16.595Z</time>
			</trkpt>
			<trkpt lat="39.54118" lon="-1.30995">
				<ele>811.68</ele>
				<time>2026-09-10T17:38:19.289Z</time>
			</trkpt>
			<trkpt lat="39.54102" lon="-1.31079">
				<ele>811.34</ele>
				<time>2026-09-10T17:38:21.870Z</time>
			</trkpt>
			<trkpt lat="39.5409" lon="-1.31146">
				<ele>811.32</ele>
				<time>2026-09-10T17:38:23.919Z</time>
			</trkpt>
			<trkpt lat="39.54081" lon="-1.31215">
				<ele>810.75</ele>
				<time>2026-09-10T17:38:26.002Z</time>
			</trkpt>
			<trkpt lat="39.54072" lon="-1.31316">
				<ele>812.45</ele>
				<time>2026-09-10T17:38:29.024Z</time>
			</trkpt>
			<trkpt lat="39.54067" lon="-1.31413">
				<ele>808.73</ele>
				<time>2026-09-10T17:38:31.911Z</time>
			</trkpt>
			<trkpt lat="39.54068" lon="-1.31454">
				<ele>809.09</ele>
				<time>2026-09-10T17:38:33.129Z</time>
			</trkpt>
			<trkpt lat="39.54069" lon="-1.31525">
				<ele>811.45</ele>
				<time>2026-09-10T17:38:35.235Z</time>
			</trkpt>
			<trkpt lat="39.54077" lon="-1.31697">
				<ele>815.29</ele>
				<time>2026-09-10T17:38:40.340Z</time>
			</trkpt>
			<trkpt lat="39.54085" lon="-1.31763">
				<ele>814.11</ele>
				<time>2026-09-10T17:38:42.318Z</time>
			</trkpt>
			<trkpt lat="39.541" lon="-1.31861">
				<ele>813</ele>
				<time>2026-09-10T17:38:45.274Z</time>
			</trkpt>
			<trkpt lat="39.54118" lon="-1.31952">
				<ele>813.73</ele>
				<time>2026-09-10T17:38:48.052Z</time>
			</trkpt>
			<trkpt lat="39.54192" lon="-1.3227">
				<ele>817.32</ele>
				<time>2026-09-10T17:38:57.867Z</time>
			</trkpt>
			<trkpt lat="39.54211" lon="-1.32366">
				<ele>820.65</ele>
				<time>2026-09-10T17:39:00.795Z</time>
			</trkpt>
			<trkpt lat="39.54227" lon="-1.32452">
				<ele>822.89</ele>
				<time>2026-09-10T17:39:03.409Z</time>
			</trkpt>
			<trkpt lat="39.5424" lon="-1.32545">
				<ele>819.41</ele>
				<time>2026-09-10T17:39:06.202Z</time>
			</trkpt>
			<trkpt lat="39.54253" lon="-1.32666">
				<ele>819.76</ele>
				<time>2026-09-10T17:39:09.813Z</time>
			</trkpt>
			<trkpt lat="39.54261" lon="-1.32767">
				<ele>820.14</ele>
				<time>2026-09-10T17:39:12.816Z</time>
			</trkpt>
			<trkpt lat="39.54266" lon="-1.32862">
				<ele>821.25</ele>
				<time>2026-09-10T17:39:15.634Z</time>
			</trkpt>
			<trkpt lat="39.54268" lon="-1.32946">
				<ele>826.34</ele>
				<time>2026-09-10T17:39:18.122Z</time>
			</trkpt>
			<trkpt lat="39.54267" lon="-1.33071">
				<ele>825.08</ele>
				<time>2026-09-10T17:39:21.827Z</time>
			</trkpt>
			<trkpt lat="39.54262" lon="-1.33182">
				<ele>823.96</ele>
				<time>2026-09-10T17:39:25.125Z</time>
			</trkpt>
			<trkpt lat="39.54252" lon="-1.33295">
				<ele>825.28</ele>
				<time>2026-09-10T17:39:28.503Z</time>
			</trkpt>
			<trkpt lat="39.5424" lon="-1.33406">
				<ele>825.58</ele>
				<time>2026-09-10T17:39:31.836Z</time>
			</trkpt>
			<trkpt lat="39.54225" lon="-1.33506">
				<ele>824.48</ele>
				<time>2026-09-10T17:39:34.870Z</time>
			</trkpt>
			<trkpt lat="39.54207" lon="-1.33604">
				<ele>823.78</ele>
				<time>2026-09-10T17:39:37.875Z</time>
			</trkpt>
			<trkpt lat="39.54183" lon="-1.33717">
				<ele>822.86</ele>
				<time>2026-09-10T17:39:41.376Z</time>
			</trkpt>
			<trkpt lat="39.54158" lon="-1.33815">
				<ele>820.71</ele>
				<time>2026-09-10T17:39:44.465Z</time>
			</trkpt>
			<trkpt lat="39.5413" lon="-1.33913">
				<ele>825.66</ele>
				<time>2026-09-10T17:39:47.598Z</time>
			</trkpt>
			<trkpt lat="39.541" lon="-1.34009">
				<ele>828.39</ele>
				<time>2026-09-10T17:39:50.710Z</time>
			</trkpt>
			<trkpt lat="39.54067" lon="-1.34101">
				<ele>833.23</ele>
				<time>2026-09-10T17:39:53.765Z</time>
			</trkpt>
			<trkpt lat="39.54031" lon="-1.34192">
				<ele>830.74</ele>
				<time>2026-09-10T17:39:56.850Z</time>
			</trkpt>
			<trkpt lat="39.53989" lon="-1.34287">
				<ele>828.25</ele>
				<time>2026-09-10T17:40:00.161Z</time>
			</trkpt>
			<trkpt lat="39.53939" lon="-1.34391">
				<ele>829.17</ele>
				<time>2026-09-10T17:40:03.877Z</time>
			</trkpt>
			<trkpt lat="39.53764" lon="-1.34718">
				<ele>827.6</ele>
				<time>2026-09-10T17:40:16.027Z</time>
			</trkpt>
			<trkpt lat="39.53733" lon="-1.34778">
				<ele>822.78</ele>
				<time>2026-09-10T17:40:18.246Z</time>
			</trkpt>
			<trkpt lat="39.53692" lon="-1.34866">
				<ele>824.21</ele>
				<time>2026-09-10T17:40:21.414Z</time>
			</trkpt>
			<trkpt lat="39.53654" lon="-1.34956">
				<ele>824.21</ele>
				<time>2026-09-10T17:40:24.585Z</time>
			</trkpt>
			<trkpt lat="39.53615" lon="-1.35058">
				<ele>822.27</ele>
				<time>2026-09-10T17:40:28.115Z</time>
			</trkpt>
			<trkpt lat="39.53587" lon="-1.35144">
				<ele>817.08</ele>
				<time>2026-09-10T17:40:31.020Z</time>
			</trkpt>
			<trkpt lat="39.53557" lon="-1.35243">
				<ele>818.3</ele>
				<time>2026-09-10T17:40:34.341Z</time>
			</trkpt>
			<trkpt lat="39.53532" lon="-1.35342">
				<ele>809.93</ele>
				<time>2026-09-10T17:40:37.605Z</time>
			</trkpt>
			<trkpt lat="39.53519" lon="-1.354">
				<ele>809.52</ele>
				<time>2026-09-10T17:40:39.504Z</time>
			</trkpt>
			<trkpt lat="39.53493" lon="-1.35533">
				<ele>813.08</ele>
				<time>2026-09-10T17:40:43.831Z</time>
			</trkpt>
			<trkpt lat="39.53483" lon="-1.35615">
				<ele>812.95</ele>
				<time>2026-09-10T17:40:46.461Z</time>
			</trkpt>
			<trkpt lat="39.53466" lon="-1.35769">
				<ele>809.32</ele>
				<time>2026-09-10T17:40:51.411Z</time>
			</trkpt>
			<trkpt lat="39.53456" lon="-1.35902">
				<ele>805.57</ele>
				<time>2026-09-10T17:40:55.688Z</time>
			</trkpt>
			<trkpt lat="39.53453" lon="-1.35992">
				<ele>808.1</ele>
				<time>2026-09-10T17:40:58.584Z</time>
			</trkpt>
			<trkpt lat="39.53454" lon="-1.36085">
				<ele>805.34</ele>
				<time>2026-09-10T17:41:01.586Z</time>
			</trkpt>
			<trkpt lat="39.53459" lon="-1.3621">
				<ele>802.86</ele>
				<time>2026-09-10T17:41:05.645Z</time>
			</trkpt>
			<trkpt lat="39.5348" lon="-1.36506">
				<ele>806.92</ele>
				<time>2026-09-10T17:41:15.375Z</time>
			</trkpt>
			<trkpt lat="39.53485" lon="-1.36554">
				<ele>806.99</ele>
				<time>2026-09-10T17:41:16.973Z</time>
			</trkpt>
			<trkpt lat="39.53493" lon="-1.36678">
				<ele>804.56</ele>
				<time>2026-09-10T17:41:21.094Z</time>
			</trkpt>
			<trkpt lat="39.53495" lon="-1.36765">
				<ele>805.69</ele>
				<time>2026-09-10T17:41:23.992Z</time>
			</trkpt>
			<trkpt lat="39.53496" lon="-1.36914">
				<ele>809.77</ele>
				<time>2026-09-10T17:41:28.981Z</time>
			</trkpt>
			<trkpt lat="39.53494" lon="-1.37027">
				<ele>814.35</ele>
				<time>2026-09-10T17:41:32.791Z</time>
			</trkpt>
			<trkpt lat="39.5349" lon="-1.37116">
				<ele>814.78</ele>
				<time>2026-09-10T17:41:35.811Z</time>
			</trkpt>
			<trkpt lat="39.53483" lon="-1.37244">
				<ele>818.9</ele>
				<time>2026-09-10T17:41:40.182Z</time>
			</trkpt>
			<trkpt lat="39.53471" lon="-1.37366">
				<ele>817.99</ele>
				<time>2026-09-10T17:41:44.399Z</time>
			</trkpt>
			<trkpt lat="39.53459" lon="-1.3748">
				<ele>816.71</ele>
				<time>2026-09-10T17:41:48.369Z</time>
			</trkpt>
			<trkpt lat="39.53442" lon="-1.37593">
				<ele>821.67</ele>
				<time>2026-09-10T17:41:52.366Z</time>
			</trkpt>
			<trkpt lat="39.53413" lon="-1.37756">
				<ele>824.38</ele>
				<time>2026-09-10T17:41:58.219Z</time>
			</trkpt>
			<trkpt lat="39.5339" lon="-1.37868">
				<ele>827.03</ele>
				<time>2026-09-10T17:42:02.306Z</time>
			</trkpt>
			<trkpt lat="39.53364" lon="-1.3798">
				<ele>827.26</ele>
				<time>2026-09-10T17:42:06.458Z</time>
			</trkpt>
			<trkpt lat="39.5327" lon="-1.3835">
				<ele>823.15</ele>
				<time>2026-09-10T17:42:20.491Z</time>
			</trkpt>
			<trkpt lat="39.5324" lon="-1.38481">
				<ele>820.92</ele>
				<time>2026-09-10T17:42:25.490Z</time>
			</trkpt>
			<trkpt lat="39.53203" lon="-1.38663">
				<ele>827.64</ele>
				<time>2026-09-10T17:42:32.444Z</time>
			</trkpt>
			<trkpt lat="39.53129" lon="-1.39084">
				<ele>831.33</ele>
				<time>2026-09-10T17:42:48.708Z</time>
			</trkpt>
			<trkpt lat="39.53105" lon="-1.39204">
				<ele>826.65</ele>
				<time>2026-09-10T17:42:53.460Z</time>
			</trkpt>
			<trkpt lat="39.53083" lon="-1.393">
				<ele>825.58</ele>
				<time>2026-09-10T17:42:57.326Z</time>
			</trkpt>
			<trkpt lat="39.53056" lon="-1.39407">
				<ele>828.9</ele>
				<time>2026-09-10T17:43:01.703Z</time>
			</trkpt>
			<trkpt lat="39.53033" lon="-1.39489">
				<ele>832.6</ele>
				<time>2026-09-10T17:43:05.117Z</time>
			</trkpt>
			<trkpt lat="39.52999" lon="-1.39603">
				<ele>830.72</ele>
				<time>2026-09-10T17:43:09.933Z</time>
			</trkpt>
			<trkpt lat="39.52966" lon="-1.39702">
				<ele>834.04</ele>
				<time>2026-09-10T17:43:14.215Z</time>
			</trkpt>
			<trkpt lat="39.52889" lon="-1.39923">
				<ele>842.97</ele>
				<time>2026-09-10T17:43:23.956Z</time>
			</trkpt>
			<trkpt lat="39.52848" lon="-1.40024">
				<ele>844.7</ele>
				<time>2026-09-10T17:43:28.596Z</time>
			</trkpt>
			<trkpt lat="39.5279" lon="-1.40177">
				<ele>849.47</ele>
				<time>2026-09-10T17:43:35.594Z</time>
			</trkpt>
			<trkpt lat="39.52736" lon="-1.40335">
				<ele>851.97</ele>
				<time>2026-09-10T17:43:42.773Z</time>
			</trkpt>
			<trkpt lat="39.52705" lon="-1.40434">
				<ele>853.6</ele>
				<time>2026-09-10T17:43:47.255Z</time>
			</trkpt>
			<trkpt lat="39.52677" lon="-1.4053">
				<ele>848.71</ele>
				<time>2026-09-10T17:43:51.591Z</time>
			</trkpt>
			<trkpt lat="39.52646" lon="-1.40652">
				<ele>847.73</ele>
				<time>2026-09-10T17:43:57.062Z</time>
			</trkpt>
			<trkpt lat="39.52617" lon="-1.4078">
				<ele>851.54</ele>
				<time>2026-09-10T17:44:02.797Z</time>
			</trkpt>
			<trkpt lat="39.526" lon="-1.40865">
				<ele>851.26</ele>
				<time>2026-09-10T17:44:06.601Z</time>
			</trkpt>
			<trkpt lat="39.52587" lon="-1.4095">
				<ele>851.02</ele>
				<time>2026-09-10T17:44:10.379Z</time>
			</trkpt>
			<trkpt lat="39.52576" lon="-1.41042">
				<ele>851.88</ele>
				<time>2026-09-10T17:44:14.464Z</time>
			</trkpt>
			<trkpt lat="39.5257" lon="-1.41124">
				<ele>855.42</ele>
				<time>2026-09-10T17:44:18.101Z</time>
			</trkpt>
			<trkpt lat="39.52566" lon="-1.41199">
				<ele>855.96</ele>
				<time>2026-09-10T17:44:21.439Z</time>
			</trkpt>
			<trkpt lat="39.52566" lon="-1.41277">
				<ele>856.95</ele>
				<time>2026-09-10T17:44:24.921Z</time>
			</trkpt>
			<trkpt lat="39.52569" lon="-1.41377">
				<ele>858.49</ele>
				<time>2026-09-10T17:44:29.418Z</time>
			</trkpt>
			<trkpt lat="39.52583" lon="-1.41534">
				<ele>859.8</ele>
				<time>2026-09-10T17:44:36.587Z</time>
			</trkpt>
			<trkpt lat="39.52594" lon="-1.41613">
				<ele>859.46</ele>
				<time>2026-09-10T17:44:40.259Z</time>
			</trkpt>
			<trkpt lat="39.52606" lon="-1.4168">
				<ele>860.09</ele>
				<time>2026-09-10T17:44:43.423Z</time>
			</trkpt>
			<trkpt lat="39.52622" lon="-1.41753">
				<ele>858</ele>
				<time>2026-09-10T17:44:46.933Z</time>
			</trkpt>
			<trkpt lat="39.52642" lon="-1.41834">
				<ele>860.11</ele>
				<time>2026-09-10T17:44:50.889Z</time>
			</trkpt>
			<trkpt lat="39.52662" lon="-1.41903">
				<ele>860.07</ele>
				<time>2026-09-10T17:44:54.338Z</time>
			</trkpt>
			<trkpt lat="39.52753" lon="-1.4218">
				<ele>864.3</ele>
				<time>2026-09-10T17:45:08.621Z</time>
			</trkpt>
			<trkpt lat="39.52776" lon="-1.42261">
				<ele>864.69</ele>
				<time>2026-09-10T17:45:12.775Z</time>
			</trkpt>
			<trkpt lat="39.52801" lon="-1.42364">
				<ele>863.28</ele>
				<time>2026-09-10T17:45:18.008Z</time>
			</trkpt>
			<trkpt lat="39.52823" lon="-1.4248">
				<ele>867.26</ele>
				<time>2026-09-10T17:45:23.848Z</time>
			</trkpt>
			<trkpt lat="39.52835" lon="-1.42575">
				<ele>868.09</ele>
				<time>2026-09-10T17:45:28.591Z</time>
			</trkpt>
			<trkpt lat="39.52843" lon="-1.42654">
				<ele>867.83</ele>
				<time>2026-09-10T17:45:32.543Z</time>
			</trkpt>
			<trkpt lat="39.52848" lon="-1.42737">
				<ele>865.22</ele>
				<time>2026-09-10T17:45:36.698Z</time>
			</trkpt>
			<trkpt lat="39.52849" lon="-1.42899">
				<ele>864.95</ele>
				<time>2026-09-10T17:45:44.857Z</time>
			</trkpt>
			<trkpt lat="39.52847" lon="-1.42968">
				<ele>863.3</ele>
				<time>2026-09-10T17:45:48.365Z</time>
			</trkpt>
			<trkpt lat="39.52841" lon="-1.43043">
				<ele>863.56</ele>
				<time>2026-09-10T17:45:52.217Z</time>
			</trkpt>
			<trkpt lat="39.52841" lon="-1.43078">
				<ele>863.62</ele>
				<time>2026-09-10T17:45:54.012Z</time>
			</trkpt>
			<trkpt lat="39.5283" lon="-1.43196">
				<ele>864.12</ele>
				<time>2026-09-10T17:46:00.144Z</time>
			</trkpt>
			<trkpt lat="39.52828" lon="-1.43261">
				<ele>864.24</ele>
				<time>2026-09-10T17:46:03.523Z</time>
			</trkpt>
			<trkpt lat="39.52827" lon="-1.43414">
				<ele>857.81</ele>
				<time>2026-09-10T17:46:11.537Z</time>
			</trkpt>
			<trkpt lat="39.52834" lon="-1.43432">
				<ele>856.35</ele>
				<time>2026-09-10T17:46:12.600Z</time>
			</trkpt>
			<trkpt lat="39.52844" lon="-1.43439">
				<ele>854.68</ele>
				<time>2026-09-10T17:46:13.378Z</time>
			</trkpt>
			<trkpt lat="39.52847" lon="-1.43446">
				<ele>853.88</ele>
				<time>2026-09-10T17:46:13.801Z</time>
			</trkpt>
			<trkpt lat="39.5285" lon="-1.4346">
				<ele>853.13</ele>
				<time>2026-09-10T17:46:14.569Z</time>
			</trkpt>
			<trkpt lat="39.52869" lon="-1.43475">
				<ele>851.68</ele>
				<time>2026-09-10T17:46:16.097Z</time>
			</trkpt>
			<trkpt lat="39.52908" lon="-1.43481">
				<ele>851</ele>
				<time>2026-09-10T17:46:18.802Z</time>
			</trkpt>
			<trkpt lat="39.52926" lon="-1.43482">
				<ele>851.36</ele>
				<time>2026-09-10T17:46:20.094Z</time>
			</trkpt>
			<trkpt lat="39.52988" lon="-1.43479">
				<ele>852.91</ele>
				<time>2026-09-10T17:46:25.296Z</time>
			</trkpt>
			<trkpt lat="39.53081" lon="-1.43466">
				<ele>850.33</ele>
				<time>2026-09-10T17:46:34.438Z</time>
			</trkpt>
			<trkpt lat="39.53119" lon="-1.43468">
				<ele>850.5</ele>
				<time>2026-09-10T17:46:38.250Z</time>
			</trkpt>
			<trkpt lat="39.53155" lon="-1.43475">
				<ele>850.97</ele>
				<time>2026-09-10T17:46:41.785Z</time>
			</trkpt>
			<trkpt lat="39.53193" lon="-1.43489">
				<ele>851.97</ele>
				<time>2026-09-10T17:46:45.372Z</time>
			</trkpt>
			<trkpt lat="39.5322" lon="-1.43504">
				<ele>851.04</ele>
				<time>2026-09-10T17:46:47.809Z</time>
			</trkpt>
			<trkpt lat="39.53248" lon="-1.43526">
				<ele>850.13</ele>
				<time>2026-09-10T17:46:50.411Z</time>
			</trkpt>
			<trkpt lat="39.53277" lon="-1.43554">
				<ele>850.99</ele>
				<time>2026-09-10T17:46:53.189Z</time>
			</trkpt>
			<trkpt lat="39.53343" lon="-1.43643">
				<ele>850.91</ele>
				<time>2026-09-10T17:47:00.097Z</time>
			</trkpt>
			<trkpt lat="39.53439" lon="-1.43782">
				<ele>849.85</ele>
				<time>2026-09-10T17:47:09.715Z</time>
			</trkpt>
			<trkpt lat="39.53501" lon="-1.43868">
				<ele>845.75</ele>
				<time>2026-09-10T17:47:15.503Z</time>
			</trkpt>
			<trkpt lat="39.53532" lon="-1.43906">
				<ele>844.32</ele>
				<time>2026-09-10T17:47:18.198Z</time>
			</trkpt>
			<trkpt lat="39.53555" lon="-1.43926">
				<ele>844</ele>
				<time>2026-09-10T17:47:19.949Z</time>
			</trkpt>
			<trkpt lat="39.53612" lon="-1.43964">
				<ele>845.74</ele>
				<time>2026-09-10T17:47:24.034Z</time>
			</trkpt>
			<trkpt lat="39.53622" lon="-1.43973">
				<ele>846.41</ele>
				<time>2026-09-10T17:47:24.818Z</time>
			</trkpt>
			<trkpt lat="39.53616" lon="-1.43987">
				<ele>847.23</ele>
				<time>2026-09-10T17:47:25.617Z</time>
			</trkpt>
			<trkpt lat="39.53633" lon="-1.44052">
				<ele>851.67</ele>
				<time>2026-09-10T17:47:29.089Z</time>
			</trkpt>
			<trkpt lat="39.53641" lon="-1.44055">
				<ele>852.16</ele>
				<time>2026-09-10T17:47:29.644Z</time>
			</trkpt>
			<trkpt lat="39.53647" lon="-1.44063">
				<ele>852.7</ele>
				<time>2026-09-10T17:47:30.220Z</time>
			</trkpt>
			<trkpt lat="39.53654" lon="-1.44059">
				<ele>853.2</ele>
				<time>2026-09-10T17:47:30.734Z</time>
			</trkpt>
			<trkpt lat="39.53661" lon="-1.44058">
				<ele>853.68</ele>
				<time>2026-09-10T17:47:31.210Z</time>
			</trkpt>
			<trkpt lat="39.53721" lon="-1.44092">
				<ele>857.58</ele>
				<time>2026-09-10T17:47:35.739Z</time>
			</trkpt>
			<trkpt lat="39.53721" lon="-1.44094">
				<ele>858</ele>
				<time>2026-09-10T17:47:35.849Z</time>
			</trkpt>
		</trkseg>
	</trk>
</gpx>