<?xml version="1.0" encoding="UTF-8"?>
<gpx version="1.1" creator="Kurviger" xmlns="http://www.topografix.com/GPX/1/1" xmlns:xsi="http://www.w3.org/2001/XMLSchema-instance" xsi:schemaLocation="http://www.topografix.com/GPX/1/1 http://www.topografix.com/GPX/1/1/gpx.xsd http://www.garmin.com/xmlschemas/GpxExtensions/v3 http://www.garmin.com/xmlschemas/GpxExtensionsv3.xsd http://www.garmin.com/xmlschemas/TripExtensions/v1 http://www.garmin.com/xmlschemas/TripExtensionsv1.xsd" xmlns:gpxx="http://www.garmin.com/xmlschemas/GpxExtensions/v3" xmlns:trp="http://www.garmin.com/xmlschemas/TripExtensions/v1">
	<metadata>
		<name>Dia 6 DEF Camping Los Álamos, Alcalá de la Selva</name>
		<copyright author="OpenStreetMap contributors"/>
		<link href="https://kurviger.com">
			<text>Kurviger.com GPX</text>
		</link>
		<time>2026-09-10T14:14:24.287Z</time>
	</metadata>
	<rte>
		<name>Dia 6 DEF Camping Los Álamos, Alcalá de la Selva</name>
		<extensions>
			<trp:Trip>
				<trp:TransportationMode>Motorcycling</trp:TransportationMode>
			</trp:Trip>
		</extensions>
		<rtept lat="40.40799" lon="-1.44203">
			<name>Start</name>
			<sym>Flag, Green</sym>
			<type>start</type>
			<extensions>
				<trp:ViaPoint>
					<trp:CalculationMode>Adventurous</trp:CalculationMode>
				</trp:ViaPoint>
			</extensions>
		</rtept>
		<rtept lat="40.3353" lon="-1.36406">
			<name>Via Point 1</name>
			<sym>Flag, Blue</sym>
			<type>via</type>
			<extensions>
				<trp:ViaPoint>
					<trp:CalculationMode>Adventurous</trp:CalculationMode>
				</trp:ViaPoint>
			</extensions>
		</rtept>
		<rtept lat="40.33069" lon="-1.32451">
			<name>Via Point 2</name>
			<sym>Flag, Blue</sym>
			<type>via</type>
			<extensions>
				<trp:ViaPoint>
					<trp:CalculationMode>Adventurous</trp:CalculationMode>
				</trp:ViaPoint>
			</extensions>
		</rtept>
		<rtept lat="40.31809" lon="-1.23537">
			<name>Via Point 3</name>
			<sym>Flag, Blue</sym>
			<type>via</type>
			<extensions>
				<trp:ViaPoint>
					<trp:CalculationMode>Adventurous</trp:CalculationMode>
				</trp:ViaPoint>
			</extensions>
		</rtept>
		<rtept lat="40.34612" lon="-1.15423">
			<name>Via Point 4</name>
			<sym>Flag, Blue</sym>
			<type>via</type>
			<extensions>
				<trp:ViaPoint>
					<trp:CalculationMode>Adventurous</trp:CalculationMode>
				</trp:ViaPoint>
			</extensions>
		</rtept>
		<rtept lat="40.3408" lon="-1.10801">
			<name>Via Point 5</name>
			<sym>Flag, Blue</sym>
			<type>via</type>
			<extensions>
				<trp:ViaPoint>
					<trp:CalculationMode>Adventurous</trp:CalculationMode>
				</trp:ViaPoint>
			</extensions>
		</rtept>
		<rtept lat="40.43609" lon="-0.85286">
			<name>Via Point 6</name>
			<sym>Flag, Blue</sym>
			<type>via</type>
			<extensions>
				<trp:ViaPoint>
					<trp:CalculationMode>Adventurous</trp:CalculationMode>
				</trp:ViaPoint>
			</extensions>
		</rtept>
		<rtept lat="40.37186" lon="-0.71986">
			<name>Via Point 7</name>
			<sym>Flag, Blue</sym>
			<type>via</type>
			<extensions>
				<trp:ViaPoint>
					<trp:CalculationMode>Adventurous</trp:CalculationMode>
				</trp:ViaPoint>
			</extensions>
		</rtept>
		<rtept lat="40.36386" lon="-0.69312">
			<name>Destination</name>
			<sym>Flag, Red</sym>
			<type>destination</type>
			<extensions>
				<trp:ViaPoint/>
			</extensions>
		</rtept>
	</rte>
	<trk>
		<name>Dia 6 DEF Camping Los Álamos, Alcalá de la Selva</name>
		<trkseg>
			<trkpt lat="40.40799" lon="-1.44203">
				<ele>1146.8</ele>
				<time>2026-09-10T14:14:23.933Z</time>
			</trkpt>
			<trkpt lat="40.40807" lon="-1.44178">
				<ele>1145.27</ele>
				<time>2026-09-10T14:14:55.703Z</time>
			</trkpt>
			<trkpt lat="40.40809" lon="-1.44155">
				<ele>1142.61</ele>
				<time>2026-09-10T14:15:20.290Z</time>
			</trkpt>
			<trkpt lat="40.4081" lon="-1.44143">
				<ele>1141.89</ele>
				<time>2026-09-10T14:15:32.157Z</time>
			</trkpt>
			<trkpt lat="40.40807" lon="-1.44094">
				<ele>1142.41</ele>
				<time>2026-09-10T14:16:13.453Z</time>
			</trkpt>
			<trkpt lat="40.40801" lon="-1.4405">
				<ele>1140.17</ele>
				<time>2026-09-10T14:16:40.732Z</time>
			</trkpt>
			<trkpt lat="40.40794" lon="-1.44019">
				<ele>1132.61</ele>
				<time>2026-09-10T14:16:54.031Z</time>
			</trkpt>
			<trkpt lat="40.40795" lon="-1.43992">
				<ele>1129.58</ele>
				<time>2026-09-10T14:17:00.823Z</time>
			</trkpt>
			<trkpt lat="40.40791" lon="-1.43985">
				<ele>1128.03</ele>
				<time>2026-09-10T14:17:02.156Z</time>
			</trkpt>
			<trkpt lat="40.40812" lon="-1.43956">
				<ele>1126.58</ele>
				<time>2026-09-10T14:17:05.353Z</time>
			</trkpt>
			<trkpt lat="40.40792" lon="-1.43941">
				<ele>1124.64</ele>
				<time>2026-09-10T14:17:07.719Z</time>
			</trkpt>
			<trkpt lat="40.40784" lon="-1.43933">
				<ele>1124.93</ele>
				<time>2026-09-10T14:17:08.765Z</time>
			</trkpt>
			<trkpt lat="40.40777" lon="-1.43923">
				<ele>1125.23</ele>
				<time>2026-09-10T14:17:09.848Z</time>
			</trkpt>
			<trkpt lat="40.40775" lon="-1.43916">
				<ele>1126.58</ele>
				<time>2026-09-10T14:17:10.446Z</time>
			</trkpt>
			<trkpt lat="40.40774" lon="-1.43908">
				<ele>1128.21</ele>
				<time>2026-09-10T14:17:11.097Z</time>
			</trkpt>
			<trkpt lat="40.40775" lon="-1.4389">
				<ele>1130.82</ele>
				<time>2026-09-10T14:17:12.552Z</time>
			</trkpt>
			<trkpt lat="40.40794" lon="-1.43828">
				<ele>1124.72</ele>
				<time>2026-09-10T14:17:18.008Z</time>
			</trkpt>
			<trkpt lat="40.40873" lon="-1.43628">
				<ele>1122.49</ele>
				<time>2026-09-10T14:17:36.550Z</time>
			</trkpt>
			<trkpt lat="40.4089" lon="-1.43596">
				<ele>1123.61</ele>
				<time>2026-09-10T14:17:39.681Z</time>
			</trkpt>
			<trkpt lat="40.4091" lon="-1.43563">
				<ele>1124.96</ele>
				<time>2026-09-10T14:17:43.008Z</time>
			</trkpt>
			<trkpt lat="40.40925" lon="-1.43545">
				<ele>1125.31</ele>
				<time>2026-09-10T14:17:45.076Z</time>
			</trkpt>
			<trkpt lat="40.40946" lon="-1.43531">
				<ele>1125.52</ele>
				<time>2026-09-10T14:17:47.431Z</time>
			</trkpt>
			<trkpt lat="40.40959" lon="-1.43519">
				<ele>1124.86</ele>
				<time>2026-09-10T14:17:48.992Z</time>
			</trkpt>
			<trkpt lat="40.40973" lon="-1.43498">
				<ele>1125.05</ele>
				<time>2026-09-10T14:17:51.042Z</time>
			</trkpt>
			<trkpt lat="40.40984" lon="-1.43458">
				<ele>1124.88</ele>
				<time>2026-09-10T14:17:54.074Z</time>
			</trkpt>
			<trkpt lat="40.40991" lon="-1.43423">
				<ele>1123.43</ele>
				<time>2026-09-10T14:17:56.558Z</time>
			</trkpt>
			<trkpt lat="40.40985" lon="-1.43397">
				<ele>1123.67</ele>
				<time>2026-09-10T14:17:58.358Z</time>
			</trkpt>
			<trkpt lat="40.40977" lon="-1.4338">
				<ele>1124.78</ele>
				<time>2026-09-10T14:17:59.645Z</time>
			</trkpt>
			<trkpt lat="40.40972" lon="-1.43378">
				<ele>1125.52</ele>
				<time>2026-09-10T14:18:00.079Z</time>
			</trkpt>
			<trkpt lat="40.40969" lon="-1.43372">
				<ele>1125.85</ele>
				<time>2026-09-10T14:18:00.532Z</time>
			</trkpt>
			<trkpt lat="40.40914" lon="-1.43307">
				<ele>1129.24</ele>
				<time>2026-09-10T14:18:06.580Z</time>
			</trkpt>
			<trkpt lat="40.40899" lon="-1.43286">
				<ele>1129.43</ele>
				<time>2026-09-10T14:18:08.344Z</time>
			</trkpt>
			<trkpt lat="40.40889" lon="-1.43269">
				<ele>1129.59</ele>
				<time>2026-09-10T14:18:09.651Z</time>
			</trkpt>
			<trkpt lat="40.40839" lon="-1.43146">
				<ele>1141.26</ele>
				<time>2026-09-10T14:18:17.963Z</time>
			</trkpt>
			<trkpt lat="40.4083" lon="-1.43076">
				<ele>1145.17</ele>
				<time>2026-09-10T14:18:22.082Z</time>
			</trkpt>
			<trkpt lat="40.40823" lon="-1.4306">
				<ele>1147.45</ele>
				<time>2026-09-10T14:18:23.140Z</time>
			</trkpt>
			<trkpt lat="40.4079" lon="-1.4302">
				<ele>1152.27</ele>
				<time>2026-09-10T14:18:26.488Z</time>
			</trkpt>
			<trkpt lat="40.4078" lon="-1.43013">
				<ele>1152.7</ele>
				<time>2026-09-10T14:18:27.324Z</time>
			</trkpt>
			<trkpt lat="40.4076" lon="-1.43007">
				<ele>1155.33</ele>
				<time>2026-09-10T14:18:28.831Z</time>
			</trkpt>
			<trkpt lat="40.40732" lon="-1.42992">
				<ele>1158.96</ele>
				<time>2026-09-10T14:18:31.032Z</time>
			</trkpt>
			<trkpt lat="40.40577" lon="-1.42873">
				<ele>1158.71</ele>
				<time>2026-09-10T14:18:43.634Z</time>
			</trkpt>
			<trkpt lat="40.4055" lon="-1.4285">
				<ele>1160.75</ele>
				<time>2026-09-10T14:18:45.810Z</time>
			</trkpt>
			<trkpt lat="40.4046" lon="-1.42752">
				<ele>1168.38</ele>
				<time>2026-09-10T14:18:53.509Z</time>
			</trkpt>
			<trkpt lat="40.40444" lon="-1.42742">
				<ele>1168.13</ele>
				<time>2026-09-10T14:18:54.648Z</time>
			</trkpt>
			<trkpt lat="40.40429" lon="-1.42737">
				<ele>1167.63</ele>
				<time>2026-09-10T14:18:55.637Z</time>
			</trkpt>
			<trkpt lat="40.40393" lon="-1.4273">
				<ele>1170.2</ele>
				<time>2026-09-10T14:18:57.941Z</time>
			</trkpt>
			<trkpt lat="40.40309" lon="-1.42683">
				<ele>1176.03</ele>
				<time>2026-09-10T14:19:03.590Z</time>
			</trkpt>
			<trkpt lat="40.40297" lon="-1.42679">
				<ele>1177.41</ele>
				<time>2026-09-10T14:19:04.341Z</time>
			</trkpt>
			<trkpt lat="40.40282" lon="-1.42675">
				<ele>1179.57</ele>
				<time>2026-09-10T14:19:05.266Z</time>
			</trkpt>
			<trkpt lat="40.40229" lon="-1.42675">
				<ele>1182.55</ele>
				<time>2026-09-10T14:19:08.428Z</time>
			</trkpt>
			<trkpt lat="40.40215" lon="-1.42672">
				<ele>1183.21</ele>
				<time>2026-09-10T14:19:09.264Z</time>
			</trkpt>
			<trkpt lat="40.40198" lon="-1.42664">
				<ele>1184.5</ele>
				<time>2026-09-10T14:19:10.322Z</time>
			</trkpt>
			<trkpt lat="40.40172" lon="-1.42644">
				<ele>1188.27</ele>
				<time>2026-09-10T14:19:12.072Z</time>
			</trkpt>
			<trkpt lat="40.4016" lon="-1.42633">
				<ele>1189.29</ele>
				<time>2026-09-10T14:19:12.915Z</time>
			</trkpt>
			<trkpt lat="40.40143" lon="-1.42612">
				<ele>1191.14</ele>
				<time>2026-09-10T14:19:14.250Z</time>
			</trkpt>
			<trkpt lat="40.40132" lon="-1.42594">
				<ele>1193.36</ele>
				<time>2026-09-10T14:19:15.247Z</time>
			</trkpt>
			<trkpt lat="40.40096" lon="-1.42529">
				<ele>1202.02</ele>
				<time>2026-09-10T14:19:18.671Z</time>
			</trkpt>
			<trkpt lat="40.40084" lon="-1.42509">
				<ele>1202.32</ele>
				<time>2026-09-10T14:19:19.740Z</time>
			</trkpt>
			<trkpt lat="40.40069" lon="-1.42493">
				<ele>1203.36</ele>
				<time>2026-09-10T14:19:20.797Z</time>
			</trkpt>
			<trkpt lat="40.40003" lon="-1.4243">
				<ele>1202.15</ele>
				<time>2026-09-10T14:19:25.178Z</time>
			</trkpt>
			<trkpt lat="40.39985" lon="-1.42426">
				<ele>1203.91</ele>
				<time>2026-09-10T14:19:26.140Z</time>
			</trkpt>
			<trkpt lat="40.39962" lon="-1.42428">
				<ele>1206.49</ele>
				<time>2026-09-10T14:19:27.345Z</time>
			</trkpt>
			<trkpt lat="40.39949" lon="-1.42431">
				<ele>1208.38</ele>
				<time>2026-09-10T14:19:28.031Z</time>
			</trkpt>
			<trkpt lat="40.3994" lon="-1.42436">
				<ele>1210</ele>
				<time>2026-09-10T14:19:28.536Z</time>
			</trkpt>
			<trkpt lat="40.39887" lon="-1.42474">
				<ele>1214.23</ele>
				<time>2026-09-10T14:19:31.618Z</time>
			</trkpt>
			<trkpt lat="40.39873" lon="-1.42487">
				<ele>1215.89</ele>
				<time>2026-09-10T14:19:32.481Z</time>
			</trkpt>
			<trkpt lat="40.39865" lon="-1.42497">
				<ele>1217</ele>
				<time>2026-09-10T14:19:33.033Z</time>
			</trkpt>
			<trkpt lat="40.39835" lon="-1.42549">
				<ele>1222.67</ele>
				<time>2026-09-10T14:19:35.490Z</time>
			</trkpt>
			<trkpt lat="40.39825" lon="-1.42562">
				<ele>1224.47</ele>
				<time>2026-09-10T14:19:36.178Z</time>
			</trkpt>
			<trkpt lat="40.39806" lon="-1.42575">
				<ele>1227.05</ele>
				<time>2026-09-10T14:19:37.217Z</time>
			</trkpt>
			<trkpt lat="40.39795" lon="-1.42579">
				<ele>1227.89</ele>
				<time>2026-09-10T14:19:37.768Z</time>
			</trkpt>
			<trkpt lat="40.39785" lon="-1.42579">
				<ele>1228.21</ele>
				<time>2026-09-10T14:19:38.248Z</time>
			</trkpt>
			<trkpt lat="40.39768" lon="-1.42565">
				<ele>1227.34</ele>
				<time>2026-09-10T14:19:39.207Z</time>
			</trkpt>
			<trkpt lat="40.39753" lon="-1.4255">
				<ele>1226.03</ele>
				<time>2026-09-10T14:19:40.100Z</time>
			</trkpt>
			<trkpt lat="40.3974" lon="-1.42532">
				<ele>1224.86</ele>
				<time>2026-09-10T14:19:40.990Z</time>
			</trkpt>
			<trkpt lat="40.39733" lon="-1.42514">
				<ele>1224.64</ele>
				<time>2026-09-10T14:19:41.709Z</time>
			</trkpt>
			<trkpt lat="40.39726" lon="-1.42481">
				<ele>1224.57</ele>
				<time>2026-09-10T14:19:42.920Z</time>
			</trkpt>
			<trkpt lat="40.39721" lon="-1.42465">
				<ele>1225.02</ele>
				<time>2026-09-10T14:19:43.526Z</time>
			</trkpt>
			<trkpt lat="40.39708" lon="-1.42447">
				<ele>1227.09</ele>
				<time>2026-09-10T14:19:44.391Z</time>
			</trkpt>
			<trkpt lat="40.3969" lon="-1.42437">
				<ele>1229.58</ele>
				<time>2026-09-10T14:19:45.278Z</time>
			</trkpt>
			<trkpt lat="40.39622" lon="-1.42421">
				<ele>1235.31</ele>
				<time>2026-09-10T14:19:48.364Z</time>
			</trkpt>
			<trkpt lat="40.39607" lon="-1.4241">
				<ele>1235.93</ele>
				<time>2026-09-10T14:19:49.119Z</time>
			</trkpt>
			<trkpt lat="40.39578" lon="-1.42377">
				<ele>1236.96</ele>
				<time>2026-09-10T14:19:50.787Z</time>
			</trkpt>
			<trkpt lat="40.39563" lon="-1.42367">
				<ele>1238.58</ele>
				<time>2026-09-10T14:19:51.510Z</time>
			</trkpt>
			<trkpt lat="40.3947" lon="-1.42344">
				<ele>1246.52</ele>
				<time>2026-09-10T14:19:55.494Z</time>
			</trkpt>
			<trkpt lat="40.39359" lon="-1.42305">
				<ele>1253.09</ele>
				<time>2026-09-10T14:20:00.140Z</time>
			</trkpt>
			<trkpt lat="40.39336" lon="-1.42295">
				<ele>1254.53</ele>
				<time>2026-09-10T14:20:01.094Z</time>
			</trkpt>
			<trkpt lat="40.39259" lon="-1.42245">
				<ele>1262.86</ele>
				<time>2026-09-10T14:20:04.405Z</time>
			</trkpt>
			<trkpt lat="40.39252" lon="-1.42237">
				<ele>1263.58</ele>
				<time>2026-09-10T14:20:04.756Z</time>
			</trkpt>
			<trkpt lat="40.39224" lon="-1.4219">
				<ele>1269.54</ele>
				<time>2026-09-10T14:20:06.458Z</time>
			</trkpt>
			<trkpt lat="40.39201" lon="-1.42133">
				<ele>1273.65</ele>
				<time>2026-09-10T14:20:08.265Z</time>
			</trkpt>
			<trkpt lat="40.39111" lon="-1.41949">
				<ele>1287.7</ele>
				<time>2026-09-10T14:20:14.145Z</time>
			</trkpt>
			<trkpt lat="40.39103" lon="-1.41922">
				<ele>1289.58</ele>
				<time>2026-09-10T14:20:14.897Z</time>
			</trkpt>
			<trkpt lat="40.39098" lon="-1.41888">
				<ele>1291.49</ele>
				<time>2026-09-10T14:20:15.787Z</time>
			</trkpt>
			<trkpt lat="40.39093" lon="-1.41841">
				<ele>1293.5</ele>
				<time>2026-09-10T14:20:16.993Z</time>
			</trkpt>
			<trkpt lat="40.39093" lon="-1.41803">
				<ele>1293.27</ele>
				<time>2026-09-10T14:20:17.946Z</time>
			</trkpt>
			<trkpt lat="40.39109" lon="-1.41497">
				<ele>1298</ele>
				<time>2026-09-10T14:20:25.284Z</time>
			</trkpt>
			<trkpt lat="40.39109" lon="-1.41473">
				<ele>1297.13</ele>
				<time>2026-09-10T14:20:25.832Z</time>
			</trkpt>
			<trkpt lat="40.39105" lon="-1.41455">
				<ele>1296.78</ele>
				<time>2026-09-10T14:20:26.258Z</time>
			</trkpt>
			<trkpt lat="40.38933" lon="-1.4104">
				<ele>1318</ele>
				<time>2026-09-10T14:20:36.323Z</time>
			</trkpt>
			<trkpt lat="40.38884" lon="-1.40948">
				<ele>1314.1</ele>
				<time>2026-09-10T14:20:38.544Z</time>
			</trkpt>
			<trkpt lat="40.38874" lon="-1.40925">
				<ele>1313.27</ele>
				<time>2026-09-10T14:20:39.060Z</time>
			</trkpt>
			<trkpt lat="40.3887" lon="-1.40907">
				<ele>1313</ele>
				<time>2026-09-10T14:20:39.423Z</time>
			</trkpt>
			<trkpt lat="40.38853" lon="-1.40789">
				<ele>1317.13</ele>
				<time>2026-09-10T14:20:41.711Z</time>
			</trkpt>
			<trkpt lat="40.38846" lon="-1.40765">
				<ele>1317.54</ele>
				<time>2026-09-10T14:20:42.193Z</time>
			</trkpt>
			<trkpt lat="40.38787" lon="-1.4065">
				<ele>1317.27</ele>
				<time>2026-09-10T14:20:44.747Z</time>
			</trkpt>
			<trkpt lat="40.38726" lon="-1.40543">
				<ele>1322.61</ele>
				<time>2026-09-10T14:20:47.142Z</time>
			</trkpt>
			<trkpt lat="40.38716" lon="-1.40533">
				<ele>1322.41</ele>
				<time>2026-09-10T14:20:47.434Z</time>
			</trkpt>
			<trkpt lat="40.38706" lon="-1.40527">
				<ele>1321.95</ele>
				<time>2026-09-10T14:20:47.688Z</time>
			</trkpt>
			<trkpt lat="40.38448" lon="-1.40401">
				<ele>1326.94</ele>
				<time>2026-09-10T14:20:53.853Z</time>
			</trkpt>
			<trkpt lat="40.38431" lon="-1.40396">
				<ele>1327.46</ele>
				<time>2026-09-10T14:20:54.231Z</time>
			</trkpt>
			<trkpt lat="40.38291" lon="-1.40409">
				<ele>1331.14</ele>
				<time>2026-09-10T14:20:57.243Z</time>
			</trkpt>
			<trkpt lat="40.38273" lon="-1.40408">
				<ele>1332.32</ele>
				<time>2026-09-10T14:20:57.625Z</time>
			</trkpt>
			<trkpt lat="40.38058" lon="-1.40287">
				<ele>1339.42</ele>
				<time>2026-09-10T14:21:02.513Z</time>
			</trkpt>
			<trkpt lat="40.37919" lon="-1.40203">
				<ele>1346.14</ele>
				<time>2026-09-10T14:21:05.663Z</time>
			</trkpt>
			<trkpt lat="40.37913" lon="-1.40197">
				<ele>1346.32</ele>
				<time>2026-09-10T14:21:05.818Z</time>
			</trkpt>
			<trkpt lat="40.37907" lon="-1.40188">
				<ele>1346.3</ele>
				<time>2026-09-10T14:21:06.005Z</time>
			</trkpt>
			<trkpt lat="40.37909" lon="-1.40163">
				<ele>1345.1</ele>
				<time>2026-09-10T14:21:06.398Z</time>
			</trkpt>
			<trkpt lat="40.37962" lon="-1.39919">
				<ele>1351.27</ele>
				<time>2026-09-10T14:21:10.363Z</time>
			</trkpt>
			<trkpt lat="40.3798" lon="-1.39795">
				<ele>1356.68</ele>
				<time>2026-09-10T14:21:12.344Z</time>
			</trkpt>
			<trkpt lat="40.37984" lon="-1.39736">
				<ele>1359.04</ele>
				<time>2026-09-10T14:21:13.279Z</time>
			</trkpt>
			<trkpt lat="40.37984" lon="-1.39708">
				<ele>1359.57</ele>
				<time>2026-09-10T14:21:13.721Z</time>
			</trkpt>
			<trkpt lat="40.37976" lon="-1.3967">
				<ele>1357.87</ele>
				<time>2026-09-10T14:21:14.346Z</time>
			</trkpt>
			<trkpt lat="40.37958" lon="-1.39615">
				<ele>1350.09</ele>
				<time>2026-09-10T14:21:15.299Z</time>
			</trkpt>
			<trkpt lat="40.37928" lon="-1.39574">
				<ele>1358.38</ele>
				<time>2026-09-10T14:21:16.208Z</time>
			</trkpt>
			<trkpt lat="40.37915" lon="-1.39549">
				<ele>1358.51</ele>
				<time>2026-09-10T14:21:16.694Z</time>
			</trkpt>
			<trkpt lat="40.37899" lon="-1.39507">
				<ele>1360.68</ele>
				<time>2026-09-10T14:21:17.450Z</time>
			</trkpt>
			<trkpt lat="40.37885" lon="-1.39459">
				<ele>1359.01</ele>
				<time>2026-09-10T14:21:18.283Z</time>
			</trkpt>
			<trkpt lat="40.37872" lon="-1.39397">
				<ele>1347.37</ele>
				<time>2026-09-10T14:21:19.332Z</time>
			</trkpt>
			<trkpt lat="40.37866" lon="-1.39379">
				<ele>1344.01</ele>
				<time>2026-09-10T14:21:19.654Z</time>
			</trkpt>
			<trkpt lat="40.37859" lon="-1.39367">
				<ele>1342.25</ele>
				<time>2026-09-10T14:21:19.902Z</time>
			</trkpt>
			<trkpt lat="40.3785" lon="-1.39359">
				<ele>1344.05</ele>
				<time>2026-09-10T14:21:20.137Z</time>
			</trkpt>
			<trkpt lat="40.37827" lon="-1.39343">
				<ele>1350.54</ele>
				<time>2026-09-10T14:21:20.701Z</time>
			</trkpt>
			<trkpt lat="40.378" lon="-1.39318">
				<ele>1350.79</ele>
				<time>2026-09-10T14:21:21.420Z</time>
			</trkpt>
			<trkpt lat="40.37789" lon="-1.39313">
				<ele>1350.93</ele>
				<time>2026-09-10T14:21:21.675Z</time>
			</trkpt>
			<trkpt lat="40.37714" lon="-1.39312">
				<ele>1360.72</ele>
				<time>2026-09-10T14:21:23.329Z</time>
			</trkpt>
			<trkpt lat="40.37661" lon="-1.39294">
				<ele>1357.43</ele>
				<time>2026-09-10T14:21:24.553Z</time>
			</trkpt>
			<trkpt lat="40.37645" lon="-1.39286">
				<ele>1357.81</ele>
				<time>2026-09-10T14:21:24.938Z</time>
			</trkpt>
			<trkpt lat="40.37633" lon="-1.39276">
				<ele>1359.1</ele>
				<time>2026-09-10T14:21:25.260Z</time>
			</trkpt>
			<trkpt lat="40.37622" lon="-1.39263">
				<ele>1362.11</ele>
				<time>2026-09-10T14:21:25.595Z</time>
			</trkpt>
			<trkpt lat="40.37596" lon="-1.39224">
				<ele>1360.84</ele>
				<time>2026-09-10T14:21:26.496Z</time>
			</trkpt>
			<trkpt lat="40.37551" lon="-1.3917">
				<ele>1365.21</ele>
				<time>2026-09-10T14:21:27.904Z</time>
			</trkpt>
			<trkpt lat="40.37544" lon="-1.39159">
				<ele>1367.77</ele>
				<time>2026-09-10T14:21:28.159Z</time>
			</trkpt>
			<trkpt lat="40.37539" lon="-1.39146">
				<ele>1369.34</ele>
				<time>2026-09-10T14:21:28.418Z</time>
			</trkpt>
			<trkpt lat="40.37539" lon="-1.39134">
				<ele>1369.71</ele>
				<time>2026-09-10T14:21:28.632Z</time>
			</trkpt>
			<trkpt lat="40.37543" lon="-1.39118">
				<ele>1369.33</ele>
				<time>2026-09-10T14:21:28.933Z</time>
			</trkpt>
			<trkpt lat="40.37559" lon="-1.39091">
				<ele>1368.62</ele>
				<time>2026-09-10T14:21:29.548Z</time>
			</trkpt>
			<trkpt lat="40.3757" lon="-1.39065">
				<ele>1368.77</ele>
				<time>2026-09-10T14:21:30.087Z</time>
			</trkpt>
			<trkpt lat="40.37578" lon="-1.39035">
				<ele>1368.87</ele>
				<time>2026-09-10T14:21:30.665Z</time>
			</trkpt>
			<trkpt lat="40.37581" lon="-1.39014">
				<ele>1370.26</ele>
				<time>2026-09-10T14:21:31.057Z</time>
			</trkpt>
			<trkpt lat="40.37579" lon="-1.38941">
				<ele>1370.11</ele>
				<time>2026-09-10T14:21:32.408Z</time>
			</trkpt>
			<trkpt lat="40.37575" lon="-1.38923">
				<ele>1369.57</ele>
				<time>2026-09-10T14:21:32.758Z</time>
			</trkpt>
			<trkpt lat="40.37567" lon="-1.38909">
				<ele>1368.8</ele>
				<time>2026-09-10T14:21:33.086Z</time>
			</trkpt>
			<trkpt lat="40.37556" lon="-1.38898">
				<ele>1367.87</ele>
				<time>2026-09-10T14:21:33.428Z</time>
			</trkpt>
			<trkpt lat="40.37492" lon="-1.38847">
				<ele>1363.75</ele>
				<time>2026-09-10T14:21:35.302Z</time>
			</trkpt>
			<trkpt lat="40.37481" lon="-1.38836">
				<ele>1362.85</ele>
				<time>2026-09-10T14:21:35.653Z</time>
			</trkpt>
			<trkpt lat="40.37467" lon="-1.38815">
				<ele>1362.29</ele>
				<time>2026-09-10T14:21:36.195Z</time>
			</trkpt>
			<trkpt lat="40.37457" lon="-1.38796">
				<ele>1361.04</ele>
				<time>2026-09-10T14:21:36.647Z</time>
			</trkpt>
			<trkpt lat="40.37444" lon="-1.38782">
				<ele>1360.61</ele>
				<time>2026-09-10T14:21:37.080Z</time>
			</trkpt>
			<trkpt lat="40.37399" lon="-1.38747">
				<ele>1360.32</ele>
				<time>2026-09-10T14:21:38.444Z</time>
			</trkpt>
			<trkpt lat="40.37374" lon="-1.38719">
				<ele>1359.47</ele>
				<time>2026-09-10T14:21:39.313Z</time>
			</trkpt>
			<trkpt lat="40.37331" lon="-1.38663">
				<ele>1357.96</ele>
				<time>2026-09-10T14:21:40.938Z</time>
			</trkpt>
			<trkpt lat="40.37245" lon="-1.38542">
				<ele>1357.91</ele>
				<time>2026-09-10T14:21:44.428Z</time>
			</trkpt>
			<trkpt lat="40.37231" lon="-1.38529">
				<ele>1357.4</ele>
				<time>2026-09-10T14:21:44.915Z</time>
			</trkpt>
			<trkpt lat="40.37153" lon="-1.38483">
				<ele>1354.74</ele>
				<time>2026-09-10T14:21:47.384Z</time>
			</trkpt>
			<trkpt lat="40.37141" lon="-1.38474">
				<ele>1354.78</ele>
				<time>2026-09-10T14:21:47.790Z</time>
			</trkpt>
			<trkpt lat="40.37122" lon="-1.38455">
				<ele>1354.77</ele>
				<time>2026-09-10T14:21:48.496Z</time>
			</trkpt>
			<trkpt lat="40.37086" lon="-1.38411">
				<ele>1349.18</ele>
				<time>2026-09-10T14:21:49.970Z</time>
			</trkpt>
			<trkpt lat="40.3702" lon="-1.38357">
				<ele>1348.43</ele>
				<time>2026-09-10T14:21:52.355Z</time>
			</trkpt>
			<trkpt lat="40.37006" lon="-1.38343">
				<ele>1347.51</ele>
				<time>2026-09-10T14:21:52.904Z</time>
			</trkpt>
			<trkpt lat="40.36993" lon="-1.38321">
				<ele>1344.95</ele>
				<time>2026-09-10T14:21:53.570Z</time>
			</trkpt>
			<trkpt lat="40.36985" lon="-1.38299">
				<ele>1342.36</ele>
				<time>2026-09-10T14:21:54.158Z</time>
			</trkpt>
			<trkpt lat="40.36977" lon="-1.38291">
				<ele>1341.19</ele>
				<time>2026-09-10T14:21:54.478Z</time>
			</trkpt>
			<trkpt lat="40.36924" lon="-1.38288">
				<ele>1339.08</ele>
				<time>2026-09-10T14:21:56.185Z</time>
			</trkpt>
			<trkpt lat="40.36897" lon="-1.38284">
				<ele>1339.69</ele>
				<time>2026-09-10T14:21:57.073Z</time>
			</trkpt>
			<trkpt lat="40.36879" lon="-1.38278">
				<ele>1342.11</ele>
				<time>2026-09-10T14:21:57.684Z</time>
			</trkpt>
			<trkpt lat="40.36866" lon="-1.38269">
				<ele>1344.43</ele>
				<time>2026-09-10T14:21:58.172Z</time>
			</trkpt>
			<trkpt lat="40.3686" lon="-1.38256">
				<ele>1344.12</ele>
				<time>2026-09-10T14:21:58.558Z</time>
			</trkpt>
			<trkpt lat="40.36855" lon="-1.38233">
				<ele>1343.91</ele>
				<time>2026-09-10T14:21:59.168Z</time>
			</trkpt>
			<trkpt lat="40.36843" lon="-1.38149">
				<ele>1351.02</ele>
				<time>2026-09-10T14:22:01.384Z</time>
			</trkpt>
			<trkpt lat="40.36822" lon="-1.38021">
				<ele>1347.99</ele>
				<time>2026-09-10T14:22:04.886Z</time>
			</trkpt>
			<trkpt lat="40.3681" lon="-1.37983">
				<ele>1348.3</ele>
				<time>2026-09-10T14:22:06.014Z</time>
			</trkpt>
			<trkpt lat="40.36796" lon="-1.37954">
				<ele>1347.59</ele>
				<time>2026-09-10T14:22:06.966Z</time>
			</trkpt>
			<trkpt lat="40.36766" lon="-1.37885">
				<ele>1352.92</ele>
				<time>2026-09-10T14:22:09.205Z</time>
			</trkpt>
			<trkpt lat="40.36755" lon="-1.37863">
				<ele>1351.41</ele>
				<time>2026-09-10T14:22:09.959Z</time>
			</trkpt>
			<trkpt lat="40.36743" lon="-1.37844">
				<ele>1348.81</ele>
				<time>2026-09-10T14:22:10.670Z</time>
			</trkpt>
			<trkpt lat="40.36733" lon="-1.37835">
				<ele>1346.47</ele>
				<time>2026-09-10T14:22:11.132Z</time>
			</trkpt>
			<trkpt lat="40.36724" lon="-1.37833">
				<ele>1345.16</ele>
				<time>2026-09-10T14:22:11.481Z</time>
			</trkpt>
			<trkpt lat="40.36714" lon="-1.37835">
				<ele>1343.5</ele>
				<time>2026-09-10T14:22:11.869Z</time>
			</trkpt>
			<trkpt lat="40.36694" lon="-1.37845">
				<ele>1341.32</ele>
				<time>2026-09-10T14:22:12.696Z</time>
			</trkpt>
			<trkpt lat="40.36675" lon="-1.37859">
				<ele>1339.69</ele>
				<time>2026-09-10T14:22:13.544Z</time>
			</trkpt>
			<trkpt lat="40.36665" lon="-1.3787">
				<ele>1339</ele>
				<time>2026-09-10T14:22:14.055Z</time>
			</trkpt>
			<trkpt lat="40.36656" lon="-1.37888">
				<ele>1338.97</ele>
				<time>2026-09-10T14:22:14.702Z</time>
			</trkpt>
			<trkpt lat="40.36653" lon="-1.37902">
				<ele>1338.88</ele>
				<time>2026-09-10T14:22:15.141Z</time>
			</trkpt>
			<trkpt lat="40.36653" lon="-1.37924">
				<ele>1339.79</ele>
				<time>2026-09-10T14:22:15.808Z</time>
			</trkpt>
			<trkpt lat="40.36656" lon="-1.37952">
				<ele>1340.53</ele>
				<time>2026-09-10T14:22:16.673Z</time>
			</trkpt>
			<trkpt lat="40.36667" lon="-1.38001">
				<ele>1341.14</ele>
				<time>2026-09-10T14:22:18.253Z</time>
			</trkpt>
			<trkpt lat="40.36667" lon="-1.38021">
				<ele>1341.93</ele>
				<time>2026-09-10T14:22:18.878Z</time>
			</trkpt>
			<trkpt lat="40.36665" lon="-1.3803">
				<ele>1341.98</ele>
				<time>2026-09-10T14:22:19.172Z</time>
			</trkpt>
			<trkpt lat="40.36659" lon="-1.38045">
				<ele>1342.66</ele>
				<time>2026-09-10T14:22:19.706Z</time>
			</trkpt>
			<trkpt lat="40.36646" lon="-1.38057">
				<ele>1343.02</ele>
				<time>2026-09-10T14:22:20.367Z</time>
			</trkpt>
			<trkpt lat="40.3663" lon="-1.38064">
				<ele>1341.88</ele>
				<time>2026-09-10T14:22:21.073Z</time>
			</trkpt>
			<trkpt lat="40.36602" lon="-1.38067">
				<ele>1339.55</ele>
				<time>2026-09-10T14:22:22.259Z</time>
			</trkpt>
			<trkpt lat="40.36577" lon="-1.38067">
				<ele>1338.53</ele>
				<time>2026-09-10T14:22:23.325Z</time>
			</trkpt>
			<trkpt lat="40.36556" lon="-1.38064">
				<ele>1337.04</ele>
				<time>2026-09-10T14:22:24.234Z</time>
			</trkpt>
			<trkpt lat="40.36538" lon="-1.38057">
				<ele>1334.89</ele>
				<time>2026-09-10T14:22:25.048Z</time>
			</trkpt>
			<trkpt lat="40.36505" lon="-1.38036">
				<ele>1328.73</ele>
				<time>2026-09-10T14:22:26.655Z</time>
			</trkpt>
			<trkpt lat="40.36483" lon="-1.38029">
				<ele>1325.99</ele>
				<time>2026-09-10T14:22:27.658Z</time>
			</trkpt>
			<trkpt lat="40.36459" lon="-1.38029">
				<ele>1323.9</ele>
				<time>2026-09-10T14:22:28.731Z</time>
			</trkpt>
			<trkpt lat="40.36394" lon="-1.38047">
				<ele>1324.75</ele>
				<time>2026-09-10T14:22:31.754Z</time>
			</trkpt>
			<trkpt lat="40.36362" lon="-1.38053">
				<ele>1325.45</ele>
				<time>2026-09-10T14:22:33.253Z</time>
			</trkpt>
			<trkpt lat="40.3635" lon="-1.38053">
				<ele>1323.97</ele>
				<time>2026-09-10T14:22:33.814Z</time>
			</trkpt>
			<trkpt lat="40.36318" lon="-1.38045">
				<ele>1319.35</ele>
				<time>2026-09-10T14:22:35.351Z</time>
			</trkpt>
			<trkpt lat="40.36307" lon="-1.38039">
				<ele>1318.18</ele>
				<time>2026-09-10T14:22:35.917Z</time>
			</trkpt>
			<trkpt lat="40.36294" lon="-1.38027">
				<ele>1319.73</ele>
				<time>2026-09-10T14:22:36.677Z</time>
			</trkpt>
			<trkpt lat="40.36288" lon="-1.38016">
				<ele>1321.41</ele>
				<time>2026-09-10T14:22:37.172Z</time>
			</trkpt>
			<trkpt lat="40.36288" lon="-1.37995">
				<ele>1321.5</ele>
				<time>2026-09-10T14:22:37.945Z</time>
			</trkpt>
			<trkpt lat="40.36291" lon="-1.37964">
				<ele>1319.21</ele>
				<time>2026-09-10T14:22:39.104Z</time>
			</trkpt>
			<trkpt lat="40.36291" lon="-1.3794">
				<ele>1316.96</ele>
				<time>2026-09-10T14:22:40.001Z</time>
			</trkpt>
			<trkpt lat="40.36286" lon="-1.37921">
				<ele>1315.91</ele>
				<time>2026-09-10T14:22:40.757Z</time>
			</trkpt>
			<trkpt lat="40.36278" lon="-1.37902">
				<ele>1316.23</ele>
				<time>2026-09-10T14:22:41.579Z</time>
			</trkpt>
			<trkpt lat="40.36266" lon="-1.37884">
				<ele>1315.58</ele>
				<time>2026-09-10T14:22:42.490Z</time>
			</trkpt>
			<trkpt lat="40.36255" lon="-1.37875">
				<ele>1314.88</ele>
				<time>2026-09-10T14:22:43.142Z</time>
			</trkpt>
			<trkpt lat="40.36229" lon="-1.37863">
				<ele>1315.15</ele>
				<time>2026-09-10T14:22:44.538Z</time>
			</trkpt>
			<trkpt lat="40.36208" lon="-1.37856">
				<ele>1316.78</ele>
				<time>2026-09-10T14:22:45.646Z</time>
			</trkpt>
			<trkpt lat="40.36193" lon="-1.37848">
				<ele>1318.17</ele>
				<time>2026-09-10T14:22:46.480Z</time>
			</trkpt>
			<trkpt lat="40.36154" lon="-1.37802">
				<ele>1323.09</ele>
				<time>2026-09-10T14:22:49.217Z</time>
			</trkpt>
			<trkpt lat="40.36142" lon="-1.37792">
				<ele>1323.02</ele>
				<time>2026-09-10T14:22:49.968Z</time>
			</trkpt>
			<trkpt lat="40.36128" lon="-1.37785">
				<ele>1321.81</ele>
				<time>2026-09-10T14:22:50.764Z</time>
			</trkpt>
			<trkpt lat="40.36109" lon="-1.37783">
				<ele>1320.44</ele>
				<time>2026-09-10T14:22:51.783Z</time>
			</trkpt>
			<trkpt lat="40.36088" lon="-1.37785">
				<ele>1316.86</ele>
				<time>2026-09-10T14:22:52.917Z</time>
			</trkpt>
			<trkpt lat="40.36064" lon="-1.3779">
				<ele>1315.65</ele>
				<time>2026-09-10T14:22:54.238Z</time>
			</trkpt>
			<trkpt lat="40.35985" lon="-1.37818">
				<ele>1319.16</ele>
				<time>2026-09-10T14:22:58.772Z</time>
			</trkpt>
			<trkpt lat="40.35962" lon="-1.37828">
				<ele>1318.84</ele>
				<time>2026-09-10T14:23:00.141Z</time>
			</trkpt>
			<trkpt lat="40.35942" lon="-1.37844">
				<ele>1319.69</ele>
				<time>2026-09-10T14:23:01.477Z</time>
			</trkpt>
			<trkpt lat="40.3592" lon="-1.37867">
				<ele>1320.97</ele>
				<time>2026-09-10T14:23:03.096Z</time>
			</trkpt>
			<trkpt lat="40.35909" lon="-1.37872">
				<ele>1321.78</ele>
				<time>2026-09-10T14:23:03.771Z</time>
			</trkpt>
			<trkpt lat="40.359" lon="-1.37871">
				<ele>1322.52</ele>
				<time>2026-09-10T14:23:04.296Z</time>
			</trkpt>
			<trkpt lat="40.35895" lon="-1.37863">
				<ele>1322.4</ele>
				<time>2026-09-10T14:23:04.757Z</time>
			</trkpt>
			<trkpt lat="40.35891" lon="-1.3785">
				<ele>1322.53</ele>
				<time>2026-09-10T14:23:05.382Z</time>
			</trkpt>
			<trkpt lat="40.35887" lon="-1.37776">
				<ele>1329.95</ele>
				<time>2026-09-10T14:23:08.735Z</time>
			</trkpt>
			<trkpt lat="40.35889" lon="-1.37761">
				<ele>1330.46</ele>
				<time>2026-09-10T14:23:09.432Z</time>
			</trkpt>
			<trkpt lat="40.35895" lon="-1.37742">
				<ele>1329.57</ele>
				<time>2026-09-10T14:23:10.378Z</time>
			</trkpt>
			<trkpt lat="40.359" lon="-1.37712">
				<ele>1329.71</ele>
				<time>2026-09-10T14:23:11.800Z</time>
			</trkpt>
			<trkpt lat="40.35901" lon="-1.37683">
				<ele>1330.25</ele>
				<time>2026-09-10T14:23:13.155Z</time>
			</trkpt>
			<trkpt lat="40.35901" lon="-1.37639">
				<ele>1329</ele>
				<time>2026-09-10T14:23:15.231Z</time>
			</trkpt>
			<trkpt lat="40.35887" lon="-1.37561">
				<ele>1330.2</ele>
				<time>2026-09-10T14:23:19.076Z</time>
			</trkpt>
			<trkpt lat="40.35882" lon="-1.3754">
				<ele>1331.69</ele>
				<time>2026-09-10T14:23:20.147Z</time>
			</trkpt>
			<trkpt lat="40.35875" lon="-1.37522">
				<ele>1335.38</ele>
				<time>2026-09-10T14:23:21.136Z</time>
			</trkpt>
			<trkpt lat="40.35854" lon="-1.3749">
				<ele>1343.46</ele>
				<time>2026-09-10T14:23:23.221Z</time>
			</trkpt>
			<trkpt lat="40.35847" lon="-1.37474">
				<ele>1345.85</ele>
				<time>2026-09-10T14:23:24.139Z</time>
			</trkpt>
			<trkpt lat="40.35829" lon="-1.37411">
				<ele>1348.98</ele>
				<time>2026-09-10T14:23:27.527Z</time>
			</trkpt>
			<trkpt lat="40.35807" lon="-1.37347">
				<ele>1343.23</ele>
				<time>2026-09-10T14:23:31.129Z</time>
			</trkpt>
			<trkpt lat="40.358" lon="-1.37331">
				<ele>1342.22</ele>
				<time>2026-09-10T14:23:32.086Z</time>
			</trkpt>
			<trkpt lat="40.3579" lon="-1.3732">
				<ele>1342.75</ele>
				<time>2026-09-10T14:23:32.980Z</time>
			</trkpt>
			<trkpt lat="40.3578" lon="-1.37314">
				<ele>1343.86</ele>
				<time>2026-09-10T14:23:33.735Z</time>
			</trkpt>
			<trkpt lat="40.35734" lon="-1.37299">
				<ele>1349.06</ele>
				<time>2026-09-10T14:23:37.028Z</time>
			</trkpt>
			<trkpt lat="40.35698" lon="-1.37299">
				<ele>1349.3</ele>
				<time>2026-09-10T14:23:39.565Z</time>
			</trkpt>
			<trkpt lat="40.3569" lon="-1.37296">
				<ele>1348.32</ele>
				<time>2026-09-10T14:23:40.156Z</time>
			</trkpt>
			<trkpt lat="40.35683" lon="-1.37289">
				<ele>1346.78</ele>
				<time>2026-09-10T14:23:40.783Z</time>
			</trkpt>
			<trkpt lat="40.35659" lon="-1.37226">
				<ele>1337.19</ele>
				<time>2026-09-10T14:23:44.648Z</time>
			</trkpt>
			<trkpt lat="40.35653" lon="-1.37202">
				<ele>1336.07</ele>
				<time>2026-09-10T14:23:46.051Z</time>
			</trkpt>
			<trkpt lat="40.35647" lon="-1.3714">
				<ele>1339.9</ele>
				<time>2026-09-10T14:23:49.565Z</time>
			</trkpt>
			<trkpt lat="40.35642" lon="-1.37123">
				<ele>1341.79</ele>
				<time>2026-09-10T14:23:50.600Z</time>
			</trkpt>
			<trkpt lat="40.35582" lon="-1.3701">
				<ele>1340.27</ele>
				<time>2026-09-10T14:23:58.587Z</time>
			</trkpt>
			<trkpt lat="40.35569" lon="-1.36989">
				<ele>1338.61</ele>
				<time>2026-09-10T14:24:00.189Z</time>
			</trkpt>
			<trkpt lat="40.3556" lon="-1.36981">
				<ele>1337.61</ele>
				<time>2026-09-10T14:24:01.039Z</time>
			</trkpt>
			<trkpt lat="40.35544" lon="-1.36974">
				<ele>1335.51</ele>
				<time>2026-09-10T14:24:02.363Z</time>
			</trkpt>
			<trkpt lat="40.35529" lon="-1.36971">
				<ele>1333.18</ele>
				<time>2026-09-10T14:24:03.561Z</time>
			</trkpt>
			<trkpt lat="40.35514" lon="-1.36974">
				<ele>1332.1</ele>
				<time>2026-09-10T14:24:04.765Z</time>
			</trkpt>
			<trkpt lat="40.35491" lon="-1.36987">
				<ele>1332.08</ele>
				<time>2026-09-10T14:24:06.765Z</time>
			</trkpt>
			<trkpt lat="40.35478" lon="-1.36992">
				<ele>1333.22</ele>
				<time>2026-09-10T14:24:07.855Z</time>
			</trkpt>
			<trkpt lat="40.3547" lon="-1.36988">
				<ele>1334.13</ele>
				<time>2026-09-10T14:24:08.545Z</time>
			</trkpt>
			<trkpt lat="40.35463" lon="-1.36978">
				<ele>1335.95</ele>
				<time>2026-09-10T14:24:09.383Z</time>
			</trkpt>
			<trkpt lat="40.35459" lon="-1.36965">
				<ele>1336.39</ele>
				<time>2026-09-10T14:24:10.251Z</time>
			</trkpt>
			<trkpt lat="40.3545" lon="-1.36845">
				<ele>1335.37</ele>
				<time>2026-09-10T14:24:17.845Z</time>
			</trkpt>
			<trkpt lat="40.35445" lon="-1.36817">
				<ele>1334.67</ele>
				<time>2026-09-10T14:24:19.691Z</time>
			</trkpt>
			<trkpt lat="40.35427" lon="-1.36773">
				<ele>1336.09</ele>
				<time>2026-09-10T14:24:22.928Z</time>
			</trkpt>
			<trkpt lat="40.35411" lon="-1.3674">
				<ele>1340.58</ele>
				<time>2026-09-10T14:24:25.491Z</time>
			</trkpt>
			<trkpt lat="40.35392" lon="-1.36712">
				<ele>1343.1</ele>
				<time>2026-09-10T14:24:27.972Z</time>
			</trkpt>
			<trkpt lat="40.35373" lon="-1.36692">
				<ele>1343.5</ele>
				<time>2026-09-10T14:24:30.105Z</time>
			</trkpt>
			<trkpt lat="40.35339" lon="-1.36639">
				<ele>1350.34</ele>
				<time>2026-09-10T14:24:34.788Z</time>
			</trkpt>
			<trkpt lat="40.35331" lon="-1.36619">
				<ele>1350.89</ele>
				<time>2026-09-10T14:24:36.332Z</time>
			</trkpt>
			<trkpt lat="40.35322" lon="-1.36581">
				<ele>1349.8</ele>
				<time>2026-09-10T14:24:39.073Z</time>
			</trkpt>
			<trkpt lat="40.35313" lon="-1.36559">
				<ele>1349.42</ele>
				<time>2026-09-10T14:24:40.806Z</time>
			</trkpt>
			<trkpt lat="40.353" lon="-1.36539">
				<ele>1349.18</ele>
				<time>2026-09-10T14:24:42.643Z</time>
			</trkpt>
			<trkpt lat="40.35277" lon="-1.36509">
				<ele>1347.96</ele>
				<time>2026-09-10T14:24:45.641Z</time>
			</trkpt>
			<trkpt lat="40.35262" lon="-1.36495">
				<ele>1348.67</ele>
				<time>2026-09-10T14:24:47.357Z</time>
			</trkpt>
			<trkpt lat="40.35233" lon="-1.36474">
				<ele>1349.73</ele>
				<time>2026-09-10T14:24:50.470Z</time>
			</trkpt>
			<trkpt lat="40.35218" lon="-1.36459">
				<ele>1351.27</ele>
				<time>2026-09-10T14:24:52.257Z</time>
			</trkpt>
			<trkpt lat="40.35198" lon="-1.36436">
				<ele>1351.19</ele>
				<time>2026-09-10T14:24:54.795Z</time>
			</trkpt>
			<trkpt lat="40.3518" lon="-1.36423">
				<ele>1349.3</ele>
				<time>2026-09-10T14:24:56.770Z</time>
			</trkpt>
			<trkpt lat="40.35135" lon="-1.3641">
				<ele>1349.44</ele>
				<time>2026-09-10T14:25:01.247Z</time>
			</trkpt>
			<trkpt lat="40.35122" lon="-1.364">
				<ele>1349.95</ele>
				<time>2026-09-10T14:25:02.725Z</time>
			</trkpt>
			<trkpt lat="40.3511" lon="-1.36385">
				<ele>1349.59</ele>
				<time>2026-09-10T14:25:04.359Z</time>
			</trkpt>
			<trkpt lat="40.35081" lon="-1.36332">
				<ele>1348.02</ele>
				<time>2026-09-10T14:25:09.312Z</time>
			</trkpt>
			<trkpt lat="40.35068" lon="-1.36314">
				<ele>1347.46</ele>
				<time>2026-09-10T14:25:11.214Z</time>
			</trkpt>
			<trkpt lat="40.34971" lon="-1.36204">
				<ele>1333.98</ele>
				<time>2026-09-10T14:25:24.418Z</time>
			</trkpt>
			<trkpt lat="40.34958" lon="-1.36184">
				<ele>1331.99</ele>
				<time>2026-09-10T14:25:26.528Z</time>
			</trkpt>
			<trkpt lat="40.34948" lon="-1.36163">
				<ele>1329.46</ele>
				<time>2026-09-10T14:25:28.528Z</time>
			</trkpt>
			<trkpt lat="40.34919" lon="-1.36093">
				<ele>1325.67</ele>
				<time>2026-09-10T14:25:35.040Z</time>
			</trkpt>
			<trkpt lat="40.3491" lon="-1.36077">
				<ele>1324.26</ele>
				<time>2026-09-10T14:25:36.685Z</time>
			</trkpt>
			<trkpt lat="40.34895" lon="-1.36063">
				<ele>1321.52</ele>
				<time>2026-09-10T14:25:38.692Z</time>
			</trkpt>
			<trkpt lat="40.34796" lon="-1.35994">
				<ele>1313.07</ele>
				<time>2026-09-10T14:25:51.156Z</time>
			</trkpt>
			<trkpt lat="40.34719" lon="-1.35944">
				<ele>1313.04</ele>
				<time>2026-09-10T14:26:00.994Z</time>
			</trkpt>
			<trkpt lat="40.34697" lon="-1.35933">
				<ele>1313.07</ele>
				<time>2026-09-10T14:26:03.733Z</time>
			</trkpt>
			<trkpt lat="40.34682" lon="-1.35929">
				<ele>1312.64</ele>
				<time>2026-09-10T14:26:05.525Z</time>
			</trkpt>
			<trkpt lat="40.34665" lon="-1.3593">
				<ele>1312.6</ele>
				<time>2026-09-10T14:26:07.525Z</time>
			</trkpt>
			<trkpt lat="40.34652" lon="-1.3594">
				<ele>1313.4</ele>
				<time>2026-09-10T14:26:09.305Z</time>
			</trkpt>
			<trkpt lat="40.34621" lon="-1.35974">
				<ele>1316.15</ele>
				<time>2026-09-10T14:26:14.117Z</time>
			</trkpt>
			<trkpt lat="40.34612" lon="-1.35993">
				<ele>1317.71</ele>
				<time>2026-09-10T14:26:16.164Z</time>
			</trkpt>
			<trkpt lat="40.34605" lon="-1.36032">
				<ele>1321.9</ele>
				<time>2026-09-10T14:26:19.857Z</time>
			</trkpt>
			<trkpt lat="40.34596" lon="-1.36062">
				<ele>1328.53</ele>
				<time>2026-09-10T14:26:22.851Z</time>
			</trkpt>
			<trkpt lat="40.34585" lon="-1.36086">
				<ele>1333.66</ele>
				<time>2026-09-10T14:26:25.470Z</time>
			</trkpt>
			<trkpt lat="40.34552" lon="-1.36142">
				<ele>1331.57</ele>
				<time>2026-09-10T14:26:32.160Z</time>
			</trkpt>
			<trkpt lat="40.34541" lon="-1.36152">
				<ele>1333.47</ele>
				<time>2026-09-10T14:26:33.836Z</time>
			</trkpt>
			<trkpt lat="40.34527" lon="-1.36156">
				<ele>1334.64</ele>
				<time>2026-09-10T14:26:35.637Z</time>
			</trkpt>
			<trkpt lat="40.34483" lon="-1.36145">
				<ele>1334.49</ele>
				<time>2026-09-10T14:26:41.314Z</time>
			</trkpt>
			<trkpt lat="40.3443" lon="-1.36135">
				<ele>1330.46</ele>
				<time>2026-09-10T14:26:48.197Z</time>
			</trkpt>
			<trkpt lat="40.34413" lon="-1.36138">
				<ele>1327.64</ele>
				<time>2026-09-10T14:26:50.423Z</time>
			</trkpt>
			<trkpt lat="40.34398" lon="-1.36151">
				<ele>1325.8</ele>
				<time>2026-09-10T14:26:52.769Z</time>
			</trkpt>
			<trkpt lat="40.34372" lon="-1.3618">
				<ele>1326.42</ele>
				<time>2026-09-10T14:26:57.253Z</time>
			</trkpt>
			<trkpt lat="40.34354" lon="-1.36203">
				<ele>1326.87</ele>
				<time>2026-09-10T14:27:00.582Z</time>
			</trkpt>
			<trkpt lat="40.34336" lon="-1.36235">
				<ele>1325.27</ele>
				<time>2026-09-10T14:27:04.629Z</time>
			</trkpt>
			<trkpt lat="40.34299" lon="-1.36275">
				<ele>1319.51</ele>
				<time>2026-09-10T14:27:11.100Z</time>
			</trkpt>
			<trkpt lat="40.34269" lon="-1.36313">
				<ele>1317.79</ele>
				<time>2026-09-10T14:27:16.799Z</time>
			</trkpt>
			<trkpt lat="40.3423" lon="-1.36372">
				<ele>1315.18</ele>
				<time>2026-09-10T14:27:25.047Z</time>
			</trkpt>
			<trkpt lat="40.34201" lon="-1.364">
				<ele>1320.39</ele>
				<time>2026-09-10T14:27:30.101Z</time>
			</trkpt>
			<trkpt lat="40.34177" lon="-1.36416">
				<ele>1318.87</ele>
				<time>2026-09-10T14:27:33.912Z</time>
			</trkpt>
			<trkpt lat="40.34156" lon="-1.36422">
				<ele>1313.31</ele>
				<time>2026-09-10T14:27:36.975Z</time>
			</trkpt>
			<trkpt lat="40.34143" lon="-1.36428">
				<ele>1310.71</ele>
				<time>2026-09-10T14:27:38.948Z</time>
			</trkpt>
			<trkpt lat="40.34097" lon="-1.36468">
				<ele>1305.41</ele>
				<time>2026-09-10T14:27:46.924Z</time>
			</trkpt>
			<trkpt lat="40.34075" lon="-1.36479">
				<ele>1303.57</ele>
				<time>2026-09-10T14:27:50.362Z</time>
			</trkpt>
			<trkpt lat="40.34047" lon="-1.3649">
				<ele>1300.24</ele>
				<time>2026-09-10T14:27:54.661Z</time>
			</trkpt>
			<trkpt lat="40.33975" lon="-1.36505">
				<ele>1285.1</ele>
				<time>2026-09-10T14:28:05.530Z</time>
			</trkpt>
			<trkpt lat="40.33958" lon="-1.36514">
				<ele>1283</ele>
				<time>2026-09-10T14:28:08.296Z</time>
			</trkpt>
			<trkpt lat="40.33933" lon="-1.36543">
				<ele>1279.97</ele>
				<time>2026-09-10T14:28:13.366Z</time>
			</trkpt>
			<trkpt lat="40.33922" lon="-1.36562">
				<ele>1278.25</ele>
				<time>2026-09-10T14:28:16.148Z</time>
			</trkpt>
			<trkpt lat="40.33919" lon="-1.36578">
				<ele>1278.34</ele>
				<time>2026-09-10T14:28:18.077Z</time>
			</trkpt>
			<trkpt lat="40.33919" lon="-1.36671">
				<ele>1273.91</ele>
				<time>2026-09-10T14:28:29.083Z</time>
			</trkpt>
			<trkpt lat="40.33923" lon="-1.36707">
				<ele>1274.54</ele>
				<time>2026-09-10T14:28:33.443Z</time>
			</trkpt>
			<trkpt lat="40.33919" lon="-1.36717">
				<ele>1273.09</ele>
				<time>2026-09-10T14:28:34.804Z</time>
			</trkpt>
			<trkpt lat="40.33914" lon="-1.36721">
				<ele>1271.84</ele>
				<time>2026-09-10T14:28:35.731Z</time>
			</trkpt>
			<trkpt lat="40.33907" lon="-1.36717">
				<ele>1270.91</ele>
				<time>2026-09-10T14:28:36.941Z</time>
			</trkpt>
			<trkpt lat="40.33901" lon="-1.36707">
				<ele>1270.22</ele>
				<time>2026-09-10T14:28:38.483Z</time>
			</trkpt>
			<trkpt lat="40.33887" lon="-1.36641">
				<ele>1264.83</ele>
				<time>2026-09-10T14:28:46.848Z</time>
			</trkpt>
			<trkpt lat="40.33878" lon="-1.36613">
				<ele>1265.54</ele>
				<time>2026-09-10T14:28:50.595Z</time>
			</trkpt>
			<trkpt lat="40.3384" lon="-1.36544">
				<ele>1260.8</ele>
				<time>2026-09-10T14:29:01.209Z</time>
			</trkpt>
			<trkpt lat="40.3383" lon="-1.36529">
				<ele>1258.77</ele>
				<time>2026-09-10T14:29:03.719Z</time>
			</trkpt>
			<trkpt lat="40.33726" lon="-1.36465">
				<ele>1248.1</ele>
				<time>2026-09-10T14:29:23.017Z</time>
			</trkpt>
			<trkpt lat="40.33601" lon="-1.36369">
				<ele>1239.6</ele>
				<time>2026-09-10T14:29:48.153Z</time>
			</trkpt>
			<trkpt lat="40.33587" lon="-1.36355">
				<ele>1239.62</ele>
				<time>2026-09-10T14:29:51.270Z</time>
			</trkpt>
			<trkpt lat="40.3357" lon="-1.36331">
				<ele>1238.89</ele>
				<time>2026-09-10T14:29:55.715Z</time>
			</trkpt>
			<trkpt lat="40.33569" lon="-1.36337">
				<ele>1239.12</ele>
				<time>2026-09-10T14:29:56.551Z</time>
			</trkpt>
			<trkpt lat="40.33566" lon="-1.36342">
				<ele>1239.28</ele>
				<time>2026-09-10T14:29:57.419Z</time>
			</trkpt>
			<trkpt lat="40.33566" lon="-1.36342">
				<ele>1239.28</ele>
				<time>2026-09-10T14:29:57.419Z</time>
			</trkpt>
			<trkpt lat="40.3353" lon="-1.36406">
				<ele>1240.87</ele>
				<time>2026-09-10T14:30:46.627Z</time>
			</trkpt>
			<trkpt lat="40.33566" lon="-1.36342">
				<ele>1239.28</ele>
				<time>2026-09-10T14:31:02.062Z</time>
			</trkpt>
			<trkpt lat="40.33566" lon="-1.36342">
				<ele>1239.28</ele>
				<time>2026-09-10T14:31:02.062Z</time>
			</trkpt>
			<trkpt lat="40.3357" lon="-1.36331">
				<ele>1238.89</ele>
				<time>2026-09-10T14:31:05.389Z</time>
			</trkpt>
			<trkpt lat="40.33548" lon="-1.36283">
				<ele>1236.87</ele>
				<time>2026-09-10T14:31:15.089Z</time>
			</trkpt>
			<trkpt lat="40.3352" lon="-1.36233">
				<ele>1235.1</ele>
				<time>2026-09-10T14:31:19.145Z</time>
			</trkpt>
			<trkpt lat="40.33465" lon="-1.36158">
				<ele>1235.88</ele>
				<time>2026-09-10T14:31:23.351Z</time>
			</trkpt>
			<trkpt lat="40.33441" lon="-1.36128">
				<ele>1238.9</ele>
				<time>2026-09-10T14:31:24.692Z</time>
			</trkpt>
			<trkpt lat="40.33431" lon="-1.36118">
				<ele>1239.65</ele>
				<time>2026-09-10T14:31:25.202Z</time>
			</trkpt>
			<trkpt lat="40.33421" lon="-1.3612">
				<ele>1239.64</ele>
				<time>2026-09-10T14:31:25.625Z</time>
			</trkpt>
			<trkpt lat="40.33415" lon="-1.36126">
				<ele>1239.61</ele>
				<time>2026-09-10T14:31:25.952Z</time>
			</trkpt>
			<trkpt lat="40.3341" lon="-1.36098">
				<ele>1241.34</ele>
				<time>2026-09-10T14:31:26.978Z</time>
			</trkpt>
			<trkpt lat="40.33395" lon="-1.36057">
				<ele>1241.3</ele>
				<time>2026-09-10T14:31:28.844Z</time>
			</trkpt>
			<trkpt lat="40.33346" lon="-1.3595">
				<ele>1237.65</ele>
				<time>2026-09-10T14:31:33.809Z</time>
			</trkpt>
			<trkpt lat="40.33323" lon="-1.35909">
				<ele>1234.17</ele>
				<time>2026-09-10T14:31:35.728Z</time>
			</trkpt>
			<trkpt lat="40.33234" lon="-1.35768">
				<ele>1230.54</ele>
				<time>2026-09-10T14:31:42.161Z</time>
			</trkpt>
			<trkpt lat="40.33221" lon="-1.3574">
				<ele>1231.34</ele>
				<time>2026-09-10T14:31:43.242Z</time>
			</trkpt>
			<trkpt lat="40.33215" lon="-1.35713">
				<ele>1230.81</ele>
				<time>2026-09-10T14:31:44.153Z</time>
			</trkpt>
			<trkpt lat="40.33207" lon="-1.35661">
				<ele>1229.28</ele>
				<time>2026-09-10T14:31:45.834Z</time>
			</trkpt>
			<trkpt lat="40.33185" lon="-1.3558">
				<ele>1229.93</ele>
				<time>2026-09-10T14:31:48.457Z</time>
			</trkpt>
			<trkpt lat="40.33167" lon="-1.355">
				<ele>1226.88</ele>
				<time>2026-09-10T14:31:50.892Z</time>
			</trkpt>
			<trkpt lat="40.33159" lon="-1.35474">
				<ele>1227.9</ele>
				<time>2026-09-10T14:31:51.689Z</time>
			</trkpt>
			<trkpt lat="40.33147" lon="-1.35448">
				<ele>1231.11</ele>
				<time>2026-09-10T14:31:52.540Z</time>
			</trkpt>
			<trkpt lat="40.33128" lon="-1.35413">
				<ele>1230.59</ele>
				<time>2026-09-10T14:31:53.724Z</time>
			</trkpt>
			<trkpt lat="40.33119" lon="-1.35403">
				<ele>1229.44</ele>
				<time>2026-09-10T14:31:54.144Z</time>
			</trkpt>
			<trkpt lat="40.33099" lon="-1.35385">
				<ele>1227.82</ele>
				<time>2026-09-10T14:31:55.000Z</time>
			</trkpt>
			<trkpt lat="40.33061" lon="-1.35366">
				<ele>1227.8</ele>
				<time>2026-09-10T14:31:56.411Z</time>
			</trkpt>
			<trkpt lat="40.33049" lon="-1.35356">
				<ele>1227.55</ele>
				<time>2026-09-10T14:31:56.897Z</time>
			</trkpt>
			<trkpt lat="40.33036" lon="-1.35339">
				<ele>1225.48</ele>
				<time>2026-09-10T14:31:57.520Z</time>
			</trkpt>
			<trkpt lat="40.3303" lon="-1.35324">
				<ele>1225.4</ele>
				<time>2026-09-10T14:31:57.954Z</time>
			</trkpt>
			<trkpt lat="40.33028" lon="-1.35297">
				<ele>1228.6</ele>
				<time>2026-09-10T14:31:58.645Z</time>
			</trkpt>
			<trkpt lat="40.33033" lon="-1.35229">
				<ele>1234.62</ele>
				<time>2026-09-10T14:32:00.357Z</time>
			</trkpt>
			<trkpt lat="40.3306" lon="-1.35044">
				<ele>1234.7</ele>
				<time>2026-09-10T14:32:04.919Z</time>
			</trkpt>
			<trkpt lat="40.3306" lon="-1.35018">
				<ele>1236.47</ele>
				<time>2026-09-10T14:32:05.535Z</time>
			</trkpt>
			<trkpt lat="40.3304" lon="-1.34864">
				<ele>1235.66</ele>
				<time>2026-09-10T14:32:09.200Z</time>
			</trkpt>
			<trkpt lat="40.33039" lon="-1.34828">
				<ele>1234.48</ele>
				<time>2026-09-10T14:32:10.040Z</time>
			</trkpt>
			<trkpt lat="40.33042" lon="-1.34815">
				<ele>1234.13</ele>
				<time>2026-09-10T14:32:10.357Z</time>
			</trkpt>
			<trkpt lat="40.33058" lon="-1.34767">
				<ele>1233.57</ele>
				<time>2026-09-10T14:32:11.581Z</time>
			</trkpt>
			<trkpt lat="40.33061" lon="-1.34749">
				<ele>1233.94</ele>
				<time>2026-09-10T14:32:12.013Z</time>
			</trkpt>
			<trkpt lat="40.33064" lon="-1.34729">
				<ele>1234.65</ele>
				<time>2026-09-10T14:32:12.490Z</time>
			</trkpt>
			<trkpt lat="40.33066" lon="-1.34686">
				<ele>1234.3</ele>
				<time>2026-09-10T14:32:13.503Z</time>
			</trkpt>
			<trkpt lat="40.33064" lon="-1.34664">
				<ele>1233.21</ele>
				<time>2026-09-10T14:32:14.026Z</time>
			</trkpt>
			<trkpt lat="40.3306" lon="-1.34638">
				<ele>1233.08</ele>
				<time>2026-09-10T14:32:14.654Z</time>
			</trkpt>
			<trkpt lat="40.33025" lon="-1.34501">
				<ele>1231.3</ele>
				<time>2026-09-10T14:32:18.132Z</time>
			</trkpt>
			<trkpt lat="40.32997" lon="-1.3444">
				<ele>1228.02</ele>
				<time>2026-09-10T14:32:19.892Z</time>
			</trkpt>
			<trkpt lat="40.32992" lon="-1.34425">
				<ele>1224.75</ele>
				<time>2026-09-10T14:32:20.302Z</time>
			</trkpt>
			<trkpt lat="40.32988" lon="-1.34404">
				<ele>1220.98</ele>
				<time>2026-09-10T14:32:20.847Z</time>
			</trkpt>
			<trkpt lat="40.32987" lon="-1.3438">
				<ele>1219.19</ele>
				<time>2026-09-10T14:32:21.457Z</time>
			</trkpt>
			<trkpt lat="40.32989" lon="-1.3437">
				<ele>1219.43</ele>
				<time>2026-09-10T14:32:21.721Z</time>
			</trkpt>
			<trkpt lat="40.32994" lon="-1.34346">
				<ele>1221.05</ele>
				<time>2026-09-10T14:32:22.361Z</time>
			</trkpt>
			<trkpt lat="40.33009" lon="-1.34294">
				<ele>1223.28</ele>
				<time>2026-09-10T14:32:23.812Z</time>
			</trkpt>
			<trkpt lat="40.33012" lon="-1.34282">
				<ele>1222.82</ele>
				<time>2026-09-10T14:32:24.146Z</time>
			</trkpt>
			<trkpt lat="40.33013" lon="-1.34262">
				<ele>1221.18</ele>
				<time>2026-09-10T14:32:24.679Z</time>
			</trkpt>
			<trkpt lat="40.33012" lon="-1.3425">
				<ele>1220.21</ele>
				<time>2026-09-10T14:32:25.003Z</time>
			</trkpt>
			<trkpt lat="40.33" lon="-1.342">
				<ele>1214.77</ele>
				<time>2026-09-10T14:32:26.428Z</time>
			</trkpt>
			<trkpt lat="40.32996" lon="-1.34171">
				<ele>1214.16</ele>
				<time>2026-09-10T14:32:27.244Z</time>
			</trkpt>
			<trkpt lat="40.32996" lon="-1.34148">
				<ele>1214.11</ele>
				<time>2026-09-10T14:32:27.888Z</time>
			</trkpt>
			<trkpt lat="40.33001" lon="-1.34117">
				<ele>1214.85</ele>
				<time>2026-09-10T14:32:28.788Z</time>
			</trkpt>
			<trkpt lat="40.3302" lon="-1.34046">
				<ele>1217.65</ele>
				<time>2026-09-10T14:32:30.981Z</time>
			</trkpt>
			<trkpt lat="40.33026" lon="-1.34022">
				<ele>1216.23</ele>
				<time>2026-09-10T14:32:31.736Z</time>
			</trkpt>
			<trkpt lat="40.33027" lon="-1.34004">
				<ele>1215.18</ele>
				<time>2026-09-10T14:32:32.282Z</time>
			</trkpt>
			<trkpt lat="40.33018" lon="-1.33797">
				<ele>1197.56</ele>
				<time>2026-09-10T14:32:38.957Z</time>
			</trkpt>
			<trkpt lat="40.33012" lon="-1.33768">
				<ele>1197.42</ele>
				<time>2026-09-10T14:32:39.992Z</time>
			</trkpt>
			<trkpt lat="40.33009" lon="-1.33757">
				<ele>1197.16</ele>
				<time>2026-09-10T14:32:40.399Z</time>
			</trkpt>
			<trkpt lat="40.33" lon="-1.3374">
				<ele>1196.36</ele>
				<time>2026-09-10T14:32:41.128Z</time>
			</trkpt>
			<trkpt lat="40.32933" lon="-1.33627">
				<ele>1184.46</ele>
				<time>2026-09-10T14:32:46.423Z</time>
			</trkpt>
			<trkpt lat="40.3291" lon="-1.33583">
				<ele>1184.42</ele>
				<time>2026-09-10T14:32:48.518Z</time>
			</trkpt>
			<trkpt lat="40.32896" lon="-1.33558">
				<ele>1182.2</ele>
				<time>2026-09-10T14:32:49.768Z</time>
			</trkpt>
			<trkpt lat="40.32757" lon="-1.3339">
				<ele>1169.72</ele>
				<time>2026-09-10T14:33:00.682Z</time>
			</trkpt>
			<trkpt lat="40.32747" lon="-1.33374">
				<ele>1170.03</ele>
				<time>2026-09-10T14:33:01.672Z</time>
			</trkpt>
			<trkpt lat="40.32735" lon="-1.33348">
				<ele>1168.78</ele>
				<time>2026-09-10T14:33:03.150Z</time>
			</trkpt>
			<trkpt lat="40.32727" lon="-1.33274">
				<ele>1169.31</ele>
				<time>2026-09-10T14:33:06.906Z</time>
			</trkpt>
			<trkpt lat="40.32723" lon="-1.33259">
				<ele>1170.4</ele>
				<time>2026-09-10T14:33:07.728Z</time>
			</trkpt>
			<trkpt lat="40.32697" lon="-1.33198">
				<ele>1170.61</ele>
				<time>2026-09-10T14:33:11.440Z</time>
			</trkpt>
			<trkpt lat="40.32688" lon="-1.33163">
				<ele>1172.84</ele>
				<time>2026-09-10T14:33:13.468Z</time>
			</trkpt>
			<trkpt lat="40.32686" lon="-1.33137">
				<ele>1173.88</ele>
				<time>2026-09-10T14:33:14.931Z</time>
			</trkpt>
			<trkpt lat="40.32686" lon="-1.33102">
				<ele>1175.07</ele>
				<time>2026-09-10T14:33:16.928Z</time>
			</trkpt>
			<trkpt lat="40.32687" lon="-1.33089">
				<ele>1175.03</ele>
				<time>2026-09-10T14:33:17.685Z</time>
			</trkpt>
			<trkpt lat="40.32691" lon="-1.33061">
				<ele>1174.49</ele>
				<time>2026-09-10T14:33:19.356Z</time>
			</trkpt>
			<trkpt lat="40.32699" lon="-1.33036">
				<ele>1173.1</ele>
				<time>2026-09-10T14:33:20.974Z</time>
			</trkpt>
			<trkpt lat="40.32749" lon="-1.3293">
				<ele>1166.95</ele>
				<time>2026-09-10T14:33:28.766Z</time>
			</trkpt>
			<trkpt lat="40.32763" lon="-1.32893">
				<ele>1166.6</ele>
				<time>2026-09-10T14:33:31.481Z</time>
			</trkpt>
			<trkpt lat="40.32781" lon="-1.32832">
				<ele>1165.14</ele>
				<time>2026-09-10T14:33:35.920Z</time>
			</trkpt>
			<trkpt lat="40.328" lon="-1.32763">
				<ele>1161.52</ele>
				<time>2026-09-10T14:33:41.108Z</time>
			</trkpt>
			<trkpt lat="40.32858" lon="-1.32514">
				<ele>1152.97</ele>
				<time>2026-09-10T14:34:01.417Z</time>
			</trkpt>
			<trkpt lat="40.32902" lon="-1.32508">
				<ele>1154.24</ele>
				<time>2026-09-10T14:34:06.406Z</time>
			</trkpt>
			<trkpt lat="40.3291" lon="-1.32511">
				<ele>1155.4</ele>
				<time>2026-09-10T14:34:07.698Z</time>
			</trkpt>
			<trkpt lat="40.32928" lon="-1.32524">
				<ele>1158.47</ele>
				<time>2026-09-10T14:34:12.296Z</time>
			</trkpt>
			<trkpt lat="40.32946" lon="-1.32533">
				<ele>1160.68</ele>
				<time>2026-09-10T14:34:18.114Z</time>
			</trkpt>
			<trkpt lat="40.32964" lon="-1.32538">
				<ele>1162.45</ele>
				<time>2026-09-10T14:34:24.698Z</time>
			</trkpt>
			<trkpt lat="40.32999" lon="-1.3254">
				<ele>1163.61</ele>
				<time>2026-09-10T14:34:38.875Z</time>
			</trkpt>
			<trkpt lat="40.33018" lon="-1.32536">
				<ele>1164.06</ele>
				<time>2026-09-10T14:34:46.944Z</time>
			</trkpt>
			<trkpt lat="40.33029" lon="-1.32528">
				<ele>1164</ele>
				<time>2026-09-10T14:34:52.103Z</time>
			</trkpt>
			<trkpt lat="40.33035" lon="-1.32522">
				<ele>1163.27</ele>
				<time>2026-09-10T14:34:55.104Z</time>
			</trkpt>
			<trkpt lat="40.33043" lon="-1.32507">
				<ele>1161.86</ele>
				<time>2026-09-10T14:35:00.386Z</time>
			</trkpt>
			<trkpt lat="40.33063" lon="-1.32514">
				<ele>1163.9</ele>
				<time>2026-09-10T14:35:07.322Z</time>
			</trkpt>
			<trkpt lat="40.33068" lon="-1.32512">
				<ele>1164.48</ele>
				<time>2026-09-10T14:35:08.859Z</time>
			</trkpt>
			<trkpt lat="40.33086" lon="-1.32493">
				<ele>1165.85</ele>
				<time>2026-09-10T14:35:14.401Z</time>
			</trkpt>
			<trkpt lat="40.33069" lon="-1.32462">
				<ele>1161.17</ele>
				<time>2026-09-10T14:35:19.612Z</time>
			</trkpt>
			<trkpt lat="40.33069" lon="-1.32451">
				<ele>1159.79</ele>
				<time>2026-09-10T14:35:21.082Z</time>
			</trkpt>
			<trkpt lat="40.33069" lon="-1.32424">
				<ele>1158.41</ele>
				<time>2026-09-10T14:35:24.866Z</time>
			</trkpt>
			<trkpt lat="40.33065" lon="-1.32427">
				<ele>1157.93</ele>
				<time>2026-09-10T14:35:25.714Z</time>
			</trkpt>
			<trkpt lat="40.33068" lon="-1.32392">
				<ele>1156.57</ele>
				<time>2026-09-10T14:35:30.657Z</time>
			</trkpt>
			<trkpt lat="40.33059" lon="-1.32375">
				<ele>1153.51</ele>
				<time>2026-09-10T14:35:33.559Z</time>
			</trkpt>
			<trkpt lat="40.33057" lon="-1.32366">
				<ele>1152.49</ele>
				<time>2026-09-10T14:35:34.873Z</time>
			</trkpt>
			<trkpt lat="40.33045" lon="-1.32353">
				<ele>1151.55</ele>
				<time>2026-09-10T14:35:37.738Z</time>
			</trkpt>
			<trkpt lat="40.3304" lon="-1.32351">
				<ele>1151.49</ele>
				<time>2026-09-10T14:35:38.700Z</time>
			</trkpt>
			<trkpt lat="40.3302" lon="-1.32326">
				<ele>1152.37</ele>
				<time>2026-09-10T14:35:43.819Z</time>
			</trkpt>
			<trkpt lat="40.3301" lon="-1.32311">
				<ele>1153.33</ele>
				<time>2026-09-10T14:35:46.818Z</time>
			</trkpt>
			<trkpt lat="40.33008" lon="-1.32299">
				<ele>1154.15</ele>
				<time>2026-09-10T14:35:48.739Z</time>
			</trkpt>
			<trkpt lat="40.33012" lon="-1.32286">
				<ele>1154.68</ele>
				<time>2026-09-10T14:35:50.974Z</time>
			</trkpt>
			<trkpt lat="40.33029" lon="-1.32251">
				<ele>1156.72</ele>
				<time>2026-09-10T14:35:57.659Z</time>
			</trkpt>
			<trkpt lat="40.33034" lon="-1.32231">
				<ele>1157.77</ele>
				<time>2026-09-10T14:36:00.957Z</time>
			</trkpt>
			<trkpt lat="40.33037" lon="-1.32212">
				<ele>1157.87</ele>
				<time>2026-09-10T14:36:03.858Z</time>
			</trkpt>
			<trkpt lat="40.33036" lon="-1.32196">
				<ele>1157.74</ele>
				<time>2026-09-10T14:36:06.114Z</time>
			</trkpt>
			<trkpt lat="40.33034" lon="-1.3219">
				<ele>1158.11</ele>
				<time>2026-09-10T14:36:06.989Z</time>
			</trkpt>
			<trkpt lat="40.33029" lon="-1.32187">
				<ele>1158.8</ele>
				<time>2026-09-10T14:36:07.919Z</time>
			</trkpt>
			<trkpt lat="40.33049" lon="-1.31944">
				<ele>1155.69</ele>
				<time>2026-09-10T14:36:27.484Z</time>
			</trkpt>
			<trkpt lat="40.33053" lon="-1.3191">
				<ele>1154.87</ele>
				<time>2026-09-10T14:36:29.927Z</time>
			</trkpt>
			<trkpt lat="40.33067" lon="-1.31869">
				<ele>1152.6</ele>
				<time>2026-09-10T14:36:33.072Z</time>
			</trkpt>
			<trkpt lat="40.33112" lon="-1.31786">
				<ele>1155.45</ele>
				<time>2026-09-10T14:36:40.026Z</time>
			</trkpt>
			<trkpt lat="40.33214" lon="-1.31578">
				<ele>1163.65</ele>
				<time>2026-09-10T14:36:55.910Z</time>
			</trkpt>
			<trkpt lat="40.33231" lon="-1.31553">
				<ele>1165.24</ele>
				<time>2026-09-10T14:36:57.956Z</time>
			</trkpt>
			<trkpt lat="40.33305" lon="-1.31485">
				<ele>1172.32</ele>
				<time>2026-09-10T14:37:04.997Z</time>
			</trkpt>
			<trkpt lat="40.33334" lon="-1.31445">
				<ele>1171.55</ele>
				<time>2026-09-10T14:37:08.174Z</time>
			</trkpt>
			<trkpt lat="40.33353" lon="-1.3141">
				<ele>1170.48</ele>
				<time>2026-09-10T14:37:10.602Z</time>
			</trkpt>
			<trkpt lat="40.33357" lon="-1.31395">
				<ele>1171.88</ele>
				<time>2026-09-10T14:37:11.491Z</time>
			</trkpt>
			<trkpt lat="40.33357" lon="-1.31384">
				<ele>1173.09</ele>
				<time>2026-09-10T14:37:12.102Z</time>
			</trkpt>
			<trkpt lat="40.33347" lon="-1.31334">
				<ele>1177.97</ele>
				<time>2026-09-10T14:37:14.944Z</time>
			</trkpt>
			<trkpt lat="40.33346" lon="-1.31308">
				<ele>1180.99</ele>
				<time>2026-09-10T14:37:16.355Z</time>
			</trkpt>
			<trkpt lat="40.3335" lon="-1.31288">
				<ele>1181.98</ele>
				<time>2026-09-10T14:37:17.466Z</time>
			</trkpt>
			<trkpt lat="40.33358" lon="-1.3127">
				<ele>1182.03</ele>
				<time>2026-09-10T14:37:18.576Z</time>
			</trkpt>
			<trkpt lat="40.33368" lon="-1.3126">
				<ele>1181.46</ele>
				<time>2026-09-10T14:37:19.449Z</time>
			</trkpt>
			<trkpt lat="40.33374" lon="-1.31255">
				<ele>1181.08</ele>
				<time>2026-09-10T14:37:19.940Z</time>
			</trkpt>
			<trkpt lat="40.33432" lon="-1.31234">
				<ele>1181.46</ele>
				<time>2026-09-10T14:37:24.028Z</time>
			</trkpt>
			<trkpt lat="40.33452" lon="-1.31224">
				<ele>1181.2</ele>
				<time>2026-09-10T14:37:25.453Z</time>
			</trkpt>
			<trkpt lat="40.33486" lon="-1.31203">
				<ele>1182.95</ele>
				<time>2026-09-10T14:37:27.918Z</time>
			</trkpt>
			<trkpt lat="40.335" lon="-1.31192">
				<ele>1185.09</ele>
				<time>2026-09-10T14:37:28.974Z</time>
			</trkpt>
			<trkpt lat="40.33506" lon="-1.31185">
				<ele>1185.35</ele>
				<time>2026-09-10T14:37:29.491Z</time>
			</trkpt>
			<trkpt lat="40.33518" lon="-1.3116">
				<ele>1185.82</ele>
				<time>2026-09-10T14:37:30.928Z</time>
			</trkpt>
			<trkpt lat="40.33521" lon="-1.31142">
				<ele>1185.3</ele>
				<time>2026-09-10T14:37:31.816Z</time>
			</trkpt>
			<trkpt lat="40.3352" lon="-1.31119">
				<ele>1183.79</ele>
				<time>2026-09-10T14:37:32.917Z</time>
			</trkpt>
			<trkpt lat="40.33515" lon="-1.311">
				<ele>1183.42</ele>
				<time>2026-09-10T14:37:33.871Z</time>
			</trkpt>
			<trkpt lat="40.3338" lon="-1.30767">
				<ele>1188.72</ele>
				<time>2026-09-10T14:37:50.425Z</time>
			</trkpt>
			<trkpt lat="40.33371" lon="-1.30736">
				<ele>1189.82</ele>
				<time>2026-09-10T14:37:51.766Z</time>
			</trkpt>
			<trkpt lat="40.33368" lon="-1.30716">
				<ele>1190.17</ele>
				<time>2026-09-10T14:37:52.580Z</time>
			</trkpt>
			<trkpt lat="40.33367" lon="-1.30647">
				<ele>1188.52</ele>
				<time>2026-09-10T14:37:55.290Z</time>
			</trkpt>
			<trkpt lat="40.33367" lon="-1.30599">
				<ele>1185.37</ele>
				<time>2026-09-10T14:37:57.130Z</time>
			</trkpt>
			<trkpt lat="40.33371" lon="-1.3053">
				<ele>1187.32</ele>
				<time>2026-09-10T14:37:59.721Z</time>
			</trkpt>
			<trkpt lat="40.33384" lon="-1.30426">
				<ele>1187.64</ele>
				<time>2026-09-10T14:38:03.529Z</time>
			</trkpt>
			<trkpt lat="40.33396" lon="-1.30316">
				<ele>1186.9</ele>
				<time>2026-09-10T14:38:07.369Z</time>
			</trkpt>
			<trkpt lat="40.3341" lon="-1.30129">
				<ele>1183.29</ele>
				<time>2026-09-10T14:38:13.475Z</time>
			</trkpt>
			<trkpt lat="40.33444" lon="-1.29941">
				<ele>1181.69</ele>
				<time>2026-09-10T14:38:19.278Z</time>
			</trkpt>
			<trkpt lat="40.33451" lon="-1.29896">
				<ele>1180.05</ele>
				<time>2026-09-10T14:38:20.591Z</time>
			</trkpt>
			<trkpt lat="40.33453" lon="-1.29864">
				<ele>1181.52</ele>
				<time>2026-09-10T14:38:21.494Z</time>
			</trkpt>
			<trkpt lat="40.33449" lon="-1.29826">
				<ele>1178.93</ele>
				<time>2026-09-10T14:38:22.558Z</time>
			</trkpt>
			<trkpt lat="40.33428" lon="-1.29726">
				<ele>1177.86</ele>
				<time>2026-09-10T14:38:25.351Z</time>
			</trkpt>
			<trkpt lat="40.33403" lon="-1.29619">
				<ele>1174.91</ele>
				<time>2026-09-10T14:38:28.236Z</time>
			</trkpt>
			<trkpt lat="40.33339" lon="-1.29315">
				<ele>1172.85</ele>
				<time>2026-09-10T14:38:35.709Z</time>
			</trkpt>
			<trkpt lat="40.33328" lon="-1.29286">
				<ele>1172.39</ele>
				<time>2026-09-10T14:38:36.426Z</time>
			</trkpt>
			<trkpt lat="40.33269" lon="-1.29169">
				<ele>1171.75</ele>
				<time>2026-09-10T14:38:39.435Z</time>
			</trkpt>
			<trkpt lat="40.33206" lon="-1.29053">
				<ele>1170.48</ele>
				<time>2026-09-10T14:38:42.338Z</time>
			</trkpt>
			<trkpt lat="40.33192" lon="-1.29032">
				<ele>1170.09</ele>
				<time>2026-09-10T14:38:42.891Z</time>
			</trkpt>
			<trkpt lat="40.33138" lon="-1.28968">
				<ele>1169</ele>
				<time>2026-09-10T14:38:44.742Z</time>
			</trkpt>
			<trkpt lat="40.33126" lon="-1.28948">
				<ele>1169.44</ele>
				<time>2026-09-10T14:38:45.226Z</time>
			</trkpt>
			<trkpt lat="40.33121" lon="-1.28936">
				<ele>1169.81</ele>
				<time>2026-09-10T14:38:45.485Z</time>
			</trkpt>
			<trkpt lat="40.32981" lon="-1.2851">
				<ele>1163.66</ele>
				<time>2026-09-10T14:38:53.691Z</time>
			</trkpt>
			<trkpt lat="40.3287" lon="-1.28185">
				<ele>1157.1</ele>
				<time>2026-09-10T14:38:59.465Z</time>
			</trkpt>
			<trkpt lat="40.32847" lon="-1.28136">
				<ele>1157.38</ele>
				<time>2026-09-10T14:39:00.374Z</time>
			</trkpt>
			<trkpt lat="40.32764" lon="-1.27995">
				<ele>1153.69</ele>
				<time>2026-09-10T14:39:03.167Z</time>
			</trkpt>
			<trkpt lat="40.32747" lon="-1.27962">
				<ele>1154.38</ele>
				<time>2026-09-10T14:39:03.790Z</time>
			</trkpt>
			<trkpt lat="40.3273" lon="-1.2792">
				<ele>1155.9</ele>
				<time>2026-09-10T14:39:04.533Z</time>
			</trkpt>
			<trkpt lat="40.32678" lon="-1.27782">
				<ele>1154.84</ele>
				<time>2026-09-10T14:39:06.945Z</time>
			</trkpt>
			<trkpt lat="40.32665" lon="-1.27753">
				<ele>1154.95</ele>
				<time>2026-09-10T14:39:07.474Z</time>
			</trkpt>
			<trkpt lat="40.32644" lon="-1.2772">
				<ele>1152.18</ele>
				<time>2026-09-10T14:39:08.153Z</time>
			</trkpt>
			<trkpt lat="40.32417" lon="-1.27421">
				<ele>1142.08</ele>
				<time>2026-09-10T14:39:15.027Z</time>
			</trkpt>
			<trkpt lat="40.32328" lon="-1.27308">
				<ele>1140.49</ele>
				<time>2026-09-10T14:39:17.827Z</time>
			</trkpt>
			<trkpt lat="40.32315" lon="-1.27287">
				<ele>1140.61</ele>
				<time>2026-09-10T14:39:18.305Z</time>
			</trkpt>
			<trkpt lat="40.32301" lon="-1.27261">
				<ele>1141.05</ele>
				<time>2026-09-10T14:39:18.871Z</time>
			</trkpt>
			<trkpt lat="40.32144" lon="-1.26902">
				<ele>1132.25</ele>
				<time>2026-09-10T14:39:26.747Z</time>
			</trkpt>
			<trkpt lat="40.32123" lon="-1.26857">
				<ele>1130.78</ele>
				<time>2026-09-10T14:39:27.831Z</time>
			</trkpt>
			<trkpt lat="40.32101" lon="-1.2682">
				<ele>1129.15</ele>
				<time>2026-09-10T14:39:28.812Z</time>
			</trkpt>
			<trkpt lat="40.32082" lon="-1.26796">
				<ele>1128.65</ele>
				<time>2026-09-10T14:39:29.546Z</time>
			</trkpt>
			<trkpt lat="40.31847" lon="-1.26553">
				<ele>1126.79</ele>
				<time>2026-09-10T14:39:38.583Z</time>
			</trkpt>
			<trkpt lat="40.31633" lon="-1.26336">
				<ele>1128.64</ele>
				<time>2026-09-10T14:39:48.057Z</time>
			</trkpt>
			<trkpt lat="40.31574" lon="-1.2626">
				<ele>1129.88</ele>
				<time>2026-09-10T14:39:51.240Z</time>
			</trkpt>
			<trkpt lat="40.31548" lon="-1.26229">
				<ele>1133.12</ele>
				<time>2026-09-10T14:39:52.636Z</time>
			</trkpt>
			<trkpt lat="40.31328" lon="-1.25945">
				<ele>1133.01</ele>
				<time>2026-09-10T14:40:06.111Z</time>
			</trkpt>
			<trkpt lat="40.31151" lon="-1.25726">
				<ele>1123.57</ele>
				<time>2026-09-10T14:40:18.427Z</time>
			</trkpt>
			<trkpt lat="40.31073" lon="-1.25625">
				<ele>1123.67</ele>
				<time>2026-09-10T14:40:24.514Z</time>
			</trkpt>
			<trkpt lat="40.31055" lon="-1.25593">
				<ele>1124.96</ele>
				<time>2026-09-10T14:40:26.260Z</time>
			</trkpt>
			<trkpt lat="40.31047" lon="-1.25559">
				<ele>1122.58</ele>
				<time>2026-09-10T14:40:27.846Z</time>
			</trkpt>
			<trkpt lat="40.31019" lon="-1.25422">
				<ele>1123.93</ele>
				<time>2026-09-10T14:40:34.392Z</time>
			</trkpt>
			<trkpt lat="40.31015" lon="-1.25375">
				<ele>1128.53</ele>
				<time>2026-09-10T14:40:36.657Z</time>
			</trkpt>
			<trkpt lat="40.31018" lon="-1.25347">
				<ele>1130.74</ele>
				<time>2026-09-10T14:40:38.030Z</time>
			</trkpt>
			<trkpt lat="40.31029" lon="-1.25285">
				<ele>1134.01</ele>
				<time>2026-09-10T14:40:41.179Z</time>
			</trkpt>
			<trkpt lat="40.31051" lon="-1.25127">
				<ele>1135.85</ele>
				<time>2026-09-10T14:40:49.471Z</time>
			</trkpt>
			<trkpt lat="40.31058" lon="-1.25095">
				<ele>1138.15</ele>
				<time>2026-09-10T14:40:51.254Z</time>
			</trkpt>
			<trkpt lat="40.31125" lon="-1.24902">
				<ele>1148.51</ele>
				<time>2026-09-10T14:41:03.144Z</time>
			</trkpt>
			<trkpt lat="40.31133" lon="-1.2487">
				<ele>1148.79</ele>
				<time>2026-09-10T14:41:05.119Z</time>
			</trkpt>
			<trkpt lat="40.31177" lon="-1.24631">
				<ele>1154.61</ele>
				<time>2026-09-10T14:41:20.293Z</time>
			</trkpt>
			<trkpt lat="40.31188" lon="-1.24595">
				<ele>1155.8</ele>
				<time>2026-09-10T14:41:22.811Z</time>
			</trkpt>
			<trkpt lat="40.31253" lon="-1.24438">
				<ele>1160.39</ele>
				<time>2026-09-10T14:41:34.861Z</time>
			</trkpt>
			<trkpt lat="40.3151" lon="-1.24059">
				<ele>1143.01</ele>
				<time>2026-09-10T14:42:13.348Z</time>
			</trkpt>
			<trkpt lat="40.31635" lon="-1.2391">
				<ele>1137.74</ele>
				<time>2026-09-10T14:42:32.273Z</time>
			</trkpt>
			<trkpt lat="40.31709" lon="-1.23816">
				<ele>1135.21</ele>
				<time>2026-09-10T14:42:44.484Z</time>
			</trkpt>
			<trkpt lat="40.31781" lon="-1.23725">
				<ele>1131</ele>
				<time>2026-09-10T14:42:56.836Z</time>
			</trkpt>
			<trkpt lat="40.31815" lon="-1.23669">
				<ele>1129.69</ele>
				<time>2026-09-10T14:43:03.791Z</time>
			</trkpt>
			<trkpt lat="40.31818" lon="-1.23656">
				<ele>1129.33</ele>
				<time>2026-09-10T14:43:05.127Z</time>
			</trkpt>
			<trkpt lat="40.3182" lon="-1.2363">
				<ele>1128.94</ele>
				<time>2026-09-10T14:43:07.714Z</time>
			</trkpt>
			<trkpt lat="40.31823" lon="-1.2362">
				<ele>1128.68</ele>
				<time>2026-09-10T14:43:08.784Z</time>
			</trkpt>
			<trkpt lat="40.31769" lon="-1.23547">
				<ele>1132.61</ele>
				<time>2026-09-10T14:43:31.170Z</time>
			</trkpt>
			<trkpt lat="40.31774" lon="-1.23543">
				<ele>1132.58</ele>
				<time>2026-09-10T14:43:35.552Z</time>
			</trkpt>
			<trkpt lat="40.31782" lon="-1.23541">
				<ele>1132.06</ele>
				<time>2026-09-10T14:43:41.708Z</time>
			</trkpt>
			<trkpt lat="40.31791" lon="-1.23543">
				<ele>1130.96</ele>
				<time>2026-09-10T14:43:48.245Z</time>
			</trkpt>
			<trkpt lat="40.31809" lon="-1.23537">
				<ele>1129.54</ele>
				<time>2026-09-10T14:43:58.070Z</time>
			</trkpt>
			<trkpt lat="40.31841" lon="-1.23511">
				<ele>1130.06</ele>
				<time>2026-09-10T14:44:05.415Z</time>
			</trkpt>
			<trkpt lat="40.31869" lon="-1.23571">
				<ele>1127.61</ele>
				<time>2026-09-10T14:44:15.326Z</time>
			</trkpt>
			<trkpt lat="40.31915" lon="-1.23538">
				<ele>1126.44</ele>
				<time>2026-09-10T14:44:24.238Z</time>
			</trkpt>
			<trkpt lat="40.31953" lon="-1.23516">
				<ele>1124.18</ele>
				<time>2026-09-10T14:44:28.330Z</time>
			</trkpt>
			<trkpt lat="40.3196" lon="-1.23511">
				<ele>1123.94</ele>
				<time>2026-09-10T14:44:29.110Z</time>
			</trkpt>
			<trkpt lat="40.31968" lon="-1.23499">
				<ele>1124.03</ele>
				<time>2026-09-10T14:44:30.294Z</time>
			</trkpt>
			<trkpt lat="40.31973" lon="-1.23478">
				<ele>1124.84</ele>
				<time>2026-09-10T14:44:31.921Z</time>
			</trkpt>
			<trkpt lat="40.31977" lon="-1.23427">
				<ele>1123.31</ele>
				<time>2026-09-10T14:44:35.681Z</time>
			</trkpt>
			<trkpt lat="40.31979" lon="-1.23402">
				<ele>1122.58</ele>
				<time>2026-09-10T14:44:37.507Z</time>
			</trkpt>
			<trkpt lat="40.31985" lon="-1.2337">
				<ele>1123.12</ele>
				<time>2026-09-10T14:44:39.886Z</time>
			</trkpt>
			<trkpt lat="40.32021" lon="-1.23223">
				<ele>1120.21</ele>
				<time>2026-09-10T14:44:50.782Z</time>
			</trkpt>
			<trkpt lat="40.32072" lon="-1.23087">
				<ele>1119.54</ele>
				<time>2026-09-10T14:45:01.093Z</time>
			</trkpt>
			<trkpt lat="40.3214" lon="-1.22879">
				<ele>1115.27</ele>
				<time>2026-09-10T14:45:15.805Z</time>
			</trkpt>
			<trkpt lat="40.3216" lon="-1.22824">
				<ele>1114.28</ele>
				<time>2026-09-10T14:45:19.630Z</time>
			</trkpt>
			<trkpt lat="40.32185" lon="-1.22764">
				<ele>1111.65</ele>
				<time>2026-09-10T14:45:23.856Z</time>
			</trkpt>
			<trkpt lat="40.32295" lon="-1.22545">
				<ele>1115.83</ele>
				<time>2026-09-10T14:45:39.423Z</time>
			</trkpt>
			<trkpt lat="40.32304" lon="-1.22517">
				<ele>1117.43</ele>
				<time>2026-09-10T14:45:41.163Z</time>
			</trkpt>
			<trkpt lat="40.32309" lon="-1.2249">
				<ele>1117.43</ele>
				<time>2026-09-10T14:45:42.743Z</time>
			</trkpt>
			<trkpt lat="40.32311" lon="-1.22444">
				<ele>1115.6</ele>
				<time>2026-09-10T14:45:45.340Z</time>
			</trkpt>
			<trkpt lat="40.32299" lon="-1.22252">
				<ele>1114.08</ele>
				<time>2026-09-10T14:45:55.883Z</time>
			</trkpt>
			<trkpt lat="40.323" lon="-1.22214">
				<ele>1111.83</ele>
				<time>2026-09-10T14:45:57.906Z</time>
			</trkpt>
			<trkpt lat="40.32303" lon="-1.22187">
				<ele>1112.07</ele>
				<time>2026-09-10T14:45:59.346Z</time>
			</trkpt>
			<trkpt lat="40.32321" lon="-1.22122">
				<ele>1113.73</ele>
				<time>2026-09-10T14:46:02.953Z</time>
			</trkpt>
			<trkpt lat="40.32344" lon="-1.22065">
				<ele>1112.31</ele>
				<time>2026-09-10T14:46:06.263Z</time>
			</trkpt>
			<trkpt lat="40.32474" lon="-1.21788">
				<ele>1101.41</ele>
				<time>2026-09-10T14:46:22.186Z</time>
			</trkpt>
			<trkpt lat="40.32498" lon="-1.2174">
				<ele>1101.93</ele>
				<time>2026-09-10T14:46:24.868Z</time>
			</trkpt>
			<trkpt lat="40.32523" lon="-1.21694">
				<ele>1100.95</ele>
				<time>2026-09-10T14:46:27.472Z</time>
			</trkpt>
			<trkpt lat="40.32592" lon="-1.21595">
				<ele>1100.32</ele>
				<time>2026-09-10T14:46:33.515Z</time>
			</trkpt>
			<trkpt lat="40.3268" lon="-1.21475">
				<ele>1096.5</ele>
				<time>2026-09-10T14:46:40.754Z</time>
			</trkpt>
			<trkpt lat="40.32775" lon="-1.2136">
				<ele>1091.35</ele>
				<time>2026-09-10T14:46:47.842Z</time>
			</trkpt>
			<trkpt lat="40.3279" lon="-1.21335">
				<ele>1090.06</ele>
				<time>2026-09-10T14:46:49.142Z</time>
			</trkpt>
			<trkpt lat="40.32799" lon="-1.2131">
				<ele>1090.12</ele>
				<time>2026-09-10T14:46:50.263Z</time>
			</trkpt>
			<trkpt lat="40.32804" lon="-1.21283">
				<ele>1091.68</ele>
				<time>2026-09-10T14:46:51.383Z</time>
			</trkpt>
			<trkpt lat="40.32802" lon="-1.21242">
				<ele>1095.06</ele>
				<time>2026-09-10T14:46:53.026Z</time>
			</trkpt>
			<trkpt lat="40.32789" lon="-1.21133">
				<ele>1093.5</ele>
				<time>2026-09-10T14:46:57.364Z</time>
			</trkpt>
			<trkpt lat="40.3278" lon="-1.21091">
				<ele>1094</ele>
				<time>2026-09-10T14:46:59.050Z</time>
			</trkpt>
			<trkpt lat="40.32732" lon="-1.20963">
				<ele>1096.14</ele>
				<time>2026-09-10T14:47:04.453Z</time>
			</trkpt>
			<trkpt lat="40.32649" lon="-1.20814">
				<ele>1092.84</ele>
				<time>2026-09-10T14:47:11.201Z</time>
			</trkpt>
			<trkpt lat="40.32635" lon="-1.20776">
				<ele>1091.64</ele>
				<time>2026-09-10T14:47:12.709Z</time>
			</trkpt>
			<trkpt lat="40.32627" lon="-1.20742">
				<ele>1092.26</ele>
				<time>2026-09-10T14:47:13.970Z</time>
			</trkpt>
			<trkpt lat="40.32621" lon="-1.2068">
				<ele>1095.65</ele>
				<time>2026-09-10T14:47:16.162Z</time>
			</trkpt>
			<trkpt lat="40.32627" lon="-1.20633">
				<ele>1097.04</ele>
				<time>2026-09-10T14:47:17.816Z</time>
			</trkpt>
			<trkpt lat="40.32634" lon="-1.20605">
				<ele>1097.66</ele>
				<time>2026-09-10T14:47:18.831Z</time>
			</trkpt>
			<trkpt lat="40.32643" lon="-1.20579">
				<ele>1098.17</ele>
				<time>2026-09-10T14:47:19.809Z</time>
			</trkpt>
			<trkpt lat="40.32671" lon="-1.20528">
				<ele>1098.66</ele>
				<time>2026-09-10T14:47:21.943Z</time>
			</trkpt>
			<trkpt lat="40.32693" lon="-1.20503">
				<ele>1097.94</ele>
				<time>2026-09-10T14:47:23.226Z</time>
			</trkpt>
			<trkpt lat="40.32751" lon="-1.20467">
				<ele>1095.77</ele>
				<time>2026-09-10T14:47:26.025Z</time>
			</trkpt>
			<trkpt lat="40.32803" lon="-1.2045">
				<ele>1094.19</ele>
				<time>2026-09-10T14:47:28.329Z</time>
			</trkpt>
			<trkpt lat="40.33011" lon="-1.20399">
				<ele>1087.86</ele>
				<time>2026-09-10T14:47:37.164Z</time>
			</trkpt>
			<trkpt lat="40.33094" lon="-1.20372">
				<ele>1081.31</ele>
				<time>2026-09-10T14:47:40.625Z</time>
			</trkpt>
			<trkpt lat="40.33152" lon="-1.20346">
				<ele>1076.95</ele>
				<time>2026-09-10T14:47:43.071Z</time>
			</trkpt>
			<trkpt lat="40.33185" lon="-1.20334">
				<ele>1075.32</ele>
				<time>2026-09-10T14:47:44.426Z</time>
			</trkpt>
			<trkpt lat="40.33239" lon="-1.20325">
				<ele>1072.8</ele>
				<time>2026-09-10T14:47:46.563Z</time>
			</trkpt>
			<trkpt lat="40.33279" lon="-1.20329">
				<ele>1071.63</ele>
				<time>2026-09-10T14:47:48.125Z</time>
			</trkpt>
			<trkpt lat="40.33341" lon="-1.20345">
				<ele>1065.38</ele>
				<time>2026-09-10T14:47:50.566Z</time>
			</trkpt>
			<trkpt lat="40.33424" lon="-1.20344">
				<ele>1063.49</ele>
				<time>2026-09-10T14:47:53.738Z</time>
			</trkpt>
			<trkpt lat="40.33458" lon="-1.20347">
				<ele>1060.66</ele>
				<time>2026-09-10T14:47:55.030Z</time>
			</trkpt>
			<trkpt lat="40.33608" lon="-1.20387">
				<ele>1048.07</ele>
				<time>2026-09-10T14:48:00.767Z</time>
			</trkpt>
			<trkpt lat="40.33647" lon="-1.20392">
				<ele>1044.89</ele>
				<time>2026-09-10T14:48:02.220Z</time>
			</trkpt>
			<trkpt lat="40.33681" lon="-1.20393">
				<ele>1043.11</ele>
				<time>2026-09-10T14:48:03.477Z</time>
			</trkpt>
			<trkpt lat="40.33712" lon="-1.20385">
				<ele>1040.51</ele>
				<time>2026-09-10T14:48:04.642Z</time>
			</trkpt>
			<trkpt lat="40.33743" lon="-1.20374">
				<ele>1038.01</ele>
				<time>2026-09-10T14:48:05.823Z</time>
			</trkpt>
			<trkpt lat="40.33828" lon="-1.20308">
				<ele>1030.29</ele>
				<time>2026-09-10T14:48:09.438Z</time>
			</trkpt>
			<trkpt lat="40.33856" lon="-1.20289">
				<ele>1030.14</ele>
				<time>2026-09-10T14:48:10.587Z</time>
			</trkpt>
			<trkpt lat="40.3388" lon="-1.20277">
				<ele>1028.16</ele>
				<time>2026-09-10T14:48:11.522Z</time>
			</trkpt>
			<trkpt lat="40.33907" lon="-1.2027">
				<ele>1026.6</ele>
				<time>2026-09-10T14:48:12.523Z</time>
			</trkpt>
			<trkpt lat="40.33935" lon="-1.20265">
				<ele>1025.67</ele>
				<time>2026-09-10T14:48:13.550Z</time>
			</trkpt>
			<trkpt lat="40.3412" lon="-1.20265">
				<ele>1020.42</ele>
				<time>2026-09-10T14:48:20.258Z</time>
			</trkpt>
			<trkpt lat="40.34149" lon="-1.20261">
				<ele>1018.75</ele>
				<time>2026-09-10T14:48:21.315Z</time>
			</trkpt>
			<trkpt lat="40.34184" lon="-1.20251">
				<ele>1014.85</ele>
				<time>2026-09-10T14:48:22.613Z</time>
			</trkpt>
			<trkpt lat="40.34231" lon="-1.20227">
				<ele>1014.46</ele>
				<time>2026-09-10T14:48:24.444Z</time>
			</trkpt>
			<trkpt lat="40.34254" lon="-1.20207">
				<ele>1014.97</ele>
				<time>2026-09-10T14:48:25.446Z</time>
			</trkpt>
			<trkpt lat="40.34326" lon="-1.20132">
				<ele>1011.83</ele>
				<time>2026-09-10T14:48:28.795Z</time>
			</trkpt>
			<trkpt lat="40.34382" lon="-1.20082">
				<ele>1011.11</ele>
				<time>2026-09-10T14:48:31.272Z</time>
			</trkpt>
			<trkpt lat="40.34422" lon="-1.20053">
				<ele>1004.87</ele>
				<time>2026-09-10T14:48:32.951Z</time>
			</trkpt>
			<trkpt lat="40.34489" lon="-1.20009">
				<ele>1000.82</ele>
				<time>2026-09-10T14:48:35.715Z</time>
			</trkpt>
			<trkpt lat="40.34522" lon="-1.19982">
				<ele>1001.44</ele>
				<time>2026-09-10T14:48:37.157Z</time>
			</trkpt>
			<trkpt lat="40.34593" lon="-1.19904">
				<ele>999.8</ele>
				<time>2026-09-10T14:48:40.615Z</time>
			</trkpt>
			<trkpt lat="40.34624" lon="-1.19867">
				<ele>998.58</ele>
				<time>2026-09-10T14:48:42.192Z</time>
			</trkpt>
			<trkpt lat="40.3466" lon="-1.19819">
				<ele>995.76</ele>
				<time>2026-09-10T14:48:44.134Z</time>
			</trkpt>
			<trkpt lat="40.34696" lon="-1.19753">
				<ele>993.34</ele>
				<time>2026-09-10T14:48:46.493Z</time>
			</trkpt>
			<trkpt lat="40.34724" lon="-1.19693">
				<ele>991.29</ele>
				<time>2026-09-10T14:48:48.555Z</time>
			</trkpt>
			<trkpt lat="40.34768" lon="-1.1962">
				<ele>990.52</ele>
				<time>2026-09-10T14:48:51.309Z</time>
			</trkpt>
			<trkpt lat="40.34792" lon="-1.19586">
				<ele>987.69</ele>
				<time>2026-09-10T14:48:52.693Z</time>
			</trkpt>
			<trkpt lat="40.34869" lon="-1.19489">
				<ele>985.8</ele>
				<time>2026-09-10T14:48:56.927Z</time>
			</trkpt>
			<trkpt lat="40.34891" lon="-1.19459">
				<ele>984.61</ele>
				<time>2026-09-10T14:48:58.201Z</time>
			</trkpt>
			<trkpt lat="40.3496" lon="-1.19346">
				<ele>980.49</ele>
				<time>2026-09-10T14:49:02.697Z</time>
			</trkpt>
			<trkpt lat="40.34986" lon="-1.19308">
				<ele>979.08</ele>
				<time>2026-09-10T14:49:04.307Z</time>
			</trkpt>
			<trkpt lat="40.35071" lon="-1.19219">
				<ele>974.1</ele>
				<time>2026-09-10T14:49:08.879Z</time>
			</trkpt>
			<trkpt lat="40.35106" lon="-1.1918">
				<ele>972.49</ele>
				<time>2026-09-10T14:49:10.843Z</time>
			</trkpt>
			<trkpt lat="40.35137" lon="-1.19141">
				<ele>969.17</ele>
				<time>2026-09-10T14:49:12.700Z</time>
			</trkpt>
			<trkpt lat="40.35155" lon="-1.19113">
				<ele>968.31</ele>
				<time>2026-09-10T14:49:13.917Z</time>
			</trkpt>
			<trkpt lat="40.35193" lon="-1.19044">
				<ele>964.63</ele>
				<time>2026-09-10T14:49:16.777Z</time>
			</trkpt>
			<trkpt lat="40.35233" lon="-1.18974">
				<ele>962.32</ele>
				<time>2026-09-10T14:49:19.765Z</time>
			</trkpt>
			<trkpt lat="40.3525" lon="-1.18948">
				<ele>962.27</ele>
				<time>2026-09-10T14:49:20.949Z</time>
			</trkpt>
			<trkpt lat="40.35267" lon="-1.18929">
				<ele>961.39</ele>
				<time>2026-09-10T14:49:21.968Z</time>
			</trkpt>
			<trkpt lat="40.35315" lon="-1.1889">
				<ele>958.22</ele>
				<time>2026-09-10T14:49:24.572Z</time>
			</trkpt>
			<trkpt lat="40.35347" lon="-1.18858">
				<ele>958.42</ele>
				<time>2026-09-10T14:49:26.451Z</time>
			</trkpt>
			<trkpt lat="40.35383" lon="-1.18825">
				<ele>956.89</ele>
				<time>2026-09-10T14:49:28.525Z</time>
			</trkpt>
			<trkpt lat="40.354" lon="-1.18811">
				<ele>952.93</ele>
				<time>2026-09-10T14:49:29.481Z</time>
			</trkpt>
			<trkpt lat="40.3544" lon="-1.18784">
				<ele>949.15</ele>
				<time>2026-09-10T14:49:31.644Z</time>
			</trkpt>
			<trkpt lat="40.35462" lon="-1.18763">
				<ele>949.38</ele>
				<time>2026-09-10T14:49:32.965Z</time>
			</trkpt>
			<trkpt lat="40.35471" lon="-1.1875">
				<ele>948.95</ele>
				<time>2026-09-10T14:49:33.619Z</time>
			</trkpt>
			<trkpt lat="40.35478" lon="-1.18735">
				<ele>948.31</ele>
				<time>2026-09-10T14:49:34.276Z</time>
			</trkpt>
			<trkpt lat="40.35501" lon="-1.18654">
				<ele>944.13</ele>
				<time>2026-09-10T14:49:37.542Z</time>
			</trkpt>
			<trkpt lat="40.35514" lon="-1.18625">
				<ele>942.67</ele>
				<time>2026-09-10T14:49:38.830Z</time>
			</trkpt>
			<trkpt lat="40.35528" lon="-1.18607">
				<ele>940.5</ele>
				<time>2026-09-10T14:49:39.821Z</time>
			</trkpt>
			<trkpt lat="40.35559" lon="-1.1858">
				<ele>936.67</ele>
				<time>2026-09-10T14:49:41.718Z</time>
			</trkpt>
			<trkpt lat="40.35567" lon="-1.18572">
				<ele>935.94</ele>
				<time>2026-09-10T14:49:42.234Z</time>
			</trkpt>
			<trkpt lat="40.35573" lon="-1.18563">
				<ele>935.2</ele>
				<time>2026-09-10T14:49:42.703Z</time>
			</trkpt>
			<trkpt lat="40.35578" lon="-1.18547">
				<ele>934.6</ele>
				<time>2026-09-10T14:49:43.384Z</time>
			</trkpt>
			<trkpt lat="40.35582" lon="-1.1851">
				<ele>933.5</ele>
				<time>2026-09-10T14:49:44.864Z</time>
			</trkpt>
			<trkpt lat="40.35582" lon="-1.1838">
				<ele>923.7</ele>
				<time>2026-09-10T14:49:50.110Z</time>
			</trkpt>
			<trkpt lat="40.35585" lon="-1.18361">
				<ele>920.76</ele>
				<time>2026-09-10T14:49:50.907Z</time>
			</trkpt>
			<trkpt lat="40.35591" lon="-1.18351">
				<ele>919.34</ele>
				<time>2026-09-10T14:49:51.431Z</time>
			</trkpt>
			<trkpt lat="40.35588" lon="-1.18347">
				<ele>919.34</ele>
				<time>2026-09-10T14:49:51.663Z</time>
			</trkpt>
			<trkpt lat="40.35541" lon="-1.1834">
				<ele>923.01</ele>
				<time>2026-09-10T14:49:54.246Z</time>
			</trkpt>
			<trkpt lat="40.3552" lon="-1.18331">
				<ele>924.32</ele>
				<time>2026-09-10T14:49:55.462Z</time>
			</trkpt>
			<trkpt lat="40.35506" lon="-1.18318">
				<ele>924.81</ele>
				<time>2026-09-10T14:49:56.407Z</time>
			</trkpt>
			<trkpt lat="40.35475" lon="-1.18278">
				<ele>922.75</ele>
				<time>2026-09-10T14:49:58.808Z</time>
			</trkpt>
			<trkpt lat="40.3545" lon="-1.18242">
				<ele>920.64</ele>
				<time>2026-09-10T14:50:00.862Z</time>
			</trkpt>
			<trkpt lat="40.35423" lon="-1.18196">
				<ele>919.77</ele>
				<time>2026-09-10T14:50:03.317Z</time>
			</trkpt>
			<trkpt lat="40.35268" lon="-1.17907">
				<ele>916.54</ele>
				<time>2026-09-10T14:50:18.390Z</time>
			</trkpt>
			<trkpt lat="40.35252" lon="-1.17881">
				<ele>920.33</ele>
				<time>2026-09-10T14:50:19.827Z</time>
			</trkpt>
			<trkpt lat="40.35225" lon="-1.17851">
				<ele>919.81</ele>
				<time>2026-09-10T14:50:21.824Z</time>
			</trkpt>
			<trkpt lat="40.35214" lon="-1.17834">
				<ele>918.56</ele>
				<time>2026-09-10T14:50:22.785Z</time>
			</trkpt>
			<trkpt lat="40.3519" lon="-1.17787">
				<ele>918.12</ele>
				<time>2026-09-10T14:50:25.227Z</time>
			</trkpt>
			<trkpt lat="40.35135" lon="-1.17712">
				<ele>923.46</ele>
				<time>2026-09-10T14:50:29.730Z</time>
			</trkpt>
			<trkpt lat="40.35097" lon="-1.17644">
				<ele>925.66</ele>
				<time>2026-09-10T14:50:33.389Z</time>
			</trkpt>
			<trkpt lat="40.35092" lon="-1.17628">
				<ele>925.66</ele>
				<time>2026-09-10T14:50:34.140Z</time>
			</trkpt>
			<trkpt lat="40.35088" lon="-1.17605">
				<ele>924.65</ele>
				<time>2026-09-10T14:50:35.166Z</time>
			</trkpt>
			<trkpt lat="40.35089" lon="-1.17588">
				<ele>924.3</ele>
				<time>2026-09-10T14:50:35.908Z</time>
			</trkpt>
			<trkpt lat="40.35095" lon="-1.17567">
				<ele>924.08</ele>
				<time>2026-09-10T14:50:36.884Z</time>
			</trkpt>
			<trkpt lat="40.35114" lon="-1.17511">
				<ele>921.59</ele>
				<time>2026-09-10T14:50:39.556Z</time>
			</trkpt>
			<trkpt lat="40.35119" lon="-1.17486">
				<ele>919.28</ele>
				<time>2026-09-10T14:50:40.684Z</time>
			</trkpt>
			<trkpt lat="40.35118" lon="-1.17464">
				<ele>916.76</ele>
				<time>2026-09-10T14:50:41.647Z</time>
			</trkpt>
			<trkpt lat="40.35111" lon="-1.17441">
				<ele>913.55</ele>
				<time>2026-09-10T14:50:42.729Z</time>
			</trkpt>
			<trkpt lat="40.351" lon="-1.17418">
				<ele>910.68</ele>
				<time>2026-09-10T14:50:43.916Z</time>
			</trkpt>
			<trkpt lat="40.35088" lon="-1.17388">
				<ele>911.76</ele>
				<time>2026-09-10T14:50:45.399Z</time>
			</trkpt>
			<trkpt lat="40.35031" lon="-1.17265">
				<ele>922.64</ele>
				<time>2026-09-10T14:50:51.711Z</time>
			</trkpt>
			<trkpt lat="40.35013" lon="-1.17218">
				<ele>919.4</ele>
				<time>2026-09-10T14:50:54.023Z</time>
			</trkpt>
			<trkpt lat="40.35004" lon="-1.17191">
				<ele>919.14</ele>
				<time>2026-09-10T14:50:55.319Z</time>
			</trkpt>
			<trkpt lat="40.34996" lon="-1.17179">
				<ele>918.8</ele>
				<time>2026-09-10T14:50:56.021Z</time>
			</trkpt>
			<trkpt lat="40.34977" lon="-1.17159">
				<ele>917.51</ele>
				<time>2026-09-10T14:50:57.428Z</time>
			</trkpt>
			<trkpt lat="40.34957" lon="-1.17141">
				<ele>916.89</ele>
				<time>2026-09-10T14:50:58.830Z</time>
			</trkpt>
			<trkpt lat="40.34944" lon="-1.17124">
				<ele>916.34</ele>
				<time>2026-09-10T14:50:59.892Z</time>
			</trkpt>
			<trkpt lat="40.34939" lon="-1.17106">
				<ele>915.64</ele>
				<time>2026-09-10T14:51:00.736Z</time>
			</trkpt>
			<trkpt lat="40.3494" lon="-1.17082">
				<ele>917</ele>
				<time>2026-09-10T14:51:01.797Z</time>
			</trkpt>
			<trkpt lat="40.3496" lon="-1.17026">
				<ele>916.5</ele>
				<time>2026-09-10T14:51:04.527Z</time>
			</trkpt>
			<trkpt lat="40.34959" lon="-1.16987">
				<ele>917.89</ele>
				<time>2026-09-10T14:51:06.251Z</time>
			</trkpt>
			<trkpt lat="40.34956" lon="-1.16964">
				<ele>918.55</ele>
				<time>2026-09-10T14:51:07.282Z</time>
			</trkpt>
			<trkpt lat="40.34947" lon="-1.16953">
				<ele>919</ele>
				<time>2026-09-10T14:51:07.996Z</time>
			</trkpt>
			<trkpt lat="40.34936" lon="-1.16943">
				<ele>919.37</ele>
				<time>2026-09-10T14:51:08.773Z</time>
			</trkpt>
			<trkpt lat="40.34924" lon="-1.16938">
				<ele>919.94</ele>
				<time>2026-09-10T14:51:09.504Z</time>
			</trkpt>
			<trkpt lat="40.34904" lon="-1.16935">
				<ele>920</ele>
				<time>2026-09-10T14:51:10.672Z</time>
			</trkpt>
			<trkpt lat="40.34887" lon="-1.16936">
				<ele>919.55</ele>
				<time>2026-09-10T14:51:11.661Z</time>
			</trkpt>
			<trkpt lat="40.348" lon="-1.16929">
				<ele>916.63</ele>
				<time>2026-09-10T14:51:16.729Z</time>
			</trkpt>
			<trkpt lat="40.34791" lon="-1.16924">
				<ele>916.73</ele>
				<time>2026-09-10T14:51:17.297Z</time>
			</trkpt>
			<trkpt lat="40.34786" lon="-1.1689">
				<ele>916.38</ele>
				<time>2026-09-10T14:51:18.833Z</time>
			</trkpt>
			<trkpt lat="40.34784" lon="-1.16864">
				<ele>917.42</ele>
				<time>2026-09-10T14:51:19.992Z</time>
			</trkpt>
			<trkpt lat="40.34793" lon="-1.16851">
				<ele>917.56</ele>
				<time>2026-09-10T14:51:20.772Z</time>
			</trkpt>
			<trkpt lat="40.34806" lon="-1.16837">
				<ele>916.77</ele>
				<time>2026-09-10T14:51:21.751Z</time>
			</trkpt>
			<trkpt lat="40.34819" lon="-1.16818">
				<ele>915.82</ele>
				<time>2026-09-10T14:51:22.885Z</time>
			</trkpt>
			<trkpt lat="40.34829" lon="-1.16795">
				<ele>916.01</ele>
				<time>2026-09-10T14:51:24.061Z</time>
			</trkpt>
			<trkpt lat="40.34831" lon="-1.16778">
				<ele>917.06</ele>
				<time>2026-09-10T14:51:24.825Z</time>
			</trkpt>
			<trkpt lat="40.34817" lon="-1.16747">
				<ele>919.22</ele>
				<time>2026-09-10T14:51:26.426Z</time>
			</trkpt>
			<trkpt lat="40.34804" lon="-1.16725">
				<ele>920.27</ele>
				<time>2026-09-10T14:51:27.663Z</time>
			</trkpt>
			<trkpt lat="40.34764" lon="-1.16677">
				<ele>923.01</ele>
				<time>2026-09-10T14:51:30.824Z</time>
			</trkpt>
			<trkpt lat="40.34747" lon="-1.16645">
				<ele>919.24</ele>
				<time>2026-09-10T14:51:32.558Z</time>
			</trkpt>
			<trkpt lat="40.34735" lon="-1.16632">
				<ele>918.12</ele>
				<time>2026-09-10T14:51:33.466Z</time>
			</trkpt>
			<trkpt lat="40.34719" lon="-1.16625">
				<ele>917.88</ele>
				<time>2026-09-10T14:51:34.451Z</time>
			</trkpt>
			<trkpt lat="40.34657" lon="-1.16605">
				<ele>914.25</ele>
				<time>2026-09-10T14:51:38.177Z</time>
			</trkpt>
			<trkpt lat="40.34644" lon="-1.16594">
				<ele>914.29</ele>
				<time>2026-09-10T14:51:39.080Z</time>
			</trkpt>
			<trkpt lat="40.34623" lon="-1.16564">
				<ele>914.14</ele>
				<time>2026-09-10T14:51:40.892Z</time>
			</trkpt>
			<trkpt lat="40.34613" lon="-1.16544">
				<ele>914</ele>
				<time>2026-09-10T14:51:41.957Z</time>
			</trkpt>
			<trkpt lat="40.34601" lon="-1.16538">
				<ele>914.12</ele>
				<time>2026-09-10T14:51:42.706Z</time>
			</trkpt>
			<trkpt lat="40.34587" lon="-1.16534">
				<ele>914.19</ele>
				<time>2026-09-10T14:51:43.543Z</time>
			</trkpt>
			<trkpt lat="40.34571" lon="-1.16537">
				<ele>914</ele>
				<time>2026-09-10T14:51:44.487Z</time>
			</trkpt>
			<trkpt lat="40.34558" lon="-1.16534">
				<ele>913.48</ele>
				<time>2026-09-10T14:51:45.257Z</time>
			</trkpt>
			<trkpt lat="40.34552" lon="-1.16526">
				<ele>912.82</ele>
				<time>2026-09-10T14:51:45.757Z</time>
			</trkpt>
			<trkpt lat="40.34549" lon="-1.16509">
				<ele>911.75</ele>
				<time>2026-09-10T14:51:46.533Z</time>
			</trkpt>
			<trkpt lat="40.34549" lon="-1.16471">
				<ele>910.83</ele>
				<time>2026-09-10T14:51:48.224Z</time>
			</trkpt>
			<trkpt lat="40.3454" lon="-1.16438">
				<ele>914.7</ele>
				<time>2026-09-10T14:51:49.783Z</time>
			</trkpt>
			<trkpt lat="40.34537" lon="-1.16421">
				<ele>916.29</ele>
				<time>2026-09-10T14:51:50.560Z</time>
			</trkpt>
			<trkpt lat="40.34539" lon="-1.16403">
				<ele>917.59</ele>
				<time>2026-09-10T14:51:51.369Z</time>
			</trkpt>
			<trkpt lat="40.34555" lon="-1.16357">
				<ele>916.53</ele>
				<time>2026-09-10T14:51:53.618Z</time>
			</trkpt>
			<trkpt lat="40.34557" lon="-1.1634">
				<ele>914.57</ele>
				<time>2026-09-10T14:51:54.383Z</time>
			</trkpt>
			<trkpt lat="40.34557" lon="-1.16291">
				<ele>909.82</ele>
				<time>2026-09-10T14:51:56.563Z</time>
			</trkpt>
			<trkpt lat="40.34554" lon="-1.16271">
				<ele>909.59</ele>
				<time>2026-09-10T14:51:57.469Z</time>
			</trkpt>
			<trkpt lat="40.34555" lon="-1.16237">
				<ele>911.51</ele>
				<time>2026-09-10T14:51:58.982Z</time>
			</trkpt>
			<trkpt lat="40.3456" lon="-1.16207">
				<ele>911.04</ele>
				<time>2026-09-10T14:52:00.347Z</time>
			</trkpt>
			<trkpt lat="40.34575" lon="-1.16153">
				<ele>911.42</ele>
				<time>2026-09-10T14:52:02.901Z</time>
			</trkpt>
			<trkpt lat="40.34582" lon="-1.16123">
				<ele>910.51</ele>
				<time>2026-09-10T14:52:04.294Z</time>
			</trkpt>
			<trkpt lat="40.3459" lon="-1.16061">
				<ele>910.84</ele>
				<time>2026-09-10T14:52:07.087Z</time>
			</trkpt>
			<trkpt lat="40.3459" lon="-1.15983">
				<ele>912.3</ele>
				<time>2026-09-10T14:52:10.548Z</time>
			</trkpt>
			<trkpt lat="40.34588" lon="-1.15961">
				<ele>911.34</ele>
				<time>2026-09-10T14:52:11.531Z</time>
			</trkpt>
			<trkpt lat="40.34583" lon="-1.15943">
				<ele>910.84</ele>
				<time>2026-09-10T14:52:12.380Z</time>
			</trkpt>
			<trkpt lat="40.34578" lon="-1.15931">
				<ele>910.2</ele>
				<time>2026-09-10T14:52:12.986Z</time>
			</trkpt>
			<trkpt lat="40.34551" lon="-1.15889">
				<ele>908.46</ele>
				<time>2026-09-10T14:52:15.421Z</time>
			</trkpt>
			<trkpt lat="40.34545" lon="-1.15872">
				<ele>909.89</ele>
				<time>2026-09-10T14:52:16.251Z</time>
			</trkpt>
			<trkpt lat="40.34544" lon="-1.15861">
				<ele>910.68</ele>
				<time>2026-09-10T14:52:16.742Z</time>
			</trkpt>
			<trkpt lat="40.34544" lon="-1.15811">
				<ele>915.29</ele>
				<time>2026-09-10T14:52:18.955Z</time>
			</trkpt>
			<trkpt lat="40.3456" lon="-1.1568">
				<ele>915.24</ele>
				<time>2026-09-10T14:52:24.821Z</time>
			</trkpt>
			<trkpt lat="40.34561" lon="-1.15621">
				<ele>910.42</ele>
				<time>2026-09-10T14:52:27.426Z</time>
			</trkpt>
			<trkpt lat="40.34557" lon="-1.15585">
				<ele>909.96</ele>
				<time>2026-09-10T14:52:29.030Z</time>
			</trkpt>
			<trkpt lat="40.34557" lon="-1.15562">
				<ele>909.12</ele>
				<time>2026-09-10T14:52:30.044Z</time>
			</trkpt>
			<trkpt lat="40.34561" lon="-1.15546">
				<ele>908.03</ele>
				<time>2026-09-10T14:52:30.786Z</time>
			</trkpt>
			<trkpt lat="40.34568" lon="-1.15533">
				<ele>906.53</ele>
				<time>2026-09-10T14:52:31.487Z</time>
			</trkpt>
			<trkpt lat="40.34588" lon="-1.15502">
				<ele>910.6</ele>
				<time>2026-09-10T14:52:33.275Z</time>
			</trkpt>
			<trkpt lat="40.34596" lon="-1.15485">
				<ele>914.15</ele>
				<time>2026-09-10T14:52:34.154Z</time>
			</trkpt>
			<trkpt lat="40.34601" lon="-1.15468">
				<ele>917.07</ele>
				<time>2026-09-10T14:52:34.955Z</time>
			</trkpt>
			<trkpt lat="40.34609" lon="-1.15431">
				<ele>917.03</ele>
				<time>2026-09-10T14:52:36.646Z</time>
			</trkpt>
			<trkpt lat="40.34612" lon="-1.15423">
				<ele>915.88</ele>
				<time>2026-09-10T14:52:37.038Z</time>
			</trkpt>
			<trkpt lat="40.3463" lon="-1.15388">
				<ele>905.07</ele>
				<time>2026-09-10T14:52:38.891Z</time>
			</trkpt>
			<trkpt lat="40.34634" lon="-1.15369">
				<ele>902.79</ele>
				<time>2026-09-10T14:52:39.756Z</time>
			</trkpt>
			<trkpt lat="40.34636" lon="-1.15347">
				<ele>902.72</ele>
				<time>2026-09-10T14:52:40.727Z</time>
			</trkpt>
			<trkpt lat="40.34636" lon="-1.15294">
				<ele>904.39</ele>
				<time>2026-09-10T14:52:43.023Z</time>
			</trkpt>
			<trkpt lat="40.34652" lon="-1.15149">
				<ele>901.35</ele>
				<time>2026-09-10T14:52:49.166Z</time>
			</trkpt>
			<trkpt lat="40.34657" lon="-1.15078">
				<ele>896.43</ele>
				<time>2026-09-10T14:52:52.058Z</time>
			</trkpt>
			<trkpt lat="40.34665" lon="-1.1502">
				<ele>893.27</ele>
				<time>2026-09-10T14:52:54.405Z</time>
			</trkpt>
			<trkpt lat="40.34669" lon="-1.14977">
				<ele>895.32</ele>
				<time>2026-09-10T14:52:56.106Z</time>
			</trkpt>
			<trkpt lat="40.34668" lon="-1.14955">
				<ele>898.87</ele>
				<time>2026-09-10T14:52:56.965Z</time>
			</trkpt>
			<trkpt lat="40.34665" lon="-1.14925">
				<ele>903.51</ele>
				<time>2026-09-10T14:52:58.136Z</time>
			</trkpt>
			<trkpt lat="40.34646" lon="-1.14797">
				<ele>897.22</ele>
				<time>2026-09-10T14:53:03.091Z</time>
			</trkpt>
			<trkpt lat="40.34639" lon="-1.14703">
				<ele>897.62</ele>
				<time>2026-09-10T14:53:06.599Z</time>
			</trkpt>
			<trkpt lat="40.34639" lon="-1.14648">
				<ele>899.67</ele>
				<time>2026-09-10T14:53:08.616Z</time>
			</trkpt>
			<trkpt lat="40.34652" lon="-1.14568">
				<ele>896.1</ele>
				<time>2026-09-10T14:53:11.586Z</time>
			</trkpt>
			<trkpt lat="40.34656" lon="-1.14534">
				<ele>893.53</ele>
				<time>2026-09-10T14:53:12.826Z</time>
			</trkpt>
			<trkpt lat="40.34655" lon="-1.14492">
				<ele>890.92</ele>
				<time>2026-09-10T14:53:14.335Z</time>
			</trkpt>
			<trkpt lat="40.34646" lon="-1.14423">
				<ele>885.93</ele>
				<time>2026-09-10T14:53:16.835Z</time>
			</trkpt>
			<trkpt lat="40.34639" lon="-1.1435">
				<ele>891.87</ele>
				<time>2026-09-10T14:53:19.451Z</time>
			</trkpt>
			<trkpt lat="40.34645" lon="-1.1432">
				<ele>891.62</ele>
				<time>2026-09-10T14:53:20.551Z</time>
			</trkpt>
			<trkpt lat="40.34654" lon="-1.14286">
				<ele>892.85</ele>
				<time>2026-09-10T14:53:21.827Z</time>
			</trkpt>
			<trkpt lat="40.34658" lon="-1.14248">
				<ele>894.35</ele>
				<time>2026-09-10T14:53:23.186Z</time>
			</trkpt>
			<trkpt lat="40.34655" lon="-1.14223">
				<ele>893.76</ele>
				<time>2026-09-10T14:53:24.082Z</time>
			</trkpt>
			<trkpt lat="40.34655" lon="-1.14205">
				<ele>892.6</ele>
				<time>2026-09-10T14:53:24.720Z</time>
			</trkpt>
			<trkpt lat="40.3465" lon="-1.14159">
				<ele>891.9</ele>
				<time>2026-09-10T14:53:26.368Z</time>
			</trkpt>
			<trkpt lat="40.34634" lon="-1.14098">
				<ele>893.08</ele>
				<time>2026-09-10T14:53:28.660Z</time>
			</trkpt>
			<trkpt lat="40.34628" lon="-1.14068">
				<ele>895.23</ele>
				<time>2026-09-10T14:53:29.765Z</time>
			</trkpt>
			<trkpt lat="40.34623" lon="-1.14023">
				<ele>894.06</ele>
				<time>2026-09-10T14:53:31.390Z</time>
			</trkpt>
			<trkpt lat="40.34624" lon="-1.13998">
				<ele>891.74</ele>
				<time>2026-09-10T14:53:32.287Z</time>
			</trkpt>
			<trkpt lat="40.34626" lon="-1.13989">
				<ele>891.65</ele>
				<time>2026-09-10T14:53:32.624Z</time>
			</trkpt>
			<trkpt lat="40.34637" lon="-1.13974">
				<ele>891.01</ele>
				<time>2026-09-10T14:53:33.372Z</time>
			</trkpt>
			<trkpt lat="40.34659" lon="-1.13955">
				<ele>891.56</ele>
				<time>2026-09-10T14:53:34.619Z</time>
			</trkpt>
			<trkpt lat="40.34667" lon="-1.13946">
				<ele>891.8</ele>
				<time>2026-09-10T14:53:35.119Z</time>
			</trkpt>
			<trkpt lat="40.34673" lon="-1.1393">
				<ele>891.45</ele>
				<time>2026-09-10T14:53:35.765Z</time>
			</trkpt>
			<trkpt lat="40.34679" lon="-1.13895">
				<ele>889.28</ele>
				<time>2026-09-10T14:53:37.070Z</time>
			</trkpt>
			<trkpt lat="40.34678" lon="-1.13865">
				<ele>887.17</ele>
				<time>2026-09-10T14:53:38.167Z</time>
			</trkpt>
			<trkpt lat="40.34662" lon="-1.1377">
				<ele>883.55</ele>
				<time>2026-09-10T14:53:41.761Z</time>
			</trkpt>
			<trkpt lat="40.34645" lon="-1.13733">
				<ele>883.82</ele>
				<time>2026-09-10T14:53:43.377Z</time>
			</trkpt>
			<trkpt lat="40.34642" lon="-1.13717">
				<ele>883.1</ele>
				<time>2026-09-10T14:53:43.997Z</time>
			</trkpt>
			<trkpt lat="40.34643" lon="-1.13705">
				<ele>883.05</ele>
				<time>2026-09-10T14:53:44.452Z</time>
			</trkpt>
			<trkpt lat="40.34645" lon="-1.13691">
				<ele>883.03</ele>
				<time>2026-09-10T14:53:44.992Z</time>
			</trkpt>
			<trkpt lat="40.3466" lon="-1.13641">
				<ele>884.71</ele>
				<time>2026-09-10T14:53:47.041Z</time>
			</trkpt>
			<trkpt lat="40.34668" lon="-1.13599">
				<ele>886.92</ele>
				<time>2026-09-10T14:53:48.710Z</time>
			</trkpt>
			<trkpt lat="40.34685" lon="-1.13539">
				<ele>884.51</ele>
				<time>2026-09-10T14:53:51.211Z</time>
			</trkpt>
			<trkpt lat="40.3469" lon="-1.13518">
				<ele>883.28</ele>
				<time>2026-09-10T14:53:52.081Z</time>
			</trkpt>
			<trkpt lat="40.34689" lon="-1.13501">
				<ele>882.04</ele>
				<time>2026-09-10T14:53:52.758Z</time>
			</trkpt>
			<trkpt lat="40.34676" lon="-1.1346">
				<ele>879.43</ele>
				<time>2026-09-10T14:53:54.537Z</time>
			</trkpt>
			<trkpt lat="40.34661" lon="-1.13399">
				<ele>880.24</ele>
				<time>2026-09-10T14:53:57.145Z</time>
			</trkpt>
			<trkpt lat="40.34652" lon="-1.13348">
				<ele>879.27</ele>
				<time>2026-09-10T14:53:59.312Z</time>
			</trkpt>
			<trkpt lat="40.34652" lon="-1.1331">
				<ele>879.74</ele>
				<time>2026-09-10T14:54:00.908Z</time>
			</trkpt>
			<trkpt lat="40.34655" lon="-1.13296">
				<ele>881.2</ele>
				<time>2026-09-10T14:54:01.524Z</time>
			</trkpt>
			<trkpt lat="40.34673" lon="-1.13237">
				<ele>885.3</ele>
				<time>2026-09-10T14:54:04.250Z</time>
			</trkpt>
			<trkpt lat="40.34682" lon="-1.13214">
				<ele>884.73</ele>
				<time>2026-09-10T14:54:05.375Z</time>
			</trkpt>
			<trkpt lat="40.34685" lon="-1.13198">
				<ele>884.25</ele>
				<time>2026-09-10T14:54:06.098Z</time>
			</trkpt>
			<trkpt lat="40.34685" lon="-1.1319">
				<ele>884.08</ele>
				<time>2026-09-10T14:54:06.450Z</time>
			</trkpt>
			<trkpt lat="40.34681" lon="-1.13176">
				<ele>883.91</ele>
				<time>2026-09-10T14:54:07.111Z</time>
			</trkpt>
			<trkpt lat="40.34645" lon="-1.13125">
				<ele>882.79</ele>
				<time>2026-09-10T14:54:10.231Z</time>
			</trkpt>
			<trkpt lat="40.34636" lon="-1.13108">
				<ele>881.13</ele>
				<time>2026-09-10T14:54:11.175Z</time>
			</trkpt>
			<trkpt lat="40.3463" lon="-1.1309">
				<ele>880.62</ele>
				<time>2026-09-10T14:54:12.078Z</time>
			</trkpt>
			<trkpt lat="40.34626" lon="-1.13047">
				<ele>881.9</ele>
				<time>2026-09-10T14:54:14.092Z</time>
			</trkpt>
			<trkpt lat="40.34626" lon="-1.13015">
				<ele>883.34</ele>
				<time>2026-09-10T14:54:15.601Z</time>
			</trkpt>
			<trkpt lat="40.3463" lon="-1.12981">
				<ele>883.15</ele>
				<time>2026-09-10T14:54:17.243Z</time>
			</trkpt>
			<trkpt lat="40.34629" lon="-1.12929">
				<ele>882.62</ele>
				<time>2026-09-10T14:54:19.769Z</time>
			</trkpt>
			<trkpt lat="40.34623" lon="-1.12888">
				<ele>882.12</ele>
				<time>2026-09-10T14:54:21.833Z</time>
			</trkpt>
			<trkpt lat="40.34623" lon="-1.12851">
				<ele>881.86</ele>
				<time>2026-09-10T14:54:23.691Z</time>
			</trkpt>
			<trkpt lat="40.3462" lon="-1.12827">
				<ele>882.41</ele>
				<time>2026-09-10T14:54:24.927Z</time>
			</trkpt>
			<trkpt lat="40.34619" lon="-1.12789">
				<ele>882.71</ele>
				<time>2026-09-10T14:54:26.885Z</time>
			</trkpt>
			<trkpt lat="40.34613" lon="-1.12748">
				<ele>882.08</ele>
				<time>2026-09-10T14:54:29.069Z</time>
			</trkpt>
			<trkpt lat="40.3461" lon="-1.12635">
				<ele>880.35</ele>
				<time>2026-09-10T14:54:35.178Z</time>
			</trkpt>
			<trkpt lat="40.34606" lon="-1.12571">
				<ele>885.31</ele>
				<time>2026-09-10T14:54:38.778Z</time>
			</trkpt>
			<trkpt lat="40.34604" lon="-1.12557">
				<ele>887.53</ele>
				<time>2026-09-10T14:54:39.589Z</time>
			</trkpt>
			<trkpt lat="40.34593" lon="-1.12512">
				<ele>892.7</ele>
				<time>2026-09-10T14:54:42.318Z</time>
			</trkpt>
			<trkpt lat="40.3454" lon="-1.12362">
				<ele>885.81</ele>
				<time>2026-09-10T14:54:52.311Z</time>
			</trkpt>
			<trkpt lat="40.34517" lon="-1.12315">
				<ele>883.05</ele>
				<time>2026-09-10T14:54:55.852Z</time>
			</trkpt>
			<trkpt lat="40.34474" lon="-1.12242">
				<ele>886.77</ele>
				<time>2026-09-10T14:55:01.891Z</time>
			</trkpt>
			<trkpt lat="40.34478" lon="-1.12196">
				<ele>883.21</ele>
				<time>2026-09-10T14:55:05.014Z</time>
			</trkpt>
			<trkpt lat="40.34467" lon="-1.12089">
				<ele>881.46</ele>
				<time>2026-09-10T14:55:13.184Z</time>
			</trkpt>
			<trkpt lat="40.34444" lon="-1.11984">
				<ele>882.02</ele>
				<time>2026-09-10T14:55:23.977Z</time>
			</trkpt>
			<trkpt lat="40.34442" lon="-1.11966">
				<ele>881.95</ele>
				<time>2026-09-10T14:55:25.972Z</time>
			</trkpt>
			<trkpt lat="40.3444" lon="-1.11928">
				<ele>879.77</ele>
				<time>2026-09-10T14:55:30.290Z</time>
			</trkpt>
			<trkpt lat="40.34428" lon="-1.11876">
				<ele>879.35</ele>
				<time>2026-09-10T14:55:36.716Z</time>
			</trkpt>
			<trkpt lat="40.34416" lon="-1.11813">
				<ele>881.73</ele>
				<time>2026-09-10T14:55:44.665Z</time>
			</trkpt>
			<trkpt lat="40.34413" lon="-1.11806">
				<ele>881.9</ele>
				<time>2026-09-10T14:55:45.660Z</time>
			</trkpt>
			<trkpt lat="40.344" lon="-1.11783">
				<ele>880.91</ele>
				<time>2026-09-10T14:55:49.215Z</time>
			</trkpt>
			<trkpt lat="40.34395" lon="-1.11772">
				<ele>879.97</ele>
				<time>2026-09-10T14:55:50.807Z</time>
			</trkpt>
			<trkpt lat="40.34386" lon="-1.11661">
				<ele>878.41</ele>
				<time>2026-09-10T14:56:04.466Z</time>
			</trkpt>
			<trkpt lat="40.34362" lon="-1.11581">
				<ele>879.11</ele>
				<time>2026-09-10T14:56:14.308Z</time>
			</trkpt>
			<trkpt lat="40.34354" lon="-1.1155">
				<ele>879.2</ele>
				<time>2026-09-10T14:56:17.796Z</time>
			</trkpt>
			<trkpt lat="40.3435" lon="-1.1152">
				<ele>877.53</ele>
				<time>2026-09-10T14:56:20.880Z</time>
			</trkpt>
			<trkpt lat="40.34346" lon="-1.11498">
				<ele>876.51</ele>
				<time>2026-09-10T14:56:23.058Z</time>
			</trkpt>
			<trkpt lat="40.34332" lon="-1.11458">
				<ele>878.1</ele>
				<time>2026-09-10T14:56:27.028Z</time>
			</trkpt>
			<trkpt lat="40.34329" lon="-1.11457">
				<ele>878.43</ele>
				<time>2026-09-10T14:56:27.382Z</time>
			</trkpt>
			<trkpt lat="40.34343" lon="-1.11505">
				<ele>876.84</ele>
				<time>2026-09-10T14:56:31.784Z</time>
			</trkpt>
			<trkpt lat="40.34247" lon="-1.11447">
				<ele>878.36</ele>
				<time>2026-09-10T14:56:41.693Z</time>
			</trkpt>
			<trkpt lat="40.34217" lon="-1.11433">
				<ele>880.66</ele>
				<time>2026-09-10T14:56:43.306Z</time>
			</trkpt>
			<trkpt lat="40.34198" lon="-1.1142">
				<ele>880.22</ele>
				<time>2026-09-10T14:56:44.430Z</time>
			</trkpt>
			<trkpt lat="40.3419" lon="-1.11418">
				<ele>880.34</ele>
				<time>2026-09-10T14:56:44.899Z</time>
			</trkpt>
			<trkpt lat="40.34177" lon="-1.1142">
				<ele>881.37</ele>
				<time>2026-09-10T14:56:45.670Z</time>
			</trkpt>
			<trkpt lat="40.34168" lon="-1.11426">
				<ele>882.22</ele>
				<time>2026-09-10T14:56:46.253Z</time>
			</trkpt>
			<trkpt lat="40.34161" lon="-1.11442">
				<ele>884.46</ele>
				<time>2026-09-10T14:56:47.050Z</time>
			</trkpt>
			<trkpt lat="40.34161" lon="-1.11461">
				<ele>885.65</ele>
				<time>2026-09-10T14:56:47.854Z</time>
			</trkpt>
			<trkpt lat="40.34166" lon="-1.1148">
				<ele>885.54</ele>
				<time>2026-09-10T14:56:48.687Z</time>
			</trkpt>
			<trkpt lat="40.34169" lon="-1.11486">
				<ele>885.83</ele>
				<time>2026-09-10T14:56:48.982Z</time>
			</trkpt>
			<trkpt lat="40.34178" lon="-1.11496">
				<ele>885.88</ele>
				<time>2026-09-10T14:56:49.610Z</time>
			</trkpt>
			<trkpt lat="40.34188" lon="-1.11499">
				<ele>885.36</ele>
				<time>2026-09-10T14:56:50.152Z</time>
			</trkpt>
			<trkpt lat="40.34202" lon="-1.11496">
				<ele>884.47</ele>
				<time>2026-09-10T14:56:50.894Z</time>
			</trkpt>
			<trkpt lat="40.34211" lon="-1.11489">
				<ele>883.71</ele>
				<time>2026-09-10T14:56:51.438Z</time>
			</trkpt>
			<trkpt lat="40.3422" lon="-1.11477">
				<ele>882.45</ele>
				<time>2026-09-10T14:56:52.101Z</time>
			</trkpt>
			<trkpt lat="40.34226" lon="-1.11455">
				<ele>880.95</ele>
				<time>2026-09-10T14:56:53.020Z</time>
			</trkpt>
			<trkpt lat="40.34239" lon="-1.11384">
				<ele>879.19</ele>
				<time>2026-09-10T14:56:55.913Z</time>
			</trkpt>
			<trkpt lat="40.34249" lon="-1.11347">
				<ele>880.5</ele>
				<time>2026-09-10T14:56:57.516Z</time>
			</trkpt>
			<trkpt lat="40.34257" lon="-1.11324">
				<ele>881.09</ele>
				<time>2026-09-10T14:56:58.579Z</time>
			</trkpt>
			<trkpt lat="40.34353" lon="-1.11143">
				<ele>884.67</ele>
				<time>2026-09-10T14:57:09.697Z</time>
			</trkpt>
			<trkpt lat="40.34357" lon="-1.11126">
				<ele>887.03</ele>
				<time>2026-09-10T14:57:10.800Z</time>
			</trkpt>
			<trkpt lat="40.34356" lon="-1.11117">
				<ele>888.4</ele>
				<time>2026-09-10T14:57:11.380Z</time>
			</trkpt>
			<trkpt lat="40.34358" lon="-1.11112">
				<ele>888.95</ele>
				<time>2026-09-10T14:57:11.745Z</time>
			</trkpt>
			<trkpt lat="40.34362" lon="-1.11111">
				<ele>889.37</ele>
				<time>2026-09-10T14:57:12.094Z</time>
			</trkpt>
			<trkpt lat="40.34361" lon="-1.11095">
				<ele>891.99</ele>
				<time>2026-09-10T14:57:13.166Z</time>
			</trkpt>
			<trkpt lat="40.34358" lon="-1.11089">
				<ele>892.88</ele>
				<time>2026-09-10T14:57:13.657Z</time>
			</trkpt>
			<trkpt lat="40.34279" lon="-1.10963">
				<ele>904.14</ele>
				<time>2026-09-10T14:57:30.890Z</time>
			</trkpt>
			<trkpt lat="40.34254" lon="-1.10929">
				<ele>906.93</ele>
				<time>2026-09-10T14:57:38.421Z</time>
			</trkpt>
			<trkpt lat="40.3423" lon="-1.10901">
				<ele>907.45</ele>
				<time>2026-09-10T14:57:45.713Z</time>
			</trkpt>
			<trkpt lat="40.34172" lon="-1.10855">
				<ele>905.8</ele>
				<time>2026-09-10T14:58:01.909Z</time>
			</trkpt>
			<trkpt lat="40.34147" lon="-1.10826">
				<ele>914.91</ele>
				<time>2026-09-10T14:58:09.815Z</time>
			</trkpt>
			<trkpt lat="40.34138" lon="-1.1082">
				<ele>916.13</ele>
				<time>2026-09-10T14:58:12.147Z</time>
			</trkpt>
			<trkpt lat="40.3408" lon="-1.10801">
				<ele>908.94</ele>
				<time>2026-09-10T14:58:24.927Z</time>
			</trkpt>
			<trkpt lat="40.34036" lon="-1.10787">
				<ele>905.34</ele>
				<time>2026-09-10T14:58:32.862Z</time>
			</trkpt>
			<trkpt lat="40.34024" lon="-1.10777">
				<ele>908.22</ele>
				<time>2026-09-10T14:58:34.938Z</time>
			</trkpt>
			<trkpt lat="40.33982" lon="-1.10773">
				<ele>906.47</ele>
				<time>2026-09-10T14:58:40.199Z</time>
			</trkpt>
			<trkpt lat="40.33962" lon="-1.1077">
				<ele>902.71</ele>
				<time>2026-09-10T14:58:42.461Z</time>
			</trkpt>
			<trkpt lat="40.33952" lon="-1.10767">
				<ele>899.97</ele>
				<time>2026-09-10T14:58:43.563Z</time>
			</trkpt>
			<trkpt lat="40.33946" lon="-1.10761">
				<ele>898.48</ele>
				<time>2026-09-10T14:58:44.354Z</time>
			</trkpt>
			<trkpt lat="40.3394" lon="-1.10747">
				<ele>897.79</ele>
				<time>2026-09-10T14:58:45.607Z</time>
			</trkpt>
			<trkpt lat="40.33941" lon="-1.1073">
				<ele>897.55</ele>
				<time>2026-09-10T14:58:46.901Z</time>
			</trkpt>
			<trkpt lat="40.3397" lon="-1.10656">
				<ele>909.46</ele>
				<time>2026-09-10T14:58:52.886Z</time>
			</trkpt>
			<trkpt lat="40.33977" lon="-1.10643">
				<ele>911.98</ele>
				<time>2026-09-10T14:58:54.010Z</time>
			</trkpt>
			<trkpt lat="40.33979" lon="-1.10637">
				<ele>913.16</ele>
				<time>2026-09-10T14:58:54.473Z</time>
			</trkpt>
			<trkpt lat="40.3398" lon="-1.10579">
				<ele>916.49</ele>
				<time>2026-09-10T14:58:58.685Z</time>
			</trkpt>
			<trkpt lat="40.33979" lon="-1.10568">
				<ele>914.49</ele>
				<time>2026-09-10T14:58:59.523Z</time>
			</trkpt>
			<trkpt lat="40.33977" lon="-1.10564">
				<ele>913.55</ele>
				<time>2026-09-10T14:58:59.889Z</time>
			</trkpt>
			<trkpt lat="40.33979" lon="-1.10557">
				<ele>912.8</ele>
				<time>2026-09-10T14:59:00.468Z</time>
			</trkpt>
			<trkpt lat="40.33983" lon="-1.10555">
				<ele>913.1</ele>
				<time>2026-09-10T14:59:00.906Z</time>
			</trkpt>
			<trkpt lat="40.33987" lon="-1.10556">
				<ele>914.18</ele>
				<time>2026-09-10T14:59:01.322Z</time>
			</trkpt>
			<trkpt lat="40.33996" lon="-1.10549">
				<ele>914.67</ele>
				<time>2026-09-10T14:59:02.392Z</time>
			</trkpt>
			<trkpt lat="40.34012" lon="-1.10544">
				<ele>915.49</ele>
				<time>2026-09-10T14:59:04.074Z</time>
			</trkpt>
			<trkpt lat="40.34137" lon="-1.10471">
				<ele>917.5</ele>
				<time>2026-09-10T14:59:18.066Z</time>
			</trkpt>
			<trkpt lat="40.34155" lon="-1.10462">
				<ele>919.16</ele>
				<time>2026-09-10T14:59:20.036Z</time>
			</trkpt>
			<trkpt lat="40.34169" lon="-1.1046">
				<ele>921.39</ele>
				<time>2026-09-10T14:59:21.476Z</time>
			</trkpt>
			<trkpt lat="40.34272" lon="-1.10456">
				<ele>930.44</ele>
				<time>2026-09-10T14:59:32.015Z</time>
			</trkpt>
			<trkpt lat="40.34321" lon="-1.10435">
				<ele>922.23</ele>
				<time>2026-09-10T14:59:37.287Z</time>
			</trkpt>
			<trkpt lat="40.34326" lon="-1.10432">
				<ele>920.96</ele>
				<time>2026-09-10T14:59:37.849Z</time>
			</trkpt>
			<trkpt lat="40.34345" lon="-1.10433">
				<ele>919.52</ele>
				<time>2026-09-10T14:59:39.794Z</time>
			</trkpt>
			<trkpt lat="40.34356" lon="-1.10437">
				<ele>919.36</ele>
				<time>2026-09-10T14:59:40.961Z</time>
			</trkpt>
			<trkpt lat="40.34364" lon="-1.10443">
				<ele>919.94</ele>
				<time>2026-09-10T14:59:41.904Z</time>
			</trkpt>
			<trkpt lat="40.34405" lon="-1.1048">
				<ele>922.5</ele>
				<time>2026-09-10T14:59:46.992Z</time>
			</trkpt>
			<trkpt lat="40.34419" lon="-1.1049">
				<ele>921.35</ele>
				<time>2026-09-10T14:59:48.622Z</time>
			</trkpt>
			<trkpt lat="40.34422" lon="-1.10489">
				<ele>920.93</ele>
				<time>2026-09-10T14:59:48.939Z</time>
			</trkpt>
			<trkpt lat="40.34428" lon="-1.10493">
				<ele>920.48</ele>
				<time>2026-09-10T14:59:49.627Z</time>
			</trkpt>
			<trkpt lat="40.34429" lon="-1.10497">
				<ele>920.51</ele>
				<time>2026-09-10T14:59:49.955Z</time>
			</trkpt>
			<trkpt lat="40.34446" lon="-1.10516">
				<ele>920.54</ele>
				<time>2026-09-10T14:59:52.238Z</time>
			</trkpt>
			<trkpt lat="40.34491" lon="-1.10556">
				<ele>920.58</ele>
				<time>2026-09-10T14:59:57.774Z</time>
			</trkpt>
			<trkpt lat="40.34529" lon="-1.10593">
				<ele>913.67</ele>
				<time>2026-09-10T15:00:02.474Z</time>
			</trkpt>
			<trkpt lat="40.34541" lon="-1.10611">
				<ele>911.57</ele>
				<time>2026-09-10T15:00:04.282Z</time>
			</trkpt>
			<trkpt lat="40.34556" lon="-1.1064">
				<ele>908.96</ele>
				<time>2026-09-10T15:00:06.962Z</time>
			</trkpt>
			<trkpt lat="40.34559" lon="-1.10642">
				<ele>908.68</ele>
				<time>2026-09-10T15:00:07.304Z</time>
			</trkpt>
			<trkpt lat="40.34561" lon="-1.10649">
				<ele>908.39</ele>
				<time>2026-09-10T15:00:07.885Z</time>
			</trkpt>
			<trkpt lat="40.34571" lon="-1.10671">
				<ele>906.49</ele>
				<time>2026-09-10T15:00:09.906Z</time>
			</trkpt>
			<trkpt lat="40.34653" lon="-1.10837">
				<ele>918.43</ele>
				<time>2026-09-10T15:00:27.297Z</time>
			</trkpt>
			<trkpt lat="40.34658" lon="-1.10846">
				<ele>919.81</ele>
				<time>2026-09-10T15:00:28.345Z</time>
			</trkpt>
			<trkpt lat="40.34668" lon="-1.10857">
				<ele>921.7</ele>
				<time>2026-09-10T15:00:29.969Z</time>
			</trkpt>
			<trkpt lat="40.34688" lon="-1.10875">
				<ele>922.75</ele>
				<time>2026-09-10T15:00:33.023Z</time>
			</trkpt>
			<trkpt lat="40.34758" lon="-1.10919">
				<ele>929.38</ele>
				<time>2026-09-10T15:00:43.069Z</time>
			</trkpt>
			<trkpt lat="40.34774" lon="-1.10925">
				<ele>928.49</ele>
				<time>2026-09-10T15:00:45.269Z</time>
			</trkpt>
			<trkpt lat="40.34788" lon="-1.10927">
				<ele>928.35</ele>
				<time>2026-09-10T15:00:47.141Z</time>
			</trkpt>
			<trkpt lat="40.34927" lon="-1.10909">
				<ele>935.3</ele>
				<time>2026-09-10T15:01:06.093Z</time>
			</trkpt>
			<trkpt lat="40.35112" lon="-1.10881">
				<ele>935.67</ele>
				<time>2026-09-10T15:01:31.548Z</time>
			</trkpt>
			<trkpt lat="40.35118" lon="-1.10878">
				<ele>936.04</ele>
				<time>2026-09-10T15:01:32.412Z</time>
			</trkpt>
			<trkpt lat="40.35136" lon="-1.10873">
				<ele>936.37</ele>
				<time>2026-09-10T15:01:34.878Z</time>
			</trkpt>
			<trkpt lat="40.3514" lon="-1.10867">
				<ele>936.21</ele>
				<time>2026-09-10T15:01:35.689Z</time>
			</trkpt>
			<trkpt lat="40.35145" lon="-1.10866">
				<ele>936.19</ele>
				<time>2026-09-10T15:01:36.363Z</time>
			</trkpt>
			<trkpt lat="40.3515" lon="-1.1087">
				<ele>936.41</ele>
				<time>2026-09-10T15:01:37.142Z</time>
			</trkpt>
			<trkpt lat="40.35168" lon="-1.10874">
				<ele>936.96</ele>
				<time>2026-09-10T15:01:39.559Z</time>
			</trkpt>
			<trkpt lat="40.3532" lon="-1.10856">
				<ele>945.31</ele>
				<time>2026-09-10T15:02:00.218Z</time>
			</trkpt>
			<trkpt lat="40.35336" lon="-1.10843">
				<ele>945.6</ele>
				<time>2026-09-10T15:02:02.698Z</time>
			</trkpt>
			<trkpt lat="40.35339" lon="-1.10836">
				<ele>945.71</ele>
				<time>2026-09-10T15:02:03.484Z</time>
			</trkpt>
			<trkpt lat="40.35343" lon="-1.10834">
				<ele>945.62</ele>
				<time>2026-09-10T15:02:04.027Z</time>
			</trkpt>
			<trkpt lat="40.35347" lon="-1.10835">
				<ele>945.45</ele>
				<time>2026-09-10T15:02:04.538Z</time>
			</trkpt>
			<trkpt lat="40.35351" lon="-1.10841">
				<ele>945.26</ele>
				<time>2026-09-10T15:02:05.289Z</time>
			</trkpt>
			<trkpt lat="40.35364" lon="-1.10849">
				<ele>945.05</ele>
				<time>2026-09-10T15:02:07.009Z</time>
			</trkpt>
			<trkpt lat="40.35502" lon="-1.10831">
				<ele>953.2</ele>
				<time>2026-09-10T15:02:20.670Z</time>
			</trkpt>
			<trkpt lat="40.35529" lon="-1.1083">
				<ele>954.94</ele>
				<time>2026-09-10T15:02:23.121Z</time>
			</trkpt>
			<trkpt lat="40.35571" lon="-1.10836">
				<ele>954.59</ele>
				<time>2026-09-10T15:02:26.862Z</time>
			</trkpt>
			<trkpt lat="40.35633" lon="-1.10854">
				<ele>956.21</ele>
				<time>2026-09-10T15:02:32.283Z</time>
			</trkpt>
			<trkpt lat="40.35662" lon="-1.10861">
				<ele>956.03</ele>
				<time>2026-09-10T15:02:34.722Z</time>
			</trkpt>
			<trkpt lat="40.35686" lon="-1.10864">
				<ele>955.76</ele>
				<time>2026-09-10T15:02:36.681Z</time>
			</trkpt>
			<trkpt lat="40.35709" lon="-1.10864">
				<ele>954.17</ele>
				<time>2026-09-10T15:02:38.521Z</time>
			</trkpt>
			<trkpt lat="40.35735" lon="-1.1086">
				<ele>952.75</ele>
				<time>2026-09-10T15:02:40.583Z</time>
			</trkpt>
			<trkpt lat="40.35816" lon="-1.10838">
				<ele>949.05</ele>
				<time>2026-09-10T15:02:46.884Z</time>
			</trkpt>
			<trkpt lat="40.36027" lon="-1.10775">
				<ele>950.86</ele>
				<time>2026-09-10T15:03:02.069Z</time>
			</trkpt>
			<trkpt lat="40.36252" lon="-1.10711">
				<ele>948.1</ele>
				<time>2026-09-10T15:03:16.801Z</time>
			</trkpt>
			<trkpt lat="40.36288" lon="-1.10696">
				<ele>949.17</ele>
				<time>2026-09-10T15:03:19.135Z</time>
			</trkpt>
			<trkpt lat="40.36312" lon="-1.10683">
				<ele>947.04</ele>
				<time>2026-09-10T15:03:20.732Z</time>
			</trkpt>
			<trkpt lat="40.3633" lon="-1.1067">
				<ele>943.63</ele>
				<time>2026-09-10T15:03:21.992Z</time>
			</trkpt>
			<trkpt lat="40.36348" lon="-1.1065">
				<ele>941.16</ele>
				<time>2026-09-10T15:03:23.435Z</time>
			</trkpt>
			<trkpt lat="40.36369" lon="-1.10622">
				<ele>937.69</ele>
				<time>2026-09-10T15:03:25.263Z</time>
			</trkpt>
			<trkpt lat="40.36558" lon="-1.10316">
				<ele>923.25</ele>
				<time>2026-09-10T15:03:43.801Z</time>
			</trkpt>
			<trkpt lat="40.3658" lon="-1.10271">
				<ele>922.69</ele>
				<time>2026-09-10T15:03:46.407Z</time>
			</trkpt>
			<trkpt lat="40.36591" lon="-1.10241">
				<ele>922.19</ele>
				<time>2026-09-10T15:03:48.047Z</time>
			</trkpt>
			<trkpt lat="40.36601" lon="-1.10192">
				<ele>920.24</ele>
				<time>2026-09-10T15:03:50.576Z</time>
			</trkpt>
			<trkpt lat="40.36603" lon="-1.10155">
				<ele>917.83</ele>
				<time>2026-09-10T15:03:52.449Z</time>
			</trkpt>
			<trkpt lat="40.36602" lon="-1.1012">
				<ele>916.28</ele>
				<time>2026-09-10T15:03:54.239Z</time>
			</trkpt>
			<trkpt lat="40.36592" lon="-1.10043">
				<ele>912.51</ele>
				<time>2026-09-10T15:03:58.310Z</time>
			</trkpt>
			<trkpt lat="40.36591" lon="-1.10007">
				<ele>909.23</ele>
				<time>2026-09-10T15:04:00.228Z</time>
			</trkpt>
			<trkpt lat="40.36583" lon="-1.09974">
				<ele>909.91</ele>
				<time>2026-09-10T15:04:02.097Z</time>
			</trkpt>
			<trkpt lat="40.36579" lon="-1.0997">
				<ele>910.12</ele>
				<time>2026-09-10T15:04:02.456Z</time>
			</trkpt>
			<trkpt lat="40.36575" lon="-1.09959">
				<ele>910.29</ele>
				<time>2026-09-10T15:04:03.122Z</time>
			</trkpt>
			<trkpt lat="40.36573" lon="-1.09947">
				<ele>910.36</ele>
				<time>2026-09-10T15:04:03.796Z</time>
			</trkpt>
			<trkpt lat="40.36574" lon="-1.09935">
				<ele>910.32</ele>
				<time>2026-09-10T15:04:04.463Z</time>
			</trkpt>
			<trkpt lat="40.36578" lon="-1.09924">
				<ele>910.17</ele>
				<time>2026-09-10T15:04:05.139Z</time>
			</trkpt>
			<trkpt lat="40.36583" lon="-1.09917">
				<ele>909.97</ele>
				<time>2026-09-10T15:04:05.674Z</time>
			</trkpt>
			<trkpt lat="40.36592" lon="-1.0991">
				<ele>908.63</ele>
				<time>2026-09-10T15:04:06.443Z</time>
			</trkpt>
			<trkpt lat="40.36602" lon="-1.09908">
				<ele>907.77</ele>
				<time>2026-09-10T15:04:07.191Z</time>
			</trkpt>
			<trkpt lat="40.36613" lon="-1.09892">
				<ele>906.81</ele>
				<time>2026-09-10T15:04:08.423Z</time>
			</trkpt>
			<trkpt lat="40.36645" lon="-1.098">
				<ele>904.91</ele>
				<time>2026-09-10T15:04:14.508Z</time>
			</trkpt>
			<trkpt lat="40.3665" lon="-1.09765">
				<ele>905.63</ele>
				<time>2026-09-10T15:04:16.681Z</time>
			</trkpt>
			<trkpt lat="40.36646" lon="-1.09723">
				<ele>907.72</ele>
				<time>2026-09-10T15:04:19.217Z</time>
			</trkpt>
			<trkpt lat="40.36638" lon="-1.09703">
				<ele>909.41</ele>
				<time>2026-09-10T15:04:20.533Z</time>
			</trkpt>
			<trkpt lat="40.36635" lon="-1.09677">
				<ele>910.52</ele>
				<time>2026-09-10T15:04:22.017Z</time>
			</trkpt>
			<trkpt lat="40.36636" lon="-1.09667">
				<ele>910.92</ele>
				<time>2026-09-10T15:04:22.571Z</time>
			</trkpt>
			<trkpt lat="40.3664" lon="-1.09647">
				<ele>911.83</ele>
				<time>2026-09-10T15:04:23.675Z</time>
			</trkpt>
			<trkpt lat="40.36644" lon="-1.09639">
				<ele>912.42</ele>
				<time>2026-09-10T15:04:24.170Z</time>
			</trkpt>
			<trkpt lat="40.36649" lon="-1.09631">
				<ele>912.76</ele>
				<time>2026-09-10T15:04:24.693Z</time>
			</trkpt>
			<trkpt lat="40.36661" lon="-1.09617">
				<ele>913.6</ele>
				<time>2026-09-10T15:04:25.751Z</time>
			</trkpt>
			<trkpt lat="40.36675" lon="-1.09609">
				<ele>914.74</ele>
				<time>2026-09-10T15:04:26.753Z</time>
			</trkpt>
			<trkpt lat="40.36682" lon="-1.09606">
				<ele>915.44</ele>
				<time>2026-09-10T15:04:27.234Z</time>
			</trkpt>
			<trkpt lat="40.36697" lon="-1.09606">
				<ele>916.59</ele>
				<time>2026-09-10T15:04:28.210Z</time>
			</trkpt>
			<trkpt lat="40.36709" lon="-1.09596">
				<ele>918.28</ele>
				<time>2026-09-10T15:04:29.131Z</time>
			</trkpt>
			<trkpt lat="40.36713" lon="-1.0959">
				<ele>919.27</ele>
				<time>2026-09-10T15:04:29.523Z</time>
			</trkpt>
			<trkpt lat="40.36718" lon="-1.09569">
				<ele>923.14</ele>
				<time>2026-09-10T15:04:30.601Z</time>
			</trkpt>
			<trkpt lat="40.36717" lon="-1.09558">
				<ele>925.02</ele>
				<time>2026-09-10T15:04:31.142Z</time>
			</trkpt>
			<trkpt lat="40.36712" lon="-1.09543">
				<ele>926.8</ele>
				<time>2026-09-10T15:04:31.939Z</time>
			</trkpt>
			<trkpt lat="40.367" lon="-1.09527">
				<ele>928.64</ele>
				<time>2026-09-10T15:04:33.026Z</time>
			</trkpt>
			<trkpt lat="40.36683" lon="-1.0952">
				<ele>927.25</ele>
				<time>2026-09-10T15:04:34.153Z</time>
			</trkpt>
			<trkpt lat="40.36647" lon="-1.09516">
				<ele>922.64</ele>
				<time>2026-09-10T15:04:36.418Z</time>
			</trkpt>
			<trkpt lat="40.36613" lon="-1.09507">
				<ele>920.61</ele>
				<time>2026-09-10T15:04:38.568Z</time>
			</trkpt>
			<trkpt lat="40.36476" lon="-1.0942">
				<ele>916.28</ele>
				<time>2026-09-10T15:04:47.747Z</time>
			</trkpt>
			<trkpt lat="40.36437" lon="-1.0939">
				<ele>920.25</ele>
				<time>2026-09-10T15:04:50.397Z</time>
			</trkpt>
			<trkpt lat="40.36331" lon="-1.09278">
				<ele>934.97</ele>
				<time>2026-09-10T15:04:58.180Z</time>
			</trkpt>
			<trkpt lat="40.36301" lon="-1.09252">
				<ele>934.69</ele>
				<time>2026-09-10T15:05:00.190Z</time>
			</trkpt>
			<trkpt lat="40.36276" lon="-1.09234">
				<ele>932.93</ele>
				<time>2026-09-10T15:05:01.772Z</time>
			</trkpt>
			<trkpt lat="40.36183" lon="-1.09181">
				<ele>938.65</ele>
				<time>2026-09-10T15:05:07.311Z</time>
			</trkpt>
			<trkpt lat="40.36155" lon="-1.09158">
				<ele>942.18</ele>
				<time>2026-09-10T15:05:09.089Z</time>
			</trkpt>
			<trkpt lat="40.36129" lon="-1.09131">
				<ele>940.67</ele>
				<time>2026-09-10T15:05:10.860Z</time>
			</trkpt>
			<trkpt lat="40.36109" lon="-1.09101">
				<ele>938.89</ele>
				<time>2026-09-10T15:05:12.471Z</time>
			</trkpt>
			<trkpt lat="40.3609" lon="-1.09059">
				<ele>937.93</ele>
				<time>2026-09-10T15:05:14.433Z</time>
			</trkpt>
			<trkpt lat="40.36058" lon="-1.08953">
				<ele>941.63</ele>
				<time>2026-09-10T15:05:18.957Z</time>
			</trkpt>
			<trkpt lat="40.36038" lon="-1.08903">
				<ele>942.87</ele>
				<time>2026-09-10T15:05:21.172Z</time>
			</trkpt>
			<trkpt lat="40.36011" lon="-1.08862">
				<ele>943.39</ele>
				<time>2026-09-10T15:05:23.283Z</time>
			</trkpt>
			<trkpt lat="40.35929" lon="-1.08752">
				<ele>955.66</ele>
				<time>2026-09-10T15:05:29.206Z</time>
			</trkpt>
			<trkpt lat="40.35896" lon="-1.08695">
				<ele>963.33</ele>
				<time>2026-09-10T15:05:31.930Z</time>
			</trkpt>
			<trkpt lat="40.35873" lon="-1.08644">
				<ele>964.44</ele>
				<time>2026-09-10T15:05:34.173Z</time>
			</trkpt>
			<trkpt lat="40.35848" lon="-1.08566">
				<ele>962.28</ele>
				<time>2026-09-10T15:05:37.357Z</time>
			</trkpt>
			<trkpt lat="40.35835" lon="-1.08484">
				<ele>966.52</ele>
				<time>2026-09-10T15:05:40.492Z</time>
			</trkpt>
			<trkpt lat="40.35821" lon="-1.08325">
				<ele>968.39</ele>
				<time>2026-09-10T15:05:46.447Z</time>
			</trkpt>
			<trkpt lat="40.3582" lon="-1.08274">
				<ele>971.64</ele>
				<time>2026-09-10T15:05:48.339Z</time>
			</trkpt>
			<trkpt lat="40.35824" lon="-1.08222">
				<ele>975.67</ele>
				<time>2026-09-10T15:05:50.275Z</time>
			</trkpt>
			<trkpt lat="40.35832" lon="-1.08171">
				<ele>978.53</ele>
				<time>2026-09-10T15:05:52.203Z</time>
			</trkpt>
			<trkpt lat="40.35866" lon="-1.08024">
				<ele>989.44</ele>
				<time>2026-09-10T15:05:57.894Z</time>
			</trkpt>
			<trkpt lat="40.35903" lon="-1.07872">
				<ele>1005.62</ele>
				<time>2026-09-10T15:06:03.826Z</time>
			</trkpt>
			<trkpt lat="40.35927" lon="-1.07788">
				<ele>1017.45</ele>
				<time>2026-09-10T15:06:07.180Z</time>
			</trkpt>
			<trkpt lat="40.35959" lon="-1.07707">
				<ele>1023.82</ele>
				<time>2026-09-10T15:06:10.610Z</time>
			</trkpt>
			<trkpt lat="40.35989" lon="-1.07646">
				<ele>1027.17</ele>
				<time>2026-09-10T15:06:13.356Z</time>
			</trkpt>
			<trkpt lat="40.36016" lon="-1.07597">
				<ele>1027.54</ele>
				<time>2026-09-10T15:06:15.656Z</time>
			</trkpt>
			<trkpt lat="40.36112" lon="-1.07452">
				<ele>1041.58</ele>
				<time>2026-09-10T15:06:23.059Z</time>
			</trkpt>
			<trkpt lat="40.36205" lon="-1.07307">
				<ele>1047.57</ele>
				<time>2026-09-10T15:06:30.535Z</time>
			</trkpt>
			<trkpt lat="40.36216" lon="-1.07286">
				<ele>1046.63</ele>
				<time>2026-09-10T15:06:31.556Z</time>
			</trkpt>
			<trkpt lat="40.36319" lon="-1.07125">
				<ele>1056.47</ele>
				<time>2026-09-10T15:06:40.135Z</time>
			</trkpt>
			<trkpt lat="40.36333" lon="-1.07096">
				<ele>1058</ele>
				<time>2026-09-10T15:06:41.565Z</time>
			</trkpt>
			<trkpt lat="40.3634" lon="-1.07058">
				<ele>1060.42</ele>
				<time>2026-09-10T15:06:43.205Z</time>
			</trkpt>
			<trkpt lat="40.36343" lon="-1.07025">
				<ele>1063</ele>
				<time>2026-09-10T15:06:44.608Z</time>
			</trkpt>
			<trkpt lat="40.36347" lon="-1.07028">
				<ele>1063.58</ele>
				<time>2026-09-10T15:06:44.864Z</time>
			</trkpt>
			<trkpt lat="40.36353" lon="-1.07028">
				<ele>1064.23</ele>
				<time>2026-09-10T15:06:45.198Z</time>
			</trkpt>
			<trkpt lat="40.36365" lon="-1.07018">
				<ele>1066.18</ele>
				<time>2026-09-10T15:06:45.992Z</time>
			</trkpt>
			<trkpt lat="40.36388" lon="-1.06946">
				<ele>1070.81</ele>
				<time>2026-09-10T15:06:49.410Z</time>
			</trkpt>
			<trkpt lat="40.36396" lon="-1.06907">
				<ele>1073.27</ele>
				<time>2026-09-10T15:06:51.163Z</time>
			</trkpt>
			<trkpt lat="40.364" lon="-1.06862">
				<ele>1074.06</ele>
				<time>2026-09-10T15:06:53.124Z</time>
			</trkpt>
			<trkpt lat="40.36402" lon="-1.06801">
				<ele>1076.63</ele>
				<time>2026-09-10T15:06:55.758Z</time>
			</trkpt>
			<trkpt lat="40.36398" lon="-1.06749">
				<ele>1077.6</ele>
				<time>2026-09-10T15:06:58.005Z</time>
			</trkpt>
			<trkpt lat="40.36392" lon="-1.06703">
				<ele>1078.84</ele>
				<time>2026-09-10T15:07:00.006Z</time>
			</trkpt>
			<trkpt lat="40.36353" lon="-1.06534">
				<ele>1088.78</ele>
				<time>2026-09-10T15:07:07.524Z</time>
			</trkpt>
			<trkpt lat="40.36345" lon="-1.0648">
				<ele>1091.23</ele>
				<time>2026-09-10T15:07:09.850Z</time>
			</trkpt>
			<trkpt lat="40.36344" lon="-1.06418">
				<ele>1091.1</ele>
				<time>2026-09-10T15:07:12.463Z</time>
			</trkpt>
			<trkpt lat="40.36349" lon="-1.06362">
				<ele>1094.33</ele>
				<time>2026-09-10T15:07:14.830Z</time>
			</trkpt>
			<trkpt lat="40.36361" lon="-1.06301">
				<ele>1097.67</ele>
				<time>2026-09-10T15:07:17.466Z</time>
			</trkpt>
			<trkpt lat="40.36376" lon="-1.06253">
				<ele>1099.72</ele>
				<time>2026-09-10T15:07:19.629Z</time>
			</trkpt>
			<trkpt lat="40.36396" lon="-1.06209">
				<ele>1103.26</ele>
				<time>2026-09-10T15:07:21.758Z</time>
			</trkpt>
			<trkpt lat="40.36458" lon="-1.06101">
				<ele>1109.67</ele>
				<time>2026-09-10T15:07:27.347Z</time>
			</trkpt>
			<trkpt lat="40.36496" lon="-1.06055">
				<ele>1110.68</ele>
				<time>2026-09-10T15:07:30.135Z</time>
			</trkpt>
			<trkpt lat="40.36534" lon="-1.06025">
				<ele>1114.01</ele>
				<time>2026-09-10T15:07:32.517Z</time>
			</trkpt>
			<trkpt lat="40.36618" lon="-1.0598">
				<ele>1115.2</ele>
				<time>2026-09-10T15:07:37.366Z</time>
			</trkpt>
			<trkpt lat="40.36691" lon="-1.05935">
				<ele>1115.81</ele>
				<time>2026-09-10T15:07:41.649Z</time>
			</trkpt>
			<trkpt lat="40.36744" lon="-1.05889">
				<ele>1115.57</ele>
				<time>2026-09-10T15:07:45.004Z</time>
			</trkpt>
			<trkpt lat="40.36791" lon="-1.05842">
				<ele>1111.88</ele>
				<time>2026-09-10T15:07:48.110Z</time>
			</trkpt>
			<trkpt lat="40.37071" lon="-1.05498">
				<ele>1102.89</ele>
				<time>2026-09-10T15:08:07.942Z</time>
			</trkpt>
			<trkpt lat="40.37232" lon="-1.05266">
				<ele>1096.88</ele>
				<time>2026-09-10T15:08:20.028Z</time>
			</trkpt>
			<trkpt lat="40.37322" lon="-1.05163">
				<ele>1096.82</ele>
				<time>2026-09-10T15:08:25.988Z</time>
			</trkpt>
			<trkpt lat="40.37391" lon="-1.05109">
				<ele>1100.65</ele>
				<time>2026-09-10T15:08:29.969Z</time>
			</trkpt>
			<trkpt lat="40.37419" lon="-1.05078">
				<ele>1098.14</ele>
				<time>2026-09-10T15:08:31.778Z</time>
			</trkpt>
			<trkpt lat="40.37439" lon="-1.05051">
				<ele>1098.71</ele>
				<time>2026-09-10T15:08:33.191Z</time>
			</trkpt>
			<trkpt lat="40.37448" lon="-1.05036">
				<ele>1099.46</ele>
				<time>2026-09-10T15:08:33.906Z</time>
			</trkpt>
			<trkpt lat="40.37545" lon="-1.04858">
				<ele>1107.98</ele>
				<time>2026-09-10T15:08:42.055Z</time>
			</trkpt>
			<trkpt lat="40.37571" lon="-1.04803">
				<ele>1111.69</ele>
				<time>2026-09-10T15:08:44.448Z</time>
			</trkpt>
			<trkpt lat="40.37586" lon="-1.04755">
				<ele>1114.05</ele>
				<time>2026-09-10T15:08:46.360Z</time>
			</trkpt>
			<trkpt lat="40.37593" lon="-1.04722">
				<ele>1116.08</ele>
				<time>2026-09-10T15:08:47.620Z</time>
			</trkpt>
			<trkpt lat="40.37599" lon="-1.04652">
				<ele>1121.3</ele>
				<time>2026-09-10T15:08:50.203Z</time>
			</trkpt>
			<trkpt lat="40.37607" lon="-1.04492">
				<ele>1126.85</ele>
				<time>2026-09-10T15:08:56.050Z</time>
			</trkpt>
			<trkpt lat="40.37619" lon="-1.04437">
				<ele>1129.36</ele>
				<time>2026-09-10T15:08:58.126Z</time>
			</trkpt>
			<trkpt lat="40.37632" lon="-1.04399">
				<ele>1131.06</ele>
				<time>2026-09-10T15:08:59.633Z</time>
			</trkpt>
			<trkpt lat="40.37652" lon="-1.04358">
				<ele>1136.25</ele>
				<time>2026-09-10T15:09:01.391Z</time>
			</trkpt>
			<trkpt lat="40.37665" lon="-1.04339">
				<ele>1139.39</ele>
				<time>2026-09-10T15:09:02.311Z</time>
			</trkpt>
			<trkpt lat="40.37683" lon="-1.04316">
				<ele>1143.48</ele>
				<time>2026-09-10T15:09:03.498Z</time>
			</trkpt>
			<trkpt lat="40.37704" lon="-1.04295">
				<ele>1148.66</ele>
				<time>2026-09-10T15:09:04.743Z</time>
			</trkpt>
			<trkpt lat="40.37727" lon="-1.04278">
				<ele>1152.38</ele>
				<time>2026-09-10T15:09:05.985Z</time>
			</trkpt>
			<trkpt lat="40.37752" lon="-1.04263">
				<ele>1154.83</ele>
				<time>2026-09-10T15:09:07.278Z</time>
			</trkpt>
			<trkpt lat="40.37776" lon="-1.04254">
				<ele>1157</ele>
				<time>2026-09-10T15:09:08.449Z</time>
			</trkpt>
			<trkpt lat="40.37794" lon="-1.04249">
				<ele>1157.49</ele>
				<time>2026-09-10T15:09:09.311Z</time>
			</trkpt>
			<trkpt lat="40.37818" lon="-1.04245">
				<ele>1158.1</ele>
				<time>2026-09-10T15:09:10.443Z</time>
			</trkpt>
			<trkpt lat="40.37897" lon="-1.0424">
				<ele>1164.19</ele>
				<time>2026-09-10T15:09:14.133Z</time>
			</trkpt>
			<trkpt lat="40.37919" lon="-1.04236">
				<ele>1165.97</ele>
				<time>2026-09-10T15:09:15.166Z</time>
			</trkpt>
			<trkpt lat="40.37942" lon="-1.0423">
				<ele>1168.78</ele>
				<time>2026-09-10T15:09:16.255Z</time>
			</trkpt>
			<trkpt lat="40.37972" lon="-1.04216">
				<ele>1171.61</ele>
				<time>2026-09-10T15:09:17.732Z</time>
			</trkpt>
			<trkpt lat="40.3799" lon="-1.04205">
				<ele>1173.74</ele>
				<time>2026-09-10T15:09:18.651Z</time>
			</trkpt>
			<trkpt lat="40.38074" lon="-1.04143">
				<ele>1181.33</ele>
				<time>2026-09-10T15:09:23.097Z</time>
			</trkpt>
			<trkpt lat="40.38114" lon="-1.04121">
				<ele>1186.09</ele>
				<time>2026-09-10T15:09:25.089Z</time>
			</trkpt>
			<trkpt lat="40.38134" lon="-1.04115">
				<ele>1187.75</ele>
				<time>2026-09-10T15:09:26.030Z</time>
			</trkpt>
			<trkpt lat="40.38157" lon="-1.04111">
				<ele>1189.29</ele>
				<time>2026-09-10T15:09:27.093Z</time>
			</trkpt>
			<trkpt lat="40.3818" lon="-1.0411">
				<ele>1190.86</ele>
				<time>2026-09-10T15:09:28.145Z</time>
			</trkpt>
			<trkpt lat="40.38328" lon="-1.04117">
				<ele>1201.66</ele>
				<time>2026-09-10T15:09:34.885Z</time>
			</trkpt>
			<trkpt lat="40.38363" lon="-1.04116">
				<ele>1205.51</ele>
				<time>2026-09-10T15:09:36.470Z</time>
			</trkpt>
			<trkpt lat="40.38402" lon="-1.04113">
				<ele>1210.1</ele>
				<time>2026-09-10T15:09:38.235Z</time>
			</trkpt>
			<trkpt lat="40.38472" lon="-1.04098">
				<ele>1215.01</ele>
				<time>2026-09-10T15:09:41.430Z</time>
			</trkpt>
			<trkpt lat="40.3852" lon="-1.0408">
				<ele>1216.89</ele>
				<time>2026-09-10T15:09:43.671Z</time>
			</trkpt>
			<trkpt lat="40.38588" lon="-1.04043">
				<ele>1220.82</ele>
				<time>2026-09-10T15:09:46.965Z</time>
			</trkpt>
			<trkpt lat="40.38617" lon="-1.04023">
				<ele>1225.62</ele>
				<time>2026-09-10T15:09:48.426Z</time>
			</trkpt>
			<trkpt lat="40.38662" lon="-1.03984">
				<ele>1236.24</ele>
				<time>2026-09-10T15:09:50.826Z</time>
			</trkpt>
			<trkpt lat="40.38696" lon="-1.0395">
				<ele>1239.83</ele>
				<time>2026-09-10T15:09:52.724Z</time>
			</trkpt>
			<trkpt lat="40.38736" lon="-1.03905">
				<ele>1243.8</ele>
				<time>2026-09-10T15:09:55.057Z</time>
			</trkpt>
			<trkpt lat="40.38845" lon="-1.03774">
				<ele>1256.82</ele>
				<time>2026-09-10T15:10:01.568Z</time>
			</trkpt>
			<trkpt lat="40.38884" lon="-1.03724">
				<ele>1262.41</ele>
				<time>2026-09-10T15:10:03.958Z</time>
			</trkpt>
			<trkpt lat="40.38912" lon="-1.03682">
				<ele>1265.45</ele>
				<time>2026-09-10T15:10:05.817Z</time>
			</trkpt>
			<trkpt lat="40.3894" lon="-1.03635">
				<ele>1268.34</ele>
				<time>2026-09-10T15:10:07.800Z</time>
			</trkpt>
			<trkpt lat="40.38963" lon="-1.03587">
				<ele>1269.38</ele>
				<time>2026-09-10T15:10:09.681Z</time>
			</trkpt>
			<trkpt lat="40.38981" lon="-1.03542">
				<ele>1271.04</ele>
				<time>2026-09-10T15:10:11.364Z</time>
			</trkpt>
			<trkpt lat="40.39" lon="-1.03488">
				<ele>1273</ele>
				<time>2026-09-10T15:10:13.329Z</time>
			</trkpt>
			<trkpt lat="40.39042" lon="-1.0334">
				<ele>1271.97</ele>
				<time>2026-09-10T15:10:18.527Z</time>
			</trkpt>
			<trkpt lat="40.39062" lon="-1.03292">
				<ele>1273.5</ele>
				<time>2026-09-10T15:10:20.321Z</time>
			</trkpt>
			<trkpt lat="40.39077" lon="-1.03264">
				<ele>1274.63</ele>
				<time>2026-09-10T15:10:21.442Z</time>
			</trkpt>
			<trkpt lat="40.391" lon="-1.03227">
				<ele>1275.31</ele>
				<time>2026-09-10T15:10:23.004Z</time>
			</trkpt>
			<trkpt lat="40.3915" lon="-1.03158">
				<ele>1275.03</ele>
				<time>2026-09-10T15:10:26.110Z</time>
			</trkpt>
			<trkpt lat="40.39219" lon="-1.03057">
				<ele>1275.18</ele>
				<time>2026-09-10T15:10:30.519Z</time>
			</trkpt>
			<trkpt lat="40.39276" lon="-1.02966">
				<ele>1271.33</ele>
				<time>2026-09-10T15:10:34.332Z</time>
			</trkpt>
			<trkpt lat="40.39462" lon="-1.02629">
				<ele>1268</ele>
				<time>2026-09-10T15:10:47.694Z</time>
			</trkpt>
			<trkpt lat="40.3957" lon="-1.0243">
				<ele>1258.53</ele>
				<time>2026-09-10T15:10:55.467Z</time>
			</trkpt>
			<trkpt lat="40.39627" lon="-1.02316">
				<ele>1258.52</ele>
				<time>2026-09-10T15:10:59.784Z</time>
			</trkpt>
			<trkpt lat="40.39898" lon="-1.01712">
				<ele>1258.73</ele>
				<time>2026-09-10T15:11:21.761Z</time>
			</trkpt>
			<trkpt lat="40.39909" lon="-1.0168">
				<ele>1260.41</ele>
				<time>2026-09-10T15:11:22.853Z</time>
			</trkpt>
			<trkpt lat="40.3992" lon="-1.01636">
				<ele>1261.96</ele>
				<time>2026-09-10T15:11:24.293Z</time>
			</trkpt>
			<trkpt lat="40.39926" lon="-1.01592">
				<ele>1262.08</ele>
				<time>2026-09-10T15:11:25.681Z</time>
			</trkpt>
			<trkpt lat="40.39927" lon="-1.01546">
				<ele>1266.57</ele>
				<time>2026-09-10T15:11:27.110Z</time>
			</trkpt>
			<trkpt lat="40.39923" lon="-1.01492">
				<ele>1272.35</ele>
				<time>2026-09-10T15:11:28.792Z</time>
			</trkpt>
			<trkpt lat="40.39912" lon="-1.01436">
				<ele>1274.95</ele>
				<time>2026-09-10T15:11:30.584Z</time>
			</trkpt>
			<trkpt lat="40.39889" lon="-1.01365">
				<ele>1272.14</ele>
				<time>2026-09-10T15:11:32.972Z</time>
			</trkpt>
			<trkpt lat="40.39789" lon="-1.01121">
				<ele>1273.14</ele>
				<time>2026-09-10T15:11:41.525Z</time>
			</trkpt>
			<trkpt lat="40.39737" lon="-1.01001">
				<ele>1278.12</ele>
				<time>2026-09-10T15:11:45.775Z</time>
			</trkpt>
			<trkpt lat="40.39684" lon="-1.00867">
				<ele>1280.46</ele>
				<time>2026-09-10T15:11:50.415Z</time>
			</trkpt>
			<trkpt lat="40.39611" lon="-1.00698">
				<ele>1282.91</ele>
				<time>2026-09-10T15:11:56.375Z</time>
			</trkpt>
			<trkpt lat="40.39425" lon="-1.00253">
				<ele>1291.09</ele>
				<time>2026-09-10T15:12:11.902Z</time>
			</trkpt>
			<trkpt lat="40.39404" lon="-1.00193">
				<ele>1288.9</ele>
				<time>2026-09-10T15:12:13.919Z</time>
			</trkpt>
			<trkpt lat="40.39378" lon="-1.00098">
				<ele>1290.92</ele>
				<time>2026-09-10T15:12:17.001Z</time>
			</trkpt>
			<trkpt lat="40.39359" lon="-0.99987">
				<ele>1295.21</ele>
				<time>2026-09-10T15:12:20.473Z</time>
			</trkpt>
			<trkpt lat="40.39351" lon="-0.99914">
				<ele>1298.13</ele>
				<time>2026-09-10T15:12:22.724Z</time>
			</trkpt>
			<trkpt lat="40.39349" lon="-0.99797">
				<ele>1298.51</ele>
				<time>2026-09-10T15:12:26.295Z</time>
			</trkpt>
			<trkpt lat="40.39351" lon="-0.9974">
				<ele>1297.72</ele>
				<time>2026-09-10T15:12:28.036Z</time>
			</trkpt>
			<trkpt lat="40.39359" lon="-0.99672">
				<ele>1295.54</ele>
				<time>2026-09-10T15:12:30.136Z</time>
			</trkpt>
			<trkpt lat="40.39372" lon="-0.99589">
				<ele>1294.47</ele>
				<time>2026-09-10T15:12:32.722Z</time>
			</trkpt>
			<trkpt lat="40.39387" lon="-0.99524">
				<ele>1293.78</ele>
				<time>2026-09-10T15:12:34.795Z</time>
			</trkpt>
			<trkpt lat="40.39406" lon="-0.99455">
				<ele>1291.21</ele>
				<time>2026-09-10T15:12:37.035Z</time>
			</trkpt>
			<trkpt lat="40.39423" lon="-0.99408">
				<ele>1287.26</ele>
				<time>2026-09-10T15:12:38.623Z</time>
			</trkpt>
			<trkpt lat="40.39463" lon="-0.99318">
				<ele>1282.77</ele>
				<time>2026-09-10T15:12:41.806Z</time>
			</trkpt>
			<trkpt lat="40.39511" lon="-0.99233">
				<ele>1284.89</ele>
				<time>2026-09-10T15:12:45.039Z</time>
			</trkpt>
			<trkpt lat="40.39569" lon="-0.99146">
				<ele>1280.72</ele>
				<time>2026-09-10T15:12:48.574Z</time>
			</trkpt>
			<trkpt lat="40.39614" lon="-0.99084">
				<ele>1279.39</ele>
				<time>2026-09-10T15:12:51.195Z</time>
			</trkpt>
			<trkpt lat="40.39645" lon="-0.9903">
				<ele>1279.57</ele>
				<time>2026-09-10T15:12:53.265Z</time>
			</trkpt>
			<trkpt lat="40.39663" lon="-0.98994">
				<ele>1276.16</ele>
				<time>2026-09-10T15:12:54.583Z</time>
			</trkpt>
			<trkpt lat="40.39689" lon="-0.98924">
				<ele>1273.35</ele>
				<time>2026-09-10T15:12:56.970Z</time>
			</trkpt>
			<trkpt lat="40.39707" lon="-0.98852">
				<ele>1274.57</ele>
				<time>2026-09-10T15:12:59.293Z</time>
			</trkpt>
			<trkpt lat="40.39714" lon="-0.98808">
				<ele>1272.53</ele>
				<time>2026-09-10T15:13:00.672Z</time>
			</trkpt>
			<trkpt lat="40.39728" lon="-0.9865">
				<ele>1269.91</ele>
				<time>2026-09-10T15:13:05.557Z</time>
			</trkpt>
			<trkpt lat="40.39763" lon="-0.98188">
				<ele>1290.51</ele>
				<time>2026-09-10T15:13:19.871Z</time>
			</trkpt>
			<trkpt lat="40.39772" lon="-0.98125">
				<ele>1290.68</ele>
				<time>2026-09-10T15:13:21.854Z</time>
			</trkpt>
			<trkpt lat="40.39791" lon="-0.98026">
				<ele>1292.9</ele>
				<time>2026-09-10T15:13:25.018Z</time>
			</trkpt>
			<trkpt lat="40.39809" lon="-0.97953">
				<ele>1292</ele>
				<time>2026-09-10T15:13:27.399Z</time>
			</trkpt>
			<trkpt lat="40.39842" lon="-0.9785">
				<ele>1288.52</ele>
				<time>2026-09-10T15:13:30.873Z</time>
			</trkpt>
			<trkpt lat="40.3997" lon="-0.97493">
				<ele>1295.1</ele>
				<time>2026-09-10T15:13:43.200Z</time>
			</trkpt>
			<trkpt lat="40.40006" lon="-0.97402">
				<ele>1298.52</ele>
				<time>2026-09-10T15:13:46.420Z</time>
			</trkpt>
			<trkpt lat="40.4004" lon="-0.97323">
				<ele>1295.75</ele>
				<time>2026-09-10T15:13:49.276Z</time>
			</trkpt>
			<trkpt lat="40.40087" lon="-0.97225">
				<ele>1288.28</ele>
				<time>2026-09-10T15:13:52.930Z</time>
			</trkpt>
			<trkpt lat="40.40107" lon="-0.9718">
				<ele>1289.12</ele>
				<time>2026-09-10T15:13:54.577Z</time>
			</trkpt>
			<trkpt lat="40.40118" lon="-0.97148">
				<ele>1289.56</ele>
				<time>2026-09-10T15:13:55.688Z</time>
			</trkpt>
			<trkpt lat="40.4014" lon="-0.9708">
				<ele>1290.25</ele>
				<time>2026-09-10T15:13:58.029Z</time>
			</trkpt>
			<trkpt lat="40.40169" lon="-0.97003">
				<ele>1293.41</ele>
				<time>2026-09-10T15:14:00.757Z</time>
			</trkpt>
			<trkpt lat="40.40181" lon="-0.96975">
				<ele>1293.74</ele>
				<time>2026-09-10T15:14:01.779Z</time>
			</trkpt>
			<trkpt lat="40.40205" lon="-0.96929">
				<ele>1296.94</ele>
				<time>2026-09-10T15:14:03.555Z</time>
			</trkpt>
			<trkpt lat="40.4025" lon="-0.96854">
				<ele>1304.31</ele>
				<time>2026-09-10T15:14:06.601Z</time>
			</trkpt>
			<trkpt lat="40.40395" lon="-0.9663">
				<ele>1328.11</ele>
				<time>2026-09-10T15:14:16.034Z</time>
			</trkpt>
			<trkpt lat="40.40411" lon="-0.96609">
				<ele>1329.86</ele>
				<time>2026-09-10T15:14:16.992Z</time>
			</trkpt>
			<trkpt lat="40.4043" lon="-0.96589">
				<ele>1331.32</ele>
				<time>2026-09-10T15:14:18.023Z</time>
			</trkpt>
			<trkpt lat="40.40468" lon="-0.96556">
				<ele>1334.79</ele>
				<time>2026-09-10T15:14:19.957Z</time>
			</trkpt>
			<trkpt lat="40.40502" lon="-0.96523">
				<ele>1339.09</ele>
				<time>2026-09-10T15:14:21.754Z</time>
			</trkpt>
			<trkpt lat="40.40549" lon="-0.96485">
				<ele>1343.12</ele>
				<time>2026-09-10T15:14:24.105Z</time>
			</trkpt>
			<trkpt lat="40.40571" lon="-0.96455">
				<ele>1347.15</ele>
				<time>2026-09-10T15:14:25.458Z</time>
			</trkpt>
			<trkpt lat="40.40579" lon="-0.96439">
				<ele>1348.35</ele>
				<time>2026-09-10T15:14:26.081Z</time>
			</trkpt>
			<trkpt lat="40.40588" lon="-0.96413">
				<ele>1350.09</ele>
				<time>2026-09-10T15:14:27.011Z</time>
			</trkpt>
			<trkpt lat="40.40597" lon="-0.96361">
				<ele>1354.03</ele>
				<time>2026-09-10T15:14:28.749Z</time>
			</trkpt>
			<trkpt lat="40.40606" lon="-0.96328">
				<ele>1355.41</ele>
				<time>2026-09-10T15:14:29.893Z</time>
			</trkpt>
			<trkpt lat="40.40626" lon="-0.96288">
				<ele>1357.72</ele>
				<time>2026-09-10T15:14:31.457Z</time>
			</trkpt>
			<trkpt lat="40.40651" lon="-0.96253">
				<ele>1360.42</ele>
				<time>2026-09-10T15:14:33.029Z</time>
			</trkpt>
			<trkpt lat="40.40663" lon="-0.96233">
				<ele>1360.36</ele>
				<time>2026-09-10T15:14:33.863Z</time>
			</trkpt>
			<trkpt lat="40.4067" lon="-0.96214">
				<ele>1361.02</ele>
				<time>2026-09-10T15:14:34.556Z</time>
			</trkpt>
			<trkpt lat="40.40677" lon="-0.96192">
				<ele>1362.34</ele>
				<time>2026-09-10T15:14:35.339Z</time>
			</trkpt>
			<trkpt lat="40.4068" lon="-0.96171">
				<ele>1363.73</ele>
				<time>2026-09-10T15:14:36.041Z</time>
			</trkpt>
			<trkpt lat="40.40682" lon="-0.96141">
				<ele>1367.3</ele>
				<time>2026-09-10T15:14:37.031Z</time>
			</trkpt>
			<trkpt lat="40.40676" lon="-0.96083">
				<ele>1371.99</ele>
				<time>2026-09-10T15:14:38.959Z</time>
			</trkpt>
			<trkpt lat="40.40675" lon="-0.96055">
				<ele>1374.07</ele>
				<time>2026-09-10T15:14:39.884Z</time>
			</trkpt>
			<trkpt lat="40.40677" lon="-0.96031">
				<ele>1375.64</ele>
				<time>2026-09-10T15:14:40.681Z</time>
			</trkpt>
			<trkpt lat="40.40685" lon="-0.95995">
				<ele>1378.19</ele>
				<time>2026-09-10T15:14:41.921Z</time>
			</trkpt>
			<trkpt lat="40.40697" lon="-0.95965">
				<ele>1378.65</ele>
				<time>2026-09-10T15:14:43.043Z</time>
			</trkpt>
			<trkpt lat="40.40702" lon="-0.95955">
				<ele>1379.96</ele>
				<time>2026-09-10T15:14:43.439Z</time>
			</trkpt>
			<trkpt lat="40.40719" lon="-0.95932">
				<ele>1380.23</ele>
				<time>2026-09-10T15:14:44.502Z</time>
			</trkpt>
			<trkpt lat="40.4075" lon="-0.95899">
				<ele>1385.33</ele>
				<time>2026-09-10T15:14:46.242Z</time>
			</trkpt>
			<trkpt lat="40.40761" lon="-0.95885">
				<ele>1388.08</ele>
				<time>2026-09-10T15:14:46.911Z</time>
			</trkpt>
			<trkpt lat="40.4077" lon="-0.95869">
				<ele>1389.72</ele>
				<time>2026-09-10T15:14:47.573Z</time>
			</trkpt>
			<trkpt lat="40.4078" lon="-0.95841">
				<ele>1391.74</ele>
				<time>2026-09-10T15:14:48.603Z</time>
			</trkpt>
			<trkpt lat="40.40784" lon="-0.9582">
				<ele>1394</ele>
				<time>2026-09-10T15:14:49.324Z</time>
			</trkpt>
			<trkpt lat="40.40793" lon="-0.95739">
				<ele>1397.64</ele>
				<time>2026-09-10T15:14:52.059Z</time>
			</trkpt>
			<trkpt lat="40.40802" lon="-0.95709">
				<ele>1399.58</ele>
				<time>2026-09-10T15:14:53.138Z</time>
			</trkpt>
			<trkpt lat="40.40814" lon="-0.95678">
				<ele>1402.49</ele>
				<time>2026-09-10T15:14:54.304Z</time>
			</trkpt>
			<trkpt lat="40.40821" lon="-0.95651">
				<ele>1404.81</ele>
				<time>2026-09-10T15:14:55.261Z</time>
			</trkpt>
			<trkpt lat="40.4083" lon="-0.95571">
				<ele>1407.88</ele>
				<time>2026-09-10T15:14:57.980Z</time>
			</trkpt>
			<trkpt lat="40.40833" lon="-0.95558">
				<ele>1407.92</ele>
				<time>2026-09-10T15:14:58.438Z</time>
			</trkpt>
			<trkpt lat="40.40844" lon="-0.95522">
				<ele>1412</ele>
				<time>2026-09-10T15:14:59.746Z</time>
			</trkpt>
			<trkpt lat="40.40863" lon="-0.95474">
				<ele>1417.37</ele>
				<time>2026-09-10T15:15:01.574Z</time>
			</trkpt>
			<trkpt lat="40.40866" lon="-0.95464">
				<ele>1418.93</ele>
				<time>2026-09-10T15:15:01.938Z</time>
			</trkpt>
			<trkpt lat="40.40869" lon="-0.95441">
				<ele>1421.63</ele>
				<time>2026-09-10T15:15:02.728Z</time>
			</trkpt>
			<trkpt lat="40.40866" lon="-0.95408">
				<ele>1423.3</ele>
				<time>2026-09-10T15:15:03.855Z</time>
			</trkpt>
			<trkpt lat="40.40859" lon="-0.95383">
				<ele>1422.95</ele>
				<time>2026-09-10T15:15:04.759Z</time>
			</trkpt>
			<trkpt lat="40.40853" lon="-0.95372">
				<ele>1424.08</ele>
				<time>2026-09-10T15:15:05.218Z</time>
			</trkpt>
			<trkpt lat="40.40843" lon="-0.95359">
				<ele>1423.93</ele>
				<time>2026-09-10T15:15:05.846Z</time>
			</trkpt>
			<trkpt lat="40.40836" lon="-0.95352">
				<ele>1423.92</ele>
				<time>2026-09-10T15:15:06.239Z</time>
			</trkpt>
			<trkpt lat="40.40782" lon="-0.95308">
				<ele>1426.88</ele>
				<time>2026-09-10T15:15:09.083Z</time>
			</trkpt>
			<trkpt lat="40.40766" lon="-0.9529">
				<ele>1430.14</ele>
				<time>2026-09-10T15:15:10.028Z</time>
			</trkpt>
			<trkpt lat="40.40755" lon="-0.95271">
				<ele>1431.56</ele>
				<time>2026-09-10T15:15:10.844Z</time>
			</trkpt>
			<trkpt lat="40.40747" lon="-0.95253">
				<ele>1432.83</ele>
				<time>2026-09-10T15:15:11.557Z</time>
			</trkpt>
			<trkpt lat="40.40737" lon="-0.95221">
				<ele>1435.25</ele>
				<time>2026-09-10T15:15:12.742Z</time>
			</trkpt>
			<trkpt lat="40.40733" lon="-0.95188">
				<ele>1435.5</ele>
				<time>2026-09-10T15:15:13.888Z</time>
			</trkpt>
			<trkpt lat="40.40733" lon="-0.9516">
				<ele>1435.27</ele>
				<time>2026-09-10T15:15:14.850Z</time>
			</trkpt>
			<trkpt lat="40.40736" lon="-0.95132">
				<ele>1435.94</ele>
				<time>2026-09-10T15:15:15.823Z</time>
			</trkpt>
			<trkpt lat="40.4074" lon="-0.95114">
				<ele>1436.03</ele>
				<time>2026-09-10T15:15:16.469Z</time>
			</trkpt>
			<trkpt lat="40.40755" lon="-0.95063">
				<ele>1440.19</ele>
				<time>2026-09-10T15:15:18.354Z</time>
			</trkpt>
			<trkpt lat="40.40765" lon="-0.95025">
				<ele>1444.14</ele>
				<time>2026-09-10T15:15:19.743Z</time>
			</trkpt>
			<trkpt lat="40.40767" lon="-0.94998">
				<ele>1447.79</ele>
				<time>2026-09-10T15:15:20.682Z</time>
			</trkpt>
			<trkpt lat="40.40768" lon="-0.94976">
				<ele>1449.39</ele>
				<time>2026-09-10T15:15:21.445Z</time>
			</trkpt>
			<trkpt lat="40.40765" lon="-0.94934">
				<ele>1450.81</ele>
				<time>2026-09-10T15:15:22.909Z</time>
			</trkpt>
			<trkpt lat="40.40752" lon="-0.94823">
				<ele>1456.94</ele>
				<time>2026-09-10T15:15:26.818Z</time>
			</trkpt>
			<trkpt lat="40.4075" lon="-0.94745">
				<ele>1457.21</ele>
				<time>2026-09-10T15:15:29.546Z</time>
			</trkpt>
			<trkpt lat="40.40758" lon="-0.9467">
				<ele>1463.99</ele>
				<time>2026-09-10T15:15:32.203Z</time>
			</trkpt>
			<trkpt lat="40.40771" lon="-0.94628">
				<ele>1469.55</ele>
				<time>2026-09-10T15:15:33.797Z</time>
			</trkpt>
			<trkpt lat="40.40785" lon="-0.94594">
				<ele>1472.03</ele>
				<time>2026-09-10T15:15:35.159Z</time>
			</trkpt>
			<trkpt lat="40.40811" lon="-0.94555">
				<ele>1476.02</ele>
				<time>2026-09-10T15:15:36.990Z</time>
			</trkpt>
			<trkpt lat="40.40843" lon="-0.94515">
				<ele>1480.07</ele>
				<time>2026-09-10T15:15:39.044Z</time>
			</trkpt>
			<trkpt lat="40.40917" lon="-0.94434">
				<ele>1485.77</ele>
				<time>2026-09-10T15:15:43.543Z</time>
			</trkpt>
			<trkpt lat="40.40966" lon="-0.94398">
				<ele>1491.58</ele>
				<time>2026-09-10T15:15:46.177Z</time>
			</trkpt>
			<trkpt lat="40.41077" lon="-0.94338">
				<ele>1501.59</ele>
				<time>2026-09-10T15:15:51.840Z</time>
			</trkpt>
			<trkpt lat="40.41109" lon="-0.94315">
				<ele>1504.18</ele>
				<time>2026-09-10T15:15:53.570Z</time>
			</trkpt>
			<trkpt lat="40.41134" lon="-0.94294">
				<ele>1507.29</ele>
				<time>2026-09-10T15:15:54.980Z</time>
			</trkpt>
			<trkpt lat="40.41226" lon="-0.94191">
				<ele>1516.42</ele>
				<time>2026-09-10T15:16:00.752Z</time>
			</trkpt>
			<trkpt lat="40.41254" lon="-0.94176">
				<ele>1517.18</ele>
				<time>2026-09-10T15:16:02.203Z</time>
			</trkpt>
			<trkpt lat="40.41276" lon="-0.94172">
				<ele>1516.91</ele>
				<time>2026-09-10T15:16:03.270Z</time>
			</trkpt>
			<trkpt lat="40.413" lon="-0.94174">
				<ele>1517.09</ele>
				<time>2026-09-10T15:16:04.428Z</time>
			</trkpt>
			<trkpt lat="40.41323" lon="-0.94186">
				<ele>1516.87</ele>
				<time>2026-09-10T15:16:05.621Z</time>
			</trkpt>
			<trkpt lat="40.41354" lon="-0.94205">
				<ele>1520.91</ele>
				<time>2026-09-10T15:16:07.274Z</time>
			</trkpt>
			<trkpt lat="40.41417" lon="-0.94256">
				<ele>1531.79</ele>
				<time>2026-09-10T15:16:10.862Z</time>
			</trkpt>
			<trkpt lat="40.41442" lon="-0.94272">
				<ele>1534.63</ele>
				<time>2026-09-10T15:16:12.215Z</time>
			</trkpt>
			<trkpt lat="40.41463" lon="-0.94277">
				<ele>1535.82</ele>
				<time>2026-09-10T15:16:13.255Z</time>
			</trkpt>
			<trkpt lat="40.41487" lon="-0.94281">
				<ele>1538.02</ele>
				<time>2026-09-10T15:16:14.435Z</time>
			</trkpt>
			<trkpt lat="40.41517" lon="-0.94281">
				<ele>1540.46</ele>
				<time>2026-09-10T15:16:15.902Z</time>
			</trkpt>
			<trkpt lat="40.41539" lon="-0.94273">
				<ele>1541.71</ele>
				<time>2026-09-10T15:16:17.020Z</time>
			</trkpt>
			<trkpt lat="40.41561" lon="-0.94262">
				<ele>1543.8</ele>
				<time>2026-09-10T15:16:18.175Z</time>
			</trkpt>
			<trkpt lat="40.41636" lon="-0.94201">
				<ele>1549.22</ele>
				<time>2026-09-10T15:16:22.520Z</time>
			</trkpt>
			<trkpt lat="40.41661" lon="-0.94184">
				<ele>1550.98</ele>
				<time>2026-09-10T15:16:23.912Z</time>
			</trkpt>
			<trkpt lat="40.41676" lon="-0.94179">
				<ele>1552.2</ele>
				<time>2026-09-10T15:16:24.678Z</time>
			</trkpt>
			<trkpt lat="40.41697" lon="-0.94176">
				<ele>1553.46</ele>
				<time>2026-09-10T15:16:25.726Z</time>
			</trkpt>
			<trkpt lat="40.41736" lon="-0.94178">
				<ele>1556.37</ele>
				<time>2026-09-10T15:16:27.665Z</time>
			</trkpt>
			<trkpt lat="40.41756" lon="-0.94184">
				<ele>1559.25</ele>
				<time>2026-09-10T15:16:28.687Z</time>
			</trkpt>
			<trkpt lat="40.41779" lon="-0.94195">
				<ele>1563.22</ele>
				<time>2026-09-10T15:16:29.907Z</time>
			</trkpt>
			<trkpt lat="40.41833" lon="-0.94229">
				<ele>1571.41</ele>
				<time>2026-09-10T15:16:32.903Z</time>
			</trkpt>
			<trkpt lat="40.41856" lon="-0.94236">
				<ele>1574.06</ele>
				<time>2026-09-10T15:16:34.087Z</time>
			</trkpt>
			<trkpt lat="40.41886" lon="-0.94237">
				<ele>1574.91</ele>
				<time>2026-09-10T15:16:35.595Z</time>
			</trkpt>
			<trkpt lat="40.41911" lon="-0.94234">
				<ele>1574.03</ele>
				<time>2026-09-10T15:16:36.860Z</time>
			</trkpt>
			<trkpt lat="40.41943" lon="-0.94219">
				<ele>1575.53</ele>
				<time>2026-09-10T15:16:38.574Z</time>
			</trkpt>
			<trkpt lat="40.41973" lon="-0.94197">
				<ele>1580.47</ele>
				<time>2026-09-10T15:16:40.313Z</time>
			</trkpt>
			<trkpt lat="40.41995" lon="-0.94174">
				<ele>1582.84</ele>
				<time>2026-09-10T15:16:41.738Z</time>
			</trkpt>
			<trkpt lat="40.42009" lon="-0.94149">
				<ele>1583.19</ele>
				<time>2026-09-10T15:16:42.938Z</time>
			</trkpt>
			<trkpt lat="40.42029" lon="-0.94102">
				<ele>1585.08</ele>
				<time>2026-09-10T15:16:45.026Z</time>
			</trkpt>
			<trkpt lat="40.42043" lon="-0.94075">
				<ele>1586.48</ele>
				<time>2026-09-10T15:16:46.295Z</time>
			</trkpt>
			<trkpt lat="40.42061" lon="-0.94048">
				<ele>1588.96</ele>
				<time>2026-09-10T15:16:47.692Z</time>
			</trkpt>
			<trkpt lat="40.42086" lon="-0.94021">
				<ele>1592.06</ele>
				<time>2026-09-10T15:16:49.351Z</time>
			</trkpt>
			<trkpt lat="40.42108" lon="-0.94007">
				<ele>1593.01</ele>
				<time>2026-09-10T15:16:50.606Z</time>
			</trkpt>
			<trkpt lat="40.42128" lon="-0.93999">
				<ele>1593.69</ele>
				<time>2026-09-10T15:16:51.682Z</time>
			</trkpt>
			<trkpt lat="40.42189" lon="-0.93979">
				<ele>1599.03</ele>
				<time>2026-09-10T15:16:54.926Z</time>
			</trkpt>
			<trkpt lat="40.42214" lon="-0.93965">
				<ele>1600.61</ele>
				<time>2026-09-10T15:16:56.333Z</time>
			</trkpt>
			<trkpt lat="40.42245" lon="-0.9394">
				<ele>1597.1</ele>
				<time>2026-09-10T15:16:58.220Z</time>
			</trkpt>
			<trkpt lat="40.42268" lon="-0.93913">
				<ele>1593.63</ele>
				<time>2026-09-10T15:16:59.825Z</time>
			</trkpt>
			<trkpt lat="40.42298" lon="-0.93887">
				<ele>1594.53</ele>
				<time>2026-09-10T15:17:01.699Z</time>
			</trkpt>
			<trkpt lat="40.42379" lon="-0.93835">
				<ele>1594.46</ele>
				<time>2026-09-10T15:17:06.423Z</time>
			</trkpt>
			<trkpt lat="40.42403" lon="-0.9381">
				<ele>1595</ele>
				<time>2026-09-10T15:17:08.035Z</time>
			</trkpt>
			<trkpt lat="40.42418" lon="-0.93788">
				<ele>1592.98</ele>
				<time>2026-09-10T15:17:09.221Z</time>
			</trkpt>
			<trkpt lat="40.4243" lon="-0.93764">
				<ele>1590.46</ele>
				<time>2026-09-10T15:17:10.375Z</time>
			</trkpt>
			<trkpt lat="40.42449" lon="-0.93718">
				<ele>1587.16</ele>
				<time>2026-09-10T15:17:12.485Z</time>
			</trkpt>
			<trkpt lat="40.42473" lon="-0.9367">
				<ele>1584.09</ele>
				<time>2026-09-10T15:17:14.807Z</time>
			</trkpt>
			<trkpt lat="40.42498" lon="-0.93629">
				<ele>1583.01</ele>
				<time>2026-09-10T15:17:16.938Z</time>
			</trkpt>
			<trkpt lat="40.42519" lon="-0.9358">
				<ele>1583.24</ele>
				<time>2026-09-10T15:17:19.227Z</time>
			</trkpt>
			<trkpt lat="40.42544" lon="-0.93511">
				<ele>1582.54</ele>
				<time>2026-09-10T15:17:22.348Z</time>
			</trkpt>
			<trkpt lat="40.42558" lon="-0.93485">
				<ele>1581.46</ele>
				<time>2026-09-10T15:17:23.654Z</time>
			</trkpt>
			<trkpt lat="40.42577" lon="-0.93462">
				<ele>1579.91</ele>
				<time>2026-09-10T15:17:25.047Z</time>
			</trkpt>
			<trkpt lat="40.42605" lon="-0.93441">
				<ele>1580.46</ele>
				<time>2026-09-10T15:17:26.790Z</time>
			</trkpt>
			<trkpt lat="40.42633" lon="-0.93428">
				<ele>1580.24</ele>
				<time>2026-09-10T15:17:28.400Z</time>
			</trkpt>
			<trkpt lat="40.42659" lon="-0.93425">
				<ele>1578.55</ele>
				<time>2026-09-10T15:17:29.817Z</time>
			</trkpt>
			<trkpt lat="40.42684" lon="-0.93428">
				<ele>1577.1</ele>
				<time>2026-09-10T15:17:31.183Z</time>
			</trkpt>
			<trkpt lat="40.42722" lon="-0.9344">
				<ele>1578.9</ele>
				<time>2026-09-10T15:17:33.315Z</time>
			</trkpt>
			<trkpt lat="40.42759" lon="-0.93448">
				<ele>1578.02</ele>
				<time>2026-09-10T15:17:35.367Z</time>
			</trkpt>
			<trkpt lat="40.42796" lon="-0.9345">
				<ele>1576.67</ele>
				<time>2026-09-10T15:17:37.399Z</time>
			</trkpt>
			<trkpt lat="40.42846" lon="-0.93451">
				<ele>1575.99</ele>
				<time>2026-09-10T15:17:40.152Z</time>
			</trkpt>
			<trkpt lat="40.4288" lon="-0.93455">
				<ele>1576.94</ele>
				<time>2026-09-10T15:17:42.038Z</time>
			</trkpt>
			<trkpt lat="40.42905" lon="-0.93455">
				<ele>1574.58</ele>
				<time>2026-09-10T15:17:43.423Z</time>
			</trkpt>
			<trkpt lat="40.4294" lon="-0.93443">
				<ele>1570.57</ele>
				<time>2026-09-10T15:17:45.430Z</time>
			</trkpt>
			<trkpt lat="40.42969" lon="-0.93421">
				<ele>1568.23</ele>
				<time>2026-09-10T15:17:47.294Z</time>
			</trkpt>
			<trkpt lat="40.42984" lon="-0.93398">
				<ele>1566.52</ele>
				<time>2026-09-10T15:17:48.581Z</time>
			</trkpt>
			<trkpt lat="40.42994" lon="-0.93374">
				<ele>1565.2</ele>
				<time>2026-09-10T15:17:49.744Z</time>
			</trkpt>
			<trkpt lat="40.43015" lon="-0.9328">
				<ele>1560.14</ele>
				<time>2026-09-10T15:17:53.928Z</time>
			</trkpt>
			<trkpt lat="40.43028" lon="-0.93246">
				<ele>1563.24</ele>
				<time>2026-09-10T15:17:55.559Z</time>
			</trkpt>
			<trkpt lat="40.43043" lon="-0.93218">
				<ele>1563.59</ele>
				<time>2026-09-10T15:17:57.030Z</time>
			</trkpt>
			<trkpt lat="40.4306" lon="-0.93196">
				<ele>1562.7</ele>
				<time>2026-09-10T15:17:58.380Z</time>
			</trkpt>
			<trkpt lat="40.43138" lon="-0.93125">
				<ele>1558.08</ele>
				<time>2026-09-10T15:18:03.774Z</time>
			</trkpt>
			<trkpt lat="40.43159" lon="-0.931">
				<ele>1558.95</ele>
				<time>2026-09-10T15:18:05.393Z</time>
			</trkpt>
			<trkpt lat="40.43179" lon="-0.93068">
				<ele>1559.66</ele>
				<time>2026-09-10T15:18:07.197Z</time>
			</trkpt>
			<trkpt lat="40.43221" lon="-0.92973">
				<ele>1558.89</ele>
				<time>2026-09-10T15:18:12.008Z</time>
			</trkpt>
			<trkpt lat="40.43242" lon="-0.92935">
				<ele>1557.55</ele>
				<time>2026-09-10T15:18:14.074Z</time>
			</trkpt>
			<trkpt lat="40.43262" lon="-0.92907">
				<ele>1557.11</ele>
				<time>2026-09-10T15:18:15.768Z</time>
			</trkpt>
			<trkpt lat="40.43287" lon="-0.92878">
				<ele>1556.52</ele>
				<time>2026-09-10T15:18:17.706Z</time>
			</trkpt>
			<trkpt lat="40.43327" lon="-0.92843">
				<ele>1555.43</ele>
				<time>2026-09-10T15:18:20.508Z</time>
			</trkpt>
			<trkpt lat="40.43365" lon="-0.92817">
				<ele>1555.28</ele>
				<time>2026-09-10T15:18:23.015Z</time>
			</trkpt>
			<trkpt lat="40.43455" lon="-0.92783">
				<ele>1551.28</ele>
				<time>2026-09-10T15:18:28.526Z</time>
			</trkpt>
			<trkpt lat="40.43485" lon="-0.92766">
				<ele>1552.31</ele>
				<time>2026-09-10T15:18:30.459Z</time>
			</trkpt>
			<trkpt lat="40.43514" lon="-0.92741">
				<ele>1552</ele>
				<time>2026-09-10T15:18:32.516Z</time>
			</trkpt>
			<trkpt lat="40.43535" lon="-0.92715">
				<ele>1550.32</ele>
				<time>2026-09-10T15:18:34.233Z</time>
			</trkpt>
			<trkpt lat="40.43549" lon="-0.92691">
				<ele>1550.1</ele>
				<time>2026-09-10T15:18:35.604Z</time>
			</trkpt>
			<trkpt lat="40.43568" lon="-0.92653">
				<ele>1551.97</ele>
				<time>2026-09-10T15:18:37.672Z</time>
			</trkpt>
			<trkpt lat="40.4359" lon="-0.92612">
				<ele>1554.74</ele>
				<time>2026-09-10T15:18:39.960Z</time>
			</trkpt>
			<trkpt lat="40.4366" lon="-0.92511">
				<ele>1553.92</ele>
				<time>2026-09-10T15:18:46.228Z</time>
			</trkpt>
			<trkpt lat="40.43695" lon="-0.92445">
				<ele>1561.23</ele>
				<time>2026-09-10T15:18:49.944Z</time>
			</trkpt>
			<trkpt lat="40.43741" lon="-0.92322">
				<ele>1568.58</ele>
				<time>2026-09-10T15:18:56.320Z</time>
			</trkpt>
			<trkpt lat="40.43749" lon="-0.92305">
				<ele>1566.91</ele>
				<time>2026-09-10T15:18:57.254Z</time>
			</trkpt>
			<trkpt lat="40.43796" lon="-0.92227">
				<ele>1569.91</ele>
				<time>2026-09-10T15:19:01.924Z</time>
			</trkpt>
			<trkpt lat="40.43808" lon="-0.92198">
				<ele>1569.92</ele>
				<time>2026-09-10T15:19:03.480Z</time>
			</trkpt>
			<trkpt lat="40.43819" lon="-0.9215">
				<ele>1570.69</ele>
				<time>2026-09-10T15:19:05.849Z</time>
			</trkpt>
			<trkpt lat="40.43832" lon="-0.92084">
				<ele>1567.76</ele>
				<time>2026-09-10T15:19:09.083Z</time>
			</trkpt>
			<trkpt lat="40.43837" lon="-0.92063">
				<ele>1566.99</ele>
				<time>2026-09-10T15:19:10.130Z</time>
			</trkpt>
			<trkpt lat="40.43845" lon="-0.92043">
				<ele>1567.49</ele>
				<time>2026-09-10T15:19:11.206Z</time>
			</trkpt>
			<trkpt lat="40.43883" lon="-0.9197">
				<ele>1573.08</ele>
				<time>2026-09-10T15:19:15.435Z</time>
			</trkpt>
			<trkpt lat="40.43889" lon="-0.91951">
				<ele>1573.21</ele>
				<time>2026-09-10T15:19:16.423Z</time>
			</trkpt>
			<trkpt lat="40.43895" lon="-0.91926">
				<ele>1572.09</ele>
				<time>2026-09-10T15:19:17.682Z</time>
			</trkpt>
			<trkpt lat="40.439" lon="-0.91884">
				<ele>1571.67</ele>
				<time>2026-09-10T15:19:19.730Z</time>
			</trkpt>
			<trkpt lat="40.43904" lon="-0.91816">
				<ele>1570.68</ele>
				<time>2026-09-10T15:19:23.027Z</time>
			</trkpt>
			<trkpt lat="40.43909" lon="-0.91776">
				<ele>1568.4</ele>
				<time>2026-09-10T15:19:24.993Z</time>
			</trkpt>
			<trkpt lat="40.43915" lon="-0.91746">
				<ele>1565.26</ele>
				<time>2026-09-10T15:19:26.501Z</time>
			</trkpt>
			<trkpt lat="40.43941" lon="-0.9167">
				<ele>1559.73</ele>
				<time>2026-09-10T15:19:30.568Z</time>
			</trkpt>
			<trkpt lat="40.43946" lon="-0.91644">
				<ele>1559.38</ele>
				<time>2026-09-10T15:19:31.881Z</time>
			</trkpt>
			<trkpt lat="40.43948" lon="-0.91618">
				<ele>1560.08</ele>
				<time>2026-09-10T15:19:33.164Z</time>
			</trkpt>
			<trkpt lat="40.43947" lon="-0.91592">
				<ele>1560.85</ele>
				<time>2026-09-10T15:19:34.443Z</time>
			</trkpt>
			<trkpt lat="40.4394" lon="-0.91564">
				<ele>1562.67</ele>
				<time>2026-09-10T15:19:35.894Z</time>
			</trkpt>
			<trkpt lat="40.43927" lon="-0.91533">
				<ele>1564.3</ele>
				<time>2026-09-10T15:19:37.640Z</time>
			</trkpt>
			<trkpt lat="40.43897" lon="-0.91494">
				<ele>1564.57</ele>
				<time>2026-09-10T15:19:40.385Z</time>
			</trkpt>
			<trkpt lat="40.43883" lon="-0.91474">
				<ele>1565.27</ele>
				<time>2026-09-10T15:19:41.733Z</time>
			</trkpt>
			<trkpt lat="40.43872" lon="-0.9145">
				<ele>1567.3</ele>
				<time>2026-09-10T15:19:43.126Z</time>
			</trkpt>
			<trkpt lat="40.43865" lon="-0.9142">
				<ele>1568.99</ele>
				<time>2026-09-10T15:19:44.688Z</time>
			</trkpt>
			<trkpt lat="40.43861" lon="-0.91381">
				<ele>1569.07</ele>
				<time>2026-09-10T15:19:46.653Z</time>
			</trkpt>
			<trkpt lat="40.43861" lon="-0.91311">
				<ele>1568.05</ele>
				<time>2026-09-10T15:19:50.160Z</time>
			</trkpt>
			<trkpt lat="40.43852" lon="-0.91269">
				<ele>1567.81</ele>
				<time>2026-09-10T15:19:52.354Z</time>
			</trkpt>
			<trkpt lat="40.43834" lon="-0.9123">
				<ele>1568.84</ele>
				<time>2026-09-10T15:19:54.655Z</time>
			</trkpt>
			<trkpt lat="40.43779" lon="-0.91136">
				<ele>1569</ele>
				<time>2026-09-10T15:20:00.668Z</time>
			</trkpt>
			<trkpt lat="40.43768" lon="-0.91112">
				<ele>1569.34</ele>
				<time>2026-09-10T15:20:02.095Z</time>
			</trkpt>
			<trkpt lat="40.43751" lon="-0.91068">
				<ele>1568.43</ele>
				<time>2026-09-10T15:20:04.616Z</time>
			</trkpt>
			<trkpt lat="40.43627" lon="-0.90701">
				<ele>1558.81</ele>
				<time>2026-09-10T15:20:25.437Z</time>
			</trkpt>
			<trkpt lat="40.43542" lon="-0.90492">
				<ele>1551.32</ele>
				<time>2026-09-10T15:20:37.988Z</time>
			</trkpt>
			<trkpt lat="40.43534" lon="-0.90467">
				<ele>1550.89</ele>
				<time>2026-09-10T15:20:39.437Z</time>
			</trkpt>
			<trkpt lat="40.43531" lon="-0.90441">
				<ele>1550.1</ele>
				<time>2026-09-10T15:20:40.844Z</time>
			</trkpt>
			<trkpt lat="40.43531" lon="-0.90409">
				<ele>1548.33</ele>
				<time>2026-09-10T15:20:42.561Z</time>
			</trkpt>
			<trkpt lat="40.43535" lon="-0.90383">
				<ele>1546.68</ele>
				<time>2026-09-10T15:20:43.986Z</time>
			</trkpt>
			<trkpt lat="40.43541" lon="-0.90363">
				<ele>1546.56</ele>
				<time>2026-09-10T15:20:45.143Z</time>
			</trkpt>
			<trkpt lat="40.43552" lon="-0.90336">
				<ele>1546.6</ele>
				<time>2026-09-10T15:20:46.794Z</time>
			</trkpt>
			<trkpt lat="40.43561" lon="-0.9031">
				<ele>1546.28</ele>
				<time>2026-09-10T15:20:48.337Z</time>
			</trkpt>
			<trkpt lat="40.43568" lon="-0.90278">
				<ele>1544.17</ele>
				<time>2026-09-10T15:20:50.139Z</time>
			</trkpt>
			<trkpt lat="40.43571" lon="-0.90246">
				<ele>1542.58</ele>
				<time>2026-09-10T15:20:51.888Z</time>
			</trkpt>
			<trkpt lat="40.43571" lon="-0.90218">
				<ele>1541.79</ele>
				<time>2026-09-10T15:20:53.410Z</time>
			</trkpt>
			<trkpt lat="40.43568" lon="-0.9019">
				<ele>1540.4</ele>
				<time>2026-09-10T15:20:54.950Z</time>
			</trkpt>
			<trkpt lat="40.43549" lon="-0.90103">
				<ele>1538.47</ele>
				<time>2026-09-10T15:20:59.899Z</time>
			</trkpt>
			<trkpt lat="40.43546" lon="-0.90081">
				<ele>1538.15</ele>
				<time>2026-09-10T15:21:01.126Z</time>
			</trkpt>
			<trkpt lat="40.43546" lon="-0.90039">
				<ele>1536.01</ele>
				<time>2026-09-10T15:21:03.436Z</time>
			</trkpt>
			<trkpt lat="40.4355" lon="-0.90004">
				<ele>1531.89</ele>
				<time>2026-09-10T15:21:05.387Z</time>
			</trkpt>
			<trkpt lat="40.43572" lon="-0.89927">
				<ele>1527.77</ele>
				<time>2026-09-10T15:21:09.941Z</time>
			</trkpt>
			<trkpt lat="40.43597" lon="-0.89845">
				<ele>1522.46</ele>
				<time>2026-09-10T15:21:14.859Z</time>
			</trkpt>
			<trkpt lat="40.43608" lon="-0.89822">
				<ele>1521.7</ele>
				<time>2026-09-10T15:21:16.377Z</time>
			</trkpt>
			<trkpt lat="40.43617" lon="-0.89808">
				<ele>1520.65</ele>
				<time>2026-09-10T15:21:17.403Z</time>
			</trkpt>
			<trkpt lat="40.43657" lon="-0.89765">
				<ele>1519.85</ele>
				<time>2026-09-10T15:21:21.215Z</time>
			</trkpt>
			<trkpt lat="40.43722" lon="-0.89705">
				<ele>1514.35</ele>
				<time>2026-09-10T15:21:27.108Z</time>
			</trkpt>
			<trkpt lat="40.43784" lon="-0.89635">
				<ele>1509.62</ele>
				<time>2026-09-10T15:21:33.215Z</time>
			</trkpt>
			<trkpt lat="40.43807" lon="-0.89623">
				<ele>1507.76</ele>
				<time>2026-09-10T15:21:35.073Z</time>
			</trkpt>
			<trkpt lat="40.4385" lon="-0.89617">
				<ele>1507.15</ele>
				<time>2026-09-10T15:21:38.328Z</time>
			</trkpt>
			<trkpt lat="40.43899" lon="-0.89605">
				<ele>1502.26</ele>
				<time>2026-09-10T15:21:42.097Z</time>
			</trkpt>
			<trkpt lat="40.43915" lon="-0.89597">
				<ele>1501.77</ele>
				<time>2026-09-10T15:21:43.395Z</time>
			</trkpt>
			<trkpt lat="40.4393" lon="-0.89585">
				<ele>1501.68</ele>
				<time>2026-09-10T15:21:44.728Z</time>
			</trkpt>
			<trkpt lat="40.43952" lon="-0.89546">
				<ele>1501.42</ele>
				<time>2026-09-10T15:21:47.541Z</time>
			</trkpt>
			<trkpt lat="40.43965" lon="-0.89504">
				<ele>1500.21</ele>
				<time>2026-09-10T15:21:50.176Z</time>
			</trkpt>
			<trkpt lat="40.43967" lon="-0.8946">
				<ele>1495.88</ele>
				<time>2026-09-10T15:21:52.745Z</time>
			</trkpt>
			<trkpt lat="40.43965" lon="-0.89412">
				<ele>1491.72</ele>
				<time>2026-09-10T15:21:55.556Z</time>
			</trkpt>
			<trkpt lat="40.43959" lon="-0.89377">
				<ele>1489.43</ele>
				<time>2026-09-10T15:21:57.659Z</time>
			</trkpt>
			<trkpt lat="40.43954" lon="-0.89319">
				<ele>1487.83</ele>
				<time>2026-09-10T15:22:01.093Z</time>
			</trkpt>
			<trkpt lat="40.43953" lon="-0.89286">
				<ele>1486.75</ele>
				<time>2026-09-10T15:22:03.042Z</time>
			</trkpt>
			<trkpt lat="40.43959" lon="-0.89246">
				<ele>1484.41</ele>
				<time>2026-09-10T15:22:05.453Z</time>
			</trkpt>
			<trkpt lat="40.43973" lon="-0.89211">
				<ele>1479.78</ele>
				<time>2026-09-10T15:22:07.798Z</time>
			</trkpt>
			<trkpt lat="40.44061" lon="-0.89103">
				<ele>1461.27</ele>
				<time>2026-09-10T15:22:17.245Z</time>
			</trkpt>
			<trkpt lat="40.4409" lon="-0.89038">
				<ele>1456.74</ele>
				<time>2026-09-10T15:22:21.778Z</time>
			</trkpt>
			<trkpt lat="40.44107" lon="-0.88986">
				<ele>1453.92</ele>
				<time>2026-09-10T15:22:25.199Z</time>
			</trkpt>
			<trkpt lat="40.44112" lon="-0.88956">
				<ele>1454.3</ele>
				<time>2026-09-10T15:22:27.061Z</time>
			</trkpt>
			<trkpt lat="40.44112" lon="-0.88905">
				<ele>1454.78</ele>
				<time>2026-09-10T15:22:30.161Z</time>
			</trkpt>
			<trkpt lat="40.44103" lon="-0.88857">
				<ele>1455.34</ele>
				<time>2026-09-10T15:22:33.176Z</time>
			</trkpt>
			<trkpt lat="40.44092" lon="-0.88806">
				<ele>1455.51</ele>
				<time>2026-09-10T15:22:36.420Z</time>
			</trkpt>
			<trkpt lat="40.44088" lon="-0.88769">
				<ele>1456.65</ele>
				<time>2026-09-10T15:22:38.714Z</time>
			</trkpt>
			<trkpt lat="40.44089" lon="-0.88734">
				<ele>1457</ele>
				<time>2026-09-10T15:22:40.869Z</time>
			</trkpt>
			<trkpt lat="40.44096" lon="-0.88698">
				<ele>1458.16</ele>
				<time>2026-09-10T15:22:43.161Z</time>
			</trkpt>
			<trkpt lat="40.44112" lon="-0.88655">
				<ele>1451.53</ele>
				<time>2026-09-10T15:22:46.122Z</time>
			</trkpt>
			<trkpt lat="40.44132" lon="-0.88631">
				<ele>1447.65</ele>
				<time>2026-09-10T15:22:48.330Z</time>
			</trkpt>
			<trkpt lat="40.44166" lon="-0.88599">
				<ele>1449</ele>
				<time>2026-09-10T15:22:51.750Z</time>
			</trkpt>
			<trkpt lat="40.44184" lon="-0.88565">
				<ele>1447.13</ele>
				<time>2026-09-10T15:22:54.335Z</time>
			</trkpt>
			<trkpt lat="40.44192" lon="-0.88534">
				<ele>1443.64</ele>
				<time>2026-09-10T15:22:56.384Z</time>
			</trkpt>
			<trkpt lat="40.44198" lon="-0.885">
				<ele>1437.86</ele>
				<time>2026-09-10T15:22:58.573Z</time>
			</trkpt>
			<trkpt lat="40.442" lon="-0.88454">
				<ele>1427.19</ele>
				<time>2026-09-10T15:23:01.471Z</time>
			</trkpt>
			<trkpt lat="40.44197" lon="-0.88417">
				<ele>1425.13</ele>
				<time>2026-09-10T15:23:03.817Z</time>
			</trkpt>
			<trkpt lat="40.44192" lon="-0.88383">
				<ele>1423.18</ele>
				<time>2026-09-10T15:23:06.007Z</time>
			</trkpt>
			<trkpt lat="40.44179" lon="-0.88346">
				<ele>1421.01</ele>
				<time>2026-09-10T15:23:08.590Z</time>
			</trkpt>
			<trkpt lat="40.4416" lon="-0.88327">
				<ele>1419.73</ele>
				<time>2026-09-10T15:23:10.583Z</time>
			</trkpt>
			<trkpt lat="40.44146" lon="-0.88315">
				<ele>1421.25</ele>
				<time>2026-09-10T15:23:11.981Z</time>
			</trkpt>
			<trkpt lat="40.44046" lon="-0.88259">
				<ele>1413.39</ele>
				<time>2026-09-10T15:23:21.123Z</time>
			</trkpt>
			<trkpt lat="40.43986" lon="-0.88237">
				<ele>1405.22</ele>
				<time>2026-09-10T15:23:26.401Z</time>
			</trkpt>
			<trkpt lat="40.43959" lon="-0.88219">
				<ele>1403.49</ele>
				<time>2026-09-10T15:23:28.977Z</time>
			</trkpt>
			<trkpt lat="40.43918" lon="-0.88178">
				<ele>1399.62</ele>
				<time>2026-09-10T15:23:33.376Z</time>
			</trkpt>
			<trkpt lat="40.43889" lon="-0.88131">
				<ele>1399.77</ele>
				<time>2026-09-10T15:23:37.325Z</time>
			</trkpt>
			<trkpt lat="40.43879" lon="-0.88096">
				<ele>1398.05</ele>
				<time>2026-09-10T15:23:39.774Z</time>
			</trkpt>
			<trkpt lat="40.43874" lon="-0.88057">
				<ele>1397.21</ele>
				<time>2026-09-10T15:23:42.370Z</time>
			</trkpt>
			<trkpt lat="40.43873" lon="-0.88033">
				<ele>1395.78</ele>
				<time>2026-09-10T15:23:43.951Z</time>
			</trkpt>
			<trkpt lat="40.43877" lon="-0.8794">
				<ele>1393.74</ele>
				<time>2026-09-10T15:23:50.104Z</time>
			</trkpt>
			<trkpt lat="40.43876" lon="-0.87916">
				<ele>1392.87</ele>
				<time>2026-09-10T15:23:51.698Z</time>
			</trkpt>
			<trkpt lat="40.43873" lon="-0.87882">
				<ele>1390.61</ele>
				<time>2026-09-10T15:23:53.972Z</time>
			</trkpt>
			<trkpt lat="40.43864" lon="-0.87843">
				<ele>1386.92</ele>
				<time>2026-09-10T15:23:56.686Z</time>
			</trkpt>
			<trkpt lat="40.43825" lon="-0.87738">
				<ele>1382.25</ele>
				<time>2026-09-10T15:24:04.509Z</time>
			</trkpt>
			<trkpt lat="40.43816" lon="-0.87703">
				<ele>1382.71</ele>
				<time>2026-09-10T15:24:06.996Z</time>
			</trkpt>
			<trkpt lat="40.43813" lon="-0.87666">
				<ele>1384.58</ele>
				<time>2026-09-10T15:24:09.507Z</time>
			</trkpt>
			<trkpt lat="40.43815" lon="-0.87597">
				<ele>1382.88</ele>
				<time>2026-09-10T15:24:14.182Z</time>
			</trkpt>
			<trkpt lat="40.43813" lon="-0.87546">
				<ele>1380.76</ele>
				<time>2026-09-10T15:24:17.654Z</time>
			</trkpt>
			<trkpt lat="40.43809" lon="-0.87513">
				<ele>1380.25</ele>
				<time>2026-09-10T15:24:19.932Z</time>
			</trkpt>
			<trkpt lat="40.43795" lon="-0.87465">
				<ele>1379.36</ele>
				<time>2026-09-10T15:24:23.447Z</time>
			</trkpt>
			<trkpt lat="40.43751" lon="-0.87362">
				<ele>1377.01</ele>
				<time>2026-09-10T15:24:31.568Z</time>
			</trkpt>
			<trkpt lat="40.43728" lon="-0.873">
				<ele>1376.34</ele>
				<time>2026-09-10T15:24:36.340Z</time>
			</trkpt>
			<trkpt lat="40.43674" lon="-0.87146">
				<ele>1372.21</ele>
				<time>2026-09-10T15:24:48.165Z</time>
			</trkpt>
			<trkpt lat="40.43658" lon="-0.8708">
				<ele>1368.66</ele>
				<time>2026-09-10T15:24:53.035Z</time>
			</trkpt>
			<trkpt lat="40.43655" lon="-0.8705">
				<ele>1365.88</ele>
				<time>2026-09-10T15:24:55.169Z</time>
			</trkpt>
			<trkpt lat="40.43654" lon="-0.87021">
				<ele>1363.19</ele>
				<time>2026-09-10T15:24:57.221Z</time>
			</trkpt>
			<trkpt lat="40.43659" lon="-0.86975">
				<ele>1358.94</ele>
				<time>2026-09-10T15:25:00.513Z</time>
			</trkpt>
			<trkpt lat="40.4368" lon="-0.86865">
				<ele>1358.98</ele>
				<time>2026-09-10T15:25:08.591Z</time>
			</trkpt>
			<trkpt lat="40.43684" lon="-0.86832">
				<ele>1358.58</ele>
				<time>2026-09-10T15:25:10.982Z</time>
			</trkpt>
			<trkpt lat="40.43684" lon="-0.86767">
				<ele>1358</ele>
				<time>2026-09-10T15:25:15.650Z</time>
			</trkpt>
			<trkpt lat="40.43678" lon="-0.86677">
				<ele>1356.92</ele>
				<time>2026-09-10T15:25:22.171Z</time>
			</trkpt>
			<trkpt lat="40.43671" lon="-0.86613">
				<ele>1355.57</ele>
				<time>2026-09-10T15:25:26.863Z</time>
			</trkpt>
			<trkpt lat="40.43661" lon="-0.86564">
				<ele>1354.11</ele>
				<time>2026-09-10T15:25:30.557Z</time>
			</trkpt>
			<trkpt lat="40.43651" lon="-0.86528">
				<ele>1351.46</ele>
				<time>2026-09-10T15:25:33.357Z</time>
			</trkpt>
			<trkpt lat="40.43617" lon="-0.86441">
				<ele>1346.61</ele>
				<time>2026-09-10T15:25:40.533Z</time>
			</trkpt>
			<trkpt lat="40.43609" lon="-0.86412">
				<ele>1346.06</ele>
				<time>2026-09-10T15:25:42.806Z</time>
			</trkpt>
			<trkpt lat="40.43578" lon="-0.86252">
				<ele>1346.82</ele>
				<time>2026-09-10T15:25:55.052Z</time>
			</trkpt>
			<trkpt lat="40.43547" lon="-0.86135">
				<ele>1352.44</ele>
				<time>2026-09-10T15:26:04.329Z</time>
			</trkpt>
			<trkpt lat="40.43543" lon="-0.86109">
				<ele>1353.29</ele>
				<time>2026-09-10T15:26:06.325Z</time>
			</trkpt>
			<trkpt lat="40.43537" lon="-0.86048">
				<ele>1353.69</ele>
				<time>2026-09-10T15:26:10.967Z</time>
			</trkpt>
			<trkpt lat="40.43535" lon="-0.86">
				<ele>1353.73</ele>
				<time>2026-09-10T15:26:14.609Z</time>
			</trkpt>
			<trkpt lat="40.43536" lon="-0.85962">
				<ele>1355.37</ele>
				<time>2026-09-10T15:26:17.497Z</time>
			</trkpt>
			<trkpt lat="40.43545" lon="-0.85884">
				<ele>1361.83</ele>
				<time>2026-09-10T15:26:23.513Z</time>
			</trkpt>
			<trkpt lat="40.43544" lon="-0.85835">
				<ele>1363.17</ele>
				<time>2026-09-10T15:26:27.266Z</time>
			</trkpt>
			<trkpt lat="40.43546" lon="-0.85817">
				<ele>1363.02</ele>
				<time>2026-09-10T15:26:28.662Z</time>
			</trkpt>
			<trkpt lat="40.43551" lon="-0.85796">
				<ele>1363.53</ele>
				<time>2026-09-10T15:26:30.353Z</time>
			</trkpt>
			<trkpt lat="40.43576" lon="-0.85711">
				<ele>1362.19</ele>
				<time>2026-09-10T15:26:37.382Z</time>
			</trkpt>
			<trkpt lat="40.43595" lon="-0.85622">
				<ele>1360.55</ele>
				<time>2026-09-10T15:26:44.555Z</time>
			</trkpt>
			<trkpt lat="40.43606" lon="-0.85586">
				<ele>1358.51</ele>
				<time>2026-09-10T15:26:47.578Z</time>
			</trkpt>
			<trkpt lat="40.4361" lon="-0.85564">
				<ele>1357.39</ele>
				<time>2026-09-10T15:26:49.345Z</time>
			</trkpt>
			<trkpt lat="40.4361" lon="-0.8555">
				<ele>1356.73</ele>
				<time>2026-09-10T15:26:50.439Z</time>
			</trkpt>
			<trkpt lat="40.4361" lon="-0.85484">
				<ele>1357.52</ele>
				<time>2026-09-10T15:26:55.613Z</time>
			</trkpt>
			<trkpt lat="40.43607" lon="-0.85399">
				<ele>1357.49</ele>
				<time>2026-09-10T15:27:02.317Z</time>
			</trkpt>
			<trkpt lat="40.43609" lon="-0.8536">
				<ele>1357.7</ele>
				<time>2026-09-10T15:27:05.408Z</time>
			</trkpt>
			<trkpt lat="40.43606" lon="-0.85348">
				<ele>1356.93</ele>
				<time>2026-09-10T15:27:06.409Z</time>
			</trkpt>
			<trkpt lat="40.43605" lon="-0.85333">
				<ele>1356.43</ele>
				<time>2026-09-10T15:27:07.603Z</time>
			</trkpt>
			<trkpt lat="40.43611" lon="-0.85298">
				<ele>1356.72</ele>
				<time>2026-09-10T15:27:10.930Z</time>
			</trkpt>
			<trkpt lat="40.43609" lon="-0.85286">
				<ele>1356.33</ele>
				<time>2026-09-10T15:27:12.362Z</time>
			</trkpt>
			<trkpt lat="40.4361" lon="-0.85269">
				<ele>1354.93</ele>
				<time>2026-09-10T15:27:14.556Z</time>
			</trkpt>
			<trkpt lat="40.43614" lon="-0.85252">
				<ele>1353.94</ele>
				<time>2026-09-10T15:27:17.057Z</time>
			</trkpt>
			<trkpt lat="40.43614" lon="-0.85239">
				<ele>1353.26</ele>
				<time>2026-09-10T15:27:18.991Z</time>
			</trkpt>
			<trkpt lat="40.43517" lon="-0.85194">
				<ele>1347.61</ele>
				<time>2026-09-10T15:27:39.587Z</time>
			</trkpt>
			<trkpt lat="40.43529" lon="-0.85145">
				<ele>1346.91</ele>
				<time>2026-09-10T15:27:46.800Z</time>
			</trkpt>
			<trkpt lat="40.43558" lon="-0.85061">
				<ele>1344.83</ele>
				<time>2026-09-10T15:27:59.726Z</time>
			</trkpt>
			<trkpt lat="40.43562" lon="-0.85024">
				<ele>1346.51</ele>
				<time>2026-09-10T15:28:05.095Z</time>
			</trkpt>
			<trkpt lat="40.43553" lon="-0.84992">
				<ele>1347.27</ele>
				<time>2026-09-10T15:28:10.436Z</time>
			</trkpt>
			<trkpt lat="40.43549" lon="-0.84982">
				<ele>1347.5</ele>
				<time>2026-09-10T15:28:12.239Z</time>
			</trkpt>
			<trkpt lat="40.43537" lon="-0.84973">
				<ele>1347.33</ele>
				<time>2026-09-10T15:28:15.109Z</time>
			</trkpt>
			<trkpt lat="40.43508" lon="-0.84937">
				<ele>1348.08</ele>
				<time>2026-09-10T15:28:22.682Z</time>
			</trkpt>
			<trkpt lat="40.43461" lon="-0.84871">
				<ele>1346.4</ele>
				<time>2026-09-10T15:28:31.127Z</time>
			</trkpt>
			<trkpt lat="40.43434" lon="-0.84828">
				<ele>1346.07</ele>
				<time>2026-09-10T15:28:35.613Z</time>
			</trkpt>
			<trkpt lat="40.43418" lon="-0.84789">
				<ele>1348.19</ele>
				<time>2026-09-10T15:28:39.141Z</time>
			</trkpt>
			<trkpt lat="40.43407" lon="-0.84752">
				<ele>1349.94</ele>
				<time>2026-09-10T15:28:42.275Z</time>
			</trkpt>
			<trkpt lat="40.43397" lon="-0.84732">
				<ele>1350.21</ele>
				<time>2026-09-10T15:28:44.149Z</time>
			</trkpt>
			<trkpt lat="40.43371" lon="-0.8471">
				<ele>1351.39</ele>
				<time>2026-09-10T15:28:47.310Z</time>
			</trkpt>
			<trkpt lat="40.43359" lon="-0.84697">
				<ele>1352.06</ele>
				<time>2026-09-10T15:28:48.890Z</time>
			</trkpt>
			<trkpt lat="40.43331" lon="-0.84658">
				<ele>1351.6</ele>
				<time>2026-09-10T15:28:53.000Z</time>
			</trkpt>
			<trkpt lat="40.43322" lon="-0.84649">
				<ele>1350.95</ele>
				<time>2026-09-10T15:28:54.130Z</time>
			</trkpt>
			<trkpt lat="40.43312" lon="-0.84644">
				<ele>1350.4</ele>
				<time>2026-09-10T15:28:55.196Z</time>
			</trkpt>
			<trkpt lat="40.43285" lon="-0.84642">
				<ele>1350.08</ele>
				<time>2026-09-10T15:28:57.876Z</time>
			</trkpt>
			<trkpt lat="40.43275" lon="-0.84639">
				<ele>1350.04</ele>
				<time>2026-09-10T15:28:58.887Z</time>
			</trkpt>
			<trkpt lat="40.43218" lon="-0.84604">
				<ele>1350.89</ele>
				<time>2026-09-10T15:29:05.023Z</time>
			</trkpt>
			<trkpt lat="40.43202" lon="-0.84589">
				<ele>1350.9</ele>
				<time>2026-09-10T15:29:06.917Z</time>
			</trkpt>
			<trkpt lat="40.43185" lon="-0.84559">
				<ele>1352.55</ele>
				<time>2026-09-10T15:29:09.640Z</time>
			</trkpt>
			<trkpt lat="40.43145" lon="-0.84496">
				<ele>1352.61</ele>
				<time>2026-09-10T15:29:15.534Z</time>
			</trkpt>
			<trkpt lat="40.43121" lon="-0.84448">
				<ele>1354.51</ele>
				<time>2026-09-10T15:29:19.596Z</time>
			</trkpt>
			<trkpt lat="40.43088" lon="-0.84394">
				<ele>1355.03</ele>
				<time>2026-09-10T15:29:24.424Z</time>
			</trkpt>
			<trkpt lat="40.42987" lon="-0.84299">
				<ele>1358.74</ele>
				<time>2026-09-10T15:29:35.503Z</time>
			</trkpt>
			<trkpt lat="40.42962" lon="-0.8426">
				<ele>1361.21</ele>
				<time>2026-09-10T15:29:38.880Z</time>
			</trkpt>
			<trkpt lat="40.42928" lon="-0.8412">
				<ele>1364.4</ele>
				<time>2026-09-10T15:29:48.392Z</time>
			</trkpt>
			<trkpt lat="40.4291" lon="-0.8409">
				<ele>1363.38</ele>
				<time>2026-09-10T15:29:50.811Z</time>
			</trkpt>
			<trkpt lat="40.4282" lon="-0.84038">
				<ele>1361.18</ele>
				<time>2026-09-10T15:29:58.831Z</time>
			</trkpt>
			<trkpt lat="40.42794" lon="-0.83936">
				<ele>1364.85</ele>
				<time>2026-09-10T15:30:05.324Z</time>
			</trkpt>
			<trkpt lat="40.42769" lon="-0.83737">
				<ele>1370.29</ele>
				<time>2026-09-10T15:30:17.054Z</time>
			</trkpt>
			<trkpt lat="40.42775" lon="-0.83561">
				<ele>1370.7</ele>
				<time>2026-09-10T15:30:26.837Z</time>
			</trkpt>
			<trkpt lat="40.42769" lon="-0.8347">
				<ele>1372.93</ele>
				<time>2026-09-10T15:30:31.744Z</time>
			</trkpt>
			<trkpt lat="40.42734" lon="-0.8321">
				<ele>1378.59</ele>
				<time>2026-09-10T15:30:45.310Z</time>
			</trkpt>
			<trkpt lat="40.42719" lon="-0.83054">
				<ele>1375.89</ele>
				<time>2026-09-10T15:30:52.967Z</time>
			</trkpt>
			<trkpt lat="40.42689" lon="-0.82909">
				<ele>1378.9</ele>
				<time>2026-09-10T15:30:59.999Z</time>
			</trkpt>
			<trkpt lat="40.42661" lon="-0.8274">
				<ele>1380.93</ele>
				<time>2026-09-10T15:31:07.759Z</time>
			</trkpt>
			<trkpt lat="40.42648" lon="-0.82648">
				<ele>1384.4</ele>
				<time>2026-09-10T15:31:11.812Z</time>
			</trkpt>
			<trkpt lat="40.42626" lon="-0.82445">
				<ele>1384.15</ele>
				<time>2026-09-10T15:31:20.349Z</time>
			</trkpt>
			<trkpt lat="40.42618" lon="-0.82334">
				<ele>1382.04</ele>
				<time>2026-09-10T15:31:24.797Z</time>
			</trkpt>
			<trkpt lat="40.42605" lon="-0.81887">
				<ele>1376.31</ele>
				<time>2026-09-10T15:31:41.343Z</time>
			</trkpt>
			<trkpt lat="40.42603" lon="-0.81873">
				<ele>1375.91</ele>
				<time>2026-09-10T15:31:41.837Z</time>
			</trkpt>
			<trkpt lat="40.42593" lon="-0.81838">
				<ele>1376.21</ele>
				<time>2026-09-10T15:31:43.124Z</time>
			</trkpt>
			<trkpt lat="40.42564" lon="-0.81774">
				<ele>1376.9</ele>
				<time>2026-09-10T15:31:45.650Z</time>
			</trkpt>
			<trkpt lat="40.42465" lon="-0.8163">
				<ele>1379.48</ele>
				<time>2026-09-10T15:31:51.989Z</time>
			</trkpt>
			<trkpt lat="40.42448" lon="-0.81602">
				<ele>1380.05</ele>
				<time>2026-09-10T15:31:53.122Z</time>
			</trkpt>
			<trkpt lat="40.42435" lon="-0.81574">
				<ele>1380.9</ele>
				<time>2026-09-10T15:31:54.150Z</time>
			</trkpt>
			<trkpt lat="40.42423" lon="-0.81542">
				<ele>1383</ele>
				<time>2026-09-10T15:31:55.257Z</time>
			</trkpt>
			<trkpt lat="40.42392" lon="-0.81443">
				<ele>1386.98</ele>
				<time>2026-09-10T15:31:58.513Z</time>
			</trkpt>
			<trkpt lat="40.42366" lon="-0.81281">
				<ele>1395.01</ele>
				<time>2026-09-10T15:32:03.359Z</time>
			</trkpt>
			<trkpt lat="40.42355" lon="-0.81244">
				<ele>1397.67</ele>
				<time>2026-09-10T15:32:04.489Z</time>
			</trkpt>
			<trkpt lat="40.42341" lon="-0.81214">
				<ele>1399.39</ele>
				<time>2026-09-10T15:32:05.479Z</time>
			</trkpt>
			<trkpt lat="40.42302" lon="-0.81151">
				<ele>1397.54</ele>
				<time>2026-09-10T15:32:07.727Z</time>
			</trkpt>
			<trkpt lat="40.42285" lon="-0.81127">
				<ele>1400.15</ele>
				<time>2026-09-10T15:32:08.620Z</time>
			</trkpt>
			<trkpt lat="40.42212" lon="-0.81036">
				<ele>1401.56</ele>
				<time>2026-09-10T15:32:12.140Z</time>
			</trkpt>
			<trkpt lat="40.42188" lon="-0.80996">
				<ele>1401.94</ele>
				<time>2026-09-10T15:32:13.461Z</time>
			</trkpt>
			<trkpt lat="40.42126" lon="-0.80866">
				<ele>1406.89</ele>
				<time>2026-09-10T15:32:17.330Z</time>
			</trkpt>
			<trkpt lat="40.42119" lon="-0.80839">
				<ele>1408.55</ele>
				<time>2026-09-10T15:32:18.031Z</time>
			</trkpt>
			<trkpt lat="40.42106" lon="-0.80758">
				<ele>1406.82</ele>
				<time>2026-09-10T15:32:20.035Z</time>
			</trkpt>
			<trkpt lat="40.42097" lon="-0.80732">
				<ele>1407.43</ele>
				<time>2026-09-10T15:32:20.716Z</time>
			</trkpt>
			<trkpt lat="40.42092" lon="-0.80719">
				<ele>1407.84</ele>
				<time>2026-09-10T15:32:21.061Z</time>
			</trkpt>
			<trkpt lat="40.42026" lon="-0.80592">
				<ele>1408.61</ele>
				<time>2026-09-10T15:32:24.623Z</time>
			</trkpt>
			<trkpt lat="40.41942" lon="-0.80398">
				<ele>1409.18</ele>
				<time>2026-09-10T15:32:29.536Z</time>
			</trkpt>
			<trkpt lat="40.41933" lon="-0.80384">
				<ele>1409.47</ele>
				<time>2026-09-10T15:32:29.927Z</time>
			</trkpt>
			<trkpt lat="40.41919" lon="-0.80367">
				<ele>1410.86</ele>
				<time>2026-09-10T15:32:30.457Z</time>
			</trkpt>
			<trkpt lat="40.41873" lon="-0.80328">
				<ele>1415.66</ele>
				<time>2026-09-10T15:32:31.962Z</time>
			</trkpt>
			<trkpt lat="40.41862" lon="-0.80315">
				<ele>1415.88</ele>
				<time>2026-09-10T15:32:32.364Z</time>
			</trkpt>
			<trkpt lat="40.41846" lon="-0.8029">
				<ele>1415.56</ele>
				<time>2026-09-10T15:32:33.035Z</time>
			</trkpt>
			<trkpt lat="40.41839" lon="-0.80269">
				<ele>1416.28</ele>
				<time>2026-09-10T15:32:33.502Z</time>
			</trkpt>
			<trkpt lat="40.4183" lon="-0.80234">
				<ele>1415.76</ele>
				<time>2026-09-10T15:32:34.250Z</time>
			</trkpt>
			<trkpt lat="40.41782" lon="-0.79995">
				<ele>1412.71</ele>
				<time>2026-09-10T15:32:39.078Z</time>
			</trkpt>
			<trkpt lat="40.41769" lon="-0.79904">
				<ele>1412.33</ele>
				<time>2026-09-10T15:32:40.813Z</time>
			</trkpt>
			<trkpt lat="40.4176" lon="-0.79811">
				<ele>1412.97</ele>
				<time>2026-09-10T15:32:42.531Z</time>
			</trkpt>
			<trkpt lat="40.41755" lon="-0.79731">
				<ele>1413.54</ele>
				<time>2026-09-10T15:32:43.974Z</time>
			</trkpt>
			<trkpt lat="40.41749" lon="-0.79685">
				<ele>1413.11</ele>
				<time>2026-09-10T15:32:44.801Z</time>
			</trkpt>
			<trkpt lat="40.41739" lon="-0.79648">
				<ele>1411.98</ele>
				<time>2026-09-10T15:32:45.490Z</time>
			</trkpt>
			<trkpt lat="40.417" lon="-0.79558">
				<ele>1411.69</ele>
				<time>2026-09-10T15:32:47.280Z</time>
			</trkpt>
			<trkpt lat="40.41689" lon="-0.79538">
				<ele>1410.22</ele>
				<time>2026-09-10T15:32:47.701Z</time>
			</trkpt>
			<trkpt lat="40.41673" lon="-0.79515">
				<ele>1411.13</ele>
				<time>2026-09-10T15:32:48.229Z</time>
			</trkpt>
			<trkpt lat="40.41619" lon="-0.79459">
				<ele>1417.55</ele>
				<time>2026-09-10T15:32:49.743Z</time>
			</trkpt>
			<trkpt lat="40.41507" lon="-0.79306">
				<ele>1421.5</ele>
				<time>2026-09-10T15:32:53.201Z</time>
			</trkpt>
			<trkpt lat="40.41479" lon="-0.79273">
				<ele>1415.79</ele>
				<time>2026-09-10T15:32:53.987Z</time>
			</trkpt>
			<trkpt lat="40.41396" lon="-0.79182">
				<ele>1418.04</ele>
				<time>2026-09-10T15:32:56.213Z</time>
			</trkpt>
			<trkpt lat="40.41379" lon="-0.7916">
				<ele>1419</ele>
				<time>2026-09-10T15:32:56.698Z</time>
			</trkpt>
			<trkpt lat="40.41339" lon="-0.79097">
				<ele>1421.13</ele>
				<time>2026-09-10T15:32:57.957Z</time>
			</trkpt>
			<trkpt lat="40.41305" lon="-0.79038">
				<ele>1415.74</ele>
				<time>2026-09-10T15:32:59.081Z</time>
			</trkpt>
			<trkpt lat="40.41255" lon="-0.7894">
				<ele>1416.01</ele>
				<time>2026-09-10T15:33:00.853Z</time>
			</trkpt>
			<trkpt lat="40.41225" lon="-0.78883">
				<ele>1417.69</ele>
				<time>2026-09-10T15:33:01.883Z</time>
			</trkpt>
			<trkpt lat="40.41216" lon="-0.78864">
				<ele>1417.82</ele>
				<time>2026-09-10T15:33:02.214Z</time>
			</trkpt>
			<trkpt lat="40.41208" lon="-0.78837">
				<ele>1418.16</ele>
				<time>2026-09-10T15:33:02.642Z</time>
			</trkpt>
			<trkpt lat="40.41184" lon="-0.78735">
				<ele>1423.77</ele>
				<time>2026-09-10T15:33:04.209Z</time>
			</trkpt>
			<trkpt lat="40.41162" lon="-0.78575">
				<ele>1427.66</ele>
				<time>2026-09-10T15:33:06.574Z</time>
			</trkpt>
			<trkpt lat="40.4116" lon="-0.78549">
				<ele>1430.04</ele>
				<time>2026-09-10T15:33:06.952Z</time>
			</trkpt>
			<trkpt lat="40.4116" lon="-0.7853">
				<ele>1429.36</ele>
				<time>2026-09-10T15:33:07.226Z</time>
			</trkpt>
			<trkpt lat="40.41166" lon="-0.78467">
				<ele>1428.56</ele>
				<time>2026-09-10T15:33:08.143Z</time>
			</trkpt>
			<trkpt lat="40.41168" lon="-0.78418">
				<ele>1429.71</ele>
				<time>2026-09-10T15:33:08.849Z</time>
			</trkpt>
			<trkpt lat="40.41161" lon="-0.78244">
				<ele>1427.13</ele>
				<time>2026-09-10T15:33:11.355Z</time>
			</trkpt>
			<trkpt lat="40.41157" lon="-0.78202">
				<ele>1427.78</ele>
				<time>2026-09-10T15:33:11.963Z</time>
			</trkpt>
			<trkpt lat="40.41153" lon="-0.7818">
				<ele>1428.11</ele>
				<time>2026-09-10T15:33:12.289Z</time>
			</trkpt>
			<trkpt lat="40.41119" lon="-0.78056">
				<ele>1437.09</ele>
				<time>2026-09-10T15:33:14.187Z</time>
			</trkpt>
			<trkpt lat="40.41078" lon="-0.77878">
				<ele>1442.59</ele>
				<time>2026-09-10T15:33:16.882Z</time>
			</trkpt>
			<trkpt lat="40.41053" lon="-0.77787">
				<ele>1444.27</ele>
				<time>2026-09-10T15:33:18.295Z</time>
			</trkpt>
			<trkpt lat="40.41021" lon="-0.77635">
				<ele>1445.47</ele>
				<time>2026-09-10T15:33:20.624Z</time>
			</trkpt>
			<trkpt lat="40.41001" lon="-0.77564">
				<ele>1442.93</ele>
				<time>2026-09-10T15:33:21.755Z</time>
			</trkpt>
			<trkpt lat="40.40962" lon="-0.7744">
				<ele>1446.18</ele>
				<time>2026-09-10T15:33:23.783Z</time>
			</trkpt>
			<trkpt lat="40.40948" lon="-0.77373">
				<ele>1446.92</ele>
				<time>2026-09-10T15:33:24.848Z</time>
			</trkpt>
			<trkpt lat="40.40941" lon="-0.7735">
				<ele>1446.66</ele>
				<time>2026-09-10T15:33:25.229Z</time>
			</trkpt>
			<trkpt lat="40.4093" lon="-0.77325">
				<ele>1446.36</ele>
				<time>2026-09-10T15:33:25.676Z</time>
			</trkpt>
			<trkpt lat="40.40903" lon="-0.77281">
				<ele>1446.1</ele>
				<time>2026-09-10T15:33:26.556Z</time>
			</trkpt>
			<trkpt lat="40.40855" lon="-0.77225">
				<ele>1448.86</ele>
				<time>2026-09-10T15:33:27.884Z</time>
			</trkpt>
			<trkpt lat="40.40825" lon="-0.77185">
				<ele>1448.88</ele>
				<time>2026-09-10T15:33:28.778Z</time>
			</trkpt>
			<trkpt lat="40.40722" lon="-0.77031">
				<ele>1457.25</ele>
				<time>2026-09-10T15:33:32.118Z</time>
			</trkpt>
			<trkpt lat="40.40644" lon="-0.76903">
				<ele>1458.19</ele>
				<time>2026-09-10T15:33:34.886Z</time>
			</trkpt>
			<trkpt lat="40.40618" lon="-0.76867">
				<ele>1459.49</ele>
				<time>2026-09-10T15:33:35.742Z</time>
			</trkpt>
			<trkpt lat="40.40585" lon="-0.76817">
				<ele>1461.44</ele>
				<time>2026-09-10T15:33:36.897Z</time>
			</trkpt>
			<trkpt lat="40.40537" lon="-0.76738">
				<ele>1462.52</ele>
				<time>2026-09-10T15:33:38.695Z</time>
			</trkpt>
			<trkpt lat="40.40506" lon="-0.76693">
				<ele>1468.28</ele>
				<time>2026-09-10T15:33:39.794Z</time>
			</trkpt>
			<trkpt lat="40.40477" lon="-0.76659">
				<ele>1470.27</ele>
				<time>2026-09-10T15:33:40.730Z</time>
			</trkpt>
			<trkpt lat="40.40451" lon="-0.76625">
				<ele>1472.76</ele>
				<time>2026-09-10T15:33:41.625Z</time>
			</trkpt>
			<trkpt lat="40.40436" lon="-0.76602">
				<ele>1474.26</ele>
				<time>2026-09-10T15:33:42.192Z</time>
			</trkpt>
			<trkpt lat="40.40401" lon="-0.7654">
				<ele>1477.01</ele>
				<time>2026-09-10T15:33:43.657Z</time>
			</trkpt>
			<trkpt lat="40.40391" lon="-0.76528">
				<ele>1476.44</ele>
				<time>2026-09-10T15:33:43.998Z</time>
			</trkpt>
			<trkpt lat="40.4035" lon="-0.76487">
				<ele>1474.68</ele>
				<time>2026-09-10T15:33:45.311Z</time>
			</trkpt>
			<trkpt lat="40.40342" lon="-0.76477">
				<ele>1474</ele>
				<time>2026-09-10T15:33:45.595Z</time>
			</trkpt>
			<trkpt lat="40.40336" lon="-0.76465">
				<ele>1472.71</ele>
				<time>2026-09-10T15:33:45.878Z</time>
			</trkpt>
			<trkpt lat="40.40331" lon="-0.76445">
				<ele>1470</ele>
				<time>2026-09-10T15:33:46.293Z</time>
			</trkpt>
			<trkpt lat="40.4033" lon="-0.76432">
				<ele>1468.58</ele>
				<time>2026-09-10T15:33:46.553Z</time>
			</trkpt>
			<trkpt lat="40.40334" lon="-0.76407">
				<ele>1466.61</ele>
				<time>2026-09-10T15:33:47.062Z</time>
			</trkpt>
			<trkpt lat="40.40339" lon="-0.76395">
				<ele>1465.96</ele>
				<time>2026-09-10T15:33:47.336Z</time>
			</trkpt>
			<trkpt lat="40.40346" lon="-0.76384">
				<ele>1465.56</ele>
				<time>2026-09-10T15:33:47.624Z</time>
			</trkpt>
			<trkpt lat="40.40397" lon="-0.76317">
				<ele>1464.9</ele>
				<time>2026-09-10T15:33:49.556Z</time>
			</trkpt>
			<trkpt lat="40.40405" lon="-0.76297">
				<ele>1466.63</ele>
				<time>2026-09-10T15:33:50.023Z</time>
			</trkpt>
			<trkpt lat="40.40406" lon="-0.76271">
				<ele>1469.6</ele>
				<time>2026-09-10T15:33:50.566Z</time>
			</trkpt>
			<trkpt lat="40.40404" lon="-0.76258">
				<ele>1471.45</ele>
				<time>2026-09-10T15:33:50.843Z</time>
			</trkpt>
			<trkpt lat="40.40399" lon="-0.76245">
				<ele>1473.28</ele>
				<time>2026-09-10T15:33:51.149Z</time>
			</trkpt>
			<trkpt lat="40.40392" lon="-0.76232">
				<ele>1474.9</ele>
				<time>2026-09-10T15:33:51.485Z</time>
			</trkpt>
			<trkpt lat="40.40271" lon="-0.76047">
				<ele>1476.67</ele>
				<time>2026-09-10T15:33:56.812Z</time>
			</trkpt>
			<trkpt lat="40.40258" lon="-0.76029">
				<ele>1477.78</ele>
				<time>2026-09-10T15:33:57.374Z</time>
			</trkpt>
			<trkpt lat="40.40236" lon="-0.76007">
				<ele>1478.82</ele>
				<time>2026-09-10T15:33:58.203Z</time>
			</trkpt>
			<trkpt lat="40.40075" lon="-0.75876">
				<ele>1480.59</ele>
				<time>2026-09-10T15:34:04.108Z</time>
			</trkpt>
			<trkpt lat="40.39986" lon="-0.75806">
				<ele>1490.49</ele>
				<time>2026-09-10T15:34:07.519Z</time>
			</trkpt>
			<trkpt lat="40.39955" lon="-0.75777">
				<ele>1491.02</ele>
				<time>2026-09-10T15:34:08.804Z</time>
			</trkpt>
			<trkpt lat="40.39936" lon="-0.75753">
				<ele>1493.1</ele>
				<time>2026-09-10T15:34:09.704Z</time>
			</trkpt>
			<trkpt lat="40.39926" lon="-0.75736">
				<ele>1494.41</ele>
				<time>2026-09-10T15:34:10.267Z</time>
			</trkpt>
			<trkpt lat="40.39899" lon="-0.75676">
				<ele>1495.79</ele>
				<time>2026-09-10T15:34:12.117Z</time>
			</trkpt>
			<trkpt lat="40.39887" lon="-0.75655">
				<ele>1495.68</ele>
				<time>2026-09-10T15:34:12.823Z</time>
			</trkpt>
			<trkpt lat="40.39802" lon="-0.75559">
				<ele>1497.37</ele>
				<time>2026-09-10T15:34:16.882Z</time>
			</trkpt>
			<trkpt lat="40.39782" lon="-0.75545">
				<ele>1495.81</ele>
				<time>2026-09-10T15:34:17.723Z</time>
			</trkpt>
			<trkpt lat="40.39765" lon="-0.75542">
				<ele>1495.29</ele>
				<time>2026-09-10T15:34:18.365Z</time>
			</trkpt>
			<trkpt lat="40.39747" lon="-0.75545">
				<ele>1494.59</ele>
				<time>2026-09-10T15:34:19.048Z</time>
			</trkpt>
			<trkpt lat="40.39731" lon="-0.75555">
				<ele>1493.81</ele>
				<time>2026-09-10T15:34:19.719Z</time>
			</trkpt>
			<trkpt lat="40.39687" lon="-0.75595">
				<ele>1490.7</ele>
				<time>2026-09-10T15:34:21.773Z</time>
			</trkpt>
			<trkpt lat="40.39678" lon="-0.756">
				<ele>1490.74</ele>
				<time>2026-09-10T15:34:22.153Z</time>
			</trkpt>
			<trkpt lat="40.39661" lon="-0.75604">
				<ele>1490.75</ele>
				<time>2026-09-10T15:34:22.827Z</time>
			</trkpt>
			<trkpt lat="40.39643" lon="-0.75603">
				<ele>1489.88</ele>
				<time>2026-09-10T15:34:23.534Z</time>
			</trkpt>
			<trkpt lat="40.39629" lon="-0.75598">
				<ele>1489.35</ele>
				<time>2026-09-10T15:34:24.108Z</time>
			</trkpt>
			<trkpt lat="40.39604" lon="-0.75581">
				<ele>1488.13</ele>
				<time>2026-09-10T15:34:25.229Z</time>
			</trkpt>
			<trkpt lat="40.39494" lon="-0.75493">
				<ele>1487.49</ele>
				<time>2026-09-10T15:34:30.512Z</time>
			</trkpt>
			<trkpt lat="40.39427" lon="-0.75436">
				<ele>1484.21</ele>
				<time>2026-09-10T15:34:33.913Z</time>
			</trkpt>
			<trkpt lat="40.39347" lon="-0.75397">
				<ele>1481.31</ele>
				<time>2026-09-10T15:34:37.661Z</time>
			</trkpt>
			<trkpt lat="40.39244" lon="-0.75335">
				<ele>1480.83</ele>
				<time>2026-09-10T15:34:42.822Z</time>
			</trkpt>
			<trkpt lat="40.39223" lon="-0.75319">
				<ele>1476.39</ele>
				<time>2026-09-10T15:34:43.956Z</time>
			</trkpt>
			<trkpt lat="40.3919" lon="-0.75285">
				<ele>1471.93</ele>
				<time>2026-09-10T15:34:45.938Z</time>
			</trkpt>
			<trkpt lat="40.3917" lon="-0.75259">
				<ele>1469.48</ele>
				<time>2026-09-10T15:34:47.285Z</time>
			</trkpt>
			<trkpt lat="40.39163" lon="-0.75249">
				<ele>1468.98</ele>
				<time>2026-09-10T15:34:47.784Z</time>
			</trkpt>
			<trkpt lat="40.3913" lon="-0.75175">
				<ele>1464.77</ele>
				<time>2026-09-10T15:34:50.974Z</time>
			</trkpt>
			<trkpt lat="40.39099" lon="-0.75121">
				<ele>1460.62</ele>
				<time>2026-09-10T15:34:53.544Z</time>
			</trkpt>
			<trkpt lat="40.39084" lon="-0.75102">
				<ele>1458.74</ele>
				<time>2026-09-10T15:34:54.598Z</time>
			</trkpt>
			<trkpt lat="40.39078" lon="-0.75098">
				<ele>1458.4</ele>
				<time>2026-09-10T15:34:54.939Z</time>
			</trkpt>
			<trkpt lat="40.39069" lon="-0.75092">
				<ele>1457.96</ele>
				<time>2026-09-10T15:34:55.454Z</time>
			</trkpt>
			<trkpt lat="40.38995" lon="-0.75076">
				<ele>1460.85</ele>
				<time>2026-09-10T15:34:59.333Z</time>
			</trkpt>
			<trkpt lat="40.38937" lon="-0.75044">
				<ele>1459.1</ele>
				<time>2026-09-10T15:35:02.668Z</time>
			</trkpt>
			<trkpt lat="40.38865" lon="-0.7501">
				<ele>1454.77</ele>
				<time>2026-09-10T15:35:06.824Z</time>
			</trkpt>
			<trkpt lat="40.38851" lon="-0.75005">
				<ele>1454.05</ele>
				<time>2026-09-10T15:35:07.625Z</time>
			</trkpt>
			<trkpt lat="40.38779" lon="-0.75008">
				<ele>1454.48</ele>
				<time>2026-09-10T15:35:11.663Z</time>
			</trkpt>
			<trkpt lat="40.38759" lon="-0.75004">
				<ele>1452.86</ele>
				<time>2026-09-10T15:35:12.815Z</time>
			</trkpt>
			<trkpt lat="40.3875" lon="-0.75">
				<ele>1452.01</ele>
				<time>2026-09-10T15:35:13.359Z</time>
			</trkpt>
			<trkpt lat="40.38671" lon="-0.74926">
				<ele>1442.03</ele>
				<time>2026-09-10T15:35:19.018Z</time>
			</trkpt>
			<trkpt lat="40.38573" lon="-0.74855">
				<ele>1436.59</ele>
				<time>2026-09-10T15:35:25.785Z</time>
			</trkpt>
			<trkpt lat="40.38546" lon="-0.74827">
				<ele>1436.43</ele>
				<time>2026-09-10T15:35:27.918Z</time>
			</trkpt>
			<trkpt lat="40.38467" lon="-0.74715">
				<ele>1433.83</ele>
				<time>2026-09-10T15:35:35.311Z</time>
			</trkpt>
			<trkpt lat="40.38379" lon="-0.74573">
				<ele>1426.12</ele>
				<time>2026-09-10T15:35:44.566Z</time>
			</trkpt>
			<trkpt lat="40.38304" lon="-0.74459">
				<ele>1423.29</ele>
				<time>2026-09-10T15:35:52.510Z</time>
			</trkpt>
			<trkpt lat="40.38281" lon="-0.74418">
				<ele>1420.09</ele>
				<time>2026-09-10T15:35:55.264Z</time>
			</trkpt>
			<trkpt lat="40.38277" lon="-0.74403">
				<ele>1421.12</ele>
				<time>2026-09-10T15:35:56.130Z</time>
			</trkpt>
			<trkpt lat="40.38277" lon="-0.74375">
				<ele>1423.5</ele>
				<time>2026-09-10T15:35:57.665Z</time>
			</trkpt>
			<trkpt lat="40.38283" lon="-0.74268">
				<ele>1416.17</ele>
				<time>2026-09-10T15:36:03.647Z</time>
			</trkpt>
			<trkpt lat="40.3829" lon="-0.74214">
				<ele>1416.35</ele>
				<time>2026-09-10T15:36:06.762Z</time>
			</trkpt>
			<trkpt lat="40.3829" lon="-0.74187">
				<ele>1418.91</ele>
				<time>2026-09-10T15:36:08.313Z</time>
			</trkpt>
			<trkpt lat="40.38286" lon="-0.74166">
				<ele>1420.31</ele>
				<time>2026-09-10T15:36:09.563Z</time>
			</trkpt>
			<trkpt lat="40.38261" lon="-0.74084">
				<ele>1416.96</ele>
				<time>2026-09-10T15:36:14.736Z</time>
			</trkpt>
			<trkpt lat="40.38247" lon="-0.74055">
				<ele>1414.96</ele>
				<time>2026-09-10T15:36:16.776Z</time>
			</trkpt>
			<trkpt lat="40.38225" lon="-0.7403">
				<ele>1416.95</ele>
				<time>2026-09-10T15:36:19.066Z</time>
			</trkpt>
			<trkpt lat="40.38197" lon="-0.74">
				<ele>1416.92</ele>
				<time>2026-09-10T15:36:21.940Z</time>
			</trkpt>
			<trkpt lat="40.38172" lon="-0.73978">
				<ele>1413.49</ele>
				<time>2026-09-10T15:36:24.359Z</time>
			</trkpt>
			<trkpt lat="40.38133" lon="-0.73938">
				<ele>1412.36</ele>
				<time>2026-09-10T15:36:28.386Z</time>
			</trkpt>
			<trkpt lat="40.38121" lon="-0.73929">
				<ele>1413.23</ele>
				<time>2026-09-10T15:36:29.521Z</time>
			</trkpt>
			<trkpt lat="40.38102" lon="-0.73925">
				<ele>1413.2</ele>
				<time>2026-09-10T15:36:31.110Z</time>
			</trkpt>
			<trkpt lat="40.38061" lon="-0.73927">
				<ele>1416.06</ele>
				<time>2026-09-10T15:36:34.531Z</time>
			</trkpt>
			<trkpt lat="40.38041" lon="-0.73926">
				<ele>1414.12</ele>
				<time>2026-09-10T15:36:36.215Z</time>
			</trkpt>
			<trkpt lat="40.38029" lon="-0.73921">
				<ele>1412.24</ele>
				<time>2026-09-10T15:36:37.280Z</time>
			</trkpt>
			<trkpt lat="40.3802" lon="-0.73909">
				<ele>1410.13</ele>
				<time>2026-09-10T15:36:38.369Z</time>
			</trkpt>
			<trkpt lat="40.38008" lon="-0.73886">
				<ele>1407.79</ele>
				<time>2026-09-10T15:36:40.182Z</time>
			</trkpt>
			<trkpt lat="40.37998" lon="-0.73862">
				<ele>1405.88</ele>
				<time>2026-09-10T15:36:41.972Z</time>
			</trkpt>
			<trkpt lat="40.37968" lon="-0.7377">
				<ele>1409.41</ele>
				<time>2026-09-10T15:36:48.618Z</time>
			</trkpt>
			<trkpt lat="40.37928" lon="-0.73672">
				<ele>1402.74</ele>
				<time>2026-09-10T15:36:56.185Z</time>
			</trkpt>
			<trkpt lat="40.37916" lon="-0.73649">
				<ele>1402.61</ele>
				<time>2026-09-10T15:36:58.113Z</time>
			</trkpt>
			<trkpt lat="40.37879" lon="-0.73592">
				<ele>1398.84</ele>
				<time>2026-09-10T15:37:03.353Z</time>
			</trkpt>
			<trkpt lat="40.37831" lon="-0.73493">
				<ele>1388.17</ele>
				<time>2026-09-10T15:37:11.744Z</time>
			</trkpt>
			<trkpt lat="40.37823" lon="-0.73472">
				<ele>1388.66</ele>
				<time>2026-09-10T15:37:13.450Z</time>
			</trkpt>
			<trkpt lat="40.37803" lon="-0.73401">
				<ele>1387.45</ele>
				<time>2026-09-10T15:37:19.011Z</time>
			</trkpt>
			<trkpt lat="40.37778" lon="-0.73343">
				<ele>1382.73</ele>
				<time>2026-09-10T15:37:23.985Z</time>
			</trkpt>
			<trkpt lat="40.37761" lon="-0.73314">
				<ele>1383.93</ele>
				<time>2026-09-10T15:37:26.747Z</time>
			</trkpt>
			<trkpt lat="40.37744" lon="-0.73292">
				<ele>1384.09</ele>
				<time>2026-09-10T15:37:29.131Z</time>
			</trkpt>
			<trkpt lat="40.37729" lon="-0.7328">
				<ele>1381.51</ele>
				<time>2026-09-10T15:37:30.896Z</time>
			</trkpt>
			<trkpt lat="40.37611" lon="-0.73242">
				<ele>1388</ele>
				<time>2026-09-10T15:37:43.347Z</time>
			</trkpt>
			<trkpt lat="40.37588" lon="-0.73231">
				<ele>1386.8</ele>
				<time>2026-09-10T15:37:45.908Z</time>
			</trkpt>
			<trkpt lat="40.37444" lon="-0.73152">
				<ele>1387.92</ele>
				<time>2026-09-10T15:38:02.662Z</time>
			</trkpt>
			<trkpt lat="40.37285" lon="-0.73097">
				<ele>1380.5</ele>
				<time>2026-09-10T15:38:21.120Z</time>
			</trkpt>
			<trkpt lat="40.37265" lon="-0.73087">
				<ele>1378.2</ele>
				<time>2026-09-10T15:38:23.584Z</time>
			</trkpt>
			<trkpt lat="40.37249" lon="-0.73075">
				<ele>1376.03</ele>
				<time>2026-09-10T15:38:25.718Z</time>
			</trkpt>
			<trkpt lat="40.37202" lon="-0.73022">
				<ele>1368.26</ele>
				<time>2026-09-10T15:38:32.971Z</time>
			</trkpt>
			<trkpt lat="40.37153" lon="-0.7295">
				<ele>1366.36</ele>
				<time>2026-09-10T15:38:41.741Z</time>
			</trkpt>
			<trkpt lat="40.37124" lon="-0.72898">
				<ele>1361.41</ele>
				<time>2026-09-10T15:38:47.692Z</time>
			</trkpt>
			<trkpt lat="40.37103" lon="-0.72874">
				<ele>1357.06</ele>
				<time>2026-09-10T15:38:51.102Z</time>
			</trkpt>
			<trkpt lat="40.37078" lon="-0.72854">
				<ele>1354.03</ele>
				<time>2026-09-10T15:38:54.714Z</time>
			</trkpt>
			<trkpt lat="40.36995" lon="-0.72801">
				<ele>1347.25</ele>
				<time>2026-09-10T15:39:06.290Z</time>
			</trkpt>
			<trkpt lat="40.36967" lon="-0.72779">
				<ele>1345.23</ele>
				<time>2026-09-10T15:39:10.450Z</time>
			</trkpt>
			<trkpt lat="40.36957" lon="-0.72763">
				<ele>1345.23</ele>
				<time>2026-09-10T15:39:12.473Z</time>
			</trkpt>
			<trkpt lat="40.36954" lon="-0.72749">
				<ele>1345</ele>
				<time>2026-09-10T15:39:13.899Z</time>
			</trkpt>
			<trkpt lat="40.36952" lon="-0.72735">
				<ele>1344.94</ele>
				<time>2026-09-10T15:39:15.301Z</time>
			</trkpt>
			<trkpt lat="40.36955" lon="-0.72711">
				<ele>1344.73</ele>
				<time>2026-09-10T15:39:17.702Z</time>
			</trkpt>
			<trkpt lat="40.36959" lon="-0.72701">
				<ele>1344.86</ele>
				<time>2026-09-10T15:39:18.822Z</time>
			</trkpt>
			<trkpt lat="40.36968" lon="-0.72692">
				<ele>1345.61</ele>
				<time>2026-09-10T15:39:20.297Z</time>
			</trkpt>
			<trkpt lat="40.37" lon="-0.72679">
				<ele>1350.84</ele>
				<time>2026-09-10T15:39:24.691Z</time>
			</trkpt>
			<trkpt lat="40.37013" lon="-0.72669">
				<ele>1353.16</ele>
				<time>2026-09-10T15:39:26.680Z</time>
			</trkpt>
			<trkpt lat="40.37021" lon="-0.72661">
				<ele>1353.97</ele>
				<time>2026-09-10T15:39:28.012Z</time>
			</trkpt>
			<trkpt lat="40.3704" lon="-0.72629">
				<ele>1356.68</ele>
				<time>2026-09-10T15:39:32.127Z</time>
			</trkpt>
			<trkpt lat="40.37062" lon="-0.72585">
				<ele>1365.11</ele>
				<time>2026-09-10T15:39:37.514Z</time>
			</trkpt>
			<trkpt lat="40.3707" lon="-0.72546">
				<ele>1371.36</ele>
				<time>2026-09-10T15:39:41.686Z</time>
			</trkpt>
			<trkpt lat="40.3707" lon="-0.72535">
				<ele>1371.53</ele>
				<time>2026-09-10T15:39:42.828Z</time>
			</trkpt>
			<trkpt lat="40.37065" lon="-0.72495">
				<ele>1365.12</ele>
				<time>2026-09-10T15:39:47.057Z</time>
			</trkpt>
			<trkpt lat="40.37058" lon="-0.72468">
				<ele>1360.78</ele>
				<time>2026-09-10T15:39:50.053Z</time>
			</trkpt>
			<trkpt lat="40.37058" lon="-0.72458">
				<ele>1361.06</ele>
				<time>2026-09-10T15:39:51.107Z</time>
			</trkpt>
			<trkpt lat="40.37065" lon="-0.72449">
				<ele>1361.86</ele>
				<time>2026-09-10T15:39:52.466Z</time>
			</trkpt>
			<trkpt lat="40.37107" lon="-0.72436">
				<ele>1365.81</ele>
				<time>2026-09-10T15:39:58.491Z</time>
			</trkpt>
			<trkpt lat="40.37113" lon="-0.72429">
				<ele>1366.06</ele>
				<time>2026-09-10T15:39:59.619Z</time>
			</trkpt>
			<trkpt lat="40.37122" lon="-0.72412">
				<ele>1366.12</ele>
				<time>2026-09-10T15:40:01.842Z</time>
			</trkpt>
			<trkpt lat="40.37126" lon="-0.72396">
				<ele>1365.05</ele>
				<time>2026-09-10T15:40:03.657Z</time>
			</trkpt>
			<trkpt lat="40.37124" lon="-0.72365">
				<ele>1364.39</ele>
				<time>2026-09-10T15:40:07.025Z</time>
			</trkpt>
			<trkpt lat="40.37114" lon="-0.72321">
				<ele>1371.19</ele>
				<time>2026-09-10T15:40:12.033Z</time>
			</trkpt>
			<trkpt lat="40.37101" lon="-0.72287">
				<ele>1372.61</ele>
				<time>2026-09-10T15:40:16.215Z</time>
			</trkpt>
			<trkpt lat="40.37095" lon="-0.7225">
				<ele>1371.58</ele>
				<time>2026-09-10T15:40:20.404Z</time>
			</trkpt>
			<trkpt lat="40.37079" lon="-0.72194">
				<ele>1372.45</ele>
				<time>2026-09-10T15:40:27.088Z</time>
			</trkpt>
			<trkpt lat="40.37077" lon="-0.7217">
				<ele>1374.62</ele>
				<time>2026-09-10T15:40:29.807Z</time>
			</trkpt>
			<trkpt lat="40.37078" lon="-0.72134">
				<ele>1376.45</ele>
				<time>2026-09-10T15:40:33.888Z</time>
			</trkpt>
			<trkpt lat="40.37095" lon="-0.72077">
				<ele>1376.01</ele>
				<time>2026-09-10T15:40:40.886Z</time>
			</trkpt>
			<trkpt lat="40.37098" lon="-0.72062">
				<ele>1375.28</ele>
				<time>2026-09-10T15:40:42.671Z</time>
			</trkpt>
			<trkpt lat="40.37103" lon="-0.72027">
				<ele>1374.93</ele>
				<time>2026-09-10T15:40:46.791Z</time>
			</trkpt>
			<trkpt lat="40.37103" lon="-0.72001">
				<ele>1375.03</ele>
				<time>2026-09-10T15:40:49.816Z</time>
			</trkpt>
			<trkpt lat="40.37095" lon="-0.71921">
				<ele>1376.08</ele>
				<time>2026-09-10T15:40:59.297Z</time>
			</trkpt>
			<trkpt lat="40.37089" lon="-0.7189">
				<ele>1371.82</ele>
				<time>2026-09-10T15:41:03.095Z</time>
			</trkpt>
			<trkpt lat="40.37088" lon="-0.71859">
				<ele>1372.53</ele>
				<time>2026-09-10T15:41:06.800Z</time>
			</trkpt>
			<trkpt lat="40.37091" lon="-0.71821">
				<ele>1377.3</ele>
				<time>2026-09-10T15:41:11.391Z</time>
			</trkpt>
			<trkpt lat="40.37089" lon="-0.718">
				<ele>1378.24</ele>
				<time>2026-09-10T15:41:13.948Z</time>
			</trkpt>
			<trkpt lat="40.37096" lon="-0.71801">
				<ele>1382.34</ele>
				<time>2026-09-10T15:41:15.068Z</time>
			</trkpt>
			<trkpt lat="40.37102" lon="-0.71811">
				<ele>1385.38</ele>
				<time>2026-09-10T15:41:16.614Z</time>
			</trkpt>
			<trkpt lat="40.37114" lon="-0.7182">
				<ele>1393.05</ele>
				<time>2026-09-10T15:41:18.822Z</time>
			</trkpt>
			<trkpt lat="40.37117" lon="-0.7183">
				<ele>1394.43</ele>
				<time>2026-09-10T15:41:20.134Z</time>
			</trkpt>
			<trkpt lat="40.37116" lon="-0.71835">
				<ele>1394.01</ele>
				<time>2026-09-10T15:41:20.766Z</time>
			</trkpt>
			<trkpt lat="40.37134" lon="-0.7184">
				<ele>1401.69</ele>
				<time>2026-09-10T15:41:23.726Z</time>
			</trkpt>
			<trkpt lat="40.37138" lon="-0.71873">
				<ele>1403.16</ele>
				<time>2026-09-10T15:41:27.843Z</time>
			</trkpt>
			<trkpt lat="40.37141" lon="-0.71882">
				<ele>1403.3</ele>
				<time>2026-09-10T15:41:29.058Z</time>
			</trkpt>
			<trkpt lat="40.3718" lon="-0.71975">
				<ele>1406.46</ele>
				<time>2026-09-10T15:42:33.611Z</time>
			</trkpt>
			<trkpt lat="40.37186" lon="-0.71986">
				<ele>1409.4</ele>
				<time>2026-09-10T15:42:49.191Z</time>
			</trkpt>
			<trkpt lat="40.37197" lon="-0.72003">
				<ele>1412.33</ele>
				<time>2026-09-10T15:43:04.771Z</time>
			</trkpt>
			<trkpt lat="40.37207" lon="-0.71977">
				<ele>1413.72</ele>
				<time>2026-09-10T15:43:25.171Z</time>
			</trkpt>
			<trkpt lat="40.37196" lon="-0.71959">
				<ele>1411.04</ele>
				<time>2026-09-10T15:43:41.356Z</time>
			</trkpt>
			<trkpt lat="40.37187" lon="-0.7194">
				<ele>1409.82</ele>
				<time>2026-09-10T15:43:57.049Z</time>
			</trkpt>
			<trkpt lat="40.3718" lon="-0.71933">
				<ele>1409.33</ele>
				<time>2026-09-10T15:44:05.151Z</time>
			</trkpt>
			<trkpt lat="40.37136" lon="-0.71798">
				<ele>1401.76</ele>
				<time>2026-09-10T15:45:48.144Z</time>
			</trkpt>
			<trkpt lat="40.3713" lon="-0.71767">
				<ele>1400.02</ele>
				<time>2026-09-10T15:46:10.578Z</time>
			</trkpt>
			<trkpt lat="40.37117" lon="-0.71778">
				<ele>1392.88</ele>
				<time>2026-09-10T15:46:24.818Z</time>
			</trkpt>
			<trkpt lat="40.37098" lon="-0.71755">
				<ele>1389.61</ele>
				<time>2026-09-10T15:46:48.615Z</time>
			</trkpt>
			<trkpt lat="40.37068" lon="-0.7167">
				<ele>1390.85</ele>
				<time>2026-09-10T15:47:54.323Z</time>
			</trkpt>
			<trkpt lat="40.37064" lon="-0.71665">
				<ele>1389.96</ele>
				<time>2026-09-10T15:47:59.409Z</time>
			</trkpt>
			<trkpt lat="40.3706" lon="-0.71664">
				<ele>1388.54</ele>
				<time>2026-09-10T15:48:03.158Z</time>
			</trkpt>
			<trkpt lat="40.37054" lon="-0.71649">
				<ele>1388.38</ele>
				<time>2026-09-10T15:48:15.041Z</time>
			</trkpt>
			<trkpt lat="40.37014" lon="-0.71577">
				<ele>1385.61</ele>
				<time>2026-09-10T15:49:25.150Z</time>
			</trkpt>
			<trkpt lat="40.36937" lon="-0.71464">
				<ele>1380.79</ele>
				<time>2026-09-10T15:50:24.148Z</time>
			</trkpt>
			<trkpt lat="40.3692" lon="-0.71443">
				<ele>1380.61</ele>
				<time>2026-09-10T15:50:26.526Z</time>
			</trkpt>
			<trkpt lat="40.36876" lon="-0.71404">
				<ele>1377.59</ele>
				<time>2026-09-10T15:50:30.620Z</time>
			</trkpt>
			<trkpt lat="40.36863" lon="-0.71384">
				<ele>1379.78</ele>
				<time>2026-09-10T15:50:31.809Z</time>
			</trkpt>
			<trkpt lat="40.36858" lon="-0.71373">
				<ele>1380.3</ele>
				<time>2026-09-10T15:50:32.338Z</time>
			</trkpt>
			<trkpt lat="40.36848" lon="-0.71352">
				<ele>1377.06</ele>
				<time>2026-09-10T15:50:33.289Z</time>
			</trkpt>
			<trkpt lat="40.36844" lon="-0.71344">
				<ele>1375.47</ele>
				<time>2026-09-10T15:50:33.637Z</time>
			</trkpt>
			<trkpt lat="40.36843" lon="-0.7134">
				<ele>1375.24</ele>
				<time>2026-09-10T15:50:33.787Z</time>
			</trkpt>
			<trkpt lat="40.36821" lon="-0.7132">
				<ele>1374</ele>
				<time>2026-09-10T15:50:35.005Z</time>
			</trkpt>
			<trkpt lat="40.36815" lon="-0.71311">
				<ele>1375.04</ele>
				<time>2026-09-10T15:50:35.415Z</time>
			</trkpt>
			<trkpt lat="40.36811" lon="-0.71308">
				<ele>1375.53</ele>
				<time>2026-09-10T15:50:35.623Z</time>
			</trkpt>
			<trkpt lat="40.36788" lon="-0.71286">
				<ele>1376.54</ele>
				<time>2026-09-10T15:50:36.963Z</time>
			</trkpt>
			<trkpt lat="40.36766" lon="-0.71262">
				<ele>1375.61</ele>
				<time>2026-09-10T15:50:38.485Z</time>
			</trkpt>
			<trkpt lat="40.36759" lon="-0.7125">
				<ele>1375.33</ele>
				<time>2026-09-10T15:50:39.173Z</time>
			</trkpt>
			<trkpt lat="40.36749" lon="-0.71231">
				<ele>1374.58</ele>
				<time>2026-09-10T15:50:40.334Z</time>
			</trkpt>
			<trkpt lat="40.3665" lon="-0.70975">
				<ele>1375.67</ele>
				<time>2026-09-10T15:50:52.436Z</time>
			</trkpt>
			<trkpt lat="40.36582" lon="-0.70817">
				<ele>1380.27</ele>
				<time>2026-09-10T15:50:58.416Z</time>
			</trkpt>
			<trkpt lat="40.36575" lon="-0.70794">
				<ele>1378.53</ele>
				<time>2026-09-10T15:50:59.242Z</time>
			</trkpt>
			<trkpt lat="40.3657" lon="-0.70765">
				<ele>1377.13</ele>
				<time>2026-09-10T15:51:00.252Z</time>
			</trkpt>
			<trkpt lat="40.36567" lon="-0.70721">
				<ele>1376.93</ele>
				<time>2026-09-10T15:51:01.804Z</time>
			</trkpt>
			<trkpt lat="40.36562" lon="-0.70692">
				<ele>1378.7</ele>
				<time>2026-09-10T15:51:02.893Z</time>
			</trkpt>
			<trkpt lat="40.36555" lon="-0.70674">
				<ele>1379.54</ele>
				<time>2026-09-10T15:51:03.658Z</time>
			</trkpt>
			<trkpt lat="40.36551" lon="-0.70666">
				<ele>1379.57</ele>
				<time>2026-09-10T15:51:04.027Z</time>
			</trkpt>
			<trkpt lat="40.36552" lon="-0.7064">
				<ele>1379.77</ele>
				<time>2026-09-10T15:51:05.059Z</time>
			</trkpt>
			<trkpt lat="40.3655" lon="-0.70623">
				<ele>1380.11</ele>
				<time>2026-09-10T15:51:05.763Z</time>
			</trkpt>
			<trkpt lat="40.36543" lon="-0.706">
				<ele>1380.94</ele>
				<time>2026-09-10T15:51:06.813Z</time>
			</trkpt>
			<trkpt lat="40.36538" lon="-0.70589">
				<ele>1381.57</ele>
				<time>2026-09-10T15:51:07.373Z</time>
			</trkpt>
			<trkpt lat="40.36516" lon="-0.70569">
				<ele>1383.8</ele>
				<time>2026-09-10T15:51:08.974Z</time>
			</trkpt>
			<trkpt lat="40.36446" lon="-0.70525">
				<ele>1389.71</ele>
				<time>2026-09-10T15:51:14.246Z</time>
			</trkpt>
			<trkpt lat="40.36428" lon="-0.70512">
				<ele>1388.74</ele>
				<time>2026-09-10T15:51:15.808Z</time>
			</trkpt>
			<trkpt lat="40.36414" lon="-0.70495">
				<ele>1388.23</ele>
				<time>2026-09-10T15:51:17.320Z</time>
			</trkpt>
			<trkpt lat="40.36388" lon="-0.70451">
				<ele>1388.28</ele>
				<time>2026-09-10T15:51:20.888Z</time>
			</trkpt>
			<trkpt lat="40.36375" lon="-0.70437">
				<ele>1388.33</ele>
				<time>2026-09-10T15:51:22.379Z</time>
			</trkpt>
			<trkpt lat="40.3634" lon="-0.70412">
				<ele>1387.36</ele>
				<time>2026-09-10T15:51:26.078Z</time>
			</trkpt>
			<trkpt lat="40.36243" lon="-0.70349">
				<ele>1389.44</ele>
				<time>2026-09-10T15:51:37.237Z</time>
			</trkpt>
			<trkpt lat="40.36226" lon="-0.70331">
				<ele>1388.8</ele>
				<time>2026-09-10T15:51:39.674Z</time>
			</trkpt>
			<trkpt lat="40.36221" lon="-0.70321">
				<ele>1388.81</ele>
				<time>2026-09-10T15:51:40.708Z</time>
			</trkpt>
			<trkpt lat="40.36215" lon="-0.70304">
				<ele>1389.31</ele>
				<time>2026-09-10T15:51:42.347Z</time>
			</trkpt>
			<trkpt lat="40.3617" lon="-0.7011">
				<ele>1393.03</ele>
				<time>2026-09-10T15:52:01.531Z</time>
			</trkpt>
			<trkpt lat="40.36162" lon="-0.70098">
				<ele>1393.56</ele>
				<time>2026-09-10T15:52:03.141Z</time>
			</trkpt>
			<trkpt lat="40.36156" lon="-0.70093">
				<ele>1393.9</ele>
				<time>2026-09-10T15:52:04.089Z</time>
			</trkpt>
			<trkpt lat="40.36151" lon="-0.70092">
				<ele>1394.08</ele>
				<time>2026-09-10T15:52:04.766Z</time>
			</trkpt>
			<trkpt lat="40.36184" lon="-0.69963">
				<ele>1395.91</ele>
				<time>2026-09-10T15:52:19.126Z</time>
			</trkpt>
			<trkpt lat="40.36186" lon="-0.69937">
				<ele>1395.98</ele>
				<time>2026-09-10T15:52:21.977Z</time>
			</trkpt>
			<trkpt lat="40.36184" lon="-0.69923">
				<ele>1396.73</ele>
				<time>2026-09-10T15:52:23.543Z</time>
			</trkpt>
			<trkpt lat="40.36165" lon="-0.69833">
				<ele>1399.95</ele>
				<time>2026-09-10T15:52:34.820Z</time>
			</trkpt>
			<trkpt lat="40.36163" lon="-0.69809">
				<ele>1399.29</ele>
				<time>2026-09-10T15:52:38.144Z</time>
			</trkpt>
			<trkpt lat="40.36166" lon="-0.69771">
				<ele>1402.24</ele>
				<time>2026-09-10T15:52:43.700Z</time>
			</trkpt>
			<trkpt lat="40.36164" lon="-0.69696">
				<ele>1400.06</ele>
				<time>2026-09-10T15:52:55.478Z</time>
			</trkpt>
			<trkpt lat="40.36157" lon="-0.69632">
				<ele>1393.12</ele>
				<time>2026-09-10T15:53:06.288Z</time>
			</trkpt>
			<trkpt lat="40.36158" lon="-0.69614">
				<ele>1391.89</ele>
				<time>2026-09-10T15:53:09.377Z</time>
			</trkpt>
			<trkpt lat="40.36162" lon="-0.69591">
				<ele>1391.22</ele>
				<time>2026-09-10T15:53:13.445Z</time>
			</trkpt>
			<trkpt lat="40.36173" lon="-0.69544">
				<ele>1393.25</ele>
				<time>2026-09-10T15:53:21.981Z</time>
			</trkpt>
			<trkpt lat="40.36182" lon="-0.69528">
				<ele>1394.57</ele>
				<time>2026-09-10T15:53:25.436Z</time>
			</trkpt>
			<trkpt lat="40.36193" lon="-0.69512">
				<ele>1395.49</ele>
				<time>2026-09-10T15:53:29.168Z</time>
			</trkpt>
			<trkpt lat="40.36264" lon="-0.69417">
				<ele>1401.04</ele>
				<time>2026-09-10T15:53:51.368Z</time>
			</trkpt>
			<trkpt lat="40.36337" lon="-0.69321">
				<ele>1402.06</ele>
				<time>2026-09-10T15:54:10.800Z</time>
			</trkpt>
			<trkpt lat="40.36366" lon="-0.69269">
				<ele>1404.39</ele>
				<time>2026-09-10T15:54:18.210Z</time>
			</trkpt>
			<trkpt lat="40.36386" lon="-0.69312">
				<ele>1404.05</ele>
				<time>2026-09-10T15:54:22.649Z</time>
			</trkpt>
		</trkseg>
	</trk>
</gpx>