<?xml version="1.0" encoding="UTF-8"?>
<gpx version="1.1" creator="Kurviger" xmlns="http://www.topografix.com/GPX/1/1" xmlns:xsi="http://www.w3.org/2001/XMLSchema-instance" xsi:schemaLocation="http://www.topografix.com/GPX/1/1 http://www.topografix.com/GPX/1/1/gpx.xsd http://www.garmin.com/xmlschemas/GpxExtensions/v3 http://www.garmin.com/xmlschemas/GpxExtensionsv3.xsd http://www.garmin.com/xmlschemas/TripExtensions/v1 http://www.garmin.com/xmlschemas/TripExtensionsv1.xsd" xmlns:gpxx="http://www.garmin.com/xmlschemas/GpxExtensions/v3" xmlns:trp="http://www.garmin.com/xmlschemas/TripExtensions/v1">
	<metadata>
		<name>Dia 2 DEF Camping Puente de las Herrerías a Riopar</name>
		<copyright author="OpenStreetMap contributors"/>
		<link href="https://kurviger.com">
			<text>Kurviger.com GPX</text>
		</link>
		<time>2026-09-10T12:57:41.830Z</time>
	</metadata>
	<rte>
		<name>Dia 2 DEF Camping Puente de las Herrerías a Riopar</name>
		<extensions>
			<trp:Trip>
				<trp:TransportationMode>Motorcycling</trp:TransportationMode>
			</trp:Trip>
		</extensions>
		<rtept lat="37.90192" lon="-2.93794">
			<name>Start</name>
			<sym>Flag, Green</sym>
			<type>start</type>
			<extensions>
				<trp:ViaPoint>
					<trp:CalculationMode>Adventurous</trp:CalculationMode>
				</trp:ViaPoint>
			</extensions>
		</rtept>
		<rtept lat="37.9239" lon="-2.92869">
			<name>Via Point 1</name>
			<sym>Flag, Blue</sym>
			<type>via</type>
			<extensions>
				<trp:ViaPoint>
					<trp:CalculationMode>Adventurous</trp:CalculationMode>
				</trp:ViaPoint>
			</extensions>
		</rtept>
		<rtept lat="37.91696" lon="-2.9522">
			<name>Via Point 2</name>
			<sym>Flag, Blue</sym>
			<type>via</type>
			<extensions>
				<trp:ViaPoint>
					<trp:CalculationMode>Adventurous</trp:CalculationMode>
				</trp:ViaPoint>
			</extensions>
		</rtept>
		<rtept lat="38.04699" lon="-2.85341">
			<name>Via Point 3</name>
			<sym>Flag, Blue</sym>
			<type>via</type>
			<extensions>
				<trp:ViaPoint>
					<trp:CalculationMode>Adventurous</trp:CalculationMode>
				</trp:ViaPoint>
			</extensions>
		</rtept>
		<rtept lat="38.17454" lon="-2.79591">
			<name>Via Point 4</name>
			<sym>Flag, Blue</sym>
			<type>via</type>
			<extensions>
				<trp:ViaPoint>
					<trp:CalculationMode>Adventurous</trp:CalculationMode>
				</trp:ViaPoint>
			</extensions>
		</rtept>
		<rtept lat="38.24813" lon="-2.72495">
			<name>Via Point 5</name>
			<sym>Flag, Blue</sym>
			<type>via</type>
			<extensions>
				<trp:ViaPoint>
					<trp:CalculationMode>Adventurous</trp:CalculationMode>
				</trp:ViaPoint>
			</extensions>
		</rtept>
		<rtept lat="38.29884" lon="-2.65196">
			<name>Via Point 6</name>
			<sym>Flag, Blue</sym>
			<type>via</type>
			<extensions>
				<trp:ViaPoint>
					<trp:CalculationMode>Adventurous</trp:CalculationMode>
				</trp:ViaPoint>
			</extensions>
		</rtept>
		<rtept lat="38.31796" lon="-2.66107">
			<name>Via Point 7</name>
			<sym>Flag, Blue</sym>
			<type>via</type>
			<extensions>
				<trp:ViaPoint>
					<trp:CalculationMode>Adventurous</trp:CalculationMode>
				</trp:ViaPoint>
			</extensions>
		</rtept>
		<rtept lat="38.38792" lon="-2.58256">
			<name>Via Point 8</name>
			<sym>Flag, Blue</sym>
			<type>via</type>
			<extensions>
				<trp:ViaPoint>
					<trp:CalculationMode>Adventurous</trp:CalculationMode>
				</trp:ViaPoint>
			</extensions>
		</rtept>
		<rtept lat="38.48875" lon="-2.40225">
			<name>Destination</name>
			<sym>Flag, Red</sym>
			<type>destination</type>
			<extensions>
				<trp:ViaPoint/>
			</extensions>
		</rtept>
	</rte>
	<trk>
		<name>Dia 2 DEF Camping Puente de las Herrerías a Riopar</name>
		<trkseg>
			<trkpt lat="37.90192" lon="-2.93794">
				<ele>1000.51</ele>
				<time>2026-09-10T12:57:41.458Z</time>
			</trkpt>
			<trkpt lat="37.90186" lon="-2.93785">
				<ele>1001.89</ele>
				<time>2026-09-10T12:57:46.271Z</time>
			</trkpt>
			<trkpt lat="37.90186" lon="-2.93785">
				<ele>1001.89</ele>
				<time>2026-09-10T12:57:46.271Z</time>
			</trkpt>
			<trkpt lat="37.90179" lon="-2.93773">
				<ele>1003.9</ele>
				<time>2026-09-10T12:57:51.112Z</time>
			</trkpt>
			<trkpt lat="37.90243" lon="-2.9371">
				<ele>1000.57</ele>
				<time>2026-09-10T12:58:09.274Z</time>
			</trkpt>
			<trkpt lat="37.9027" lon="-2.93678">
				<ele>1002.25</ele>
				<time>2026-09-10T12:58:17.206Z</time>
			</trkpt>
			<trkpt lat="37.90326" lon="-2.93606">
				<ele>999.56</ele>
				<time>2026-09-10T12:58:33.595Z</time>
			</trkpt>
			<trkpt lat="37.90367" lon="-2.93562">
				<ele>1003.31</ele>
				<time>2026-09-10T12:58:44.091Z</time>
			</trkpt>
			<trkpt lat="37.90408" lon="-2.93527">
				<ele>1001.08</ele>
				<time>2026-09-10T12:58:53.379Z</time>
			</trkpt>
			<trkpt lat="37.9043" lon="-2.93512">
				<ele>999.63</ele>
				<time>2026-09-10T12:58:57.942Z</time>
			</trkpt>
			<trkpt lat="37.90438" lon="-2.9351">
				<ele>998.47</ele>
				<time>2026-09-10T12:58:59.413Z</time>
			</trkpt>
			<trkpt lat="37.90453" lon="-2.93512">
				<ele>996.45</ele>
				<time>2026-09-10T12:59:02.109Z</time>
			</trkpt>
			<trkpt lat="37.90501" lon="-2.9354">
				<ele>995.36</ele>
				<time>2026-09-10T12:59:11.312Z</time>
			</trkpt>
			<trkpt lat="37.90538" lon="-2.93551">
				<ele>993.17</ele>
				<time>2026-09-10T12:59:17.704Z</time>
			</trkpt>
			<trkpt lat="37.90584" lon="-2.93561">
				<ele>989.16</ele>
				<time>2026-09-10T12:59:25.302Z</time>
			</trkpt>
			<trkpt lat="37.90606" lon="-2.93563">
				<ele>989.03</ele>
				<time>2026-09-10T12:59:28.799Z</time>
			</trkpt>
			<trkpt lat="37.90613" lon="-2.9356">
				<ele>989.05</ele>
				<time>2026-09-10T12:59:29.957Z</time>
			</trkpt>
			<trkpt lat="37.90622" lon="-2.93554">
				<ele>989.48</ele>
				<time>2026-09-10T12:59:31.541Z</time>
			</trkpt>
			<trkpt lat="37.90716" lon="-2.93458">
				<ele>996.5</ele>
				<time>2026-09-10T12:59:49.419Z</time>
			</trkpt>
			<trkpt lat="37.90751" lon="-2.9344">
				<ele>998.85</ele>
				<time>2026-09-10T12:59:54.680Z</time>
			</trkpt>
			<trkpt lat="37.908" lon="-2.93422">
				<ele>997.58</ele>
				<time>2026-09-10T13:00:01.551Z</time>
			</trkpt>
			<trkpt lat="37.90819" lon="-2.93421">
				<ele>997.84</ele>
				<time>2026-09-10T13:00:04.044Z</time>
			</trkpt>
			<trkpt lat="37.90829" lon="-2.93423">
				<ele>997.81</ele>
				<time>2026-09-10T13:00:05.357Z</time>
			</trkpt>
			<trkpt lat="37.90898" lon="-2.93451">
				<ele>993.12</ele>
				<time>2026-09-10T13:00:14.467Z</time>
			</trkpt>
			<trkpt lat="37.9091" lon="-2.93454">
				<ele>992.97</ele>
				<time>2026-09-10T13:00:15.957Z</time>
			</trkpt>
			<trkpt lat="37.90918" lon="-2.93454">
				<ele>992.98</ele>
				<time>2026-09-10T13:00:16.924Z</time>
			</trkpt>
			<trkpt lat="37.90932" lon="-2.93452">
				<ele>993.12</ele>
				<time>2026-09-10T13:00:18.614Z</time>
			</trkpt>
			<trkpt lat="37.90955" lon="-2.93443">
				<ele>993.82</ele>
				<time>2026-09-10T13:00:21.461Z</time>
			</trkpt>
			<trkpt lat="37.90984" lon="-2.93424">
				<ele>996.11</ele>
				<time>2026-09-10T13:00:25.243Z</time>
			</trkpt>
			<trkpt lat="37.9105" lon="-2.93372">
				<ele>994.86</ele>
				<time>2026-09-10T13:00:33.899Z</time>
			</trkpt>
			<trkpt lat="37.91082" lon="-2.93354">
				<ele>993.16</ele>
				<time>2026-09-10T13:00:37.648Z</time>
			</trkpt>
			<trkpt lat="37.91116" lon="-2.93338">
				<ele>991.7</ele>
				<time>2026-09-10T13:00:41.439Z</time>
			</trkpt>
			<trkpt lat="37.91134" lon="-2.93325">
				<ele>994.84</ele>
				<time>2026-09-10T13:00:43.564Z</time>
			</trkpt>
			<trkpt lat="37.91169" lon="-2.93291">
				<ele>995.84</ele>
				<time>2026-09-10T13:00:47.992Z</time>
			</trkpt>
			<trkpt lat="37.91209" lon="-2.93242">
				<ele>998.61</ele>
				<time>2026-09-10T13:00:53.406Z</time>
			</trkpt>
			<trkpt lat="37.91232" lon="-2.93208">
				<ele>1000.33</ele>
				<time>2026-09-10T13:00:56.751Z</time>
			</trkpt>
			<trkpt lat="37.91244" lon="-2.93199">
				<ele>997.3</ele>
				<time>2026-09-10T13:00:58.053Z</time>
			</trkpt>
			<trkpt lat="37.91256" lon="-2.93196">
				<ele>994.19</ele>
				<time>2026-09-10T13:00:59.186Z</time>
			</trkpt>
			<trkpt lat="37.91271" lon="-2.93197">
				<ele>990.4</ele>
				<time>2026-09-10T13:01:00.567Z</time>
			</trkpt>
			<trkpt lat="37.91283" lon="-2.93201">
				<ele>988.25</ele>
				<time>2026-09-10T13:01:01.699Z</time>
			</trkpt>
			<trkpt lat="37.91297" lon="-2.93211">
				<ele>986.86</ele>
				<time>2026-09-10T13:01:03.154Z</time>
			</trkpt>
			<trkpt lat="37.91318" lon="-2.93233">
				<ele>984.92</ele>
				<time>2026-09-10T13:01:05.594Z</time>
			</trkpt>
			<trkpt lat="37.91328" lon="-2.93237">
				<ele>984.9</ele>
				<time>2026-09-10T13:01:06.523Z</time>
			</trkpt>
			<trkpt lat="37.9134" lon="-2.93236">
				<ele>984.1</ele>
				<time>2026-09-10T13:01:07.584Z</time>
			</trkpt>
			<trkpt lat="37.91345" lon="-2.93233">
				<ele>983.78</ele>
				<time>2026-09-10T13:01:08.069Z</time>
			</trkpt>
			<trkpt lat="37.91366" lon="-2.93203">
				<ele>985.23</ele>
				<time>2026-09-10T13:01:10.823Z</time>
			</trkpt>
			<trkpt lat="37.91374" lon="-2.93186">
				<ele>986.14</ele>
				<time>2026-09-10T13:01:12.167Z</time>
			</trkpt>
			<trkpt lat="37.91377" lon="-2.93175">
				<ele>986.57</ele>
				<time>2026-09-10T13:01:12.953Z</time>
			</trkpt>
			<trkpt lat="37.91377" lon="-2.93162">
				<ele>987.69</ele>
				<time>2026-09-10T13:01:13.827Z</time>
			</trkpt>
			<trkpt lat="37.91374" lon="-2.93139">
				<ele>991.12</ele>
				<time>2026-09-10T13:01:15.385Z</time>
			</trkpt>
			<trkpt lat="37.91374" lon="-2.93131">
				<ele>992.13</ele>
				<time>2026-09-10T13:01:15.917Z</time>
			</trkpt>
			<trkpt lat="37.91381" lon="-2.9311">
				<ele>992.37</ele>
				<time>2026-09-10T13:01:17.426Z</time>
			</trkpt>
			<trkpt lat="37.91389" lon="-2.93098">
				<ele>991.09</ele>
				<time>2026-09-10T13:01:18.459Z</time>
			</trkpt>
			<trkpt lat="37.91414" lon="-2.93073">
				<ele>986.5</ele>
				<time>2026-09-10T13:01:21.093Z</time>
			</trkpt>
			<trkpt lat="37.91464" lon="-2.93033">
				<ele>991.59</ele>
				<time>2026-09-10T13:01:25.909Z</time>
			</trkpt>
			<trkpt lat="37.91491" lon="-2.93019">
				<ele>994.41</ele>
				<time>2026-09-10T13:01:28.255Z</time>
			</trkpt>
			<trkpt lat="37.91501" lon="-2.93016">
				<ele>995.01</ele>
				<time>2026-09-10T13:01:29.077Z</time>
			</trkpt>
			<trkpt lat="37.91518" lon="-2.93012">
				<ele>996.83</ele>
				<time>2026-09-10T13:01:30.455Z</time>
			</trkpt>
			<trkpt lat="37.91533" lon="-2.93013">
				<ele>996.62</ele>
				<time>2026-09-10T13:01:31.649Z</time>
			</trkpt>
			<trkpt lat="37.91543" lon="-2.93016">
				<ele>995.32</ele>
				<time>2026-09-10T13:01:32.463Z</time>
			</trkpt>
			<trkpt lat="37.91548" lon="-2.93019">
				<ele>994.3</ele>
				<time>2026-09-10T13:01:32.901Z</time>
			</trkpt>
			<trkpt lat="37.91556" lon="-2.93029">
				<ele>991.89</ele>
				<time>2026-09-10T13:01:33.789Z</time>
			</trkpt>
			<trkpt lat="37.91573" lon="-2.93058">
				<ele>989.66</ele>
				<time>2026-09-10T13:01:36.033Z</time>
			</trkpt>
			<trkpt lat="37.91587" lon="-2.93072">
				<ele>989.18</ele>
				<time>2026-09-10T13:01:37.433Z</time>
			</trkpt>
			<trkpt lat="37.91605" lon="-2.93074">
				<ele>988.5</ele>
				<time>2026-09-10T13:01:38.848Z</time>
			</trkpt>
			<trkpt lat="37.91626" lon="-2.93069">
				<ele>985.23</ele>
				<time>2026-09-10T13:01:40.518Z</time>
			</trkpt>
			<trkpt lat="37.91638" lon="-2.93064">
				<ele>983.28</ele>
				<time>2026-09-10T13:01:41.504Z</time>
			</trkpt>
			<trkpt lat="37.91661" lon="-2.9305">
				<ele>981.75</ele>
				<time>2026-09-10T13:01:43.494Z</time>
			</trkpt>
			<trkpt lat="37.91676" lon="-2.93035">
				<ele>981.51</ele>
				<time>2026-09-10T13:01:44.983Z</time>
			</trkpt>
			<trkpt lat="37.91683" lon="-2.93024">
				<ele>980.67</ele>
				<time>2026-09-10T13:01:45.852Z</time>
			</trkpt>
			<trkpt lat="37.91701" lon="-2.92971">
				<ele>977.92</ele>
				<time>2026-09-10T13:01:49.401Z</time>
			</trkpt>
			<trkpt lat="37.91712" lon="-2.92949">
				<ele>979.42</ele>
				<time>2026-09-10T13:01:51.006Z</time>
			</trkpt>
			<trkpt lat="37.91724" lon="-2.92932">
				<ele>981.27</ele>
				<time>2026-09-10T13:01:52.414Z</time>
			</trkpt>
			<trkpt lat="37.91749" lon="-2.92909">
				<ele>983.18</ele>
				<time>2026-09-10T13:01:54.837Z</time>
			</trkpt>
			<trkpt lat="37.91765" lon="-2.92891">
				<ele>983.02</ele>
				<time>2026-09-10T13:01:56.522Z</time>
			</trkpt>
			<trkpt lat="37.9181" lon="-2.92833">
				<ele>983.57</ele>
				<time>2026-09-10T13:02:01.615Z</time>
			</trkpt>
			<trkpt lat="37.91819" lon="-2.92828">
				<ele>984.39</ele>
				<time>2026-09-10T13:02:02.401Z</time>
			</trkpt>
			<trkpt lat="37.91848" lon="-2.9282">
				<ele>984.06</ele>
				<time>2026-09-10T13:02:04.788Z</time>
			</trkpt>
			<trkpt lat="37.91921" lon="-2.92803">
				<ele>985.28</ele>
				<time>2026-09-10T13:02:10.850Z</time>
			</trkpt>
			<trkpt lat="37.91981" lon="-2.92793">
				<ele>986.86</ele>
				<time>2026-09-10T13:02:15.912Z</time>
			</trkpt>
			<trkpt lat="37.92042" lon="-2.92789">
				<ele>985.11</ele>
				<time>2026-09-10T13:02:21.153Z</time>
			</trkpt>
			<trkpt lat="37.92102" lon="-2.92773">
				<ele>985.46</ele>
				<time>2026-09-10T13:02:26.568Z</time>
			</trkpt>
			<trkpt lat="37.92131" lon="-2.92763">
				<ele>990.71</ele>
				<time>2026-09-10T13:02:29.285Z</time>
			</trkpt>
			<trkpt lat="37.92158" lon="-2.92749">
				<ele>994.57</ele>
				<time>2026-09-10T13:02:31.965Z</time>
			</trkpt>
			<trkpt lat="37.92182" lon="-2.92729">
				<ele>995.24</ele>
				<time>2026-09-10T13:02:34.647Z</time>
			</trkpt>
			<trkpt lat="37.92223" lon="-2.92679">
				<ele>994.44</ele>
				<time>2026-09-10T13:02:40.095Z</time>
			</trkpt>
			<trkpt lat="37.9225" lon="-2.92651">
				<ele>995.2</ele>
				<time>2026-09-10T13:02:43.531Z</time>
			</trkpt>
			<trkpt lat="37.92261" lon="-2.92646">
				<ele>995.21</ele>
				<time>2026-09-10T13:02:44.699Z</time>
			</trkpt>
			<trkpt lat="37.92275" lon="-2.92643">
				<ele>994.15</ele>
				<time>2026-09-10T13:02:46.130Z</time>
			</trkpt>
			<trkpt lat="37.92293" lon="-2.92645">
				<ele>989.15</ele>
				<time>2026-09-10T13:02:47.970Z</time>
			</trkpt>
			<trkpt lat="37.92346" lon="-2.92662">
				<ele>980.82</ele>
				<time>2026-09-10T13:02:53.674Z</time>
			</trkpt>
			<trkpt lat="37.92368" lon="-2.92671">
				<ele>986.02</ele>
				<time>2026-09-10T13:02:56.150Z</time>
			</trkpt>
			<trkpt lat="37.92387" lon="-2.92685">
				<ele>990.83</ele>
				<time>2026-09-10T13:02:58.541Z</time>
			</trkpt>
			<trkpt lat="37.92396" lon="-2.92697">
				<ele>991.89</ele>
				<time>2026-09-10T13:02:59.980Z</time>
			</trkpt>
			<trkpt lat="37.92403" lon="-2.92709">
				<ele>992.77</ele>
				<time>2026-09-10T13:03:01.288Z</time>
			</trkpt>
			<trkpt lat="37.92408" lon="-2.92724">
				<ele>993.12</ele>
				<time>2026-09-10T13:03:02.728Z</time>
			</trkpt>
			<trkpt lat="37.92409" lon="-2.9275">
				<ele>995.25</ele>
				<time>2026-09-10T13:03:05.057Z</time>
			</trkpt>
			<trkpt lat="37.9239" lon="-2.92869">
				<ele>1000.86</ele>
				<time>2026-09-10T13:03:16.389Z</time>
			</trkpt>
			<trkpt lat="37.92385" lon="-2.92884">
				<ele>1001.62</ele>
				<time>2026-09-10T13:03:17.970Z</time>
			</trkpt>
			<trkpt lat="37.92375" lon="-2.929">
				<ele>1003.75</ele>
				<time>2026-09-10T13:03:19.957Z</time>
			</trkpt>
			<trkpt lat="37.92369" lon="-2.92906">
				<ele>1004.73</ele>
				<time>2026-09-10T13:03:20.901Z</time>
			</trkpt>
			<trkpt lat="37.92333" lon="-2.92927">
				<ele>1006.83</ele>
				<time>2026-09-10T13:03:25.807Z</time>
			</trkpt>
			<trkpt lat="37.92317" lon="-2.92938">
				<ele>1007.72</ele>
				<time>2026-09-10T13:03:28.066Z</time>
			</trkpt>
			<trkpt lat="37.92293" lon="-2.92958">
				<ele>1008.99</ele>
				<time>2026-09-10T13:03:31.637Z</time>
			</trkpt>
			<trkpt lat="37.9228" lon="-2.92974">
				<ele>1010.09</ele>
				<time>2026-09-10T13:03:33.894Z</time>
			</trkpt>
			<trkpt lat="37.92272" lon="-2.92992">
				<ele>1011.54</ele>
				<time>2026-09-10T13:03:35.927Z</time>
			</trkpt>
			<trkpt lat="37.92266" lon="-2.93016">
				<ele>1014.22</ele>
				<time>2026-09-10T13:03:38.407Z</time>
			</trkpt>
			<trkpt lat="37.92252" lon="-2.93117">
				<ele>1023.54</ele>
				<time>2026-09-10T13:03:48.551Z</time>
			</trkpt>
			<trkpt lat="37.92247" lon="-2.93141">
				<ele>1025.43</ele>
				<time>2026-09-10T13:03:51.016Z</time>
			</trkpt>
			<trkpt lat="37.9224" lon="-2.93155">
				<ele>1024.46</ele>
				<time>2026-09-10T13:03:52.664Z</time>
			</trkpt>
			<trkpt lat="37.92213" lon="-2.93187">
				<ele>1023</ele>
				<time>2026-09-10T13:03:57.330Z</time>
			</trkpt>
			<trkpt lat="37.92207" lon="-2.93198">
				<ele>1023.22</ele>
				<time>2026-09-10T13:03:58.664Z</time>
			</trkpt>
			<trkpt lat="37.92204" lon="-2.93209">
				<ele>1023.54</ele>
				<time>2026-09-10T13:03:59.826Z</time>
			</trkpt>
			<trkpt lat="37.92194" lon="-2.9325">
				<ele>1027.81</ele>
				<time>2026-09-10T13:04:04.117Z</time>
			</trkpt>
			<trkpt lat="37.92185" lon="-2.93263">
				<ele>1029.52</ele>
				<time>2026-09-10T13:04:05.849Z</time>
			</trkpt>
			<trkpt lat="37.92167" lon="-2.93275">
				<ele>1028.9</ele>
				<time>2026-09-10T13:04:08.434Z</time>
			</trkpt>
			<trkpt lat="37.9215" lon="-2.93282">
				<ele>1030.67</ele>
				<time>2026-09-10T13:04:10.708Z</time>
			</trkpt>
			<trkpt lat="37.92132" lon="-2.93282">
				<ele>1032.14</ele>
				<time>2026-09-10T13:04:13.002Z</time>
			</trkpt>
			<trkpt lat="37.92118" lon="-2.93277">
				<ele>1034.48</ele>
				<time>2026-09-10T13:04:14.857Z</time>
			</trkpt>
			<trkpt lat="37.92108" lon="-2.93269">
				<ele>1037.02</ele>
				<time>2026-09-10T13:04:16.366Z</time>
			</trkpt>
			<trkpt lat="37.92103" lon="-2.9326">
				<ele>1038.72</ele>
				<time>2026-09-10T13:04:17.476Z</time>
			</trkpt>
			<trkpt lat="37.92101" lon="-2.93249">
				<ele>1039.16</ele>
				<time>2026-09-10T13:04:18.614Z</time>
			</trkpt>
			<trkpt lat="37.92101" lon="-2.93229">
				<ele>1036.78</ele>
				<time>2026-09-10T13:04:20.632Z</time>
			</trkpt>
			<trkpt lat="37.92098" lon="-2.93218">
				<ele>1035.13</ele>
				<time>2026-09-10T13:04:21.807Z</time>
			</trkpt>
			<trkpt lat="37.92088" lon="-2.93209">
				<ele>1034.21</ele>
				<time>2026-09-10T13:04:23.378Z</time>
			</trkpt>
			<trkpt lat="37.92074" lon="-2.93208">
				<ele>1036.16</ele>
				<time>2026-09-10T13:04:25.175Z</time>
			</trkpt>
			<trkpt lat="37.92037" lon="-2.93216">
				<ele>1041.46</ele>
				<time>2026-09-10T13:04:29.995Z</time>
			</trkpt>
			<trkpt lat="37.92022" lon="-2.93225">
				<ele>1041.02</ele>
				<time>2026-09-10T13:04:32.129Z</time>
			</trkpt>
			<trkpt lat="37.92017" lon="-2.9323">
				<ele>1040.59</ele>
				<time>2026-09-10T13:04:32.949Z</time>
			</trkpt>
			<trkpt lat="37.92014" lon="-2.93242">
				<ele>1040.8</ele>
				<time>2026-09-10T13:04:34.227Z</time>
			</trkpt>
			<trkpt lat="37.92013" lon="-2.93252">
				<ele>1041.55</ele>
				<time>2026-09-10T13:04:35.252Z</time>
			</trkpt>
			<trkpt lat="37.92015" lon="-2.93259">
				<ele>1042.55</ele>
				<time>2026-09-10T13:04:36.008Z</time>
			</trkpt>
			<trkpt lat="37.92021" lon="-2.93269">
				<ele>1045.34</ele>
				<time>2026-09-10T13:04:37.286Z</time>
			</trkpt>
			<trkpt lat="37.92064" lon="-2.93294">
				<ele>1050.8</ele>
				<time>2026-09-10T13:04:43.395Z</time>
			</trkpt>
			<trkpt lat="37.92078" lon="-2.93311">
				<ele>1049.09</ele>
				<time>2026-09-10T13:04:45.904Z</time>
			</trkpt>
			<trkpt lat="37.92106" lon="-2.93334">
				<ele>1047.92</ele>
				<time>2026-09-10T13:04:50.226Z</time>
			</trkpt>
			<trkpt lat="37.92116" lon="-2.93339">
				<ele>1049.28</ele>
				<time>2026-09-10T13:04:51.621Z</time>
			</trkpt>
			<trkpt lat="37.92124" lon="-2.93341">
				<ele>1050.11</ele>
				<time>2026-09-10T13:04:52.679Z</time>
			</trkpt>
			<trkpt lat="37.9218" lon="-2.9334">
				<ele>1053.52</ele>
				<time>2026-09-10T13:04:59.959Z</time>
			</trkpt>
			<trkpt lat="37.92232" lon="-2.9331">
				<ele>1049.67</ele>
				<time>2026-09-10T13:05:07.407Z</time>
			</trkpt>
			<trkpt lat="37.92261" lon="-2.93303">
				<ele>1047.68</ele>
				<time>2026-09-10T13:05:11.263Z</time>
			</trkpt>
			<trkpt lat="37.92273" lon="-2.93304">
				<ele>1046.7</ele>
				<time>2026-09-10T13:05:12.836Z</time>
			</trkpt>
			<trkpt lat="37.92285" lon="-2.93313">
				<ele>1048.44</ele>
				<time>2026-09-10T13:05:14.660Z</time>
			</trkpt>
			<trkpt lat="37.92307" lon="-2.9335">
				<ele>1060.53</ele>
				<time>2026-09-10T13:05:19.447Z</time>
			</trkpt>
			<trkpt lat="37.92358" lon="-2.93408">
				<ele>1051.02</ele>
				<time>2026-09-10T13:05:28.441Z</time>
			</trkpt>
			<trkpt lat="37.92361" lon="-2.93416">
				<ele>1049.95</ele>
				<time>2026-09-10T13:05:29.360Z</time>
			</trkpt>
			<trkpt lat="37.9236" lon="-2.9343">
				<ele>1050.52</ele>
				<time>2026-09-10T13:05:30.818Z</time>
			</trkpt>
			<trkpt lat="37.92351" lon="-2.93449">
				<ele>1054.59</ele>
				<time>2026-09-10T13:05:33.119Z</time>
			</trkpt>
			<trkpt lat="37.92304" lon="-2.93491">
				<ele>1067.25</ele>
				<time>2026-09-10T13:05:40.698Z</time>
			</trkpt>
			<trkpt lat="37.92295" lon="-2.93501">
				<ele>1068.09</ele>
				<time>2026-09-10T13:05:42.277Z</time>
			</trkpt>
			<trkpt lat="37.92292" lon="-2.9351">
				<ele>1068.27</ele>
				<time>2026-09-10T13:05:43.295Z</time>
			</trkpt>
			<trkpt lat="37.92291" lon="-2.93518">
				<ele>1067.89</ele>
				<time>2026-09-10T13:05:44.139Z</time>
			</trkpt>
			<trkpt lat="37.92292" lon="-2.93534">
				<ele>1066.41</ele>
				<time>2026-09-10T13:05:45.811Z</time>
			</trkpt>
			<trkpt lat="37.92291" lon="-2.93565">
				<ele>1064.45</ele>
				<time>2026-09-10T13:05:49.046Z</time>
			</trkpt>
			<trkpt lat="37.92289" lon="-2.93572">
				<ele>1064.34</ele>
				<time>2026-09-10T13:05:49.823Z</time>
			</trkpt>
			<trkpt lat="37.92255" lon="-2.93623">
				<ele>1074.78</ele>
				<time>2026-09-10T13:05:56.796Z</time>
			</trkpt>
			<trkpt lat="37.92244" lon="-2.93644">
				<ele>1077.9</ele>
				<time>2026-09-10T13:05:59.431Z</time>
			</trkpt>
			<trkpt lat="37.9219" lon="-2.93828">
				<ele>1086.36</ele>
				<time>2026-09-10T13:06:20.010Z</time>
			</trkpt>
			<trkpt lat="37.92187" lon="-2.93848">
				<ele>1085.79</ele>
				<time>2026-09-10T13:06:22.149Z</time>
			</trkpt>
			<trkpt lat="37.92183" lon="-2.93908">
				<ele>1088.31</ele>
				<time>2026-09-10T13:06:28.480Z</time>
			</trkpt>
			<trkpt lat="37.92174" lon="-2.93935">
				<ele>1091.26</ele>
				<time>2026-09-10T13:06:31.565Z</time>
			</trkpt>
			<trkpt lat="37.92163" lon="-2.93953">
				<ele>1092.77</ele>
				<time>2026-09-10T13:06:33.962Z</time>
			</trkpt>
			<trkpt lat="37.92151" lon="-2.9397">
				<ele>1094.14</ele>
				<time>2026-09-10T13:06:36.364Z</time>
			</trkpt>
			<trkpt lat="37.92133" lon="-2.93987">
				<ele>1094.21</ele>
				<time>2026-09-10T13:06:39.362Z</time>
			</trkpt>
			<trkpt lat="37.92115" lon="-2.94">
				<ele>1095.06</ele>
				<time>2026-09-10T13:06:42.131Z</time>
			</trkpt>
			<trkpt lat="37.92098" lon="-2.94017">
				<ele>1094.67</ele>
				<time>2026-09-10T13:06:45.025Z</time>
			</trkpt>
			<trkpt lat="37.92088" lon="-2.94034">
				<ele>1093.72</ele>
				<time>2026-09-10T13:06:47.262Z</time>
			</trkpt>
			<trkpt lat="37.92085" lon="-2.94045">
				<ele>1092.97</ele>
				<time>2026-09-10T13:06:48.490Z</time>
			</trkpt>
			<trkpt lat="37.92074" lon="-2.94107">
				<ele>1090.68</ele>
				<time>2026-09-10T13:06:55.198Z</time>
			</trkpt>
			<trkpt lat="37.92074" lon="-2.94131">
				<ele>1088.87</ele>
				<time>2026-09-10T13:06:57.733Z</time>
			</trkpt>
			<trkpt lat="37.92078" lon="-2.94186">
				<ele>1091.15</ele>
				<time>2026-09-10T13:07:03.570Z</time>
			</trkpt>
			<trkpt lat="37.92081" lon="-2.94195">
				<ele>1091.27</ele>
				<time>2026-09-10T13:07:04.602Z</time>
			</trkpt>
			<trkpt lat="37.92107" lon="-2.94228">
				<ele>1088.03</ele>
				<time>2026-09-10T13:07:09.534Z</time>
			</trkpt>
			<trkpt lat="37.9211" lon="-2.94241">
				<ele>1087.69</ele>
				<time>2026-09-10T13:07:10.966Z</time>
			</trkpt>
			<trkpt lat="37.92109" lon="-2.94248">
				<ele>1088.15</ele>
				<time>2026-09-10T13:07:11.719Z</time>
			</trkpt>
			<trkpt lat="37.92084" lon="-2.94319">
				<ele>1089.9</ele>
				<time>2026-09-10T13:07:19.945Z</time>
			</trkpt>
			<trkpt lat="37.9208" lon="-2.94331">
				<ele>1089.9</ele>
				<time>2026-09-10T13:07:21.324Z</time>
			</trkpt>
			<trkpt lat="37.9208" lon="-2.94342">
				<ele>1090.1</ele>
				<time>2026-09-10T13:07:22.488Z</time>
			</trkpt>
			<trkpt lat="37.92082" lon="-2.94356">
				<ele>1090.13</ele>
				<time>2026-09-10T13:07:23.994Z</time>
			</trkpt>
			<trkpt lat="37.92096" lon="-2.94419">
				<ele>1096.45</ele>
				<time>2026-09-10T13:07:30.924Z</time>
			</trkpt>
			<trkpt lat="37.92097" lon="-2.94434">
				<ele>1096.38</ele>
				<time>2026-09-10T13:07:32.518Z</time>
			</trkpt>
			<trkpt lat="37.92096" lon="-2.94452">
				<ele>1096.56</ele>
				<time>2026-09-10T13:07:34.428Z</time>
			</trkpt>
			<trkpt lat="37.92094" lon="-2.94465">
				<ele>1096.3</ele>
				<time>2026-09-10T13:07:35.831Z</time>
			</trkpt>
			<trkpt lat="37.9209" lon="-2.94484">
				<ele>1094.98</ele>
				<time>2026-09-10T13:07:37.914Z</time>
			</trkpt>
			<trkpt lat="37.92085" lon="-2.94494">
				<ele>1094.64</ele>
				<time>2026-09-10T13:07:39.168Z</time>
			</trkpt>
			<trkpt lat="37.92073" lon="-2.94511">
				<ele>1093.17</ele>
				<time>2026-09-10T13:07:41.584Z</time>
			</trkpt>
			<trkpt lat="37.92066" lon="-2.94517">
				<ele>1092.8</ele>
				<time>2026-09-10T13:07:42.718Z</time>
			</trkpt>
			<trkpt lat="37.9202" lon="-2.94545">
				<ele>1094.27</ele>
				<time>2026-09-10T13:07:49.570Z</time>
			</trkpt>
			<trkpt lat="37.91967" lon="-2.94579">
				<ele>1096.28</ele>
				<time>2026-09-10T13:07:57.545Z</time>
			</trkpt>
			<trkpt lat="37.91955" lon="-2.94584">
				<ele>1096.47</ele>
				<time>2026-09-10T13:07:59.241Z</time>
			</trkpt>
			<trkpt lat="37.91921" lon="-2.94585">
				<ele>1099.96</ele>
				<time>2026-09-10T13:08:03.807Z</time>
			</trkpt>
			<trkpt lat="37.91896" lon="-2.94589">
				<ele>1102.83</ele>
				<time>2026-09-10T13:08:07.189Z</time>
			</trkpt>
			<trkpt lat="37.91841" lon="-2.94609">
				<ele>1096.53</ele>
				<time>2026-09-10T13:08:14.868Z</time>
			</trkpt>
			<trkpt lat="37.91779" lon="-2.94634">
				<ele>1094.57</ele>
				<time>2026-09-10T13:08:23.595Z</time>
			</trkpt>
			<trkpt lat="37.9176" lon="-2.9465">
				<ele>1090.87</ele>
				<time>2026-09-10T13:08:26.653Z</time>
			</trkpt>
			<trkpt lat="37.91745" lon="-2.94668">
				<ele>1089.07</ele>
				<time>2026-09-10T13:08:29.422Z</time>
			</trkpt>
			<trkpt lat="37.91717" lon="-2.94712">
				<ele>1095.66</ele>
				<time>2026-09-10T13:08:35.398Z</time>
			</trkpt>
			<trkpt lat="37.91708" lon="-2.9473">
				<ele>1095.47</ele>
				<time>2026-09-10T13:08:37.650Z</time>
			</trkpt>
			<trkpt lat="37.91688" lon="-2.94784">
				<ele>1088.89</ele>
				<time>2026-09-10T13:08:43.950Z</time>
			</trkpt>
			<trkpt lat="37.91681" lon="-2.94793">
				<ele>1088.3</ele>
				<time>2026-09-10T13:08:45.285Z</time>
			</trkpt>
			<trkpt lat="37.91637" lon="-2.94834">
				<ele>1092.58</ele>
				<time>2026-09-10T13:08:52.589Z</time>
			</trkpt>
			<trkpt lat="37.91625" lon="-2.94852">
				<ele>1095.37</ele>
				<time>2026-09-10T13:08:55.074Z</time>
			</trkpt>
			<trkpt lat="37.91618" lon="-2.94868">
				<ele>1096.23</ele>
				<time>2026-09-10T13:08:57.002Z</time>
			</trkpt>
			<trkpt lat="37.91613" lon="-2.94911">
				<ele>1091.97</ele>
				<time>2026-09-10T13:09:01.582Z</time>
			</trkpt>
			<trkpt lat="37.91613" lon="-2.94922">
				<ele>1090.13</ele>
				<time>2026-09-10T13:09:02.740Z</time>
			</trkpt>
			<trkpt lat="37.91623" lon="-2.94983">
				<ele>1083.07</ele>
				<time>2026-09-10T13:09:09.298Z</time>
			</trkpt>
			<trkpt lat="37.91624" lon="-2.95015">
				<ele>1084.11</ele>
				<time>2026-09-10T13:09:12.666Z</time>
			</trkpt>
			<trkpt lat="37.91617" lon="-2.95049">
				<ele>1082.85</ele>
				<time>2026-09-10T13:09:16.359Z</time>
			</trkpt>
			<trkpt lat="37.91593" lon="-2.95132">
				<ele>1083.86</ele>
				<time>2026-09-10T13:09:25.637Z</time>
			</trkpt>
			<trkpt lat="37.9159" lon="-2.9515">
				<ele>1084.45</ele>
				<time>2026-09-10T13:09:27.566Z</time>
			</trkpt>
			<trkpt lat="37.9159" lon="-2.95171">
				<ele>1084.81</ele>
				<time>2026-09-10T13:09:29.767Z</time>
			</trkpt>
			<trkpt lat="37.91593" lon="-2.9518">
				<ele>1085.51</ele>
				<time>2026-09-10T13:09:30.790Z</time>
			</trkpt>
			<trkpt lat="37.91603" lon="-2.95193">
				<ele>1085.44</ele>
				<time>2026-09-10T13:09:32.692Z</time>
			</trkpt>
			<trkpt lat="37.91609" lon="-2.95197">
				<ele>1084.73</ele>
				<time>2026-09-10T13:09:33.592Z</time>
			</trkpt>
			<trkpt lat="37.91641" lon="-2.95206">
				<ele>1083.63</ele>
				<time>2026-09-10T13:09:37.939Z</time>
			</trkpt>
			<trkpt lat="37.91646" lon="-2.95211">
				<ele>1083.35</ele>
				<time>2026-09-10T13:09:38.783Z</time>
			</trkpt>
			<trkpt lat="37.91651" lon="-2.95223">
				<ele>1083.82</ele>
				<time>2026-09-10T13:09:40.202Z</time>
			</trkpt>
			<trkpt lat="37.91653" lon="-2.95229">
				<ele>1083.4</ele>
				<time>2026-09-10T13:09:40.882Z</time>
			</trkpt>
			<trkpt lat="37.91652" lon="-2.95237">
				<ele>1083.6</ele>
				<time>2026-09-10T13:09:41.729Z</time>
			</trkpt>
			<trkpt lat="37.9165" lon="-2.95244">
				<ele>1084.21</ele>
				<time>2026-09-10T13:09:42.506Z</time>
			</trkpt>
			<trkpt lat="37.91639" lon="-2.95276">
				<ele>1086.01</ele>
				<time>2026-09-10T13:09:46.151Z</time>
			</trkpt>
			<trkpt lat="37.91638" lon="-2.95294">
				<ele>1086.3</ele>
				<time>2026-09-10T13:09:48.034Z</time>
			</trkpt>
			<trkpt lat="37.9165" lon="-2.95415">
				<ele>1086.05</ele>
				<time>2026-09-10T13:10:00.733Z</time>
			</trkpt>
			<trkpt lat="37.91653" lon="-2.95425">
				<ele>1086.22</ele>
				<time>2026-09-10T13:10:01.845Z</time>
			</trkpt>
			<trkpt lat="37.91657" lon="-2.9543">
				<ele>1085.76</ele>
				<time>2026-09-10T13:10:02.585Z</time>
			</trkpt>
			<trkpt lat="37.91663" lon="-2.9543">
				<ele>1084.87</ele>
				<time>2026-09-10T13:10:03.375Z</time>
			</trkpt>
			<trkpt lat="37.91667" lon="-2.95427">
				<ele>1084.4</ele>
				<time>2026-09-10T13:10:03.987Z</time>
			</trkpt>
			<trkpt lat="37.91665" lon="-2.95417">
				<ele>1084.18</ele>
				<time>2026-09-10T13:10:05.058Z</time>
			</trkpt>
			<trkpt lat="37.91664" lon="-2.95403">
				<ele>1082.28</ele>
				<time>2026-09-10T13:10:06.517Z</time>
			</trkpt>
			<trkpt lat="37.91666" lon="-2.95293">
				<ele>1074.4</ele>
				<time>2026-09-10T13:10:18.537Z</time>
			</trkpt>
			<trkpt lat="37.91671" lon="-2.95273">
				<ele>1075.11</ele>
				<time>2026-09-10T13:10:20.809Z</time>
			</trkpt>
			<trkpt lat="37.9169" lon="-2.9524">
				<ele>1069.66</ele>
				<time>2026-09-10T13:10:25.010Z</time>
			</trkpt>
			<trkpt lat="37.91696" lon="-2.9522">
				<ele>1066.21</ele>
				<time>2026-09-10T13:10:27.043Z</time>
			</trkpt>
			<trkpt lat="37.91696" lon="-2.95204">
				<ele>1065.92</ele>
				<time>2026-09-10T13:10:28.464Z</time>
			</trkpt>
			<trkpt lat="37.91686" lon="-2.95174">
				<ele>1067.58</ele>
				<time>2026-09-10T13:10:31.141Z</time>
			</trkpt>
			<trkpt lat="37.91684" lon="-2.95159">
				<ele>1067.17</ele>
				<time>2026-09-10T13:10:32.378Z</time>
			</trkpt>
			<trkpt lat="37.91687" lon="-2.95147">
				<ele>1066.67</ele>
				<time>2026-09-10T13:10:33.400Z</time>
			</trkpt>
			<trkpt lat="37.91693" lon="-2.95136">
				<ele>1066.36</ele>
				<time>2026-09-10T13:10:34.486Z</time>
			</trkpt>
			<trkpt lat="37.91701" lon="-2.95128">
				<ele>1065.85</ele>
				<time>2026-09-10T13:10:35.534Z</time>
			</trkpt>
			<trkpt lat="37.91717" lon="-2.95124">
				<ele>1064.27</ele>
				<time>2026-09-10T13:10:37.210Z</time>
			</trkpt>
			<trkpt lat="37.91767" lon="-2.95138">
				<ele>1058.2</ele>
				<time>2026-09-10T13:10:42.463Z</time>
			</trkpt>
			<trkpt lat="37.91779" lon="-2.95137">
				<ele>1056.81</ele>
				<time>2026-09-10T13:10:43.694Z</time>
			</trkpt>
			<trkpt lat="37.91789" lon="-2.95134">
				<ele>1055.14</ele>
				<time>2026-09-10T13:10:44.746Z</time>
			</trkpt>
			<trkpt lat="37.91827" lon="-2.95108">
				<ele>1050.69</ele>
				<time>2026-09-10T13:10:49.159Z</time>
			</trkpt>
			<trkpt lat="37.91912" lon="-2.95042">
				<ele>1039.47</ele>
				<time>2026-09-10T13:10:59.306Z</time>
			</trkpt>
			<trkpt lat="37.91924" lon="-2.95032">
				<ele>1037.54</ele>
				<time>2026-09-10T13:11:00.763Z</time>
			</trkpt>
			<trkpt lat="37.91929" lon="-2.95024">
				<ele>1036.32</ele>
				<time>2026-09-10T13:11:01.579Z</time>
			</trkpt>
			<trkpt lat="37.91933" lon="-2.95007">
				<ele>1034.56</ele>
				<time>2026-09-10T13:11:02.998Z</time>
			</trkpt>
			<trkpt lat="37.91931" lon="-2.94988">
				<ele>1034.55</ele>
				<time>2026-09-10T13:11:04.529Z</time>
			</trkpt>
			<trkpt lat="37.91928" lon="-2.94979">
				<ele>1034.76</ele>
				<time>2026-09-10T13:11:05.309Z</time>
			</trkpt>
			<trkpt lat="37.9192" lon="-2.9497">
				<ele>1034.95</ele>
				<time>2026-09-10T13:11:06.391Z</time>
			</trkpt>
			<trkpt lat="37.91906" lon="-2.94956">
				<ele>1034.06</ele>
				<time>2026-09-10T13:11:08.193Z</time>
			</trkpt>
			<trkpt lat="37.91899" lon="-2.94948">
				<ele>1033.51</ele>
				<time>2026-09-10T13:11:09.145Z</time>
			</trkpt>
			<trkpt lat="37.91895" lon="-2.94939">
				<ele>1033.19</ele>
				<time>2026-09-10T13:11:09.968Z</time>
			</trkpt>
			<trkpt lat="37.91893" lon="-2.94921">
				<ele>1032.5</ele>
				<time>2026-09-10T13:11:11.415Z</time>
			</trkpt>
			<trkpt lat="37.91898" lon="-2.94903">
				<ele>1031.92</ele>
				<time>2026-09-10T13:11:12.932Z</time>
			</trkpt>
			<trkpt lat="37.91905" lon="-2.94891">
				<ele>1030.99</ele>
				<time>2026-09-10T13:11:14.118Z</time>
			</trkpt>
			<trkpt lat="37.91918" lon="-2.94875">
				<ele>1029.08</ele>
				<time>2026-09-10T13:11:15.942Z</time>
			</trkpt>
			<trkpt lat="37.91963" lon="-2.94836">
				<ele>1027.4</ele>
				<time>2026-09-10T13:11:21.418Z</time>
			</trkpt>
			<trkpt lat="37.91971" lon="-2.94833">
				<ele>1027.31</ele>
				<time>2026-09-10T13:11:22.255Z</time>
			</trkpt>
			<trkpt lat="37.91986" lon="-2.94833">
				<ele>1026.38</ele>
				<time>2026-09-10T13:11:23.758Z</time>
			</trkpt>
			<trkpt lat="37.91996" lon="-2.94837">
				<ele>1024.48</ele>
				<time>2026-09-10T13:11:24.808Z</time>
			</trkpt>
			<trkpt lat="37.92074" lon="-2.94878">
				<ele>1016.97</ele>
				<time>2026-09-10T13:11:33.242Z</time>
			</trkpt>
			<trkpt lat="37.92084" lon="-2.94881">
				<ele>1016.72</ele>
				<time>2026-09-10T13:11:34.266Z</time>
			</trkpt>
			<trkpt lat="37.92096" lon="-2.94882">
				<ele>1016.22</ele>
				<time>2026-09-10T13:11:35.463Z</time>
			</trkpt>
			<trkpt lat="37.92118" lon="-2.94878">
				<ele>1016.1</ele>
				<time>2026-09-10T13:11:37.674Z</time>
			</trkpt>
			<trkpt lat="37.92164" lon="-2.94863">
				<ele>1011.27</ele>
				<time>2026-09-10T13:11:42.390Z</time>
			</trkpt>
			<trkpt lat="37.92175" lon="-2.94855">
				<ele>1009.73</ele>
				<time>2026-09-10T13:11:43.647Z</time>
			</trkpt>
			<trkpt lat="37.92198" lon="-2.94833">
				<ele>1007.07</ele>
				<time>2026-09-10T13:11:46.500Z</time>
			</trkpt>
			<trkpt lat="37.92222" lon="-2.94818">
				<ele>999.55</ele>
				<time>2026-09-10T13:11:49.145Z</time>
			</trkpt>
			<trkpt lat="37.92229" lon="-2.9481">
				<ele>998.91</ele>
				<time>2026-09-10T13:11:50.076Z</time>
			</trkpt>
			<trkpt lat="37.92236" lon="-2.948">
				<ele>998.65</ele>
				<time>2026-09-10T13:11:51.117Z</time>
			</trkpt>
			<trkpt lat="37.92251" lon="-2.94758">
				<ele>996.59</ele>
				<time>2026-09-10T13:11:54.702Z</time>
			</trkpt>
			<trkpt lat="37.92257" lon="-2.94748">
				<ele>995.54</ele>
				<time>2026-09-10T13:11:55.678Z</time>
			</trkpt>
			<trkpt lat="37.92282" lon="-2.94721">
				<ele>992.78</ele>
				<time>2026-09-10T13:11:58.908Z</time>
			</trkpt>
			<trkpt lat="37.92291" lon="-2.94706">
				<ele>993.49</ele>
				<time>2026-09-10T13:12:00.368Z</time>
			</trkpt>
			<trkpt lat="37.92329" lon="-2.94631">
				<ele>991.55</ele>
				<time>2026-09-10T13:12:07.259Z</time>
			</trkpt>
			<trkpt lat="37.92404" lon="-2.94564">
				<ele>980.46</ele>
				<time>2026-09-10T13:12:16.210Z</time>
			</trkpt>
			<trkpt lat="37.92451" lon="-2.94516">
				<ele>975.16</ele>
				<time>2026-09-10T13:12:22.074Z</time>
			</trkpt>
			<trkpt lat="37.92458" lon="-2.94507">
				<ele>974.98</ele>
				<time>2026-09-10T13:12:23.041Z</time>
			</trkpt>
			<trkpt lat="37.92462" lon="-2.94496">
				<ele>974.98</ele>
				<time>2026-09-10T13:12:23.967Z</time>
			</trkpt>
			<trkpt lat="37.92476" lon="-2.94433">
				<ele>972.66</ele>
				<time>2026-09-10T13:12:28.963Z</time>
			</trkpt>
			<trkpt lat="37.9248" lon="-2.94422">
				<ele>972.06</ele>
				<time>2026-09-10T13:12:29.886Z</time>
			</trkpt>
			<trkpt lat="37.92487" lon="-2.94414">
				<ele>971.29</ele>
				<time>2026-09-10T13:12:30.796Z</time>
			</trkpt>
			<trkpt lat="37.92515" lon="-2.94382">
				<ele>968.09</ele>
				<time>2026-09-10T13:12:34.431Z</time>
			</trkpt>
			<trkpt lat="37.92522" lon="-2.94371">
				<ele>967.92</ele>
				<time>2026-09-10T13:12:35.504Z</time>
			</trkpt>
			<trkpt lat="37.92597" lon="-2.94217">
				<ele>954.88</ele>
				<time>2026-09-10T13:12:49.196Z</time>
			</trkpt>
			<trkpt lat="37.92602" lon="-2.94198">
				<ele>953.56</ele>
				<time>2026-09-10T13:12:50.705Z</time>
			</trkpt>
			<trkpt lat="37.92608" lon="-2.94133">
				<ele>948.6</ele>
				<time>2026-09-10T13:12:55.626Z</time>
			</trkpt>
			<trkpt lat="37.92608" lon="-2.94115">
				<ele>947.72</ele>
				<time>2026-09-10T13:12:56.977Z</time>
			</trkpt>
			<trkpt lat="37.92607" lon="-2.94102">
				<ele>946.83</ele>
				<time>2026-09-10T13:12:57.957Z</time>
			</trkpt>
			<trkpt lat="37.92604" lon="-2.9409">
				<ele>946.24</ele>
				<time>2026-09-10T13:12:58.900Z</time>
			</trkpt>
			<trkpt lat="37.92576" lon="-2.94048">
				<ele>945.69</ele>
				<time>2026-09-10T13:13:03.017Z</time>
			</trkpt>
			<trkpt lat="37.9257" lon="-2.94035">
				<ele>944.43</ele>
				<time>2026-09-10T13:13:04.143Z</time>
			</trkpt>
			<trkpt lat="37.92568" lon="-2.94024">
				<ele>943.39</ele>
				<time>2026-09-10T13:13:04.986Z</time>
			</trkpt>
			<trkpt lat="37.92569" lon="-2.93996">
				<ele>940.48</ele>
				<time>2026-09-10T13:13:07.078Z</time>
			</trkpt>
			<trkpt lat="37.92572" lon="-2.93981">
				<ele>939.45</ele>
				<time>2026-09-10T13:13:08.232Z</time>
			</trkpt>
			<trkpt lat="37.92589" lon="-2.9394">
				<ele>935.56</ele>
				<time>2026-09-10T13:13:11.682Z</time>
			</trkpt>
			<trkpt lat="37.92592" lon="-2.93928">
				<ele>934.73</ele>
				<time>2026-09-10T13:13:12.619Z</time>
			</trkpt>
			<trkpt lat="37.92593" lon="-2.93915">
				<ele>934.42</ele>
				<time>2026-09-10T13:13:13.590Z</time>
			</trkpt>
			<trkpt lat="37.92591" lon="-2.93878">
				<ele>934.54</ele>
				<time>2026-09-10T13:13:16.344Z</time>
			</trkpt>
			<trkpt lat="37.92596" lon="-2.93854">
				<ele>932.56</ele>
				<time>2026-09-10T13:13:18.185Z</time>
			</trkpt>
			<trkpt lat="37.92597" lon="-2.93841">
				<ele>931.42</ele>
				<time>2026-09-10T13:13:19.153Z</time>
			</trkpt>
			<trkpt lat="37.92595" lon="-2.93825">
				<ele>930.75</ele>
				<time>2026-09-10T13:13:20.353Z</time>
			</trkpt>
			<trkpt lat="37.92586" lon="-2.93794">
				<ele>931.41</ele>
				<time>2026-09-10T13:13:22.797Z</time>
			</trkpt>
			<trkpt lat="37.92585" lon="-2.93785">
				<ele>931.36</ele>
				<time>2026-09-10T13:13:23.469Z</time>
			</trkpt>
			<trkpt lat="37.92586" lon="-2.93771">
				<ele>930.41</ele>
				<time>2026-09-10T13:13:24.508Z</time>
			</trkpt>
			<trkpt lat="37.92597" lon="-2.93682">
				<ele>922.64</ele>
				<time>2026-09-10T13:13:31.150Z</time>
			</trkpt>
			<trkpt lat="37.92609" lon="-2.9364">
				<ele>919.64</ele>
				<time>2026-09-10T13:13:34.434Z</time>
			</trkpt>
			<trkpt lat="37.9262" lon="-2.93617">
				<ele>918.09</ele>
				<time>2026-09-10T13:13:36.408Z</time>
			</trkpt>
			<trkpt lat="37.92656" lon="-2.93585">
				<ele>912.15</ele>
				<time>2026-09-10T13:13:40.493Z</time>
			</trkpt>
			<trkpt lat="37.92665" lon="-2.93574">
				<ele>911.34</ele>
				<time>2026-09-10T13:13:41.652Z</time>
			</trkpt>
			<trkpt lat="37.92669" lon="-2.93566">
				<ele>911.16</ele>
				<time>2026-09-10T13:13:42.345Z</time>
			</trkpt>
			<trkpt lat="37.92674" lon="-2.9355">
				<ele>911.45</ele>
				<time>2026-09-10T13:13:43.603Z</time>
			</trkpt>
			<trkpt lat="37.92678" lon="-2.93513">
				<ele>911.47</ele>
				<time>2026-09-10T13:13:46.329Z</time>
			</trkpt>
			<trkpt lat="37.92687" lon="-2.93487">
				<ele>908.51</ele>
				<time>2026-09-10T13:13:48.400Z</time>
			</trkpt>
			<trkpt lat="37.92688" lon="-2.93476">
				<ele>907.97</ele>
				<time>2026-09-10T13:13:49.206Z</time>
			</trkpt>
			<trkpt lat="37.92689" lon="-2.93445">
				<ele>907.69</ele>
				<time>2026-09-10T13:13:51.464Z</time>
			</trkpt>
			<trkpt lat="37.92687" lon="-2.93415">
				<ele>908.26</ele>
				<time>2026-09-10T13:13:53.653Z</time>
			</trkpt>
			<trkpt lat="37.92682" lon="-2.9338">
				<ele>910.11</ele>
				<time>2026-09-10T13:13:56.235Z</time>
			</trkpt>
			<trkpt lat="37.92666" lon="-2.93314">
				<ele>912.83</ele>
				<time>2026-09-10T13:14:01.236Z</time>
			</trkpt>
			<trkpt lat="37.92664" lon="-2.93301">
				<ele>913.09</ele>
				<time>2026-09-10T13:14:02.193Z</time>
			</trkpt>
			<trkpt lat="37.92667" lon="-2.93284">
				<ele>908.59</ele>
				<time>2026-09-10T13:14:03.452Z</time>
			</trkpt>
			<trkpt lat="37.92673" lon="-2.93273">
				<ele>904.79</ele>
				<time>2026-09-10T13:14:04.418Z</time>
			</trkpt>
			<trkpt lat="37.92685" lon="-2.93262">
				<ele>898.95</ele>
				<time>2026-09-10T13:14:05.773Z</time>
			</trkpt>
			<trkpt lat="37.92696" lon="-2.93257">
				<ele>894.18</ele>
				<time>2026-09-10T13:14:06.841Z</time>
			</trkpt>
			<trkpt lat="37.92704" lon="-2.93258">
				<ele>891.85</ele>
				<time>2026-09-10T13:14:07.576Z</time>
			</trkpt>
			<trkpt lat="37.92719" lon="-2.93269">
				<ele>889.17</ele>
				<time>2026-09-10T13:14:09.158Z</time>
			</trkpt>
			<trkpt lat="37.9273" lon="-2.93292">
				<ele>888.67</ele>
				<time>2026-09-10T13:14:11.093Z</time>
			</trkpt>
			<trkpt lat="37.92742" lon="-2.93336">
				<ele>889.41</ele>
				<time>2026-09-10T13:14:14.438Z</time>
			</trkpt>
			<trkpt lat="37.92765" lon="-2.93387">
				<ele>885.41</ele>
				<time>2026-09-10T13:14:18.650Z</time>
			</trkpt>
			<trkpt lat="37.92773" lon="-2.934">
				<ele>883.3</ele>
				<time>2026-09-10T13:14:19.830Z</time>
			</trkpt>
			<trkpt lat="37.9278" lon="-2.93405">
				<ele>882.24</ele>
				<time>2026-09-10T13:14:20.559Z</time>
			</trkpt>
			<trkpt lat="37.92794" lon="-2.93411">
				<ele>880.64</ele>
				<time>2026-09-10T13:14:21.898Z</time>
			</trkpt>
			<trkpt lat="37.9281" lon="-2.93405">
				<ele>877.89</ele>
				<time>2026-09-10T13:14:23.409Z</time>
			</trkpt>
			<trkpt lat="37.92817" lon="-2.93399">
				<ele>876.04</ele>
				<time>2026-09-10T13:14:24.174Z</time>
			</trkpt>
			<trkpt lat="37.92824" lon="-2.93381">
				<ele>873.32</ele>
				<time>2026-09-10T13:14:25.606Z</time>
			</trkpt>
			<trkpt lat="37.92826" lon="-2.93369">
				<ele>872.91</ele>
				<time>2026-09-10T13:14:26.480Z</time>
			</trkpt>
			<trkpt lat="37.92824" lon="-2.93358">
				<ele>872.74</ele>
				<time>2026-09-10T13:14:27.285Z</time>
			</trkpt>
			<trkpt lat="37.9282" lon="-2.93345">
				<ele>872.49</ele>
				<time>2026-09-10T13:14:28.278Z</time>
			</trkpt>
			<trkpt lat="37.92798" lon="-2.93312">
				<ele>873.22</ele>
				<time>2026-09-10T13:14:31.352Z</time>
			</trkpt>
			<trkpt lat="37.92795" lon="-2.93302">
				<ele>873.32</ele>
				<time>2026-09-10T13:14:32.112Z</time>
			</trkpt>
			<trkpt lat="37.92794" lon="-2.93291">
				<ele>873.2</ele>
				<time>2026-09-10T13:14:32.899Z</time>
			</trkpt>
			<trkpt lat="37.92796" lon="-2.9324">
				<ele>869.35</ele>
				<time>2026-09-10T13:14:36.521Z</time>
			</trkpt>
			<trkpt lat="37.92794" lon="-2.93218">
				<ele>867.19</ele>
				<time>2026-09-10T13:14:38.090Z</time>
			</trkpt>
			<trkpt lat="37.92789" lon="-2.93204">
				<ele>866.16</ele>
				<time>2026-09-10T13:14:39.177Z</time>
			</trkpt>
			<trkpt lat="37.92764" lon="-2.93171">
				<ele>864.88</ele>
				<time>2026-09-10T13:14:42.412Z</time>
			</trkpt>
			<trkpt lat="37.92759" lon="-2.93161">
				<ele>865.04</ele>
				<time>2026-09-10T13:14:43.247Z</time>
			</trkpt>
			<trkpt lat="37.92757" lon="-2.93152">
				<ele>865.01</ele>
				<time>2026-09-10T13:14:43.907Z</time>
			</trkpt>
			<trkpt lat="37.92756" lon="-2.93141">
				<ele>864.64</ele>
				<time>2026-09-10T13:14:44.688Z</time>
			</trkpt>
			<trkpt lat="37.92758" lon="-2.93125">
				<ele>864.35</ele>
				<time>2026-09-10T13:14:45.831Z</time>
			</trkpt>
			<trkpt lat="37.92767" lon="-2.9309">
				<ele>864.01</ele>
				<time>2026-09-10T13:14:48.423Z</time>
			</trkpt>
			<trkpt lat="37.92771" lon="-2.93077">
				<ele>864</ele>
				<time>2026-09-10T13:14:49.405Z</time>
			</trkpt>
			<trkpt lat="37.92784" lon="-2.93056">
				<ele>862.41</ele>
				<time>2026-09-10T13:14:51.281Z</time>
			</trkpt>
			<trkpt lat="37.92793" lon="-2.93047">
				<ele>860.88</ele>
				<time>2026-09-10T13:14:52.302Z</time>
			</trkpt>
			<trkpt lat="37.928" lon="-2.93044">
				<ele>859.05</ele>
				<time>2026-09-10T13:14:52.960Z</time>
			</trkpt>
			<trkpt lat="37.9281" lon="-2.93044">
				<ele>857.18</ele>
				<time>2026-09-10T13:14:53.849Z</time>
			</trkpt>
			<trkpt lat="37.92818" lon="-2.93046">
				<ele>855.99</ele>
				<time>2026-09-10T13:14:54.574Z</time>
			</trkpt>
			<trkpt lat="37.92826" lon="-2.93052">
				<ele>854.78</ele>
				<time>2026-09-10T13:14:55.400Z</time>
			</trkpt>
			<trkpt lat="37.92833" lon="-2.93062">
				<ele>853.97</ele>
				<time>2026-09-10T13:14:56.337Z</time>
			</trkpt>
			<trkpt lat="37.92866" lon="-2.93126">
				<ele>848.73</ele>
				<time>2026-09-10T13:15:01.684Z</time>
			</trkpt>
			<trkpt lat="37.92877" lon="-2.9314">
				<ele>847.26</ele>
				<time>2026-09-10T13:15:03.064Z</time>
			</trkpt>
			<trkpt lat="37.92885" lon="-2.93146">
				<ele>846.41</ele>
				<time>2026-09-10T13:15:03.886Z</time>
			</trkpt>
			<trkpt lat="37.92902" lon="-2.9315">
				<ele>845.56</ele>
				<time>2026-09-10T13:15:05.414Z</time>
			</trkpt>
			<trkpt lat="37.92917" lon="-2.93144">
				<ele>844.56</ele>
				<time>2026-09-10T13:15:06.803Z</time>
			</trkpt>
			<trkpt lat="37.9293" lon="-2.93131">
				<ele>843.42</ele>
				<time>2026-09-10T13:15:08.263Z</time>
			</trkpt>
			<trkpt lat="37.92955" lon="-2.9309">
				<ele>837.54</ele>
				<time>2026-09-10T13:15:11.864Z</time>
			</trkpt>
			<trkpt lat="37.92959" lon="-2.93081">
				<ele>836.16</ele>
				<time>2026-09-10T13:15:12.581Z</time>
			</trkpt>
			<trkpt lat="37.9297" lon="-2.93039">
				<ele>832.68</ele>
				<time>2026-09-10T13:15:15.649Z</time>
			</trkpt>
			<trkpt lat="37.92975" lon="-2.93029">
				<ele>832.05</ele>
				<time>2026-09-10T13:15:16.469Z</time>
			</trkpt>
			<trkpt lat="37.92981" lon="-2.93022">
				<ele>831.29</ele>
				<time>2026-09-10T13:15:17.184Z</time>
			</trkpt>
			<trkpt lat="37.92995" lon="-2.93014">
				<ele>830.49</ele>
				<time>2026-09-10T13:15:18.531Z</time>
			</trkpt>
			<trkpt lat="37.93004" lon="-2.93014">
				<ele>830.1</ele>
				<time>2026-09-10T13:15:19.319Z</time>
			</trkpt>
			<trkpt lat="37.9301" lon="-2.93017">
				<ele>829.79</ele>
				<time>2026-09-10T13:15:19.884Z</time>
			</trkpt>
			<trkpt lat="37.93018" lon="-2.93024">
				<ele>830.05</ele>
				<time>2026-09-10T13:15:20.736Z</time>
			</trkpt>
			<trkpt lat="37.93045" lon="-2.93062">
				<ele>830.67</ele>
				<time>2026-09-10T13:15:24.263Z</time>
			</trkpt>
			<trkpt lat="37.93072" lon="-2.93085">
				<ele>830.2</ele>
				<time>2026-09-10T13:15:27.103Z</time>
			</trkpt>
			<trkpt lat="37.93081" lon="-2.93088">
				<ele>829.45</ele>
				<time>2026-09-10T13:15:27.914Z</time>
			</trkpt>
			<trkpt lat="37.9309" lon="-2.93088">
				<ele>829.03</ele>
				<time>2026-09-10T13:15:28.699Z</time>
			</trkpt>
			<trkpt lat="37.93103" lon="-2.93083">
				<ele>828.16</ele>
				<time>2026-09-10T13:15:29.882Z</time>
			</trkpt>
			<trkpt lat="37.93112" lon="-2.93075">
				<ele>827.08</ele>
				<time>2026-09-10T13:15:30.839Z</time>
			</trkpt>
			<trkpt lat="37.93119" lon="-2.93063">
				<ele>826.1</ele>
				<time>2026-09-10T13:15:31.863Z</time>
			</trkpt>
			<trkpt lat="37.93122" lon="-2.93052">
				<ele>824.77</ele>
				<time>2026-09-10T13:15:32.661Z</time>
			</trkpt>
			<trkpt lat="37.93123" lon="-2.93041">
				<ele>823.2</ele>
				<time>2026-09-10T13:15:33.420Z</time>
			</trkpt>
			<trkpt lat="37.93121" lon="-2.9303">
				<ele>821.66</ele>
				<time>2026-09-10T13:15:34.194Z</time>
			</trkpt>
			<trkpt lat="37.93113" lon="-2.93012">
				<ele>819.31</ele>
				<time>2026-09-10T13:15:35.608Z</time>
			</trkpt>
			<trkpt lat="37.93106" lon="-2.93003">
				<ele>818.92</ele>
				<time>2026-09-10T13:15:36.473Z</time>
			</trkpt>
			<trkpt lat="37.93067" lon="-2.92973">
				<ele>820.61</ele>
				<time>2026-09-10T13:15:40.425Z</time>
			</trkpt>
			<trkpt lat="37.93052" lon="-2.92952">
				<ele>820.48</ele>
				<time>2026-09-10T13:15:42.358Z</time>
			</trkpt>
			<trkpt lat="37.93049" lon="-2.92941">
				<ele>820.27</ele>
				<time>2026-09-10T13:15:43.151Z</time>
			</trkpt>
			<trkpt lat="37.93044" lon="-2.92883">
				<ele>817.43</ele>
				<time>2026-09-10T13:15:47.122Z</time>
			</trkpt>
			<trkpt lat="37.93047" lon="-2.92862">
				<ele>815.21</ele>
				<time>2026-09-10T13:15:48.573Z</time>
			</trkpt>
			<trkpt lat="37.93052" lon="-2.92849">
				<ele>813.4</ele>
				<time>2026-09-10T13:15:49.555Z</time>
			</trkpt>
			<trkpt lat="37.93063" lon="-2.92837">
				<ele>810.73</ele>
				<time>2026-09-10T13:15:50.803Z</time>
			</trkpt>
			<trkpt lat="37.93092" lon="-2.92813">
				<ele>809.87</ele>
				<time>2026-09-10T13:15:53.779Z</time>
			</trkpt>
			<trkpt lat="37.93107" lon="-2.92811">
				<ele>812.35</ele>
				<time>2026-09-10T13:15:55.073Z</time>
			</trkpt>
			<trkpt lat="37.9312" lon="-2.92813">
				<ele>814.05</ele>
				<time>2026-09-10T13:15:56.197Z</time>
			</trkpt>
			<trkpt lat="37.93181" lon="-2.92842">
				<ele>813.62</ele>
				<time>2026-09-10T13:16:01.772Z</time>
			</trkpt>
			<trkpt lat="37.93189" lon="-2.92849">
				<ele>813.25</ele>
				<time>2026-09-10T13:16:02.603Z</time>
			</trkpt>
			<trkpt lat="37.93217" lon="-2.92881">
				<ele>809.34</ele>
				<time>2026-09-10T13:16:05.819Z</time>
			</trkpt>
			<trkpt lat="37.93223" lon="-2.92887">
				<ele>808.84</ele>
				<time>2026-09-10T13:16:06.471Z</time>
			</trkpt>
			<trkpt lat="37.93234" lon="-2.92892">
				<ele>808.99</ele>
				<time>2026-09-10T13:16:07.466Z</time>
			</trkpt>
			<trkpt lat="37.93282" lon="-2.92902">
				<ele>809.01</ele>
				<time>2026-09-10T13:16:11.603Z</time>
			</trkpt>
			<trkpt lat="37.93329" lon="-2.92896">
				<ele>814.87</ele>
				<time>2026-09-10T13:16:15.611Z</time>
			</trkpt>
			<trkpt lat="37.93353" lon="-2.929">
				<ele>817.42</ele>
				<time>2026-09-10T13:16:17.662Z</time>
			</trkpt>
			<trkpt lat="37.93374" lon="-2.92907">
				<ele>816.74</ele>
				<time>2026-09-10T13:16:19.499Z</time>
			</trkpt>
			<trkpt lat="37.93422" lon="-2.92933">
				<ele>813.78</ele>
				<time>2026-09-10T13:16:23.906Z</time>
			</trkpt>
			<trkpt lat="37.93438" lon="-2.92938">
				<ele>813.15</ele>
				<time>2026-09-10T13:16:25.296Z</time>
			</trkpt>
			<trkpt lat="37.9346" lon="-2.92938">
				<ele>812.51</ele>
				<time>2026-09-10T13:16:27.148Z</time>
			</trkpt>
			<trkpt lat="37.93471" lon="-2.92937">
				<ele>812.4</ele>
				<time>2026-09-10T13:16:28.076Z</time>
			</trkpt>
			<trkpt lat="37.9348" lon="-2.92934">
				<ele>811.96</ele>
				<time>2026-09-10T13:16:28.859Z</time>
			</trkpt>
			<trkpt lat="37.93504" lon="-2.92919">
				<ele>813.88</ele>
				<time>2026-09-10T13:16:31.107Z</time>
			</trkpt>
			<trkpt lat="37.93519" lon="-2.92915">
				<ele>812.13</ele>
				<time>2026-09-10T13:16:32.394Z</time>
			</trkpt>
			<trkpt lat="37.93554" lon="-2.9291">
				<ele>810.35</ele>
				<time>2026-09-10T13:16:35.347Z</time>
			</trkpt>
			<trkpt lat="37.9357" lon="-2.92912">
				<ele>809.79</ele>
				<time>2026-09-10T13:16:36.693Z</time>
			</trkpt>
			<trkpt lat="37.93593" lon="-2.92918">
				<ele>807.52</ele>
				<time>2026-09-10T13:16:38.657Z</time>
			</trkpt>
			<trkpt lat="37.93686" lon="-2.92932">
				<ele>812.55</ele>
				<time>2026-09-10T13:16:46.468Z</time>
			</trkpt>
			<trkpt lat="37.9374" lon="-2.92932">
				<ele>810</ele>
				<time>2026-09-10T13:16:50.955Z</time>
			</trkpt>
			<trkpt lat="37.9376" lon="-2.92927">
				<ele>811.27</ele>
				<time>2026-09-10T13:16:52.646Z</time>
			</trkpt>
			<trkpt lat="37.93791" lon="-2.92913">
				<ele>813.18</ele>
				<time>2026-09-10T13:16:55.372Z</time>
			</trkpt>
			<trkpt lat="37.93805" lon="-2.92901">
				<ele>813.38</ele>
				<time>2026-09-10T13:16:56.770Z</time>
			</trkpt>
			<trkpt lat="37.93812" lon="-2.92892">
				<ele>812.83</ele>
				<time>2026-09-10T13:16:57.595Z</time>
			</trkpt>
			<trkpt lat="37.93846" lon="-2.92836">
				<ele>812.3</ele>
				<time>2026-09-10T13:17:02.196Z</time>
			</trkpt>
			<trkpt lat="37.93931" lon="-2.92684">
				<ele>809.8</ele>
				<time>2026-09-10T13:17:14.266Z</time>
			</trkpt>
			<trkpt lat="37.93946" lon="-2.92654">
				<ele>812.66</ele>
				<time>2026-09-10T13:17:16.557Z</time>
			</trkpt>
			<trkpt lat="37.93963" lon="-2.92635">
				<ele>811.5</ele>
				<time>2026-09-10T13:17:18.408Z</time>
			</trkpt>
			<trkpt lat="37.9399" lon="-2.92624">
				<ele>811.4</ele>
				<time>2026-09-10T13:17:20.722Z</time>
			</trkpt>
			<trkpt lat="37.9403" lon="-2.92615">
				<ele>809.72</ele>
				<time>2026-09-10T13:17:24.031Z</time>
			</trkpt>
			<trkpt lat="37.94043" lon="-2.92614">
				<ele>809.2</ele>
				<time>2026-09-10T13:17:25.090Z</time>
			</trkpt>
			<trkpt lat="37.94103" lon="-2.92622">
				<ele>805.82</ele>
				<time>2026-09-10T13:17:29.989Z</time>
			</trkpt>
			<trkpt lat="37.94115" lon="-2.92622">
				<ele>806.34</ele>
				<time>2026-09-10T13:17:30.962Z</time>
			</trkpt>
			<trkpt lat="37.94145" lon="-2.92613">
				<ele>808.38</ele>
				<time>2026-09-10T13:17:33.458Z</time>
			</trkpt>
			<trkpt lat="37.942" lon="-2.92587">
				<ele>805.1</ele>
				<time>2026-09-10T13:17:38.201Z</time>
			</trkpt>
			<trkpt lat="37.9425" lon="-2.92577">
				<ele>807.59</ele>
				<time>2026-09-10T13:17:42.280Z</time>
			</trkpt>
			<trkpt lat="37.94274" lon="-2.92569">
				<ele>807.66</ele>
				<time>2026-09-10T13:17:44.276Z</time>
			</trkpt>
			<trkpt lat="37.94335" lon="-2.92537">
				<ele>804.91</ele>
				<time>2026-09-10T13:17:49.575Z</time>
			</trkpt>
			<trkpt lat="37.9436" lon="-2.92518">
				<ele>806.17</ele>
				<time>2026-09-10T13:17:51.909Z</time>
			</trkpt>
			<trkpt lat="37.94378" lon="-2.92494">
				<ele>805.51</ele>
				<time>2026-09-10T13:17:53.998Z</time>
			</trkpt>
			<trkpt lat="37.94412" lon="-2.92438">
				<ele>802.64</ele>
				<time>2026-09-10T13:17:58.447Z</time>
			</trkpt>
			<trkpt lat="37.94421" lon="-2.92411">
				<ele>806.39</ele>
				<time>2026-09-10T13:18:00.289Z</time>
			</trkpt>
			<trkpt lat="37.94432" lon="-2.92369">
				<ele>811.31</ele>
				<time>2026-09-10T13:18:03.065Z</time>
			</trkpt>
			<trkpt lat="37.94435" lon="-2.92361">
				<ele>810.86</ele>
				<time>2026-09-10T13:18:03.621Z</time>
			</trkpt>
			<trkpt lat="37.94456" lon="-2.92334">
				<ele>806</ele>
				<time>2026-09-10T13:18:05.996Z</time>
			</trkpt>
			<trkpt lat="37.94466" lon="-2.92318">
				<ele>806.16</ele>
				<time>2026-09-10T13:18:07.273Z</time>
			</trkpt>
			<trkpt lat="37.94474" lon="-2.923">
				<ele>806.59</ele>
				<time>2026-09-10T13:18:08.565Z</time>
			</trkpt>
			<trkpt lat="37.94481" lon="-2.92263">
				<ele>808.03</ele>
				<time>2026-09-10T13:18:10.941Z</time>
			</trkpt>
			<trkpt lat="37.94484" lon="-2.92226">
				<ele>807.78</ele>
				<time>2026-09-10T13:18:13.260Z</time>
			</trkpt>
			<trkpt lat="37.94482" lon="-2.92209">
				<ele>807.12</ele>
				<time>2026-09-10T13:18:14.331Z</time>
			</trkpt>
			<trkpt lat="37.94471" lon="-2.92154">
				<ele>807.89</ele>
				<time>2026-09-10T13:18:17.861Z</time>
			</trkpt>
			<trkpt lat="37.9447" lon="-2.92143">
				<ele>807.61</ele>
				<time>2026-09-10T13:18:18.548Z</time>
			</trkpt>
			<trkpt lat="37.94473" lon="-2.92131">
				<ele>807.56</ele>
				<time>2026-09-10T13:18:19.330Z</time>
			</trkpt>
			<trkpt lat="37.94478" lon="-2.92122">
				<ele>807.92</ele>
				<time>2026-09-10T13:18:20.014Z</time>
			</trkpt>
			<trkpt lat="37.94485" lon="-2.92114">
				<ele>807.94</ele>
				<time>2026-09-10T13:18:20.755Z</time>
			</trkpt>
			<trkpt lat="37.9455" lon="-2.9206">
				<ele>810.64</ele>
				<time>2026-09-10T13:18:26.857Z</time>
			</trkpt>
			<trkpt lat="37.94561" lon="-2.92055">
				<ele>810.58</ele>
				<time>2026-09-10T13:18:27.773Z</time>
			</trkpt>
			<trkpt lat="37.94608" lon="-2.92053">
				<ele>808.38</ele>
				<time>2026-09-10T13:18:31.453Z</time>
			</trkpt>
			<trkpt lat="37.94621" lon="-2.92056">
				<ele>808.42</ele>
				<time>2026-09-10T13:18:32.486Z</time>
			</trkpt>
			<trkpt lat="37.9463" lon="-2.9206">
				<ele>808.25</ele>
				<time>2026-09-10T13:18:33.230Z</time>
			</trkpt>
			<trkpt lat="37.94656" lon="-2.92084">
				<ele>807.24</ele>
				<time>2026-09-10T13:18:35.740Z</time>
			</trkpt>
			<trkpt lat="37.94669" lon="-2.92091">
				<ele>807.25</ele>
				<time>2026-09-10T13:18:36.841Z</time>
			</trkpt>
			<trkpt lat="37.94682" lon="-2.92095">
				<ele>808.23</ele>
				<time>2026-09-10T13:18:37.883Z</time>
			</trkpt>
			<trkpt lat="37.94844" lon="-2.92085">
				<ele>809.06</ele>
				<time>2026-09-10T13:18:50.466Z</time>
			</trkpt>
			<trkpt lat="37.95153" lon="-2.92074">
				<ele>812.3</ele>
				<time>2026-09-10T13:19:14.194Z</time>
			</trkpt>
			<trkpt lat="37.95263" lon="-2.92068">
				<ele>810.07</ele>
				<time>2026-09-10T13:19:22.566Z</time>
			</trkpt>
			<trkpt lat="37.95276" lon="-2.92068">
				<ele>810.5</ele>
				<time>2026-09-10T13:19:23.551Z</time>
			</trkpt>
			<trkpt lat="37.9529" lon="-2.92065">
				<ele>811.14</ele>
				<time>2026-09-10T13:19:24.627Z</time>
			</trkpt>
			<trkpt lat="37.95344" lon="-2.92038">
				<ele>811.45</ele>
				<time>2026-09-10T13:19:29.019Z</time>
			</trkpt>
			<trkpt lat="37.95488" lon="-2.91957">
				<ele>803.33</ele>
				<time>2026-09-10T13:19:40.882Z</time>
			</trkpt>
			<trkpt lat="37.95557" lon="-2.91908">
				<ele>801.11</ele>
				<time>2026-09-10T13:19:46.806Z</time>
			</trkpt>
			<trkpt lat="37.9561" lon="-2.91863">
				<ele>794.94</ele>
				<time>2026-09-10T13:19:51.570Z</time>
			</trkpt>
			<trkpt lat="37.95632" lon="-2.9185">
				<ele>797.67</ele>
				<time>2026-09-10T13:19:53.379Z</time>
			</trkpt>
			<trkpt lat="37.95646" lon="-2.9185">
				<ele>799.37</ele>
				<time>2026-09-10T13:19:54.422Z</time>
			</trkpt>
			<trkpt lat="37.95656" lon="-2.91855">
				<ele>799.87</ele>
				<time>2026-09-10T13:19:55.222Z</time>
			</trkpt>
			<trkpt lat="37.95662" lon="-2.91865">
				<ele>799.07</ele>
				<time>2026-09-10T13:19:55.959Z</time>
			</trkpt>
			<trkpt lat="37.95675" lon="-2.91875">
				<ele>799.5</ele>
				<time>2026-09-10T13:19:57.090Z</time>
			</trkpt>
			<trkpt lat="37.95694" lon="-2.91876">
				<ele>801.35</ele>
				<time>2026-09-10T13:19:58.503Z</time>
			</trkpt>
			<trkpt lat="37.95717" lon="-2.91871">
				<ele>801.52</ele>
				<time>2026-09-10T13:20:00.236Z</time>
			</trkpt>
			<trkpt lat="37.9573" lon="-2.91861">
				<ele>801.7</ele>
				<time>2026-09-10T13:20:01.364Z</time>
			</trkpt>
			<trkpt lat="37.9583" lon="-2.91809">
				<ele>800.95</ele>
				<time>2026-09-10T13:20:09.361Z</time>
			</trkpt>
			<trkpt lat="37.96147" lon="-2.91652">
				<ele>806.08</ele>
				<time>2026-09-10T13:20:34.305Z</time>
			</trkpt>
			<trkpt lat="37.96161" lon="-2.91639">
				<ele>804.82</ele>
				<time>2026-09-10T13:20:35.567Z</time>
			</trkpt>
			<trkpt lat="37.96191" lon="-2.91588">
				<ele>796.64</ele>
				<time>2026-09-10T13:20:39.212Z</time>
			</trkpt>
			<trkpt lat="37.962" lon="-2.91576">
				<ele>795.62</ele>
				<time>2026-09-10T13:20:40.160Z</time>
			</trkpt>
			<trkpt lat="37.96215" lon="-2.91566">
				<ele>795.45</ele>
				<time>2026-09-10T13:20:41.388Z</time>
			</trkpt>
			<trkpt lat="37.963" lon="-2.91525">
				<ele>793.68</ele>
				<time>2026-09-10T13:20:47.968Z</time>
			</trkpt>
			<trkpt lat="37.96341" lon="-2.91508">
				<ele>791.68</ele>
				<time>2026-09-10T13:20:51.081Z</time>
			</trkpt>
			<trkpt lat="37.96351" lon="-2.91496">
				<ele>790.71</ele>
				<time>2026-09-10T13:20:52.073Z</time>
			</trkpt>
			<trkpt lat="37.96359" lon="-2.91479">
				<ele>788.85</ele>
				<time>2026-09-10T13:20:53.198Z</time>
			</trkpt>
			<trkpt lat="37.96398" lon="-2.91371">
				<ele>776.35</ele>
				<time>2026-09-10T13:20:59.929Z</time>
			</trkpt>
			<trkpt lat="37.96406" lon="-2.91358">
				<ele>774.47</ele>
				<time>2026-09-10T13:21:00.862Z</time>
			</trkpt>
			<trkpt lat="37.96429" lon="-2.91344">
				<ele>771.43</ele>
				<time>2026-09-10T13:21:02.690Z</time>
			</trkpt>
			<trkpt lat="37.96448" lon="-2.91341">
				<ele>769.66</ele>
				<time>2026-09-10T13:21:04.061Z</time>
			</trkpt>
			<trkpt lat="37.96462" lon="-2.91345">
				<ele>770.5</ele>
				<time>2026-09-10T13:21:05.088Z</time>
			</trkpt>
			<trkpt lat="37.96484" lon="-2.91367">
				<ele>776.46</ele>
				<time>2026-09-10T13:21:07.091Z</time>
			</trkpt>
			<trkpt lat="37.96496" lon="-2.91371">
				<ele>776.98</ele>
				<time>2026-09-10T13:21:07.978Z</time>
			</trkpt>
			<trkpt lat="37.96508" lon="-2.91371">
				<ele>776.85</ele>
				<time>2026-09-10T13:21:08.834Z</time>
			</trkpt>
			<trkpt lat="37.96523" lon="-2.91365">
				<ele>775.07</ele>
				<time>2026-09-10T13:21:09.957Z</time>
			</trkpt>
			<trkpt lat="37.96582" lon="-2.91331">
				<ele>773.23</ele>
				<time>2026-09-10T13:21:14.575Z</time>
			</trkpt>
			<trkpt lat="37.96609" lon="-2.91306">
				<ele>768.83</ele>
				<time>2026-09-10T13:21:16.952Z</time>
			</trkpt>
			<trkpt lat="37.96623" lon="-2.91301">
				<ele>766.4</ele>
				<time>2026-09-10T13:21:17.985Z</time>
			</trkpt>
			<trkpt lat="37.96649" lon="-2.913">
				<ele>764.86</ele>
				<time>2026-09-10T13:21:19.832Z</time>
			</trkpt>
			<trkpt lat="37.96656" lon="-2.91297">
				<ele>764.55</ele>
				<time>2026-09-10T13:21:20.356Z</time>
			</trkpt>
			<trkpt lat="37.96671" lon="-2.91284">
				<ele>763.18</ele>
				<time>2026-09-10T13:21:21.645Z</time>
			</trkpt>
			<trkpt lat="37.96703" lon="-2.91232">
				<ele>758.11</ele>
				<time>2026-09-10T13:21:25.328Z</time>
			</trkpt>
			<trkpt lat="37.96714" lon="-2.91222">
				<ele>756.15</ele>
				<time>2026-09-10T13:21:26.285Z</time>
			</trkpt>
			<trkpt lat="37.9673" lon="-2.9122">
				<ele>753.99</ele>
				<time>2026-09-10T13:21:27.421Z</time>
			</trkpt>
			<trkpt lat="37.96746" lon="-2.91222">
				<ele>751.64</ele>
				<time>2026-09-10T13:21:28.557Z</time>
			</trkpt>
			<trkpt lat="37.9677" lon="-2.91233">
				<ele>751.79</ele>
				<time>2026-09-10T13:21:30.359Z</time>
			</trkpt>
			<trkpt lat="37.96801" lon="-2.9125">
				<ele>754.99</ele>
				<time>2026-09-10T13:21:32.740Z</time>
			</trkpt>
			<trkpt lat="37.96841" lon="-2.91295">
				<ele>755.9</ele>
				<time>2026-09-10T13:21:36.504Z</time>
			</trkpt>
			<trkpt lat="37.96851" lon="-2.91303">
				<ele>754.05</ele>
				<time>2026-09-10T13:21:37.335Z</time>
			</trkpt>
			<trkpt lat="37.96864" lon="-2.91308">
				<ele>751.95</ele>
				<time>2026-09-10T13:21:38.289Z</time>
			</trkpt>
			<trkpt lat="37.96935" lon="-2.91325">
				<ele>748.58</ele>
				<time>2026-09-10T13:21:43.359Z</time>
			</trkpt>
			<trkpt lat="37.96968" lon="-2.91338">
				<ele>744.21</ele>
				<time>2026-09-10T13:21:45.778Z</time>
			</trkpt>
			<trkpt lat="37.97015" lon="-2.91369">
				<ele>736.59</ele>
				<time>2026-09-10T13:21:49.481Z</time>
			</trkpt>
			<trkpt lat="37.97032" lon="-2.91372">
				<ele>735.91</ele>
				<time>2026-09-10T13:21:50.680Z</time>
			</trkpt>
			<trkpt lat="37.97065" lon="-2.91352">
				<ele>742.46</ele>
				<time>2026-09-10T13:21:53.230Z</time>
			</trkpt>
			<trkpt lat="37.97072" lon="-2.91339">
				<ele>745.97</ele>
				<time>2026-09-10T13:21:54.095Z</time>
			</trkpt>
			<trkpt lat="37.97076" lon="-2.91322">
				<ele>749.55</ele>
				<time>2026-09-10T13:21:55.069Z</time>
			</trkpt>
			<trkpt lat="37.97067" lon="-2.91298">
				<ele>750.67</ele>
				<time>2026-09-10T13:21:56.527Z</time>
			</trkpt>
			<trkpt lat="37.97015" lon="-2.91223">
				<ele>744.84</ele>
				<time>2026-09-10T13:22:01.998Z</time>
			</trkpt>
			<trkpt lat="37.97003" lon="-2.91182">
				<ele>741.76</ele>
				<time>2026-09-10T13:22:04.388Z</time>
			</trkpt>
			<trkpt lat="37.9701" lon="-2.91152">
				<ele>742.41</ele>
				<time>2026-09-10T13:22:06.097Z</time>
			</trkpt>
			<trkpt lat="37.9704" lon="-2.91111">
				<ele>744.29</ele>
				<time>2026-09-10T13:22:09.147Z</time>
			</trkpt>
			<trkpt lat="37.97091" lon="-2.9107">
				<ele>744.56</ele>
				<time>2026-09-10T13:22:13.316Z</time>
			</trkpt>
			<trkpt lat="37.97141" lon="-2.91027">
				<ele>739.18</ele>
				<time>2026-09-10T13:22:17.478Z</time>
			</trkpt>
			<trkpt lat="37.97152" lon="-2.91022">
				<ele>740.25</ele>
				<time>2026-09-10T13:22:18.282Z</time>
			</trkpt>
			<trkpt lat="37.97219" lon="-2.91011">
				<ele>747.34</ele>
				<time>2026-09-10T13:22:22.924Z</time>
			</trkpt>
			<trkpt lat="37.9723" lon="-2.91004">
				<ele>747.44</ele>
				<time>2026-09-10T13:22:23.768Z</time>
			</trkpt>
			<trkpt lat="37.97415" lon="-2.90767">
				<ele>742.75</ele>
				<time>2026-09-10T13:22:41.723Z</time>
			</trkpt>
			<trkpt lat="37.97429" lon="-2.90728">
				<ele>740.26</ele>
				<time>2026-09-10T13:22:44.018Z</time>
			</trkpt>
			<trkpt lat="37.97436" lon="-2.90667">
				<ele>737.13</ele>
				<time>2026-09-10T13:22:47.315Z</time>
			</trkpt>
			<trkpt lat="37.97447" lon="-2.90642">
				<ele>734.84</ele>
				<time>2026-09-10T13:22:48.845Z</time>
			</trkpt>
			<trkpt lat="37.97464" lon="-2.90628">
				<ele>735.82</ele>
				<time>2026-09-10T13:22:50.217Z</time>
			</trkpt>
			<trkpt lat="37.97488" lon="-2.90622">
				<ele>738.59</ele>
				<time>2026-09-10T13:22:51.873Z</time>
			</trkpt>
			<trkpt lat="37.97644" lon="-2.90597">
				<ele>740.17</ele>
				<time>2026-09-10T13:23:02.481Z</time>
			</trkpt>
			<trkpt lat="37.97664" lon="-2.90602">
				<ele>741.24</ele>
				<time>2026-09-10T13:23:03.853Z</time>
			</trkpt>
			<trkpt lat="37.97892" lon="-2.90728">
				<ele>738.53</ele>
				<time>2026-09-10T13:23:20.511Z</time>
			</trkpt>
			<trkpt lat="37.97937" lon="-2.90743">
				<ele>738.03</ele>
				<time>2026-09-10T13:23:23.613Z</time>
			</trkpt>
			<trkpt lat="37.97961" lon="-2.90755">
				<ele>734.53</ele>
				<time>2026-09-10T13:23:25.332Z</time>
			</trkpt>
			<trkpt lat="37.98126" lon="-2.90881">
				<ele>738.16</ele>
				<time>2026-09-10T13:23:38.115Z</time>
			</trkpt>
			<trkpt lat="37.98147" lon="-2.90888">
				<ele>738.14</ele>
				<time>2026-09-10T13:23:39.552Z</time>
			</trkpt>
			<trkpt lat="37.98159" lon="-2.90889">
				<ele>737.52</ele>
				<time>2026-09-10T13:23:40.347Z</time>
			</trkpt>
			<trkpt lat="37.98182" lon="-2.90884">
				<ele>735.26</ele>
				<time>2026-09-10T13:23:41.889Z</time>
			</trkpt>
			<trkpt lat="37.9826" lon="-2.9085">
				<ele>735.86</ele>
				<time>2026-09-10T13:23:47.332Z</time>
			</trkpt>
			<trkpt lat="37.9828" lon="-2.90836">
				<ele>736.69</ele>
				<time>2026-09-10T13:23:48.837Z</time>
			</trkpt>
			<trkpt lat="37.98333" lon="-2.90786">
				<ele>735.72</ele>
				<time>2026-09-10T13:23:53.184Z</time>
			</trkpt>
			<trkpt lat="37.98367" lon="-2.90764">
				<ele>736.71</ele>
				<time>2026-09-10T13:23:55.691Z</time>
			</trkpt>
			<trkpt lat="37.98601" lon="-2.90671">
				<ele>749.53</ele>
				<time>2026-09-10T13:24:11.740Z</time>
			</trkpt>
			<trkpt lat="37.98622" lon="-2.90672">
				<ele>750.15</ele>
				<time>2026-09-10T13:24:13.110Z</time>
			</trkpt>
			<trkpt lat="37.98674" lon="-2.90706">
				<ele>750.37</ele>
				<time>2026-09-10T13:24:16.920Z</time>
			</trkpt>
			<trkpt lat="37.98701" lon="-2.90693">
				<ele>751.4</ele>
				<time>2026-09-10T13:24:18.799Z</time>
			</trkpt>
			<trkpt lat="37.98744" lon="-2.90619">
				<ele>742.35</ele>
				<time>2026-09-10T13:24:23.507Z</time>
			</trkpt>
			<trkpt lat="37.98851" lon="-2.905">
				<ele>739.43</ele>
				<time>2026-09-10T13:24:32.726Z</time>
			</trkpt>
			<trkpt lat="37.98867" lon="-2.90446">
				<ele>727.92</ele>
				<time>2026-09-10T13:24:35.665Z</time>
			</trkpt>
			<trkpt lat="37.98877" lon="-2.90393">
				<ele>728.63</ele>
				<time>2026-09-10T13:24:38.438Z</time>
			</trkpt>
			<trkpt lat="37.98941" lon="-2.90359">
				<ele>731.24</ele>
				<time>2026-09-10T13:24:42.911Z</time>
			</trkpt>
			<trkpt lat="37.99001" lon="-2.90302">
				<ele>723.41</ele>
				<time>2026-09-10T13:24:47.734Z</time>
			</trkpt>
			<trkpt lat="37.99024" lon="-2.90277">
				<ele>723.68</ele>
				<time>2026-09-10T13:24:49.681Z</time>
			</trkpt>
			<trkpt lat="37.99042" lon="-2.90242">
				<ele>721.56</ele>
				<time>2026-09-10T13:24:51.796Z</time>
			</trkpt>
			<trkpt lat="37.99069" lon="-2.90204">
				<ele>720.52</ele>
				<time>2026-09-10T13:24:54.384Z</time>
			</trkpt>
			<trkpt lat="37.9909" lon="-2.90164">
				<ele>717.57</ele>
				<time>2026-09-10T13:24:56.812Z</time>
			</trkpt>
			<trkpt lat="37.99107" lon="-2.90111">
				<ele>720.17</ele>
				<time>2026-09-10T13:24:59.700Z</time>
			</trkpt>
			<trkpt lat="37.99115" lon="-2.90009">
				<ele>709.83</ele>
				<time>2026-09-10T13:25:04.866Z</time>
			</trkpt>
			<trkpt lat="37.99138" lon="-2.89994">
				<ele>711.62</ele>
				<time>2026-09-10T13:25:06.518Z</time>
			</trkpt>
			<trkpt lat="37.99218" lon="-2.89963">
				<ele>716.24</ele>
				<time>2026-09-10T13:25:11.854Z</time>
			</trkpt>
			<trkpt lat="37.99231" lon="-2.89953">
				<ele>715.55</ele>
				<time>2026-09-10T13:25:12.823Z</time>
			</trkpt>
			<trkpt lat="37.99286" lon="-2.89871">
				<ele>716.45</ele>
				<time>2026-09-10T13:25:18.224Z</time>
			</trkpt>
			<trkpt lat="37.99359" lon="-2.89855">
				<ele>720.42</ele>
				<time>2026-09-10T13:25:22.932Z</time>
			</trkpt>
			<trkpt lat="37.99375" lon="-2.89846">
				<ele>722.02</ele>
				<time>2026-09-10T13:25:24.043Z</time>
			</trkpt>
			<trkpt lat="37.99426" lon="-2.89804">
				<ele>717.41</ele>
				<time>2026-09-10T13:25:27.899Z</time>
			</trkpt>
			<trkpt lat="37.9944" lon="-2.89801">
				<ele>717.26</ele>
				<time>2026-09-10T13:25:28.799Z</time>
			</trkpt>
			<trkpt lat="37.99459" lon="-2.89801">
				<ele>718.58</ele>
				<time>2026-09-10T13:25:30.002Z</time>
			</trkpt>
			<trkpt lat="37.99473" lon="-2.89799">
				<ele>718.55</ele>
				<time>2026-09-10T13:25:30.895Z</time>
			</trkpt>
			<trkpt lat="37.99482" lon="-2.89793">
				<ele>719.89</ele>
				<time>2026-09-10T13:25:31.538Z</time>
			</trkpt>
			<trkpt lat="37.99494" lon="-2.89781">
				<ele>721.89</ele>
				<time>2026-09-10T13:25:32.506Z</time>
			</trkpt>
			<trkpt lat="37.99537" lon="-2.89616">
				<ele>712.89</ele>
				<time>2026-09-10T13:25:41.162Z</time>
			</trkpt>
			<trkpt lat="37.99585" lon="-2.8951">
				<ele>714.46</ele>
				<time>2026-09-10T13:25:47.237Z</time>
			</trkpt>
			<trkpt lat="37.99614" lon="-2.89479">
				<ele>720.89</ele>
				<time>2026-09-10T13:25:49.625Z</time>
			</trkpt>
			<trkpt lat="37.99626" lon="-2.89446">
				<ele>717.59</ele>
				<time>2026-09-10T13:25:51.428Z</time>
			</trkpt>
			<trkpt lat="37.99645" lon="-2.8942">
				<ele>717.3</ele>
				<time>2026-09-10T13:25:53.185Z</time>
			</trkpt>
			<trkpt lat="37.99717" lon="-2.89382">
				<ele>721.75</ele>
				<time>2026-09-10T13:25:58.086Z</time>
			</trkpt>
			<trkpt lat="37.998" lon="-2.89134">
				<ele>725.41</ele>
				<time>2026-09-10T13:26:11.394Z</time>
			</trkpt>
			<trkpt lat="37.9981" lon="-2.8911">
				<ele>727.92</ele>
				<time>2026-09-10T13:26:12.732Z</time>
			</trkpt>
			<trkpt lat="37.9983" lon="-2.89093">
				<ele>730.23</ele>
				<time>2026-09-10T13:26:14.238Z</time>
			</trkpt>
			<trkpt lat="37.99868" lon="-2.89069">
				<ele>728.98</ele>
				<time>2026-09-10T13:26:16.890Z</time>
			</trkpt>
			<trkpt lat="37.99883" lon="-2.89053">
				<ele>728.3</ele>
				<time>2026-09-10T13:26:18.114Z</time>
			</trkpt>
			<trkpt lat="37.99913" lon="-2.88997">
				<ele>722.18</ele>
				<time>2026-09-10T13:26:21.445Z</time>
			</trkpt>
			<trkpt lat="37.99923" lon="-2.88989">
				<ele>722.55</ele>
				<time>2026-09-10T13:26:22.183Z</time>
			</trkpt>
			<trkpt lat="37.99952" lon="-2.88972">
				<ele>727.64</ele>
				<time>2026-09-10T13:26:24.175Z</time>
			</trkpt>
			<trkpt lat="37.99961" lon="-2.88964">
				<ele>728.9</ele>
				<time>2026-09-10T13:26:24.860Z</time>
			</trkpt>
			<trkpt lat="37.99998" lon="-2.88881">
				<ele>729.99</ele>
				<time>2026-09-10T13:26:29.543Z</time>
			</trkpt>
			<trkpt lat="38.00012" lon="-2.88842">
				<ele>728.02</ele>
				<time>2026-09-10T13:26:31.645Z</time>
			</trkpt>
			<trkpt lat="38.00025" lon="-2.88796">
				<ele>728.38</ele>
				<time>2026-09-10T13:26:34.041Z</time>
			</trkpt>
			<trkpt lat="38.00094" lon="-2.88705">
				<ele>734.76</ele>
				<time>2026-09-10T13:26:40.227Z</time>
			</trkpt>
			<trkpt lat="38.00106" lon="-2.88693">
				<ele>734.11</ele>
				<time>2026-09-10T13:26:41.176Z</time>
			</trkpt>
			<trkpt lat="38.00117" lon="-2.88685">
				<ele>733.61</ele>
				<time>2026-09-10T13:26:41.963Z</time>
			</trkpt>
			<trkpt lat="38.00126" lon="-2.88681">
				<ele>733.39</ele>
				<time>2026-09-10T13:26:42.555Z</time>
			</trkpt>
			<trkpt lat="38.00184" lon="-2.88667">
				<ele>734.61</ele>
				<time>2026-09-10T13:26:46.219Z</time>
			</trkpt>
			<trkpt lat="38.00204" lon="-2.88667">
				<ele>735.27</ele>
				<time>2026-09-10T13:26:47.460Z</time>
			</trkpt>
			<trkpt lat="38.00235" lon="-2.88676">
				<ele>737.22</ele>
				<time>2026-09-10T13:26:49.431Z</time>
			</trkpt>
			<trkpt lat="38.00245" lon="-2.88674">
				<ele>736.13</ele>
				<time>2026-09-10T13:26:50.059Z</time>
			</trkpt>
			<trkpt lat="38.00284" lon="-2.88661">
				<ele>732.48</ele>
				<time>2026-09-10T13:26:52.557Z</time>
			</trkpt>
			<trkpt lat="38.00371" lon="-2.88618">
				<ele>739.24</ele>
				<time>2026-09-10T13:26:58.338Z</time>
			</trkpt>
			<trkpt lat="38.0038" lon="-2.88598">
				<ele>739.5</ele>
				<time>2026-09-10T13:26:59.461Z</time>
			</trkpt>
			<trkpt lat="38.00375" lon="-2.88567">
				<ele>740.25</ele>
				<time>2026-09-10T13:27:01.003Z</time>
			</trkpt>
			<trkpt lat="38.0031" lon="-2.88535">
				<ele>738.55</ele>
				<time>2026-09-10T13:27:05.313Z</time>
			</trkpt>
			<trkpt lat="38.00293" lon="-2.88499">
				<ele>735.3</ele>
				<time>2026-09-10T13:27:07.356Z</time>
			</trkpt>
			<trkpt lat="38.0029" lon="-2.88458">
				<ele>737.54</ele>
				<time>2026-09-10T13:27:09.359Z</time>
			</trkpt>
			<trkpt lat="38.00261" lon="-2.88383">
				<ele>736.24</ele>
				<time>2026-09-10T13:27:13.423Z</time>
			</trkpt>
			<trkpt lat="38.0028" lon="-2.88314">
				<ele>736.78</ele>
				<time>2026-09-10T13:27:16.975Z</time>
			</trkpt>
			<trkpt lat="38.00287" lon="-2.88282">
				<ele>737.73</ele>
				<time>2026-09-10T13:27:18.588Z</time>
			</trkpt>
			<trkpt lat="38.00306" lon="-2.88248">
				<ele>740.95</ele>
				<time>2026-09-10T13:27:20.613Z</time>
			</trkpt>
			<trkpt lat="38.00476" lon="-2.88033">
				<ele>736.73</ele>
				<time>2026-09-10T13:27:35.385Z</time>
			</trkpt>
			<trkpt lat="38.00512" lon="-2.8801">
				<ele>734.43</ele>
				<time>2026-09-10T13:27:37.862Z</time>
			</trkpt>
			<trkpt lat="38.00541" lon="-2.88031">
				<ele>733.08</ele>
				<time>2026-09-10T13:27:39.914Z</time>
			</trkpt>
			<trkpt lat="38.00589" lon="-2.88117">
				<ele>728.65</ele>
				<time>2026-09-10T13:27:45.015Z</time>
			</trkpt>
			<trkpt lat="38.00623" lon="-2.88119">
				<ele>732.23</ele>
				<time>2026-09-10T13:27:47.105Z</time>
			</trkpt>
			<trkpt lat="38.00644" lon="-2.88089">
				<ele>732.19</ele>
				<time>2026-09-10T13:27:49.045Z</time>
			</trkpt>
			<trkpt lat="38.00702" lon="-2.87989">
				<ele>724.37</ele>
				<time>2026-09-10T13:27:55.048Z</time>
			</trkpt>
			<trkpt lat="38.00754" lon="-2.8794">
				<ele>716.49</ele>
				<time>2026-09-10T13:27:59.019Z</time>
			</trkpt>
			<trkpt lat="38.0077" lon="-2.87913">
				<ele>714.08</ele>
				<time>2026-09-10T13:28:00.651Z</time>
			</trkpt>
			<trkpt lat="38.00786" lon="-2.8783">
				<ele>708.18</ele>
				<time>2026-09-10T13:28:04.777Z</time>
			</trkpt>
			<trkpt lat="38.00808" lon="-2.87789">
				<ele>705.82</ele>
				<time>2026-09-10T13:28:07.171Z</time>
			</trkpt>
			<trkpt lat="38.00862" lon="-2.8773">
				<ele>702.39</ele>
				<time>2026-09-10T13:28:11.535Z</time>
			</trkpt>
			<trkpt lat="38.00945" lon="-2.87623">
				<ele>698.37</ele>
				<time>2026-09-10T13:28:18.777Z</time>
			</trkpt>
			<trkpt lat="38.0101" lon="-2.87595">
				<ele>694.97</ele>
				<time>2026-09-10T13:28:22.977Z</time>
			</trkpt>
			<trkpt lat="38.01061" lon="-2.87557">
				<ele>694.19</ele>
				<time>2026-09-10T13:28:26.595Z</time>
			</trkpt>
			<trkpt lat="38.01104" lon="-2.87509">
				<ele>699.45</ele>
				<time>2026-09-10T13:28:30.097Z</time>
			</trkpt>
			<trkpt lat="38.01121" lon="-2.87461">
				<ele>696.36</ele>
				<time>2026-09-10T13:28:32.633Z</time>
			</trkpt>
			<trkpt lat="38.01151" lon="-2.87419">
				<ele>695.25</ele>
				<time>2026-09-10T13:28:35.364Z</time>
			</trkpt>
			<trkpt lat="38.01287" lon="-2.87311">
				<ele>700.9</ele>
				<time>2026-09-10T13:28:45.171Z</time>
			</trkpt>
			<trkpt lat="38.01389" lon="-2.87275">
				<ele>698.37</ele>
				<time>2026-09-10T13:28:51.641Z</time>
			</trkpt>
			<trkpt lat="38.01403" lon="-2.87262">
				<ele>697.29</ele>
				<time>2026-09-10T13:28:52.701Z</time>
			</trkpt>
			<trkpt lat="38.01411" lon="-2.87253">
				<ele>696.72</ele>
				<time>2026-09-10T13:28:53.354Z</time>
			</trkpt>
			<trkpt lat="38.01432" lon="-2.87216">
				<ele>691.1</ele>
				<time>2026-09-10T13:28:55.549Z</time>
			</trkpt>
			<trkpt lat="38.01442" lon="-2.87204">
				<ele>688.87</ele>
				<time>2026-09-10T13:28:56.390Z</time>
			</trkpt>
			<trkpt lat="38.01449" lon="-2.87199">
				<ele>688.25</ele>
				<time>2026-09-10T13:28:56.881Z</time>
			</trkpt>
			<trkpt lat="38.01462" lon="-2.87198">
				<ele>688.75</ele>
				<time>2026-09-10T13:28:57.677Z</time>
			</trkpt>
			<trkpt lat="38.01471" lon="-2.87199">
				<ele>689.5</ele>
				<time>2026-09-10T13:28:58.229Z</time>
			</trkpt>
			<trkpt lat="38.01482" lon="-2.87205">
				<ele>689.9</ele>
				<time>2026-09-10T13:28:58.961Z</time>
			</trkpt>
			<trkpt lat="38.01491" lon="-2.87212">
				<ele>690.31</ele>
				<time>2026-09-10T13:28:59.606Z</time>
			</trkpt>
			<trkpt lat="38.01501" lon="-2.87224">
				<ele>690.93</ele>
				<time>2026-09-10T13:29:00.447Z</time>
			</trkpt>
			<trkpt lat="38.01526" lon="-2.87263">
				<ele>694.9</ele>
				<time>2026-09-10T13:29:02.867Z</time>
			</trkpt>
			<trkpt lat="38.01533" lon="-2.87269">
				<ele>695.71</ele>
				<time>2026-09-10T13:29:03.383Z</time>
			</trkpt>
			<trkpt lat="38.01549" lon="-2.87274">
				<ele>695.6</ele>
				<time>2026-09-10T13:29:04.390Z</time>
			</trkpt>
			<trkpt lat="38.01575" lon="-2.87277">
				<ele>695.84</ele>
				<time>2026-09-10T13:29:05.986Z</time>
			</trkpt>
			<trkpt lat="38.0159" lon="-2.87276">
				<ele>696.13</ele>
				<time>2026-09-10T13:29:06.903Z</time>
			</trkpt>
			<trkpt lat="38.01644" lon="-2.87256">
				<ele>697.99</ele>
				<time>2026-09-10T13:29:10.341Z</time>
			</trkpt>
			<trkpt lat="38.01667" lon="-2.87251">
				<ele>697.88</ele>
				<time>2026-09-10T13:29:11.767Z</time>
			</trkpt>
			<trkpt lat="38.01678" lon="-2.87251">
				<ele>696.29</ele>
				<time>2026-09-10T13:29:12.439Z</time>
			</trkpt>
			<trkpt lat="38.01719" lon="-2.87254">
				<ele>688.85</ele>
				<time>2026-09-10T13:29:14.949Z</time>
			</trkpt>
			<trkpt lat="38.01729" lon="-2.87256">
				<ele>688.48</ele>
				<time>2026-09-10T13:29:15.568Z</time>
			</trkpt>
			<trkpt lat="38.01778" lon="-2.87278">
				<ele>689.83</ele>
				<time>2026-09-10T13:29:18.744Z</time>
			</trkpt>
			<trkpt lat="38.01792" lon="-2.87279">
				<ele>688.5</ele>
				<time>2026-09-10T13:29:19.601Z</time>
			</trkpt>
			<trkpt lat="38.01802" lon="-2.87277">
				<ele>687.09</ele>
				<time>2026-09-10T13:29:20.220Z</time>
			</trkpt>
			<trkpt lat="38.01811" lon="-2.87272">
				<ele>686.67</ele>
				<time>2026-09-10T13:29:20.821Z</time>
			</trkpt>
			<trkpt lat="38.01872" lon="-2.87238">
				<ele>683.04</ele>
				<time>2026-09-10T13:29:24.893Z</time>
			</trkpt>
			<trkpt lat="38.01892" lon="-2.87227">
				<ele>683.85</ele>
				<time>2026-09-10T13:29:26.226Z</time>
			</trkpt>
			<trkpt lat="38.01949" lon="-2.8721">
				<ele>685.55</ele>
				<time>2026-09-10T13:29:29.806Z</time>
			</trkpt>
			<trkpt lat="38.01962" lon="-2.87203">
				<ele>684.74</ele>
				<time>2026-09-10T13:29:30.669Z</time>
			</trkpt>
			<trkpt lat="38.01974" lon="-2.87193">
				<ele>682.98</ele>
				<time>2026-09-10T13:29:31.547Z</time>
			</trkpt>
			<trkpt lat="38.02014" lon="-2.87146">
				<ele>678.61</ele>
				<time>2026-09-10T13:29:34.881Z</time>
			</trkpt>
			<trkpt lat="38.02034" lon="-2.87126">
				<ele>676.97</ele>
				<time>2026-09-10T13:29:36.438Z</time>
			</trkpt>
			<trkpt lat="38.02067" lon="-2.87098">
				<ele>672.47</ele>
				<time>2026-09-10T13:29:38.866Z</time>
			</trkpt>
			<trkpt lat="38.02085" lon="-2.87088">
				<ele>671.96</ele>
				<time>2026-09-10T13:29:40.069Z</time>
			</trkpt>
			<trkpt lat="38.02111" lon="-2.87083">
				<ele>673.71</ele>
				<time>2026-09-10T13:29:41.678Z</time>
			</trkpt>
			<trkpt lat="38.02125" lon="-2.87084">
				<ele>673.41</ele>
				<time>2026-09-10T13:29:42.536Z</time>
			</trkpt>
			<trkpt lat="38.02195" lon="-2.87094">
				<ele>674.34</ele>
				<time>2026-09-10T13:29:46.847Z</time>
			</trkpt>
			<trkpt lat="38.02217" lon="-2.87093">
				<ele>675.14</ele>
				<time>2026-09-10T13:29:48.195Z</time>
			</trkpt>
			<trkpt lat="38.02363" lon="-2.87054">
				<ele>673.82</ele>
				<time>2026-09-10T13:29:57.332Z</time>
			</trkpt>
			<trkpt lat="38.02384" lon="-2.87037">
				<ele>673.64</ele>
				<time>2026-09-10T13:29:58.858Z</time>
			</trkpt>
			<trkpt lat="38.02428" lon="-2.86991">
				<ele>671.91</ele>
				<time>2026-09-10T13:30:02.351Z</time>
			</trkpt>
			<trkpt lat="38.02438" lon="-2.86978">
				<ele>671.62</ele>
				<time>2026-09-10T13:30:03.229Z</time>
			</trkpt>
			<trkpt lat="38.02448" lon="-2.86961">
				<ele>671.96</ele>
				<time>2026-09-10T13:30:04.253Z</time>
			</trkpt>
			<trkpt lat="38.02475" lon="-2.86903">
				<ele>667.91</ele>
				<time>2026-09-10T13:30:07.508Z</time>
			</trkpt>
			<trkpt lat="38.02481" lon="-2.86883">
				<ele>666.17</ele>
				<time>2026-09-10T13:30:08.542Z</time>
			</trkpt>
			<trkpt lat="38.02508" lon="-2.86789">
				<ele>663.61</ele>
				<time>2026-09-10T13:30:13.378Z</time>
			</trkpt>
			<trkpt lat="38.02533" lon="-2.86726">
				<ele>662.56</ele>
				<time>2026-09-10T13:30:16.789Z</time>
			</trkpt>
			<trkpt lat="38.0256" lon="-2.86673">
				<ele>661.98</ele>
				<time>2026-09-10T13:30:19.842Z</time>
			</trkpt>
			<trkpt lat="38.02572" lon="-2.86653">
				<ele>661.83</ele>
				<time>2026-09-10T13:30:21.059Z</time>
			</trkpt>
			<trkpt lat="38.02633" lon="-2.86577">
				<ele>659.79</ele>
				<time>2026-09-10T13:30:26.311Z</time>
			</trkpt>
			<trkpt lat="38.02645" lon="-2.86564">
				<ele>660.07</ele>
				<time>2026-09-10T13:30:27.281Z</time>
			</trkpt>
			<trkpt lat="38.02651" lon="-2.86561">
				<ele>660.07</ele>
				<time>2026-09-10T13:30:27.678Z</time>
			</trkpt>
			<trkpt lat="38.02675" lon="-2.86559">
				<ele>659.52</ele>
				<time>2026-09-10T13:30:29.157Z</time>
			</trkpt>
			<trkpt lat="38.02896" lon="-2.86612">
				<ele>660.58</ele>
				<time>2026-09-10T13:30:43.004Z</time>
			</trkpt>
			<trkpt lat="38.02915" lon="-2.86614">
				<ele>662.4</ele>
				<time>2026-09-10T13:30:44.179Z</time>
			</trkpt>
			<trkpt lat="38.02932" lon="-2.86609">
				<ele>665.17</ele>
				<time>2026-09-10T13:30:45.255Z</time>
			</trkpt>
			<trkpt lat="38.02973" lon="-2.86575">
				<ele>666</ele>
				<time>2026-09-10T13:30:48.276Z</time>
			</trkpt>
			<trkpt lat="38.02996" lon="-2.8657">
				<ele>664.58</ele>
				<time>2026-09-10T13:30:49.715Z</time>
			</trkpt>
			<trkpt lat="38.03015" lon="-2.86571">
				<ele>663.49</ele>
				<time>2026-09-10T13:30:50.889Z</time>
			</trkpt>
			<trkpt lat="38.03085" lon="-2.86587">
				<ele>658.2</ele>
				<time>2026-09-10T13:30:55.281Z</time>
			</trkpt>
			<trkpt lat="38.03131" lon="-2.8658">
				<ele>659.86</ele>
				<time>2026-09-10T13:30:58.143Z</time>
			</trkpt>
			<trkpt lat="38.03163" lon="-2.8658">
				<ele>662.66</ele>
				<time>2026-09-10T13:31:00.121Z</time>
			</trkpt>
			<trkpt lat="38.03207" lon="-2.86574">
				<ele>664.59</ele>
				<time>2026-09-10T13:31:02.858Z</time>
			</trkpt>
			<trkpt lat="38.03224" lon="-2.86574">
				<ele>664.9</ele>
				<time>2026-09-10T13:31:03.910Z</time>
			</trkpt>
			<trkpt lat="38.03357" lon="-2.86601">
				<ele>675.62</ele>
				<time>2026-09-10T13:31:12.251Z</time>
			</trkpt>
			<trkpt lat="38.03376" lon="-2.866">
				<ele>675.15</ele>
				<time>2026-09-10T13:31:13.430Z</time>
			</trkpt>
			<trkpt lat="38.03421" lon="-2.86591">
				<ele>674.44</ele>
				<time>2026-09-10T13:31:16.255Z</time>
			</trkpt>
			<trkpt lat="38.03459" lon="-2.86586">
				<ele>674.54</ele>
				<time>2026-09-10T13:31:18.626Z</time>
			</trkpt>
			<trkpt lat="38.03517" lon="-2.86585">
				<ele>680.42</ele>
				<time>2026-09-10T13:31:22.227Z</time>
			</trkpt>
			<trkpt lat="38.03591" lon="-2.86594">
				<ele>687.65</ele>
				<time>2026-09-10T13:31:26.848Z</time>
			</trkpt>
			<trkpt lat="38.03605" lon="-2.86591">
				<ele>690.1</ele>
				<time>2026-09-10T13:31:27.731Z</time>
			</trkpt>
			<trkpt lat="38.03613" lon="-2.86586">
				<ele>691.44</ele>
				<time>2026-09-10T13:31:28.285Z</time>
			</trkpt>
			<trkpt lat="38.03642" lon="-2.86559">
				<ele>695</ele>
				<time>2026-09-10T13:31:30.523Z</time>
			</trkpt>
			<trkpt lat="38.03704" lon="-2.86497">
				<ele>697.78</ele>
				<time>2026-09-10T13:31:35.438Z</time>
			</trkpt>
			<trkpt lat="38.03711" lon="-2.86487">
				<ele>698.08</ele>
				<time>2026-09-10T13:31:36.094Z</time>
			</trkpt>
			<trkpt lat="38.03741" lon="-2.86429">
				<ele>690.76</ele>
				<time>2026-09-10T13:31:39.502Z</time>
			</trkpt>
			<trkpt lat="38.03767" lon="-2.86383">
				<ele>684.4</ele>
				<time>2026-09-10T13:31:42.285Z</time>
			</trkpt>
			<trkpt lat="38.0378" lon="-2.86363">
				<ele>684.93</ele>
				<time>2026-09-10T13:31:43.560Z</time>
			</trkpt>
			<trkpt lat="38.03787" lon="-2.86355">
				<ele>685.85</ele>
				<time>2026-09-10T13:31:44.148Z</time>
			</trkpt>
			<trkpt lat="38.03843" lon="-2.86311">
				<ele>690.54</ele>
				<time>2026-09-10T13:31:48.263Z</time>
			</trkpt>
			<trkpt lat="38.03891" lon="-2.86263">
				<ele>688.55</ele>
				<time>2026-09-10T13:31:52.085Z</time>
			</trkpt>
			<trkpt lat="38.03929" lon="-2.86232">
				<ele>685.86</ele>
				<time>2026-09-10T13:31:54.913Z</time>
			</trkpt>
			<trkpt lat="38.0396" lon="-2.86211">
				<ele>684.23</ele>
				<time>2026-09-10T13:31:57.114Z</time>
			</trkpt>
			<trkpt lat="38.04002" lon="-2.86192">
				<ele>686.56</ele>
				<time>2026-09-10T13:31:59.910Z</time>
			</trkpt>
			<trkpt lat="38.0403" lon="-2.86175">
				<ele>683.41</ele>
				<time>2026-09-10T13:32:01.857Z</time>
			</trkpt>
			<trkpt lat="38.04053" lon="-2.86153">
				<ele>679.11</ele>
				<time>2026-09-10T13:32:03.664Z</time>
			</trkpt>
			<trkpt lat="38.04066" lon="-2.86137">
				<ele>676.99</ele>
				<time>2026-09-10T13:32:04.801Z</time>
			</trkpt>
			<trkpt lat="38.04084" lon="-2.86105">
				<ele>672.72</ele>
				<time>2026-09-10T13:32:06.747Z</time>
			</trkpt>
			<trkpt lat="38.04089" lon="-2.861">
				<ele>672.19</ele>
				<time>2026-09-10T13:32:07.147Z</time>
			</trkpt>
			<trkpt lat="38.04127" lon="-2.86076">
				<ele>671.35</ele>
				<time>2026-09-10T13:32:09.816Z</time>
			</trkpt>
			<trkpt lat="38.04136" lon="-2.86064">
				<ele>670.44</ele>
				<time>2026-09-10T13:32:10.637Z</time>
			</trkpt>
			<trkpt lat="38.04148" lon="-2.8604">
				<ele>667.71</ele>
				<time>2026-09-10T13:32:12.046Z</time>
			</trkpt>
			<trkpt lat="38.0416" lon="-2.86021">
				<ele>665.59</ele>
				<time>2026-09-10T13:32:13.253Z</time>
			</trkpt>
			<trkpt lat="38.04206" lon="-2.85978">
				<ele>661.47</ele>
				<time>2026-09-10T13:32:16.852Z</time>
			</trkpt>
			<trkpt lat="38.04235" lon="-2.85958">
				<ele>658.86</ele>
				<time>2026-09-10T13:32:18.933Z</time>
			</trkpt>
			<trkpt lat="38.04243" lon="-2.85955">
				<ele>658.7</ele>
				<time>2026-09-10T13:32:19.459Z</time>
			</trkpt>
			<trkpt lat="38.04287" lon="-2.85954">
				<ele>662.31</ele>
				<time>2026-09-10T13:32:22.236Z</time>
			</trkpt>
			<trkpt lat="38.04303" lon="-2.85946">
				<ele>664.79</ele>
				<time>2026-09-10T13:32:23.322Z</time>
			</trkpt>
			<trkpt lat="38.04312" lon="-2.85935">
				<ele>664.55</ele>
				<time>2026-09-10T13:32:24.111Z</time>
			</trkpt>
			<trkpt lat="38.04319" lon="-2.85914">
				<ele>662.77</ele>
				<time>2026-09-10T13:32:25.246Z</time>
			</trkpt>
			<trkpt lat="38.0434" lon="-2.85822">
				<ele>660.61</ele>
				<time>2026-09-10T13:32:30.017Z</time>
			</trkpt>
			<trkpt lat="38.04366" lon="-2.85773">
				<ele>660.97</ele>
				<time>2026-09-10T13:32:32.964Z</time>
			</trkpt>
			<trkpt lat="38.04375" lon="-2.8575">
				<ele>661.12</ele>
				<time>2026-09-10T13:32:34.246Z</time>
			</trkpt>
			<trkpt lat="38.04385" lon="-2.85689">
				<ele>659.43</ele>
				<time>2026-09-10T13:32:37.358Z</time>
			</trkpt>
			<trkpt lat="38.0439" lon="-2.85675">
				<ele>658.52</ele>
				<time>2026-09-10T13:32:38.126Z</time>
			</trkpt>
			<trkpt lat="38.04434" lon="-2.8558">
				<ele>666.5</ele>
				<time>2026-09-10T13:32:43.640Z</time>
			</trkpt>
			<trkpt lat="38.04446" lon="-2.85563">
				<ele>667.56</ele>
				<time>2026-09-10T13:32:44.783Z</time>
			</trkpt>
			<trkpt lat="38.0448" lon="-2.85528">
				<ele>664.25</ele>
				<time>2026-09-10T13:32:47.569Z</time>
			</trkpt>
			<trkpt lat="38.04502" lon="-2.85497">
				<ele>663.4</ele>
				<time>2026-09-10T13:32:49.662Z</time>
			</trkpt>
			<trkpt lat="38.04525" lon="-2.85471">
				<ele>667.43</ele>
				<time>2026-09-10T13:32:51.625Z</time>
			</trkpt>
			<trkpt lat="38.04625" lon="-2.85388">
				<ele>662.83</ele>
				<time>2026-09-10T13:32:59.252Z</time>
			</trkpt>
			<trkpt lat="38.04671" lon="-2.85366">
				<ele>665.89</ele>
				<time>2026-09-10T13:33:02.397Z</time>
			</trkpt>
			<trkpt lat="38.04684" lon="-2.85356">
				<ele>666.9</ele>
				<time>2026-09-10T13:33:03.370Z</time>
			</trkpt>
			<trkpt lat="38.04699" lon="-2.85341">
				<ele>666.98</ele>
				<time>2026-09-10T13:33:04.592Z</time>
			</trkpt>
			<trkpt lat="38.04767" lon="-2.85271">
				<ele>667.06</ele>
				<time>2026-09-10T13:33:10.205Z</time>
			</trkpt>
			<trkpt lat="38.04793" lon="-2.85226">
				<ele>663.92</ele>
				<time>2026-09-10T13:33:13.023Z</time>
			</trkpt>
			<trkpt lat="38.04826" lon="-2.85185">
				<ele>666.73</ele>
				<time>2026-09-10T13:33:15.980Z</time>
			</trkpt>
			<trkpt lat="38.04836" lon="-2.85168">
				<ele>665.41</ele>
				<time>2026-09-10T13:33:17.050Z</time>
			</trkpt>
			<trkpt lat="38.04843" lon="-2.85154">
				<ele>665.65</ele>
				<time>2026-09-10T13:33:17.885Z</time>
			</trkpt>
			<trkpt lat="38.04856" lon="-2.85109">
				<ele>663.58</ele>
				<time>2026-09-10T13:33:20.300Z</time>
			</trkpt>
			<trkpt lat="38.04873" lon="-2.85065">
				<ele>662.52</ele>
				<time>2026-09-10T13:33:22.767Z</time>
			</trkpt>
			<trkpt lat="38.04923" lon="-2.84984">
				<ele>660.25</ele>
				<time>2026-09-10T13:33:27.942Z</time>
			</trkpt>
			<trkpt lat="38.04942" lon="-2.84959">
				<ele>659.96</ele>
				<time>2026-09-10T13:33:29.687Z</time>
			</trkpt>
			<trkpt lat="38.04951" lon="-2.84941">
				<ele>661.56</ele>
				<time>2026-09-10T13:33:30.757Z</time>
			</trkpt>
			<trkpt lat="38.04955" lon="-2.84928">
				<ele>662.85</ele>
				<time>2026-09-10T13:33:31.458Z</time>
			</trkpt>
			<trkpt lat="38.04961" lon="-2.84891">
				<ele>663.98</ele>
				<time>2026-09-10T13:33:33.353Z</time>
			</trkpt>
			<trkpt lat="38.0498" lon="-2.84838">
				<ele>664.41</ele>
				<time>2026-09-10T13:33:36.273Z</time>
			</trkpt>
			<trkpt lat="38.04983" lon="-2.84817">
				<ele>662.72</ele>
				<time>2026-09-10T13:33:37.342Z</time>
			</trkpt>
			<trkpt lat="38.04984" lon="-2.84788">
				<ele>661.42</ele>
				<time>2026-09-10T13:33:38.796Z</time>
			</trkpt>
			<trkpt lat="38.04986" lon="-2.84777">
				<ele>662.08</ele>
				<time>2026-09-10T13:33:39.362Z</time>
			</trkpt>
			<trkpt lat="38.04992" lon="-2.84765">
				<ele>662.97</ele>
				<time>2026-09-10T13:33:40.073Z</time>
			</trkpt>
			<trkpt lat="38.05016" lon="-2.84723">
				<ele>662.16</ele>
				<time>2026-09-10T13:33:42.670Z</time>
			</trkpt>
			<trkpt lat="38.05042" lon="-2.84662">
				<ele>658.93</ele>
				<time>2026-09-10T13:33:46.138Z</time>
			</trkpt>
			<trkpt lat="38.05058" lon="-2.84619">
				<ele>655.97</ele>
				<time>2026-09-10T13:33:48.514Z</time>
			</trkpt>
			<trkpt lat="38.05068" lon="-2.84603">
				<ele>656.98</ele>
				<time>2026-09-10T13:33:49.534Z</time>
			</trkpt>
			<trkpt lat="38.05102" lon="-2.84554">
				<ele>659.94</ele>
				<time>2026-09-10T13:33:52.793Z</time>
			</trkpt>
			<trkpt lat="38.05157" lon="-2.84471">
				<ele>659.66</ele>
				<time>2026-09-10T13:33:58.199Z</time>
			</trkpt>
			<trkpt lat="38.05171" lon="-2.84454">
				<ele>661.01</ele>
				<time>2026-09-10T13:33:59.423Z</time>
			</trkpt>
			<trkpt lat="38.05187" lon="-2.8444">
				<ele>662.83</ele>
				<time>2026-09-10T13:34:00.652Z</time>
			</trkpt>
			<trkpt lat="38.05401" lon="-2.84268">
				<ele>665.66</ele>
				<time>2026-09-10T13:34:16.619Z</time>
			</trkpt>
			<trkpt lat="38.05486" lon="-2.84154">
				<ele>666.06</ele>
				<time>2026-09-10T13:34:24.386Z</time>
			</trkpt>
			<trkpt lat="38.05582" lon="-2.84048">
				<ele>670.21</ele>
				<time>2026-09-10T13:34:32.361Z</time>
			</trkpt>
			<trkpt lat="38.0559" lon="-2.8401">
				<ele>665.09</ele>
				<time>2026-09-10T13:34:34.300Z</time>
			</trkpt>
			<trkpt lat="38.05594" lon="-2.83874">
				<ele>657.63</ele>
				<time>2026-09-10T13:34:41.001Z</time>
			</trkpt>
			<trkpt lat="38.05628" lon="-2.83766">
				<ele>660.55</ele>
				<time>2026-09-10T13:34:46.717Z</time>
			</trkpt>
			<trkpt lat="38.05685" lon="-2.83692">
				<ele>667.6</ele>
				<time>2026-09-10T13:34:51.797Z</time>
			</trkpt>
			<trkpt lat="38.05719" lon="-2.83623">
				<ele>661.9</ele>
				<time>2026-09-10T13:34:55.787Z</time>
			</trkpt>
			<trkpt lat="38.05843" lon="-2.83487">
				<ele>665.42</ele>
				<time>2026-09-10T13:35:05.964Z</time>
			</trkpt>
			<trkpt lat="38.05859" lon="-2.83429">
				<ele>656.99</ele>
				<time>2026-09-10T13:35:08.965Z</time>
			</trkpt>
			<trkpt lat="38.05885" lon="-2.83394">
				<ele>658.83</ele>
				<time>2026-09-10T13:35:11.313Z</time>
			</trkpt>
			<trkpt lat="38.0593" lon="-2.8337">
				<ele>669.29</ele>
				<time>2026-09-10T13:35:14.334Z</time>
			</trkpt>
			<trkpt lat="38.06042" lon="-2.83194">
				<ele>662.77</ele>
				<time>2026-09-10T13:35:25.345Z</time>
			</trkpt>
			<trkpt lat="38.06276" lon="-2.83058">
				<ele>677.46</ele>
				<time>2026-09-10T13:35:41.189Z</time>
			</trkpt>
			<trkpt lat="38.06368" lon="-2.83035">
				<ele>685.64</ele>
				<time>2026-09-10T13:35:46.945Z</time>
			</trkpt>
			<trkpt lat="38.06432" lon="-2.82959">
				<ele>681.82</ele>
				<time>2026-09-10T13:35:52.316Z</time>
			</trkpt>
			<trkpt lat="38.06482" lon="-2.82933">
				<ele>680.53</ele>
				<time>2026-09-10T13:35:55.624Z</time>
			</trkpt>
			<trkpt lat="38.06507" lon="-2.82904">
				<ele>676.86</ele>
				<time>2026-09-10T13:35:57.695Z</time>
			</trkpt>
			<trkpt lat="38.06553" lon="-2.82832">
				<ele>676.03</ele>
				<time>2026-09-10T13:36:02.158Z</time>
			</trkpt>
			<trkpt lat="38.06605" lon="-2.82803">
				<ele>679.86</ele>
				<time>2026-09-10T13:36:05.626Z</time>
			</trkpt>
			<trkpt lat="38.06679" lon="-2.82795">
				<ele>678.31</ele>
				<time>2026-09-10T13:36:10.156Z</time>
			</trkpt>
			<trkpt lat="38.0673" lon="-2.82815">
				<ele>680.11</ele>
				<time>2026-09-10T13:36:13.408Z</time>
			</trkpt>
			<trkpt lat="38.06753" lon="-2.82815">
				<ele>678.21</ele>
				<time>2026-09-10T13:36:14.809Z</time>
			</trkpt>
			<trkpt lat="38.06768" lon="-2.82802">
				<ele>675.61</ele>
				<time>2026-09-10T13:36:15.915Z</time>
			</trkpt>
			<trkpt lat="38.06777" lon="-2.82781">
				<ele>675.98</ele>
				<time>2026-09-10T13:36:17.060Z</time>
			</trkpt>
			<trkpt lat="38.06767" lon="-2.82665">
				<ele>676.71</ele>
				<time>2026-09-10T13:36:22.647Z</time>
			</trkpt>
			<trkpt lat="38.06788" lon="-2.82612">
				<ele>676.68</ele>
				<time>2026-09-10T13:36:25.484Z</time>
			</trkpt>
			<trkpt lat="38.06818" lon="-2.82571">
				<ele>677.77</ele>
				<time>2026-09-10T13:36:28.159Z</time>
			</trkpt>
			<trkpt lat="38.06856" lon="-2.82535">
				<ele>678.2</ele>
				<time>2026-09-10T13:36:31.034Z</time>
			</trkpt>
			<trkpt lat="38.0688" lon="-2.82498">
				<ele>675.94</ele>
				<time>2026-09-10T13:36:33.322Z</time>
			</trkpt>
			<trkpt lat="38.06919" lon="-2.82462">
				<ele>685.43</ele>
				<time>2026-09-10T13:36:36.242Z</time>
			</trkpt>
			<trkpt lat="38.06948" lon="-2.82374">
				<ele>681.55</ele>
				<time>2026-09-10T13:36:40.787Z</time>
			</trkpt>
			<trkpt lat="38.06982" lon="-2.82297">
				<ele>681.91</ele>
				<time>2026-09-10T13:36:44.988Z</time>
			</trkpt>
			<trkpt lat="38.07062" lon="-2.82227">
				<ele>691.39</ele>
				<time>2026-09-10T13:36:50.853Z</time>
			</trkpt>
			<trkpt lat="38.07069" lon="-2.82215">
				<ele>691.9</ele>
				<time>2026-09-10T13:36:51.562Z</time>
			</trkpt>
			<trkpt lat="38.07088" lon="-2.82169">
				<ele>688.09</ele>
				<time>2026-09-10T13:36:54.028Z</time>
			</trkpt>
			<trkpt lat="38.07097" lon="-2.82159">
				<ele>688.92</ele>
				<time>2026-09-10T13:36:54.749Z</time>
			</trkpt>
			<trkpt lat="38.07112" lon="-2.82152">
				<ele>691.41</ele>
				<time>2026-09-10T13:36:55.712Z</time>
			</trkpt>
			<trkpt lat="38.07163" lon="-2.82151">
				<ele>697.35</ele>
				<time>2026-09-10T13:36:58.783Z</time>
			</trkpt>
			<trkpt lat="38.07189" lon="-2.82153">
				<ele>698.73</ele>
				<time>2026-09-10T13:37:00.351Z</time>
			</trkpt>
			<trkpt lat="38.07215" lon="-2.82162">
				<ele>703.12</ele>
				<time>2026-09-10T13:37:01.973Z</time>
			</trkpt>
			<trkpt lat="38.07237" lon="-2.82162">
				<ele>705.79</ele>
				<time>2026-09-10T13:37:03.296Z</time>
			</trkpt>
			<trkpt lat="38.07255" lon="-2.82155">
				<ele>706.85</ele>
				<time>2026-09-10T13:37:04.428Z</time>
			</trkpt>
			<trkpt lat="38.07265" lon="-2.82148">
				<ele>706.26</ele>
				<time>2026-09-10T13:37:05.114Z</time>
			</trkpt>
			<trkpt lat="38.07281" lon="-2.82128">
				<ele>703.86</ele>
				<time>2026-09-10T13:37:06.463Z</time>
			</trkpt>
			<trkpt lat="38.07292" lon="-2.82122">
				<ele>703.64</ele>
				<time>2026-09-10T13:37:07.182Z</time>
			</trkpt>
			<trkpt lat="38.073" lon="-2.82121">
				<ele>704.11</ele>
				<time>2026-09-10T13:37:07.665Z</time>
			</trkpt>
			<trkpt lat="38.07311" lon="-2.82123">
				<ele>705.18</ele>
				<time>2026-09-10T13:37:08.333Z</time>
			</trkpt>
			<trkpt lat="38.07391" lon="-2.8216">
				<ele>710.89</ele>
				<time>2026-09-10T13:37:13.443Z</time>
			</trkpt>
			<trkpt lat="38.07469" lon="-2.82229">
				<ele>709.44</ele>
				<time>2026-09-10T13:37:19.140Z</time>
			</trkpt>
			<trkpt lat="38.07488" lon="-2.82241">
				<ele>708.9</ele>
				<time>2026-09-10T13:37:20.411Z</time>
			</trkpt>
			<trkpt lat="38.07505" lon="-2.82244">
				<ele>706.86</ele>
				<time>2026-09-10T13:37:21.439Z</time>
			</trkpt>
			<trkpt lat="38.07555" lon="-2.82241">
				<ele>701.98</ele>
				<time>2026-09-10T13:37:24.434Z</time>
			</trkpt>
			<trkpt lat="38.0757" lon="-2.82246">
				<ele>699.91</ele>
				<time>2026-09-10T13:37:25.362Z</time>
			</trkpt>
			<trkpt lat="38.07592" lon="-2.82262">
				<ele>699.64</ele>
				<time>2026-09-10T13:37:26.878Z</time>
			</trkpt>
			<trkpt lat="38.07604" lon="-2.82266">
				<ele>698.01</ele>
				<time>2026-09-10T13:37:27.619Z</time>
			</trkpt>
			<trkpt lat="38.07628" lon="-2.82269">
				<ele>695.73</ele>
				<time>2026-09-10T13:37:29.060Z</time>
			</trkpt>
			<trkpt lat="38.07671" lon="-2.82291">
				<ele>698.23</ele>
				<time>2026-09-10T13:37:31.829Z</time>
			</trkpt>
			<trkpt lat="38.07683" lon="-2.82292">
				<ele>699.79</ele>
				<time>2026-09-10T13:37:32.548Z</time>
			</trkpt>
			<trkpt lat="38.07699" lon="-2.82285">
				<ele>701.01</ele>
				<time>2026-09-10T13:37:33.558Z</time>
			</trkpt>
			<trkpt lat="38.07705" lon="-2.82278">
				<ele>701.54</ele>
				<time>2026-09-10T13:37:34.044Z</time>
			</trkpt>
			<trkpt lat="38.07712" lon="-2.82261">
				<ele>700.54</ele>
				<time>2026-09-10T13:37:34.945Z</time>
			</trkpt>
			<trkpt lat="38.07712" lon="-2.82215">
				<ele>693.62</ele>
				<time>2026-09-10T13:37:37.105Z</time>
			</trkpt>
			<trkpt lat="38.07717" lon="-2.82195">
				<ele>691.97</ele>
				<time>2026-09-10T13:37:38.090Z</time>
			</trkpt>
			<trkpt lat="38.07723" lon="-2.82181">
				<ele>690.66</ele>
				<time>2026-09-10T13:37:38.838Z</time>
			</trkpt>
			<trkpt lat="38.07732" lon="-2.8217">
				<ele>689.89</ele>
				<time>2026-09-10T13:37:39.583Z</time>
			</trkpt>
			<trkpt lat="38.07762" lon="-2.82153">
				<ele>692.4</ele>
				<time>2026-09-10T13:37:41.540Z</time>
			</trkpt>
			<trkpt lat="38.0777" lon="-2.82146">
				<ele>693.14</ele>
				<time>2026-09-10T13:37:42.119Z</time>
			</trkpt>
			<trkpt lat="38.07794" lon="-2.82098">
				<ele>691.3</ele>
				<time>2026-09-10T13:37:44.784Z</time>
			</trkpt>
			<trkpt lat="38.07805" lon="-2.82086">
				<ele>692.33</ele>
				<time>2026-09-10T13:37:45.647Z</time>
			</trkpt>
			<trkpt lat="38.0782" lon="-2.82073">
				<ele>694.03</ele>
				<time>2026-09-10T13:37:46.728Z</time>
			</trkpt>
			<trkpt lat="38.07831" lon="-2.82058">
				<ele>693.87</ele>
				<time>2026-09-10T13:37:47.688Z</time>
			</trkpt>
			<trkpt lat="38.07862" lon="-2.81991">
				<ele>684.85</ele>
				<time>2026-09-10T13:37:51.325Z</time>
			</trkpt>
			<trkpt lat="38.07874" lon="-2.81972">
				<ele>683.1</ele>
				<time>2026-09-10T13:37:52.465Z</time>
			</trkpt>
			<trkpt lat="38.07967" lon="-2.81863">
				<ele>678.51</ele>
				<time>2026-09-10T13:37:59.976Z</time>
			</trkpt>
			<trkpt lat="38.07978" lon="-2.81852">
				<ele>677.13</ele>
				<time>2026-09-10T13:38:00.807Z</time>
			</trkpt>
			<trkpt lat="38.07983" lon="-2.81848">
				<ele>676.47</ele>
				<time>2026-09-10T13:38:01.157Z</time>
			</trkpt>
			<trkpt lat="38.07995" lon="-2.81844">
				<ele>675.98</ele>
				<time>2026-09-10T13:38:01.893Z</time>
			</trkpt>
			<trkpt lat="38.08053" lon="-2.81839">
				<ele>667.21</ele>
				<time>2026-09-10T13:38:05.338Z</time>
			</trkpt>
			<trkpt lat="38.08058" lon="-2.81837">
				<ele>666.48</ele>
				<time>2026-09-10T13:38:05.648Z</time>
			</trkpt>
			<trkpt lat="38.08067" lon="-2.8183">
				<ele>665.91</ele>
				<time>2026-09-10T13:38:06.273Z</time>
			</trkpt>
			<trkpt lat="38.08074" lon="-2.81819">
				<ele>666.05</ele>
				<time>2026-09-10T13:38:06.933Z</time>
			</trkpt>
			<trkpt lat="38.08078" lon="-2.81806">
				<ele>666.53</ele>
				<time>2026-09-10T13:38:07.583Z</time>
			</trkpt>
			<trkpt lat="38.08078" lon="-2.81789">
				<ele>667.61</ele>
				<time>2026-09-10T13:38:08.375Z</time>
			</trkpt>
			<trkpt lat="38.08072" lon="-2.81774">
				<ele>667.63</ele>
				<time>2026-09-10T13:38:09.159Z</time>
			</trkpt>
			<trkpt lat="38.08051" lon="-2.81737">
				<ele>664.44</ele>
				<time>2026-09-10T13:38:11.284Z</time>
			</trkpt>
			<trkpt lat="38.08036" lon="-2.81701">
				<ele>661.17</ele>
				<time>2026-09-10T13:38:13.180Z</time>
			</trkpt>
			<trkpt lat="38.08033" lon="-2.81692">
				<ele>660.35</ele>
				<time>2026-09-10T13:38:13.635Z</time>
			</trkpt>
			<trkpt lat="38.08031" lon="-2.81675">
				<ele>659.67</ele>
				<time>2026-09-10T13:38:14.435Z</time>
			</trkpt>
			<trkpt lat="38.08033" lon="-2.81657">
				<ele>659.22</ele>
				<time>2026-09-10T13:38:15.281Z</time>
			</trkpt>
			<trkpt lat="38.08049" lon="-2.81596">
				<ele>657.08</ele>
				<time>2026-09-10T13:38:18.271Z</time>
			</trkpt>
			<trkpt lat="38.0806" lon="-2.81578">
				<ele>656.33</ele>
				<time>2026-09-10T13:38:19.330Z</time>
			</trkpt>
			<trkpt lat="38.0807" lon="-2.81565">
				<ele>655.19</ele>
				<time>2026-09-10T13:38:20.175Z</time>
			</trkpt>
			<trkpt lat="38.08079" lon="-2.81556">
				<ele>654.78</ele>
				<time>2026-09-10T13:38:20.851Z</time>
			</trkpt>
			<trkpt lat="38.08097" lon="-2.81549">
				<ele>654.47</ele>
				<time>2026-09-10T13:38:21.962Z</time>
			</trkpt>
			<trkpt lat="38.08109" lon="-2.81548">
				<ele>655.02</ele>
				<time>2026-09-10T13:38:22.672Z</time>
			</trkpt>
			<trkpt lat="38.08119" lon="-2.81552">
				<ele>655.28</ele>
				<time>2026-09-10T13:38:23.290Z</time>
			</trkpt>
			<trkpt lat="38.08133" lon="-2.81563">
				<ele>655.97</ele>
				<time>2026-09-10T13:38:24.261Z</time>
			</trkpt>
			<trkpt lat="38.08195" lon="-2.81649">
				<ele>660.28</ele>
				<time>2026-09-10T13:38:29.672Z</time>
			</trkpt>
			<trkpt lat="38.08216" lon="-2.8168">
				<ele>658.13</ele>
				<time>2026-09-10T13:38:31.568Z</time>
			</trkpt>
			<trkpt lat="38.08258" lon="-2.81758">
				<ele>659.21</ele>
				<time>2026-09-10T13:38:35.946Z</time>
			</trkpt>
			<trkpt lat="38.08268" lon="-2.81768">
				<ele>658.91</ele>
				<time>2026-09-10T13:38:36.695Z</time>
			</trkpt>
			<trkpt lat="38.08278" lon="-2.81774">
				<ele>658.11</ele>
				<time>2026-09-10T13:38:37.345Z</time>
			</trkpt>
			<trkpt lat="38.08316" lon="-2.81788">
				<ele>656.28</ele>
				<time>2026-09-10T13:38:39.671Z</time>
			</trkpt>
			<trkpt lat="38.08345" lon="-2.81796">
				<ele>658.95</ele>
				<time>2026-09-10T13:38:41.415Z</time>
			</trkpt>
			<trkpt lat="38.08361" lon="-2.81796">
				<ele>661.83</ele>
				<time>2026-09-10T13:38:42.355Z</time>
			</trkpt>
			<trkpt lat="38.08392" lon="-2.81791">
				<ele>666.52</ele>
				<time>2026-09-10T13:38:44.190Z</time>
			</trkpt>
			<trkpt lat="38.08409" lon="-2.81785">
				<ele>668.54</ele>
				<time>2026-09-10T13:38:45.226Z</time>
			</trkpt>
			<trkpt lat="38.08487" lon="-2.81737">
				<ele>672.06</ele>
				<time>2026-09-10T13:38:50.311Z</time>
			</trkpt>
			<trkpt lat="38.08517" lon="-2.81713">
				<ele>670.49</ele>
				<time>2026-09-10T13:38:52.389Z</time>
			</trkpt>
			<trkpt lat="38.08562" lon="-2.81674">
				<ele>670.73</ele>
				<time>2026-09-10T13:38:55.581Z</time>
			</trkpt>
			<trkpt lat="38.08656" lon="-2.81608">
				<ele>670.33</ele>
				<time>2026-09-10T13:39:01.867Z</time>
			</trkpt>
			<trkpt lat="38.08677" lon="-2.81597">
				<ele>672.03</ele>
				<time>2026-09-10T13:39:03.195Z</time>
			</trkpt>
			<trkpt lat="38.08716" lon="-2.81577">
				<ele>670.17</ele>
				<time>2026-09-10T13:39:05.654Z</time>
			</trkpt>
			<trkpt lat="38.08745" lon="-2.8157">
				<ele>671.09</ele>
				<time>2026-09-10T13:39:07.379Z</time>
			</trkpt>
			<trkpt lat="38.08785" lon="-2.81564">
				<ele>676.69</ele>
				<time>2026-09-10T13:39:09.731Z</time>
			</trkpt>
			<trkpt lat="38.08813" lon="-2.81558">
				<ele>680.11</ele>
				<time>2026-09-10T13:39:11.389Z</time>
			</trkpt>
			<trkpt lat="38.0884" lon="-2.81548">
				<ele>682.13</ele>
				<time>2026-09-10T13:39:13.030Z</time>
			</trkpt>
			<trkpt lat="38.08882" lon="-2.81531">
				<ele>676.18</ele>
				<time>2026-09-10T13:39:15.602Z</time>
			</trkpt>
			<trkpt lat="38.08921" lon="-2.81521">
				<ele>679.15</ele>
				<time>2026-09-10T13:39:17.921Z</time>
			</trkpt>
			<trkpt lat="38.08959" lon="-2.81506">
				<ele>683.72</ele>
				<time>2026-09-10T13:39:20.240Z</time>
			</trkpt>
			<trkpt lat="38.09" lon="-2.81486">
				<ele>677.47</ele>
				<time>2026-09-10T13:39:22.798Z</time>
			</trkpt>
			<trkpt lat="38.09017" lon="-2.81473">
				<ele>675.24</ele>
				<time>2026-09-10T13:39:23.953Z</time>
			</trkpt>
			<trkpt lat="38.09029" lon="-2.81457">
				<ele>676.24</ele>
				<time>2026-09-10T13:39:24.966Z</time>
			</trkpt>
			<trkpt lat="38.09037" lon="-2.81442">
				<ele>677.26</ele>
				<time>2026-09-10T13:39:25.796Z</time>
			</trkpt>
			<trkpt lat="38.09048" lon="-2.81411">
				<ele>675.66</ele>
				<time>2026-09-10T13:39:27.353Z</time>
			</trkpt>
			<trkpt lat="38.09063" lon="-2.81386">
				<ele>673.81</ele>
				<time>2026-09-10T13:39:28.792Z</time>
			</trkpt>
			<trkpt lat="38.09077" lon="-2.81369">
				<ele>675.98</ele>
				<time>2026-09-10T13:39:29.918Z</time>
			</trkpt>
			<trkpt lat="38.09129" lon="-2.81329">
				<ele>690.03</ele>
				<time>2026-09-10T13:39:33.452Z</time>
			</trkpt>
			<trkpt lat="38.09222" lon="-2.8125">
				<ele>695.99</ele>
				<time>2026-09-10T13:39:39.947Z</time>
			</trkpt>
			<trkpt lat="38.09245" lon="-2.81238">
				<ele>696.67</ele>
				<time>2026-09-10T13:39:41.390Z</time>
			</trkpt>
			<trkpt lat="38.09255" lon="-2.81237">
				<ele>696.5</ele>
				<time>2026-09-10T13:39:41.971Z</time>
			</trkpt>
			<trkpt lat="38.09322" lon="-2.81248">
				<ele>700.92</ele>
				<time>2026-09-10T13:39:45.888Z</time>
			</trkpt>
			<trkpt lat="38.09339" lon="-2.81243">
				<ele>699.55</ele>
				<time>2026-09-10T13:39:46.899Z</time>
			</trkpt>
			<trkpt lat="38.09365" lon="-2.81239">
				<ele>697.76</ele>
				<time>2026-09-10T13:39:48.417Z</time>
			</trkpt>
			<trkpt lat="38.09381" lon="-2.81239">
				<ele>697.03</ele>
				<time>2026-09-10T13:39:49.344Z</time>
			</trkpt>
			<trkpt lat="38.09392" lon="-2.81242">
				<ele>696.82</ele>
				<time>2026-09-10T13:39:49.995Z</time>
			</trkpt>
			<trkpt lat="38.09438" lon="-2.81261">
				<ele>700.97</ele>
				<time>2026-09-10T13:39:52.795Z</time>
			</trkpt>
			<trkpt lat="38.09459" lon="-2.81263">
				<ele>702.32</ele>
				<time>2026-09-10T13:39:54.014Z</time>
			</trkpt>
			<trkpt lat="38.09527" lon="-2.81243">
				<ele>699.7</ele>
				<time>2026-09-10T13:39:58.051Z</time>
			</trkpt>
			<trkpt lat="38.09537" lon="-2.81235">
				<ele>697.99</ele>
				<time>2026-09-10T13:39:58.734Z</time>
			</trkpt>
			<trkpt lat="38.09547" lon="-2.81221">
				<ele>694.81</ele>
				<time>2026-09-10T13:39:59.594Z</time>
			</trkpt>
			<trkpt lat="38.09556" lon="-2.81215">
				<ele>694.96</ele>
				<time>2026-09-10T13:40:00.182Z</time>
			</trkpt>
			<trkpt lat="38.09567" lon="-2.81215">
				<ele>695.07</ele>
				<time>2026-09-10T13:40:00.817Z</time>
			</trkpt>
			<trkpt lat="38.09581" lon="-2.81219">
				<ele>695.58</ele>
				<time>2026-09-10T13:40:01.646Z</time>
			</trkpt>
			<trkpt lat="38.09618" lon="-2.81241">
				<ele>697.33</ele>
				<time>2026-09-10T13:40:04.006Z</time>
			</trkpt>
			<trkpt lat="38.09633" lon="-2.81242">
				<ele>698.31</ele>
				<time>2026-09-10T13:40:04.873Z</time>
			</trkpt>
			<trkpt lat="38.09702" lon="-2.8122">
				<ele>696.68</ele>
				<time>2026-09-10T13:40:08.979Z</time>
			</trkpt>
			<trkpt lat="38.09716" lon="-2.81219">
				<ele>696.03</ele>
				<time>2026-09-10T13:40:09.788Z</time>
			</trkpt>
			<trkpt lat="38.09795" lon="-2.81223">
				<ele>696.8</ele>
				<time>2026-09-10T13:40:14.347Z</time>
			</trkpt>
			<trkpt lat="38.09809" lon="-2.81219">
				<ele>695.36</ele>
				<time>2026-09-10T13:40:15.174Z</time>
			</trkpt>
			<trkpt lat="38.0984" lon="-2.81199">
				<ele>691.33</ele>
				<time>2026-09-10T13:40:17.177Z</time>
			</trkpt>
			<trkpt lat="38.09862" lon="-2.81195">
				<ele>690.79</ele>
				<time>2026-09-10T13:40:18.457Z</time>
			</trkpt>
			<trkpt lat="38.09879" lon="-2.81197">
				<ele>690.55</ele>
				<time>2026-09-10T13:40:19.440Z</time>
			</trkpt>
			<trkpt lat="38.09912" lon="-2.81211">
				<ele>695</ele>
				<time>2026-09-10T13:40:21.442Z</time>
			</trkpt>
			<trkpt lat="38.09924" lon="-2.81214">
				<ele>695.56</ele>
				<time>2026-09-10T13:40:22.146Z</time>
			</trkpt>
			<trkpt lat="38.09982" lon="-2.81216">
				<ele>692.18</ele>
				<time>2026-09-10T13:40:25.484Z</time>
			</trkpt>
			<trkpt lat="38.10005" lon="-2.81222">
				<ele>691.98</ele>
				<time>2026-09-10T13:40:26.834Z</time>
			</trkpt>
			<trkpt lat="38.10037" lon="-2.81244">
				<ele>690.64</ele>
				<time>2026-09-10T13:40:28.926Z</time>
			</trkpt>
			<trkpt lat="38.10074" lon="-2.81286">
				<ele>691.28</ele>
				<time>2026-09-10T13:40:31.777Z</time>
			</trkpt>
			<trkpt lat="38.1009" lon="-2.81296">
				<ele>691.39</ele>
				<time>2026-09-10T13:40:32.801Z</time>
			</trkpt>
			<trkpt lat="38.10113" lon="-2.81306">
				<ele>691.98</ele>
				<time>2026-09-10T13:40:34.197Z</time>
			</trkpt>
			<trkpt lat="38.10134" lon="-2.81311">
				<ele>695.54</ele>
				<time>2026-09-10T13:40:35.424Z</time>
			</trkpt>
			<trkpt lat="38.10183" lon="-2.81315">
				<ele>698.06</ele>
				<time>2026-09-10T13:40:38.242Z</time>
			</trkpt>
			<trkpt lat="38.10202" lon="-2.81314">
				<ele>699.02</ele>
				<time>2026-09-10T13:40:39.333Z</time>
			</trkpt>
			<trkpt lat="38.10259" lon="-2.81305">
				<ele>701.97</ele>
				<time>2026-09-10T13:40:42.627Z</time>
			</trkpt>
			<trkpt lat="38.10269" lon="-2.81302">
				<ele>699.92</ele>
				<time>2026-09-10T13:40:43.216Z</time>
			</trkpt>
			<trkpt lat="38.10321" lon="-2.81266">
				<ele>690.96</ele>
				<time>2026-09-10T13:40:46.609Z</time>
			</trkpt>
			<trkpt lat="38.10373" lon="-2.8124">
				<ele>694.04</ele>
				<time>2026-09-10T13:40:49.810Z</time>
			</trkpt>
			<trkpt lat="38.10387" lon="-2.81231">
				<ele>693.98</ele>
				<time>2026-09-10T13:40:50.708Z</time>
			</trkpt>
			<trkpt lat="38.10397" lon="-2.81222">
				<ele>694.09</ele>
				<time>2026-09-10T13:40:51.409Z</time>
			</trkpt>
			<trkpt lat="38.10408" lon="-2.81208">
				<ele>695.37</ele>
				<time>2026-09-10T13:40:52.301Z</time>
			</trkpt>
			<trkpt lat="38.10412" lon="-2.81199">
				<ele>695.36</ele>
				<time>2026-09-10T13:40:52.766Z</time>
			</trkpt>
			<trkpt lat="38.10414" lon="-2.81188">
				<ele>694.54</ele>
				<time>2026-09-10T13:40:53.274Z</time>
			</trkpt>
			<trkpt lat="38.10415" lon="-2.81144">
				<ele>690.91</ele>
				<time>2026-09-10T13:40:55.256Z</time>
			</trkpt>
			<trkpt lat="38.10417" lon="-2.8113">
				<ele>690.8</ele>
				<time>2026-09-10T13:40:55.897Z</time>
			</trkpt>
			<trkpt lat="38.10428" lon="-2.81078">
				<ele>692.07</ele>
				<time>2026-09-10T13:40:58.320Z</time>
			</trkpt>
			<trkpt lat="38.10433" lon="-2.81031">
				<ele>692.14</ele>
				<time>2026-09-10T13:41:00.453Z</time>
			</trkpt>
			<trkpt lat="38.10435" lon="-2.8099">
				<ele>687.28</ele>
				<time>2026-09-10T13:41:02.300Z</time>
			</trkpt>
			<trkpt lat="38.10435" lon="-2.80977">
				<ele>685.79</ele>
				<time>2026-09-10T13:41:02.884Z</time>
			</trkpt>
			<trkpt lat="38.1043" lon="-2.80949">
				<ele>684.46</ele>
				<time>2026-09-10T13:41:04.175Z</time>
			</trkpt>
			<trkpt lat="38.10431" lon="-2.8093">
				<ele>683.84</ele>
				<time>2026-09-10T13:41:05.031Z</time>
			</trkpt>
			<trkpt lat="38.10438" lon="-2.80915">
				<ele>684.01</ele>
				<time>2026-09-10T13:41:05.814Z</time>
			</trkpt>
			<trkpt lat="38.10469" lon="-2.80881">
				<ele>687.72</ele>
				<time>2026-09-10T13:41:08.152Z</time>
			</trkpt>
			<trkpt lat="38.10483" lon="-2.80868">
				<ele>688.93</ele>
				<time>2026-09-10T13:41:09.141Z</time>
			</trkpt>
			<trkpt lat="38.1049" lon="-2.80863">
				<ele>689.05</ele>
				<time>2026-09-10T13:41:09.600Z</time>
			</trkpt>
			<trkpt lat="38.10568" lon="-2.80819">
				<ele>693.69</ele>
				<time>2026-09-10T13:41:14.467Z</time>
			</trkpt>
			<trkpt lat="38.10635" lon="-2.80774">
				<ele>695.49</ele>
				<time>2026-09-10T13:41:18.786Z</time>
			</trkpt>
			<trkpt lat="38.10664" lon="-2.80748">
				<ele>695.76</ele>
				<time>2026-09-10T13:41:20.808Z</time>
			</trkpt>
			<trkpt lat="38.10676" lon="-2.80735">
				<ele>695.56</ele>
				<time>2026-09-10T13:41:21.706Z</time>
			</trkpt>
			<trkpt lat="38.10699" lon="-2.80699">
				<ele>691.65</ele>
				<time>2026-09-10T13:41:23.784Z</time>
			</trkpt>
			<trkpt lat="38.10704" lon="-2.80694">
				<ele>691.2</ele>
				<time>2026-09-10T13:41:24.146Z</time>
			</trkpt>
			<trkpt lat="38.1072" lon="-2.80684">
				<ele>691.03</ele>
				<time>2026-09-10T13:41:25.161Z</time>
			</trkpt>
			<trkpt lat="38.10728" lon="-2.80682">
				<ele>691.32</ele>
				<time>2026-09-10T13:41:25.625Z</time>
			</trkpt>
			<trkpt lat="38.10741" lon="-2.80683">
				<ele>692.7</ele>
				<time>2026-09-10T13:41:26.366Z</time>
			</trkpt>
			<trkpt lat="38.10802" lon="-2.80695">
				<ele>696.29</ele>
				<time>2026-09-10T13:41:29.877Z</time>
			</trkpt>
			<trkpt lat="38.10823" lon="-2.80694">
				<ele>695.19</ele>
				<time>2026-09-10T13:41:31.072Z</time>
			</trkpt>
			<trkpt lat="38.10832" lon="-2.8069">
				<ele>693.74</ele>
				<time>2026-09-10T13:41:31.614Z</time>
			</trkpt>
			<trkpt lat="38.10871" lon="-2.80665">
				<ele>687.69</ele>
				<time>2026-09-10T13:41:34.097Z</time>
			</trkpt>
			<trkpt lat="38.10917" lon="-2.80639">
				<ele>685.98</ele>
				<time>2026-09-10T13:41:36.958Z</time>
			</trkpt>
			<trkpt lat="38.10925" lon="-2.80632">
				<ele>686.37</ele>
				<time>2026-09-10T13:41:37.509Z</time>
			</trkpt>
			<trkpt lat="38.10935" lon="-2.80618">
				<ele>685.21</ele>
				<time>2026-09-10T13:41:38.354Z</time>
			</trkpt>
			<trkpt lat="38.10954" lon="-2.80574">
				<ele>677.29</ele>
				<time>2026-09-10T13:41:40.597Z</time>
			</trkpt>
			<trkpt lat="38.10959" lon="-2.80564">
				<ele>676.57</ele>
				<time>2026-09-10T13:41:41.126Z</time>
			</trkpt>
			<trkpt lat="38.10965" lon="-2.80556">
				<ele>676.58</ele>
				<time>2026-09-10T13:41:41.620Z</time>
			</trkpt>
			<trkpt lat="38.10975" lon="-2.80549">
				<ele>677.22</ele>
				<time>2026-09-10T13:41:42.268Z</time>
			</trkpt>
			<trkpt lat="38.11009" lon="-2.80535">
				<ele>677.12</ele>
				<time>2026-09-10T13:41:44.296Z</time>
			</trkpt>
			<trkpt lat="38.11016" lon="-2.80529">
				<ele>676.89</ele>
				<time>2026-09-10T13:41:44.775Z</time>
			</trkpt>
			<trkpt lat="38.11021" lon="-2.80523">
				<ele>677.24</ele>
				<time>2026-09-10T13:41:45.165Z</time>
			</trkpt>
			<trkpt lat="38.11047" lon="-2.80459">
				<ele>678</ele>
				<time>2026-09-10T13:41:48.380Z</time>
			</trkpt>
			<trkpt lat="38.11054" lon="-2.80451">
				<ele>677.72</ele>
				<time>2026-09-10T13:41:48.913Z</time>
			</trkpt>
			<trkpt lat="38.11062" lon="-2.80445">
				<ele>678.01</ele>
				<time>2026-09-10T13:41:49.440Z</time>
			</trkpt>
			<trkpt lat="38.11113" lon="-2.80438">
				<ele>680.91</ele>
				<time>2026-09-10T13:41:52.348Z</time>
			</trkpt>
			<trkpt lat="38.1116" lon="-2.80435">
				<ele>680.27</ele>
				<time>2026-09-10T13:41:55.014Z</time>
			</trkpt>
			<trkpt lat="38.11173" lon="-2.80438">
				<ele>680.21</ele>
				<time>2026-09-10T13:41:55.762Z</time>
			</trkpt>
			<trkpt lat="38.11259" lon="-2.80472">
				<ele>674.13</ele>
				<time>2026-09-10T13:42:00.862Z</time>
			</trkpt>
			<trkpt lat="38.11279" lon="-2.80473">
				<ele>673.17</ele>
				<time>2026-09-10T13:42:01.994Z</time>
			</trkpt>
			<trkpt lat="38.11296" lon="-2.80468">
				<ele>672.75</ele>
				<time>2026-09-10T13:42:02.982Z</time>
			</trkpt>
			<trkpt lat="38.11303" lon="-2.80464">
				<ele>672.29</ele>
				<time>2026-09-10T13:42:03.416Z</time>
			</trkpt>
			<trkpt lat="38.1137" lon="-2.80393">
				<ele>671.9</ele>
				<time>2026-09-10T13:42:08.349Z</time>
			</trkpt>
			<trkpt lat="38.1139" lon="-2.80377">
				<ele>670.23</ele>
				<time>2026-09-10T13:42:09.685Z</time>
			</trkpt>
			<trkpt lat="38.11488" lon="-2.80327">
				<ele>672.3</ele>
				<time>2026-09-10T13:42:15.652Z</time>
			</trkpt>
			<trkpt lat="38.11498" lon="-2.80318">
				<ele>671.63</ele>
				<time>2026-09-10T13:42:16.344Z</time>
			</trkpt>
			<trkpt lat="38.11507" lon="-2.80309">
				<ele>671.64</ele>
				<time>2026-09-10T13:42:16.990Z</time>
			</trkpt>
			<trkpt lat="38.11514" lon="-2.803">
				<ele>671.83</ele>
				<time>2026-09-10T13:42:17.552Z</time>
			</trkpt>
			<trkpt lat="38.11523" lon="-2.80285">
				<ele>671.78</ele>
				<time>2026-09-10T13:42:18.390Z</time>
			</trkpt>
			<trkpt lat="38.11571" lon="-2.80199">
				<ele>673.63</ele>
				<time>2026-09-10T13:42:23.072Z</time>
			</trkpt>
			<trkpt lat="38.11577" lon="-2.80184">
				<ele>672.66</ele>
				<time>2026-09-10T13:42:23.819Z</time>
			</trkpt>
			<trkpt lat="38.11579" lon="-2.80168">
				<ele>670.57</ele>
				<time>2026-09-10T13:42:24.538Z</time>
			</trkpt>
			<trkpt lat="38.11581" lon="-2.80142">
				<ele>667.1</ele>
				<time>2026-09-10T13:42:25.697Z</time>
			</trkpt>
			<trkpt lat="38.11586" lon="-2.8012">
				<ele>666.12</ele>
				<time>2026-09-10T13:42:26.713Z</time>
			</trkpt>
			<trkpt lat="38.11592" lon="-2.80113">
				<ele>666.33</ele>
				<time>2026-09-10T13:42:27.172Z</time>
			</trkpt>
			<trkpt lat="38.1164" lon="-2.80064">
				<ele>666.37</ele>
				<time>2026-09-10T13:42:30.643Z</time>
			</trkpt>
			<trkpt lat="38.11646" lon="-2.80052">
				<ele>665.28</ele>
				<time>2026-09-10T13:42:31.273Z</time>
			</trkpt>
			<trkpt lat="38.11651" lon="-2.80048">
				<ele>665.09</ele>
				<time>2026-09-10T13:42:31.606Z</time>
			</trkpt>
			<trkpt lat="38.11661" lon="-2.80046">
				<ele>665.52</ele>
				<time>2026-09-10T13:42:32.177Z</time>
			</trkpt>
			<trkpt lat="38.11674" lon="-2.80047">
				<ele>666.7</ele>
				<time>2026-09-10T13:42:32.910Z</time>
			</trkpt>
			<trkpt lat="38.11689" lon="-2.80052">
				<ele>669.26</ele>
				<time>2026-09-10T13:42:33.784Z</time>
			</trkpt>
			<trkpt lat="38.11703" lon="-2.80062">
				<ele>672.1</ele>
				<time>2026-09-10T13:42:34.689Z</time>
			</trkpt>
			<trkpt lat="38.11726" lon="-2.8009">
				<ele>678.04</ele>
				<time>2026-09-10T13:42:36.482Z</time>
			</trkpt>
			<trkpt lat="38.11731" lon="-2.801">
				<ele>677.13</ele>
				<time>2026-09-10T13:42:37.007Z</time>
			</trkpt>
			<trkpt lat="38.11742" lon="-2.80132">
				<ele>676.52</ele>
				<time>2026-09-10T13:42:38.554Z</time>
			</trkpt>
			<trkpt lat="38.11745" lon="-2.80148">
				<ele>676.91</ele>
				<time>2026-09-10T13:42:39.283Z</time>
			</trkpt>
			<trkpt lat="38.11749" lon="-2.80197">
				<ele>677.32</ele>
				<time>2026-09-10T13:42:41.464Z</time>
			</trkpt>
			<trkpt lat="38.11751" lon="-2.80286">
				<ele>685.8</ele>
				<time>2026-09-10T13:42:45.405Z</time>
			</trkpt>
			<trkpt lat="38.1175" lon="-2.8031">
				<ele>685.42</ele>
				<time>2026-09-10T13:42:46.468Z</time>
			</trkpt>
			<trkpt lat="38.11741" lon="-2.80374">
				<ele>688.82</ele>
				<time>2026-09-10T13:42:49.345Z</time>
			</trkpt>
			<trkpt lat="38.11733" lon="-2.80486">
				<ele>696.33</ele>
				<time>2026-09-10T13:42:54.317Z</time>
			</trkpt>
			<trkpt lat="38.11734" lon="-2.80506">
				<ele>697.16</ele>
				<time>2026-09-10T13:42:55.203Z</time>
			</trkpt>
			<trkpt lat="38.11754" lon="-2.80582">
				<ele>696.27</ele>
				<time>2026-09-10T13:42:58.744Z</time>
			</trkpt>
			<trkpt lat="38.11757" lon="-2.80622">
				<ele>698.41</ele>
				<time>2026-09-10T13:43:00.519Z</time>
			</trkpt>
			<trkpt lat="38.1176" lon="-2.80639">
				<ele>699.17</ele>
				<time>2026-09-10T13:43:01.288Z</time>
			</trkpt>
			<trkpt lat="38.11769" lon="-2.80658">
				<ele>698.6</ele>
				<time>2026-09-10T13:43:02.268Z</time>
			</trkpt>
			<trkpt lat="38.11775" lon="-2.80665">
				<ele>698.14</ele>
				<time>2026-09-10T13:43:02.725Z</time>
			</trkpt>
			<trkpt lat="38.1181" lon="-2.80669">
				<ele>697.07</ele>
				<time>2026-09-10T13:43:04.697Z</time>
			</trkpt>
			<trkpt lat="38.11824" lon="-2.8067">
				<ele>699.54</ele>
				<time>2026-09-10T13:43:05.484Z</time>
			</trkpt>
			<trkpt lat="38.11831" lon="-2.80663">
				<ele>700.26</ele>
				<time>2026-09-10T13:43:05.983Z</time>
			</trkpt>
			<trkpt lat="38.11839" lon="-2.80643">
				<ele>700.29</ele>
				<time>2026-09-10T13:43:06.973Z</time>
			</trkpt>
			<trkpt lat="38.11846" lon="-2.80606">
				<ele>695.25</ele>
				<time>2026-09-10T13:43:08.653Z</time>
			</trkpt>
			<trkpt lat="38.11852" lon="-2.80588">
				<ele>693.45</ele>
				<time>2026-09-10T13:43:09.515Z</time>
			</trkpt>
			<trkpt lat="38.11865" lon="-2.80567">
				<ele>694.61</ele>
				<time>2026-09-10T13:43:10.694Z</time>
			</trkpt>
			<trkpt lat="38.11894" lon="-2.80538">
				<ele>698.58</ele>
				<time>2026-09-10T13:43:12.763Z</time>
			</trkpt>
			<trkpt lat="38.11932" lon="-2.80487">
				<ele>693.07</ele>
				<time>2026-09-10T13:43:15.860Z</time>
			</trkpt>
			<trkpt lat="38.11938" lon="-2.80484">
				<ele>692.74</ele>
				<time>2026-09-10T13:43:16.221Z</time>
			</trkpt>
			<trkpt lat="38.11944" lon="-2.80482">
				<ele>693.04</ele>
				<time>2026-09-10T13:43:16.569Z</time>
			</trkpt>
			<trkpt lat="38.11956" lon="-2.80485">
				<ele>692.44</ele>
				<time>2026-09-10T13:43:17.254Z</time>
			</trkpt>
			<trkpt lat="38.11965" lon="-2.80496">
				<ele>694.13</ele>
				<time>2026-09-10T13:43:17.954Z</time>
			</trkpt>
			<trkpt lat="38.12046" lon="-2.80643">
				<ele>697.83</ele>
				<time>2026-09-10T13:43:25.860Z</time>
			</trkpt>
			<trkpt lat="38.12065" lon="-2.80661">
				<ele>697.29</ele>
				<time>2026-09-10T13:43:27.186Z</time>
			</trkpt>
			<trkpt lat="38.12079" lon="-2.80664">
				<ele>697.48</ele>
				<time>2026-09-10T13:43:27.981Z</time>
			</trkpt>
			<trkpt lat="38.12092" lon="-2.80662">
				<ele>699.14</ele>
				<time>2026-09-10T13:43:28.714Z</time>
			</trkpt>
			<trkpt lat="38.12102" lon="-2.80654">
				<ele>699.94</ele>
				<time>2026-09-10T13:43:29.375Z</time>
			</trkpt>
			<trkpt lat="38.12113" lon="-2.80641">
				<ele>699.16</ele>
				<time>2026-09-10T13:43:30.215Z</time>
			</trkpt>
			<trkpt lat="38.12125" lon="-2.80614">
				<ele>697.67</ele>
				<time>2026-09-10T13:43:31.580Z</time>
			</trkpt>
			<trkpt lat="38.12142" lon="-2.80525">
				<ele>685.69</ele>
				<time>2026-09-10T13:43:35.609Z</time>
			</trkpt>
			<trkpt lat="38.12149" lon="-2.80475">
				<ele>681.14</ele>
				<time>2026-09-10T13:43:37.843Z</time>
			</trkpt>
			<trkpt lat="38.12153" lon="-2.80467">
				<ele>680.58</ele>
				<time>2026-09-10T13:43:38.260Z</time>
			</trkpt>
			<trkpt lat="38.12162" lon="-2.80455">
				<ele>680.78</ele>
				<time>2026-09-10T13:43:38.989Z</time>
			</trkpt>
			<trkpt lat="38.12206" lon="-2.80417">
				<ele>682.58</ele>
				<time>2026-09-10T13:43:41.961Z</time>
			</trkpt>
			<trkpt lat="38.12212" lon="-2.80406">
				<ele>683.54</ele>
				<time>2026-09-10T13:43:42.550Z</time>
			</trkpt>
			<trkpt lat="38.12215" lon="-2.80391">
				<ele>683.97</ele>
				<time>2026-09-10T13:43:43.230Z</time>
			</trkpt>
			<trkpt lat="38.12213" lon="-2.80358">
				<ele>683.51</ele>
				<time>2026-09-10T13:43:44.685Z</time>
			</trkpt>
			<trkpt lat="38.12215" lon="-2.80336">
				<ele>683.15</ele>
				<time>2026-09-10T13:43:45.658Z</time>
			</trkpt>
			<trkpt lat="38.12239" lon="-2.80183">
				<ele>681.07</ele>
				<time>2026-09-10T13:43:52.511Z</time>
			</trkpt>
			<trkpt lat="38.12246" lon="-2.80156">
				<ele>681.65</ele>
				<time>2026-09-10T13:43:53.759Z</time>
			</trkpt>
			<trkpt lat="38.12256" lon="-2.80134">
				<ele>682.5</ele>
				<time>2026-09-10T13:43:54.874Z</time>
			</trkpt>
			<trkpt lat="38.12313" lon="-2.8003">
				<ele>685.65</ele>
				<time>2026-09-10T13:44:00.437Z</time>
			</trkpt>
			<trkpt lat="38.12322" lon="-2.80019">
				<ele>686.13</ele>
				<time>2026-09-10T13:44:01.133Z</time>
			</trkpt>
			<trkpt lat="38.12354" lon="-2.79998">
				<ele>689.85</ele>
				<time>2026-09-10T13:44:03.141Z</time>
			</trkpt>
			<trkpt lat="38.1236" lon="-2.79989">
				<ele>690.86</ele>
				<time>2026-09-10T13:44:03.659Z</time>
			</trkpt>
			<trkpt lat="38.12362" lon="-2.79977">
				<ele>691.21</ele>
				<time>2026-09-10T13:44:04.197Z</time>
			</trkpt>
			<trkpt lat="38.12361" lon="-2.79968">
				<ele>691.64</ele>
				<time>2026-09-10T13:44:04.595Z</time>
			</trkpt>
			<trkpt lat="38.12357" lon="-2.79957">
				<ele>692.39</ele>
				<time>2026-09-10T13:44:05.127Z</time>
			</trkpt>
			<trkpt lat="38.12337" lon="-2.79927">
				<ele>691.7</ele>
				<time>2026-09-10T13:44:06.851Z</time>
			</trkpt>
			<trkpt lat="38.12242" lon="-2.79834">
				<ele>680.56</ele>
				<time>2026-09-10T13:44:13.533Z</time>
			</trkpt>
			<trkpt lat="38.12235" lon="-2.79825">
				<ele>679.69</ele>
				<time>2026-09-10T13:44:14.087Z</time>
			</trkpt>
			<trkpt lat="38.12231" lon="-2.79811">
				<ele>679.51</ele>
				<time>2026-09-10T13:44:14.740Z</time>
			</trkpt>
			<trkpt lat="38.12231" lon="-2.79802">
				<ele>680</ele>
				<time>2026-09-10T13:44:15.134Z</time>
			</trkpt>
			<trkpt lat="38.12239" lon="-2.7978">
				<ele>682.34</ele>
				<time>2026-09-10T13:44:16.196Z</time>
			</trkpt>
			<trkpt lat="38.12309" lon="-2.7965">
				<ele>684.93</ele>
				<time>2026-09-10T13:44:23.096Z</time>
			</trkpt>
			<trkpt lat="38.12351" lon="-2.79552">
				<ele>687.48</ele>
				<time>2026-09-10T13:44:27.981Z</time>
			</trkpt>
			<trkpt lat="38.12364" lon="-2.7954">
				<ele>686.39</ele>
				<time>2026-09-10T13:44:28.875Z</time>
			</trkpt>
			<trkpt lat="38.12375" lon="-2.79537">
				<ele>684.55</ele>
				<time>2026-09-10T13:44:29.501Z</time>
			</trkpt>
			<trkpt lat="38.12383" lon="-2.79538">
				<ele>684</ele>
				<time>2026-09-10T13:44:29.948Z</time>
			</trkpt>
			<trkpt lat="38.12392" lon="-2.79542">
				<ele>683.9</ele>
				<time>2026-09-10T13:44:30.478Z</time>
			</trkpt>
			<trkpt lat="38.12504" lon="-2.79638">
				<ele>692.28</ele>
				<time>2026-09-10T13:44:37.990Z</time>
			</trkpt>
			<trkpt lat="38.12519" lon="-2.79641">
				<ele>691.97</ele>
				<time>2026-09-10T13:44:38.834Z</time>
			</trkpt>
			<trkpt lat="38.12535" lon="-2.7963">
				<ele>691.11</ele>
				<time>2026-09-10T13:44:39.845Z</time>
			</trkpt>
			<trkpt lat="38.1254" lon="-2.79611">
				<ele>690.73</ele>
				<time>2026-09-10T13:44:40.721Z</time>
			</trkpt>
			<trkpt lat="38.12518" lon="-2.79486">
				<ele>683.16</ele>
				<time>2026-09-10T13:44:46.320Z</time>
			</trkpt>
			<trkpt lat="38.12513" lon="-2.79348">
				<ele>678.23</ele>
				<time>2026-09-10T13:44:52.356Z</time>
			</trkpt>
			<trkpt lat="38.12529" lon="-2.79324">
				<ele>679.15</ele>
				<time>2026-09-10T13:44:53.730Z</time>
			</trkpt>
			<trkpt lat="38.12556" lon="-2.79315">
				<ele>682.2</ele>
				<time>2026-09-10T13:44:55.280Z</time>
			</trkpt>
			<trkpt lat="38.12642" lon="-2.79319">
				<ele>691.08</ele>
				<time>2026-09-10T13:45:00.057Z</time>
			</trkpt>
			<trkpt lat="38.12666" lon="-2.79309">
				<ele>690.49</ele>
				<time>2026-09-10T13:45:01.459Z</time>
			</trkpt>
			<trkpt lat="38.12727" lon="-2.79202">
				<ele>686.17</ele>
				<time>2026-09-10T13:45:07.226Z</time>
			</trkpt>
			<trkpt lat="38.12796" lon="-2.79046">
				<ele>686.68</ele>
				<time>2026-09-10T13:45:15.034Z</time>
			</trkpt>
			<trkpt lat="38.12794" lon="-2.79023">
				<ele>684.42</ele>
				<time>2026-09-10T13:45:16.044Z</time>
			</trkpt>
			<trkpt lat="38.12782" lon="-2.78987">
				<ele>679.75</ele>
				<time>2026-09-10T13:45:17.749Z</time>
			</trkpt>
			<trkpt lat="38.1278" lon="-2.78955">
				<ele>680.16</ele>
				<time>2026-09-10T13:45:19.149Z</time>
			</trkpt>
			<trkpt lat="38.12809" lon="-2.78901">
				<ele>683.35</ele>
				<time>2026-09-10T13:45:22.000Z</time>
			</trkpt>
			<trkpt lat="38.12928" lon="-2.78826">
				<ele>690.13</ele>
				<time>2026-09-10T13:45:29.360Z</time>
			</trkpt>
			<trkpt lat="38.12951" lon="-2.78799">
				<ele>688.97</ele>
				<time>2026-09-10T13:45:31.094Z</time>
			</trkpt>
			<trkpt lat="38.12976" lon="-2.78734">
				<ele>689.52</ele>
				<time>2026-09-10T13:45:34.247Z</time>
			</trkpt>
			<trkpt lat="38.13128" lon="-2.78539">
				<ele>692.84</ele>
				<time>2026-09-10T13:45:46.204Z</time>
			</trkpt>
			<trkpt lat="38.13152" lon="-2.78501">
				<ele>690.59</ele>
				<time>2026-09-10T13:45:48.326Z</time>
			</trkpt>
			<trkpt lat="38.1319" lon="-2.78476">
				<ele>696.88</ele>
				<time>2026-09-10T13:45:50.694Z</time>
			</trkpt>
			<trkpt lat="38.13235" lon="-2.7842">
				<ele>689.09</ele>
				<time>2026-09-10T13:45:54.179Z</time>
			</trkpt>
			<trkpt lat="38.13331" lon="-2.78403">
				<ele>694.43</ele>
				<time>2026-09-10T13:45:59.542Z</time>
			</trkpt>
			<trkpt lat="38.13419" lon="-2.78425">
				<ele>699.85</ele>
				<time>2026-09-10T13:46:04.503Z</time>
			</trkpt>
			<trkpt lat="38.13517" lon="-2.7843">
				<ele>698.15</ele>
				<time>2026-09-10T13:46:09.928Z</time>
			</trkpt>
			<trkpt lat="38.13557" lon="-2.7841">
				<ele>692.68</ele>
				<time>2026-09-10T13:46:12.305Z</time>
			</trkpt>
			<trkpt lat="38.13605" lon="-2.78434">
				<ele>703.13</ele>
				<time>2026-09-10T13:46:15.157Z</time>
			</trkpt>
			<trkpt lat="38.13696" lon="-2.78434">
				<ele>709.55</ele>
				<time>2026-09-10T13:46:20.189Z</time>
			</trkpt>
			<trkpt lat="38.13746" lon="-2.78409">
				<ele>707.52</ele>
				<time>2026-09-10T13:46:23.159Z</time>
			</trkpt>
			<trkpt lat="38.1383" lon="-2.78426">
				<ele>708.5</ele>
				<time>2026-09-10T13:46:27.861Z</time>
			</trkpt>
			<trkpt lat="38.139" lon="-2.78442">
				<ele>712.87</ele>
				<time>2026-09-10T13:46:31.792Z</time>
			</trkpt>
			<trkpt lat="38.13963" lon="-2.7849">
				<ele>712.5</ele>
				<time>2026-09-10T13:46:35.851Z</time>
			</trkpt>
			<trkpt lat="38.14052" lon="-2.78544">
				<ele>711.52</ele>
				<time>2026-09-10T13:46:41.301Z</time>
			</trkpt>
			<trkpt lat="38.14066" lon="-2.786">
				<ele>714.92</ele>
				<time>2026-09-10T13:46:43.855Z</time>
			</trkpt>
			<trkpt lat="38.14121" lon="-2.78731">
				<ele>724.51</ele>
				<time>2026-09-10T13:46:50.308Z</time>
			</trkpt>
			<trkpt lat="38.14145" lon="-2.78744">
				<ele>725.44</ele>
				<time>2026-09-10T13:46:51.750Z</time>
			</trkpt>
			<trkpt lat="38.14238" lon="-2.78759">
				<ele>717.42</ele>
				<time>2026-09-10T13:46:56.929Z</time>
			</trkpt>
			<trkpt lat="38.14306" lon="-2.78808">
				<ele>717.57</ele>
				<time>2026-09-10T13:47:01.247Z</time>
			</trkpt>
			<trkpt lat="38.14381" lon="-2.78831">
				<ele>713.63</ele>
				<time>2026-09-10T13:47:05.509Z</time>
			</trkpt>
			<trkpt lat="38.14406" lon="-2.78861">
				<ele>712.49</ele>
				<time>2026-09-10T13:47:07.408Z</time>
			</trkpt>
			<trkpt lat="38.14438" lon="-2.79014">
				<ele>712.22</ele>
				<time>2026-09-10T13:47:14.287Z</time>
			</trkpt>
			<trkpt lat="38.14468" lon="-2.79093">
				<ele>709.24</ele>
				<time>2026-09-10T13:47:18.098Z</time>
			</trkpt>
			<trkpt lat="38.14481" lon="-2.79159">
				<ele>704.79</ele>
				<time>2026-09-10T13:47:21.054Z</time>
			</trkpt>
			<trkpt lat="38.14478" lon="-2.79255">
				<ele>708.84</ele>
				<time>2026-09-10T13:47:25.228Z</time>
			</trkpt>
			<trkpt lat="38.14514" lon="-2.79421">
				<ele>707.57</ele>
				<time>2026-09-10T13:47:32.710Z</time>
			</trkpt>
			<trkpt lat="38.14612" lon="-2.79525">
				<ele>701.56</ele>
				<time>2026-09-10T13:47:39.762Z</time>
			</trkpt>
			<trkpt lat="38.14654" lon="-2.79508">
				<ele>701.95</ele>
				<time>2026-09-10T13:47:42.197Z</time>
			</trkpt>
			<trkpt lat="38.14713" lon="-2.79383">
				<ele>698.08</ele>
				<time>2026-09-10T13:47:48.532Z</time>
			</trkpt>
			<trkpt lat="38.14734" lon="-2.79365">
				<ele>698.87</ele>
				<time>2026-09-10T13:47:49.931Z</time>
			</trkpt>
			<trkpt lat="38.14769" lon="-2.79358">
				<ele>700.6</ele>
				<time>2026-09-10T13:47:51.889Z</time>
			</trkpt>
			<trkpt lat="38.14823" lon="-2.79375">
				<ele>707.27</ele>
				<time>2026-09-10T13:47:54.963Z</time>
			</trkpt>
			<trkpt lat="38.1484" lon="-2.79374">
				<ele>710.72</ele>
				<time>2026-09-10T13:47:55.904Z</time>
			</trkpt>
			<trkpt lat="38.14858" lon="-2.79339">
				<ele>708.32</ele>
				<time>2026-09-10T13:47:57.721Z</time>
			</trkpt>
			<trkpt lat="38.14876" lon="-2.79257">
				<ele>704.67</ele>
				<time>2026-09-10T13:48:01.421Z</time>
			</trkpt>
			<trkpt lat="38.14912" lon="-2.79168">
				<ele>704.5</ele>
				<time>2026-09-10T13:48:05.772Z</time>
			</trkpt>
			<trkpt lat="38.14911" lon="-2.79093">
				<ele>700.5</ele>
				<time>2026-09-10T13:48:09.032Z</time>
			</trkpt>
			<trkpt lat="38.1492" lon="-2.79021">
				<ele>697.57</ele>
				<time>2026-09-10T13:48:12.202Z</time>
			</trkpt>
			<trkpt lat="38.14999" lon="-2.7885">
				<ele>702.73</ele>
				<time>2026-09-10T13:48:20.825Z</time>
			</trkpt>
			<trkpt lat="38.15016" lon="-2.78793">
				<ele>699.35</ele>
				<time>2026-09-10T13:48:23.476Z</time>
			</trkpt>
			<trkpt lat="38.15032" lon="-2.78756">
				<ele>699.78</ele>
				<time>2026-09-10T13:48:25.313Z</time>
			</trkpt>
			<trkpt lat="38.15044" lon="-2.78738">
				<ele>702.36</ele>
				<time>2026-09-10T13:48:26.339Z</time>
			</trkpt>
			<trkpt lat="38.15055" lon="-2.78727">
				<ele>704.36</ele>
				<time>2026-09-10T13:48:27.113Z</time>
			</trkpt>
			<trkpt lat="38.15064" lon="-2.7872">
				<ele>705.06</ele>
				<time>2026-09-10T13:48:27.696Z</time>
			</trkpt>
			<trkpt lat="38.15122" lon="-2.78698">
				<ele>705.75</ele>
				<time>2026-09-10T13:48:31.044Z</time>
			</trkpt>
			<trkpt lat="38.15206" lon="-2.78669">
				<ele>703.08</ele>
				<time>2026-09-10T13:48:35.860Z</time>
			</trkpt>
			<trkpt lat="38.15279" lon="-2.78668">
				<ele>702.25</ele>
				<time>2026-09-10T13:48:39.899Z</time>
			</trkpt>
			<trkpt lat="38.15312" lon="-2.78647">
				<ele>696.61</ele>
				<time>2026-09-10T13:48:41.941Z</time>
			</trkpt>
			<trkpt lat="38.1535" lon="-2.78641">
				<ele>691.37</ele>
				<time>2026-09-10T13:48:44.060Z</time>
			</trkpt>
			<trkpt lat="38.15423" lon="-2.78677">
				<ele>694.71</ele>
				<time>2026-09-10T13:48:48.394Z</time>
			</trkpt>
			<trkpt lat="38.15509" lon="-2.78667">
				<ele>698.92</ele>
				<time>2026-09-10T13:48:53.175Z</time>
			</trkpt>
			<trkpt lat="38.15623" lon="-2.78675">
				<ele>701.29</ele>
				<time>2026-09-10T13:48:59.498Z</time>
			</trkpt>
			<trkpt lat="38.15728" lon="-2.78621">
				<ele>694.06</ele>
				<time>2026-09-10T13:49:05.772Z</time>
			</trkpt>
			<trkpt lat="38.15811" lon="-2.78599">
				<ele>689.54</ele>
				<time>2026-09-10T13:49:10.470Z</time>
			</trkpt>
			<trkpt lat="38.15984" lon="-2.7866">
				<ele>699.05</ele>
				<time>2026-09-10T13:49:20.422Z</time>
			</trkpt>
			<trkpt lat="38.16109" lon="-2.78522">
				<ele>689.41</ele>
				<time>2026-09-10T13:49:29.603Z</time>
			</trkpt>
			<trkpt lat="38.16247" lon="-2.78525">
				<ele>693.42</ele>
				<time>2026-09-10T13:49:37.263Z</time>
			</trkpt>
			<trkpt lat="38.16331" lon="-2.78492">
				<ele>689.43</ele>
				<time>2026-09-10T13:49:42.144Z</time>
			</trkpt>
			<trkpt lat="38.16504" lon="-2.78505">
				<ele>681.4</ele>
				<time>2026-09-10T13:49:51.771Z</time>
			</trkpt>
			<trkpt lat="38.16544" lon="-2.78537">
				<ele>679.65</ele>
				<time>2026-09-10T13:49:54.397Z</time>
			</trkpt>
			<trkpt lat="38.16557" lon="-2.78564">
				<ele>679.17</ele>
				<time>2026-09-10T13:49:55.781Z</time>
			</trkpt>
			<trkpt lat="38.1656" lon="-2.78593">
				<ele>680.94</ele>
				<time>2026-09-10T13:49:57.059Z</time>
			</trkpt>
			<trkpt lat="38.16546" lon="-2.78674">
				<ele>685.39</ele>
				<time>2026-09-10T13:50:00.685Z</time>
			</trkpt>
			<trkpt lat="38.16547" lon="-2.78703">
				<ele>685.3</ele>
				<time>2026-09-10T13:50:01.954Z</time>
			</trkpt>
			<trkpt lat="38.16599" lon="-2.78843">
				<ele>683.92</ele>
				<time>2026-09-10T13:50:08.726Z</time>
			</trkpt>
			<trkpt lat="38.16625" lon="-2.78927">
				<ele>682.44</ele>
				<time>2026-09-10T13:50:12.676Z</time>
			</trkpt>
			<trkpt lat="38.16644" lon="-2.78954">
				<ele>679.38</ele>
				<time>2026-09-10T13:50:14.262Z</time>
			</trkpt>
			<trkpt lat="38.1667" lon="-2.78975">
				<ele>675.36</ele>
				<time>2026-09-10T13:50:15.977Z</time>
			</trkpt>
			<trkpt lat="38.1668" lon="-2.78989">
				<ele>673.94</ele>
				<time>2026-09-10T13:50:16.805Z</time>
			</trkpt>
			<trkpt lat="38.16685" lon="-2.79005">
				<ele>673.47</ele>
				<time>2026-09-10T13:50:17.559Z</time>
			</trkpt>
			<trkpt lat="38.16682" lon="-2.79019">
				<ele>673.66</ele>
				<time>2026-09-10T13:50:18.194Z</time>
			</trkpt>
			<trkpt lat="38.1667" lon="-2.79042">
				<ele>676.33</ele>
				<time>2026-09-10T13:50:19.403Z</time>
			</trkpt>
			<trkpt lat="38.16667" lon="-2.79065">
				<ele>676.14</ele>
				<time>2026-09-10T13:50:20.424Z</time>
			</trkpt>
			<trkpt lat="38.1667" lon="-2.79082">
				<ele>676.04</ele>
				<time>2026-09-10T13:50:21.187Z</time>
			</trkpt>
			<trkpt lat="38.16684" lon="-2.79099">
				<ele>676.43</ele>
				<time>2026-09-10T13:50:22.265Z</time>
			</trkpt>
			<trkpt lat="38.16697" lon="-2.79111">
				<ele>676.11</ele>
				<time>2026-09-10T13:50:23.160Z</time>
			</trkpt>
			<trkpt lat="38.16705" lon="-2.79125">
				<ele>673.38</ele>
				<time>2026-09-10T13:50:23.918Z</time>
			</trkpt>
			<trkpt lat="38.16712" lon="-2.7915">
				<ele>671.81</ele>
				<time>2026-09-10T13:50:25.081Z</time>
			</trkpt>
			<trkpt lat="38.16714" lon="-2.79193">
				<ele>672.48</ele>
				<time>2026-09-10T13:50:26.968Z</time>
			</trkpt>
			<trkpt lat="38.16703" lon="-2.79255">
				<ele>673.26</ele>
				<time>2026-09-10T13:50:29.754Z</time>
			</trkpt>
			<trkpt lat="38.16676" lon="-2.79334">
				<ele>666.84</ele>
				<time>2026-09-10T13:50:33.530Z</time>
			</trkpt>
			<trkpt lat="38.16632" lon="-2.79419">
				<ele>668.1</ele>
				<time>2026-09-10T13:50:37.993Z</time>
			</trkpt>
			<trkpt lat="38.16568" lon="-2.79529">
				<ele>667.72</ele>
				<time>2026-09-10T13:50:43.998Z</time>
			</trkpt>
			<trkpt lat="38.16564" lon="-2.7955">
				<ele>668.42</ele>
				<time>2026-09-10T13:50:44.946Z</time>
			</trkpt>
			<trkpt lat="38.16569" lon="-2.79568">
				<ele>668.8</ele>
				<time>2026-09-10T13:50:45.785Z</time>
			</trkpt>
			<trkpt lat="38.16585" lon="-2.79585">
				<ele>668.65</ele>
				<time>2026-09-10T13:50:46.949Z</time>
			</trkpt>
			<trkpt lat="38.16617" lon="-2.79607">
				<ele>664.77</ele>
				<time>2026-09-10T13:50:48.980Z</time>
			</trkpt>
			<trkpt lat="38.16657" lon="-2.79665">
				<ele>664.21</ele>
				<time>2026-09-10T13:50:52.369Z</time>
			</trkpt>
			<trkpt lat="38.16665" lon="-2.79691">
				<ele>666.66</ele>
				<time>2026-09-10T13:50:53.596Z</time>
			</trkpt>
			<trkpt lat="38.16699" lon="-2.79857">
				<ele>668.64</ele>
				<time>2026-09-10T13:51:01.135Z</time>
			</trkpt>
			<trkpt lat="38.16712" lon="-2.79891">
				<ele>670.69</ele>
				<time>2026-09-10T13:51:02.798Z</time>
			</trkpt>
			<trkpt lat="38.16729" lon="-2.79899">
				<ele>670.03</ele>
				<time>2026-09-10T13:51:03.812Z</time>
			</trkpt>
			<trkpt lat="38.16739" lon="-2.79898">
				<ele>670.68</ele>
				<time>2026-09-10T13:51:04.373Z</time>
			</trkpt>
			<trkpt lat="38.16765" lon="-2.79882">
				<ele>669.01</ele>
				<time>2026-09-10T13:51:05.989Z</time>
			</trkpt>
			<trkpt lat="38.16781" lon="-2.79881">
				<ele>672.03</ele>
				<time>2026-09-10T13:51:06.885Z</time>
			</trkpt>
			<trkpt lat="38.16797" lon="-2.79873">
				<ele>673.55</ele>
				<time>2026-09-10T13:51:07.848Z</time>
			</trkpt>
			<trkpt lat="38.16833" lon="-2.79831">
				<ele>668.05</ele>
				<time>2026-09-10T13:51:10.582Z</time>
			</trkpt>
			<trkpt lat="38.16844" lon="-2.79814">
				<ele>666.09</ele>
				<time>2026-09-10T13:51:11.551Z</time>
			</trkpt>
			<trkpt lat="38.16886" lon="-2.79721">
				<ele>657.99</ele>
				<time>2026-09-10T13:51:16.274Z</time>
			</trkpt>
			<trkpt lat="38.16903" lon="-2.79702">
				<ele>656.03</ele>
				<time>2026-09-10T13:51:17.542Z</time>
			</trkpt>
			<trkpt lat="38.1692" lon="-2.79696">
				<ele>657.99</ele>
				<time>2026-09-10T13:51:18.530Z</time>
			</trkpt>
			<trkpt lat="38.17008" lon="-2.79694">
				<ele>662.18</ele>
				<time>2026-09-10T13:51:23.464Z</time>
			</trkpt>
			<trkpt lat="38.1703" lon="-2.79685">
				<ele>659.03</ele>
				<time>2026-09-10T13:51:24.759Z</time>
			</trkpt>
			<trkpt lat="38.17068" lon="-2.79664">
				<ele>650.97</ele>
				<time>2026-09-10T13:51:27.083Z</time>
			</trkpt>
			<trkpt lat="38.17082" lon="-2.79662">
				<ele>651.02</ele>
				<time>2026-09-10T13:51:27.873Z</time>
			</trkpt>
			<trkpt lat="38.17104" lon="-2.79671">
				<ele>652.85</ele>
				<time>2026-09-10T13:51:29.170Z</time>
			</trkpt>
			<trkpt lat="38.17123" lon="-2.79691">
				<ele>658.58</ele>
				<time>2026-09-10T13:51:30.554Z</time>
			</trkpt>
			<trkpt lat="38.17137" lon="-2.797">
				<ele>658.76</ele>
				<time>2026-09-10T13:51:31.434Z</time>
			</trkpt>
			<trkpt lat="38.17154" lon="-2.79707">
				<ele>659.26</ele>
				<time>2026-09-10T13:51:32.437Z</time>
			</trkpt>
			<trkpt lat="38.17219" lon="-2.79691">
				<ele>648.92</ele>
				<time>2026-09-10T13:51:36.154Z</time>
			</trkpt>
			<trkpt lat="38.17267" lon="-2.79687">
				<ele>650.08</ele>
				<time>2026-09-10T13:51:38.856Z</time>
			</trkpt>
			<trkpt lat="38.17286" lon="-2.79691">
				<ele>651.07</ele>
				<time>2026-09-10T13:51:39.938Z</time>
			</trkpt>
			<trkpt lat="38.17317" lon="-2.797">
				<ele>654.6</ele>
				<time>2026-09-10T13:51:41.724Z</time>
			</trkpt>
			<trkpt lat="38.17327" lon="-2.79701">
				<ele>654.44</ele>
				<time>2026-09-10T13:51:42.288Z</time>
			</trkpt>
			<trkpt lat="38.17342" lon="-2.79697">
				<ele>651.21</ele>
				<time>2026-09-10T13:51:43.149Z</time>
			</trkpt>
			<trkpt lat="38.17352" lon="-2.79688">
				<ele>647.33</ele>
				<time>2026-09-10T13:51:43.838Z</time>
			</trkpt>
			<trkpt lat="38.17375" lon="-2.79642">
				<ele>634.93</ele>
				<time>2026-09-10T13:51:46.247Z</time>
			</trkpt>
			<trkpt lat="38.17386" lon="-2.79625">
				<ele>633.05</ele>
				<time>2026-09-10T13:51:47.220Z</time>
			</trkpt>
			<trkpt lat="38.17403" lon="-2.79611">
				<ele>629.34</ele>
				<time>2026-09-10T13:51:48.359Z</time>
			</trkpt>
			<trkpt lat="38.17428" lon="-2.79597">
				<ele>624.62</ele>
				<time>2026-09-10T13:51:49.896Z</time>
			</trkpt>
			<trkpt lat="38.17448" lon="-2.79592">
				<ele>622.76</ele>
				<time>2026-09-10T13:51:51.042Z</time>
			</trkpt>
			<trkpt lat="38.17454" lon="-2.79591">
				<ele>621.57</ele>
				<time>2026-09-10T13:51:51.383Z</time>
			</trkpt>
			<trkpt lat="38.17478" lon="-2.7959">
				<ele>620.37</ele>
				<time>2026-09-10T13:51:52.734Z</time>
			</trkpt>
			<trkpt lat="38.17504" lon="-2.79595">
				<ele>622.92</ele>
				<time>2026-09-10T13:51:54.214Z</time>
			</trkpt>
			<trkpt lat="38.17531" lon="-2.79606">
				<ele>629.27</ele>
				<time>2026-09-10T13:51:55.810Z</time>
			</trkpt>
			<trkpt lat="38.1754" lon="-2.79605">
				<ele>631.5</ele>
				<time>2026-09-10T13:51:56.319Z</time>
			</trkpt>
			<trkpt lat="38.17575" lon="-2.79569">
				<ele>644.01</ele>
				<time>2026-09-10T13:51:58.853Z</time>
			</trkpt>
			<trkpt lat="38.1758" lon="-2.79559">
				<ele>646.65</ele>
				<time>2026-09-10T13:51:59.378Z</time>
			</trkpt>
			<trkpt lat="38.17587" lon="-2.79527">
				<ele>649.65</ele>
				<time>2026-09-10T13:52:00.848Z</time>
			</trkpt>
			<trkpt lat="38.17588" lon="-2.79503">
				<ele>648.65</ele>
				<time>2026-09-10T13:52:01.912Z</time>
			</trkpt>
			<trkpt lat="38.17583" lon="-2.79486">
				<ele>646.48</ele>
				<time>2026-09-10T13:52:02.716Z</time>
			</trkpt>
			<trkpt lat="38.17523" lon="-2.79348">
				<ele>647.3</ele>
				<time>2026-09-10T13:52:09.700Z</time>
			</trkpt>
			<trkpt lat="38.17512" lon="-2.79327">
				<ele>647.98</ele>
				<time>2026-09-10T13:52:10.818Z</time>
			</trkpt>
			<trkpt lat="38.1747" lon="-2.79258">
				<ele>655.85</ele>
				<time>2026-09-10T13:52:14.683Z</time>
			</trkpt>
			<trkpt lat="38.17463" lon="-2.79251">
				<ele>656.92</ele>
				<time>2026-09-10T13:52:15.185Z</time>
			</trkpt>
			<trkpt lat="38.17448" lon="-2.79239">
				<ele>656.11</ele>
				<time>2026-09-10T13:52:16.184Z</time>
			</trkpt>
			<trkpt lat="38.17187" lon="-2.7909">
				<ele>669.41</ele>
				<time>2026-09-10T13:52:32.312Z</time>
			</trkpt>
			<trkpt lat="38.1718" lon="-2.79085">
				<ele>669.73</ele>
				<time>2026-09-10T13:52:32.765Z</time>
			</trkpt>
			<trkpt lat="38.17121" lon="-2.79004">
				<ele>682.2</ele>
				<time>2026-09-10T13:52:37.661Z</time>
			</trkpt>
			<trkpt lat="38.17095" lon="-2.78988">
				<ele>675.87</ele>
				<time>2026-09-10T13:52:39.290Z</time>
			</trkpt>
			<trkpt lat="38.17074" lon="-2.78961">
				<ele>670.85</ele>
				<time>2026-09-10T13:52:40.974Z</time>
			</trkpt>
			<trkpt lat="38.17052" lon="-2.78913">
				<ele>667.83</ele>
				<time>2026-09-10T13:52:43.438Z</time>
			</trkpt>
			<trkpt lat="38.17035" lon="-2.78866">
				<ele>667.19</ele>
				<time>2026-09-10T13:52:45.733Z</time>
			</trkpt>
			<trkpt lat="38.17025" lon="-2.78807">
				<ele>660.4</ele>
				<time>2026-09-10T13:52:48.410Z</time>
			</trkpt>
			<trkpt lat="38.17024" lon="-2.78758">
				<ele>652.14</ele>
				<time>2026-09-10T13:52:50.584Z</time>
			</trkpt>
			<trkpt lat="38.17032" lon="-2.78695">
				<ele>661.1</ele>
				<time>2026-09-10T13:52:53.415Z</time>
			</trkpt>
			<trkpt lat="38.17023" lon="-2.78639">
				<ele>651.08</ele>
				<time>2026-09-10T13:52:55.951Z</time>
			</trkpt>
			<trkpt lat="38.17029" lon="-2.78615">
				<ele>649.79</ele>
				<time>2026-09-10T13:52:57.068Z</time>
			</trkpt>
			<trkpt lat="38.17053" lon="-2.78542">
				<ele>647.2</ele>
				<time>2026-09-10T13:53:00.578Z</time>
			</trkpt>
			<trkpt lat="38.17076" lon="-2.78498">
				<ele>645.1</ele>
				<time>2026-09-10T13:53:02.923Z</time>
			</trkpt>
			<trkpt lat="38.17137" lon="-2.78436">
				<ele>651.78</ele>
				<time>2026-09-10T13:53:07.329Z</time>
			</trkpt>
			<trkpt lat="38.17154" lon="-2.78415">
				<ele>654.21</ele>
				<time>2026-09-10T13:53:08.667Z</time>
			</trkpt>
			<trkpt lat="38.1728" lon="-2.78204">
				<ele>663.71</ele>
				<time>2026-09-10T13:53:20.425Z</time>
			</trkpt>
			<trkpt lat="38.17332" lon="-2.78131">
				<ele>666.52</ele>
				<time>2026-09-10T13:53:24.797Z</time>
			</trkpt>
			<trkpt lat="38.17349" lon="-2.78119">
				<ele>667.88</ele>
				<time>2026-09-10T13:53:25.894Z</time>
			</trkpt>
			<trkpt lat="38.17419" lon="-2.7809">
				<ele>680.86</ele>
				<time>2026-09-10T13:53:30.050Z</time>
			</trkpt>
			<trkpt lat="38.17431" lon="-2.78081">
				<ele>684.24</ele>
				<time>2026-09-10T13:53:30.836Z</time>
			</trkpt>
			<trkpt lat="38.17559" lon="-2.77911">
				<ele>685.6</ele>
				<time>2026-09-10T13:53:41.283Z</time>
			</trkpt>
			<trkpt lat="38.17594" lon="-2.77883">
				<ele>691.86</ele>
				<time>2026-09-10T13:53:43.617Z</time>
			</trkpt>
			<trkpt lat="38.17717" lon="-2.77805">
				<ele>707.7</ele>
				<time>2026-09-10T13:53:51.376Z</time>
			</trkpt>
			<trkpt lat="38.1773" lon="-2.77794">
				<ele>708.76</ele>
				<time>2026-09-10T13:53:52.257Z</time>
			</trkpt>
			<trkpt lat="38.17743" lon="-2.77781">
				<ele>709.35</ele>
				<time>2026-09-10T13:53:53.190Z</time>
			</trkpt>
			<trkpt lat="38.17776" lon="-2.7772">
				<ele>703.38</ele>
				<time>2026-09-10T13:53:56.476Z</time>
			</trkpt>
			<trkpt lat="38.17794" lon="-2.7771">
				<ele>705.9</ele>
				<time>2026-09-10T13:53:57.585Z</time>
			</trkpt>
			<trkpt lat="38.17825" lon="-2.77702">
				<ele>714.39</ele>
				<time>2026-09-10T13:53:59.370Z</time>
			</trkpt>
			<trkpt lat="38.17852" lon="-2.77691">
				<ele>719.58</ele>
				<time>2026-09-10T13:54:00.971Z</time>
			</trkpt>
			<trkpt lat="38.1793" lon="-2.77643">
				<ele>712.05</ele>
				<time>2026-09-10T13:54:05.861Z</time>
			</trkpt>
			<trkpt lat="38.17958" lon="-2.77637">
				<ele>715.75</ele>
				<time>2026-09-10T13:54:07.464Z</time>
			</trkpt>
			<trkpt lat="38.18043" lon="-2.77646">
				<ele>732.97</ele>
				<time>2026-09-10T13:54:12.278Z</time>
			</trkpt>
			<trkpt lat="38.1813" lon="-2.77629">
				<ele>732.73</ele>
				<time>2026-09-10T13:54:17.245Z</time>
			</trkpt>
			<trkpt lat="38.18218" lon="-2.77634">
				<ele>738.38</ele>
				<time>2026-09-10T13:54:22.215Z</time>
			</trkpt>
			<trkpt lat="38.18244" lon="-2.77652">
				<ele>743.64</ele>
				<time>2026-09-10T13:54:23.885Z</time>
			</trkpt>
			<trkpt lat="38.18265" lon="-2.77676">
				<ele>748.35</ele>
				<time>2026-09-10T13:54:25.478Z</time>
			</trkpt>
			<trkpt lat="38.18298" lon="-2.77685">
				<ele>752.46</ele>
				<time>2026-09-10T13:54:27.382Z</time>
			</trkpt>
			<trkpt lat="38.18318" lon="-2.77672">
				<ele>752.14</ele>
				<time>2026-09-10T13:54:28.649Z</time>
			</trkpt>
			<trkpt lat="38.18329" lon="-2.77641">
				<ele>748.52</ele>
				<time>2026-09-10T13:54:30.157Z</time>
			</trkpt>
			<trkpt lat="38.18326" lon="-2.77614">
				<ele>746.64</ele>
				<time>2026-09-10T13:54:31.366Z</time>
			</trkpt>
			<trkpt lat="38.18288" lon="-2.77533">
				<ele>750.58</ele>
				<time>2026-09-10T13:54:35.549Z</time>
			</trkpt>
			<trkpt lat="38.18285" lon="-2.77523">
				<ele>751.71</ele>
				<time>2026-09-10T13:54:36.023Z</time>
			</trkpt>
			<trkpt lat="38.18285" lon="-2.77513">
				<ele>752.65</ele>
				<time>2026-09-10T13:54:36.467Z</time>
			</trkpt>
			<trkpt lat="38.18286" lon="-2.77499">
				<ele>754.39</ele>
				<time>2026-09-10T13:54:37.090Z</time>
			</trkpt>
			<trkpt lat="38.18292" lon="-2.77486">
				<ele>755.6</ele>
				<time>2026-09-10T13:54:37.758Z</time>
			</trkpt>
			<trkpt lat="38.18301" lon="-2.77476">
				<ele>756.66</ele>
				<time>2026-09-10T13:54:38.432Z</time>
			</trkpt>
			<trkpt lat="38.18313" lon="-2.7747">
				<ele>756.96</ele>
				<time>2026-09-10T13:54:39.159Z</time>
			</trkpt>
			<trkpt lat="38.18327" lon="-2.77469">
				<ele>757.25</ele>
				<time>2026-09-10T13:54:39.950Z</time>
			</trkpt>
			<trkpt lat="38.18381" lon="-2.77476">
				<ele>758.97</ele>
				<time>2026-09-10T13:54:43.011Z</time>
			</trkpt>
			<trkpt lat="38.18394" lon="-2.77475">
				<ele>760.5</ele>
				<time>2026-09-10T13:54:43.745Z</time>
			</trkpt>
			<trkpt lat="38.18407" lon="-2.77471">
				<ele>761.92</ele>
				<time>2026-09-10T13:54:44.500Z</time>
			</trkpt>
			<trkpt lat="38.18418" lon="-2.77465">
				<ele>762.28</ele>
				<time>2026-09-10T13:54:45.174Z</time>
			</trkpt>
			<trkpt lat="38.18584" lon="-2.77328">
				<ele>772.84</ele>
				<time>2026-09-10T13:54:56.329Z</time>
			</trkpt>
			<trkpt lat="38.18602" lon="-2.7731">
				<ele>772.24</ele>
				<time>2026-09-10T13:54:57.619Z</time>
			</trkpt>
			<trkpt lat="38.18618" lon="-2.77286">
				<ele>771.57</ele>
				<time>2026-09-10T13:54:59.013Z</time>
			</trkpt>
			<trkpt lat="38.18647" lon="-2.77196">
				<ele>769.02</ele>
				<time>2026-09-10T13:55:03.322Z</time>
			</trkpt>
			<trkpt lat="38.18662" lon="-2.77162">
				<ele>767.6</ele>
				<time>2026-09-10T13:55:05.048Z</time>
			</trkpt>
			<trkpt lat="38.18716" lon="-2.77109">
				<ele>762.01</ele>
				<time>2026-09-10T13:55:08.891Z</time>
			</trkpt>
			<trkpt lat="38.18735" lon="-2.77095">
				<ele>764.9</ele>
				<time>2026-09-10T13:55:10.127Z</time>
			</trkpt>
			<trkpt lat="38.18771" lon="-2.7705">
				<ele>760.16</ele>
				<time>2026-09-10T13:55:12.970Z</time>
			</trkpt>
			<trkpt lat="38.18788" lon="-2.7704">
				<ele>759.42</ele>
				<time>2026-09-10T13:55:14.025Z</time>
			</trkpt>
			<trkpt lat="38.18806" lon="-2.77039">
				<ele>760.32</ele>
				<time>2026-09-10T13:55:15.039Z</time>
			</trkpt>
			<trkpt lat="38.18852" lon="-2.77059">
				<ele>769.37</ele>
				<time>2026-09-10T13:55:17.777Z</time>
			</trkpt>
			<trkpt lat="38.18908" lon="-2.77059">
				<ele>760.13</ele>
				<time>2026-09-10T13:55:20.929Z</time>
			</trkpt>
			<trkpt lat="38.18929" lon="-2.77074">
				<ele>757.95</ele>
				<time>2026-09-10T13:55:22.285Z</time>
			</trkpt>
			<trkpt lat="38.18962" lon="-2.77118">
				<ele>760.6</ele>
				<time>2026-09-10T13:55:24.976Z</time>
			</trkpt>
			<trkpt lat="38.19017" lon="-2.77158">
				<ele>757.65</ele>
				<time>2026-09-10T13:55:28.541Z</time>
			</trkpt>
			<trkpt lat="38.19102" lon="-2.77206">
				<ele>753.02</ele>
				<time>2026-09-10T13:55:33.774Z</time>
			</trkpt>
			<trkpt lat="38.19126" lon="-2.77212">
				<ele>751.05</ele>
				<time>2026-09-10T13:55:35.149Z</time>
			</trkpt>
			<trkpt lat="38.19145" lon="-2.77212">
				<ele>749.7</ele>
				<time>2026-09-10T13:55:36.218Z</time>
			</trkpt>
			<trkpt lat="38.19163" lon="-2.77205">
				<ele>748.09</ele>
				<time>2026-09-10T13:55:37.277Z</time>
			</trkpt>
			<trkpt lat="38.19189" lon="-2.77188">
				<ele>750.19</ele>
				<time>2026-09-10T13:55:38.921Z</time>
			</trkpt>
			<trkpt lat="38.19205" lon="-2.7717">
				<ele>750.22</ele>
				<time>2026-09-10T13:55:40.122Z</time>
			</trkpt>
			<trkpt lat="38.19216" lon="-2.7715">
				<ele>750.86</ele>
				<time>2026-09-10T13:55:41.201Z</time>
			</trkpt>
			<trkpt lat="38.19218" lon="-2.77124">
				<ele>750.78</ele>
				<time>2026-09-10T13:55:42.355Z</time>
			</trkpt>
			<trkpt lat="38.19205" lon="-2.77063">
				<ele>752.83</ele>
				<time>2026-09-10T13:55:45.148Z</time>
			</trkpt>
			<trkpt lat="38.19198" lon="-2.77003">
				<ele>752.38</ele>
				<time>2026-09-10T13:55:47.828Z</time>
			</trkpt>
			<trkpt lat="38.192" lon="-2.76988">
				<ele>752.84</ele>
				<time>2026-09-10T13:55:48.500Z</time>
			</trkpt>
			<trkpt lat="38.1921" lon="-2.76969">
				<ele>754.31</ele>
				<time>2026-09-10T13:55:49.510Z</time>
			</trkpt>
			<trkpt lat="38.19249" lon="-2.76921">
				<ele>755.53</ele>
				<time>2026-09-10T13:55:52.559Z</time>
			</trkpt>
			<trkpt lat="38.19262" lon="-2.76894">
				<ele>760.77</ele>
				<time>2026-09-10T13:55:53.957Z</time>
			</trkpt>
			<trkpt lat="38.19266" lon="-2.76871">
				<ele>763.28</ele>
				<time>2026-09-10T13:55:54.997Z</time>
			</trkpt>
			<trkpt lat="38.19263" lon="-2.76782">
				<ele>764.17</ele>
				<time>2026-09-10T13:55:58.930Z</time>
			</trkpt>
			<trkpt lat="38.19266" lon="-2.76757">
				<ele>765.56</ele>
				<time>2026-09-10T13:56:00.046Z</time>
			</trkpt>
			<trkpt lat="38.19297" lon="-2.76624">
				<ele>768.68</ele>
				<time>2026-09-10T13:56:06.167Z</time>
			</trkpt>
			<trkpt lat="38.19307" lon="-2.76601">
				<ele>768.97</ele>
				<time>2026-09-10T13:56:07.327Z</time>
			</trkpt>
			<trkpt lat="38.19377" lon="-2.76533">
				<ele>778.04</ele>
				<time>2026-09-10T13:56:12.269Z</time>
			</trkpt>
			<trkpt lat="38.19433" lon="-2.76489">
				<ele>776.69</ele>
				<time>2026-09-10T13:56:15.961Z</time>
			</trkpt>
			<trkpt lat="38.19448" lon="-2.7647">
				<ele>776.77</ele>
				<time>2026-09-10T13:56:17.148Z</time>
			</trkpt>
			<trkpt lat="38.19457" lon="-2.76448">
				<ele>776.1</ele>
				<time>2026-09-10T13:56:18.241Z</time>
			</trkpt>
			<trkpt lat="38.19476" lon="-2.76261">
				<ele>758.57</ele>
				<time>2026-09-10T13:56:26.548Z</time>
			</trkpt>
			<trkpt lat="38.19484" lon="-2.76235">
				<ele>759.83</ele>
				<time>2026-09-10T13:56:27.777Z</time>
			</trkpt>
			<trkpt lat="38.19548" lon="-2.76145">
				<ele>761.81</ele>
				<time>2026-09-10T13:56:33.121Z</time>
			</trkpt>
			<trkpt lat="38.19606" lon="-2.76108">
				<ele>766.71</ele>
				<time>2026-09-10T13:56:36.754Z</time>
			</trkpt>
			<trkpt lat="38.19696" lon="-2.7603">
				<ele>766.32</ele>
				<time>2026-09-10T13:56:42.848Z</time>
			</trkpt>
			<trkpt lat="38.19724" lon="-2.75995">
				<ele>764.4</ele>
				<time>2026-09-10T13:56:45.044Z</time>
			</trkpt>
			<trkpt lat="38.19737" lon="-2.75988">
				<ele>765.19</ele>
				<time>2026-09-10T13:56:45.834Z</time>
			</trkpt>
			<trkpt lat="38.1975" lon="-2.75987">
				<ele>767.06</ele>
				<time>2026-09-10T13:56:46.562Z</time>
			</trkpt>
			<trkpt lat="38.1982" lon="-2.75998">
				<ele>773.92</ele>
				<time>2026-09-10T13:56:50.506Z</time>
			</trkpt>
			<trkpt lat="38.19846" lon="-2.75991">
				<ele>774.21</ele>
				<time>2026-09-10T13:56:51.992Z</time>
			</trkpt>
			<trkpt lat="38.19877" lon="-2.75974">
				<ele>776.08</ele>
				<time>2026-09-10T13:56:53.879Z</time>
			</trkpt>
			<trkpt lat="38.199" lon="-2.75954">
				<ele>777.97</ele>
				<time>2026-09-10T13:56:55.436Z</time>
			</trkpt>
			<trkpt lat="38.19957" lon="-2.75878">
				<ele>775.72</ele>
				<time>2026-09-10T13:57:00.048Z</time>
			</trkpt>
			<trkpt lat="38.19981" lon="-2.75866">
				<ele>775.94</ele>
				<time>2026-09-10T13:57:01.488Z</time>
			</trkpt>
			<trkpt lat="38.2004" lon="-2.75864">
				<ele>782.9</ele>
				<time>2026-09-10T13:57:04.784Z</time>
			</trkpt>
			<trkpt lat="38.20062" lon="-2.75854">
				<ele>783.42</ele>
				<time>2026-09-10T13:57:06.088Z</time>
			</trkpt>
			<trkpt lat="38.20109" lon="-2.75813">
				<ele>782.17</ele>
				<time>2026-09-10T13:57:09.268Z</time>
			</trkpt>
			<trkpt lat="38.20136" lon="-2.758">
				<ele>784.1</ele>
				<time>2026-09-10T13:57:10.879Z</time>
			</trkpt>
			<trkpt lat="38.20182" lon="-2.75789">
				<ele>788.53</ele>
				<time>2026-09-10T13:57:13.490Z</time>
			</trkpt>
			<trkpt lat="38.202" lon="-2.7578">
				<ele>789.33</ele>
				<time>2026-09-10T13:57:14.568Z</time>
			</trkpt>
			<trkpt lat="38.2031" lon="-2.75702">
				<ele>789.59</ele>
				<time>2026-09-10T13:57:21.588Z</time>
			</trkpt>
			<trkpt lat="38.20364" lon="-2.75675">
				<ele>788.76</ele>
				<time>2026-09-10T13:57:24.820Z</time>
			</trkpt>
			<trkpt lat="38.20383" lon="-2.75668">
				<ele>787.27</ele>
				<time>2026-09-10T13:57:25.921Z</time>
			</trkpt>
			<trkpt lat="38.20492" lon="-2.7567">
				<ele>786.01</ele>
				<time>2026-09-10T13:57:31.990Z</time>
			</trkpt>
			<trkpt lat="38.2053" lon="-2.75676">
				<ele>788.06</ele>
				<time>2026-09-10T13:57:34.121Z</time>
			</trkpt>
			<trkpt lat="38.2057" lon="-2.75693">
				<ele>793.59</ele>
				<time>2026-09-10T13:57:36.467Z</time>
			</trkpt>
			<trkpt lat="38.20604" lon="-2.75697">
				<ele>792.19</ele>
				<time>2026-09-10T13:57:38.366Z</time>
			</trkpt>
			<trkpt lat="38.20696" lon="-2.75663">
				<ele>788.42</ele>
				<time>2026-09-10T13:57:43.691Z</time>
			</trkpt>
			<trkpt lat="38.20712" lon="-2.75664">
				<ele>787.71</ele>
				<time>2026-09-10T13:57:44.581Z</time>
			</trkpt>
			<trkpt lat="38.20755" lon="-2.75672">
				<ele>784.54</ele>
				<time>2026-09-10T13:57:46.995Z</time>
			</trkpt>
			<trkpt lat="38.20857" lon="-2.75702">
				<ele>781.17</ele>
				<time>2026-09-10T13:57:52.807Z</time>
			</trkpt>
			<trkpt lat="38.20877" lon="-2.75703">
				<ele>779.56</ele>
				<time>2026-09-10T13:57:53.918Z</time>
			</trkpt>
			<trkpt lat="38.20934" lon="-2.75689">
				<ele>769.82</ele>
				<time>2026-09-10T13:57:57.139Z</time>
			</trkpt>
			<trkpt lat="38.20994" lon="-2.7573">
				<ele>770</ele>
				<time>2026-09-10T13:58:00.915Z</time>
			</trkpt>
			<trkpt lat="38.2116" lon="-2.75724">
				<ele>777</ele>
				<time>2026-09-10T13:58:10.116Z</time>
			</trkpt>
			<trkpt lat="38.21179" lon="-2.75716">
				<ele>776.25</ele>
				<time>2026-09-10T13:58:11.223Z</time>
			</trkpt>
			<trkpt lat="38.21357" lon="-2.75608">
				<ele>777.7</ele>
				<time>2026-09-10T13:58:22.130Z</time>
			</trkpt>
			<trkpt lat="38.21459" lon="-2.75549">
				<ele>779.55</ele>
				<time>2026-09-10T13:58:28.319Z</time>
			</trkpt>
			<trkpt lat="38.21515" lon="-2.75517">
				<ele>782.93</ele>
				<time>2026-09-10T13:58:31.708Z</time>
			</trkpt>
			<trkpt lat="38.21615" lon="-2.75467">
				<ele>783.11</ele>
				<time>2026-09-10T13:58:37.634Z</time>
			</trkpt>
			<trkpt lat="38.21668" lon="-2.75435">
				<ele>776.72</ele>
				<time>2026-09-10T13:58:40.867Z</time>
			</trkpt>
			<trkpt lat="38.21738" lon="-2.75364">
				<ele>774.5</ele>
				<time>2026-09-10T13:58:45.797Z</time>
			</trkpt>
			<trkpt lat="38.2175" lon="-2.75358">
				<ele>773.74</ele>
				<time>2026-09-10T13:58:46.507Z</time>
			</trkpt>
			<trkpt lat="38.21817" lon="-2.7534">
				<ele>769.96</ele>
				<time>2026-09-10T13:58:50.275Z</time>
			</trkpt>
			<trkpt lat="38.21838" lon="-2.75332">
				<ele>768.24</ele>
				<time>2026-09-10T13:58:51.481Z</time>
			</trkpt>
			<trkpt lat="38.21882" lon="-2.75302">
				<ele>764.29</ele>
				<time>2026-09-10T13:58:54.226Z</time>
			</trkpt>
			<trkpt lat="38.21918" lon="-2.75287">
				<ele>760.67</ele>
				<time>2026-09-10T13:58:56.308Z</time>
			</trkpt>
			<trkpt lat="38.21933" lon="-2.7529">
				<ele>760.48</ele>
				<time>2026-09-10T13:58:57.143Z</time>
			</trkpt>
			<trkpt lat="38.21964" lon="-2.75305">
				<ele>760.27</ele>
				<time>2026-09-10T13:58:58.965Z</time>
			</trkpt>
			<trkpt lat="38.22013" lon="-2.75335">
				<ele>762.26</ele>
				<time>2026-09-10T13:59:01.951Z</time>
			</trkpt>
			<trkpt lat="38.22031" lon="-2.75341">
				<ele>761.71</ele>
				<time>2026-09-10T13:59:02.972Z</time>
			</trkpt>
			<trkpt lat="38.22049" lon="-2.75336">
				<ele>759.87</ele>
				<time>2026-09-10T13:59:03.984Z</time>
			</trkpt>
			<trkpt lat="38.2207" lon="-2.75317">
				<ele>758.48</ele>
				<time>2026-09-10T13:59:05.398Z</time>
			</trkpt>
			<trkpt lat="38.22119" lon="-2.75256">
				<ele>755.98</ele>
				<time>2026-09-10T13:59:09.157Z</time>
			</trkpt>
			<trkpt lat="38.22172" lon="-2.75143">
				<ele>745.61</ele>
				<time>2026-09-10T13:59:14.824Z</time>
			</trkpt>
			<trkpt lat="38.222" lon="-2.7507">
				<ele>741.31</ele>
				<time>2026-09-10T13:59:18.318Z</time>
			</trkpt>
			<trkpt lat="38.22248" lon="-2.75015">
				<ele>736.4</ele>
				<time>2026-09-10T13:59:21.853Z</time>
			</trkpt>
			<trkpt lat="38.22338" lon="-2.74952">
				<ele>730.05</ele>
				<time>2026-09-10T13:59:27.468Z</time>
			</trkpt>
			<trkpt lat="38.22353" lon="-2.74933">
				<ele>727.46</ele>
				<time>2026-09-10T13:59:28.625Z</time>
			</trkpt>
			<trkpt lat="38.22366" lon="-2.74904">
				<ele>725.37</ele>
				<time>2026-09-10T13:59:30.058Z</time>
			</trkpt>
			<trkpt lat="38.22396" lon="-2.74815">
				<ele>723.01</ele>
				<time>2026-09-10T13:59:34.212Z</time>
			</trkpt>
			<trkpt lat="38.22409" lon="-2.74728">
				<ele>719.37</ele>
				<time>2026-09-10T13:59:38.007Z</time>
			</trkpt>
			<trkpt lat="38.22411" lon="-2.74694">
				<ele>716.37</ele>
				<time>2026-09-10T13:59:39.467Z</time>
			</trkpt>
			<trkpt lat="38.22405" lon="-2.74668">
				<ele>715.19</ele>
				<time>2026-09-10T13:59:40.628Z</time>
			</trkpt>
			<trkpt lat="38.22383" lon="-2.74616">
				<ele>716.05</ele>
				<time>2026-09-10T13:59:43.156Z</time>
			</trkpt>
			<trkpt lat="38.22376" lon="-2.74605">
				<ele>715.68</ele>
				<time>2026-09-10T13:59:43.762Z</time>
			</trkpt>
			<trkpt lat="38.22355" lon="-2.74584">
				<ele>713</ele>
				<time>2026-09-10T13:59:45.216Z</time>
			</trkpt>
			<trkpt lat="38.22334" lon="-2.74568">
				<ele>709.73</ele>
				<time>2026-09-10T13:59:46.549Z</time>
			</trkpt>
			<trkpt lat="38.22326" lon="-2.74558">
				<ele>708.9</ele>
				<time>2026-09-10T13:59:47.159Z</time>
			</trkpt>
			<trkpt lat="38.22314" lon="-2.74531">
				<ele>707.66</ele>
				<time>2026-09-10T13:59:48.486Z</time>
			</trkpt>
			<trkpt lat="38.22312" lon="-2.74506">
				<ele>706.97</ele>
				<time>2026-09-10T13:59:49.560Z</time>
			</trkpt>
			<trkpt lat="38.22313" lon="-2.74485">
				<ele>706.5</ele>
				<time>2026-09-10T13:59:50.459Z</time>
			</trkpt>
			<trkpt lat="38.22325" lon="-2.7444">
				<ele>706.82</ele>
				<time>2026-09-10T13:59:52.489Z</time>
			</trkpt>
			<trkpt lat="38.2233" lon="-2.74412">
				<ele>704.83</ele>
				<time>2026-09-10T13:59:53.716Z</time>
			</trkpt>
			<trkpt lat="38.22331" lon="-2.74383">
				<ele>703.25</ele>
				<time>2026-09-10T13:59:54.955Z</time>
			</trkpt>
			<trkpt lat="38.22329" lon="-2.74328">
				<ele>698.9</ele>
				<time>2026-09-10T13:59:57.305Z</time>
			</trkpt>
			<trkpt lat="38.22326" lon="-2.7432">
				<ele>697.97</ele>
				<time>2026-09-10T13:59:57.684Z</time>
			</trkpt>
			<trkpt lat="38.2232" lon="-2.7431">
				<ele>696.71</ele>
				<time>2026-09-10T13:59:58.220Z</time>
			</trkpt>
			<trkpt lat="38.22271" lon="-2.74239">
				<ele>692.15</ele>
				<time>2026-09-10T14:00:02.251Z</time>
			</trkpt>
			<trkpt lat="38.22265" lon="-2.74216">
				<ele>691.76</ele>
				<time>2026-09-10T14:00:03.284Z</time>
			</trkpt>
			<trkpt lat="38.22267" lon="-2.74198">
				<ele>691.42</ele>
				<time>2026-09-10T14:00:04.058Z</time>
			</trkpt>
			<trkpt lat="38.22281" lon="-2.74154">
				<ele>690.76</ele>
				<time>2026-09-10T14:00:06.081Z</time>
			</trkpt>
			<trkpt lat="38.22285" lon="-2.74134">
				<ele>690.42</ele>
				<time>2026-09-10T14:00:06.960Z</time>
			</trkpt>
			<trkpt lat="38.22304" lon="-2.73938">
				<ele>681.91</ele>
				<time>2026-09-10T14:00:15.362Z</time>
			</trkpt>
			<trkpt lat="38.22308" lon="-2.73913">
				<ele>681.11</ele>
				<time>2026-09-10T14:00:16.446Z</time>
			</trkpt>
			<trkpt lat="38.22313" lon="-2.7389">
				<ele>681.67</ele>
				<time>2026-09-10T14:00:17.460Z</time>
			</trkpt>
			<trkpt lat="38.22322" lon="-2.73873">
				<ele>680.77</ele>
				<time>2026-09-10T14:00:18.331Z</time>
			</trkpt>
			<trkpt lat="38.22343" lon="-2.7384">
				<ele>679.38</ele>
				<time>2026-09-10T14:00:20.134Z</time>
			</trkpt>
			<trkpt lat="38.22356" lon="-2.73808">
				<ele>678.44</ele>
				<time>2026-09-10T14:00:21.663Z</time>
			</trkpt>
			<trkpt lat="38.22361" lon="-2.73786">
				<ele>677.91</ele>
				<time>2026-09-10T14:00:22.635Z</time>
			</trkpt>
			<trkpt lat="38.22368" lon="-2.73723">
				<ele>677.29</ele>
				<time>2026-09-10T14:00:25.335Z</time>
			</trkpt>
			<trkpt lat="38.22371" lon="-2.73679">
				<ele>676.76</ele>
				<time>2026-09-10T14:00:27.207Z</time>
			</trkpt>
			<trkpt lat="38.22371" lon="-2.73661">
				<ele>676.55</ele>
				<time>2026-09-10T14:00:27.970Z</time>
			</trkpt>
			<trkpt lat="38.22367" lon="-2.73629">
				<ele>675.63</ele>
				<time>2026-09-10T14:00:29.343Z</time>
			</trkpt>
			<trkpt lat="38.2236" lon="-2.73613">
				<ele>675.27</ele>
				<time>2026-09-10T14:00:30.119Z</time>
			</trkpt>
			<trkpt lat="38.22349" lon="-2.73595">
				<ele>677.18</ele>
				<time>2026-09-10T14:00:31.085Z</time>
			</trkpt>
			<trkpt lat="38.22293" lon="-2.73541">
				<ele>675.91</ele>
				<time>2026-09-10T14:00:34.871Z</time>
			</trkpt>
			<trkpt lat="38.22269" lon="-2.73512">
				<ele>669.58</ele>
				<time>2026-09-10T14:00:36.653Z</time>
			</trkpt>
			<trkpt lat="38.22211" lon="-2.73426">
				<ele>662.49</ele>
				<time>2026-09-10T14:00:41.444Z</time>
			</trkpt>
			<trkpt lat="38.22171" lon="-2.73373">
				<ele>658.08</ele>
				<time>2026-09-10T14:00:44.547Z</time>
			</trkpt>
			<trkpt lat="38.22162" lon="-2.73363">
				<ele>658.04</ele>
				<time>2026-09-10T14:00:45.189Z</time>
			</trkpt>
			<trkpt lat="38.2211" lon="-2.7332">
				<ele>659.65</ele>
				<time>2026-09-10T14:00:48.520Z</time>
			</trkpt>
			<trkpt lat="38.22076" lon="-2.73269">
				<ele>657.71</ele>
				<time>2026-09-10T14:00:51.340Z</time>
			</trkpt>
			<trkpt lat="38.22059" lon="-2.7325">
				<ele>654.61</ele>
				<time>2026-09-10T14:00:52.553Z</time>
			</trkpt>
			<trkpt lat="38.22044" lon="-2.73236">
				<ele>652.51</ele>
				<time>2026-09-10T14:00:53.550Z</time>
			</trkpt>
			<trkpt lat="38.2203" lon="-2.73222">
				<ele>649.77</ele>
				<time>2026-09-10T14:00:54.505Z</time>
			</trkpt>
			<trkpt lat="38.22019" lon="-2.73202">
				<ele>648.61</ele>
				<time>2026-09-10T14:00:55.533Z</time>
			</trkpt>
			<trkpt lat="38.22015" lon="-2.73186">
				<ele>646.72</ele>
				<time>2026-09-10T14:00:56.240Z</time>
			</trkpt>
			<trkpt lat="38.22014" lon="-2.73101">
				<ele>644.45</ele>
				<time>2026-09-10T14:00:59.817Z</time>
			</trkpt>
			<trkpt lat="38.22016" lon="-2.73074">
				<ele>644.46</ele>
				<time>2026-09-10T14:01:00.957Z</time>
			</trkpt>
			<trkpt lat="38.22022" lon="-2.73056">
				<ele>646.06</ele>
				<time>2026-09-10T14:01:01.779Z</time>
			</trkpt>
			<trkpt lat="38.22033" lon="-2.73038">
				<ele>650.1</ele>
				<time>2026-09-10T14:01:02.737Z</time>
			</trkpt>
			<trkpt lat="38.22049" lon="-2.73026">
				<ele>652.4</ele>
				<time>2026-09-10T14:01:03.731Z</time>
			</trkpt>
			<trkpt lat="38.22088" lon="-2.73018">
				<ele>652.03</ele>
				<time>2026-09-10T14:01:05.843Z</time>
			</trkpt>
			<trkpt lat="38.22121" lon="-2.73002">
				<ele>652.43</ele>
				<time>2026-09-10T14:01:07.730Z</time>
			</trkpt>
			<trkpt lat="38.22134" lon="-2.72999">
				<ele>652.59</ele>
				<time>2026-09-10T14:01:08.435Z</time>
			</trkpt>
			<trkpt lat="38.22159" lon="-2.73001">
				<ele>654.16</ele>
				<time>2026-09-10T14:01:09.773Z</time>
			</trkpt>
			<trkpt lat="38.22188" lon="-2.72997">
				<ele>656.52</ele>
				<time>2026-09-10T14:01:11.330Z</time>
			</trkpt>
			<trkpt lat="38.22249" lon="-2.72973">
				<ele>657.95</ele>
				<time>2026-09-10T14:01:14.736Z</time>
			</trkpt>
			<trkpt lat="38.22283" lon="-2.72963">
				<ele>656.35</ele>
				<time>2026-09-10T14:01:16.596Z</time>
			</trkpt>
			<trkpt lat="38.22303" lon="-2.72963">
				<ele>656.04</ele>
				<time>2026-09-10T14:01:17.662Z</time>
			</trkpt>
			<trkpt lat="38.22353" lon="-2.72969">
				<ele>657.3</ele>
				<time>2026-09-10T14:01:20.337Z</time>
			</trkpt>
			<trkpt lat="38.22364" lon="-2.72969">
				<ele>657.88</ele>
				<time>2026-09-10T14:01:20.923Z</time>
			</trkpt>
			<trkpt lat="38.22435" lon="-2.72952">
				<ele>660.71</ele>
				<time>2026-09-10T14:01:24.767Z</time>
			</trkpt>
			<trkpt lat="38.22445" lon="-2.72946">
				<ele>660.83</ele>
				<time>2026-09-10T14:01:25.355Z</time>
			</trkpt>
			<trkpt lat="38.22654" lon="-2.72794">
				<ele>667.02</ele>
				<time>2026-09-10T14:01:38.130Z</time>
			</trkpt>
			<trkpt lat="38.22718" lon="-2.72758">
				<ele>665.25</ele>
				<time>2026-09-10T14:01:41.835Z</time>
			</trkpt>
			<trkpt lat="38.22779" lon="-2.72744">
				<ele>665.85</ele>
				<time>2026-09-10T14:01:45.114Z</time>
			</trkpt>
			<trkpt lat="38.22833" lon="-2.7272">
				<ele>670.53</ele>
				<time>2026-09-10T14:01:48.137Z</time>
			</trkpt>
			<trkpt lat="38.22948" lon="-2.72612">
				<ele>672.99</ele>
				<time>2026-09-10T14:01:55.678Z</time>
			</trkpt>
			<trkpt lat="38.22959" lon="-2.72576">
				<ele>674.43</ele>
				<time>2026-09-10T14:01:57.277Z</time>
			</trkpt>
			<trkpt lat="38.22972" lon="-2.72551">
				<ele>674.17</ele>
				<time>2026-09-10T14:01:58.518Z</time>
			</trkpt>
			<trkpt lat="38.22999" lon="-2.72527">
				<ele>675</ele>
				<time>2026-09-10T14:02:00.252Z</time>
			</trkpt>
			<trkpt lat="38.23049" lon="-2.72491">
				<ele>675.26</ele>
				<time>2026-09-10T14:02:03.274Z</time>
			</trkpt>
			<trkpt lat="38.23068" lon="-2.72469">
				<ele>676.58</ele>
				<time>2026-09-10T14:02:04.625Z</time>
			</trkpt>
			<trkpt lat="38.23076" lon="-2.72466">
				<ele>677.02</ele>
				<time>2026-09-10T14:02:05.063Z</time>
			</trkpt>
			<trkpt lat="38.23228" lon="-2.72704">
				<ele>681.34</ele>
				<time>2026-09-10T14:02:17.729Z</time>
			</trkpt>
			<trkpt lat="38.23329" lon="-2.72794">
				<ele>689.12</ele>
				<time>2026-09-10T14:02:24.164Z</time>
			</trkpt>
			<trkpt lat="38.23349" lon="-2.72809">
				<ele>688.83</ele>
				<time>2026-09-10T14:02:25.366Z</time>
			</trkpt>
			<trkpt lat="38.23368" lon="-2.72819">
				<ele>688.65</ele>
				<time>2026-09-10T14:02:26.427Z</time>
			</trkpt>
			<trkpt lat="38.2341" lon="-2.72835">
				<ele>687.16</ele>
				<time>2026-09-10T14:02:28.686Z</time>
			</trkpt>
			<trkpt lat="38.23438" lon="-2.72836">
				<ele>686.1</ele>
				<time>2026-09-10T14:02:30.126Z</time>
			</trkpt>
			<trkpt lat="38.23537" lon="-2.72829">
				<ele>688.52</ele>
				<time>2026-09-10T14:02:35.214Z</time>
			</trkpt>
			<trkpt lat="38.23565" lon="-2.72837">
				<ele>689.36</ele>
				<time>2026-09-10T14:02:36.685Z</time>
			</trkpt>
			<trkpt lat="38.23608" lon="-2.72857">
				<ele>690.15</ele>
				<time>2026-09-10T14:02:39.035Z</time>
			</trkpt>
			<trkpt lat="38.23655" lon="-2.72856">
				<ele>694.19</ele>
				<time>2026-09-10T14:02:41.453Z</time>
			</trkpt>
			<trkpt lat="38.23731" lon="-2.72888">
				<ele>697.43</ele>
				<time>2026-09-10T14:02:45.589Z</time>
			</trkpt>
			<trkpt lat="38.23755" lon="-2.72882">
				<ele>696.55</ele>
				<time>2026-09-10T14:02:46.860Z</time>
			</trkpt>
			<trkpt lat="38.2379" lon="-2.72854">
				<ele>698.26</ele>
				<time>2026-09-10T14:02:49.015Z</time>
			</trkpt>
			<trkpt lat="38.23946" lon="-2.72811">
				<ele>712.28</ele>
				<time>2026-09-10T14:02:57.469Z</time>
			</trkpt>
			<trkpt lat="38.23975" lon="-2.72813">
				<ele>714.38</ele>
				<time>2026-09-10T14:02:59.035Z</time>
			</trkpt>
			<trkpt lat="38.24041" lon="-2.72831">
				<ele>719.95</ele>
				<time>2026-09-10T14:03:02.715Z</time>
			</trkpt>
			<trkpt lat="38.24058" lon="-2.72849">
				<ele>721.59</ele>
				<time>2026-09-10T14:03:03.933Z</time>
			</trkpt>
			<trkpt lat="38.24069" lon="-2.72927">
				<ele>725.72</ele>
				<time>2026-09-10T14:03:07.403Z</time>
			</trkpt>
			<trkpt lat="38.24091" lon="-2.72949">
				<ele>726.87</ele>
				<time>2026-09-10T14:03:08.982Z</time>
			</trkpt>
			<trkpt lat="38.24109" lon="-2.72952">
				<ele>728.39</ele>
				<time>2026-09-10T14:03:10.014Z</time>
			</trkpt>
			<trkpt lat="38.24134" lon="-2.72946">
				<ele>730.6</ele>
				<time>2026-09-10T14:03:11.469Z</time>
			</trkpt>
			<trkpt lat="38.24201" lon="-2.72919">
				<ele>735.42</ele>
				<time>2026-09-10T14:03:15.550Z</time>
			</trkpt>
			<trkpt lat="38.24217" lon="-2.72898">
				<ele>738.82</ele>
				<time>2026-09-10T14:03:16.906Z</time>
			</trkpt>
			<trkpt lat="38.24236" lon="-2.72819">
				<ele>743.83</ele>
				<time>2026-09-10T14:03:20.791Z</time>
			</trkpt>
			<trkpt lat="38.24249" lon="-2.72797">
				<ele>745.62</ele>
				<time>2026-09-10T14:03:22.106Z</time>
			</trkpt>
			<trkpt lat="38.24268" lon="-2.72786">
				<ele>747.81</ele>
				<time>2026-09-10T14:03:23.385Z</time>
			</trkpt>
			<trkpt lat="38.2429" lon="-2.72784">
				<ele>749.59</ele>
				<time>2026-09-10T14:03:24.747Z</time>
			</trkpt>
			<trkpt lat="38.24349" lon="-2.72786">
				<ele>752.11</ele>
				<time>2026-09-10T14:03:28.451Z</time>
			</trkpt>
			<trkpt lat="38.24444" lon="-2.72761">
				<ele>752.27</ele>
				<time>2026-09-10T14:03:34.730Z</time>
			</trkpt>
			<trkpt lat="38.245" lon="-2.72767">
				<ele>755.43</ele>
				<time>2026-09-10T14:03:38.484Z</time>
			</trkpt>
			<trkpt lat="38.24518" lon="-2.72766">
				<ele>756.1</ele>
				<time>2026-09-10T14:03:39.707Z</time>
			</trkpt>
			<trkpt lat="38.24536" lon="-2.72759">
				<ele>756.68</ele>
				<time>2026-09-10T14:03:40.995Z</time>
			</trkpt>
			<trkpt lat="38.24644" lon="-2.72667">
				<ele>760.6</ele>
				<time>2026-09-10T14:03:50.184Z</time>
			</trkpt>
			<trkpt lat="38.24685" lon="-2.72593">
				<ele>759.12</ele>
				<time>2026-09-10T14:03:55.448Z</time>
			</trkpt>
			<trkpt lat="38.24695" lon="-2.72585">
				<ele>758.91</ele>
				<time>2026-09-10T14:03:56.339Z</time>
			</trkpt>
			<trkpt lat="38.24695" lon="-2.72579">
				<ele>758.98</ele>
				<time>2026-09-10T14:03:56.696Z</time>
			</trkpt>
			<trkpt lat="38.24698" lon="-2.72572">
				<ele>758.97</ele>
				<time>2026-09-10T14:03:57.171Z</time>
			</trkpt>
			<trkpt lat="38.24703" lon="-2.7257">
				<ele>759.01</ele>
				<time>2026-09-10T14:03:57.570Z</time>
			</trkpt>
			<trkpt lat="38.24708" lon="-2.72571">
				<ele>758.95</ele>
				<time>2026-09-10T14:03:57.957Z</time>
			</trkpt>
			<trkpt lat="38.24711" lon="-2.72575">
				<ele>758.75</ele>
				<time>2026-09-10T14:03:58.289Z</time>
			</trkpt>
			<trkpt lat="38.2472" lon="-2.7257">
				<ele>759.01</ele>
				<time>2026-09-10T14:03:59.043Z</time>
			</trkpt>
			<trkpt lat="38.2473" lon="-2.72568">
				<ele>759.2</ele>
				<time>2026-09-10T14:03:59.823Z</time>
			</trkpt>
			<trkpt lat="38.24779" lon="-2.72568">
				<ele>758.67</ele>
				<time>2026-09-10T14:04:03.656Z</time>
			</trkpt>
			<trkpt lat="38.24805" lon="-2.72563">
				<ele>758.3</ele>
				<time>2026-09-10T14:04:05.750Z</time>
			</trkpt>
			<trkpt lat="38.2485" lon="-2.72549">
				<ele>754.89</ele>
				<time>2026-09-10T14:04:09.342Z</time>
			</trkpt>
			<trkpt lat="38.24813" lon="-2.72495">
				<ele>759.59</ele>
				<time>2026-09-10T14:04:13.249Z</time>
			</trkpt>
			<trkpt lat="38.2485" lon="-2.72549">
				<ele>754.89</ele>
				<time>2026-09-10T14:04:19.221Z</time>
			</trkpt>
			<trkpt lat="38.24878" lon="-2.72543">
				<ele>754.29</ele>
				<time>2026-09-10T14:04:23.993Z</time>
			</trkpt>
			<trkpt lat="38.24933" lon="-2.72544">
				<ele>756.61</ele>
				<time>2026-09-10T14:05:02.966Z</time>
			</trkpt>
			<trkpt lat="38.24951" lon="-2.72539">
				<ele>757.45</ele>
				<time>2026-09-10T14:05:08.575Z</time>
			</trkpt>
			<trkpt lat="38.25027" lon="-2.7251">
				<ele>754.03</ele>
				<time>2026-09-10T14:05:19.714Z</time>
			</trkpt>
			<trkpt lat="38.25129" lon="-2.72456">
				<ele>753.35</ele>
				<time>2026-09-10T14:05:32.098Z</time>
			</trkpt>
			<trkpt lat="38.25193" lon="-2.72423">
				<ele>750.01</ele>
				<time>2026-09-10T14:05:39.535Z</time>
			</trkpt>
			<trkpt lat="38.25254" lon="-2.72396">
				<ele>747.8</ele>
				<time>2026-09-10T14:05:46.286Z</time>
			</trkpt>
			<trkpt lat="38.25428" lon="-2.72336">
				<ele>742.16</ele>
				<time>2026-09-10T14:06:04.132Z</time>
			</trkpt>
			<trkpt lat="38.25556" lon="-2.72288">
				<ele>739.95</ele>
				<time>2026-09-10T14:06:16.448Z</time>
			</trkpt>
			<trkpt lat="38.25696" lon="-2.72239">
				<ele>740.72</ele>
				<time>2026-09-10T14:06:29.051Z</time>
			</trkpt>
			<trkpt lat="38.25734" lon="-2.72219">
				<ele>743.24</ele>
				<time>2026-09-10T14:06:32.477Z</time>
			</trkpt>
			<trkpt lat="38.25812" lon="-2.72166">
				<ele>747.87</ele>
				<time>2026-09-10T14:06:39.642Z</time>
			</trkpt>
			<trkpt lat="38.25833" lon="-2.72154">
				<ele>749.64</ele>
				<time>2026-09-10T14:06:41.463Z</time>
			</trkpt>
			<trkpt lat="38.2585" lon="-2.72151">
				<ele>750.09</ele>
				<time>2026-09-10T14:06:42.809Z</time>
			</trkpt>
			<trkpt lat="38.25869" lon="-2.72149">
				<ele>750.13</ele>
				<time>2026-09-10T14:06:44.293Z</time>
			</trkpt>
			<trkpt lat="38.25897" lon="-2.72141">
				<ele>747.24</ele>
				<time>2026-09-10T14:06:46.505Z</time>
			</trkpt>
			<trkpt lat="38.25922" lon="-2.72127">
				<ele>743.7</ele>
				<time>2026-09-10T14:06:48.585Z</time>
			</trkpt>
			<trkpt lat="38.25941" lon="-2.72114">
				<ele>741.58</ele>
				<time>2026-09-10T14:06:50.211Z</time>
			</trkpt>
			<trkpt lat="38.25959" lon="-2.72106">
				<ele>740.43</ele>
				<time>2026-09-10T14:06:51.637Z</time>
			</trkpt>
			<trkpt lat="38.25971" lon="-2.72104">
				<ele>740.16</ele>
				<time>2026-09-10T14:06:52.536Z</time>
			</trkpt>
			<trkpt lat="38.25984" lon="-2.72106">
				<ele>741.22</ele>
				<time>2026-09-10T14:06:53.504Z</time>
			</trkpt>
			<trkpt lat="38.26038" lon="-2.72119">
				<ele>741.55</ele>
				<time>2026-09-10T14:06:57.509Z</time>
			</trkpt>
			<trkpt lat="38.26226" lon="-2.721">
				<ele>736.1</ele>
				<time>2026-09-10T14:07:10.610Z</time>
			</trkpt>
			<trkpt lat="38.26319" lon="-2.72077">
				<ele>736.98</ele>
				<time>2026-09-10T14:07:16.845Z</time>
			</trkpt>
			<trkpt lat="38.26339" lon="-2.72068">
				<ele>738.26</ele>
				<time>2026-09-10T14:07:18.212Z</time>
			</trkpt>
			<trkpt lat="38.26392" lon="-2.72019">
				<ele>737.3</ele>
				<time>2026-09-10T14:07:22.368Z</time>
			</trkpt>
			<trkpt lat="38.26412" lon="-2.72007">
				<ele>736.65</ele>
				<time>2026-09-10T14:07:23.750Z</time>
			</trkpt>
			<trkpt lat="38.26424" lon="-2.72002">
				<ele>736.78</ele>
				<time>2026-09-10T14:07:24.535Z</time>
			</trkpt>
			<trkpt lat="38.26442" lon="-2.72005">
				<ele>738.43</ele>
				<time>2026-09-10T14:07:25.658Z</time>
			</trkpt>
			<trkpt lat="38.26485" lon="-2.72024">
				<ele>736.27</ele>
				<time>2026-09-10T14:07:28.443Z</time>
			</trkpt>
			<trkpt lat="38.26536" lon="-2.72053">
				<ele>732.9</ele>
				<time>2026-09-10T14:07:31.806Z</time>
			</trkpt>
			<trkpt lat="38.26596" lon="-2.72099">
				<ele>730.93</ele>
				<time>2026-09-10T14:07:35.943Z</time>
			</trkpt>
			<trkpt lat="38.26617" lon="-2.72113">
				<ele>728.68</ele>
				<time>2026-09-10T14:07:37.324Z</time>
			</trkpt>
			<trkpt lat="38.26765" lon="-2.72191">
				<ele>721.72</ele>
				<time>2026-09-10T14:07:46.433Z</time>
			</trkpt>
			<trkpt lat="38.26812" lon="-2.72203">
				<ele>721.62</ele>
				<time>2026-09-10T14:07:49.090Z</time>
			</trkpt>
			<trkpt lat="38.26864" lon="-2.72188">
				<ele>723.21</ele>
				<time>2026-09-10T14:07:52.013Z</time>
			</trkpt>
			<trkpt lat="38.26876" lon="-2.72186">
				<ele>723.07</ele>
				<time>2026-09-10T14:07:52.673Z</time>
			</trkpt>
			<trkpt lat="38.26966" lon="-2.72195">
				<ele>722.75</ele>
				<time>2026-09-10T14:07:57.543Z</time>
			</trkpt>
			<trkpt lat="38.26992" lon="-2.7219">
				<ele>723.65</ele>
				<time>2026-09-10T14:07:58.948Z</time>
			</trkpt>
			<trkpt lat="38.27108" lon="-2.72141">
				<ele>721.61</ele>
				<time>2026-09-10T14:08:05.407Z</time>
			</trkpt>
			<trkpt lat="38.27238" lon="-2.72097">
				<ele>715.87</ele>
				<time>2026-09-10T14:08:12.419Z</time>
			</trkpt>
			<trkpt lat="38.27415" lon="-2.72026">
				<ele>715.65</ele>
				<time>2026-09-10T14:08:22.017Z</time>
			</trkpt>
			<trkpt lat="38.27454" lon="-2.72009">
				<ele>711.72</ele>
				<time>2026-09-10T14:08:24.149Z</time>
			</trkpt>
			<trkpt lat="38.27751" lon="-2.71829">
				<ele>704.2</ele>
				<time>2026-09-10T14:08:41.385Z</time>
			</trkpt>
			<trkpt lat="38.27831" lon="-2.71768">
				<ele>704.51</ele>
				<time>2026-09-10T14:08:46.408Z</time>
			</trkpt>
			<trkpt lat="38.2793" lon="-2.7171">
				<ele>703.7</ele>
				<time>2026-09-10T14:08:52.395Z</time>
			</trkpt>
			<trkpt lat="38.27975" lon="-2.71673">
				<ele>704.53</ele>
				<time>2026-09-10T14:08:55.391Z</time>
			</trkpt>
			<trkpt lat="38.28041" lon="-2.71578">
				<ele>699.73</ele>
				<time>2026-09-10T14:09:01.070Z</time>
			</trkpt>
			<trkpt lat="38.28078" lon="-2.71555">
				<ele>697.48</ele>
				<time>2026-09-10T14:09:03.463Z</time>
			</trkpt>
			<trkpt lat="38.28135" lon="-2.71545">
				<ele>700.47</ele>
				<time>2026-09-10T14:09:06.855Z</time>
			</trkpt>
			<trkpt lat="38.28173" lon="-2.71547">
				<ele>699.7</ele>
				<time>2026-09-10T14:09:09.129Z</time>
			</trkpt>
			<trkpt lat="38.28174" lon="-2.71452">
				<ele>694.15</ele>
				<time>2026-09-10T14:09:13.669Z</time>
			</trkpt>
			<trkpt lat="38.28185" lon="-2.71432">
				<ele>696.54</ele>
				<time>2026-09-10T14:09:14.853Z</time>
			</trkpt>
			<trkpt lat="38.2825" lon="-2.71355">
				<ele>698.09</ele>
				<time>2026-09-10T14:09:20.424Z</time>
			</trkpt>
			<trkpt lat="38.28321" lon="-2.71263">
				<ele>697.47</ele>
				<time>2026-09-10T14:09:26.783Z</time>
			</trkpt>
			<trkpt lat="38.28347" lon="-2.71218">
				<ele>697.04</ele>
				<time>2026-09-10T14:09:29.525Z</time>
			</trkpt>
			<trkpt lat="38.28356" lon="-2.71189">
				<ele>696.95</ele>
				<time>2026-09-10T14:09:31.052Z</time>
			</trkpt>
			<trkpt lat="38.28367" lon="-2.71114">
				<ele>699.05</ele>
				<time>2026-09-10T14:09:34.779Z</time>
			</trkpt>
			<trkpt lat="38.28396" lon="-2.71001">
				<ele>698.79</ele>
				<time>2026-09-10T14:09:40.560Z</time>
			</trkpt>
			<trkpt lat="38.2844" lon="-2.70893">
				<ele>700.98</ele>
				<time>2026-09-10T14:09:46.445Z</time>
			</trkpt>
			<trkpt lat="38.28482" lon="-2.70747">
				<ele>703.6</ele>
				<time>2026-09-10T14:09:53.919Z</time>
			</trkpt>
			<trkpt lat="38.28486" lon="-2.70714">
				<ele>705.78</ele>
				<time>2026-09-10T14:09:55.518Z</time>
			</trkpt>
			<trkpt lat="38.28485" lon="-2.70539">
				<ele>709.96</ele>
				<time>2026-09-10T14:10:03.860Z</time>
			</trkpt>
			<trkpt lat="38.2849" lon="-2.70503">
				<ele>708.68</ele>
				<time>2026-09-10T14:10:05.595Z</time>
			</trkpt>
			<trkpt lat="38.28509" lon="-2.70459">
				<ele>707.33</ele>
				<time>2026-09-10T14:10:07.974Z</time>
			</trkpt>
			<trkpt lat="38.28588" lon="-2.70304">
				<ele>703.4</ele>
				<time>2026-09-10T14:10:16.689Z</time>
			</trkpt>
			<trkpt lat="38.28609" lon="-2.70242">
				<ele>705.32</ele>
				<time>2026-09-10T14:10:19.858Z</time>
			</trkpt>
			<trkpt lat="38.28622" lon="-2.70188">
				<ele>706.7</ele>
				<time>2026-09-10T14:10:22.503Z</time>
			</trkpt>
			<trkpt lat="38.28626" lon="-2.70141">
				<ele>706.55</ele>
				<time>2026-09-10T14:10:24.712Z</time>
			</trkpt>
			<trkpt lat="38.28623" lon="-2.70081">
				<ele>708.28</ele>
				<time>2026-09-10T14:10:27.516Z</time>
			</trkpt>
			<trkpt lat="38.28605" lon="-2.69938">
				<ele>712.01</ele>
				<time>2026-09-10T14:10:34.246Z</time>
			</trkpt>
			<trkpt lat="38.28605" lon="-2.69902">
				<ele>712.31</ele>
				<time>2026-09-10T14:10:35.914Z</time>
			</trkpt>
			<trkpt lat="38.28624" lon="-2.69759">
				<ele>712.1</ele>
				<time>2026-09-10T14:10:42.612Z</time>
			</trkpt>
			<trkpt lat="38.2867" lon="-2.69615">
				<ele>707.1</ele>
				<time>2026-09-10T14:10:49.758Z</time>
			</trkpt>
			<trkpt lat="38.28691" lon="-2.69572">
				<ele>705.01</ele>
				<time>2026-09-10T14:10:52.078Z</time>
			</trkpt>
			<trkpt lat="38.28779" lon="-2.69423">
				<ele>699.93</ele>
				<time>2026-09-10T14:11:00.591Z</time>
			</trkpt>
			<trkpt lat="38.28788" lon="-2.69388">
				<ele>701.09</ele>
				<time>2026-09-10T14:11:02.267Z</time>
			</trkpt>
			<trkpt lat="38.28785" lon="-2.69346">
				<ele>703.98</ele>
				<time>2026-09-10T14:11:04.184Z</time>
			</trkpt>
			<trkpt lat="38.28748" lon="-2.69197">
				<ele>711.01</ele>
				<time>2026-09-10T14:11:11.269Z</time>
			</trkpt>
			<trkpt lat="38.28689" lon="-2.69079">
				<ele>711.05</ele>
				<time>2026-09-10T14:11:17.588Z</time>
			</trkpt>
			<trkpt lat="38.28676" lon="-2.69043">
				<ele>713.22</ele>
				<time>2026-09-10T14:11:19.374Z</time>
			</trkpt>
			<trkpt lat="38.28674" lon="-2.68959">
				<ele>718.14</ele>
				<time>2026-09-10T14:11:23.156Z</time>
			</trkpt>
			<trkpt lat="38.28663" lon="-2.68893">
				<ele>717.76</ele>
				<time>2026-09-10T14:11:26.187Z</time>
			</trkpt>
			<trkpt lat="38.28654" lon="-2.68735">
				<ele>721</ele>
				<time>2026-09-10T14:11:33.286Z</time>
			</trkpt>
			<trkpt lat="38.28654" lon="-2.68716">
				<ele>721.37</ele>
				<time>2026-09-10T14:11:34.136Z</time>
			</trkpt>
			<trkpt lat="38.28657" lon="-2.68697">
				<ele>722.53</ele>
				<time>2026-09-10T14:11:35.003Z</time>
			</trkpt>
			<trkpt lat="38.28669" lon="-2.68668">
				<ele>722.03</ele>
				<time>2026-09-10T14:11:36.468Z</time>
			</trkpt>
			<trkpt lat="38.28695" lon="-2.68617">
				<ele>722.83</ele>
				<time>2026-09-10T14:11:39.184Z</time>
			</trkpt>
			<trkpt lat="38.2876" lon="-2.68528">
				<ele>724.39</ele>
				<time>2026-09-10T14:11:44.603Z</time>
			</trkpt>
			<trkpt lat="38.28796" lon="-2.6849">
				<ele>727.47</ele>
				<time>2026-09-10T14:11:47.254Z</time>
			</trkpt>
			<trkpt lat="38.28811" lon="-2.68472">
				<ele>726.82</ele>
				<time>2026-09-10T14:11:48.422Z</time>
			</trkpt>
			<trkpt lat="38.28822" lon="-2.68453">
				<ele>726.74</ele>
				<time>2026-09-10T14:11:49.471Z</time>
			</trkpt>
			<trkpt lat="38.28834" lon="-2.68421">
				<ele>725</ele>
				<time>2026-09-10T14:11:51.047Z</time>
			</trkpt>
			<trkpt lat="38.28847" lon="-2.6836">
				<ele>724.34</ele>
				<time>2026-09-10T14:11:53.854Z</time>
			</trkpt>
			<trkpt lat="38.28856" lon="-2.68333">
				<ele>722.13</ele>
				<time>2026-09-10T14:11:55.156Z</time>
			</trkpt>
			<trkpt lat="38.28892" lon="-2.68279">
				<ele>715.27</ele>
				<time>2026-09-10T14:11:58.298Z</time>
			</trkpt>
			<trkpt lat="38.28907" lon="-2.6825">
				<ele>715.79</ele>
				<time>2026-09-10T14:11:59.837Z</time>
			</trkpt>
			<trkpt lat="38.28918" lon="-2.68219">
				<ele>716</ele>
				<time>2026-09-10T14:12:01.343Z</time>
			</trkpt>
			<trkpt lat="38.2892" lon="-2.68205">
				<ele>716.71</ele>
				<time>2026-09-10T14:12:01.973Z</time>
			</trkpt>
			<trkpt lat="38.28917" lon="-2.68181">
				<ele>716.75</ele>
				<time>2026-09-10T14:12:03.049Z</time>
			</trkpt>
			<trkpt lat="38.289" lon="-2.68128">
				<ele>713.57</ele>
				<time>2026-09-10T14:12:05.583Z</time>
			</trkpt>
			<trkpt lat="38.28898" lon="-2.68117">
				<ele>712.85</ele>
				<time>2026-09-10T14:12:06.082Z</time>
			</trkpt>
			<trkpt lat="38.28898" lon="-2.68106">
				<ele>711.79</ele>
				<time>2026-09-10T14:12:06.568Z</time>
			</trkpt>
			<trkpt lat="38.289" lon="-2.68098">
				<ele>710.54</ele>
				<time>2026-09-10T14:12:06.940Z</time>
			</trkpt>
			<trkpt lat="38.28945" lon="-2.68044">
				<ele>704.92</ele>
				<time>2026-09-10T14:12:10.420Z</time>
			</trkpt>
			<trkpt lat="38.28951" lon="-2.68031">
				<ele>704.52</ele>
				<time>2026-09-10T14:12:11.087Z</time>
			</trkpt>
			<trkpt lat="38.28955" lon="-2.68016">
				<ele>703.94</ele>
				<time>2026-09-10T14:12:11.786Z</time>
			</trkpt>
			<trkpt lat="38.28971" lon="-2.67851">
				<ele>709.3</ele>
				<time>2026-09-10T14:12:19.123Z</time>
			</trkpt>
			<trkpt lat="38.28973" lon="-2.67823">
				<ele>711.15</ele>
				<time>2026-09-10T14:12:20.363Z</time>
			</trkpt>
			<trkpt lat="38.28971" lon="-2.6781">
				<ele>712.57</ele>
				<time>2026-09-10T14:12:20.947Z</time>
			</trkpt>
			<trkpt lat="38.28968" lon="-2.678">
				<ele>713.28</ele>
				<time>2026-09-10T14:12:21.419Z</time>
			</trkpt>
			<trkpt lat="38.28935" lon="-2.67761">
				<ele>714.43</ele>
				<time>2026-09-10T14:12:23.946Z</time>
			</trkpt>
			<trkpt lat="38.28912" lon="-2.67715">
				<ele>720.01</ele>
				<time>2026-09-10T14:12:26.349Z</time>
			</trkpt>
			<trkpt lat="38.28892" lon="-2.67693">
				<ele>721.56</ele>
				<time>2026-09-10T14:12:27.832Z</time>
			</trkpt>
			<trkpt lat="38.28877" lon="-2.67684">
				<ele>720.94</ele>
				<time>2026-09-10T14:12:28.762Z</time>
			</trkpt>
			<trkpt lat="38.2886" lon="-2.67678">
				<ele>720.42</ele>
				<time>2026-09-10T14:12:29.752Z</time>
			</trkpt>
			<trkpt lat="38.28817" lon="-2.67672">
				<ele>720.68</ele>
				<time>2026-09-10T14:12:32.178Z</time>
			</trkpt>
			<trkpt lat="38.28805" lon="-2.67663">
				<ele>721.3</ele>
				<time>2026-09-10T14:12:32.959Z</time>
			</trkpt>
			<trkpt lat="38.28796" lon="-2.67651">
				<ele>721.35</ele>
				<time>2026-09-10T14:12:33.690Z</time>
			</trkpt>
			<trkpt lat="38.28792" lon="-2.67639">
				<ele>721.55</ele>
				<time>2026-09-10T14:12:34.264Z</time>
			</trkpt>
			<trkpt lat="38.28789" lon="-2.67599">
				<ele>723.64</ele>
				<time>2026-09-10T14:12:36.032Z</time>
			</trkpt>
			<trkpt lat="38.28786" lon="-2.67583">
				<ele>724.32</ele>
				<time>2026-09-10T14:12:36.756Z</time>
			</trkpt>
			<trkpt lat="38.28773" lon="-2.67543">
				<ele>726.7</ele>
				<time>2026-09-10T14:12:38.661Z</time>
			</trkpt>
			<trkpt lat="38.28744" lon="-2.67471">
				<ele>729.27</ele>
				<time>2026-09-10T14:12:42.222Z</time>
			</trkpt>
			<trkpt lat="38.28734" lon="-2.67454">
				<ele>730.68</ele>
				<time>2026-09-10T14:12:43.156Z</time>
			</trkpt>
			<trkpt lat="38.28713" lon="-2.67429">
				<ele>730.25</ele>
				<time>2026-09-10T14:12:44.767Z</time>
			</trkpt>
			<trkpt lat="38.28688" lon="-2.67393">
				<ele>731.49</ele>
				<time>2026-09-10T14:12:46.881Z</time>
			</trkpt>
			<trkpt lat="38.28663" lon="-2.67344">
				<ele>736.8</ele>
				<time>2026-09-10T14:12:49.452Z</time>
			</trkpt>
			<trkpt lat="38.28629" lon="-2.67288">
				<ele>738.58</ele>
				<time>2026-09-10T14:12:52.567Z</time>
			</trkpt>
			<trkpt lat="38.28623" lon="-2.67265">
				<ele>740.08</ele>
				<time>2026-09-10T14:12:53.633Z</time>
			</trkpt>
			<trkpt lat="38.28616" lon="-2.67229">
				<ele>741.05</ele>
				<time>2026-09-10T14:12:55.265Z</time>
			</trkpt>
			<trkpt lat="38.28603" lon="-2.6718">
				<ele>741.19</ele>
				<time>2026-09-10T14:12:57.540Z</time>
			</trkpt>
			<trkpt lat="38.28603" lon="-2.67144">
				<ele>741.59</ele>
				<time>2026-09-10T14:12:59.125Z</time>
			</trkpt>
			<trkpt lat="38.28606" lon="-2.6712">
				<ele>741.78</ele>
				<time>2026-09-10T14:13:00.194Z</time>
			</trkpt>
			<trkpt lat="38.28619" lon="-2.67069">
				<ele>741.95</ele>
				<time>2026-09-10T14:13:02.554Z</time>
			</trkpt>
			<trkpt lat="38.28647" lon="-2.67011">
				<ele>744.39</ele>
				<time>2026-09-10T14:13:05.552Z</time>
			</trkpt>
			<trkpt lat="38.28658" lon="-2.66985">
				<ele>743.24</ele>
				<time>2026-09-10T14:13:06.853Z</time>
			</trkpt>
			<trkpt lat="38.28687" lon="-2.66879">
				<ele>741.19</ele>
				<time>2026-09-10T14:13:11.798Z</time>
			</trkpt>
			<trkpt lat="38.2869" lon="-2.66854">
				<ele>741.77</ele>
				<time>2026-09-10T14:13:12.913Z</time>
			</trkpt>
			<trkpt lat="38.28691" lon="-2.66838">
				<ele>742.38</ele>
				<time>2026-09-10T14:13:13.620Z</time>
			</trkpt>
			<trkpt lat="38.28686" lon="-2.668">
				<ele>744.6</ele>
				<time>2026-09-10T14:13:15.319Z</time>
			</trkpt>
			<trkpt lat="38.28681" lon="-2.66787">
				<ele>744.52</ele>
				<time>2026-09-10T14:13:15.957Z</time>
			</trkpt>
			<trkpt lat="38.28657" lon="-2.66756">
				<ele>745.3</ele>
				<time>2026-09-10T14:13:17.878Z</time>
			</trkpt>
			<trkpt lat="38.2865" lon="-2.66741">
				<ele>747.22</ele>
				<time>2026-09-10T14:13:18.647Z</time>
			</trkpt>
			<trkpt lat="38.2864" lon="-2.66704">
				<ele>750.33</ele>
				<time>2026-09-10T14:13:20.374Z</time>
			</trkpt>
			<trkpt lat="38.28632" lon="-2.66685">
				<ele>751.02</ele>
				<time>2026-09-10T14:13:21.326Z</time>
			</trkpt>
			<trkpt lat="38.28611" lon="-2.66649">
				<ele>753.36</ele>
				<time>2026-09-10T14:13:23.306Z</time>
			</trkpt>
			<trkpt lat="38.28602" lon="-2.66629">
				<ele>755.13</ele>
				<time>2026-09-10T14:13:24.325Z</time>
			</trkpt>
			<trkpt lat="38.28596" lon="-2.66605">
				<ele>756.61</ele>
				<time>2026-09-10T14:13:25.437Z</time>
			</trkpt>
			<trkpt lat="38.28593" lon="-2.66584">
				<ele>758.66</ele>
				<time>2026-09-10T14:13:26.381Z</time>
			</trkpt>
			<trkpt lat="38.28591" lon="-2.66561">
				<ele>760.09</ele>
				<time>2026-09-10T14:13:27.403Z</time>
			</trkpt>
			<trkpt lat="38.28594" lon="-2.6654">
				<ele>762.17</ele>
				<time>2026-09-10T14:13:28.347Z</time>
			</trkpt>
			<trkpt lat="38.28599" lon="-2.66526">
				<ele>764.21</ele>
				<time>2026-09-10T14:13:29.027Z</time>
			</trkpt>
			<trkpt lat="38.28609" lon="-2.66519">
				<ele>766.81</ele>
				<time>2026-09-10T14:13:29.670Z</time>
			</trkpt>
			<trkpt lat="38.2862" lon="-2.66516">
				<ele>768.87</ele>
				<time>2026-09-10T14:13:30.304Z</time>
			</trkpt>
			<trkpt lat="38.28633" lon="-2.66519">
				<ele>770.58</ele>
				<time>2026-09-10T14:13:31.049Z</time>
			</trkpt>
			<trkpt lat="38.28642" lon="-2.66531">
				<ele>770.7</ele>
				<time>2026-09-10T14:13:31.783Z</time>
			</trkpt>
			<trkpt lat="38.28647" lon="-2.66542">
				<ele>771.06</ele>
				<time>2026-09-10T14:13:32.346Z</time>
			</trkpt>
			<trkpt lat="38.28649" lon="-2.66554">
				<ele>770.7</ele>
				<time>2026-09-10T14:13:32.889Z</time>
			</trkpt>
			<trkpt lat="38.28649" lon="-2.66585">
				<ele>769.98</ele>
				<time>2026-09-10T14:13:34.262Z</time>
			</trkpt>
			<trkpt lat="38.28655" lon="-2.66599">
				<ele>770.01</ele>
				<time>2026-09-10T14:13:34.968Z</time>
			</trkpt>
			<trkpt lat="38.28703" lon="-2.66655">
				<ele>773.99</ele>
				<time>2026-09-10T14:13:38.643Z</time>
			</trkpt>
			<trkpt lat="38.28759" lon="-2.66704">
				<ele>781.58</ele>
				<time>2026-09-10T14:13:42.483Z</time>
			</trkpt>
			<trkpt lat="38.28764" lon="-2.66711">
				<ele>782.01</ele>
				<time>2026-09-10T14:13:42.904Z</time>
			</trkpt>
			<trkpt lat="38.28771" lon="-2.66731">
				<ele>782.14</ele>
				<time>2026-09-10T14:13:43.876Z</time>
			</trkpt>
			<trkpt lat="38.28774" lon="-2.66764">
				<ele>779.44</ele>
				<time>2026-09-10T14:13:45.352Z</time>
			</trkpt>
			<trkpt lat="38.28781" lon="-2.66793">
				<ele>778.31</ele>
				<time>2026-09-10T14:13:46.701Z</time>
			</trkpt>
			<trkpt lat="38.28791" lon="-2.66809">
				<ele>780.8</ele>
				<time>2026-09-10T14:13:47.610Z</time>
			</trkpt>
			<trkpt lat="38.28837" lon="-2.6686">
				<ele>790.34</ele>
				<time>2026-09-10T14:13:51.068Z</time>
			</trkpt>
			<trkpt lat="38.28841" lon="-2.66869">
				<ele>791.5</ele>
				<time>2026-09-10T14:13:51.529Z</time>
			</trkpt>
			<trkpt lat="38.28843" lon="-2.66884">
				<ele>792.2</ele>
				<time>2026-09-10T14:13:52.207Z</time>
			</trkpt>
			<trkpt lat="38.28842" lon="-2.66894">
				<ele>791.88</ele>
				<time>2026-09-10T14:13:52.656Z</time>
			</trkpt>
			<trkpt lat="38.2883" lon="-2.66924">
				<ele>789.93</ele>
				<time>2026-09-10T14:13:54.157Z</time>
			</trkpt>
			<trkpt lat="38.28817" lon="-2.66938">
				<ele>789.32</ele>
				<time>2026-09-10T14:13:55.124Z</time>
			</trkpt>
			<trkpt lat="38.28784" lon="-2.66958">
				<ele>788.3</ele>
				<time>2026-09-10T14:13:57.202Z</time>
			</trkpt>
			<trkpt lat="38.2878" lon="-2.66963">
				<ele>788.64</ele>
				<time>2026-09-10T14:13:57.520Z</time>
			</trkpt>
			<trkpt lat="38.28775" lon="-2.66974">
				<ele>789.68</ele>
				<time>2026-09-10T14:13:58.088Z</time>
			</trkpt>
			<trkpt lat="38.28775" lon="-2.66987">
				<ele>790.59</ele>
				<time>2026-09-10T14:13:58.669Z</time>
			</trkpt>
			<trkpt lat="38.28777" lon="-2.66995">
				<ele>791.57</ele>
				<time>2026-09-10T14:13:59.044Z</time>
			</trkpt>
			<trkpt lat="38.28781" lon="-2.67003">
				<ele>792.12</ele>
				<time>2026-09-10T14:13:59.468Z</time>
			</trkpt>
			<trkpt lat="38.28792" lon="-2.67012">
				<ele>792.3</ele>
				<time>2026-09-10T14:14:00.212Z</time>
			</trkpt>
			<trkpt lat="38.28807" lon="-2.67013">
				<ele>792.42</ele>
				<time>2026-09-10T14:14:01.068Z</time>
			</trkpt>
			<trkpt lat="38.28828" lon="-2.66999">
				<ele>792.21</ele>
				<time>2026-09-10T14:14:02.419Z</time>
			</trkpt>
			<trkpt lat="38.28834" lon="-2.66991">
				<ele>792.27</ele>
				<time>2026-09-10T14:14:02.914Z</time>
			</trkpt>
			<trkpt lat="38.28878" lon="-2.669">
				<ele>799.64</ele>
				<time>2026-09-10T14:14:07.703Z</time>
			</trkpt>
			<trkpt lat="38.28894" lon="-2.66879">
				<ele>804.4</ele>
				<time>2026-09-10T14:14:09.016Z</time>
			</trkpt>
			<trkpt lat="38.2891" lon="-2.66866">
				<ele>808.45</ele>
				<time>2026-09-10T14:14:10.102Z</time>
			</trkpt>
			<trkpt lat="38.28947" lon="-2.66857">
				<ele>811.85</ele>
				<time>2026-09-10T14:14:12.258Z</time>
			</trkpt>
			<trkpt lat="38.28971" lon="-2.66845">
				<ele>812.39</ele>
				<time>2026-09-10T14:14:13.735Z</time>
			</trkpt>
			<trkpt lat="38.29068" lon="-2.66781">
				<ele>818.25</ele>
				<time>2026-09-10T14:14:20.007Z</time>
			</trkpt>
			<trkpt lat="38.2914" lon="-2.66732">
				<ele>821.13</ele>
				<time>2026-09-10T14:14:24.707Z</time>
			</trkpt>
			<trkpt lat="38.29154" lon="-2.6672">
				<ele>822.29</ele>
				<time>2026-09-10T14:14:25.681Z</time>
			</trkpt>
			<trkpt lat="38.29169" lon="-2.66701">
				<ele>824.75</ele>
				<time>2026-09-10T14:14:26.901Z</time>
			</trkpt>
			<trkpt lat="38.29199" lon="-2.66645">
				<ele>826.54</ele>
				<time>2026-09-10T14:14:29.976Z</time>
			</trkpt>
			<trkpt lat="38.2921" lon="-2.6663">
				<ele>826.03</ele>
				<time>2026-09-10T14:14:30.908Z</time>
			</trkpt>
			<trkpt lat="38.2924" lon="-2.66603">
				<ele>825.59</ele>
				<time>2026-09-10T14:14:33.035Z</time>
			</trkpt>
			<trkpt lat="38.29249" lon="-2.66594">
				<ele>826.27</ele>
				<time>2026-09-10T14:14:33.698Z</time>
			</trkpt>
			<trkpt lat="38.2931" lon="-2.66507">
				<ele>830.06</ele>
				<time>2026-09-10T14:14:39.015Z</time>
			</trkpt>
			<trkpt lat="38.29326" lon="-2.66488">
				<ele>830.99</ele>
				<time>2026-09-10T14:14:40.287Z</time>
			</trkpt>
			<trkpt lat="38.2934" lon="-2.6648">
				<ele>831.71</ele>
				<time>2026-09-10T14:14:41.181Z</time>
			</trkpt>
			<trkpt lat="38.29358" lon="-2.66473">
				<ele>833.02</ele>
				<time>2026-09-10T14:14:42.277Z</time>
			</trkpt>
			<trkpt lat="38.29365" lon="-2.66466">
				<ele>833.42</ele>
				<time>2026-09-10T14:14:42.796Z</time>
			</trkpt>
			<trkpt lat="38.2937" lon="-2.66457">
				<ele>834.12</ele>
				<time>2026-09-10T14:14:43.301Z</time>
			</trkpt>
			<trkpt lat="38.29375" lon="-2.66444">
				<ele>835.61</ele>
				<time>2026-09-10T14:14:43.964Z</time>
			</trkpt>
			<trkpt lat="38.29381" lon="-2.66417">
				<ele>839.35</ele>
				<time>2026-09-10T14:14:45.249Z</time>
			</trkpt>
			<trkpt lat="38.29391" lon="-2.66391">
				<ele>840.65</ele>
				<time>2026-09-10T14:14:46.577Z</time>
			</trkpt>
			<trkpt lat="38.29407" lon="-2.66359">
				<ele>839.7</ele>
				<time>2026-09-10T14:14:48.318Z</time>
			</trkpt>
			<trkpt lat="38.29421" lon="-2.66333">
				<ele>840.01</ele>
				<time>2026-09-10T14:14:49.767Z</time>
			</trkpt>
			<trkpt lat="38.2945" lon="-2.66291">
				<ele>844.55</ele>
				<time>2026-09-10T14:14:52.341Z</time>
			</trkpt>
			<trkpt lat="38.29461" lon="-2.6627">
				<ele>846.94</ele>
				<time>2026-09-10T14:14:53.505Z</time>
			</trkpt>
			<trkpt lat="38.29463" lon="-2.66246">
				<ele>849.15</ele>
				<time>2026-09-10T14:14:54.618Z</time>
			</trkpt>
			<trkpt lat="38.2946" lon="-2.66201">
				<ele>853.83</ele>
				<time>2026-09-10T14:14:56.702Z</time>
			</trkpt>
			<trkpt lat="38.2946" lon="-2.66189">
				<ele>854.72</ele>
				<time>2026-09-10T14:14:57.257Z</time>
			</trkpt>
			<trkpt lat="38.29462" lon="-2.66179">
				<ele>854.83</ele>
				<time>2026-09-10T14:14:57.734Z</time>
			</trkpt>
			<trkpt lat="38.29466" lon="-2.66169">
				<ele>854.34</ele>
				<time>2026-09-10T14:14:58.253Z</time>
			</trkpt>
			<trkpt lat="38.29471" lon="-2.66163">
				<ele>853.85</ele>
				<time>2026-09-10T14:14:58.658Z</time>
			</trkpt>
			<trkpt lat="38.29478" lon="-2.66157">
				<ele>854.46</ele>
				<time>2026-09-10T14:14:59.155Z</time>
			</trkpt>
			<trkpt lat="38.29494" lon="-2.66148">
				<ele>855.44</ele>
				<time>2026-09-10T14:15:00.187Z</time>
			</trkpt>
			<trkpt lat="38.29524" lon="-2.66137">
				<ele>859.26</ele>
				<time>2026-09-10T14:15:02.030Z</time>
			</trkpt>
			<trkpt lat="38.29586" lon="-2.66135">
				<ele>864.68</ele>
				<time>2026-09-10T14:15:05.700Z</time>
			</trkpt>
			<trkpt lat="38.29617" lon="-2.66142">
				<ele>863.95</ele>
				<time>2026-09-10T14:15:07.567Z</time>
			</trkpt>
			<trkpt lat="38.29627" lon="-2.66143">
				<ele>863.52</ele>
				<time>2026-09-10T14:15:08.163Z</time>
			</trkpt>
			<trkpt lat="38.29637" lon="-2.66141">
				<ele>863.79</ele>
				<time>2026-09-10T14:15:08.764Z</time>
			</trkpt>
			<trkpt lat="38.29646" lon="-2.66136">
				<ele>863.31</ele>
				<time>2026-09-10T14:15:09.347Z</time>
			</trkpt>
			<trkpt lat="38.29655" lon="-2.66127">
				<ele>863.31</ele>
				<time>2026-09-10T14:15:10.027Z</time>
			</trkpt>
			<trkpt lat="38.29663" lon="-2.66112">
				<ele>864.26</ele>
				<time>2026-09-10T14:15:10.874Z</time>
			</trkpt>
			<trkpt lat="38.29675" lon="-2.66087">
				<ele>864.72</ele>
				<time>2026-09-10T14:15:12.243Z</time>
			</trkpt>
			<trkpt lat="38.29691" lon="-2.6606">
				<ele>867.66</ele>
				<time>2026-09-10T14:15:13.825Z</time>
			</trkpt>
			<trkpt lat="38.29704" lon="-2.66045">
				<ele>871.16</ele>
				<time>2026-09-10T14:15:14.871Z</time>
			</trkpt>
			<trkpt lat="38.29717" lon="-2.66044">
				<ele>871.94</ele>
				<time>2026-09-10T14:15:15.649Z</time>
			</trkpt>
			<trkpt lat="38.29744" lon="-2.6606">
				<ele>870.11</ele>
				<time>2026-09-10T14:15:17.428Z</time>
			</trkpt>
			<trkpt lat="38.2975" lon="-2.66061">
				<ele>869.91</ele>
				<time>2026-09-10T14:15:17.790Z</time>
			</trkpt>
			<trkpt lat="38.2976" lon="-2.6606">
				<ele>869.59</ele>
				<time>2026-09-10T14:15:18.390Z</time>
			</trkpt>
			<trkpt lat="38.29774" lon="-2.66052">
				<ele>870.13</ele>
				<time>2026-09-10T14:15:19.309Z</time>
			</trkpt>
			<trkpt lat="38.29785" lon="-2.66042">
				<ele>872.7</ele>
				<time>2026-09-10T14:15:20.118Z</time>
			</trkpt>
			<trkpt lat="38.29795" lon="-2.6603">
				<ele>875.92</ele>
				<time>2026-09-10T14:15:20.942Z</time>
			</trkpt>
			<trkpt lat="38.29798" lon="-2.66017">
				<ele>878.45</ele>
				<time>2026-09-10T14:15:21.580Z</time>
			</trkpt>
			<trkpt lat="38.29784" lon="-2.66002">
				<ele>880.31</ele>
				<time>2026-09-10T14:15:22.678Z</time>
			</trkpt>
			<trkpt lat="38.29765" lon="-2.65988">
				<ele>881.52</ele>
				<time>2026-09-10T14:15:23.997Z</time>
			</trkpt>
			<trkpt lat="38.29742" lon="-2.65981">
				<ele>882.23</ele>
				<time>2026-09-10T14:15:25.419Z</time>
			</trkpt>
			<trkpt lat="38.29725" lon="-2.65981">
				<ele>881.67</ele>
				<time>2026-09-10T14:15:26.443Z</time>
			</trkpt>
			<trkpt lat="38.29717" lon="-2.65982">
				<ele>881.82</ele>
				<time>2026-09-10T14:15:26.928Z</time>
			</trkpt>
			<trkpt lat="38.29703" lon="-2.65988">
				<ele>882.23</ele>
				<time>2026-09-10T14:15:27.818Z</time>
			</trkpt>
			<trkpt lat="38.29687" lon="-2.66001">
				<ele>881.67</ele>
				<time>2026-09-10T14:15:28.963Z</time>
			</trkpt>
			<trkpt lat="38.2965" lon="-2.66044">
				<ele>876.7</ele>
				<time>2026-09-10T14:15:31.991Z</time>
			</trkpt>
			<trkpt lat="38.29636" lon="-2.66062">
				<ele>875.41</ele>
				<time>2026-09-10T14:15:33.195Z</time>
			</trkpt>
			<trkpt lat="38.29627" lon="-2.66071">
				<ele>876.1</ele>
				<time>2026-09-10T14:15:33.888Z</time>
			</trkpt>
			<trkpt lat="38.29617" lon="-2.66079">
				<ele>877.25</ele>
				<time>2026-09-10T14:15:34.604Z</time>
			</trkpt>
			<trkpt lat="38.29605" lon="-2.66081">
				<ele>878.99</ele>
				<time>2026-09-10T14:15:35.337Z</time>
			</trkpt>
			<trkpt lat="38.29595" lon="-2.66079">
				<ele>880.2</ele>
				<time>2026-09-10T14:15:35.952Z</time>
			</trkpt>
			<trkpt lat="38.29584" lon="-2.6607">
				<ele>882.79</ele>
				<time>2026-09-10T14:15:36.745Z</time>
			</trkpt>
			<trkpt lat="38.29568" lon="-2.66047">
				<ele>885.15</ele>
				<time>2026-09-10T14:15:38.210Z</time>
			</trkpt>
			<trkpt lat="38.29551" lon="-2.6603">
				<ele>887.53</ele>
				<time>2026-09-10T14:15:39.524Z</time>
			</trkpt>
			<trkpt lat="38.29483" lon="-2.66023">
				<ele>892.44</ele>
				<time>2026-09-10T14:15:43.678Z</time>
			</trkpt>
			<trkpt lat="38.29415" lon="-2.66008">
				<ele>901.43</ele>
				<time>2026-09-10T14:15:47.892Z</time>
			</trkpt>
			<trkpt lat="38.2939" lon="-2.66007">
				<ele>904.82</ele>
				<time>2026-09-10T14:15:49.421Z</time>
			</trkpt>
			<trkpt lat="38.29379" lon="-2.66014">
				<ele>907.84</ele>
				<time>2026-09-10T14:15:50.174Z</time>
			</trkpt>
			<trkpt lat="38.29372" lon="-2.66027">
				<ele>909.74</ele>
				<time>2026-09-10T14:15:50.931Z</time>
			</trkpt>
			<trkpt lat="38.29355" lon="-2.66116">
				<ele>911.65</ele>
				<time>2026-09-10T14:15:55.339Z</time>
			</trkpt>
			<trkpt lat="38.29349" lon="-2.6613">
				<ele>912.6</ele>
				<time>2026-09-10T14:15:56.108Z</time>
			</trkpt>
			<trkpt lat="38.29344" lon="-2.66139">
				<ele>913.46</ele>
				<time>2026-09-10T14:15:56.639Z</time>
			</trkpt>
			<trkpt lat="38.29294" lon="-2.66203">
				<ele>919.83</ele>
				<time>2026-09-10T14:16:00.998Z</time>
			</trkpt>
			<trkpt lat="38.29288" lon="-2.66208">
				<ele>920.66</ele>
				<time>2026-09-10T14:16:01.439Z</time>
			</trkpt>
			<trkpt lat="38.29278" lon="-2.6621">
				<ele>922.51</ele>
				<time>2026-09-10T14:16:02.063Z</time>
			</trkpt>
			<trkpt lat="38.29246" lon="-2.6621">
				<ele>927.65</ele>
				<time>2026-09-10T14:16:04.035Z</time>
			</trkpt>
			<trkpt lat="38.29225" lon="-2.66228">
				<ele>928.67</ele>
				<time>2026-09-10T14:16:05.597Z</time>
			</trkpt>
			<trkpt lat="38.29161" lon="-2.66294">
				<ele>935.36</ele>
				<time>2026-09-10T14:16:10.684Z</time>
			</trkpt>
			<trkpt lat="38.29142" lon="-2.66304">
				<ele>934.5</ele>
				<time>2026-09-10T14:16:11.956Z</time>
			</trkpt>
			<trkpt lat="38.29063" lon="-2.66328">
				<ele>941.83</ele>
				<time>2026-09-10T14:16:16.989Z</time>
			</trkpt>
			<trkpt lat="38.29028" lon="-2.66329">
				<ele>942.02</ele>
				<time>2026-09-10T14:16:19.162Z</time>
			</trkpt>
			<trkpt lat="38.29021" lon="-2.66324">
				<ele>942.3</ele>
				<time>2026-09-10T14:16:19.661Z</time>
			</trkpt>
			<trkpt lat="38.29016" lon="-2.66316">
				<ele>943.12</ele>
				<time>2026-09-10T14:16:20.159Z</time>
			</trkpt>
			<trkpt lat="38.29009" lon="-2.66269">
				<ele>948.83</ele>
				<time>2026-09-10T14:16:22.493Z</time>
			</trkpt>
			<trkpt lat="38.28995" lon="-2.66227">
				<ele>951.77</ele>
				<time>2026-09-10T14:16:24.721Z</time>
			</trkpt>
			<trkpt lat="38.28994" lon="-2.66217">
				<ele>951.97</ele>
				<time>2026-09-10T14:16:25.214Z</time>
			</trkpt>
			<trkpt lat="38.28995" lon="-2.66208">
				<ele>952.47</ele>
				<time>2026-09-10T14:16:25.658Z</time>
			</trkpt>
			<trkpt lat="38.28998" lon="-2.66201">
				<ele>953.5</ele>
				<time>2026-09-10T14:16:26.048Z</time>
			</trkpt>
			<trkpt lat="38.29031" lon="-2.66151">
				<ele>960.81</ele>
				<time>2026-09-10T14:16:29.243Z</time>
			</trkpt>
			<trkpt lat="38.29038" lon="-2.66132">
				<ele>963.97</ele>
				<time>2026-09-10T14:16:30.270Z</time>
			</trkpt>
			<trkpt lat="38.29039" lon="-2.66118">
				<ele>965.22</ele>
				<time>2026-09-10T14:16:30.958Z</time>
			</trkpt>
			<trkpt lat="38.29034" lon="-2.661">
				<ele>965.3</ele>
				<time>2026-09-10T14:16:31.894Z</time>
			</trkpt>
			<trkpt lat="38.29003" lon="-2.66025">
				<ele>971.21</ele>
				<time>2026-09-10T14:16:36.049Z</time>
			</trkpt>
			<trkpt lat="38.28995" lon="-2.66009">
				<ele>972.28</ele>
				<time>2026-09-10T14:16:36.980Z</time>
			</trkpt>
			<trkpt lat="38.28982" lon="-2.65991">
				<ele>970.43</ele>
				<time>2026-09-10T14:16:38.181Z</time>
			</trkpt>
			<trkpt lat="38.28974" lon="-2.65975">
				<ele>969.42</ele>
				<time>2026-09-10T14:16:39.112Z</time>
			</trkpt>
			<trkpt lat="38.28972" lon="-2.65956">
				<ele>969.3</ele>
				<time>2026-09-10T14:16:40.054Z</time>
			</trkpt>
			<trkpt lat="38.28976" lon="-2.65946">
				<ele>970.94</ele>
				<time>2026-09-10T14:16:40.605Z</time>
			</trkpt>
			<trkpt lat="38.28982" lon="-2.65937">
				<ele>973.51</ele>
				<time>2026-09-10T14:16:41.185Z</time>
			</trkpt>
			<trkpt lat="38.29016" lon="-2.65898">
				<ele>984.82</ele>
				<time>2026-09-10T14:16:44.051Z</time>
			</trkpt>
			<trkpt lat="38.29034" lon="-2.65873">
				<ele>987.4</ele>
				<time>2026-09-10T14:16:45.720Z</time>
			</trkpt>
			<trkpt lat="38.29041" lon="-2.65858">
				<ele>988.5</ele>
				<time>2026-09-10T14:16:46.579Z</time>
			</trkpt>
			<trkpt lat="38.29073" lon="-2.65768">
				<ele>990.95</ele>
				<time>2026-09-10T14:16:51.446Z</time>
			</trkpt>
			<trkpt lat="38.29083" lon="-2.65751">
				<ele>991.25</ele>
				<time>2026-09-10T14:16:52.494Z</time>
			</trkpt>
			<trkpt lat="38.29102" lon="-2.65724">
				<ele>996.24</ele>
				<time>2026-09-10T14:16:54.282Z</time>
			</trkpt>
			<trkpt lat="38.29113" lon="-2.65706">
				<ele>999.03</ele>
				<time>2026-09-10T14:16:55.408Z</time>
			</trkpt>
			<trkpt lat="38.29114" lon="-2.65698">
				<ele>999.12</ele>
				<time>2026-09-10T14:16:55.808Z</time>
			</trkpt>
			<trkpt lat="38.29114" lon="-2.65654">
				<ele>999.59</ele>
				<time>2026-09-10T14:16:57.980Z</time>
			</trkpt>
			<trkpt lat="38.29125" lon="-2.65569">
				<ele>1000.36</ele>
				<time>2026-09-10T14:17:02.236Z</time>
			</trkpt>
			<trkpt lat="38.29133" lon="-2.65552">
				<ele>1000.46</ele>
				<time>2026-09-10T14:17:03.216Z</time>
			</trkpt>
			<trkpt lat="38.29137" lon="-2.65548">
				<ele>1001.08</ele>
				<time>2026-09-10T14:17:03.536Z</time>
			</trkpt>
			<trkpt lat="38.29176" lon="-2.6554">
				<ele>1006.9</ele>
				<time>2026-09-10T14:17:06.025Z</time>
			</trkpt>
			<trkpt lat="38.29209" lon="-2.65524">
				<ele>1007.29</ele>
				<time>2026-09-10T14:17:08.251Z</time>
			</trkpt>
			<trkpt lat="38.29251" lon="-2.6551">
				<ele>1012.55</ele>
				<time>2026-09-10T14:17:10.990Z</time>
			</trkpt>
			<trkpt lat="38.2926" lon="-2.65505">
				<ele>1013.13</ele>
				<time>2026-09-10T14:17:11.609Z</time>
			</trkpt>
			<trkpt lat="38.29278" lon="-2.65493">
				<ele>1014.32</ele>
				<time>2026-09-10T14:17:12.891Z</time>
			</trkpt>
			<trkpt lat="38.29323" lon="-2.65459">
				<ele>1020.86</ele>
				<time>2026-09-10T14:17:16.194Z</time>
			</trkpt>
			<trkpt lat="38.2936" lon="-2.65419">
				<ele>1018.52</ele>
				<time>2026-09-10T14:17:19.259Z</time>
			</trkpt>
			<trkpt lat="38.29377" lon="-2.65408">
				<ele>1018.55</ele>
				<time>2026-09-10T14:17:20.464Z</time>
			</trkpt>
			<trkpt lat="38.29406" lon="-2.65405">
				<ele>1021.16</ele>
				<time>2026-09-10T14:17:22.303Z</time>
			</trkpt>
			<trkpt lat="38.29421" lon="-2.65408">
				<ele>1023.28</ele>
				<time>2026-09-10T14:17:23.263Z</time>
			</trkpt>
			<trkpt lat="38.29451" lon="-2.6542">
				<ele>1027.54</ele>
				<time>2026-09-10T14:17:25.251Z</time>
			</trkpt>
			<trkpt lat="38.29465" lon="-2.65421">
				<ele>1027.63</ele>
				<time>2026-09-10T14:17:26.138Z</time>
			</trkpt>
			<trkpt lat="38.29472" lon="-2.65419">
				<ele>1027.19</ele>
				<time>2026-09-10T14:17:26.592Z</time>
			</trkpt>
			<trkpt lat="38.29481" lon="-2.65412">
				<ele>1026.35</ele>
				<time>2026-09-10T14:17:27.258Z</time>
			</trkpt>
			<trkpt lat="38.29518" lon="-2.65331">
				<ele>1031.7</ele>
				<time>2026-09-10T14:17:31.912Z</time>
			</trkpt>
			<trkpt lat="38.29588" lon="-2.65237">
				<ele>1050.28</ele>
				<time>2026-09-10T14:17:38.350Z</time>
			</trkpt>
			<trkpt lat="38.29601" lon="-2.65225">
				<ele>1053.43</ele>
				<time>2026-09-10T14:17:39.367Z</time>
			</trkpt>
			<trkpt lat="38.29609" lon="-2.6522">
				<ele>1053.32</ele>
				<time>2026-09-10T14:17:39.931Z</time>
			</trkpt>
			<trkpt lat="38.29637" lon="-2.65209">
				<ele>1057.07</ele>
				<time>2026-09-10T14:17:41.787Z</time>
			</trkpt>
			<trkpt lat="38.29649" lon="-2.65207">
				<ele>1058.91</ele>
				<time>2026-09-10T14:17:42.553Z</time>
			</trkpt>
			<trkpt lat="38.29653" lon="-2.65209">
				<ele>1059.17</ele>
				<time>2026-09-10T14:17:42.826Z</time>
			</trkpt>
			<trkpt lat="38.29657" lon="-2.65213">
				<ele>1058.91</ele>
				<time>2026-09-10T14:17:43.148Z</time>
			</trkpt>
			<trkpt lat="38.29659" lon="-2.6522">
				<ele>1058.12</ele>
				<time>2026-09-10T14:17:43.518Z</time>
			</trkpt>
			<trkpt lat="38.29665" lon="-2.65244">
				<ele>1053.99</ele>
				<time>2026-09-10T14:17:44.770Z</time>
			</trkpt>
			<trkpt lat="38.29667" lon="-2.65258">
				<ele>1050.05</ele>
				<time>2026-09-10T14:17:45.478Z</time>
			</trkpt>
			<trkpt lat="38.29673" lon="-2.65275">
				<ele>1044.7</ele>
				<time>2026-09-10T14:17:46.404Z</time>
			</trkpt>
			<trkpt lat="38.29681" lon="-2.6528">
				<ele>1044.41</ele>
				<time>2026-09-10T14:17:46.969Z</time>
			</trkpt>
			<trkpt lat="38.2969" lon="-2.65278">
				<ele>1047.1</ele>
				<time>2026-09-10T14:17:47.548Z</time>
			</trkpt>
			<trkpt lat="38.29695" lon="-2.65274">
				<ele>1049.88</ele>
				<time>2026-09-10T14:17:47.922Z</time>
			</trkpt>
			<trkpt lat="38.297" lon="-2.65267">
				<ele>1054</ele>
				<time>2026-09-10T14:17:48.392Z</time>
			</trkpt>
			<trkpt lat="38.297" lon="-2.65255">
				<ele>1059.61</ele>
				<time>2026-09-10T14:17:48.989Z</time>
			</trkpt>
			<trkpt lat="38.2968" lon="-2.65192">
				<ele>1067.58</ele>
				<time>2026-09-10T14:17:52.368Z</time>
			</trkpt>
			<trkpt lat="38.2967" lon="-2.65175">
				<ele>1069.19</ele>
				<time>2026-09-10T14:17:53.425Z</time>
			</trkpt>
			<trkpt lat="38.29666" lon="-2.65172">
				<ele>1068.76</ele>
				<time>2026-09-10T14:17:53.719Z</time>
			</trkpt>
			<trkpt lat="38.29647" lon="-2.6517">
				<ele>1066.51</ele>
				<time>2026-09-10T14:17:54.927Z</time>
			</trkpt>
			<trkpt lat="38.29618" lon="-2.65177">
				<ele>1065.71</ele>
				<time>2026-09-10T14:17:56.797Z</time>
			</trkpt>
			<trkpt lat="38.29588" lon="-2.65177">
				<ele>1074.39</ele>
				<time>2026-09-10T14:17:58.698Z</time>
			</trkpt>
			<trkpt lat="38.29576" lon="-2.65187">
				<ele>1075.15</ele>
				<time>2026-09-10T14:17:59.607Z</time>
			</trkpt>
			<trkpt lat="38.29561" lon="-2.65211">
				<ele>1070.99</ele>
				<time>2026-09-10T14:18:01.132Z</time>
			</trkpt>
			<trkpt lat="38.29553" lon="-2.65215">
				<ele>1071.11</ele>
				<time>2026-09-10T14:18:01.677Z</time>
			</trkpt>
			<trkpt lat="38.29549" lon="-2.65214">
				<ele>1070.5</ele>
				<time>2026-09-10T14:18:01.935Z</time>
			</trkpt>
			<trkpt lat="38.29543" lon="-2.65212">
				<ele>1070.09</ele>
				<time>2026-09-10T14:18:02.328Z</time>
			</trkpt>
			<trkpt lat="38.29495" lon="-2.65176">
				<ele>1072.42</ele>
				<time>2026-09-10T14:18:05.857Z</time>
			</trkpt>
			<trkpt lat="38.29463" lon="-2.65155">
				<ele>1074.06</ele>
				<time>2026-09-10T14:18:08.137Z</time>
			</trkpt>
			<trkpt lat="38.29446" lon="-2.65143">
				<ele>1075.81</ele>
				<time>2026-09-10T14:18:09.368Z</time>
			</trkpt>
			<trkpt lat="38.29438" lon="-2.65134">
				<ele>1075.98</ele>
				<time>2026-09-10T14:18:10.044Z</time>
			</trkpt>
			<trkpt lat="38.29432" lon="-2.65124">
				<ele>1076.18</ele>
				<time>2026-09-10T14:18:10.670Z</time>
			</trkpt>
			<trkpt lat="38.29412" lon="-2.65057">
				<ele>1081.72</ele>
				<time>2026-09-10T14:18:14.233Z</time>
			</trkpt>
			<trkpt lat="38.29411" lon="-2.65046">
				<ele>1081.66</ele>
				<time>2026-09-10T14:18:14.783Z</time>
			</trkpt>
			<trkpt lat="38.29412" lon="-2.65034">
				<ele>1083.2</ele>
				<time>2026-09-10T14:18:15.383Z</time>
			</trkpt>
			<trkpt lat="38.29416" lon="-2.65028">
				<ele>1084.98</ele>
				<time>2026-09-10T14:18:15.774Z</time>
			</trkpt>
			<trkpt lat="38.29425" lon="-2.65022">
				<ele>1085.27</ele>
				<time>2026-09-10T14:18:16.417Z</time>
			</trkpt>
			<trkpt lat="38.29431" lon="-2.65021">
				<ele>1085.9</ele>
				<time>2026-09-10T14:18:16.800Z</time>
			</trkpt>
			<trkpt lat="38.29445" lon="-2.65027">
				<ele>1089.58</ele>
				<time>2026-09-10T14:18:17.735Z</time>
			</trkpt>
			<trkpt lat="38.29501" lon="-2.6507">
				<ele>1093.05</ele>
				<time>2026-09-10T14:18:21.873Z</time>
			</trkpt>
			<trkpt lat="38.29515" lon="-2.65073">
				<ele>1094.04</ele>
				<time>2026-09-10T14:18:22.771Z</time>
			</trkpt>
			<trkpt lat="38.29564" lon="-2.6507">
				<ele>1092.59</ele>
				<time>2026-09-10T14:18:25.875Z</time>
			</trkpt>
			<trkpt lat="38.29686" lon="-2.6507">
				<ele>1105.93</ele>
				<time>2026-09-10T14:18:33.587Z</time>
			</trkpt>
			<trkpt lat="38.29703" lon="-2.65072">
				<ele>1108.79</ele>
				<time>2026-09-10T14:18:34.665Z</time>
			</trkpt>
			<trkpt lat="38.29728" lon="-2.65083">
				<ele>1114.27</ele>
				<time>2026-09-10T14:18:36.336Z</time>
			</trkpt>
			<trkpt lat="38.29737" lon="-2.65088">
				<ele>1115.93</ele>
				<time>2026-09-10T14:18:36.956Z</time>
			</trkpt>
			<trkpt lat="38.29746" lon="-2.65097">
				<ele>1117.33</ele>
				<time>2026-09-10T14:18:37.678Z</time>
			</trkpt>
			<trkpt lat="38.29751" lon="-2.65103">
				<ele>1117.8</ele>
				<time>2026-09-10T14:18:38.112Z</time>
			</trkpt>
			<trkpt lat="38.29756" lon="-2.65125">
				<ele>1116.08</ele>
				<time>2026-09-10T14:18:39.246Z</time>
			</trkpt>
			<trkpt lat="38.29763" lon="-2.65164">
				<ele>1107.98</ele>
				<time>2026-09-10T14:18:41.228Z</time>
			</trkpt>
			<trkpt lat="38.29763" lon="-2.65164">
				<ele>1107.98</ele>
				<time>2026-09-10T14:18:41.228Z</time>
			</trkpt>
			<trkpt lat="38.29764" lon="-2.65165">
				<ele>1107.88</ele>
				<time>2026-09-10T14:18:41.308Z</time>
			</trkpt>
			<trkpt lat="38.29764" lon="-2.65165">
				<ele>1107.88</ele>
				<time>2026-09-10T14:18:41.308Z</time>
			</trkpt>
			<trkpt lat="38.29771" lon="-2.65175">
				<ele>1107.1</ele>
				<time>2026-09-10T14:18:41.971Z</time>
			</trkpt>
			<trkpt lat="38.29838" lon="-2.65187">
				<ele>1115.79</ele>
				<time>2026-09-10T14:18:46.238Z</time>
			</trkpt>
			<trkpt lat="38.29861" lon="-2.65189">
				<ele>1115.45</ele>
				<time>2026-09-10T14:18:47.690Z</time>
			</trkpt>
			<trkpt lat="38.29884" lon="-2.65196">
				<ele>1114.01</ele>
				<time>2026-09-10T14:18:49.180Z</time>
			</trkpt>
			<trkpt lat="38.29861" lon="-2.65189">
				<ele>1115.45</ele>
				<time>2026-09-10T14:18:50.669Z</time>
			</trkpt>
			<trkpt lat="38.29838" lon="-2.65187">
				<ele>1115.79</ele>
				<time>2026-09-10T14:18:52.121Z</time>
			</trkpt>
			<trkpt lat="38.29771" lon="-2.65175">
				<ele>1107.1</ele>
				<time>2026-09-10T14:18:56.377Z</time>
			</trkpt>
			<trkpt lat="38.29764" lon="-2.65165">
				<ele>1107.88</ele>
				<time>2026-09-10T14:18:57.038Z</time>
			</trkpt>
			<trkpt lat="38.29764" lon="-2.65165">
				<ele>1107.88</ele>
				<time>2026-09-10T14:18:57.038Z</time>
			</trkpt>
			<trkpt lat="38.29763" lon="-2.65164">
				<ele>1107.98</ele>
				<time>2026-09-10T14:18:57.118Z</time>
			</trkpt>
			<trkpt lat="38.29763" lon="-2.65164">
				<ele>1107.98</ele>
				<time>2026-09-10T14:18:57.118Z</time>
			</trkpt>
			<trkpt lat="38.29756" lon="-2.65125">
				<ele>1116.08</ele>
				<time>2026-09-10T14:18:59.092Z</time>
			</trkpt>
			<trkpt lat="38.29751" lon="-2.65103">
				<ele>1117.8</ele>
				<time>2026-09-10T14:19:00.221Z</time>
			</trkpt>
			<trkpt lat="38.29746" lon="-2.65097">
				<ele>1117.33</ele>
				<time>2026-09-10T14:19:00.652Z</time>
			</trkpt>
			<trkpt lat="38.29737" lon="-2.65088">
				<ele>1115.93</ele>
				<time>2026-09-10T14:19:01.370Z</time>
			</trkpt>
			<trkpt lat="38.29728" lon="-2.65083">
				<ele>1114.27</ele>
				<time>2026-09-10T14:19:01.986Z</time>
			</trkpt>
			<trkpt lat="38.29703" lon="-2.65072">
				<ele>1108.79</ele>
				<time>2026-09-10T14:19:03.641Z</time>
			</trkpt>
			<trkpt lat="38.29686" lon="-2.6507">
				<ele>1105.93</ele>
				<time>2026-09-10T14:19:04.707Z</time>
			</trkpt>
			<trkpt lat="38.29564" lon="-2.6507">
				<ele>1092.59</ele>
				<time>2026-09-10T14:19:12.277Z</time>
			</trkpt>
			<trkpt lat="38.29515" lon="-2.65073">
				<ele>1094.04</ele>
				<time>2026-09-10T14:19:15.297Z</time>
			</trkpt>
			<trkpt lat="38.29501" lon="-2.6507">
				<ele>1093.05</ele>
				<time>2026-09-10T14:19:16.169Z</time>
			</trkpt>
			<trkpt lat="38.29445" lon="-2.65027">
				<ele>1089.58</ele>
				<time>2026-09-10T14:19:20.169Z</time>
			</trkpt>
			<trkpt lat="38.29431" lon="-2.65021">
				<ele>1085.9</ele>
				<time>2026-09-10T14:19:21.070Z</time>
			</trkpt>
			<trkpt lat="38.29425" lon="-2.65022">
				<ele>1085.27</ele>
				<time>2026-09-10T14:19:21.438Z</time>
			</trkpt>
			<trkpt lat="38.29416" lon="-2.65028">
				<ele>1084.98</ele>
				<time>2026-09-10T14:19:22.057Z</time>
			</trkpt>
			<trkpt lat="38.29412" lon="-2.65034">
				<ele>1083.2</ele>
				<time>2026-09-10T14:19:22.432Z</time>
			</trkpt>
			<trkpt lat="38.29411" lon="-2.65046">
				<ele>1081.66</ele>
				<time>2026-09-10T14:19:23.008Z</time>
			</trkpt>
			<trkpt lat="38.29412" lon="-2.65057">
				<ele>1081.72</ele>
				<time>2026-09-10T14:19:23.536Z</time>
			</trkpt>
			<trkpt lat="38.29432" lon="-2.65124">
				<ele>1076.18</ele>
				<time>2026-09-10T14:19:26.945Z</time>
			</trkpt>
			<trkpt lat="38.29438" lon="-2.65134">
				<ele>1075.98</ele>
				<time>2026-09-10T14:19:27.542Z</time>
			</trkpt>
			<trkpt lat="38.29446" lon="-2.65143">
				<ele>1075.81</ele>
				<time>2026-09-10T14:19:28.186Z</time>
			</trkpt>
			<trkpt lat="38.29463" lon="-2.65155">
				<ele>1074.06</ele>
				<time>2026-09-10T14:19:29.358Z</time>
			</trkpt>
			<trkpt lat="38.29495" lon="-2.65176">
				<ele>1072.42</ele>
				<time>2026-09-10T14:19:31.524Z</time>
			</trkpt>
			<trkpt lat="38.29543" lon="-2.65212">
				<ele>1070.09</ele>
				<time>2026-09-10T14:19:34.863Z</time>
			</trkpt>
			<trkpt lat="38.29549" lon="-2.65214">
				<ele>1070.5</ele>
				<time>2026-09-10T14:19:35.234Z</time>
			</trkpt>
			<trkpt lat="38.29553" lon="-2.65215">
				<ele>1071.11</ele>
				<time>2026-09-10T14:19:35.477Z</time>
			</trkpt>
			<trkpt lat="38.29561" lon="-2.65211">
				<ele>1070.99</ele>
				<time>2026-09-10T14:19:35.991Z</time>
			</trkpt>
			<trkpt lat="38.29576" lon="-2.65187">
				<ele>1075.15</ele>
				<time>2026-09-10T14:19:37.428Z</time>
			</trkpt>
			<trkpt lat="38.29588" lon="-2.65177">
				<ele>1074.39</ele>
				<time>2026-09-10T14:19:38.283Z</time>
			</trkpt>
			<trkpt lat="38.29618" lon="-2.65177">
				<ele>1065.71</ele>
				<time>2026-09-10T14:19:40.068Z</time>
			</trkpt>
			<trkpt lat="38.29647" lon="-2.6517">
				<ele>1066.51</ele>
				<time>2026-09-10T14:19:41.820Z</time>
			</trkpt>
			<trkpt lat="38.29666" lon="-2.65172">
				<ele>1068.76</ele>
				<time>2026-09-10T14:19:42.950Z</time>
			</trkpt>
			<trkpt lat="38.2967" lon="-2.65175">
				<ele>1069.19</ele>
				<time>2026-09-10T14:19:43.225Z</time>
			</trkpt>
			<trkpt lat="38.2968" lon="-2.65192">
				<ele>1067.58</ele>
				<time>2026-09-10T14:19:44.211Z</time>
			</trkpt>
			<trkpt lat="38.297" lon="-2.65255">
				<ele>1059.61</ele>
				<time>2026-09-10T14:19:47.360Z</time>
			</trkpt>
			<trkpt lat="38.297" lon="-2.65267">
				<ele>1054</ele>
				<time>2026-09-10T14:19:47.915Z</time>
			</trkpt>
			<trkpt lat="38.29695" lon="-2.65274">
				<ele>1049.88</ele>
				<time>2026-09-10T14:19:48.352Z</time>
			</trkpt>
			<trkpt lat="38.2969" lon="-2.65278">
				<ele>1047.1</ele>
				<time>2026-09-10T14:19:48.699Z</time>
			</trkpt>
			<trkpt lat="38.29681" lon="-2.6528">
				<ele>1044.41</ele>
				<time>2026-09-10T14:19:49.237Z</time>
			</trkpt>
			<trkpt lat="38.29673" lon="-2.65275">
				<ele>1044.7</ele>
				<time>2026-09-10T14:19:49.760Z</time>
			</trkpt>
			<trkpt lat="38.29667" lon="-2.65258">
				<ele>1050.05</ele>
				<time>2026-09-10T14:19:50.619Z</time>
			</trkpt>
			<trkpt lat="38.29665" lon="-2.65244">
				<ele>1053.99</ele>
				<time>2026-09-10T14:19:51.275Z</time>
			</trkpt>
			<trkpt lat="38.29659" lon="-2.6522">
				<ele>1058.12</ele>
				<time>2026-09-10T14:19:52.434Z</time>
			</trkpt>
			<trkpt lat="38.29657" lon="-2.65213">
				<ele>1058.91</ele>
				<time>2026-09-10T14:19:52.776Z</time>
			</trkpt>
			<trkpt lat="38.29653" lon="-2.65209">
				<ele>1059.17</ele>
				<time>2026-09-10T14:19:53.074Z</time>
			</trkpt>
			<trkpt lat="38.29649" lon="-2.65207">
				<ele>1058.91</ele>
				<time>2026-09-10T14:19:53.325Z</time>
			</trkpt>
			<trkpt lat="38.29637" lon="-2.65209">
				<ele>1057.07</ele>
				<time>2026-09-10T14:19:54.033Z</time>
			</trkpt>
			<trkpt lat="38.29609" lon="-2.6522">
				<ele>1053.32</ele>
				<time>2026-09-10T14:19:55.745Z</time>
			</trkpt>
			<trkpt lat="38.29601" lon="-2.65225">
				<ele>1053.43</ele>
				<time>2026-09-10T14:19:56.266Z</time>
			</trkpt>
			<trkpt lat="38.29588" lon="-2.65237">
				<ele>1050.28</ele>
				<time>2026-09-10T14:19:57.202Z</time>
			</trkpt>
			<trkpt lat="38.29518" lon="-2.65331">
				<ele>1031.7</ele>
				<time>2026-09-10T14:20:03.111Z</time>
			</trkpt>
			<trkpt lat="38.29481" lon="-2.65412">
				<ele>1026.35</ele>
				<time>2026-09-10T14:20:07.364Z</time>
			</trkpt>
			<trkpt lat="38.29472" lon="-2.65419">
				<ele>1027.19</ele>
				<time>2026-09-10T14:20:07.972Z</time>
			</trkpt>
			<trkpt lat="38.29465" lon="-2.65421">
				<ele>1027.63</ele>
				<time>2026-09-10T14:20:08.386Z</time>
			</trkpt>
			<trkpt lat="38.29451" lon="-2.6542">
				<ele>1027.54</ele>
				<time>2026-09-10T14:20:09.194Z</time>
			</trkpt>
			<trkpt lat="38.29421" lon="-2.65408">
				<ele>1023.28</ele>
				<time>2026-09-10T14:20:11.004Z</time>
			</trkpt>
			<trkpt lat="38.29406" lon="-2.65405">
				<ele>1021.16</ele>
				<time>2026-09-10T14:20:11.877Z</time>
			</trkpt>
			<trkpt lat="38.29377" lon="-2.65408">
				<ele>1018.55</ele>
				<time>2026-09-10T14:20:13.548Z</time>
			</trkpt>
			<trkpt lat="38.2936" lon="-2.65419">
				<ele>1018.52</ele>
				<time>2026-09-10T14:20:14.641Z</time>
			</trkpt>
			<trkpt lat="38.29323" lon="-2.65459">
				<ele>1020.86</ele>
				<time>2026-09-10T14:20:17.420Z</time>
			</trkpt>
			<trkpt lat="38.29278" lon="-2.65493">
				<ele>1014.32</ele>
				<time>2026-09-10T14:20:20.409Z</time>
			</trkpt>
			<trkpt lat="38.2926" lon="-2.65505">
				<ele>1013.13</ele>
				<time>2026-09-10T14:20:21.568Z</time>
			</trkpt>
			<trkpt lat="38.29251" lon="-2.6551">
				<ele>1012.55</ele>
				<time>2026-09-10T14:20:22.128Z</time>
			</trkpt>
			<trkpt lat="38.29209" lon="-2.65524">
				<ele>1007.29</ele>
				<time>2026-09-10T14:20:24.600Z</time>
			</trkpt>
			<trkpt lat="38.29176" lon="-2.6554">
				<ele>1006.9</ele>
				<time>2026-09-10T14:20:26.607Z</time>
			</trkpt>
			<trkpt lat="38.29137" lon="-2.65548">
				<ele>1001.08</ele>
				<time>2026-09-10T14:20:28.850Z</time>
			</trkpt>
			<trkpt lat="38.29133" lon="-2.65552">
				<ele>1000.46</ele>
				<time>2026-09-10T14:20:29.138Z</time>
			</trkpt>
			<trkpt lat="38.29125" lon="-2.65569">
				<ele>1000.36</ele>
				<time>2026-09-10T14:20:30.020Z</time>
			</trkpt>
			<trkpt lat="38.29114" lon="-2.65654">
				<ele>999.59</ele>
				<time>2026-09-10T14:20:33.848Z</time>
			</trkpt>
			<trkpt lat="38.29114" lon="-2.65698">
				<ele>999.12</ele>
				<time>2026-09-10T14:20:35.800Z</time>
			</trkpt>
			<trkpt lat="38.29113" lon="-2.65706">
				<ele>999.03</ele>
				<time>2026-09-10T14:20:36.159Z</time>
			</trkpt>
			<trkpt lat="38.29102" lon="-2.65724">
				<ele>996.24</ele>
				<time>2026-09-10T14:20:37.170Z</time>
			</trkpt>
			<trkpt lat="38.29083" lon="-2.65751">
				<ele>991.25</ele>
				<time>2026-09-10T14:20:38.776Z</time>
			</trkpt>
			<trkpt lat="38.29073" lon="-2.65768">
				<ele>990.95</ele>
				<time>2026-09-10T14:20:39.716Z</time>
			</trkpt>
			<trkpt lat="38.29041" lon="-2.65858">
				<ele>988.5</ele>
				<time>2026-09-10T14:20:44.083Z</time>
			</trkpt>
			<trkpt lat="38.29034" lon="-2.65873">
				<ele>987.4</ele>
				<time>2026-09-10T14:20:44.853Z</time>
			</trkpt>
			<trkpt lat="38.29016" lon="-2.65898">
				<ele>984.82</ele>
				<time>2026-09-10T14:20:46.350Z</time>
			</trkpt>
			<trkpt lat="38.28982" lon="-2.65937">
				<ele>973.51</ele>
				<time>2026-09-10T14:20:48.920Z</time>
			</trkpt>
			<trkpt lat="38.28976" lon="-2.65946">
				<ele>970.94</ele>
				<time>2026-09-10T14:20:49.440Z</time>
			</trkpt>
			<trkpt lat="38.28972" lon="-2.65956">
				<ele>969.3</ele>
				<time>2026-09-10T14:20:49.935Z</time>
			</trkpt>
			<trkpt lat="38.28974" lon="-2.65975">
				<ele>969.42</ele>
				<time>2026-09-10T14:20:50.779Z</time>
			</trkpt>
			<trkpt lat="38.28982" lon="-2.65991">
				<ele>970.43</ele>
				<time>2026-09-10T14:20:51.615Z</time>
			</trkpt>
			<trkpt lat="38.28995" lon="-2.66009">
				<ele>972.28</ele>
				<time>2026-09-10T14:20:52.691Z</time>
			</trkpt>
			<trkpt lat="38.29003" lon="-2.66025">
				<ele>971.21</ele>
				<time>2026-09-10T14:20:53.526Z</time>
			</trkpt>
			<trkpt lat="38.29034" lon="-2.661">
				<ele>965.3</ele>
				<time>2026-09-10T14:20:57.254Z</time>
			</trkpt>
			<trkpt lat="38.29039" lon="-2.66118">
				<ele>965.22</ele>
				<time>2026-09-10T14:20:58.093Z</time>
			</trkpt>
			<trkpt lat="38.29038" lon="-2.66132">
				<ele>963.97</ele>
				<time>2026-09-10T14:20:58.711Z</time>
			</trkpt>
			<trkpt lat="38.29031" lon="-2.66151">
				<ele>960.81</ele>
				<time>2026-09-10T14:20:59.633Z</time>
			</trkpt>
			<trkpt lat="38.28998" lon="-2.66201">
				<ele>953.5</ele>
				<time>2026-09-10T14:21:02.502Z</time>
			</trkpt>
			<trkpt lat="38.28995" lon="-2.66208">
				<ele>952.47</ele>
				<time>2026-09-10T14:21:02.852Z</time>
			</trkpt>
			<trkpt lat="38.28994" lon="-2.66217">
				<ele>951.97</ele>
				<time>2026-09-10T14:21:03.251Z</time>
			</trkpt>
			<trkpt lat="38.28995" lon="-2.66227">
				<ele>951.77</ele>
				<time>2026-09-10T14:21:03.694Z</time>
			</trkpt>
			<trkpt lat="38.29009" lon="-2.66269">
				<ele>948.83</ele>
				<time>2026-09-10T14:21:05.696Z</time>
			</trkpt>
			<trkpt lat="38.29016" lon="-2.66316">
				<ele>943.12</ele>
				<time>2026-09-10T14:21:07.796Z</time>
			</trkpt>
			<trkpt lat="38.29021" lon="-2.66324">
				<ele>942.3</ele>
				<time>2026-09-10T14:21:08.244Z</time>
			</trkpt>
			<trkpt lat="38.29028" lon="-2.66329">
				<ele>942.02</ele>
				<time>2026-09-10T14:21:08.693Z</time>
			</trkpt>
			<trkpt lat="38.29063" lon="-2.66328">
				<ele>941.83</ele>
				<time>2026-09-10T14:21:10.650Z</time>
			</trkpt>
			<trkpt lat="38.29142" lon="-2.66304">
				<ele>934.5</ele>
				<time>2026-09-10T14:21:15.189Z</time>
			</trkpt>
			<trkpt lat="38.29161" lon="-2.66294">
				<ele>935.36</ele>
				<time>2026-09-10T14:21:16.338Z</time>
			</trkpt>
			<trkpt lat="38.29225" lon="-2.66228">
				<ele>928.67</ele>
				<time>2026-09-10T14:21:20.941Z</time>
			</trkpt>
			<trkpt lat="38.29246" lon="-2.6621">
				<ele>927.65</ele>
				<time>2026-09-10T14:21:22.356Z</time>
			</trkpt>
			<trkpt lat="38.29278" lon="-2.6621">
				<ele>922.51</ele>
				<time>2026-09-10T14:21:24.146Z</time>
			</trkpt>
			<trkpt lat="38.29288" lon="-2.66208">
				<ele>920.66</ele>
				<time>2026-09-10T14:21:24.712Z</time>
			</trkpt>
			<trkpt lat="38.29294" lon="-2.66203">
				<ele>919.83</ele>
				<time>2026-09-10T14:21:25.113Z</time>
			</trkpt>
			<trkpt lat="38.29344" lon="-2.66139">
				<ele>913.46</ele>
				<time>2026-09-10T14:21:29.080Z</time>
			</trkpt>
			<trkpt lat="38.29349" lon="-2.6613">
				<ele>912.6</ele>
				<time>2026-09-10T14:21:29.564Z</time>
			</trkpt>
			<trkpt lat="38.29355" lon="-2.66116">
				<ele>911.65</ele>
				<time>2026-09-10T14:21:30.265Z</time>
			</trkpt>
			<trkpt lat="38.29372" lon="-2.66027">
				<ele>909.74</ele>
				<time>2026-09-10T14:21:34.294Z</time>
			</trkpt>
			<trkpt lat="38.29379" lon="-2.66014">
				<ele>907.84</ele>
				<time>2026-09-10T14:21:34.988Z</time>
			</trkpt>
			<trkpt lat="38.2939" lon="-2.66007">
				<ele>904.82</ele>
				<time>2026-09-10T14:21:35.678Z</time>
			</trkpt>
			<trkpt lat="38.29415" lon="-2.66008">
				<ele>901.43</ele>
				<time>2026-09-10T14:21:37.081Z</time>
			</trkpt>
			<trkpt lat="38.29483" lon="-2.66023">
				<ele>892.44</ele>
				<time>2026-09-10T14:21:40.957Z</time>
			</trkpt>
			<trkpt lat="38.29551" lon="-2.6603">
				<ele>887.53</ele>
				<time>2026-09-10T14:21:44.795Z</time>
			</trkpt>
			<trkpt lat="38.29568" lon="-2.66047">
				<ele>885.15</ele>
				<time>2026-09-10T14:21:46.012Z</time>
			</trkpt>
			<trkpt lat="38.29584" lon="-2.6607">
				<ele>882.79</ele>
				<time>2026-09-10T14:21:47.371Z</time>
			</trkpt>
			<trkpt lat="38.29595" lon="-2.66079">
				<ele>880.2</ele>
				<time>2026-09-10T14:21:48.108Z</time>
			</trkpt>
			<trkpt lat="38.29605" lon="-2.66081">
				<ele>878.99</ele>
				<time>2026-09-10T14:21:48.679Z</time>
			</trkpt>
			<trkpt lat="38.29617" lon="-2.66079">
				<ele>877.25</ele>
				<time>2026-09-10T14:21:49.362Z</time>
			</trkpt>
			<trkpt lat="38.29627" lon="-2.66071">
				<ele>876.1</ele>
				<time>2026-09-10T14:21:50.028Z</time>
			</trkpt>
			<trkpt lat="38.29636" lon="-2.66062">
				<ele>875.41</ele>
				<time>2026-09-10T14:21:50.674Z</time>
			</trkpt>
			<trkpt lat="38.2965" lon="-2.66044">
				<ele>876.7</ele>
				<time>2026-09-10T14:21:51.798Z</time>
			</trkpt>
			<trkpt lat="38.29687" lon="-2.66001">
				<ele>881.67</ele>
				<time>2026-09-10T14:21:54.630Z</time>
			</trkpt>
			<trkpt lat="38.29703" lon="-2.65988">
				<ele>882.23</ele>
				<time>2026-09-10T14:21:55.704Z</time>
			</trkpt>
			<trkpt lat="38.29717" lon="-2.65982">
				<ele>881.82</ele>
				<time>2026-09-10T14:21:56.541Z</time>
			</trkpt>
			<trkpt lat="38.29725" lon="-2.65981">
				<ele>881.67</ele>
				<time>2026-09-10T14:21:56.996Z</time>
			</trkpt>
			<trkpt lat="38.29742" lon="-2.65981">
				<ele>882.23</ele>
				<time>2026-09-10T14:21:57.960Z</time>
			</trkpt>
			<trkpt lat="38.29765" lon="-2.65988">
				<ele>881.52</ele>
				<time>2026-09-10T14:21:59.302Z</time>
			</trkpt>
			<trkpt lat="38.29784" lon="-2.66002">
				<ele>880.31</ele>
				<time>2026-09-10T14:22:00.548Z</time>
			</trkpt>
			<trkpt lat="38.29798" lon="-2.66017">
				<ele>878.45</ele>
				<time>2026-09-10T14:22:01.588Z</time>
			</trkpt>
			<trkpt lat="38.29915" lon="-2.66083">
				<ele>875.1</ele>
				<time>2026-09-10T14:22:08.882Z</time>
			</trkpt>
			<trkpt lat="38.29946" lon="-2.66092">
				<ele>877.46</ele>
				<time>2026-09-10T14:22:10.701Z</time>
			</trkpt>
			<trkpt lat="38.29979" lon="-2.66092">
				<ele>874.15</ele>
				<time>2026-09-10T14:22:12.592Z</time>
			</trkpt>
			<trkpt lat="38.30008" lon="-2.66102">
				<ele>869.89</ele>
				<time>2026-09-10T14:22:14.316Z</time>
			</trkpt>
			<trkpt lat="38.30029" lon="-2.66123">
				<ele>871.55</ele>
				<time>2026-09-10T14:22:15.850Z</time>
			</trkpt>
			<trkpt lat="38.30065" lon="-2.66134">
				<ele>865.46</ele>
				<time>2026-09-10T14:22:17.981Z</time>
			</trkpt>
			<trkpt lat="38.30082" lon="-2.66149">
				<ele>865.78</ele>
				<time>2026-09-10T14:22:19.173Z</time>
			</trkpt>
			<trkpt lat="38.3012" lon="-2.6615">
				<ele>861.63</ele>
				<time>2026-09-10T14:22:21.367Z</time>
			</trkpt>
			<trkpt lat="38.3013" lon="-2.66161">
				<ele>861.59</ele>
				<time>2026-09-10T14:22:22.131Z</time>
			</trkpt>
			<trkpt lat="38.30141" lon="-2.6622">
				<ele>863.8</ele>
				<time>2026-09-10T14:22:24.887Z</time>
			</trkpt>
			<trkpt lat="38.3018" lon="-2.6625">
				<ele>854.02</ele>
				<time>2026-09-10T14:22:27.532Z</time>
			</trkpt>
			<trkpt lat="38.30214" lon="-2.66331">
				<ele>846.22</ele>
				<time>2026-09-10T14:22:31.733Z</time>
			</trkpt>
			<trkpt lat="38.30207" lon="-2.66359">
				<ele>845.47</ele>
				<time>2026-09-10T14:22:33.081Z</time>
			</trkpt>
			<trkpt lat="38.30156" lon="-2.66396">
				<ele>850.15</ele>
				<time>2026-09-10T14:22:36.520Z</time>
			</trkpt>
			<trkpt lat="38.30142" lon="-2.6643">
				<ele>845.51</ele>
				<time>2026-09-10T14:22:38.291Z</time>
			</trkpt>
			<trkpt lat="38.30138" lon="-2.66454">
				<ele>842.11</ele>
				<time>2026-09-10T14:22:39.424Z</time>
			</trkpt>
			<trkpt lat="38.301" lon="-2.66526">
				<ele>837.9</ele>
				<time>2026-09-10T14:22:43.444Z</time>
			</trkpt>
			<trkpt lat="38.30068" lon="-2.66551">
				<ele>841.72</ele>
				<time>2026-09-10T14:22:45.669Z</time>
			</trkpt>
			<trkpt lat="38.30065" lon="-2.66581">
				<ele>837.07</ele>
				<time>2026-09-10T14:22:47.078Z</time>
			</trkpt>
			<trkpt lat="38.30077" lon="-2.66596">
				<ele>832.64</ele>
				<time>2026-09-10T14:22:48.078Z</time>
			</trkpt>
			<trkpt lat="38.30097" lon="-2.66598">
				<ele>827.54</ele>
				<time>2026-09-10T14:22:49.273Z</time>
			</trkpt>
			<trkpt lat="38.30115" lon="-2.66572">
				<ele>825.11</ele>
				<time>2026-09-10T14:22:50.896Z</time>
			</trkpt>
			<trkpt lat="38.30121" lon="-2.6655">
				<ele>826.68</ele>
				<time>2026-09-10T14:22:51.989Z</time>
			</trkpt>
			<trkpt lat="38.30211" lon="-2.66438">
				<ele>823.33</ele>
				<time>2026-09-10T14:22:59.549Z</time>
			</trkpt>
			<trkpt lat="38.30236" lon="-2.66428">
				<ele>821.42</ele>
				<time>2026-09-10T14:23:01.134Z</time>
			</trkpt>
			<trkpt lat="38.30289" lon="-2.66413">
				<ele>816.51</ele>
				<time>2026-09-10T14:23:04.427Z</time>
			</trkpt>
			<trkpt lat="38.30333" lon="-2.66408">
				<ele>810.07</ele>
				<time>2026-09-10T14:23:07.118Z</time>
			</trkpt>
			<trkpt lat="38.30356" lon="-2.66376">
				<ele>812.46</ele>
				<time>2026-09-10T14:23:09.200Z</time>
			</trkpt>
			<trkpt lat="38.30363" lon="-2.6634">
				<ele>813.69</ele>
				<time>2026-09-10T14:23:10.984Z</time>
			</trkpt>
			<trkpt lat="38.30344" lon="-2.66275">
				<ele>815.12</ele>
				<time>2026-09-10T14:23:14.332Z</time>
			</trkpt>
			<trkpt lat="38.30353" lon="-2.66244">
				<ele>814.02</ele>
				<time>2026-09-10T14:23:15.933Z</time>
			</trkpt>
			<trkpt lat="38.30373" lon="-2.66229">
				<ele>815.76</ele>
				<time>2026-09-10T14:23:17.369Z</time>
			</trkpt>
			<trkpt lat="38.30391" lon="-2.66236">
				<ele>816.45</ele>
				<time>2026-09-10T14:23:18.536Z</time>
			</trkpt>
			<trkpt lat="38.30438" lon="-2.66279">
				<ele>812.74</ele>
				<time>2026-09-10T14:23:22.135Z</time>
			</trkpt>
			<trkpt lat="38.30473" lon="-2.66294">
				<ele>811.59</ele>
				<time>2026-09-10T14:23:24.443Z</time>
			</trkpt>
			<trkpt lat="38.30515" lon="-2.66298">
				<ele>814</ele>
				<time>2026-09-10T14:23:27.084Z</time>
			</trkpt>
			<trkpt lat="38.30574" lon="-2.66317">
				<ele>812.29</ele>
				<time>2026-09-10T14:23:30.920Z</time>
			</trkpt>
			<trkpt lat="38.30586" lon="-2.6634">
				<ele>812.35</ele>
				<time>2026-09-10T14:23:32.292Z</time>
			</trkpt>
			<trkpt lat="38.30586" lon="-2.66393">
				<ele>808.41</ele>
				<time>2026-09-10T14:23:34.933Z</time>
			</trkpt>
			<trkpt lat="38.30613" lon="-2.66479">
				<ele>805.77</ele>
				<time>2026-09-10T14:23:39.575Z</time>
			</trkpt>
			<trkpt lat="38.3063" lon="-2.66507">
				<ele>805.81</ele>
				<time>2026-09-10T14:23:41.358Z</time>
			</trkpt>
			<trkpt lat="38.30668" lon="-2.6661">
				<ele>797.26</ele>
				<time>2026-09-10T14:23:47.126Z</time>
			</trkpt>
			<trkpt lat="38.30685" lon="-2.66621">
				<ele>797.72</ele>
				<time>2026-09-10T14:23:48.364Z</time>
			</trkpt>
			<trkpt lat="38.30735" lon="-2.66622">
				<ele>794.04</ele>
				<time>2026-09-10T14:23:51.624Z</time>
			</trkpt>
			<trkpt lat="38.30793" lon="-2.66648">
				<ele>789.93</ele>
				<time>2026-09-10T14:23:55.657Z</time>
			</trkpt>
			<trkpt lat="38.30912" lon="-2.66635">
				<ele>787.3</ele>
				<time>2026-09-10T14:24:03.569Z</time>
			</trkpt>
			<trkpt lat="38.30924" lon="-2.66625">
				<ele>786.93</ele>
				<time>2026-09-10T14:24:04.526Z</time>
			</trkpt>
			<trkpt lat="38.3093" lon="-2.66617">
				<ele>786.85</ele>
				<time>2026-09-10T14:24:05.106Z</time>
			</trkpt>
			<trkpt lat="38.3093" lon="-2.66593">
				<ele>785.69</ele>
				<time>2026-09-10T14:24:06.367Z</time>
			</trkpt>
			<trkpt lat="38.3092" lon="-2.66574">
				<ele>785.98</ele>
				<time>2026-09-10T14:24:07.571Z</time>
			</trkpt>
			<trkpt lat="38.30906" lon="-2.66552">
				<ele>786.65</ele>
				<time>2026-09-10T14:24:09.066Z</time>
			</trkpt>
			<trkpt lat="38.30903" lon="-2.66526">
				<ele>786.25</ele>
				<time>2026-09-10T14:24:10.455Z</time>
			</trkpt>
			<trkpt lat="38.30907" lon="-2.66515">
				<ele>785.91</ele>
				<time>2026-09-10T14:24:11.098Z</time>
			</trkpt>
			<trkpt lat="38.30949" lon="-2.6648">
				<ele>784.43</ele>
				<time>2026-09-10T14:24:14.498Z</time>
			</trkpt>
			<trkpt lat="38.30964" lon="-2.66476">
				<ele>784.42</ele>
				<time>2026-09-10T14:24:15.540Z</time>
			</trkpt>
			<trkpt lat="38.31014" lon="-2.66486">
				<ele>778.75</ele>
				<time>2026-09-10T14:24:18.996Z</time>
			</trkpt>
			<trkpt lat="38.31052" lon="-2.66511">
				<ele>774.04</ele>
				<time>2026-09-10T14:24:21.932Z</time>
			</trkpt>
			<trkpt lat="38.31119" lon="-2.66587">
				<ele>764.9</ele>
				<time>2026-09-10T14:24:28.141Z</time>
			</trkpt>
			<trkpt lat="38.3115" lon="-2.66596">
				<ele>763.12</ele>
				<time>2026-09-10T14:24:30.358Z</time>
			</trkpt>
			<trkpt lat="38.31182" lon="-2.66586">
				<ele>764.3</ele>
				<time>2026-09-10T14:24:32.664Z</time>
			</trkpt>
			<trkpt lat="38.3126" lon="-2.66514">
				<ele>759.83</ele>
				<time>2026-09-10T14:24:39.461Z</time>
			</trkpt>
			<trkpt lat="38.31307" lon="-2.66452">
				<ele>758.61</ele>
				<time>2026-09-10T14:24:44.284Z</time>
			</trkpt>
			<trkpt lat="38.31317" lon="-2.66446">
				<ele>758.08</ele>
				<time>2026-09-10T14:24:45.076Z</time>
			</trkpt>
			<trkpt lat="38.31332" lon="-2.66446">
				<ele>756.96</ele>
				<time>2026-09-10T14:24:46.153Z</time>
			</trkpt>
			<trkpt lat="38.31345" lon="-2.66457">
				<ele>755.52</ele>
				<time>2026-09-10T14:24:47.275Z</time>
			</trkpt>
			<trkpt lat="38.3137" lon="-2.66494">
				<ele>751.27</ele>
				<time>2026-09-10T14:24:50.040Z</time>
			</trkpt>
			<trkpt lat="38.31391" lon="-2.66507">
				<ele>747.87</ele>
				<time>2026-09-10T14:24:51.731Z</time>
			</trkpt>
			<trkpt lat="38.31411" lon="-2.66501">
				<ele>744.05</ele>
				<time>2026-09-10T14:24:53.224Z</time>
			</trkpt>
			<trkpt lat="38.31419" lon="-2.66476">
				<ele>744.25</ele>
				<time>2026-09-10T14:24:54.768Z</time>
			</trkpt>
			<trkpt lat="38.31413" lon="-2.66453">
				<ele>746.8</ele>
				<time>2026-09-10T14:24:56.157Z</time>
			</trkpt>
			<trkpt lat="38.31401" lon="-2.66427">
				<ele>749.54</ele>
				<time>2026-09-10T14:24:57.891Z</time>
			</trkpt>
			<trkpt lat="38.31398" lon="-2.66411">
				<ele>750.2</ele>
				<time>2026-09-10T14:24:58.838Z</time>
			</trkpt>
			<trkpt lat="38.31402" lon="-2.66395">
				<ele>749.01</ele>
				<time>2026-09-10T14:24:59.807Z</time>
			</trkpt>
			<trkpt lat="38.3142" lon="-2.66359">
				<ele>741.62</ele>
				<time>2026-09-10T14:25:02.279Z</time>
			</trkpt>
			<trkpt lat="38.31424" lon="-2.66334">
				<ele>741.59</ele>
				<time>2026-09-10T14:25:03.761Z</time>
			</trkpt>
			<trkpt lat="38.31428" lon="-2.66277">
				<ele>740.35</ele>
				<time>2026-09-10T14:25:07.100Z</time>
			</trkpt>
			<trkpt lat="38.31442" lon="-2.66167">
				<ele>735.64</ele>
				<time>2026-09-10T14:25:13.660Z</time>
			</trkpt>
			<trkpt lat="38.31444" lon="-2.66121">
				<ele>738.92</ele>
				<time>2026-09-10T14:25:16.394Z</time>
			</trkpt>
			<trkpt lat="38.31451" lon="-2.66099">
				<ele>739.94</ele>
				<time>2026-09-10T14:25:17.808Z</time>
			</trkpt>
			<trkpt lat="38.31468" lon="-2.66091">
				<ele>735.23</ele>
				<time>2026-09-10T14:25:19.188Z</time>
			</trkpt>
			<trkpt lat="38.31498" lon="-2.66103">
				<ele>732.74</ele>
				<time>2026-09-10T14:25:21.589Z</time>
			</trkpt>
			<trkpt lat="38.31514" lon="-2.66115">
				<ele>735.12</ele>
				<time>2026-09-10T14:25:23.012Z</time>
			</trkpt>
			<trkpt lat="38.31522" lon="-2.66127">
				<ele>736.17</ele>
				<time>2026-09-10T14:25:23.961Z</time>
			</trkpt>
			<trkpt lat="38.31561" lon="-2.6623">
				<ele>737.76</ele>
				<time>2026-09-10T14:25:30.901Z</time>
			</trkpt>
			<trkpt lat="38.31563" lon="-2.66273">
				<ele>740.84</ele>
				<time>2026-09-10T14:25:33.537Z</time>
			</trkpt>
			<trkpt lat="38.31561" lon="-2.66362">
				<ele>742.46</ele>
				<time>2026-09-10T14:25:39.026Z</time>
			</trkpt>
			<trkpt lat="38.31571" lon="-2.66393">
				<ele>743.22</ele>
				<time>2026-09-10T14:25:41.106Z</time>
			</trkpt>
			<trkpt lat="38.31586" lon="-2.66415">
				<ele>745.65</ele>
				<time>2026-09-10T14:25:42.921Z</time>
			</trkpt>
			<trkpt lat="38.31618" lon="-2.66429">
				<ele>747.96</ele>
				<time>2026-09-10T14:25:45.617Z</time>
			</trkpt>
			<trkpt lat="38.31641" lon="-2.66426">
				<ele>751.67</ele>
				<time>2026-09-10T14:25:47.466Z</time>
			</trkpt>
			<trkpt lat="38.31674" lon="-2.66413">
				<ele>757.2</ele>
				<time>2026-09-10T14:25:50.241Z</time>
			</trkpt>
			<trkpt lat="38.31689" lon="-2.66418">
				<ele>758.47</ele>
				<time>2026-09-10T14:25:51.491Z</time>
			</trkpt>
			<trkpt lat="38.31707" lon="-2.66467">
				<ele>757.59</ele>
				<time>2026-09-10T14:25:54.928Z</time>
			</trkpt>
			<trkpt lat="38.31754" lon="-2.66524">
				<ele>757.58</ele>
				<time>2026-09-10T14:26:00.220Z</time>
			</trkpt>
			<trkpt lat="38.31766" lon="-2.66506">
				<ele>759.55</ele>
				<time>2026-09-10T14:26:01.741Z</time>
			</trkpt>
			<trkpt lat="38.31784" lon="-2.66404">
				<ele>770.61</ele>
				<time>2026-09-10T14:26:08.521Z</time>
			</trkpt>
			<trkpt lat="38.31783" lon="-2.66397">
				<ele>771.38</ele>
				<time>2026-09-10T14:26:08.985Z</time>
			</trkpt>
			<trkpt lat="38.31785" lon="-2.66384">
				<ele>773.35</ele>
				<time>2026-09-10T14:26:09.851Z</time>
			</trkpt>
			<trkpt lat="38.31784" lon="-2.66366">
				<ele>775.67</ele>
				<time>2026-09-10T14:26:11.032Z</time>
			</trkpt>
			<trkpt lat="38.31779" lon="-2.66329">
				<ele>778.32</ele>
				<time>2026-09-10T14:26:13.497Z</time>
			</trkpt>
			<trkpt lat="38.31746" lon="-2.66222">
				<ele>782.55</ele>
				<time>2026-09-10T14:26:21.535Z</time>
			</trkpt>
			<trkpt lat="38.31724" lon="-2.66138">
				<ele>787.32</ele>
				<time>2026-09-10T14:26:28.946Z</time>
			</trkpt>
			<trkpt lat="38.31724" lon="-2.66127">
				<ele>787.69</ele>
				<time>2026-09-10T14:26:29.835Z</time>
			</trkpt>
			<trkpt lat="38.31728" lon="-2.66119">
				<ele>788.39</ele>
				<time>2026-09-10T14:26:30.596Z</time>
			</trkpt>
			<trkpt lat="38.31732" lon="-2.66115">
				<ele>789</ele>
				<time>2026-09-10T14:26:31.116Z</time>
			</trkpt>
			<trkpt lat="38.31738" lon="-2.66114">
				<ele>789.61</ele>
				<time>2026-09-10T14:26:31.735Z</time>
			</trkpt>
			<trkpt lat="38.31776" lon="-2.66126">
				<ele>794.38</ele>
				<time>2026-09-10T14:26:35.583Z</time>
			</trkpt>
			<trkpt lat="38.31774" lon="-2.66095">
				<ele>796.3</ele>
				<time>2026-09-10T14:26:37.366Z</time>
			</trkpt>
			<trkpt lat="38.31798" lon="-2.66123">
				<ele>797.02</ele>
				<time>2026-09-10T14:26:39.232Z</time>
			</trkpt>
			<trkpt lat="38.31796" lon="-2.66107">
				<ele>798.88</ele>
				<time>2026-09-10T14:26:39.916Z</time>
			</trkpt>
			<trkpt lat="38.31798" lon="-2.66123">
				<ele>797.02</ele>
				<time>2026-09-10T14:26:40.627Z</time>
			</trkpt>
			<trkpt lat="38.31774" lon="-2.66095">
				<ele>796.3</ele>
				<time>2026-09-10T14:26:42.815Z</time>
			</trkpt>
			<trkpt lat="38.31776" lon="-2.66126">
				<ele>794.38</ele>
				<time>2026-09-10T14:26:45.078Z</time>
			</trkpt>
			<trkpt lat="38.31796" lon="-2.66141">
				<ele>795.2</ele>
				<time>2026-09-10T14:26:47.974Z</time>
			</trkpt>
			<trkpt lat="38.31831" lon="-2.66177">
				<ele>796.47</ele>
				<time>2026-09-10T14:26:56.458Z</time>
			</trkpt>
			<trkpt lat="38.31871" lon="-2.66223">
				<ele>798.52</ele>
				<time>2026-09-10T14:27:36.773Z</time>
			</trkpt>
			<trkpt lat="38.31879" lon="-2.66283">
				<ele>794.97</ele>
				<time>2026-09-10T14:27:45.380Z</time>
			</trkpt>
			<trkpt lat="38.31889" lon="-2.66295">
				<ele>794.66</ele>
				<time>2026-09-10T14:27:47.908Z</time>
			</trkpt>
			<trkpt lat="38.3195" lon="-2.66316">
				<ele>798.55</ele>
				<time>2026-09-10T14:27:57.162Z</time>
			</trkpt>
			<trkpt lat="38.32007" lon="-2.66365">
				<ele>799.19</ele>
				<time>2026-09-10T14:28:05.012Z</time>
			</trkpt>
			<trkpt lat="38.32055" lon="-2.66381">
				<ele>804.01</ele>
				<time>2026-09-10T14:28:10.558Z</time>
			</trkpt>
			<trkpt lat="38.32094" lon="-2.66416">
				<ele>806.11</ele>
				<time>2026-09-10T14:28:15.797Z</time>
			</trkpt>
			<trkpt lat="38.32111" lon="-2.66419">
				<ele>808.53</ele>
				<time>2026-09-10T14:28:17.660Z</time>
			</trkpt>
			<trkpt lat="38.32191" lon="-2.664">
				<ele>818.38</ele>
				<time>2026-09-10T14:28:26.337Z</time>
			</trkpt>
			<trkpt lat="38.32229" lon="-2.66419">
				<ele>821.38</ele>
				<time>2026-09-10T14:28:30.595Z</time>
			</trkpt>
			<trkpt lat="38.32253" lon="-2.66444">
				<ele>823.96</ele>
				<time>2026-09-10T14:28:33.786Z</time>
			</trkpt>
			<trkpt lat="38.32266" lon="-2.66487">
				<ele>818.23</ele>
				<time>2026-09-10T14:28:37.463Z</time>
			</trkpt>
			<trkpt lat="38.32292" lon="-2.66519">
				<ele>819.41</ele>
				<time>2026-09-10T14:28:41.091Z</time>
			</trkpt>
			<trkpt lat="38.32375" lon="-2.66566">
				<ele>822.66</ele>
				<time>2026-09-10T14:28:50.002Z</time>
			</trkpt>
			<trkpt lat="38.32526" lon="-2.66589">
				<ele>818.69</ele>
				<time>2026-09-10T14:29:04.284Z</time>
			</trkpt>
			<trkpt lat="38.3261" lon="-2.66574">
				<ele>825.67</ele>
				<time>2026-09-10T14:29:11.918Z</time>
			</trkpt>
			<trkpt lat="38.3266" lon="-2.66605">
				<ele>815.55</ele>
				<time>2026-09-10T14:29:16.797Z</time>
			</trkpt>
			<trkpt lat="38.32701" lon="-2.66617">
				<ele>814</ele>
				<time>2026-09-10T14:29:20.426Z</time>
			</trkpt>
			<trkpt lat="38.32944" lon="-2.66632">
				<ele>807.01</ele>
				<time>2026-09-10T14:29:40.387Z</time>
			</trkpt>
			<trkpt lat="38.32982" lon="-2.66623">
				<ele>805.46</ele>
				<time>2026-09-10T14:29:43.406Z</time>
			</trkpt>
			<trkpt lat="38.3311" lon="-2.66516">
				<ele>805.33</ele>
				<time>2026-09-10T14:29:54.979Z</time>
			</trkpt>
			<trkpt lat="38.33132" lon="-2.66504">
				<ele>803.8</ele>
				<time>2026-09-10T14:29:56.735Z</time>
			</trkpt>
			<trkpt lat="38.33147" lon="-2.66504">
				<ele>803.36</ele>
				<time>2026-09-10T14:29:57.829Z</time>
			</trkpt>
			<trkpt lat="38.33183" lon="-2.66552">
				<ele>799.31</ele>
				<time>2026-09-10T14:30:01.586Z</time>
			</trkpt>
			<trkpt lat="38.33201" lon="-2.66574">
				<ele>797.74</ele>
				<time>2026-09-10T14:30:03.362Z</time>
			</trkpt>
			<trkpt lat="38.33252" lon="-2.66584">
				<ele>802.02</ele>
				<time>2026-09-10T14:30:06.992Z</time>
			</trkpt>
			<trkpt lat="38.33338" lon="-2.66554">
				<ele>807.92</ele>
				<time>2026-09-10T14:30:13.126Z</time>
			</trkpt>
			<trkpt lat="38.33404" lon="-2.66568">
				<ele>808.33</ele>
				<time>2026-09-10T14:30:17.619Z</time>
			</trkpt>
			<trkpt lat="38.33558" lon="-2.66484">
				<ele>811.92</ele>
				<time>2026-09-10T14:30:28.481Z</time>
			</trkpt>
			<trkpt lat="38.33736" lon="-2.66261">
				<ele>817.21</ele>
				<time>2026-09-10T14:30:43.754Z</time>
			</trkpt>
			<trkpt lat="38.33788" lon="-2.66139">
				<ele>818.55</ele>
				<time>2026-09-10T14:30:50.125Z</time>
			</trkpt>
			<trkpt lat="38.33808" lon="-2.66116">
				<ele>820.03</ele>
				<time>2026-09-10T14:30:51.675Z</time>
			</trkpt>
			<trkpt lat="38.33835" lon="-2.66114">
				<ele>818.57</ele>
				<time>2026-09-10T14:30:53.224Z</time>
			</trkpt>
			<trkpt lat="38.33864" lon="-2.66136">
				<ele>815.09</ele>
				<time>2026-09-10T14:30:55.143Z</time>
			</trkpt>
			<trkpt lat="38.33879" lon="-2.66157">
				<ele>814.36</ele>
				<time>2026-09-10T14:30:56.402Z</time>
			</trkpt>
			<trkpt lat="38.33899" lon="-2.66176">
				<ele>813.81</ele>
				<time>2026-09-10T14:30:57.805Z</time>
			</trkpt>
			<trkpt lat="38.33923" lon="-2.66179">
				<ele>814.66</ele>
				<time>2026-09-10T14:30:59.155Z</time>
			</trkpt>
			<trkpt lat="38.33948" lon="-2.66162">
				<ele>816.68</ele>
				<time>2026-09-10T14:31:00.734Z</time>
			</trkpt>
			<trkpt lat="38.33975" lon="-2.66147">
				<ele>815.19</ele>
				<time>2026-09-10T14:31:02.365Z</time>
			</trkpt>
			<trkpt lat="38.33996" lon="-2.66144">
				<ele>815.41</ele>
				<time>2026-09-10T14:31:03.530Z</time>
			</trkpt>
			<trkpt lat="38.34199" lon="-2.66242">
				<ele>827.86</ele>
				<time>2026-09-10T14:31:15.269Z</time>
			</trkpt>
			<trkpt lat="38.34229" lon="-2.66225">
				<ele>829.47</ele>
				<time>2026-09-10T14:31:17.013Z</time>
			</trkpt>
			<trkpt lat="38.34247" lon="-2.66171">
				<ele>834.64</ele>
				<time>2026-09-10T14:31:19.446Z</time>
			</trkpt>
			<trkpt lat="38.34277" lon="-2.66121">
				<ele>840.66</ele>
				<time>2026-09-10T14:31:22.042Z</time>
			</trkpt>
			<trkpt lat="38.34312" lon="-2.66089">
				<ele>843.73</ele>
				<time>2026-09-10T14:31:24.297Z</time>
			</trkpt>
			<trkpt lat="38.34347" lon="-2.66073">
				<ele>844.18</ele>
				<time>2026-09-10T14:31:26.236Z</time>
			</trkpt>
			<trkpt lat="38.34414" lon="-2.66071">
				<ele>842.26</ele>
				<time>2026-09-10T14:31:29.718Z</time>
			</trkpt>
			<trkpt lat="38.34467" lon="-2.66084">
				<ele>840.77</ele>
				<time>2026-09-10T14:31:32.512Z</time>
			</trkpt>
			<trkpt lat="38.34512" lon="-2.66087">
				<ele>843.48</ele>
				<time>2026-09-10T14:31:34.839Z</time>
			</trkpt>
			<trkpt lat="38.34551" lon="-2.66111">
				<ele>839.04</ele>
				<time>2026-09-10T14:31:37.072Z</time>
			</trkpt>
			<trkpt lat="38.34568" lon="-2.66114">
				<ele>837.84</ele>
				<time>2026-09-10T14:31:37.956Z</time>
			</trkpt>
			<trkpt lat="38.34673" lon="-2.66075">
				<ele>837.8</ele>
				<time>2026-09-10T14:31:43.586Z</time>
			</trkpt>
			<trkpt lat="38.34772" lon="-2.65988">
				<ele>840.83</ele>
				<time>2026-09-10T14:31:49.782Z</time>
			</trkpt>
			<trkpt lat="38.34784" lon="-2.65956">
				<ele>845.52</ele>
				<time>2026-09-10T14:31:51.220Z</time>
			</trkpt>
			<trkpt lat="38.34795" lon="-2.65943">
				<ele>846.52</ele>
				<time>2026-09-10T14:31:51.995Z</time>
			</trkpt>
			<trkpt lat="38.34808" lon="-2.65938">
				<ele>846.57</ele>
				<time>2026-09-10T14:31:52.698Z</time>
			</trkpt>
			<trkpt lat="38.34831" lon="-2.65969">
				<ele>840.59</ele>
				<time>2026-09-10T14:31:54.432Z</time>
			</trkpt>
			<trkpt lat="38.34862" lon="-2.65995">
				<ele>835.56</ele>
				<time>2026-09-10T14:31:56.359Z</time>
			</trkpt>
			<trkpt lat="38.34895" lon="-2.66009">
				<ele>833.31</ele>
				<time>2026-09-10T14:31:58.170Z</time>
			</trkpt>
			<trkpt lat="38.34953" lon="-2.65996">
				<ele>835.34</ele>
				<time>2026-09-10T14:32:01.248Z</time>
			</trkpt>
			<trkpt lat="38.35085" lon="-2.65935">
				<ele>826.77</ele>
				<time>2026-09-10T14:32:08.664Z</time>
			</trkpt>
			<trkpt lat="38.35134" lon="-2.65907">
				<ele>825.85</ele>
				<time>2026-09-10T14:32:11.534Z</time>
			</trkpt>
			<trkpt lat="38.35158" lon="-2.65876">
				<ele>826.36</ele>
				<time>2026-09-10T14:32:13.371Z</time>
			</trkpt>
			<trkpt lat="38.35175" lon="-2.65808">
				<ele>828.23</ele>
				<time>2026-09-10T14:32:16.403Z</time>
			</trkpt>
			<trkpt lat="38.35202" lon="-2.65715">
				<ele>833.46</ele>
				<time>2026-09-10T14:32:20.661Z</time>
			</trkpt>
			<trkpt lat="38.35225" lon="-2.65678">
				<ele>833.14</ele>
				<time>2026-09-10T14:32:22.709Z</time>
			</trkpt>
			<trkpt lat="38.35235" lon="-2.65659">
				<ele>833.24</ele>
				<time>2026-09-10T14:32:23.707Z</time>
			</trkpt>
			<trkpt lat="38.3524" lon="-2.65639">
				<ele>833.8</ele>
				<time>2026-09-10T14:32:24.625Z</time>
			</trkpt>
			<trkpt lat="38.35268" lon="-2.65459">
				<ele>838.57</ele>
				<time>2026-09-10T14:32:32.786Z</time>
			</trkpt>
			<trkpt lat="38.35275" lon="-2.65259">
				<ele>842.05</ele>
				<time>2026-09-10T14:32:41.993Z</time>
			</trkpt>
			<trkpt lat="38.35277" lon="-2.65237">
				<ele>843.44</ele>
				<time>2026-09-10T14:32:43.033Z</time>
			</trkpt>
			<trkpt lat="38.35272" lon="-2.65232">
				<ele>844.58</ele>
				<time>2026-09-10T14:32:43.415Z</time>
			</trkpt>
			<trkpt lat="38.35273" lon="-2.65218">
				<ele>845.42</ele>
				<time>2026-09-10T14:32:44.078Z</time>
			</trkpt>
			<trkpt lat="38.35279" lon="-2.65215">
				<ele>844.82</ele>
				<time>2026-09-10T14:32:44.467Z</time>
			</trkpt>
			<trkpt lat="38.35285" lon="-2.65204">
				<ele>844.33</ele>
				<time>2026-09-10T14:32:45.103Z</time>
			</trkpt>
			<trkpt lat="38.35314" lon="-2.65165">
				<ele>842.48</ele>
				<time>2026-09-10T14:32:47.669Z</time>
			</trkpt>
			<trkpt lat="38.35326" lon="-2.65158">
				<ele>842.12</ele>
				<time>2026-09-10T14:32:48.479Z</time>
			</trkpt>
			<trkpt lat="38.35337" lon="-2.65159">
				<ele>841.48</ele>
				<time>2026-09-10T14:32:49.157Z</time>
			</trkpt>
			<trkpt lat="38.35356" lon="-2.65167">
				<ele>840.21</ele>
				<time>2026-09-10T14:32:50.393Z</time>
			</trkpt>
			<trkpt lat="38.35367" lon="-2.65175">
				<ele>839.36</ele>
				<time>2026-09-10T14:32:51.179Z</time>
			</trkpt>
			<trkpt lat="38.35396" lon="-2.65218">
				<ele>832.89</ele>
				<time>2026-09-10T14:32:53.962Z</time>
			</trkpt>
			<trkpt lat="38.35402" lon="-2.65223">
				<ele>831.52</ele>
				<time>2026-09-10T14:32:54.413Z</time>
			</trkpt>
			<trkpt lat="38.35409" lon="-2.65225">
				<ele>830.45</ele>
				<time>2026-09-10T14:32:54.866Z</time>
			</trkpt>
			<trkpt lat="38.35414" lon="-2.65223">
				<ele>830.14</ele>
				<time>2026-09-10T14:32:55.197Z</time>
			</trkpt>
			<trkpt lat="38.35419" lon="-2.65218">
				<ele>830.31</ele>
				<time>2026-09-10T14:32:55.600Z</time>
			</trkpt>
			<trkpt lat="38.35428" lon="-2.65198">
				<ele>831.48</ele>
				<time>2026-09-10T14:32:56.749Z</time>
			</trkpt>
			<trkpt lat="38.3544" lon="-2.65153">
				<ele>836.54</ele>
				<time>2026-09-10T14:32:59.120Z</time>
			</trkpt>
			<trkpt lat="38.35446" lon="-2.65143">
				<ele>838.04</ele>
				<time>2026-09-10T14:32:59.747Z</time>
			</trkpt>
			<trkpt lat="38.35455" lon="-2.65139">
				<ele>838.22</ele>
				<time>2026-09-10T14:33:00.353Z</time>
			</trkpt>
			<trkpt lat="38.35466" lon="-2.65145">
				<ele>836.44</ele>
				<time>2026-09-10T14:33:01.112Z</time>
			</trkpt>
			<trkpt lat="38.35505" lon="-2.65188">
				<ele>827.52</ele>
				<time>2026-09-10T14:33:04.378Z</time>
			</trkpt>
			<trkpt lat="38.35519" lon="-2.65215">
				<ele>827.64</ele>
				<time>2026-09-10T14:33:05.982Z</time>
			</trkpt>
			<trkpt lat="38.3553" lon="-2.65353">
				<ele>827.26</ele>
				<time>2026-09-10T14:33:12.833Z</time>
			</trkpt>
			<trkpt lat="38.35602" lon="-2.65737">
				<ele>824.96</ele>
				<time>2026-09-10T14:33:32.125Z</time>
			</trkpt>
			<trkpt lat="38.35627" lon="-2.65777">
				<ele>828.02</ele>
				<time>2026-09-10T14:33:34.603Z</time>
			</trkpt>
			<trkpt lat="38.35638" lon="-2.6582">
				<ele>824.75</ele>
				<time>2026-09-10T14:33:36.790Z</time>
			</trkpt>
			<trkpt lat="38.35658" lon="-2.65859">
				<ele>823.64</ele>
				<time>2026-09-10T14:33:39.039Z</time>
			</trkpt>
			<trkpt lat="38.35754" lon="-2.65964">
				<ele>818.38</ele>
				<time>2026-09-10T14:33:46.795Z</time>
			</trkpt>
			<trkpt lat="38.35788" lon="-2.65967">
				<ele>820.97</ele>
				<time>2026-09-10T14:33:48.877Z</time>
			</trkpt>
			<trkpt lat="38.35848" lon="-2.66031">
				<ele>813.02</ele>
				<time>2026-09-10T14:33:53.644Z</time>
			</trkpt>
			<trkpt lat="38.35894" lon="-2.6604">
				<ele>815.25</ele>
				<time>2026-09-10T14:33:56.472Z</time>
			</trkpt>
			<trkpt lat="38.35923" lon="-2.66107">
				<ele>806.94</ele>
				<time>2026-09-10T14:34:00.111Z</time>
			</trkpt>
			<trkpt lat="38.35949" lon="-2.66131">
				<ele>805.81</ele>
				<time>2026-09-10T14:34:02.054Z</time>
			</trkpt>
			<trkpt lat="38.36012" lon="-2.66119">
				<ele>811.16</ele>
				<time>2026-09-10T14:34:05.901Z</time>
			</trkpt>
			<trkpt lat="38.36139" lon="-2.6623">
				<ele>800.35</ele>
				<time>2026-09-10T14:34:15.159Z</time>
			</trkpt>
			<trkpt lat="38.36168" lon="-2.66214">
				<ele>798.54</ele>
				<time>2026-09-10T14:34:17.052Z</time>
			</trkpt>
			<trkpt lat="38.36193" lon="-2.66151">
				<ele>798.36</ele>
				<time>2026-09-10T14:34:20.364Z</time>
			</trkpt>
			<trkpt lat="38.36197" lon="-2.65998">
				<ele>796.73</ele>
				<time>2026-09-10T14:34:27.521Z</time>
			</trkpt>
			<trkpt lat="38.36227" lon="-2.65956">
				<ele>797.87</ele>
				<time>2026-09-10T14:34:30.169Z</time>
			</trkpt>
			<trkpt lat="38.36269" lon="-2.65955">
				<ele>798.44</ele>
				<time>2026-09-10T14:34:32.662Z</time>
			</trkpt>
			<trkpt lat="38.36313" lon="-2.65987">
				<ele>789.33</ele>
				<time>2026-09-10T14:34:35.664Z</time>
			</trkpt>
			<trkpt lat="38.36366" lon="-2.6598">
				<ele>788.19</ele>
				<time>2026-09-10T14:34:38.816Z</time>
			</trkpt>
			<trkpt lat="38.36404" lon="-2.66002">
				<ele>781.05</ele>
				<time>2026-09-10T14:34:41.281Z</time>
			</trkpt>
			<trkpt lat="38.36426" lon="-2.65982">
				<ele>781.11</ele>
				<time>2026-09-10T14:34:42.875Z</time>
			</trkpt>
			<trkpt lat="38.36442" lon="-2.65932">
				<ele>783.25</ele>
				<time>2026-09-10T14:34:45.370Z</time>
			</trkpt>
			<trkpt lat="38.36512" lon="-2.65853">
				<ele>776.99</ele>
				<time>2026-09-10T14:34:50.868Z</time>
			</trkpt>
			<trkpt lat="38.36549" lon="-2.65784">
				<ele>775.03</ele>
				<time>2026-09-10T14:34:54.713Z</time>
			</trkpt>
			<trkpt lat="38.3667" lon="-2.65643">
				<ele>764.51</ele>
				<time>2026-09-10T14:35:04.299Z</time>
			</trkpt>
			<trkpt lat="38.36741" lon="-2.65634">
				<ele>762.44</ele>
				<time>2026-09-10T14:35:08.459Z</time>
			</trkpt>
			<trkpt lat="38.36831" lon="-2.65667">
				<ele>758.88</ele>
				<time>2026-09-10T14:35:13.908Z</time>
			</trkpt>
			<trkpt lat="38.36876" lon="-2.65734">
				<ele>751.29</ele>
				<time>2026-09-10T14:35:17.925Z</time>
			</trkpt>
			<trkpt lat="38.36942" lon="-2.65774">
				<ele>749.09</ele>
				<time>2026-09-10T14:35:22.162Z</time>
			</trkpt>
			<trkpt lat="38.36972" lon="-2.6578">
				<ele>746.55</ele>
				<time>2026-09-10T14:35:23.921Z</time>
			</trkpt>
			<trkpt lat="38.37013" lon="-2.65759">
				<ele>747.59</ele>
				<time>2026-09-10T14:35:26.478Z</time>
			</trkpt>
			<trkpt lat="38.37094" lon="-2.65753">
				<ele>747.34</ele>
				<time>2026-09-10T14:35:31.168Z</time>
			</trkpt>
			<trkpt lat="38.37186" lon="-2.65684">
				<ele>741.05</ele>
				<time>2026-09-10T14:35:37.326Z</time>
			</trkpt>
			<trkpt lat="38.37203" lon="-2.65619">
				<ele>741.71</ele>
				<time>2026-09-10T14:35:40.422Z</time>
			</trkpt>
			<trkpt lat="38.3723" lon="-2.65605">
				<ele>739.52</ele>
				<time>2026-09-10T14:35:42.100Z</time>
			</trkpt>
			<trkpt lat="38.37262" lon="-2.65554">
				<ele>740.78</ele>
				<time>2026-09-10T14:35:45.047Z</time>
			</trkpt>
			<trkpt lat="38.37279" lon="-2.6555">
				<ele>739.58</ele>
				<time>2026-09-10T14:35:46.042Z</time>
			</trkpt>
			<trkpt lat="38.37294" lon="-2.65564">
				<ele>740.63</ele>
				<time>2026-09-10T14:35:47.111Z</time>
			</trkpt>
			<trkpt lat="38.37295" lon="-2.65631">
				<ele>735.53</ele>
				<time>2026-09-10T14:35:50.130Z</time>
			</trkpt>
			<trkpt lat="38.37347" lon="-2.65708">
				<ele>736.3</ele>
				<time>2026-09-10T14:35:54.706Z</time>
			</trkpt>
			<trkpt lat="38.37364" lon="-2.65727">
				<ele>736.93</ele>
				<time>2026-09-10T14:35:56.003Z</time>
			</trkpt>
			<trkpt lat="38.37391" lon="-2.65735">
				<ele>736.95</ele>
				<time>2026-09-10T14:35:57.594Z</time>
			</trkpt>
			<trkpt lat="38.37567" lon="-2.65639">
				<ele>734.8</ele>
				<time>2026-09-10T14:36:08.565Z</time>
			</trkpt>
			<trkpt lat="38.37662" lon="-2.65559">
				<ele>739.06</ele>
				<time>2026-09-10T14:36:15.081Z</time>
			</trkpt>
			<trkpt lat="38.37744" lon="-2.65562">
				<ele>734.02</ele>
				<time>2026-09-10T14:36:19.774Z</time>
			</trkpt>
			<trkpt lat="38.37859" lon="-2.65498">
				<ele>733.97</ele>
				<time>2026-09-10T14:36:26.949Z</time>
			</trkpt>
			<trkpt lat="38.37894" lon="-2.65465">
				<ele>729.32</ele>
				<time>2026-09-10T14:36:29.438Z</time>
			</trkpt>
			<trkpt lat="38.37918" lon="-2.65425">
				<ele>725.64</ele>
				<time>2026-09-10T14:36:31.695Z</time>
			</trkpt>
			<trkpt lat="38.37952" lon="-2.65296">
				<ele>724.76</ele>
				<time>2026-09-10T14:36:37.794Z</time>
			</trkpt>
			<trkpt lat="38.37949" lon="-2.65233">
				<ele>724.59</ele>
				<time>2026-09-10T14:36:40.622Z</time>
			</trkpt>
			<trkpt lat="38.37965" lon="-2.65129">
				<ele>718.34</ele>
				<time>2026-09-10T14:36:45.373Z</time>
			</trkpt>
			<trkpt lat="38.37959" lon="-2.65088">
				<ele>719.28</ele>
				<time>2026-09-10T14:36:47.242Z</time>
			</trkpt>
			<trkpt lat="38.37904" lon="-2.65038">
				<ele>717.76</ele>
				<time>2026-09-10T14:36:51.105Z</time>
			</trkpt>
			<trkpt lat="38.37891" lon="-2.6501">
				<ele>717.39</ele>
				<time>2026-09-10T14:36:52.565Z</time>
			</trkpt>
			<trkpt lat="38.37867" lon="-2.64974">
				<ele>718.43</ele>
				<time>2026-09-10T14:36:54.684Z</time>
			</trkpt>
			<trkpt lat="38.37863" lon="-2.64951">
				<ele>718.1</ele>
				<time>2026-09-10T14:36:55.741Z</time>
			</trkpt>
			<trkpt lat="38.37875" lon="-2.64918">
				<ele>718.48</ele>
				<time>2026-09-10T14:36:57.373Z</time>
			</trkpt>
			<trkpt lat="38.38018" lon="-2.64752">
				<ele>723.14</ele>
				<time>2026-09-10T14:37:08.449Z</time>
			</trkpt>
			<trkpt lat="38.38021" lon="-2.64718">
				<ele>722.86</ele>
				<time>2026-09-10T14:37:09.987Z</time>
			</trkpt>
			<trkpt lat="38.37964" lon="-2.64656">
				<ele>723.63</ele>
				<time>2026-09-10T14:37:14.284Z</time>
			</trkpt>
			<trkpt lat="38.3795" lon="-2.64611">
				<ele>720.75</ele>
				<time>2026-09-10T14:37:16.463Z</time>
			</trkpt>
			<trkpt lat="38.37953" lon="-2.64575">
				<ele>720.3</ele>
				<time>2026-09-10T14:37:18.093Z</time>
			</trkpt>
			<trkpt lat="38.3797" lon="-2.64557">
				<ele>721.03</ele>
				<time>2026-09-10T14:37:19.362Z</time>
			</trkpt>
			<trkpt lat="38.38044" lon="-2.64561">
				<ele>715.57</ele>
				<time>2026-09-10T14:37:23.620Z</time>
			</trkpt>
			<trkpt lat="38.38091" lon="-2.64541">
				<ele>715.84</ele>
				<time>2026-09-10T14:37:26.470Z</time>
			</trkpt>
			<trkpt lat="38.3813" lon="-2.64581">
				<ele>713.72</ele>
				<time>2026-09-10T14:37:29.352Z</time>
			</trkpt>
			<trkpt lat="38.38178" lon="-2.6459">
				<ele>718.78</ele>
				<time>2026-09-10T14:37:32.147Z</time>
			</trkpt>
			<trkpt lat="38.38226" lon="-2.64585">
				<ele>721.68</ele>
				<time>2026-09-10T14:37:34.925Z</time>
			</trkpt>
			<trkpt lat="38.38273" lon="-2.64556">
				<ele>724</ele>
				<time>2026-09-10T14:37:37.938Z</time>
			</trkpt>
			<trkpt lat="38.3833" lon="-2.64551">
				<ele>725.07</ele>
				<time>2026-09-10T14:37:41.240Z</time>
			</trkpt>
			<trkpt lat="38.38413" lon="-2.64468">
				<ele>730.99</ele>
				<time>2026-09-10T14:37:47.343Z</time>
			</trkpt>
			<trkpt lat="38.38427" lon="-2.64457">
				<ele>733.26</ele>
				<time>2026-09-10T14:37:48.295Z</time>
			</trkpt>
			<trkpt lat="38.38445" lon="-2.64463">
				<ele>734.07</ele>
				<time>2026-09-10T14:37:49.374Z</time>
			</trkpt>
			<trkpt lat="38.38479" lon="-2.64483">
				<ele>735.15</ele>
				<time>2026-09-10T14:37:51.545Z</time>
			</trkpt>
			<trkpt lat="38.38537" lon="-2.64497">
				<ele>736.77</ele>
				<time>2026-09-10T14:37:54.973Z</time>
			</trkpt>
			<trkpt lat="38.38616" lon="-2.64522">
				<ele>737.43</ele>
				<time>2026-09-10T14:37:59.706Z</time>
			</trkpt>
			<trkpt lat="38.38667" lon="-2.64508">
				<ele>744.96</ele>
				<time>2026-09-10T14:38:02.745Z</time>
			</trkpt>
			<trkpt lat="38.38708" lon="-2.64485">
				<ele>741.2</ele>
				<time>2026-09-10T14:38:05.357Z</time>
			</trkpt>
			<trkpt lat="38.38742" lon="-2.64455">
				<ele>739.54</ele>
				<time>2026-09-10T14:38:07.771Z</time>
			</trkpt>
			<trkpt lat="38.38768" lon="-2.64413">
				<ele>743.77</ele>
				<time>2026-09-10T14:38:10.223Z</time>
			</trkpt>
			<trkpt lat="38.38819" lon="-2.64366">
				<ele>745.68</ele>
				<time>2026-09-10T14:38:13.906Z</time>
			</trkpt>
			<trkpt lat="38.3887" lon="-2.64359">
				<ele>743.43</ele>
				<time>2026-09-10T14:38:16.914Z</time>
			</trkpt>
			<trkpt lat="38.38889" lon="-2.64342">
				<ele>742.95</ele>
				<time>2026-09-10T14:38:18.276Z</time>
			</trkpt>
			<trkpt lat="38.38892" lon="-2.64299">
				<ele>745.36</ele>
				<time>2026-09-10T14:38:20.263Z</time>
			</trkpt>
			<trkpt lat="38.3887" lon="-2.64248">
				<ele>749.71</ele>
				<time>2026-09-10T14:38:22.947Z</time>
			</trkpt>
			<trkpt lat="38.38871" lon="-2.64184">
				<ele>745.43</ele>
				<time>2026-09-10T14:38:25.902Z</time>
			</trkpt>
			<trkpt lat="38.38911" lon="-2.6414">
				<ele>737.82</ele>
				<time>2026-09-10T14:38:29.018Z</time>
			</trkpt>
			<trkpt lat="38.38917" lon="-2.64113">
				<ele>736.75</ele>
				<time>2026-09-10T14:38:30.318Z</time>
			</trkpt>
			<trkpt lat="38.38909" lon="-2.64084">
				<ele>739.79</ele>
				<time>2026-09-10T14:38:31.742Z</time>
			</trkpt>
			<trkpt lat="38.38906" lon="-2.64052">
				<ele>741.43</ele>
				<time>2026-09-10T14:38:33.236Z</time>
			</trkpt>
			<trkpt lat="38.38935" lon="-2.64008">
				<ele>733.65</ele>
				<time>2026-09-10T14:38:35.905Z</time>
			</trkpt>
			<trkpt lat="38.38943" lon="-2.63984">
				<ele>731.22</ele>
				<time>2026-09-10T14:38:37.117Z</time>
			</trkpt>
			<trkpt lat="38.38944" lon="-2.63951">
				<ele>731.09</ele>
				<time>2026-09-10T14:38:38.653Z</time>
			</trkpt>
			<trkpt lat="38.38958" lon="-2.63853">
				<ele>726.28</ele>
				<time>2026-09-10T14:38:43.295Z</time>
			</trkpt>
			<trkpt lat="38.38984" lon="-2.63751">
				<ele>716.63</ele>
				<time>2026-09-10T14:38:48.308Z</time>
			</trkpt>
			<trkpt lat="38.38962" lon="-2.63648">
				<ele>721.77</ele>
				<time>2026-09-10T14:38:53.312Z</time>
			</trkpt>
			<trkpt lat="38.38951" lon="-2.63607">
				<ele>723.28</ele>
				<time>2026-09-10T14:38:55.348Z</time>
			</trkpt>
			<trkpt lat="38.3896" lon="-2.6359">
				<ele>721.44</ele>
				<time>2026-09-10T14:38:56.313Z</time>
			</trkpt>
			<trkpt lat="38.38974" lon="-2.63585">
				<ele>718.93</ele>
				<time>2026-09-10T14:38:57.186Z</time>
			</trkpt>
			<trkpt lat="38.39009" lon="-2.63613">
				<ele>712.67</ele>
				<time>2026-09-10T14:38:59.669Z</time>
			</trkpt>
			<trkpt lat="38.39031" lon="-2.63626">
				<ele>707.62</ele>
				<time>2026-09-10T14:39:01.128Z</time>
			</trkpt>
			<trkpt lat="38.39063" lon="-2.63631">
				<ele>704.65</ele>
				<time>2026-09-10T14:39:03.071Z</time>
			</trkpt>
			<trkpt lat="38.39106" lon="-2.63623">
				<ele>701.83</ele>
				<time>2026-09-10T14:39:05.693Z</time>
			</trkpt>
			<trkpt lat="38.39127" lon="-2.63606">
				<ele>699.88</ele>
				<time>2026-09-10T14:39:07.196Z</time>
			</trkpt>
			<trkpt lat="38.39172" lon="-2.63556">
				<ele>693.22</ele>
				<time>2026-09-10T14:39:10.808Z</time>
			</trkpt>
			<trkpt lat="38.39215" lon="-2.63484">
				<ele>696.17</ele>
				<time>2026-09-10T14:39:15.115Z</time>
			</trkpt>
			<trkpt lat="38.39266" lon="-2.63363">
				<ele>688.31</ele>
				<time>2026-09-10T14:39:21.677Z</time>
			</trkpt>
			<trkpt lat="38.39311" lon="-2.63209">
				<ele>680.73</ele>
				<time>2026-09-10T14:39:29.569Z</time>
			</trkpt>
			<trkpt lat="38.3932" lon="-2.6317">
				<ele>679.88</ele>
				<time>2026-09-10T14:39:31.529Z</time>
			</trkpt>
			<trkpt lat="38.39335" lon="-2.63041">
				<ele>677.84</ele>
				<time>2026-09-10T14:39:37.835Z</time>
			</trkpt>
			<trkpt lat="38.39353" lon="-2.6301">
				<ele>674.44</ele>
				<time>2026-09-10T14:39:39.706Z</time>
			</trkpt>
			<trkpt lat="38.3936" lon="-2.62988">
				<ele>673.22</ele>
				<time>2026-09-10T14:39:40.859Z</time>
			</trkpt>
			<trkpt lat="38.39361" lon="-2.62967">
				<ele>671.86</ele>
				<time>2026-09-10T14:39:41.882Z</time>
			</trkpt>
			<trkpt lat="38.39322" lon="-2.62915">
				<ele>669.23</ele>
				<time>2026-09-10T14:39:45.387Z</time>
			</trkpt>
			<trkpt lat="38.39297" lon="-2.62873">
				<ele>661.06</ele>
				<time>2026-09-10T14:39:47.961Z</time>
			</trkpt>
			<trkpt lat="38.39296" lon="-2.62871">
				<ele>660.84</ele>
				<time>2026-09-10T14:39:48.077Z</time>
			</trkpt>
			<trkpt lat="38.39268" lon="-2.62807">
				<ele>657.67</ele>
				<time>2026-09-10T14:39:51.664Z</time>
			</trkpt>
			<trkpt lat="38.39253" lon="-2.62779">
				<ele>658.98</ele>
				<time>2026-09-10T14:39:53.328Z</time>
			</trkpt>
			<trkpt lat="38.39251" lon="-2.62771">
				<ele>660.65</ele>
				<time>2026-09-10T14:39:53.740Z</time>
			</trkpt>
			<trkpt lat="38.39251" lon="-2.62761">
				<ele>662.8</ele>
				<time>2026-09-10T14:39:54.231Z</time>
			</trkpt>
			<trkpt lat="38.39254" lon="-2.62755">
				<ele>664.2</ele>
				<time>2026-09-10T14:39:54.581Z</time>
			</trkpt>
			<trkpt lat="38.39221" lon="-2.6274">
				<ele>665.53</ele>
				<time>2026-09-10T14:39:56.779Z</time>
			</trkpt>
			<trkpt lat="38.39161" lon="-2.62692">
				<ele>668.39</ele>
				<time>2026-09-10T14:40:01.235Z</time>
			</trkpt>
			<trkpt lat="38.39129" lon="-2.62658">
				<ele>668.81</ele>
				<time>2026-09-10T14:40:03.863Z</time>
			</trkpt>
			<trkpt lat="38.39103" lon="-2.62619">
				<ele>668.66</ele>
				<time>2026-09-10T14:40:06.401Z</time>
			</trkpt>
			<trkpt lat="38.39087" lon="-2.62588">
				<ele>670.97</ele>
				<time>2026-09-10T14:40:08.246Z</time>
			</trkpt>
			<trkpt lat="38.39071" lon="-2.62551">
				<ele>673.77</ele>
				<time>2026-09-10T14:40:10.368Z</time>
			</trkpt>
			<trkpt lat="38.39051" lon="-2.625">
				<ele>674.22</ele>
				<time>2026-09-10T14:40:13.072Z</time>
			</trkpt>
			<trkpt lat="38.3882" lon="-2.61894">
				<ele>680.08</ele>
				<time>2026-09-10T14:40:38.745Z</time>
			</trkpt>
			<trkpt lat="38.38798" lon="-2.61853">
				<ele>680.66</ele>
				<time>2026-09-10T14:40:40.254Z</time>
			</trkpt>
			<trkpt lat="38.38778" lon="-2.61827">
				<ele>683.43</ele>
				<time>2026-09-10T14:40:41.333Z</time>
			</trkpt>
			<trkpt lat="38.38751" lon="-2.61801">
				<ele>684.45</ele>
				<time>2026-09-10T14:40:42.582Z</time>
			</trkpt>
			<trkpt lat="38.38637" lon="-2.61722">
				<ele>689.23</ele>
				<time>2026-09-10T14:40:47.106Z</time>
			</trkpt>
			<trkpt lat="38.38612" lon="-2.61698">
				<ele>691.11</ele>
				<time>2026-09-10T14:40:48.138Z</time>
			</trkpt>
			<trkpt lat="38.38596" lon="-2.61675">
				<ele>692.51</ele>
				<time>2026-09-10T14:40:48.920Z</time>
			</trkpt>
			<trkpt lat="38.38583" lon="-2.61649">
				<ele>693.05</ele>
				<time>2026-09-10T14:40:49.692Z</time>
			</trkpt>
			<trkpt lat="38.38573" lon="-2.61617">
				<ele>692.71</ele>
				<time>2026-09-10T14:40:50.541Z</time>
			</trkpt>
			<trkpt lat="38.38569" lon="-2.61585">
				<ele>692.04</ele>
				<time>2026-09-10T14:40:51.328Z</time>
			</trkpt>
			<trkpt lat="38.38569" lon="-2.61567">
				<ele>691.31</ele>
				<time>2026-09-10T14:40:51.760Z</time>
			</trkpt>
			<trkpt lat="38.38571" lon="-2.61532">
				<ele>691.72</ele>
				<time>2026-09-10T14:40:52.592Z</time>
			</trkpt>
			<trkpt lat="38.38615" lon="-2.61185">
				<ele>693.82</ele>
				<time>2026-09-10T14:41:00.358Z</time>
			</trkpt>
			<trkpt lat="38.3862" lon="-2.6116">
				<ele>693.45</ele>
				<time>2026-09-10T14:41:00.898Z</time>
			</trkpt>
			<trkpt lat="38.38623" lon="-2.61145">
				<ele>693.46</ele>
				<time>2026-09-10T14:41:01.220Z</time>
			</trkpt>
			<trkpt lat="38.38637" lon="-2.61107">
				<ele>694.56</ele>
				<time>2026-09-10T14:41:02.091Z</time>
			</trkpt>
			<trkpt lat="38.38645" lon="-2.61088">
				<ele>695.36</ele>
				<time>2026-09-10T14:41:02.535Z</time>
			</trkpt>
			<trkpt lat="38.3871" lon="-2.60985">
				<ele>703.08</ele>
				<time>2026-09-10T14:41:05.238Z</time>
			</trkpt>
			<trkpt lat="38.38729" lon="-2.60943">
				<ele>699.7</ele>
				<time>2026-09-10T14:41:06.224Z</time>
			</trkpt>
			<trkpt lat="38.38742" lon="-2.60892">
				<ele>699.71</ele>
				<time>2026-09-10T14:41:07.314Z</time>
			</trkpt>
			<trkpt lat="38.38794" lon="-2.606">
				<ele>706.74</ele>
				<time>2026-09-10T14:41:13.511Z</time>
			</trkpt>
			<trkpt lat="38.38804" lon="-2.60533">
				<ele>710.45</ele>
				<time>2026-09-10T14:41:14.976Z</time>
			</trkpt>
			<trkpt lat="38.38805" lon="-2.60482">
				<ele>715.05</ele>
				<time>2026-09-10T14:41:16.092Z</time>
			</trkpt>
			<trkpt lat="38.38804" lon="-2.60439">
				<ele>717.67</ele>
				<time>2026-09-10T14:41:17.047Z</time>
			</trkpt>
			<trkpt lat="38.38788" lon="-2.60146">
				<ele>729.65</ele>
				<time>2026-09-10T14:41:24.033Z</time>
			</trkpt>
			<trkpt lat="38.38784" lon="-2.60118">
				<ele>730.79</ele>
				<time>2026-09-10T14:41:24.761Z</time>
			</trkpt>
			<trkpt lat="38.38781" lon="-2.60104">
				<ele>731.67</ele>
				<time>2026-09-10T14:41:25.137Z</time>
			</trkpt>
			<trkpt lat="38.38776" lon="-2.60088">
				<ele>732.59</ele>
				<time>2026-09-10T14:41:25.586Z</time>
			</trkpt>
			<trkpt lat="38.38765" lon="-2.60059">
				<ele>733.43</ele>
				<time>2026-09-10T14:41:26.437Z</time>
			</trkpt>
			<trkpt lat="38.38751" lon="-2.60032">
				<ele>733.96</ele>
				<time>2026-09-10T14:41:27.307Z</time>
			</trkpt>
			<trkpt lat="38.38727" lon="-2.59999">
				<ele>736.24</ele>
				<time>2026-09-10T14:41:28.543Z</time>
			</trkpt>
			<trkpt lat="38.38701" lon="-2.59975">
				<ele>738.55</ele>
				<time>2026-09-10T14:41:29.693Z</time>
			</trkpt>
			<trkpt lat="38.38674" lon="-2.59958">
				<ele>741</ele>
				<time>2026-09-10T14:41:30.797Z</time>
			</trkpt>
			<trkpt lat="38.38547" lon="-2.59899">
				<ele>747.93</ele>
				<time>2026-09-10T14:41:36.065Z</time>
			</trkpt>
			<trkpt lat="38.38515" lon="-2.59877">
				<ele>749.55</ele>
				<time>2026-09-10T14:41:37.576Z</time>
			</trkpt>
			<trkpt lat="38.38501" lon="-2.5986">
				<ele>749.59</ele>
				<time>2026-09-10T14:41:38.397Z</time>
			</trkpt>
			<trkpt lat="38.38484" lon="-2.59831">
				<ele>748.56</ele>
				<time>2026-09-10T14:41:39.625Z</time>
			</trkpt>
			<trkpt lat="38.38451" lon="-2.59726">
				<ele>736.89</ele>
				<time>2026-09-10T14:41:43.642Z</time>
			</trkpt>
			<trkpt lat="38.38437" lon="-2.59696">
				<ele>737.66</ele>
				<time>2026-09-10T14:41:44.939Z</time>
			</trkpt>
			<trkpt lat="38.38405" lon="-2.59649">
				<ele>733.47</ele>
				<time>2026-09-10T14:41:47.323Z</time>
			</trkpt>
			<trkpt lat="38.38388" lon="-2.59616">
				<ele>730.72</ele>
				<time>2026-09-10T14:41:48.884Z</time>
			</trkpt>
			<trkpt lat="38.38382" lon="-2.59602">
				<ele>729.58</ele>
				<time>2026-09-10T14:41:49.525Z</time>
			</trkpt>
			<trkpt lat="38.38374" lon="-2.59566">
				<ele>728.5</ele>
				<time>2026-09-10T14:41:51.055Z</time>
			</trkpt>
			<trkpt lat="38.38349" lon="-2.59427">
				<ele>730.49</ele>
				<time>2026-09-10T14:41:57.221Z</time>
			</trkpt>
			<trkpt lat="38.3833" lon="-2.59306">
				<ele>730.38</ele>
				<time>2026-09-10T14:42:03.013Z</time>
			</trkpt>
			<trkpt lat="38.38296" lon="-2.59037">
				<ele>738.75</ele>
				<time>2026-09-10T14:42:17.455Z</time>
			</trkpt>
			<trkpt lat="38.38297" lon="-2.59015">
				<ele>740.56</ele>
				<time>2026-09-10T14:42:18.729Z</time>
			</trkpt>
			<trkpt lat="38.38304" lon="-2.58996">
				<ele>743.98</ele>
				<time>2026-09-10T14:42:19.959Z</time>
			</trkpt>
			<trkpt lat="38.38312" lon="-2.58987">
				<ele>746.78</ele>
				<time>2026-09-10T14:42:20.764Z</time>
			</trkpt>
			<trkpt lat="38.38321" lon="-2.5898">
				<ele>748.94</ele>
				<time>2026-09-10T14:42:21.566Z</time>
			</trkpt>
			<trkpt lat="38.38336" lon="-2.58976">
				<ele>750.73</ele>
				<time>2026-09-10T14:42:22.744Z</time>
			</trkpt>
			<trkpt lat="38.38346" lon="-2.58977">
				<ele>751.93</ele>
				<time>2026-09-10T14:42:23.522Z</time>
			</trkpt>
			<trkpt lat="38.38357" lon="-2.5898">
				<ele>752.89</ele>
				<time>2026-09-10T14:42:24.401Z</time>
			</trkpt>
			<trkpt lat="38.38374" lon="-2.58982">
				<ele>755.11</ele>
				<time>2026-09-10T14:42:25.750Z</time>
			</trkpt>
			<trkpt lat="38.3839" lon="-2.5898">
				<ele>757.16</ele>
				<time>2026-09-10T14:42:27.036Z</time>
			</trkpt>
			<trkpt lat="38.38402" lon="-2.58974">
				<ele>758.54</ele>
				<time>2026-09-10T14:42:28.079Z</time>
			</trkpt>
			<trkpt lat="38.38414" lon="-2.58965">
				<ele>760.06</ele>
				<time>2026-09-10T14:42:29.215Z</time>
			</trkpt>
			<trkpt lat="38.38463" lon="-2.58914">
				<ele>765.25</ele>
				<time>2026-09-10T14:42:34.529Z</time>
			</trkpt>
			<trkpt lat="38.38478" lon="-2.58894">
				<ele>767.76</ele>
				<time>2026-09-10T14:42:36.409Z</time>
			</trkpt>
			<trkpt lat="38.38483" lon="-2.58871">
				<ele>770.25</ele>
				<time>2026-09-10T14:42:38.054Z</time>
			</trkpt>
			<trkpt lat="38.38482" lon="-2.58857">
				<ele>771.35</ele>
				<time>2026-09-10T14:42:39.034Z</time>
			</trkpt>
			<trkpt lat="38.38481" lon="-2.58845">
				<ele>771.76</ele>
				<time>2026-09-10T14:42:39.880Z</time>
			</trkpt>
			<trkpt lat="38.38472" lon="-2.58813">
				<ele>772.76</ele>
				<time>2026-09-10T14:42:42.298Z</time>
			</trkpt>
			<trkpt lat="38.3847" lon="-2.58796">
				<ele>773.79</ele>
				<time>2026-09-10T14:42:43.538Z</time>
			</trkpt>
			<trkpt lat="38.38469" lon="-2.5878">
				<ele>775.13</ele>
				<time>2026-09-10T14:42:44.706Z</time>
			</trkpt>
			<trkpt lat="38.3847" lon="-2.58763">
				<ele>776.82</ele>
				<time>2026-09-10T14:42:45.959Z</time>
			</trkpt>
			<trkpt lat="38.38472" lon="-2.58754">
				<ele>777.65</ele>
				<time>2026-09-10T14:42:46.651Z</time>
			</trkpt>
			<trkpt lat="38.38498" lon="-2.58678">
				<ele>780.3</ele>
				<time>2026-09-10T14:42:52.947Z</time>
			</trkpt>
			<trkpt lat="38.38505" lon="-2.58651">
				<ele>782.56</ele>
				<time>2026-09-10T14:42:55.173Z</time>
			</trkpt>
			<trkpt lat="38.38506" lon="-2.58639">
				<ele>783.75</ele>
				<time>2026-09-10T14:42:56.128Z</time>
			</trkpt>
			<trkpt lat="38.38505" lon="-2.58623">
				<ele>784.03</ele>
				<time>2026-09-10T14:42:57.408Z</time>
			</trkpt>
			<trkpt lat="38.38505" lon="-2.58576">
				<ele>786.53</ele>
				<time>2026-09-10T14:43:01.220Z</time>
			</trkpt>
			<trkpt lat="38.38507" lon="-2.58567">
				<ele>787.02</ele>
				<time>2026-09-10T14:43:01.990Z</time>
			</trkpt>
			<trkpt lat="38.38577" lon="-2.58444">
				<ele>794.37</ele>
				<time>2026-09-10T14:43:15.058Z</time>
			</trkpt>
			<trkpt lat="38.38585" lon="-2.58434">
				<ele>795.58</ele>
				<time>2026-09-10T14:43:16.341Z</time>
			</trkpt>
			<trkpt lat="38.38591" lon="-2.58431">
				<ele>796.09</ele>
				<time>2026-09-10T14:43:17.083Z</time>
			</trkpt>
			<trkpt lat="38.38598" lon="-2.5843">
				<ele>796.57</ele>
				<time>2026-09-10T14:43:17.898Z</time>
			</trkpt>
			<trkpt lat="38.38604" lon="-2.58434">
				<ele>797.08</ele>
				<time>2026-09-10T14:43:18.685Z</time>
			</trkpt>
			<trkpt lat="38.38648" lon="-2.58471">
				<ele>799.69</ele>
				<time>2026-09-10T14:43:24.933Z</time>
			</trkpt>
			<trkpt lat="38.38663" lon="-2.58475">
				<ele>800.58</ele>
				<time>2026-09-10T14:43:26.791Z</time>
			</trkpt>
			<trkpt lat="38.38682" lon="-2.58477">
				<ele>801.94</ele>
				<time>2026-09-10T14:43:29.127Z</time>
			</trkpt>
			<trkpt lat="38.38731" lon="-2.58476">
				<ele>804.2</ele>
				<time>2026-09-10T14:43:35.267Z</time>
			</trkpt>
			<trkpt lat="38.38731" lon="-2.58417">
				<ele>809.69</ele>
				<time>2026-09-10T14:43:41.240Z</time>
			</trkpt>
			<trkpt lat="38.38765" lon="-2.58366">
				<ele>815.2</ele>
				<time>2026-09-10T14:43:48.233Z</time>
			</trkpt>
			<trkpt lat="38.38798" lon="-2.58324">
				<ele>817.08</ele>
				<time>2026-09-10T14:43:54.639Z</time>
			</trkpt>
			<trkpt lat="38.38784" lon="-2.58308">
				<ele>817.19</ele>
				<time>2026-09-10T14:43:57.274Z</time>
			</trkpt>
			<trkpt lat="38.38791" lon="-2.58298">
				<ele>818.24</ele>
				<time>2026-09-10T14:43:58.761Z</time>
			</trkpt>
			<trkpt lat="38.38803" lon="-2.58269">
				<ele>821.29</ele>
				<time>2026-09-10T14:44:02.439Z</time>
			</trkpt>
			<trkpt lat="38.38792" lon="-2.58256">
				<ele>822.1</ele>
				<time>2026-09-10T14:44:04.611Z</time>
			</trkpt>
			<trkpt lat="38.38803" lon="-2.58269">
				<ele>821.29</ele>
				<time>2026-09-10T14:44:06.803Z</time>
			</trkpt>
			<trkpt lat="38.38791" lon="-2.58298">
				<ele>818.24</ele>
				<time>2026-09-10T14:44:18.333Z</time>
			</trkpt>
			<trkpt lat="38.38784" lon="-2.58308">
				<ele>817.19</ele>
				<time>2026-09-10T14:44:29.784Z</time>
			</trkpt>
			<trkpt lat="38.388" lon="-2.58325">
				<ele>817.1</ele>
				<time>2026-09-10T14:44:46.993Z</time>
			</trkpt>
			<trkpt lat="38.38807" lon="-2.58348">
				<ele>817.28</ele>
				<time>2026-09-10T14:44:52.295Z</time>
			</trkpt>
			<trkpt lat="38.38817" lon="-2.58384">
				<ele>817.12</ele>
				<time>2026-09-10T14:44:57.765Z</time>
			</trkpt>
			<trkpt lat="38.38824" lon="-2.58426">
				<ele>813.28</ele>
				<time>2026-09-10T14:45:02.507Z</time>
			</trkpt>
			<trkpt lat="38.38837" lon="-2.58481">
				<ele>811.08</ele>
				<time>2026-09-10T14:45:10.497Z</time>
			</trkpt>
			<trkpt lat="38.38864" lon="-2.58488">
				<ele>812.18</ele>
				<time>2026-09-10T14:45:15.570Z</time>
			</trkpt>
			<trkpt lat="38.38874" lon="-2.58485">
				<ele>812.69</ele>
				<time>2026-09-10T14:45:17.461Z</time>
			</trkpt>
			<trkpt lat="38.38893" lon="-2.58469">
				<ele>815.07</ele>
				<time>2026-09-10T14:45:21.652Z</time>
			</trkpt>
			<trkpt lat="38.38904" lon="-2.58464">
				<ele>816.76</ele>
				<time>2026-09-10T14:45:23.802Z</time>
			</trkpt>
			<trkpt lat="38.38913" lon="-2.58465">
				<ele>817.89</ele>
				<time>2026-09-10T14:45:25.466Z</time>
			</trkpt>
			<trkpt lat="38.38935" lon="-2.58474">
				<ele>820.66</ele>
				<time>2026-09-10T14:45:29.718Z</time>
			</trkpt>
			<trkpt lat="38.38941" lon="-2.58474">
				<ele>821.63</ele>
				<time>2026-09-10T14:45:30.822Z</time>
			</trkpt>
			<trkpt lat="38.38949" lon="-2.5847">
				<ele>822.17</ele>
				<time>2026-09-10T14:45:32.421Z</time>
			</trkpt>
			<trkpt lat="38.38991" lon="-2.58426">
				<ele>823.22</ele>
				<time>2026-09-10T14:45:43.348Z</time>
			</trkpt>
			<trkpt lat="38.39001" lon="-2.58414">
				<ele>822.69</ele>
				<time>2026-09-10T14:45:46.063Z</time>
			</trkpt>
			<trkpt lat="38.39017" lon="-2.58364">
				<ele>819.76</ele>
				<time>2026-09-10T14:45:53.322Z</time>
			</trkpt>
			<trkpt lat="38.39024" lon="-2.58352">
				<ele>820.52</ele>
				<time>2026-09-10T14:45:54.872Z</time>
			</trkpt>
			<trkpt lat="38.39032" lon="-2.58346">
				<ele>821.44</ele>
				<time>2026-09-10T14:45:56.002Z</time>
			</trkpt>
			<trkpt lat="38.39105" lon="-2.58335">
				<ele>822.72</ele>
				<time>2026-09-10T14:46:04.922Z</time>
			</trkpt>
			<trkpt lat="38.3912" lon="-2.58328">
				<ele>822.9</ele>
				<time>2026-09-10T14:46:06.852Z</time>
			</trkpt>
			<trkpt lat="38.3913" lon="-2.5832">
				<ele>823.21</ele>
				<time>2026-09-10T14:46:08.277Z</time>
			</trkpt>
			<trkpt lat="38.3914" lon="-2.58309">
				<ele>824.33</ele>
				<time>2026-09-10T14:46:09.869Z</time>
			</trkpt>
			<trkpt lat="38.39226" lon="-2.58211">
				<ele>825.35</ele>
				<time>2026-09-10T14:46:23.694Z</time>
			</trkpt>
			<trkpt lat="38.39245" lon="-2.58195">
				<ele>825.7</ele>
				<time>2026-09-10T14:46:26.407Z</time>
			</trkpt>
			<trkpt lat="38.39269" lon="-2.58179">
				<ele>827.36</ele>
				<time>2026-09-10T14:46:29.626Z</time>
			</trkpt>
			<trkpt lat="38.39334" lon="-2.5815">
				<ele>828.82</ele>
				<time>2026-09-10T14:46:37.779Z</time>
			</trkpt>
			<trkpt lat="38.3935" lon="-2.58141">
				<ele>827.82</ele>
				<time>2026-09-10T14:46:39.841Z</time>
			</trkpt>
			<trkpt lat="38.39379" lon="-2.58122">
				<ele>826.12</ele>
				<time>2026-09-10T14:46:43.678Z</time>
			</trkpt>
			<trkpt lat="38.39401" lon="-2.58103">
				<ele>824.84</ele>
				<time>2026-09-10T14:46:46.796Z</time>
			</trkpt>
			<trkpt lat="38.39418" lon="-2.58085">
				<ele>824.42</ele>
				<time>2026-09-10T14:46:49.383Z</time>
			</trkpt>
			<trkpt lat="38.39481" lon="-2.58011">
				<ele>823.58</ele>
				<time>2026-09-10T14:46:59.364Z</time>
			</trkpt>
			<trkpt lat="38.39507" lon="-2.57986">
				<ele>826.81</ele>
				<time>2026-09-10T14:47:03.138Z</time>
			</trkpt>
			<trkpt lat="38.39531" lon="-2.57969">
				<ele>831.21</ele>
				<time>2026-09-10T14:47:06.313Z</time>
			</trkpt>
			<trkpt lat="38.3959" lon="-2.57938">
				<ele>832.43</ele>
				<time>2026-09-10T14:47:13.661Z</time>
			</trkpt>
			<trkpt lat="38.39605" lon="-2.57927">
				<ele>832.01</ele>
				<time>2026-09-10T14:47:15.646Z</time>
			</trkpt>
			<trkpt lat="38.39628" lon="-2.57904">
				<ele>830.14</ele>
				<time>2026-09-10T14:47:18.993Z</time>
			</trkpt>
			<trkpt lat="38.39643" lon="-2.5788">
				<ele>827.84</ele>
				<time>2026-09-10T14:47:21.741Z</time>
			</trkpt>
			<trkpt lat="38.39651" lon="-2.57863">
				<ele>826.1</ele>
				<time>2026-09-10T14:47:23.513Z</time>
			</trkpt>
			<trkpt lat="38.39661" lon="-2.5783">
				<ele>825.83</ele>
				<time>2026-09-10T14:47:26.670Z</time>
			</trkpt>
			<trkpt lat="38.39704" lon="-2.57646">
				<ele>834.55</ele>
				<time>2026-09-10T14:47:43.662Z</time>
			</trkpt>
			<trkpt lat="38.39716" lon="-2.57607">
				<ele>836.72</ele>
				<time>2026-09-10T14:47:47.340Z</time>
			</trkpt>
			<trkpt lat="38.39732" lon="-2.57576">
				<ele>835.45</ele>
				<time>2026-09-10T14:47:50.589Z</time>
			</trkpt>
			<trkpt lat="38.39744" lon="-2.57557">
				<ele>833.7</ele>
				<time>2026-09-10T14:47:52.721Z</time>
			</trkpt>
			<trkpt lat="38.39791" lon="-2.57495">
				<ele>827.57</ele>
				<time>2026-09-10T14:48:00.226Z</time>
			</trkpt>
			<trkpt lat="38.39804" lon="-2.57472">
				<ele>829.32</ele>
				<time>2026-09-10T14:48:02.684Z</time>
			</trkpt>
			<trkpt lat="38.39814" lon="-2.57448">
				<ele>829.48</ele>
				<time>2026-09-10T14:48:05.035Z</time>
			</trkpt>
			<trkpt lat="38.3982" lon="-2.57429">
				<ele>829.76</ele>
				<time>2026-09-10T14:48:06.804Z</time>
			</trkpt>
			<trkpt lat="38.39825" lon="-2.57393">
				<ele>829.99</ele>
				<time>2026-09-10T14:48:09.955Z</time>
			</trkpt>
			<trkpt lat="38.39826" lon="-2.5736">
				<ele>827.98</ele>
				<time>2026-09-10T14:48:12.794Z</time>
			</trkpt>
			<trkpt lat="38.39822" lon="-2.57326">
				<ele>827.08</ele>
				<time>2026-09-10T14:48:15.743Z</time>
			</trkpt>
			<trkpt lat="38.39816" lon="-2.57301">
				<ele>827.41</ele>
				<time>2026-09-10T14:48:17.981Z</time>
			</trkpt>
			<trkpt lat="38.39785" lon="-2.57226">
				<ele>829.18</ele>
				<time>2026-09-10T14:48:25.210Z</time>
			</trkpt>
			<trkpt lat="38.39754" lon="-2.57141">
				<ele>819.96</ele>
				<time>2026-09-10T14:48:33.154Z</time>
			</trkpt>
			<trkpt lat="38.39746" lon="-2.57124">
				<ele>817.4</ele>
				<time>2026-09-10T14:48:34.827Z</time>
			</trkpt>
			<trkpt lat="38.39739" lon="-2.57112">
				<ele>816.53</ele>
				<time>2026-09-10T14:48:36.088Z</time>
			</trkpt>
			<trkpt lat="38.39719" lon="-2.57086">
				<ele>816.79</ele>
				<time>2026-09-10T14:48:39.154Z</time>
			</trkpt>
			<trkpt lat="38.3966" lon="-2.57023">
				<ele>822.29</ele>
				<time>2026-09-10T14:48:47.375Z</time>
			</trkpt>
			<trkpt lat="38.39646" lon="-2.56995">
				<ele>819.65</ele>
				<time>2026-09-10T14:48:50.143Z</time>
			</trkpt>
			<trkpt lat="38.39641" lon="-2.56978">
				<ele>818.7</ele>
				<time>2026-09-10T14:48:51.654Z</time>
			</trkpt>
			<trkpt lat="38.39639" lon="-2.56963">
				<ele>817</ele>
				<time>2026-09-10T14:48:52.919Z</time>
			</trkpt>
			<trkpt lat="38.39639" lon="-2.56945">
				<ele>813.84</ele>
				<time>2026-09-10T14:48:54.414Z</time>
			</trkpt>
			<trkpt lat="38.39643" lon="-2.56921">
				<ele>810.91</ele>
				<time>2026-09-10T14:48:56.448Z</time>
			</trkpt>
			<trkpt lat="38.39651" lon="-2.56903">
				<ele>809.43</ele>
				<time>2026-09-10T14:48:58.160Z</time>
			</trkpt>
			<trkpt lat="38.39666" lon="-2.56877">
				<ele>808.31</ele>
				<time>2026-09-10T14:49:00.828Z</time>
			</trkpt>
			<trkpt lat="38.39702" lon="-2.56833">
				<ele>808.9</ele>
				<time>2026-09-10T14:49:06.065Z</time>
			</trkpt>
			<trkpt lat="38.39714" lon="-2.56816">
				<ele>809</ele>
				<time>2026-09-10T14:49:07.943Z</time>
			</trkpt>
			<trkpt lat="38.39722" lon="-2.56799">
				<ele>807.92</ele>
				<time>2026-09-10T14:49:09.569Z</time>
			</trkpt>
			<trkpt lat="38.39732" lon="-2.56766">
				<ele>803.82</ele>
				<time>2026-09-10T14:49:12.463Z</time>
			</trkpt>
			<trkpt lat="38.39735" lon="-2.56744">
				<ele>800.75</ele>
				<time>2026-09-10T14:49:14.286Z</time>
			</trkpt>
			<trkpt lat="38.39754" lon="-2.56553">
				<ele>800.42</ele>
				<time>2026-09-10T14:49:29.889Z</time>
			</trkpt>
			<trkpt lat="38.39753" lon="-2.56507">
				<ele>799.54</ele>
				<time>2026-09-10T14:49:33.587Z</time>
			</trkpt>
			<trkpt lat="38.39746" lon="-2.56444">
				<ele>798.04</ele>
				<time>2026-09-10T14:49:38.682Z</time>
			</trkpt>
			<trkpt lat="38.39743" lon="-2.56387">
				<ele>791.63</ele>
				<time>2026-09-10T14:49:43.236Z</time>
			</trkpt>
			<trkpt lat="38.39743" lon="-2.56367">
				<ele>793.1</ele>
				<time>2026-09-10T14:49:44.827Z</time>
			</trkpt>
			<trkpt lat="38.39748" lon="-2.5632">
				<ele>795.55</ele>
				<time>2026-09-10T14:49:48.589Z</time>
			</trkpt>
			<trkpt lat="38.39758" lon="-2.56277">
				<ele>799.76</ele>
				<time>2026-09-10T14:49:52.136Z</time>
			</trkpt>
			<trkpt lat="38.39772" lon="-2.56242">
				<ele>800.84</ele>
				<time>2026-09-10T14:49:55.234Z</time>
			</trkpt>
			<trkpt lat="38.39783" lon="-2.56219">
				<ele>799.22</ele>
				<time>2026-09-10T14:49:57.353Z</time>
			</trkpt>
			<trkpt lat="38.39804" lon="-2.56187">
				<ele>795.14</ele>
				<time>2026-09-10T14:50:00.628Z</time>
			</trkpt>
			<trkpt lat="38.39816" lon="-2.56173">
				<ele>794.77</ele>
				<time>2026-09-10T14:50:02.253Z</time>
			</trkpt>
			<trkpt lat="38.39846" lon="-2.56141">
				<ele>792.25</ele>
				<time>2026-09-10T14:50:06.150Z</time>
			</trkpt>
			<trkpt lat="38.39851" lon="-2.56134">
				<ele>792.28</ele>
				<time>2026-09-10T14:50:06.888Z</time>
			</trkpt>
			<trkpt lat="38.39857" lon="-2.56117">
				<ele>793.94</ele>
				<time>2026-09-10T14:50:08.340Z</time>
			</trkpt>
			<trkpt lat="38.3986" lon="-2.56093">
				<ele>797.09</ele>
				<time>2026-09-10T14:50:10.230Z</time>
			</trkpt>
			<trkpt lat="38.39858" lon="-2.56077">
				<ele>799.16</ele>
				<time>2026-09-10T14:50:11.488Z</time>
			</trkpt>
			<trkpt lat="38.39831" lon="-2.5597">
				<ele>795.89</ele>
				<time>2026-09-10T14:50:20.178Z</time>
			</trkpt>
			<trkpt lat="38.39823" lon="-2.55928">
				<ele>795.79</ele>
				<time>2026-09-10T14:50:23.501Z</time>
			</trkpt>
			<trkpt lat="38.39821" lon="-2.55881">
				<ele>795.87</ele>
				<time>2026-09-10T14:50:27.109Z</time>
			</trkpt>
			<trkpt lat="38.39824" lon="-2.55834">
				<ele>795.23</ele>
				<time>2026-09-10T14:50:30.711Z</time>
			</trkpt>
			<trkpt lat="38.39832" lon="-2.55795">
				<ele>790.97</ele>
				<time>2026-09-10T14:50:33.782Z</time>
			</trkpt>
			<trkpt lat="38.39843" lon="-2.55756">
				<ele>788.98</ele>
				<time>2026-09-10T14:50:36.930Z</time>
			</trkpt>
			<trkpt lat="38.39929" lon="-2.55493">
				<ele>795.96</ele>
				<time>2026-09-10T14:50:58.331Z</time>
			</trkpt>
			<trkpt lat="38.39961" lon="-2.55401">
				<ele>792.98</ele>
				<time>2026-09-10T14:51:05.790Z</time>
			</trkpt>
			<trkpt lat="38.39987" lon="-2.55347">
				<ele>796.09</ele>
				<time>2026-09-10T14:51:10.461Z</time>
			</trkpt>
			<trkpt lat="38.40007" lon="-2.55318">
				<ele>796.22</ele>
				<time>2026-09-10T14:51:13.297Z</time>
			</trkpt>
			<trkpt lat="38.4003" lon="-2.55286">
				<ele>796.88</ele>
				<time>2026-09-10T14:51:16.477Z</time>
			</trkpt>
			<trkpt lat="38.40074" lon="-2.55245">
				<ele>800.59</ele>
				<time>2026-09-10T14:51:21.548Z</time>
			</trkpt>
			<trkpt lat="38.40317" lon="-2.55039">
				<ele>809.29</ele>
				<time>2026-09-10T14:51:48.294Z</time>
			</trkpt>
			<trkpt lat="38.40332" lon="-2.55027">
				<ele>809.04</ele>
				<time>2026-09-10T14:51:49.895Z</time>
			</trkpt>
			<trkpt lat="38.40356" lon="-2.55015">
				<ele>806.95</ele>
				<time>2026-09-10T14:51:52.222Z</time>
			</trkpt>
			<trkpt lat="38.40408" lon="-2.55005">
				<ele>803.94</ele>
				<time>2026-09-10T14:51:56.954Z</time>
			</trkpt>
			<trkpt lat="38.40431" lon="-2.55005">
				<ele>802.08</ele>
				<time>2026-09-10T14:51:59.016Z</time>
			</trkpt>
			<trkpt lat="38.40448" lon="-2.5501">
				<ele>801.24</ele>
				<time>2026-09-10T14:52:00.578Z</time>
			</trkpt>
			<trkpt lat="38.40501" lon="-2.55042">
				<ele>797</ele>
				<time>2026-09-10T14:52:05.810Z</time>
			</trkpt>
			<trkpt lat="38.4064" lon="-2.55066">
				<ele>790.22</ele>
				<time>2026-09-10T14:52:18.218Z</time>
			</trkpt>
			<trkpt lat="38.40654" lon="-2.55067">
				<ele>790.14</ele>
				<time>2026-09-10T14:52:19.450Z</time>
			</trkpt>
			<trkpt lat="38.40672" lon="-2.55065">
				<ele>789.52</ele>
				<time>2026-09-10T14:52:21.036Z</time>
			</trkpt>
			<trkpt lat="38.40727" lon="-2.55053">
				<ele>784.46</ele>
				<time>2026-09-10T14:52:25.917Z</time>
			</trkpt>
			<trkpt lat="38.40755" lon="-2.55055">
				<ele>780.22</ele>
				<time>2026-09-10T14:52:28.361Z</time>
			</trkpt>
			<trkpt lat="38.40805" lon="-2.55073">
				<ele>777.58</ele>
				<time>2026-09-10T14:52:32.873Z</time>
			</trkpt>
			<trkpt lat="38.40836" lon="-2.55077">
				<ele>775.6</ele>
				<time>2026-09-10T14:52:35.570Z</time>
			</trkpt>
			<trkpt lat="38.40858" lon="-2.5507">
				<ele>772.37</ele>
				<time>2026-09-10T14:52:37.528Z</time>
			</trkpt>
			<trkpt lat="38.40877" lon="-2.55059">
				<ele>768.86</ele>
				<time>2026-09-10T14:52:39.327Z</time>
			</trkpt>
			<trkpt lat="38.40889" lon="-2.55049">
				<ele>766.43</ele>
				<time>2026-09-10T14:52:40.560Z</time>
			</trkpt>
			<trkpt lat="38.40906" lon="-2.55024">
				<ele>764.29</ele>
				<time>2026-09-10T14:52:42.788Z</time>
			</trkpt>
			<trkpt lat="38.40911" lon="-2.55013">
				<ele>763.51</ele>
				<time>2026-09-10T14:52:43.643Z</time>
			</trkpt>
			<trkpt lat="38.40919" lon="-2.54986">
				<ele>760.75</ele>
				<time>2026-09-10T14:52:45.581Z</time>
			</trkpt>
			<trkpt lat="38.40921" lon="-2.54954">
				<ele>757.8</ele>
				<time>2026-09-10T14:52:47.731Z</time>
			</trkpt>
			<trkpt lat="38.40911" lon="-2.54896">
				<ele>753.06</ele>
				<time>2026-09-10T14:52:51.698Z</time>
			</trkpt>
			<trkpt lat="38.40909" lon="-2.54858">
				<ele>750.77</ele>
				<time>2026-09-10T14:52:54.233Z</time>
			</trkpt>
			<trkpt lat="38.40914" lon="-2.5482">
				<ele>751</ele>
				<time>2026-09-10T14:52:56.791Z</time>
			</trkpt>
			<trkpt lat="38.40918" lon="-2.54809">
				<ele>751.11</ele>
				<time>2026-09-10T14:52:57.595Z</time>
			</trkpt>
			<trkpt lat="38.40925" lon="-2.54792">
				<ele>751.47</ele>
				<time>2026-09-10T14:52:58.867Z</time>
			</trkpt>
			<trkpt lat="38.40932" lon="-2.54778">
				<ele>751.57</ele>
				<time>2026-09-10T14:52:59.965Z</time>
			</trkpt>
			<trkpt lat="38.4095" lon="-2.54756">
				<ele>753.43</ele>
				<time>2026-09-10T14:53:02.066Z</time>
			</trkpt>
			<trkpt lat="38.4097" lon="-2.5474">
				<ele>752.25</ele>
				<time>2026-09-10T14:53:04.051Z</time>
			</trkpt>
			<trkpt lat="38.40986" lon="-2.54732">
				<ele>751.05</ele>
				<time>2026-09-10T14:53:05.493Z</time>
			</trkpt>
			<trkpt lat="38.41016" lon="-2.54725">
				<ele>749.2</ele>
				<time>2026-09-10T14:53:08.048Z</time>
			</trkpt>
			<trkpt lat="38.4147" lon="-2.54687">
				<ele>736.23</ele>
				<time>2026-09-10T14:53:45.401Z</time>
			</trkpt>
			<trkpt lat="38.41501" lon="-2.54683">
				<ele>736.21</ele>
				<time>2026-09-10T14:53:47.907Z</time>
			</trkpt>
			<trkpt lat="38.41534" lon="-2.54675">
				<ele>734.91</ele>
				<time>2026-09-10T14:53:50.602Z</time>
			</trkpt>
			<trkpt lat="38.41646" lon="-2.54619">
				<ele>729.71</ele>
				<time>2026-09-10T14:54:00.192Z</time>
			</trkpt>
			<trkpt lat="38.41658" lon="-2.54613">
				<ele>729.93</ele>
				<time>2026-09-10T14:54:01.214Z</time>
			</trkpt>
			<trkpt lat="38.41703" lon="-2.54597">
				<ele>727.89</ele>
				<time>2026-09-10T14:54:04.909Z</time>
			</trkpt>
			<trkpt lat="38.41822" lon="-2.5456">
				<ele>731.03</ele>
				<time>2026-09-10T14:54:14.530Z</time>
			</trkpt>
			<trkpt lat="38.41838" lon="-2.5455">
				<ele>731.41</ele>
				<time>2026-09-10T14:54:15.921Z</time>
			</trkpt>
			<trkpt lat="38.41865" lon="-2.54522">
				<ele>732.37</ele>
				<time>2026-09-10T14:54:18.632Z</time>
			</trkpt>
			<trkpt lat="38.41889" lon="-2.54493">
				<ele>733.73</ele>
				<time>2026-09-10T14:54:21.201Z</time>
			</trkpt>
			<trkpt lat="38.42152" lon="-2.54169">
				<ele>738.3</ele>
				<time>2026-09-10T14:54:49.161Z</time>
			</trkpt>
			<trkpt lat="38.4217" lon="-2.54154">
				<ele>739.04</ele>
				<time>2026-09-10T14:54:50.780Z</time>
			</trkpt>
			<trkpt lat="38.42179" lon="-2.54149">
				<ele>739.33</ele>
				<time>2026-09-10T14:54:51.518Z</time>
			</trkpt>
			<trkpt lat="38.42196" lon="-2.54143">
				<ele>739.22</ele>
				<time>2026-09-10T14:54:52.844Z</time>
			</trkpt>
			<trkpt lat="38.42262" lon="-2.54138">
				<ele>735.13</ele>
				<time>2026-09-10T14:54:57.796Z</time>
			</trkpt>
			<trkpt lat="38.42272" lon="-2.54135">
				<ele>734.51</ele>
				<time>2026-09-10T14:54:58.563Z</time>
			</trkpt>
			<trkpt lat="38.42285" lon="-2.5413">
				<ele>733.69</ele>
				<time>2026-09-10T14:54:59.576Z</time>
			</trkpt>
			<trkpt lat="38.42301" lon="-2.5412">
				<ele>732.41</ele>
				<time>2026-09-10T14:55:00.903Z</time>
			</trkpt>
			<trkpt lat="38.42323" lon="-2.541">
				<ele>730.85</ele>
				<time>2026-09-10T14:55:02.913Z</time>
			</trkpt>
			<trkpt lat="38.42333" lon="-2.54087">
				<ele>730.77</ele>
				<time>2026-09-10T14:55:03.973Z</time>
			</trkpt>
			<trkpt lat="38.42342" lon="-2.54072">
				<ele>733.35</ele>
				<time>2026-09-10T14:55:05.071Z</time>
			</trkpt>
			<trkpt lat="38.42351" lon="-2.5405">
				<ele>737.07</ele>
				<time>2026-09-10T14:55:06.511Z</time>
			</trkpt>
			<trkpt lat="38.42403" lon="-2.53869">
				<ele>746.43</ele>
				<time>2026-09-10T14:55:17.627Z</time>
			</trkpt>
			<trkpt lat="38.42451" lon="-2.53713">
				<ele>748.43</ele>
				<time>2026-09-10T14:55:27.186Z</time>
			</trkpt>
			<trkpt lat="38.42467" lon="-2.53671">
				<ele>746.79</ele>
				<time>2026-09-10T14:55:29.832Z</time>
			</trkpt>
			<trkpt lat="38.42481" lon="-2.53645">
				<ele>746.79</ele>
				<time>2026-09-10T14:55:31.616Z</time>
			</trkpt>
			<trkpt lat="38.42493" lon="-2.5363">
				<ele>747.99</ele>
				<time>2026-09-10T14:55:32.826Z</time>
			</trkpt>
			<trkpt lat="38.42566" lon="-2.5356">
				<ele>749.86</ele>
				<time>2026-09-10T14:55:39.378Z</time>
			</trkpt>
			<trkpt lat="38.42585" lon="-2.53538">
				<ele>749.29</ele>
				<time>2026-09-10T14:55:41.211Z</time>
			</trkpt>
			<trkpt lat="38.42595" lon="-2.53522">
				<ele>750.09</ele>
				<time>2026-09-10T14:55:42.355Z</time>
			</trkpt>
			<trkpt lat="38.42604" lon="-2.53504">
				<ele>750.67</ele>
				<time>2026-09-10T14:55:43.547Z</time>
			</trkpt>
			<trkpt lat="38.4269" lon="-2.53271">
				<ele>759.69</ele>
				<time>2026-09-10T14:55:57.808Z</time>
			</trkpt>
			<trkpt lat="38.427" lon="-2.53255">
				<ele>760.98</ele>
				<time>2026-09-10T14:55:58.933Z</time>
			</trkpt>
			<trkpt lat="38.42718" lon="-2.53231">
				<ele>762.41</ele>
				<time>2026-09-10T14:56:00.755Z</time>
			</trkpt>
			<trkpt lat="38.42735" lon="-2.53217">
				<ele>761.19</ele>
				<time>2026-09-10T14:56:02.169Z</time>
			</trkpt>
			<trkpt lat="38.42751" lon="-2.53207">
				<ele>759.72</ele>
				<time>2026-09-10T14:56:03.412Z</time>
			</trkpt>
			<trkpt lat="38.42927" lon="-2.53142">
				<ele>748.44</ele>
				<time>2026-09-10T14:56:16.107Z</time>
			</trkpt>
			<trkpt lat="38.42947" lon="-2.53131">
				<ele>748.45</ele>
				<time>2026-09-10T14:56:17.605Z</time>
			</trkpt>
			<trkpt lat="38.42973" lon="-2.53107">
				<ele>747.61</ele>
				<time>2026-09-10T14:56:19.807Z</time>
			</trkpt>
			<trkpt lat="38.43217" lon="-2.52784">
				<ele>746.36</ele>
				<time>2026-09-10T14:56:43.618Z</time>
			</trkpt>
			<trkpt lat="38.43225" lon="-2.52773">
				<ele>746.13</ele>
				<time>2026-09-10T14:56:44.404Z</time>
			</trkpt>
			<trkpt lat="38.43292" lon="-2.52688">
				<ele>748.24</ele>
				<time>2026-09-10T14:56:50.700Z</time>
			</trkpt>
			<trkpt lat="38.43476" lon="-2.52442">
				<ele>752.77</ele>
				<time>2026-09-10T14:57:08.248Z</time>
			</trkpt>
			<trkpt lat="38.43699" lon="-2.52149">
				<ele>767.04</ele>
				<time>2026-09-10T14:57:28.931Z</time>
			</trkpt>
			<trkpt lat="38.43731" lon="-2.5211">
				<ele>770.47</ele>
				<time>2026-09-10T14:57:31.757Z</time>
			</trkpt>
			<trkpt lat="38.43797" lon="-2.52054">
				<ele>772.12</ele>
				<time>2026-09-10T14:57:36.802Z</time>
			</trkpt>
			<trkpt lat="38.43846" lon="-2.52018">
				<ele>770.3</ele>
				<time>2026-09-10T14:57:40.386Z</time>
			</trkpt>
			<trkpt lat="38.43866" lon="-2.51997">
				<ele>771.05</ele>
				<time>2026-09-10T14:57:42.024Z</time>
			</trkpt>
			<trkpt lat="38.43902" lon="-2.51947">
				<ele>776.15</ele>
				<time>2026-09-10T14:57:45.381Z</time>
			</trkpt>
			<trkpt lat="38.43919" lon="-2.51931">
				<ele>777.18</ele>
				<time>2026-09-10T14:57:46.710Z</time>
			</trkpt>
			<trkpt lat="38.43974" lon="-2.51892">
				<ele>777.32</ele>
				<time>2026-09-10T14:57:50.661Z</time>
			</trkpt>
			<trkpt lat="38.43987" lon="-2.5188">
				<ele>778.76</ele>
				<time>2026-09-10T14:57:51.666Z</time>
			</trkpt>
			<trkpt lat="38.43999" lon="-2.51866">
				<ele>779.54</ele>
				<time>2026-09-10T14:57:52.684Z</time>
			</trkpt>
			<trkpt lat="38.44036" lon="-2.51813">
				<ele>786.31</ele>
				<time>2026-09-10T14:57:56.158Z</time>
			</trkpt>
			<trkpt lat="38.44046" lon="-2.51801">
				<ele>787.38</ele>
				<time>2026-09-10T14:57:57.014Z</time>
			</trkpt>
			<trkpt lat="38.44063" lon="-2.51788">
				<ele>788.39</ele>
				<time>2026-09-10T14:57:58.248Z</time>
			</trkpt>
			<trkpt lat="38.44074" lon="-2.51781">
				<ele>789.51</ele>
				<time>2026-09-10T14:57:59.013Z</time>
			</trkpt>
			<trkpt lat="38.44106" lon="-2.51775">
				<ele>791.31</ele>
				<time>2026-09-10T14:58:01.023Z</time>
			</trkpt>
			<trkpt lat="38.4423" lon="-2.51771">
				<ele>789.86</ele>
				<time>2026-09-10T14:58:08.699Z</time>
			</trkpt>
			<trkpt lat="38.44248" lon="-2.51769">
				<ele>791.56</ele>
				<time>2026-09-10T14:58:09.812Z</time>
			</trkpt>
			<trkpt lat="38.44275" lon="-2.5176">
				<ele>792.41</ele>
				<time>2026-09-10T14:58:11.530Z</time>
			</trkpt>
			<trkpt lat="38.44298" lon="-2.51744">
				<ele>792.29</ele>
				<time>2026-09-10T14:58:13.140Z</time>
			</trkpt>
			<trkpt lat="38.44313" lon="-2.5173">
				<ele>793.13</ele>
				<time>2026-09-10T14:58:14.281Z</time>
			</trkpt>
			<trkpt lat="38.44322" lon="-2.5172">
				<ele>793.7</ele>
				<time>2026-09-10T14:58:15.013Z</time>
			</trkpt>
			<trkpt lat="38.44362" lon="-2.51659">
				<ele>800.41</ele>
				<time>2026-09-10T14:58:18.828Z</time>
			</trkpt>
			<trkpt lat="38.44377" lon="-2.51643">
				<ele>801.06</ele>
				<time>2026-09-10T14:58:20.022Z</time>
			</trkpt>
			<trkpt lat="38.44386" lon="-2.51637">
				<ele>800.48</ele>
				<time>2026-09-10T14:58:20.642Z</time>
			</trkpt>
			<trkpt lat="38.44465" lon="-2.51594">
				<ele>804.64</ele>
				<time>2026-09-10T14:58:25.871Z</time>
			</trkpt>
			<trkpt lat="38.44498" lon="-2.51571">
				<ele>804.49</ele>
				<time>2026-09-10T14:58:28.153Z</time>
			</trkpt>
			<trkpt lat="38.44529" lon="-2.5154">
				<ele>803.69</ele>
				<time>2026-09-10T14:58:30.538Z</time>
			</trkpt>
			<trkpt lat="38.44563" lon="-2.51501">
				<ele>806.7</ele>
				<time>2026-09-10T14:58:33.301Z</time>
			</trkpt>
			<trkpt lat="38.44587" lon="-2.51465">
				<ele>808.54</ele>
				<time>2026-09-10T14:58:35.535Z</time>
			</trkpt>
			<trkpt lat="38.44603" lon="-2.51436">
				<ele>810.34</ele>
				<time>2026-09-10T14:58:37.208Z</time>
			</trkpt>
			<trkpt lat="38.447" lon="-2.51223">
				<ele>824.32</ele>
				<time>2026-09-10T14:58:48.767Z</time>
			</trkpt>
			<trkpt lat="38.4471" lon="-2.51197">
				<ele>826.55</ele>
				<time>2026-09-10T14:58:50.119Z</time>
			</trkpt>
			<trkpt lat="38.44719" lon="-2.51153">
				<ele>831.03</ele>
				<time>2026-09-10T14:58:52.239Z</time>
			</trkpt>
			<trkpt lat="38.44721" lon="-2.51127">
				<ele>832.51</ele>
				<time>2026-09-10T14:58:53.455Z</time>
			</trkpt>
			<trkpt lat="38.44721" lon="-2.51104">
				<ele>833.63</ele>
				<time>2026-09-10T14:58:54.524Z</time>
			</trkpt>
			<trkpt lat="38.4471" lon="-2.5101">
				<ele>840.85</ele>
				<time>2026-09-10T14:58:58.935Z</time>
			</trkpt>
			<trkpt lat="38.4471" lon="-2.50994">
				<ele>840.53</ele>
				<time>2026-09-10T14:58:59.677Z</time>
			</trkpt>
			<trkpt lat="38.44712" lon="-2.50981">
				<ele>839.59</ele>
				<time>2026-09-10T14:59:00.290Z</time>
			</trkpt>
			<trkpt lat="38.44718" lon="-2.50961">
				<ele>838.17</ele>
				<time>2026-09-10T14:59:01.281Z</time>
			</trkpt>
			<trkpt lat="38.44725" lon="-2.50944">
				<ele>837</ele>
				<time>2026-09-10T14:59:02.169Z</time>
			</trkpt>
			<trkpt lat="38.44732" lon="-2.50933">
				<ele>835.88</ele>
				<time>2026-09-10T14:59:02.824Z</time>
			</trkpt>
			<trkpt lat="38.44744" lon="-2.50919">
				<ele>833.07</ele>
				<time>2026-09-10T14:59:03.782Z</time>
			</trkpt>
			<trkpt lat="38.44754" lon="-2.50903">
				<ele>831.81</ele>
				<time>2026-09-10T14:59:04.727Z</time>
			</trkpt>
			<trkpt lat="38.44759" lon="-2.50891">
				<ele>831.61</ele>
				<time>2026-09-10T14:59:05.354Z</time>
			</trkpt>
			<trkpt lat="38.44764" lon="-2.50874">
				<ele>831.6</ele>
				<time>2026-09-10T14:59:06.191Z</time>
			</trkpt>
			<trkpt lat="38.44763" lon="-2.50859">
				<ele>832.54</ele>
				<time>2026-09-10T14:59:06.884Z</time>
			</trkpt>
			<trkpt lat="38.44741" lon="-2.5078">
				<ele>837.42</ele>
				<time>2026-09-10T14:59:10.741Z</time>
			</trkpt>
			<trkpt lat="38.44739" lon="-2.50766">
				<ele>839.82</ele>
				<time>2026-09-10T14:59:11.394Z</time>
			</trkpt>
			<trkpt lat="38.44741" lon="-2.50742">
				<ele>842.06</ele>
				<time>2026-09-10T14:59:12.502Z</time>
			</trkpt>
			<trkpt lat="38.44758" lon="-2.50704">
				<ele>841.21</ele>
				<time>2026-09-10T14:59:14.508Z</time>
			</trkpt>
			<trkpt lat="38.44764" lon="-2.50681">
				<ele>841.82</ele>
				<time>2026-09-10T14:59:15.618Z</time>
			</trkpt>
			<trkpt lat="38.44765" lon="-2.50648">
				<ele>845.17</ele>
				<time>2026-09-10T14:59:17.129Z</time>
			</trkpt>
			<trkpt lat="38.44754" lon="-2.50587">
				<ele>852.6</ele>
				<time>2026-09-10T14:59:19.988Z</time>
			</trkpt>
			<trkpt lat="38.44742" lon="-2.50539">
				<ele>855.76</ele>
				<time>2026-09-10T14:59:22.285Z</time>
			</trkpt>
			<trkpt lat="38.44734" lon="-2.50521">
				<ele>854.69</ele>
				<time>2026-09-10T14:59:23.228Z</time>
			</trkpt>
			<trkpt lat="38.44719" lon="-2.50499">
				<ele>851.6</ele>
				<time>2026-09-10T14:59:24.555Z</time>
			</trkpt>
			<trkpt lat="38.44707" lon="-2.50484">
				<ele>851.94</ele>
				<time>2026-09-10T14:59:25.530Z</time>
			</trkpt>
			<trkpt lat="38.44695" lon="-2.50475">
				<ele>853.38</ele>
				<time>2026-09-10T14:59:26.338Z</time>
			</trkpt>
			<trkpt lat="38.44628" lon="-2.50438">
				<ele>859.56</ele>
				<time>2026-09-10T14:59:30.567Z</time>
			</trkpt>
			<trkpt lat="38.44606" lon="-2.50413">
				<ele>865.3</ele>
				<time>2026-09-10T14:59:32.270Z</time>
			</trkpt>
			<trkpt lat="38.44554" lon="-2.50338">
				<ele>876.47</ele>
				<time>2026-09-10T14:59:36.797Z</time>
			</trkpt>
			<trkpt lat="38.44498" lon="-2.50252">
				<ele>875.38</ele>
				<time>2026-09-10T14:59:41.836Z</time>
			</trkpt>
			<trkpt lat="38.44476" lon="-2.50223">
				<ele>876.28</ele>
				<time>2026-09-10T14:59:43.651Z</time>
			</trkpt>
			<trkpt lat="38.4445" lon="-2.50199">
				<ele>878.11</ele>
				<time>2026-09-10T14:59:45.491Z</time>
			</trkpt>
			<trkpt lat="38.44434" lon="-2.50186">
				<ele>878.6</ele>
				<time>2026-09-10T14:59:46.578Z</time>
			</trkpt>
			<trkpt lat="38.44426" lon="-2.50177">
				<ele>878.54</ele>
				<time>2026-09-10T14:59:47.189Z</time>
			</trkpt>
			<trkpt lat="38.4442" lon="-2.50165">
				<ele>878.7</ele>
				<time>2026-09-10T14:59:47.827Z</time>
			</trkpt>
			<trkpt lat="38.44406" lon="-2.50099">
				<ele>880.31</ele>
				<time>2026-09-10T14:59:50.890Z</time>
			</trkpt>
			<trkpt lat="38.44402" lon="-2.50086">
				<ele>879.71</ele>
				<time>2026-09-10T14:59:51.515Z</time>
			</trkpt>
			<trkpt lat="38.44395" lon="-2.50074">
				<ele>878.97</ele>
				<time>2026-09-10T14:59:52.184Z</time>
			</trkpt>
			<trkpt lat="38.44386" lon="-2.50061">
				<ele>878.32</ele>
				<time>2026-09-10T14:59:52.960Z</time>
			</trkpt>
			<trkpt lat="38.44286" lon="-2.49953">
				<ele>892.61</ele>
				<time>2026-09-10T15:00:00.419Z</time>
			</trkpt>
			<trkpt lat="38.44277" lon="-2.4994">
				<ele>892.5</ele>
				<time>2026-09-10T15:00:01.191Z</time>
			</trkpt>
			<trkpt lat="38.44273" lon="-2.49927">
				<ele>892.06</ele>
				<time>2026-09-10T15:00:01.813Z</time>
			</trkpt>
			<trkpt lat="38.4427" lon="-2.49903">
				<ele>894.53</ele>
				<time>2026-09-10T15:00:02.893Z</time>
			</trkpt>
			<trkpt lat="38.44274" lon="-2.49883">
				<ele>898.39</ele>
				<time>2026-09-10T15:00:03.811Z</time>
			</trkpt>
			<trkpt lat="38.4428" lon="-2.49869">
				<ele>902.19</ele>
				<time>2026-09-10T15:00:04.520Z</time>
			</trkpt>
			<trkpt lat="38.44316" lon="-2.49815">
				<ele>906.04</ele>
				<time>2026-09-10T15:00:07.667Z</time>
			</trkpt>
			<trkpt lat="38.44325" lon="-2.49793">
				<ele>903.34</ele>
				<time>2026-09-10T15:00:08.768Z</time>
			</trkpt>
			<trkpt lat="38.44333" lon="-2.49769">
				<ele>900.47</ele>
				<time>2026-09-10T15:00:09.923Z</time>
			</trkpt>
			<trkpt lat="38.44336" lon="-2.49744">
				<ele>899.03</ele>
				<time>2026-09-10T15:00:11.044Z</time>
			</trkpt>
			<trkpt lat="38.44334" lon="-2.49699">
				<ele>901.17</ele>
				<time>2026-09-10T15:00:13.038Z</time>
			</trkpt>
			<trkpt lat="38.44329" lon="-2.49677">
				<ele>907.17</ele>
				<time>2026-09-10T15:00:14.051Z</time>
			</trkpt>
			<trkpt lat="38.44313" lon="-2.49619">
				<ele>913.71</ele>
				<time>2026-09-10T15:00:16.768Z</time>
			</trkpt>
			<trkpt lat="38.4431" lon="-2.49602">
				<ele>912.94</ele>
				<time>2026-09-10T15:00:17.537Z</time>
			</trkpt>
			<trkpt lat="38.4431" lon="-2.49586">
				<ele>910.66</ele>
				<time>2026-09-10T15:00:18.243Z</time>
			</trkpt>
			<trkpt lat="38.44333" lon="-2.4945">
				<ele>914.05</ele>
				<time>2026-09-10T15:00:24.374Z</time>
			</trkpt>
			<trkpt lat="38.44336" lon="-2.49434">
				<ele>913.89</ele>
				<time>2026-09-10T15:00:25.098Z</time>
			</trkpt>
			<trkpt lat="38.44344" lon="-2.49415">
				<ele>913.51</ele>
				<time>2026-09-10T15:00:26.047Z</time>
			</trkpt>
			<trkpt lat="38.44354" lon="-2.49396">
				<ele>913.31</ele>
				<time>2026-09-10T15:00:27.053Z</time>
			</trkpt>
			<trkpt lat="38.44387" lon="-2.49342">
				<ele>913.02</ele>
				<time>2026-09-10T15:00:30.062Z</time>
			</trkpt>
			<trkpt lat="38.44409" lon="-2.49294">
				<ele>913.98</ele>
				<time>2026-09-10T15:00:32.502Z</time>
			</trkpt>
			<trkpt lat="38.44468" lon="-2.49111">
				<ele>920.56</ele>
				<time>2026-09-10T15:00:41.168Z</time>
			</trkpt>
			<trkpt lat="38.44558" lon="-2.4882">
				<ele>936.72</ele>
				<time>2026-09-10T15:00:54.815Z</time>
			</trkpt>
			<trkpt lat="38.44569" lon="-2.48795">
				<ele>937.45</ele>
				<time>2026-09-10T15:00:56.063Z</time>
			</trkpt>
			<trkpt lat="38.44587" lon="-2.48762">
				<ele>939.45</ele>
				<time>2026-09-10T15:00:57.812Z</time>
			</trkpt>
			<trkpt lat="38.44631" lon="-2.48706">
				<ele>947.72</ele>
				<time>2026-09-10T15:01:01.260Z</time>
			</trkpt>
			<trkpt lat="38.44709" lon="-2.48619">
				<ele>946.13</ele>
				<time>2026-09-10T15:01:07.003Z</time>
			</trkpt>
			<trkpt lat="38.44724" lon="-2.4859">
				<ele>947.82</ele>
				<time>2026-09-10T15:01:08.511Z</time>
			</trkpt>
			<trkpt lat="38.44728" lon="-2.48575">
				<ele>948</ele>
				<time>2026-09-10T15:01:09.198Z</time>
			</trkpt>
			<trkpt lat="38.44737" lon="-2.48519">
				<ele>952.83</ele>
				<time>2026-09-10T15:01:11.677Z</time>
			</trkpt>
			<trkpt lat="38.4474" lon="-2.4851">
				<ele>954.58</ele>
				<time>2026-09-10T15:01:12.101Z</time>
			</trkpt>
			<trkpt lat="38.44747" lon="-2.48499">
				<ele>956.16</ele>
				<time>2026-09-10T15:01:12.715Z</time>
			</trkpt>
			<trkpt lat="38.44791" lon="-2.48454">
				<ele>955.65</ele>
				<time>2026-09-10T15:01:15.834Z</time>
			</trkpt>
			<trkpt lat="38.44796" lon="-2.48445">
				<ele>955.59</ele>
				<time>2026-09-10T15:01:16.312Z</time>
			</trkpt>
			<trkpt lat="38.448" lon="-2.48433">
				<ele>956.84</ele>
				<time>2026-09-10T15:01:16.877Z</time>
			</trkpt>
			<trkpt lat="38.44805" lon="-2.48383">
				<ele>960.34</ele>
				<time>2026-09-10T15:01:19.059Z</time>
			</trkpt>
			<trkpt lat="38.44811" lon="-2.4835">
				<ele>960.35</ele>
				<time>2026-09-10T15:01:20.526Z</time>
			</trkpt>
			<trkpt lat="38.44823" lon="-2.48324">
				<ele>961.64</ele>
				<time>2026-09-10T15:01:21.832Z</time>
			</trkpt>
			<trkpt lat="38.44873" lon="-2.48245">
				<ele>967.78</ele>
				<time>2026-09-10T15:01:26.226Z</time>
			</trkpt>
			<trkpt lat="38.44889" lon="-2.48215">
				<ele>970.14</ele>
				<time>2026-09-10T15:01:27.795Z</time>
			</trkpt>
			<trkpt lat="38.44896" lon="-2.48194">
				<ele>971.56</ele>
				<time>2026-09-10T15:01:28.782Z</time>
			</trkpt>
			<trkpt lat="38.44901" lon="-2.48166">
				<ele>974.08</ele>
				<time>2026-09-10T15:01:30.024Z</time>
			</trkpt>
			<trkpt lat="38.44906" lon="-2.48147">
				<ele>976.41</ele>
				<time>2026-09-10T15:01:30.890Z</time>
			</trkpt>
			<trkpt lat="38.44911" lon="-2.48132">
				<ele>978.98</ele>
				<time>2026-09-10T15:01:31.595Z</time>
			</trkpt>
			<trkpt lat="38.44935" lon="-2.48089">
				<ele>981.64</ele>
				<time>2026-09-10T15:01:33.877Z</time>
			</trkpt>
			<trkpt lat="38.44945" lon="-2.48066">
				<ele>981.41</ele>
				<time>2026-09-10T15:01:35.014Z</time>
			</trkpt>
			<trkpt lat="38.44952" lon="-2.48044">
				<ele>980.23</ele>
				<time>2026-09-10T15:01:36.040Z</time>
			</trkpt>
			<trkpt lat="38.44957" lon="-2.48017">
				<ele>978.95</ele>
				<time>2026-09-10T15:01:37.238Z</time>
			</trkpt>
			<trkpt lat="38.44958" lon="-2.47998">
				<ele>977.3</ele>
				<time>2026-09-10T15:01:38.061Z</time>
			</trkpt>
			<trkpt lat="38.44958" lon="-2.47959">
				<ele>978.01</ele>
				<time>2026-09-10T15:01:39.746Z</time>
			</trkpt>
			<trkpt lat="38.4496" lon="-2.4794">
				<ele>980.16</ele>
				<time>2026-09-10T15:01:40.574Z</time>
			</trkpt>
			<trkpt lat="38.44983" lon="-2.478">
				<ele>994.19</ele>
				<time>2026-09-10T15:01:46.752Z</time>
			</trkpt>
			<trkpt lat="38.44999" lon="-2.47715">
				<ele>991.35</ele>
				<time>2026-09-10T15:01:50.527Z</time>
			</trkpt>
			<trkpt lat="38.45006" lon="-2.47691">
				<ele>992.51</ele>
				<time>2026-09-10T15:01:51.633Z</time>
			</trkpt>
			<trkpt lat="38.45024" lon="-2.4765">
				<ele>994.39</ele>
				<time>2026-09-10T15:01:53.663Z</time>
			</trkpt>
			<trkpt lat="38.45034" lon="-2.47623">
				<ele>994.91</ele>
				<time>2026-09-10T15:01:54.952Z</time>
			</trkpt>
			<trkpt lat="38.45039" lon="-2.47607">
				<ele>995.53</ele>
				<time>2026-09-10T15:01:55.696Z</time>
			</trkpt>
			<trkpt lat="38.45056" lon="-2.47391">
				<ele>1010.65</ele>
				<time>2026-09-10T15:02:05.074Z</time>
			</trkpt>
			<trkpt lat="38.45072" lon="-2.47323">
				<ele>1011.75</ele>
				<time>2026-09-10T15:02:08.142Z</time>
			</trkpt>
			<trkpt lat="38.45092" lon="-2.47257">
				<ele>1015.35</ele>
				<time>2026-09-10T15:02:11.201Z</time>
			</trkpt>
			<trkpt lat="38.45102" lon="-2.47226">
				<ele>1015.67</ele>
				<time>2026-09-10T15:02:12.650Z</time>
			</trkpt>
			<trkpt lat="38.45111" lon="-2.4721">
				<ele>1016.2</ele>
				<time>2026-09-10T15:02:13.502Z</time>
			</trkpt>
			<trkpt lat="38.45121" lon="-2.47197">
				<ele>1018.24</ele>
				<time>2026-09-10T15:02:14.290Z</time>
			</trkpt>
			<trkpt lat="38.45132" lon="-2.47189">
				<ele>1018.45</ele>
				<time>2026-09-10T15:02:14.989Z</time>
			</trkpt>
			<trkpt lat="38.45175" lon="-2.47177">
				<ele>1016.13</ele>
				<time>2026-09-10T15:02:17.421Z</time>
			</trkpt>
			<trkpt lat="38.45188" lon="-2.4717">
				<ele>1016.29</ele>
				<time>2026-09-10T15:02:18.200Z</time>
			</trkpt>
			<trkpt lat="38.45198" lon="-2.47159">
				<ele>1016.76</ele>
				<time>2026-09-10T15:02:18.930Z</time>
			</trkpt>
			<trkpt lat="38.45205" lon="-2.47147">
				<ele>1017.4</ele>
				<time>2026-09-10T15:02:19.577Z</time>
			</trkpt>
			<trkpt lat="38.4521" lon="-2.47129">
				<ele>1019.76</ele>
				<time>2026-09-10T15:02:20.404Z</time>
			</trkpt>
			<trkpt lat="38.45233" lon="-2.46979">
				<ele>1026.96</ele>
				<time>2026-09-10T15:02:27.024Z</time>
			</trkpt>
			<trkpt lat="38.45232" lon="-2.46946">
				<ele>1026.63</ele>
				<time>2026-09-10T15:02:28.455Z</time>
			</trkpt>
			<trkpt lat="38.45229" lon="-2.46931">
				<ele>1028.27</ele>
				<time>2026-09-10T15:02:29.126Z</time>
			</trkpt>
			<trkpt lat="38.45222" lon="-2.46914">
				<ele>1030.87</ele>
				<time>2026-09-10T15:02:29.959Z</time>
			</trkpt>
			<trkpt lat="38.45212" lon="-2.46895">
				<ele>1032.65</ele>
				<time>2026-09-10T15:02:30.951Z</time>
			</trkpt>
			<trkpt lat="38.45196" lon="-2.46876">
				<ele>1033.66</ele>
				<time>2026-09-10T15:02:32.162Z</time>
			</trkpt>
			<trkpt lat="38.45167" lon="-2.46845">
				<ele>1034.63</ele>
				<time>2026-09-10T15:02:34.257Z</time>
			</trkpt>
			<trkpt lat="38.45147" lon="-2.46817">
				<ele>1029.77</ele>
				<time>2026-09-10T15:02:35.902Z</time>
			</trkpt>
			<trkpt lat="38.45141" lon="-2.46793">
				<ele>1025.18</ele>
				<time>2026-09-10T15:02:36.996Z</time>
			</trkpt>
			<trkpt lat="38.45141" lon="-2.4678">
				<ele>1022.88</ele>
				<time>2026-09-10T15:02:37.561Z</time>
			</trkpt>
			<trkpt lat="38.45145" lon="-2.46764">
				<ele>1023.05</ele>
				<time>2026-09-10T15:02:38.290Z</time>
			</trkpt>
			<trkpt lat="38.45151" lon="-2.46753">
				<ele>1023.2</ele>
				<time>2026-09-10T15:02:38.873Z</time>
			</trkpt>
			<trkpt lat="38.45161" lon="-2.46741">
				<ele>1023.36</ele>
				<time>2026-09-10T15:02:39.634Z</time>
			</trkpt>
			<trkpt lat="38.45179" lon="-2.46732">
				<ele>1025.44</ele>
				<time>2026-09-10T15:02:40.707Z</time>
			</trkpt>
			<trkpt lat="38.45191" lon="-2.46732">
				<ele>1028.88</ele>
				<time>2026-09-10T15:02:41.373Z</time>
			</trkpt>
			<trkpt lat="38.45201" lon="-2.46736">
				<ele>1031.57</ele>
				<time>2026-09-10T15:02:41.955Z</time>
			</trkpt>
			<trkpt lat="38.45321" lon="-2.46806">
				<ele>1042.05</ele>
				<time>2026-09-10T15:02:49.288Z</time>
			</trkpt>
			<trkpt lat="38.45342" lon="-2.46814">
				<ele>1039.86</ele>
				<time>2026-09-10T15:02:50.507Z</time>
			</trkpt>
			<trkpt lat="38.45356" lon="-2.46811">
				<ele>1037.77</ele>
				<time>2026-09-10T15:02:51.298Z</time>
			</trkpt>
			<trkpt lat="38.45365" lon="-2.46806">
				<ele>1036.97</ele>
				<time>2026-09-10T15:02:51.844Z</time>
			</trkpt>
			<trkpt lat="38.45374" lon="-2.46798">
				<ele>1037.46</ele>
				<time>2026-09-10T15:02:52.455Z</time>
			</trkpt>
			<trkpt lat="38.45386" lon="-2.4678">
				<ele>1038.52</ele>
				<time>2026-09-10T15:02:53.486Z</time>
			</trkpt>
			<trkpt lat="38.45447" lon="-2.4666">
				<ele>1047.96</ele>
				<time>2026-09-10T15:02:59.735Z</time>
			</trkpt>
			<trkpt lat="38.45457" lon="-2.46646">
				<ele>1047.88</ele>
				<time>2026-09-10T15:03:00.563Z</time>
			</trkpt>
			<trkpt lat="38.45471" lon="-2.46638">
				<ele>1045.08</ele>
				<time>2026-09-10T15:03:01.420Z</time>
			</trkpt>
			<trkpt lat="38.45482" lon="-2.46635">
				<ele>1045.48</ele>
				<time>2026-09-10T15:03:02.048Z</time>
			</trkpt>
			<trkpt lat="38.45529" lon="-2.46636">
				<ele>1045.63</ele>
				<time>2026-09-10T15:03:04.676Z</time>
			</trkpt>
			<trkpt lat="38.45562" lon="-2.46643">
				<ele>1049.61</ele>
				<time>2026-09-10T15:03:06.548Z</time>
			</trkpt>
			<trkpt lat="38.45574" lon="-2.46653">
				<ele>1047.94</ele>
				<time>2026-09-10T15:03:07.350Z</time>
			</trkpt>
			<trkpt lat="38.4559" lon="-2.46676">
				<ele>1042.15</ele>
				<time>2026-09-10T15:03:08.700Z</time>
			</trkpt>
			<trkpt lat="38.45604" lon="-2.46689">
				<ele>1039.06</ele>
				<time>2026-09-10T15:03:09.670Z</time>
			</trkpt>
			<trkpt lat="38.45636" lon="-2.46701">
				<ele>1038.59</ele>
				<time>2026-09-10T15:03:11.539Z</time>
			</trkpt>
			<trkpt lat="38.45663" lon="-2.46703">
				<ele>1039.66</ele>
				<time>2026-09-10T15:03:13.057Z</time>
			</trkpt>
			<trkpt lat="38.4569" lon="-2.46693">
				<ele>1041.17</ele>
				<time>2026-09-10T15:03:14.635Z</time>
			</trkpt>
			<trkpt lat="38.45714" lon="-2.46681">
				<ele>1042.7</ele>
				<time>2026-09-10T15:03:16.083Z</time>
			</trkpt>
			<trkpt lat="38.45742" lon="-2.46676">
				<ele>1046.79</ele>
				<time>2026-09-10T15:03:17.672Z</time>
			</trkpt>
			<trkpt lat="38.45781" lon="-2.4669">
				<ele>1049.67</ele>
				<time>2026-09-10T15:03:19.951Z</time>
			</trkpt>
			<trkpt lat="38.45796" lon="-2.46693">
				<ele>1048.77</ele>
				<time>2026-09-10T15:03:20.806Z</time>
			</trkpt>
			<trkpt lat="38.45806" lon="-2.46693">
				<ele>1048.3</ele>
				<time>2026-09-10T15:03:21.369Z</time>
			</trkpt>
			<trkpt lat="38.45821" lon="-2.46689">
				<ele>1048.52</ele>
				<time>2026-09-10T15:03:22.232Z</time>
			</trkpt>
			<trkpt lat="38.45833" lon="-2.46682">
				<ele>1049.36</ele>
				<time>2026-09-10T15:03:22.975Z</time>
			</trkpt>
			<trkpt lat="38.45846" lon="-2.46669">
				<ele>1050.71</ele>
				<time>2026-09-10T15:03:23.906Z</time>
			</trkpt>
			<trkpt lat="38.45871" lon="-2.46639">
				<ele>1054.22</ele>
				<time>2026-09-10T15:03:25.842Z</time>
			</trkpt>
			<trkpt lat="38.45893" lon="-2.46617">
				<ele>1055.81</ele>
				<time>2026-09-10T15:03:27.419Z</time>
			</trkpt>
			<trkpt lat="38.45904" lon="-2.46608">
				<ele>1057.52</ele>
				<time>2026-09-10T15:03:28.157Z</time>
			</trkpt>
			<trkpt lat="38.46094" lon="-2.46522">
				<ele>1068.79</ele>
				<time>2026-09-10T15:03:39.580Z</time>
			</trkpt>
			<trkpt lat="38.46239" lon="-2.46453">
				<ele>1077.71</ele>
				<time>2026-09-10T15:03:48.395Z</time>
			</trkpt>
			<trkpt lat="38.46258" lon="-2.46436">
				<ele>1079.33</ele>
				<time>2026-09-10T15:03:49.720Z</time>
			</trkpt>
			<trkpt lat="38.46268" lon="-2.46424">
				<ele>1080.71</ele>
				<time>2026-09-10T15:03:50.504Z</time>
			</trkpt>
			<trkpt lat="38.46317" lon="-2.46349">
				<ele>1086.98</ele>
				<time>2026-09-10T15:03:54.883Z</time>
			</trkpt>
			<trkpt lat="38.46324" lon="-2.4634">
				<ele>1087.83</ele>
				<time>2026-09-10T15:03:55.453Z</time>
			</trkpt>
			<trkpt lat="38.46346" lon="-2.46327">
				<ele>1090.3</ele>
				<time>2026-09-10T15:03:56.843Z</time>
			</trkpt>
			<trkpt lat="38.46377" lon="-2.46318">
				<ele>1093.62</ele>
				<time>2026-09-10T15:03:58.669Z</time>
			</trkpt>
			<trkpt lat="38.46389" lon="-2.46313">
				<ele>1094.81</ele>
				<time>2026-09-10T15:03:59.394Z</time>
			</trkpt>
			<trkpt lat="38.46408" lon="-2.46296">
				<ele>1096.89</ele>
				<time>2026-09-10T15:04:00.728Z</time>
			</trkpt>
			<trkpt lat="38.4647" lon="-2.46214">
				<ele>1103.55</ele>
				<time>2026-09-10T15:04:05.871Z</time>
			</trkpt>
			<trkpt lat="38.46494" lon="-2.46179">
				<ele>1105.86</ele>
				<time>2026-09-10T15:04:07.975Z</time>
			</trkpt>
			<trkpt lat="38.46509" lon="-2.46153">
				<ele>1106.11</ele>
				<time>2026-09-10T15:04:09.437Z</time>
			</trkpt>
			<trkpt lat="38.46525" lon="-2.46129">
				<ele>1105.16</ele>
				<time>2026-09-10T15:04:10.865Z</time>
			</trkpt>
			<trkpt lat="38.4658" lon="-2.46069">
				<ele>1109.3</ele>
				<time>2026-09-10T15:04:15.059Z</time>
			</trkpt>
			<trkpt lat="38.46591" lon="-2.46053">
				<ele>1110.14</ele>
				<time>2026-09-10T15:04:16.027Z</time>
			</trkpt>
			<trkpt lat="38.46604" lon="-2.4603">
				<ele>1112.25</ele>
				<time>2026-09-10T15:04:17.318Z</time>
			</trkpt>
			<trkpt lat="38.46613" lon="-2.46007">
				<ele>1114.3</ele>
				<time>2026-09-10T15:04:18.489Z</time>
			</trkpt>
			<trkpt lat="38.46621" lon="-2.45981">
				<ele>1117.3</ele>
				<time>2026-09-10T15:04:19.763Z</time>
			</trkpt>
			<trkpt lat="38.46636" lon="-2.45908">
				<ele>1124.46</ele>
				<time>2026-09-10T15:04:23.209Z</time>
			</trkpt>
			<trkpt lat="38.46648" lon="-2.45875">
				<ele>1126.7</ele>
				<time>2026-09-10T15:04:24.873Z</time>
			</trkpt>
			<trkpt lat="38.46658" lon="-2.4586">
				<ele>1127.09</ele>
				<time>2026-09-10T15:04:25.775Z</time>
			</trkpt>
			<trkpt lat="38.46671" lon="-2.45845">
				<ele>1127.79</ele>
				<time>2026-09-10T15:04:26.800Z</time>
			</trkpt>
			<trkpt lat="38.46735" lon="-2.45787">
				<ele>1134.14</ele>
				<time>2026-09-10T15:04:31.401Z</time>
			</trkpt>
			<trkpt lat="38.46743" lon="-2.45777">
				<ele>1134.82</ele>
				<time>2026-09-10T15:04:32.059Z</time>
			</trkpt>
			<trkpt lat="38.46749" lon="-2.45766">
				<ele>1135.44</ele>
				<time>2026-09-10T15:04:32.676Z</time>
			</trkpt>
			<trkpt lat="38.46753" lon="-2.45754">
				<ele>1136.28</ele>
				<time>2026-09-10T15:04:33.276Z</time>
			</trkpt>
			<trkpt lat="38.46768" lon="-2.4569">
				<ele>1141.25</ele>
				<time>2026-09-10T15:04:36.356Z</time>
			</trkpt>
			<trkpt lat="38.46773" lon="-2.45672">
				<ele>1141.95</ele>
				<time>2026-09-10T15:04:37.238Z</time>
			</trkpt>
			<trkpt lat="38.46835" lon="-2.45541">
				<ele>1142.63</ele>
				<time>2026-09-10T15:04:44.325Z</time>
			</trkpt>
			<trkpt lat="38.46887" lon="-2.45418">
				<ele>1134.41</ele>
				<time>2026-09-10T15:04:50.832Z</time>
			</trkpt>
			<trkpt lat="38.46941" lon="-2.45347">
				<ele>1130.34</ele>
				<time>2026-09-10T15:04:55.459Z</time>
			</trkpt>
			<trkpt lat="38.46955" lon="-2.45321">
				<ele>1129.7</ele>
				<time>2026-09-10T15:04:56.938Z</time>
			</trkpt>
			<trkpt lat="38.46967" lon="-2.4529">
				<ele>1128.06</ele>
				<time>2026-09-10T15:04:58.560Z</time>
			</trkpt>
			<trkpt lat="38.4698" lon="-2.45244">
				<ele>1126.07</ele>
				<time>2026-09-10T15:05:00.858Z</time>
			</trkpt>
			<trkpt lat="38.46994" lon="-2.45191">
				<ele>1125.76</ele>
				<time>2026-09-10T15:05:03.492Z</time>
			</trkpt>
			<trkpt lat="38.47031" lon="-2.45033">
				<ele>1117.84</ele>
				<time>2026-09-10T15:05:11.292Z</time>
			</trkpt>
			<trkpt lat="38.47039" lon="-2.4501">
				<ele>1116.78</ele>
				<time>2026-09-10T15:05:12.486Z</time>
			</trkpt>
			<trkpt lat="38.47106" lon="-2.44857">
				<ele>1111.13</ele>
				<time>2026-09-10T15:05:20.842Z</time>
			</trkpt>
			<trkpt lat="38.47156" lon="-2.44764">
				<ele>1106.27</ele>
				<time>2026-09-10T15:05:26.251Z</time>
			</trkpt>
			<trkpt lat="38.47183" lon="-2.44718">
				<ele>1103.03</ele>
				<time>2026-09-10T15:05:29.018Z</time>
			</trkpt>
			<trkpt lat="38.4723" lon="-2.44663">
				<ele>1100.48</ele>
				<time>2026-09-10T15:05:32.947Z</time>
			</trkpt>
			<trkpt lat="38.47251" lon="-2.44645">
				<ele>1100.1</ele>
				<time>2026-09-10T15:05:34.510Z</time>
			</trkpt>
			<trkpt lat="38.47268" lon="-2.44636">
				<ele>1098.5</ele>
				<time>2026-09-10T15:05:35.648Z</time>
			</trkpt>
			<trkpt lat="38.47288" lon="-2.4463">
				<ele>1097.55</ele>
				<time>2026-09-10T15:05:36.921Z</time>
			</trkpt>
			<trkpt lat="38.4733" lon="-2.44627">
				<ele>1094.91</ele>
				<time>2026-09-10T15:05:39.530Z</time>
			</trkpt>
			<trkpt lat="38.47356" lon="-2.44627">
				<ele>1092.78</ele>
				<time>2026-09-10T15:05:41.147Z</time>
			</trkpt>
			<trkpt lat="38.47417" lon="-2.44641">
				<ele>1095.37</ele>
				<time>2026-09-10T15:05:45.009Z</time>
			</trkpt>
			<trkpt lat="38.47434" lon="-2.4464">
				<ele>1097.02</ele>
				<time>2026-09-10T15:05:46.072Z</time>
			</trkpt>
			<trkpt lat="38.47486" lon="-2.44618">
				<ele>1092.75</ele>
				<time>2026-09-10T15:05:49.500Z</time>
			</trkpt>
			<trkpt lat="38.47521" lon="-2.446">
				<ele>1087.46</ele>
				<time>2026-09-10T15:05:51.868Z</time>
			</trkpt>
			<trkpt lat="38.47587" lon="-2.44569">
				<ele>1075.41</ele>
				<time>2026-09-10T15:05:56.295Z</time>
			</trkpt>
			<trkpt lat="38.47601" lon="-2.44559">
				<ele>1071.31</ele>
				<time>2026-09-10T15:05:57.307Z</time>
			</trkpt>
			<trkpt lat="38.47611" lon="-2.44549">
				<ele>1068.08</ele>
				<time>2026-09-10T15:05:58.110Z</time>
			</trkpt>
			<trkpt lat="38.47624" lon="-2.44525">
				<ele>1062.87</ele>
				<time>2026-09-10T15:05:59.554Z</time>
			</trkpt>
			<trkpt lat="38.47629" lon="-2.44509">
				<ele>1062.61</ele>
				<time>2026-09-10T15:06:00.408Z</time>
			</trkpt>
			<trkpt lat="38.47632" lon="-2.44486">
				<ele>1064.4</ele>
				<time>2026-09-10T15:06:01.565Z</time>
			</trkpt>
			<trkpt lat="38.47629" lon="-2.44419">
				<ele>1069.86</ele>
				<time>2026-09-10T15:06:04.901Z</time>
			</trkpt>
			<trkpt lat="38.4763" lon="-2.44394">
				<ele>1068.81</ele>
				<time>2026-09-10T15:06:06.148Z</time>
			</trkpt>
			<trkpt lat="38.47634" lon="-2.44377">
				<ele>1067.47</ele>
				<time>2026-09-10T15:06:07.033Z</time>
			</trkpt>
			<trkpt lat="38.477" lon="-2.44201">
				<ele>1058.87</ele>
				<time>2026-09-10T15:06:16.815Z</time>
			</trkpt>
			<trkpt lat="38.47742" lon="-2.44066">
				<ele>1056.35</ele>
				<time>2026-09-10T15:06:24.157Z</time>
			</trkpt>
			<trkpt lat="38.47751" lon="-2.44024">
				<ele>1057.11</ele>
				<time>2026-09-10T15:06:26.369Z</time>
			</trkpt>
			<trkpt lat="38.4777" lon="-2.43891">
				<ele>1054.39</ele>
				<time>2026-09-10T15:06:33.264Z</time>
			</trkpt>
			<trkpt lat="38.47776" lon="-2.43853">
				<ele>1053.47</ele>
				<time>2026-09-10T15:06:35.250Z</time>
			</trkpt>
			<trkpt lat="38.47784" lon="-2.43823">
				<ele>1051.15</ele>
				<time>2026-09-10T15:06:36.877Z</time>
			</trkpt>
			<trkpt lat="38.47807" lon="-2.43778">
				<ele>1049.14</ele>
				<time>2026-09-10T15:06:39.641Z</time>
			</trkpt>
			<trkpt lat="38.47856" lon="-2.4371">
				<ele>1043.98</ele>
				<time>2026-09-10T15:06:44.413Z</time>
			</trkpt>
			<trkpt lat="38.47869" lon="-2.43688">
				<ele>1045.92</ele>
				<time>2026-09-10T15:06:45.840Z</time>
			</trkpt>
			<trkpt lat="38.47888" lon="-2.43645">
				<ele>1048.02</ele>
				<time>2026-09-10T15:06:48.402Z</time>
			</trkpt>
			<trkpt lat="38.47931" lon="-2.43521">
				<ele>1043.8</ele>
				<time>2026-09-10T15:06:55.474Z</time>
			</trkpt>
			<trkpt lat="38.47947" lon="-2.43484">
				<ele>1040.79</ele>
				<time>2026-09-10T15:06:57.689Z</time>
			</trkpt>
			<trkpt lat="38.47955" lon="-2.43467">
				<ele>1040.28</ele>
				<time>2026-09-10T15:06:58.730Z</time>
			</trkpt>
			<trkpt lat="38.48014" lon="-2.43379">
				<ele>1040.43</ele>
				<time>2026-09-10T15:07:04.832Z</time>
			</trkpt>
			<trkpt lat="38.48023" lon="-2.43361">
				<ele>1038.83</ele>
				<time>2026-09-10T15:07:05.961Z</time>
			</trkpt>
			<trkpt lat="38.48035" lon="-2.43328">
				<ele>1036.64</ele>
				<time>2026-09-10T15:07:07.887Z</time>
			</trkpt>
			<trkpt lat="38.48038" lon="-2.43311">
				<ele>1035.66</ele>
				<time>2026-09-10T15:07:08.811Z</time>
			</trkpt>
			<trkpt lat="38.4804" lon="-2.43271">
				<ele>1035.14</ele>
				<time>2026-09-10T15:07:10.940Z</time>
			</trkpt>
			<trkpt lat="38.48036" lon="-2.43204">
				<ele>1033.92</ele>
				<time>2026-09-10T15:07:14.519Z</time>
			</trkpt>
			<trkpt lat="38.48037" lon="-2.43179">
				<ele>1034.05</ele>
				<time>2026-09-10T15:07:15.855Z</time>
			</trkpt>
			<trkpt lat="38.48042" lon="-2.43154">
				<ele>1033.39</ele>
				<time>2026-09-10T15:07:17.235Z</time>
			</trkpt>
			<trkpt lat="38.48061" lon="-2.43107">
				<ele>1028.59</ele>
				<time>2026-09-10T15:07:20.069Z</time>
			</trkpt>
			<trkpt lat="38.48221" lon="-2.42841">
				<ele>1022.53</ele>
				<time>2026-09-10T15:07:38.241Z</time>
			</trkpt>
			<trkpt lat="38.48229" lon="-2.42823">
				<ele>1023</ele>
				<time>2026-09-10T15:07:39.373Z</time>
			</trkpt>
			<trkpt lat="38.48235" lon="-2.42799">
				<ele>1024.92</ele>
				<time>2026-09-10T15:07:40.753Z</time>
			</trkpt>
			<trkpt lat="38.48237" lon="-2.42769">
				<ele>1027.1</ele>
				<time>2026-09-10T15:07:42.405Z</time>
			</trkpt>
			<trkpt lat="38.48231" lon="-2.4271">
				<ele>1026.07</ele>
				<time>2026-09-10T15:07:45.678Z</time>
			</trkpt>
			<trkpt lat="38.48231" lon="-2.42692">
				<ele>1025.96</ele>
				<time>2026-09-10T15:07:46.671Z</time>
			</trkpt>
			<trkpt lat="38.4824" lon="-2.42655">
				<ele>1026.01</ele>
				<time>2026-09-10T15:07:48.811Z</time>
			</trkpt>
			<trkpt lat="38.48248" lon="-2.42639">
				<ele>1025.83</ele>
				<time>2026-09-10T15:07:49.861Z</time>
			</trkpt>
			<trkpt lat="38.48258" lon="-2.42623">
				<ele>1027</ele>
				<time>2026-09-10T15:07:50.995Z</time>
			</trkpt>
			<trkpt lat="38.48417" lon="-2.42442">
				<ele>1017.15</ele>
				<time>2026-09-10T15:08:06.191Z</time>
			</trkpt>
			<trkpt lat="38.48429" lon="-2.42425">
				<ele>1018.55</ele>
				<time>2026-09-10T15:08:07.480Z</time>
			</trkpt>
			<trkpt lat="38.48438" lon="-2.42404">
				<ele>1021.1</ele>
				<time>2026-09-10T15:08:08.831Z</time>
			</trkpt>
			<trkpt lat="38.4844" lon="-2.42394">
				<ele>1022.61</ele>
				<time>2026-09-10T15:08:09.414Z</time>
			</trkpt>
			<trkpt lat="38.4844" lon="-2.42372">
				<ele>1025.45</ele>
				<time>2026-09-10T15:08:10.657Z</time>
			</trkpt>
			<trkpt lat="38.48436" lon="-2.42356">
				<ele>1027.03</ele>
				<time>2026-09-10T15:08:11.608Z</time>
			</trkpt>
			<trkpt lat="38.48431" lon="-2.42342">
				<ele>1027.62</ele>
				<time>2026-09-10T15:08:12.480Z</time>
			</trkpt>
			<trkpt lat="38.48414" lon="-2.42315">
				<ele>1024.44</ele>
				<time>2026-09-10T15:08:14.445Z</time>
			</trkpt>
			<trkpt lat="38.48404" lon="-2.42308">
				<ele>1023.09</ele>
				<time>2026-09-10T15:08:15.273Z</time>
			</trkpt>
			<trkpt lat="38.48349" lon="-2.42281">
				<ele>1016.55</ele>
				<time>2026-09-10T15:08:19.561Z</time>
			</trkpt>
			<trkpt lat="38.48325" lon="-2.42262">
				<ele>1014.18</ele>
				<time>2026-09-10T15:08:21.623Z</time>
			</trkpt>
			<trkpt lat="38.48304" lon="-2.42241">
				<ele>1011.97</ele>
				<time>2026-09-10T15:08:23.574Z</time>
			</trkpt>
			<trkpt lat="38.48228" lon="-2.42154">
				<ele>1012.54</ele>
				<time>2026-09-10T15:08:31.078Z</time>
			</trkpt>
			<trkpt lat="38.48218" lon="-2.42137">
				<ele>1010.64</ele>
				<time>2026-09-10T15:08:32.308Z</time>
			</trkpt>
			<trkpt lat="38.4821" lon="-2.42116">
				<ele>1010.3</ele>
				<time>2026-09-10T15:08:33.660Z</time>
			</trkpt>
			<trkpt lat="38.48206" lon="-2.42096">
				<ele>1009.6</ele>
				<time>2026-09-10T15:08:34.857Z</time>
			</trkpt>
			<trkpt lat="38.48206" lon="-2.42079">
				<ele>1009.25</ele>
				<time>2026-09-10T15:08:35.844Z</time>
			</trkpt>
			<trkpt lat="38.48209" lon="-2.42061">
				<ele>1008.58</ele>
				<time>2026-09-10T15:08:36.914Z</time>
			</trkpt>
			<trkpt lat="38.48215" lon="-2.42042">
				<ele>1009.58</ele>
				<time>2026-09-10T15:08:38.106Z</time>
			</trkpt>
			<trkpt lat="38.48246" lon="-2.41994">
				<ele>1012.14</ele>
				<time>2026-09-10T15:08:41.735Z</time>
			</trkpt>
			<trkpt lat="38.48253" lon="-2.41974">
				<ele>1009.62</ele>
				<time>2026-09-10T15:08:43.016Z</time>
			</trkpt>
			<trkpt lat="38.48258" lon="-2.41941">
				<ele>1004.61</ele>
				<time>2026-09-10T15:08:44.985Z</time>
			</trkpt>
			<trkpt lat="38.48263" lon="-2.41923">
				<ele>1003.38</ele>
				<time>2026-09-10T15:08:46.106Z</time>
			</trkpt>
			<trkpt lat="38.48272" lon="-2.41907">
				<ele>1003.91</ele>
				<time>2026-09-10T15:08:47.263Z</time>
			</trkpt>
			<trkpt lat="38.48282" lon="-2.41893">
				<ele>1005.25</ele>
				<time>2026-09-10T15:08:48.378Z</time>
			</trkpt>
			<trkpt lat="38.48287" lon="-2.4188">
				<ele>1005.06</ele>
				<time>2026-09-10T15:08:49.231Z</time>
			</trkpt>
			<trkpt lat="38.48289" lon="-2.41862">
				<ele>1003.39</ele>
				<time>2026-09-10T15:08:50.302Z</time>
			</trkpt>
			<trkpt lat="38.48281" lon="-2.41783">
				<ele>994.48</ele>
				<time>2026-09-10T15:08:55.011Z</time>
			</trkpt>
			<trkpt lat="38.48284" lon="-2.41765">
				<ele>994.51</ele>
				<time>2026-09-10T15:08:56.102Z</time>
			</trkpt>
			<trkpt lat="38.48312" lon="-2.4169">
				<ele>999.64</ele>
				<time>2026-09-10T15:09:01.045Z</time>
			</trkpt>
			<trkpt lat="38.48312" lon="-2.41677">
				<ele>999.04</ele>
				<time>2026-09-10T15:09:01.820Z</time>
			</trkpt>
			<trkpt lat="38.48307" lon="-2.41663">
				<ele>997.2</ele>
				<time>2026-09-10T15:09:02.739Z</time>
			</trkpt>
			<trkpt lat="38.48265" lon="-2.41617">
				<ele>994.6</ele>
				<time>2026-09-10T15:09:06.970Z</time>
			</trkpt>
			<trkpt lat="38.48259" lon="-2.41608">
				<ele>994.22</ele>
				<time>2026-09-10T15:09:07.680Z</time>
			</trkpt>
			<trkpt lat="38.48251" lon="-2.41592">
				<ele>993.04</ele>
				<time>2026-09-10T15:09:08.821Z</time>
			</trkpt>
			<trkpt lat="38.48247" lon="-2.41575">
				<ele>991.28</ele>
				<time>2026-09-10T15:09:09.889Z</time>
			</trkpt>
			<trkpt lat="38.48247" lon="-2.41553">
				<ele>988.78</ele>
				<time>2026-09-10T15:09:11.214Z</time>
			</trkpt>
			<trkpt lat="38.48257" lon="-2.41528">
				<ele>989.09</ele>
				<time>2026-09-10T15:09:12.907Z</time>
			</trkpt>
			<trkpt lat="38.48274" lon="-2.41494">
				<ele>993.48</ele>
				<time>2026-09-10T15:09:15.346Z</time>
			</trkpt>
			<trkpt lat="38.48279" lon="-2.41477">
				<ele>994.05</ele>
				<time>2026-09-10T15:09:16.446Z</time>
			</trkpt>
			<trkpt lat="38.48281" lon="-2.41458">
				<ele>992.72</ele>
				<time>2026-09-10T15:09:17.609Z</time>
			</trkpt>
			<trkpt lat="38.48274" lon="-2.41348">
				<ele>985.6</ele>
				<time>2026-09-10T15:09:24.328Z</time>
			</trkpt>
			<trkpt lat="38.48277" lon="-2.4131">
				<ele>985.31</ele>
				<time>2026-09-10T15:09:26.665Z</time>
			</trkpt>
			<trkpt lat="38.48282" lon="-2.41289">
				<ele>982.3</ele>
				<time>2026-09-10T15:09:28.010Z</time>
			</trkpt>
			<trkpt lat="38.48288" lon="-2.41275">
				<ele>981.23</ele>
				<time>2026-09-10T15:09:28.989Z</time>
			</trkpt>
			<trkpt lat="38.48315" lon="-2.41231">
				<ele>981.84</ele>
				<time>2026-09-10T15:09:32.428Z</time>
			</trkpt>
			<trkpt lat="38.48332" lon="-2.41199">
				<ele>978.9</ele>
				<time>2026-09-10T15:09:34.814Z</time>
			</trkpt>
			<trkpt lat="38.48346" lon="-2.41165">
				<ele>976.41</ele>
				<time>2026-09-10T15:09:37.190Z</time>
			</trkpt>
			<trkpt lat="38.48364" lon="-2.41108">
				<ele>974.93</ele>
				<time>2026-09-10T15:09:41.003Z</time>
			</trkpt>
			<trkpt lat="38.48388" lon="-2.40992">
				<ele>971.55</ele>
				<time>2026-09-10T15:09:48.491Z</time>
			</trkpt>
			<trkpt lat="38.48395" lon="-2.4097">
				<ele>972.26</ele>
				<time>2026-09-10T15:09:49.979Z</time>
			</trkpt>
			<trkpt lat="38.48415" lon="-2.40938">
				<ele>972.03</ele>
				<time>2026-09-10T15:09:52.552Z</time>
			</trkpt>
			<trkpt lat="38.4843" lon="-2.40922">
				<ele>972.11</ele>
				<time>2026-09-10T15:09:54.124Z</time>
			</trkpt>
			<trkpt lat="38.48452" lon="-2.40907">
				<ele>970.81</ele>
				<time>2026-09-10T15:09:56.133Z</time>
			</trkpt>
			<trkpt lat="38.48469" lon="-2.40901">
				<ele>970.28</ele>
				<time>2026-09-10T15:09:57.557Z</time>
			</trkpt>
			<trkpt lat="38.485" lon="-2.40894">
				<ele>969.8</ele>
				<time>2026-09-10T15:10:00.103Z</time>
			</trkpt>
			<trkpt lat="38.48541" lon="-2.40879">
				<ele>965.5</ele>
				<time>2026-09-10T15:10:03.564Z</time>
			</trkpt>
			<trkpt lat="38.48597" lon="-2.4085">
				<ele>960.31</ele>
				<time>2026-09-10T15:10:08.487Z</time>
			</trkpt>
			<trkpt lat="38.48613" lon="-2.40843">
				<ele>957.71</ele>
				<time>2026-09-10T15:10:09.870Z</time>
			</trkpt>
			<trkpt lat="38.48635" lon="-2.40837">
				<ele>956.38</ele>
				<time>2026-09-10T15:10:11.712Z</time>
			</trkpt>
			<trkpt lat="38.48655" lon="-2.40835">
				<ele>955.46</ele>
				<time>2026-09-10T15:10:13.357Z</time>
			</trkpt>
			<trkpt lat="38.48693" lon="-2.40844">
				<ele>953.79</ele>
				<time>2026-09-10T15:10:16.535Z</time>
			</trkpt>
			<trkpt lat="38.4875" lon="-2.40865">
				<ele>953.07</ele>
				<time>2026-09-10T15:10:21.434Z</time>
			</trkpt>
			<trkpt lat="38.48807" lon="-2.4089">
				<ele>948.07</ele>
				<time>2026-09-10T15:10:26.435Z</time>
			</trkpt>
			<trkpt lat="38.48865" lon="-2.40925">
				<ele>949.59</ele>
				<time>2026-09-10T15:10:31.786Z</time>
			</trkpt>
			<trkpt lat="38.48896" lon="-2.40953">
				<ele>948.33</ele>
				<time>2026-09-10T15:10:34.966Z</time>
			</trkpt>
			<trkpt lat="38.4892" lon="-2.40977">
				<ele>945.29</ele>
				<time>2026-09-10T15:10:37.527Z</time>
			</trkpt>
			<trkpt lat="38.48944" lon="-2.41006">
				<ele>945.37</ele>
				<time>2026-09-10T15:10:40.310Z</time>
			</trkpt>
			<trkpt lat="38.49005" lon="-2.41091">
				<ele>945.32</ele>
				<time>2026-09-10T15:10:47.955Z</time>
			</trkpt>
			<trkpt lat="38.49083" lon="-2.41204">
				<ele>944.35</ele>
				<time>2026-09-10T15:10:58.031Z</time>
			</trkpt>
			<trkpt lat="38.49104" lon="-2.41229">
				<ele>946.75</ele>
				<time>2026-09-10T15:11:00.499Z</time>
			</trkpt>
			<trkpt lat="38.49122" lon="-2.41242">
				<ele>945.96</ele>
				<time>2026-09-10T15:11:02.281Z</time>
			</trkpt>
			<trkpt lat="38.49138" lon="-2.41251">
				<ele>944.1</ele>
				<time>2026-09-10T15:11:03.789Z</time>
			</trkpt>
			<trkpt lat="38.49155" lon="-2.41256">
				<ele>942.78</ele>
				<time>2026-09-10T15:11:05.297Z</time>
			</trkpt>
			<trkpt lat="38.49173" lon="-2.41258">
				<ele>941.47</ele>
				<time>2026-09-10T15:11:06.861Z</time>
			</trkpt>
			<trkpt lat="38.4919" lon="-2.41256">
				<ele>940.28</ele>
				<time>2026-09-10T15:11:08.341Z</time>
			</trkpt>
			<trkpt lat="38.49203" lon="-2.41252">
				<ele>939.37</ele>
				<time>2026-09-10T15:11:09.502Z</time>
			</trkpt>
			<trkpt lat="38.49226" lon="-2.41242">
				<ele>938.04</ele>
				<time>2026-09-10T15:11:11.614Z</time>
			</trkpt>
			<trkpt lat="38.4933" lon="-2.41174">
				<ele>940.92</ele>
				<time>2026-09-10T15:11:21.834Z</time>
			</trkpt>
			<trkpt lat="38.49333" lon="-2.4117">
				<ele>940.96</ele>
				<time>2026-09-10T15:11:22.215Z</time>
			</trkpt>
			<trkpt lat="38.49336" lon="-2.41162">
				<ele>940.6</ele>
				<time>2026-09-10T15:11:22.826Z</time>
			</trkpt>
			<trkpt lat="38.49336" lon="-2.41158">
				<ele>940.48</ele>
				<time>2026-09-10T15:11:23.102Z</time>
			</trkpt>
			<trkpt lat="38.49328" lon="-2.41136">
				<ele>939.97</ele>
				<time>2026-09-10T15:11:24.774Z</time>
			</trkpt>
			<trkpt lat="38.49327" lon="-2.41127">
				<ele>939.9</ele>
				<time>2026-09-10T15:11:25.402Z</time>
			</trkpt>
			<trkpt lat="38.4928" lon="-2.41012">
				<ele>937.53</ele>
				<time>2026-09-10T15:11:34.400Z</time>
			</trkpt>
			<trkpt lat="38.49063" lon="-2.40451">
				<ele>934.4</ele>
				<time>2026-09-10T15:12:18.094Z</time>
			</trkpt>
			<trkpt lat="38.48984" lon="-2.40251">
				<ele>930.6</ele>
				<time>2026-09-10T15:12:33.133Z</time>
			</trkpt>
			<trkpt lat="38.48965" lon="-2.40196">
				<ele>929.96</ele>
				<time>2026-09-10T15:12:37.695Z</time>
			</trkpt>
			<trkpt lat="38.48956" lon="-2.40158">
				<ele>930.31</ele>
				<time>2026-09-10T15:12:40.894Z</time>
			</trkpt>
			<trkpt lat="38.48875" lon="-2.40225">
				<ele>928.95</ele>
				<time>2026-09-10T15:12:51.985Z</time>
			</trkpt>
		</trkseg>
	</trk>
</gpx>