<?xml version="1.0" encoding="UTF-8"?>
<gpx version="1.1" creator="Kurviger" xmlns="http://www.topografix.com/GPX/1/1" xmlns:xsi="http://www.w3.org/2001/XMLSchema-instance" xsi:schemaLocation="http://www.topografix.com/GPX/1/1 http://www.topografix.com/GPX/1/1/gpx.xsd http://www.garmin.com/xmlschemas/GpxExtensions/v3 http://www.garmin.com/xmlschemas/GpxExtensionsv3.xsd http://www.garmin.com/xmlschemas/TripExtensions/v1 http://www.garmin.com/xmlschemas/TripExtensionsv1.xsd" xmlns:gpxx="http://www.garmin.com/xmlschemas/GpxExtensions/v3" xmlns:trp="http://www.garmin.com/xmlschemas/TripExtensions/v1">
	<metadata>
		<name>Dia 5 Albarracín - Camping Los Álamos, Alcalá de la Selva</name>
		<copyright author="OpenStreetMap contributors"/>
		<link href="https://kurviger.com">
			<text>Kurviger.com GPX</text>
		</link>
		<time>2026-09-10T07:34:31.174Z</time>
	</metadata>
	<rte>
		<name>Dia 5 Albarracín - Camping Los Álamos, Alcalá de la Selva</name>
		<extensions>
			<trp:Trip>
				<trp:TransportationMode>Motorcycling</trp:TransportationMode>
			</trp:Trip>
		</extensions>
		<rtept lat="40.40856" lon="-1.44482">
			<name>Start</name>
			<sym>Flag, Green</sym>
			<type>start</type>
			<extensions>
				<trp:ViaPoint>
					<trp:CalculationMode>Adventurous</trp:CalculationMode>
				</trp:ViaPoint>
			</extensions>
		</rtept>
		<rtept lat="40.43053" lon="-1.57419">
			<name>Via Point 1</name>
			<sym>Flag, Blue</sym>
			<type>via</type>
			<extensions>
				<trp:ViaPoint>
					<trp:CalculationMode>Adventurous</trp:CalculationMode>
				</trp:ViaPoint>
			</extensions>
		</rtept>
		<rtept lat="40.45895" lon="-1.5979">
			<name>Via Point 2</name>
			<sym>Flag, Blue</sym>
			<type>via</type>
			<extensions>
				<trp:ViaPoint>
					<trp:CalculationMode>Adventurous</trp:CalculationMode>
				</trp:ViaPoint>
			</extensions>
		</rtept>
		<rtept lat="40.50893" lon="-1.58866">
			<name>Via Point 3</name>
			<sym>Flag, Blue</sym>
			<type>via</type>
			<extensions>
				<trp:ViaPoint>
					<trp:CalculationMode>Adventurous</trp:CalculationMode>
				</trp:ViaPoint>
			</extensions>
		</rtept>
		<rtept lat="40.55084" lon="-1.6504">
			<name>Via Point 4</name>
			<sym>Flag, Blue</sym>
			<type>via</type>
			<extensions>
				<trp:ViaPoint>
					<trp:CalculationMode>Adventurous</trp:CalculationMode>
				</trp:ViaPoint>
			</extensions>
		</rtept>
		<rtept lat="40.54895" lon="-1.65515">
			<name>Additional Waypoint</name>
			<sym>Waypoint</sym>
			<type>shaping</type>
			<extensions>
				<trp:ShapingPoint/>
			</extensions>
		</rtept>
		<rtept lat="40.45895" lon="-1.5979">
			<name>Via Point 5</name>
			<sym>Flag, Blue</sym>
			<type>via</type>
			<extensions>
				<trp:ViaPoint>
					<trp:CalculationMode>Adventurous</trp:CalculationMode>
				</trp:ViaPoint>
			</extensions>
		</rtept>
		<rtept lat="40.43053" lon="-1.57419">
			<name>Via Point 6</name>
			<sym>Flag, Blue</sym>
			<type>via</type>
			<extensions>
				<trp:ViaPoint>
					<trp:CalculationMode>Adventurous</trp:CalculationMode>
				</trp:ViaPoint>
			</extensions>
		</rtept>
		<rtept lat="40.42753" lon="-1.53173">
			<name>Via Point 7</name>
			<sym>Flag, Blue</sym>
			<type>via</type>
			<extensions>
				<trp:ViaPoint>
					<trp:CalculationMode>Adventurous</trp:CalculationMode>
				</trp:ViaPoint>
			</extensions>
		</rtept>
		<rtept lat="40.40748" lon="-1.44488">
			<name>Via Point 8</name>
			<sym>Flag, Blue</sym>
			<type>via</type>
			<extensions>
				<trp:ViaPoint>
					<trp:CalculationMode>Adventurous</trp:CalculationMode>
				</trp:ViaPoint>
			</extensions>
		</rtept>
		<rtept lat="40.3353" lon="-1.36406">
			<name>Via Point 9</name>
			<sym>Flag, Blue</sym>
			<type>via</type>
			<extensions>
				<trp:ViaPoint>
					<trp:CalculationMode>Adventurous</trp:CalculationMode>
				</trp:ViaPoint>
			</extensions>
		</rtept>
		<rtept lat="40.33069" lon="-1.32451">
			<name>Via Point 10</name>
			<sym>Flag, Blue</sym>
			<type>via</type>
			<extensions>
				<trp:ViaPoint>
					<trp:CalculationMode>Adventurous</trp:CalculationMode>
				</trp:ViaPoint>
			</extensions>
		</rtept>
		<rtept lat="40.31809" lon="-1.23537">
			<name>Via Point 11</name>
			<sym>Flag, Blue</sym>
			<type>via</type>
			<extensions>
				<trp:ViaPoint>
					<trp:CalculationMode>Adventurous</trp:CalculationMode>
				</trp:ViaPoint>
			</extensions>
		</rtept>
		<rtept lat="40.35829" lon="-1.1769">
			<name>Via Point 12</name>
			<sym>Flag, Blue</sym>
			<type>via</type>
			<extensions>
				<trp:ViaPoint>
					<trp:CalculationMode>Adventurous</trp:CalculationMode>
				</trp:ViaPoint>
			</extensions>
		</rtept>
		<rtept lat="40.34376" lon="-1.10809">
			<name>Via Point 13</name>
			<sym>Flag, Blue</sym>
			<type>via</type>
			<extensions>
				<trp:ViaPoint>
					<trp:CalculationMode>Adventurous</trp:CalculationMode>
				</trp:ViaPoint>
			</extensions>
		</rtept>
		<rtept lat="40.43609" lon="-0.85286">
			<name>Via Point 14</name>
			<sym>Flag, Blue</sym>
			<type>via</type>
			<extensions>
				<trp:ViaPoint>
					<trp:CalculationMode>Adventurous</trp:CalculationMode>
				</trp:ViaPoint>
			</extensions>
		</rtept>
		<rtept lat="40.37186" lon="-0.71986">
			<name>Via Point 15</name>
			<sym>Flag, Blue</sym>
			<type>via</type>
			<extensions>
				<trp:ViaPoint>
					<trp:CalculationMode>Adventurous</trp:CalculationMode>
				</trp:ViaPoint>
			</extensions>
		</rtept>
		<rtept lat="40.36386" lon="-0.69312">
			<name>Destination</name>
			<sym>Flag, Red</sym>
			<type>destination</type>
			<extensions>
				<trp:ViaPoint/>
			</extensions>
		</rtept>
	</rte>
	<trk>
		<name>Dia 5 Albarracín - Camping Los Álamos, Alcalá de la Selva</name>
		<trkseg>
			<trkpt lat="40.40856" lon="-1.44482">
				<ele>1166.97</ele>
				<time>2026-09-10T07:34:30.823Z</time>
			</trkpt>
			<trkpt lat="40.40865" lon="-1.44507">
				<ele>1164.31</ele>
				<time>2026-09-10T07:34:39.586Z</time>
			</trkpt>
			<trkpt lat="40.40874" lon="-1.44523">
				<ele>1165.56</ele>
				<time>2026-09-10T07:34:46.202Z</time>
			</trkpt>
			<trkpt lat="40.40875" lon="-1.4453">
				<ele>1164.91</ele>
				<time>2026-09-10T07:34:48.625Z</time>
			</trkpt>
			<trkpt lat="40.40866" lon="-1.44554">
				<ele>1158.86</ele>
				<time>2026-09-10T07:34:57.939Z</time>
			</trkpt>
			<trkpt lat="40.40867" lon="-1.4457">
				<ele>1158.85</ele>
				<time>2026-09-10T07:35:03.660Z</time>
			</trkpt>
			<trkpt lat="40.40864" lon="-1.44592">
				<ele>1155.54</ele>
				<time>2026-09-10T07:35:11.742Z</time>
			</trkpt>
			<trkpt lat="40.40866" lon="-1.44609">
				<ele>1154.74</ele>
				<time>2026-09-10T07:35:18.021Z</time>
			</trkpt>
			<trkpt lat="40.40872" lon="-1.4463">
				<ele>1156.45</ele>
				<time>2026-09-10T07:35:26.238Z</time>
			</trkpt>
			<trkpt lat="40.40872" lon="-1.44644">
				<ele>1156.68</ele>
				<time>2026-09-10T07:35:31.361Z</time>
			</trkpt>
			<trkpt lat="40.40843" lon="-1.44723">
				<ele>1156.62</ele>
				<time>2026-09-10T07:36:02.375Z</time>
			</trkpt>
			<trkpt lat="40.40836" lon="-1.44735">
				<ele>1158.06</ele>
				<time>2026-09-10T07:36:07.376Z</time>
			</trkpt>
			<trkpt lat="40.4083" lon="-1.44738">
				<ele>1157.21</ele>
				<time>2026-09-10T07:36:10.102Z</time>
			</trkpt>
			<trkpt lat="40.40825" lon="-1.44738">
				<ele>1155.76</ele>
				<time>2026-09-10T07:36:12.192Z</time>
			</trkpt>
			<trkpt lat="40.40822" lon="-1.44735">
				<ele>1153.78</ele>
				<time>2026-09-10T07:36:13.747Z</time>
			</trkpt>
			<trkpt lat="40.4082" lon="-1.4473">
				<ele>1151.78</ele>
				<time>2026-09-10T07:36:15.498Z</time>
			</trkpt>
			<trkpt lat="40.40823" lon="-1.44721">
				<ele>1149.8</ele>
				<time>2026-09-10T07:36:18.483Z</time>
			</trkpt>
			<trkpt lat="40.40834" lon="-1.4471">
				<ele>1150.39</ele>
				<time>2026-09-10T07:36:23.786Z</time>
			</trkpt>
			<trkpt lat="40.40835" lon="-1.44703">
				<ele>1148.74</ele>
				<time>2026-09-10T07:36:25.785Z</time>
			</trkpt>
			<trkpt lat="40.40832" lon="-1.44698">
				<ele>1146.56</ele>
				<time>2026-09-10T07:36:27.530Z</time>
			</trkpt>
			<trkpt lat="40.40827" lon="-1.447">
				<ele>1146.08</ele>
				<time>2026-09-10T07:36:29.366Z</time>
			</trkpt>
			<trkpt lat="40.40813" lon="-1.44717">
				<ele>1146.21</ele>
				<time>2026-09-10T07:36:35.639Z</time>
			</trkpt>
			<trkpt lat="40.40764" lon="-1.44745">
				<ele>1146.58</ele>
				<time>2026-09-10T07:36:49.073Z</time>
			</trkpt>
			<trkpt lat="40.40759" lon="-1.44745">
				<ele>1146.44</ele>
				<time>2026-09-10T07:36:49.972Z</time>
			</trkpt>
			<trkpt lat="40.40755" lon="-1.44743">
				<ele>1145.74</ele>
				<time>2026-09-10T07:36:50.689Z</time>
			</trkpt>
			<trkpt lat="40.40752" lon="-1.44735">
				<ele>1143.79</ele>
				<time>2026-09-10T07:36:51.723Z</time>
			</trkpt>
			<trkpt lat="40.40702" lon="-1.44757">
				<ele>1155.4</ele>
				<time>2026-09-10T07:36:58.663Z</time>
			</trkpt>
			<trkpt lat="40.40683" lon="-1.44774">
				<ele>1153.22</ele>
				<time>2026-09-10T07:37:01.658Z</time>
			</trkpt>
			<trkpt lat="40.40672" lon="-1.4479">
				<ele>1151.06</ele>
				<time>2026-09-10T07:37:03.788Z</time>
			</trkpt>
			<trkpt lat="40.40654" lon="-1.4482">
				<ele>1149.11</ele>
				<time>2026-09-10T07:37:07.545Z</time>
			</trkpt>
			<trkpt lat="40.40637" lon="-1.44839">
				<ele>1147.09</ele>
				<time>2026-09-10T07:37:10.414Z</time>
			</trkpt>
			<trkpt lat="40.40616" lon="-1.44855">
				<ele>1151.09</ele>
				<time>2026-09-10T07:37:13.520Z</time>
			</trkpt>
			<trkpt lat="40.40549" lon="-1.449">
				<ele>1206.69</ele>
				<time>2026-09-10T07:37:23.052Z</time>
			</trkpt>
			<trkpt lat="40.4045" lon="-1.45002">
				<ele>1208.69</ele>
				<time>2026-09-10T07:37:38.675Z</time>
			</trkpt>
			<trkpt lat="40.40444" lon="-1.45013">
				<ele>1206.27</ele>
				<time>2026-09-10T07:37:39.937Z</time>
			</trkpt>
			<trkpt lat="40.40438" lon="-1.45029">
				<ele>1201.03</ele>
				<time>2026-09-10T07:37:41.596Z</time>
			</trkpt>
			<trkpt lat="40.40436" lon="-1.45037">
				<ele>1196.82</ele>
				<time>2026-09-10T07:37:42.378Z</time>
			</trkpt>
			<trkpt lat="40.40435" lon="-1.45054">
				<ele>1188.58</ele>
				<time>2026-09-10T07:37:43.958Z</time>
			</trkpt>
			<trkpt lat="40.40438" lon="-1.45073">
				<ele>1181.75</ele>
				<time>2026-09-10T07:37:45.751Z</time>
			</trkpt>
			<trkpt lat="40.40449" lon="-1.45106">
				<ele>1174.12</ele>
				<time>2026-09-10T07:37:49.066Z</time>
			</trkpt>
			<trkpt lat="40.40453" lon="-1.45124">
				<ele>1170.4</ele>
				<time>2026-09-10T07:37:50.784Z</time>
			</trkpt>
			<trkpt lat="40.40453" lon="-1.45155">
				<ele>1163.72</ele>
				<time>2026-09-10T07:37:53.614Z</time>
			</trkpt>
			<trkpt lat="40.4045" lon="-1.45178">
				<ele>1158.81</ele>
				<time>2026-09-10T07:37:55.735Z</time>
			</trkpt>
			<trkpt lat="40.4044" lon="-1.4521">
				<ele>1156.47</ele>
				<time>2026-09-10T07:37:58.865Z</time>
			</trkpt>
			<trkpt lat="40.40431" lon="-1.45223">
				<ele>1157.17</ele>
				<time>2026-09-10T07:38:00.449Z</time>
			</trkpt>
			<trkpt lat="40.40425" lon="-1.45228">
				<ele>1157.92</ele>
				<time>2026-09-10T07:38:01.288Z</time>
			</trkpt>
			<trkpt lat="40.40414" lon="-1.45235">
				<ele>1159.94</ele>
				<time>2026-09-10T07:38:02.729Z</time>
			</trkpt>
			<trkpt lat="40.40403" lon="-1.45238">
				<ele>1165.52</ele>
				<time>2026-09-10T07:38:04.050Z</time>
			</trkpt>
			<trkpt lat="40.40395" lon="-1.45238">
				<ele>1168.3</ele>
				<time>2026-09-10T07:38:04.989Z</time>
			</trkpt>
			<trkpt lat="40.40367" lon="-1.45232">
				<ele>1176.5</ele>
				<time>2026-09-10T07:38:08.307Z</time>
			</trkpt>
			<trkpt lat="40.40347" lon="-1.45219">
				<ele>1181.68</ele>
				<time>2026-09-10T07:38:10.903Z</time>
			</trkpt>
			<trkpt lat="40.40341" lon="-1.45214">
				<ele>1182.93</ele>
				<time>2026-09-10T07:38:11.727Z</time>
			</trkpt>
			<trkpt lat="40.40332" lon="-1.45201">
				<ele>1181.75</ele>
				<time>2026-09-10T07:38:13.276Z</time>
			</trkpt>
			<trkpt lat="40.40321" lon="-1.45172">
				<ele>1173.94</ele>
				<time>2026-09-10T07:38:16.120Z</time>
			</trkpt>
			<trkpt lat="40.40317" lon="-1.45132">
				<ele>1157.4</ele>
				<time>2026-09-10T07:38:19.642Z</time>
			</trkpt>
			<trkpt lat="40.40308" lon="-1.45094">
				<ele>1152.76</ele>
				<time>2026-09-10T07:38:23.094Z</time>
			</trkpt>
			<trkpt lat="40.40304" lon="-1.4508">
				<ele>1151.75</ele>
				<time>2026-09-10T07:38:24.386Z</time>
			</trkpt>
			<trkpt lat="40.40278" lon="-1.45031">
				<ele>1151.61</ele>
				<time>2026-09-10T07:38:29.515Z</time>
			</trkpt>
			<trkpt lat="40.4027" lon="-1.45019">
				<ele>1154.95</ele>
				<time>2026-09-10T07:38:30.876Z</time>
			</trkpt>
			<trkpt lat="40.40241" lon="-1.44992">
				<ele>1166.82</ele>
				<time>2026-09-10T07:38:34.842Z</time>
			</trkpt>
			<trkpt lat="40.4023" lon="-1.44987">
				<ele>1171.08</ele>
				<time>2026-09-10T07:38:36.134Z</time>
			</trkpt>
			<trkpt lat="40.40218" lon="-1.44986">
				<ele>1172.24</ele>
				<time>2026-09-10T07:38:37.465Z</time>
			</trkpt>
			<trkpt lat="40.40208" lon="-1.4499">
				<ele>1169.55</ele>
				<time>2026-09-10T07:38:38.620Z</time>
			</trkpt>
			<trkpt lat="40.40193" lon="-1.45006">
				<ele>1167.73</ele>
				<time>2026-09-10T07:38:40.748Z</time>
			</trkpt>
			<trkpt lat="40.40167" lon="-1.4504">
				<ele>1175.11</ele>
				<time>2026-09-10T07:38:44.766Z</time>
			</trkpt>
			<trkpt lat="40.40129" lon="-1.45082">
				<ele>1182.31</ele>
				<time>2026-09-10T07:38:50.156Z</time>
			</trkpt>
			<trkpt lat="40.40117" lon="-1.45088">
				<ele>1184.26</ele>
				<time>2026-09-10T07:38:51.540Z</time>
			</trkpt>
			<trkpt lat="40.40063" lon="-1.45093">
				<ele>1175.32</ele>
				<time>2026-09-10T07:38:57.335Z</time>
			</trkpt>
			<trkpt lat="40.40049" lon="-1.45091">
				<ele>1168.74</ele>
				<time>2026-09-10T07:38:58.832Z</time>
			</trkpt>
			<trkpt lat="40.40017" lon="-1.45076">
				<ele>1156.81</ele>
				<time>2026-09-10T07:39:02.426Z</time>
			</trkpt>
			<trkpt lat="40.40003" lon="-1.45074">
				<ele>1155.61</ele>
				<time>2026-09-10T07:39:03.907Z</time>
			</trkpt>
			<trkpt lat="40.39994" lon="-1.45076">
				<ele>1155.31</ele>
				<time>2026-09-10T07:39:04.865Z</time>
			</trkpt>
			<trkpt lat="40.39985" lon="-1.45082">
				<ele>1154.16</ele>
				<time>2026-09-10T07:39:05.923Z</time>
			</trkpt>
			<trkpt lat="40.39975" lon="-1.45095">
				<ele>1152.54</ele>
				<time>2026-09-10T07:39:07.393Z</time>
			</trkpt>
			<trkpt lat="40.39971" lon="-1.45112">
				<ele>1150.99</ele>
				<time>2026-09-10T07:39:08.805Z</time>
			</trkpt>
			<trkpt lat="40.39971" lon="-1.45129">
				<ele>1149.18</ele>
				<time>2026-09-10T07:39:10.150Z</time>
			</trkpt>
			<trkpt lat="40.39977" lon="-1.45143">
				<ele>1148.53</ele>
				<time>2026-09-10T07:39:11.417Z</time>
			</trkpt>
			<trkpt lat="40.39992" lon="-1.45165">
				<ele>1150.34</ele>
				<time>2026-09-10T07:39:13.739Z</time>
			</trkpt>
			<trkpt lat="40.40067" lon="-1.45245">
				<ele>1150.14</ele>
				<time>2026-09-10T07:39:23.589Z</time>
			</trkpt>
			<trkpt lat="40.40077" lon="-1.45257">
				<ele>1148.56</ele>
				<time>2026-09-10T07:39:24.954Z</time>
			</trkpt>
			<trkpt lat="40.40082" lon="-1.45272">
				<ele>1146.19</ele>
				<time>2026-09-10T07:39:26.206Z</time>
			</trkpt>
			<trkpt lat="40.40084" lon="-1.45285">
				<ele>1145.11</ele>
				<time>2026-09-10T07:39:27.219Z</time>
			</trkpt>
			<trkpt lat="40.40083" lon="-1.45293">
				<ele>1145</ele>
				<time>2026-09-10T07:39:27.836Z</time>
			</trkpt>
			<trkpt lat="40.40077" lon="-1.45312">
				<ele>1145.62</ele>
				<time>2026-09-10T07:39:29.400Z</time>
			</trkpt>
			<trkpt lat="40.4006" lon="-1.45338">
				<ele>1146.92</ele>
				<time>2026-09-10T07:39:31.993Z</time>
			</trkpt>
			<trkpt lat="40.40018" lon="-1.45376">
				<ele>1150.3</ele>
				<time>2026-09-10T07:39:37.020Z</time>
			</trkpt>
			<trkpt lat="40.40007" lon="-1.4539">
				<ele>1150.02</ele>
				<time>2026-09-10T07:39:38.519Z</time>
			</trkpt>
			<trkpt lat="40.4" lon="-1.45402">
				<ele>1150.03</ele>
				<time>2026-09-10T07:39:39.643Z</time>
			</trkpt>
			<trkpt lat="40.39996" lon="-1.45417">
				<ele>1149.99</ele>
				<time>2026-09-10T07:39:40.821Z</time>
			</trkpt>
			<trkpt lat="40.39996" lon="-1.45434">
				<ele>1149.32</ele>
				<time>2026-09-10T07:39:42.077Z</time>
			</trkpt>
			<trkpt lat="40.39998" lon="-1.45461">
				<ele>1148.37</ele>
				<time>2026-09-10T07:39:44.075Z</time>
			</trkpt>
			<trkpt lat="40.40004" lon="-1.4548">
				<ele>1149.08</ele>
				<time>2026-09-10T07:39:45.584Z</time>
			</trkpt>
			<trkpt lat="40.40019" lon="-1.45513">
				<ele>1152.64</ele>
				<time>2026-09-10T07:39:48.390Z</time>
			</trkpt>
			<trkpt lat="40.40033" lon="-1.45536">
				<ele>1155.06</ele>
				<time>2026-09-10T07:39:50.528Z</time>
			</trkpt>
			<trkpt lat="40.40096" lon="-1.45615">
				<ele>1164.32</ele>
				<time>2026-09-10T07:39:58.735Z</time>
			</trkpt>
			<trkpt lat="40.40102" lon="-1.45628">
				<ele>1164.95</ele>
				<time>2026-09-10T07:39:59.814Z</time>
			</trkpt>
			<trkpt lat="40.40105" lon="-1.45644">
				<ele>1163.55</ele>
				<time>2026-09-10T07:40:00.981Z</time>
			</trkpt>
			<trkpt lat="40.40108" lon="-1.45708">
				<ele>1153.16</ele>
				<time>2026-09-10T07:40:05.490Z</time>
			</trkpt>
			<trkpt lat="40.40105" lon="-1.45748">
				<ele>1151.7</ele>
				<time>2026-09-10T07:40:08.292Z</time>
			</trkpt>
			<trkpt lat="40.40097" lon="-1.45782">
				<ele>1151.85</ele>
				<time>2026-09-10T07:40:10.758Z</time>
			</trkpt>
			<trkpt lat="40.40078" lon="-1.45842">
				<ele>1157.62</ele>
				<time>2026-09-10T07:40:15.222Z</time>
			</trkpt>
			<trkpt lat="40.39984" lon="-1.45963">
				<ele>1163.34</ele>
				<time>2026-09-10T07:40:26.863Z</time>
			</trkpt>
			<trkpt lat="40.3997" lon="-1.45976">
				<ele>1162.19</ele>
				<time>2026-09-10T07:40:28.354Z</time>
			</trkpt>
			<trkpt lat="40.39892" lon="-1.46031">
				<ele>1155.17</ele>
				<time>2026-09-10T07:40:35.967Z</time>
			</trkpt>
			<trkpt lat="40.39884" lon="-1.4604">
				<ele>1154.88</ele>
				<time>2026-09-10T07:40:36.863Z</time>
			</trkpt>
			<trkpt lat="40.39876" lon="-1.46051">
				<ele>1154.81</ele>
				<time>2026-09-10T07:40:37.846Z</time>
			</trkpt>
			<trkpt lat="40.3987" lon="-1.46065">
				<ele>1155</ele>
				<time>2026-09-10T07:40:38.881Z</time>
			</trkpt>
			<trkpt lat="40.39866" lon="-1.46081">
				<ele>1155.43</ele>
				<time>2026-09-10T07:40:39.963Z</time>
			</trkpt>
			<trkpt lat="40.3985" lon="-1.46209">
				<ele>1155.09</ele>
				<time>2026-09-10T07:40:48.195Z</time>
			</trkpt>
			<trkpt lat="40.39842" lon="-1.46241">
				<ele>1153.73</ele>
				<time>2026-09-10T07:40:50.302Z</time>
			</trkpt>
			<trkpt lat="40.39835" lon="-1.46266">
				<ele>1152.89</ele>
				<time>2026-09-10T07:40:51.961Z</time>
			</trkpt>
			<trkpt lat="40.39824" lon="-1.46289">
				<ele>1153.41</ele>
				<time>2026-09-10T07:40:53.644Z</time>
			</trkpt>
			<trkpt lat="40.39741" lon="-1.46424">
				<ele>1157.95</ele>
				<time>2026-09-10T07:41:04.215Z</time>
			</trkpt>
			<trkpt lat="40.39572" lon="-1.46712">
				<ele>1154.11</ele>
				<time>2026-09-10T07:41:25.371Z</time>
			</trkpt>
			<trkpt lat="40.39539" lon="-1.46776">
				<ele>1156.85</ele>
				<time>2026-09-10T07:41:29.699Z</time>
			</trkpt>
			<trkpt lat="40.39518" lon="-1.46824">
				<ele>1155.25</ele>
				<time>2026-09-10T07:41:32.764Z</time>
			</trkpt>
			<trkpt lat="40.39496" lon="-1.46885">
				<ele>1158.92</ele>
				<time>2026-09-10T07:41:36.461Z</time>
			</trkpt>
			<trkpt lat="40.39466" lon="-1.46979">
				<ele>1159.79</ele>
				<time>2026-09-10T07:41:41.962Z</time>
			</trkpt>
			<trkpt lat="40.39457" lon="-1.47021">
				<ele>1157.96</ele>
				<time>2026-09-10T07:41:44.287Z</time>
			</trkpt>
			<trkpt lat="40.39446" lon="-1.47122">
				<ele>1168.17</ele>
				<time>2026-09-10T07:41:49.656Z</time>
			</trkpt>
			<trkpt lat="40.39438" lon="-1.4716">
				<ele>1172.6</ele>
				<time>2026-09-10T07:41:51.705Z</time>
			</trkpt>
			<trkpt lat="40.39428" lon="-1.47198">
				<ele>1177.56</ele>
				<time>2026-09-10T07:41:53.780Z</time>
			</trkpt>
			<trkpt lat="40.39412" lon="-1.47243">
				<ele>1170.54</ele>
				<time>2026-09-10T07:41:56.323Z</time>
			</trkpt>
			<trkpt lat="40.394" lon="-1.47288">
				<ele>1164.21</ele>
				<time>2026-09-10T07:41:58.744Z</time>
			</trkpt>
			<trkpt lat="40.39384" lon="-1.47365">
				<ele>1164.16</ele>
				<time>2026-09-10T07:42:02.751Z</time>
			</trkpt>
			<trkpt lat="40.39375" lon="-1.47421">
				<ele>1162.44</ele>
				<time>2026-09-10T07:42:05.591Z</time>
			</trkpt>
			<trkpt lat="40.39374" lon="-1.47453">
				<ele>1161.27</ele>
				<time>2026-09-10T07:42:07.167Z</time>
			</trkpt>
			<trkpt lat="40.39381" lon="-1.47518">
				<ele>1158.64</ele>
				<time>2026-09-10T07:42:10.371Z</time>
			</trkpt>
			<trkpt lat="40.3939" lon="-1.47564">
				<ele>1157.69</ele>
				<time>2026-09-10T07:42:12.666Z</time>
			</trkpt>
			<trkpt lat="40.394" lon="-1.47601">
				<ele>1159.98</ele>
				<time>2026-09-10T07:42:14.549Z</time>
			</trkpt>
			<trkpt lat="40.39415" lon="-1.47646">
				<ele>1162.01</ele>
				<time>2026-09-10T07:42:16.887Z</time>
			</trkpt>
			<trkpt lat="40.39428" lon="-1.47677">
				<ele>1162.37</ele>
				<time>2026-09-10T07:42:18.558Z</time>
			</trkpt>
			<trkpt lat="40.3944" lon="-1.47701">
				<ele>1160.56</ele>
				<time>2026-09-10T07:42:19.907Z</time>
			</trkpt>
			<trkpt lat="40.39457" lon="-1.47726">
				<ele>1159.19</ele>
				<time>2026-09-10T07:42:21.472Z</time>
			</trkpt>
			<trkpt lat="40.39477" lon="-1.4775">
				<ele>1159.83</ele>
				<time>2026-09-10T07:42:23.124Z</time>
			</trkpt>
			<trkpt lat="40.39516" lon="-1.47781">
				<ele>1160.21</ele>
				<time>2026-09-10T07:42:25.881Z</time>
			</trkpt>
			<trkpt lat="40.39538" lon="-1.47793">
				<ele>1159.62</ele>
				<time>2026-09-10T07:42:27.310Z</time>
			</trkpt>
			<trkpt lat="40.39561" lon="-1.47801">
				<ele>1157.86</ele>
				<time>2026-09-10T07:42:28.729Z</time>
			</trkpt>
			<trkpt lat="40.39586" lon="-1.47807">
				<ele>1161.51</ele>
				<time>2026-09-10T07:42:30.236Z</time>
			</trkpt>
			<trkpt lat="40.39633" lon="-1.47805">
				<ele>1166.99</ele>
				<time>2026-09-10T07:42:33.002Z</time>
			</trkpt>
			<trkpt lat="40.3968" lon="-1.47796">
				<ele>1166.5</ele>
				<time>2026-09-10T07:42:35.766Z</time>
			</trkpt>
			<trkpt lat="40.39702" lon="-1.47794">
				<ele>1168.57</ele>
				<time>2026-09-10T07:42:37.039Z</time>
			</trkpt>
			<trkpt lat="40.39719" lon="-1.47795">
				<ele>1170.75</ele>
				<time>2026-09-10T07:42:38.017Z</time>
			</trkpt>
			<trkpt lat="40.39742" lon="-1.47803">
				<ele>1171.83</ele>
				<time>2026-09-10T07:42:39.378Z</time>
			</trkpt>
			<trkpt lat="40.39764" lon="-1.47816">
				<ele>1171.65</ele>
				<time>2026-09-10T07:42:40.750Z</time>
			</trkpt>
			<trkpt lat="40.39784" lon="-1.47831">
				<ele>1169.41</ele>
				<time>2026-09-10T07:42:42.054Z</time>
			</trkpt>
			<trkpt lat="40.39797" lon="-1.47846">
				<ele>1168.18</ele>
				<time>2026-09-10T07:42:43.028Z</time>
			</trkpt>
			<trkpt lat="40.39808" lon="-1.47865">
				<ele>1166.97</ele>
				<time>2026-09-10T07:42:44.048Z</time>
			</trkpt>
			<trkpt lat="40.39833" lon="-1.47932">
				<ele>1170.54</ele>
				<time>2026-09-10T07:42:47.208Z</time>
			</trkpt>
			<trkpt lat="40.39842" lon="-1.47969">
				<ele>1169.76</ele>
				<time>2026-09-10T07:42:48.837Z</time>
			</trkpt>
			<trkpt lat="40.39846" lon="-1.48006">
				<ele>1167.46</ele>
				<time>2026-09-10T07:42:50.394Z</time>
			</trkpt>
			<trkpt lat="40.39846" lon="-1.48043">
				<ele>1167.27</ele>
				<time>2026-09-10T07:42:51.925Z</time>
			</trkpt>
			<trkpt lat="40.39843" lon="-1.48074">
				<ele>1167.27</ele>
				<time>2026-09-10T07:42:53.211Z</time>
			</trkpt>
			<trkpt lat="40.39831" lon="-1.48158">
				<ele>1161.76</ele>
				<time>2026-09-10T07:42:56.692Z</time>
			</trkpt>
			<trkpt lat="40.39819" lon="-1.48222">
				<ele>1161.51</ele>
				<time>2026-09-10T07:42:59.342Z</time>
			</trkpt>
			<trkpt lat="40.39797" lon="-1.4833">
				<ele>1164.22</ele>
				<time>2026-09-10T07:43:03.769Z</time>
			</trkpt>
			<trkpt lat="40.39773" lon="-1.48477">
				<ele>1165.92</ele>
				<time>2026-09-10T07:43:09.591Z</time>
			</trkpt>
			<trkpt lat="40.39766" lon="-1.48508">
				<ele>1169.29</ele>
				<time>2026-09-10T07:43:10.823Z</time>
			</trkpt>
			<trkpt lat="40.39752" lon="-1.48536">
				<ele>1171.08</ele>
				<time>2026-09-10T07:43:12.093Z</time>
			</trkpt>
			<trkpt lat="40.39712" lon="-1.48587">
				<ele>1170.43</ele>
				<time>2026-09-10T07:43:14.844Z</time>
			</trkpt>
			<trkpt lat="40.39677" lon="-1.48637">
				<ele>1174.34</ele>
				<time>2026-09-10T07:43:17.365Z</time>
			</trkpt>
			<trkpt lat="40.39633" lon="-1.48678">
				<ele>1177.25</ele>
				<time>2026-09-10T07:43:19.965Z</time>
			</trkpt>
			<trkpt lat="40.39625" lon="-1.4869">
				<ele>1177.11</ele>
				<time>2026-09-10T07:43:20.546Z</time>
			</trkpt>
			<trkpt lat="40.39621" lon="-1.48699">
				<ele>1177.14</ele>
				<time>2026-09-10T07:43:20.925Z</time>
			</trkpt>
			<trkpt lat="40.3962" lon="-1.48712">
				<ele>1177.78</ele>
				<time>2026-09-10T07:43:21.399Z</time>
			</trkpt>
			<trkpt lat="40.39623" lon="-1.48729">
				<ele>1179.23</ele>
				<time>2026-09-10T07:43:22.030Z</time>
			</trkpt>
			<trkpt lat="40.39632" lon="-1.48761">
				<ele>1182.17</ele>
				<time>2026-09-10T07:43:23.260Z</time>
			</trkpt>
			<trkpt lat="40.39651" lon="-1.48819">
				<ele>1182.64</ele>
				<time>2026-09-10T07:43:25.517Z</time>
			</trkpt>
			<trkpt lat="40.39654" lon="-1.48841">
				<ele>1182.2</ele>
				<time>2026-09-10T07:43:26.310Z</time>
			</trkpt>
			<trkpt lat="40.39657" lon="-1.48886">
				<ele>1183.48</ele>
				<time>2026-09-10T07:43:27.904Z</time>
			</trkpt>
			<trkpt lat="40.39657" lon="-1.48933">
				<ele>1187.95</ele>
				<time>2026-09-10T07:43:29.551Z</time>
			</trkpt>
			<trkpt lat="40.39652" lon="-1.48966">
				<ele>1190.42</ele>
				<time>2026-09-10T07:43:30.722Z</time>
			</trkpt>
			<trkpt lat="40.39645" lon="-1.48993">
				<ele>1191.84</ele>
				<time>2026-09-10T07:43:31.710Z</time>
			</trkpt>
			<trkpt lat="40.39632" lon="-1.49023">
				<ele>1192.63</ele>
				<time>2026-09-10T07:43:32.899Z</time>
			</trkpt>
			<trkpt lat="40.39584" lon="-1.49117">
				<ele>1194.05</ele>
				<time>2026-09-10T07:43:36.752Z</time>
			</trkpt>
			<trkpt lat="40.39569" lon="-1.49152">
				<ele>1191.94</ele>
				<time>2026-09-10T07:43:38.102Z</time>
			</trkpt>
			<trkpt lat="40.39551" lon="-1.49204">
				<ele>1193.17</ele>
				<time>2026-09-10T07:43:40.009Z</time>
			</trkpt>
			<trkpt lat="40.39545" lon="-1.4923">
				<ele>1194.96</ele>
				<time>2026-09-10T07:43:40.909Z</time>
			</trkpt>
			<trkpt lat="40.39541" lon="-1.49256">
				<ele>1196.31</ele>
				<time>2026-09-10T07:43:41.785Z</time>
			</trkpt>
			<trkpt lat="40.3954" lon="-1.49281">
				<ele>1197.21</ele>
				<time>2026-09-10T07:43:42.608Z</time>
			</trkpt>
			<trkpt lat="40.39543" lon="-1.49313">
				<ele>1198.71</ele>
				<time>2026-09-10T07:43:43.663Z</time>
			</trkpt>
			<trkpt lat="40.39547" lon="-1.49337">
				<ele>1200.79</ele>
				<time>2026-09-10T07:43:44.464Z</time>
			</trkpt>
			<trkpt lat="40.39554" lon="-1.49359">
				<ele>1202.68</ele>
				<time>2026-09-10T07:43:45.238Z</time>
			</trkpt>
			<trkpt lat="40.39575" lon="-1.49411">
				<ele>1204.7</ele>
				<time>2026-09-10T07:43:47.136Z</time>
			</trkpt>
			<trkpt lat="40.39586" lon="-1.49433">
				<ele>1202.46</ele>
				<time>2026-09-10T07:43:47.980Z</time>
			</trkpt>
			<trkpt lat="40.39629" lon="-1.49492">
				<ele>1200.14</ele>
				<time>2026-09-10T07:43:50.576Z</time>
			</trkpt>
			<trkpt lat="40.39646" lon="-1.4953">
				<ele>1200.78</ele>
				<time>2026-09-10T07:43:51.963Z</time>
			</trkpt>
			<trkpt lat="40.39655" lon="-1.49555">
				<ele>1201.68</ele>
				<time>2026-09-10T07:43:52.829Z</time>
			</trkpt>
			<trkpt lat="40.39664" lon="-1.4959">
				<ele>1200.52</ele>
				<time>2026-09-10T07:43:53.980Z</time>
			</trkpt>
			<trkpt lat="40.39673" lon="-1.49636">
				<ele>1194.4</ele>
				<time>2026-09-10T07:43:55.451Z</time>
			</trkpt>
			<trkpt lat="40.39682" lon="-1.49665">
				<ele>1192.28</ele>
				<time>2026-09-10T07:43:56.416Z</time>
			</trkpt>
			<trkpt lat="40.39695" lon="-1.49676">
				<ele>1192.34</ele>
				<time>2026-09-10T07:43:57.039Z</time>
			</trkpt>
			<trkpt lat="40.39705" lon="-1.4968">
				<ele>1191.49</ele>
				<time>2026-09-10T07:43:57.459Z</time>
			</trkpt>
			<trkpt lat="40.39717" lon="-1.49679">
				<ele>1191.53</ele>
				<time>2026-09-10T07:43:57.941Z</time>
			</trkpt>
			<trkpt lat="40.39764" lon="-1.49669">
				<ele>1195.52</ele>
				<time>2026-09-10T07:43:59.839Z</time>
			</trkpt>
			<trkpt lat="40.39793" lon="-1.4967">
				<ele>1194.1</ele>
				<time>2026-09-10T07:44:00.987Z</time>
			</trkpt>
			<trkpt lat="40.39814" lon="-1.49673">
				<ele>1193.33</ele>
				<time>2026-09-10T07:44:01.820Z</time>
			</trkpt>
			<trkpt lat="40.39855" lon="-1.49679">
				<ele>1192.83</ele>
				<time>2026-09-10T07:44:03.436Z</time>
			</trkpt>
			<trkpt lat="40.39932" lon="-1.49696">
				<ele>1188.77</ele>
				<time>2026-09-10T07:44:06.461Z</time>
			</trkpt>
			<trkpt lat="40.39965" lon="-1.497">
				<ele>1190.3</ele>
				<time>2026-09-10T07:44:07.733Z</time>
			</trkpt>
			<trkpt lat="40.39997" lon="-1.49721">
				<ele>1187.36</ele>
				<time>2026-09-10T07:44:09.097Z</time>
			</trkpt>
			<trkpt lat="40.40012" lon="-1.49728">
				<ele>1186.4</ele>
				<time>2026-09-10T07:44:09.701Z</time>
			</trkpt>
			<trkpt lat="40.40057" lon="-1.4974">
				<ele>1185.81</ele>
				<time>2026-09-10T07:44:11.435Z</time>
			</trkpt>
			<trkpt lat="40.40076" lon="-1.49741">
				<ele>1185.2</ele>
				<time>2026-09-10T07:44:12.149Z</time>
			</trkpt>
			<trkpt lat="40.40093" lon="-1.49738">
				<ele>1183.93</ele>
				<time>2026-09-10T07:44:12.791Z</time>
			</trkpt>
			<trkpt lat="40.40107" lon="-1.49733">
				<ele>1183.03</ele>
				<time>2026-09-10T07:44:13.332Z</time>
			</trkpt>
			<trkpt lat="40.40124" lon="-1.49723">
				<ele>1182.5</ele>
				<time>2026-09-10T07:44:14.026Z</time>
			</trkpt>
			<trkpt lat="40.40136" lon="-1.49714">
				<ele>1182.89</ele>
				<time>2026-09-10T07:44:14.539Z</time>
			</trkpt>
			<trkpt lat="40.40148" lon="-1.497">
				<ele>1185.17</ele>
				<time>2026-09-10T07:44:15.133Z</time>
			</trkpt>
			<trkpt lat="40.40159" lon="-1.49684">
				<ele>1187.94</ele>
				<time>2026-09-10T07:44:15.739Z</time>
			</trkpt>
			<trkpt lat="40.40167" lon="-1.49666">
				<ele>1188.94</ele>
				<time>2026-09-10T07:44:16.324Z</time>
			</trkpt>
			<trkpt lat="40.40189" lon="-1.49616">
				<ele>1189.96</ele>
				<time>2026-09-10T07:44:17.936Z</time>
			</trkpt>
			<trkpt lat="40.40202" lon="-1.49596">
				<ele>1190.01</ele>
				<time>2026-09-10T07:44:18.666Z</time>
			</trkpt>
			<trkpt lat="40.40217" lon="-1.49582">
				<ele>1187.79</ele>
				<time>2026-09-10T07:44:19.335Z</time>
			</trkpt>
			<trkpt lat="40.4023" lon="-1.49574">
				<ele>1186.32</ele>
				<time>2026-09-10T07:44:19.855Z</time>
			</trkpt>
			<trkpt lat="40.40249" lon="-1.49567">
				<ele>1183.54</ele>
				<time>2026-09-10T07:44:20.569Z</time>
			</trkpt>
			<trkpt lat="40.40271" lon="-1.49564">
				<ele>1184.92</ele>
				<time>2026-09-10T07:44:21.366Z</time>
			</trkpt>
			<trkpt lat="40.40293" lon="-1.49566">
				<ele>1187.62</ele>
				<time>2026-09-10T07:44:22.159Z</time>
			</trkpt>
			<trkpt lat="40.40326" lon="-1.49574">
				<ele>1191.49</ele>
				<time>2026-09-10T07:44:23.359Z</time>
			</trkpt>
			<trkpt lat="40.40346" lon="-1.49583">
				<ele>1190.73</ele>
				<time>2026-09-10T07:44:24.112Z</time>
			</trkpt>
			<trkpt lat="40.40386" lon="-1.4961">
				<ele>1188.06</ele>
				<time>2026-09-10T07:44:25.706Z</time>
			</trkpt>
			<trkpt lat="40.40413" lon="-1.49622">
				<ele>1188.93</ele>
				<time>2026-09-10T07:44:26.711Z</time>
			</trkpt>
			<trkpt lat="40.40425" lon="-1.49622">
				<ele>1188.95</ele>
				<time>2026-09-10T07:44:27.133Z</time>
			</trkpt>
			<trkpt lat="40.40468" lon="-1.49616">
				<ele>1186.95</ele>
				<time>2026-09-10T07:44:28.648Z</time>
			</trkpt>
			<trkpt lat="40.40492" lon="-1.49618">
				<ele>1187.66</ele>
				<time>2026-09-10T07:44:29.486Z</time>
			</trkpt>
			<trkpt lat="40.4051" lon="-1.49625">
				<ele>1189.06</ele>
				<time>2026-09-10T07:44:30.138Z</time>
			</trkpt>
			<trkpt lat="40.4053" lon="-1.49638">
				<ele>1190.69</ele>
				<time>2026-09-10T07:44:30.912Z</time>
			</trkpt>
			<trkpt lat="40.40549" lon="-1.49658">
				<ele>1191.48</ele>
				<time>2026-09-10T07:44:31.753Z</time>
			</trkpt>
			<trkpt lat="40.40607" lon="-1.49736">
				<ele>1195.2</ele>
				<time>2026-09-10T07:44:34.601Z</time>
			</trkpt>
			<trkpt lat="40.40622" lon="-1.49753">
				<ele>1196.94</ele>
				<time>2026-09-10T07:44:35.276Z</time>
			</trkpt>
			<trkpt lat="40.40639" lon="-1.49766">
				<ele>1198.4</ele>
				<time>2026-09-10T07:44:35.945Z</time>
			</trkpt>
			<trkpt lat="40.40656" lon="-1.49774">
				<ele>1198.72</ele>
				<time>2026-09-10T07:44:36.557Z</time>
			</trkpt>
			<trkpt lat="40.40672" lon="-1.49779">
				<ele>1198.81</ele>
				<time>2026-09-10T07:44:37.114Z</time>
			</trkpt>
			<trkpt lat="40.40695" lon="-1.4978">
				<ele>1198.43</ele>
				<time>2026-09-10T07:44:37.891Z</time>
			</trkpt>
			<trkpt lat="40.4073" lon="-1.49772">
				<ele>1196.24</ele>
				<time>2026-09-10T07:44:39.087Z</time>
			</trkpt>
			<trkpt lat="40.40817" lon="-1.49745">
				<ele>1194.06</ele>
				<time>2026-09-10T07:44:42.074Z</time>
			</trkpt>
			<trkpt lat="40.40848" lon="-1.49738">
				<ele>1188.85</ele>
				<time>2026-09-10T07:44:43.118Z</time>
			</trkpt>
			<trkpt lat="40.40891" lon="-1.49734">
				<ele>1187.17</ele>
				<time>2026-09-10T07:44:44.543Z</time>
			</trkpt>
			<trkpt lat="40.40924" lon="-1.49734">
				<ele>1187.62</ele>
				<time>2026-09-10T07:44:45.630Z</time>
			</trkpt>
			<trkpt lat="40.4097" lon="-1.49739">
				<ele>1191.02</ele>
				<time>2026-09-10T07:44:47.145Z</time>
			</trkpt>
			<trkpt lat="40.41002" lon="-1.49746">
				<ele>1189.93</ele>
				<time>2026-09-10T07:44:48.206Z</time>
			</trkpt>
			<trkpt lat="40.41024" lon="-1.49756">
				<ele>1190.04</ele>
				<time>2026-09-10T07:44:48.965Z</time>
			</trkpt>
			<trkpt lat="40.41044" lon="-1.49772">
				<ele>1189.15</ele>
				<time>2026-09-10T07:44:49.727Z</time>
			</trkpt>
			<trkpt lat="40.41061" lon="-1.49791">
				<ele>1187.67</ele>
				<time>2026-09-10T07:44:50.452Z</time>
			</trkpt>
			<trkpt lat="40.41079" lon="-1.49822">
				<ele>1186.07</ele>
				<time>2026-09-10T07:44:51.414Z</time>
			</trkpt>
			<trkpt lat="40.41106" lon="-1.49874">
				<ele>1186.95</ele>
				<time>2026-09-10T07:44:52.963Z</time>
			</trkpt>
			<trkpt lat="40.41117" lon="-1.49906">
				<ele>1188.27</ele>
				<time>2026-09-10T07:44:53.824Z</time>
			</trkpt>
			<trkpt lat="40.41132" lon="-1.49964">
				<ele>1189.7</ele>
				<time>2026-09-10T07:44:55.323Z</time>
			</trkpt>
			<trkpt lat="40.41142" lon="-1.50018">
				<ele>1190.76</ele>
				<time>2026-09-10T07:44:56.678Z</time>
			</trkpt>
			<trkpt lat="40.41145" lon="-1.50046">
				<ele>1192.64</ele>
				<time>2026-09-10T07:44:57.366Z</time>
			</trkpt>
			<trkpt lat="40.41146" lon="-1.50082">
				<ele>1194.12</ele>
				<time>2026-09-10T07:44:58.242Z</time>
			</trkpt>
			<trkpt lat="40.41143" lon="-1.5012">
				<ele>1195.3</ele>
				<time>2026-09-10T07:44:59.169Z</time>
			</trkpt>
			<trkpt lat="40.4113" lon="-1.50215">
				<ele>1193.92</ele>
				<time>2026-09-10T07:45:01.504Z</time>
			</trkpt>
			<trkpt lat="40.4112" lon="-1.50321">
				<ele>1193.55</ele>
				<time>2026-09-10T07:45:04.078Z</time>
			</trkpt>
			<trkpt lat="40.41114" lon="-1.50422">
				<ele>1197.16</ele>
				<time>2026-09-10T07:45:06.512Z</time>
			</trkpt>
			<trkpt lat="40.41114" lon="-1.50459">
				<ele>1198.94</ele>
				<time>2026-09-10T07:45:07.399Z</time>
			</trkpt>
			<trkpt lat="40.41115" lon="-1.50484">
				<ele>1198.84</ele>
				<time>2026-09-10T07:45:07.999Z</time>
			</trkpt>
			<trkpt lat="40.41127" lon="-1.50538">
				<ele>1200.19</ele>
				<time>2026-09-10T07:45:09.346Z</time>
			</trkpt>
			<trkpt lat="40.41129" lon="-1.50563">
				<ele>1199.84</ele>
				<time>2026-09-10T07:45:09.948Z</time>
			</trkpt>
			<trkpt lat="40.41128" lon="-1.50596">
				<ele>1199.07</ele>
				<time>2026-09-10T07:45:10.737Z</time>
			</trkpt>
			<trkpt lat="40.41121" lon="-1.50657">
				<ele>1196.79</ele>
				<time>2026-09-10T07:45:12.212Z</time>
			</trkpt>
			<trkpt lat="40.4112" lon="-1.50683">
				<ele>1195.13</ele>
				<time>2026-09-10T07:45:12.833Z</time>
			</trkpt>
			<trkpt lat="40.41123" lon="-1.50699">
				<ele>1194.57</ele>
				<time>2026-09-10T07:45:13.227Z</time>
			</trkpt>
			<trkpt lat="40.41129" lon="-1.50716">
				<ele>1193.55</ele>
				<time>2026-09-10T07:45:13.674Z</time>
			</trkpt>
			<trkpt lat="40.4114" lon="-1.50733">
				<ele>1192.69</ele>
				<time>2026-09-10T07:45:14.207Z</time>
			</trkpt>
			<trkpt lat="40.41151" lon="-1.50745">
				<ele>1191.81</ele>
				<time>2026-09-10T07:45:14.655Z</time>
			</trkpt>
			<trkpt lat="40.41165" lon="-1.50755">
				<ele>1191.62</ele>
				<time>2026-09-10T07:45:15.155Z</time>
			</trkpt>
			<trkpt lat="40.41181" lon="-1.50759">
				<ele>1192.09</ele>
				<time>2026-09-10T07:45:15.666Z</time>
			</trkpt>
			<trkpt lat="40.41198" lon="-1.50761">
				<ele>1192.49</ele>
				<time>2026-09-10T07:45:16.201Z</time>
			</trkpt>
			<trkpt lat="40.41217" lon="-1.50759">
				<ele>1192.77</ele>
				<time>2026-09-10T07:45:16.798Z</time>
			</trkpt>
			<trkpt lat="40.41248" lon="-1.50751">
				<ele>1192.11</ele>
				<time>2026-09-10T07:45:17.788Z</time>
			</trkpt>
			<trkpt lat="40.41268" lon="-1.50748">
				<ele>1192.26</ele>
				<time>2026-09-10T07:45:18.420Z</time>
			</trkpt>
			<trkpt lat="40.41289" lon="-1.50753">
				<ele>1192.88</ele>
				<time>2026-09-10T07:45:19.089Z</time>
			</trkpt>
			<trkpt lat="40.41309" lon="-1.50762">
				<ele>1193.79</ele>
				<time>2026-09-10T07:45:19.752Z</time>
			</trkpt>
			<trkpt lat="40.41337" lon="-1.50787">
				<ele>1193.88</ele>
				<time>2026-09-10T07:45:20.814Z</time>
			</trkpt>
			<trkpt lat="40.41353" lon="-1.5081">
				<ele>1195.44</ele>
				<time>2026-09-10T07:45:21.559Z</time>
			</trkpt>
			<trkpt lat="40.41374" lon="-1.50859">
				<ele>1195.63</ele>
				<time>2026-09-10T07:45:22.903Z</time>
			</trkpt>
			<trkpt lat="40.41388" lon="-1.50882">
				<ele>1194.81</ele>
				<time>2026-09-10T07:45:23.608Z</time>
			</trkpt>
			<trkpt lat="40.41402" lon="-1.50897">
				<ele>1194.38</ele>
				<time>2026-09-10T07:45:24.176Z</time>
			</trkpt>
			<trkpt lat="40.41414" lon="-1.50908">
				<ele>1194.46</ele>
				<time>2026-09-10T07:45:24.636Z</time>
			</trkpt>
			<trkpt lat="40.41433" lon="-1.50918">
				<ele>1195.11</ele>
				<time>2026-09-10T07:45:25.280Z</time>
			</trkpt>
			<trkpt lat="40.41511" lon="-1.50949">
				<ele>1197.69</ele>
				<time>2026-09-10T07:45:27.849Z</time>
			</trkpt>
			<trkpt lat="40.41531" lon="-1.5096">
				<ele>1196.95</ele>
				<time>2026-09-10T07:45:28.534Z</time>
			</trkpt>
			<trkpt lat="40.41551" lon="-1.50976">
				<ele>1196.59</ele>
				<time>2026-09-10T07:45:29.275Z</time>
			</trkpt>
			<trkpt lat="40.41571" lon="-1.50997">
				<ele>1196.42</ele>
				<time>2026-09-10T07:45:30.085Z</time>
			</trkpt>
			<trkpt lat="40.41585" lon="-1.51016">
				<ele>1196.07</ele>
				<time>2026-09-10T07:45:30.723Z</time>
			</trkpt>
			<trkpt lat="40.41648" lon="-1.51124">
				<ele>1197.19</ele>
				<time>2026-09-10T07:45:34.015Z</time>
			</trkpt>
			<trkpt lat="40.41673" lon="-1.51172">
				<ele>1197.39</ele>
				<time>2026-09-10T07:45:35.428Z</time>
			</trkpt>
			<trkpt lat="40.41708" lon="-1.51248">
				<ele>1198.22</ele>
				<time>2026-09-10T07:45:37.594Z</time>
			</trkpt>
			<trkpt lat="40.41737" lon="-1.51281">
				<ele>1200.63</ele>
				<time>2026-09-10T07:45:38.827Z</time>
			</trkpt>
			<trkpt lat="40.41801" lon="-1.51333">
				<ele>1205.43</ele>
				<time>2026-09-10T07:45:41.256Z</time>
			</trkpt>
			<trkpt lat="40.4183" lon="-1.51364">
				<ele>1207.43</ele>
				<time>2026-09-10T07:45:42.469Z</time>
			</trkpt>
			<trkpt lat="40.4205" lon="-1.5161">
				<ele>1205.51</ele>
				<time>2026-09-10T07:45:51.980Z</time>
			</trkpt>
			<trkpt lat="40.42089" lon="-1.51637">
				<ele>1208.75</ele>
				<time>2026-09-10T07:45:53.456Z</time>
			</trkpt>
			<trkpt lat="40.42155" lon="-1.51672">
				<ele>1207.02</ele>
				<time>2026-09-10T07:45:55.856Z</time>
			</trkpt>
			<trkpt lat="40.4219" lon="-1.51698">
				<ele>1206.63</ele>
				<time>2026-09-10T07:45:57.221Z</time>
			</trkpt>
			<trkpt lat="40.42213" lon="-1.51728">
				<ele>1207.76</ele>
				<time>2026-09-10T07:45:58.326Z</time>
			</trkpt>
			<trkpt lat="40.42233" lon="-1.51772">
				<ele>1207.02</ele>
				<time>2026-09-10T07:45:59.662Z</time>
			</trkpt>
			<trkpt lat="40.42255" lon="-1.51841">
				<ele>1208.14</ele>
				<time>2026-09-10T07:46:01.625Z</time>
			</trkpt>
			<trkpt lat="40.42278" lon="-1.51885">
				<ele>1207.64</ele>
				<time>2026-09-10T07:46:03.034Z</time>
			</trkpt>
			<trkpt lat="40.42347" lon="-1.51988">
				<ele>1205.7</ele>
				<time>2026-09-10T07:46:06.694Z</time>
			</trkpt>
			<trkpt lat="40.42365" lon="-1.52027">
				<ele>1205.01</ele>
				<time>2026-09-10T07:46:07.923Z</time>
			</trkpt>
			<trkpt lat="40.42377" lon="-1.52061">
				<ele>1206.17</ele>
				<time>2026-09-10T07:46:08.937Z</time>
			</trkpt>
			<trkpt lat="40.42399" lon="-1.52149">
				<ele>1210.43</ele>
				<time>2026-09-10T07:46:11.463Z</time>
			</trkpt>
			<trkpt lat="40.42436" lon="-1.52319">
				<ele>1209.08</ele>
				<time>2026-09-10T07:46:16.363Z</time>
			</trkpt>
			<trkpt lat="40.42451" lon="-1.52362">
				<ele>1207.71</ele>
				<time>2026-09-10T07:46:17.692Z</time>
			</trkpt>
			<trkpt lat="40.42471" lon="-1.52402">
				<ele>1209.39</ele>
				<time>2026-09-10T07:46:19.044Z</time>
			</trkpt>
			<trkpt lat="40.42477" lon="-1.52411">
				<ele>1210.26</ele>
				<time>2026-09-10T07:46:19.384Z</time>
			</trkpt>
			<trkpt lat="40.42499" lon="-1.52444">
				<ele>1214.92</ele>
				<time>2026-09-10T07:46:20.633Z</time>
			</trkpt>
			<trkpt lat="40.42513" lon="-1.52469">
				<ele>1216.06</ele>
				<time>2026-09-10T07:46:21.521Z</time>
			</trkpt>
			<trkpt lat="40.4253" lon="-1.52503">
				<ele>1216.07</ele>
				<time>2026-09-10T07:46:22.690Z</time>
			</trkpt>
			<trkpt lat="40.4254" lon="-1.52534">
				<ele>1214.61</ele>
				<time>2026-09-10T07:46:23.663Z</time>
			</trkpt>
			<trkpt lat="40.42555" lon="-1.52607">
				<ele>1213.15</ele>
				<time>2026-09-10T07:46:25.864Z</time>
			</trkpt>
			<trkpt lat="40.42576" lon="-1.52706">
				<ele>1213.89</ele>
				<time>2026-09-10T07:46:28.891Z</time>
			</trkpt>
			<trkpt lat="40.42609" lon="-1.5278">
				<ele>1214.99</ele>
				<time>2026-09-10T07:46:31.451Z</time>
			</trkpt>
			<trkpt lat="40.42616" lon="-1.5281">
				<ele>1217.19</ele>
				<time>2026-09-10T07:46:32.395Z</time>
			</trkpt>
			<trkpt lat="40.42623" lon="-1.52919">
				<ele>1215.89</ele>
				<time>2026-09-10T07:46:35.720Z</time>
			</trkpt>
			<trkpt lat="40.42621" lon="-1.52954">
				<ele>1216.36</ele>
				<time>2026-09-10T07:46:36.798Z</time>
			</trkpt>
			<trkpt lat="40.42613" lon="-1.52993">
				<ele>1214.77</ele>
				<time>2026-09-10T07:46:38.046Z</time>
			</trkpt>
			<trkpt lat="40.42612" lon="-1.53024">
				<ele>1215.05</ele>
				<time>2026-09-10T07:46:39.009Z</time>
			</trkpt>
			<trkpt lat="40.42615" lon="-1.53047">
				<ele>1215.93</ele>
				<time>2026-09-10T07:46:39.737Z</time>
			</trkpt>
			<trkpt lat="40.42649" lon="-1.5316">
				<ele>1217.92</ele>
				<time>2026-09-10T07:46:43.567Z</time>
			</trkpt>
			<trkpt lat="40.42655" lon="-1.53192">
				<ele>1219.3</ele>
				<time>2026-09-10T07:46:44.617Z</time>
			</trkpt>
			<trkpt lat="40.42661" lon="-1.53267">
				<ele>1222.29</ele>
				<time>2026-09-10T07:46:47.042Z</time>
			</trkpt>
			<trkpt lat="40.42676" lon="-1.53365">
				<ele>1225.25</ele>
				<time>2026-09-10T07:46:50.300Z</time>
			</trkpt>
			<trkpt lat="40.42679" lon="-1.534">
				<ele>1223.99</ele>
				<time>2026-09-10T07:46:51.460Z</time>
			</trkpt>
			<trkpt lat="40.42674" lon="-1.53476">
				<ele>1220.6</ele>
				<time>2026-09-10T07:46:53.994Z</time>
			</trkpt>
			<trkpt lat="40.4267" lon="-1.53536">
				<ele>1223.73</ele>
				<time>2026-09-10T07:46:56.017Z</time>
			</trkpt>
			<trkpt lat="40.42661" lon="-1.53653">
				<ele>1221.35</ele>
				<time>2026-09-10T07:47:00.023Z</time>
			</trkpt>
			<trkpt lat="40.42662" lon="-1.53705">
				<ele>1223.79</ele>
				<time>2026-09-10T07:47:01.820Z</time>
			</trkpt>
			<trkpt lat="40.42667" lon="-1.53748">
				<ele>1226.07</ele>
				<time>2026-09-10T07:47:03.334Z</time>
			</trkpt>
			<trkpt lat="40.42698" lon="-1.53905">
				<ele>1224.52</ele>
				<time>2026-09-10T07:47:09.075Z</time>
			</trkpt>
			<trkpt lat="40.42748" lon="-1.54246">
				<ele>1225.87</ele>
				<time>2026-09-10T07:47:21.899Z</time>
			</trkpt>
			<trkpt lat="40.42769" lon="-1.54409">
				<ele>1228.08</ele>
				<time>2026-09-10T07:47:28.274Z</time>
			</trkpt>
			<trkpt lat="40.42773" lon="-1.54429">
				<ele>1227.47</ele>
				<time>2026-09-10T07:47:29.084Z</time>
			</trkpt>
			<trkpt lat="40.42779" lon="-1.54444">
				<ele>1227.16</ele>
				<time>2026-09-10T07:47:29.750Z</time>
			</trkpt>
			<trkpt lat="40.42812" lon="-1.54516">
				<ele>1224.88</ele>
				<time>2026-09-10T07:47:33.082Z</time>
			</trkpt>
			<trkpt lat="40.4282" lon="-1.54543">
				<ele>1224.67</ele>
				<time>2026-09-10T07:47:34.241Z</time>
			</trkpt>
			<trkpt lat="40.42856" lon="-1.54712">
				<ele>1222.66</ele>
				<time>2026-09-10T07:47:41.391Z</time>
			</trkpt>
			<trkpt lat="40.42867" lon="-1.54744">
				<ele>1224.47</ele>
				<time>2026-09-10T07:47:42.848Z</time>
			</trkpt>
			<trkpt lat="40.42906" lon="-1.54846">
				<ele>1226.72</ele>
				<time>2026-09-10T07:47:47.646Z</time>
			</trkpt>
			<trkpt lat="40.42916" lon="-1.54884">
				<ele>1226.05</ele>
				<time>2026-09-10T07:47:49.358Z</time>
			</trkpt>
			<trkpt lat="40.42922" lon="-1.54925">
				<ele>1227.44</ele>
				<time>2026-09-10T07:47:51.150Z</time>
			</trkpt>
			<trkpt lat="40.42958" lon="-1.5535">
				<ele>1231.91</ele>
				<time>2026-09-10T07:48:10.268Z</time>
			</trkpt>
			<trkpt lat="40.42967" lon="-1.55475">
				<ele>1232.07</ele>
				<time>2026-09-10T07:48:16.158Z</time>
			</trkpt>
			<trkpt lat="40.42966" lon="-1.55518">
				<ele>1232.64</ele>
				<time>2026-09-10T07:48:18.206Z</time>
			</trkpt>
			<trkpt lat="40.42948" lon="-1.55686">
				<ele>1235.9</ele>
				<time>2026-09-10T07:48:26.436Z</time>
			</trkpt>
			<trkpt lat="40.42947" lon="-1.55721">
				<ele>1236.17</ele>
				<time>2026-09-10T07:48:28.166Z</time>
			</trkpt>
			<trkpt lat="40.42948" lon="-1.56032">
				<ele>1238.09</ele>
				<time>2026-09-10T07:48:43.999Z</time>
			</trkpt>
			<trkpt lat="40.42951" lon="-1.56068">
				<ele>1240.14</ele>
				<time>2026-09-10T07:48:45.900Z</time>
			</trkpt>
			<trkpt lat="40.42955" lon="-1.56097">
				<ele>1241.01</ele>
				<time>2026-09-10T07:48:47.455Z</time>
			</trkpt>
			<trkpt lat="40.42964" lon="-1.56129">
				<ele>1240.36</ele>
				<time>2026-09-10T07:48:49.266Z</time>
			</trkpt>
			<trkpt lat="40.42975" lon="-1.56159">
				<ele>1238.68</ele>
				<time>2026-09-10T07:48:51.043Z</time>
			</trkpt>
			<trkpt lat="40.43038" lon="-1.56289">
				<ele>1244.61</ele>
				<time>2026-09-10T07:48:59.405Z</time>
			</trkpt>
			<trkpt lat="40.4305" lon="-1.56323">
				<ele>1244.21</ele>
				<time>2026-09-10T07:49:01.473Z</time>
			</trkpt>
			<trkpt lat="40.43056" lon="-1.56348">
				<ele>1243.45</ele>
				<time>2026-09-10T07:49:02.927Z</time>
			</trkpt>
			<trkpt lat="40.43061" lon="-1.56399">
				<ele>1243.08</ele>
				<time>2026-09-10T07:49:05.799Z</time>
			</trkpt>
			<trkpt lat="40.43061" lon="-1.56429">
				<ele>1243.42</ele>
				<time>2026-09-10T07:49:07.486Z</time>
			</trkpt>
			<trkpt lat="40.43049" lon="-1.56625">
				<ele>1247.04</ele>
				<time>2026-09-10T07:49:18.765Z</time>
			</trkpt>
			<trkpt lat="40.43047" lon="-1.56683">
				<ele>1247.06</ele>
				<time>2026-09-10T07:49:22.170Z</time>
			</trkpt>
			<trkpt lat="40.43051" lon="-1.56732">
				<ele>1248.71</ele>
				<time>2026-09-10T07:49:25.086Z</time>
			</trkpt>
			<trkpt lat="40.43057" lon="-1.56754">
				<ele>1248.05</ele>
				<time>2026-09-10T07:49:26.478Z</time>
			</trkpt>
			<trkpt lat="40.43064" lon="-1.5677">
				<ele>1247.86</ele>
				<time>2026-09-10T07:49:27.580Z</time>
			</trkpt>
			<trkpt lat="40.43076" lon="-1.5679">
				<ele>1248.34</ele>
				<time>2026-09-10T07:49:29.108Z</time>
			</trkpt>
			<trkpt lat="40.43095" lon="-1.5681">
				<ele>1249.22</ele>
				<time>2026-09-10T07:49:31.036Z</time>
			</trkpt>
			<trkpt lat="40.43113" lon="-1.56823">
				<ele>1250.36</ele>
				<time>2026-09-10T07:49:32.671Z</time>
			</trkpt>
			<trkpt lat="40.43106" lon="-1.56849">
				<ele>1249.19</ele>
				<time>2026-09-10T07:49:34.350Z</time>
			</trkpt>
			<trkpt lat="40.4309" lon="-1.56925">
				<ele>1251.02</ele>
				<time>2026-09-10T07:49:39.063Z</time>
			</trkpt>
			<trkpt lat="40.43044" lon="-1.57153">
				<ele>1255.07</ele>
				<time>2026-09-10T07:49:47.597Z</time>
			</trkpt>
			<trkpt lat="40.43037" lon="-1.57204">
				<ele>1257.13</ele>
				<time>2026-09-10T07:49:49.865Z</time>
			</trkpt>
			<trkpt lat="40.43031" lon="-1.57222">
				<ele>1257.65</ele>
				<time>2026-09-10T07:49:50.905Z</time>
			</trkpt>
			<trkpt lat="40.43028" lon="-1.5724">
				<ele>1257.76</ele>
				<time>2026-09-10T07:49:51.993Z</time>
			</trkpt>
			<trkpt lat="40.43034" lon="-1.57281">
				<ele>1259.53</ele>
				<time>2026-09-10T07:49:54.923Z</time>
			</trkpt>
			<trkpt lat="40.43032" lon="-1.57345">
				<ele>1258.79</ele>
				<time>2026-09-10T07:50:00.955Z</time>
			</trkpt>
			<trkpt lat="40.43046" lon="-1.57406">
				<ele>1260.36</ele>
				<time>2026-09-10T07:50:09.263Z</time>
			</trkpt>
			<trkpt lat="40.43046" lon="-1.57412">
				<ele>1260.37</ele>
				<time>2026-09-10T07:50:10.183Z</time>
			</trkpt>
			<trkpt lat="40.43053" lon="-1.57419">
				<ele>1261.6</ele>
				<time>2026-09-10T07:50:12.026Z</time>
			</trkpt>
			<trkpt lat="40.43065" lon="-1.5744">
				<ele>1262.43</ele>
				<time>2026-09-10T07:50:16.582Z</time>
			</trkpt>
			<trkpt lat="40.43062" lon="-1.57449">
				<ele>1262.3</ele>
				<time>2026-09-10T07:50:18.424Z</time>
			</trkpt>
			<trkpt lat="40.43064" lon="-1.57464">
				<ele>1263.45</ele>
				<time>2026-09-10T07:50:21.431Z</time>
			</trkpt>
			<trkpt lat="40.43073" lon="-1.5746">
				<ele>1264.37</ele>
				<time>2026-09-10T07:50:24.040Z</time>
			</trkpt>
			<trkpt lat="40.4308" lon="-1.57464">
				<ele>1265.39</ele>
				<time>2026-09-10T07:50:43.314Z</time>
			</trkpt>
			<trkpt lat="40.43088" lon="-1.57473">
				<ele>1266.04</ele>
				<time>2026-09-10T07:50:58.249Z</time>
			</trkpt>
			<trkpt lat="40.43095" lon="-1.57476">
				<ele>1266.38</ele>
				<time>2026-09-10T07:50:59.195Z</time>
			</trkpt>
			<trkpt lat="40.43102" lon="-1.57483">
				<ele>1267.07</ele>
				<time>2026-09-10T07:51:00.745Z</time>
			</trkpt>
			<trkpt lat="40.43125" lon="-1.57512">
				<ele>1270.46</ele>
				<time>2026-09-10T07:51:08.998Z</time>
			</trkpt>
			<trkpt lat="40.43139" lon="-1.57519">
				<ele>1270.68</ele>
				<time>2026-09-10T07:51:12.775Z</time>
			</trkpt>
			<trkpt lat="40.43148" lon="-1.57538">
				<ele>1274.66</ele>
				<time>2026-09-10T07:51:17.054Z</time>
			</trkpt>
			<trkpt lat="40.43151" lon="-1.57557">
				<ele>1278.27</ele>
				<time>2026-09-10T07:51:20.739Z</time>
			</trkpt>
			<trkpt lat="40.43155" lon="-1.57567">
				<ele>1279.56</ele>
				<time>2026-09-10T07:51:22.867Z</time>
			</trkpt>
			<trkpt lat="40.43159" lon="-1.57573">
				<ele>1279.8</ele>
				<time>2026-09-10T07:51:24.362Z</time>
			</trkpt>
			<trkpt lat="40.43166" lon="-1.57574">
				<ele>1278.95</ele>
				<time>2026-09-10T07:51:26.084Z</time>
			</trkpt>
			<trkpt lat="40.43169" lon="-1.57572">
				<ele>1279.23</ele>
				<time>2026-09-10T07:51:26.903Z</time>
			</trkpt>
			<trkpt lat="40.43186" lon="-1.57554">
				<ele>1281.26</ele>
				<time>2026-09-10T07:51:32.139Z</time>
			</trkpt>
			<trkpt lat="40.43188" lon="-1.57562">
				<ele>1282.11</ele>
				<time>2026-09-10T07:51:33.647Z</time>
			</trkpt>
			<trkpt lat="40.43208" lon="-1.57596">
				<ele>1286.04</ele>
				<time>2026-09-10T07:51:41.089Z</time>
			</trkpt>
			<trkpt lat="40.4322" lon="-1.57609">
				<ele>1286.92</ele>
				<time>2026-09-10T07:51:44.454Z</time>
			</trkpt>
			<trkpt lat="40.43244" lon="-1.57629">
				<ele>1288.11</ele>
				<time>2026-09-10T07:51:50.452Z</time>
			</trkpt>
			<trkpt lat="40.43303" lon="-1.57649">
				<ele>1298.05</ele>
				<time>2026-09-10T07:52:03.350Z</time>
			</trkpt>
			<trkpt lat="40.43332" lon="-1.57635">
				<ele>1299.67</ele>
				<time>2026-09-10T07:52:09.288Z</time>
			</trkpt>
			<trkpt lat="40.4334" lon="-1.5765">
				<ele>1300.45</ele>
				<time>2026-09-10T07:52:11.709Z</time>
			</trkpt>
			<trkpt lat="40.43345" lon="-1.57668">
				<ele>1301.28</ele>
				<time>2026-09-10T07:52:14.022Z</time>
			</trkpt>
			<trkpt lat="40.43346" lon="-1.57687">
				<ele>1301.45</ele>
				<time>2026-09-10T07:52:16.064Z</time>
			</trkpt>
			<trkpt lat="40.43344" lon="-1.5771">
				<ele>1301.28</ele>
				<time>2026-09-10T07:52:18.150Z</time>
			</trkpt>
			<trkpt lat="40.43321" lon="-1.57772">
				<ele>1306.48</ele>
				<time>2026-09-10T07:52:23.363Z</time>
			</trkpt>
			<trkpt lat="40.4332" lon="-1.57793">
				<ele>1308.46</ele>
				<time>2026-09-10T07:52:24.907Z</time>
			</trkpt>
			<trkpt lat="40.4332" lon="-1.57815">
				<ele>1309.67</ele>
				<time>2026-09-10T07:52:26.498Z</time>
			</trkpt>
			<trkpt lat="40.4334" lon="-1.57949">
				<ele>1314.11</ele>
				<time>2026-09-10T07:52:35.872Z</time>
			</trkpt>
			<trkpt lat="40.43342" lon="-1.57976">
				<ele>1313.79</ele>
				<time>2026-09-10T07:52:37.634Z</time>
			</trkpt>
			<trkpt lat="40.43339" lon="-1.57996">
				<ele>1314.76</ele>
				<time>2026-09-10T07:52:38.937Z</time>
			</trkpt>
			<trkpt lat="40.43332" lon="-1.58018">
				<ele>1316.94</ele>
				<time>2026-09-10T07:52:40.438Z</time>
			</trkpt>
			<trkpt lat="40.4332" lon="-1.58042">
				<ele>1320.24</ele>
				<time>2026-09-10T07:52:42.213Z</time>
			</trkpt>
			<trkpt lat="40.43305" lon="-1.58061">
				<ele>1323.3</ele>
				<time>2026-09-10T07:52:43.872Z</time>
			</trkpt>
			<trkpt lat="40.43289" lon="-1.58069">
				<ele>1323.6</ele>
				<time>2026-09-10T07:52:45.212Z</time>
			</trkpt>
			<trkpt lat="40.43273" lon="-1.58075">
				<ele>1324.57</ele>
				<time>2026-09-10T07:52:46.494Z</time>
			</trkpt>
			<trkpt lat="40.43251" lon="-1.58076">
				<ele>1325.09</ele>
				<time>2026-09-10T07:52:48.159Z</time>
			</trkpt>
			<trkpt lat="40.43231" lon="-1.58069">
				<ele>1326.76</ele>
				<time>2026-09-10T07:52:49.695Z</time>
			</trkpt>
			<trkpt lat="40.43218" lon="-1.58061">
				<ele>1327.83</ele>
				<time>2026-09-10T07:52:50.742Z</time>
			</trkpt>
			<trkpt lat="40.43204" lon="-1.58048">
				<ele>1328.55</ele>
				<time>2026-09-10T07:52:51.974Z</time>
			</trkpt>
			<trkpt lat="40.4319" lon="-1.58025">
				<ele>1329.65</ele>
				<time>2026-09-10T07:52:53.556Z</time>
			</trkpt>
			<trkpt lat="40.4317" lon="-1.57971">
				<ele>1328.68</ele>
				<time>2026-09-10T07:52:56.676Z</time>
			</trkpt>
			<trkpt lat="40.43161" lon="-1.57958">
				<ele>1325.85</ele>
				<time>2026-09-10T07:52:57.564Z</time>
			</trkpt>
			<trkpt lat="40.43149" lon="-1.5795">
				<ele>1325.8</ele>
				<time>2026-09-10T07:52:58.445Z</time>
			</trkpt>
			<trkpt lat="40.43135" lon="-1.57953">
				<ele>1328.37</ele>
				<time>2026-09-10T07:52:59.361Z</time>
			</trkpt>
			<trkpt lat="40.43125" lon="-1.57959">
				<ele>1329.78</ele>
				<time>2026-09-10T07:53:00.063Z</time>
			</trkpt>
			<trkpt lat="40.43119" lon="-1.57974">
				<ele>1331.8</ele>
				<time>2026-09-10T07:53:00.876Z</time>
			</trkpt>
			<trkpt lat="40.43118" lon="-1.57987">
				<ele>1332.55</ele>
				<time>2026-09-10T07:53:01.496Z</time>
			</trkpt>
			<trkpt lat="40.43119" lon="-1.58006">
				<ele>1334.08</ele>
				<time>2026-09-10T07:53:02.389Z</time>
			</trkpt>
			<trkpt lat="40.43134" lon="-1.58082">
				<ele>1338.78</ele>
				<time>2026-09-10T07:53:05.936Z</time>
			</trkpt>
			<trkpt lat="40.43147" lon="-1.58132">
				<ele>1342.18</ele>
				<time>2026-09-10T07:53:08.206Z</time>
			</trkpt>
			<trkpt lat="40.43162" lon="-1.58174">
				<ele>1344.88</ele>
				<time>2026-09-10T07:53:10.123Z</time>
			</trkpt>
			<trkpt lat="40.43234" lon="-1.58329">
				<ele>1352.54</ele>
				<time>2026-09-10T07:53:16.983Z</time>
			</trkpt>
			<trkpt lat="40.43247" lon="-1.58349">
				<ele>1353.58</ele>
				<time>2026-09-10T07:53:17.897Z</time>
			</trkpt>
			<trkpt lat="40.4327" lon="-1.5838">
				<ele>1357.8</ele>
				<time>2026-09-10T07:53:19.358Z</time>
			</trkpt>
			<trkpt lat="40.43353" lon="-1.58463">
				<ele>1363.08</ele>
				<time>2026-09-10T07:53:23.658Z</time>
			</trkpt>
			<trkpt lat="40.4351" lon="-1.58629">
				<ele>1373.94</ele>
				<time>2026-09-10T07:53:30.710Z</time>
			</trkpt>
			<trkpt lat="40.4353" lon="-1.58663">
				<ele>1376.29</ele>
				<time>2026-09-10T07:53:31.718Z</time>
			</trkpt>
			<trkpt lat="40.43544" lon="-1.58705">
				<ele>1377.4</ele>
				<time>2026-09-10T07:53:32.755Z</time>
			</trkpt>
			<trkpt lat="40.43617" lon="-1.58974">
				<ele>1391.53</ele>
				<time>2026-09-10T07:53:38.457Z</time>
			</trkpt>
			<trkpt lat="40.43626" lon="-1.58999">
				<ele>1392.42</ele>
				<time>2026-09-10T07:53:38.950Z</time>
			</trkpt>
			<trkpt lat="40.43638" lon="-1.59023">
				<ele>1392.81</ele>
				<time>2026-09-10T07:53:39.452Z</time>
			</trkpt>
			<trkpt lat="40.43657" lon="-1.59045">
				<ele>1395</ele>
				<time>2026-09-10T07:53:40.022Z</time>
			</trkpt>
			<trkpt lat="40.43678" lon="-1.59061">
				<ele>1396.25</ele>
				<time>2026-09-10T07:53:40.558Z</time>
			</trkpt>
			<trkpt lat="40.43705" lon="-1.59072">
				<ele>1395.98</ele>
				<time>2026-09-10T07:53:41.170Z</time>
			</trkpt>
			<trkpt lat="40.43726" lon="-1.59074">
				<ele>1396.28</ele>
				<time>2026-09-10T07:53:41.617Z</time>
			</trkpt>
			<trkpt lat="40.43749" lon="-1.59072">
				<ele>1397.77</ele>
				<time>2026-09-10T07:53:42.100Z</time>
			</trkpt>
			<trkpt lat="40.43769" lon="-1.59065">
				<ele>1398.79</ele>
				<time>2026-09-10T07:53:42.527Z</time>
			</trkpt>
			<trkpt lat="40.43801" lon="-1.5904">
				<ele>1400.8</ele>
				<time>2026-09-10T07:53:43.282Z</time>
			</trkpt>
			<trkpt lat="40.43832" lon="-1.59006">
				<ele>1401.92</ele>
				<time>2026-09-10T07:53:44.083Z</time>
			</trkpt>
			<trkpt lat="40.43857" lon="-1.58988">
				<ele>1400.3</ele>
				<time>2026-09-10T07:53:44.639Z</time>
			</trkpt>
			<trkpt lat="40.44031" lon="-1.58894">
				<ele>1390.99</ele>
				<time>2026-09-10T07:53:48.192Z</time>
			</trkpt>
			<trkpt lat="40.44052" lon="-1.58886">
				<ele>1387.82</ele>
				<time>2026-09-10T07:53:48.599Z</time>
			</trkpt>
			<trkpt lat="40.44077" lon="-1.58883">
				<ele>1385.79</ele>
				<time>2026-09-10T07:53:49.068Z</time>
			</trkpt>
			<trkpt lat="40.44097" lon="-1.58886">
				<ele>1382</ele>
				<time>2026-09-10T07:53:49.444Z</time>
			</trkpt>
			<trkpt lat="40.44114" lon="-1.58893">
				<ele>1379.01</ele>
				<time>2026-09-10T07:53:49.779Z</time>
			</trkpt>
			<trkpt lat="40.44134" lon="-1.58905">
				<ele>1378.84</ele>
				<time>2026-09-10T07:53:50.193Z</time>
			</trkpt>
			<trkpt lat="40.44153" lon="-1.58924">
				<ele>1377.5</ele>
				<time>2026-09-10T07:53:50.646Z</time>
			</trkpt>
			<trkpt lat="40.44166" lon="-1.58944">
				<ele>1377.15</ele>
				<time>2026-09-10T07:53:51.028Z</time>
			</trkpt>
			<trkpt lat="40.44177" lon="-1.58966">
				<ele>1375.58</ele>
				<time>2026-09-10T07:53:51.413Z</time>
			</trkpt>
			<trkpt lat="40.44228" lon="-1.59106">
				<ele>1367.39</ele>
				<time>2026-09-10T07:53:53.756Z</time>
			</trkpt>
			<trkpt lat="40.44242" lon="-1.59134">
				<ele>1362.95</ele>
				<time>2026-09-10T07:53:54.283Z</time>
			</trkpt>
			<trkpt lat="40.44261" lon="-1.59156">
				<ele>1358.72</ele>
				<time>2026-09-10T07:53:54.815Z</time>
			</trkpt>
			<trkpt lat="40.44283" lon="-1.59173">
				<ele>1356.18</ele>
				<time>2026-09-10T07:53:55.361Z</time>
			</trkpt>
			<trkpt lat="40.44307" lon="-1.59185">
				<ele>1357.84</ele>
				<time>2026-09-10T07:53:55.921Z</time>
			</trkpt>
			<trkpt lat="40.44328" lon="-1.5919">
				<ele>1357.24</ele>
				<time>2026-09-10T07:53:56.394Z</time>
			</trkpt>
			<trkpt lat="40.44389" lon="-1.59191">
				<ele>1354.08</ele>
				<time>2026-09-10T07:53:57.796Z</time>
			</trkpt>
			<trkpt lat="40.44408" lon="-1.59189">
				<ele>1353.81</ele>
				<time>2026-09-10T07:53:58.249Z</time>
			</trkpt>
			<trkpt lat="40.44425" lon="-1.59185">
				<ele>1352.29</ele>
				<time>2026-09-10T07:53:58.667Z</time>
			</trkpt>
			<trkpt lat="40.4445" lon="-1.59173">
				<ele>1349.5</ele>
				<time>2026-09-10T07:53:59.323Z</time>
			</trkpt>
			<trkpt lat="40.44473" lon="-1.59154">
				<ele>1346.86</ele>
				<time>2026-09-10T07:54:00.011Z</time>
			</trkpt>
			<trkpt lat="40.44518" lon="-1.59107">
				<ele>1349.12</ele>
				<time>2026-09-10T07:54:01.526Z</time>
			</trkpt>
			<trkpt lat="40.4458" lon="-1.59054">
				<ele>1347.49</ele>
				<time>2026-09-10T07:54:03.610Z</time>
			</trkpt>
			<trkpt lat="40.44614" lon="-1.59034">
				<ele>1343.25</ele>
				<time>2026-09-10T07:54:04.721Z</time>
			</trkpt>
			<trkpt lat="40.44638" lon="-1.59027">
				<ele>1334.68</ele>
				<time>2026-09-10T07:54:05.479Z</time>
			</trkpt>
			<trkpt lat="40.44661" lon="-1.59024">
				<ele>1330.82</ele>
				<time>2026-09-10T07:54:06.210Z</time>
			</trkpt>
			<trkpt lat="40.44691" lon="-1.59032">
				<ele>1330.77</ele>
				<time>2026-09-10T07:54:07.206Z</time>
			</trkpt>
			<trkpt lat="40.44718" lon="-1.59047">
				<ele>1335.29</ele>
				<time>2026-09-10T07:54:08.191Z</time>
			</trkpt>
			<trkpt lat="40.44792" lon="-1.59102">
				<ele>1342.16</ele>
				<time>2026-09-10T07:54:11.230Z</time>
			</trkpt>
			<trkpt lat="40.44814" lon="-1.59113">
				<ele>1338.58</ele>
				<time>2026-09-10T07:54:12.122Z</time>
			</trkpt>
			<trkpt lat="40.44834" lon="-1.59119">
				<ele>1337.79</ele>
				<time>2026-09-10T07:54:12.919Z</time>
			</trkpt>
			<trkpt lat="40.44854" lon="-1.59119">
				<ele>1339.24</ele>
				<time>2026-09-10T07:54:13.712Z</time>
			</trkpt>
			<trkpt lat="40.44875" lon="-1.59116">
				<ele>1340.84</ele>
				<time>2026-09-10T07:54:14.569Z</time>
			</trkpt>
			<trkpt lat="40.44958" lon="-1.5909">
				<ele>1342.28</ele>
				<time>2026-09-10T07:54:18.236Z</time>
			</trkpt>
			<trkpt lat="40.44978" lon="-1.59087">
				<ele>1343.3</ele>
				<time>2026-09-10T07:54:19.151Z</time>
			</trkpt>
			<trkpt lat="40.45" lon="-1.59089">
				<ele>1345.5</ele>
				<time>2026-09-10T07:54:20.176Z</time>
			</trkpt>
			<trkpt lat="40.45151" lon="-1.59123">
				<ele>1351.98</ele>
				<time>2026-09-10T07:54:27.991Z</time>
			</trkpt>
			<trkpt lat="40.45254" lon="-1.59135">
				<ele>1355.72</ele>
				<time>2026-09-10T07:54:34.007Z</time>
			</trkpt>
			<trkpt lat="40.45315" lon="-1.59148">
				<ele>1361.87</ele>
				<time>2026-09-10T07:54:37.910Z</time>
			</trkpt>
			<trkpt lat="40.4562" lon="-1.59249">
				<ele>1373.18</ele>
				<time>2026-09-10T07:55:01.768Z</time>
			</trkpt>
			<trkpt lat="40.45645" lon="-1.5926">
				<ele>1372.81</ele>
				<time>2026-09-10T07:55:04.098Z</time>
			</trkpt>
			<trkpt lat="40.45678" lon="-1.59289">
				<ele>1377.28</ele>
				<time>2026-09-10T07:55:07.708Z</time>
			</trkpt>
			<trkpt lat="40.45746" lon="-1.59363">
				<ele>1378.95</ele>
				<time>2026-09-10T07:55:16.196Z</time>
			</trkpt>
			<trkpt lat="40.45821" lon="-1.59465">
				<ele>1383.09</ele>
				<time>2026-09-10T07:55:27.466Z</time>
			</trkpt>
			<trkpt lat="40.45844" lon="-1.59511">
				<ele>1382.85</ele>
				<time>2026-09-10T07:55:32.116Z</time>
			</trkpt>
			<trkpt lat="40.45854" lon="-1.59524">
				<ele>1383.08</ele>
				<time>2026-09-10T07:55:33.713Z</time>
			</trkpt>
			<trkpt lat="40.45882" lon="-1.59542">
				<ele>1386.62</ele>
				<time>2026-09-10T07:55:37.317Z</time>
			</trkpt>
			<trkpt lat="40.45966" lon="-1.59605">
				<ele>1381.38</ele>
				<time>2026-09-10T07:55:49.079Z</time>
			</trkpt>
			<trkpt lat="40.45975" lon="-1.59617">
				<ele>1381.27</ele>
				<time>2026-09-10T07:55:50.705Z</time>
			</trkpt>
			<trkpt lat="40.45977" lon="-1.59626">
				<ele>1382</ele>
				<time>2026-09-10T07:55:51.617Z</time>
			</trkpt>
			<trkpt lat="40.45977" lon="-1.5967">
				<ele>1383.55</ele>
				<time>2026-09-10T07:55:55.963Z</time>
			</trkpt>
			<trkpt lat="40.45974" lon="-1.59689">
				<ele>1384.59</ele>
				<time>2026-09-10T07:55:57.915Z</time>
			</trkpt>
			<trkpt lat="40.45964" lon="-1.59694">
				<ele>1384.67</ele>
				<time>2026-09-10T07:55:59.344Z</time>
			</trkpt>
			<trkpt lat="40.45947" lon="-1.59696">
				<ele>1384.22</ele>
				<time>2026-09-10T07:56:01.646Z</time>
			</trkpt>
			<trkpt lat="40.45918" lon="-1.59694">
				<ele>1383.96</ele>
				<time>2026-09-10T07:56:05.631Z</time>
			</trkpt>
			<trkpt lat="40.45906" lon="-1.59692">
				<ele>1384.13</ele>
				<time>2026-09-10T07:56:07.316Z</time>
			</trkpt>
			<trkpt lat="40.459" lon="-1.5972">
				<ele>1389.16</ele>
				<time>2026-09-10T07:56:10.439Z</time>
			</trkpt>
			<trkpt lat="40.45898" lon="-1.59736">
				<ele>1392.89</ele>
				<time>2026-09-10T07:56:12.201Z</time>
			</trkpt>
			<trkpt lat="40.45879" lon="-1.59732">
				<ele>1393.48</ele>
				<time>2026-09-10T07:56:14.982Z</time>
			</trkpt>
			<trkpt lat="40.45841" lon="-1.59734">
				<ele>1395.24</ele>
				<time>2026-09-10T07:56:38.660Z</time>
			</trkpt>
			<trkpt lat="40.45844" lon="-1.59746">
				<ele>1397.97</ele>
				<time>2026-09-10T07:56:50.514Z</time>
			</trkpt>
			<trkpt lat="40.45865" lon="-1.59795">
				<ele>1404.93</ele>
				<time>2026-09-10T07:57:01.633Z</time>
			</trkpt>
			<trkpt lat="40.45886" lon="-1.598">
				<ele>1404.42</ele>
				<time>2026-09-10T07:57:04.889Z</time>
			</trkpt>
			<trkpt lat="40.45895" lon="-1.5979">
				<ele>1402.14</ele>
				<time>2026-09-10T07:57:07.059Z</time>
			</trkpt>
			<trkpt lat="40.45886" lon="-1.598">
				<ele>1404.42</ele>
				<time>2026-09-10T07:57:09.230Z</time>
			</trkpt>
			<trkpt lat="40.45865" lon="-1.59795">
				<ele>1404.93</ele>
				<time>2026-09-10T07:57:13.159Z</time>
			</trkpt>
			<trkpt lat="40.45844" lon="-1.59746">
				<ele>1397.97</ele>
				<time>2026-09-10T07:57:21.037Z</time>
			</trkpt>
			<trkpt lat="40.45841" lon="-1.59734">
				<ele>1395.24</ele>
				<time>2026-09-10T07:57:22.805Z</time>
			</trkpt>
			<trkpt lat="40.45879" lon="-1.59732">
				<ele>1393.48</ele>
				<time>2026-09-10T07:57:29.807Z</time>
			</trkpt>
			<trkpt lat="40.45898" lon="-1.59736">
				<ele>1392.89</ele>
				<time>2026-09-10T07:57:33.351Z</time>
			</trkpt>
			<trkpt lat="40.459" lon="-1.5972">
				<ele>1389.16</ele>
				<time>2026-09-10T07:57:35.622Z</time>
			</trkpt>
			<trkpt lat="40.45906" lon="-1.59692">
				<ele>1384.13</ele>
				<time>2026-09-10T07:57:39.698Z</time>
			</trkpt>
			<trkpt lat="40.45918" lon="-1.59694">
				<ele>1383.96</ele>
				<time>2026-09-10T07:57:41.925Z</time>
			</trkpt>
			<trkpt lat="40.45947" lon="-1.59696">
				<ele>1384.22</ele>
				<time>2026-09-10T07:57:47.273Z</time>
			</trkpt>
			<trkpt lat="40.45964" lon="-1.59694">
				<ele>1384.67</ele>
				<time>2026-09-10T07:57:50.573Z</time>
			</trkpt>
			<trkpt lat="40.45974" lon="-1.59689">
				<ele>1384.59</ele>
				<time>2026-09-10T07:57:52.527Z</time>
			</trkpt>
			<trkpt lat="40.45977" lon="-1.5967">
				<ele>1383.55</ele>
				<time>2026-09-10T07:57:54.794Z</time>
			</trkpt>
			<trkpt lat="40.45977" lon="-1.59626">
				<ele>1382</ele>
				<time>2026-09-10T07:57:59.605Z</time>
			</trkpt>
			<trkpt lat="40.45975" lon="-1.59617">
				<ele>1381.27</ele>
				<time>2026-09-10T07:58:00.594Z</time>
			</trkpt>
			<trkpt lat="40.45966" lon="-1.59605">
				<ele>1381.38</ele>
				<time>2026-09-10T07:58:02.340Z</time>
			</trkpt>
			<trkpt lat="40.45882" lon="-1.59542">
				<ele>1386.62</ele>
				<time>2026-09-10T07:58:13.954Z</time>
			</trkpt>
			<trkpt lat="40.45869" lon="-1.59535">
				<ele>1384.82</ele>
				<time>2026-09-10T07:58:15.386Z</time>
			</trkpt>
			<trkpt lat="40.45866" lon="-1.59522">
				<ele>1386.18</ele>
				<time>2026-09-10T07:58:16.395Z</time>
			</trkpt>
			<trkpt lat="40.45867" lon="-1.59509">
				<ele>1388.16</ele>
				<time>2026-09-10T07:58:17.329Z</time>
			</trkpt>
			<trkpt lat="40.45842" lon="-1.59454">
				<ele>1387.82</ele>
				<time>2026-09-10T07:58:21.349Z</time>
			</trkpt>
			<trkpt lat="40.45808" lon="-1.59368">
				<ele>1393.44</ele>
				<time>2026-09-10T07:58:25.733Z</time>
			</trkpt>
			<trkpt lat="40.45795" lon="-1.59267">
				<ele>1402.46</ele>
				<time>2026-09-10T07:58:30.206Z</time>
			</trkpt>
			<trkpt lat="40.45766" lon="-1.59142">
				<ele>1408.89</ele>
				<time>2026-09-10T07:58:35.741Z</time>
			</trkpt>
			<trkpt lat="40.45735" lon="-1.58973">
				<ele>1422.97</ele>
				<time>2026-09-10T07:58:42.818Z</time>
			</trkpt>
			<trkpt lat="40.45718" lon="-1.58886">
				<ele>1431.23</ele>
				<time>2026-09-10T07:58:46.353Z</time>
			</trkpt>
			<trkpt lat="40.45719" lon="-1.58858">
				<ele>1431.1</ele>
				<time>2026-09-10T07:58:47.440Z</time>
			</trkpt>
			<trkpt lat="40.45729" lon="-1.58833">
				<ele>1431.46</ele>
				<time>2026-09-10T07:58:48.528Z</time>
			</trkpt>
			<trkpt lat="40.45738" lon="-1.58821">
				<ele>1430.77</ele>
				<time>2026-09-10T07:58:49.173Z</time>
			</trkpt>
			<trkpt lat="40.45762" lon="-1.58806">
				<ele>1433.49</ele>
				<time>2026-09-10T07:58:50.502Z</time>
			</trkpt>
			<trkpt lat="40.45871" lon="-1.58788">
				<ele>1451.41</ele>
				<time>2026-09-10T07:58:55.876Z</time>
			</trkpt>
			<trkpt lat="40.45901" lon="-1.58781">
				<ele>1453.79</ele>
				<time>2026-09-10T07:58:57.333Z</time>
			</trkpt>
			<trkpt lat="40.45926" lon="-1.58767">
				<ele>1454.32</ele>
				<time>2026-09-10T07:58:58.622Z</time>
			</trkpt>
			<trkpt lat="40.45986" lon="-1.58722">
				<ele>1456.46</ele>
				<time>2026-09-10T07:59:01.848Z</time>
			</trkpt>
			<trkpt lat="40.46023" lon="-1.58687">
				<ele>1460.54</ele>
				<time>2026-09-10T07:59:03.941Z</time>
			</trkpt>
			<trkpt lat="40.46043" lon="-1.58658">
				<ele>1462.91</ele>
				<time>2026-09-10T07:59:05.292Z</time>
			</trkpt>
			<trkpt lat="40.4606" lon="-1.58614">
				<ele>1465.19</ele>
				<time>2026-09-10T07:59:06.980Z</time>
			</trkpt>
			<trkpt lat="40.46066" lon="-1.58569">
				<ele>1469.11</ele>
				<time>2026-09-10T07:59:08.525Z</time>
			</trkpt>
			<trkpt lat="40.46067" lon="-1.58525">
				<ele>1470.04</ele>
				<time>2026-09-10T07:59:10.000Z</time>
			</trkpt>
			<trkpt lat="40.46062" lon="-1.58482">
				<ele>1470.42</ele>
				<time>2026-09-10T07:59:11.444Z</time>
			</trkpt>
			<trkpt lat="40.46049" lon="-1.58415">
				<ele>1474.91</ele>
				<time>2026-09-10T07:59:13.711Z</time>
			</trkpt>
			<trkpt lat="40.46043" lon="-1.58358">
				<ele>1477.1</ele>
				<time>2026-09-10T07:59:15.574Z</time>
			</trkpt>
			<trkpt lat="40.46044" lon="-1.58321">
				<ele>1478.72</ele>
				<time>2026-09-10T07:59:16.761Z</time>
			</trkpt>
			<trkpt lat="40.46047" lon="-1.58287">
				<ele>1479.96</ele>
				<time>2026-09-10T07:59:17.850Z</time>
			</trkpt>
			<trkpt lat="40.46059" lon="-1.58244">
				<ele>1484.08</ele>
				<time>2026-09-10T07:59:19.297Z</time>
			</trkpt>
			<trkpt lat="40.46134" lon="-1.58057">
				<ele>1490.48</ele>
				<time>2026-09-10T07:59:25.815Z</time>
			</trkpt>
			<trkpt lat="40.4615" lon="-1.58028">
				<ele>1492.06</ele>
				<time>2026-09-10T07:59:26.896Z</time>
			</trkpt>
			<trkpt lat="40.46172" lon="-1.58008">
				<ele>1495.25</ele>
				<time>2026-09-10T07:59:27.950Z</time>
			</trkpt>
			<trkpt lat="40.46253" lon="-1.57973">
				<ele>1499.54</ele>
				<time>2026-09-10T07:59:31.270Z</time>
			</trkpt>
			<trkpt lat="40.46336" lon="-1.57902">
				<ele>1497.94</ele>
				<time>2026-09-10T07:59:35.057Z</time>
			</trkpt>
			<trkpt lat="40.46353" lon="-1.57892">
				<ele>1497.6</ele>
				<time>2026-09-10T07:59:35.761Z</time>
			</trkpt>
			<trkpt lat="40.46379" lon="-1.57885">
				<ele>1497.84</ele>
				<time>2026-09-10T07:59:36.761Z</time>
			</trkpt>
			<trkpt lat="40.46512" lon="-1.57871">
				<ele>1507.52</ele>
				<time>2026-09-10T07:59:41.721Z</time>
			</trkpt>
			<trkpt lat="40.46579" lon="-1.57873">
				<ele>1519.5</ele>
				<time>2026-09-10T07:59:44.176Z</time>
			</trkpt>
			<trkpt lat="40.46631" lon="-1.57885">
				<ele>1523.21</ele>
				<time>2026-09-10T07:59:46.095Z</time>
			</trkpt>
			<trkpt lat="40.46683" lon="-1.57878">
				<ele>1526.16</ele>
				<time>2026-09-10T07:59:47.983Z</time>
			</trkpt>
			<trkpt lat="40.46712" lon="-1.57865">
				<ele>1529.44</ele>
				<time>2026-09-10T07:59:49.086Z</time>
			</trkpt>
			<trkpt lat="40.46783" lon="-1.57819">
				<ele>1534.06</ele>
				<time>2026-09-10T07:59:51.919Z</time>
			</trkpt>
			<trkpt lat="40.46823" lon="-1.57803">
				<ele>1537.36</ele>
				<time>2026-09-10T07:59:53.409Z</time>
			</trkpt>
			<trkpt lat="40.46866" lon="-1.57791">
				<ele>1542.42</ele>
				<time>2026-09-10T07:59:54.970Z</time>
			</trkpt>
			<trkpt lat="40.46894" lon="-1.57788">
				<ele>1543.55</ele>
				<time>2026-09-10T07:59:55.966Z</time>
			</trkpt>
			<trkpt lat="40.46993" lon="-1.57789">
				<ele>1562.17</ele>
				<time>2026-09-10T07:59:59.467Z</time>
			</trkpt>
			<trkpt lat="40.4704" lon="-1.57791">
				<ele>1569.19</ele>
				<time>2026-09-10T08:00:01.126Z</time>
			</trkpt>
			<trkpt lat="40.47073" lon="-1.57798">
				<ele>1575.3</ele>
				<time>2026-09-10T08:00:02.305Z</time>
			</trkpt>
			<trkpt lat="40.47096" lon="-1.57804">
				<ele>1577.96</ele>
				<time>2026-09-10T08:00:03.132Z</time>
			</trkpt>
			<trkpt lat="40.47225" lon="-1.5786">
				<ele>1599.58</ele>
				<time>2026-09-10T08:00:07.929Z</time>
			</trkpt>
			<trkpt lat="40.47296" lon="-1.57886">
				<ele>1604.68</ele>
				<time>2026-09-10T08:00:10.540Z</time>
			</trkpt>
			<trkpt lat="40.47325" lon="-1.57889">
				<ele>1605.95</ele>
				<time>2026-09-10T08:00:11.574Z</time>
			</trkpt>
			<trkpt lat="40.47387" lon="-1.57877">
				<ele>1606.43</ele>
				<time>2026-09-10T08:00:13.807Z</time>
			</trkpt>
			<trkpt lat="40.47436" lon="-1.57863">
				<ele>1608.52</ele>
				<time>2026-09-10T08:00:15.602Z</time>
			</trkpt>
			<trkpt lat="40.47566" lon="-1.57839">
				<ele>1617.34</ele>
				<time>2026-09-10T08:00:20.343Z</time>
			</trkpt>
			<trkpt lat="40.47636" lon="-1.57829">
				<ele>1619.51</ele>
				<time>2026-09-10T08:00:22.917Z</time>
			</trkpt>
			<trkpt lat="40.47664" lon="-1.57832">
				<ele>1616.48</ele>
				<time>2026-09-10T08:00:23.950Z</time>
			</trkpt>
			<trkpt lat="40.47704" lon="-1.57847">
				<ele>1617.36</ele>
				<time>2026-09-10T08:00:25.489Z</time>
			</trkpt>
			<trkpt lat="40.47737" lon="-1.57855">
				<ele>1621.65</ele>
				<time>2026-09-10T08:00:26.737Z</time>
			</trkpt>
			<trkpt lat="40.47803" lon="-1.57857">
				<ele>1631.96</ele>
				<time>2026-09-10T08:00:29.213Z</time>
			</trkpt>
			<trkpt lat="40.47922" lon="-1.57854">
				<ele>1642.31</ele>
				<time>2026-09-10T08:00:33.751Z</time>
			</trkpt>
			<trkpt lat="40.47946" lon="-1.5785">
				<ele>1644.51</ele>
				<time>2026-09-10T08:00:34.686Z</time>
			</trkpt>
			<trkpt lat="40.48049" lon="-1.57814">
				<ele>1655.17</ele>
				<time>2026-09-10T08:00:38.863Z</time>
			</trkpt>
			<trkpt lat="40.48104" lon="-1.57801">
				<ele>1661.09</ele>
				<time>2026-09-10T08:00:41.093Z</time>
			</trkpt>
			<trkpt lat="40.48171" lon="-1.57804">
				<ele>1666.34</ele>
				<time>2026-09-10T08:00:43.807Z</time>
			</trkpt>
			<trkpt lat="40.48199" lon="-1.57812">
				<ele>1669.77</ele>
				<time>2026-09-10T08:00:44.980Z</time>
			</trkpt>
			<trkpt lat="40.4825" lon="-1.57841">
				<ele>1674.98</ele>
				<time>2026-09-10T08:00:47.280Z</time>
			</trkpt>
			<trkpt lat="40.48281" lon="-1.57854">
				<ele>1680.58</ele>
				<time>2026-09-10T08:00:48.642Z</time>
			</trkpt>
			<trkpt lat="40.48307" lon="-1.57856">
				<ele>1683.43</ele>
				<time>2026-09-10T08:00:49.741Z</time>
			</trkpt>
			<trkpt lat="40.48346" lon="-1.57845">
				<ele>1686.55</ele>
				<time>2026-09-10T08:00:51.438Z</time>
			</trkpt>
			<trkpt lat="40.48372" lon="-1.57826">
				<ele>1689.41</ele>
				<time>2026-09-10T08:00:52.716Z</time>
			</trkpt>
			<trkpt lat="40.48454" lon="-1.57741">
				<ele>1693.18</ele>
				<time>2026-09-10T08:00:57.286Z</time>
			</trkpt>
			<trkpt lat="40.48475" lon="-1.57722">
				<ele>1695.43</ele>
				<time>2026-09-10T08:00:58.423Z</time>
			</trkpt>
			<trkpt lat="40.48629" lon="-1.57614">
				<ele>1708.63</ele>
				<time>2026-09-10T08:01:06.440Z</time>
			</trkpt>
			<trkpt lat="40.48663" lon="-1.57598">
				<ele>1710.79</ele>
				<time>2026-09-10T08:01:08.153Z</time>
			</trkpt>
			<trkpt lat="40.48698" lon="-1.57595">
				<ele>1711.84</ele>
				<time>2026-09-10T08:01:09.835Z</time>
			</trkpt>
			<trkpt lat="40.48752" lon="-1.57607">
				<ele>1710.84</ele>
				<time>2026-09-10T08:01:12.500Z</time>
			</trkpt>
			<trkpt lat="40.48773" lon="-1.57616">
				<ele>1711.49</ele>
				<time>2026-09-10T08:01:13.588Z</time>
			</trkpt>
			<trkpt lat="40.48891" lon="-1.57691">
				<ele>1717.21</ele>
				<time>2026-09-10T08:01:20.206Z</time>
			</trkpt>
			<trkpt lat="40.49022" lon="-1.57785">
				<ele>1705.52</ele>
				<time>2026-09-10T08:01:28.102Z</time>
			</trkpt>
			<trkpt lat="40.49079" lon="-1.57834">
				<ele>1699.03</ele>
				<time>2026-09-10T08:01:31.840Z</time>
			</trkpt>
			<trkpt lat="40.49126" lon="-1.57878">
				<ele>1694.21</ele>
				<time>2026-09-10T08:01:35.076Z</time>
			</trkpt>
			<trkpt lat="40.49169" lon="-1.5792">
				<ele>1695.85</ele>
				<time>2026-09-10T08:01:38.139Z</time>
			</trkpt>
			<trkpt lat="40.49205" lon="-1.57949">
				<ele>1692.43</ele>
				<time>2026-09-10T08:01:40.594Z</time>
			</trkpt>
			<trkpt lat="40.49358" lon="-1.58027">
				<ele>1677.63</ele>
				<time>2026-09-10T08:01:50.486Z</time>
			</trkpt>
			<trkpt lat="40.49375" lon="-1.5804">
				<ele>1675</ele>
				<time>2026-09-10T08:01:51.711Z</time>
			</trkpt>
			<trkpt lat="40.49421" lon="-1.58087">
				<ele>1670</ele>
				<time>2026-09-10T08:01:55.388Z</time>
			</trkpt>
			<trkpt lat="40.49477" lon="-1.5815">
				<ele>1670.83</ele>
				<time>2026-09-10T08:02:00.151Z</time>
			</trkpt>
			<trkpt lat="40.49489" lon="-1.58176">
				<ele>1669.88</ele>
				<time>2026-09-10T08:02:01.672Z</time>
			</trkpt>
			<trkpt lat="40.49523" lon="-1.58314">
				<ele>1665.27</ele>
				<time>2026-09-10T08:02:09.099Z</time>
			</trkpt>
			<trkpt lat="40.4953" lon="-1.58348">
				<ele>1660.54</ele>
				<time>2026-09-10T08:02:10.947Z</time>
			</trkpt>
			<trkpt lat="40.4953" lon="-1.58375">
				<ele>1656.42</ele>
				<time>2026-09-10T08:02:12.376Z</time>
			</trkpt>
			<trkpt lat="40.49527" lon="-1.58406">
				<ele>1654.02</ele>
				<time>2026-09-10T08:02:14.042Z</time>
			</trkpt>
			<trkpt lat="40.49521" lon="-1.58437">
				<ele>1655.17</ele>
				<time>2026-09-10T08:02:15.763Z</time>
			</trkpt>
			<trkpt lat="40.49512" lon="-1.58463">
				<ele>1657.01</ele>
				<time>2026-09-10T08:02:17.313Z</time>
			</trkpt>
			<trkpt lat="40.49501" lon="-1.58489">
				<ele>1659.15</ele>
				<time>2026-09-10T08:02:18.939Z</time>
			</trkpt>
			<trkpt lat="40.49487" lon="-1.58514">
				<ele>1659.54</ele>
				<time>2026-09-10T08:02:20.650Z</time>
			</trkpt>
			<trkpt lat="40.4947" lon="-1.58538">
				<ele>1659.16</ele>
				<time>2026-09-10T08:02:22.474Z</time>
			</trkpt>
			<trkpt lat="40.49436" lon="-1.58575">
				<ele>1656.78</ele>
				<time>2026-09-10T08:02:25.740Z</time>
			</trkpt>
			<trkpt lat="40.49417" lon="-1.586">
				<ele>1656.7</ele>
				<time>2026-09-10T08:02:27.755Z</time>
			</trkpt>
			<trkpt lat="40.49406" lon="-1.58627">
				<ele>1656.63</ele>
				<time>2026-09-10T08:02:29.517Z</time>
			</trkpt>
			<trkpt lat="40.49405" lon="-1.58635">
				<ele>1656.58</ele>
				<time>2026-09-10T08:02:29.986Z</time>
			</trkpt>
			<trkpt lat="40.49405" lon="-1.58653">
				<ele>1657.85</ele>
				<time>2026-09-10T08:02:31.030Z</time>
			</trkpt>
			<trkpt lat="40.49411" lon="-1.58677">
				<ele>1659.54</ele>
				<time>2026-09-10T08:02:32.505Z</time>
			</trkpt>
			<trkpt lat="40.49417" lon="-1.58688">
				<ele>1660.1</ele>
				<time>2026-09-10T08:02:33.299Z</time>
			</trkpt>
			<trkpt lat="40.49431" lon="-1.58706">
				<ele>1658.9</ele>
				<time>2026-09-10T08:02:34.818Z</time>
			</trkpt>
			<trkpt lat="40.49459" lon="-1.58736">
				<ele>1656.44</ele>
				<time>2026-09-10T08:02:37.647Z</time>
			</trkpt>
			<trkpt lat="40.49576" lon="-1.58822">
				<ele>1651.78</ele>
				<time>2026-09-10T08:02:48.469Z</time>
			</trkpt>
			<trkpt lat="40.49605" lon="-1.58846">
				<ele>1648.79</ele>
				<time>2026-09-10T08:02:51.319Z</time>
			</trkpt>
			<trkpt lat="40.49634" lon="-1.58871">
				<ele>1647.82</ele>
				<time>2026-09-10T08:02:54.238Z</time>
			</trkpt>
			<trkpt lat="40.49695" lon="-1.58939">
				<ele>1651.42</ele>
				<time>2026-09-10T08:03:01.108Z</time>
			</trkpt>
			<trkpt lat="40.49716" lon="-1.58953">
				<ele>1651.08</ele>
				<time>2026-09-10T08:03:03.167Z</time>
			</trkpt>
			<trkpt lat="40.4984" lon="-1.59013">
				<ele>1645.93</ele>
				<time>2026-09-10T08:03:15.044Z</time>
			</trkpt>
			<trkpt lat="40.49856" lon="-1.59018">
				<ele>1645.03</ele>
				<time>2026-09-10T08:03:16.561Z</time>
			</trkpt>
			<trkpt lat="40.49869" lon="-1.59019">
				<ele>1644.34</ele>
				<time>2026-09-10T08:03:17.769Z</time>
			</trkpt>
			<trkpt lat="40.49888" lon="-1.59015">
				<ele>1642.64</ele>
				<time>2026-09-10T08:03:19.563Z</time>
			</trkpt>
			<trkpt lat="40.49909" lon="-1.58997">
				<ele>1642.54</ele>
				<time>2026-09-10T08:03:21.917Z</time>
			</trkpt>
			<trkpt lat="40.49932" lon="-1.58973">
				<ele>1641.15</ele>
				<time>2026-09-10T08:03:24.702Z</time>
			</trkpt>
			<trkpt lat="40.50004" lon="-1.58886">
				<ele>1642.58</ele>
				<time>2026-09-10T08:03:34.180Z</time>
			</trkpt>
			<trkpt lat="40.5005" lon="-1.58819">
				<ele>1640.72</ele>
				<time>2026-09-10T08:03:41.026Z</time>
			</trkpt>
			<trkpt lat="40.501" lon="-1.58739">
				<ele>1634.94</ele>
				<time>2026-09-10T08:03:49.079Z</time>
			</trkpt>
			<trkpt lat="40.50114" lon="-1.58721">
				<ele>1631.01</ele>
				<time>2026-09-10T08:03:51.115Z</time>
			</trkpt>
			<trkpt lat="40.50134" lon="-1.58705">
				<ele>1629.6</ele>
				<time>2026-09-10T08:03:53.567Z</time>
			</trkpt>
			<trkpt lat="40.50149" lon="-1.58699">
				<ele>1629.46</ele>
				<time>2026-09-10T08:03:55.220Z</time>
			</trkpt>
			<trkpt lat="40.50185" lon="-1.58697">
				<ele>1630.59</ele>
				<time>2026-09-10T08:03:59.052Z</time>
			</trkpt>
			<trkpt lat="40.50225" lon="-1.58691">
				<ele>1627.13</ele>
				<time>2026-09-10T08:04:03.389Z</time>
			</trkpt>
			<trkpt lat="40.50246" lon="-1.58686">
				<ele>1626.06</ele>
				<time>2026-09-10T08:04:05.712Z</time>
			</trkpt>
			<trkpt lat="40.50341" lon="-1.58654">
				<ele>1617.15</ele>
				<time>2026-09-10T08:04:16.600Z</time>
			</trkpt>
			<trkpt lat="40.50365" lon="-1.58652">
				<ele>1615.23</ele>
				<time>2026-09-10T08:04:19.324Z</time>
			</trkpt>
			<trkpt lat="40.50398" lon="-1.5866">
				<ele>1616.47</ele>
				<time>2026-09-10T08:04:23.163Z</time>
			</trkpt>
			<trkpt lat="40.50423" lon="-1.5867">
				<ele>1615.47</ele>
				<time>2026-09-10T08:04:26.181Z</time>
			</trkpt>
			<trkpt lat="40.50465" lon="-1.58693">
				<ele>1611.13</ele>
				<time>2026-09-10T08:04:31.498Z</time>
			</trkpt>
			<trkpt lat="40.50495" lon="-1.58714">
				<ele>1607.81</ele>
				<time>2026-09-10T08:04:35.522Z</time>
			</trkpt>
			<trkpt lat="40.50543" lon="-1.5876">
				<ele>1604.24</ele>
				<time>2026-09-10T08:04:42.662Z</time>
			</trkpt>
			<trkpt lat="40.50759" lon="-1.59004">
				<ele>1584.73</ele>
				<time>2026-09-10T08:05:18.853Z</time>
			</trkpt>
			<trkpt lat="40.50776" lon="-1.59025">
				<ele>1585.71</ele>
				<time>2026-09-10T08:05:21.965Z</time>
			</trkpt>
			<trkpt lat="40.50786" lon="-1.5904">
				<ele>1584.9</ele>
				<time>2026-09-10T08:05:24.001Z</time>
			</trkpt>
			<trkpt lat="40.50802" lon="-1.59058">
				<ele>1582.73</ele>
				<time>2026-09-10T08:05:26.843Z</time>
			</trkpt>
			<trkpt lat="40.50814" lon="-1.59066">
				<ele>1581</ele>
				<time>2026-09-10T08:05:28.670Z</time>
			</trkpt>
			<trkpt lat="40.50824" lon="-1.59067">
				<ele>1579.3</ele>
				<time>2026-09-10T08:05:30.036Z</time>
			</trkpt>
			<trkpt lat="40.50846" lon="-1.59052">
				<ele>1577.22</ele>
				<time>2026-09-10T08:05:33.431Z</time>
			</trkpt>
			<trkpt lat="40.50871" lon="-1.59022">
				<ele>1576.75</ele>
				<time>2026-09-10T08:05:38.109Z</time>
			</trkpt>
			<trkpt lat="40.50874" lon="-1.59015">
				<ele>1576.76</ele>
				<time>2026-09-10T08:05:38.959Z</time>
			</trkpt>
			<trkpt lat="40.50873" lon="-1.59011">
				<ele>1576.91</ele>
				<time>2026-09-10T08:05:39.405Z</time>
			</trkpt>
			<trkpt lat="40.50852" lon="-1.58989">
				<ele>1578.45</ele>
				<time>2026-09-10T08:05:43.162Z</time>
			</trkpt>
			<trkpt lat="40.50846" lon="-1.58971">
				<ele>1578.97</ele>
				<time>2026-09-10T08:05:45.267Z</time>
			</trkpt>
			<trkpt lat="40.50878" lon="-1.58911">
				<ele>1574.37</ele>
				<time>2026-09-10T08:05:53.203Z</time>
			</trkpt>
			<trkpt lat="40.50887" lon="-1.58921">
				<ele>1575.28</ele>
				<time>2026-09-10T08:05:54.898Z</time>
			</trkpt>
			<trkpt lat="40.5089" lon="-1.58915">
				<ele>1574.67</ele>
				<time>2026-09-10T08:05:55.686Z</time>
			</trkpt>
			<trkpt lat="40.50881" lon="-1.58903">
				<ele>1573.57</ele>
				<time>2026-09-10T08:05:57.540Z</time>
			</trkpt>
			<trkpt lat="40.50882" lon="-1.58892">
				<ele>1572.48</ele>
				<time>2026-09-10T08:05:58.762Z</time>
			</trkpt>
			<trkpt lat="40.50888" lon="-1.58867">
				<ele>1571.21</ele>
				<time>2026-09-10T08:06:02.649Z</time>
			</trkpt>
			<trkpt lat="40.50893" lon="-1.58866">
				<ele>1570.91</ele>
				<time>2026-09-10T08:06:04.011Z</time>
			</trkpt>
			<trkpt lat="40.50888" lon="-1.58867">
				<ele>1571.21</ele>
				<time>2026-09-10T08:06:05.518Z</time>
			</trkpt>
			<trkpt lat="40.50887" lon="-1.58861">
				<ele>1570.95</ele>
				<time>2026-09-10T08:06:07.035Z</time>
			</trkpt>
			<trkpt lat="40.50877" lon="-1.58853">
				<ele>1570.35</ele>
				<time>2026-09-10T08:06:11.345Z</time>
			</trkpt>
			<trkpt lat="40.5087" lon="-1.58858">
				<ele>1570.77</ele>
				<time>2026-09-10T08:06:14.671Z</time>
			</trkpt>
			<trkpt lat="40.50852" lon="-1.58846">
				<ele>1569.61</ele>
				<time>2026-09-10T08:06:24.403Z</time>
			</trkpt>
			<trkpt lat="40.50836" lon="-1.58833">
				<ele>1569</ele>
				<time>2026-09-10T08:06:34.970Z</time>
			</trkpt>
			<trkpt lat="40.50846" lon="-1.58819">
				<ele>1569</ele>
				<time>2026-09-10T08:06:44.032Z</time>
			</trkpt>
			<trkpt lat="40.5083" lon="-1.58798">
				<ele>1569.02</ele>
				<time>2026-09-10T08:07:02.318Z</time>
			</trkpt>
			<trkpt lat="40.50819" lon="-1.58766">
				<ele>1569.69</ele>
				<time>2026-09-10T08:07:26.155Z</time>
			</trkpt>
			<trkpt lat="40.50806" lon="-1.58711">
				<ele>1568.62</ele>
				<time>2026-09-10T08:07:47.065Z</time>
			</trkpt>
			<trkpt lat="40.50802" lon="-1.58702">
				<ele>1568.1</ele>
				<time>2026-09-10T08:07:48.434Z</time>
			</trkpt>
			<trkpt lat="40.50797" lon="-1.58697">
				<ele>1568.1</ele>
				<time>2026-09-10T08:07:49.637Z</time>
			</trkpt>
			<trkpt lat="40.50788" lon="-1.58596">
				<ele>1562.86</ele>
				<time>2026-09-10T08:08:04.862Z</time>
			</trkpt>
			<trkpt lat="40.50789" lon="-1.58579">
				<ele>1562.2</ele>
				<time>2026-09-10T08:08:06.718Z</time>
			</trkpt>
			<trkpt lat="40.50793" lon="-1.58569">
				<ele>1561.48</ele>
				<time>2026-09-10T08:08:07.713Z</time>
			</trkpt>
			<trkpt lat="40.50804" lon="-1.58554">
				<ele>1560.11</ele>
				<time>2026-09-10T08:08:09.381Z</time>
			</trkpt>
			<trkpt lat="40.50867" lon="-1.58499">
				<ele>1552.58</ele>
				<time>2026-09-10T08:08:16.909Z</time>
			</trkpt>
			<trkpt lat="40.50896" lon="-1.58472">
				<ele>1551.46</ele>
				<time>2026-09-10T08:08:20.210Z</time>
			</trkpt>
			<trkpt lat="40.50921" lon="-1.58454">
				<ele>1550.56</ele>
				<time>2026-09-10T08:08:22.756Z</time>
			</trkpt>
			<trkpt lat="40.50948" lon="-1.58442">
				<ele>1549.76</ele>
				<time>2026-09-10T08:08:25.214Z</time>
			</trkpt>
			<trkpt lat="40.50977" lon="-1.58435">
				<ele>1549.06</ele>
				<time>2026-09-10T08:08:27.668Z</time>
			</trkpt>
			<trkpt lat="40.50997" lon="-1.58433">
				<ele>1549.39</ele>
				<time>2026-09-10T08:08:29.287Z</time>
			</trkpt>
			<trkpt lat="40.51144" lon="-1.58434">
				<ele>1542.68</ele>
				<time>2026-09-10T08:08:40.025Z</time>
			</trkpt>
			<trkpt lat="40.51175" lon="-1.58427">
				<ele>1543.72</ele>
				<time>2026-09-10T08:08:42.091Z</time>
			</trkpt>
			<trkpt lat="40.51203" lon="-1.58413">
				<ele>1543.29</ele>
				<time>2026-09-10T08:08:43.991Z</time>
			</trkpt>
			<trkpt lat="40.51268" lon="-1.58355">
				<ele>1540.96</ele>
				<time>2026-09-10T08:08:48.689Z</time>
			</trkpt>
			<trkpt lat="40.51377" lon="-1.58289">
				<ele>1532.01</ele>
				<time>2026-09-10T08:08:55.197Z</time>
			</trkpt>
			<trkpt lat="40.51446" lon="-1.58223">
				<ele>1525.98</ele>
				<time>2026-09-10T08:08:59.445Z</time>
			</trkpt>
			<trkpt lat="40.5151" lon="-1.58178">
				<ele>1518.11</ele>
				<time>2026-09-10T08:09:02.885Z</time>
			</trkpt>
			<trkpt lat="40.51604" lon="-1.58118">
				<ele>1515.81</ele>
				<time>2026-09-10T08:09:07.668Z</time>
			</trkpt>
			<trkpt lat="40.51641" lon="-1.58091">
				<ele>1508.31</ele>
				<time>2026-09-10T08:09:09.579Z</time>
			</trkpt>
			<trkpt lat="40.51704" lon="-1.5803">
				<ele>1507.21</ele>
				<time>2026-09-10T08:09:13.122Z</time>
			</trkpt>
			<trkpt lat="40.5174" lon="-1.58002">
				<ele>1501.33</ele>
				<time>2026-09-10T08:09:15.040Z</time>
			</trkpt>
			<trkpt lat="40.51778" lon="-1.57986">
				<ele>1495.91</ele>
				<time>2026-09-10T08:09:16.897Z</time>
			</trkpt>
			<trkpt lat="40.51915" lon="-1.57959">
				<ele>1495.5</ele>
				<time>2026-09-10T08:09:23.677Z</time>
			</trkpt>
			<trkpt lat="40.51931" lon="-1.57955">
				<ele>1493.4</ele>
				<time>2026-09-10T08:09:24.520Z</time>
			</trkpt>
			<trkpt lat="40.51948" lon="-1.57939">
				<ele>1491.85</ele>
				<time>2026-09-10T08:09:25.618Z</time>
			</trkpt>
			<trkpt lat="40.51959" lon="-1.57932">
				<ele>1490.7</ele>
				<time>2026-09-10T08:09:26.269Z</time>
			</trkpt>
			<trkpt lat="40.51967" lon="-1.57931">
				<ele>1489.65</ele>
				<time>2026-09-10T08:09:26.702Z</time>
			</trkpt>
			<trkpt lat="40.51972" lon="-1.57935">
				<ele>1488.74</ele>
				<time>2026-09-10T08:09:27.018Z</time>
			</trkpt>
			<trkpt lat="40.5198" lon="-1.57952">
				<ele>1488.06</ele>
				<time>2026-09-10T08:09:27.849Z</time>
			</trkpt>
			<trkpt lat="40.51987" lon="-1.57959">
				<ele>1488.05</ele>
				<time>2026-09-10T08:09:28.335Z</time>
			</trkpt>
			<trkpt lat="40.52012" lon="-1.57998">
				<ele>1486.54</ele>
				<time>2026-09-10T08:09:30.530Z</time>
			</trkpt>
			<trkpt lat="40.52291" lon="-1.58336">
				<ele>1468.92</ele>
				<time>2026-09-10T08:09:50.488Z</time>
			</trkpt>
			<trkpt lat="40.52723" lon="-1.58889">
				<ele>1453.99</ele>
				<time>2026-09-10T08:10:15.261Z</time>
			</trkpt>
			<trkpt lat="40.53673" lon="-1.60098">
				<ele>1446.72</ele>
				<time>2026-09-10T08:10:53.185Z</time>
			</trkpt>
			<trkpt lat="40.53742" lon="-1.60187">
				<ele>1448.03</ele>
				<time>2026-09-10T08:10:55.706Z</time>
			</trkpt>
			<trkpt lat="40.53795" lon="-1.60259">
				<ele>1445.38</ele>
				<time>2026-09-10T08:10:57.714Z</time>
			</trkpt>
			<trkpt lat="40.5385" lon="-1.60341">
				<ele>1444.45</ele>
				<time>2026-09-10T08:10:59.933Z</time>
			</trkpt>
			<trkpt lat="40.5391" lon="-1.60446">
				<ele>1442.19</ele>
				<time>2026-09-10T08:11:02.650Z</time>
			</trkpt>
			<trkpt lat="40.54209" lon="-1.61022">
				<ele>1435.53</ele>
				<time>2026-09-10T08:11:18.533Z</time>
			</trkpt>
			<trkpt lat="40.54282" lon="-1.61167">
				<ele>1430.99</ele>
				<time>2026-09-10T08:11:23.029Z</time>
			</trkpt>
			<trkpt lat="40.54315" lon="-1.61242">
				<ele>1430.76</ele>
				<time>2026-09-10T08:11:25.371Z</time>
			</trkpt>
			<trkpt lat="40.54364" lon="-1.61379">
				<ele>1429</ele>
				<time>2026-09-10T08:11:29.638Z</time>
			</trkpt>
			<trkpt lat="40.54464" lon="-1.61685">
				<ele>1422.82</ele>
				<time>2026-09-10T08:11:39.909Z</time>
			</trkpt>
			<trkpt lat="40.54567" lon="-1.61929">
				<ele>1419.93</ele>
				<time>2026-09-10T08:11:49.582Z</time>
			</trkpt>
			<trkpt lat="40.54599" lon="-1.62001">
				<ele>1418.43</ele>
				<time>2026-09-10T08:11:52.683Z</time>
			</trkpt>
			<trkpt lat="40.54723" lon="-1.62292">
				<ele>1411</ele>
				<time>2026-09-10T08:12:06.145Z</time>
			</trkpt>
			<trkpt lat="40.54735" lon="-1.62315">
				<ele>1411</ele>
				<time>2026-09-10T08:12:07.352Z</time>
			</trkpt>
			<trkpt lat="40.54927" lon="-1.62593">
				<ele>1409.44</ele>
				<time>2026-09-10T08:12:24.944Z</time>
			</trkpt>
			<trkpt lat="40.5495" lon="-1.62633">
				<ele>1408.54</ele>
				<time>2026-09-10T08:12:27.490Z</time>
			</trkpt>
			<trkpt lat="40.54965" lon="-1.62668">
				<ele>1408.46</ele>
				<time>2026-09-10T08:12:29.566Z</time>
			</trkpt>
			<trkpt lat="40.55104" lon="-1.63133">
				<ele>1401.18</ele>
				<time>2026-09-10T08:12:58.161Z</time>
			</trkpt>
			<trkpt lat="40.55176" lon="-1.63311">
				<ele>1402.17</ele>
				<time>2026-09-10T08:13:11.265Z</time>
			</trkpt>
			<trkpt lat="40.55181" lon="-1.63343">
				<ele>1405.88</ele>
				<time>2026-09-10T08:13:13.479Z</time>
			</trkpt>
			<trkpt lat="40.5518" lon="-1.63357">
				<ele>1407.15</ele>
				<time>2026-09-10T08:13:14.439Z</time>
			</trkpt>
			<trkpt lat="40.55178" lon="-1.63379">
				<ele>1407.9</ele>
				<time>2026-09-10T08:13:15.963Z</time>
			</trkpt>
			<trkpt lat="40.55158" lon="-1.63494">
				<ele>1411.34</ele>
				<time>2026-09-10T08:13:24.277Z</time>
			</trkpt>
			<trkpt lat="40.55153" lon="-1.63541">
				<ele>1411.63</ele>
				<time>2026-09-10T08:13:27.719Z</time>
			</trkpt>
			<trkpt lat="40.55153" lon="-1.63608">
				<ele>1413.51</ele>
				<time>2026-09-10T08:13:32.676Z</time>
			</trkpt>
			<trkpt lat="40.55165" lon="-1.63703">
				<ele>1416.98</ele>
				<time>2026-09-10T08:13:40.004Z</time>
			</trkpt>
			<trkpt lat="40.55166" lon="-1.63738">
				<ele>1418.51</ele>
				<time>2026-09-10T08:13:42.730Z</time>
			</trkpt>
			<trkpt lat="40.55164" lon="-1.63777">
				<ele>1417.4</ele>
				<time>2026-09-10T08:13:45.810Z</time>
			</trkpt>
			<trkpt lat="40.55116" lon="-1.63974">
				<ele>1415.96</ele>
				<time>2026-09-10T08:14:02.802Z</time>
			</trkpt>
			<trkpt lat="40.5511" lon="-1.64004">
				<ele>1416</ele>
				<time>2026-09-10T08:14:05.452Z</time>
			</trkpt>
			<trkpt lat="40.55109" lon="-1.64035">
				<ele>1416.81</ele>
				<time>2026-09-10T08:14:08.129Z</time>
			</trkpt>
			<trkpt lat="40.55112" lon="-1.6406">
				<ele>1417.29</ele>
				<time>2026-09-10T08:14:10.334Z</time>
			</trkpt>
			<trkpt lat="40.55148" lon="-1.64216">
				<ele>1423.81</ele>
				<time>2026-09-10T08:14:24.976Z</time>
			</trkpt>
			<trkpt lat="40.55151" lon="-1.64242">
				<ele>1425</ele>
				<time>2026-09-10T08:14:27.411Z</time>
			</trkpt>
			<trkpt lat="40.55151" lon="-1.64262">
				<ele>1424.71</ele>
				<time>2026-09-10T08:14:29.276Z</time>
			</trkpt>
			<trkpt lat="40.55113" lon="-1.64498">
				<ele>1424.48</ele>
				<time>2026-09-10T08:14:52.729Z</time>
			</trkpt>
			<trkpt lat="40.55099" lon="-1.646">
				<ele>1424.83</ele>
				<time>2026-09-10T08:15:03.359Z</time>
			</trkpt>
			<trkpt lat="40.55101" lon="-1.64665">
				<ele>1427.53</ele>
				<time>2026-09-10T08:15:10.205Z</time>
			</trkpt>
			<trkpt lat="40.55107" lon="-1.64671">
				<ele>1429.32</ele>
				<time>2026-09-10T08:15:11.261Z</time>
			</trkpt>
			<trkpt lat="40.55112" lon="-1.64688">
				<ele>1431</ele>
				<time>2026-09-10T08:15:13.209Z</time>
			</trkpt>
			<trkpt lat="40.55111" lon="-1.64703">
				<ele>1431.67</ele>
				<time>2026-09-10T08:15:14.827Z</time>
			</trkpt>
			<trkpt lat="40.55107" lon="-1.64724">
				<ele>1432.33</ele>
				<time>2026-09-10T08:15:17.166Z</time>
			</trkpt>
			<trkpt lat="40.55109" lon="-1.64741">
				<ele>1432.72</ele>
				<time>2026-09-10T08:15:19.036Z</time>
			</trkpt>
			<trkpt lat="40.55091" lon="-1.64827">
				<ele>1434.16</ele>
				<time>2026-09-10T08:15:44.979Z</time>
			</trkpt>
			<trkpt lat="40.55094" lon="-1.64826">
				<ele>1434.68</ele>
				<time>2026-09-10T08:15:48.274Z</time>
			</trkpt>
			<trkpt lat="40.55103" lon="-1.64817">
				<ele>1436.08</ele>
				<time>2026-09-10T08:15:59.007Z</time>
			</trkpt>
			<trkpt lat="40.5511" lon="-1.64804">
				<ele>1436.81</ele>
				<time>2026-09-10T08:16:05.106Z</time>
			</trkpt>
			<trkpt lat="40.55113" lon="-1.64813">
				<ele>1437.56</ele>
				<time>2026-09-10T08:16:07.150Z</time>
			</trkpt>
			<trkpt lat="40.55097" lon="-1.64857">
				<ele>1436.82</ele>
				<time>2026-09-10T08:16:13.983Z</time>
			</trkpt>
			<trkpt lat="40.55085" lon="-1.64885">
				<ele>1436.96</ele>
				<time>2026-09-10T08:16:17.551Z</time>
			</trkpt>
			<trkpt lat="40.55055" lon="-1.64916">
				<ele>1436.85</ele>
				<time>2026-09-10T08:16:24.469Z</time>
			</trkpt>
			<trkpt lat="40.55062" lon="-1.64917">
				<ele>1437.82</ele>
				<time>2026-09-10T08:16:25.765Z</time>
			</trkpt>
			<trkpt lat="40.55073" lon="-1.64913">
				<ele>1438.42</ele>
				<time>2026-09-10T08:16:27.866Z</time>
			</trkpt>
			<trkpt lat="40.55088" lon="-1.6491">
				<ele>1440.24</ele>
				<time>2026-09-10T08:16:30.660Z</time>
			</trkpt>
			<trkpt lat="40.55098" lon="-1.64941">
				<ele>1446.99</ele>
				<time>2026-09-10T08:16:35.371Z</time>
			</trkpt>
			<trkpt lat="40.55099" lon="-1.6496">
				<ele>1449.51</ele>
				<time>2026-09-10T08:16:38.035Z</time>
			</trkpt>
			<trkpt lat="40.55083" lon="-1.65011">
				<ele>1455.14</ele>
				<time>2026-09-10T08:16:45.754Z</time>
			</trkpt>
			<trkpt lat="40.5508" lon="-1.65027">
				<ele>1456.68</ele>
				<time>2026-09-10T08:16:48.059Z</time>
			</trkpt>
			<trkpt lat="40.55084" lon="-1.6504">
				<ele>1457.96</ele>
				<time>2026-09-10T08:16:50.021Z</time>
			</trkpt>
			<trkpt lat="40.5509" lon="-1.65061">
				<ele>1459.23</ele>
				<time>2026-09-10T08:16:53.160Z</time>
			</trkpt>
			<trkpt lat="40.55088" lon="-1.65087">
				<ele>1461.67</ele>
				<time>2026-09-10T08:16:56.815Z</time>
			</trkpt>
			<trkpt lat="40.5508" lon="-1.65088">
				<ele>1461.52</ele>
				<time>2026-09-10T08:16:58.295Z</time>
			</trkpt>
			<trkpt lat="40.55084" lon="-1.65162">
				<ele>1458.5</ele>
				<time>2026-09-10T08:17:08.673Z</time>
			</trkpt>
			<trkpt lat="40.5507" lon="-1.65208">
				<ele>1454.72</ele>
				<time>2026-09-10T08:17:15.606Z</time>
			</trkpt>
			<trkpt lat="40.55063" lon="-1.65203">
				<ele>1453.15</ele>
				<time>2026-09-10T08:17:17.072Z</time>
			</trkpt>
			<trkpt lat="40.55053" lon="-1.65239">
				<ele>1452.83</ele>
				<time>2026-09-10T08:17:22.434Z</time>
			</trkpt>
			<trkpt lat="40.55048" lon="-1.65263">
				<ele>1452.35</ele>
				<time>2026-09-10T08:17:25.915Z</time>
			</trkpt>
			<trkpt lat="40.55039" lon="-1.65288">
				<ele>1450.65</ele>
				<time>2026-09-10T08:17:29.785Z</time>
			</trkpt>
			<trkpt lat="40.5503" lon="-1.65301">
				<ele>1448.67</ele>
				<time>2026-09-10T08:17:32.244Z</time>
			</trkpt>
			<trkpt lat="40.55022" lon="-1.653">
				<ele>1447.37</ele>
				<time>2026-09-10T08:17:33.724Z</time>
			</trkpt>
			<trkpt lat="40.55001" lon="-1.65331">
				<ele>1442.43</ele>
				<time>2026-09-10T08:17:39.531Z</time>
			</trkpt>
			<trkpt lat="40.54994" lon="-1.65365">
				<ele>1439.91</ele>
				<time>2026-09-10T08:17:44.459Z</time>
			</trkpt>
			<trkpt lat="40.5498" lon="-1.6536">
				<ele>1437.58</ele>
				<time>2026-09-10T08:17:47.129Z</time>
			</trkpt>
			<trkpt lat="40.54967" lon="-1.65421">
				<ele>1434.36</ele>
				<time>2026-09-10T08:17:55.992Z</time>
			</trkpt>
			<trkpt lat="40.5495" lon="-1.65437">
				<ele>1432.53</ele>
				<time>2026-09-10T08:17:59.840Z</time>
			</trkpt>
			<trkpt lat="40.54925" lon="-1.65492">
				<ele>1435.4</ele>
				<time>2026-09-10T08:18:08.865Z</time>
			</trkpt>
			<trkpt lat="40.54915" lon="-1.65505">
				<ele>1436.34</ele>
				<time>2026-09-10T08:18:11.559Z</time>
			</trkpt>
			<trkpt lat="40.54895" lon="-1.65515">
				<ele>1437.05</ele>
				<time>2026-09-10T08:18:15.348Z</time>
			</trkpt>
			<trkpt lat="40.54863" lon="-1.65537">
				<ele>1437.07</ele>
				<time>2026-09-10T08:18:21.039Z</time>
			</trkpt>
			<trkpt lat="40.54845" lon="-1.65549">
				<ele>1436.45</ele>
				<time>2026-09-10T08:18:24.176Z</time>
			</trkpt>
			<trkpt lat="40.54831" lon="-1.65563">
				<ele>1436</ele>
				<time>2026-09-10T08:18:26.884Z</time>
			</trkpt>
			<trkpt lat="40.54827" lon="-1.65575">
				<ele>1436</ele>
				<time>2026-09-10T08:18:28.407Z</time>
			</trkpt>
			<trkpt lat="40.54811" lon="-1.65588">
				<ele>1435.83</ele>
				<time>2026-09-10T08:18:31.258Z</time>
			</trkpt>
			<trkpt lat="40.54797" lon="-1.65605">
				<ele>1435.53</ele>
				<time>2026-09-10T08:18:34.114Z</time>
			</trkpt>
			<trkpt lat="40.54775" lon="-1.65646">
				<ele>1437.68</ele>
				<time>2026-09-10T08:18:39.730Z</time>
			</trkpt>
			<trkpt lat="40.54763" lon="-1.65655">
				<ele>1439.91</ele>
				<time>2026-09-10T08:18:41.728Z</time>
			</trkpt>
			<trkpt lat="40.54738" lon="-1.65666">
				<ele>1443.26</ele>
				<time>2026-09-10T08:18:45.486Z</time>
			</trkpt>
			<trkpt lat="40.5471" lon="-1.65688">
				<ele>1445.89</ele>
				<time>2026-09-10T08:18:50.031Z</time>
			</trkpt>
			<trkpt lat="40.54681" lon="-1.65697">
				<ele>1446.56</ele>
				<time>2026-09-10T08:18:54.075Z</time>
			</trkpt>
			<trkpt lat="40.54663" lon="-1.65699">
				<ele>1447.56</ele>
				<time>2026-09-10T08:18:56.475Z</time>
			</trkpt>
			<trkpt lat="40.54641" lon="-1.65703">
				<ele>1450.86</ele>
				<time>2026-09-10T08:18:59.369Z</time>
			</trkpt>
			<trkpt lat="40.54625" lon="-1.65711">
				<ele>1452.56</ele>
				<time>2026-09-10T08:19:01.556Z</time>
			</trkpt>
			<trkpt lat="40.54589" lon="-1.65747">
				<ele>1454.83</ele>
				<time>2026-09-10T08:19:07.143Z</time>
			</trkpt>
			<trkpt lat="40.54573" lon="-1.65767">
				<ele>1455.85</ele>
				<time>2026-09-10T08:19:09.764Z</time>
			</trkpt>
			<trkpt lat="40.54533" lon="-1.65822">
				<ele>1459.33</ele>
				<time>2026-09-10T08:19:16.292Z</time>
			</trkpt>
			<trkpt lat="40.54519" lon="-1.65842">
				<ele>1460.14</ele>
				<time>2026-09-10T08:19:18.496Z</time>
			</trkpt>
			<trkpt lat="40.54517" lon="-1.65854">
				<ele>1461.28</ele>
				<time>2026-09-10T08:19:19.470Z</time>
			</trkpt>
			<trkpt lat="40.54402" lon="-1.65943">
				<ele>1468.31</ele>
				<time>2026-09-10T08:19:31.792Z</time>
			</trkpt>
			<trkpt lat="40.54388" lon="-1.65952">
				<ele>1469.8</ele>
				<time>2026-09-10T08:19:33.106Z</time>
			</trkpt>
			<trkpt lat="40.54366" lon="-1.65957">
				<ele>1471.77</ele>
				<time>2026-09-10T08:19:34.982Z</time>
			</trkpt>
			<trkpt lat="40.54353" lon="-1.6597">
				<ele>1474.31</ele>
				<time>2026-09-10T08:19:36.350Z</time>
			</trkpt>
			<trkpt lat="40.54229" lon="-1.66063">
				<ele>1479.7</ele>
				<time>2026-09-10T08:19:48.138Z</time>
			</trkpt>
			<trkpt lat="40.54151" lon="-1.66148">
				<ele>1490.64</ele>
				<time>2026-09-10T08:19:56.326Z</time>
			</trkpt>
			<trkpt lat="40.54138" lon="-1.66157">
				<ele>1491.64</ele>
				<time>2026-09-10T08:19:57.501Z</time>
			</trkpt>
			<trkpt lat="40.54077" lon="-1.66191">
				<ele>1497.95</ele>
				<time>2026-09-10T08:20:02.765Z</time>
			</trkpt>
			<trkpt lat="40.54012" lon="-1.66215">
				<ele>1504.08</ele>
				<time>2026-09-10T08:20:08.065Z</time>
			</trkpt>
			<trkpt lat="40.53982" lon="-1.66236">
				<ele>1503.71</ele>
				<time>2026-09-10T08:20:10.710Z</time>
			</trkpt>
			<trkpt lat="40.53975" lon="-1.6625">
				<ele>1504.04</ele>
				<time>2026-09-10T08:20:11.697Z</time>
			</trkpt>
			<trkpt lat="40.53975" lon="-1.6627">
				<ele>1506.01</ele>
				<time>2026-09-10T08:20:12.872Z</time>
			</trkpt>
			<trkpt lat="40.53984" lon="-1.66307">
				<ele>1509.77</ele>
				<time>2026-09-10T08:20:15.145Z</time>
			</trkpt>
			<trkpt lat="40.53983" lon="-1.66333">
				<ele>1511.86</ele>
				<time>2026-09-10T08:20:16.661Z</time>
			</trkpt>
			<trkpt lat="40.53978" lon="-1.6635">
				<ele>1512.18</ele>
				<time>2026-09-10T08:20:17.720Z</time>
			</trkpt>
			<trkpt lat="40.53965" lon="-1.66379">
				<ele>1513.24</ele>
				<time>2026-09-10T08:20:19.669Z</time>
			</trkpt>
			<trkpt lat="40.53952" lon="-1.6639">
				<ele>1514.08</ele>
				<time>2026-09-10T08:20:20.842Z</time>
			</trkpt>
			<trkpt lat="40.53938" lon="-1.66391">
				<ele>1515.28</ele>
				<time>2026-09-10T08:20:21.903Z</time>
			</trkpt>
			<trkpt lat="40.53885" lon="-1.66364">
				<ele>1519.68</ele>
				<time>2026-09-10T08:20:26.178Z</time>
			</trkpt>
			<trkpt lat="40.53864" lon="-1.66366">
				<ele>1522.74</ele>
				<time>2026-09-10T08:20:27.750Z</time>
			</trkpt>
			<trkpt lat="40.53846" lon="-1.66375">
				<ele>1524.54</ele>
				<time>2026-09-10T08:20:29.183Z</time>
			</trkpt>
			<trkpt lat="40.53832" lon="-1.66393">
				<ele>1526.1</ele>
				<time>2026-09-10T08:20:30.635Z</time>
			</trkpt>
			<trkpt lat="40.53826" lon="-1.66423">
				<ele>1527</ele>
				<time>2026-09-10T08:20:32.377Z</time>
			</trkpt>
			<trkpt lat="40.53823" lon="-1.66469">
				<ele>1527.77</ele>
				<time>2026-09-10T08:20:34.955Z</time>
			</trkpt>
			<trkpt lat="40.53826" lon="-1.66507">
				<ele>1527.98</ele>
				<time>2026-09-10T08:20:37.077Z</time>
			</trkpt>
			<trkpt lat="40.53825" lon="-1.66522">
				<ele>1529.3</ele>
				<time>2026-09-10T08:20:37.910Z</time>
			</trkpt>
			<trkpt lat="40.53818" lon="-1.66539">
				<ele>1531.93</ele>
				<time>2026-09-10T08:20:38.977Z</time>
			</trkpt>
			<trkpt lat="40.53805" lon="-1.66546">
				<ele>1533.92</ele>
				<time>2026-09-10T08:20:39.995Z</time>
			</trkpt>
			<trkpt lat="40.53754" lon="-1.66559">
				<ele>1536.25</ele>
				<time>2026-09-10T08:20:43.737Z</time>
			</trkpt>
			<trkpt lat="40.5374" lon="-1.66552">
				<ele>1536.36</ele>
				<time>2026-09-10T08:20:44.809Z</time>
			</trkpt>
			<trkpt lat="40.53717" lon="-1.66527">
				<ele>1536.94</ele>
				<time>2026-09-10T08:20:46.936Z</time>
			</trkpt>
			<trkpt lat="40.53689" lon="-1.66506">
				<ele>1541.22</ele>
				<time>2026-09-10T08:20:49.222Z</time>
			</trkpt>
			<trkpt lat="40.53677" lon="-1.66504">
				<ele>1541.7</ele>
				<time>2026-09-10T08:20:50.076Z</time>
			</trkpt>
			<trkpt lat="40.53575" lon="-1.66503">
				<ele>1542.57</ele>
				<time>2026-09-10T08:20:57.207Z</time>
			</trkpt>
			<trkpt lat="40.53527" lon="-1.66494">
				<ele>1550.27</ele>
				<time>2026-09-10T08:21:00.551Z</time>
			</trkpt>
			<trkpt lat="40.53492" lon="-1.66495">
				<ele>1551.77</ele>
				<time>2026-09-10T08:21:02.948Z</time>
			</trkpt>
			<trkpt lat="40.53458" lon="-1.66477">
				<ele>1554.28</ele>
				<time>2026-09-10T08:21:05.440Z</time>
			</trkpt>
			<trkpt lat="40.5342" lon="-1.66434">
				<ele>1555.82</ele>
				<time>2026-09-10T08:21:08.822Z</time>
			</trkpt>
			<trkpt lat="40.53364" lon="-1.66395">
				<ele>1557.77</ele>
				<time>2026-09-10T08:21:13.055Z</time>
			</trkpt>
			<trkpt lat="40.53342" lon="-1.66392">
				<ele>1558.19</ele>
				<time>2026-09-10T08:21:14.521Z</time>
			</trkpt>
			<trkpt lat="40.53271" lon="-1.66396">
				<ele>1559.7</ele>
				<time>2026-09-10T08:21:19.192Z</time>
			</trkpt>
			<trkpt lat="40.53208" lon="-1.66409">
				<ele>1564.64</ele>
				<time>2026-09-10T08:21:23.332Z</time>
			</trkpt>
			<trkpt lat="40.53177" lon="-1.66411">
				<ele>1564.8</ele>
				<time>2026-09-10T08:21:25.331Z</time>
			</trkpt>
			<trkpt lat="40.53154" lon="-1.66425">
				<ele>1564.78</ele>
				<time>2026-09-10T08:21:26.954Z</time>
			</trkpt>
			<trkpt lat="40.53137" lon="-1.6645">
				<ele>1565.35</ele>
				<time>2026-09-10T08:21:28.579Z</time>
			</trkpt>
			<trkpt lat="40.53117" lon="-1.66499">
				<ele>1571.19</ele>
				<time>2026-09-10T08:21:31.258Z</time>
			</trkpt>
			<trkpt lat="40.53091" lon="-1.66526">
				<ele>1574.03</ele>
				<time>2026-09-10T08:21:33.343Z</time>
			</trkpt>
			<trkpt lat="40.53032" lon="-1.66568">
				<ele>1580.96</ele>
				<time>2026-09-10T08:21:37.527Z</time>
			</trkpt>
			<trkpt lat="40.52895" lon="-1.66588">
				<ele>1587.28</ele>
				<time>2026-09-10T08:21:45.966Z</time>
			</trkpt>
			<trkpt lat="40.52871" lon="-1.66578">
				<ele>1586.73</ele>
				<time>2026-09-10T08:21:47.485Z</time>
			</trkpt>
			<trkpt lat="40.52819" lon="-1.6658">
				<ele>1592.79</ele>
				<time>2026-09-10T08:21:50.602Z</time>
			</trkpt>
			<trkpt lat="40.52801" lon="-1.66573">
				<ele>1593.49</ele>
				<time>2026-09-10T08:21:51.719Z</time>
			</trkpt>
			<trkpt lat="40.52791" lon="-1.66563">
				<ele>1591.45</ele>
				<time>2026-09-10T08:21:52.465Z</time>
			</trkpt>
			<trkpt lat="40.52777" lon="-1.66555">
				<ele>1590.98</ele>
				<time>2026-09-10T08:21:53.369Z</time>
			</trkpt>
			<trkpt lat="40.52733" lon="-1.66558">
				<ele>1598.69</ele>
				<time>2026-09-10T08:21:55.963Z</time>
			</trkpt>
			<trkpt lat="40.52579" lon="-1.66591">
				<ele>1611.25</ele>
				<time>2026-09-10T08:22:04.989Z</time>
			</trkpt>
			<trkpt lat="40.52562" lon="-1.6659">
				<ele>1611.28</ele>
				<time>2026-09-10T08:22:05.958Z</time>
			</trkpt>
			<trkpt lat="40.52403" lon="-1.66505">
				<ele>1618.86</ele>
				<time>2026-09-10T08:22:15.568Z</time>
			</trkpt>
			<trkpt lat="40.52384" lon="-1.66499">
				<ele>1620.35</ele>
				<time>2026-09-10T08:22:16.643Z</time>
			</trkpt>
			<trkpt lat="40.52312" lon="-1.66487">
				<ele>1626.81</ele>
				<time>2026-09-10T08:22:20.605Z</time>
			</trkpt>
			<trkpt lat="40.52276" lon="-1.66479">
				<ele>1627.65</ele>
				<time>2026-09-10T08:22:22.579Z</time>
			</trkpt>
			<trkpt lat="40.52201" lon="-1.66476">
				<ele>1631.19</ele>
				<time>2026-09-10T08:22:26.595Z</time>
			</trkpt>
			<trkpt lat="40.52062" lon="-1.66434">
				<ele>1641.73</ele>
				<time>2026-09-10T08:22:34.082Z</time>
			</trkpt>
			<trkpt lat="40.51919" lon="-1.66418">
				<ele>1646.21</ele>
				<time>2026-09-10T08:22:41.428Z</time>
			</trkpt>
			<trkpt lat="40.51891" lon="-1.66418">
				<ele>1646.16</ele>
				<time>2026-09-10T08:22:42.839Z</time>
			</trkpt>
			<trkpt lat="40.51844" lon="-1.66435">
				<ele>1651.54</ele>
				<time>2026-09-10T08:22:45.281Z</time>
			</trkpt>
			<trkpt lat="40.51814" lon="-1.66436">
				<ele>1653.76</ele>
				<time>2026-09-10T08:22:46.773Z</time>
			</trkpt>
			<trkpt lat="40.51737" lon="-1.66418">
				<ele>1654.32</ele>
				<time>2026-09-10T08:22:50.626Z</time>
			</trkpt>
			<trkpt lat="40.51544" lon="-1.66444">
				<ele>1660.44</ele>
				<time>2026-09-10T08:22:59.962Z</time>
			</trkpt>
			<trkpt lat="40.51526" lon="-1.66441">
				<ele>1663.91</ele>
				<time>2026-09-10T08:23:00.819Z</time>
			</trkpt>
			<trkpt lat="40.51492" lon="-1.66423">
				<ele>1665.04</ele>
				<time>2026-09-10T08:23:02.543Z</time>
			</trkpt>
			<trkpt lat="40.51299" lon="-1.66342">
				<ele>1672.28</ele>
				<time>2026-09-10T08:23:11.879Z</time>
			</trkpt>
			<trkpt lat="40.51113" lon="-1.66272">
				<ele>1670.15</ele>
				<time>2026-09-10T08:23:20.504Z</time>
			</trkpt>
			<trkpt lat="40.51052" lon="-1.66242">
				<ele>1672.91</ele>
				<time>2026-09-10T08:23:23.347Z</time>
			</trkpt>
			<trkpt lat="40.50883" lon="-1.66166">
				<ele>1667.41</ele>
				<time>2026-09-10T08:23:30.989Z</time>
			</trkpt>
			<trkpt lat="40.50745" lon="-1.66116">
				<ele>1663.04</ele>
				<time>2026-09-10T08:23:36.960Z</time>
			</trkpt>
			<trkpt lat="40.50599" lon="-1.66053">
				<ele>1661.42</ele>
				<time>2026-09-10T08:23:43.224Z</time>
			</trkpt>
			<trkpt lat="40.50371" lon="-1.65958">
				<ele>1645.81</ele>
				<time>2026-09-10T08:23:52.690Z</time>
			</trkpt>
			<trkpt lat="40.50146" lon="-1.65869">
				<ele>1626.32</ele>
				<time>2026-09-10T08:24:01.678Z</time>
			</trkpt>
			<trkpt lat="40.50022" lon="-1.65814">
				<ele>1626.21</ele>
				<time>2026-09-10T08:24:06.560Z</time>
			</trkpt>
			<trkpt lat="40.49816" lon="-1.65727">
				<ele>1634.9</ele>
				<time>2026-09-10T08:24:14.452Z</time>
			</trkpt>
			<trkpt lat="40.48775" lon="-1.65297">
				<ele>1685.13</ele>
				<time>2026-09-10T08:24:51.532Z</time>
			</trkpt>
			<trkpt lat="40.48718" lon="-1.65272">
				<ele>1691.47</ele>
				<time>2026-09-10T08:24:53.475Z</time>
			</trkpt>
			<trkpt lat="40.48395" lon="-1.65137">
				<ele>1696.6</ele>
				<time>2026-09-10T08:25:04.305Z</time>
			</trkpt>
			<trkpt lat="40.4838" lon="-1.65125">
				<ele>1694.08</ele>
				<time>2026-09-10T08:25:04.861Z</time>
			</trkpt>
			<trkpt lat="40.48369" lon="-1.6511">
				<ele>1691.85</ele>
				<time>2026-09-10T08:25:05.362Z</time>
			</trkpt>
			<trkpt lat="40.48357" lon="-1.65083">
				<ele>1690.7</ele>
				<time>2026-09-10T08:25:06.114Z</time>
			</trkpt>
			<trkpt lat="40.48336" lon="-1.65041">
				<ele>1688.07</ele>
				<time>2026-09-10T08:25:07.322Z</time>
			</trkpt>
			<trkpt lat="40.48331" lon="-1.65025">
				<ele>1686.63</ele>
				<time>2026-09-10T08:25:07.737Z</time>
			</trkpt>
			<trkpt lat="40.48329" lon="-1.6501">
				<ele>1685.17</ele>
				<time>2026-09-10T08:25:08.102Z</time>
			</trkpt>
			<trkpt lat="40.48332" lon="-1.64963">
				<ele>1681.17</ele>
				<time>2026-09-10T08:25:09.233Z</time>
			</trkpt>
			<trkpt lat="40.4833" lon="-1.64953">
				<ele>1680.3</ele>
				<time>2026-09-10T08:25:09.481Z</time>
			</trkpt>
			<trkpt lat="40.48326" lon="-1.64941">
				<ele>1679.45</ele>
				<time>2026-09-10T08:25:09.794Z</time>
			</trkpt>
			<trkpt lat="40.48289" lon="-1.64898">
				<ele>1678.01</ele>
				<time>2026-09-10T08:25:11.348Z</time>
			</trkpt>
			<trkpt lat="40.48264" lon="-1.64848">
				<ele>1674.8</ele>
				<time>2026-09-10T08:25:12.777Z</time>
			</trkpt>
			<trkpt lat="40.48255" lon="-1.64805">
				<ele>1673.15</ele>
				<time>2026-09-10T08:25:13.841Z</time>
			</trkpt>
			<trkpt lat="40.48253" lon="-1.64767">
				<ele>1673.05</ele>
				<time>2026-09-10T08:25:14.750Z</time>
			</trkpt>
			<trkpt lat="40.48246" lon="-1.64739">
				<ele>1673.55</ele>
				<time>2026-09-10T08:25:15.452Z</time>
			</trkpt>
			<trkpt lat="40.48237" lon="-1.64718">
				<ele>1674.95</ele>
				<time>2026-09-10T08:25:16.027Z</time>
			</trkpt>
			<trkpt lat="40.48224" lon="-1.64698">
				<ele>1675.96</ele>
				<time>2026-09-10T08:25:16.653Z</time>
			</trkpt>
			<trkpt lat="40.48209" lon="-1.64685">
				<ele>1676.09</ele>
				<time>2026-09-10T08:25:17.215Z</time>
			</trkpt>
			<trkpt lat="40.48187" lon="-1.64677">
				<ele>1677.12</ele>
				<time>2026-09-10T08:25:17.930Z</time>
			</trkpt>
			<trkpt lat="40.48127" lon="-1.64674">
				<ele>1671.55</ele>
				<time>2026-09-10T08:25:19.807Z</time>
			</trkpt>
			<trkpt lat="40.48013" lon="-1.6465">
				<ele>1666.35</ele>
				<time>2026-09-10T08:25:23.414Z</time>
			</trkpt>
			<trkpt lat="40.47973" lon="-1.64632">
				<ele>1664.38</ele>
				<time>2026-09-10T08:25:24.735Z</time>
			</trkpt>
			<trkpt lat="40.47926" lon="-1.6461">
				<ele>1658.07</ele>
				<time>2026-09-10T08:25:26.293Z</time>
			</trkpt>
			<trkpt lat="40.47888" lon="-1.64583">
				<ele>1660.25</ele>
				<time>2026-09-10T08:25:27.642Z</time>
			</trkpt>
			<trkpt lat="40.47823" lon="-1.64561">
				<ele>1652.67</ele>
				<time>2026-09-10T08:25:29.738Z</time>
			</trkpt>
			<trkpt lat="40.47685" lon="-1.64492">
				<ele>1644.65</ele>
				<time>2026-09-10T08:25:34.356Z</time>
			</trkpt>
			<trkpt lat="40.47637" lon="-1.64457">
				<ele>1639.02</ele>
				<time>2026-09-10T08:25:36.076Z</time>
			</trkpt>
			<trkpt lat="40.47586" lon="-1.64414">
				<ele>1643.33</ele>
				<time>2026-09-10T08:25:37.977Z</time>
			</trkpt>
			<trkpt lat="40.47422" lon="-1.64261">
				<ele>1644.54</ele>
				<time>2026-09-10T08:25:44.310Z</time>
			</trkpt>
			<trkpt lat="40.47364" lon="-1.64161">
				<ele>1643.24</ele>
				<time>2026-09-10T08:25:47.340Z</time>
			</trkpt>
			<trkpt lat="40.4734" lon="-1.64037">
				<ele>1637.28</ele>
				<time>2026-09-10T08:25:50.435Z</time>
			</trkpt>
			<trkpt lat="40.47331" lon="-1.63961">
				<ele>1641.83</ele>
				<time>2026-09-10T08:25:52.304Z</time>
			</trkpt>
			<trkpt lat="40.47206" lon="-1.63683">
				<ele>1629.43</ele>
				<time>2026-09-10T08:26:00.218Z</time>
			</trkpt>
			<trkpt lat="40.47177" lon="-1.63628">
				<ele>1626.58</ele>
				<time>2026-09-10T08:26:01.874Z</time>
			</trkpt>
			<trkpt lat="40.47156" lon="-1.63596">
				<ele>1625.78</ele>
				<time>2026-09-10T08:26:02.923Z</time>
			</trkpt>
			<trkpt lat="40.47132" lon="-1.63564">
				<ele>1624.05</ele>
				<time>2026-09-10T08:26:04.042Z</time>
			</trkpt>
			<trkpt lat="40.47098" lon="-1.63534">
				<ele>1617.59</ele>
				<time>2026-09-10T08:26:05.385Z</time>
			</trkpt>
			<trkpt lat="40.47071" lon="-1.63506">
				<ele>1616.16</ele>
				<time>2026-09-10T08:26:06.516Z</time>
			</trkpt>
			<trkpt lat="40.47041" lon="-1.6348">
				<ele>1615.63</ele>
				<time>2026-09-10T08:26:07.702Z</time>
			</trkpt>
			<trkpt lat="40.46985" lon="-1.63458">
				<ele>1613.21</ele>
				<time>2026-09-10T08:26:09.638Z</time>
			</trkpt>
			<trkpt lat="40.4696" lon="-1.63453">
				<ele>1611.3</ele>
				<time>2026-09-10T08:26:10.478Z</time>
			</trkpt>
			<trkpt lat="40.46933" lon="-1.63451">
				<ele>1610.21</ele>
				<time>2026-09-10T08:26:11.379Z</time>
			</trkpt>
			<trkpt lat="40.46908" lon="-1.63457">
				<ele>1609.2</ele>
				<time>2026-09-10T08:26:12.228Z</time>
			</trkpt>
			<trkpt lat="40.46866" lon="-1.63481">
				<ele>1609.2</ele>
				<time>2026-09-10T08:26:13.762Z</time>
			</trkpt>
			<trkpt lat="40.46855" lon="-1.6348">
				<ele>1609.94</ele>
				<time>2026-09-10T08:26:14.133Z</time>
			</trkpt>
			<trkpt lat="40.46845" lon="-1.63473">
				<ele>1609.99</ele>
				<time>2026-09-10T08:26:14.514Z</time>
			</trkpt>
			<trkpt lat="40.4684" lon="-1.63466">
				<ele>1609.38</ele>
				<time>2026-09-10T08:26:14.760Z</time>
			</trkpt>
			<trkpt lat="40.46836" lon="-1.63454">
				<ele>1608.02</ele>
				<time>2026-09-10T08:26:15.095Z</time>
			</trkpt>
			<trkpt lat="40.46835" lon="-1.63437">
				<ele>1606.23</ele>
				<time>2026-09-10T08:26:15.533Z</time>
			</trkpt>
			<trkpt lat="40.46889" lon="-1.63258">
				<ele>1596.6</ele>
				<time>2026-09-10T08:26:20.510Z</time>
			</trkpt>
			<trkpt lat="40.46892" lon="-1.63222">
				<ele>1593.64</ele>
				<time>2026-09-10T08:26:21.455Z</time>
			</trkpt>
			<trkpt lat="40.46885" lon="-1.63152">
				<ele>1587.76</ele>
				<time>2026-09-10T08:26:23.303Z</time>
			</trkpt>
			<trkpt lat="40.46886" lon="-1.63138">
				<ele>1586.84</ele>
				<time>2026-09-10T08:26:23.673Z</time>
			</trkpt>
			<trkpt lat="40.4689" lon="-1.63124">
				<ele>1586.6</ele>
				<time>2026-09-10T08:26:24.066Z</time>
			</trkpt>
			<trkpt lat="40.46901" lon="-1.63112">
				<ele>1586.96</ele>
				<time>2026-09-10T08:26:24.561Z</time>
			</trkpt>
			<trkpt lat="40.46913" lon="-1.63109">
				<ele>1587.25</ele>
				<time>2026-09-10T08:26:24.985Z</time>
			</trkpt>
			<trkpt lat="40.46927" lon="-1.63107">
				<ele>1587.29</ele>
				<time>2026-09-10T08:26:25.474Z</time>
			</trkpt>
			<trkpt lat="40.47013" lon="-1.63133">
				<ele>1588.07</ele>
				<time>2026-09-10T08:26:28.556Z</time>
			</trkpt>
			<trkpt lat="40.47094" lon="-1.63125">
				<ele>1587.27</ele>
				<time>2026-09-10T08:26:31.420Z</time>
			</trkpt>
			<trkpt lat="40.47107" lon="-1.63119">
				<ele>1587.12</ele>
				<time>2026-09-10T08:26:31.908Z</time>
			</trkpt>
			<trkpt lat="40.47138" lon="-1.63097">
				<ele>1584.81</ele>
				<time>2026-09-10T08:26:33.161Z</time>
			</trkpt>
			<trkpt lat="40.47167" lon="-1.63083">
				<ele>1582.91</ele>
				<time>2026-09-10T08:26:34.264Z</time>
			</trkpt>
			<trkpt lat="40.47179" lon="-1.63067">
				<ele>1582.16</ele>
				<time>2026-09-10T08:26:34.876Z</time>
			</trkpt>
			<trkpt lat="40.47204" lon="-1.62987">
				<ele>1577.49</ele>
				<time>2026-09-10T08:26:37.243Z</time>
			</trkpt>
			<trkpt lat="40.47205" lon="-1.62973">
				<ele>1576.55</ele>
				<time>2026-09-10T08:26:37.630Z</time>
			</trkpt>
			<trkpt lat="40.47203" lon="-1.62958">
				<ele>1576.8</ele>
				<time>2026-09-10T08:26:38.049Z</time>
			</trkpt>
			<trkpt lat="40.47184" lon="-1.62906">
				<ele>1576.81</ele>
				<time>2026-09-10T08:26:39.643Z</time>
			</trkpt>
			<trkpt lat="40.47176" lon="-1.62892">
				<ele>1576.56</ele>
				<time>2026-09-10T08:26:40.129Z</time>
			</trkpt>
			<trkpt lat="40.47062" lon="-1.62783">
				<ele>1575.59</ele>
				<time>2026-09-10T08:26:45.319Z</time>
			</trkpt>
			<trkpt lat="40.46953" lon="-1.62692">
				<ele>1572.95</ele>
				<time>2026-09-10T08:26:50.160Z</time>
			</trkpt>
			<trkpt lat="40.46876" lon="-1.6264">
				<ele>1568.7</ele>
				<time>2026-09-10T08:26:53.453Z</time>
			</trkpt>
			<trkpt lat="40.46814" lon="-1.62584">
				<ele>1568.17</ele>
				<time>2026-09-10T08:26:56.347Z</time>
			</trkpt>
			<trkpt lat="40.46779" lon="-1.62565">
				<ele>1567.05</ele>
				<time>2026-09-10T08:26:57.816Z</time>
			</trkpt>
			<trkpt lat="40.46713" lon="-1.62521">
				<ele>1573.58</ele>
				<time>2026-09-10T08:27:00.709Z</time>
			</trkpt>
			<trkpt lat="40.46621" lon="-1.62471">
				<ele>1568.84</ele>
				<time>2026-09-10T08:27:04.652Z</time>
			</trkpt>
			<trkpt lat="40.46606" lon="-1.6246">
				<ele>1568.14</ele>
				<time>2026-09-10T08:27:05.338Z</time>
			</trkpt>
			<trkpt lat="40.46589" lon="-1.62442">
				<ele>1569.68</ele>
				<time>2026-09-10T08:27:06.212Z</time>
			</trkpt>
			<trkpt lat="40.46539" lon="-1.62368">
				<ele>1563.47</ele>
				<time>2026-09-10T08:27:09.251Z</time>
			</trkpt>
			<trkpt lat="40.46491" lon="-1.62287">
				<ele>1560.39</ele>
				<time>2026-09-10T08:27:12.440Z</time>
			</trkpt>
			<trkpt lat="40.46476" lon="-1.62246">
				<ele>1561.43</ele>
				<time>2026-09-10T08:27:13.866Z</time>
			</trkpt>
			<trkpt lat="40.4645" lon="-1.62195">
				<ele>1564.14</ele>
				<time>2026-09-10T08:27:15.801Z</time>
			</trkpt>
			<trkpt lat="40.46442" lon="-1.62169">
				<ele>1564.05</ele>
				<time>2026-09-10T08:27:16.690Z</time>
			</trkpt>
			<trkpt lat="40.46427" lon="-1.62112">
				<ele>1564.69</ele>
				<time>2026-09-10T08:27:18.613Z</time>
			</trkpt>
			<trkpt lat="40.4642" lon="-1.62041">
				<ele>1565.48</ele>
				<time>2026-09-10T08:27:20.912Z</time>
			</trkpt>
			<trkpt lat="40.46425" lon="-1.6189">
				<ele>1557.71</ele>
				<time>2026-09-10T08:27:25.834Z</time>
			</trkpt>
			<trkpt lat="40.46429" lon="-1.61872">
				<ele>1555.88</ele>
				<time>2026-09-10T08:27:26.450Z</time>
			</trkpt>
			<trkpt lat="40.46437" lon="-1.61863">
				<ele>1556.02</ele>
				<time>2026-09-10T08:27:26.907Z</time>
			</trkpt>
			<trkpt lat="40.46492" lon="-1.61854">
				<ele>1565.82</ele>
				<time>2026-09-10T08:27:29.321Z</time>
			</trkpt>
			<trkpt lat="40.46508" lon="-1.61848">
				<ele>1566.34</ele>
				<time>2026-09-10T08:27:30.050Z</time>
			</trkpt>
			<trkpt lat="40.46581" lon="-1.61778">
				<ele>1561.28</ele>
				<time>2026-09-10T08:27:34.045Z</time>
			</trkpt>
			<trkpt lat="40.46606" lon="-1.61765">
				<ele>1561.23</ele>
				<time>2026-09-10T08:27:35.245Z</time>
			</trkpt>
			<trkpt lat="40.46638" lon="-1.61769">
				<ele>1567.04</ele>
				<time>2026-09-10T08:27:36.687Z</time>
			</trkpt>
			<trkpt lat="40.46649" lon="-1.61768">
				<ele>1567.53</ele>
				<time>2026-09-10T08:27:37.184Z</time>
			</trkpt>
			<trkpt lat="40.46656" lon="-1.61762">
				<ele>1566.27</ele>
				<time>2026-09-10T08:27:37.560Z</time>
			</trkpt>
			<trkpt lat="40.46712" lon="-1.61692">
				<ele>1557.41</ele>
				<time>2026-09-10T08:27:41.070Z</time>
			</trkpt>
			<trkpt lat="40.46726" lon="-1.6168">
				<ele>1557.52</ele>
				<time>2026-09-10T08:27:41.835Z</time>
			</trkpt>
			<trkpt lat="40.46753" lon="-1.61673">
				<ele>1558.06</ele>
				<time>2026-09-10T08:27:43.100Z</time>
			</trkpt>
			<trkpt lat="40.46782" lon="-1.61671">
				<ele>1559.03</ele>
				<time>2026-09-10T08:27:44.440Z</time>
			</trkpt>
			<trkpt lat="40.46826" lon="-1.61678">
				<ele>1560.11</ele>
				<time>2026-09-10T08:27:46.499Z</time>
			</trkpt>
			<trkpt lat="40.46841" lon="-1.61685">
				<ele>1560.16</ele>
				<time>2026-09-10T08:27:47.242Z</time>
			</trkpt>
			<trkpt lat="40.46857" lon="-1.61709">
				<ele>1561.17</ele>
				<time>2026-09-10T08:27:48.380Z</time>
			</trkpt>
			<trkpt lat="40.46893" lon="-1.61805">
				<ele>1570.41</ele>
				<time>2026-09-10T08:27:52.230Z</time>
			</trkpt>
			<trkpt lat="40.46903" lon="-1.61817">
				<ele>1570.38</ele>
				<time>2026-09-10T08:27:52.875Z</time>
			</trkpt>
			<trkpt lat="40.46914" lon="-1.61823">
				<ele>1567.64</ele>
				<time>2026-09-10T08:27:53.444Z</time>
			</trkpt>
			<trkpt lat="40.46924" lon="-1.61819">
				<ele>1565.74</ele>
				<time>2026-09-10T08:27:53.944Z</time>
			</trkpt>
			<trkpt lat="40.46931" lon="-1.61811">
				<ele>1563.77</ele>
				<time>2026-09-10T08:27:54.389Z</time>
			</trkpt>
			<trkpt lat="40.46951" lon="-1.61785">
				<ele>1560.39</ele>
				<time>2026-09-10T08:27:55.742Z</time>
			</trkpt>
			<trkpt lat="40.46957" lon="-1.61771">
				<ele>1559.79</ele>
				<time>2026-09-10T08:27:56.332Z</time>
			</trkpt>
			<trkpt lat="40.46976" lon="-1.61696">
				<ele>1554.48</ele>
				<time>2026-09-10T08:27:59.252Z</time>
			</trkpt>
			<trkpt lat="40.46989" lon="-1.61673">
				<ele>1551.77</ele>
				<time>2026-09-10T08:28:00.319Z</time>
			</trkpt>
			<trkpt lat="40.47009" lon="-1.61657">
				<ele>1552.03</ele>
				<time>2026-09-10T08:28:01.468Z</time>
			</trkpt>
			<trkpt lat="40.47059" lon="-1.6165">
				<ele>1554.08</ele>
				<time>2026-09-10T08:28:03.954Z</time>
			</trkpt>
			<trkpt lat="40.47087" lon="-1.61653">
				<ele>1551.33</ele>
				<time>2026-09-10T08:28:05.352Z</time>
			</trkpt>
			<trkpt lat="40.47114" lon="-1.61672">
				<ele>1556.86</ele>
				<time>2026-09-10T08:28:06.884Z</time>
			</trkpt>
			<trkpt lat="40.47127" lon="-1.61677">
				<ele>1560.19</ele>
				<time>2026-09-10T08:28:07.564Z</time>
			</trkpt>
			<trkpt lat="40.47139" lon="-1.6167">
				<ele>1559.91</ele>
				<time>2026-09-10T08:28:08.224Z</time>
			</trkpt>
			<trkpt lat="40.47157" lon="-1.61623">
				<ele>1552.75</ele>
				<time>2026-09-10T08:28:10.249Z</time>
			</trkpt>
			<trkpt lat="40.47168" lon="-1.61615">
				<ele>1551.96</ele>
				<time>2026-09-10T08:28:10.887Z</time>
			</trkpt>
			<trkpt lat="40.47182" lon="-1.61618">
				<ele>1554.29</ele>
				<time>2026-09-10T08:28:11.610Z</time>
			</trkpt>
			<trkpt lat="40.47198" lon="-1.61625">
				<ele>1558.05</ele>
				<time>2026-09-10T08:28:12.471Z</time>
			</trkpt>
			<trkpt lat="40.47209" lon="-1.61624">
				<ele>1559.27</ele>
				<time>2026-09-10T08:28:13.035Z</time>
			</trkpt>
			<trkpt lat="40.47221" lon="-1.61617">
				<ele>1559.88</ele>
				<time>2026-09-10T08:28:13.708Z</time>
			</trkpt>
			<trkpt lat="40.47231" lon="-1.61591">
				<ele>1561.53</ele>
				<time>2026-09-10T08:28:14.849Z</time>
			</trkpt>
			<trkpt lat="40.47234" lon="-1.6158">
				<ele>1561.94</ele>
				<time>2026-09-10T08:28:15.307Z</time>
			</trkpt>
			<trkpt lat="40.47233" lon="-1.61567">
				<ele>1562.14</ele>
				<time>2026-09-10T08:28:15.821Z</time>
			</trkpt>
			<trkpt lat="40.47226" lon="-1.61554">
				<ele>1560.22</ele>
				<time>2026-09-10T08:28:16.449Z</time>
			</trkpt>
			<trkpt lat="40.47196" lon="-1.61525">
				<ele>1559.54</ele>
				<time>2026-09-10T08:28:18.385Z</time>
			</trkpt>
			<trkpt lat="40.47174" lon="-1.6151">
				<ele>1559.11</ele>
				<time>2026-09-10T08:28:19.681Z</time>
			</trkpt>
			<trkpt lat="40.47125" lon="-1.61501">
				<ele>1553.34</ele>
				<time>2026-09-10T08:28:22.286Z</time>
			</trkpt>
			<trkpt lat="40.47035" lon="-1.61466">
				<ele>1557.66</ele>
				<time>2026-09-10T08:28:27.290Z</time>
			</trkpt>
			<trkpt lat="40.46985" lon="-1.61461">
				<ele>1552.06</ele>
				<time>2026-09-10T08:28:29.998Z</time>
			</trkpt>
			<trkpt lat="40.46959" lon="-1.6145">
				<ele>1553.7</ele>
				<time>2026-09-10T08:28:31.484Z</time>
			</trkpt>
			<trkpt lat="40.46928" lon="-1.61419">
				<ele>1562.23</ele>
				<time>2026-09-10T08:28:33.614Z</time>
			</trkpt>
			<trkpt lat="40.46867" lon="-1.61395">
				<ele>1549</ele>
				<time>2026-09-10T08:28:37.130Z</time>
			</trkpt>
			<trkpt lat="40.46763" lon="-1.61339">
				<ele>1542.01</ele>
				<time>2026-09-10T08:28:43.434Z</time>
			</trkpt>
			<trkpt lat="40.46699" lon="-1.61292">
				<ele>1539.94</ele>
				<time>2026-09-10T08:28:47.615Z</time>
			</trkpt>
			<trkpt lat="40.46693" lon="-1.61282">
				<ele>1541.02</ele>
				<time>2026-09-10T08:28:48.172Z</time>
			</trkpt>
			<trkpt lat="40.46689" lon="-1.61267">
				<ele>1541.07</ele>
				<time>2026-09-10T08:28:48.868Z</time>
			</trkpt>
			<trkpt lat="40.46689" lon="-1.61239">
				<ele>1541.56</ele>
				<time>2026-09-10T08:28:50.098Z</time>
			</trkpt>
			<trkpt lat="40.46684" lon="-1.61223">
				<ele>1540.95</ele>
				<time>2026-09-10T08:28:50.860Z</time>
			</trkpt>
			<trkpt lat="40.46676" lon="-1.6121">
				<ele>1541.68</ele>
				<time>2026-09-10T08:28:51.599Z</time>
			</trkpt>
			<trkpt lat="40.46667" lon="-1.61202">
				<ele>1541.41</ele>
				<time>2026-09-10T08:28:52.231Z</time>
			</trkpt>
			<trkpt lat="40.46659" lon="-1.61198">
				<ele>1540.69</ele>
				<time>2026-09-10T08:28:52.730Z</time>
			</trkpt>
			<trkpt lat="40.46613" lon="-1.61194">
				<ele>1533.87</ele>
				<time>2026-09-10T08:28:55.430Z</time>
			</trkpt>
			<trkpt lat="40.46482" lon="-1.61153">
				<ele>1519.91</ele>
				<time>2026-09-10T08:29:03.448Z</time>
			</trkpt>
			<trkpt lat="40.46445" lon="-1.61132">
				<ele>1518.47</ele>
				<time>2026-09-10T08:29:05.886Z</time>
			</trkpt>
			<trkpt lat="40.46411" lon="-1.61099">
				<ele>1521.61</ele>
				<time>2026-09-10T08:29:08.462Z</time>
			</trkpt>
			<trkpt lat="40.46373" lon="-1.61056">
				<ele>1517.84</ele>
				<time>2026-09-10T08:29:11.543Z</time>
			</trkpt>
			<trkpt lat="40.46341" lon="-1.61009">
				<ele>1516.68</ele>
				<time>2026-09-10T08:29:14.518Z</time>
			</trkpt>
			<trkpt lat="40.46326" lon="-1.60972">
				<ele>1516.48</ele>
				<time>2026-09-10T08:29:16.510Z</time>
			</trkpt>
			<trkpt lat="40.46313" lon="-1.60915">
				<ele>1513.92</ele>
				<time>2026-09-10T08:29:19.357Z</time>
			</trkpt>
			<trkpt lat="40.46302" lon="-1.60835">
				<ele>1508.65</ele>
				<time>2026-09-10T08:29:23.285Z</time>
			</trkpt>
			<trkpt lat="40.463" lon="-1.60761">
				<ele>1503.56</ele>
				<time>2026-09-10T08:29:26.901Z</time>
			</trkpt>
			<trkpt lat="40.46306" lon="-1.60707">
				<ele>1503.9</ele>
				<time>2026-09-10T08:29:29.589Z</time>
			</trkpt>
			<trkpt lat="40.46317" lon="-1.60674">
				<ele>1506.63</ele>
				<time>2026-09-10T08:29:31.375Z</time>
			</trkpt>
			<trkpt lat="40.46318" lon="-1.60659">
				<ele>1506.83</ele>
				<time>2026-09-10T08:29:32.124Z</time>
			</trkpt>
			<trkpt lat="40.46307" lon="-1.60629">
				<ele>1504.75</ele>
				<time>2026-09-10T08:29:33.786Z</time>
			</trkpt>
			<trkpt lat="40.46274" lon="-1.60569">
				<ele>1499.56</ele>
				<time>2026-09-10T08:29:37.509Z</time>
			</trkpt>
			<trkpt lat="40.46261" lon="-1.60529">
				<ele>1500.36</ele>
				<time>2026-09-10T08:29:39.714Z</time>
			</trkpt>
			<trkpt lat="40.46251" lon="-1.60475">
				<ele>1503.42</ele>
				<time>2026-09-10T08:29:42.550Z</time>
			</trkpt>
			<trkpt lat="40.46209" lon="-1.60384">
				<ele>1505.23</ele>
				<time>2026-09-10T08:29:48.042Z</time>
			</trkpt>
			<trkpt lat="40.46177" lon="-1.60339">
				<ele>1507.58</ele>
				<time>2026-09-10T08:29:51.258Z</time>
			</trkpt>
			<trkpt lat="40.46139" lon="-1.60299">
				<ele>1502.39</ele>
				<time>2026-09-10T08:29:54.627Z</time>
			</trkpt>
			<trkpt lat="40.46082" lon="-1.60207">
				<ele>1495.57</ele>
				<time>2026-09-10T08:30:00.953Z</time>
			</trkpt>
			<trkpt lat="40.46064" lon="-1.6019">
				<ele>1496.63</ele>
				<time>2026-09-10T08:30:02.522Z</time>
			</trkpt>
			<trkpt lat="40.45902" lon="-1.60057">
				<ele>1492.55</ele>
				<time>2026-09-10T08:30:16.304Z</time>
			</trkpt>
			<trkpt lat="40.45856" lon="-1.60025">
				<ele>1481.12</ele>
				<time>2026-09-10T08:30:20.142Z</time>
			</trkpt>
			<trkpt lat="40.45838" lon="-1.60018">
				<ele>1476.64</ele>
				<time>2026-09-10T08:30:21.535Z</time>
			</trkpt>
			<trkpt lat="40.45824" lon="-1.60021">
				<ele>1476.67</ele>
				<time>2026-09-10T08:30:22.590Z</time>
			</trkpt>
			<trkpt lat="40.4581" lon="-1.6003">
				<ele>1478.04</ele>
				<time>2026-09-10T08:30:23.753Z</time>
			</trkpt>
			<trkpt lat="40.45746" lon="-1.60103">
				<ele>1482.26</ele>
				<time>2026-09-10T08:30:30.134Z</time>
			</trkpt>
			<trkpt lat="40.45736" lon="-1.60109">
				<ele>1480.35</ele>
				<time>2026-09-10T08:30:30.969Z</time>
			</trkpt>
			<trkpt lat="40.45724" lon="-1.60108">
				<ele>1477.31</ele>
				<time>2026-09-10T08:30:31.884Z</time>
			</trkpt>
			<trkpt lat="40.45709" lon="-1.60098">
				<ele>1475.11</ele>
				<time>2026-09-10T08:30:33.167Z</time>
			</trkpt>
			<trkpt lat="40.45697" lon="-1.60086">
				<ele>1473.37</ele>
				<time>2026-09-10T08:30:34.320Z</time>
			</trkpt>
			<trkpt lat="40.45667" lon="-1.6004">
				<ele>1470.85</ele>
				<time>2026-09-10T08:30:37.866Z</time>
			</trkpt>
			<trkpt lat="40.4565" lon="-1.6002">
				<ele>1467.34</ele>
				<time>2026-09-10T08:30:39.632Z</time>
			</trkpt>
			<trkpt lat="40.4564" lon="-1.60014">
				<ele>1465.69</ele>
				<time>2026-09-10T08:30:40.485Z</time>
			</trkpt>
			<trkpt lat="40.45632" lon="-1.60014">
				<ele>1464.92</ele>
				<time>2026-09-10T08:30:41.107Z</time>
			</trkpt>
			<trkpt lat="40.45624" lon="-1.60023">
				<ele>1464.95</ele>
				<time>2026-09-10T08:30:41.928Z</time>
			</trkpt>
			<trkpt lat="40.45619" lon="-1.60041">
				<ele>1465.45</ele>
				<time>2026-09-10T08:30:43.066Z</time>
			</trkpt>
			<trkpt lat="40.45609" lon="-1.60115">
				<ele>1467.7</ele>
				<time>2026-09-10T08:30:47.558Z</time>
			</trkpt>
			<trkpt lat="40.45603" lon="-1.60137">
				<ele>1468.31</ele>
				<time>2026-09-10T08:30:48.964Z</time>
			</trkpt>
			<trkpt lat="40.45593" lon="-1.60151">
				<ele>1468.59</ele>
				<time>2026-09-10T08:30:50.123Z</time>
			</trkpt>
			<trkpt lat="40.4558" lon="-1.60157">
				<ele>1468.01</ele>
				<time>2026-09-10T08:30:51.219Z</time>
			</trkpt>
			<trkpt lat="40.45561" lon="-1.60158">
				<ele>1466.56</ele>
				<time>2026-09-10T08:30:52.735Z</time>
			</trkpt>
			<trkpt lat="40.45436" lon="-1.60142">
				<ele>1460.17</ele>
				<time>2026-09-10T08:31:02.877Z</time>
			</trkpt>
			<trkpt lat="40.4542" lon="-1.60135">
				<ele>1459.58</ele>
				<time>2026-09-10T08:31:04.256Z</time>
			</trkpt>
			<trkpt lat="40.45408" lon="-1.60126">
				<ele>1458.33</ele>
				<time>2026-09-10T08:31:05.389Z</time>
			</trkpt>
			<trkpt lat="40.4526" lon="-1.59999">
				<ele>1443.46</ele>
				<time>2026-09-10T08:31:20.127Z</time>
			</trkpt>
			<trkpt lat="40.4525" lon="-1.59991">
				<ele>1442.99</ele>
				<time>2026-09-10T08:31:21.119Z</time>
			</trkpt>
			<trkpt lat="40.45234" lon="-1.59986">
				<ele>1440.65</ele>
				<time>2026-09-10T08:31:22.517Z</time>
			</trkpt>
			<trkpt lat="40.45218" lon="-1.59987">
				<ele>1438.82</ele>
				<time>2026-09-10T08:31:23.882Z</time>
			</trkpt>
			<trkpt lat="40.45203" lon="-1.59996">
				<ele>1437.86</ele>
				<time>2026-09-10T08:31:25.291Z</time>
			</trkpt>
			<trkpt lat="40.45151" lon="-1.60058">
				<ele>1436.45</ele>
				<time>2026-09-10T08:31:31.336Z</time>
			</trkpt>
			<trkpt lat="40.45127" lon="-1.60073">
				<ele>1436.25</ele>
				<time>2026-09-10T08:31:33.644Z</time>
			</trkpt>
			<trkpt lat="40.45108" lon="-1.60079">
				<ele>1436.43</ele>
				<time>2026-09-10T08:31:35.347Z</time>
			</trkpt>
			<trkpt lat="40.45093" lon="-1.60077">
				<ele>1437.14</ele>
				<time>2026-09-10T08:31:36.665Z</time>
			</trkpt>
			<trkpt lat="40.45084" lon="-1.60073">
				<ele>1437.02</ele>
				<time>2026-09-10T08:31:37.498Z</time>
			</trkpt>
			<trkpt lat="40.45079" lon="-1.60064">
				<ele>1435.54</ele>
				<time>2026-09-10T08:31:38.242Z</time>
			</trkpt>
			<trkpt lat="40.45078" lon="-1.60053">
				<ele>1433.66</ele>
				<time>2026-09-10T08:31:38.983Z</time>
			</trkpt>
			<trkpt lat="40.45083" lon="-1.60039">
				<ele>1430.86</ele>
				<time>2026-09-10T08:31:40.019Z</time>
			</trkpt>
			<trkpt lat="40.45123" lon="-1.5999">
				<ele>1426.76</ele>
				<time>2026-09-10T08:31:44.861Z</time>
			</trkpt>
			<trkpt lat="40.45145" lon="-1.59958">
				<ele>1424.96</ele>
				<time>2026-09-10T08:31:47.789Z</time>
			</trkpt>
			<trkpt lat="40.45203" lon="-1.59837">
				<ele>1417.83</ele>
				<time>2026-09-10T08:31:57.617Z</time>
			</trkpt>
			<trkpt lat="40.45222" lon="-1.59808">
				<ele>1415.33</ele>
				<time>2026-09-10T08:32:00.278Z</time>
			</trkpt>
			<trkpt lat="40.45239" lon="-1.5979">
				<ele>1414.84</ele>
				<time>2026-09-10T08:32:02.282Z</time>
			</trkpt>
			<trkpt lat="40.45257" lon="-1.59778">
				<ele>1414.22</ele>
				<time>2026-09-10T08:32:04.142Z</time>
			</trkpt>
			<trkpt lat="40.45279" lon="-1.59773">
				<ele>1413.9</ele>
				<time>2026-09-10T08:32:06.206Z</time>
			</trkpt>
			<trkpt lat="40.45319" lon="-1.59775">
				<ele>1410.74</ele>
				<time>2026-09-10T08:32:09.926Z</time>
			</trkpt>
			<trkpt lat="40.45343" lon="-1.59784">
				<ele>1408.46</ele>
				<time>2026-09-10T08:32:12.259Z</time>
			</trkpt>
			<trkpt lat="40.45363" lon="-1.59801">
				<ele>1407.91</ele>
				<time>2026-09-10T08:32:14.495Z</time>
			</trkpt>
			<trkpt lat="40.45373" lon="-1.59813">
				<ele>1408.2</ele>
				<time>2026-09-10T08:32:15.770Z</time>
			</trkpt>
			<trkpt lat="40.45384" lon="-1.59821">
				<ele>1407.38</ele>
				<time>2026-09-10T08:32:16.956Z</time>
			</trkpt>
			<trkpt lat="40.4541" lon="-1.59819">
				<ele>1404.88</ele>
				<time>2026-09-10T08:32:19.422Z</time>
			</trkpt>
			<trkpt lat="40.45437" lon="-1.59805">
				<ele>1405.13</ele>
				<time>2026-09-10T08:32:22.183Z</time>
			</trkpt>
			<trkpt lat="40.4545" lon="-1.5979">
				<ele>1404.81</ele>
				<time>2026-09-10T08:32:23.835Z</time>
			</trkpt>
			<trkpt lat="40.45465" lon="-1.59757">
				<ele>1402.18</ele>
				<time>2026-09-10T08:32:26.639Z</time>
			</trkpt>
			<trkpt lat="40.4548" lon="-1.59737">
				<ele>1399.82</ele>
				<time>2026-09-10T08:32:28.697Z</time>
			</trkpt>
			<trkpt lat="40.4557" lon="-1.59689">
				<ele>1391.44</ele>
				<time>2026-09-10T08:32:38.143Z</time>
			</trkpt>
			<trkpt lat="40.45583" lon="-1.5968">
				<ele>1391.11</ele>
				<time>2026-09-10T08:32:39.585Z</time>
			</trkpt>
			<trkpt lat="40.45642" lon="-1.59672">
				<ele>1394.72</ele>
				<time>2026-09-10T08:32:45.445Z</time>
			</trkpt>
			<trkpt lat="40.45669" lon="-1.59659">
				<ele>1393.26</ele>
				<time>2026-09-10T08:32:48.306Z</time>
			</trkpt>
			<trkpt lat="40.45747" lon="-1.59685">
				<ele>1400.25</ele>
				<time>2026-09-10T08:32:56.906Z</time>
			</trkpt>
			<trkpt lat="40.45759" lon="-1.59695">
				<ele>1399</ele>
				<time>2026-09-10T08:32:58.890Z</time>
			</trkpt>
			<trkpt lat="40.45784" lon="-1.59761">
				<ele>1400.67</ele>
				<time>2026-09-10T08:33:08.333Z</time>
			</trkpt>
			<trkpt lat="40.45794" lon="-1.59775">
				<ele>1402.8</ele>
				<time>2026-09-10T08:33:11.144Z</time>
			</trkpt>
			<trkpt lat="40.45828" lon="-1.59789">
				<ele>1404.6</ele>
				<time>2026-09-10T08:33:18.454Z</time>
			</trkpt>
			<trkpt lat="40.45838" lon="-1.59802">
				<ele>1406.24</ele>
				<time>2026-09-10T08:33:21.481Z</time>
			</trkpt>
			<trkpt lat="40.45851" lon="-1.59814">
				<ele>1408.26</ele>
				<time>2026-09-10T08:33:24.973Z</time>
			</trkpt>
			<trkpt lat="40.45886" lon="-1.598">
				<ele>1404.42</ele>
				<time>2026-09-10T08:33:33.200Z</time>
			</trkpt>
			<trkpt lat="40.45895" lon="-1.5979">
				<ele>1402.14</ele>
				<time>2026-09-10T08:33:35.876Z</time>
			</trkpt>
			<trkpt lat="40.45886" lon="-1.598">
				<ele>1404.42</ele>
				<time>2026-09-10T08:33:38.552Z</time>
			</trkpt>
			<trkpt lat="40.45865" lon="-1.59795">
				<ele>1404.93</ele>
				<time>2026-09-10T08:33:43.371Z</time>
			</trkpt>
			<trkpt lat="40.45844" lon="-1.59746">
				<ele>1397.97</ele>
				<time>2026-09-10T08:33:52.760Z</time>
			</trkpt>
			<trkpt lat="40.45841" lon="-1.59734">
				<ele>1395.24</ele>
				<time>2026-09-10T08:33:54.789Z</time>
			</trkpt>
			<trkpt lat="40.45879" lon="-1.59732">
				<ele>1393.48</ele>
				<time>2026-09-10T08:34:02.401Z</time>
			</trkpt>
			<trkpt lat="40.45898" lon="-1.59736">
				<ele>1392.89</ele>
				<time>2026-09-10T08:34:05.959Z</time>
			</trkpt>
			<trkpt lat="40.459" lon="-1.5972">
				<ele>1389.16</ele>
				<time>2026-09-10T08:34:08.230Z</time>
			</trkpt>
			<trkpt lat="40.45906" lon="-1.59692">
				<ele>1384.13</ele>
				<time>2026-09-10T08:34:12.305Z</time>
			</trkpt>
			<trkpt lat="40.45918" lon="-1.59694">
				<ele>1383.96</ele>
				<time>2026-09-10T08:34:14.532Z</time>
			</trkpt>
			<trkpt lat="40.45947" lon="-1.59696">
				<ele>1384.22</ele>
				<time>2026-09-10T08:34:19.880Z</time>
			</trkpt>
			<trkpt lat="40.45964" lon="-1.59694">
				<ele>1384.67</ele>
				<time>2026-09-10T08:34:23.022Z</time>
			</trkpt>
			<trkpt lat="40.45974" lon="-1.59689">
				<ele>1384.59</ele>
				<time>2026-09-10T08:34:24.992Z</time>
			</trkpt>
			<trkpt lat="40.45977" lon="-1.5967">
				<ele>1383.55</ele>
				<time>2026-09-10T08:34:27.711Z</time>
			</trkpt>
			<trkpt lat="40.45977" lon="-1.59626">
				<ele>1382</ele>
				<time>2026-09-10T08:34:34.080Z</time>
			</trkpt>
			<trkpt lat="40.45975" lon="-1.59617">
				<ele>1381.27</ele>
				<time>2026-09-10T08:34:35.566Z</time>
			</trkpt>
			<trkpt lat="40.45966" lon="-1.59605">
				<ele>1381.38</ele>
				<time>2026-09-10T08:34:37.797Z</time>
			</trkpt>
			<trkpt lat="40.45882" lon="-1.59542">
				<ele>1386.62</ele>
				<time>2026-09-10T08:34:47.466Z</time>
			</trkpt>
			<trkpt lat="40.45854" lon="-1.59524">
				<ele>1383.08</ele>
				<time>2026-09-10T08:34:50.417Z</time>
			</trkpt>
			<trkpt lat="40.45844" lon="-1.59511">
				<ele>1382.85</ele>
				<time>2026-09-10T08:34:51.727Z</time>
			</trkpt>
			<trkpt lat="40.45821" lon="-1.59465">
				<ele>1383.09</ele>
				<time>2026-09-10T08:34:55.544Z</time>
			</trkpt>
			<trkpt lat="40.45746" lon="-1.59363">
				<ele>1378.95</ele>
				<time>2026-09-10T08:35:04.838Z</time>
			</trkpt>
			<trkpt lat="40.45678" lon="-1.59289">
				<ele>1377.28</ele>
				<time>2026-09-10T08:35:11.880Z</time>
			</trkpt>
			<trkpt lat="40.45645" lon="-1.5926">
				<ele>1372.81</ele>
				<time>2026-09-10T08:35:14.890Z</time>
			</trkpt>
			<trkpt lat="40.4562" lon="-1.59249">
				<ele>1373.18</ele>
				<time>2026-09-10T08:35:16.837Z</time>
			</trkpt>
			<trkpt lat="40.45315" lon="-1.59148">
				<ele>1361.87</ele>
				<time>2026-09-10T08:35:37.103Z</time>
			</trkpt>
			<trkpt lat="40.45254" lon="-1.59135">
				<ele>1355.72</ele>
				<time>2026-09-10T08:35:40.499Z</time>
			</trkpt>
			<trkpt lat="40.45151" lon="-1.59123">
				<ele>1351.98</ele>
				<time>2026-09-10T08:35:45.800Z</time>
			</trkpt>
			<trkpt lat="40.45" lon="-1.59089">
				<ele>1345.5</ele>
				<time>2026-09-10T08:35:52.855Z</time>
			</trkpt>
			<trkpt lat="40.44978" lon="-1.59087">
				<ele>1343.3</ele>
				<time>2026-09-10T08:35:53.798Z</time>
			</trkpt>
			<trkpt lat="40.44958" lon="-1.5909">
				<ele>1342.28</ele>
				<time>2026-09-10T08:35:54.644Z</time>
			</trkpt>
			<trkpt lat="40.44875" lon="-1.59116">
				<ele>1340.84</ele>
				<time>2026-09-10T08:35:58.080Z</time>
			</trkpt>
			<trkpt lat="40.44854" lon="-1.59119">
				<ele>1339.24</ele>
				<time>2026-09-10T08:35:58.895Z</time>
			</trkpt>
			<trkpt lat="40.44834" lon="-1.59119">
				<ele>1337.79</ele>
				<time>2026-09-10T08:35:59.654Z</time>
			</trkpt>
			<trkpt lat="40.44814" lon="-1.59113">
				<ele>1338.58</ele>
				<time>2026-09-10T08:36:00.420Z</time>
			</trkpt>
			<trkpt lat="40.44792" lon="-1.59102">
				<ele>1342.16</ele>
				<time>2026-09-10T08:36:01.285Z</time>
			</trkpt>
			<trkpt lat="40.44718" lon="-1.59047">
				<ele>1335.29</ele>
				<time>2026-09-10T08:36:04.280Z</time>
			</trkpt>
			<trkpt lat="40.44691" lon="-1.59032">
				<ele>1330.77</ele>
				<time>2026-09-10T08:36:05.270Z</time>
			</trkpt>
			<trkpt lat="40.44661" lon="-1.59024">
				<ele>1330.82</ele>
				<time>2026-09-10T08:36:06.281Z</time>
			</trkpt>
			<trkpt lat="40.44638" lon="-1.59027">
				<ele>1334.68</ele>
				<time>2026-09-10T08:36:07.031Z</time>
			</trkpt>
			<trkpt lat="40.44614" lon="-1.59034">
				<ele>1343.25</ele>
				<time>2026-09-10T08:36:07.816Z</time>
			</trkpt>
			<trkpt lat="40.4458" lon="-1.59054">
				<ele>1347.49</ele>
				<time>2026-09-10T08:36:08.980Z</time>
			</trkpt>
			<trkpt lat="40.44518" lon="-1.59107">
				<ele>1349.12</ele>
				<time>2026-09-10T08:36:11.214Z</time>
			</trkpt>
			<trkpt lat="40.44473" lon="-1.59154">
				<ele>1346.86</ele>
				<time>2026-09-10T08:36:12.885Z</time>
			</trkpt>
			<trkpt lat="40.4445" lon="-1.59173">
				<ele>1349.5</ele>
				<time>2026-09-10T08:36:13.657Z</time>
			</trkpt>
			<trkpt lat="40.44425" lon="-1.59185">
				<ele>1352.29</ele>
				<time>2026-09-10T08:36:14.403Z</time>
			</trkpt>
			<trkpt lat="40.44408" lon="-1.59189">
				<ele>1353.81</ele>
				<time>2026-09-10T08:36:14.882Z</time>
			</trkpt>
			<trkpt lat="40.44389" lon="-1.59191">
				<ele>1354.08</ele>
				<time>2026-09-10T08:36:15.407Z</time>
			</trkpt>
			<trkpt lat="40.44328" lon="-1.5919">
				<ele>1357.24</ele>
				<time>2026-09-10T08:36:17.059Z</time>
			</trkpt>
			<trkpt lat="40.44307" lon="-1.59185">
				<ele>1357.84</ele>
				<time>2026-09-10T08:36:17.629Z</time>
			</trkpt>
			<trkpt lat="40.44283" lon="-1.59173">
				<ele>1356.18</ele>
				<time>2026-09-10T08:36:18.308Z</time>
			</trkpt>
			<trkpt lat="40.44261" lon="-1.59156">
				<ele>1358.72</ele>
				<time>2026-09-10T08:36:18.979Z</time>
			</trkpt>
			<trkpt lat="40.44242" lon="-1.59134">
				<ele>1362.95</ele>
				<time>2026-09-10T08:36:19.640Z</time>
			</trkpt>
			<trkpt lat="40.44228" lon="-1.59106">
				<ele>1367.39</ele>
				<time>2026-09-10T08:36:20.302Z</time>
			</trkpt>
			<trkpt lat="40.44177" lon="-1.58966">
				<ele>1375.58</ele>
				<time>2026-09-10T08:36:23.334Z</time>
			</trkpt>
			<trkpt lat="40.44166" lon="-1.58944">
				<ele>1377.15</ele>
				<time>2026-09-10T08:36:23.846Z</time>
			</trkpt>
			<trkpt lat="40.44153" lon="-1.58924">
				<ele>1377.5</ele>
				<time>2026-09-10T08:36:24.357Z</time>
			</trkpt>
			<trkpt lat="40.44134" lon="-1.58905">
				<ele>1378.84</ele>
				<time>2026-09-10T08:36:24.968Z</time>
			</trkpt>
			<trkpt lat="40.44114" lon="-1.58893">
				<ele>1379.01</ele>
				<time>2026-09-10T08:36:25.531Z</time>
			</trkpt>
			<trkpt lat="40.44097" lon="-1.58886">
				<ele>1382</ele>
				<time>2026-09-10T08:36:25.988Z</time>
			</trkpt>
			<trkpt lat="40.44077" lon="-1.58883">
				<ele>1385.79</ele>
				<time>2026-09-10T08:36:26.505Z</time>
			</trkpt>
			<trkpt lat="40.44052" lon="-1.58886">
				<ele>1387.82</ele>
				<time>2026-09-10T08:36:27.153Z</time>
			</trkpt>
			<trkpt lat="40.44031" lon="-1.58894">
				<ele>1390.99</ele>
				<time>2026-09-10T08:36:27.719Z</time>
			</trkpt>
			<trkpt lat="40.43857" lon="-1.58988">
				<ele>1400.3</ele>
				<time>2026-09-10T08:36:32.741Z</time>
			</trkpt>
			<trkpt lat="40.43832" lon="-1.59006">
				<ele>1401.92</ele>
				<time>2026-09-10T08:36:33.534Z</time>
			</trkpt>
			<trkpt lat="40.43801" lon="-1.5904">
				<ele>1400.8</ele>
				<time>2026-09-10T08:36:34.676Z</time>
			</trkpt>
			<trkpt lat="40.43769" lon="-1.59065">
				<ele>1398.79</ele>
				<time>2026-09-10T08:36:35.751Z</time>
			</trkpt>
			<trkpt lat="40.43749" lon="-1.59072">
				<ele>1397.77</ele>
				<time>2026-09-10T08:36:36.357Z</time>
			</trkpt>
			<trkpt lat="40.43726" lon="-1.59074">
				<ele>1396.28</ele>
				<time>2026-09-10T08:36:37.042Z</time>
			</trkpt>
			<trkpt lat="40.43705" lon="-1.59072">
				<ele>1395.98</ele>
				<time>2026-09-10T08:36:37.675Z</time>
			</trkpt>
			<trkpt lat="40.43678" lon="-1.59061">
				<ele>1396.25</ele>
				<time>2026-09-10T08:36:38.539Z</time>
			</trkpt>
			<trkpt lat="40.43657" lon="-1.59045">
				<ele>1395</ele>
				<time>2026-09-10T08:36:39.293Z</time>
			</trkpt>
			<trkpt lat="40.43638" lon="-1.59023">
				<ele>1392.81</ele>
				<time>2026-09-10T08:36:40.092Z</time>
			</trkpt>
			<trkpt lat="40.43626" lon="-1.58999">
				<ele>1392.42</ele>
				<time>2026-09-10T08:36:40.793Z</time>
			</trkpt>
			<trkpt lat="40.43617" lon="-1.58974">
				<ele>1391.53</ele>
				<time>2026-09-10T08:36:41.478Z</time>
			</trkpt>
			<trkpt lat="40.43544" lon="-1.58705">
				<ele>1377.4</ele>
				<time>2026-09-10T08:36:49.207Z</time>
			</trkpt>
			<trkpt lat="40.4353" lon="-1.58663">
				<ele>1376.29</ele>
				<time>2026-09-10T08:36:50.574Z</time>
			</trkpt>
			<trkpt lat="40.4351" lon="-1.58629">
				<ele>1373.94</ele>
				<time>2026-09-10T08:36:51.890Z</time>
			</trkpt>
			<trkpt lat="40.43353" lon="-1.58463">
				<ele>1363.08</ele>
				<time>2026-09-10T08:37:00.835Z</time>
			</trkpt>
			<trkpt lat="40.4327" lon="-1.5838">
				<ele>1357.8</ele>
				<time>2026-09-10T08:37:06.093Z</time>
			</trkpt>
			<trkpt lat="40.43247" lon="-1.58349">
				<ele>1353.58</ele>
				<time>2026-09-10T08:37:07.852Z</time>
			</trkpt>
			<trkpt lat="40.43234" lon="-1.58329">
				<ele>1352.54</ele>
				<time>2026-09-10T08:37:08.945Z</time>
			</trkpt>
			<trkpt lat="40.43162" lon="-1.58174">
				<ele>1344.88</ele>
				<time>2026-09-10T08:37:17.013Z</time>
			</trkpt>
			<trkpt lat="40.43147" lon="-1.58132">
				<ele>1342.18</ele>
				<time>2026-09-10T08:37:19.227Z</time>
			</trkpt>
			<trkpt lat="40.43134" lon="-1.58082">
				<ele>1338.78</ele>
				<time>2026-09-10T08:37:21.829Z</time>
			</trkpt>
			<trkpt lat="40.43119" lon="-1.58006">
				<ele>1334.08</ele>
				<time>2026-09-10T08:37:25.858Z</time>
			</trkpt>
			<trkpt lat="40.43118" lon="-1.57987">
				<ele>1332.55</ele>
				<time>2026-09-10T08:37:26.866Z</time>
			</trkpt>
			<trkpt lat="40.43119" lon="-1.57974">
				<ele>1331.8</ele>
				<time>2026-09-10T08:37:27.563Z</time>
			</trkpt>
			<trkpt lat="40.43125" lon="-1.57959">
				<ele>1329.78</ele>
				<time>2026-09-10T08:37:28.477Z</time>
			</trkpt>
			<trkpt lat="40.43135" lon="-1.57953">
				<ele>1328.37</ele>
				<time>2026-09-10T08:37:29.263Z</time>
			</trkpt>
			<trkpt lat="40.43149" lon="-1.5795">
				<ele>1325.8</ele>
				<time>2026-09-10T08:37:30.288Z</time>
			</trkpt>
			<trkpt lat="40.43161" lon="-1.57958">
				<ele>1325.85</ele>
				<time>2026-09-10T08:37:31.271Z</time>
			</trkpt>
			<trkpt lat="40.4317" lon="-1.57971">
				<ele>1328.68</ele>
				<time>2026-09-10T08:37:32.259Z</time>
			</trkpt>
			<trkpt lat="40.4319" lon="-1.58025">
				<ele>1329.65</ele>
				<time>2026-09-10T08:37:35.715Z</time>
			</trkpt>
			<trkpt lat="40.43204" lon="-1.58048">
				<ele>1328.55</ele>
				<time>2026-09-10T08:37:37.456Z</time>
			</trkpt>
			<trkpt lat="40.43218" lon="-1.58061">
				<ele>1327.83</ele>
				<time>2026-09-10T08:37:38.809Z</time>
			</trkpt>
			<trkpt lat="40.43231" lon="-1.58069">
				<ele>1326.76</ele>
				<time>2026-09-10T08:37:39.956Z</time>
			</trkpt>
			<trkpt lat="40.43251" lon="-1.58076">
				<ele>1325.09</ele>
				<time>2026-09-10T08:37:41.632Z</time>
			</trkpt>
			<trkpt lat="40.43273" lon="-1.58075">
				<ele>1324.57</ele>
				<time>2026-09-10T08:37:43.445Z</time>
			</trkpt>
			<trkpt lat="40.43289" lon="-1.58069">
				<ele>1323.6</ele>
				<time>2026-09-10T08:37:44.836Z</time>
			</trkpt>
			<trkpt lat="40.43305" lon="-1.58061">
				<ele>1323.3</ele>
				<time>2026-09-10T08:37:46.286Z</time>
			</trkpt>
			<trkpt lat="40.4332" lon="-1.58042">
				<ele>1320.24</ele>
				<time>2026-09-10T08:37:48.077Z</time>
			</trkpt>
			<trkpt lat="40.43332" lon="-1.58018">
				<ele>1316.94</ele>
				<time>2026-09-10T08:37:49.987Z</time>
			</trkpt>
			<trkpt lat="40.43339" lon="-1.57996">
				<ele>1314.76</ele>
				<time>2026-09-10T08:37:51.597Z</time>
			</trkpt>
			<trkpt lat="40.43342" lon="-1.57976">
				<ele>1313.79</ele>
				<time>2026-09-10T08:37:52.992Z</time>
			</trkpt>
			<trkpt lat="40.4334" lon="-1.57949">
				<ele>1314.11</ele>
				<time>2026-09-10T08:37:54.873Z</time>
			</trkpt>
			<trkpt lat="40.4332" lon="-1.57815">
				<ele>1309.67</ele>
				<time>2026-09-10T08:38:04.799Z</time>
			</trkpt>
			<trkpt lat="40.4332" lon="-1.57793">
				<ele>1308.46</ele>
				<time>2026-09-10T08:38:06.471Z</time>
			</trkpt>
			<trkpt lat="40.43321" lon="-1.57772">
				<ele>1306.48</ele>
				<time>2026-09-10T08:38:08.089Z</time>
			</trkpt>
			<trkpt lat="40.43344" lon="-1.5771">
				<ele>1301.28</ele>
				<time>2026-09-10T08:38:13.528Z</time>
			</trkpt>
			<trkpt lat="40.43346" lon="-1.57687">
				<ele>1301.45</ele>
				<time>2026-09-10T08:38:15.401Z</time>
			</trkpt>
			<trkpt lat="40.43345" lon="-1.57668">
				<ele>1301.28</ele>
				<time>2026-09-10T08:38:16.959Z</time>
			</trkpt>
			<trkpt lat="40.4334" lon="-1.5765">
				<ele>1300.45</ele>
				<time>2026-09-10T08:38:18.544Z</time>
			</trkpt>
			<trkpt lat="40.43332" lon="-1.57635">
				<ele>1299.67</ele>
				<time>2026-09-10T08:38:20.074Z</time>
			</trkpt>
			<trkpt lat="40.43303" lon="-1.57649">
				<ele>1298.05</ele>
				<time>2026-09-10T08:38:23.519Z</time>
			</trkpt>
			<trkpt lat="40.43244" lon="-1.57629">
				<ele>1288.11</ele>
				<time>2026-09-10T08:38:30.536Z</time>
			</trkpt>
			<trkpt lat="40.4322" lon="-1.57609">
				<ele>1286.92</ele>
				<time>2026-09-10T08:38:33.913Z</time>
			</trkpt>
			<trkpt lat="40.43208" lon="-1.57596">
				<ele>1286.04</ele>
				<time>2026-09-10T08:38:35.789Z</time>
			</trkpt>
			<trkpt lat="40.43188" lon="-1.57562">
				<ele>1282.11</ele>
				<time>2026-09-10T08:38:40.909Z</time>
			</trkpt>
			<trkpt lat="40.43186" lon="-1.57554">
				<ele>1281.26</ele>
				<time>2026-09-10T08:38:42.532Z</time>
			</trkpt>
			<trkpt lat="40.43169" lon="-1.57572">
				<ele>1279.23</ele>
				<time>2026-09-10T08:38:49.472Z</time>
			</trkpt>
			<trkpt lat="40.43166" lon="-1.57574">
				<ele>1278.95</ele>
				<time>2026-09-10T08:38:50.704Z</time>
			</trkpt>
			<trkpt lat="40.43159" lon="-1.57573">
				<ele>1279.8</ele>
				<time>2026-09-10T08:38:53.397Z</time>
			</trkpt>
			<trkpt lat="40.43155" lon="-1.57567">
				<ele>1279.56</ele>
				<time>2026-09-10T08:38:55.828Z</time>
			</trkpt>
			<trkpt lat="40.43151" lon="-1.57557">
				<ele>1278.27</ele>
				<time>2026-09-10T08:38:59.412Z</time>
			</trkpt>
			<trkpt lat="40.43148" lon="-1.57538">
				<ele>1274.66</ele>
				<time>2026-09-10T08:39:05.837Z</time>
			</trkpt>
			<trkpt lat="40.43141" lon="-1.57522">
				<ele>1271.4</ele>
				<time>2026-09-10T08:39:12.091Z</time>
			</trkpt>
			<trkpt lat="40.43139" lon="-1.57519">
				<ele>1270.68</ele>
				<time>2026-09-10T08:39:13.442Z</time>
			</trkpt>
			<trkpt lat="40.43125" lon="-1.57512">
				<ele>1270.46</ele>
				<time>2026-09-10T08:39:20.007Z</time>
			</trkpt>
			<trkpt lat="40.43112" lon="-1.57496">
				<ele>1268.49</ele>
				<time>2026-09-10T08:39:27.354Z</time>
			</trkpt>
			<trkpt lat="40.43102" lon="-1.57483">
				<ele>1267.07</ele>
				<time>2026-09-10T08:39:32.563Z</time>
			</trkpt>
			<trkpt lat="40.43095" lon="-1.57476">
				<ele>1266.38</ele>
				<time>2026-09-10T08:39:35.461Z</time>
			</trkpt>
			<trkpt lat="40.43088" lon="-1.57473">
				<ele>1266.04</ele>
				<time>2026-09-10T08:39:37.633Z</time>
			</trkpt>
			<trkpt lat="40.4308" lon="-1.57464">
				<ele>1265.39</ele>
				<time>2026-09-10T08:39:40.284Z</time>
			</trkpt>
			<trkpt lat="40.43073" lon="-1.5746">
				<ele>1264.37</ele>
				<time>2026-09-10T08:39:41.935Z</time>
			</trkpt>
			<trkpt lat="40.43064" lon="-1.57464">
				<ele>1263.45</ele>
				<time>2026-09-10T08:39:43.775Z</time>
			</trkpt>
			<trkpt lat="40.43062" lon="-1.57449">
				<ele>1262.3</ele>
				<time>2026-09-10T08:39:45.782Z</time>
			</trkpt>
			<trkpt lat="40.43065" lon="-1.5744">
				<ele>1262.43</ele>
				<time>2026-09-10T08:39:46.989Z</time>
			</trkpt>
			<trkpt lat="40.43053" lon="-1.57419">
				<ele>1261.6</ele>
				<time>2026-09-10T08:39:50.142Z</time>
			</trkpt>
			<trkpt lat="40.43046" lon="-1.57412">
				<ele>1260.37</ele>
				<time>2026-09-10T08:39:51.609Z</time>
			</trkpt>
			<trkpt lat="40.43046" lon="-1.57406">
				<ele>1260.36</ele>
				<time>2026-09-10T08:39:52.415Z</time>
			</trkpt>
			<trkpt lat="40.43032" lon="-1.57345">
				<ele>1258.79</ele>
				<time>2026-09-10T08:40:05.058Z</time>
			</trkpt>
			<trkpt lat="40.43034" lon="-1.57281">
				<ele>1259.53</ele>
				<time>2026-09-10T08:40:20.054Z</time>
			</trkpt>
			<trkpt lat="40.43028" lon="-1.5724">
				<ele>1257.76</ele>
				<time>2026-09-10T08:40:27.665Z</time>
			</trkpt>
			<trkpt lat="40.43031" lon="-1.57222">
				<ele>1257.65</ele>
				<time>2026-09-10T08:40:30.205Z</time>
			</trkpt>
			<trkpt lat="40.43037" lon="-1.57204">
				<ele>1257.13</ele>
				<time>2026-09-10T08:40:32.501Z</time>
			</trkpt>
			<trkpt lat="40.43044" lon="-1.57153">
				<ele>1255.07</ele>
				<time>2026-09-10T08:40:37.910Z</time>
			</trkpt>
			<trkpt lat="40.4309" lon="-1.56925">
				<ele>1251.02</ele>
				<time>2026-09-10T08:40:58.364Z</time>
			</trkpt>
			<trkpt lat="40.43106" lon="-1.56849">
				<ele>1249.19</ele>
				<time>2026-09-10T08:41:04.011Z</time>
			</trkpt>
			<trkpt lat="40.43113" lon="-1.56823">
				<ele>1250.36</ele>
				<time>2026-09-10T08:41:05.882Z</time>
			</trkpt>
			<trkpt lat="40.43095" lon="-1.5681">
				<ele>1249.22</ele>
				<time>2026-09-10T08:41:07.667Z</time>
			</trkpt>
			<trkpt lat="40.43076" lon="-1.5679">
				<ele>1248.34</ele>
				<time>2026-09-10T08:41:09.732Z</time>
			</trkpt>
			<trkpt lat="40.43064" lon="-1.5677">
				<ele>1247.86</ele>
				<time>2026-09-10T08:41:11.340Z</time>
			</trkpt>
			<trkpt lat="40.43057" lon="-1.56754">
				<ele>1248.05</ele>
				<time>2026-09-10T08:41:12.488Z</time>
			</trkpt>
			<trkpt lat="40.43051" lon="-1.56732">
				<ele>1248.71</ele>
				<time>2026-09-10T08:41:13.923Z</time>
			</trkpt>
			<trkpt lat="40.43047" lon="-1.56683">
				<ele>1247.06</ele>
				<time>2026-09-10T08:41:16.892Z</time>
			</trkpt>
			<trkpt lat="40.43049" lon="-1.56625">
				<ele>1247.04</ele>
				<time>2026-09-10T08:41:20.300Z</time>
			</trkpt>
			<trkpt lat="40.43061" lon="-1.56429">
				<ele>1243.42</ele>
				<time>2026-09-10T08:41:30.551Z</time>
			</trkpt>
			<trkpt lat="40.43061" lon="-1.56399">
				<ele>1243.08</ele>
				<time>2026-09-10T08:41:31.947Z</time>
			</trkpt>
			<trkpt lat="40.43056" lon="-1.56348">
				<ele>1243.45</ele>
				<time>2026-09-10T08:41:34.244Z</time>
			</trkpt>
			<trkpt lat="40.4305" lon="-1.56323">
				<ele>1244.21</ele>
				<time>2026-09-10T08:41:35.370Z</time>
			</trkpt>
			<trkpt lat="40.43038" lon="-1.56289">
				<ele>1244.61</ele>
				<time>2026-09-10T08:41:36.928Z</time>
			</trkpt>
			<trkpt lat="40.42975" lon="-1.56159">
				<ele>1238.68</ele>
				<time>2026-09-10T08:41:42.743Z</time>
			</trkpt>
			<trkpt lat="40.42964" lon="-1.56129">
				<ele>1240.36</ele>
				<time>2026-09-10T08:41:43.883Z</time>
			</trkpt>
			<trkpt lat="40.42955" lon="-1.56097">
				<ele>1241.01</ele>
				<time>2026-09-10T08:41:45.010Z</time>
			</trkpt>
			<trkpt lat="40.42951" lon="-1.56068">
				<ele>1240.14</ele>
				<time>2026-09-10T08:41:45.954Z</time>
			</trkpt>
			<trkpt lat="40.42948" lon="-1.56032">
				<ele>1238.09</ele>
				<time>2026-09-10T08:41:47.075Z</time>
			</trkpt>
			<trkpt lat="40.42947" lon="-1.55721">
				<ele>1236.17</ele>
				<time>2026-09-10T08:41:55.231Z</time>
			</trkpt>
			<trkpt lat="40.42948" lon="-1.55686">
				<ele>1235.9</ele>
				<time>2026-09-10T08:41:56.014Z</time>
			</trkpt>
			<trkpt lat="40.42966" lon="-1.55518">
				<ele>1232.64</ele>
				<time>2026-09-10T08:41:59.532Z</time>
			</trkpt>
			<trkpt lat="40.42967" lon="-1.55475">
				<ele>1232.07</ele>
				<time>2026-09-10T08:42:00.366Z</time>
			</trkpt>
			<trkpt lat="40.42958" lon="-1.5535">
				<ele>1231.91</ele>
				<time>2026-09-10T08:42:02.713Z</time>
			</trkpt>
			<trkpt lat="40.42922" lon="-1.54925">
				<ele>1227.44</ele>
				<time>2026-09-10T08:42:10.613Z</time>
			</trkpt>
			<trkpt lat="40.42916" lon="-1.54884">
				<ele>1226.05</ele>
				<time>2026-09-10T08:42:11.451Z</time>
			</trkpt>
			<trkpt lat="40.42906" lon="-1.54846">
				<ele>1226.72</ele>
				<time>2026-09-10T08:42:12.280Z</time>
			</trkpt>
			<trkpt lat="40.42867" lon="-1.54744">
				<ele>1224.47</ele>
				<time>2026-09-10T08:42:14.772Z</time>
			</trkpt>
			<trkpt lat="40.42856" lon="-1.54712">
				<ele>1222.66</ele>
				<time>2026-09-10T08:42:15.586Z</time>
			</trkpt>
			<trkpt lat="40.4282" lon="-1.54543">
				<ele>1224.67</ele>
				<time>2026-09-10T08:42:20.069Z</time>
			</trkpt>
			<trkpt lat="40.42812" lon="-1.54516">
				<ele>1224.88</ele>
				<time>2026-09-10T08:42:20.885Z</time>
			</trkpt>
			<trkpt lat="40.42779" lon="-1.54444">
				<ele>1227.16</ele>
				<time>2026-09-10T08:42:23.387Z</time>
			</trkpt>
			<trkpt lat="40.42773" lon="-1.54429">
				<ele>1227.47</ele>
				<time>2026-09-10T08:42:23.918Z</time>
			</trkpt>
			<trkpt lat="40.42769" lon="-1.54409">
				<ele>1228.08</ele>
				<time>2026-09-10T08:42:24.579Z</time>
			</trkpt>
			<trkpt lat="40.42748" lon="-1.54246">
				<ele>1225.87</ele>
				<time>2026-09-10T08:42:30.394Z</time>
			</trkpt>
			<trkpt lat="40.42698" lon="-1.53905">
				<ele>1224.52</ele>
				<time>2026-09-10T08:42:46.315Z</time>
			</trkpt>
			<trkpt lat="40.42667" lon="-1.53748">
				<ele>1226.07</ele>
				<time>2026-09-10T08:42:55.826Z</time>
			</trkpt>
			<trkpt lat="40.42662" lon="-1.53705">
				<ele>1223.79</ele>
				<time>2026-09-10T08:42:58.633Z</time>
			</trkpt>
			<trkpt lat="40.42661" lon="-1.53653">
				<ele>1221.35</ele>
				<time>2026-09-10T08:43:02.140Z</time>
			</trkpt>
			<trkpt lat="40.4267" lon="-1.53536">
				<ele>1223.73</ele>
				<time>2026-09-10T08:43:10.698Z</time>
			</trkpt>
			<trkpt lat="40.42679" lon="-1.534">
				<ele>1223.99</ele>
				<time>2026-09-10T08:43:21.798Z</time>
			</trkpt>
			<trkpt lat="40.42676" lon="-1.53365">
				<ele>1225.25</ele>
				<time>2026-09-10T08:43:24.876Z</time>
			</trkpt>
			<trkpt lat="40.42661" lon="-1.53267">
				<ele>1222.29</ele>
				<time>2026-09-10T08:43:34.114Z</time>
			</trkpt>
			<trkpt lat="40.42683" lon="-1.53265">
				<ele>1227.25</ele>
				<time>2026-09-10T08:43:36.934Z</time>
			</trkpt>
			<trkpt lat="40.42687" lon="-1.53255">
				<ele>1227.72</ele>
				<time>2026-09-10T08:43:38.051Z</time>
			</trkpt>
			<trkpt lat="40.42695" lon="-1.53253">
				<ele>1229.3</ele>
				<time>2026-09-10T08:43:39.118Z</time>
			</trkpt>
			<trkpt lat="40.42696" lon="-1.53214">
				<ele>1225.78</ele>
				<time>2026-09-10T08:43:43.089Z</time>
			</trkpt>
			<trkpt lat="40.42692" lon="-1.53206">
				<ele>1223.76</ele>
				<time>2026-09-10T08:43:44.082Z</time>
			</trkpt>
			<trkpt lat="40.42688" lon="-1.53183">
				<ele>1221.37</ele>
				<time>2026-09-10T08:43:46.560Z</time>
			</trkpt>
			<trkpt lat="40.42698" lon="-1.53177">
				<ele>1221.69</ele>
				<time>2026-09-10T08:43:48.100Z</time>
			</trkpt>
			<trkpt lat="40.42705" lon="-1.53178">
				<ele>1222.38</ele>
				<time>2026-09-10T08:43:49.095Z</time>
			</trkpt>
			<trkpt lat="40.42725" lon="-1.53174">
				<ele>1223.66</ele>
				<time>2026-09-10T08:43:51.994Z</time>
			</trkpt>
			<trkpt lat="40.42728" lon="-1.53169">
				<ele>1223.18</ele>
				<time>2026-09-10T08:43:52.697Z</time>
			</trkpt>
			<trkpt lat="40.42753" lon="-1.53173">
				<ele>1225.72</ele>
				<time>2026-09-10T08:43:59.552Z</time>
			</trkpt>
			<trkpt lat="40.42728" lon="-1.53169">
				<ele>1223.18</ele>
				<time>2026-09-10T08:44:28.740Z</time>
			</trkpt>
			<trkpt lat="40.42725" lon="-1.53174">
				<ele>1223.66</ele>
				<time>2026-09-10T08:44:31.944Z</time>
			</trkpt>
			<trkpt lat="40.42693" lon="-1.53143">
				<ele>1220.1</ele>
				<time>2026-09-10T08:44:39.539Z</time>
			</trkpt>
			<trkpt lat="40.4268" lon="-1.53133">
				<ele>1219.01</ele>
				<time>2026-09-10T08:44:42.313Z</time>
			</trkpt>
			<trkpt lat="40.42673" lon="-1.53131">
				<ele>1218.63</ele>
				<time>2026-09-10T08:44:43.632Z</time>
			</trkpt>
			<trkpt lat="40.42645" lon="-1.53147">
				<ele>1217.02</ele>
				<time>2026-09-10T08:44:49.254Z</time>
			</trkpt>
			<trkpt lat="40.42615" lon="-1.53047">
				<ele>1215.93</ele>
				<time>2026-09-10T08:45:04.321Z</time>
			</trkpt>
			<trkpt lat="40.42612" lon="-1.53024">
				<ele>1215.05</ele>
				<time>2026-09-10T08:45:07.592Z</time>
			</trkpt>
			<trkpt lat="40.42613" lon="-1.52993">
				<ele>1214.77</ele>
				<time>2026-09-10T08:45:11.940Z</time>
			</trkpt>
			<trkpt lat="40.42621" lon="-1.52954">
				<ele>1216.36</ele>
				<time>2026-09-10T08:45:17.730Z</time>
			</trkpt>
			<trkpt lat="40.42623" lon="-1.52919">
				<ele>1215.89</ele>
				<time>2026-09-10T08:45:20.609Z</time>
			</trkpt>
			<trkpt lat="40.42616" lon="-1.5281">
				<ele>1217.19</ele>
				<time>2026-09-10T08:45:29.348Z</time>
			</trkpt>
			<trkpt lat="40.42609" lon="-1.5278">
				<ele>1214.99</ele>
				<time>2026-09-10T08:45:31.807Z</time>
			</trkpt>
			<trkpt lat="40.42576" lon="-1.52706">
				<ele>1213.89</ele>
				<time>2026-09-10T08:45:38.420Z</time>
			</trkpt>
			<trkpt lat="40.42555" lon="-1.52607">
				<ele>1213.15</ele>
				<time>2026-09-10T08:45:46.141Z</time>
			</trkpt>
			<trkpt lat="40.4254" lon="-1.52534">
				<ele>1214.61</ele>
				<time>2026-09-10T08:45:51.681Z</time>
			</trkpt>
			<trkpt lat="40.4253" lon="-1.52503">
				<ele>1216.07</ele>
				<time>2026-09-10T08:45:54.110Z</time>
			</trkpt>
			<trkpt lat="40.42513" lon="-1.52469">
				<ele>1216.06</ele>
				<time>2026-09-10T08:45:57.014Z</time>
			</trkpt>
			<trkpt lat="40.42499" lon="-1.52444">
				<ele>1214.92</ele>
				<time>2026-09-10T08:45:59.207Z</time>
			</trkpt>
			<trkpt lat="40.42471" lon="-1.52402">
				<ele>1209.39</ele>
				<time>2026-09-10T08:46:03.103Z</time>
			</trkpt>
			<trkpt lat="40.42451" lon="-1.52362">
				<ele>1207.71</ele>
				<time>2026-09-10T08:46:06.393Z</time>
			</trkpt>
			<trkpt lat="40.42436" lon="-1.52319">
				<ele>1209.08</ele>
				<time>2026-09-10T08:46:09.601Z</time>
			</trkpt>
			<trkpt lat="40.42399" lon="-1.52149">
				<ele>1210.43</ele>
				<time>2026-09-10T08:46:21.207Z</time>
			</trkpt>
			<trkpt lat="40.42377" lon="-1.52061">
				<ele>1206.17</ele>
				<time>2026-09-10T08:46:27.049Z</time>
			</trkpt>
			<trkpt lat="40.42365" lon="-1.52027">
				<ele>1205.01</ele>
				<time>2026-09-10T08:46:29.367Z</time>
			</trkpt>
			<trkpt lat="40.42347" lon="-1.51988">
				<ele>1205.7</ele>
				<time>2026-09-10T08:46:32.154Z</time>
			</trkpt>
			<trkpt lat="40.42278" lon="-1.51885">
				<ele>1207.64</ele>
				<time>2026-09-10T08:46:40.308Z</time>
			</trkpt>
			<trkpt lat="40.42255" lon="-1.51841">
				<ele>1208.14</ele>
				<time>2026-09-10T08:46:43.389Z</time>
			</trkpt>
			<trkpt lat="40.42233" lon="-1.51772">
				<ele>1207.02</ele>
				<time>2026-09-10T08:46:47.623Z</time>
			</trkpt>
			<trkpt lat="40.42213" lon="-1.51728">
				<ele>1207.76</ele>
				<time>2026-09-10T08:46:50.467Z</time>
			</trkpt>
			<trkpt lat="40.4219" lon="-1.51698">
				<ele>1206.63</ele>
				<time>2026-09-10T08:46:52.796Z</time>
			</trkpt>
			<trkpt lat="40.42155" lon="-1.51672">
				<ele>1207.02</ele>
				<time>2026-09-10T08:46:55.642Z</time>
			</trkpt>
			<trkpt lat="40.42089" lon="-1.51637">
				<ele>1208.75</ele>
				<time>2026-09-10T08:47:00.566Z</time>
			</trkpt>
			<trkpt lat="40.4205" lon="-1.5161">
				<ele>1205.51</ele>
				<time>2026-09-10T08:47:03.543Z</time>
			</trkpt>
			<trkpt lat="40.4183" lon="-1.51364">
				<ele>1207.43</ele>
				<time>2026-09-10T08:47:21.736Z</time>
			</trkpt>
			<trkpt lat="40.41801" lon="-1.51333">
				<ele>1205.43</ele>
				<time>2026-09-10T08:47:23.930Z</time>
			</trkpt>
			<trkpt lat="40.41737" lon="-1.51281">
				<ele>1200.63</ele>
				<time>2026-09-10T08:47:28.237Z</time>
			</trkpt>
			<trkpt lat="40.41708" lon="-1.51248">
				<ele>1198.22</ele>
				<time>2026-09-10T08:47:30.379Z</time>
			</trkpt>
			<trkpt lat="40.41673" lon="-1.51172">
				<ele>1197.39</ele>
				<time>2026-09-10T08:47:34.067Z</time>
			</trkpt>
			<trkpt lat="40.41648" lon="-1.51124">
				<ele>1197.19</ele>
				<time>2026-09-10T08:47:36.423Z</time>
			</trkpt>
			<trkpt lat="40.41585" lon="-1.51016">
				<ele>1196.07</ele>
				<time>2026-09-10T08:47:41.754Z</time>
			</trkpt>
			<trkpt lat="40.41571" lon="-1.50997">
				<ele>1196.42</ele>
				<time>2026-09-10T08:47:42.762Z</time>
			</trkpt>
			<trkpt lat="40.41551" lon="-1.50976">
				<ele>1196.59</ele>
				<time>2026-09-10T08:47:44.030Z</time>
			</trkpt>
			<trkpt lat="40.41531" lon="-1.5096">
				<ele>1196.95</ele>
				<time>2026-09-10T08:47:45.177Z</time>
			</trkpt>
			<trkpt lat="40.41511" lon="-1.50949">
				<ele>1197.69</ele>
				<time>2026-09-10T08:47:46.228Z</time>
			</trkpt>
			<trkpt lat="40.41433" lon="-1.50918">
				<ele>1195.11</ele>
				<time>2026-09-10T08:47:50.088Z</time>
			</trkpt>
			<trkpt lat="40.41414" lon="-1.50908">
				<ele>1194.46</ele>
				<time>2026-09-10T08:47:51.035Z</time>
			</trkpt>
			<trkpt lat="40.41402" lon="-1.50897">
				<ele>1194.38</ele>
				<time>2026-09-10T08:47:51.707Z</time>
			</trkpt>
			<trkpt lat="40.41388" lon="-1.50882">
				<ele>1194.81</ele>
				<time>2026-09-10T08:47:52.530Z</time>
			</trkpt>
			<trkpt lat="40.41374" lon="-1.50859">
				<ele>1195.63</ele>
				<time>2026-09-10T08:47:53.542Z</time>
			</trkpt>
			<trkpt lat="40.41353" lon="-1.5081">
				<ele>1195.44</ele>
				<time>2026-09-10T08:47:55.446Z</time>
			</trkpt>
			<trkpt lat="40.41337" lon="-1.50787">
				<ele>1193.88</ele>
				<time>2026-09-10T08:47:56.484Z</time>
			</trkpt>
			<trkpt lat="40.41309" lon="-1.50762">
				<ele>1193.79</ele>
				<time>2026-09-10T08:47:57.947Z</time>
			</trkpt>
			<trkpt lat="40.41289" lon="-1.50753">
				<ele>1192.88</ele>
				<time>2026-09-10T08:47:58.849Z</time>
			</trkpt>
			<trkpt lat="40.41268" lon="-1.50748">
				<ele>1192.26</ele>
				<time>2026-09-10T08:47:59.751Z</time>
			</trkpt>
			<trkpt lat="40.41248" lon="-1.50751">
				<ele>1192.11</ele>
				<time>2026-09-10T08:48:00.593Z</time>
			</trkpt>
			<trkpt lat="40.41217" lon="-1.50759">
				<ele>1192.77</ele>
				<time>2026-09-10T08:48:01.899Z</time>
			</trkpt>
			<trkpt lat="40.41198" lon="-1.50761">
				<ele>1192.49</ele>
				<time>2026-09-10T08:48:02.678Z</time>
			</trkpt>
			<trkpt lat="40.41181" lon="-1.50759">
				<ele>1192.09</ele>
				<time>2026-09-10T08:48:03.369Z</time>
			</trkpt>
			<trkpt lat="40.41165" lon="-1.50755">
				<ele>1191.62</ele>
				<time>2026-09-10T08:48:04.024Z</time>
			</trkpt>
			<trkpt lat="40.41151" lon="-1.50745">
				<ele>1191.81</ele>
				<time>2026-09-10T08:48:04.660Z</time>
			</trkpt>
			<trkpt lat="40.4114" lon="-1.50733">
				<ele>1192.69</ele>
				<time>2026-09-10T08:48:05.226Z</time>
			</trkpt>
			<trkpt lat="40.41129" lon="-1.50716">
				<ele>1193.55</ele>
				<time>2026-09-10T08:48:05.895Z</time>
			</trkpt>
			<trkpt lat="40.41123" lon="-1.50699">
				<ele>1194.57</ele>
				<time>2026-09-10T08:48:06.452Z</time>
			</trkpt>
			<trkpt lat="40.4112" lon="-1.50683">
				<ele>1195.13</ele>
				<time>2026-09-10T08:48:06.939Z</time>
			</trkpt>
			<trkpt lat="40.41121" lon="-1.50657">
				<ele>1196.79</ele>
				<time>2026-09-10T08:48:07.702Z</time>
			</trkpt>
			<trkpt lat="40.41128" lon="-1.50596">
				<ele>1199.07</ele>
				<time>2026-09-10T08:48:09.483Z</time>
			</trkpt>
			<trkpt lat="40.41129" lon="-1.50563">
				<ele>1199.84</ele>
				<time>2026-09-10T08:48:10.421Z</time>
			</trkpt>
			<trkpt lat="40.41127" lon="-1.50538">
				<ele>1200.19</ele>
				<time>2026-09-10T08:48:11.127Z</time>
			</trkpt>
			<trkpt lat="40.41115" lon="-1.50484">
				<ele>1198.84</ele>
				<time>2026-09-10T08:48:12.685Z</time>
			</trkpt>
			<trkpt lat="40.41114" lon="-1.50459">
				<ele>1198.94</ele>
				<time>2026-09-10T08:48:13.369Z</time>
			</trkpt>
			<trkpt lat="40.41114" lon="-1.50422">
				<ele>1197.16</ele>
				<time>2026-09-10T08:48:14.368Z</time>
			</trkpt>
			<trkpt lat="40.4112" lon="-1.50321">
				<ele>1193.55</ele>
				<time>2026-09-10T08:48:17.038Z</time>
			</trkpt>
			<trkpt lat="40.4113" lon="-1.50215">
				<ele>1193.92</ele>
				<time>2026-09-10T08:48:19.751Z</time>
			</trkpt>
			<trkpt lat="40.41143" lon="-1.5012">
				<ele>1195.3</ele>
				<time>2026-09-10T08:48:22.117Z</time>
			</trkpt>
			<trkpt lat="40.41146" lon="-1.50082">
				<ele>1194.12</ele>
				<time>2026-09-10T08:48:23.032Z</time>
			</trkpt>
			<trkpt lat="40.41145" lon="-1.50046">
				<ele>1192.64</ele>
				<time>2026-09-10T08:48:23.883Z</time>
			</trkpt>
			<trkpt lat="40.41142" lon="-1.50018">
				<ele>1190.76</ele>
				<time>2026-09-10T08:48:24.544Z</time>
			</trkpt>
			<trkpt lat="40.41132" lon="-1.49964">
				<ele>1189.7</ele>
				<time>2026-09-10T08:48:25.825Z</time>
			</trkpt>
			<trkpt lat="40.41117" lon="-1.49906">
				<ele>1188.27</ele>
				<time>2026-09-10T08:48:27.208Z</time>
			</trkpt>
			<trkpt lat="40.41106" lon="-1.49874">
				<ele>1186.95</ele>
				<time>2026-09-10T08:48:27.988Z</time>
			</trkpt>
			<trkpt lat="40.41079" lon="-1.49822">
				<ele>1186.07</ele>
				<time>2026-09-10T08:48:29.364Z</time>
			</trkpt>
			<trkpt lat="40.41061" lon="-1.49791">
				<ele>1187.67</ele>
				<time>2026-09-10T08:48:30.201Z</time>
			</trkpt>
			<trkpt lat="40.41044" lon="-1.49772">
				<ele>1189.15</ele>
				<time>2026-09-10T08:48:30.824Z</time>
			</trkpt>
			<trkpt lat="40.41024" lon="-1.49756">
				<ele>1190.04</ele>
				<time>2026-09-10T08:48:31.471Z</time>
			</trkpt>
			<trkpt lat="40.41002" lon="-1.49746">
				<ele>1189.93</ele>
				<time>2026-09-10T08:48:32.107Z</time>
			</trkpt>
			<trkpt lat="40.4097" lon="-1.49739">
				<ele>1191.02</ele>
				<time>2026-09-10T08:48:32.983Z</time>
			</trkpt>
			<trkpt lat="40.40924" lon="-1.49734">
				<ele>1187.62</ele>
				<time>2026-09-10T08:48:34.210Z</time>
			</trkpt>
			<trkpt lat="40.40874" lon="-1.49735">
				<ele>1186.69</ele>
				<time>2026-09-10T08:48:35.512Z</time>
			</trkpt>
			<trkpt lat="40.40848" lon="-1.49738">
				<ele>1188.85</ele>
				<time>2026-09-10T08:48:36.181Z</time>
			</trkpt>
			<trkpt lat="40.40817" lon="-1.49745">
				<ele>1194.06</ele>
				<time>2026-09-10T08:48:36.978Z</time>
			</trkpt>
			<trkpt lat="40.4073" lon="-1.49772">
				<ele>1196.24</ele>
				<time>2026-09-10T08:48:39.188Z</time>
			</trkpt>
			<trkpt lat="40.40695" lon="-1.4978">
				<ele>1198.43</ele>
				<time>2026-09-10T08:48:40.046Z</time>
			</trkpt>
			<trkpt lat="40.40672" lon="-1.49779">
				<ele>1198.81</ele>
				<time>2026-09-10T08:48:40.595Z</time>
			</trkpt>
			<trkpt lat="40.40656" lon="-1.49774">
				<ele>1198.72</ele>
				<time>2026-09-10T08:48:40.984Z</time>
			</trkpt>
			<trkpt lat="40.40639" lon="-1.49766">
				<ele>1198.4</ele>
				<time>2026-09-10T08:48:41.409Z</time>
			</trkpt>
			<trkpt lat="40.40622" lon="-1.49753">
				<ele>1196.94</ele>
				<time>2026-09-10T08:48:41.869Z</time>
			</trkpt>
			<trkpt lat="40.40607" lon="-1.49736">
				<ele>1195.2</ele>
				<time>2026-09-10T08:48:42.329Z</time>
			</trkpt>
			<trkpt lat="40.40549" lon="-1.49658">
				<ele>1191.48</ele>
				<time>2026-09-10T08:48:44.220Z</time>
			</trkpt>
			<trkpt lat="40.4053" lon="-1.49638">
				<ele>1190.69</ele>
				<time>2026-09-10T08:48:44.765Z</time>
			</trkpt>
			<trkpt lat="40.4051" lon="-1.49625">
				<ele>1189.06</ele>
				<time>2026-09-10T08:48:45.260Z</time>
			</trkpt>
			<trkpt lat="40.40492" lon="-1.49618">
				<ele>1187.66</ele>
				<time>2026-09-10T08:48:45.673Z</time>
			</trkpt>
			<trkpt lat="40.40468" lon="-1.49616">
				<ele>1186.95</ele>
				<time>2026-09-10T08:48:46.200Z</time>
			</trkpt>
			<trkpt lat="40.40425" lon="-1.49622">
				<ele>1188.95</ele>
				<time>2026-09-10T08:48:47.136Z</time>
			</trkpt>
			<trkpt lat="40.40413" lon="-1.49622">
				<ele>1188.93</ele>
				<time>2026-09-10T08:48:47.394Z</time>
			</trkpt>
			<trkpt lat="40.40386" lon="-1.4961">
				<ele>1188.06</ele>
				<time>2026-09-10T08:48:48.002Z</time>
			</trkpt>
			<trkpt lat="40.40346" lon="-1.49583">
				<ele>1190.73</ele>
				<time>2026-09-10T08:48:48.952Z</time>
			</trkpt>
			<trkpt lat="40.40326" lon="-1.49574">
				<ele>1191.49</ele>
				<time>2026-09-10T08:48:49.394Z</time>
			</trkpt>
			<trkpt lat="40.40293" lon="-1.49566">
				<ele>1187.62</ele>
				<time>2026-09-10T08:48:50.091Z</time>
			</trkpt>
			<trkpt lat="40.40271" lon="-1.49564">
				<ele>1184.92</ele>
				<time>2026-09-10T08:48:50.546Z</time>
			</trkpt>
			<trkpt lat="40.40249" lon="-1.49567">
				<ele>1183.54</ele>
				<time>2026-09-10T08:48:50.999Z</time>
			</trkpt>
			<trkpt lat="40.4023" lon="-1.49574">
				<ele>1186.32</ele>
				<time>2026-09-10T08:48:51.401Z</time>
			</trkpt>
			<trkpt lat="40.40217" lon="-1.49582">
				<ele>1187.79</ele>
				<time>2026-09-10T08:48:51.693Z</time>
			</trkpt>
			<trkpt lat="40.40202" lon="-1.49596">
				<ele>1190.01</ele>
				<time>2026-09-10T08:48:52.065Z</time>
			</trkpt>
			<trkpt lat="40.40189" lon="-1.49616">
				<ele>1189.96</ele>
				<time>2026-09-10T08:48:52.468Z</time>
			</trkpt>
			<trkpt lat="40.40167" lon="-1.49666">
				<ele>1188.94</ele>
				<time>2026-09-10T08:48:53.348Z</time>
			</trkpt>
			<trkpt lat="40.40159" lon="-1.49684">
				<ele>1187.94</ele>
				<time>2026-09-10T08:48:53.663Z</time>
			</trkpt>
			<trkpt lat="40.40148" lon="-1.497">
				<ele>1185.17</ele>
				<time>2026-09-10T08:48:53.989Z</time>
			</trkpt>
			<trkpt lat="40.40136" lon="-1.49714">
				<ele>1182.89</ele>
				<time>2026-09-10T08:48:54.306Z</time>
			</trkpt>
			<trkpt lat="40.40124" lon="-1.49723">
				<ele>1182.5</ele>
				<time>2026-09-10T08:48:54.578Z</time>
			</trkpt>
			<trkpt lat="40.40107" lon="-1.49733">
				<ele>1183.03</ele>
				<time>2026-09-10T08:48:54.943Z</time>
			</trkpt>
			<trkpt lat="40.40093" lon="-1.49738">
				<ele>1183.93</ele>
				<time>2026-09-10T08:48:55.227Z</time>
			</trkpt>
			<trkpt lat="40.40076" lon="-1.49741">
				<ele>1185.2</ele>
				<time>2026-09-10T08:48:55.562Z</time>
			</trkpt>
			<trkpt lat="40.40057" lon="-1.4974">
				<ele>1185.81</ele>
				<time>2026-09-10T08:48:55.933Z</time>
			</trkpt>
			<trkpt lat="40.40012" lon="-1.49728">
				<ele>1186.4</ele>
				<time>2026-09-10T08:48:56.822Z</time>
			</trkpt>
			<trkpt lat="40.39997" lon="-1.49721">
				<ele>1187.36</ele>
				<time>2026-09-10T08:48:57.129Z</time>
			</trkpt>
			<trkpt lat="40.39965" lon="-1.497">
				<ele>1190.3</ele>
				<time>2026-09-10T08:48:57.817Z</time>
			</trkpt>
			<trkpt lat="40.39932" lon="-1.49696">
				<ele>1188.77</ele>
				<time>2026-09-10T08:48:58.451Z</time>
			</trkpt>
			<trkpt lat="40.39855" lon="-1.49679">
				<ele>1192.83</ele>
				<time>2026-09-10T08:48:59.939Z</time>
			</trkpt>
			<trkpt lat="40.39814" lon="-1.49673">
				<ele>1193.33</ele>
				<time>2026-09-10T08:49:00.721Z</time>
			</trkpt>
			<trkpt lat="40.39793" lon="-1.4967">
				<ele>1194.1</ele>
				<time>2026-09-10T08:49:01.121Z</time>
			</trkpt>
			<trkpt lat="40.39764" lon="-1.49669">
				<ele>1195.52</ele>
				<time>2026-09-10T08:49:01.669Z</time>
			</trkpt>
			<trkpt lat="40.39717" lon="-1.49679">
				<ele>1191.53</ele>
				<time>2026-09-10T08:49:02.569Z</time>
			</trkpt>
			<trkpt lat="40.39705" lon="-1.4968">
				<ele>1191.49</ele>
				<time>2026-09-10T08:49:02.796Z</time>
			</trkpt>
			<trkpt lat="40.39695" lon="-1.49676">
				<ele>1192.34</ele>
				<time>2026-09-10T08:49:02.993Z</time>
			</trkpt>
			<trkpt lat="40.39682" lon="-1.49665">
				<ele>1192.28</ele>
				<time>2026-09-10T08:49:03.285Z</time>
			</trkpt>
			<trkpt lat="40.39673" lon="-1.49636">
				<ele>1194.4</ele>
				<time>2026-09-10T08:49:03.736Z</time>
			</trkpt>
			<trkpt lat="40.39664" lon="-1.4959">
				<ele>1200.52</ele>
				<time>2026-09-10T08:49:04.419Z</time>
			</trkpt>
			<trkpt lat="40.39655" lon="-1.49555">
				<ele>1201.68</ele>
				<time>2026-09-10T08:49:04.951Z</time>
			</trkpt>
			<trkpt lat="40.39646" lon="-1.4953">
				<ele>1200.78</ele>
				<time>2026-09-10T08:49:05.350Z</time>
			</trkpt>
			<trkpt lat="40.39629" lon="-1.49492">
				<ele>1200.14</ele>
				<time>2026-09-10T08:49:05.987Z</time>
			</trkpt>
			<trkpt lat="40.39586" lon="-1.49433">
				<ele>1202.46</ele>
				<time>2026-09-10T08:49:07.170Z</time>
			</trkpt>
			<trkpt lat="40.39575" lon="-1.49411">
				<ele>1204.7</ele>
				<time>2026-09-10T08:49:07.553Z</time>
			</trkpt>
			<trkpt lat="40.39554" lon="-1.49359">
				<ele>1202.68</ele>
				<time>2026-09-10T08:49:08.412Z</time>
			</trkpt>
			<trkpt lat="40.39547" lon="-1.49337">
				<ele>1200.79</ele>
				<time>2026-09-10T08:49:08.762Z</time>
			</trkpt>
			<trkpt lat="40.39543" lon="-1.49313">
				<ele>1198.71</ele>
				<time>2026-09-10T08:49:09.123Z</time>
			</trkpt>
			<trkpt lat="40.3954" lon="-1.49281">
				<ele>1197.21</ele>
				<time>2026-09-10T08:49:09.598Z</time>
			</trkpt>
			<trkpt lat="40.39541" lon="-1.49256">
				<ele>1196.31</ele>
				<time>2026-09-10T08:49:09.968Z</time>
			</trkpt>
			<trkpt lat="40.39545" lon="-1.4923">
				<ele>1194.96</ele>
				<time>2026-09-10T08:49:10.361Z</time>
			</trkpt>
			<trkpt lat="40.39551" lon="-1.49204">
				<ele>1193.17</ele>
				<time>2026-09-10T08:49:10.765Z</time>
			</trkpt>
			<trkpt lat="40.39569" lon="-1.49152">
				<ele>1191.94</ele>
				<time>2026-09-10T08:49:11.620Z</time>
			</trkpt>
			<trkpt lat="40.39584" lon="-1.49117">
				<ele>1194.05</ele>
				<time>2026-09-10T08:49:12.224Z</time>
			</trkpt>
			<trkpt lat="40.39632" lon="-1.49023">
				<ele>1192.63</ele>
				<time>2026-09-10T08:49:13.950Z</time>
			</trkpt>
			<trkpt lat="40.39645" lon="-1.48993">
				<ele>1191.84</ele>
				<time>2026-09-10T08:49:14.483Z</time>
			</trkpt>
			<trkpt lat="40.39652" lon="-1.48966">
				<ele>1190.42</ele>
				<time>2026-09-10T08:49:14.925Z</time>
			</trkpt>
			<trkpt lat="40.39657" lon="-1.48933">
				<ele>1187.95</ele>
				<time>2026-09-10T08:49:15.451Z</time>
			</trkpt>
			<trkpt lat="40.39657" lon="-1.48886">
				<ele>1183.48</ele>
				<time>2026-09-10T08:49:16.191Z</time>
			</trkpt>
			<trkpt lat="40.39654" lon="-1.48841">
				<ele>1182.2</ele>
				<time>2026-09-10T08:49:16.909Z</time>
			</trkpt>
			<trkpt lat="40.39651" lon="-1.48819">
				<ele>1182.64</ele>
				<time>2026-09-10T08:49:17.266Z</time>
			</trkpt>
			<trkpt lat="40.39632" lon="-1.48761">
				<ele>1182.17</ele>
				<time>2026-09-10T08:49:18.286Z</time>
			</trkpt>
			<trkpt lat="40.39623" lon="-1.48729">
				<ele>1179.23</ele>
				<time>2026-09-10T08:49:18.843Z</time>
			</trkpt>
			<trkpt lat="40.3962" lon="-1.48712">
				<ele>1177.78</ele>
				<time>2026-09-10T08:49:19.130Z</time>
			</trkpt>
			<trkpt lat="40.39621" lon="-1.48699">
				<ele>1177.14</ele>
				<time>2026-09-10T08:49:19.345Z</time>
			</trkpt>
			<trkpt lat="40.39625" lon="-1.4869">
				<ele>1177.11</ele>
				<time>2026-09-10T08:49:19.518Z</time>
			</trkpt>
			<trkpt lat="40.39633" lon="-1.48678">
				<ele>1177.25</ele>
				<time>2026-09-10T08:49:19.782Z</time>
			</trkpt>
			<trkpt lat="40.39677" lon="-1.48637">
				<ele>1174.34</ele>
				<time>2026-09-10T08:49:20.970Z</time>
			</trkpt>
			<trkpt lat="40.39712" lon="-1.48587">
				<ele>1170.43</ele>
				<time>2026-09-10T08:49:22.129Z</time>
			</trkpt>
			<trkpt lat="40.39752" lon="-1.48536">
				<ele>1171.08</ele>
				<time>2026-09-10T08:49:23.401Z</time>
			</trkpt>
			<trkpt lat="40.39766" lon="-1.48508">
				<ele>1169.29</ele>
				<time>2026-09-10T08:49:23.992Z</time>
			</trkpt>
			<trkpt lat="40.39773" lon="-1.48477">
				<ele>1165.92</ele>
				<time>2026-09-10T08:49:24.567Z</time>
			</trkpt>
			<trkpt lat="40.39797" lon="-1.4833">
				<ele>1164.22</ele>
				<time>2026-09-10T08:49:27.314Z</time>
			</trkpt>
			<trkpt lat="40.39819" lon="-1.48222">
				<ele>1161.51</ele>
				<time>2026-09-10T08:49:29.438Z</time>
			</trkpt>
			<trkpt lat="40.39831" lon="-1.48158">
				<ele>1161.76</ele>
				<time>2026-09-10T08:49:30.725Z</time>
			</trkpt>
			<trkpt lat="40.39843" lon="-1.48074">
				<ele>1167.27</ele>
				<time>2026-09-10T08:49:32.433Z</time>
			</trkpt>
			<trkpt lat="40.39846" lon="-1.48043">
				<ele>1167.27</ele>
				<time>2026-09-10T08:49:33.070Z</time>
			</trkpt>
			<trkpt lat="40.39846" lon="-1.48006">
				<ele>1167.46</ele>
				<time>2026-09-10T08:49:33.832Z</time>
			</trkpt>
			<trkpt lat="40.39842" lon="-1.47969">
				<ele>1169.76</ele>
				<time>2026-09-10T08:49:34.611Z</time>
			</trkpt>
			<trkpt lat="40.39833" lon="-1.47932">
				<ele>1170.54</ele>
				<time>2026-09-10T08:49:35.431Z</time>
			</trkpt>
			<trkpt lat="40.39808" lon="-1.47865">
				<ele>1166.97</ele>
				<time>2026-09-10T08:49:37.037Z</time>
			</trkpt>
			<trkpt lat="40.39797" lon="-1.47846">
				<ele>1168.18</ele>
				<time>2026-09-10T08:49:37.559Z</time>
			</trkpt>
			<trkpt lat="40.39784" lon="-1.47831">
				<ele>1169.41</ele>
				<time>2026-09-10T08:49:38.060Z</time>
			</trkpt>
			<trkpt lat="40.39764" lon="-1.47816">
				<ele>1171.65</ele>
				<time>2026-09-10T08:49:38.733Z</time>
			</trkpt>
			<trkpt lat="40.39742" lon="-1.47803">
				<ele>1171.83</ele>
				<time>2026-09-10T08:49:39.445Z</time>
			</trkpt>
			<trkpt lat="40.39719" lon="-1.47795">
				<ele>1170.75</ele>
				<time>2026-09-10T08:49:40.155Z</time>
			</trkpt>
			<trkpt lat="40.39702" lon="-1.47794">
				<ele>1168.57</ele>
				<time>2026-09-10T08:49:40.667Z</time>
			</trkpt>
			<trkpt lat="40.3968" lon="-1.47796">
				<ele>1166.5</ele>
				<time>2026-09-10T08:49:41.337Z</time>
			</trkpt>
			<trkpt lat="40.39633" lon="-1.47805">
				<ele>1166.99</ele>
				<time>2026-09-10T08:49:42.803Z</time>
			</trkpt>
			<trkpt lat="40.39586" lon="-1.47807">
				<ele>1161.51</ele>
				<time>2026-09-10T08:49:44.286Z</time>
			</trkpt>
			<trkpt lat="40.39561" lon="-1.47801">
				<ele>1157.86</ele>
				<time>2026-09-10T08:49:45.101Z</time>
			</trkpt>
			<trkpt lat="40.39538" lon="-1.47793">
				<ele>1159.62</ele>
				<time>2026-09-10T08:49:45.873Z</time>
			</trkpt>
			<trkpt lat="40.39516" lon="-1.47781">
				<ele>1160.21</ele>
				<time>2026-09-10T08:49:46.654Z</time>
			</trkpt>
			<trkpt lat="40.39477" lon="-1.4775">
				<ele>1159.83</ele>
				<time>2026-09-10T08:49:48.173Z</time>
			</trkpt>
			<trkpt lat="40.39457" lon="-1.47726">
				<ele>1159.19</ele>
				<time>2026-09-10T08:49:49.090Z</time>
			</trkpt>
			<trkpt lat="40.3944" lon="-1.47701">
				<ele>1160.56</ele>
				<time>2026-09-10T08:49:49.966Z</time>
			</trkpt>
			<trkpt lat="40.39428" lon="-1.47677">
				<ele>1162.37</ele>
				<time>2026-09-10T08:49:50.724Z</time>
			</trkpt>
			<trkpt lat="40.39415" lon="-1.47646">
				<ele>1162.01</ele>
				<time>2026-09-10T08:49:51.669Z</time>
			</trkpt>
			<trkpt lat="40.394" lon="-1.47601">
				<ele>1159.98</ele>
				<time>2026-09-10T08:49:53.001Z</time>
			</trkpt>
			<trkpt lat="40.3939" lon="-1.47564">
				<ele>1157.69</ele>
				<time>2026-09-10T08:49:54.082Z</time>
			</trkpt>
			<trkpt lat="40.39381" lon="-1.47518">
				<ele>1158.64</ele>
				<time>2026-09-10T08:49:55.410Z</time>
			</trkpt>
			<trkpt lat="40.39374" lon="-1.47453">
				<ele>1161.27</ele>
				<time>2026-09-10T08:49:57.283Z</time>
			</trkpt>
			<trkpt lat="40.39375" lon="-1.47421">
				<ele>1162.44</ele>
				<time>2026-09-10T08:49:58.213Z</time>
			</trkpt>
			<trkpt lat="40.39384" lon="-1.47365">
				<ele>1164.16</ele>
				<time>2026-09-10T08:49:59.901Z</time>
			</trkpt>
			<trkpt lat="40.394" lon="-1.47288">
				<ele>1164.21</ele>
				<time>2026-09-10T08:50:02.313Z</time>
			</trkpt>
			<trkpt lat="40.39412" lon="-1.47243">
				<ele>1170.54</ele>
				<time>2026-09-10T08:50:03.787Z</time>
			</trkpt>
			<trkpt lat="40.39428" lon="-1.47198">
				<ele>1177.56</ele>
				<time>2026-09-10T08:50:05.349Z</time>
			</trkpt>
			<trkpt lat="40.39438" lon="-1.4716">
				<ele>1172.6</ele>
				<time>2026-09-10T08:50:06.633Z</time>
			</trkpt>
			<trkpt lat="40.39446" lon="-1.47122">
				<ele>1168.17</ele>
				<time>2026-09-10T08:50:07.911Z</time>
			</trkpt>
			<trkpt lat="40.39457" lon="-1.47021">
				<ele>1157.96</ele>
				<time>2026-09-10T08:50:11.300Z</time>
			</trkpt>
			<trkpt lat="40.39466" lon="-1.46979">
				<ele>1159.79</ele>
				<time>2026-09-10T08:50:12.787Z</time>
			</trkpt>
			<trkpt lat="40.39496" lon="-1.46885">
				<ele>1158.92</ele>
				<time>2026-09-10T08:50:16.350Z</time>
			</trkpt>
			<trkpt lat="40.39518" lon="-1.46824">
				<ele>1155.25</ele>
				<time>2026-09-10T08:50:18.780Z</time>
			</trkpt>
			<trkpt lat="40.39539" lon="-1.46776">
				<ele>1156.85</ele>
				<time>2026-09-10T08:50:20.816Z</time>
			</trkpt>
			<trkpt lat="40.39572" lon="-1.46712">
				<ele>1154.11</ele>
				<time>2026-09-10T08:50:23.725Z</time>
			</trkpt>
			<trkpt lat="40.39741" lon="-1.46424">
				<ele>1157.95</ele>
				<time>2026-09-10T08:50:38.487Z</time>
			</trkpt>
			<trkpt lat="40.39824" lon="-1.46289">
				<ele>1153.41</ele>
				<time>2026-09-10T08:50:46.193Z</time>
			</trkpt>
			<trkpt lat="40.39835" lon="-1.46266">
				<ele>1152.89</ele>
				<time>2026-09-10T08:50:47.440Z</time>
			</trkpt>
			<trkpt lat="40.39842" lon="-1.46241">
				<ele>1153.73</ele>
				<time>2026-09-10T08:50:48.674Z</time>
			</trkpt>
			<trkpt lat="40.3985" lon="-1.46209">
				<ele>1155.09</ele>
				<time>2026-09-10T08:50:50.249Z</time>
			</trkpt>
			<trkpt lat="40.39866" lon="-1.46081">
				<ele>1155.43</ele>
				<time>2026-09-10T08:50:56.481Z</time>
			</trkpt>
			<trkpt lat="40.3987" lon="-1.46065">
				<ele>1155</ele>
				<time>2026-09-10T08:50:57.310Z</time>
			</trkpt>
			<trkpt lat="40.39876" lon="-1.46051">
				<ele>1154.81</ele>
				<time>2026-09-10T08:50:58.104Z</time>
			</trkpt>
			<trkpt lat="40.39884" lon="-1.4604">
				<ele>1154.88</ele>
				<time>2026-09-10T08:50:58.860Z</time>
			</trkpt>
			<trkpt lat="40.39892" lon="-1.46031">
				<ele>1155.17</ele>
				<time>2026-09-10T08:50:59.551Z</time>
			</trkpt>
			<trkpt lat="40.3997" lon="-1.45976">
				<ele>1162.19</ele>
				<time>2026-09-10T08:51:05.479Z</time>
			</trkpt>
			<trkpt lat="40.39984" lon="-1.45963">
				<ele>1163.34</ele>
				<time>2026-09-10T08:51:06.653Z</time>
			</trkpt>
			<trkpt lat="40.40078" lon="-1.45842">
				<ele>1157.62</ele>
				<time>2026-09-10T08:51:15.946Z</time>
			</trkpt>
			<trkpt lat="40.40097" lon="-1.45782">
				<ele>1151.85</ele>
				<time>2026-09-10T08:51:19.572Z</time>
			</trkpt>
			<trkpt lat="40.40105" lon="-1.45748">
				<ele>1151.7</ele>
				<time>2026-09-10T08:51:21.589Z</time>
			</trkpt>
			<trkpt lat="40.40108" lon="-1.45708">
				<ele>1153.16</ele>
				<time>2026-09-10T08:51:23.893Z</time>
			</trkpt>
			<trkpt lat="40.40105" lon="-1.45644">
				<ele>1163.55</ele>
				<time>2026-09-10T08:51:27.629Z</time>
			</trkpt>
			<trkpt lat="40.40102" lon="-1.45628">
				<ele>1164.95</ele>
				<time>2026-09-10T08:51:28.601Z</time>
			</trkpt>
			<trkpt lat="40.40096" lon="-1.45615">
				<ele>1164.32</ele>
				<time>2026-09-10T08:51:29.502Z</time>
			</trkpt>
			<trkpt lat="40.40033" lon="-1.45536">
				<ele>1155.06</ele>
				<time>2026-09-10T08:51:36.416Z</time>
			</trkpt>
			<trkpt lat="40.40019" lon="-1.45513">
				<ele>1152.64</ele>
				<time>2026-09-10T08:51:38.235Z</time>
			</trkpt>
			<trkpt lat="40.40004" lon="-1.4548">
				<ele>1149.08</ele>
				<time>2026-09-10T08:51:40.633Z</time>
			</trkpt>
			<trkpt lat="40.39998" lon="-1.45461">
				<ele>1148.37</ele>
				<time>2026-09-10T08:51:41.927Z</time>
			</trkpt>
			<trkpt lat="40.39996" lon="-1.45434">
				<ele>1149.32</ele>
				<time>2026-09-10T08:51:43.647Z</time>
			</trkpt>
			<trkpt lat="40.39996" lon="-1.45417">
				<ele>1149.99</ele>
				<time>2026-09-10T08:51:44.732Z</time>
			</trkpt>
			<trkpt lat="40.4" lon="-1.45402">
				<ele>1150.03</ele>
				<time>2026-09-10T08:51:45.751Z</time>
			</trkpt>
			<trkpt lat="40.40007" lon="-1.4539">
				<ele>1150.02</ele>
				<time>2026-09-10T08:51:46.725Z</time>
			</trkpt>
			<trkpt lat="40.40018" lon="-1.45376">
				<ele>1150.3</ele>
				<time>2026-09-10T08:51:48.028Z</time>
			</trkpt>
			<trkpt lat="40.4006" lon="-1.45338">
				<ele>1146.92</ele>
				<time>2026-09-10T08:51:52.421Z</time>
			</trkpt>
			<trkpt lat="40.40077" lon="-1.45312">
				<ele>1145.62</ele>
				<time>2026-09-10T08:51:54.702Z</time>
			</trkpt>
			<trkpt lat="40.40083" lon="-1.45293">
				<ele>1145</ele>
				<time>2026-09-10T08:51:56.082Z</time>
			</trkpt>
			<trkpt lat="40.40084" lon="-1.45285">
				<ele>1145.11</ele>
				<time>2026-09-10T08:51:56.629Z</time>
			</trkpt>
			<trkpt lat="40.40082" lon="-1.45272">
				<ele>1146.19</ele>
				<time>2026-09-10T08:51:57.525Z</time>
			</trkpt>
			<trkpt lat="40.40077" lon="-1.45257">
				<ele>1148.56</ele>
				<time>2026-09-10T08:51:58.637Z</time>
			</trkpt>
			<trkpt lat="40.40067" lon="-1.45245">
				<ele>1150.14</ele>
				<time>2026-09-10T08:51:59.850Z</time>
			</trkpt>
			<trkpt lat="40.39992" lon="-1.45165">
				<ele>1150.34</ele>
				<time>2026-09-10T08:52:08.689Z</time>
			</trkpt>
			<trkpt lat="40.39977" lon="-1.45143">
				<ele>1148.53</ele>
				<time>2026-09-10T08:52:10.793Z</time>
			</trkpt>
			<trkpt lat="40.39971" lon="-1.45129">
				<ele>1149.18</ele>
				<time>2026-09-10T08:52:11.945Z</time>
			</trkpt>
			<trkpt lat="40.39971" lon="-1.45112">
				<ele>1150.99</ele>
				<time>2026-09-10T08:52:13.170Z</time>
			</trkpt>
			<trkpt lat="40.39975" lon="-1.45095">
				<ele>1152.54</ele>
				<time>2026-09-10T08:52:14.458Z</time>
			</trkpt>
			<trkpt lat="40.39985" lon="-1.45082">
				<ele>1154.16</ele>
				<time>2026-09-10T08:52:15.802Z</time>
			</trkpt>
			<trkpt lat="40.39994" lon="-1.45076">
				<ele>1155.31</ele>
				<time>2026-09-10T08:52:16.771Z</time>
			</trkpt>
			<trkpt lat="40.40003" lon="-1.45074">
				<ele>1155.61</ele>
				<time>2026-09-10T08:52:17.650Z</time>
			</trkpt>
			<trkpt lat="40.40017" lon="-1.45076">
				<ele>1156.81</ele>
				<time>2026-09-10T08:52:19.013Z</time>
			</trkpt>
			<trkpt lat="40.40049" lon="-1.45091">
				<ele>1168.74</ele>
				<time>2026-09-10T08:52:22.329Z</time>
			</trkpt>
			<trkpt lat="40.40063" lon="-1.45093">
				<ele>1175.32</ele>
				<time>2026-09-10T08:52:23.715Z</time>
			</trkpt>
			<trkpt lat="40.40117" lon="-1.45088">
				<ele>1184.26</ele>
				<time>2026-09-10T08:52:29.113Z</time>
			</trkpt>
			<trkpt lat="40.40129" lon="-1.45082">
				<ele>1182.31</ele>
				<time>2026-09-10T08:52:30.409Z</time>
			</trkpt>
			<trkpt lat="40.40167" lon="-1.4504">
				<ele>1175.11</ele>
				<time>2026-09-10T08:52:35.479Z</time>
			</trkpt>
			<trkpt lat="40.40193" lon="-1.45006">
				<ele>1167.73</ele>
				<time>2026-09-10T08:52:39.283Z</time>
			</trkpt>
			<trkpt lat="40.40208" lon="-1.4499">
				<ele>1169.55</ele>
				<time>2026-09-10T08:52:41.307Z</time>
			</trkpt>
			<trkpt lat="40.40218" lon="-1.44986">
				<ele>1172.24</ele>
				<time>2026-09-10T08:52:42.408Z</time>
			</trkpt>
			<trkpt lat="40.4023" lon="-1.44987">
				<ele>1171.08</ele>
				<time>2026-09-10T08:52:43.679Z</time>
			</trkpt>
			<trkpt lat="40.40241" lon="-1.44992">
				<ele>1166.82</ele>
				<time>2026-09-10T08:52:44.914Z</time>
			</trkpt>
			<trkpt lat="40.4027" lon="-1.45019">
				<ele>1154.95</ele>
				<time>2026-09-10T08:52:48.720Z</time>
			</trkpt>
			<trkpt lat="40.40278" lon="-1.45031">
				<ele>1151.61</ele>
				<time>2026-09-10T08:52:50.031Z</time>
			</trkpt>
			<trkpt lat="40.40304" lon="-1.4508">
				<ele>1151.75</ele>
				<time>2026-09-10T08:52:54.991Z</time>
			</trkpt>
			<trkpt lat="40.40308" lon="-1.45094">
				<ele>1152.76</ele>
				<time>2026-09-10T08:52:56.246Z</time>
			</trkpt>
			<trkpt lat="40.40317" lon="-1.45132">
				<ele>1157.4</ele>
				<time>2026-09-10T08:52:59.609Z</time>
			</trkpt>
			<trkpt lat="40.40321" lon="-1.45172">
				<ele>1173.94</ele>
				<time>2026-09-10T08:53:03.055Z</time>
			</trkpt>
			<trkpt lat="40.40332" lon="-1.45201">
				<ele>1181.75</ele>
				<time>2026-09-10T08:53:05.849Z</time>
			</trkpt>
			<trkpt lat="40.40341" lon="-1.45214">
				<ele>1182.93</ele>
				<time>2026-09-10T08:53:07.374Z</time>
			</trkpt>
			<trkpt lat="40.40347" lon="-1.45219">
				<ele>1181.68</ele>
				<time>2026-09-10T08:53:08.187Z</time>
			</trkpt>
			<trkpt lat="40.40367" lon="-1.45232">
				<ele>1176.5</ele>
				<time>2026-09-10T08:53:10.753Z</time>
			</trkpt>
			<trkpt lat="40.40395" lon="-1.45238">
				<ele>1168.3</ele>
				<time>2026-09-10T08:53:14.043Z</time>
			</trkpt>
			<trkpt lat="40.40403" lon="-1.45238">
				<ele>1165.52</ele>
				<time>2026-09-10T08:53:14.977Z</time>
			</trkpt>
			<trkpt lat="40.40414" lon="-1.45235">
				<ele>1159.94</ele>
				<time>2026-09-10T08:53:16.293Z</time>
			</trkpt>
			<trkpt lat="40.40425" lon="-1.45228">
				<ele>1157.92</ele>
				<time>2026-09-10T08:53:17.730Z</time>
			</trkpt>
			<trkpt lat="40.40431" lon="-1.45223">
				<ele>1157.17</ele>
				<time>2026-09-10T08:53:18.568Z</time>
			</trkpt>
			<trkpt lat="40.4044" lon="-1.4521">
				<ele>1156.47</ele>
				<time>2026-09-10T08:53:20.152Z</time>
			</trkpt>
			<trkpt lat="40.4045" lon="-1.45178">
				<ele>1158.81</ele>
				<time>2026-09-10T08:53:23.291Z</time>
			</trkpt>
			<trkpt lat="40.40453" lon="-1.45155">
				<ele>1163.72</ele>
				<time>2026-09-10T08:53:25.425Z</time>
			</trkpt>
			<trkpt lat="40.40453" lon="-1.45124">
				<ele>1170.4</ele>
				<time>2026-09-10T08:53:28.280Z</time>
			</trkpt>
			<trkpt lat="40.40449" lon="-1.45106">
				<ele>1174.12</ele>
				<time>2026-09-10T08:53:30.018Z</time>
			</trkpt>
			<trkpt lat="40.40438" lon="-1.45073">
				<ele>1181.75</ele>
				<time>2026-09-10T08:53:33.380Z</time>
			</trkpt>
			<trkpt lat="40.40435" lon="-1.45054">
				<ele>1188.58</ele>
				<time>2026-09-10T08:53:35.203Z</time>
			</trkpt>
			<trkpt lat="40.40436" lon="-1.45037">
				<ele>1196.82</ele>
				<time>2026-09-10T08:53:36.813Z</time>
			</trkpt>
			<trkpt lat="40.40438" lon="-1.45029">
				<ele>1201.03</ele>
				<time>2026-09-10T08:53:37.611Z</time>
			</trkpt>
			<trkpt lat="40.40444" lon="-1.45013">
				<ele>1206.27</ele>
				<time>2026-09-10T08:53:39.306Z</time>
			</trkpt>
			<trkpt lat="40.4045" lon="-1.45002">
				<ele>1208.69</ele>
				<time>2026-09-10T08:53:40.598Z</time>
			</trkpt>
			<trkpt lat="40.40549" lon="-1.449">
				<ele>1206.69</ele>
				<time>2026-09-10T08:53:56.729Z</time>
			</trkpt>
			<trkpt lat="40.40616" lon="-1.44855">
				<ele>1151.09</ele>
				<time>2026-09-10T08:54:06.699Z</time>
			</trkpt>
			<trkpt lat="40.40637" lon="-1.44839">
				<ele>1147.09</ele>
				<time>2026-09-10T08:54:09.968Z</time>
			</trkpt>
			<trkpt lat="40.40654" lon="-1.4482">
				<ele>1149.11</ele>
				<time>2026-09-10T08:54:12.996Z</time>
			</trkpt>
			<trkpt lat="40.40672" lon="-1.4479">
				<ele>1151.06</ele>
				<time>2026-09-10T08:54:16.975Z</time>
			</trkpt>
			<trkpt lat="40.40683" lon="-1.44774">
				<ele>1153.22</ele>
				<time>2026-09-10T08:54:19.237Z</time>
			</trkpt>
			<trkpt lat="40.40702" lon="-1.44757">
				<ele>1155.4</ele>
				<time>2026-09-10T08:54:22.425Z</time>
			</trkpt>
			<trkpt lat="40.40714" lon="-1.44752">
				<ele>1154.52</ele>
				<time>2026-09-10T08:54:24.180Z</time>
			</trkpt>
			<trkpt lat="40.40752" lon="-1.44735">
				<ele>1143.79</ele>
				<time>2026-09-10T08:54:29.826Z</time>
			</trkpt>
			<trkpt lat="40.40773" lon="-1.44722">
				<ele>1140.97</ele>
				<time>2026-09-10T08:54:33.124Z</time>
			</trkpt>
			<trkpt lat="40.40815" lon="-1.44691">
				<ele>1142.65</ele>
				<time>2026-09-10T08:54:40.045Z</time>
			</trkpt>
			<trkpt lat="40.4083" lon="-1.44672">
				<ele>1143.91</ele>
				<time>2026-09-10T08:54:43.071Z</time>
			</trkpt>
			<trkpt lat="40.40837" lon="-1.44656">
				<ele>1144.92</ele>
				<time>2026-09-10T08:54:45.123Z</time>
			</trkpt>
			<trkpt lat="40.40841" lon="-1.44644">
				<ele>1145.49</ele>
				<time>2026-09-10T08:54:46.585Z</time>
			</trkpt>
			<trkpt lat="40.40843" lon="-1.44616">
				<ele>1146.7</ele>
				<time>2026-09-10T08:54:49.739Z</time>
			</trkpt>
			<trkpt lat="40.40838" lon="-1.44589">
				<ele>1146.76</ele>
				<time>2026-09-10T08:54:52.876Z</time>
			</trkpt>
			<trkpt lat="40.40802" lon="-1.44485">
				<ele>1152.54</ele>
				<time>2026-09-10T08:55:05.992Z</time>
			</trkpt>
			<trkpt lat="40.40772" lon="-1.44476">
				<ele>1153.17</ele>
				<time>2026-09-10T08:55:10.716Z</time>
			</trkpt>
			<trkpt lat="40.40765" lon="-1.44478">
				<ele>1152.77</ele>
				<time>2026-09-10T08:55:11.822Z</time>
			</trkpt>
			<trkpt lat="40.40748" lon="-1.44488">
				<ele>1151.57</ele>
				<time>2026-09-10T08:55:14.710Z</time>
			</trkpt>
			<trkpt lat="40.40765" lon="-1.44478">
				<ele>1152.77</ele>
				<time>2026-09-10T08:55:17.614Z</time>
			</trkpt>
			<trkpt lat="40.40772" lon="-1.44476">
				<ele>1153.17</ele>
				<time>2026-09-10T08:55:18.735Z</time>
			</trkpt>
			<trkpt lat="40.40802" lon="-1.44485">
				<ele>1152.54</ele>
				<time>2026-09-10T08:55:23.580Z</time>
			</trkpt>
			<trkpt lat="40.40798" lon="-1.44466">
				<ele>1158.57</ele>
				<time>2026-09-10T08:55:25.959Z</time>
			</trkpt>
			<trkpt lat="40.40776" lon="-1.44315">
				<ele>1137.7</ele>
				<time>2026-09-10T08:56:28.782Z</time>
			</trkpt>
			<trkpt lat="40.4077" lon="-1.44273">
				<ele>1133.87</ele>
				<time>2026-09-10T08:57:14.835Z</time>
			</trkpt>
			<trkpt lat="40.40759" lon="-1.44187">
				<ele>1130.45</ele>
				<time>2026-09-10T08:57:49.078Z</time>
			</trkpt>
			<trkpt lat="40.40759" lon="-1.44148">
				<ele>1126.74</ele>
				<time>2026-09-10T08:57:54.535Z</time>
			</trkpt>
			<trkpt lat="40.40765" lon="-1.44088">
				<ele>1125.55</ele>
				<time>2026-09-10T08:58:01.430Z</time>
			</trkpt>
			<trkpt lat="40.40779" lon="-1.4401">
				<ele>1127.46</ele>
				<time>2026-09-10T08:58:08.212Z</time>
			</trkpt>
			<trkpt lat="40.40782" lon="-1.43999">
				<ele>1127.93</ele>
				<time>2026-09-10T08:58:09.024Z</time>
			</trkpt>
			<trkpt lat="40.40791" lon="-1.43985">
				<ele>1128.03</ele>
				<time>2026-09-10T08:58:10.227Z</time>
			</trkpt>
			<trkpt lat="40.40812" lon="-1.43956">
				<ele>1126.58</ele>
				<time>2026-09-10T08:58:12.593Z</time>
			</trkpt>
			<trkpt lat="40.40792" lon="-1.43941">
				<ele>1124.64</ele>
				<time>2026-09-10T08:58:14.200Z</time>
			</trkpt>
			<trkpt lat="40.40784" lon="-1.43933">
				<ele>1124.93</ele>
				<time>2026-09-10T08:58:14.867Z</time>
			</trkpt>
			<trkpt lat="40.40777" lon="-1.43923">
				<ele>1125.23</ele>
				<time>2026-09-10T08:58:15.537Z</time>
			</trkpt>
			<trkpt lat="40.40775" lon="-1.43916">
				<ele>1126.58</ele>
				<time>2026-09-10T08:58:15.900Z</time>
			</trkpt>
			<trkpt lat="40.40774" lon="-1.43908">
				<ele>1128.21</ele>
				<time>2026-09-10T08:58:16.291Z</time>
			</trkpt>
			<trkpt lat="40.40775" lon="-1.4389">
				<ele>1130.82</ele>
				<time>2026-09-10T08:58:17.153Z</time>
			</trkpt>
			<trkpt lat="40.40794" lon="-1.43828">
				<ele>1124.72</ele>
				<time>2026-09-10T08:58:20.410Z</time>
			</trkpt>
			<trkpt lat="40.40873" lon="-1.43628">
				<ele>1122.49</ele>
				<time>2026-09-10T08:58:36.247Z</time>
			</trkpt>
			<trkpt lat="40.4089" lon="-1.43596">
				<ele>1123.61</ele>
				<time>2026-09-10T08:58:39.433Z</time>
			</trkpt>
			<trkpt lat="40.4091" lon="-1.43563">
				<ele>1124.96</ele>
				<time>2026-09-10T08:58:42.906Z</time>
			</trkpt>
			<trkpt lat="40.40925" lon="-1.43545">
				<ele>1125.31</ele>
				<time>2026-09-10T08:58:45.112Z</time>
			</trkpt>
			<trkpt lat="40.40946" lon="-1.43531">
				<ele>1125.52</ele>
				<time>2026-09-10T08:58:47.672Z</time>
			</trkpt>
			<trkpt lat="40.40959" lon="-1.43519">
				<ele>1124.86</ele>
				<time>2026-09-10T08:58:49.399Z</time>
			</trkpt>
			<trkpt lat="40.40973" lon="-1.43498">
				<ele>1125.05</ele>
				<time>2026-09-10T08:58:51.704Z</time>
			</trkpt>
			<trkpt lat="40.40984" lon="-1.43458">
				<ele>1124.88</ele>
				<time>2026-09-10T08:58:55.201Z</time>
			</trkpt>
			<trkpt lat="40.40991" lon="-1.43423">
				<ele>1123.43</ele>
				<time>2026-09-10T08:58:58.150Z</time>
			</trkpt>
			<trkpt lat="40.40985" lon="-1.43397">
				<ele>1123.67</ele>
				<time>2026-09-10T08:59:00.344Z</time>
			</trkpt>
			<trkpt lat="40.40977" lon="-1.4338">
				<ele>1124.78</ele>
				<time>2026-09-10T08:59:01.944Z</time>
			</trkpt>
			<trkpt lat="40.40972" lon="-1.43378">
				<ele>1125.52</ele>
				<time>2026-09-10T08:59:02.490Z</time>
			</trkpt>
			<trkpt lat="40.40969" lon="-1.43372">
				<ele>1125.85</ele>
				<time>2026-09-10T08:59:03.060Z</time>
			</trkpt>
			<trkpt lat="40.40914" lon="-1.43307">
				<ele>1129.24</ele>
				<time>2026-09-10T08:59:10.565Z</time>
			</trkpt>
			<trkpt lat="40.40899" lon="-1.43286">
				<ele>1129.43</ele>
				<time>2026-09-10T08:59:12.700Z</time>
			</trkpt>
			<trkpt lat="40.40889" lon="-1.43269">
				<ele>1129.59</ele>
				<time>2026-09-10T08:59:14.261Z</time>
			</trkpt>
			<trkpt lat="40.40839" lon="-1.43146">
				<ele>1141.26</ele>
				<time>2026-09-10T08:59:23.627Z</time>
			</trkpt>
			<trkpt lat="40.4083" lon="-1.43076">
				<ele>1145.17</ele>
				<time>2026-09-10T08:59:28.050Z</time>
			</trkpt>
			<trkpt lat="40.40823" lon="-1.4306">
				<ele>1147.45</ele>
				<time>2026-09-10T08:59:29.187Z</time>
			</trkpt>
			<trkpt lat="40.4079" lon="-1.4302">
				<ele>1152.27</ele>
				<time>2026-09-10T08:59:32.783Z</time>
			</trkpt>
			<trkpt lat="40.4078" lon="-1.43013">
				<ele>1152.7</ele>
				<time>2026-09-10T08:59:33.682Z</time>
			</trkpt>
			<trkpt lat="40.4076" lon="-1.43007">
				<ele>1155.33</ele>
				<time>2026-09-10T08:59:35.301Z</time>
			</trkpt>
			<trkpt lat="40.40732" lon="-1.42992">
				<ele>1158.96</ele>
				<time>2026-09-10T08:59:37.667Z</time>
			</trkpt>
			<trkpt lat="40.40577" lon="-1.42873">
				<ele>1158.71</ele>
				<time>2026-09-10T08:59:51.224Z</time>
			</trkpt>
			<trkpt lat="40.4055" lon="-1.4285">
				<ele>1160.75</ele>
				<time>2026-09-10T08:59:53.567Z</time>
			</trkpt>
			<trkpt lat="40.4046" lon="-1.42752">
				<ele>1168.38</ele>
				<time>2026-09-10T09:00:01.861Z</time>
			</trkpt>
			<trkpt lat="40.40444" lon="-1.42742">
				<ele>1168.13</ele>
				<time>2026-09-10T09:00:03.089Z</time>
			</trkpt>
			<trkpt lat="40.40429" lon="-1.42737">
				<ele>1167.63</ele>
				<time>2026-09-10T09:00:04.155Z</time>
			</trkpt>
			<trkpt lat="40.40393" lon="-1.4273">
				<ele>1170.2</ele>
				<time>2026-09-10T09:00:06.639Z</time>
			</trkpt>
			<trkpt lat="40.40309" lon="-1.42683">
				<ele>1176.03</ele>
				<time>2026-09-10T09:00:12.733Z</time>
			</trkpt>
			<trkpt lat="40.40297" lon="-1.42679">
				<ele>1177.41</ele>
				<time>2026-09-10T09:00:13.544Z</time>
			</trkpt>
			<trkpt lat="40.40282" lon="-1.42675">
				<ele>1179.57</ele>
				<time>2026-09-10T09:00:14.542Z</time>
			</trkpt>
			<trkpt lat="40.40229" lon="-1.42675">
				<ele>1182.55</ele>
				<time>2026-09-10T09:00:17.955Z</time>
			</trkpt>
			<trkpt lat="40.40215" lon="-1.42672">
				<ele>1183.21</ele>
				<time>2026-09-10T09:00:18.858Z</time>
			</trkpt>
			<trkpt lat="40.40198" lon="-1.42664">
				<ele>1184.5</ele>
				<time>2026-09-10T09:00:20.000Z</time>
			</trkpt>
			<trkpt lat="40.40172" lon="-1.42644">
				<ele>1188.27</ele>
				<time>2026-09-10T09:00:21.890Z</time>
			</trkpt>
			<trkpt lat="40.4016" lon="-1.42633">
				<ele>1189.29</ele>
				<time>2026-09-10T09:00:22.800Z</time>
			</trkpt>
			<trkpt lat="40.40143" lon="-1.42612">
				<ele>1191.14</ele>
				<time>2026-09-10T09:00:24.242Z</time>
			</trkpt>
			<trkpt lat="40.40132" lon="-1.42594">
				<ele>1193.36</ele>
				<time>2026-09-10T09:00:25.320Z</time>
			</trkpt>
			<trkpt lat="40.40096" lon="-1.42529">
				<ele>1202.02</ele>
				<time>2026-09-10T09:00:29.020Z</time>
			</trkpt>
			<trkpt lat="40.40084" lon="-1.42509">
				<ele>1202.32</ele>
				<time>2026-09-10T09:00:30.175Z</time>
			</trkpt>
			<trkpt lat="40.40069" lon="-1.42493">
				<ele>1203.36</ele>
				<time>2026-09-10T09:00:31.318Z</time>
			</trkpt>
			<trkpt lat="40.40003" lon="-1.4243">
				<ele>1202.15</ele>
				<time>2026-09-10T09:00:36.056Z</time>
			</trkpt>
			<trkpt lat="40.39985" lon="-1.42426">
				<ele>1203.91</ele>
				<time>2026-09-10T09:00:37.097Z</time>
			</trkpt>
			<trkpt lat="40.39962" lon="-1.42428">
				<ele>1206.49</ele>
				<time>2026-09-10T09:00:38.401Z</time>
			</trkpt>
			<trkpt lat="40.39949" lon="-1.42431">
				<ele>1208.38</ele>
				<time>2026-09-10T09:00:39.143Z</time>
			</trkpt>
			<trkpt lat="40.3994" lon="-1.42436">
				<ele>1210</ele>
				<time>2026-09-10T09:00:39.690Z</time>
			</trkpt>
			<trkpt lat="40.39887" lon="-1.42474">
				<ele>1214.23</ele>
				<time>2026-09-10T09:00:43.025Z</time>
			</trkpt>
			<trkpt lat="40.39873" lon="-1.42487">
				<ele>1215.89</ele>
				<time>2026-09-10T09:00:43.959Z</time>
			</trkpt>
			<trkpt lat="40.39865" lon="-1.42497">
				<ele>1217</ele>
				<time>2026-09-10T09:00:44.557Z</time>
			</trkpt>
			<trkpt lat="40.39835" lon="-1.42549">
				<ele>1222.67</ele>
				<time>2026-09-10T09:00:47.217Z</time>
			</trkpt>
			<trkpt lat="40.39825" lon="-1.42562">
				<ele>1224.47</ele>
				<time>2026-09-10T09:00:47.962Z</time>
			</trkpt>
			<trkpt lat="40.39806" lon="-1.42575">
				<ele>1227.05</ele>
				<time>2026-09-10T09:00:49.088Z</time>
			</trkpt>
			<trkpt lat="40.39795" lon="-1.42579">
				<ele>1227.89</ele>
				<time>2026-09-10T09:00:49.684Z</time>
			</trkpt>
			<trkpt lat="40.39785" lon="-1.42579">
				<ele>1228.21</ele>
				<time>2026-09-10T09:00:50.205Z</time>
			</trkpt>
			<trkpt lat="40.39768" lon="-1.42565">
				<ele>1227.34</ele>
				<time>2026-09-10T09:00:51.243Z</time>
			</trkpt>
			<trkpt lat="40.39753" lon="-1.4255">
				<ele>1226.03</ele>
				<time>2026-09-10T09:00:52.211Z</time>
			</trkpt>
			<trkpt lat="40.3974" lon="-1.42532">
				<ele>1224.86</ele>
				<time>2026-09-10T09:00:53.174Z</time>
			</trkpt>
			<trkpt lat="40.39733" lon="-1.42514">
				<ele>1224.64</ele>
				<time>2026-09-10T09:00:53.954Z</time>
			</trkpt>
			<trkpt lat="40.39726" lon="-1.42481">
				<ele>1224.57</ele>
				<time>2026-09-10T09:00:55.266Z</time>
			</trkpt>
			<trkpt lat="40.39721" lon="-1.42465">
				<ele>1225.02</ele>
				<time>2026-09-10T09:00:55.923Z</time>
			</trkpt>
			<trkpt lat="40.39708" lon="-1.42447">
				<ele>1227.09</ele>
				<time>2026-09-10T09:00:56.860Z</time>
			</trkpt>
			<trkpt lat="40.3969" lon="-1.42437">
				<ele>1229.58</ele>
				<time>2026-09-10T09:00:57.822Z</time>
			</trkpt>
			<trkpt lat="40.39622" lon="-1.42421">
				<ele>1235.31</ele>
				<time>2026-09-10T09:01:01.167Z</time>
			</trkpt>
			<trkpt lat="40.39607" lon="-1.4241">
				<ele>1235.93</ele>
				<time>2026-09-10T09:01:01.985Z</time>
			</trkpt>
			<trkpt lat="40.39578" lon="-1.42377">
				<ele>1236.96</ele>
				<time>2026-09-10T09:01:03.794Z</time>
			</trkpt>
			<trkpt lat="40.39563" lon="-1.42367">
				<ele>1238.58</ele>
				<time>2026-09-10T09:01:04.578Z</time>
			</trkpt>
			<trkpt lat="40.3947" lon="-1.42344">
				<ele>1246.52</ele>
				<time>2026-09-10T09:01:08.898Z</time>
			</trkpt>
			<trkpt lat="40.39359" lon="-1.42305">
				<ele>1253.09</ele>
				<time>2026-09-10T09:01:13.937Z</time>
			</trkpt>
			<trkpt lat="40.39336" lon="-1.42295">
				<ele>1254.53</ele>
				<time>2026-09-10T09:01:14.972Z</time>
			</trkpt>
			<trkpt lat="40.39259" lon="-1.42245">
				<ele>1262.86</ele>
				<time>2026-09-10T09:01:18.563Z</time>
			</trkpt>
			<trkpt lat="40.39252" lon="-1.42237">
				<ele>1263.58</ele>
				<time>2026-09-10T09:01:18.944Z</time>
			</trkpt>
			<trkpt lat="40.39224" lon="-1.4219">
				<ele>1269.54</ele>
				<time>2026-09-10T09:01:20.789Z</time>
			</trkpt>
			<trkpt lat="40.39201" lon="-1.42133">
				<ele>1273.65</ele>
				<time>2026-09-10T09:01:22.749Z</time>
			</trkpt>
			<trkpt lat="40.39111" lon="-1.41949">
				<ele>1287.7</ele>
				<time>2026-09-10T09:01:29.123Z</time>
			</trkpt>
			<trkpt lat="40.39103" lon="-1.41922">
				<ele>1289.58</ele>
				<time>2026-09-10T09:01:29.937Z</time>
			</trkpt>
			<trkpt lat="40.39098" lon="-1.41888">
				<ele>1291.49</ele>
				<time>2026-09-10T09:01:30.902Z</time>
			</trkpt>
			<trkpt lat="40.39093" lon="-1.41841">
				<ele>1293.5</ele>
				<time>2026-09-10T09:01:32.208Z</time>
			</trkpt>
			<trkpt lat="40.39093" lon="-1.41803">
				<ele>1293.27</ele>
				<time>2026-09-10T09:01:33.241Z</time>
			</trkpt>
			<trkpt lat="40.39109" lon="-1.41497">
				<ele>1298</ele>
				<time>2026-09-10T09:01:41.177Z</time>
			</trkpt>
			<trkpt lat="40.39109" lon="-1.41473">
				<ele>1297.13</ele>
				<time>2026-09-10T09:01:41.769Z</time>
			</trkpt>
			<trkpt lat="40.39105" lon="-1.41455">
				<ele>1296.78</ele>
				<time>2026-09-10T09:01:42.229Z</time>
			</trkpt>
			<trkpt lat="40.38933" lon="-1.4104">
				<ele>1318</ele>
				<time>2026-09-10T09:01:53.065Z</time>
			</trkpt>
			<trkpt lat="40.38884" lon="-1.40948">
				<ele>1314.1</ele>
				<time>2026-09-10T09:01:55.445Z</time>
			</trkpt>
			<trkpt lat="40.38874" lon="-1.40925">
				<ele>1313.27</ele>
				<time>2026-09-10T09:01:55.996Z</time>
			</trkpt>
			<trkpt lat="40.3887" lon="-1.40907">
				<ele>1313</ele>
				<time>2026-09-10T09:01:56.384Z</time>
			</trkpt>
			<trkpt lat="40.38853" lon="-1.40789">
				<ele>1317.13</ele>
				<time>2026-09-10T09:01:58.828Z</time>
			</trkpt>
			<trkpt lat="40.38846" lon="-1.40765">
				<ele>1317.54</ele>
				<time>2026-09-10T09:01:59.342Z</time>
			</trkpt>
			<trkpt lat="40.38787" lon="-1.4065">
				<ele>1317.27</ele>
				<time>2026-09-10T09:02:02.060Z</time>
			</trkpt>
			<trkpt lat="40.38726" lon="-1.40543">
				<ele>1322.61</ele>
				<time>2026-09-10T09:02:04.599Z</time>
			</trkpt>
			<trkpt lat="40.38716" lon="-1.40533">
				<ele>1322.41</ele>
				<time>2026-09-10T09:02:04.907Z</time>
			</trkpt>
			<trkpt lat="40.38706" lon="-1.40527">
				<ele>1321.95</ele>
				<time>2026-09-10T09:02:05.176Z</time>
			</trkpt>
			<trkpt lat="40.38448" lon="-1.40401">
				<ele>1326.94</ele>
				<time>2026-09-10T09:02:11.655Z</time>
			</trkpt>
			<trkpt lat="40.38431" lon="-1.40396">
				<ele>1327.46</ele>
				<time>2026-09-10T09:02:12.051Z</time>
			</trkpt>
			<trkpt lat="40.38291" lon="-1.40409">
				<ele>1331.14</ele>
				<time>2026-09-10T09:02:15.182Z</time>
			</trkpt>
			<trkpt lat="40.38273" lon="-1.40408">
				<ele>1332.32</ele>
				<time>2026-09-10T09:02:15.578Z</time>
			</trkpt>
			<trkpt lat="40.38058" lon="-1.40287">
				<ele>1339.42</ele>
				<time>2026-09-10T09:02:20.605Z</time>
			</trkpt>
			<trkpt lat="40.37919" lon="-1.40203">
				<ele>1346.14</ele>
				<time>2026-09-10T09:02:23.807Z</time>
			</trkpt>
			<trkpt lat="40.37913" lon="-1.40197">
				<ele>1346.32</ele>
				<time>2026-09-10T09:02:23.964Z</time>
			</trkpt>
			<trkpt lat="40.37907" lon="-1.40188">
				<ele>1346.3</ele>
				<time>2026-09-10T09:02:24.153Z</time>
			</trkpt>
			<trkpt lat="40.37909" lon="-1.40163">
				<ele>1345.1</ele>
				<time>2026-09-10T09:02:24.550Z</time>
			</trkpt>
			<trkpt lat="40.37962" lon="-1.39919">
				<ele>1351.27</ele>
				<time>2026-09-10T09:02:28.529Z</time>
			</trkpt>
			<trkpt lat="40.3798" lon="-1.39795">
				<ele>1356.68</ele>
				<time>2026-09-10T09:02:30.501Z</time>
			</trkpt>
			<trkpt lat="40.37984" lon="-1.39736">
				<ele>1359.04</ele>
				<time>2026-09-10T09:02:31.426Z</time>
			</trkpt>
			<trkpt lat="40.37984" lon="-1.39708">
				<ele>1359.57</ele>
				<time>2026-09-10T09:02:31.864Z</time>
			</trkpt>
			<trkpt lat="40.37976" lon="-1.3967">
				<ele>1357.87</ele>
				<time>2026-09-10T09:02:32.480Z</time>
			</trkpt>
			<trkpt lat="40.37958" lon="-1.39615">
				<ele>1350.09</ele>
				<time>2026-09-10T09:02:33.418Z</time>
			</trkpt>
			<trkpt lat="40.37928" lon="-1.39574">
				<ele>1358.38</ele>
				<time>2026-09-10T09:02:34.311Z</time>
			</trkpt>
			<trkpt lat="40.37915" lon="-1.39549">
				<ele>1358.51</ele>
				<time>2026-09-10T09:02:34.787Z</time>
			</trkpt>
			<trkpt lat="40.37899" lon="-1.39507">
				<ele>1360.68</ele>
				<time>2026-09-10T09:02:35.527Z</time>
			</trkpt>
			<trkpt lat="40.37885" lon="-1.39459">
				<ele>1359.01</ele>
				<time>2026-09-10T09:02:36.340Z</time>
			</trkpt>
			<trkpt lat="40.37872" lon="-1.39397">
				<ele>1347.37</ele>
				<time>2026-09-10T09:02:37.361Z</time>
			</trkpt>
			<trkpt lat="40.37866" lon="-1.39379">
				<ele>1344.01</ele>
				<time>2026-09-10T09:02:37.673Z</time>
			</trkpt>
			<trkpt lat="40.37859" lon="-1.39367">
				<ele>1342.25</ele>
				<time>2026-09-10T09:02:37.914Z</time>
			</trkpt>
			<trkpt lat="40.3785" lon="-1.39359">
				<ele>1344.05</ele>
				<time>2026-09-10T09:02:38.142Z</time>
			</trkpt>
			<trkpt lat="40.37827" lon="-1.39343">
				<ele>1350.54</ele>
				<time>2026-09-10T09:02:38.689Z</time>
			</trkpt>
			<trkpt lat="40.378" lon="-1.39318">
				<ele>1350.79</ele>
				<time>2026-09-10T09:02:39.386Z</time>
			</trkpt>
			<trkpt lat="40.37789" lon="-1.39313">
				<ele>1350.93</ele>
				<time>2026-09-10T09:02:39.632Z</time>
			</trkpt>
			<trkpt lat="40.37714" lon="-1.39312">
				<ele>1360.72</ele>
				<time>2026-09-10T09:02:41.228Z</time>
			</trkpt>
			<trkpt lat="40.37661" lon="-1.39294">
				<ele>1357.43</ele>
				<time>2026-09-10T09:02:42.404Z</time>
			</trkpt>
			<trkpt lat="40.37645" lon="-1.39286">
				<ele>1357.81</ele>
				<time>2026-09-10T09:02:42.774Z</time>
			</trkpt>
			<trkpt lat="40.37633" lon="-1.39276">
				<ele>1359.1</ele>
				<time>2026-09-10T09:02:43.082Z</time>
			</trkpt>
			<trkpt lat="40.37622" lon="-1.39263">
				<ele>1362.11</ele>
				<time>2026-09-10T09:02:43.403Z</time>
			</trkpt>
			<trkpt lat="40.37596" lon="-1.39224">
				<ele>1360.84</ele>
				<time>2026-09-10T09:02:44.265Z</time>
			</trkpt>
			<trkpt lat="40.37551" lon="-1.3917">
				<ele>1365.21</ele>
				<time>2026-09-10T09:02:45.609Z</time>
			</trkpt>
			<trkpt lat="40.37544" lon="-1.39159">
				<ele>1367.77</ele>
				<time>2026-09-10T09:02:45.852Z</time>
			</trkpt>
			<trkpt lat="40.37539" lon="-1.39146">
				<ele>1369.34</ele>
				<time>2026-09-10T09:02:46.099Z</time>
			</trkpt>
			<trkpt lat="40.37539" lon="-1.39134">
				<ele>1369.71</ele>
				<time>2026-09-10T09:02:46.302Z</time>
			</trkpt>
			<trkpt lat="40.37543" lon="-1.39118">
				<ele>1369.33</ele>
				<time>2026-09-10T09:02:46.589Z</time>
			</trkpt>
			<trkpt lat="40.37559" lon="-1.39091">
				<ele>1368.62</ele>
				<time>2026-09-10T09:02:47.174Z</time>
			</trkpt>
			<trkpt lat="40.3757" lon="-1.39065">
				<ele>1368.77</ele>
				<time>2026-09-10T09:02:47.685Z</time>
			</trkpt>
			<trkpt lat="40.37578" lon="-1.39035">
				<ele>1368.87</ele>
				<time>2026-09-10T09:02:48.235Z</time>
			</trkpt>
			<trkpt lat="40.37581" lon="-1.39014">
				<ele>1370.26</ele>
				<time>2026-09-10T09:02:48.606Z</time>
			</trkpt>
			<trkpt lat="40.37579" lon="-1.38941">
				<ele>1370.11</ele>
				<time>2026-09-10T09:02:49.884Z</time>
			</trkpt>
			<trkpt lat="40.37575" lon="-1.38923">
				<ele>1369.57</ele>
				<time>2026-09-10T09:02:50.216Z</time>
			</trkpt>
			<trkpt lat="40.37567" lon="-1.38909">
				<ele>1368.8</ele>
				<time>2026-09-10T09:02:50.526Z</time>
			</trkpt>
			<trkpt lat="40.37556" lon="-1.38898">
				<ele>1367.87</ele>
				<time>2026-09-10T09:02:50.848Z</time>
			</trkpt>
			<trkpt lat="40.37492" lon="-1.38847">
				<ele>1363.75</ele>
				<time>2026-09-10T09:02:52.616Z</time>
			</trkpt>
			<trkpt lat="40.37481" lon="-1.38836">
				<ele>1362.85</ele>
				<time>2026-09-10T09:02:52.946Z</time>
			</trkpt>
			<trkpt lat="40.37467" lon="-1.38815">
				<ele>1362.29</ele>
				<time>2026-09-10T09:02:53.456Z</time>
			</trkpt>
			<trkpt lat="40.37457" lon="-1.38796">
				<ele>1361.04</ele>
				<time>2026-09-10T09:02:53.880Z</time>
			</trkpt>
			<trkpt lat="40.37444" lon="-1.38782">
				<ele>1360.61</ele>
				<time>2026-09-10T09:02:54.288Z</time>
			</trkpt>
			<trkpt lat="40.37399" lon="-1.38747">
				<ele>1360.32</ele>
				<time>2026-09-10T09:02:55.568Z</time>
			</trkpt>
			<trkpt lat="40.37374" lon="-1.38719">
				<ele>1359.47</ele>
				<time>2026-09-10T09:02:56.382Z</time>
			</trkpt>
			<trkpt lat="40.37331" lon="-1.38663">
				<ele>1357.96</ele>
				<time>2026-09-10T09:02:57.904Z</time>
			</trkpt>
			<trkpt lat="40.37245" lon="-1.38542">
				<ele>1357.91</ele>
				<time>2026-09-10T09:03:01.162Z</time>
			</trkpt>
			<trkpt lat="40.37231" lon="-1.38529">
				<ele>1357.4</ele>
				<time>2026-09-10T09:03:01.615Z</time>
			</trkpt>
			<trkpt lat="40.37153" lon="-1.38483">
				<ele>1354.74</ele>
				<time>2026-09-10T09:03:03.914Z</time>
			</trkpt>
			<trkpt lat="40.37141" lon="-1.38474">
				<ele>1354.78</ele>
				<time>2026-09-10T09:03:04.292Z</time>
			</trkpt>
			<trkpt lat="40.37122" lon="-1.38455">
				<ele>1354.77</ele>
				<time>2026-09-10T09:03:04.948Z</time>
			</trkpt>
			<trkpt lat="40.37086" lon="-1.38411">
				<ele>1349.18</ele>
				<time>2026-09-10T09:03:06.318Z</time>
			</trkpt>
			<trkpt lat="40.3702" lon="-1.38357">
				<ele>1348.43</ele>
				<time>2026-09-10T09:03:08.530Z</time>
			</trkpt>
			<trkpt lat="40.37006" lon="-1.38343">
				<ele>1347.51</ele>
				<time>2026-09-10T09:03:09.039Z</time>
			</trkpt>
			<trkpt lat="40.36993" lon="-1.38321">
				<ele>1344.95</ele>
				<time>2026-09-10T09:03:09.657Z</time>
			</trkpt>
			<trkpt lat="40.36985" lon="-1.38299">
				<ele>1342.36</ele>
				<time>2026-09-10T09:03:10.201Z</time>
			</trkpt>
			<trkpt lat="40.36977" lon="-1.38291">
				<ele>1341.19</ele>
				<time>2026-09-10T09:03:10.498Z</time>
			</trkpt>
			<trkpt lat="40.36924" lon="-1.38288">
				<ele>1339.08</ele>
				<time>2026-09-10T09:03:12.079Z</time>
			</trkpt>
			<trkpt lat="40.36897" lon="-1.38284">
				<ele>1339.69</ele>
				<time>2026-09-10T09:03:12.901Z</time>
			</trkpt>
			<trkpt lat="40.36879" lon="-1.38278">
				<ele>1342.11</ele>
				<time>2026-09-10T09:03:13.467Z</time>
			</trkpt>
			<trkpt lat="40.36866" lon="-1.38269">
				<ele>1344.43</ele>
				<time>2026-09-10T09:03:13.918Z</time>
			</trkpt>
			<trkpt lat="40.3686" lon="-1.38256">
				<ele>1344.12</ele>
				<time>2026-09-10T09:03:14.274Z</time>
			</trkpt>
			<trkpt lat="40.36855" lon="-1.38233">
				<ele>1343.91</ele>
				<time>2026-09-10T09:03:14.839Z</time>
			</trkpt>
			<trkpt lat="40.36843" lon="-1.38149">
				<ele>1351.02</ele>
				<time>2026-09-10T09:03:16.887Z</time>
			</trkpt>
			<trkpt lat="40.36822" lon="-1.38021">
				<ele>1347.99</ele>
				<time>2026-09-10T09:03:20.123Z</time>
			</trkpt>
			<trkpt lat="40.3681" lon="-1.37983">
				<ele>1348.3</ele>
				<time>2026-09-10T09:03:21.164Z</time>
			</trkpt>
			<trkpt lat="40.36796" lon="-1.37954">
				<ele>1347.59</ele>
				<time>2026-09-10T09:03:22.043Z</time>
			</trkpt>
			<trkpt lat="40.36766" lon="-1.37885">
				<ele>1352.92</ele>
				<time>2026-09-10T09:03:24.110Z</time>
			</trkpt>
			<trkpt lat="40.36755" lon="-1.37863">
				<ele>1351.41</ele>
				<time>2026-09-10T09:03:24.805Z</time>
			</trkpt>
			<trkpt lat="40.36743" lon="-1.37844">
				<ele>1348.81</ele>
				<time>2026-09-10T09:03:25.461Z</time>
			</trkpt>
			<trkpt lat="40.36733" lon="-1.37835">
				<ele>1346.47</ele>
				<time>2026-09-10T09:03:25.887Z</time>
			</trkpt>
			<trkpt lat="40.36724" lon="-1.37833">
				<ele>1345.16</ele>
				<time>2026-09-10T09:03:26.209Z</time>
			</trkpt>
			<trkpt lat="40.36714" lon="-1.37835">
				<ele>1343.5</ele>
				<time>2026-09-10T09:03:26.567Z</time>
			</trkpt>
			<trkpt lat="40.36694" lon="-1.37845">
				<ele>1341.32</ele>
				<time>2026-09-10T09:03:27.330Z</time>
			</trkpt>
			<trkpt lat="40.36675" lon="-1.37859">
				<ele>1339.69</ele>
				<time>2026-09-10T09:03:28.112Z</time>
			</trkpt>
			<trkpt lat="40.36665" lon="-1.3787">
				<ele>1339</ele>
				<time>2026-09-10T09:03:28.583Z</time>
			</trkpt>
			<trkpt lat="40.36656" lon="-1.37888">
				<ele>1338.97</ele>
				<time>2026-09-10T09:03:29.180Z</time>
			</trkpt>
			<trkpt lat="40.36653" lon="-1.37902">
				<ele>1338.88</ele>
				<time>2026-09-10T09:03:29.585Z</time>
			</trkpt>
			<trkpt lat="40.36653" lon="-1.37924">
				<ele>1339.79</ele>
				<time>2026-09-10T09:03:30.200Z</time>
			</trkpt>
			<trkpt lat="40.36656" lon="-1.37952">
				<ele>1340.53</ele>
				<time>2026-09-10T09:03:30.997Z</time>
			</trkpt>
			<trkpt lat="40.36667" lon="-1.38001">
				<ele>1341.14</ele>
				<time>2026-09-10T09:03:32.454Z</time>
			</trkpt>
			<trkpt lat="40.36667" lon="-1.38021">
				<ele>1341.93</ele>
				<time>2026-09-10T09:03:33.031Z</time>
			</trkpt>
			<trkpt lat="40.36665" lon="-1.3803">
				<ele>1341.98</ele>
				<time>2026-09-10T09:03:33.302Z</time>
			</trkpt>
			<trkpt lat="40.36659" lon="-1.38045">
				<ele>1342.66</ele>
				<time>2026-09-10T09:03:33.794Z</time>
			</trkpt>
			<trkpt lat="40.36646" lon="-1.38057">
				<ele>1343.02</ele>
				<time>2026-09-10T09:03:34.404Z</time>
			</trkpt>
			<trkpt lat="40.3663" lon="-1.38064">
				<ele>1341.88</ele>
				<time>2026-09-10T09:03:35.055Z</time>
			</trkpt>
			<trkpt lat="40.36602" lon="-1.38067">
				<ele>1339.55</ele>
				<time>2026-09-10T09:03:36.148Z</time>
			</trkpt>
			<trkpt lat="40.36577" lon="-1.38067">
				<ele>1338.53</ele>
				<time>2026-09-10T09:03:37.131Z</time>
			</trkpt>
			<trkpt lat="40.36556" lon="-1.38064">
				<ele>1337.04</ele>
				<time>2026-09-10T09:03:37.969Z</time>
			</trkpt>
			<trkpt lat="40.36538" lon="-1.38057">
				<ele>1334.89</ele>
				<time>2026-09-10T09:03:38.719Z</time>
			</trkpt>
			<trkpt lat="40.36505" lon="-1.38036">
				<ele>1328.73</ele>
				<time>2026-09-10T09:03:40.201Z</time>
			</trkpt>
			<trkpt lat="40.36483" lon="-1.38029">
				<ele>1325.99</ele>
				<time>2026-09-10T09:03:41.126Z</time>
			</trkpt>
			<trkpt lat="40.36459" lon="-1.38029">
				<ele>1323.9</ele>
				<time>2026-09-10T09:03:42.116Z</time>
			</trkpt>
			<trkpt lat="40.36394" lon="-1.38047">
				<ele>1324.75</ele>
				<time>2026-09-10T09:03:44.903Z</time>
			</trkpt>
			<trkpt lat="40.36362" lon="-1.38053">
				<ele>1325.45</ele>
				<time>2026-09-10T09:03:46.286Z</time>
			</trkpt>
			<trkpt lat="40.3635" lon="-1.38053">
				<ele>1323.97</ele>
				<time>2026-09-10T09:03:46.803Z</time>
			</trkpt>
			<trkpt lat="40.36318" lon="-1.38045">
				<ele>1319.35</ele>
				<time>2026-09-10T09:03:48.220Z</time>
			</trkpt>
			<trkpt lat="40.36307" lon="-1.38039">
				<ele>1318.18</ele>
				<time>2026-09-10T09:03:48.743Z</time>
			</trkpt>
			<trkpt lat="40.36294" lon="-1.38027">
				<ele>1319.73</ele>
				<time>2026-09-10T09:03:49.444Z</time>
			</trkpt>
			<trkpt lat="40.36288" lon="-1.38016">
				<ele>1321.41</ele>
				<time>2026-09-10T09:03:49.901Z</time>
			</trkpt>
			<trkpt lat="40.36288" lon="-1.37995">
				<ele>1321.5</ele>
				<time>2026-09-10T09:03:50.614Z</time>
			</trkpt>
			<trkpt lat="40.36291" lon="-1.37964">
				<ele>1319.21</ele>
				<time>2026-09-10T09:03:51.682Z</time>
			</trkpt>
			<trkpt lat="40.36291" lon="-1.3794">
				<ele>1316.96</ele>
				<time>2026-09-10T09:03:52.510Z</time>
			</trkpt>
			<trkpt lat="40.36286" lon="-1.37921">
				<ele>1315.91</ele>
				<time>2026-09-10T09:03:53.208Z</time>
			</trkpt>
			<trkpt lat="40.36278" lon="-1.37902">
				<ele>1316.23</ele>
				<time>2026-09-10T09:03:53.966Z</time>
			</trkpt>
			<trkpt lat="40.36266" lon="-1.37884">
				<ele>1315.58</ele>
				<time>2026-09-10T09:03:54.806Z</time>
			</trkpt>
			<trkpt lat="40.36255" lon="-1.37875">
				<ele>1314.88</ele>
				<time>2026-09-10T09:03:55.408Z</time>
			</trkpt>
			<trkpt lat="40.36229" lon="-1.37863">
				<ele>1315.15</ele>
				<time>2026-09-10T09:03:56.697Z</time>
			</trkpt>
			<trkpt lat="40.36208" lon="-1.37856">
				<ele>1316.78</ele>
				<time>2026-09-10T09:03:57.720Z</time>
			</trkpt>
			<trkpt lat="40.36193" lon="-1.37848">
				<ele>1318.17</ele>
				<time>2026-09-10T09:03:58.490Z</time>
			</trkpt>
			<trkpt lat="40.36154" lon="-1.37802">
				<ele>1323.09</ele>
				<time>2026-09-10T09:04:01.016Z</time>
			</trkpt>
			<trkpt lat="40.36142" lon="-1.37792">
				<ele>1323.02</ele>
				<time>2026-09-10T09:04:01.710Z</time>
			</trkpt>
			<trkpt lat="40.36128" lon="-1.37785">
				<ele>1321.81</ele>
				<time>2026-09-10T09:04:02.445Z</time>
			</trkpt>
			<trkpt lat="40.36109" lon="-1.37783">
				<ele>1320.44</ele>
				<time>2026-09-10T09:04:03.386Z</time>
			</trkpt>
			<trkpt lat="40.36088" lon="-1.37785">
				<ele>1316.86</ele>
				<time>2026-09-10T09:04:04.434Z</time>
			</trkpt>
			<trkpt lat="40.36064" lon="-1.3779">
				<ele>1315.65</ele>
				<time>2026-09-10T09:04:05.653Z</time>
			</trkpt>
			<trkpt lat="40.35985" lon="-1.37818">
				<ele>1319.16</ele>
				<time>2026-09-10T09:04:09.843Z</time>
			</trkpt>
			<trkpt lat="40.35962" lon="-1.37828">
				<ele>1318.84</ele>
				<time>2026-09-10T09:04:11.109Z</time>
			</trkpt>
			<trkpt lat="40.35942" lon="-1.37844">
				<ele>1319.69</ele>
				<time>2026-09-10T09:04:12.343Z</time>
			</trkpt>
			<trkpt lat="40.3592" lon="-1.37867">
				<ele>1320.97</ele>
				<time>2026-09-10T09:04:13.840Z</time>
			</trkpt>
			<trkpt lat="40.35909" lon="-1.37872">
				<ele>1321.78</ele>
				<time>2026-09-10T09:04:14.464Z</time>
			</trkpt>
			<trkpt lat="40.359" lon="-1.37871">
				<ele>1322.52</ele>
				<time>2026-09-10T09:04:14.950Z</time>
			</trkpt>
			<trkpt lat="40.35895" lon="-1.37863">
				<ele>1322.4</ele>
				<time>2026-09-10T09:04:15.376Z</time>
			</trkpt>
			<trkpt lat="40.35891" lon="-1.3785">
				<ele>1322.53</ele>
				<time>2026-09-10T09:04:15.955Z</time>
			</trkpt>
			<trkpt lat="40.35887" lon="-1.37776">
				<ele>1329.95</ele>
				<time>2026-09-10T09:04:19.056Z</time>
			</trkpt>
			<trkpt lat="40.35889" lon="-1.37761">
				<ele>1330.46</ele>
				<time>2026-09-10T09:04:19.700Z</time>
			</trkpt>
			<trkpt lat="40.35895" lon="-1.37742">
				<ele>1329.57</ele>
				<time>2026-09-10T09:04:20.576Z</time>
			</trkpt>
			<trkpt lat="40.359" lon="-1.37712">
				<ele>1329.71</ele>
				<time>2026-09-10T09:04:21.892Z</time>
			</trkpt>
			<trkpt lat="40.35901" lon="-1.37683">
				<ele>1330.25</ele>
				<time>2026-09-10T09:04:23.146Z</time>
			</trkpt>
			<trkpt lat="40.35901" lon="-1.37639">
				<ele>1329</ele>
				<time>2026-09-10T09:04:25.068Z</time>
			</trkpt>
			<trkpt lat="40.35887" lon="-1.37561">
				<ele>1330.2</ele>
				<time>2026-09-10T09:04:28.628Z</time>
			</trkpt>
			<trkpt lat="40.35882" lon="-1.3754">
				<ele>1331.69</ele>
				<time>2026-09-10T09:04:29.620Z</time>
			</trkpt>
			<trkpt lat="40.35875" lon="-1.37522">
				<ele>1335.38</ele>
				<time>2026-09-10T09:04:30.536Z</time>
			</trkpt>
			<trkpt lat="40.35854" lon="-1.3749">
				<ele>1343.46</ele>
				<time>2026-09-10T09:04:32.468Z</time>
			</trkpt>
			<trkpt lat="40.35847" lon="-1.37474">
				<ele>1345.85</ele>
				<time>2026-09-10T09:04:33.319Z</time>
			</trkpt>
			<trkpt lat="40.35829" lon="-1.37411">
				<ele>1348.98</ele>
				<time>2026-09-10T09:04:36.459Z</time>
			</trkpt>
			<trkpt lat="40.35807" lon="-1.37347">
				<ele>1343.23</ele>
				<time>2026-09-10T09:04:39.799Z</time>
			</trkpt>
			<trkpt lat="40.358" lon="-1.37331">
				<ele>1342.22</ele>
				<time>2026-09-10T09:04:40.687Z</time>
			</trkpt>
			<trkpt lat="40.3579" lon="-1.3732">
				<ele>1342.75</ele>
				<time>2026-09-10T09:04:41.516Z</time>
			</trkpt>
			<trkpt lat="40.3578" lon="-1.37314">
				<ele>1343.86</ele>
				<time>2026-09-10T09:04:42.217Z</time>
			</trkpt>
			<trkpt lat="40.35734" lon="-1.37299">
				<ele>1349.06</ele>
				<time>2026-09-10T09:04:45.271Z</time>
			</trkpt>
			<trkpt lat="40.35698" lon="-1.37299">
				<ele>1349.3</ele>
				<time>2026-09-10T09:04:47.626Z</time>
			</trkpt>
			<trkpt lat="40.3569" lon="-1.37296">
				<ele>1348.32</ele>
				<time>2026-09-10T09:04:48.175Z</time>
			</trkpt>
			<trkpt lat="40.35683" lon="-1.37289">
				<ele>1346.78</ele>
				<time>2026-09-10T09:04:48.757Z</time>
			</trkpt>
			<trkpt lat="40.35659" lon="-1.37226">
				<ele>1337.19</ele>
				<time>2026-09-10T09:04:52.346Z</time>
			</trkpt>
			<trkpt lat="40.35653" lon="-1.37202">
				<ele>1336.07</ele>
				<time>2026-09-10T09:04:53.649Z</time>
			</trkpt>
			<trkpt lat="40.35647" lon="-1.3714">
				<ele>1339.9</ele>
				<time>2026-09-10T09:04:56.914Z</time>
			</trkpt>
			<trkpt lat="40.35642" lon="-1.37123">
				<ele>1341.79</ele>
				<time>2026-09-10T09:04:57.876Z</time>
			</trkpt>
			<trkpt lat="40.35582" lon="-1.3701">
				<ele>1340.27</ele>
				<time>2026-09-10T09:05:05.301Z</time>
			</trkpt>
			<trkpt lat="40.35569" lon="-1.36989">
				<ele>1338.61</ele>
				<time>2026-09-10T09:05:06.791Z</time>
			</trkpt>
			<trkpt lat="40.3556" lon="-1.36981">
				<ele>1337.61</ele>
				<time>2026-09-10T09:05:07.582Z</time>
			</trkpt>
			<trkpt lat="40.35544" lon="-1.36974">
				<ele>1335.51</ele>
				<time>2026-09-10T09:05:08.814Z</time>
			</trkpt>
			<trkpt lat="40.35529" lon="-1.36971">
				<ele>1333.18</ele>
				<time>2026-09-10T09:05:09.928Z</time>
			</trkpt>
			<trkpt lat="40.35514" lon="-1.36974">
				<ele>1332.1</ele>
				<time>2026-09-10T09:05:11.048Z</time>
			</trkpt>
			<trkpt lat="40.35491" lon="-1.36987">
				<ele>1332.08</ele>
				<time>2026-09-10T09:05:12.910Z</time>
			</trkpt>
			<trkpt lat="40.35478" lon="-1.36992">
				<ele>1333.22</ele>
				<time>2026-09-10T09:05:13.924Z</time>
			</trkpt>
			<trkpt lat="40.3547" lon="-1.36988">
				<ele>1334.13</ele>
				<time>2026-09-10T09:05:14.568Z</time>
			</trkpt>
			<trkpt lat="40.35463" lon="-1.36978">
				<ele>1335.95</ele>
				<time>2026-09-10T09:05:15.347Z</time>
			</trkpt>
			<trkpt lat="40.35459" lon="-1.36965">
				<ele>1336.39</ele>
				<time>2026-09-10T09:05:16.156Z</time>
			</trkpt>
			<trkpt lat="40.3545" lon="-1.36845">
				<ele>1335.37</ele>
				<time>2026-09-10T09:05:23.229Z</time>
			</trkpt>
			<trkpt lat="40.35445" lon="-1.36817">
				<ele>1334.67</ele>
				<time>2026-09-10T09:05:24.949Z</time>
			</trkpt>
			<trkpt lat="40.35427" lon="-1.36773">
				<ele>1336.09</ele>
				<time>2026-09-10T09:05:27.966Z</time>
			</trkpt>
			<trkpt lat="40.35411" lon="-1.3674">
				<ele>1340.58</ele>
				<time>2026-09-10T09:05:30.356Z</time>
			</trkpt>
			<trkpt lat="40.35392" lon="-1.36712">
				<ele>1343.1</ele>
				<time>2026-09-10T09:05:32.670Z</time>
			</trkpt>
			<trkpt lat="40.35373" lon="-1.36692">
				<ele>1343.5</ele>
				<time>2026-09-10T09:05:34.660Z</time>
			</trkpt>
			<trkpt lat="40.35339" lon="-1.36639">
				<ele>1350.34</ele>
				<time>2026-09-10T09:05:39.028Z</time>
			</trkpt>
			<trkpt lat="40.35331" lon="-1.36619">
				<ele>1350.89</ele>
				<time>2026-09-10T09:05:40.469Z</time>
			</trkpt>
			<trkpt lat="40.35322" lon="-1.36581">
				<ele>1349.8</ele>
				<time>2026-09-10T09:05:43.028Z</time>
			</trkpt>
			<trkpt lat="40.35313" lon="-1.36559">
				<ele>1349.42</ele>
				<time>2026-09-10T09:05:44.647Z</time>
			</trkpt>
			<trkpt lat="40.353" lon="-1.36539">
				<ele>1349.18</ele>
				<time>2026-09-10T09:05:46.362Z</time>
			</trkpt>
			<trkpt lat="40.35277" lon="-1.36509">
				<ele>1347.96</ele>
				<time>2026-09-10T09:05:49.162Z</time>
			</trkpt>
			<trkpt lat="40.35262" lon="-1.36495">
				<ele>1348.67</ele>
				<time>2026-09-10T09:05:50.765Z</time>
			</trkpt>
			<trkpt lat="40.35233" lon="-1.36474">
				<ele>1349.73</ele>
				<time>2026-09-10T09:05:53.673Z</time>
			</trkpt>
			<trkpt lat="40.35218" lon="-1.36459">
				<ele>1351.27</ele>
				<time>2026-09-10T09:05:55.343Z</time>
			</trkpt>
			<trkpt lat="40.35198" lon="-1.36436">
				<ele>1351.19</ele>
				<time>2026-09-10T09:05:57.715Z</time>
			</trkpt>
			<trkpt lat="40.3518" lon="-1.36423">
				<ele>1349.3</ele>
				<time>2026-09-10T09:05:59.562Z</time>
			</trkpt>
			<trkpt lat="40.35135" lon="-1.3641">
				<ele>1349.44</ele>
				<time>2026-09-10T09:06:03.748Z</time>
			</trkpt>
			<trkpt lat="40.35122" lon="-1.364">
				<ele>1349.95</ele>
				<time>2026-09-10T09:06:05.131Z</time>
			</trkpt>
			<trkpt lat="40.3511" lon="-1.36385">
				<ele>1349.59</ele>
				<time>2026-09-10T09:06:06.659Z</time>
			</trkpt>
			<trkpt lat="40.35081" lon="-1.36332">
				<ele>1348.02</ele>
				<time>2026-09-10T09:06:11.293Z</time>
			</trkpt>
			<trkpt lat="40.35068" lon="-1.36314">
				<ele>1347.46</ele>
				<time>2026-09-10T09:06:13.074Z</time>
			</trkpt>
			<trkpt lat="40.34971" lon="-1.36204">
				<ele>1333.98</ele>
				<time>2026-09-10T09:06:25.438Z</time>
			</trkpt>
			<trkpt lat="40.34958" lon="-1.36184">
				<ele>1331.99</ele>
				<time>2026-09-10T09:06:27.415Z</time>
			</trkpt>
			<trkpt lat="40.34948" lon="-1.36163">
				<ele>1329.46</ele>
				<time>2026-09-10T09:06:29.289Z</time>
			</trkpt>
			<trkpt lat="40.34919" lon="-1.36093">
				<ele>1325.67</ele>
				<time>2026-09-10T09:06:35.394Z</time>
			</trkpt>
			<trkpt lat="40.3491" lon="-1.36077">
				<ele>1324.26</ele>
				<time>2026-09-10T09:06:36.936Z</time>
			</trkpt>
			<trkpt lat="40.34895" lon="-1.36063">
				<ele>1321.52</ele>
				<time>2026-09-10T09:06:38.818Z</time>
			</trkpt>
			<trkpt lat="40.34796" lon="-1.35994">
				<ele>1313.07</ele>
				<time>2026-09-10T09:06:50.512Z</time>
			</trkpt>
			<trkpt lat="40.34719" lon="-1.35944">
				<ele>1313.04</ele>
				<time>2026-09-10T09:06:59.749Z</time>
			</trkpt>
			<trkpt lat="40.34697" lon="-1.35933">
				<ele>1313.07</ele>
				<time>2026-09-10T09:07:02.322Z</time>
			</trkpt>
			<trkpt lat="40.34682" lon="-1.35929">
				<ele>1312.64</ele>
				<time>2026-09-10T09:07:04.005Z</time>
			</trkpt>
			<trkpt lat="40.34665" lon="-1.3593">
				<ele>1312.6</ele>
				<time>2026-09-10T09:07:05.884Z</time>
			</trkpt>
			<trkpt lat="40.34652" lon="-1.3594">
				<ele>1313.4</ele>
				<time>2026-09-10T09:07:07.557Z</time>
			</trkpt>
			<trkpt lat="40.34621" lon="-1.35974">
				<ele>1316.15</ele>
				<time>2026-09-10T09:07:12.079Z</time>
			</trkpt>
			<trkpt lat="40.34612" lon="-1.35993">
				<ele>1317.71</ele>
				<time>2026-09-10T09:07:14.003Z</time>
			</trkpt>
			<trkpt lat="40.34605" lon="-1.36032">
				<ele>1321.9</ele>
				<time>2026-09-10T09:07:17.474Z</time>
			</trkpt>
			<trkpt lat="40.34596" lon="-1.36062">
				<ele>1328.53</ele>
				<time>2026-09-10T09:07:20.290Z</time>
			</trkpt>
			<trkpt lat="40.34585" lon="-1.36086">
				<ele>1333.66</ele>
				<time>2026-09-10T09:07:22.753Z</time>
			</trkpt>
			<trkpt lat="40.34552" lon="-1.36142">
				<ele>1331.57</ele>
				<time>2026-09-10T09:07:29.047Z</time>
			</trkpt>
			<trkpt lat="40.34541" lon="-1.36152">
				<ele>1333.47</ele>
				<time>2026-09-10T09:07:30.624Z</time>
			</trkpt>
			<trkpt lat="40.34527" lon="-1.36156">
				<ele>1334.64</ele>
				<time>2026-09-10T09:07:32.319Z</time>
			</trkpt>
			<trkpt lat="40.34483" lon="-1.36145">
				<ele>1334.49</ele>
				<time>2026-09-10T09:07:37.663Z</time>
			</trkpt>
			<trkpt lat="40.3443" lon="-1.36135">
				<ele>1330.46</ele>
				<time>2026-09-10T09:07:44.143Z</time>
			</trkpt>
			<trkpt lat="40.34413" lon="-1.36138">
				<ele>1327.64</ele>
				<time>2026-09-10T09:07:46.240Z</time>
			</trkpt>
			<trkpt lat="40.34398" lon="-1.36151">
				<ele>1325.8</ele>
				<time>2026-09-10T09:07:48.449Z</time>
			</trkpt>
			<trkpt lat="40.34372" lon="-1.3618">
				<ele>1326.42</ele>
				<time>2026-09-10T09:07:52.673Z</time>
			</trkpt>
			<trkpt lat="40.34354" lon="-1.36203">
				<ele>1326.87</ele>
				<time>2026-09-10T09:07:55.810Z</time>
			</trkpt>
			<trkpt lat="40.34336" lon="-1.36235">
				<ele>1325.27</ele>
				<time>2026-09-10T09:07:59.625Z</time>
			</trkpt>
			<trkpt lat="40.34299" lon="-1.36275">
				<ele>1319.51</ele>
				<time>2026-09-10T09:08:05.725Z</time>
			</trkpt>
			<trkpt lat="40.34269" lon="-1.36313">
				<ele>1317.79</ele>
				<time>2026-09-10T09:08:11.098Z</time>
			</trkpt>
			<trkpt lat="40.3423" lon="-1.36372">
				<ele>1315.18</ele>
				<time>2026-09-10T09:08:18.878Z</time>
			</trkpt>
			<trkpt lat="40.34201" lon="-1.364">
				<ele>1320.39</ele>
				<time>2026-09-10T09:08:23.647Z</time>
			</trkpt>
			<trkpt lat="40.34177" lon="-1.36416">
				<ele>1318.87</ele>
				<time>2026-09-10T09:08:27.244Z</time>
			</trkpt>
			<trkpt lat="40.34156" lon="-1.36422">
				<ele>1313.31</ele>
				<time>2026-09-10T09:08:30.135Z</time>
			</trkpt>
			<trkpt lat="40.34143" lon="-1.36428">
				<ele>1310.71</ele>
				<time>2026-09-10T09:08:31.998Z</time>
			</trkpt>
			<trkpt lat="40.34097" lon="-1.36468">
				<ele>1305.41</ele>
				<time>2026-09-10T09:08:39.529Z</time>
			</trkpt>
			<trkpt lat="40.34075" lon="-1.36479">
				<ele>1303.57</ele>
				<time>2026-09-10T09:08:42.777Z</time>
			</trkpt>
			<trkpt lat="40.34047" lon="-1.3649">
				<ele>1300.24</ele>
				<time>2026-09-10T09:08:46.838Z</time>
			</trkpt>
			<trkpt lat="40.33975" lon="-1.36505">
				<ele>1285.1</ele>
				<time>2026-09-10T09:08:57.108Z</time>
			</trkpt>
			<trkpt lat="40.33958" lon="-1.36514">
				<ele>1283</ele>
				<time>2026-09-10T09:08:59.723Z</time>
			</trkpt>
			<trkpt lat="40.33933" lon="-1.36543">
				<ele>1279.97</ele>
				<time>2026-09-10T09:09:04.516Z</time>
			</trkpt>
			<trkpt lat="40.33922" lon="-1.36562">
				<ele>1278.25</ele>
				<time>2026-09-10T09:09:07.146Z</time>
			</trkpt>
			<trkpt lat="40.33919" lon="-1.36578">
				<ele>1278.34</ele>
				<time>2026-09-10T09:09:08.970Z</time>
			</trkpt>
			<trkpt lat="40.33919" lon="-1.36671">
				<ele>1273.91</ele>
				<time>2026-09-10T09:09:19.380Z</time>
			</trkpt>
			<trkpt lat="40.33923" lon="-1.36707">
				<ele>1274.54</ele>
				<time>2026-09-10T09:09:23.506Z</time>
			</trkpt>
			<trkpt lat="40.33919" lon="-1.36717">
				<ele>1273.09</ele>
				<time>2026-09-10T09:09:24.793Z</time>
			</trkpt>
			<trkpt lat="40.33914" lon="-1.36721">
				<ele>1271.84</ele>
				<time>2026-09-10T09:09:25.671Z</time>
			</trkpt>
			<trkpt lat="40.33907" lon="-1.36717">
				<ele>1270.91</ele>
				<time>2026-09-10T09:09:26.816Z</time>
			</trkpt>
			<trkpt lat="40.33901" lon="-1.36707">
				<ele>1270.22</ele>
				<time>2026-09-10T09:09:28.275Z</time>
			</trkpt>
			<trkpt lat="40.33887" lon="-1.36641">
				<ele>1264.83</ele>
				<time>2026-09-10T09:09:36.194Z</time>
			</trkpt>
			<trkpt lat="40.33878" lon="-1.36613">
				<ele>1265.54</ele>
				<time>2026-09-10T09:09:39.741Z</time>
			</trkpt>
			<trkpt lat="40.3384" lon="-1.36544">
				<ele>1260.8</ele>
				<time>2026-09-10T09:09:49.793Z</time>
			</trkpt>
			<trkpt lat="40.3383" lon="-1.36529">
				<ele>1258.77</ele>
				<time>2026-09-10T09:09:52.171Z</time>
			</trkpt>
			<trkpt lat="40.33726" lon="-1.36465">
				<ele>1248.1</ele>
				<time>2026-09-10T09:10:10.458Z</time>
			</trkpt>
			<trkpt lat="40.33601" lon="-1.36369">
				<ele>1239.6</ele>
				<time>2026-09-10T09:10:34.296Z</time>
			</trkpt>
			<trkpt lat="40.33587" lon="-1.36355">
				<ele>1239.62</ele>
				<time>2026-09-10T09:10:37.253Z</time>
			</trkpt>
			<trkpt lat="40.3357" lon="-1.36331">
				<ele>1238.89</ele>
				<time>2026-09-10T09:10:41.470Z</time>
			</trkpt>
			<trkpt lat="40.33569" lon="-1.36337">
				<ele>1239.12</ele>
				<time>2026-09-10T09:10:42.264Z</time>
			</trkpt>
			<trkpt lat="40.33566" lon="-1.36342">
				<ele>1239.28</ele>
				<time>2026-09-10T09:10:43.087Z</time>
			</trkpt>
			<trkpt lat="40.33566" lon="-1.36342">
				<ele>1239.28</ele>
				<time>2026-09-10T09:10:43.087Z</time>
			</trkpt>
			<trkpt lat="40.3353" lon="-1.36406">
				<ele>1240.87</ele>
				<time>2026-09-10T09:10:53.462Z</time>
			</trkpt>
			<trkpt lat="40.33566" lon="-1.36342">
				<ele>1239.28</ele>
				<time>2026-09-10T09:11:03.994Z</time>
			</trkpt>
			<trkpt lat="40.33566" lon="-1.36342">
				<ele>1239.28</ele>
				<time>2026-09-10T09:11:03.994Z</time>
			</trkpt>
			<trkpt lat="40.3357" lon="-1.36331">
				<ele>1238.89</ele>
				<time>2026-09-10T09:11:05.622Z</time>
			</trkpt>
			<trkpt lat="40.33548" lon="-1.36283">
				<ele>1236.87</ele>
				<time>2026-09-10T09:11:13.152Z</time>
			</trkpt>
			<trkpt lat="40.3352" lon="-1.36233">
				<ele>1235.1</ele>
				<time>2026-09-10T09:11:21.585Z</time>
			</trkpt>
			<trkpt lat="40.33465" lon="-1.36158">
				<ele>1235.88</ele>
				<time>2026-09-10T09:12:13.842Z</time>
			</trkpt>
			<trkpt lat="40.33441" lon="-1.36128">
				<ele>1238.9</ele>
				<time>2026-09-10T09:12:24.752Z</time>
			</trkpt>
			<trkpt lat="40.33431" lon="-1.36118">
				<ele>1239.65</ele>
				<time>2026-09-10T09:12:29.194Z</time>
			</trkpt>
			<trkpt lat="40.33421" lon="-1.3612">
				<ele>1239.64</ele>
				<time>2026-09-10T09:12:32.373Z</time>
			</trkpt>
			<trkpt lat="40.33415" lon="-1.36126">
				<ele>1239.61</ele>
				<time>2026-09-10T09:12:34.361Z</time>
			</trkpt>
			<trkpt lat="40.3341" lon="-1.36098">
				<ele>1241.34</ele>
				<time>2026-09-10T09:12:37.660Z</time>
			</trkpt>
			<trkpt lat="40.33395" lon="-1.36057">
				<ele>1241.3</ele>
				<time>2026-09-10T09:12:40.766Z</time>
			</trkpt>
			<trkpt lat="40.33346" lon="-1.3595">
				<ele>1237.65</ele>
				<time>2026-09-10T09:12:46.012Z</time>
			</trkpt>
			<trkpt lat="40.33323" lon="-1.35909">
				<ele>1234.17</ele>
				<time>2026-09-10T09:12:47.578Z</time>
			</trkpt>
			<trkpt lat="40.33234" lon="-1.35768">
				<ele>1230.54</ele>
				<time>2026-09-10T09:12:54.637Z</time>
			</trkpt>
			<trkpt lat="40.33221" lon="-1.3574">
				<ele>1231.34</ele>
				<time>2026-09-10T09:12:55.912Z</time>
			</trkpt>
			<trkpt lat="40.33215" lon="-1.35713">
				<ele>1230.81</ele>
				<time>2026-09-10T09:12:56.986Z</time>
			</trkpt>
			<trkpt lat="40.33207" lon="-1.35661">
				<ele>1229.28</ele>
				<time>2026-09-10T09:12:58.962Z</time>
			</trkpt>
			<trkpt lat="40.33185" lon="-1.3558">
				<ele>1229.93</ele>
				<time>2026-09-10T09:13:02.034Z</time>
			</trkpt>
			<trkpt lat="40.33167" lon="-1.355">
				<ele>1226.88</ele>
				<time>2026-09-10T09:13:04.868Z</time>
			</trkpt>
			<trkpt lat="40.33159" lon="-1.35474">
				<ele>1227.9</ele>
				<time>2026-09-10T09:13:05.791Z</time>
			</trkpt>
			<trkpt lat="40.33147" lon="-1.35448">
				<ele>1231.11</ele>
				<time>2026-09-10T09:13:06.774Z</time>
			</trkpt>
			<trkpt lat="40.33128" lon="-1.35413">
				<ele>1230.59</ele>
				<time>2026-09-10T09:13:08.136Z</time>
			</trkpt>
			<trkpt lat="40.33119" lon="-1.35403">
				<ele>1229.44</ele>
				<time>2026-09-10T09:13:08.619Z</time>
			</trkpt>
			<trkpt lat="40.33099" lon="-1.35385">
				<ele>1227.82</ele>
				<time>2026-09-10T09:13:09.599Z</time>
			</trkpt>
			<trkpt lat="40.33061" lon="-1.35366">
				<ele>1227.8</ele>
				<time>2026-09-10T09:13:11.205Z</time>
			</trkpt>
			<trkpt lat="40.33049" lon="-1.35356">
				<ele>1227.55</ele>
				<time>2026-09-10T09:13:11.757Z</time>
			</trkpt>
			<trkpt lat="40.33036" lon="-1.35339">
				<ele>1225.48</ele>
				<time>2026-09-10T09:13:12.460Z</time>
			</trkpt>
			<trkpt lat="40.3303" lon="-1.35324">
				<ele>1225.4</ele>
				<time>2026-09-10T09:13:12.951Z</time>
			</trkpt>
			<trkpt lat="40.33028" lon="-1.35297">
				<ele>1228.6</ele>
				<time>2026-09-10T09:13:13.727Z</time>
			</trkpt>
			<trkpt lat="40.33033" lon="-1.35229">
				<ele>1234.62</ele>
				<time>2026-09-10T09:13:15.638Z</time>
			</trkpt>
			<trkpt lat="40.3306" lon="-1.35044">
				<ele>1234.7</ele>
				<time>2026-09-10T09:13:20.626Z</time>
			</trkpt>
			<trkpt lat="40.3306" lon="-1.35018">
				<ele>1236.47</ele>
				<time>2026-09-10T09:13:21.286Z</time>
			</trkpt>
			<trkpt lat="40.3304" lon="-1.34864">
				<ele>1235.66</ele>
				<time>2026-09-10T09:13:25.146Z</time>
			</trkpt>
			<trkpt lat="40.33039" lon="-1.34828">
				<ele>1234.48</ele>
				<time>2026-09-10T09:13:26.014Z</time>
			</trkpt>
			<trkpt lat="40.33042" lon="-1.34815">
				<ele>1234.13</ele>
				<time>2026-09-10T09:13:26.339Z</time>
			</trkpt>
			<trkpt lat="40.33058" lon="-1.34767">
				<ele>1233.57</ele>
				<time>2026-09-10T09:13:27.587Z</time>
			</trkpt>
			<trkpt lat="40.33061" lon="-1.34749">
				<ele>1233.94</ele>
				<time>2026-09-10T09:13:28.024Z</time>
			</trkpt>
			<trkpt lat="40.33064" lon="-1.34729">
				<ele>1234.65</ele>
				<time>2026-09-10T09:13:28.505Z</time>
			</trkpt>
			<trkpt lat="40.33066" lon="-1.34686">
				<ele>1234.3</ele>
				<time>2026-09-10T09:13:29.519Z</time>
			</trkpt>
			<trkpt lat="40.33064" lon="-1.34664">
				<ele>1233.21</ele>
				<time>2026-09-10T09:13:30.038Z</time>
			</trkpt>
			<trkpt lat="40.3306" lon="-1.34638">
				<ele>1233.08</ele>
				<time>2026-09-10T09:13:30.659Z</time>
			</trkpt>
			<trkpt lat="40.33025" lon="-1.34501">
				<ele>1231.3</ele>
				<time>2026-09-10T09:13:34.034Z</time>
			</trkpt>
			<trkpt lat="40.32997" lon="-1.3444">
				<ele>1228.02</ele>
				<time>2026-09-10T09:13:35.704Z</time>
			</trkpt>
			<trkpt lat="40.32992" lon="-1.34425">
				<ele>1224.75</ele>
				<time>2026-09-10T09:13:36.089Z</time>
			</trkpt>
			<trkpt lat="40.32988" lon="-1.34404">
				<ele>1220.98</ele>
				<time>2026-09-10T09:13:36.600Z</time>
			</trkpt>
			<trkpt lat="40.32987" lon="-1.3438">
				<ele>1219.19</ele>
				<time>2026-09-10T09:13:37.170Z</time>
			</trkpt>
			<trkpt lat="40.32989" lon="-1.3437">
				<ele>1219.43</ele>
				<time>2026-09-10T09:13:37.415Z</time>
			</trkpt>
			<trkpt lat="40.32994" lon="-1.34346">
				<ele>1221.05</ele>
				<time>2026-09-10T09:13:38.008Z</time>
			</trkpt>
			<trkpt lat="40.33009" lon="-1.34294">
				<ele>1223.28</ele>
				<time>2026-09-10T09:13:39.343Z</time>
			</trkpt>
			<trkpt lat="40.33012" lon="-1.34282">
				<ele>1222.82</ele>
				<time>2026-09-10T09:13:39.648Z</time>
			</trkpt>
			<trkpt lat="40.33013" lon="-1.34262">
				<ele>1221.18</ele>
				<time>2026-09-10T09:13:40.135Z</time>
			</trkpt>
			<trkpt lat="40.33012" lon="-1.3425">
				<ele>1220.21</ele>
				<time>2026-09-10T09:13:40.429Z</time>
			</trkpt>
			<trkpt lat="40.33" lon="-1.342">
				<ele>1214.77</ele>
				<time>2026-09-10T09:13:41.719Z</time>
			</trkpt>
			<trkpt lat="40.32996" lon="-1.34171">
				<ele>1214.16</ele>
				<time>2026-09-10T09:13:42.452Z</time>
			</trkpt>
			<trkpt lat="40.32996" lon="-1.34148">
				<ele>1214.11</ele>
				<time>2026-09-10T09:13:43.029Z</time>
			</trkpt>
			<trkpt lat="40.33001" lon="-1.34117">
				<ele>1214.85</ele>
				<time>2026-09-10T09:13:43.831Z</time>
			</trkpt>
			<trkpt lat="40.3302" lon="-1.34046">
				<ele>1217.65</ele>
				<time>2026-09-10T09:13:45.772Z</time>
			</trkpt>
			<trkpt lat="40.33026" lon="-1.34022">
				<ele>1216.23</ele>
				<time>2026-09-10T09:13:46.437Z</time>
			</trkpt>
			<trkpt lat="40.33027" lon="-1.34004">
				<ele>1215.18</ele>
				<time>2026-09-10T09:13:46.915Z</time>
			</trkpt>
			<trkpt lat="40.33018" lon="-1.33797">
				<ele>1197.56</ele>
				<time>2026-09-10T09:13:52.701Z</time>
			</trkpt>
			<trkpt lat="40.33012" lon="-1.33768">
				<ele>1197.42</ele>
				<time>2026-09-10T09:13:53.588Z</time>
			</trkpt>
			<trkpt lat="40.33009" lon="-1.33757">
				<ele>1197.16</ele>
				<time>2026-09-10T09:13:53.937Z</time>
			</trkpt>
			<trkpt lat="40.33" lon="-1.3374">
				<ele>1196.36</ele>
				<time>2026-09-10T09:13:54.560Z</time>
			</trkpt>
			<trkpt lat="40.32933" lon="-1.33627">
				<ele>1184.46</ele>
				<time>2026-09-10T09:13:59.067Z</time>
			</trkpt>
			<trkpt lat="40.3291" lon="-1.33583">
				<ele>1184.42</ele>
				<time>2026-09-10T09:14:00.841Z</time>
			</trkpt>
			<trkpt lat="40.32896" lon="-1.33558">
				<ele>1182.2</ele>
				<time>2026-09-10T09:14:01.898Z</time>
			</trkpt>
			<trkpt lat="40.32757" lon="-1.3339">
				<ele>1169.72</ele>
				<time>2026-09-10T09:14:11.092Z</time>
			</trkpt>
			<trkpt lat="40.32747" lon="-1.33374">
				<ele>1170.03</ele>
				<time>2026-09-10T09:14:11.924Z</time>
			</trkpt>
			<trkpt lat="40.32735" lon="-1.33348">
				<ele>1168.78</ele>
				<time>2026-09-10T09:14:13.166Z</time>
			</trkpt>
			<trkpt lat="40.32727" lon="-1.33274">
				<ele>1169.31</ele>
				<time>2026-09-10T09:14:16.323Z</time>
			</trkpt>
			<trkpt lat="40.32723" lon="-1.33259">
				<ele>1170.4</ele>
				<time>2026-09-10T09:14:17.013Z</time>
			</trkpt>
			<trkpt lat="40.32697" lon="-1.33198">
				<ele>1170.61</ele>
				<time>2026-09-10T09:14:20.132Z</time>
			</trkpt>
			<trkpt lat="40.32688" lon="-1.33163">
				<ele>1172.84</ele>
				<time>2026-09-10T09:14:21.837Z</time>
			</trkpt>
			<trkpt lat="40.32686" lon="-1.33137">
				<ele>1173.88</ele>
				<time>2026-09-10T09:14:23.068Z</time>
			</trkpt>
			<trkpt lat="40.32686" lon="-1.33102">
				<ele>1175.07</ele>
				<time>2026-09-10T09:14:24.747Z</time>
			</trkpt>
			<trkpt lat="40.32687" lon="-1.33089">
				<ele>1175.03</ele>
				<time>2026-09-10T09:14:25.384Z</time>
			</trkpt>
			<trkpt lat="40.32691" lon="-1.33061">
				<ele>1174.49</ele>
				<time>2026-09-10T09:14:26.790Z</time>
			</trkpt>
			<trkpt lat="40.32699" lon="-1.33036">
				<ele>1173.1</ele>
				<time>2026-09-10T09:14:28.152Z</time>
			</trkpt>
			<trkpt lat="40.32749" lon="-1.3293">
				<ele>1166.95</ele>
				<time>2026-09-10T09:14:34.720Z</time>
			</trkpt>
			<trkpt lat="40.32763" lon="-1.32893">
				<ele>1166.6</ele>
				<time>2026-09-10T09:14:37.011Z</time>
			</trkpt>
			<trkpt lat="40.32781" lon="-1.32832">
				<ele>1165.14</ele>
				<time>2026-09-10T09:14:40.761Z</time>
			</trkpt>
			<trkpt lat="40.328" lon="-1.32763">
				<ele>1161.52</ele>
				<time>2026-09-10T09:14:45.151Z</time>
			</trkpt>
			<trkpt lat="40.32858" lon="-1.32514">
				<ele>1152.97</ele>
				<time>2026-09-10T09:15:02.405Z</time>
			</trkpt>
			<trkpt lat="40.32902" lon="-1.32508">
				<ele>1154.24</ele>
				<time>2026-09-10T09:15:06.629Z</time>
			</trkpt>
			<trkpt lat="40.3291" lon="-1.32511">
				<ele>1155.4</ele>
				<time>2026-09-10T09:15:07.440Z</time>
			</trkpt>
			<trkpt lat="40.32928" lon="-1.32524">
				<ele>1158.47</ele>
				<time>2026-09-10T09:15:09.464Z</time>
			</trkpt>
			<trkpt lat="40.32946" lon="-1.32533">
				<ele>1160.68</ele>
				<time>2026-09-10T09:15:11.390Z</time>
			</trkpt>
			<trkpt lat="40.32964" lon="-1.32538">
				<ele>1162.45</ele>
				<time>2026-09-10T09:15:13.257Z</time>
			</trkpt>
			<trkpt lat="40.32999" lon="-1.3254">
				<ele>1163.61</ele>
				<time>2026-09-10T09:15:16.883Z</time>
			</trkpt>
			<trkpt lat="40.33018" lon="-1.32536">
				<ele>1164.06</ele>
				<time>2026-09-10T09:15:18.916Z</time>
			</trkpt>
			<trkpt lat="40.33029" lon="-1.32528">
				<ele>1164</ele>
				<time>2026-09-10T09:15:20.261Z</time>
			</trkpt>
			<trkpt lat="40.33035" lon="-1.32522">
				<ele>1163.27</ele>
				<time>2026-09-10T09:15:21.073Z</time>
			</trkpt>
			<trkpt lat="40.33043" lon="-1.32507">
				<ele>1161.86</ele>
				<time>2026-09-10T09:15:22.589Z</time>
			</trkpt>
			<trkpt lat="40.33063" lon="-1.32514">
				<ele>1163.9</ele>
				<time>2026-09-10T09:15:24.865Z</time>
			</trkpt>
			<trkpt lat="40.33068" lon="-1.32512">
				<ele>1164.48</ele>
				<time>2026-09-10T09:15:25.446Z</time>
			</trkpt>
			<trkpt lat="40.33086" lon="-1.32493">
				<ele>1165.85</ele>
				<time>2026-09-10T09:15:28.038Z</time>
			</trkpt>
			<trkpt lat="40.33069" lon="-1.32462">
				<ele>1161.17</ele>
				<time>2026-09-10T09:15:33.003Z</time>
			</trkpt>
			<trkpt lat="40.33069" lon="-1.32451">
				<ele>1159.79</ele>
				<time>2026-09-10T09:15:35.149Z</time>
			</trkpt>
			<trkpt lat="40.33069" lon="-1.32424">
				<ele>1158.41</ele>
				<time>2026-09-10T09:15:41.500Z</time>
			</trkpt>
			<trkpt lat="40.33065" lon="-1.32427">
				<ele>1157.93</ele>
				<time>2026-09-10T09:15:43.101Z</time>
			</trkpt>
			<trkpt lat="40.33068" lon="-1.32392">
				<ele>1156.57</ele>
				<time>2026-09-10T09:15:53.366Z</time>
			</trkpt>
			<trkpt lat="40.33059" lon="-1.32375">
				<ele>1153.51</ele>
				<time>2026-09-10T09:15:59.878Z</time>
			</trkpt>
			<trkpt lat="40.33057" lon="-1.32366">
				<ele>1152.49</ele>
				<time>2026-09-10T09:16:02.877Z</time>
			</trkpt>
			<trkpt lat="40.33045" lon="-1.32353">
				<ele>1151.55</ele>
				<time>2026-09-10T09:16:09.400Z</time>
			</trkpt>
			<trkpt lat="40.3304" lon="-1.32351">
				<ele>1151.49</ele>
				<time>2026-09-10T09:16:11.564Z</time>
			</trkpt>
			<trkpt lat="40.3302" lon="-1.32326">
				<ele>1152.37</ele>
				<time>2026-09-10T09:16:22.401Z</time>
			</trkpt>
			<trkpt lat="40.3301" lon="-1.32311">
				<ele>1153.33</ele>
				<time>2026-09-10T09:16:27.672Z</time>
			</trkpt>
			<trkpt lat="40.33008" lon="-1.32299">
				<ele>1154.15</ele>
				<time>2026-09-10T09:16:30.577Z</time>
			</trkpt>
			<trkpt lat="40.33012" lon="-1.32286">
				<ele>1154.68</ele>
				<time>2026-09-10T09:16:33.511Z</time>
			</trkpt>
			<trkpt lat="40.33029" lon="-1.32251">
				<ele>1156.72</ele>
				<time>2026-09-10T09:16:39.953Z</time>
			</trkpt>
			<trkpt lat="40.33034" lon="-1.32231">
				<ele>1157.77</ele>
				<time>2026-09-10T09:16:42.710Z</time>
			</trkpt>
			<trkpt lat="40.33037" lon="-1.32212">
				<ele>1157.87</ele>
				<time>2026-09-10T09:16:45.391Z</time>
			</trkpt>
			<trkpt lat="40.33036" lon="-1.32196">
				<ele>1157.74</ele>
				<time>2026-09-10T09:16:47.645Z</time>
			</trkpt>
			<trkpt lat="40.33034" lon="-1.3219">
				<ele>1158.11</ele>
				<time>2026-09-10T09:16:48.564Z</time>
			</trkpt>
			<trkpt lat="40.33029" lon="-1.32187">
				<ele>1158.8</ele>
				<time>2026-09-10T09:16:49.576Z</time>
			</trkpt>
			<trkpt lat="40.33049" lon="-1.31944">
				<ele>1155.69</ele>
				<time>2026-09-10T09:17:25.929Z</time>
			</trkpt>
			<trkpt lat="40.33053" lon="-1.3191">
				<ele>1154.87</ele>
				<time>2026-09-10T09:17:30.624Z</time>
			</trkpt>
			<trkpt lat="40.33067" lon="-1.31869">
				<ele>1152.6</ele>
				<time>2026-09-10T09:17:35.358Z</time>
			</trkpt>
			<trkpt lat="40.33112" lon="-1.31786">
				<ele>1155.45</ele>
				<time>2026-09-10T09:17:43.052Z</time>
			</trkpt>
			<trkpt lat="40.33214" lon="-1.31578">
				<ele>1163.65</ele>
				<time>2026-09-10T09:18:00.598Z</time>
			</trkpt>
			<trkpt lat="40.33231" lon="-1.31553">
				<ele>1165.24</ele>
				<time>2026-09-10T09:18:02.859Z</time>
			</trkpt>
			<trkpt lat="40.33305" lon="-1.31485">
				<ele>1172.32</ele>
				<time>2026-09-10T09:18:10.643Z</time>
			</trkpt>
			<trkpt lat="40.33334" lon="-1.31445">
				<ele>1171.55</ele>
				<time>2026-09-10T09:18:14.156Z</time>
			</trkpt>
			<trkpt lat="40.33353" lon="-1.3141">
				<ele>1170.48</ele>
				<time>2026-09-10T09:18:16.841Z</time>
			</trkpt>
			<trkpt lat="40.33357" lon="-1.31395">
				<ele>1171.88</ele>
				<time>2026-09-10T09:18:17.824Z</time>
			</trkpt>
			<trkpt lat="40.33357" lon="-1.31384">
				<ele>1173.09</ele>
				<time>2026-09-10T09:18:18.501Z</time>
			</trkpt>
			<trkpt lat="40.33347" lon="-1.31334">
				<ele>1177.97</ele>
				<time>2026-09-10T09:18:21.644Z</time>
			</trkpt>
			<trkpt lat="40.33346" lon="-1.31308">
				<ele>1180.99</ele>
				<time>2026-09-10T09:18:23.205Z</time>
			</trkpt>
			<trkpt lat="40.3335" lon="-1.31288">
				<ele>1181.98</ele>
				<time>2026-09-10T09:18:24.434Z</time>
			</trkpt>
			<trkpt lat="40.33358" lon="-1.3127">
				<ele>1182.03</ele>
				<time>2026-09-10T09:18:25.662Z</time>
			</trkpt>
			<trkpt lat="40.33368" lon="-1.3126">
				<ele>1181.46</ele>
				<time>2026-09-10T09:18:26.628Z</time>
			</trkpt>
			<trkpt lat="40.33374" lon="-1.31255">
				<ele>1181.08</ele>
				<time>2026-09-10T09:18:27.171Z</time>
			</trkpt>
			<trkpt lat="40.33432" lon="-1.31234">
				<ele>1181.46</ele>
				<time>2026-09-10T09:18:31.695Z</time>
			</trkpt>
			<trkpt lat="40.33452" lon="-1.31224">
				<ele>1181.2</ele>
				<time>2026-09-10T09:18:33.272Z</time>
			</trkpt>
			<trkpt lat="40.33486" lon="-1.31203">
				<ele>1182.95</ele>
				<time>2026-09-10T09:18:36.000Z</time>
			</trkpt>
			<trkpt lat="40.335" lon="-1.31192">
				<ele>1185.09</ele>
				<time>2026-09-10T09:18:37.169Z</time>
			</trkpt>
			<trkpt lat="40.33506" lon="-1.31185">
				<ele>1185.35</ele>
				<time>2026-09-10T09:18:37.740Z</time>
			</trkpt>
			<trkpt lat="40.33518" lon="-1.3116">
				<ele>1185.82</ele>
				<time>2026-09-10T09:18:39.331Z</time>
			</trkpt>
			<trkpt lat="40.33521" lon="-1.31142">
				<ele>1185.3</ele>
				<time>2026-09-10T09:18:40.314Z</time>
			</trkpt>
			<trkpt lat="40.3352" lon="-1.31119">
				<ele>1183.79</ele>
				<time>2026-09-10T09:18:41.533Z</time>
			</trkpt>
			<trkpt lat="40.33515" lon="-1.311">
				<ele>1183.42</ele>
				<time>2026-09-10T09:18:42.588Z</time>
			</trkpt>
			<trkpt lat="40.3338" lon="-1.30767">
				<ele>1188.72</ele>
				<time>2026-09-10T09:19:00.905Z</time>
			</trkpt>
			<trkpt lat="40.33371" lon="-1.30736">
				<ele>1189.82</ele>
				<time>2026-09-10T09:19:02.388Z</time>
			</trkpt>
			<trkpt lat="40.33368" lon="-1.30716">
				<ele>1190.17</ele>
				<time>2026-09-10T09:19:03.289Z</time>
			</trkpt>
			<trkpt lat="40.33367" lon="-1.30647">
				<ele>1188.52</ele>
				<time>2026-09-10T09:19:06.285Z</time>
			</trkpt>
			<trkpt lat="40.33367" lon="-1.30599">
				<ele>1185.37</ele>
				<time>2026-09-10T09:19:08.319Z</time>
			</trkpt>
			<trkpt lat="40.33371" lon="-1.3053">
				<ele>1187.32</ele>
				<time>2026-09-10T09:19:11.181Z</time>
			</trkpt>
			<trkpt lat="40.33384" lon="-1.30426">
				<ele>1187.64</ele>
				<time>2026-09-10T09:19:15.385Z</time>
			</trkpt>
			<trkpt lat="40.33396" lon="-1.30316">
				<ele>1186.9</ele>
				<time>2026-09-10T09:19:19.620Z</time>
			</trkpt>
			<trkpt lat="40.3341" lon="-1.30129">
				<ele>1183.29</ele>
				<time>2026-09-10T09:19:26.344Z</time>
			</trkpt>
			<trkpt lat="40.33444" lon="-1.29941">
				<ele>1181.69</ele>
				<time>2026-09-10T09:19:32.716Z</time>
			</trkpt>
			<trkpt lat="40.33451" lon="-1.29896">
				<ele>1180.05</ele>
				<time>2026-09-10T09:19:34.154Z</time>
			</trkpt>
			<trkpt lat="40.33453" lon="-1.29864">
				<ele>1181.52</ele>
				<time>2026-09-10T09:19:35.143Z</time>
			</trkpt>
			<trkpt lat="40.33449" lon="-1.29826">
				<ele>1178.93</ele>
				<time>2026-09-10T09:19:36.306Z</time>
			</trkpt>
			<trkpt lat="40.33428" lon="-1.29726">
				<ele>1177.86</ele>
				<time>2026-09-10T09:19:39.356Z</time>
			</trkpt>
			<trkpt lat="40.33403" lon="-1.29619">
				<ele>1174.91</ele>
				<time>2026-09-10T09:19:42.497Z</time>
			</trkpt>
			<trkpt lat="40.33339" lon="-1.29315">
				<ele>1172.85</ele>
				<time>2026-09-10T09:19:50.576Z</time>
			</trkpt>
			<trkpt lat="40.33328" lon="-1.29286">
				<ele>1172.39</ele>
				<time>2026-09-10T09:19:51.346Z</time>
			</trkpt>
			<trkpt lat="40.33269" lon="-1.29169">
				<ele>1171.75</ele>
				<time>2026-09-10T09:19:54.562Z</time>
			</trkpt>
			<trkpt lat="40.33206" lon="-1.29053">
				<ele>1170.48</ele>
				<time>2026-09-10T09:19:57.644Z</time>
			</trkpt>
			<trkpt lat="40.33192" lon="-1.29032">
				<ele>1170.09</ele>
				<time>2026-09-10T09:19:58.227Z</time>
			</trkpt>
			<trkpt lat="40.33138" lon="-1.28968">
				<ele>1169</ele>
				<time>2026-09-10T09:20:00.176Z</time>
			</trkpt>
			<trkpt lat="40.33126" lon="-1.28948">
				<ele>1169.44</ele>
				<time>2026-09-10T09:20:00.683Z</time>
			</trkpt>
			<trkpt lat="40.33121" lon="-1.28936">
				<ele>1169.81</ele>
				<time>2026-09-10T09:20:00.954Z</time>
			</trkpt>
			<trkpt lat="40.32981" lon="-1.2851">
				<ele>1163.66</ele>
				<time>2026-09-10T09:20:09.395Z</time>
			</trkpt>
			<trkpt lat="40.3287" lon="-1.28185">
				<ele>1157.1</ele>
				<time>2026-09-10T09:20:15.128Z</time>
			</trkpt>
			<trkpt lat="40.32847" lon="-1.28136">
				<ele>1157.38</ele>
				<time>2026-09-10T09:20:16.012Z</time>
			</trkpt>
			<trkpt lat="40.32764" lon="-1.27995">
				<ele>1153.69</ele>
				<time>2026-09-10T09:20:18.699Z</time>
			</trkpt>
			<trkpt lat="40.32747" lon="-1.27962">
				<ele>1154.38</ele>
				<time>2026-09-10T09:20:19.291Z</time>
			</trkpt>
			<trkpt lat="40.3273" lon="-1.2792">
				<ele>1155.9</ele>
				<time>2026-09-10T09:20:19.995Z</time>
			</trkpt>
			<trkpt lat="40.32678" lon="-1.27782">
				<ele>1154.84</ele>
				<time>2026-09-10T09:20:22.260Z</time>
			</trkpt>
			<trkpt lat="40.32665" lon="-1.27753">
				<ele>1154.95</ele>
				<time>2026-09-10T09:20:22.753Z</time>
			</trkpt>
			<trkpt lat="40.32644" lon="-1.2772">
				<ele>1152.18</ele>
				<time>2026-09-10T09:20:23.382Z</time>
			</trkpt>
			<trkpt lat="40.32417" lon="-1.27421">
				<ele>1142.08</ele>
				<time>2026-09-10T09:20:29.640Z</time>
			</trkpt>
			<trkpt lat="40.32328" lon="-1.27308">
				<ele>1140.49</ele>
				<time>2026-09-10T09:20:32.140Z</time>
			</trkpt>
			<trkpt lat="40.32315" lon="-1.27287">
				<ele>1140.61</ele>
				<time>2026-09-10T09:20:32.565Z</time>
			</trkpt>
			<trkpt lat="40.32301" lon="-1.27261">
				<ele>1141.05</ele>
				<time>2026-09-10T09:20:33.067Z</time>
			</trkpt>
			<trkpt lat="40.32144" lon="-1.26902">
				<ele>1132.25</ele>
				<time>2026-09-10T09:20:39.996Z</time>
			</trkpt>
			<trkpt lat="40.32123" lon="-1.26857">
				<ele>1130.78</ele>
				<time>2026-09-10T09:20:40.943Z</time>
			</trkpt>
			<trkpt lat="40.32101" lon="-1.2682">
				<ele>1129.15</ele>
				<time>2026-09-10T09:20:41.800Z</time>
			</trkpt>
			<trkpt lat="40.32082" lon="-1.26796">
				<ele>1128.65</ele>
				<time>2026-09-10T09:20:42.441Z</time>
			</trkpt>
			<trkpt lat="40.31847" lon="-1.26553">
				<ele>1126.79</ele>
				<time>2026-09-10T09:20:50.325Z</time>
			</trkpt>
			<trkpt lat="40.31633" lon="-1.26336">
				<ele>1128.64</ele>
				<time>2026-09-10T09:20:58.607Z</time>
			</trkpt>
			<trkpt lat="40.31574" lon="-1.2626">
				<ele>1129.88</ele>
				<time>2026-09-10T09:21:01.397Z</time>
			</trkpt>
			<trkpt lat="40.31548" lon="-1.26229">
				<ele>1133.12</ele>
				<time>2026-09-10T09:21:02.622Z</time>
			</trkpt>
			<trkpt lat="40.31328" lon="-1.25945">
				<ele>1133.01</ele>
				<time>2026-09-10T09:21:14.507Z</time>
			</trkpt>
			<trkpt lat="40.31151" lon="-1.25726">
				<ele>1123.57</ele>
				<time>2026-09-10T09:21:25.454Z</time>
			</trkpt>
			<trkpt lat="40.31073" lon="-1.25625">
				<ele>1123.67</ele>
				<time>2026-09-10T09:21:30.892Z</time>
			</trkpt>
			<trkpt lat="40.31055" lon="-1.25593">
				<ele>1124.96</ele>
				<time>2026-09-10T09:21:32.456Z</time>
			</trkpt>
			<trkpt lat="40.31047" lon="-1.25559">
				<ele>1122.58</ele>
				<time>2026-09-10T09:21:33.877Z</time>
			</trkpt>
			<trkpt lat="40.31019" lon="-1.25422">
				<ele>1123.93</ele>
				<time>2026-09-10T09:21:39.756Z</time>
			</trkpt>
			<trkpt lat="40.31015" lon="-1.25375">
				<ele>1128.53</ele>
				<time>2026-09-10T09:21:41.794Z</time>
			</trkpt>
			<trkpt lat="40.31018" lon="-1.25347">
				<ele>1130.74</ele>
				<time>2026-09-10T09:21:43.031Z</time>
			</trkpt>
			<trkpt lat="40.31029" lon="-1.25285">
				<ele>1134.01</ele>
				<time>2026-09-10T09:21:45.870Z</time>
			</trkpt>
			<trkpt lat="40.31051" lon="-1.25127">
				<ele>1135.85</ele>
				<time>2026-09-10T09:21:53.365Z</time>
			</trkpt>
			<trkpt lat="40.31058" lon="-1.25095">
				<ele>1138.15</ele>
				<time>2026-09-10T09:21:54.980Z</time>
			</trkpt>
			<trkpt lat="40.31125" lon="-1.24902">
				<ele>1148.51</ele>
				<time>2026-09-10T09:22:05.780Z</time>
			</trkpt>
			<trkpt lat="40.31133" lon="-1.2487">
				<ele>1148.79</ele>
				<time>2026-09-10T09:22:07.578Z</time>
			</trkpt>
			<trkpt lat="40.31177" lon="-1.24631">
				<ele>1154.61</ele>
				<time>2026-09-10T09:22:21.437Z</time>
			</trkpt>
			<trkpt lat="40.31188" lon="-1.24595">
				<ele>1155.8</ele>
				<time>2026-09-10T09:22:23.743Z</time>
			</trkpt>
			<trkpt lat="40.31253" lon="-1.24438">
				<ele>1160.39</ele>
				<time>2026-09-10T09:22:34.803Z</time>
			</trkpt>
			<trkpt lat="40.3151" lon="-1.24059">
				<ele>1143.01</ele>
				<time>2026-09-10T09:23:10.359Z</time>
			</trkpt>
			<trkpt lat="40.31635" lon="-1.2391">
				<ele>1137.74</ele>
				<time>2026-09-10T09:23:27.952Z</time>
			</trkpt>
			<trkpt lat="40.31709" lon="-1.23816">
				<ele>1135.21</ele>
				<time>2026-09-10T09:23:39.336Z</time>
			</trkpt>
			<trkpt lat="40.31781" lon="-1.23725">
				<ele>1131</ele>
				<time>2026-09-10T09:23:50.874Z</time>
			</trkpt>
			<trkpt lat="40.31815" lon="-1.23669">
				<ele>1129.69</ele>
				<time>2026-09-10T09:23:57.381Z</time>
			</trkpt>
			<trkpt lat="40.31818" lon="-1.23656">
				<ele>1129.33</ele>
				<time>2026-09-10T09:23:58.632Z</time>
			</trkpt>
			<trkpt lat="40.3182" lon="-1.2363">
				<ele>1128.94</ele>
				<time>2026-09-10T09:24:01.055Z</time>
			</trkpt>
			<trkpt lat="40.31823" lon="-1.2362">
				<ele>1128.68</ele>
				<time>2026-09-10T09:24:02.057Z</time>
			</trkpt>
			<trkpt lat="40.31842" lon="-1.23596">
				<ele>1127.68</ele>
				<time>2026-09-10T09:24:05.306Z</time>
			</trkpt>
			<trkpt lat="40.31869" lon="-1.23571">
				<ele>1127.61</ele>
				<time>2026-09-10T09:24:09.427Z</time>
			</trkpt>
			<trkpt lat="40.31841" lon="-1.23511">
				<ele>1130.06</ele>
				<time>2026-09-10T09:24:16.234Z</time>
			</trkpt>
			<trkpt lat="40.31809" lon="-1.23537">
				<ele>1129.54</ele>
				<time>2026-09-10T09:24:21.101Z</time>
			</trkpt>
			<trkpt lat="40.31841" lon="-1.23511">
				<ele>1130.06</ele>
				<time>2026-09-10T09:24:26.043Z</time>
			</trkpt>
			<trkpt lat="40.31869" lon="-1.23571">
				<ele>1127.61</ele>
				<time>2026-09-10T09:24:33.213Z</time>
			</trkpt>
			<trkpt lat="40.31915" lon="-1.23538">
				<ele>1126.44</ele>
				<time>2026-09-10T09:24:40.372Z</time>
			</trkpt>
			<trkpt lat="40.31953" lon="-1.23516">
				<ele>1124.18</ele>
				<time>2026-09-10T09:24:56.301Z</time>
			</trkpt>
			<trkpt lat="40.3196" lon="-1.23511">
				<ele>1123.94</ele>
				<time>2026-09-10T09:25:04.155Z</time>
			</trkpt>
			<trkpt lat="40.31968" lon="-1.23499">
				<ele>1124.03</ele>
				<time>2026-09-10T09:25:15.581Z</time>
			</trkpt>
			<trkpt lat="40.31973" lon="-1.23478">
				<ele>1124.84</ele>
				<time>2026-09-10T09:25:24.185Z</time>
			</trkpt>
			<trkpt lat="40.31977" lon="-1.23427">
				<ele>1123.31</ele>
				<time>2026-09-10T09:25:31.073Z</time>
			</trkpt>
			<trkpt lat="40.31979" lon="-1.23402">
				<ele>1122.58</ele>
				<time>2026-09-10T09:25:34.602Z</time>
			</trkpt>
			<trkpt lat="40.31985" lon="-1.2337">
				<ele>1123.12</ele>
				<time>2026-09-10T09:25:39.383Z</time>
			</trkpt>
			<trkpt lat="40.32021" lon="-1.23223">
				<ele>1120.21</ele>
				<time>2026-09-10T09:25:54.705Z</time>
			</trkpt>
			<trkpt lat="40.32072" lon="-1.23087">
				<ele>1119.54</ele>
				<time>2026-09-10T09:26:05.858Z</time>
			</trkpt>
			<trkpt lat="40.3214" lon="-1.22879">
				<ele>1115.27</ele>
				<time>2026-09-10T09:26:21.220Z</time>
			</trkpt>
			<trkpt lat="40.3216" lon="-1.22824">
				<ele>1114.28</ele>
				<time>2026-09-10T09:26:25.102Z</time>
			</trkpt>
			<trkpt lat="40.32185" lon="-1.22764">
				<ele>1111.65</ele>
				<time>2026-09-10T09:26:29.335Z</time>
			</trkpt>
			<trkpt lat="40.32295" lon="-1.22545">
				<ele>1115.83</ele>
				<time>2026-09-10T09:26:44.396Z</time>
			</trkpt>
			<trkpt lat="40.32304" lon="-1.22517">
				<ele>1117.43</ele>
				<time>2026-09-10T09:26:46.025Z</time>
			</trkpt>
			<trkpt lat="40.32309" lon="-1.2249">
				<ele>1117.43</ele>
				<time>2026-09-10T09:26:47.495Z</time>
			</trkpt>
			<trkpt lat="40.32311" lon="-1.22444">
				<ele>1115.6</ele>
				<time>2026-09-10T09:26:49.889Z</time>
			</trkpt>
			<trkpt lat="40.32299" lon="-1.22252">
				<ele>1114.08</ele>
				<time>2026-09-10T09:26:59.341Z</time>
			</trkpt>
			<trkpt lat="40.323" lon="-1.22214">
				<ele>1111.83</ele>
				<time>2026-09-10T09:27:01.104Z</time>
			</trkpt>
			<trkpt lat="40.32303" lon="-1.22187">
				<ele>1112.07</ele>
				<time>2026-09-10T09:27:02.349Z</time>
			</trkpt>
			<trkpt lat="40.32321" lon="-1.22122">
				<ele>1113.73</ele>
				<time>2026-09-10T09:27:05.428Z</time>
			</trkpt>
			<trkpt lat="40.32344" lon="-1.22065">
				<ele>1112.31</ele>
				<time>2026-09-10T09:27:08.205Z</time>
			</trkpt>
			<trkpt lat="40.32474" lon="-1.21788">
				<ele>1101.41</ele>
				<time>2026-09-10T09:27:20.892Z</time>
			</trkpt>
			<trkpt lat="40.32498" lon="-1.2174">
				<ele>1101.93</ele>
				<time>2026-09-10T09:27:22.915Z</time>
			</trkpt>
			<trkpt lat="40.32523" lon="-1.21694">
				<ele>1100.95</ele>
				<time>2026-09-10T09:27:24.847Z</time>
			</trkpt>
			<trkpt lat="40.32592" lon="-1.21595">
				<ele>1100.32</ele>
				<time>2026-09-10T09:27:29.206Z</time>
			</trkpt>
			<trkpt lat="40.3268" lon="-1.21475">
				<ele>1096.5</ele>
				<time>2026-09-10T09:27:34.196Z</time>
			</trkpt>
			<trkpt lat="40.32775" lon="-1.2136">
				<ele>1091.35</ele>
				<time>2026-09-10T09:27:38.834Z</time>
			</trkpt>
			<trkpt lat="40.3279" lon="-1.21335">
				<ele>1090.06</ele>
				<time>2026-09-10T09:27:39.657Z</time>
			</trkpt>
			<trkpt lat="40.32799" lon="-1.2131">
				<ele>1090.12</ele>
				<time>2026-09-10T09:27:40.361Z</time>
			</trkpt>
			<trkpt lat="40.32804" lon="-1.21283">
				<ele>1091.68</ele>
				<time>2026-09-10T09:27:41.057Z</time>
			</trkpt>
			<trkpt lat="40.32802" lon="-1.21242">
				<ele>1095.06</ele>
				<time>2026-09-10T09:27:42.068Z</time>
			</trkpt>
			<trkpt lat="40.32789" lon="-1.21133">
				<ele>1093.5</ele>
				<time>2026-09-10T09:27:44.675Z</time>
			</trkpt>
			<trkpt lat="40.3278" lon="-1.21091">
				<ele>1094</ele>
				<time>2026-09-10T09:27:45.663Z</time>
			</trkpt>
			<trkpt lat="40.32732" lon="-1.20963">
				<ele>1096.14</ele>
				<time>2026-09-10T09:27:48.739Z</time>
			</trkpt>
			<trkpt lat="40.32649" lon="-1.20814">
				<ele>1092.84</ele>
				<time>2026-09-10T09:27:52.394Z</time>
			</trkpt>
			<trkpt lat="40.32635" lon="-1.20776">
				<ele>1091.64</ele>
				<time>2026-09-10T09:27:53.183Z</time>
			</trkpt>
			<trkpt lat="40.32627" lon="-1.20742">
				<ele>1092.26</ele>
				<time>2026-09-10T09:27:53.836Z</time>
			</trkpt>
			<trkpt lat="40.32621" lon="-1.2068">
				<ele>1095.65</ele>
				<time>2026-09-10T09:27:54.956Z</time>
			</trkpt>
			<trkpt lat="40.32627" lon="-1.20633">
				<ele>1097.04</ele>
				<time>2026-09-10T09:27:55.788Z</time>
			</trkpt>
			<trkpt lat="40.32634" lon="-1.20605">
				<ele>1097.66</ele>
				<time>2026-09-10T09:27:56.293Z</time>
			</trkpt>
			<trkpt lat="40.32643" lon="-1.20579">
				<ele>1098.17</ele>
				<time>2026-09-10T09:27:56.777Z</time>
			</trkpt>
			<trkpt lat="40.32671" lon="-1.20528">
				<ele>1098.66</ele>
				<time>2026-09-10T09:27:57.820Z</time>
			</trkpt>
			<trkpt lat="40.32693" lon="-1.20503">
				<ele>1097.94</ele>
				<time>2026-09-10T09:27:58.440Z</time>
			</trkpt>
			<trkpt lat="40.32751" lon="-1.20467">
				<ele>1095.77</ele>
				<time>2026-09-10T09:27:59.773Z</time>
			</trkpt>
			<trkpt lat="40.32803" lon="-1.2045">
				<ele>1094.19</ele>
				<time>2026-09-10T09:28:00.854Z</time>
			</trkpt>
			<trkpt lat="40.33011" lon="-1.20399">
				<ele>1087.86</ele>
				<time>2026-09-10T09:28:04.888Z</time>
			</trkpt>
			<trkpt lat="40.33094" lon="-1.20372">
				<ele>1081.31</ele>
				<time>2026-09-10T09:28:06.439Z</time>
			</trkpt>
			<trkpt lat="40.33152" lon="-1.20346">
				<ele>1076.95</ele>
				<time>2026-09-10T09:28:07.532Z</time>
			</trkpt>
			<trkpt lat="40.33185" lon="-1.20334">
				<ele>1075.32</ele>
				<time>2026-09-10T09:28:08.138Z</time>
			</trkpt>
			<trkpt lat="40.33239" lon="-1.20325">
				<ele>1072.8</ele>
				<time>2026-09-10T09:28:09.096Z</time>
			</trkpt>
			<trkpt lat="40.33279" lon="-1.20329">
				<ele>1071.63</ele>
				<time>2026-09-10T09:28:09.799Z</time>
			</trkpt>
			<trkpt lat="40.33341" lon="-1.20345">
				<ele>1065.38</ele>
				<time>2026-09-10T09:28:10.906Z</time>
			</trkpt>
			<trkpt lat="40.33424" lon="-1.20344">
				<ele>1063.49</ele>
				<time>2026-09-10T09:28:12.364Z</time>
			</trkpt>
			<trkpt lat="40.33458" lon="-1.20347">
				<ele>1060.66</ele>
				<time>2026-09-10T09:28:12.966Z</time>
			</trkpt>
			<trkpt lat="40.33608" lon="-1.20387">
				<ele>1048.07</ele>
				<time>2026-09-10T09:28:15.720Z</time>
			</trkpt>
			<trkpt lat="40.33647" lon="-1.20392">
				<ele>1044.89</ele>
				<time>2026-09-10T09:28:16.443Z</time>
			</trkpt>
			<trkpt lat="40.33681" lon="-1.20393">
				<ele>1043.11</ele>
				<time>2026-09-10T09:28:17.078Z</time>
			</trkpt>
			<trkpt lat="40.33712" lon="-1.20385">
				<ele>1040.51</ele>
				<time>2026-09-10T09:28:17.675Z</time>
			</trkpt>
			<trkpt lat="40.33743" lon="-1.20374">
				<ele>1038.01</ele>
				<time>2026-09-10T09:28:18.289Z</time>
			</trkpt>
			<trkpt lat="40.33828" lon="-1.20308">
				<ele>1030.29</ele>
				<time>2026-09-10T09:28:20.232Z</time>
			</trkpt>
			<trkpt lat="40.33856" lon="-1.20289">
				<ele>1030.14</ele>
				<time>2026-09-10T09:28:20.872Z</time>
			</trkpt>
			<trkpt lat="40.3388" lon="-1.20277">
				<ele>1028.16</ele>
				<time>2026-09-10T09:28:21.400Z</time>
			</trkpt>
			<trkpt lat="40.33907" lon="-1.2027">
				<ele>1026.6</ele>
				<time>2026-09-10T09:28:21.974Z</time>
			</trkpt>
			<trkpt lat="40.33935" lon="-1.20265">
				<ele>1025.67</ele>
				<time>2026-09-10T09:28:22.572Z</time>
			</trkpt>
			<trkpt lat="40.3412" lon="-1.20265">
				<ele>1020.42</ele>
				<time>2026-09-10T09:28:26.738Z</time>
			</trkpt>
			<trkpt lat="40.34149" lon="-1.20261">
				<ele>1018.75</ele>
				<time>2026-09-10T09:28:27.439Z</time>
			</trkpt>
			<trkpt lat="40.34184" lon="-1.20251">
				<ele>1014.85</ele>
				<time>2026-09-10T09:28:28.318Z</time>
			</trkpt>
			<trkpt lat="40.34231" lon="-1.20227">
				<ele>1014.46</ele>
				<time>2026-09-10T09:28:29.591Z</time>
			</trkpt>
			<trkpt lat="40.34254" lon="-1.20207">
				<ele>1014.97</ele>
				<time>2026-09-10T09:28:30.306Z</time>
			</trkpt>
			<trkpt lat="40.34326" lon="-1.20132">
				<ele>1011.83</ele>
				<time>2026-09-10T09:28:32.786Z</time>
			</trkpt>
			<trkpt lat="40.34382" lon="-1.20082">
				<ele>1011.11</ele>
				<time>2026-09-10T09:28:34.717Z</time>
			</trkpt>
			<trkpt lat="40.34422" lon="-1.20053">
				<ele>1004.87</ele>
				<time>2026-09-10T09:28:36.073Z</time>
			</trkpt>
			<trkpt lat="40.34489" lon="-1.20009">
				<ele>1000.82</ele>
				<time>2026-09-10T09:28:38.392Z</time>
			</trkpt>
			<trkpt lat="40.34522" lon="-1.19982">
				<ele>1001.44</ele>
				<time>2026-09-10T09:28:39.646Z</time>
			</trkpt>
			<trkpt lat="40.34593" lon="-1.19904">
				<ele>999.8</ele>
				<time>2026-09-10T09:28:42.775Z</time>
			</trkpt>
			<trkpt lat="40.34624" lon="-1.19867">
				<ele>998.58</ele>
				<time>2026-09-10T09:28:44.261Z</time>
			</trkpt>
			<trkpt lat="40.3466" lon="-1.19819">
				<ele>995.76</ele>
				<time>2026-09-10T09:28:46.143Z</time>
			</trkpt>
			<trkpt lat="40.34696" lon="-1.19753">
				<ele>993.34</ele>
				<time>2026-09-10T09:28:48.504Z</time>
			</trkpt>
			<trkpt lat="40.34724" lon="-1.19693">
				<ele>991.29</ele>
				<time>2026-09-10T09:28:50.637Z</time>
			</trkpt>
			<trkpt lat="40.34768" lon="-1.1962">
				<ele>990.52</ele>
				<time>2026-09-10T09:28:53.586Z</time>
			</trkpt>
			<trkpt lat="40.34792" lon="-1.19586">
				<ele>987.69</ele>
				<time>2026-09-10T09:28:55.111Z</time>
			</trkpt>
			<trkpt lat="40.34869" lon="-1.19489">
				<ele>985.8</ele>
				<time>2026-09-10T09:28:59.954Z</time>
			</trkpt>
			<trkpt lat="40.34891" lon="-1.19459">
				<ele>984.61</ele>
				<time>2026-09-10T09:29:01.464Z</time>
			</trkpt>
			<trkpt lat="40.3496" lon="-1.19346">
				<ele>980.49</ele>
				<time>2026-09-10T09:29:06.980Z</time>
			</trkpt>
			<trkpt lat="40.34986" lon="-1.19308">
				<ele>979.08</ele>
				<time>2026-09-10T09:29:09.027Z</time>
			</trkpt>
			<trkpt lat="40.35071" lon="-1.19219">
				<ele>974.1</ele>
				<time>2026-09-10T09:29:15.036Z</time>
			</trkpt>
			<trkpt lat="40.35106" lon="-1.1918">
				<ele>972.49</ele>
				<time>2026-09-10T09:29:17.706Z</time>
			</trkpt>
			<trkpt lat="40.35137" lon="-1.19141">
				<ele>969.17</ele>
				<time>2026-09-10T09:29:20.277Z</time>
			</trkpt>
			<trkpt lat="40.35155" lon="-1.19113">
				<ele>968.31</ele>
				<time>2026-09-10T09:29:21.988Z</time>
			</trkpt>
			<trkpt lat="40.35193" lon="-1.19044">
				<ele>964.63</ele>
				<time>2026-09-10T09:29:26.083Z</time>
			</trkpt>
			<trkpt lat="40.35233" lon="-1.18974">
				<ele>962.32</ele>
				<time>2026-09-10T09:29:30.473Z</time>
			</trkpt>
			<trkpt lat="40.3525" lon="-1.18948">
				<ele>962.27</ele>
				<time>2026-09-10T09:29:32.242Z</time>
			</trkpt>
			<trkpt lat="40.35267" lon="-1.18929">
				<ele>961.39</ele>
				<time>2026-09-10T09:29:33.779Z</time>
			</trkpt>
			<trkpt lat="40.35315" lon="-1.1889">
				<ele>958.22</ele>
				<time>2026-09-10T09:29:37.760Z</time>
			</trkpt>
			<trkpt lat="40.35347" lon="-1.18858">
				<ele>958.42</ele>
				<time>2026-09-10T09:29:40.683Z</time>
			</trkpt>
			<trkpt lat="40.35383" lon="-1.18825">
				<ele>956.89</ele>
				<time>2026-09-10T09:29:43.957Z</time>
			</trkpt>
			<trkpt lat="40.354" lon="-1.18811">
				<ele>952.93</ele>
				<time>2026-09-10T09:29:45.482Z</time>
			</trkpt>
			<trkpt lat="40.3544" lon="-1.18784">
				<ele>949.15</ele>
				<time>2026-09-10T09:29:48.968Z</time>
			</trkpt>
			<trkpt lat="40.35462" lon="-1.18763">
				<ele>949.38</ele>
				<time>2026-09-10T09:29:51.123Z</time>
			</trkpt>
			<trkpt lat="40.35471" lon="-1.1875">
				<ele>948.95</ele>
				<time>2026-09-10T09:29:52.195Z</time>
			</trkpt>
			<trkpt lat="40.35478" lon="-1.18735">
				<ele>948.31</ele>
				<time>2026-09-10T09:29:53.278Z</time>
			</trkpt>
			<trkpt lat="40.35501" lon="-1.18654">
				<ele>944.13</ele>
				<time>2026-09-10T09:29:58.725Z</time>
			</trkpt>
			<trkpt lat="40.35514" lon="-1.18625">
				<ele>942.67</ele>
				<time>2026-09-10T09:30:00.903Z</time>
			</trkpt>
			<trkpt lat="40.35528" lon="-1.18607">
				<ele>940.5</ele>
				<time>2026-09-10T09:30:02.589Z</time>
			</trkpt>
			<trkpt lat="40.35567" lon="-1.18572">
				<ele>935.94</ele>
				<time>2026-09-10T09:30:06.734Z</time>
			</trkpt>
			<trkpt lat="40.35573" lon="-1.18563">
				<ele>935.2</ele>
				<time>2026-09-10T09:30:07.546Z</time>
			</trkpt>
			<trkpt lat="40.35578" lon="-1.18547">
				<ele>934.6</ele>
				<time>2026-09-10T09:30:08.728Z</time>
			</trkpt>
			<trkpt lat="40.35582" lon="-1.1851">
				<ele>933.5</ele>
				<time>2026-09-10T09:30:11.313Z</time>
			</trkpt>
			<trkpt lat="40.35582" lon="-1.1838">
				<ele>923.7</ele>
				<time>2026-09-10T09:30:20.633Z</time>
			</trkpt>
			<trkpt lat="40.35585" lon="-1.18361">
				<ele>920.76</ele>
				<time>2026-09-10T09:30:22.069Z</time>
			</trkpt>
			<trkpt lat="40.35591" lon="-1.18351">
				<ele>919.34</ele>
				<time>2026-09-10T09:30:23.017Z</time>
			</trkpt>
			<trkpt lat="40.35599" lon="-1.18343">
				<ele>917.91</ele>
				<time>2026-09-10T09:30:24.005Z</time>
			</trkpt>
			<trkpt lat="40.35608" lon="-1.1834">
				<ele>916.8</ele>
				<time>2026-09-10T09:30:24.923Z</time>
			</trkpt>
			<trkpt lat="40.35634" lon="-1.18345">
				<ele>916.44</ele>
				<time>2026-09-10T09:30:27.545Z</time>
			</trkpt>
			<trkpt lat="40.35669" lon="-1.18353">
				<ele>918.43</ele>
				<time>2026-09-10T09:30:31.149Z</time>
			</trkpt>
			<trkpt lat="40.35675" lon="-1.18353">
				<ele>919.32</ele>
				<time>2026-09-10T09:30:31.765Z</time>
			</trkpt>
			<trkpt lat="40.3568" lon="-1.1835">
				<ele>920.25</ele>
				<time>2026-09-10T09:30:32.330Z</time>
			</trkpt>
			<trkpt lat="40.35685" lon="-1.18344">
				<ele>921.06</ele>
				<time>2026-09-10T09:30:33.030Z</time>
			</trkpt>
			<trkpt lat="40.35688" lon="-1.18334">
				<ele>921.95</ele>
				<time>2026-09-10T09:30:33.879Z</time>
			</trkpt>
			<trkpt lat="40.357" lon="-1.18267">
				<ele>918.54</ele>
				<time>2026-09-10T09:30:39.406Z</time>
			</trkpt>
			<trkpt lat="40.35705" lon="-1.18247">
				<ele>917.24</ele>
				<time>2026-09-10T09:30:41.127Z</time>
			</trkpt>
			<trkpt lat="40.35725" lon="-1.18206">
				<ele>916.27</ele>
				<time>2026-09-10T09:30:45.164Z</time>
			</trkpt>
			<trkpt lat="40.35737" lon="-1.1816">
				<ele>917.03</ele>
				<time>2026-09-10T09:30:49.275Z</time>
			</trkpt>
			<trkpt lat="40.35742" lon="-1.18145">
				<ele>917.67</ele>
				<time>2026-09-10T09:30:50.677Z</time>
			</trkpt>
			<trkpt lat="40.35781" lon="-1.18069">
				<ele>918.71</ele>
				<time>2026-09-10T09:30:58.694Z</time>
			</trkpt>
			<trkpt lat="40.35796" lon="-1.1802">
				<ele>923.04</ele>
				<time>2026-09-10T09:31:03.447Z</time>
			</trkpt>
			<trkpt lat="40.35819" lon="-1.17936">
				<ele>919</ele>
				<time>2026-09-10T09:31:11.703Z</time>
			</trkpt>
			<trkpt lat="40.35823" lon="-1.17914">
				<ele>918.22</ele>
				<time>2026-09-10T09:31:13.840Z</time>
			</trkpt>
			<trkpt lat="40.35817" lon="-1.17822">
				<ele>919.22</ele>
				<time>2026-09-10T09:31:22.757Z</time>
			</trkpt>
			<trkpt lat="40.35809" lon="-1.17758">
				<ele>915.99</ele>
				<time>2026-09-10T09:31:29.208Z</time>
			</trkpt>
			<trkpt lat="40.35808" lon="-1.17736">
				<ele>916.3</ele>
				<time>2026-09-10T09:31:31.435Z</time>
			</trkpt>
			<trkpt lat="40.35809" lon="-1.17713">
				<ele>917.98</ele>
				<time>2026-09-10T09:31:33.783Z</time>
			</trkpt>
			<trkpt lat="40.35815" lon="-1.17668">
				<ele>920.11</ele>
				<time>2026-09-10T09:31:38.498Z</time>
			</trkpt>
			<trkpt lat="40.35823" lon="-1.17672">
				<ele>921.24</ele>
				<time>2026-09-10T09:31:39.670Z</time>
			</trkpt>
			<trkpt lat="40.35827" lon="-1.17687">
				<ele>922.49</ele>
				<time>2026-09-10T09:31:41.335Z</time>
			</trkpt>
			<trkpt lat="40.35829" lon="-1.1769">
				<ele>923.08</ele>
				<time>2026-09-10T09:31:41.755Z</time>
			</trkpt>
			<trkpt lat="40.35827" lon="-1.17687">
				<ele>922.49</ele>
				<time>2026-09-10T09:31:42.175Z</time>
			</trkpt>
			<trkpt lat="40.35823" lon="-1.17672">
				<ele>921.24</ele>
				<time>2026-09-10T09:31:43.855Z</time>
			</trkpt>
			<trkpt lat="40.35815" lon="-1.17668">
				<ele>920.11</ele>
				<time>2026-09-10T09:31:45.048Z</time>
			</trkpt>
			<trkpt lat="40.35829" lon="-1.17607">
				<ele>916.7</ele>
				<time>2026-09-10T09:31:51.909Z</time>
			</trkpt>
			<trkpt lat="40.35845" lon="-1.1752">
				<ele>917.74</ele>
				<time>2026-09-10T09:32:01.814Z</time>
			</trkpt>
			<trkpt lat="40.35847" lon="-1.175">
				<ele>918.6</ele>
				<time>2026-09-10T09:32:04.091Z</time>
			</trkpt>
			<trkpt lat="40.35846" lon="-1.17486">
				<ele>919.97</ele>
				<time>2026-09-10T09:32:05.687Z</time>
			</trkpt>
			<trkpt lat="40.35828" lon="-1.17379">
				<ele>924.98</ele>
				<time>2026-09-10T09:32:28.378Z</time>
			</trkpt>
			<trkpt lat="40.35828" lon="-1.17341">
				<ele>926.8</ele>
				<time>2026-09-10T09:32:54.581Z</time>
			</trkpt>
			<trkpt lat="40.35832" lon="-1.17318">
				<ele>927.79</ele>
				<time>2026-09-10T09:32:56.760Z</time>
			</trkpt>
			<trkpt lat="40.35838" lon="-1.17294">
				<ele>928.7</ele>
				<time>2026-09-10T09:32:58.964Z</time>
			</trkpt>
			<trkpt lat="40.35851" lon="-1.17264">
				<ele>929.66</ele>
				<time>2026-09-10T09:33:01.936Z</time>
			</trkpt>
			<trkpt lat="40.35866" lon="-1.17237">
				<ele>930.68</ele>
				<time>2026-09-10T09:33:04.770Z</time>
			</trkpt>
			<trkpt lat="40.35889" lon="-1.17203">
				<ele>931.28</ele>
				<time>2026-09-10T09:33:08.559Z</time>
			</trkpt>
			<trkpt lat="40.35915" lon="-1.17155">
				<ele>931.97</ele>
				<time>2026-09-10T09:33:13.355Z</time>
			</trkpt>
			<trkpt lat="40.35928" lon="-1.17121">
				<ele>932.52</ele>
				<time>2026-09-10T09:33:16.386Z</time>
			</trkpt>
			<trkpt lat="40.35933" lon="-1.17106">
				<ele>932.53</ele>
				<time>2026-09-10T09:33:17.674Z</time>
			</trkpt>
			<trkpt lat="40.35938" lon="-1.17066">
				<ele>932.86</ele>
				<time>2026-09-10T09:33:20.824Z</time>
			</trkpt>
			<trkpt lat="40.35939" lon="-1.1703">
				<ele>933.62</ele>
				<time>2026-09-10T09:33:23.576Z</time>
			</trkpt>
			<trkpt lat="40.35937" lon="-1.16985">
				<ele>933.62</ele>
				<time>2026-09-10T09:33:26.958Z</time>
			</trkpt>
			<trkpt lat="40.3592" lon="-1.16799">
				<ele>928.77</ele>
				<time>2026-09-10T09:33:40.302Z</time>
			</trkpt>
			<trkpt lat="40.35911" lon="-1.16722">
				<ele>928.61</ele>
				<time>2026-09-10T09:33:45.530Z</time>
			</trkpt>
			<trkpt lat="40.35903" lon="-1.16666">
				<ele>927.06</ele>
				<time>2026-09-10T09:33:49.241Z</time>
			</trkpt>
			<trkpt lat="40.35888" lon="-1.16599">
				<ele>929.89</ele>
				<time>2026-09-10T09:33:53.664Z</time>
			</trkpt>
			<trkpt lat="40.35861" lon="-1.16491">
				<ele>930.65</ele>
				<time>2026-09-10T09:34:00.580Z</time>
			</trkpt>
			<trkpt lat="40.35844" lon="-1.16434">
				<ele>929.4</ele>
				<time>2026-09-10T09:34:04.166Z</time>
			</trkpt>
			<trkpt lat="40.35796" lon="-1.16302">
				<ele>927.04</ele>
				<time>2026-09-10T09:34:12.366Z</time>
			</trkpt>
			<trkpt lat="40.35777" lon="-1.16238">
				<ele>930</ele>
				<time>2026-09-10T09:34:16.047Z</time>
			</trkpt>
			<trkpt lat="40.35689" lon="-1.15877">
				<ele>921.73</ele>
				<time>2026-09-10T09:34:34.673Z</time>
			</trkpt>
			<trkpt lat="40.3568" lon="-1.15843">
				<ele>922.54</ele>
				<time>2026-09-10T09:34:36.312Z</time>
			</trkpt>
			<trkpt lat="40.35627" lon="-1.15675">
				<ele>924.06</ele>
				<time>2026-09-10T09:34:44.301Z</time>
			</trkpt>
			<trkpt lat="40.35617" lon="-1.15637">
				<ele>921.68</ele>
				<time>2026-09-10T09:34:46.009Z</time>
			</trkpt>
			<trkpt lat="40.35602" lon="-1.1557">
				<ele>920.28</ele>
				<time>2026-09-10T09:34:48.931Z</time>
			</trkpt>
			<trkpt lat="40.35585" lon="-1.15474">
				<ele>921.9</ele>
				<time>2026-09-10T09:34:52.966Z</time>
			</trkpt>
			<trkpt lat="40.35542" lon="-1.15206">
				<ele>920.89</ele>
				<time>2026-09-10T09:35:03.749Z</time>
			</trkpt>
			<trkpt lat="40.35515" lon="-1.15021">
				<ele>919.3</ele>
				<time>2026-09-10T09:35:10.923Z</time>
			</trkpt>
			<trkpt lat="40.35438" lon="-1.14375">
				<ele>914.88</ele>
				<time>2026-09-10T09:35:35.833Z</time>
			</trkpt>
			<trkpt lat="40.35422" lon="-1.14266">
				<ele>912.77</ele>
				<time>2026-09-10T09:35:40.268Z</time>
			</trkpt>
			<trkpt lat="40.35373" lon="-1.14">
				<ele>912.33</ele>
				<time>2026-09-10T09:35:51.731Z</time>
			</trkpt>
			<trkpt lat="40.35365" lon="-1.13948">
				<ele>912.19</ele>
				<time>2026-09-10T09:35:54.059Z</time>
			</trkpt>
			<trkpt lat="40.35356" lon="-1.1388">
				<ele>912.84</ele>
				<time>2026-09-10T09:35:57.149Z</time>
			</trkpt>
			<trkpt lat="40.35348" lon="-1.13785">
				<ele>909.17</ele>
				<time>2026-09-10T09:36:01.549Z</time>
			</trkpt>
			<trkpt lat="40.35347" lon="-1.13759">
				<ele>908.19</ele>
				<time>2026-09-10T09:36:02.773Z</time>
			</trkpt>
			<trkpt lat="40.35353" lon="-1.13608">
				<ele>909.45</ele>
				<time>2026-09-10T09:36:10.120Z</time>
			</trkpt>
			<trkpt lat="40.35362" lon="-1.13467">
				<ele>910.86</ele>
				<time>2026-09-10T09:36:17.396Z</time>
			</trkpt>
			<trkpt lat="40.35363" lon="-1.13459">
				<ele>910.59</ele>
				<time>2026-09-10T09:36:17.825Z</time>
			</trkpt>
			<trkpt lat="40.35356" lon="-1.13415">
				<ele>909.33</ele>
				<time>2026-09-10T09:36:20.233Z</time>
			</trkpt>
			<trkpt lat="40.35345" lon="-1.1338">
				<ele>909.2</ele>
				<time>2026-09-10T09:36:22.295Z</time>
			</trkpt>
			<trkpt lat="40.35329" lon="-1.13342">
				<ele>909.28</ele>
				<time>2026-09-10T09:36:24.701Z</time>
			</trkpt>
			<trkpt lat="40.35319" lon="-1.13306">
				<ele>909.5</ele>
				<time>2026-09-10T09:36:26.861Z</time>
			</trkpt>
			<trkpt lat="40.35316" lon="-1.1329">
				<ele>909.43</ele>
				<time>2026-09-10T09:36:27.801Z</time>
			</trkpt>
			<trkpt lat="40.35315" lon="-1.13259">
				<ele>910.3</ele>
				<time>2026-09-10T09:36:29.588Z</time>
			</trkpt>
			<trkpt lat="40.35315" lon="-1.13247">
				<ele>910.68</ele>
				<time>2026-09-10T09:36:30.286Z</time>
			</trkpt>
			<trkpt lat="40.35318" lon="-1.13234">
				<ele>910.89</ele>
				<time>2026-09-10T09:36:31.080Z</time>
			</trkpt>
			<trkpt lat="40.35318" lon="-1.132">
				<ele>910.05</ele>
				<time>2026-09-10T09:36:33.088Z</time>
			</trkpt>
			<trkpt lat="40.35321" lon="-1.13166">
				<ele>909.95</ele>
				<time>2026-09-10T09:36:35.140Z</time>
			</trkpt>
			<trkpt lat="40.35328" lon="-1.13129">
				<ele>911.38</ele>
				<time>2026-09-10T09:36:37.462Z</time>
			</trkpt>
			<trkpt lat="40.35335" lon="-1.13087">
				<ele>913.07</ele>
				<time>2026-09-10T09:36:40.302Z</time>
			</trkpt>
			<trkpt lat="40.35337" lon="-1.13063">
				<ele>913.27</ele>
				<time>2026-09-10T09:36:42.014Z</time>
			</trkpt>
			<trkpt lat="40.35334" lon="-1.13045">
				<ele>912.7</ele>
				<time>2026-09-10T09:36:43.356Z</time>
			</trkpt>
			<trkpt lat="40.35329" lon="-1.13023">
				<ele>911.72</ele>
				<time>2026-09-10T09:36:45.050Z</time>
			</trkpt>
			<trkpt lat="40.35321" lon="-1.13005">
				<ele>911.13</ele>
				<time>2026-09-10T09:36:46.590Z</time>
			</trkpt>
			<trkpt lat="40.35252" lon="-1.12894">
				<ele>906.14</ele>
				<time>2026-09-10T09:36:55.940Z</time>
			</trkpt>
			<trkpt lat="40.35241" lon="-1.12874">
				<ele>905.43</ele>
				<time>2026-09-10T09:36:57.324Z</time>
			</trkpt>
			<trkpt lat="40.35208" lon="-1.12829">
				<ele>902.51</ele>
				<time>2026-09-10T09:37:00.767Z</time>
			</trkpt>
			<trkpt lat="40.35192" lon="-1.1281">
				<ele>901.92</ele>
				<time>2026-09-10T09:37:02.299Z</time>
			</trkpt>
			<trkpt lat="40.35135" lon="-1.12746">
				<ele>899.02</ele>
				<time>2026-09-10T09:37:07.495Z</time>
			</trkpt>
			<trkpt lat="40.35086" lon="-1.12698">
				<ele>892.02</ele>
				<time>2026-09-10T09:37:11.586Z</time>
			</trkpt>
			<trkpt lat="40.35026" lon="-1.12653">
				<ele>889.72</ele>
				<time>2026-09-10T09:37:16.067Z</time>
			</trkpt>
			<trkpt lat="40.34885" lon="-1.12558">
				<ele>883.07</ele>
				<time>2026-09-10T09:37:25.827Z</time>
			</trkpt>
			<trkpt lat="40.34839" lon="-1.12522">
				<ele>883.53</ele>
				<time>2026-09-10T09:37:28.982Z</time>
			</trkpt>
			<trkpt lat="40.34799" lon="-1.12485">
				<ele>883.45</ele>
				<time>2026-09-10T09:37:31.809Z</time>
			</trkpt>
			<trkpt lat="40.34766" lon="-1.12448">
				<ele>880.33</ele>
				<time>2026-09-10T09:37:34.276Z</time>
			</trkpt>
			<trkpt lat="40.34737" lon="-1.12412">
				<ele>878.73</ele>
				<time>2026-09-10T09:37:36.514Z</time>
			</trkpt>
			<trkpt lat="40.34702" lon="-1.12361">
				<ele>882.19</ele>
				<time>2026-09-10T09:37:39.405Z</time>
			</trkpt>
			<trkpt lat="40.34666" lon="-1.12299">
				<ele>881.5</ele>
				<time>2026-09-10T09:37:42.638Z</time>
			</trkpt>
			<trkpt lat="40.34635" lon="-1.12232">
				<ele>878.63</ele>
				<time>2026-09-10T09:37:45.841Z</time>
			</trkpt>
			<trkpt lat="40.34618" lon="-1.12186">
				<ele>879.42</ele>
				<time>2026-09-10T09:37:47.909Z</time>
			</trkpt>
			<trkpt lat="40.34603" lon="-1.12138">
				<ele>878.97</ele>
				<time>2026-09-10T09:37:49.992Z</time>
			</trkpt>
			<trkpt lat="40.3459" lon="-1.12086">
				<ele>877.8</ele>
				<time>2026-09-10T09:37:52.176Z</time>
			</trkpt>
			<trkpt lat="40.34579" lon="-1.12031">
				<ele>877.04</ele>
				<time>2026-09-10T09:37:54.432Z</time>
			</trkpt>
			<trkpt lat="40.34565" lon="-1.1193">
				<ele>876.1</ele>
				<time>2026-09-10T09:37:58.483Z</time>
			</trkpt>
			<trkpt lat="40.34552" lon="-1.1185">
				<ele>874.25</ele>
				<time>2026-09-10T09:38:01.699Z</time>
			</trkpt>
			<trkpt lat="40.34538" lon="-1.11792">
				<ele>875.31</ele>
				<time>2026-09-10T09:38:04.091Z</time>
			</trkpt>
			<trkpt lat="40.34522" lon="-1.11744">
				<ele>874.85</ele>
				<time>2026-09-10T09:38:06.153Z</time>
			</trkpt>
			<trkpt lat="40.34501" lon="-1.11693">
				<ele>876.17</ele>
				<time>2026-09-10T09:38:08.440Z</time>
			</trkpt>
			<trkpt lat="40.34482" lon="-1.11658">
				<ele>877.57</ele>
				<time>2026-09-10T09:38:10.140Z</time>
			</trkpt>
			<trkpt lat="40.34463" lon="-1.11626">
				<ele>878.31</ele>
				<time>2026-09-10T09:38:11.752Z</time>
			</trkpt>
			<trkpt lat="40.34442" lon="-1.11597">
				<ele>878.54</ele>
				<time>2026-09-10T09:38:13.347Z</time>
			</trkpt>
			<trkpt lat="40.34401" lon="-1.11552">
				<ele>878.95</ele>
				<time>2026-09-10T09:38:16.162Z</time>
			</trkpt>
			<trkpt lat="40.34371" lon="-1.11525">
				<ele>877.76</ele>
				<time>2026-09-10T09:38:18.094Z</time>
			</trkpt>
			<trkpt lat="40.34349" lon="-1.11509">
				<ele>876.87</ele>
				<time>2026-09-10T09:38:19.438Z</time>
			</trkpt>
			<trkpt lat="40.34247" lon="-1.11447">
				<ele>878.36</ele>
				<time>2026-09-10T09:38:25.547Z</time>
			</trkpt>
			<trkpt lat="40.34217" lon="-1.11433">
				<ele>880.66</ele>
				<time>2026-09-10T09:38:27.312Z</time>
			</trkpt>
			<trkpt lat="40.34198" lon="-1.1142">
				<ele>880.22</ele>
				<time>2026-09-10T09:38:28.509Z</time>
			</trkpt>
			<trkpt lat="40.3419" lon="-1.11418">
				<ele>880.34</ele>
				<time>2026-09-10T09:38:28.967Z</time>
			</trkpt>
			<trkpt lat="40.34177" lon="-1.1142">
				<ele>881.37</ele>
				<time>2026-09-10T09:38:29.704Z</time>
			</trkpt>
			<trkpt lat="40.34168" lon="-1.11426">
				<ele>882.22</ele>
				<time>2026-09-10T09:38:30.275Z</time>
			</trkpt>
			<trkpt lat="40.34161" lon="-1.11442">
				<ele>884.46</ele>
				<time>2026-09-10T09:38:31.074Z</time>
			</trkpt>
			<trkpt lat="40.34161" lon="-1.11461">
				<ele>885.65</ele>
				<time>2026-09-10T09:38:31.900Z</time>
			</trkpt>
			<trkpt lat="40.34166" lon="-1.1148">
				<ele>885.54</ele>
				<time>2026-09-10T09:38:32.779Z</time>
			</trkpt>
			<trkpt lat="40.34169" lon="-1.11486">
				<ele>885.83</ele>
				<time>2026-09-10T09:38:33.094Z</time>
			</trkpt>
			<trkpt lat="40.34178" lon="-1.11496">
				<ele>885.88</ele>
				<time>2026-09-10T09:38:33.776Z</time>
			</trkpt>
			<trkpt lat="40.34188" lon="-1.11499">
				<ele>885.36</ele>
				<time>2026-09-10T09:38:34.371Z</time>
			</trkpt>
			<trkpt lat="40.34202" lon="-1.11496">
				<ele>884.47</ele>
				<time>2026-09-10T09:38:35.197Z</time>
			</trkpt>
			<trkpt lat="40.34211" lon="-1.11489">
				<ele>883.71</ele>
				<time>2026-09-10T09:38:35.810Z</time>
			</trkpt>
			<trkpt lat="40.3422" lon="-1.11477">
				<ele>882.45</ele>
				<time>2026-09-10T09:38:36.564Z</time>
			</trkpt>
			<trkpt lat="40.34226" lon="-1.11455">
				<ele>880.95</ele>
				<time>2026-09-10T09:38:37.618Z</time>
			</trkpt>
			<trkpt lat="40.34239" lon="-1.11384">
				<ele>879.19</ele>
				<time>2026-09-10T09:38:40.960Z</time>
			</trkpt>
			<trkpt lat="40.34249" lon="-1.11347">
				<ele>880.5</ele>
				<time>2026-09-10T09:38:42.725Z</time>
			</trkpt>
			<trkpt lat="40.34257" lon="-1.11324">
				<ele>881.09</ele>
				<time>2026-09-10T09:38:43.808Z</time>
			</trkpt>
			<trkpt lat="40.34353" lon="-1.11143">
				<ele>884.67</ele>
				<time>2026-09-10T09:38:52.459Z</time>
			</trkpt>
			<trkpt lat="40.34357" lon="-1.11126">
				<ele>887.03</ele>
				<time>2026-09-10T09:38:53.168Z</time>
			</trkpt>
			<trkpt lat="40.34356" lon="-1.11117">
				<ele>888.4</ele>
				<time>2026-09-10T09:38:53.534Z</time>
			</trkpt>
			<trkpt lat="40.34358" lon="-1.11112">
				<ele>888.95</ele>
				<time>2026-09-10T09:38:53.764Z</time>
			</trkpt>
			<trkpt lat="40.34362" lon="-1.11111">
				<ele>889.37</ele>
				<time>2026-09-10T09:38:53.982Z</time>
			</trkpt>
			<trkpt lat="40.34361" lon="-1.11095">
				<ele>891.99</ele>
				<time>2026-09-10T09:38:54.646Z</time>
			</trkpt>
			<trkpt lat="40.34358" lon="-1.11089">
				<ele>892.88</ele>
				<time>2026-09-10T09:38:54.947Z</time>
			</trkpt>
			<trkpt lat="40.34279" lon="-1.10963">
				<ele>904.14</ele>
				<time>2026-09-10T09:39:02.839Z</time>
			</trkpt>
			<trkpt lat="40.34254" lon="-1.10929">
				<ele>906.93</ele>
				<time>2026-09-10T09:39:05.639Z</time>
			</trkpt>
			<trkpt lat="40.3423" lon="-1.10901">
				<ele>907.45</ele>
				<time>2026-09-10T09:39:08.392Z</time>
			</trkpt>
			<trkpt lat="40.34172" lon="-1.10855">
				<ele>905.8</ele>
				<time>2026-09-10T09:39:15.183Z</time>
			</trkpt>
			<trkpt lat="40.34147" lon="-1.10826">
				<ele>914.91</ele>
				<time>2026-09-10T09:39:19.291Z</time>
			</trkpt>
			<trkpt lat="40.3422" lon="-1.10733">
				<ele>927.62</ele>
				<time>2026-09-10T09:39:36.265Z</time>
			</trkpt>
			<trkpt lat="40.34268" lon="-1.10715">
				<ele>927.63</ele>
				<time>2026-09-10T09:39:47.588Z</time>
			</trkpt>
			<trkpt lat="40.3428" lon="-1.10694">
				<ele>928.16</ele>
				<time>2026-09-10T09:39:52.773Z</time>
			</trkpt>
			<trkpt lat="40.34313" lon="-1.10688">
				<ele>930.27</ele>
				<time>2026-09-10T09:40:02.300Z</time>
			</trkpt>
			<trkpt lat="40.3433" lon="-1.1068">
				<ele>932.28</ele>
				<time>2026-09-10T09:40:07.957Z</time>
			</trkpt>
			<trkpt lat="40.34358" lon="-1.10728">
				<ele>930.86</ele>
				<time>2026-09-10T09:40:24.066Z</time>
			</trkpt>
			<trkpt lat="40.34354" lon="-1.10738">
				<ele>929.25</ele>
				<time>2026-09-10T09:40:27.658Z</time>
			</trkpt>
			<trkpt lat="40.3435" lon="-1.10753">
				<ele>927.63</ele>
				<time>2026-09-10T09:40:34.211Z</time>
			</trkpt>
			<trkpt lat="40.34351" lon="-1.10774">
				<ele>926.3</ele>
				<time>2026-09-10T09:40:45.353Z</time>
			</trkpt>
			<trkpt lat="40.34376" lon="-1.10809">
				<ele>924.3</ele>
				<time>2026-09-10T09:41:19.382Z</time>
			</trkpt>
			<trkpt lat="40.34351" lon="-1.10774">
				<ele>926.3</ele>
				<time>2026-09-10T09:42:01.800Z</time>
			</trkpt>
			<trkpt lat="40.3435" lon="-1.10753">
				<ele>927.63</ele>
				<time>2026-09-10T09:42:21.917Z</time>
			</trkpt>
			<trkpt lat="40.34354" lon="-1.10738">
				<ele>929.25</ele>
				<time>2026-09-10T09:42:37.387Z</time>
			</trkpt>
			<trkpt lat="40.34358" lon="-1.10728">
				<ele>930.86</ele>
				<time>2026-09-10T09:42:48.427Z</time>
			</trkpt>
			<trkpt lat="40.3433" lon="-1.1068">
				<ele>932.28</ele>
				<time>2026-09-10T09:43:45.613Z</time>
			</trkpt>
			<trkpt lat="40.34347" lon="-1.10667">
				<ele>932.99</ele>
				<time>2026-09-10T09:44:07.607Z</time>
			</trkpt>
			<trkpt lat="40.3436" lon="-1.10633">
				<ele>930.76</ele>
				<time>2026-09-10T09:44:35.904Z</time>
			</trkpt>
			<trkpt lat="40.34347" lon="-1.10623">
				<ele>931.1</ele>
				<time>2026-09-10T09:44:49.617Z</time>
			</trkpt>
			<trkpt lat="40.3433" lon="-1.10605">
				<ele>931</ele>
				<time>2026-09-10T09:45:09.560Z</time>
			</trkpt>
			<trkpt lat="40.34315" lon="-1.10553">
				<ele>931.71</ele>
				<time>2026-09-10T09:45:48.574Z</time>
			</trkpt>
			<trkpt lat="40.34297" lon="-1.10532">
				<ele>933.21</ele>
				<time>2026-09-10T09:46:10.750Z</time>
			</trkpt>
			<trkpt lat="40.34291" lon="-1.10526">
				<ele>933.47</ele>
				<time>2026-09-10T09:46:17.695Z</time>
			</trkpt>
			<trkpt lat="40.34284" lon="-1.10548">
				<ele>933.58</ele>
				<time>2026-09-10T09:46:34.424Z</time>
			</trkpt>
			<trkpt lat="40.34263" lon="-1.1052">
				<ele>934</ele>
				<time>2026-09-10T09:47:01.989Z</time>
			</trkpt>
			<trkpt lat="40.34279" lon="-1.10507">
				<ele>933.87</ele>
				<time>2026-09-10T09:47:19.315Z</time>
			</trkpt>
			<trkpt lat="40.34272" lon="-1.10456">
				<ele>930.44</ele>
				<time>2026-09-10T09:47:55.678Z</time>
			</trkpt>
			<trkpt lat="40.34321" lon="-1.10435">
				<ele>922.23</ele>
				<time>2026-09-10T09:48:43.135Z</time>
			</trkpt>
			<trkpt lat="40.34326" lon="-1.10432">
				<ele>920.96</ele>
				<time>2026-09-10T09:48:48.197Z</time>
			</trkpt>
			<trkpt lat="40.34345" lon="-1.10433">
				<ele>919.52</ele>
				<time>2026-09-10T09:49:05.704Z</time>
			</trkpt>
			<trkpt lat="40.34356" lon="-1.10437">
				<ele>919.36</ele>
				<time>2026-09-10T09:49:16.213Z</time>
			</trkpt>
			<trkpt lat="40.34364" lon="-1.10443">
				<ele>919.94</ele>
				<time>2026-09-10T09:49:24.697Z</time>
			</trkpt>
			<trkpt lat="40.34405" lon="-1.1048">
				<ele>922.5</ele>
				<time>2026-09-10T09:50:10.512Z</time>
			</trkpt>
			<trkpt lat="40.34419" lon="-1.1049">
				<ele>921.35</ele>
				<time>2026-09-10T09:50:25.188Z</time>
			</trkpt>
			<trkpt lat="40.34422" lon="-1.10489">
				<ele>920.93</ele>
				<time>2026-09-10T09:50:28.038Z</time>
			</trkpt>
			<trkpt lat="40.34428" lon="-1.10493">
				<ele>920.48</ele>
				<time>2026-09-10T09:50:34.234Z</time>
			</trkpt>
			<trkpt lat="40.34429" lon="-1.10497">
				<ele>920.51</ele>
				<time>2026-09-10T09:50:37.188Z</time>
			</trkpt>
			<trkpt lat="40.34446" lon="-1.10516">
				<ele>920.54</ele>
				<time>2026-09-10T09:50:57.748Z</time>
			</trkpt>
			<trkpt lat="40.34491" lon="-1.10556">
				<ele>920.58</ele>
				<time>2026-09-10T09:51:54.153Z</time>
			</trkpt>
			<trkpt lat="40.34529" lon="-1.10593">
				<ele>913.67</ele>
				<time>2026-09-10T09:52:10.602Z</time>
			</trkpt>
			<trkpt lat="40.34541" lon="-1.10611">
				<ele>911.57</ele>
				<time>2026-09-10T09:52:12.035Z</time>
			</trkpt>
			<trkpt lat="40.34556" lon="-1.1064">
				<ele>908.96</ele>
				<time>2026-09-10T09:52:14.699Z</time>
			</trkpt>
			<trkpt lat="40.34559" lon="-1.10642">
				<ele>908.68</ele>
				<time>2026-09-10T09:52:15.044Z</time>
			</trkpt>
			<trkpt lat="40.34561" lon="-1.10649">
				<ele>908.39</ele>
				<time>2026-09-10T09:52:15.626Z</time>
			</trkpt>
			<trkpt lat="40.34571" lon="-1.10671">
				<ele>906.49</ele>
				<time>2026-09-10T09:52:17.622Z</time>
			</trkpt>
			<trkpt lat="40.34653" lon="-1.10837">
				<ele>918.43</ele>
				<time>2026-09-10T09:52:32.820Z</time>
			</trkpt>
			<trkpt lat="40.34658" lon="-1.10846">
				<ele>919.81</ele>
				<time>2026-09-10T09:52:33.667Z</time>
			</trkpt>
			<trkpt lat="40.34668" lon="-1.10857">
				<ele>921.7</ele>
				<time>2026-09-10T09:52:34.978Z</time>
			</trkpt>
			<trkpt lat="40.34688" lon="-1.10875">
				<ele>922.75</ele>
				<time>2026-09-10T09:52:37.457Z</time>
			</trkpt>
			<trkpt lat="40.34758" lon="-1.10919">
				<ele>929.38</ele>
				<time>2026-09-10T09:52:45.980Z</time>
			</trkpt>
			<trkpt lat="40.34774" lon="-1.10925">
				<ele>928.49</ele>
				<time>2026-09-10T09:52:47.913Z</time>
			</trkpt>
			<trkpt lat="40.34788" lon="-1.10927">
				<ele>928.35</ele>
				<time>2026-09-10T09:52:49.572Z</time>
			</trkpt>
			<trkpt lat="40.34927" lon="-1.10909">
				<ele>935.3</ele>
				<time>2026-09-10T09:53:06.963Z</time>
			</trkpt>
			<trkpt lat="40.35112" lon="-1.10881">
				<ele>935.67</ele>
				<time>2026-09-10T09:53:31.936Z</time>
			</trkpt>
			<trkpt lat="40.35118" lon="-1.10878">
				<ele>936.04</ele>
				<time>2026-09-10T09:53:32.816Z</time>
			</trkpt>
			<trkpt lat="40.35136" lon="-1.10873">
				<ele>936.37</ele>
				<time>2026-09-10T09:53:35.340Z</time>
			</trkpt>
			<trkpt lat="40.3514" lon="-1.10867">
				<ele>936.21</ele>
				<time>2026-09-10T09:53:36.174Z</time>
			</trkpt>
			<trkpt lat="40.35145" lon="-1.10866">
				<ele>936.19</ele>
				<time>2026-09-10T09:53:36.869Z</time>
			</trkpt>
			<trkpt lat="40.3515" lon="-1.1087">
				<ele>936.41</ele>
				<time>2026-09-10T09:53:37.673Z</time>
			</trkpt>
			<trkpt lat="40.35168" lon="-1.10874">
				<ele>936.96</ele>
				<time>2026-09-10T09:53:40.182Z</time>
			</trkpt>
			<trkpt lat="40.3532" lon="-1.10856">
				<ele>945.31</ele>
				<time>2026-09-10T09:54:01.000Z</time>
			</trkpt>
			<trkpt lat="40.35336" lon="-1.10843">
				<ele>945.6</ele>
				<time>2026-09-10T09:54:03.521Z</time>
			</trkpt>
			<trkpt lat="40.35339" lon="-1.10836">
				<ele>945.71</ele>
				<time>2026-09-10T09:54:04.338Z</time>
			</trkpt>
			<trkpt lat="40.35343" lon="-1.10834">
				<ele>945.62</ele>
				<time>2026-09-10T09:54:04.908Z</time>
			</trkpt>
			<trkpt lat="40.35347" lon="-1.10835">
				<ele>945.45</ele>
				<time>2026-09-10T09:54:05.450Z</time>
			</trkpt>
			<trkpt lat="40.35351" lon="-1.10841">
				<ele>945.26</ele>
				<time>2026-09-10T09:54:06.257Z</time>
			</trkpt>
			<trkpt lat="40.35364" lon="-1.10849">
				<ele>945.05</ele>
				<time>2026-09-10T09:54:08.156Z</time>
			</trkpt>
			<trkpt lat="40.35502" lon="-1.10831">
				<ele>953.2</ele>
				<time>2026-09-10T09:54:26.933Z</time>
			</trkpt>
			<trkpt lat="40.35529" lon="-1.1083">
				<ele>954.94</ele>
				<time>2026-09-10T09:54:30.546Z</time>
			</trkpt>
			<trkpt lat="40.35571" lon="-1.10836">
				<ele>954.59</ele>
				<time>2026-09-10T09:54:35.777Z</time>
			</trkpt>
			<trkpt lat="40.35633" lon="-1.10854">
				<ele>956.21</ele>
				<time>2026-09-10T09:54:42.309Z</time>
			</trkpt>
			<trkpt lat="40.35662" lon="-1.10861">
				<ele>956.03</ele>
				<time>2026-09-10T09:54:45.126Z</time>
			</trkpt>
			<trkpt lat="40.35686" lon="-1.10864">
				<ele>955.76</ele>
				<time>2026-09-10T09:54:47.385Z</time>
			</trkpt>
			<trkpt lat="40.35709" lon="-1.10864">
				<ele>954.17</ele>
				<time>2026-09-10T09:54:49.504Z</time>
			</trkpt>
			<trkpt lat="40.35735" lon="-1.1086">
				<ele>952.75</ele>
				<time>2026-09-10T09:54:51.873Z</time>
			</trkpt>
			<trkpt lat="40.35816" lon="-1.10838">
				<ele>949.05</ele>
				<time>2026-09-10T09:54:59.080Z</time>
			</trkpt>
			<trkpt lat="40.36027" lon="-1.10775">
				<ele>950.86</ele>
				<time>2026-09-10T09:55:16.170Z</time>
			</trkpt>
			<trkpt lat="40.36252" lon="-1.10711">
				<ele>948.1</ele>
				<time>2026-09-10T09:55:32.186Z</time>
			</trkpt>
			<trkpt lat="40.36288" lon="-1.10696">
				<ele>949.17</ele>
				<time>2026-09-10T09:55:34.658Z</time>
			</trkpt>
			<trkpt lat="40.36312" lon="-1.10683">
				<ele>947.04</ele>
				<time>2026-09-10T09:55:36.337Z</time>
			</trkpt>
			<trkpt lat="40.3633" lon="-1.1067">
				<ele>943.63</ele>
				<time>2026-09-10T09:55:37.655Z</time>
			</trkpt>
			<trkpt lat="40.36348" lon="-1.1065">
				<ele>941.16</ele>
				<time>2026-09-10T09:55:39.158Z</time>
			</trkpt>
			<trkpt lat="40.36369" lon="-1.10622">
				<ele>937.69</ele>
				<time>2026-09-10T09:55:41.051Z</time>
			</trkpt>
			<trkpt lat="40.36558" lon="-1.10316">
				<ele>923.25</ele>
				<time>2026-09-10T09:55:59.518Z</time>
			</trkpt>
			<trkpt lat="40.3658" lon="-1.10271">
				<ele>922.69</ele>
				<time>2026-09-10T09:56:02.013Z</time>
			</trkpt>
			<trkpt lat="40.36591" lon="-1.10241">
				<ele>922.19</ele>
				<time>2026-09-10T09:56:03.573Z</time>
			</trkpt>
			<trkpt lat="40.36601" lon="-1.10192">
				<ele>920.24</ele>
				<time>2026-09-10T09:56:05.961Z</time>
			</trkpt>
			<trkpt lat="40.36603" lon="-1.10155">
				<ele>917.83</ele>
				<time>2026-09-10T09:56:07.718Z</time>
			</trkpt>
			<trkpt lat="40.36602" lon="-1.1012">
				<ele>916.28</ele>
				<time>2026-09-10T09:56:09.388Z</time>
			</trkpt>
			<trkpt lat="40.36592" lon="-1.10043">
				<ele>912.51</ele>
				<time>2026-09-10T09:56:13.153Z</time>
			</trkpt>
			<trkpt lat="40.36591" lon="-1.10007">
				<ele>909.23</ele>
				<time>2026-09-10T09:56:14.912Z</time>
			</trkpt>
			<trkpt lat="40.36583" lon="-1.09974">
				<ele>909.91</ele>
				<time>2026-09-10T09:56:16.619Z</time>
			</trkpt>
			<trkpt lat="40.36579" lon="-1.0997">
				<ele>910.12</ele>
				<time>2026-09-10T09:56:16.946Z</time>
			</trkpt>
			<trkpt lat="40.36575" lon="-1.09959">
				<ele>910.29</ele>
				<time>2026-09-10T09:56:17.552Z</time>
			</trkpt>
			<trkpt lat="40.36573" lon="-1.09947">
				<ele>910.36</ele>
				<time>2026-09-10T09:56:18.164Z</time>
			</trkpt>
			<trkpt lat="40.36574" lon="-1.09935">
				<ele>910.32</ele>
				<time>2026-09-10T09:56:18.769Z</time>
			</trkpt>
			<trkpt lat="40.36578" lon="-1.09924">
				<ele>910.17</ele>
				<time>2026-09-10T09:56:19.381Z</time>
			</trkpt>
			<trkpt lat="40.36583" lon="-1.09917">
				<ele>909.97</ele>
				<time>2026-09-10T09:56:19.864Z</time>
			</trkpt>
			<trkpt lat="40.36592" lon="-1.0991">
				<ele>908.63</ele>
				<time>2026-09-10T09:56:20.559Z</time>
			</trkpt>
			<trkpt lat="40.36602" lon="-1.09908">
				<ele>907.77</ele>
				<time>2026-09-10T09:56:21.233Z</time>
			</trkpt>
			<trkpt lat="40.36613" lon="-1.09892">
				<ele>906.81</ele>
				<time>2026-09-10T09:56:22.335Z</time>
			</trkpt>
			<trkpt lat="40.36645" lon="-1.098">
				<ele>904.91</ele>
				<time>2026-09-10T09:56:27.614Z</time>
			</trkpt>
			<trkpt lat="40.3665" lon="-1.09765">
				<ele>905.63</ele>
				<time>2026-09-10T09:56:29.521Z</time>
			</trkpt>
			<trkpt lat="40.36646" lon="-1.09723">
				<ele>907.72</ele>
				<time>2026-09-10T09:56:31.823Z</time>
			</trkpt>
			<trkpt lat="40.36638" lon="-1.09703">
				<ele>909.41</ele>
				<time>2026-09-10T09:56:33.068Z</time>
			</trkpt>
			<trkpt lat="40.36635" lon="-1.09677">
				<ele>910.52</ele>
				<time>2026-09-10T09:56:34.533Z</time>
			</trkpt>
			<trkpt lat="40.36636" lon="-1.09667">
				<ele>910.92</ele>
				<time>2026-09-10T09:56:35.099Z</time>
			</trkpt>
			<trkpt lat="40.3664" lon="-1.09647">
				<ele>911.83</ele>
				<time>2026-09-10T09:56:36.269Z</time>
			</trkpt>
			<trkpt lat="40.36644" lon="-1.09639">
				<ele>912.42</ele>
				<time>2026-09-10T09:56:36.819Z</time>
			</trkpt>
			<trkpt lat="40.36649" lon="-1.09631">
				<ele>912.76</ele>
				<time>2026-09-10T09:56:37.419Z</time>
			</trkpt>
			<trkpt lat="40.36661" lon="-1.09617">
				<ele>913.6</ele>
				<time>2026-09-10T09:56:38.658Z</time>
			</trkpt>
			<trkpt lat="40.36675" lon="-1.09609">
				<ele>914.74</ele>
				<time>2026-09-10T09:56:39.854Z</time>
			</trkpt>
			<trkpt lat="40.36682" lon="-1.09606">
				<ele>915.44</ele>
				<time>2026-09-10T09:56:40.435Z</time>
			</trkpt>
			<trkpt lat="40.36697" lon="-1.09606">
				<ele>916.59</ele>
				<time>2026-09-10T09:56:41.625Z</time>
			</trkpt>
			<trkpt lat="40.36709" lon="-1.09596">
				<ele>918.28</ele>
				<time>2026-09-10T09:56:42.757Z</time>
			</trkpt>
			<trkpt lat="40.36713" lon="-1.0959">
				<ele>919.27</ele>
				<time>2026-09-10T09:56:43.241Z</time>
			</trkpt>
			<trkpt lat="40.36718" lon="-1.09569">
				<ele>923.14</ele>
				<time>2026-09-10T09:56:44.576Z</time>
			</trkpt>
			<trkpt lat="40.36717" lon="-1.09558">
				<ele>925.02</ele>
				<time>2026-09-10T09:56:45.245Z</time>
			</trkpt>
			<trkpt lat="40.36712" lon="-1.09543">
				<ele>926.8</ele>
				<time>2026-09-10T09:56:46.229Z</time>
			</trkpt>
			<trkpt lat="40.367" lon="-1.09527">
				<ele>928.64</ele>
				<time>2026-09-10T09:56:47.564Z</time>
			</trkpt>
			<trkpt lat="40.36683" lon="-1.0952">
				<ele>927.25</ele>
				<time>2026-09-10T09:56:48.930Z</time>
			</trkpt>
			<trkpt lat="40.36647" lon="-1.09516">
				<ele>922.64</ele>
				<time>2026-09-10T09:56:51.593Z</time>
			</trkpt>
			<trkpt lat="40.36613" lon="-1.09507">
				<ele>920.61</ele>
				<time>2026-09-10T09:56:53.987Z</time>
			</trkpt>
			<trkpt lat="40.36476" lon="-1.0942">
				<ele>916.28</ele>
				<time>2026-09-10T09:57:04.269Z</time>
			</trkpt>
			<trkpt lat="40.36437" lon="-1.0939">
				<ele>920.25</ele>
				<time>2026-09-10T09:57:07.297Z</time>
			</trkpt>
			<trkpt lat="40.36331" lon="-1.09278">
				<ele>934.97</ele>
				<time>2026-09-10T09:57:16.340Z</time>
			</trkpt>
			<trkpt lat="40.36301" lon="-1.09252">
				<ele>934.69</ele>
				<time>2026-09-10T09:57:18.711Z</time>
			</trkpt>
			<trkpt lat="40.36276" lon="-1.09234">
				<ele>932.93</ele>
				<time>2026-09-10T09:57:20.587Z</time>
			</trkpt>
			<trkpt lat="40.36183" lon="-1.09181">
				<ele>938.65</ele>
				<time>2026-09-10T09:57:27.218Z</time>
			</trkpt>
			<trkpt lat="40.36155" lon="-1.09158">
				<ele>942.18</ele>
				<time>2026-09-10T09:57:29.366Z</time>
			</trkpt>
			<trkpt lat="40.36129" lon="-1.09131">
				<ele>940.67</ele>
				<time>2026-09-10T09:57:31.515Z</time>
			</trkpt>
			<trkpt lat="40.36109" lon="-1.09101">
				<ele>938.89</ele>
				<time>2026-09-10T09:57:33.479Z</time>
			</trkpt>
			<trkpt lat="40.3609" lon="-1.09059">
				<ele>937.93</ele>
				<time>2026-09-10T09:57:35.879Z</time>
			</trkpt>
			<trkpt lat="40.36058" lon="-1.08953">
				<ele>941.63</ele>
				<time>2026-09-10T09:57:41.450Z</time>
			</trkpt>
			<trkpt lat="40.36038" lon="-1.08903">
				<ele>942.87</ele>
				<time>2026-09-10T09:57:44.193Z</time>
			</trkpt>
			<trkpt lat="40.36011" lon="-1.08862">
				<ele>943.39</ele>
				<time>2026-09-10T09:57:46.817Z</time>
			</trkpt>
			<trkpt lat="40.35929" lon="-1.08752">
				<ele>955.66</ele>
				<time>2026-09-10T09:57:54.216Z</time>
			</trkpt>
			<trkpt lat="40.35896" lon="-1.08695">
				<ele>963.33</ele>
				<time>2026-09-10T09:57:57.633Z</time>
			</trkpt>
			<trkpt lat="40.35873" lon="-1.08644">
				<ele>964.44</ele>
				<time>2026-09-10T09:58:00.450Z</time>
			</trkpt>
			<trkpt lat="40.35848" lon="-1.08566">
				<ele>962.28</ele>
				<time>2026-09-10T09:58:04.452Z</time>
			</trkpt>
			<trkpt lat="40.35835" lon="-1.08484">
				<ele>966.52</ele>
				<time>2026-09-10T09:58:08.393Z</time>
			</trkpt>
			<trkpt lat="40.35821" lon="-1.08325">
				<ele>968.39</ele>
				<time>2026-09-10T09:58:15.864Z</time>
			</trkpt>
			<trkpt lat="40.3582" lon="-1.08274">
				<ele>971.64</ele>
				<time>2026-09-10T09:58:18.229Z</time>
			</trkpt>
			<trkpt lat="40.35824" lon="-1.08222">
				<ele>975.67</ele>
				<time>2026-09-10T09:58:20.643Z</time>
			</trkpt>
			<trkpt lat="40.35832" lon="-1.08171">
				<ele>978.53</ele>
				<time>2026-09-10T09:58:23.041Z</time>
			</trkpt>
			<trkpt lat="40.35866" lon="-1.08024">
				<ele>989.44</ele>
				<time>2026-09-10T09:58:30.068Z</time>
			</trkpt>
			<trkpt lat="40.35903" lon="-1.07872">
				<ele>1005.62</ele>
				<time>2026-09-10T09:58:37.294Z</time>
			</trkpt>
			<trkpt lat="40.35927" lon="-1.07788">
				<ele>1017.45</ele>
				<time>2026-09-10T09:58:41.325Z</time>
			</trkpt>
			<trkpt lat="40.35959" lon="-1.07707">
				<ele>1023.82</ele>
				<time>2026-09-10T09:58:45.400Z</time>
			</trkpt>
			<trkpt lat="40.35989" lon="-1.07646">
				<ele>1027.17</ele>
				<time>2026-09-10T09:58:48.626Z</time>
			</trkpt>
			<trkpt lat="40.36016" lon="-1.07597">
				<ele>1027.54</ele>
				<time>2026-09-10T09:58:51.302Z</time>
			</trkpt>
			<trkpt lat="40.36112" lon="-1.07452">
				<ele>1041.58</ele>
				<time>2026-09-10T09:58:59.733Z</time>
			</trkpt>
			<trkpt lat="40.36205" lon="-1.07307">
				<ele>1047.57</ele>
				<time>2026-09-10T09:59:07.953Z</time>
			</trkpt>
			<trkpt lat="40.36216" lon="-1.07286">
				<ele>1046.63</ele>
				<time>2026-09-10T09:59:09.051Z</time>
			</trkpt>
			<trkpt lat="40.36319" lon="-1.07125">
				<ele>1056.47</ele>
				<time>2026-09-10T09:59:18.041Z</time>
			</trkpt>
			<trkpt lat="40.36351" lon="-1.07056">
				<ele>1061.26</ele>
				<time>2026-09-10T09:59:21.465Z</time>
			</trkpt>
			<trkpt lat="40.36365" lon="-1.07018">
				<ele>1066.18</ele>
				<time>2026-09-10T09:59:23.247Z</time>
			</trkpt>
			<trkpt lat="40.36388" lon="-1.06946">
				<ele>1070.81</ele>
				<time>2026-09-10T09:59:26.531Z</time>
			</trkpt>
			<trkpt lat="40.36396" lon="-1.06907">
				<ele>1073.27</ele>
				<time>2026-09-10T09:59:28.223Z</time>
			</trkpt>
			<trkpt lat="40.364" lon="-1.06862">
				<ele>1074.06</ele>
				<time>2026-09-10T09:59:30.117Z</time>
			</trkpt>
			<trkpt lat="40.36402" lon="-1.06801">
				<ele>1076.63</ele>
				<time>2026-09-10T09:59:32.661Z</time>
			</trkpt>
			<trkpt lat="40.36398" lon="-1.06749">
				<ele>1077.6</ele>
				<time>2026-09-10T09:59:34.831Z</time>
			</trkpt>
			<trkpt lat="40.36392" lon="-1.06703">
				<ele>1078.84</ele>
				<time>2026-09-10T09:59:36.763Z</time>
			</trkpt>
			<trkpt lat="40.36353" lon="-1.06534">
				<ele>1088.78</ele>
				<time>2026-09-10T09:59:44.024Z</time>
			</trkpt>
			<trkpt lat="40.36345" lon="-1.0648">
				<ele>1091.23</ele>
				<time>2026-09-10T09:59:46.270Z</time>
			</trkpt>
			<trkpt lat="40.36344" lon="-1.06418">
				<ele>1091.1</ele>
				<time>2026-09-10T09:59:48.793Z</time>
			</trkpt>
			<trkpt lat="40.36349" lon="-1.06362">
				<ele>1094.33</ele>
				<time>2026-09-10T09:59:51.079Z</time>
			</trkpt>
			<trkpt lat="40.36361" lon="-1.06301">
				<ele>1097.67</ele>
				<time>2026-09-10T09:59:53.624Z</time>
			</trkpt>
			<trkpt lat="40.36376" lon="-1.06253">
				<ele>1099.72</ele>
				<time>2026-09-10T09:59:55.713Z</time>
			</trkpt>
			<trkpt lat="40.36396" lon="-1.06209">
				<ele>1103.26</ele>
				<time>2026-09-10T09:59:57.770Z</time>
			</trkpt>
			<trkpt lat="40.36458" lon="-1.06101">
				<ele>1109.67</ele>
				<time>2026-09-10T10:00:03.168Z</time>
			</trkpt>
			<trkpt lat="40.36496" lon="-1.06055">
				<ele>1110.68</ele>
				<time>2026-09-10T10:00:05.860Z</time>
			</trkpt>
			<trkpt lat="40.36534" lon="-1.06025">
				<ele>1114.01</ele>
				<time>2026-09-10T10:00:08.161Z</time>
			</trkpt>
			<trkpt lat="40.36618" lon="-1.0598">
				<ele>1115.2</ele>
				<time>2026-09-10T10:00:12.844Z</time>
			</trkpt>
			<trkpt lat="40.36691" lon="-1.05935">
				<ele>1115.81</ele>
				<time>2026-09-10T10:00:16.981Z</time>
			</trkpt>
			<trkpt lat="40.36744" lon="-1.05889">
				<ele>1115.57</ele>
				<time>2026-09-10T10:00:20.222Z</time>
			</trkpt>
			<trkpt lat="40.36791" lon="-1.05842">
				<ele>1111.88</ele>
				<time>2026-09-10T10:00:23.222Z</time>
			</trkpt>
			<trkpt lat="40.37071" lon="-1.05498">
				<ele>1102.89</ele>
				<time>2026-09-10T10:00:42.379Z</time>
			</trkpt>
			<trkpt lat="40.37232" lon="-1.05266">
				<ele>1096.88</ele>
				<time>2026-09-10T10:00:54.055Z</time>
			</trkpt>
			<trkpt lat="40.37322" lon="-1.05163">
				<ele>1096.82</ele>
				<time>2026-09-10T10:00:59.813Z</time>
			</trkpt>
			<trkpt lat="40.37391" lon="-1.05109">
				<ele>1100.65</ele>
				<time>2026-09-10T10:01:03.660Z</time>
			</trkpt>
			<trkpt lat="40.37419" lon="-1.05078">
				<ele>1098.14</ele>
				<time>2026-09-10T10:01:05.407Z</time>
			</trkpt>
			<trkpt lat="40.37439" lon="-1.05051">
				<ele>1098.71</ele>
				<time>2026-09-10T10:01:06.773Z</time>
			</trkpt>
			<trkpt lat="40.37448" lon="-1.05036">
				<ele>1099.46</ele>
				<time>2026-09-10T10:01:07.464Z</time>
			</trkpt>
			<trkpt lat="40.37545" lon="-1.04858">
				<ele>1107.98</ele>
				<time>2026-09-10T10:01:15.338Z</time>
			</trkpt>
			<trkpt lat="40.37571" lon="-1.04803">
				<ele>1111.69</ele>
				<time>2026-09-10T10:01:17.650Z</time>
			</trkpt>
			<trkpt lat="40.37586" lon="-1.04755">
				<ele>1114.05</ele>
				<time>2026-09-10T10:01:19.498Z</time>
			</trkpt>
			<trkpt lat="40.37593" lon="-1.04722">
				<ele>1116.08</ele>
				<time>2026-09-10T10:01:20.715Z</time>
			</trkpt>
			<trkpt lat="40.37599" lon="-1.04652">
				<ele>1121.3</ele>
				<time>2026-09-10T10:01:23.212Z</time>
			</trkpt>
			<trkpt lat="40.37605" lon="-1.04521">
				<ele>1126.01</ele>
				<time>2026-09-10T10:01:27.841Z</time>
			</trkpt>
			<trkpt lat="40.37607" lon="-1.04492">
				<ele>1126.85</ele>
				<time>2026-09-10T10:01:28.864Z</time>
			</trkpt>
			<trkpt lat="40.37612" lon="-1.04464">
				<ele>1128.27</ele>
				<time>2026-09-10T10:01:29.872Z</time>
			</trkpt>
			<trkpt lat="40.37619" lon="-1.04437">
				<ele>1129.36</ele>
				<time>2026-09-10T10:01:30.871Z</time>
			</trkpt>
			<trkpt lat="40.37632" lon="-1.04399">
				<ele>1131.06</ele>
				<time>2026-09-10T10:01:32.328Z</time>
			</trkpt>
			<trkpt lat="40.37652" lon="-1.04358">
				<ele>1136.25</ele>
				<time>2026-09-10T10:01:34.027Z</time>
			</trkpt>
			<trkpt lat="40.37665" lon="-1.04339">
				<ele>1139.39</ele>
				<time>2026-09-10T10:01:34.917Z</time>
			</trkpt>
			<trkpt lat="40.37683" lon="-1.04316">
				<ele>1143.48</ele>
				<time>2026-09-10T10:01:36.064Z</time>
			</trkpt>
			<trkpt lat="40.37704" lon="-1.04295">
				<ele>1148.66</ele>
				<time>2026-09-10T10:01:37.267Z</time>
			</trkpt>
			<trkpt lat="40.37727" lon="-1.04278">
				<ele>1152.38</ele>
				<time>2026-09-10T10:01:38.468Z</time>
			</trkpt>
			<trkpt lat="40.37752" lon="-1.04263">
				<ele>1154.83</ele>
				<time>2026-09-10T10:01:39.717Z</time>
			</trkpt>
			<trkpt lat="40.37776" lon="-1.04254">
				<ele>1157</ele>
				<time>2026-09-10T10:01:40.849Z</time>
			</trkpt>
			<trkpt lat="40.37794" lon="-1.04249">
				<ele>1157.49</ele>
				<time>2026-09-10T10:01:41.683Z</time>
			</trkpt>
			<trkpt lat="40.37818" lon="-1.04245">
				<ele>1158.1</ele>
				<time>2026-09-10T10:01:42.777Z</time>
			</trkpt>
			<trkpt lat="40.37897" lon="-1.0424">
				<ele>1164.19</ele>
				<time>2026-09-10T10:01:46.344Z</time>
			</trkpt>
			<trkpt lat="40.37919" lon="-1.04236">
				<ele>1165.97</ele>
				<time>2026-09-10T10:01:47.343Z</time>
			</trkpt>
			<trkpt lat="40.37942" lon="-1.0423">
				<ele>1168.78</ele>
				<time>2026-09-10T10:01:48.396Z</time>
			</trkpt>
			<trkpt lat="40.37972" lon="-1.04216">
				<ele>1171.61</ele>
				<time>2026-09-10T10:01:49.823Z</time>
			</trkpt>
			<trkpt lat="40.3799" lon="-1.04205">
				<ele>1173.74</ele>
				<time>2026-09-10T10:01:50.711Z</time>
			</trkpt>
			<trkpt lat="40.38074" lon="-1.04143">
				<ele>1181.33</ele>
				<time>2026-09-10T10:01:55.009Z</time>
			</trkpt>
			<trkpt lat="40.38114" lon="-1.04121">
				<ele>1186.09</ele>
				<time>2026-09-10T10:01:56.936Z</time>
			</trkpt>
			<trkpt lat="40.38134" lon="-1.04115">
				<ele>1187.75</ele>
				<time>2026-09-10T10:01:57.845Z</time>
			</trkpt>
			<trkpt lat="40.38157" lon="-1.04111">
				<ele>1189.29</ele>
				<time>2026-09-10T10:01:58.873Z</time>
			</trkpt>
			<trkpt lat="40.3818" lon="-1.0411">
				<ele>1190.86</ele>
				<time>2026-09-10T10:01:59.890Z</time>
			</trkpt>
			<trkpt lat="40.38328" lon="-1.04117">
				<ele>1201.66</ele>
				<time>2026-09-10T10:02:06.407Z</time>
			</trkpt>
			<trkpt lat="40.38363" lon="-1.04116">
				<ele>1205.51</ele>
				<time>2026-09-10T10:02:07.940Z</time>
			</trkpt>
			<trkpt lat="40.38402" lon="-1.04113">
				<ele>1210.1</ele>
				<time>2026-09-10T10:02:09.647Z</time>
			</trkpt>
			<trkpt lat="40.38472" lon="-1.04098">
				<ele>1215.01</ele>
				<time>2026-09-10T10:02:12.736Z</time>
			</trkpt>
			<trkpt lat="40.3852" lon="-1.0408">
				<ele>1216.89</ele>
				<time>2026-09-10T10:02:14.903Z</time>
			</trkpt>
			<trkpt lat="40.38588" lon="-1.04043">
				<ele>1220.82</ele>
				<time>2026-09-10T10:02:18.088Z</time>
			</trkpt>
			<trkpt lat="40.38617" lon="-1.04023">
				<ele>1225.62</ele>
				<time>2026-09-10T10:02:19.502Z</time>
			</trkpt>
			<trkpt lat="40.38662" lon="-1.03984">
				<ele>1236.24</ele>
				<time>2026-09-10T10:02:21.823Z</time>
			</trkpt>
			<trkpt lat="40.38696" lon="-1.0395">
				<ele>1239.83</ele>
				<time>2026-09-10T10:02:23.658Z</time>
			</trkpt>
			<trkpt lat="40.38736" lon="-1.03905">
				<ele>1243.8</ele>
				<time>2026-09-10T10:02:25.915Z</time>
			</trkpt>
			<trkpt lat="40.38845" lon="-1.03774">
				<ele>1256.82</ele>
				<time>2026-09-10T10:02:32.213Z</time>
			</trkpt>
			<trkpt lat="40.38884" lon="-1.03724">
				<ele>1262.41</ele>
				<time>2026-09-10T10:02:34.525Z</time>
			</trkpt>
			<trkpt lat="40.38912" lon="-1.03682">
				<ele>1265.45</ele>
				<time>2026-09-10T10:02:36.324Z</time>
			</trkpt>
			<trkpt lat="40.3894" lon="-1.03635">
				<ele>1268.34</ele>
				<time>2026-09-10T10:02:38.243Z</time>
			</trkpt>
			<trkpt lat="40.38963" lon="-1.03587">
				<ele>1269.38</ele>
				<time>2026-09-10T10:02:40.063Z</time>
			</trkpt>
			<trkpt lat="40.38981" lon="-1.03542">
				<ele>1271.04</ele>
				<time>2026-09-10T10:02:41.690Z</time>
			</trkpt>
			<trkpt lat="40.39" lon="-1.03488">
				<ele>1273</ele>
				<time>2026-09-10T10:02:43.592Z</time>
			</trkpt>
			<trkpt lat="40.39042" lon="-1.0334">
				<ele>1271.97</ele>
				<time>2026-09-10T10:02:48.622Z</time>
			</trkpt>
			<trkpt lat="40.39062" lon="-1.03292">
				<ele>1273.5</ele>
				<time>2026-09-10T10:02:50.358Z</time>
			</trkpt>
			<trkpt lat="40.39077" lon="-1.03264">
				<ele>1274.63</ele>
				<time>2026-09-10T10:02:51.442Z</time>
			</trkpt>
			<trkpt lat="40.391" lon="-1.03227">
				<ele>1275.31</ele>
				<time>2026-09-10T10:02:52.954Z</time>
			</trkpt>
			<trkpt lat="40.3915" lon="-1.03158">
				<ele>1275.03</ele>
				<time>2026-09-10T10:02:55.960Z</time>
			</trkpt>
			<trkpt lat="40.39219" lon="-1.03057">
				<ele>1275.18</ele>
				<time>2026-09-10T10:03:00.227Z</time>
			</trkpt>
			<trkpt lat="40.39276" lon="-1.02966">
				<ele>1271.33</ele>
				<time>2026-09-10T10:03:03.918Z</time>
			</trkpt>
			<trkpt lat="40.39462" lon="-1.02629">
				<ele>1268</ele>
				<time>2026-09-10T10:03:16.854Z</time>
			</trkpt>
			<trkpt lat="40.3957" lon="-1.0243">
				<ele>1258.53</ele>
				<time>2026-09-10T10:03:24.381Z</time>
			</trkpt>
			<trkpt lat="40.39627" lon="-1.02316">
				<ele>1258.52</ele>
				<time>2026-09-10T10:03:28.562Z</time>
			</trkpt>
			<trkpt lat="40.39898" lon="-1.01712">
				<ele>1258.73</ele>
				<time>2026-09-10T10:03:49.853Z</time>
			</trkpt>
			<trkpt lat="40.39909" lon="-1.0168">
				<ele>1260.41</ele>
				<time>2026-09-10T10:03:50.912Z</time>
			</trkpt>
			<trkpt lat="40.3992" lon="-1.01636">
				<ele>1261.96</ele>
				<time>2026-09-10T10:03:52.307Z</time>
			</trkpt>
			<trkpt lat="40.39926" lon="-1.01592">
				<ele>1262.08</ele>
				<time>2026-09-10T10:03:53.653Z</time>
			</trkpt>
			<trkpt lat="40.39927" lon="-1.01546">
				<ele>1266.57</ele>
				<time>2026-09-10T10:03:55.037Z</time>
			</trkpt>
			<trkpt lat="40.39923" lon="-1.01492">
				<ele>1272.35</ele>
				<time>2026-09-10T10:03:56.668Z</time>
			</trkpt>
			<trkpt lat="40.39912" lon="-1.01436">
				<ele>1274.95</ele>
				<time>2026-09-10T10:03:58.405Z</time>
			</trkpt>
			<trkpt lat="40.39889" lon="-1.01365">
				<ele>1272.14</ele>
				<time>2026-09-10T10:04:00.719Z</time>
			</trkpt>
			<trkpt lat="40.39789" lon="-1.01121">
				<ele>1273.14</ele>
				<time>2026-09-10T10:04:09.011Z</time>
			</trkpt>
			<trkpt lat="40.39737" lon="-1.01001">
				<ele>1278.12</ele>
				<time>2026-09-10T10:04:13.132Z</time>
			</trkpt>
			<trkpt lat="40.39684" lon="-1.00867">
				<ele>1280.46</ele>
				<time>2026-09-10T10:04:17.632Z</time>
			</trkpt>
			<trkpt lat="40.39611" lon="-1.00698">
				<ele>1282.91</ele>
				<time>2026-09-10T10:04:23.412Z</time>
			</trkpt>
			<trkpt lat="40.39425" lon="-1.00253">
				<ele>1291.09</ele>
				<time>2026-09-10T10:04:38.477Z</time>
			</trkpt>
			<trkpt lat="40.39404" lon="-1.00193">
				<ele>1288.9</ele>
				<time>2026-09-10T10:04:40.434Z</time>
			</trkpt>
			<trkpt lat="40.39378" lon="-1.00098">
				<ele>1290.92</ele>
				<time>2026-09-10T10:04:43.426Z</time>
			</trkpt>
			<trkpt lat="40.39359" lon="-0.99987">
				<ele>1295.21</ele>
				<time>2026-09-10T10:04:46.796Z</time>
			</trkpt>
			<trkpt lat="40.39351" lon="-0.99914">
				<ele>1298.13</ele>
				<time>2026-09-10T10:04:48.981Z</time>
			</trkpt>
			<trkpt lat="40.39349" lon="-0.99797">
				<ele>1298.51</ele>
				<time>2026-09-10T10:04:52.448Z</time>
			</trkpt>
			<trkpt lat="40.39351" lon="-0.9974">
				<ele>1297.72</ele>
				<time>2026-09-10T10:04:54.138Z</time>
			</trkpt>
			<trkpt lat="40.39359" lon="-0.99672">
				<ele>1295.54</ele>
				<time>2026-09-10T10:04:56.177Z</time>
			</trkpt>
			<trkpt lat="40.39372" lon="-0.99589">
				<ele>1294.47</ele>
				<time>2026-09-10T10:04:58.688Z</time>
			</trkpt>
			<trkpt lat="40.39387" lon="-0.99524">
				<ele>1293.78</ele>
				<time>2026-09-10T10:05:00.701Z</time>
			</trkpt>
			<trkpt lat="40.39406" lon="-0.99455">
				<ele>1291.21</ele>
				<time>2026-09-10T10:05:02.876Z</time>
			</trkpt>
			<trkpt lat="40.39423" lon="-0.99408">
				<ele>1287.26</ele>
				<time>2026-09-10T10:05:04.419Z</time>
			</trkpt>
			<trkpt lat="40.39463" lon="-0.99318">
				<ele>1282.77</ele>
				<time>2026-09-10T10:05:07.510Z</time>
			</trkpt>
			<trkpt lat="40.39511" lon="-0.99233">
				<ele>1284.89</ele>
				<time>2026-09-10T10:05:10.651Z</time>
			</trkpt>
			<trkpt lat="40.39569" lon="-0.99146">
				<ele>1280.72</ele>
				<time>2026-09-10T10:05:14.085Z</time>
			</trkpt>
			<trkpt lat="40.39614" lon="-0.99084">
				<ele>1279.39</ele>
				<time>2026-09-10T10:05:16.631Z</time>
			</trkpt>
			<trkpt lat="40.39645" lon="-0.9903">
				<ele>1279.57</ele>
				<time>2026-09-10T10:05:18.642Z</time>
			</trkpt>
			<trkpt lat="40.39663" lon="-0.98994">
				<ele>1276.16</ele>
				<time>2026-09-10T10:05:19.923Z</time>
			</trkpt>
			<trkpt lat="40.39689" lon="-0.98924">
				<ele>1273.35</ele>
				<time>2026-09-10T10:05:22.242Z</time>
			</trkpt>
			<trkpt lat="40.39707" lon="-0.98852">
				<ele>1274.57</ele>
				<time>2026-09-10T10:05:24.500Z</time>
			</trkpt>
			<trkpt lat="40.39714" lon="-0.98808">
				<ele>1272.53</ele>
				<time>2026-09-10T10:05:25.840Z</time>
			</trkpt>
			<trkpt lat="40.39728" lon="-0.9865">
				<ele>1269.91</ele>
				<time>2026-09-10T10:05:30.588Z</time>
			</trkpt>
			<trkpt lat="40.39763" lon="-0.98188">
				<ele>1290.51</ele>
				<time>2026-09-10T10:05:44.504Z</time>
			</trkpt>
			<trkpt lat="40.39772" lon="-0.98125">
				<ele>1290.68</ele>
				<time>2026-09-10T10:05:46.433Z</time>
			</trkpt>
			<trkpt lat="40.39791" lon="-0.98026">
				<ele>1292.9</ele>
				<time>2026-09-10T10:05:49.510Z</time>
			</trkpt>
			<trkpt lat="40.39809" lon="-0.97953">
				<ele>1292</ele>
				<time>2026-09-10T10:05:51.826Z</time>
			</trkpt>
			<trkpt lat="40.39842" lon="-0.9785">
				<ele>1288.52</ele>
				<time>2026-09-10T10:05:55.205Z</time>
			</trkpt>
			<trkpt lat="40.3997" lon="-0.97493">
				<ele>1295.1</ele>
				<time>2026-09-10T10:06:07.198Z</time>
			</trkpt>
			<trkpt lat="40.40006" lon="-0.97402">
				<ele>1298.52</ele>
				<time>2026-09-10T10:06:10.332Z</time>
			</trkpt>
			<trkpt lat="40.4004" lon="-0.97323">
				<ele>1295.75</ele>
				<time>2026-09-10T10:06:13.111Z</time>
			</trkpt>
			<trkpt lat="40.40087" lon="-0.97225">
				<ele>1288.28</ele>
				<time>2026-09-10T10:06:16.668Z</time>
			</trkpt>
			<trkpt lat="40.40107" lon="-0.9718">
				<ele>1289.12</ele>
				<time>2026-09-10T10:06:18.271Z</time>
			</trkpt>
			<trkpt lat="40.40118" lon="-0.97148">
				<ele>1289.56</ele>
				<time>2026-09-10T10:06:19.353Z</time>
			</trkpt>
			<trkpt lat="40.4014" lon="-0.9708">
				<ele>1290.25</ele>
				<time>2026-09-10T10:06:21.632Z</time>
			</trkpt>
			<trkpt lat="40.40169" lon="-0.97003">
				<ele>1293.41</ele>
				<time>2026-09-10T10:06:24.288Z</time>
			</trkpt>
			<trkpt lat="40.40181" lon="-0.96975">
				<ele>1293.74</ele>
				<time>2026-09-10T10:06:25.283Z</time>
			</trkpt>
			<trkpt lat="40.40205" lon="-0.96929">
				<ele>1296.94</ele>
				<time>2026-09-10T10:06:27.011Z</time>
			</trkpt>
			<trkpt lat="40.4025" lon="-0.96854">
				<ele>1304.31</ele>
				<time>2026-09-10T10:06:29.978Z</time>
			</trkpt>
			<trkpt lat="40.40395" lon="-0.9663">
				<ele>1328.11</ele>
				<time>2026-09-10T10:06:39.164Z</time>
			</trkpt>
			<trkpt lat="40.40411" lon="-0.96609">
				<ele>1329.86</ele>
				<time>2026-09-10T10:06:40.097Z</time>
			</trkpt>
			<trkpt lat="40.4043" lon="-0.96589">
				<ele>1331.32</ele>
				<time>2026-09-10T10:06:41.102Z</time>
			</trkpt>
			<trkpt lat="40.40468" lon="-0.96556">
				<ele>1334.79</ele>
				<time>2026-09-10T10:06:42.985Z</time>
			</trkpt>
			<trkpt lat="40.40502" lon="-0.96523">
				<ele>1339.09</ele>
				<time>2026-09-10T10:06:44.736Z</time>
			</trkpt>
			<trkpt lat="40.40549" lon="-0.96485">
				<ele>1343.12</ele>
				<time>2026-09-10T10:06:47.026Z</time>
			</trkpt>
			<trkpt lat="40.40571" lon="-0.96455">
				<ele>1347.15</ele>
				<time>2026-09-10T10:06:48.345Z</time>
			</trkpt>
			<trkpt lat="40.40579" lon="-0.96439">
				<ele>1348.35</ele>
				<time>2026-09-10T10:06:48.951Z</time>
			</trkpt>
			<trkpt lat="40.40588" lon="-0.96413">
				<ele>1350.09</ele>
				<time>2026-09-10T10:06:49.857Z</time>
			</trkpt>
			<trkpt lat="40.40597" lon="-0.96361">
				<ele>1354.03</ele>
				<time>2026-09-10T10:06:51.551Z</time>
			</trkpt>
			<trkpt lat="40.40606" lon="-0.96328">
				<ele>1355.41</ele>
				<time>2026-09-10T10:06:52.666Z</time>
			</trkpt>
			<trkpt lat="40.40626" lon="-0.96288">
				<ele>1357.72</ele>
				<time>2026-09-10T10:06:54.190Z</time>
			</trkpt>
			<trkpt lat="40.40651" lon="-0.96253">
				<ele>1360.42</ele>
				<time>2026-09-10T10:06:55.721Z</time>
			</trkpt>
			<trkpt lat="40.40663" lon="-0.96233">
				<ele>1360.36</ele>
				<time>2026-09-10T10:06:56.534Z</time>
			</trkpt>
			<trkpt lat="40.4067" lon="-0.96214">
				<ele>1361.02</ele>
				<time>2026-09-10T10:06:57.209Z</time>
			</trkpt>
			<trkpt lat="40.40677" lon="-0.96192">
				<ele>1362.34</ele>
				<time>2026-09-10T10:06:57.972Z</time>
			</trkpt>
			<trkpt lat="40.4068" lon="-0.96171">
				<ele>1363.73</ele>
				<time>2026-09-10T10:06:58.656Z</time>
			</trkpt>
			<trkpt lat="40.40682" lon="-0.96141">
				<ele>1367.3</ele>
				<time>2026-09-10T10:06:59.621Z</time>
			</trkpt>
			<trkpt lat="40.40676" lon="-0.96083">
				<ele>1371.99</ele>
				<time>2026-09-10T10:07:01.500Z</time>
			</trkpt>
			<trkpt lat="40.40675" lon="-0.96055">
				<ele>1374.07</ele>
				<time>2026-09-10T10:07:02.401Z</time>
			</trkpt>
			<trkpt lat="40.40677" lon="-0.96031">
				<ele>1375.64</ele>
				<time>2026-09-10T10:07:03.178Z</time>
			</trkpt>
			<trkpt lat="40.40685" lon="-0.95995">
				<ele>1378.19</ele>
				<time>2026-09-10T10:07:04.387Z</time>
			</trkpt>
			<trkpt lat="40.40697" lon="-0.95965">
				<ele>1378.65</ele>
				<time>2026-09-10T10:07:05.480Z</time>
			</trkpt>
			<trkpt lat="40.40702" lon="-0.95955">
				<ele>1379.96</ele>
				<time>2026-09-10T10:07:05.866Z</time>
			</trkpt>
			<trkpt lat="40.40719" lon="-0.95932">
				<ele>1380.23</ele>
				<time>2026-09-10T10:07:06.902Z</time>
			</trkpt>
			<trkpt lat="40.4075" lon="-0.95899">
				<ele>1385.33</ele>
				<time>2026-09-10T10:07:08.598Z</time>
			</trkpt>
			<trkpt lat="40.40761" lon="-0.95885">
				<ele>1388.08</ele>
				<time>2026-09-10T10:07:09.250Z</time>
			</trkpt>
			<trkpt lat="40.4077" lon="-0.95869">
				<ele>1389.72</ele>
				<time>2026-09-10T10:07:09.895Z</time>
			</trkpt>
			<trkpt lat="40.4078" lon="-0.95841">
				<ele>1391.74</ele>
				<time>2026-09-10T10:07:10.899Z</time>
			</trkpt>
			<trkpt lat="40.40784" lon="-0.9582">
				<ele>1394</ele>
				<time>2026-09-10T10:07:11.603Z</time>
			</trkpt>
			<trkpt lat="40.40793" lon="-0.95739">
				<ele>1397.64</ele>
				<time>2026-09-10T10:07:14.268Z</time>
			</trkpt>
			<trkpt lat="40.40802" lon="-0.95709">
				<ele>1399.58</ele>
				<time>2026-09-10T10:07:15.321Z</time>
			</trkpt>
			<trkpt lat="40.40814" lon="-0.95678">
				<ele>1402.49</ele>
				<time>2026-09-10T10:07:16.457Z</time>
			</trkpt>
			<trkpt lat="40.40821" lon="-0.95651">
				<ele>1404.81</ele>
				<time>2026-09-10T10:07:17.390Z</time>
			</trkpt>
			<trkpt lat="40.4083" lon="-0.95571">
				<ele>1407.88</ele>
				<time>2026-09-10T10:07:20.042Z</time>
			</trkpt>
			<trkpt lat="40.40833" lon="-0.95558">
				<ele>1407.92</ele>
				<time>2026-09-10T10:07:20.488Z</time>
			</trkpt>
			<trkpt lat="40.40844" lon="-0.95522">
				<ele>1412</ele>
				<time>2026-09-10T10:07:21.764Z</time>
			</trkpt>
			<trkpt lat="40.40863" lon="-0.95474">
				<ele>1417.37</ele>
				<time>2026-09-10T10:07:23.546Z</time>
			</trkpt>
			<trkpt lat="40.40866" lon="-0.95464">
				<ele>1418.93</ele>
				<time>2026-09-10T10:07:23.901Z</time>
			</trkpt>
			<trkpt lat="40.40869" lon="-0.95441">
				<ele>1421.63</ele>
				<time>2026-09-10T10:07:24.671Z</time>
			</trkpt>
			<trkpt lat="40.40866" lon="-0.95408">
				<ele>1423.3</ele>
				<time>2026-09-10T10:07:25.770Z</time>
			</trkpt>
			<trkpt lat="40.40859" lon="-0.95383">
				<ele>1422.95</ele>
				<time>2026-09-10T10:07:26.651Z</time>
			</trkpt>
			<trkpt lat="40.40853" lon="-0.95372">
				<ele>1424.08</ele>
				<time>2026-09-10T10:07:27.099Z</time>
			</trkpt>
			<trkpt lat="40.40843" lon="-0.95359">
				<ele>1423.93</ele>
				<time>2026-09-10T10:07:27.712Z</time>
			</trkpt>
			<trkpt lat="40.40836" lon="-0.95352">
				<ele>1423.92</ele>
				<time>2026-09-10T10:07:28.095Z</time>
			</trkpt>
			<trkpt lat="40.40782" lon="-0.95308">
				<ele>1426.88</ele>
				<time>2026-09-10T10:07:30.868Z</time>
			</trkpt>
			<trkpt lat="40.40766" lon="-0.9529">
				<ele>1430.14</ele>
				<time>2026-09-10T10:07:31.790Z</time>
			</trkpt>
			<trkpt lat="40.40755" lon="-0.95271">
				<ele>1431.56</ele>
				<time>2026-09-10T10:07:32.586Z</time>
			</trkpt>
			<trkpt lat="40.40747" lon="-0.95253">
				<ele>1432.83</ele>
				<time>2026-09-10T10:07:33.281Z</time>
			</trkpt>
			<trkpt lat="40.40737" lon="-0.95221">
				<ele>1435.25</ele>
				<time>2026-09-10T10:07:34.437Z</time>
			</trkpt>
			<trkpt lat="40.40733" lon="-0.95188">
				<ele>1435.5</ele>
				<time>2026-09-10T10:07:35.555Z</time>
			</trkpt>
			<trkpt lat="40.40733" lon="-0.9516">
				<ele>1435.27</ele>
				<time>2026-09-10T10:07:36.494Z</time>
			</trkpt>
			<trkpt lat="40.40736" lon="-0.95132">
				<ele>1435.94</ele>
				<time>2026-09-10T10:07:37.442Z</time>
			</trkpt>
			<trkpt lat="40.4074" lon="-0.95114">
				<ele>1436.03</ele>
				<time>2026-09-10T10:07:38.072Z</time>
			</trkpt>
			<trkpt lat="40.40755" lon="-0.95063">
				<ele>1440.19</ele>
				<time>2026-09-10T10:07:39.911Z</time>
			</trkpt>
			<trkpt lat="40.40765" lon="-0.95025">
				<ele>1444.14</ele>
				<time>2026-09-10T10:07:41.266Z</time>
			</trkpt>
			<trkpt lat="40.40767" lon="-0.94998">
				<ele>1447.79</ele>
				<time>2026-09-10T10:07:42.182Z</time>
			</trkpt>
			<trkpt lat="40.40768" lon="-0.94976">
				<ele>1449.39</ele>
				<time>2026-09-10T10:07:42.927Z</time>
			</trkpt>
			<trkpt lat="40.40765" lon="-0.94934">
				<ele>1450.81</ele>
				<time>2026-09-10T10:07:44.354Z</time>
			</trkpt>
			<trkpt lat="40.40752" lon="-0.94823">
				<ele>1456.94</ele>
				<time>2026-09-10T10:07:48.168Z</time>
			</trkpt>
			<trkpt lat="40.4075" lon="-0.94745">
				<ele>1457.21</ele>
				<time>2026-09-10T10:07:50.830Z</time>
			</trkpt>
			<trkpt lat="40.40758" lon="-0.9467">
				<ele>1463.99</ele>
				<time>2026-09-10T10:07:53.422Z</time>
			</trkpt>
			<trkpt lat="40.40771" lon="-0.94628">
				<ele>1469.55</ele>
				<time>2026-09-10T10:07:54.978Z</time>
			</trkpt>
			<trkpt lat="40.40785" lon="-0.94594">
				<ele>1472.03</ele>
				<time>2026-09-10T10:07:56.307Z</time>
			</trkpt>
			<trkpt lat="40.40811" lon="-0.94555">
				<ele>1476.02</ele>
				<time>2026-09-10T10:07:58.093Z</time>
			</trkpt>
			<trkpt lat="40.40843" lon="-0.94515">
				<ele>1480.07</ele>
				<time>2026-09-10T10:08:00.098Z</time>
			</trkpt>
			<trkpt lat="40.40917" lon="-0.94434">
				<ele>1485.77</ele>
				<time>2026-09-10T10:08:04.488Z</time>
			</trkpt>
			<trkpt lat="40.40966" lon="-0.94398">
				<ele>1491.58</ele>
				<time>2026-09-10T10:08:07.059Z</time>
			</trkpt>
			<trkpt lat="40.41077" lon="-0.94338">
				<ele>1501.59</ele>
				<time>2026-09-10T10:08:12.587Z</time>
			</trkpt>
			<trkpt lat="40.41109" lon="-0.94315">
				<ele>1504.18</ele>
				<time>2026-09-10T10:08:14.275Z</time>
			</trkpt>
			<trkpt lat="40.41134" lon="-0.94294">
				<ele>1507.29</ele>
				<time>2026-09-10T10:08:15.651Z</time>
			</trkpt>
			<trkpt lat="40.41226" lon="-0.94191">
				<ele>1516.42</ele>
				<time>2026-09-10T10:08:21.286Z</time>
			</trkpt>
			<trkpt lat="40.41254" lon="-0.94176">
				<ele>1517.18</ele>
				<time>2026-09-10T10:08:22.703Z</time>
			</trkpt>
			<trkpt lat="40.41276" lon="-0.94172">
				<ele>1516.91</ele>
				<time>2026-09-10T10:08:23.745Z</time>
			</trkpt>
			<trkpt lat="40.413" lon="-0.94174">
				<ele>1517.09</ele>
				<time>2026-09-10T10:08:24.875Z</time>
			</trkpt>
			<trkpt lat="40.41323" lon="-0.94186">
				<ele>1516.87</ele>
				<time>2026-09-10T10:08:26.040Z</time>
			</trkpt>
			<trkpt lat="40.41354" lon="-0.94205">
				<ele>1520.91</ele>
				<time>2026-09-10T10:08:27.653Z</time>
			</trkpt>
			<trkpt lat="40.41417" lon="-0.94256">
				<ele>1531.79</ele>
				<time>2026-09-10T10:08:31.157Z</time>
			</trkpt>
			<trkpt lat="40.41442" lon="-0.94272">
				<ele>1534.63</ele>
				<time>2026-09-10T10:08:32.478Z</time>
			</trkpt>
			<trkpt lat="40.41463" lon="-0.94277">
				<ele>1535.82</ele>
				<time>2026-09-10T10:08:33.494Z</time>
			</trkpt>
			<trkpt lat="40.41487" lon="-0.94281">
				<ele>1538.02</ele>
				<time>2026-09-10T10:08:34.646Z</time>
			</trkpt>
			<trkpt lat="40.41517" lon="-0.94281">
				<ele>1540.46</ele>
				<time>2026-09-10T10:08:36.079Z</time>
			</trkpt>
			<trkpt lat="40.41539" lon="-0.94273">
				<ele>1541.71</ele>
				<time>2026-09-10T10:08:37.171Z</time>
			</trkpt>
			<trkpt lat="40.41561" lon="-0.94262">
				<ele>1543.8</ele>
				<time>2026-09-10T10:08:38.299Z</time>
			</trkpt>
			<trkpt lat="40.41636" lon="-0.94201">
				<ele>1549.22</ele>
				<time>2026-09-10T10:08:42.541Z</time>
			</trkpt>
			<trkpt lat="40.41661" lon="-0.94184">
				<ele>1550.98</ele>
				<time>2026-09-10T10:08:43.901Z</time>
			</trkpt>
			<trkpt lat="40.41676" lon="-0.94179">
				<ele>1552.2</ele>
				<time>2026-09-10T10:08:44.649Z</time>
			</trkpt>
			<trkpt lat="40.41697" lon="-0.94176">
				<ele>1553.46</ele>
				<time>2026-09-10T10:08:45.672Z</time>
			</trkpt>
			<trkpt lat="40.41736" lon="-0.94178">
				<ele>1556.37</ele>
				<time>2026-09-10T10:08:47.566Z</time>
			</trkpt>
			<trkpt lat="40.41756" lon="-0.94184">
				<ele>1559.25</ele>
				<time>2026-09-10T10:08:48.564Z</time>
			</trkpt>
			<trkpt lat="40.41779" lon="-0.94195">
				<ele>1563.22</ele>
				<time>2026-09-10T10:08:49.756Z</time>
			</trkpt>
			<trkpt lat="40.41833" lon="-0.94229">
				<ele>1571.41</ele>
				<time>2026-09-10T10:08:52.682Z</time>
			</trkpt>
			<trkpt lat="40.41856" lon="-0.94236">
				<ele>1574.06</ele>
				<time>2026-09-10T10:08:53.839Z</time>
			</trkpt>
			<trkpt lat="40.41886" lon="-0.94237">
				<ele>1574.91</ele>
				<time>2026-09-10T10:08:55.312Z</time>
			</trkpt>
			<trkpt lat="40.41911" lon="-0.94234">
				<ele>1574.03</ele>
				<time>2026-09-10T10:08:56.547Z</time>
			</trkpt>
			<trkpt lat="40.41943" lon="-0.94219">
				<ele>1575.53</ele>
				<time>2026-09-10T10:08:58.222Z</time>
			</trkpt>
			<trkpt lat="40.41973" lon="-0.94197">
				<ele>1580.47</ele>
				<time>2026-09-10T10:08:59.920Z</time>
			</trkpt>
			<trkpt lat="40.41995" lon="-0.94174">
				<ele>1582.84</ele>
				<time>2026-09-10T10:09:01.313Z</time>
			</trkpt>
			<trkpt lat="40.42009" lon="-0.94149">
				<ele>1583.19</ele>
				<time>2026-09-10T10:09:02.486Z</time>
			</trkpt>
			<trkpt lat="40.42029" lon="-0.94102">
				<ele>1585.08</ele>
				<time>2026-09-10T10:09:04.525Z</time>
			</trkpt>
			<trkpt lat="40.42043" lon="-0.94075">
				<ele>1586.48</ele>
				<time>2026-09-10T10:09:05.765Z</time>
			</trkpt>
			<trkpt lat="40.42061" lon="-0.94048">
				<ele>1588.96</ele>
				<time>2026-09-10T10:09:07.130Z</time>
			</trkpt>
			<trkpt lat="40.42086" lon="-0.94021">
				<ele>1592.06</ele>
				<time>2026-09-10T10:09:08.750Z</time>
			</trkpt>
			<trkpt lat="40.42108" lon="-0.94007">
				<ele>1593.01</ele>
				<time>2026-09-10T10:09:09.977Z</time>
			</trkpt>
			<trkpt lat="40.42128" lon="-0.93999">
				<ele>1593.69</ele>
				<time>2026-09-10T10:09:11.028Z</time>
			</trkpt>
			<trkpt lat="40.42189" lon="-0.93979">
				<ele>1599.03</ele>
				<time>2026-09-10T10:09:14.197Z</time>
			</trkpt>
			<trkpt lat="40.42214" lon="-0.93965">
				<ele>1600.61</ele>
				<time>2026-09-10T10:09:15.572Z</time>
			</trkpt>
			<trkpt lat="40.42245" lon="-0.9394">
				<ele>1597.1</ele>
				<time>2026-09-10T10:09:17.416Z</time>
			</trkpt>
			<trkpt lat="40.42268" lon="-0.93913">
				<ele>1593.63</ele>
				<time>2026-09-10T10:09:18.984Z</time>
			</trkpt>
			<trkpt lat="40.42298" lon="-0.93887">
				<ele>1594.53</ele>
				<time>2026-09-10T10:09:20.816Z</time>
			</trkpt>
			<trkpt lat="40.42379" lon="-0.93835">
				<ele>1594.46</ele>
				<time>2026-09-10T10:09:25.432Z</time>
			</trkpt>
			<trkpt lat="40.42403" lon="-0.9381">
				<ele>1595</ele>
				<time>2026-09-10T10:09:27.007Z</time>
			</trkpt>
			<trkpt lat="40.42418" lon="-0.93788">
				<ele>1592.98</ele>
				<time>2026-09-10T10:09:28.166Z</time>
			</trkpt>
			<trkpt lat="40.4243" lon="-0.93764">
				<ele>1590.46</ele>
				<time>2026-09-10T10:09:29.294Z</time>
			</trkpt>
			<trkpt lat="40.42449" lon="-0.93718">
				<ele>1587.16</ele>
				<time>2026-09-10T10:09:31.356Z</time>
			</trkpt>
			<trkpt lat="40.42473" lon="-0.9367">
				<ele>1584.09</ele>
				<time>2026-09-10T10:09:33.625Z</time>
			</trkpt>
			<trkpt lat="40.42498" lon="-0.93629">
				<ele>1583.01</ele>
				<time>2026-09-10T10:09:35.708Z</time>
			</trkpt>
			<trkpt lat="40.42519" lon="-0.9358">
				<ele>1583.24</ele>
				<time>2026-09-10T10:09:37.945Z</time>
			</trkpt>
			<trkpt lat="40.42544" lon="-0.93511">
				<ele>1582.54</ele>
				<time>2026-09-10T10:09:40.996Z</time>
			</trkpt>
			<trkpt lat="40.42558" lon="-0.93485">
				<ele>1581.46</ele>
				<time>2026-09-10T10:09:42.272Z</time>
			</trkpt>
			<trkpt lat="40.42577" lon="-0.93462">
				<ele>1579.91</ele>
				<time>2026-09-10T10:09:43.634Z</time>
			</trkpt>
			<trkpt lat="40.42605" lon="-0.93441">
				<ele>1580.46</ele>
				<time>2026-09-10T10:09:45.337Z</time>
			</trkpt>
			<trkpt lat="40.42633" lon="-0.93428">
				<ele>1580.24</ele>
				<time>2026-09-10T10:09:46.910Z</time>
			</trkpt>
			<trkpt lat="40.42659" lon="-0.93425">
				<ele>1578.55</ele>
				<time>2026-09-10T10:09:48.296Z</time>
			</trkpt>
			<trkpt lat="40.42684" lon="-0.93428">
				<ele>1577.1</ele>
				<time>2026-09-10T10:09:49.631Z</time>
			</trkpt>
			<trkpt lat="40.42722" lon="-0.9344">
				<ele>1578.9</ele>
				<time>2026-09-10T10:09:51.715Z</time>
			</trkpt>
			<trkpt lat="40.42759" lon="-0.93448">
				<ele>1578.02</ele>
				<time>2026-09-10T10:09:53.721Z</time>
			</trkpt>
			<trkpt lat="40.42796" lon="-0.9345">
				<ele>1576.67</ele>
				<time>2026-09-10T10:09:55.707Z</time>
			</trkpt>
			<trkpt lat="40.42846" lon="-0.93451">
				<ele>1575.99</ele>
				<time>2026-09-10T10:09:58.399Z</time>
			</trkpt>
			<trkpt lat="40.4288" lon="-0.93455">
				<ele>1576.94</ele>
				<time>2026-09-10T10:10:00.243Z</time>
			</trkpt>
			<trkpt lat="40.42905" lon="-0.93455">
				<ele>1574.58</ele>
				<time>2026-09-10T10:10:01.596Z</time>
			</trkpt>
			<trkpt lat="40.4294" lon="-0.93443">
				<ele>1570.57</ele>
				<time>2026-09-10T10:10:03.559Z</time>
			</trkpt>
			<trkpt lat="40.42969" lon="-0.93421">
				<ele>1568.23</ele>
				<time>2026-09-10T10:10:05.381Z</time>
			</trkpt>
			<trkpt lat="40.42984" lon="-0.93398">
				<ele>1566.52</ele>
				<time>2026-09-10T10:10:06.639Z</time>
			</trkpt>
			<trkpt lat="40.42994" lon="-0.93374">
				<ele>1565.2</ele>
				<time>2026-09-10T10:10:07.777Z</time>
			</trkpt>
			<trkpt lat="40.43015" lon="-0.9328">
				<ele>1560.14</ele>
				<time>2026-09-10T10:10:11.867Z</time>
			</trkpt>
			<trkpt lat="40.43028" lon="-0.93246">
				<ele>1563.24</ele>
				<time>2026-09-10T10:10:13.462Z</time>
			</trkpt>
			<trkpt lat="40.43043" lon="-0.93218">
				<ele>1563.59</ele>
				<time>2026-09-10T10:10:14.900Z</time>
			</trkpt>
			<trkpt lat="40.4306" lon="-0.93196">
				<ele>1562.7</ele>
				<time>2026-09-10T10:10:16.220Z</time>
			</trkpt>
			<trkpt lat="40.43138" lon="-0.93125">
				<ele>1558.08</ele>
				<time>2026-09-10T10:10:21.494Z</time>
			</trkpt>
			<trkpt lat="40.43159" lon="-0.931">
				<ele>1558.95</ele>
				<time>2026-09-10T10:10:23.077Z</time>
			</trkpt>
			<trkpt lat="40.43179" lon="-0.93068">
				<ele>1559.66</ele>
				<time>2026-09-10T10:10:24.841Z</time>
			</trkpt>
			<trkpt lat="40.43221" lon="-0.92973">
				<ele>1558.89</ele>
				<time>2026-09-10T10:10:29.545Z</time>
			</trkpt>
			<trkpt lat="40.43242" lon="-0.92935">
				<ele>1557.55</ele>
				<time>2026-09-10T10:10:31.566Z</time>
			</trkpt>
			<trkpt lat="40.43262" lon="-0.92907">
				<ele>1557.11</ele>
				<time>2026-09-10T10:10:33.223Z</time>
			</trkpt>
			<trkpt lat="40.43287" lon="-0.92878">
				<ele>1556.52</ele>
				<time>2026-09-10T10:10:35.118Z</time>
			</trkpt>
			<trkpt lat="40.43327" lon="-0.92843">
				<ele>1555.43</ele>
				<time>2026-09-10T10:10:37.858Z</time>
			</trkpt>
			<trkpt lat="40.43365" lon="-0.92817">
				<ele>1555.28</ele>
				<time>2026-09-10T10:10:40.310Z</time>
			</trkpt>
			<trkpt lat="40.43455" lon="-0.92783">
				<ele>1551.28</ele>
				<time>2026-09-10T10:10:45.700Z</time>
			</trkpt>
			<trkpt lat="40.43485" lon="-0.92766">
				<ele>1552.31</ele>
				<time>2026-09-10T10:10:47.590Z</time>
			</trkpt>
			<trkpt lat="40.43514" lon="-0.92741">
				<ele>1552</ele>
				<time>2026-09-10T10:10:49.602Z</time>
			</trkpt>
			<trkpt lat="40.43535" lon="-0.92715">
				<ele>1550.32</ele>
				<time>2026-09-10T10:10:51.281Z</time>
			</trkpt>
			<trkpt lat="40.43549" lon="-0.92691">
				<ele>1550.1</ele>
				<time>2026-09-10T10:10:52.622Z</time>
			</trkpt>
			<trkpt lat="40.43568" lon="-0.92653">
				<ele>1551.97</ele>
				<time>2026-09-10T10:10:54.645Z</time>
			</trkpt>
			<trkpt lat="40.4359" lon="-0.92612">
				<ele>1554.74</ele>
				<time>2026-09-10T10:10:56.883Z</time>
			</trkpt>
			<trkpt lat="40.4366" lon="-0.92511">
				<ele>1553.92</ele>
				<time>2026-09-10T10:11:03.013Z</time>
			</trkpt>
			<trkpt lat="40.43695" lon="-0.92445">
				<ele>1561.23</ele>
				<time>2026-09-10T10:11:06.648Z</time>
			</trkpt>
			<trkpt lat="40.43741" lon="-0.92322">
				<ele>1568.58</ele>
				<time>2026-09-10T10:11:12.885Z</time>
			</trkpt>
			<trkpt lat="40.43749" lon="-0.92305">
				<ele>1566.91</ele>
				<time>2026-09-10T10:11:13.799Z</time>
			</trkpt>
			<trkpt lat="40.43796" lon="-0.92227">
				<ele>1569.91</ele>
				<time>2026-09-10T10:11:18.367Z</time>
			</trkpt>
			<trkpt lat="40.43808" lon="-0.92198">
				<ele>1569.92</ele>
				<time>2026-09-10T10:11:19.889Z</time>
			</trkpt>
			<trkpt lat="40.43819" lon="-0.9215">
				<ele>1570.69</ele>
				<time>2026-09-10T10:11:22.206Z</time>
			</trkpt>
			<trkpt lat="40.43832" lon="-0.92084">
				<ele>1567.76</ele>
				<time>2026-09-10T10:11:25.370Z</time>
			</trkpt>
			<trkpt lat="40.43837" lon="-0.92063">
				<ele>1566.99</ele>
				<time>2026-09-10T10:11:26.395Z</time>
			</trkpt>
			<trkpt lat="40.43845" lon="-0.92043">
				<ele>1567.49</ele>
				<time>2026-09-10T10:11:27.448Z</time>
			</trkpt>
			<trkpt lat="40.43883" lon="-0.9197">
				<ele>1573.08</ele>
				<time>2026-09-10T10:11:31.585Z</time>
			</trkpt>
			<trkpt lat="40.43889" lon="-0.91951">
				<ele>1573.21</ele>
				<time>2026-09-10T10:11:32.551Z</time>
			</trkpt>
			<trkpt lat="40.43895" lon="-0.91926">
				<ele>1572.09</ele>
				<time>2026-09-10T10:11:33.783Z</time>
			</trkpt>
			<trkpt lat="40.439" lon="-0.91884">
				<ele>1571.67</ele>
				<time>2026-09-10T10:11:35.787Z</time>
			</trkpt>
			<trkpt lat="40.43904" lon="-0.91816">
				<ele>1570.68</ele>
				<time>2026-09-10T10:11:39.012Z</time>
			</trkpt>
			<trkpt lat="40.43909" lon="-0.91776">
				<ele>1568.4</ele>
				<time>2026-09-10T10:11:40.936Z</time>
			</trkpt>
			<trkpt lat="40.43915" lon="-0.91746">
				<ele>1565.26</ele>
				<time>2026-09-10T10:11:42.412Z</time>
			</trkpt>
			<trkpt lat="40.43941" lon="-0.9167">
				<ele>1559.73</ele>
				<time>2026-09-10T10:11:46.390Z</time>
			</trkpt>
			<trkpt lat="40.43946" lon="-0.91644">
				<ele>1559.38</ele>
				<time>2026-09-10T10:11:47.675Z</time>
			</trkpt>
			<trkpt lat="40.43948" lon="-0.91618">
				<ele>1560.08</ele>
				<time>2026-09-10T10:11:48.930Z</time>
			</trkpt>
			<trkpt lat="40.43947" lon="-0.91592">
				<ele>1560.85</ele>
				<time>2026-09-10T10:11:50.182Z</time>
			</trkpt>
			<trkpt lat="40.4394" lon="-0.91564">
				<ele>1562.67</ele>
				<time>2026-09-10T10:11:51.601Z</time>
			</trkpt>
			<trkpt lat="40.43927" lon="-0.91533">
				<ele>1564.3</ele>
				<time>2026-09-10T10:11:53.310Z</time>
			</trkpt>
			<trkpt lat="40.43897" lon="-0.91494">
				<ele>1564.57</ele>
				<time>2026-09-10T10:11:55.995Z</time>
			</trkpt>
			<trkpt lat="40.43883" lon="-0.91474">
				<ele>1565.27</ele>
				<time>2026-09-10T10:11:57.314Z</time>
			</trkpt>
			<trkpt lat="40.43872" lon="-0.9145">
				<ele>1567.3</ele>
				<time>2026-09-10T10:11:58.677Z</time>
			</trkpt>
			<trkpt lat="40.43865" lon="-0.9142">
				<ele>1568.99</ele>
				<time>2026-09-10T10:12:00.206Z</time>
			</trkpt>
			<trkpt lat="40.43861" lon="-0.91381">
				<ele>1569.07</ele>
				<time>2026-09-10T10:12:02.129Z</time>
			</trkpt>
			<trkpt lat="40.43861" lon="-0.91311">
				<ele>1568.05</ele>
				<time>2026-09-10T10:12:05.560Z</time>
			</trkpt>
			<trkpt lat="40.43852" lon="-0.91269">
				<ele>1567.81</ele>
				<time>2026-09-10T10:12:07.708Z</time>
			</trkpt>
			<trkpt lat="40.43834" lon="-0.9123">
				<ele>1568.84</ele>
				<time>2026-09-10T10:12:09.959Z</time>
			</trkpt>
			<trkpt lat="40.43779" lon="-0.91136">
				<ele>1569</ele>
				<time>2026-09-10T10:12:15.842Z</time>
			</trkpt>
			<trkpt lat="40.43768" lon="-0.91112">
				<ele>1569.34</ele>
				<time>2026-09-10T10:12:17.239Z</time>
			</trkpt>
			<trkpt lat="40.43751" lon="-0.91068">
				<ele>1568.43</ele>
				<time>2026-09-10T10:12:19.706Z</time>
			</trkpt>
			<trkpt lat="40.43627" lon="-0.90701">
				<ele>1558.81</ele>
				<time>2026-09-10T10:12:40.082Z</time>
			</trkpt>
			<trkpt lat="40.43542" lon="-0.90492">
				<ele>1551.32</ele>
				<time>2026-09-10T10:12:52.365Z</time>
			</trkpt>
			<trkpt lat="40.43534" lon="-0.90467">
				<ele>1550.89</ele>
				<time>2026-09-10T10:12:53.783Z</time>
			</trkpt>
			<trkpt lat="40.43531" lon="-0.90441">
				<ele>1550.1</ele>
				<time>2026-09-10T10:12:55.161Z</time>
			</trkpt>
			<trkpt lat="40.43531" lon="-0.90409">
				<ele>1548.33</ele>
				<time>2026-09-10T10:12:56.840Z</time>
			</trkpt>
			<trkpt lat="40.43535" lon="-0.90383">
				<ele>1546.68</ele>
				<time>2026-09-10T10:12:58.235Z</time>
			</trkpt>
			<trkpt lat="40.43541" lon="-0.90363">
				<ele>1546.56</ele>
				<time>2026-09-10T10:12:59.368Z</time>
			</trkpt>
			<trkpt lat="40.43552" lon="-0.90336">
				<ele>1546.6</ele>
				<time>2026-09-10T10:13:00.983Z</time>
			</trkpt>
			<trkpt lat="40.43561" lon="-0.9031">
				<ele>1546.28</ele>
				<time>2026-09-10T10:13:02.494Z</time>
			</trkpt>
			<trkpt lat="40.43568" lon="-0.90278">
				<ele>1544.17</ele>
				<time>2026-09-10T10:13:04.258Z</time>
			</trkpt>
			<trkpt lat="40.43571" lon="-0.90246">
				<ele>1542.58</ele>
				<time>2026-09-10T10:13:05.969Z</time>
			</trkpt>
			<trkpt lat="40.43571" lon="-0.90218">
				<ele>1541.79</ele>
				<time>2026-09-10T10:13:07.459Z</time>
			</trkpt>
			<trkpt lat="40.43568" lon="-0.9019">
				<ele>1540.4</ele>
				<time>2026-09-10T10:13:08.966Z</time>
			</trkpt>
			<trkpt lat="40.43549" lon="-0.90103">
				<ele>1538.47</ele>
				<time>2026-09-10T10:13:13.810Z</time>
			</trkpt>
			<trkpt lat="40.43546" lon="-0.90081">
				<ele>1538.15</ele>
				<time>2026-09-10T10:13:15.011Z</time>
			</trkpt>
			<trkpt lat="40.43546" lon="-0.90039">
				<ele>1536.01</ele>
				<time>2026-09-10T10:13:17.272Z</time>
			</trkpt>
			<trkpt lat="40.4355" lon="-0.90004">
				<ele>1531.89</ele>
				<time>2026-09-10T10:13:19.182Z</time>
			</trkpt>
			<trkpt lat="40.43572" lon="-0.89927">
				<ele>1527.77</ele>
				<time>2026-09-10T10:13:23.638Z</time>
			</trkpt>
			<trkpt lat="40.43597" lon="-0.89845">
				<ele>1522.46</ele>
				<time>2026-09-10T10:13:28.452Z</time>
			</trkpt>
			<trkpt lat="40.43608" lon="-0.89822">
				<ele>1521.7</ele>
				<time>2026-09-10T10:13:29.938Z</time>
			</trkpt>
			<trkpt lat="40.43617" lon="-0.89808">
				<ele>1520.65</ele>
				<time>2026-09-10T10:13:30.942Z</time>
			</trkpt>
			<trkpt lat="40.43657" lon="-0.89765">
				<ele>1519.85</ele>
				<time>2026-09-10T10:13:34.674Z</time>
			</trkpt>
			<trkpt lat="40.43722" lon="-0.89705">
				<ele>1514.35</ele>
				<time>2026-09-10T10:13:40.442Z</time>
			</trkpt>
			<trkpt lat="40.43784" lon="-0.89635">
				<ele>1509.62</ele>
				<time>2026-09-10T10:13:46.420Z</time>
			</trkpt>
			<trkpt lat="40.43807" lon="-0.89623">
				<ele>1507.76</ele>
				<time>2026-09-10T10:13:48.239Z</time>
			</trkpt>
			<trkpt lat="40.4385" lon="-0.89617">
				<ele>1507.15</ele>
				<time>2026-09-10T10:13:51.425Z</time>
			</trkpt>
			<trkpt lat="40.43899" lon="-0.89605">
				<ele>1502.26</ele>
				<time>2026-09-10T10:13:55.114Z</time>
			</trkpt>
			<trkpt lat="40.43915" lon="-0.89597">
				<ele>1501.77</ele>
				<time>2026-09-10T10:13:56.385Z</time>
			</trkpt>
			<trkpt lat="40.4393" lon="-0.89585">
				<ele>1501.68</ele>
				<time>2026-09-10T10:13:57.690Z</time>
			</trkpt>
			<trkpt lat="40.43952" lon="-0.89546">
				<ele>1501.42</ele>
				<time>2026-09-10T10:14:00.443Z</time>
			</trkpt>
			<trkpt lat="40.43965" lon="-0.89504">
				<ele>1500.21</ele>
				<time>2026-09-10T10:14:03.022Z</time>
			</trkpt>
			<trkpt lat="40.43967" lon="-0.8946">
				<ele>1495.88</ele>
				<time>2026-09-10T10:14:05.538Z</time>
			</trkpt>
			<trkpt lat="40.43965" lon="-0.89412">
				<ele>1491.72</ele>
				<time>2026-09-10T10:14:08.289Z</time>
			</trkpt>
			<trkpt lat="40.43959" lon="-0.89377">
				<ele>1489.43</ele>
				<time>2026-09-10T10:14:10.348Z</time>
			</trkpt>
			<trkpt lat="40.43954" lon="-0.89319">
				<ele>1487.83</ele>
				<time>2026-09-10T10:14:13.710Z</time>
			</trkpt>
			<trkpt lat="40.43953" lon="-0.89286">
				<ele>1486.75</ele>
				<time>2026-09-10T10:14:15.617Z</time>
			</trkpt>
			<trkpt lat="40.43959" lon="-0.89246">
				<ele>1484.41</ele>
				<time>2026-09-10T10:14:17.978Z</time>
			</trkpt>
			<trkpt lat="40.43973" lon="-0.89211">
				<ele>1479.78</ele>
				<time>2026-09-10T10:14:20.274Z</time>
			</trkpt>
			<trkpt lat="40.44061" lon="-0.89103">
				<ele>1461.27</ele>
				<time>2026-09-10T10:14:29.521Z</time>
			</trkpt>
			<trkpt lat="40.4409" lon="-0.89038">
				<ele>1456.74</ele>
				<time>2026-09-10T10:14:33.959Z</time>
			</trkpt>
			<trkpt lat="40.44107" lon="-0.88986">
				<ele>1453.92</ele>
				<time>2026-09-10T10:14:37.308Z</time>
			</trkpt>
			<trkpt lat="40.44112" lon="-0.88956">
				<ele>1454.3</ele>
				<time>2026-09-10T10:14:39.130Z</time>
			</trkpt>
			<trkpt lat="40.44112" lon="-0.88905">
				<ele>1454.78</ele>
				<time>2026-09-10T10:14:42.165Z</time>
			</trkpt>
			<trkpt lat="40.44103" lon="-0.88857">
				<ele>1455.34</ele>
				<time>2026-09-10T10:14:45.117Z</time>
			</trkpt>
			<trkpt lat="40.44092" lon="-0.88806">
				<ele>1455.51</ele>
				<time>2026-09-10T10:14:48.293Z</time>
			</trkpt>
			<trkpt lat="40.44088" lon="-0.88769">
				<ele>1456.65</ele>
				<time>2026-09-10T10:14:50.539Z</time>
			</trkpt>
			<trkpt lat="40.44089" lon="-0.88734">
				<ele>1457</ele>
				<time>2026-09-10T10:14:52.649Z</time>
			</trkpt>
			<trkpt lat="40.44096" lon="-0.88698">
				<ele>1458.16</ele>
				<time>2026-09-10T10:14:54.893Z</time>
			</trkpt>
			<trkpt lat="40.44112" lon="-0.88655">
				<ele>1451.53</ele>
				<time>2026-09-10T10:14:57.792Z</time>
			</trkpt>
			<trkpt lat="40.44132" lon="-0.88631">
				<ele>1447.65</ele>
				<time>2026-09-10T10:14:59.953Z</time>
			</trkpt>
			<trkpt lat="40.44166" lon="-0.88599">
				<ele>1449</ele>
				<time>2026-09-10T10:15:03.301Z</time>
			</trkpt>
			<trkpt lat="40.44184" lon="-0.88565">
				<ele>1447.13</ele>
				<time>2026-09-10T10:15:05.832Z</time>
			</trkpt>
			<trkpt lat="40.44192" lon="-0.88534">
				<ele>1443.64</ele>
				<time>2026-09-10T10:15:07.837Z</time>
			</trkpt>
			<trkpt lat="40.44198" lon="-0.885">
				<ele>1437.86</ele>
				<time>2026-09-10T10:15:09.980Z</time>
			</trkpt>
			<trkpt lat="40.442" lon="-0.88454">
				<ele>1427.19</ele>
				<time>2026-09-10T10:15:12.818Z</time>
			</trkpt>
			<trkpt lat="40.44197" lon="-0.88417">
				<ele>1425.13</ele>
				<time>2026-09-10T10:15:15.115Z</time>
			</trkpt>
			<trkpt lat="40.44192" lon="-0.88383">
				<ele>1423.18</ele>
				<time>2026-09-10T10:15:17.259Z</time>
			</trkpt>
			<trkpt lat="40.44179" lon="-0.88346">
				<ele>1421.01</ele>
				<time>2026-09-10T10:15:19.787Z</time>
			</trkpt>
			<trkpt lat="40.4416" lon="-0.88327">
				<ele>1419.73</ele>
				<time>2026-09-10T10:15:21.739Z</time>
			</trkpt>
			<trkpt lat="40.44146" lon="-0.88315">
				<ele>1421.25</ele>
				<time>2026-09-10T10:15:23.108Z</time>
			</trkpt>
			<trkpt lat="40.44046" lon="-0.88259">
				<ele>1413.39</ele>
				<time>2026-09-10T10:15:32.058Z</time>
			</trkpt>
			<trkpt lat="40.43986" lon="-0.88237">
				<ele>1405.22</ele>
				<time>2026-09-10T10:15:37.225Z</time>
			</trkpt>
			<trkpt lat="40.43959" lon="-0.88219">
				<ele>1403.49</ele>
				<time>2026-09-10T10:15:39.747Z</time>
			</trkpt>
			<trkpt lat="40.43918" lon="-0.88178">
				<ele>1399.62</ele>
				<time>2026-09-10T10:15:44.055Z</time>
			</trkpt>
			<trkpt lat="40.43889" lon="-0.88131">
				<ele>1399.77</ele>
				<time>2026-09-10T10:15:47.921Z</time>
			</trkpt>
			<trkpt lat="40.43879" lon="-0.88096">
				<ele>1398.05</ele>
				<time>2026-09-10T10:15:50.318Z</time>
			</trkpt>
			<trkpt lat="40.43874" lon="-0.88057">
				<ele>1397.21</ele>
				<time>2026-09-10T10:15:52.860Z</time>
			</trkpt>
			<trkpt lat="40.43873" lon="-0.88033">
				<ele>1395.78</ele>
				<time>2026-09-10T10:15:54.408Z</time>
			</trkpt>
			<trkpt lat="40.43877" lon="-0.8794">
				<ele>1393.74</ele>
				<time>2026-09-10T10:16:00.432Z</time>
			</trkpt>
			<trkpt lat="40.43876" lon="-0.87916">
				<ele>1392.87</ele>
				<time>2026-09-10T10:16:01.992Z</time>
			</trkpt>
			<trkpt lat="40.43873" lon="-0.87882">
				<ele>1390.61</ele>
				<time>2026-09-10T10:16:04.219Z</time>
			</trkpt>
			<trkpt lat="40.43864" lon="-0.87843">
				<ele>1386.92</ele>
				<time>2026-09-10T10:16:06.876Z</time>
			</trkpt>
			<trkpt lat="40.43825" lon="-0.87738">
				<ele>1382.25</ele>
				<time>2026-09-10T10:16:14.536Z</time>
			</trkpt>
			<trkpt lat="40.43816" lon="-0.87703">
				<ele>1382.71</ele>
				<time>2026-09-10T10:16:16.970Z</time>
			</trkpt>
			<trkpt lat="40.43813" lon="-0.87666">
				<ele>1384.58</ele>
				<time>2026-09-10T10:16:19.428Z</time>
			</trkpt>
			<trkpt lat="40.43815" lon="-0.87597">
				<ele>1382.88</ele>
				<time>2026-09-10T10:16:24.006Z</time>
			</trkpt>
			<trkpt lat="40.43813" lon="-0.87546">
				<ele>1380.76</ele>
				<time>2026-09-10T10:16:27.405Z</time>
			</trkpt>
			<trkpt lat="40.43809" lon="-0.87513">
				<ele>1380.25</ele>
				<time>2026-09-10T10:16:29.636Z</time>
			</trkpt>
			<trkpt lat="40.43795" lon="-0.87465">
				<ele>1379.36</ele>
				<time>2026-09-10T10:16:33.077Z</time>
			</trkpt>
			<trkpt lat="40.43751" lon="-0.87362">
				<ele>1377.01</ele>
				<time>2026-09-10T10:16:41.029Z</time>
			</trkpt>
			<trkpt lat="40.43728" lon="-0.873">
				<ele>1376.34</ele>
				<time>2026-09-10T10:16:45.701Z</time>
			</trkpt>
			<trkpt lat="40.43674" lon="-0.87146">
				<ele>1372.21</ele>
				<time>2026-09-10T10:16:57.279Z</time>
			</trkpt>
			<trkpt lat="40.43658" lon="-0.8708">
				<ele>1368.66</ele>
				<time>2026-09-10T10:17:02.047Z</time>
			</trkpt>
			<trkpt lat="40.43655" lon="-0.8705">
				<ele>1365.88</ele>
				<time>2026-09-10T10:17:04.137Z</time>
			</trkpt>
			<trkpt lat="40.43654" lon="-0.87021">
				<ele>1363.19</ele>
				<time>2026-09-10T10:17:06.145Z</time>
			</trkpt>
			<trkpt lat="40.43659" lon="-0.86975">
				<ele>1358.94</ele>
				<time>2026-09-10T10:17:09.369Z</time>
			</trkpt>
			<trkpt lat="40.4368" lon="-0.86865">
				<ele>1358.98</ele>
				<time>2026-09-10T10:17:17.278Z</time>
			</trkpt>
			<trkpt lat="40.43684" lon="-0.86832">
				<ele>1358.58</ele>
				<time>2026-09-10T10:17:19.620Z</time>
			</trkpt>
			<trkpt lat="40.43684" lon="-0.86767">
				<ele>1358</ele>
				<time>2026-09-10T10:17:24.190Z</time>
			</trkpt>
			<trkpt lat="40.43678" lon="-0.86677">
				<ele>1356.92</ele>
				<time>2026-09-10T10:17:30.575Z</time>
			</trkpt>
			<trkpt lat="40.43671" lon="-0.86613">
				<ele>1355.57</ele>
				<time>2026-09-10T10:17:35.168Z</time>
			</trkpt>
			<trkpt lat="40.43661" lon="-0.86564">
				<ele>1354.11</ele>
				<time>2026-09-10T10:17:38.786Z</time>
			</trkpt>
			<trkpt lat="40.43651" lon="-0.86528">
				<ele>1351.46</ele>
				<time>2026-09-10T10:17:41.527Z</time>
			</trkpt>
			<trkpt lat="40.43617" lon="-0.86441">
				<ele>1346.61</ele>
				<time>2026-09-10T10:17:48.553Z</time>
			</trkpt>
			<trkpt lat="40.43609" lon="-0.86412">
				<ele>1346.06</ele>
				<time>2026-09-10T10:17:50.779Z</time>
			</trkpt>
			<trkpt lat="40.43578" lon="-0.86252">
				<ele>1346.82</ele>
				<time>2026-09-10T10:18:02.769Z</time>
			</trkpt>
			<trkpt lat="40.43547" lon="-0.86135">
				<ele>1352.44</ele>
				<time>2026-09-10T10:18:11.853Z</time>
			</trkpt>
			<trkpt lat="40.43543" lon="-0.86109">
				<ele>1353.29</ele>
				<time>2026-09-10T10:18:13.807Z</time>
			</trkpt>
			<trkpt lat="40.43537" lon="-0.86048">
				<ele>1353.69</ele>
				<time>2026-09-10T10:18:18.352Z</time>
			</trkpt>
			<trkpt lat="40.43535" lon="-0.86">
				<ele>1353.73</ele>
				<time>2026-09-10T10:18:21.918Z</time>
			</trkpt>
			<trkpt lat="40.43536" lon="-0.85962">
				<ele>1355.37</ele>
				<time>2026-09-10T10:18:24.746Z</time>
			</trkpt>
			<trkpt lat="40.43545" lon="-0.85884">
				<ele>1361.83</ele>
				<time>2026-09-10T10:18:30.636Z</time>
			</trkpt>
			<trkpt lat="40.43544" lon="-0.85835">
				<ele>1363.17</ele>
				<time>2026-09-10T10:18:34.311Z</time>
			</trkpt>
			<trkpt lat="40.43546" lon="-0.85817">
				<ele>1363.02</ele>
				<time>2026-09-10T10:18:35.678Z</time>
			</trkpt>
			<trkpt lat="40.43551" lon="-0.85796">
				<ele>1363.53</ele>
				<time>2026-09-10T10:18:37.334Z</time>
			</trkpt>
			<trkpt lat="40.43576" lon="-0.85711">
				<ele>1362.19</ele>
				<time>2026-09-10T10:18:44.216Z</time>
			</trkpt>
			<trkpt lat="40.43595" lon="-0.85622">
				<ele>1360.55</ele>
				<time>2026-09-10T10:18:51.240Z</time>
			</trkpt>
			<trkpt lat="40.43606" lon="-0.85586">
				<ele>1358.51</ele>
				<time>2026-09-10T10:18:54.200Z</time>
			</trkpt>
			<trkpt lat="40.4361" lon="-0.85564">
				<ele>1357.39</ele>
				<time>2026-09-10T10:18:55.929Z</time>
			</trkpt>
			<trkpt lat="40.4361" lon="-0.8555">
				<ele>1356.73</ele>
				<time>2026-09-10T10:18:57.001Z</time>
			</trkpt>
			<trkpt lat="40.4361" lon="-0.85484">
				<ele>1357.52</ele>
				<time>2026-09-10T10:19:02.067Z</time>
			</trkpt>
			<trkpt lat="40.43607" lon="-0.85399">
				<ele>1357.49</ele>
				<time>2026-09-10T10:19:08.630Z</time>
			</trkpt>
			<trkpt lat="40.43609" lon="-0.8536">
				<ele>1357.7</ele>
				<time>2026-09-10T10:19:11.658Z</time>
			</trkpt>
			<trkpt lat="40.43606" lon="-0.85348">
				<ele>1356.93</ele>
				<time>2026-09-10T10:19:12.638Z</time>
			</trkpt>
			<trkpt lat="40.43605" lon="-0.85333">
				<ele>1356.43</ele>
				<time>2026-09-10T10:19:13.807Z</time>
			</trkpt>
			<trkpt lat="40.43611" lon="-0.85298">
				<ele>1356.72</ele>
				<time>2026-09-10T10:19:16.597Z</time>
			</trkpt>
			<trkpt lat="40.43609" lon="-0.85286">
				<ele>1356.33</ele>
				<time>2026-09-10T10:19:17.554Z</time>
			</trkpt>
			<trkpt lat="40.4361" lon="-0.85269">
				<ele>1354.93</ele>
				<time>2026-09-10T10:19:18.884Z</time>
			</trkpt>
			<trkpt lat="40.43614" lon="-0.85252">
				<ele>1353.94</ele>
				<time>2026-09-10T10:19:20.273Z</time>
			</trkpt>
			<trkpt lat="40.43614" lon="-0.85239">
				<ele>1353.26</ele>
				<time>2026-09-10T10:19:21.289Z</time>
			</trkpt>
			<trkpt lat="40.43517" lon="-0.85194">
				<ele>1347.61</ele>
				<time>2026-09-10T10:19:31.902Z</time>
			</trkpt>
			<trkpt lat="40.43529" lon="-0.85145">
				<ele>1346.91</ele>
				<time>2026-09-10T10:19:35.995Z</time>
			</trkpt>
			<trkpt lat="40.43558" lon="-0.85061">
				<ele>1344.83</ele>
				<time>2026-09-10T10:19:47.769Z</time>
			</trkpt>
			<trkpt lat="40.43562" lon="-0.85024">
				<ele>1346.51</ele>
				<time>2026-09-10T10:19:53.706Z</time>
			</trkpt>
			<trkpt lat="40.43553" lon="-0.84992">
				<ele>1347.27</ele>
				<time>2026-09-10T10:19:59.101Z</time>
			</trkpt>
			<trkpt lat="40.43549" lon="-0.84982">
				<ele>1347.5</ele>
				<time>2026-09-10T10:20:00.817Z</time>
			</trkpt>
			<trkpt lat="40.43537" lon="-0.84973">
				<ele>1347.33</ele>
				<time>2026-09-10T10:20:03.450Z</time>
			</trkpt>
			<trkpt lat="40.43508" lon="-0.84937">
				<ele>1348.08</ele>
				<time>2026-09-10T10:20:10.794Z</time>
			</trkpt>
			<trkpt lat="40.43461" lon="-0.84871">
				<ele>1346.4</ele>
				<time>2026-09-10T10:20:23.460Z</time>
			</trkpt>
			<trkpt lat="40.43434" lon="-0.84828">
				<ele>1346.07</ele>
				<time>2026-09-10T10:20:31.334Z</time>
			</trkpt>
			<trkpt lat="40.43418" lon="-0.84789">
				<ele>1348.19</ele>
				<time>2026-09-10T10:20:38.234Z</time>
			</trkpt>
			<trkpt lat="40.43407" lon="-0.84752">
				<ele>1349.94</ele>
				<time>2026-09-10T10:20:44.475Z</time>
			</trkpt>
			<trkpt lat="40.43397" lon="-0.84732">
				<ele>1350.21</ele>
				<time>2026-09-10T10:20:47.966Z</time>
			</trkpt>
			<trkpt lat="40.43371" lon="-0.8471">
				<ele>1351.39</ele>
				<time>2026-09-10T10:20:52.945Z</time>
			</trkpt>
			<trkpt lat="40.43359" lon="-0.84697">
				<ele>1352.06</ele>
				<time>2026-09-10T10:20:54.813Z</time>
			</trkpt>
			<trkpt lat="40.43331" lon="-0.84658">
				<ele>1351.6</ele>
				<time>2026-09-10T10:20:59.170Z</time>
			</trkpt>
			<trkpt lat="40.43322" lon="-0.84649">
				<ele>1350.95</ele>
				<time>2026-09-10T10:21:00.369Z</time>
			</trkpt>
			<trkpt lat="40.43312" lon="-0.84644">
				<ele>1350.4</ele>
				<time>2026-09-10T10:21:01.500Z</time>
			</trkpt>
			<trkpt lat="40.43285" lon="-0.84642">
				<ele>1350.08</ele>
				<time>2026-09-10T10:21:04.342Z</time>
			</trkpt>
			<trkpt lat="40.43275" lon="-0.84639">
				<ele>1350.04</ele>
				<time>2026-09-10T10:21:05.414Z</time>
			</trkpt>
			<trkpt lat="40.43218" lon="-0.84604">
				<ele>1350.89</ele>
				<time>2026-09-10T10:21:11.924Z</time>
			</trkpt>
			<trkpt lat="40.43202" lon="-0.84589">
				<ele>1350.9</ele>
				<time>2026-09-10T10:21:13.933Z</time>
			</trkpt>
			<trkpt lat="40.43185" lon="-0.84559">
				<ele>1352.55</ele>
				<time>2026-09-10T10:21:16.824Z</time>
			</trkpt>
			<trkpt lat="40.43145" lon="-0.84496">
				<ele>1352.61</ele>
				<time>2026-09-10T10:21:23.082Z</time>
			</trkpt>
			<trkpt lat="40.43121" lon="-0.84448">
				<ele>1354.51</ele>
				<time>2026-09-10T10:21:27.396Z</time>
			</trkpt>
			<trkpt lat="40.43088" lon="-0.84394">
				<ele>1355.03</ele>
				<time>2026-09-10T10:21:32.526Z</time>
			</trkpt>
			<trkpt lat="40.42987" lon="-0.84299">
				<ele>1358.74</ele>
				<time>2026-09-10T10:21:44.304Z</time>
			</trkpt>
			<trkpt lat="40.42962" lon="-0.8426">
				<ele>1361.21</ele>
				<time>2026-09-10T10:21:47.896Z</time>
			</trkpt>
			<trkpt lat="40.42928" lon="-0.8412">
				<ele>1364.4</ele>
				<time>2026-09-10T10:21:58.018Z</time>
			</trkpt>
			<trkpt lat="40.4291" lon="-0.8409">
				<ele>1363.38</ele>
				<time>2026-09-10T10:22:00.594Z</time>
			</trkpt>
			<trkpt lat="40.4282" lon="-0.84038">
				<ele>1361.18</ele>
				<time>2026-09-10T10:22:09.137Z</time>
			</trkpt>
			<trkpt lat="40.42794" lon="-0.83936">
				<ele>1364.85</ele>
				<time>2026-09-10T10:22:16.058Z</time>
			</trkpt>
			<trkpt lat="40.42769" lon="-0.83737">
				<ele>1370.29</ele>
				<time>2026-09-10T10:22:28.570Z</time>
			</trkpt>
			<trkpt lat="40.42775" lon="-0.83561">
				<ele>1370.7</ele>
				<time>2026-09-10T10:22:39.017Z</time>
			</trkpt>
			<trkpt lat="40.42769" lon="-0.8347">
				<ele>1372.93</ele>
				<time>2026-09-10T10:22:44.260Z</time>
			</trkpt>
			<trkpt lat="40.42734" lon="-0.8321">
				<ele>1378.59</ele>
				<time>2026-09-10T10:22:58.771Z</time>
			</trkpt>
			<trkpt lat="40.42719" lon="-0.83054">
				<ele>1375.89</ele>
				<time>2026-09-10T10:23:06.969Z</time>
			</trkpt>
			<trkpt lat="40.42689" lon="-0.82909">
				<ele>1378.9</ele>
				<time>2026-09-10T10:23:14.505Z</time>
			</trkpt>
			<trkpt lat="40.42661" lon="-0.8274">
				<ele>1380.93</ele>
				<time>2026-09-10T10:23:22.828Z</time>
			</trkpt>
			<trkpt lat="40.42648" lon="-0.82648">
				<ele>1384.4</ele>
				<time>2026-09-10T10:23:27.178Z</time>
			</trkpt>
			<trkpt lat="40.42626" lon="-0.82445">
				<ele>1384.15</ele>
				<time>2026-09-10T10:23:36.345Z</time>
			</trkpt>
			<trkpt lat="40.42618" lon="-0.82334">
				<ele>1382.04</ele>
				<time>2026-09-10T10:23:41.126Z</time>
			</trkpt>
			<trkpt lat="40.42605" lon="-0.81887">
				<ele>1376.31</ele>
				<time>2026-09-10T10:23:58.930Z</time>
			</trkpt>
			<trkpt lat="40.42603" lon="-0.81873">
				<ele>1375.91</ele>
				<time>2026-09-10T10:23:59.462Z</time>
			</trkpt>
			<trkpt lat="40.42593" lon="-0.81838">
				<ele>1376.21</ele>
				<time>2026-09-10T10:24:00.849Z</time>
			</trkpt>
			<trkpt lat="40.42564" lon="-0.81774">
				<ele>1376.9</ele>
				<time>2026-09-10T10:24:03.570Z</time>
			</trkpt>
			<trkpt lat="40.42465" lon="-0.8163">
				<ele>1379.48</ele>
				<time>2026-09-10T10:24:10.401Z</time>
			</trkpt>
			<trkpt lat="40.42448" lon="-0.81602">
				<ele>1380.05</ele>
				<time>2026-09-10T10:24:11.623Z</time>
			</trkpt>
			<trkpt lat="40.42435" lon="-0.81574">
				<ele>1380.9</ele>
				<time>2026-09-10T10:24:12.731Z</time>
			</trkpt>
			<trkpt lat="40.42423" lon="-0.81542">
				<ele>1383</ele>
				<time>2026-09-10T10:24:13.924Z</time>
			</trkpt>
			<trkpt lat="40.42392" lon="-0.81443">
				<ele>1386.98</ele>
				<time>2026-09-10T10:24:17.435Z</time>
			</trkpt>
			<trkpt lat="40.42366" lon="-0.81281">
				<ele>1395.01</ele>
				<time>2026-09-10T10:24:22.662Z</time>
			</trkpt>
			<trkpt lat="40.42355" lon="-0.81244">
				<ele>1397.67</ele>
				<time>2026-09-10T10:24:23.881Z</time>
			</trkpt>
			<trkpt lat="40.42341" lon="-0.81214">
				<ele>1399.39</ele>
				<time>2026-09-10T10:24:24.949Z</time>
			</trkpt>
			<trkpt lat="40.42302" lon="-0.81151">
				<ele>1397.54</ele>
				<time>2026-09-10T10:24:27.374Z</time>
			</trkpt>
			<trkpt lat="40.42285" lon="-0.81127">
				<ele>1400.15</ele>
				<time>2026-09-10T10:24:28.337Z</time>
			</trkpt>
			<trkpt lat="40.42212" lon="-0.81036">
				<ele>1401.56</ele>
				<time>2026-09-10T10:24:32.133Z</time>
			</trkpt>
			<trkpt lat="40.42188" lon="-0.80996">
				<ele>1401.94</ele>
				<time>2026-09-10T10:24:33.558Z</time>
			</trkpt>
			<trkpt lat="40.42126" lon="-0.80866">
				<ele>1406.89</ele>
				<time>2026-09-10T10:24:37.729Z</time>
			</trkpt>
			<trkpt lat="40.42119" lon="-0.80839">
				<ele>1408.55</ele>
				<time>2026-09-10T10:24:38.485Z</time>
			</trkpt>
			<trkpt lat="40.42106" lon="-0.80758">
				<ele>1406.82</ele>
				<time>2026-09-10T10:24:40.645Z</time>
			</trkpt>
			<trkpt lat="40.42097" lon="-0.80732">
				<ele>1407.43</ele>
				<time>2026-09-10T10:24:41.379Z</time>
			</trkpt>
			<trkpt lat="40.42092" lon="-0.80719">
				<ele>1407.84</ele>
				<time>2026-09-10T10:24:41.751Z</time>
			</trkpt>
			<trkpt lat="40.42026" lon="-0.80592">
				<ele>1408.61</ele>
				<time>2026-09-10T10:24:45.587Z</time>
			</trkpt>
			<trkpt lat="40.41942" lon="-0.80398">
				<ele>1409.18</ele>
				<time>2026-09-10T10:24:50.873Z</time>
			</trkpt>
			<trkpt lat="40.41933" lon="-0.80384">
				<ele>1409.47</ele>
				<time>2026-09-10T10:24:51.293Z</time>
			</trkpt>
			<trkpt lat="40.41919" lon="-0.80367">
				<ele>1410.86</ele>
				<time>2026-09-10T10:24:51.863Z</time>
			</trkpt>
			<trkpt lat="40.41873" lon="-0.80328">
				<ele>1415.66</ele>
				<time>2026-09-10T10:24:53.480Z</time>
			</trkpt>
			<trkpt lat="40.41862" lon="-0.80315">
				<ele>1415.88</ele>
				<time>2026-09-10T10:24:53.911Z</time>
			</trkpt>
			<trkpt lat="40.41846" lon="-0.8029">
				<ele>1415.56</ele>
				<time>2026-09-10T10:24:54.631Z</time>
			</trkpt>
			<trkpt lat="40.41839" lon="-0.80269">
				<ele>1416.28</ele>
				<time>2026-09-10T10:24:55.133Z</time>
			</trkpt>
			<trkpt lat="40.4183" lon="-0.80234">
				<ele>1415.76</ele>
				<time>2026-09-10T10:24:55.935Z</time>
			</trkpt>
			<trkpt lat="40.41782" lon="-0.79995">
				<ele>1412.71</ele>
				<time>2026-09-10T10:25:01.105Z</time>
			</trkpt>
			<trkpt lat="40.41769" lon="-0.79904">
				<ele>1412.33</ele>
				<time>2026-09-10T10:25:02.959Z</time>
			</trkpt>
			<trkpt lat="40.4176" lon="-0.79811">
				<ele>1412.97</ele>
				<time>2026-09-10T10:25:04.792Z</time>
			</trkpt>
			<trkpt lat="40.41755" lon="-0.79731">
				<ele>1413.54</ele>
				<time>2026-09-10T10:25:06.329Z</time>
			</trkpt>
			<trkpt lat="40.41749" lon="-0.79685">
				<ele>1413.11</ele>
				<time>2026-09-10T10:25:07.208Z</time>
			</trkpt>
			<trkpt lat="40.41739" lon="-0.79648">
				<ele>1411.98</ele>
				<time>2026-09-10T10:25:07.941Z</time>
			</trkpt>
			<trkpt lat="40.417" lon="-0.79558">
				<ele>1411.69</ele>
				<time>2026-09-10T10:25:09.841Z</time>
			</trkpt>
			<trkpt lat="40.41689" lon="-0.79538">
				<ele>1410.22</ele>
				<time>2026-09-10T10:25:10.287Z</time>
			</trkpt>
			<trkpt lat="40.41673" lon="-0.79515">
				<ele>1411.13</ele>
				<time>2026-09-10T10:25:10.847Z</time>
			</trkpt>
			<trkpt lat="40.41619" lon="-0.79459">
				<ele>1417.55</ele>
				<time>2026-09-10T10:25:12.449Z</time>
			</trkpt>
			<trkpt lat="40.41507" lon="-0.79306">
				<ele>1421.5</ele>
				<time>2026-09-10T10:25:16.092Z</time>
			</trkpt>
			<trkpt lat="40.41479" lon="-0.79273">
				<ele>1415.79</ele>
				<time>2026-09-10T10:25:16.918Z</time>
			</trkpt>
			<trkpt lat="40.41396" lon="-0.79182">
				<ele>1418.04</ele>
				<time>2026-09-10T10:25:19.249Z</time>
			</trkpt>
			<trkpt lat="40.41379" lon="-0.7916">
				<ele>1419</ele>
				<time>2026-09-10T10:25:19.755Z</time>
			</trkpt>
			<trkpt lat="40.41339" lon="-0.79097">
				<ele>1421.13</ele>
				<time>2026-09-10T10:25:21.068Z</time>
			</trkpt>
			<trkpt lat="40.41305" lon="-0.79038">
				<ele>1415.74</ele>
				<time>2026-09-10T10:25:22.236Z</time>
			</trkpt>
			<trkpt lat="40.41255" lon="-0.7894">
				<ele>1416.01</ele>
				<time>2026-09-10T10:25:24.072Z</time>
			</trkpt>
			<trkpt lat="40.41225" lon="-0.78883">
				<ele>1417.69</ele>
				<time>2026-09-10T10:25:25.136Z</time>
			</trkpt>
			<trkpt lat="40.41216" lon="-0.78864">
				<ele>1417.82</ele>
				<time>2026-09-10T10:25:25.477Z</time>
			</trkpt>
			<trkpt lat="40.41208" lon="-0.78837">
				<ele>1418.16</ele>
				<time>2026-09-10T10:25:25.918Z</time>
			</trkpt>
			<trkpt lat="40.41184" lon="-0.78735">
				<ele>1423.77</ele>
				<time>2026-09-10T10:25:27.528Z</time>
			</trkpt>
			<trkpt lat="40.41162" lon="-0.78575">
				<ele>1427.66</ele>
				<time>2026-09-10T10:25:29.944Z</time>
			</trkpt>
			<trkpt lat="40.4116" lon="-0.78549">
				<ele>1430.04</ele>
				<time>2026-09-10T10:25:30.329Z</time>
			</trkpt>
			<trkpt lat="40.4116" lon="-0.7853">
				<ele>1429.36</ele>
				<time>2026-09-10T10:25:30.608Z</time>
			</trkpt>
			<trkpt lat="40.41166" lon="-0.78467">
				<ele>1428.56</ele>
				<time>2026-09-10T10:25:31.538Z</time>
			</trkpt>
			<trkpt lat="40.41168" lon="-0.78418">
				<ele>1429.71</ele>
				<time>2026-09-10T10:25:32.254Z</time>
			</trkpt>
			<trkpt lat="40.41161" lon="-0.78244">
				<ele>1427.13</ele>
				<time>2026-09-10T10:25:34.780Z</time>
			</trkpt>
			<trkpt lat="40.41157" lon="-0.78202">
				<ele>1427.78</ele>
				<time>2026-09-10T10:25:35.391Z</time>
			</trkpt>
			<trkpt lat="40.41153" lon="-0.7818">
				<ele>1428.11</ele>
				<time>2026-09-10T10:25:35.717Z</time>
			</trkpt>
			<trkpt lat="40.41119" lon="-0.78056">
				<ele>1437.09</ele>
				<time>2026-09-10T10:25:37.613Z</time>
			</trkpt>
			<trkpt lat="40.41078" lon="-0.77878">
				<ele>1442.59</ele>
				<time>2026-09-10T10:25:40.287Z</time>
			</trkpt>
			<trkpt lat="40.41053" lon="-0.77787">
				<ele>1444.27</ele>
				<time>2026-09-10T10:25:41.682Z</time>
			</trkpt>
			<trkpt lat="40.41021" lon="-0.77635">
				<ele>1445.47</ele>
				<time>2026-09-10T10:25:43.967Z</time>
			</trkpt>
			<trkpt lat="40.41001" lon="-0.77564">
				<ele>1442.93</ele>
				<time>2026-09-10T10:25:45.071Z</time>
			</trkpt>
			<trkpt lat="40.40962" lon="-0.7744">
				<ele>1446.18</ele>
				<time>2026-09-10T10:25:47.044Z</time>
			</trkpt>
			<trkpt lat="40.40948" lon="-0.77373">
				<ele>1446.92</ele>
				<time>2026-09-10T10:25:48.075Z</time>
			</trkpt>
			<trkpt lat="40.40941" lon="-0.7735">
				<ele>1446.66</ele>
				<time>2026-09-10T10:25:48.445Z</time>
			</trkpt>
			<trkpt lat="40.4093" lon="-0.77325">
				<ele>1446.36</ele>
				<time>2026-09-10T10:25:48.876Z</time>
			</trkpt>
			<trkpt lat="40.40903" lon="-0.77281">
				<ele>1446.1</ele>
				<time>2026-09-10T10:25:49.726Z</time>
			</trkpt>
			<trkpt lat="40.40855" lon="-0.77225">
				<ele>1448.86</ele>
				<time>2026-09-10T10:25:51.003Z</time>
			</trkpt>
			<trkpt lat="40.40825" lon="-0.77185">
				<ele>1448.88</ele>
				<time>2026-09-10T10:25:51.862Z</time>
			</trkpt>
			<trkpt lat="40.40722" lon="-0.77031">
				<ele>1457.25</ele>
				<time>2026-09-10T10:25:55.056Z</time>
			</trkpt>
			<trkpt lat="40.40644" lon="-0.76903">
				<ele>1458.19</ele>
				<time>2026-09-10T10:25:57.688Z</time>
			</trkpt>
			<trkpt lat="40.40618" lon="-0.76867">
				<ele>1459.49</ele>
				<time>2026-09-10T10:25:58.500Z</time>
			</trkpt>
			<trkpt lat="40.40585" lon="-0.76817">
				<ele>1461.44</ele>
				<time>2026-09-10T10:25:59.594Z</time>
			</trkpt>
			<trkpt lat="40.40537" lon="-0.76738">
				<ele>1462.52</ele>
				<time>2026-09-10T10:26:01.293Z</time>
			</trkpt>
			<trkpt lat="40.40506" lon="-0.76693">
				<ele>1468.28</ele>
				<time>2026-09-10T10:26:02.329Z</time>
			</trkpt>
			<trkpt lat="40.40477" lon="-0.76659">
				<ele>1470.27</ele>
				<time>2026-09-10T10:26:03.212Z</time>
			</trkpt>
			<trkpt lat="40.40451" lon="-0.76625">
				<ele>1472.76</ele>
				<time>2026-09-10T10:26:04.053Z</time>
			</trkpt>
			<trkpt lat="40.40436" lon="-0.76602">
				<ele>1474.26</ele>
				<time>2026-09-10T10:26:04.587Z</time>
			</trkpt>
			<trkpt lat="40.40401" lon="-0.7654">
				<ele>1477.01</ele>
				<time>2026-09-10T10:26:05.963Z</time>
			</trkpt>
			<trkpt lat="40.40391" lon="-0.76528">
				<ele>1476.44</ele>
				<time>2026-09-10T10:26:06.283Z</time>
			</trkpt>
			<trkpt lat="40.4035" lon="-0.76487">
				<ele>1474.68</ele>
				<time>2026-09-10T10:26:07.515Z</time>
			</trkpt>
			<trkpt lat="40.40342" lon="-0.76477">
				<ele>1474</ele>
				<time>2026-09-10T10:26:07.781Z</time>
			</trkpt>
			<trkpt lat="40.40336" lon="-0.76465">
				<ele>1472.71</ele>
				<time>2026-09-10T10:26:08.046Z</time>
			</trkpt>
			<trkpt lat="40.40331" lon="-0.76445">
				<ele>1470</ele>
				<time>2026-09-10T10:26:08.435Z</time>
			</trkpt>
			<trkpt lat="40.4033" lon="-0.76432">
				<ele>1468.58</ele>
				<time>2026-09-10T10:26:08.678Z</time>
			</trkpt>
			<trkpt lat="40.40334" lon="-0.76407">
				<ele>1466.61</ele>
				<time>2026-09-10T10:26:09.155Z</time>
			</trkpt>
			<trkpt lat="40.40339" lon="-0.76395">
				<ele>1465.96</ele>
				<time>2026-09-10T10:26:09.411Z</time>
			</trkpt>
			<trkpt lat="40.40346" lon="-0.76384">
				<ele>1465.56</ele>
				<time>2026-09-10T10:26:09.681Z</time>
			</trkpt>
			<trkpt lat="40.40397" lon="-0.76317">
				<ele>1464.9</ele>
				<time>2026-09-10T10:26:11.487Z</time>
			</trkpt>
			<trkpt lat="40.40405" lon="-0.76297">
				<ele>1466.63</ele>
				<time>2026-09-10T10:26:11.924Z</time>
			</trkpt>
			<trkpt lat="40.40406" lon="-0.76271">
				<ele>1469.6</ele>
				<time>2026-09-10T10:26:12.430Z</time>
			</trkpt>
			<trkpt lat="40.40404" lon="-0.76258">
				<ele>1471.45</ele>
				<time>2026-09-10T10:26:12.689Z</time>
			</trkpt>
			<trkpt lat="40.40399" lon="-0.76245">
				<ele>1473.28</ele>
				<time>2026-09-10T10:26:12.975Z</time>
			</trkpt>
			<trkpt lat="40.40392" lon="-0.76232">
				<ele>1474.9</ele>
				<time>2026-09-10T10:26:13.289Z</time>
			</trkpt>
			<trkpt lat="40.40271" lon="-0.76047">
				<ele>1476.67</ele>
				<time>2026-09-10T10:26:18.253Z</time>
			</trkpt>
			<trkpt lat="40.40258" lon="-0.76029">
				<ele>1477.78</ele>
				<time>2026-09-10T10:26:18.776Z</time>
			</trkpt>
			<trkpt lat="40.40236" lon="-0.76007">
				<ele>1478.82</ele>
				<time>2026-09-10T10:26:19.547Z</time>
			</trkpt>
			<trkpt lat="40.40075" lon="-0.75876">
				<ele>1480.59</ele>
				<time>2026-09-10T10:26:25.036Z</time>
			</trkpt>
			<trkpt lat="40.39986" lon="-0.75806">
				<ele>1490.49</ele>
				<time>2026-09-10T10:26:28.203Z</time>
			</trkpt>
			<trkpt lat="40.39955" lon="-0.75777">
				<ele>1491.02</ele>
				<time>2026-09-10T10:26:29.395Z</time>
			</trkpt>
			<trkpt lat="40.39936" lon="-0.75753">
				<ele>1493.1</ele>
				<time>2026-09-10T10:26:30.230Z</time>
			</trkpt>
			<trkpt lat="40.39926" lon="-0.75736">
				<ele>1494.41</ele>
				<time>2026-09-10T10:26:30.752Z</time>
			</trkpt>
			<trkpt lat="40.39899" lon="-0.75676">
				<ele>1495.79</ele>
				<time>2026-09-10T10:26:32.468Z</time>
			</trkpt>
			<trkpt lat="40.39887" lon="-0.75655">
				<ele>1495.68</ele>
				<time>2026-09-10T10:26:33.124Z</time>
			</trkpt>
			<trkpt lat="40.39802" lon="-0.75559">
				<ele>1497.37</ele>
				<time>2026-09-10T10:26:36.888Z</time>
			</trkpt>
			<trkpt lat="40.39782" lon="-0.75545">
				<ele>1495.81</ele>
				<time>2026-09-10T10:26:37.668Z</time>
			</trkpt>
			<trkpt lat="40.39765" lon="-0.75542">
				<ele>1495.29</ele>
				<time>2026-09-10T10:26:38.262Z</time>
			</trkpt>
			<trkpt lat="40.39747" lon="-0.75545">
				<ele>1494.59</ele>
				<time>2026-09-10T10:26:38.895Z</time>
			</trkpt>
			<trkpt lat="40.39731" lon="-0.75555">
				<ele>1493.81</ele>
				<time>2026-09-10T10:26:39.518Z</time>
			</trkpt>
			<trkpt lat="40.39687" lon="-0.75595">
				<ele>1490.7</ele>
				<time>2026-09-10T10:26:41.422Z</time>
			</trkpt>
			<trkpt lat="40.39678" lon="-0.756">
				<ele>1490.74</ele>
				<time>2026-09-10T10:26:41.774Z</time>
			</trkpt>
			<trkpt lat="40.39661" lon="-0.75604">
				<ele>1490.75</ele>
				<time>2026-09-10T10:26:42.399Z</time>
			</trkpt>
			<trkpt lat="40.39643" lon="-0.75603">
				<ele>1489.88</ele>
				<time>2026-09-10T10:26:43.055Z</time>
			</trkpt>
			<trkpt lat="40.39629" lon="-0.75598">
				<ele>1489.35</ele>
				<time>2026-09-10T10:26:43.587Z</time>
			</trkpt>
			<trkpt lat="40.39604" lon="-0.75581">
				<ele>1488.13</ele>
				<time>2026-09-10T10:26:44.626Z</time>
			</trkpt>
			<trkpt lat="40.39494" lon="-0.75493">
				<ele>1487.49</ele>
				<time>2026-09-10T10:26:49.524Z</time>
			</trkpt>
			<trkpt lat="40.39427" lon="-0.75436">
				<ele>1484.21</ele>
				<time>2026-09-10T10:26:52.678Z</time>
			</trkpt>
			<trkpt lat="40.39347" lon="-0.75397">
				<ele>1481.31</ele>
				<time>2026-09-10T10:26:56.155Z</time>
			</trkpt>
			<trkpt lat="40.39244" lon="-0.75335">
				<ele>1480.83</ele>
				<time>2026-09-10T10:27:00.942Z</time>
			</trkpt>
			<trkpt lat="40.39223" lon="-0.75319">
				<ele>1476.39</ele>
				<time>2026-09-10T10:27:01.994Z</time>
			</trkpt>
			<trkpt lat="40.3919" lon="-0.75285">
				<ele>1471.93</ele>
				<time>2026-09-10T10:27:03.834Z</time>
			</trkpt>
			<trkpt lat="40.3917" lon="-0.75259">
				<ele>1469.48</ele>
				<time>2026-09-10T10:27:05.085Z</time>
			</trkpt>
			<trkpt lat="40.39163" lon="-0.75249">
				<ele>1468.98</ele>
				<time>2026-09-10T10:27:05.547Z</time>
			</trkpt>
			<trkpt lat="40.3913" lon="-0.75175">
				<ele>1464.77</ele>
				<time>2026-09-10T10:27:08.510Z</time>
			</trkpt>
			<trkpt lat="40.39099" lon="-0.75121">
				<ele>1460.62</ele>
				<time>2026-09-10T10:27:10.897Z</time>
			</trkpt>
			<trkpt lat="40.39084" lon="-0.75102">
				<ele>1458.74</ele>
				<time>2026-09-10T10:27:11.875Z</time>
			</trkpt>
			<trkpt lat="40.39078" lon="-0.75098">
				<ele>1458.4</ele>
				<time>2026-09-10T10:27:12.193Z</time>
			</trkpt>
			<trkpt lat="40.39069" lon="-0.75092">
				<ele>1457.96</ele>
				<time>2026-09-10T10:27:12.670Z</time>
			</trkpt>
			<trkpt lat="40.38995" lon="-0.75076">
				<ele>1460.85</ele>
				<time>2026-09-10T10:27:16.275Z</time>
			</trkpt>
			<trkpt lat="40.38937" lon="-0.75044">
				<ele>1459.1</ele>
				<time>2026-09-10T10:27:19.374Z</time>
			</trkpt>
			<trkpt lat="40.38865" lon="-0.7501">
				<ele>1454.77</ele>
				<time>2026-09-10T10:27:23.240Z</time>
			</trkpt>
			<trkpt lat="40.38851" lon="-0.75005">
				<ele>1454.05</ele>
				<time>2026-09-10T10:27:23.985Z</time>
			</trkpt>
			<trkpt lat="40.38779" lon="-0.75008">
				<ele>1454.48</ele>
				<time>2026-09-10T10:27:27.741Z</time>
			</trkpt>
			<trkpt lat="40.38759" lon="-0.75004">
				<ele>1452.86</ele>
				<time>2026-09-10T10:27:28.813Z</time>
			</trkpt>
			<trkpt lat="40.3875" lon="-0.75">
				<ele>1452.01</ele>
				<time>2026-09-10T10:27:29.319Z</time>
			</trkpt>
			<trkpt lat="40.38671" lon="-0.74926">
				<ele>1442.03</ele>
				<time>2026-09-10T10:27:34.588Z</time>
			</trkpt>
			<trkpt lat="40.38573" lon="-0.74855">
				<ele>1436.59</ele>
				<time>2026-09-10T10:27:40.892Z</time>
			</trkpt>
			<trkpt lat="40.38546" lon="-0.74827">
				<ele>1436.43</ele>
				<time>2026-09-10T10:27:42.880Z</time>
			</trkpt>
			<trkpt lat="40.38467" lon="-0.74715">
				<ele>1433.83</ele>
				<time>2026-09-10T10:27:49.774Z</time>
			</trkpt>
			<trkpt lat="40.38379" lon="-0.74573">
				<ele>1426.12</ele>
				<time>2026-09-10T10:27:58.413Z</time>
			</trkpt>
			<trkpt lat="40.38304" lon="-0.74459">
				<ele>1423.29</ele>
				<time>2026-09-10T10:28:05.833Z</time>
			</trkpt>
			<trkpt lat="40.38281" lon="-0.74418">
				<ele>1420.09</ele>
				<time>2026-09-10T10:28:08.406Z</time>
			</trkpt>
			<trkpt lat="40.38277" lon="-0.74403">
				<ele>1421.12</ele>
				<time>2026-09-10T10:28:09.216Z</time>
			</trkpt>
			<trkpt lat="40.38277" lon="-0.74375">
				<ele>1423.5</ele>
				<time>2026-09-10T10:28:10.651Z</time>
			</trkpt>
			<trkpt lat="40.38283" lon="-0.74268">
				<ele>1416.17</ele>
				<time>2026-09-10T10:28:16.245Z</time>
			</trkpt>
			<trkpt lat="40.3829" lon="-0.74214">
				<ele>1416.35</ele>
				<time>2026-09-10T10:28:19.160Z</time>
			</trkpt>
			<trkpt lat="40.3829" lon="-0.74187">
				<ele>1418.91</ele>
				<time>2026-09-10T10:28:20.611Z</time>
			</trkpt>
			<trkpt lat="40.38286" lon="-0.74166">
				<ele>1420.31</ele>
				<time>2026-09-10T10:28:21.782Z</time>
			</trkpt>
			<trkpt lat="40.38261" lon="-0.74084">
				<ele>1416.96</ele>
				<time>2026-09-10T10:28:26.624Z</time>
			</trkpt>
			<trkpt lat="40.38247" lon="-0.74055">
				<ele>1414.96</ele>
				<time>2026-09-10T10:28:28.535Z</time>
			</trkpt>
			<trkpt lat="40.38225" lon="-0.7403">
				<ele>1416.95</ele>
				<time>2026-09-10T10:28:30.680Z</time>
			</trkpt>
			<trkpt lat="40.38197" lon="-0.74">
				<ele>1416.92</ele>
				<time>2026-09-10T10:28:33.373Z</time>
			</trkpt>
			<trkpt lat="40.38172" lon="-0.73978">
				<ele>1413.49</ele>
				<time>2026-09-10T10:28:35.640Z</time>
			</trkpt>
			<trkpt lat="40.38133" lon="-0.73938">
				<ele>1412.36</ele>
				<time>2026-09-10T10:28:39.414Z</time>
			</trkpt>
			<trkpt lat="40.38121" lon="-0.73929">
				<ele>1413.23</ele>
				<time>2026-09-10T10:28:40.479Z</time>
			</trkpt>
			<trkpt lat="40.38102" lon="-0.73925">
				<ele>1413.2</ele>
				<time>2026-09-10T10:28:41.969Z</time>
			</trkpt>
			<trkpt lat="40.38061" lon="-0.73927">
				<ele>1416.06</ele>
				<time>2026-09-10T10:28:45.177Z</time>
			</trkpt>
			<trkpt lat="40.38041" lon="-0.73926">
				<ele>1414.12</ele>
				<time>2026-09-10T10:28:46.757Z</time>
			</trkpt>
			<trkpt lat="40.38029" lon="-0.73921">
				<ele>1412.24</ele>
				<time>2026-09-10T10:28:47.756Z</time>
			</trkpt>
			<trkpt lat="40.3802" lon="-0.73909">
				<ele>1410.13</ele>
				<time>2026-09-10T10:28:48.778Z</time>
			</trkpt>
			<trkpt lat="40.38008" lon="-0.73886">
				<ele>1407.79</ele>
				<time>2026-09-10T10:28:50.479Z</time>
			</trkpt>
			<trkpt lat="40.37998" lon="-0.73862">
				<ele>1405.88</ele>
				<time>2026-09-10T10:28:52.159Z</time>
			</trkpt>
			<trkpt lat="40.37968" lon="-0.7377">
				<ele>1409.41</ele>
				<time>2026-09-10T10:28:58.400Z</time>
			</trkpt>
			<trkpt lat="40.37928" lon="-0.73672">
				<ele>1402.74</ele>
				<time>2026-09-10T10:29:05.508Z</time>
			</trkpt>
			<trkpt lat="40.37916" lon="-0.73649">
				<ele>1402.61</ele>
				<time>2026-09-10T10:29:07.319Z</time>
			</trkpt>
			<trkpt lat="40.37879" lon="-0.73592">
				<ele>1398.84</ele>
				<time>2026-09-10T10:29:12.244Z</time>
			</trkpt>
			<trkpt lat="40.37831" lon="-0.73493">
				<ele>1388.17</ele>
				<time>2026-09-10T10:29:20.136Z</time>
			</trkpt>
			<trkpt lat="40.37823" lon="-0.73472">
				<ele>1388.66</ele>
				<time>2026-09-10T10:29:21.741Z</time>
			</trkpt>
			<trkpt lat="40.37803" lon="-0.73401">
				<ele>1387.45</ele>
				<time>2026-09-10T10:29:26.974Z</time>
			</trkpt>
			<trkpt lat="40.37778" lon="-0.73343">
				<ele>1382.73</ele>
				<time>2026-09-10T10:29:31.656Z</time>
			</trkpt>
			<trkpt lat="40.37761" lon="-0.73314">
				<ele>1383.93</ele>
				<time>2026-09-10T10:29:34.258Z</time>
			</trkpt>
			<trkpt lat="40.37744" lon="-0.73292">
				<ele>1384.09</ele>
				<time>2026-09-10T10:29:36.503Z</time>
			</trkpt>
			<trkpt lat="40.37729" lon="-0.7328">
				<ele>1381.51</ele>
				<time>2026-09-10T10:29:38.164Z</time>
			</trkpt>
			<trkpt lat="40.37611" lon="-0.73242">
				<ele>1388</ele>
				<time>2026-09-10T10:29:49.898Z</time>
			</trkpt>
			<trkpt lat="40.37588" lon="-0.73231">
				<ele>1386.8</ele>
				<time>2026-09-10T10:29:52.313Z</time>
			</trkpt>
			<trkpt lat="40.37444" lon="-0.73152">
				<ele>1387.92</ele>
				<time>2026-09-10T10:30:08.117Z</time>
			</trkpt>
			<trkpt lat="40.37285" lon="-0.73097">
				<ele>1380.5</ele>
				<time>2026-09-10T10:30:25.547Z</time>
			</trkpt>
			<trkpt lat="40.37265" lon="-0.73087">
				<ele>1378.2</ele>
				<time>2026-09-10T10:30:27.876Z</time>
			</trkpt>
			<trkpt lat="40.37249" lon="-0.73075">
				<ele>1376.03</ele>
				<time>2026-09-10T10:30:29.892Z</time>
			</trkpt>
			<trkpt lat="40.37202" lon="-0.73022">
				<ele>1368.26</ele>
				<time>2026-09-10T10:30:36.748Z</time>
			</trkpt>
			<trkpt lat="40.37153" lon="-0.7295">
				<ele>1366.36</ele>
				<time>2026-09-10T10:30:45.041Z</time>
			</trkpt>
			<trkpt lat="40.37124" lon="-0.72898">
				<ele>1361.41</ele>
				<time>2026-09-10T10:30:50.670Z</time>
			</trkpt>
			<trkpt lat="40.37103" lon="-0.72874">
				<ele>1357.06</ele>
				<time>2026-09-10T10:30:53.897Z</time>
			</trkpt>
			<trkpt lat="40.37078" lon="-0.72854">
				<ele>1354.03</ele>
				<time>2026-09-10T10:30:57.316Z</time>
			</trkpt>
			<trkpt lat="40.36995" lon="-0.72801">
				<ele>1347.25</ele>
				<time>2026-09-10T10:31:08.274Z</time>
			</trkpt>
			<trkpt lat="40.36967" lon="-0.72779">
				<ele>1345.23</ele>
				<time>2026-09-10T10:31:12.214Z</time>
			</trkpt>
			<trkpt lat="40.36957" lon="-0.72763">
				<ele>1345.23</ele>
				<time>2026-09-10T10:31:14.130Z</time>
			</trkpt>
			<trkpt lat="40.36954" lon="-0.72749">
				<ele>1345</ele>
				<time>2026-09-10T10:31:15.482Z</time>
			</trkpt>
			<trkpt lat="40.36952" lon="-0.72735">
				<ele>1344.94</ele>
				<time>2026-09-10T10:31:16.809Z</time>
			</trkpt>
			<trkpt lat="40.36955" lon="-0.72711">
				<ele>1344.73</ele>
				<time>2026-09-10T10:31:19.084Z</time>
			</trkpt>
			<trkpt lat="40.36959" lon="-0.72701">
				<ele>1344.86</ele>
				<time>2026-09-10T10:31:20.145Z</time>
			</trkpt>
			<trkpt lat="40.36968" lon="-0.72692">
				<ele>1345.61</ele>
				<time>2026-09-10T10:31:21.543Z</time>
			</trkpt>
			<trkpt lat="40.37" lon="-0.72679">
				<ele>1350.84</ele>
				<time>2026-09-10T10:31:25.707Z</time>
			</trkpt>
			<trkpt lat="40.37013" lon="-0.72669">
				<ele>1353.16</ele>
				<time>2026-09-10T10:31:27.592Z</time>
			</trkpt>
			<trkpt lat="40.37021" lon="-0.72661">
				<ele>1353.97</ele>
				<time>2026-09-10T10:31:28.855Z</time>
			</trkpt>
			<trkpt lat="40.3704" lon="-0.72629">
				<ele>1356.68</ele>
				<time>2026-09-10T10:31:32.756Z</time>
			</trkpt>
			<trkpt lat="40.37062" lon="-0.72585">
				<ele>1365.11</ele>
				<time>2026-09-10T10:31:37.864Z</time>
			</trkpt>
			<trkpt lat="40.3707" lon="-0.72546">
				<ele>1371.36</ele>
				<time>2026-09-10T10:31:41.820Z</time>
			</trkpt>
			<trkpt lat="40.3707" lon="-0.72535">
				<ele>1371.53</ele>
				<time>2026-09-10T10:31:42.903Z</time>
			</trkpt>
			<trkpt lat="40.37065" lon="-0.72495">
				<ele>1365.12</ele>
				<time>2026-09-10T10:31:46.915Z</time>
			</trkpt>
			<trkpt lat="40.37058" lon="-0.72468">
				<ele>1360.78</ele>
				<time>2026-09-10T10:31:49.757Z</time>
			</trkpt>
			<trkpt lat="40.37058" lon="-0.72458">
				<ele>1361.06</ele>
				<time>2026-09-10T10:31:50.757Z</time>
			</trkpt>
			<trkpt lat="40.37065" lon="-0.72449">
				<ele>1361.86</ele>
				<time>2026-09-10T10:31:52.047Z</time>
			</trkpt>
			<trkpt lat="40.37107" lon="-0.72436">
				<ele>1365.81</ele>
				<time>2026-09-10T10:31:57.764Z</time>
			</trkpt>
			<trkpt lat="40.37113" lon="-0.72429">
				<ele>1366.06</ele>
				<time>2026-09-10T10:31:58.835Z</time>
			</trkpt>
			<trkpt lat="40.37122" lon="-0.72412">
				<ele>1366.12</ele>
				<time>2026-09-10T10:32:00.945Z</time>
			</trkpt>
			<trkpt lat="40.37126" lon="-0.72396">
				<ele>1365.05</ele>
				<time>2026-09-10T10:32:02.668Z</time>
			</trkpt>
			<trkpt lat="40.37124" lon="-0.72365">
				<ele>1364.39</ele>
				<time>2026-09-10T10:32:05.865Z</time>
			</trkpt>
			<trkpt lat="40.37114" lon="-0.72321">
				<ele>1371.19</ele>
				<time>2026-09-10T10:32:10.620Z</time>
			</trkpt>
			<trkpt lat="40.37101" lon="-0.72287">
				<ele>1372.61</ele>
				<time>2026-09-10T10:32:14.592Z</time>
			</trkpt>
			<trkpt lat="40.37095" lon="-0.7225">
				<ele>1371.58</ele>
				<time>2026-09-10T10:32:18.571Z</time>
			</trkpt>
			<trkpt lat="40.37079" lon="-0.72194">
				<ele>1372.45</ele>
				<time>2026-09-10T10:32:24.921Z</time>
			</trkpt>
			<trkpt lat="40.37077" lon="-0.7217">
				<ele>1374.62</ele>
				<time>2026-09-10T10:32:27.505Z</time>
			</trkpt>
			<trkpt lat="40.37078" lon="-0.72134">
				<ele>1376.45</ele>
				<time>2026-09-10T10:32:31.383Z</time>
			</trkpt>
			<trkpt lat="40.37095" lon="-0.72077">
				<ele>1376.01</ele>
				<time>2026-09-10T10:32:38.034Z</time>
			</trkpt>
			<trkpt lat="40.37098" lon="-0.72062">
				<ele>1375.28</ele>
				<time>2026-09-10T10:32:39.731Z</time>
			</trkpt>
			<trkpt lat="40.37103" lon="-0.72027">
				<ele>1374.93</ele>
				<time>2026-09-10T10:32:43.648Z</time>
			</trkpt>
			<trkpt lat="40.37103" lon="-0.72001">
				<ele>1375.03</ele>
				<time>2026-09-10T10:32:46.524Z</time>
			</trkpt>
			<trkpt lat="40.37095" lon="-0.71921">
				<ele>1376.08</ele>
				<time>2026-09-10T10:32:55.541Z</time>
			</trkpt>
			<trkpt lat="40.37089" lon="-0.7189">
				<ele>1371.82</ele>
				<time>2026-09-10T10:32:59.154Z</time>
			</trkpt>
			<trkpt lat="40.37088" lon="-0.71859">
				<ele>1372.53</ele>
				<time>2026-09-10T10:33:02.679Z</time>
			</trkpt>
			<trkpt lat="40.37091" lon="-0.71821">
				<ele>1377.3</ele>
				<time>2026-09-10T10:33:07.048Z</time>
			</trkpt>
			<trkpt lat="40.37089" lon="-0.718">
				<ele>1378.24</ele>
				<time>2026-09-10T10:33:09.481Z</time>
			</trkpt>
			<trkpt lat="40.37096" lon="-0.71801">
				<ele>1382.34</ele>
				<time>2026-09-10T10:33:10.547Z</time>
			</trkpt>
			<trkpt lat="40.37102" lon="-0.71811">
				<ele>1385.38</ele>
				<time>2026-09-10T10:33:12.018Z</time>
			</trkpt>
			<trkpt lat="40.37114" lon="-0.7182">
				<ele>1393.05</ele>
				<time>2026-09-10T10:33:14.120Z</time>
			</trkpt>
			<trkpt lat="40.37117" lon="-0.7183">
				<ele>1394.43</ele>
				<time>2026-09-10T10:33:15.369Z</time>
			</trkpt>
			<trkpt lat="40.37116" lon="-0.71835">
				<ele>1394.01</ele>
				<time>2026-09-10T10:33:15.970Z</time>
			</trkpt>
			<trkpt lat="40.37134" lon="-0.7184">
				<ele>1401.69</ele>
				<time>2026-09-10T10:33:18.788Z</time>
			</trkpt>
			<trkpt lat="40.37138" lon="-0.71873">
				<ele>1403.16</ele>
				<time>2026-09-10T10:33:22.708Z</time>
			</trkpt>
			<trkpt lat="40.37141" lon="-0.71882">
				<ele>1403.3</ele>
				<time>2026-09-10T10:33:23.865Z</time>
			</trkpt>
			<trkpt lat="40.3718" lon="-0.71975">
				<ele>1406.46</ele>
				<time>2026-09-10T10:33:36.501Z</time>
			</trkpt>
			<trkpt lat="40.37186" lon="-0.71986">
				<ele>1409.4</ele>
				<time>2026-09-10T10:33:38.129Z</time>
			</trkpt>
			<trkpt lat="40.37197" lon="-0.72003">
				<ele>1412.33</ele>
				<time>2026-09-10T10:33:40.822Z</time>
			</trkpt>
			<trkpt lat="40.37207" lon="-0.72013">
				<ele>1413.19</ele>
				<time>2026-09-10T10:33:42.822Z</time>
			</trkpt>
			<trkpt lat="40.37217" lon="-0.72014">
				<ele>1413.41</ele>
				<time>2026-09-10T10:33:44.421Z</time>
			</trkpt>
			<trkpt lat="40.37221" lon="-0.71997">
				<ele>1414.43</ele>
				<time>2026-09-10T10:33:46.589Z</time>
			</trkpt>
			<trkpt lat="40.37227" lon="-0.71999">
				<ele>1413.13</ele>
				<time>2026-09-10T10:33:47.581Z</time>
			</trkpt>
			<trkpt lat="40.37237" lon="-0.72003">
				<ele>1410.34</ele>
				<time>2026-09-10T10:33:49.260Z</time>
			</trkpt>
			<trkpt lat="40.37252" lon="-0.72">
				<ele>1407.49</ele>
				<time>2026-09-10T10:33:51.705Z</time>
			</trkpt>
			<trkpt lat="40.37252" lon="-0.72003">
				<ele>1407.09</ele>
				<time>2026-09-10T10:33:52.073Z</time>
			</trkpt>
			<trkpt lat="40.37254" lon="-0.72017">
				<ele>1403.6</ele>
				<time>2026-09-10T10:33:53.828Z</time>
			</trkpt>
			<trkpt lat="40.37295" lon="-0.72013">
				<ele>1393.31</ele>
				<time>2026-09-10T10:34:00.517Z</time>
			</trkpt>
			<trkpt lat="40.37308" lon="-0.72008">
				<ele>1392.03</ele>
				<time>2026-09-10T10:34:02.735Z</time>
			</trkpt>
			<trkpt lat="40.37313" lon="-0.72002">
				<ele>1393.03</ele>
				<time>2026-09-10T10:34:03.927Z</time>
			</trkpt>
			<trkpt lat="40.37328" lon="-0.71996">
				<ele>1393.3</ele>
				<time>2026-09-10T10:34:22.264Z</time>
			</trkpt>
			<trkpt lat="40.37325" lon="-0.71991">
				<ele>1396.37</ele>
				<time>2026-09-10T10:34:31.561Z</time>
			</trkpt>
			<trkpt lat="40.37335" lon="-0.71988">
				<ele>1397.15</ele>
				<time>2026-09-10T10:34:52.664Z</time>
			</trkpt>
			<trkpt lat="40.37361" lon="-0.71972">
				<ele>1405.05</ele>
				<time>2026-09-10T10:35:29.606Z</time>
			</trkpt>
			<trkpt lat="40.37397" lon="-0.71958">
				<ele>1405.76</ele>
				<time>2026-09-10T10:36:04.006Z</time>
			</trkpt>
			<trkpt lat="40.37408" lon="-0.71952">
				<ele>1407.65</ele>
				<time>2026-09-10T10:36:14.973Z</time>
			</trkpt>
			<trkpt lat="40.37396" lon="-0.71945">
				<ele>1412.92</ele>
				<time>2026-09-10T10:36:27.063Z</time>
			</trkpt>
			<trkpt lat="40.37376" lon="-0.71942">
				<ele>1417.66</ele>
				<time>2026-09-10T10:36:45.597Z</time>
			</trkpt>
			<trkpt lat="40.37279" lon="-0.71951">
				<ele>1422.7</ele>
				<time>2026-09-10T10:38:15.123Z</time>
			</trkpt>
			<trkpt lat="40.37258" lon="-0.71943">
				<ele>1423.18</ele>
				<time>2026-09-10T10:38:35.257Z</time>
			</trkpt>
			<trkpt lat="40.37244" lon="-0.71936">
				<ele>1422.28</ele>
				<time>2026-09-10T10:38:48.637Z</time>
			</trkpt>
			<trkpt lat="40.37218" lon="-0.71897">
				<ele>1420.27</ele>
				<time>2026-09-10T10:39:05.164Z</time>
			</trkpt>
			<trkpt lat="40.37215" lon="-0.71892">
				<ele>1420.3</ele>
				<time>2026-09-10T10:39:06.605Z</time>
			</trkpt>
			<trkpt lat="40.37208" lon="-0.71865">
				<ele>1423.01</ele>
				<time>2026-09-10T10:39:12.190Z</time>
			</trkpt>
			<trkpt lat="40.3717" lon="-0.71787">
				<ele>1414.68</ele>
				<time>2026-09-10T10:39:26.886Z</time>
			</trkpt>
			<trkpt lat="40.37148" lon="-0.71753">
				<ele>1409.32</ele>
				<time>2026-09-10T10:39:32.611Z</time>
			</trkpt>
			<trkpt lat="40.37133" lon="-0.71739">
				<ele>1404.77</ele>
				<time>2026-09-10T10:39:35.897Z</time>
			</trkpt>
			<trkpt lat="40.37117" lon="-0.71708">
				<ele>1405.4</ele>
				<time>2026-09-10T10:39:40.711Z</time>
			</trkpt>
			<trkpt lat="40.37105" lon="-0.71693">
				<ele>1403.11</ele>
				<time>2026-09-10T10:39:43.234Z</time>
			</trkpt>
			<trkpt lat="40.37079" lon="-0.71656">
				<ele>1397.05</ele>
				<time>2026-09-10T10:39:48.482Z</time>
			</trkpt>
			<trkpt lat="40.37066" lon="-0.71637">
				<ele>1395.14</ele>
				<time>2026-09-10T10:39:50.915Z</time>
			</trkpt>
			<trkpt lat="40.37058" lon="-0.71632">
				<ele>1393.18</ele>
				<time>2026-09-10T10:39:51.989Z</time>
			</trkpt>
			<trkpt lat="40.37046" lon="-0.71622">
				<ele>1391.54</ele>
				<time>2026-09-10T10:39:53.681Z</time>
			</trkpt>
			<trkpt lat="40.37005" lon="-0.71553">
				<ele>1386.07</ele>
				<time>2026-09-10T10:40:01.611Z</time>
			</trkpt>
			<trkpt lat="40.37004" lon="-0.71551">
				<ele>1385.4</ele>
				<time>2026-09-10T10:40:01.839Z</time>
			</trkpt>
			<trkpt lat="40.36998" lon="-0.71554">
				<ele>1381.33</ele>
				<time>2026-09-10T10:40:02.648Z</time>
			</trkpt>
			<trkpt lat="40.36937" lon="-0.71464">
				<ele>1380.79</ele>
				<time>2026-09-10T10:40:16.579Z</time>
			</trkpt>
			<trkpt lat="40.3692" lon="-0.71443">
				<ele>1380.61</ele>
				<time>2026-09-10T10:40:21.162Z</time>
			</trkpt>
			<trkpt lat="40.36876" lon="-0.71404">
				<ele>1377.59</ele>
				<time>2026-09-10T10:40:33.855Z</time>
			</trkpt>
			<trkpt lat="40.36863" lon="-0.71384">
				<ele>1379.78</ele>
				<time>2026-09-10T10:40:39.607Z</time>
			</trkpt>
			<trkpt lat="40.36858" lon="-0.71373">
				<ele>1380.3</ele>
				<time>2026-09-10T10:40:42.625Z</time>
			</trkpt>
			<trkpt lat="40.36848" lon="-0.71352">
				<ele>1377.06</ele>
				<time>2026-09-10T10:40:48.888Z</time>
			</trkpt>
			<trkpt lat="40.36844" lon="-0.71344">
				<ele>1375.47</ele>
				<time>2026-09-10T10:40:51.466Z</time>
			</trkpt>
			<trkpt lat="40.36843" lon="-0.7134">
				<ele>1375.24</ele>
				<time>2026-09-10T10:40:52.629Z</time>
			</trkpt>
			<trkpt lat="40.36821" lon="-0.7132">
				<ele>1374</ele>
				<time>2026-09-10T10:41:11.789Z</time>
			</trkpt>
			<trkpt lat="40.36815" lon="-0.71311">
				<ele>1375.04</ele>
				<time>2026-09-10T10:41:17.597Z</time>
			</trkpt>
			<trkpt lat="40.36811" lon="-0.71308">
				<ele>1375.53</ele>
				<time>2026-09-10T10:41:19.984Z</time>
			</trkpt>
			<trkpt lat="40.36788" lon="-0.71286">
				<ele>1376.54</ele>
				<time>2026-09-10T10:41:32.753Z</time>
			</trkpt>
			<trkpt lat="40.36766" lon="-0.71262">
				<ele>1375.61</ele>
				<time>2026-09-10T10:41:42.047Z</time>
			</trkpt>
			<trkpt lat="40.36759" lon="-0.7125">
				<ele>1375.33</ele>
				<time>2026-09-10T10:41:44.749Z</time>
			</trkpt>
			<trkpt lat="40.36749" lon="-0.71231">
				<ele>1374.58</ele>
				<time>2026-09-10T10:41:47.691Z</time>
			</trkpt>
			<trkpt lat="40.3665" lon="-0.70975">
				<ele>1375.67</ele>
				<time>2026-09-10T10:42:00.823Z</time>
			</trkpt>
			<trkpt lat="40.36582" lon="-0.70817">
				<ele>1380.27</ele>
				<time>2026-09-10T10:42:08.919Z</time>
			</trkpt>
			<trkpt lat="40.36575" lon="-0.70794">
				<ele>1378.53</ele>
				<time>2026-09-10T10:42:09.844Z</time>
			</trkpt>
			<trkpt lat="40.3657" lon="-0.70765">
				<ele>1377.13</ele>
				<time>2026-09-10T10:42:10.918Z</time>
			</trkpt>
			<trkpt lat="40.36567" lon="-0.70721">
				<ele>1376.93</ele>
				<time>2026-09-10T10:42:12.452Z</time>
			</trkpt>
			<trkpt lat="40.36562" lon="-0.70692">
				<ele>1378.7</ele>
				<time>2026-09-10T10:42:13.453Z</time>
			</trkpt>
			<trkpt lat="40.36555" lon="-0.70674">
				<ele>1379.54</ele>
				<time>2026-09-10T10:42:14.124Z</time>
			</trkpt>
			<trkpt lat="40.36551" lon="-0.70666">
				<ele>1379.57</ele>
				<time>2026-09-10T10:42:14.439Z</time>
			</trkpt>
			<trkpt lat="40.36552" lon="-0.7064">
				<ele>1379.77</ele>
				<time>2026-09-10T10:42:15.291Z</time>
			</trkpt>
			<trkpt lat="40.3655" lon="-0.70623">
				<ele>1380.11</ele>
				<time>2026-09-10T10:42:15.851Z</time>
			</trkpt>
			<trkpt lat="40.36543" lon="-0.706">
				<ele>1380.94</ele>
				<time>2026-09-10T10:42:16.657Z</time>
			</trkpt>
			<trkpt lat="40.36538" lon="-0.70589">
				<ele>1381.57</ele>
				<time>2026-09-10T10:42:17.075Z</time>
			</trkpt>
			<trkpt lat="40.36516" lon="-0.70569">
				<ele>1383.8</ele>
				<time>2026-09-10T10:42:18.229Z</time>
			</trkpt>
			<trkpt lat="40.36446" lon="-0.70525">
				<ele>1389.71</ele>
				<time>2026-09-10T10:42:21.725Z</time>
			</trkpt>
			<trkpt lat="40.36428" lon="-0.70512">
				<ele>1388.74</ele>
				<time>2026-09-10T10:42:22.712Z</time>
			</trkpt>
			<trkpt lat="40.36414" lon="-0.70495">
				<ele>1388.23</ele>
				<time>2026-09-10T10:42:23.660Z</time>
			</trkpt>
			<trkpt lat="40.36388" lon="-0.70451">
				<ele>1388.28</ele>
				<time>2026-09-10T10:42:25.896Z</time>
			</trkpt>
			<trkpt lat="40.36375" lon="-0.70437">
				<ele>1388.33</ele>
				<time>2026-09-10T10:42:26.838Z</time>
			</trkpt>
			<trkpt lat="40.3634" lon="-0.70412">
				<ele>1387.36</ele>
				<time>2026-09-10T10:42:29.219Z</time>
			</trkpt>
			<trkpt lat="40.36243" lon="-0.70349">
				<ele>1389.44</ele>
				<time>2026-09-10T10:42:36.946Z</time>
			</trkpt>
			<trkpt lat="40.36226" lon="-0.70331">
				<ele>1388.8</ele>
				<time>2026-09-10T10:42:38.737Z</time>
			</trkpt>
			<trkpt lat="40.36221" lon="-0.70321">
				<ele>1388.81</ele>
				<time>2026-09-10T10:42:39.506Z</time>
			</trkpt>
			<trkpt lat="40.36215" lon="-0.70304">
				<ele>1389.31</ele>
				<time>2026-09-10T10:42:40.737Z</time>
			</trkpt>
			<trkpt lat="40.3617" lon="-0.7011">
				<ele>1393.03</ele>
				<time>2026-09-10T10:42:55.941Z</time>
			</trkpt>
			<trkpt lat="40.36162" lon="-0.70098">
				<ele>1393.56</ele>
				<time>2026-09-10T10:42:57.273Z</time>
			</trkpt>
			<trkpt lat="40.36156" lon="-0.70093">
				<ele>1393.9</ele>
				<time>2026-09-10T10:42:58.060Z</time>
			</trkpt>
			<trkpt lat="40.36151" lon="-0.70092">
				<ele>1394.08</ele>
				<time>2026-09-10T10:42:58.624Z</time>
			</trkpt>
			<trkpt lat="40.36184" lon="-0.69963">
				<ele>1395.91</ele>
				<time>2026-09-10T10:43:10.855Z</time>
			</trkpt>
			<trkpt lat="40.36186" lon="-0.69937">
				<ele>1395.98</ele>
				<time>2026-09-10T10:43:13.340Z</time>
			</trkpt>
			<trkpt lat="40.36184" lon="-0.69923">
				<ele>1396.73</ele>
				<time>2026-09-10T10:43:14.711Z</time>
			</trkpt>
			<trkpt lat="40.36165" lon="-0.69833">
				<ele>1399.95</ele>
				<time>2026-09-10T10:43:23.991Z</time>
			</trkpt>
			<trkpt lat="40.36163" lon="-0.69809">
				<ele>1399.29</ele>
				<time>2026-09-10T10:43:26.466Z</time>
			</trkpt>
			<trkpt lat="40.36166" lon="-0.69771">
				<ele>1402.24</ele>
				<time>2026-09-10T10:43:30.442Z</time>
			</trkpt>
			<trkpt lat="40.36164" lon="-0.69696">
				<ele>1400.06</ele>
				<time>2026-09-10T10:43:38.451Z</time>
			</trkpt>
			<trkpt lat="40.36157" lon="-0.69632">
				<ele>1393.12</ele>
				<time>2026-09-10T10:43:45.544Z</time>
			</trkpt>
			<trkpt lat="40.36158" lon="-0.69614">
				<ele>1391.89</ele>
				<time>2026-09-10T10:43:47.609Z</time>
			</trkpt>
			<trkpt lat="40.36162" lon="-0.69591">
				<ele>1391.22</ele>
				<time>2026-09-10T10:43:50.470Z</time>
			</trkpt>
			<trkpt lat="40.36173" lon="-0.69544">
				<ele>1393.25</ele>
				<time>2026-09-10T10:43:56.966Z</time>
			</trkpt>
			<trkpt lat="40.36182" lon="-0.69528">
				<ele>1394.57</ele>
				<time>2026-09-10T10:43:59.778Z</time>
			</trkpt>
			<trkpt lat="40.36193" lon="-0.69512">
				<ele>1395.49</ele>
				<time>2026-09-10T10:44:02.933Z</time>
			</trkpt>
			<trkpt lat="40.36264" lon="-0.69417">
				<ele>1401.04</ele>
				<time>2026-09-10T10:44:24.302Z</time>
			</trkpt>
			<trkpt lat="40.36337" lon="-0.69321">
				<ele>1402.06</ele>
				<time>2026-09-10T10:44:47.735Z</time>
			</trkpt>
			<trkpt lat="40.36366" lon="-0.69269">
				<ele>1404.39</ele>
				<time>2026-09-10T10:44:58.764Z</time>
			</trkpt>
			<trkpt lat="40.36386" lon="-0.69312">
				<ele>1404.05</ele>
				<time>2026-09-10T10:45:07.107Z</time>
			</trkpt>
		</trkseg>
	</trk>
</gpx>