<?xml version="1.0" encoding="UTF-8"?>
<gpx version="1.1" creator="Kurviger" xmlns="http://www.topografix.com/GPX/1/1" xmlns:xsi="http://www.w3.org/2001/XMLSchema-instance" xsi:schemaLocation="http://www.topografix.com/GPX/1/1 http://www.topografix.com/GPX/1/1/gpx.xsd http://www.garmin.com/xmlschemas/GpxExtensions/v3 http://www.garmin.com/xmlschemas/GpxExtensionsv3.xsd http://www.garmin.com/xmlschemas/TripExtensions/v1 http://www.garmin.com/xmlschemas/TripExtensionsv1.xsd" xmlns:gpxx="http://www.garmin.com/xmlschemas/GpxExtensions/v3" xmlns:trp="http://www.garmin.com/xmlschemas/TripExtensions/v1">
	<metadata>
		<name>Dia 7 Camping Los Álamos, Alcalá de la Selva - Utiel</name>
		<copyright author="OpenStreetMap contributors"/>
		<link href="https://kurviger.com">
			<text>Kurviger.com GPX</text>
		</link>
		<time>2026-09-10T07:37:03.947Z</time>
	</metadata>
	<rte>
		<name>Dia 7 Camping Los Álamos, Alcalá de la Selva - Utiel</name>
		<extensions>
			<trp:Trip>
				<trp:TransportationMode>Motorcycling</trp:TransportationMode>
			</trp:Trip>
		</extensions>
		<rtept lat="40.36386" lon="-0.69312">
			<name>Start</name>
			<sym>Flag, Green</sym>
			<type>start</type>
			<extensions>
				<trp:ViaPoint>
					<trp:CalculationMode>Adventurous</trp:CalculationMode>
				</trp:ViaPoint>
			</extensions>
		</rtept>
		<rtept lat="40.37186" lon="-0.71986">
			<name>Via Point 1</name>
			<sym>Flag, Blue</sym>
			<type>via</type>
			<extensions>
				<trp:ViaPoint>
					<trp:CalculationMode>Adventurous</trp:CalculationMode>
				</trp:ViaPoint>
			</extensions>
		</rtept>
		<rtept lat="40.31727" lon="-0.80601">
			<name>Additional Waypoint</name>
			<sym>Waypoint</sym>
			<type>shaping</type>
			<extensions>
				<trp:ShapingPoint/>
			</extensions>
		</rtept>
		<rtept lat="40.25161" lon="-0.75357">
			<name>Via Point 2</name>
			<sym>Flag, Blue</sym>
			<type>via</type>
			<extensions>
				<trp:ViaPoint>
					<trp:CalculationMode>Adventurous</trp:CalculationMode>
				</trp:ViaPoint>
			</extensions>
		</rtept>
		<rtept lat="40.11645" lon="-0.7759">
			<name>Via Point 3</name>
			<sym>Flag, Blue</sym>
			<type>via</type>
			<extensions>
				<trp:ViaPoint>
					<trp:CalculationMode>Adventurous</trp:CalculationMode>
				</trp:ViaPoint>
			</extensions>
		</rtept>
		<rtept lat="40.05775" lon="-0.83023">
			<name>Via Point 4</name>
			<sym>Flag, Blue</sym>
			<type>via</type>
			<extensions>
				<trp:ViaPoint>
					<trp:CalculationMode>Adventurous</trp:CalculationMode>
				</trp:ViaPoint>
			</extensions>
		</rtept>
		<rtept lat="40.02355" lon="-0.95763">
			<name>Via Point 5</name>
			<sym>Flag, Blue</sym>
			<type>via</type>
			<extensions>
				<trp:ViaPoint>
					<trp:CalculationMode>Adventurous</trp:CalculationMode>
				</trp:ViaPoint>
			</extensions>
		</rtept>
		<rtept lat="39.99239" lon="-1.04308">
			<name>Via Point 6</name>
			<sym>Flag, Blue</sym>
			<type>via</type>
			<extensions>
				<trp:ViaPoint>
					<trp:CalculationMode>Adventurous</trp:CalculationMode>
				</trp:ViaPoint>
			</extensions>
		</rtept>
		<rtept lat="39.96654" lon="-1.09302">
			<name>Via Point 7</name>
			<sym>Flag, Blue</sym>
			<type>via</type>
			<extensions>
				<trp:ViaPoint>
					<trp:CalculationMode>Adventurous</trp:CalculationMode>
				</trp:ViaPoint>
			</extensions>
		</rtept>
		<rtept lat="39.92416" lon="-1.13332">
			<name>Via Point 8</name>
			<sym>Flag, Blue</sym>
			<type>via</type>
			<extensions>
				<trp:ViaPoint>
					<trp:CalculationMode>Adventurous</trp:CalculationMode>
				</trp:ViaPoint>
			</extensions>
		</rtept>
		<rtept lat="39.95591" lon="-1.25588">
			<name>Via Point 9</name>
			<sym>Flag, Blue</sym>
			<type>via</type>
			<extensions>
				<trp:ViaPoint>
					<trp:CalculationMode>Adventurous</trp:CalculationMode>
				</trp:ViaPoint>
			</extensions>
		</rtept>
		<rtept lat="39.90765" lon="-1.36858">
			<name>Via Point 10</name>
			<sym>Flag, Blue</sym>
			<type>via</type>
			<extensions>
				<trp:ViaPoint>
					<trp:CalculationMode>Adventurous</trp:CalculationMode>
				</trp:ViaPoint>
			</extensions>
		</rtept>
		<rtept lat="39.73259" lon="-1.2301">
			<name>Via Point 11</name>
			<sym>Flag, Blue</sym>
			<type>via</type>
			<extensions>
				<trp:ViaPoint>
					<trp:CalculationMode>Adventurous</trp:CalculationMode>
				</trp:ViaPoint>
			</extensions>
		</rtept>
		<rtept lat="39.59911" lon="-1.26847">
			<name>Additional Waypoint</name>
			<sym>Waypoint</sym>
			<type>shaping</type>
			<extensions>
				<trp:ShapingPoint/>
			</extensions>
		</rtept>
		<rtept lat="39.56803" lon="-1.20498">
			<name>Via Point 12</name>
			<sym>Flag, Blue</sym>
			<type>via</type>
			<extensions>
				<trp:ViaPoint>
					<trp:CalculationMode>Adventurous</trp:CalculationMode>
				</trp:ViaPoint>
			</extensions>
		</rtept>
		<rtept lat="39.57274" lon="-1.20668">
			<name>Destination</name>
			<sym>Flag, Red</sym>
			<type>destination</type>
			<extensions>
				<trp:ViaPoint/>
			</extensions>
		</rtept>
	</rte>
	<trk>
		<name>Dia 7 Camping Los Álamos, Alcalá de la Selva - Utiel</name>
		<trkseg>
			<trkpt lat="40.36386" lon="-0.69312">
				<ele>1404.05</ele>
				<time>2026-09-10T07:37:03.572Z</time>
			</trkpt>
			<trkpt lat="40.36366" lon="-0.69269">
				<ele>1404.39</ele>
				<time>2026-09-10T07:37:12.393Z</time>
			</trkpt>
			<trkpt lat="40.36337" lon="-0.69321">
				<ele>1402.06</ele>
				<time>2026-09-10T07:37:21.325Z</time>
			</trkpt>
			<trkpt lat="40.36193" lon="-0.69512">
				<ele>1395.49</ele>
				<time>2026-09-10T07:37:53.642Z</time>
			</trkpt>
			<trkpt lat="40.36182" lon="-0.69528">
				<ele>1394.57</ele>
				<time>2026-09-10T07:37:55.956Z</time>
			</trkpt>
			<trkpt lat="40.36173" lon="-0.69544">
				<ele>1393.25</ele>
				<time>2026-09-10T07:37:58.062Z</time>
			</trkpt>
			<trkpt lat="40.36162" lon="-0.69591">
				<ele>1391.22</ele>
				<time>2026-09-10T07:38:03.158Z</time>
			</trkpt>
			<trkpt lat="40.36158" lon="-0.69614">
				<ele>1391.89</ele>
				<time>2026-09-10T07:38:05.553Z</time>
			</trkpt>
			<trkpt lat="40.36157" lon="-0.69632">
				<ele>1393.12</ele>
				<time>2026-09-10T07:38:07.364Z</time>
			</trkpt>
			<trkpt lat="40.36164" lon="-0.69696">
				<ele>1400.06</ele>
				<time>2026-09-10T07:38:13.726Z</time>
			</trkpt>
			<trkpt lat="40.36166" lon="-0.69771">
				<ele>1402.24</ele>
				<time>2026-09-10T07:38:20.909Z</time>
			</trkpt>
			<trkpt lat="40.36163" lon="-0.69809">
				<ele>1399.29</ele>
				<time>2026-09-10T07:38:24.505Z</time>
			</trkpt>
			<trkpt lat="40.36165" lon="-0.69833">
				<ele>1399.95</ele>
				<time>2026-09-10T07:38:26.763Z</time>
			</trkpt>
			<trkpt lat="40.36184" lon="-0.69923">
				<ele>1396.73</ele>
				<time>2026-09-10T07:38:35.442Z</time>
			</trkpt>
			<trkpt lat="40.36186" lon="-0.69937">
				<ele>1395.98</ele>
				<time>2026-09-10T07:38:36.764Z</time>
			</trkpt>
			<trkpt lat="40.36184" lon="-0.69963">
				<ele>1395.91</ele>
				<time>2026-09-10T07:38:39.192Z</time>
			</trkpt>
			<trkpt lat="40.36151" lon="-0.70092">
				<ele>1394.08</ele>
				<time>2026-09-10T07:38:52.012Z</time>
			</trkpt>
			<trkpt lat="40.36156" lon="-0.70093">
				<ele>1393.9</ele>
				<time>2026-09-10T07:38:52.650Z</time>
			</trkpt>
			<trkpt lat="40.36162" lon="-0.70098">
				<ele>1393.56</ele>
				<time>2026-09-10T07:38:53.550Z</time>
			</trkpt>
			<trkpt lat="40.3617" lon="-0.7011">
				<ele>1393.03</ele>
				<time>2026-09-10T07:38:55.095Z</time>
			</trkpt>
			<trkpt lat="40.36215" lon="-0.70304">
				<ele>1389.31</ele>
				<time>2026-09-10T07:39:15.225Z</time>
			</trkpt>
			<trkpt lat="40.36221" lon="-0.70321">
				<ele>1388.81</ele>
				<time>2026-09-10T07:39:17.092Z</time>
			</trkpt>
			<trkpt lat="40.36226" lon="-0.70331">
				<ele>1388.8</ele>
				<time>2026-09-10T07:39:18.281Z</time>
			</trkpt>
			<trkpt lat="40.36243" lon="-0.70349">
				<ele>1389.44</ele>
				<time>2026-09-10T07:39:21.119Z</time>
			</trkpt>
			<trkpt lat="40.3634" lon="-0.70412">
				<ele>1387.36</ele>
				<time>2026-09-10T07:39:34.784Z</time>
			</trkpt>
			<trkpt lat="40.36375" lon="-0.70437">
				<ele>1388.33</ele>
				<time>2026-09-10T07:39:39.561Z</time>
			</trkpt>
			<trkpt lat="40.36388" lon="-0.70451">
				<ele>1388.28</ele>
				<time>2026-09-10T07:39:41.522Z</time>
			</trkpt>
			<trkpt lat="40.36414" lon="-0.70495">
				<ele>1388.23</ele>
				<time>2026-09-10T07:39:46.305Z</time>
			</trkpt>
			<trkpt lat="40.36428" lon="-0.70512">
				<ele>1388.74</ele>
				<time>2026-09-10T07:39:48.370Z</time>
			</trkpt>
			<trkpt lat="40.36446" lon="-0.70525">
				<ele>1389.71</ele>
				<time>2026-09-10T07:39:50.530Z</time>
			</trkpt>
			<trkpt lat="40.36516" lon="-0.70569">
				<ele>1383.8</ele>
				<time>2026-09-10T07:39:58.004Z</time>
			</trkpt>
			<trkpt lat="40.36538" lon="-0.70589">
				<ele>1381.57</ele>
				<time>2026-09-10T07:40:00.300Z</time>
			</trkpt>
			<trkpt lat="40.36543" lon="-0.706">
				<ele>1380.94</ele>
				<time>2026-09-10T07:40:01.098Z</time>
			</trkpt>
			<trkpt lat="40.36554" lon="-0.7062">
				<ele>1380.61</ele>
				<time>2026-09-10T07:40:02.574Z</time>
			</trkpt>
			<trkpt lat="40.36565" lon="-0.70645">
				<ele>1381.02</ele>
				<time>2026-09-10T07:40:04.193Z</time>
			</trkpt>
			<trkpt lat="40.36569" lon="-0.70647">
				<ele>1381.33</ele>
				<time>2026-09-10T07:40:04.495Z</time>
			</trkpt>
			<trkpt lat="40.36574" lon="-0.70654">
				<ele>1381.65</ele>
				<time>2026-09-10T07:40:05.003Z</time>
			</trkpt>
			<trkpt lat="40.36575" lon="-0.70663">
				<ele>1381.52</ele>
				<time>2026-09-10T07:40:05.476Z</time>
			</trkpt>
			<trkpt lat="40.3657" lon="-0.70673">
				<ele>1380.68</ele>
				<time>2026-09-10T07:40:06.087Z</time>
			</trkpt>
			<trkpt lat="40.36567" lon="-0.70692">
				<ele>1379.1</ele>
				<time>2026-09-10T07:40:07.050Z</time>
			</trkpt>
			<trkpt lat="40.36567" lon="-0.70721">
				<ele>1376.93</ele>
				<time>2026-09-10T07:40:08.428Z</time>
			</trkpt>
			<trkpt lat="40.3657" lon="-0.70765">
				<ele>1377.13</ele>
				<time>2026-09-10T07:40:10.399Z</time>
			</trkpt>
			<trkpt lat="40.36577" lon="-0.70803">
				<ele>1379.13</ele>
				<time>2026-09-10T07:40:12.027Z</time>
			</trkpt>
			<trkpt lat="40.36582" lon="-0.70817">
				<ele>1380.27</ele>
				<time>2026-09-10T07:40:12.645Z</time>
			</trkpt>
			<trkpt lat="40.3665" lon="-0.70975">
				<ele>1375.67</ele>
				<time>2026-09-10T07:40:19.093Z</time>
			</trkpt>
			<trkpt lat="40.36749" lon="-0.71231">
				<ele>1374.58</ele>
				<time>2026-09-10T07:40:28.836Z</time>
			</trkpt>
			<trkpt lat="40.36759" lon="-0.7125">
				<ele>1375.33</ele>
				<time>2026-09-10T07:40:29.733Z</time>
			</trkpt>
			<trkpt lat="40.36766" lon="-0.71262">
				<ele>1375.61</ele>
				<time>2026-09-10T07:40:30.336Z</time>
			</trkpt>
			<trkpt lat="40.36788" lon="-0.71286">
				<ele>1376.54</ele>
				<time>2026-09-10T07:40:31.898Z</time>
			</trkpt>
			<trkpt lat="40.36811" lon="-0.71308">
				<ele>1375.53</ele>
				<time>2026-09-10T07:40:33.549Z</time>
			</trkpt>
			<trkpt lat="40.36822" lon="-0.71315">
				<ele>1374.5</ele>
				<time>2026-09-10T07:40:34.292Z</time>
			</trkpt>
			<trkpt lat="40.36845" lon="-0.71333">
				<ele>1375.16</ele>
				<time>2026-09-10T07:40:35.993Z</time>
			</trkpt>
			<trkpt lat="40.36844" lon="-0.71336">
				<ele>1375.2</ele>
				<time>2026-09-10T07:40:36.181Z</time>
			</trkpt>
			<trkpt lat="40.3685" lon="-0.71342">
				<ele>1376.88</ele>
				<time>2026-09-10T07:40:36.753Z</time>
			</trkpt>
			<trkpt lat="40.36858" lon="-0.71373">
				<ele>1380.3</ele>
				<time>2026-09-10T07:40:38.453Z</time>
			</trkpt>
			<trkpt lat="40.36863" lon="-0.71384">
				<ele>1379.78</ele>
				<time>2026-09-10T07:40:39.046Z</time>
			</trkpt>
			<trkpt lat="40.36876" lon="-0.71404">
				<ele>1377.59</ele>
				<time>2026-09-10T07:40:40.155Z</time>
			</trkpt>
			<trkpt lat="40.3692" lon="-0.71443">
				<ele>1380.61</ele>
				<time>2026-09-10T07:40:42.591Z</time>
			</trkpt>
			<trkpt lat="40.36937" lon="-0.71464">
				<ele>1380.79</ele>
				<time>2026-09-10T07:40:43.534Z</time>
			</trkpt>
			<trkpt lat="40.37014" lon="-0.71577">
				<ele>1385.61</ele>
				<time>2026-09-10T07:40:48.910Z</time>
			</trkpt>
			<trkpt lat="40.37054" lon="-0.71649">
				<ele>1388.38</ele>
				<time>2026-09-10T07:40:54.178Z</time>
			</trkpt>
			<trkpt lat="40.3706" lon="-0.71664">
				<ele>1388.54</ele>
				<time>2026-09-10T07:40:55.480Z</time>
			</trkpt>
			<trkpt lat="40.37071" lon="-0.71702">
				<ele>1388.64</ele>
				<time>2026-09-10T07:40:59.087Z</time>
			</trkpt>
			<trkpt lat="40.37078" lon="-0.71761">
				<ele>1381.75</ele>
				<time>2026-09-10T07:41:05.810Z</time>
			</trkpt>
			<trkpt lat="40.37089" lon="-0.718">
				<ele>1378.24</ele>
				<time>2026-09-10T07:41:11.655Z</time>
			</trkpt>
			<trkpt lat="40.37096" lon="-0.71801">
				<ele>1382.34</ele>
				<time>2026-09-10T07:41:14.985Z</time>
			</trkpt>
			<trkpt lat="40.37102" lon="-0.71811">
				<ele>1385.38</ele>
				<time>2026-09-10T07:41:27.955Z</time>
			</trkpt>
			<trkpt lat="40.37114" lon="-0.7182">
				<ele>1393.05</ele>
				<time>2026-09-10T07:41:55.149Z</time>
			</trkpt>
			<trkpt lat="40.37117" lon="-0.7183">
				<ele>1394.43</ele>
				<time>2026-09-10T07:42:11.147Z</time>
			</trkpt>
			<trkpt lat="40.37116" lon="-0.71835">
				<ele>1394.01</ele>
				<time>2026-09-10T07:42:17.740Z</time>
			</trkpt>
			<trkpt lat="40.37134" lon="-0.7184">
				<ele>1401.69</ele>
				<time>2026-09-10T07:42:36.964Z</time>
			</trkpt>
			<trkpt lat="40.37138" lon="-0.71873">
				<ele>1403.16</ele>
				<time>2026-09-10T07:43:00.163Z</time>
			</trkpt>
			<trkpt lat="40.37141" lon="-0.71882">
				<ele>1403.3</ele>
				<time>2026-09-10T07:43:07.054Z</time>
			</trkpt>
			<trkpt lat="40.3718" lon="-0.71975">
				<ele>1406.46</ele>
				<time>2026-09-10T07:44:21.516Z</time>
			</trkpt>
			<trkpt lat="40.37186" lon="-0.71986">
				<ele>1409.4</ele>
				<time>2026-09-10T07:44:31.005Z</time>
			</trkpt>
			<trkpt lat="40.37197" lon="-0.72003">
				<ele>1412.33</ele>
				<time>2026-09-10T07:44:46.954Z</time>
			</trkpt>
			<trkpt lat="40.37207" lon="-0.72013">
				<ele>1413.19</ele>
				<time>2026-09-10T07:44:59.423Z</time>
			</trkpt>
			<trkpt lat="40.37217" lon="-0.72014">
				<ele>1413.41</ele>
				<time>2026-09-10T07:45:09.449Z</time>
			</trkpt>
			<trkpt lat="40.37222" lon="-0.72016">
				<ele>1413.43</ele>
				<time>2026-09-10T07:45:14.603Z</time>
			</trkpt>
			<trkpt lat="40.37237" lon="-0.7203">
				<ele>1407.33</ele>
				<time>2026-09-10T07:45:31.708Z</time>
			</trkpt>
			<trkpt lat="40.37246" lon="-0.72036">
				<ele>1403.85</ele>
				<time>2026-09-10T07:45:39.963Z</time>
			</trkpt>
			<trkpt lat="40.37265" lon="-0.72054">
				<ele>1394.71</ele>
				<time>2026-09-10T07:45:56.110Z</time>
			</trkpt>
			<trkpt lat="40.37269" lon="-0.72061">
				<ele>1392.52</ele>
				<time>2026-09-10T07:46:00.587Z</time>
			</trkpt>
			<trkpt lat="40.3727" lon="-0.72067">
				<ele>1391.65</ele>
				<time>2026-09-10T07:46:03.721Z</time>
			</trkpt>
			<trkpt lat="40.3727" lon="-0.72099">
				<ele>1390.71</ele>
				<time>2026-09-10T07:46:19.895Z</time>
			</trkpt>
			<trkpt lat="40.37271" lon="-0.72109">
				<ele>1389.29</ele>
				<time>2026-09-10T07:46:24.925Z</time>
			</trkpt>
			<trkpt lat="40.3727" lon="-0.72129">
				<ele>1388.16</ele>
				<time>2026-09-10T07:46:34.797Z</time>
			</trkpt>
			<trkpt lat="40.37266" lon="-0.72154">
				<ele>1386.51</ele>
				<time>2026-09-10T07:46:47.095Z</time>
			</trkpt>
			<trkpt lat="40.37264" lon="-0.72176">
				<ele>1382.69</ele>
				<time>2026-09-10T07:46:57.454Z</time>
			</trkpt>
			<trkpt lat="40.3726" lon="-0.72185">
				<ele>1381.77</ele>
				<time>2026-09-10T07:47:02.214Z</time>
			</trkpt>
			<trkpt lat="40.37248" lon="-0.72201">
				<ele>1380.62</ele>
				<time>2026-09-10T07:47:12.195Z</time>
			</trkpt>
			<trkpt lat="40.37243" lon="-0.72213">
				<ele>1379.99</ele>
				<time>2026-09-10T07:47:18.077Z</time>
			</trkpt>
			<trkpt lat="40.37241" lon="-0.72247">
				<ele>1377.71</ele>
				<time>2026-09-10T07:47:32.004Z</time>
			</trkpt>
			<trkpt lat="40.37215" lon="-0.72296">
				<ele>1373.16</ele>
				<time>2026-09-10T07:47:53.434Z</time>
			</trkpt>
			<trkpt lat="40.37204" lon="-0.72307">
				<ele>1372.68</ele>
				<time>2026-09-10T07:47:59.091Z</time>
			</trkpt>
			<trkpt lat="40.3718" lon="-0.72311">
				<ele>1374.55</ele>
				<time>2026-09-10T07:48:07.904Z</time>
			</trkpt>
			<trkpt lat="40.37148" lon="-0.72311">
				<ele>1375.47</ele>
				<time>2026-09-10T07:48:17.244Z</time>
			</trkpt>
			<trkpt lat="40.37128" lon="-0.72315">
				<ele>1373.56</ele>
				<time>2026-09-10T07:48:21.658Z</time>
			</trkpt>
			<trkpt lat="40.37114" lon="-0.72321">
				<ele>1371.19</ele>
				<time>2026-09-10T07:48:24.091Z</time>
			</trkpt>
			<trkpt lat="40.37125" lon="-0.72372">
				<ele>1364.31</ele>
				<time>2026-09-10T07:48:28.356Z</time>
			</trkpt>
			<trkpt lat="40.37126" lon="-0.72396">
				<ele>1365.05</ele>
				<time>2026-09-10T07:48:29.973Z</time>
			</trkpt>
			<trkpt lat="40.37122" lon="-0.72412">
				<ele>1366.12</ele>
				<time>2026-09-10T07:48:31.027Z</time>
			</trkpt>
			<trkpt lat="40.37113" lon="-0.72429">
				<ele>1366.06</ele>
				<time>2026-09-10T07:48:32.240Z</time>
			</trkpt>
			<trkpt lat="40.37107" lon="-0.72436">
				<ele>1365.81</ele>
				<time>2026-09-10T07:48:32.824Z</time>
			</trkpt>
			<trkpt lat="40.37065" lon="-0.72449">
				<ele>1361.86</ele>
				<time>2026-09-10T07:48:35.627Z</time>
			</trkpt>
			<trkpt lat="40.37058" lon="-0.72458">
				<ele>1361.06</ele>
				<time>2026-09-10T07:48:36.193Z</time>
			</trkpt>
			<trkpt lat="40.37058" lon="-0.72468">
				<ele>1360.78</ele>
				<time>2026-09-10T07:48:36.618Z</time>
			</trkpt>
			<trkpt lat="40.37065" lon="-0.72495">
				<ele>1365.12</ele>
				<time>2026-09-10T07:48:37.764Z</time>
			</trkpt>
			<trkpt lat="40.3707" lon="-0.72535">
				<ele>1371.53</ele>
				<time>2026-09-10T07:48:39.250Z</time>
			</trkpt>
			<trkpt lat="40.3707" lon="-0.72546">
				<ele>1371.36</ele>
				<time>2026-09-10T07:48:39.631Z</time>
			</trkpt>
			<trkpt lat="40.37062" lon="-0.72585">
				<ele>1365.11</ele>
				<time>2026-09-10T07:48:40.971Z</time>
			</trkpt>
			<trkpt lat="40.3704" lon="-0.72629">
				<ele>1356.68</ele>
				<time>2026-09-10T07:48:42.649Z</time>
			</trkpt>
			<trkpt lat="40.37021" lon="-0.72661">
				<ele>1353.97</ele>
				<time>2026-09-10T07:48:43.956Z</time>
			</trkpt>
			<trkpt lat="40.37013" lon="-0.72669">
				<ele>1353.16</ele>
				<time>2026-09-10T07:48:44.394Z</time>
			</trkpt>
			<trkpt lat="40.37" lon="-0.72679">
				<ele>1350.84</ele>
				<time>2026-09-10T07:48:45.068Z</time>
			</trkpt>
			<trkpt lat="40.36968" lon="-0.72692">
				<ele>1345.61</ele>
				<time>2026-09-10T07:48:46.672Z</time>
			</trkpt>
			<trkpt lat="40.36959" lon="-0.72701">
				<ele>1344.86</ele>
				<time>2026-09-10T07:48:47.255Z</time>
			</trkpt>
			<trkpt lat="40.36955" lon="-0.72711">
				<ele>1344.73</ele>
				<time>2026-09-10T07:48:47.716Z</time>
			</trkpt>
			<trkpt lat="40.36945" lon="-0.72711">
				<ele>1343.7</ele>
				<time>2026-09-10T07:48:48.271Z</time>
			</trkpt>
			<trkpt lat="40.36913" lon="-0.72714">
				<ele>1344.43</ele>
				<time>2026-09-10T07:48:50.121Z</time>
			</trkpt>
			<trkpt lat="40.369" lon="-0.72712">
				<ele>1345.85</ele>
				<time>2026-09-10T07:48:50.877Z</time>
			</trkpt>
			<trkpt lat="40.36749" lon="-0.72654">
				<ele>1343.85</ele>
				<time>2026-09-10T07:48:59.964Z</time>
			</trkpt>
			<trkpt lat="40.36728" lon="-0.72648">
				<ele>1343.17</ele>
				<time>2026-09-10T07:49:01.206Z</time>
			</trkpt>
			<trkpt lat="40.3671" lon="-0.72648">
				<ele>1344.69</ele>
				<time>2026-09-10T07:49:02.246Z</time>
			</trkpt>
			<trkpt lat="40.36693" lon="-0.72654">
				<ele>1346.99</ele>
				<time>2026-09-10T07:49:03.263Z</time>
			</trkpt>
			<trkpt lat="40.36677" lon="-0.72665">
				<ele>1345.84</ele>
				<time>2026-09-10T07:49:04.306Z</time>
			</trkpt>
			<trkpt lat="40.366" lon="-0.7274">
				<ele>1339.08</ele>
				<time>2026-09-10T07:49:09.847Z</time>
			</trkpt>
			<trkpt lat="40.36591" lon="-0.7275">
				<ele>1337.96</ele>
				<time>2026-09-10T07:49:10.529Z</time>
			</trkpt>
			<trkpt lat="40.36585" lon="-0.7276">
				<ele>1336.88</ele>
				<time>2026-09-10T07:49:11.090Z</time>
			</trkpt>
			<trkpt lat="40.36583" lon="-0.72765">
				<ele>1336.66</ele>
				<time>2026-09-10T07:49:11.338Z</time>
			</trkpt>
			<trkpt lat="40.36583" lon="-0.72776">
				<ele>1336.97</ele>
				<time>2026-09-10T07:49:11.823Z</time>
			</trkpt>
			<trkpt lat="40.36588" lon="-0.72793">
				<ele>1336.73</ele>
				<time>2026-09-10T07:49:12.625Z</time>
			</trkpt>
			<trkpt lat="40.36611" lon="-0.72843">
				<ele>1339.01</ele>
				<time>2026-09-10T07:49:15.198Z</time>
			</trkpt>
			<trkpt lat="40.36655" lon="-0.72909">
				<ele>1339.3</ele>
				<time>2026-09-10T07:49:19.061Z</time>
			</trkpt>
			<trkpt lat="40.3666" lon="-0.7292">
				<ele>1339.69</ele>
				<time>2026-09-10T07:49:19.625Z</time>
			</trkpt>
			<trkpt lat="40.36666" lon="-0.7294">
				<ele>1340.98</ele>
				<time>2026-09-10T07:49:20.572Z</time>
			</trkpt>
			<trkpt lat="40.36667" lon="-0.72961">
				<ele>1341.68</ele>
				<time>2026-09-10T07:49:21.499Z</time>
			</trkpt>
			<trkpt lat="40.36664" lon="-0.72973">
				<ele>1341.63</ele>
				<time>2026-09-10T07:49:22.055Z</time>
			</trkpt>
			<trkpt lat="40.36652" lon="-0.7301">
				<ele>1340.48</ele>
				<time>2026-09-10T07:49:23.827Z</time>
			</trkpt>
			<trkpt lat="40.36648" lon="-0.73032">
				<ele>1340.82</ele>
				<time>2026-09-10T07:49:24.824Z</time>
			</trkpt>
			<trkpt lat="40.3664" lon="-0.73126">
				<ele>1339.4</ele>
				<time>2026-09-10T07:49:28.992Z</time>
			</trkpt>
			<trkpt lat="40.36634" lon="-0.73165">
				<ele>1340.11</ele>
				<time>2026-09-10T07:49:30.745Z</time>
			</trkpt>
			<trkpt lat="40.36624" lon="-0.73213">
				<ele>1339.33</ele>
				<time>2026-09-10T07:49:32.939Z</time>
			</trkpt>
			<trkpt lat="40.36617" lon="-0.73313">
				<ele>1338</ele>
				<time>2026-09-10T07:49:37.365Z</time>
			</trkpt>
			<trkpt lat="40.36613" lon="-0.7334">
				<ele>1338.8</ele>
				<time>2026-09-10T07:49:38.578Z</time>
			</trkpt>
			<trkpt lat="40.36602" lon="-0.73364">
				<ele>1339.33</ele>
				<time>2026-09-10T07:49:39.813Z</time>
			</trkpt>
			<trkpt lat="40.36588" lon="-0.73382">
				<ele>1341.75</ele>
				<time>2026-09-10T07:49:40.947Z</time>
			</trkpt>
			<trkpt lat="40.36553" lon="-0.73405">
				<ele>1338.62</ele>
				<time>2026-09-10T07:49:43.213Z</time>
			</trkpt>
			<trkpt lat="40.36523" lon="-0.73428">
				<ele>1333.73</ele>
				<time>2026-09-10T07:49:45.223Z</time>
			</trkpt>
			<trkpt lat="40.36513" lon="-0.73439">
				<ele>1332.25</ele>
				<time>2026-09-10T07:49:45.979Z</time>
			</trkpt>
			<trkpt lat="40.36503" lon="-0.73452">
				<ele>1330.96</ele>
				<time>2026-09-10T07:49:46.793Z</time>
			</trkpt>
			<trkpt lat="40.36494" lon="-0.73471">
				<ele>1331.12</ele>
				<time>2026-09-10T07:49:47.780Z</time>
			</trkpt>
			<trkpt lat="40.36487" lon="-0.73496">
				<ele>1331.56</ele>
				<time>2026-09-10T07:49:48.955Z</time>
			</trkpt>
			<trkpt lat="40.36482" lon="-0.73522">
				<ele>1331.56</ele>
				<time>2026-09-10T07:49:50.138Z</time>
			</trkpt>
			<trkpt lat="40.36476" lon="-0.73558">
				<ele>1330.92</ele>
				<time>2026-09-10T07:49:51.763Z</time>
			</trkpt>
			<trkpt lat="40.36471" lon="-0.73615">
				<ele>1334.99</ele>
				<time>2026-09-10T07:49:54.295Z</time>
			</trkpt>
			<trkpt lat="40.36472" lon="-0.7366">
				<ele>1335.3</ele>
				<time>2026-09-10T07:49:56.281Z</time>
			</trkpt>
			<trkpt lat="40.36478" lon="-0.73695">
				<ele>1332.31</ele>
				<time>2026-09-10T07:49:57.864Z</time>
			</trkpt>
			<trkpt lat="40.36494" lon="-0.73773">
				<ele>1336.42</ele>
				<time>2026-09-10T07:50:01.428Z</time>
			</trkpt>
			<trkpt lat="40.36499" lon="-0.73793">
				<ele>1337.38</ele>
				<time>2026-09-10T07:50:02.357Z</time>
			</trkpt>
			<trkpt lat="40.36506" lon="-0.73811">
				<ele>1337.87</ele>
				<time>2026-09-10T07:50:03.249Z</time>
			</trkpt>
			<trkpt lat="40.36515" lon="-0.73826">
				<ele>1338.72</ele>
				<time>2026-09-10T07:50:04.092Z</time>
			</trkpt>
			<trkpt lat="40.36523" lon="-0.73835">
				<ele>1339.37</ele>
				<time>2026-09-10T07:50:04.702Z</time>
			</trkpt>
			<trkpt lat="40.36642" lon="-0.73946">
				<ele>1351.43</ele>
				<time>2026-09-10T07:50:13.160Z</time>
			</trkpt>
			<trkpt lat="40.36704" lon="-0.74007">
				<ele>1361.81</ele>
				<time>2026-09-10T07:50:17.651Z</time>
			</trkpt>
			<trkpt lat="40.3672" lon="-0.74025">
				<ele>1363.86</ele>
				<time>2026-09-10T07:50:18.872Z</time>
			</trkpt>
			<trkpt lat="40.36734" lon="-0.74047">
				<ele>1364.27</ele>
				<time>2026-09-10T07:50:20.138Z</time>
			</trkpt>
			<trkpt lat="40.36739" lon="-0.74063">
				<ele>1364.64</ele>
				<time>2026-09-10T07:50:20.902Z</time>
			</trkpt>
			<trkpt lat="40.3674" lon="-0.7409">
				<ele>1365.88</ele>
				<time>2026-09-10T07:50:22.095Z</time>
			</trkpt>
			<trkpt lat="40.36733" lon="-0.74173">
				<ele>1370.96</ele>
				<time>2026-09-10T07:50:25.784Z</time>
			</trkpt>
			<trkpt lat="40.36732" lon="-0.74217">
				<ele>1371.55</ele>
				<time>2026-09-10T07:50:27.728Z</time>
			</trkpt>
			<trkpt lat="40.36734" lon="-0.74232">
				<ele>1371.78</ele>
				<time>2026-09-10T07:50:28.401Z</time>
			</trkpt>
			<trkpt lat="40.36758" lon="-0.74335">
				<ele>1374.61</ele>
				<time>2026-09-10T07:50:33.159Z</time>
			</trkpt>
			<trkpt lat="40.36759" lon="-0.74351">
				<ele>1374.74</ele>
				<time>2026-09-10T07:50:33.868Z</time>
			</trkpt>
			<trkpt lat="40.36752" lon="-0.74376">
				<ele>1373.17</ele>
				<time>2026-09-10T07:50:35.045Z</time>
			</trkpt>
			<trkpt lat="40.36737" lon="-0.74407">
				<ele>1374.41</ele>
				<time>2026-09-10T07:50:36.668Z</time>
			</trkpt>
			<trkpt lat="40.36724" lon="-0.74421">
				<ele>1376.29</ele>
				<time>2026-09-10T07:50:37.643Z</time>
			</trkpt>
			<trkpt lat="40.36716" lon="-0.74421">
				<ele>1377.15</ele>
				<time>2026-09-10T07:50:38.107Z</time>
			</trkpt>
			<trkpt lat="40.36704" lon="-0.74416">
				<ele>1377.81</ele>
				<time>2026-09-10T07:50:38.837Z</time>
			</trkpt>
			<trkpt lat="40.3667" lon="-0.74397">
				<ele>1376.58</ele>
				<time>2026-09-10T07:50:40.981Z</time>
			</trkpt>
			<trkpt lat="40.3665" lon="-0.7439">
				<ele>1374.69</ele>
				<time>2026-09-10T07:50:42.181Z</time>
			</trkpt>
			<trkpt lat="40.36611" lon="-0.74384">
				<ele>1376.82</ele>
				<time>2026-09-10T07:50:44.459Z</time>
			</trkpt>
			<trkpt lat="40.366" lon="-0.7438">
				<ele>1377.66</ele>
				<time>2026-09-10T07:50:45.121Z</time>
			</trkpt>
			<trkpt lat="40.3655" lon="-0.74354">
				<ele>1378.61</ele>
				<time>2026-09-10T07:50:48.241Z</time>
			</trkpt>
			<trkpt lat="40.36484" lon="-0.74342">
				<ele>1378.19</ele>
				<time>2026-09-10T07:50:52.107Z</time>
			</trkpt>
			<trkpt lat="40.36472" lon="-0.74337">
				<ele>1377.75</ele>
				<time>2026-09-10T07:50:52.838Z</time>
			</trkpt>
			<trkpt lat="40.36458" lon="-0.74326">
				<ele>1380.22</ele>
				<time>2026-09-10T07:50:53.785Z</time>
			</trkpt>
			<trkpt lat="40.36425" lon="-0.74296">
				<ele>1382.5</ele>
				<time>2026-09-10T07:50:56.114Z</time>
			</trkpt>
			<trkpt lat="40.36378" lon="-0.74243">
				<ele>1377.45</ele>
				<time>2026-09-10T07:50:59.710Z</time>
			</trkpt>
			<trkpt lat="40.36362" lon="-0.74234">
				<ele>1377.01</ele>
				<time>2026-09-10T07:51:00.721Z</time>
			</trkpt>
			<trkpt lat="40.36346" lon="-0.74228">
				<ele>1375.78</ele>
				<time>2026-09-10T07:51:01.686Z</time>
			</trkpt>
			<trkpt lat="40.36325" lon="-0.74228">
				<ele>1375.88</ele>
				<time>2026-09-10T07:51:02.905Z</time>
			</trkpt>
			<trkpt lat="40.36316" lon="-0.74231">
				<ele>1376.11</ele>
				<time>2026-09-10T07:51:03.444Z</time>
			</trkpt>
			<trkpt lat="40.36255" lon="-0.74264">
				<ele>1387.43</ele>
				<time>2026-09-10T07:51:07.274Z</time>
			</trkpt>
			<trkpt lat="40.36241" lon="-0.7427">
				<ele>1388.52</ele>
				<time>2026-09-10T07:51:08.129Z</time>
			</trkpt>
			<trkpt lat="40.36208" lon="-0.74279">
				<ele>1389.64</ele>
				<time>2026-09-10T07:51:10.086Z</time>
			</trkpt>
			<trkpt lat="40.36189" lon="-0.74281">
				<ele>1391.3</ele>
				<time>2026-09-10T07:51:11.193Z</time>
			</trkpt>
			<trkpt lat="40.36125" lon="-0.74274">
				<ele>1394.69</ele>
				<time>2026-09-10T07:51:14.922Z</time>
			</trkpt>
			<trkpt lat="40.36117" lon="-0.74275">
				<ele>1394.5</ele>
				<time>2026-09-10T07:51:15.388Z</time>
			</trkpt>
			<trkpt lat="40.36102" lon="-0.74281">
				<ele>1395.52</ele>
				<time>2026-09-10T07:51:16.299Z</time>
			</trkpt>
			<trkpt lat="40.36079" lon="-0.74298">
				<ele>1398.73</ele>
				<time>2026-09-10T07:51:17.832Z</time>
			</trkpt>
			<trkpt lat="40.36061" lon="-0.74315">
				<ele>1400.71</ele>
				<time>2026-09-10T07:51:19.120Z</time>
			</trkpt>
			<trkpt lat="40.3605" lon="-0.74328">
				<ele>1401.89</ele>
				<time>2026-09-10T07:51:19.979Z</time>
			</trkpt>
			<trkpt lat="40.35967" lon="-0.74449">
				<ele>1410.03</ele>
				<time>2026-09-10T07:51:27.185Z</time>
			</trkpt>
			<trkpt lat="40.35948" lon="-0.74481">
				<ele>1410.7</ele>
				<time>2026-09-10T07:51:28.981Z</time>
			</trkpt>
			<trkpt lat="40.35922" lon="-0.74541">
				<ele>1413.76</ele>
				<time>2026-09-10T07:51:32.036Z</time>
			</trkpt>
			<trkpt lat="40.35913" lon="-0.74572">
				<ele>1415.45</ele>
				<time>2026-09-10T07:51:33.505Z</time>
			</trkpt>
			<trkpt lat="40.35897" lon="-0.74654">
				<ele>1421.87</ele>
				<time>2026-09-10T07:51:37.252Z</time>
			</trkpt>
			<trkpt lat="40.3589" lon="-0.74676">
				<ele>1423.99</ele>
				<time>2026-09-10T07:51:38.308Z</time>
			</trkpt>
			<trkpt lat="40.35873" lon="-0.74698">
				<ele>1424.95</ele>
				<time>2026-09-10T07:51:39.695Z</time>
			</trkpt>
			<trkpt lat="40.35844" lon="-0.74728">
				<ele>1424.87</ele>
				<time>2026-09-10T07:51:41.841Z</time>
			</trkpt>
			<trkpt lat="40.35834" lon="-0.74743">
				<ele>1425.25</ele>
				<time>2026-09-10T07:51:42.723Z</time>
			</trkpt>
			<trkpt lat="40.35805" lon="-0.74816">
				<ele>1428.42</ele>
				<time>2026-09-10T07:51:46.369Z</time>
			</trkpt>
			<trkpt lat="40.35774" lon="-0.74873">
				<ele>1432.81</ele>
				<time>2026-09-10T07:51:49.471Z</time>
			</trkpt>
			<trkpt lat="40.35724" lon="-0.74986">
				<ele>1446.12</ele>
				<time>2026-09-10T07:51:55.258Z</time>
			</trkpt>
			<trkpt lat="40.35715" lon="-0.75014">
				<ele>1448.23</ele>
				<time>2026-09-10T07:51:56.605Z</time>
			</trkpt>
			<trkpt lat="40.35708" lon="-0.75058">
				<ele>1449.94</ele>
				<time>2026-09-10T07:51:58.596Z</time>
			</trkpt>
			<trkpt lat="40.35709" lon="-0.75073">
				<ele>1449.83</ele>
				<time>2026-09-10T07:51:59.263Z</time>
			</trkpt>
			<trkpt lat="40.35714" lon="-0.75088">
				<ele>1449.95</ele>
				<time>2026-09-10T07:51:59.988Z</time>
			</trkpt>
			<trkpt lat="40.35722" lon="-0.75106">
				<ele>1450.22</ele>
				<time>2026-09-10T07:52:00.912Z</time>
			</trkpt>
			<trkpt lat="40.35737" lon="-0.75156">
				<ele>1451.33</ele>
				<time>2026-09-10T07:52:03.292Z</time>
			</trkpt>
			<trkpt lat="40.35741" lon="-0.75183">
				<ele>1451.66</ele>
				<time>2026-09-10T07:52:04.511Z</time>
			</trkpt>
			<trkpt lat="40.35742" lon="-0.75195">
				<ele>1451.57</ele>
				<time>2026-09-10T07:52:05.046Z</time>
			</trkpt>
			<trkpt lat="40.3574" lon="-0.75214">
				<ele>1451.19</ele>
				<time>2026-09-10T07:52:05.896Z</time>
			</trkpt>
			<trkpt lat="40.35732" lon="-0.75257">
				<ele>1448.37</ele>
				<time>2026-09-10T07:52:07.857Z</time>
			</trkpt>
			<trkpt lat="40.35704" lon="-0.7535">
				<ele>1444.84</ele>
				<time>2026-09-10T07:52:12.288Z</time>
			</trkpt>
			<trkpt lat="40.35644" lon="-0.7554">
				<ele>1437.92</ele>
				<time>2026-09-10T07:52:21.404Z</time>
			</trkpt>
			<trkpt lat="40.35634" lon="-0.75555">
				<ele>1436.59</ele>
				<time>2026-09-10T07:52:22.287Z</time>
			</trkpt>
			<trkpt lat="40.35623" lon="-0.75564">
				<ele>1436.97</ele>
				<time>2026-09-10T07:52:23.041Z</time>
			</trkpt>
			<trkpt lat="40.356" lon="-0.7557">
				<ele>1436.76</ele>
				<time>2026-09-10T07:52:24.405Z</time>
			</trkpt>
			<trkpt lat="40.35563" lon="-0.7557">
				<ele>1434.73</ele>
				<time>2026-09-10T07:52:26.558Z</time>
			</trkpt>
			<trkpt lat="40.35542" lon="-0.75577">
				<ele>1433.69</ele>
				<time>2026-09-10T07:52:27.818Z</time>
			</trkpt>
			<trkpt lat="40.35528" lon="-0.75585">
				<ele>1433.17</ele>
				<time>2026-09-10T07:52:28.707Z</time>
			</trkpt>
			<trkpt lat="40.35498" lon="-0.75606">
				<ele>1432.27</ele>
				<time>2026-09-10T07:52:30.685Z</time>
			</trkpt>
			<trkpt lat="40.35475" lon="-0.75627">
				<ele>1432.63</ele>
				<time>2026-09-10T07:52:32.315Z</time>
			</trkpt>
			<trkpt lat="40.35461" lon="-0.75648">
				<ele>1433.57</ele>
				<time>2026-09-10T07:52:33.552Z</time>
			</trkpt>
			<trkpt lat="40.35449" lon="-0.75667">
				<ele>1434.72</ele>
				<time>2026-09-10T07:52:34.646Z</time>
			</trkpt>
			<trkpt lat="40.35413" lon="-0.75739">
				<ele>1437.76</ele>
				<time>2026-09-10T07:52:38.465Z</time>
			</trkpt>
			<trkpt lat="40.35371" lon="-0.75841">
				<ele>1442.89</ele>
				<time>2026-09-10T07:52:43.606Z</time>
			</trkpt>
			<trkpt lat="40.35338" lon="-0.75902">
				<ele>1440.95</ele>
				<time>2026-09-10T07:52:46.924Z</time>
			</trkpt>
			<trkpt lat="40.35333" lon="-0.75925">
				<ele>1442.04</ele>
				<time>2026-09-10T07:52:47.985Z</time>
			</trkpt>
			<trkpt lat="40.35333" lon="-0.75937">
				<ele>1443.18</ele>
				<time>2026-09-10T07:52:48.517Z</time>
			</trkpt>
			<trkpt lat="40.35335" lon="-0.75948">
				<ele>1444.98</ele>
				<time>2026-09-10T07:52:49.019Z</time>
			</trkpt>
			<trkpt lat="40.3535" lon="-0.76011">
				<ele>1455.58</ele>
				<time>2026-09-10T07:52:51.946Z</time>
			</trkpt>
			<trkpt lat="40.35387" lon="-0.76135">
				<ele>1462.1</ele>
				<time>2026-09-10T07:52:57.854Z</time>
			</trkpt>
			<trkpt lat="40.35397" lon="-0.76175">
				<ele>1459.67</ele>
				<time>2026-09-10T07:52:59.721Z</time>
			</trkpt>
			<trkpt lat="40.35401" lon="-0.76205">
				<ele>1460.64</ele>
				<time>2026-09-10T07:53:01.072Z</time>
			</trkpt>
			<trkpt lat="40.35401" lon="-0.76221">
				<ele>1461.17</ele>
				<time>2026-09-10T07:53:01.782Z</time>
			</trkpt>
			<trkpt lat="40.35397" lon="-0.76255">
				<ele>1459.93</ele>
				<time>2026-09-10T07:53:03.308Z</time>
			</trkpt>
			<trkpt lat="40.35378" lon="-0.76312">
				<ele>1454.35</ele>
				<time>2026-09-10T07:53:06.068Z</time>
			</trkpt>
			<trkpt lat="40.35371" lon="-0.76339">
				<ele>1451.82</ele>
				<time>2026-09-10T07:53:07.334Z</time>
			</trkpt>
			<trkpt lat="40.35368" lon="-0.76356">
				<ele>1449.78</ele>
				<time>2026-09-10T07:53:08.108Z</time>
			</trkpt>
			<trkpt lat="40.35364" lon="-0.76412">
				<ele>1443.05</ele>
				<time>2026-09-10T07:53:10.604Z</time>
			</trkpt>
			<trkpt lat="40.35341" lon="-0.76523">
				<ele>1440.21</ele>
				<time>2026-09-10T07:53:15.708Z</time>
			</trkpt>
			<trkpt lat="40.3531" lon="-0.76725">
				<ele>1435.47</ele>
				<time>2026-09-10T07:53:24.852Z</time>
			</trkpt>
			<trkpt lat="40.35273" lon="-0.76838">
				<ele>1434.13</ele>
				<time>2026-09-10T07:53:30.311Z</time>
			</trkpt>
			<trkpt lat="40.35267" lon="-0.76862">
				<ele>1433.59</ele>
				<time>2026-09-10T07:53:31.432Z</time>
			</trkpt>
			<trkpt lat="40.35262" lon="-0.76886">
				<ele>1432.65</ele>
				<time>2026-09-10T07:53:32.537Z</time>
			</trkpt>
			<trkpt lat="40.35238" lon="-0.77096">
				<ele>1424.51</ele>
				<time>2026-09-10T07:53:41.963Z</time>
			</trkpt>
			<trkpt lat="40.35238" lon="-0.77108">
				<ele>1423.56</ele>
				<time>2026-09-10T07:53:42.496Z</time>
			</trkpt>
			<trkpt lat="40.35242" lon="-0.77142">
				<ele>1420.67</ele>
				<time>2026-09-10T07:53:44.023Z</time>
			</trkpt>
			<trkpt lat="40.35256" lon="-0.77204">
				<ele>1417.31</ele>
				<time>2026-09-10T07:53:46.894Z</time>
			</trkpt>
			<trkpt lat="40.3528" lon="-0.77316">
				<ele>1414.07</ele>
				<time>2026-09-10T07:53:52.059Z</time>
			</trkpt>
			<trkpt lat="40.35294" lon="-0.77358">
				<ele>1411.51</ele>
				<time>2026-09-10T07:53:54.094Z</time>
			</trkpt>
			<trkpt lat="40.35304" lon="-0.7739">
				<ele>1410.61</ele>
				<time>2026-09-10T07:53:55.630Z</time>
			</trkpt>
			<trkpt lat="40.35304" lon="-0.77414">
				<ele>1409.09</ele>
				<time>2026-09-10T07:53:56.696Z</time>
			</trkpt>
			<trkpt lat="40.35302" lon="-0.77425">
				<ele>1408.3</ele>
				<time>2026-09-10T07:53:57.198Z</time>
			</trkpt>
			<trkpt lat="40.35264" lon="-0.77541">
				<ele>1402.08</ele>
				<time>2026-09-10T07:54:02.804Z</time>
			</trkpt>
			<trkpt lat="40.35258" lon="-0.77549">
				<ele>1401.31</ele>
				<time>2026-09-10T07:54:03.303Z</time>
			</trkpt>
			<trkpt lat="40.35254" lon="-0.77551">
				<ele>1400.65</ele>
				<time>2026-09-10T07:54:03.552Z</time>
			</trkpt>
			<trkpt lat="40.35246" lon="-0.7755">
				<ele>1398.9</ele>
				<time>2026-09-10T07:54:04.020Z</time>
			</trkpt>
			<trkpt lat="40.35236" lon="-0.77545">
				<ele>1396</ele>
				<time>2026-09-10T07:54:04.644Z</time>
			</trkpt>
			<trkpt lat="40.35215" lon="-0.77522">
				<ele>1390.01</ele>
				<time>2026-09-10T07:54:06.238Z</time>
			</trkpt>
			<trkpt lat="40.35205" lon="-0.77509">
				<ele>1387.56</ele>
				<time>2026-09-10T07:54:07.058Z</time>
			</trkpt>
			<trkpt lat="40.35199" lon="-0.77501">
				<ele>1386.35</ele>
				<time>2026-09-10T07:54:07.557Z</time>
			</trkpt>
			<trkpt lat="40.35193" lon="-0.77486">
				<ele>1384.26</ele>
				<time>2026-09-10T07:54:08.309Z</time>
			</trkpt>
			<trkpt lat="40.3519" lon="-0.77473">
				<ele>1383.32</ele>
				<time>2026-09-10T07:54:08.912Z</time>
			</trkpt>
			<trkpt lat="40.35166" lon="-0.77295">
				<ele>1376.12</ele>
				<time>2026-09-10T07:54:16.940Z</time>
			</trkpt>
			<trkpt lat="40.35162" lon="-0.77279">
				<ele>1375.05</ele>
				<time>2026-09-10T07:54:17.688Z</time>
			</trkpt>
			<trkpt lat="40.35158" lon="-0.77273">
				<ele>1375.3</ele>
				<time>2026-09-10T07:54:18.042Z</time>
			</trkpt>
			<trkpt lat="40.3515" lon="-0.77264">
				<ele>1375.35</ele>
				<time>2026-09-10T07:54:18.656Z</time>
			</trkpt>
			<trkpt lat="40.3514" lon="-0.77257">
				<ele>1374.28</ele>
				<time>2026-09-10T07:54:19.316Z</time>
			</trkpt>
			<trkpt lat="40.3509" lon="-0.77227">
				<ele>1363.72</ele>
				<time>2026-09-10T07:54:22.520Z</time>
			</trkpt>
			<trkpt lat="40.35077" lon="-0.77218">
				<ele>1362.58</ele>
				<time>2026-09-10T07:54:23.377Z</time>
			</trkpt>
			<trkpt lat="40.3502" lon="-0.77163">
				<ele>1363.25</ele>
				<time>2026-09-10T07:54:27.501Z</time>
			</trkpt>
			<trkpt lat="40.35007" lon="-0.77156">
				<ele>1362.3</ele>
				<time>2026-09-10T07:54:28.320Z</time>
			</trkpt>
			<trkpt lat="40.34978" lon="-0.77146">
				<ele>1358.1</ele>
				<time>2026-09-10T07:54:30.067Z</time>
			</trkpt>
			<trkpt lat="40.34965" lon="-0.77136">
				<ele>1354.7</ele>
				<time>2026-09-10T07:54:30.945Z</time>
			</trkpt>
			<trkpt lat="40.34952" lon="-0.77124">
				<ele>1350.92</ele>
				<time>2026-09-10T07:54:31.872Z</time>
			</trkpt>
			<trkpt lat="40.34932" lon="-0.771">
				<ele>1347.99</ele>
				<time>2026-09-10T07:54:33.452Z</time>
			</trkpt>
			<trkpt lat="40.34924" lon="-0.77089">
				<ele>1348.48</ele>
				<time>2026-09-10T07:54:34.127Z</time>
			</trkpt>
			<trkpt lat="40.34918" lon="-0.77075">
				<ele>1350.62</ele>
				<time>2026-09-10T07:54:34.840Z</time>
			</trkpt>
			<trkpt lat="40.34915" lon="-0.77056">
				<ele>1354.25</ele>
				<time>2026-09-10T07:54:35.702Z</time>
			</trkpt>
			<trkpt lat="40.34914" lon="-0.77005">
				<ele>1350.88</ele>
				<time>2026-09-10T07:54:37.969Z</time>
			</trkpt>
			<trkpt lat="40.34909" lon="-0.76948">
				<ele>1345.83</ele>
				<time>2026-09-10T07:54:40.517Z</time>
			</trkpt>
			<trkpt lat="40.34909" lon="-0.76929">
				<ele>1344.64</ele>
				<time>2026-09-10T07:54:41.361Z</time>
			</trkpt>
			<trkpt lat="40.34912" lon="-0.76903">
				<ele>1343.34</ele>
				<time>2026-09-10T07:54:42.529Z</time>
			</trkpt>
			<trkpt lat="40.34928" lon="-0.76837">
				<ele>1343.19</ele>
				<time>2026-09-10T07:54:45.606Z</time>
			</trkpt>
			<trkpt lat="40.34942" lon="-0.76802">
				<ele>1343</ele>
				<time>2026-09-10T07:54:47.362Z</time>
			</trkpt>
			<trkpt lat="40.34982" lon="-0.76734">
				<ele>1341.55</ele>
				<time>2026-09-10T07:54:51.178Z</time>
			</trkpt>
			<trkpt lat="40.35005" lon="-0.76671">
				<ele>1343.35</ele>
				<time>2026-09-10T07:54:54.281Z</time>
			</trkpt>
			<trkpt lat="40.35038" lon="-0.76604">
				<ele>1340.77</ele>
				<time>2026-09-10T07:54:57.826Z</time>
			</trkpt>
			<trkpt lat="40.35055" lon="-0.76574">
				<ele>1341.19</ele>
				<time>2026-09-10T07:54:59.486Z</time>
			</trkpt>
			<trkpt lat="40.35059" lon="-0.76561">
				<ele>1341.59</ele>
				<time>2026-09-10T07:55:00.109Z</time>
			</trkpt>
			<trkpt lat="40.35058" lon="-0.7655">
				<ele>1342.86</ele>
				<time>2026-09-10T07:55:00.601Z</time>
			</trkpt>
			<trkpt lat="40.35056" lon="-0.76544">
				<ele>1343.9</ele>
				<time>2026-09-10T07:55:00.892Z</time>
			</trkpt>
			<trkpt lat="40.3505" lon="-0.76534">
				<ele>1343.85</ele>
				<time>2026-09-10T07:55:01.458Z</time>
			</trkpt>
			<trkpt lat="40.34996" lon="-0.76489">
				<ele>1327.22</ele>
				<time>2026-09-10T07:55:05.187Z</time>
			</trkpt>
			<trkpt lat="40.34974" lon="-0.76464">
				<ele>1325.2</ele>
				<time>2026-09-10T07:55:06.883Z</time>
			</trkpt>
			<trkpt lat="40.34961" lon="-0.76443">
				<ele>1326</ele>
				<time>2026-09-10T07:55:08.085Z</time>
			</trkpt>
			<trkpt lat="40.34948" lon="-0.76408">
				<ele>1328.9</ele>
				<time>2026-09-10T07:55:09.815Z</time>
			</trkpt>
			<trkpt lat="40.34939" lon="-0.76393">
				<ele>1328.71</ele>
				<time>2026-09-10T07:55:10.663Z</time>
			</trkpt>
			<trkpt lat="40.34905" lon="-0.76354">
				<ele>1332.5</ele>
				<time>2026-09-10T07:55:13.296Z</time>
			</trkpt>
			<trkpt lat="40.34819" lon="-0.76238">
				<ele>1334.24</ele>
				<time>2026-09-10T07:55:20.486Z</time>
			</trkpt>
			<trkpt lat="40.34753" lon="-0.76158">
				<ele>1328.59</ele>
				<time>2026-09-10T07:55:25.725Z</time>
			</trkpt>
			<trkpt lat="40.34745" lon="-0.76142">
				<ele>1327.38</ele>
				<time>2026-09-10T07:55:26.575Z</time>
			</trkpt>
			<trkpt lat="40.34739" lon="-0.76121">
				<ele>1326.59</ele>
				<time>2026-09-10T07:55:27.571Z</time>
			</trkpt>
			<trkpt lat="40.34738" lon="-0.76102">
				<ele>1325.57</ele>
				<time>2026-09-10T07:55:28.418Z</time>
			</trkpt>
			<trkpt lat="40.34739" lon="-0.76091">
				<ele>1324.49</ele>
				<time>2026-09-10T07:55:28.910Z</time>
			</trkpt>
			<trkpt lat="40.34761" lon="-0.76018">
				<ele>1320.65</ele>
				<time>2026-09-10T07:55:32.398Z</time>
			</trkpt>
			<trkpt lat="40.34764" lon="-0.75996">
				<ele>1319.71</ele>
				<time>2026-09-10T07:55:33.391Z</time>
			</trkpt>
			<trkpt lat="40.34763" lon="-0.7598">
				<ele>1318.52</ele>
				<time>2026-09-10T07:55:34.104Z</time>
			</trkpt>
			<trkpt lat="40.34741" lon="-0.75816">
				<ele>1308.22</ele>
				<time>2026-09-10T07:55:41.503Z</time>
			</trkpt>
			<trkpt lat="40.34733" lon="-0.7577">
				<ele>1308.28</ele>
				<time>2026-09-10T07:55:43.600Z</time>
			</trkpt>
			<trkpt lat="40.34729" lon="-0.75709">
				<ele>1305.81</ele>
				<time>2026-09-10T07:55:46.320Z</time>
			</trkpt>
			<trkpt lat="40.34726" lon="-0.75696">
				<ele>1303.84</ele>
				<time>2026-09-10T07:55:46.923Z</time>
			</trkpt>
			<trkpt lat="40.34721" lon="-0.75691">
				<ele>1301.4</ele>
				<time>2026-09-10T07:55:47.290Z</time>
			</trkpt>
			<trkpt lat="40.34716" lon="-0.7569">
				<ele>1298.13</ele>
				<time>2026-09-10T07:55:47.585Z</time>
			</trkpt>
			<trkpt lat="40.34707" lon="-0.75693">
				<ele>1292.43</ele>
				<time>2026-09-10T07:55:48.126Z</time>
			</trkpt>
			<trkpt lat="40.34702" lon="-0.75699">
				<ele>1289.8</ele>
				<time>2026-09-10T07:55:48.521Z</time>
			</trkpt>
			<trkpt lat="40.34698" lon="-0.75713">
				<ele>1289.17</ele>
				<time>2026-09-10T07:55:49.186Z</time>
			</trkpt>
			<trkpt lat="40.34697" lon="-0.75729">
				<ele>1290.29</ele>
				<time>2026-09-10T07:55:49.899Z</time>
			</trkpt>
			<trkpt lat="40.34691" lon="-0.75853">
				<ele>1287.89</ele>
				<time>2026-09-10T07:55:55.420Z</time>
			</trkpt>
			<trkpt lat="40.3469" lon="-0.75864">
				<ele>1287.6</ele>
				<time>2026-09-10T07:55:55.912Z</time>
			</trkpt>
			<trkpt lat="40.34683" lon="-0.75886">
				<ele>1288.12</ele>
				<time>2026-09-10T07:55:56.971Z</time>
			</trkpt>
			<trkpt lat="40.34674" lon="-0.75908">
				<ele>1289.12</ele>
				<time>2026-09-10T07:55:58.081Z</time>
			</trkpt>
			<trkpt lat="40.34622" lon="-0.76004">
				<ele>1284.46</ele>
				<time>2026-09-10T07:56:03.314Z</time>
			</trkpt>
			<trkpt lat="40.34609" lon="-0.7603">
				<ele>1283.46</ele>
				<time>2026-09-10T07:56:04.695Z</time>
			</trkpt>
			<trkpt lat="40.34596" lon="-0.76062">
				<ele>1277.18</ele>
				<time>2026-09-10T07:56:06.306Z</time>
			</trkpt>
			<trkpt lat="40.34591" lon="-0.76084">
				<ele>1273.63</ele>
				<time>2026-09-10T07:56:07.326Z</time>
			</trkpt>
			<trkpt lat="40.34592" lon="-0.76098">
				<ele>1272.23</ele>
				<time>2026-09-10T07:56:07.951Z</time>
			</trkpt>
			<trkpt lat="40.34594" lon="-0.7611">
				<ele>1272</ele>
				<time>2026-09-10T07:56:08.497Z</time>
			</trkpt>
			<trkpt lat="40.34617" lon="-0.76181">
				<ele>1270.71</ele>
				<time>2026-09-10T07:56:11.925Z</time>
			</trkpt>
			<trkpt lat="40.34631" lon="-0.76286">
				<ele>1259.16</ele>
				<time>2026-09-10T07:56:16.661Z</time>
			</trkpt>
			<trkpt lat="40.34636" lon="-0.76309">
				<ele>1257.21</ele>
				<time>2026-09-10T07:56:17.723Z</time>
			</trkpt>
			<trkpt lat="40.34641" lon="-0.76322">
				<ele>1256.89</ele>
				<time>2026-09-10T07:56:18.370Z</time>
			</trkpt>
			<trkpt lat="40.34658" lon="-0.76351">
				<ele>1257.05</ele>
				<time>2026-09-10T07:56:19.996Z</time>
			</trkpt>
			<trkpt lat="40.34663" lon="-0.76365">
				<ele>1255.29</ele>
				<time>2026-09-10T07:56:20.683Z</time>
			</trkpt>
			<trkpt lat="40.34664" lon="-0.76379">
				<ele>1253.21</ele>
				<time>2026-09-10T07:56:21.308Z</time>
			</trkpt>
			<trkpt lat="40.34663" lon="-0.76407">
				<ele>1251.28</ele>
				<time>2026-09-10T07:56:22.553Z</time>
			</trkpt>
			<trkpt lat="40.34665" lon="-0.76424">
				<ele>1251.88</ele>
				<time>2026-09-10T07:56:23.317Z</time>
			</trkpt>
			<trkpt lat="40.34668" lon="-0.76443">
				<ele>1253.31</ele>
				<time>2026-09-10T07:56:24.179Z</time>
			</trkpt>
			<trkpt lat="40.34682" lon="-0.76492">
				<ele>1250.55</ele>
				<time>2026-09-10T07:56:26.504Z</time>
			</trkpt>
			<trkpt lat="40.34684" lon="-0.76509">
				<ele>1249.57</ele>
				<time>2026-09-10T07:56:27.268Z</time>
			</trkpt>
			<trkpt lat="40.34683" lon="-0.76522">
				<ele>1248.84</ele>
				<time>2026-09-10T07:56:27.849Z</time>
			</trkpt>
			<trkpt lat="40.34677" lon="-0.7654">
				<ele>1247.92</ele>
				<time>2026-09-10T07:56:28.722Z</time>
			</trkpt>
			<trkpt lat="40.34628" lon="-0.76635">
				<ele>1247.85</ele>
				<time>2026-09-10T07:56:33.818Z</time>
			</trkpt>
			<trkpt lat="40.34579" lon="-0.76724">
				<ele>1243.92</ele>
				<time>2026-09-10T07:56:38.696Z</time>
			</trkpt>
			<trkpt lat="40.34573" lon="-0.7674">
				<ele>1242.17</ele>
				<time>2026-09-10T07:56:39.488Z</time>
			</trkpt>
			<trkpt lat="40.34567" lon="-0.76764">
				<ele>1240.33</ele>
				<time>2026-09-10T07:56:40.610Z</time>
			</trkpt>
			<trkpt lat="40.34564" lon="-0.76797">
				<ele>1240.17</ele>
				<time>2026-09-10T07:56:42.086Z</time>
			</trkpt>
			<trkpt lat="40.34563" lon="-0.76853">
				<ele>1240.64</ele>
				<time>2026-09-10T07:56:44.575Z</time>
			</trkpt>
			<trkpt lat="40.34566" lon="-0.76928">
				<ele>1236.13</ele>
				<time>2026-09-10T07:56:47.911Z</time>
			</trkpt>
			<trkpt lat="40.34567" lon="-0.77102">
				<ele>1232.26</ele>
				<time>2026-09-10T07:56:55.641Z</time>
			</trkpt>
			<trkpt lat="40.34564" lon="-0.77126">
				<ele>1231.17</ele>
				<time>2026-09-10T07:56:56.721Z</time>
			</trkpt>
			<trkpt lat="40.34552" lon="-0.77201">
				<ele>1230.41</ele>
				<time>2026-09-10T07:57:00.125Z</time>
			</trkpt>
			<trkpt lat="40.34544" lon="-0.77233">
				<ele>1229.35</ele>
				<time>2026-09-10T07:57:01.621Z</time>
			</trkpt>
			<trkpt lat="40.34533" lon="-0.77256">
				<ele>1227.73</ele>
				<time>2026-09-10T07:57:02.827Z</time>
			</trkpt>
			<trkpt lat="40.34521" lon="-0.77275">
				<ele>1226.77</ele>
				<time>2026-09-10T07:57:03.923Z</time>
			</trkpt>
			<trkpt lat="40.34484" lon="-0.77315">
				<ele>1225.06</ele>
				<time>2026-09-10T07:57:06.717Z</time>
			</trkpt>
			<trkpt lat="40.34429" lon="-0.77389">
				<ele>1219.28</ele>
				<time>2026-09-10T07:57:11.308Z</time>
			</trkpt>
			<trkpt lat="40.34414" lon="-0.77405">
				<ele>1217.41</ele>
				<time>2026-09-10T07:57:12.434Z</time>
			</trkpt>
			<trkpt lat="40.34404" lon="-0.77411">
				<ele>1216.72</ele>
				<time>2026-09-10T07:57:13.075Z</time>
			</trkpt>
			<trkpt lat="40.34394" lon="-0.77414">
				<ele>1215.54</ele>
				<time>2026-09-10T07:57:13.673Z</time>
			</trkpt>
			<trkpt lat="40.34349" lon="-0.77414">
				<ele>1213.51</ele>
				<time>2026-09-10T07:57:16.295Z</time>
			</trkpt>
			<trkpt lat="40.34339" lon="-0.77416">
				<ele>1213.2</ele>
				<time>2026-09-10T07:57:16.885Z</time>
			</trkpt>
			<trkpt lat="40.34255" lon="-0.77466">
				<ele>1210.56</ele>
				<time>2026-09-10T07:57:22.259Z</time>
			</trkpt>
			<trkpt lat="40.34238" lon="-0.77473">
				<ele>1209.38</ele>
				<time>2026-09-10T07:57:23.298Z</time>
			</trkpt>
			<trkpt lat="40.3416" lon="-0.77476">
				<ele>1197.66</ele>
				<time>2026-09-10T07:57:27.844Z</time>
			</trkpt>
			<trkpt lat="40.34088" lon="-0.77473">
				<ele>1198</ele>
				<time>2026-09-10T07:57:32.041Z</time>
			</trkpt>
			<trkpt lat="40.34066" lon="-0.77475">
				<ele>1195.54</ele>
				<time>2026-09-10T07:57:33.326Z</time>
			</trkpt>
			<trkpt lat="40.34051" lon="-0.77479">
				<ele>1193.5</ele>
				<time>2026-09-10T07:57:34.218Z</time>
			</trkpt>
			<trkpt lat="40.34032" lon="-0.7749">
				<ele>1191.15</ele>
				<time>2026-09-10T07:57:35.428Z</time>
			</trkpt>
			<trkpt lat="40.34008" lon="-0.77509">
				<ele>1190.3</ele>
				<time>2026-09-10T07:57:37.061Z</time>
			</trkpt>
			<trkpt lat="40.3399" lon="-0.77533">
				<ele>1189.65</ele>
				<time>2026-09-10T07:57:38.556Z</time>
			</trkpt>
			<trkpt lat="40.33959" lon="-0.77586">
				<ele>1187.91</ele>
				<time>2026-09-10T07:57:41.522Z</time>
			</trkpt>
			<trkpt lat="40.33915" lon="-0.7765">
				<ele>1180.88</ele>
				<time>2026-09-10T07:57:45.349Z</time>
			</trkpt>
			<trkpt lat="40.33892" lon="-0.77693">
				<ele>1177.35</ele>
				<time>2026-09-10T07:57:47.681Z</time>
			</trkpt>
			<trkpt lat="40.33883" lon="-0.7772">
				<ele>1174</ele>
				<time>2026-09-10T07:57:48.990Z</time>
			</trkpt>
			<trkpt lat="40.33879" lon="-0.77747">
				<ele>1173.37</ele>
				<time>2026-09-10T07:57:50.211Z</time>
			</trkpt>
			<trkpt lat="40.33878" lon="-0.7777">
				<ele>1172.8</ele>
				<time>2026-09-10T07:57:51.234Z</time>
			</trkpt>
			<trkpt lat="40.3388" lon="-0.77782">
				<ele>1172.35</ele>
				<time>2026-09-10T07:57:51.779Z</time>
			</trkpt>
			<trkpt lat="40.33888" lon="-0.77797">
				<ele>1170.95</ele>
				<time>2026-09-10T07:57:52.592Z</time>
			</trkpt>
			<trkpt lat="40.33896" lon="-0.77803">
				<ele>1169.79</ele>
				<time>2026-09-10T07:57:53.128Z</time>
			</trkpt>
			<trkpt lat="40.33913" lon="-0.77807">
				<ele>1168.07</ele>
				<time>2026-09-10T07:57:54.134Z</time>
			</trkpt>
			<trkpt lat="40.33946" lon="-0.77803">
				<ele>1163.59</ele>
				<time>2026-09-10T07:57:56.064Z</time>
			</trkpt>
			<trkpt lat="40.3395" lon="-0.77805">
				<ele>1163.34</ele>
				<time>2026-09-10T07:57:56.314Z</time>
			</trkpt>
			<trkpt lat="40.33961" lon="-0.77815">
				<ele>1163.06</ele>
				<time>2026-09-10T07:57:57.093Z</time>
			</trkpt>
			<trkpt lat="40.33967" lon="-0.77827">
				<ele>1162.41</ele>
				<time>2026-09-10T07:57:57.730Z</time>
			</trkpt>
			<trkpt lat="40.33969" lon="-0.77841">
				<ele>1162.25</ele>
				<time>2026-09-10T07:57:58.363Z</time>
			</trkpt>
			<trkpt lat="40.33968" lon="-0.77859">
				<ele>1162.76</ele>
				<time>2026-09-10T07:57:59.164Z</time>
			</trkpt>
			<trkpt lat="40.33948" lon="-0.77914">
				<ele>1167.77</ele>
				<time>2026-09-10T07:58:01.869Z</time>
			</trkpt>
			<trkpt lat="40.33923" lon="-0.77991">
				<ele>1171.26</ele>
				<time>2026-09-10T07:58:05.584Z</time>
			</trkpt>
			<trkpt lat="40.33917" lon="-0.78006">
				<ele>1170.81</ele>
				<time>2026-09-10T07:58:06.336Z</time>
			</trkpt>
			<trkpt lat="40.339" lon="-0.78029">
				<ele>1168.81</ele>
				<time>2026-09-10T07:58:07.758Z</time>
			</trkpt>
			<trkpt lat="40.33862" lon="-0.78066">
				<ele>1165.42</ele>
				<time>2026-09-10T07:58:10.513Z</time>
			</trkpt>
			<trkpt lat="40.33842" lon="-0.78077">
				<ele>1166.23</ele>
				<time>2026-09-10T07:58:11.776Z</time>
			</trkpt>
			<trkpt lat="40.33832" lon="-0.78078">
				<ele>1166.54</ele>
				<time>2026-09-10T07:58:12.360Z</time>
			</trkpt>
			<trkpt lat="40.33794" lon="-0.78078">
				<ele>1165.05</ele>
				<time>2026-09-10T07:58:14.572Z</time>
			</trkpt>
			<trkpt lat="40.33783" lon="-0.7808">
				<ele>1164.82</ele>
				<time>2026-09-10T07:58:15.219Z</time>
			</trkpt>
			<trkpt lat="40.33759" lon="-0.78089">
				<ele>1163.57</ele>
				<time>2026-09-10T07:58:16.672Z</time>
			</trkpt>
			<trkpt lat="40.33725" lon="-0.78113">
				<ele>1162.4</ele>
				<time>2026-09-10T07:58:18.920Z</time>
			</trkpt>
			<trkpt lat="40.33631" lon="-0.78186">
				<ele>1157.15</ele>
				<time>2026-09-10T07:58:25.279Z</time>
			</trkpt>
			<trkpt lat="40.33603" lon="-0.78203">
				<ele>1153.73</ele>
				<time>2026-09-10T07:58:27.075Z</time>
			</trkpt>
			<trkpt lat="40.33572" lon="-0.78218">
				<ele>1151.11</ele>
				<time>2026-09-10T07:58:28.999Z</time>
			</trkpt>
			<trkpt lat="40.33559" lon="-0.78221">
				<ele>1150.18</ele>
				<time>2026-09-10T07:58:29.767Z</time>
			</trkpt>
			<trkpt lat="40.33549" lon="-0.7822">
				<ele>1148.88</ele>
				<time>2026-09-10T07:58:30.351Z</time>
			</trkpt>
			<trkpt lat="40.33525" lon="-0.7821">
				<ele>1144.65</ele>
				<time>2026-09-10T07:58:31.817Z</time>
			</trkpt>
			<trkpt lat="40.33512" lon="-0.7821">
				<ele>1142.44</ele>
				<time>2026-09-10T07:58:32.573Z</time>
			</trkpt>
			<trkpt lat="40.33502" lon="-0.78214">
				<ele>1141.27</ele>
				<time>2026-09-10T07:58:33.182Z</time>
			</trkpt>
			<trkpt lat="40.3344" lon="-0.78256">
				<ele>1137.61</ele>
				<time>2026-09-10T07:58:37.243Z</time>
			</trkpt>
			<trkpt lat="40.33426" lon="-0.7827">
				<ele>1136.14</ele>
				<time>2026-09-10T07:58:38.267Z</time>
			</trkpt>
			<trkpt lat="40.33418" lon="-0.78282">
				<ele>1135.89</ele>
				<time>2026-09-10T07:58:38.975Z</time>
			</trkpt>
			<trkpt lat="40.33401" lon="-0.78328">
				<ele>1139.06</ele>
				<time>2026-09-10T07:58:41.243Z</time>
			</trkpt>
			<trkpt lat="40.33394" lon="-0.78343">
				<ele>1138.8</ele>
				<time>2026-09-10T07:58:42.023Z</time>
			</trkpt>
			<trkpt lat="40.33382" lon="-0.78361">
				<ele>1137.65</ele>
				<time>2026-09-10T07:58:43.083Z</time>
			</trkpt>
			<trkpt lat="40.33366" lon="-0.78376">
				<ele>1135.33</ele>
				<time>2026-09-10T07:58:44.228Z</time>
			</trkpt>
			<trkpt lat="40.33294" lon="-0.78434">
				<ele>1135.13</ele>
				<time>2026-09-10T07:58:49.144Z</time>
			</trkpt>
			<trkpt lat="40.33257" lon="-0.78475">
				<ele>1133.9</ele>
				<time>2026-09-10T07:58:51.962Z</time>
			</trkpt>
			<trkpt lat="40.33247" lon="-0.7849">
				<ele>1134.14</ele>
				<time>2026-09-10T07:58:52.846Z</time>
			</trkpt>
			<trkpt lat="40.33212" lon="-0.78561">
				<ele>1137.83</ele>
				<time>2026-09-10T07:58:56.596Z</time>
			</trkpt>
			<trkpt lat="40.3319" lon="-0.786">
				<ele>1136.99</ele>
				<time>2026-09-10T07:58:58.748Z</time>
			</trkpt>
			<trkpt lat="40.3318" lon="-0.78624">
				<ele>1139.33</ele>
				<time>2026-09-10T07:58:59.960Z</time>
			</trkpt>
			<trkpt lat="40.33171" lon="-0.78642">
				<ele>1139.8</ele>
				<time>2026-09-10T07:59:00.915Z</time>
			</trkpt>
			<trkpt lat="40.33162" lon="-0.78652">
				<ele>1139.48</ele>
				<time>2026-09-10T07:59:01.601Z</time>
			</trkpt>
			<trkpt lat="40.33126" lon="-0.78672">
				<ele>1132.6</ele>
				<time>2026-09-10T07:59:03.875Z</time>
			</trkpt>
			<trkpt lat="40.3311" lon="-0.78684">
				<ele>1130.5</ele>
				<time>2026-09-10T07:59:04.947Z</time>
			</trkpt>
			<trkpt lat="40.33093" lon="-0.78704">
				<ele>1128.46</ele>
				<time>2026-09-10T07:59:06.275Z</time>
			</trkpt>
			<trkpt lat="40.33083" lon="-0.78722">
				<ele>1127.95</ele>
				<time>2026-09-10T07:59:07.263Z</time>
			</trkpt>
			<trkpt lat="40.33076" lon="-0.78747">
				<ele>1128.24</ele>
				<time>2026-09-10T07:59:08.444Z</time>
			</trkpt>
			<trkpt lat="40.33072" lon="-0.78772">
				<ele>1127.67</ele>
				<time>2026-09-10T07:59:09.576Z</time>
			</trkpt>
			<trkpt lat="40.33073" lon="-0.78798">
				<ele>1126.96</ele>
				<time>2026-09-10T07:59:10.731Z</time>
			</trkpt>
			<trkpt lat="40.33079" lon="-0.78816">
				<ele>1127.41</ele>
				<time>2026-09-10T07:59:11.602Z</time>
			</trkpt>
			<trkpt lat="40.33108" lon="-0.78875">
				<ele>1133.21</ele>
				<time>2026-09-10T07:59:14.714Z</time>
			</trkpt>
			<trkpt lat="40.33109" lon="-0.78883">
				<ele>1133.12</ele>
				<time>2026-09-10T07:59:15.073Z</time>
			</trkpt>
			<trkpt lat="40.33108" lon="-0.78888">
				<ele>1132.92</ele>
				<time>2026-09-10T07:59:15.302Z</time>
			</trkpt>
			<trkpt lat="40.33103" lon="-0.78894">
				<ele>1133.28</ele>
				<time>2026-09-10T07:59:15.696Z</time>
			</trkpt>
			<trkpt lat="40.33097" lon="-0.78894">
				<ele>1133.37</ele>
				<time>2026-09-10T07:59:16.045Z</time>
			</trkpt>
			<trkpt lat="40.33035" lon="-0.78862">
				<ele>1127.09</ele>
				<time>2026-09-10T07:59:19.919Z</time>
			</trkpt>
			<trkpt lat="40.33022" lon="-0.78859">
				<ele>1126.81</ele>
				<time>2026-09-10T07:59:20.687Z</time>
			</trkpt>
			<trkpt lat="40.33007" lon="-0.78862">
				<ele>1127.78</ele>
				<time>2026-09-10T07:59:21.569Z</time>
			</trkpt>
			<trkpt lat="40.32983" lon="-0.78872">
				<ele>1130.28</ele>
				<time>2026-09-10T07:59:23.033Z</time>
			</trkpt>
			<trkpt lat="40.32969" lon="-0.78881">
				<ele>1131.4</ele>
				<time>2026-09-10T07:59:23.939Z</time>
			</trkpt>
			<trkpt lat="40.32907" lon="-0.78935">
				<ele>1136.7</ele>
				<time>2026-09-10T07:59:28.266Z</time>
			</trkpt>
			<trkpt lat="40.32898" lon="-0.7894">
				<ele>1137.37</ele>
				<time>2026-09-10T07:59:28.834Z</time>
			</trkpt>
			<trkpt lat="40.3287" lon="-0.78951">
				<ele>1136.61</ele>
				<time>2026-09-10T07:59:30.533Z</time>
			</trkpt>
			<trkpt lat="40.32843" lon="-0.78967">
				<ele>1134.38</ele>
				<time>2026-09-10T07:59:32.255Z</time>
			</trkpt>
			<trkpt lat="40.3283" lon="-0.78976">
				<ele>1133.24</ele>
				<time>2026-09-10T07:59:33.110Z</time>
			</trkpt>
			<trkpt lat="40.32796" lon="-0.79009">
				<ele>1132.58</ele>
				<time>2026-09-10T07:59:35.568Z</time>
			</trkpt>
			<trkpt lat="40.32727" lon="-0.79068">
				<ele>1130.81</ele>
				<time>2026-09-10T07:59:40.355Z</time>
			</trkpt>
			<trkpt lat="40.32712" lon="-0.79079">
				<ele>1131.51</ele>
				<time>2026-09-10T07:59:41.354Z</time>
			</trkpt>
			<trkpt lat="40.3267" lon="-0.79103">
				<ele>1137.11</ele>
				<time>2026-09-10T07:59:44.016Z</time>
			</trkpt>
			<trkpt lat="40.32596" lon="-0.79163">
				<ele>1138.61</ele>
				<time>2026-09-10T07:59:49.071Z</time>
			</trkpt>
			<trkpt lat="40.32585" lon="-0.79179">
				<ele>1138.24</ele>
				<time>2026-09-10T07:59:50.025Z</time>
			</trkpt>
			<trkpt lat="40.32568" lon="-0.79214">
				<ele>1140.63</ele>
				<time>2026-09-10T07:59:51.863Z</time>
			</trkpt>
			<trkpt lat="40.32558" lon="-0.79227">
				<ele>1140.83</ele>
				<time>2026-09-10T07:59:52.681Z</time>
			</trkpt>
			<trkpt lat="40.32491" lon="-0.79289">
				<ele>1141.28</ele>
				<time>2026-09-10T07:59:57.444Z</time>
			</trkpt>
			<trkpt lat="40.32467" lon="-0.79324">
				<ele>1140.12</ele>
				<time>2026-09-10T07:59:59.529Z</time>
			</trkpt>
			<trkpt lat="40.32424" lon="-0.79375">
				<ele>1136.21</ele>
				<time>2026-09-10T08:00:02.896Z</time>
			</trkpt>
			<trkpt lat="40.32377" lon="-0.7941">
				<ele>1132.5</ele>
				<time>2026-09-10T08:00:06.034Z</time>
			</trkpt>
			<trkpt lat="40.32363" lon="-0.79424">
				<ele>1131.16</ele>
				<time>2026-09-10T08:00:07.057Z</time>
			</trkpt>
			<trkpt lat="40.32309" lon="-0.79488">
				<ele>1129.22</ele>
				<time>2026-09-10T08:00:11.283Z</time>
			</trkpt>
			<trkpt lat="40.32299" lon="-0.79496">
				<ele>1128.34</ele>
				<time>2026-09-10T08:00:11.963Z</time>
			</trkpt>
			<trkpt lat="40.32278" lon="-0.79503">
				<ele>1125.43</ele>
				<time>2026-09-10T08:00:13.221Z</time>
			</trkpt>
			<trkpt lat="40.32264" lon="-0.79505">
				<ele>1125.75</ele>
				<time>2026-09-10T08:00:14.038Z</time>
			</trkpt>
			<trkpt lat="40.32255" lon="-0.79503">
				<ele>1125.83</ele>
				<time>2026-09-10T08:00:14.568Z</time>
			</trkpt>
			<trkpt lat="40.32249" lon="-0.79498">
				<ele>1125.84</ele>
				<time>2026-09-10T08:00:14.981Z</time>
			</trkpt>
			<trkpt lat="40.32224" lon="-0.79474">
				<ele>1122.32</ele>
				<time>2026-09-10T08:00:16.780Z</time>
			</trkpt>
			<trkpt lat="40.32211" lon="-0.79471">
				<ele>1121.55</ele>
				<time>2026-09-10T08:00:17.546Z</time>
			</trkpt>
			<trkpt lat="40.32203" lon="-0.79474">
				<ele>1121.36</ele>
				<time>2026-09-10T08:00:18.029Z</time>
			</trkpt>
			<trkpt lat="40.32197" lon="-0.79479">
				<ele>1121.13</ele>
				<time>2026-09-10T08:00:18.442Z</time>
			</trkpt>
			<trkpt lat="40.32191" lon="-0.79487">
				<ele>1121.04</ele>
				<time>2026-09-10T08:00:18.938Z</time>
			</trkpt>
			<trkpt lat="40.32189" lon="-0.79496">
				<ele>1121.02</ele>
				<time>2026-09-10T08:00:19.353Z</time>
			</trkpt>
			<trkpt lat="40.32199" lon="-0.79539">
				<ele>1116.82</ele>
				<time>2026-09-10T08:00:21.343Z</time>
			</trkpt>
			<trkpt lat="40.32198" lon="-0.79556">
				<ele>1114.7</ele>
				<time>2026-09-10T08:00:22.097Z</time>
			</trkpt>
			<trkpt lat="40.32193" lon="-0.79593">
				<ele>1110.6</ele>
				<time>2026-09-10T08:00:23.760Z</time>
			</trkpt>
			<trkpt lat="40.32194" lon="-0.79607">
				<ele>1110.21</ele>
				<time>2026-09-10T08:00:24.382Z</time>
			</trkpt>
			<trkpt lat="40.322" lon="-0.79629">
				<ele>1110.12</ele>
				<time>2026-09-10T08:00:25.416Z</time>
			</trkpt>
			<trkpt lat="40.32198" lon="-0.79643">
				<ele>1109.84</ele>
				<time>2026-09-10T08:00:26.046Z</time>
			</trkpt>
			<trkpt lat="40.32194" lon="-0.7965">
				<ele>1110.12</ele>
				<time>2026-09-10T08:00:26.433Z</time>
			</trkpt>
			<trkpt lat="40.32186" lon="-0.79653">
				<ele>1110.05</ele>
				<time>2026-09-10T08:00:26.916Z</time>
			</trkpt>
			<trkpt lat="40.32145" lon="-0.79648">
				<ele>1105.88</ele>
				<time>2026-09-10T08:00:29.306Z</time>
			</trkpt>
			<trkpt lat="40.32134" lon="-0.79648">
				<ele>1104.45</ele>
				<time>2026-09-10T08:00:29.944Z</time>
			</trkpt>
			<trkpt lat="40.32125" lon="-0.79651">
				<ele>1103.2</ele>
				<time>2026-09-10T08:00:30.483Z</time>
			</trkpt>
			<trkpt lat="40.32115" lon="-0.79658">
				<ele>1102.02</ele>
				<time>2026-09-10T08:00:31.141Z</time>
			</trkpt>
			<trkpt lat="40.32104" lon="-0.79673">
				<ele>1100.86</ele>
				<time>2026-09-10T08:00:32.061Z</time>
			</trkpt>
			<trkpt lat="40.32089" lon="-0.79723">
				<ele>1100.59</ele>
				<time>2026-09-10T08:00:34.438Z</time>
			</trkpt>
			<trkpt lat="40.32086" lon="-0.79742">
				<ele>1099.56</ele>
				<time>2026-09-10T08:00:35.297Z</time>
			</trkpt>
			<trkpt lat="40.32087" lon="-0.79761">
				<ele>1099.18</ele>
				<time>2026-09-10T08:00:36.139Z</time>
			</trkpt>
			<trkpt lat="40.32091" lon="-0.79772">
				<ele>1099.35</ele>
				<time>2026-09-10T08:00:36.678Z</time>
			</trkpt>
			<trkpt lat="40.32102" lon="-0.79794">
				<ele>1101.18</ele>
				<time>2026-09-10T08:00:37.842Z</time>
			</trkpt>
			<trkpt lat="40.32112" lon="-0.79823">
				<ele>1102.81</ele>
				<time>2026-09-10T08:00:39.250Z</time>
			</trkpt>
			<trkpt lat="40.32132" lon="-0.79864">
				<ele>1105.58</ele>
				<time>2026-09-10T08:00:41.402Z</time>
			</trkpt>
			<trkpt lat="40.32135" lon="-0.79881">
				<ele>1106.02</ele>
				<time>2026-09-10T08:00:42.174Z</time>
			</trkpt>
			<trkpt lat="40.32136" lon="-0.79947">
				<ele>1108.05</ele>
				<time>2026-09-10T08:00:45.093Z</time>
			</trkpt>
			<trkpt lat="40.32131" lon="-0.80019">
				<ele>1113.21</ele>
				<time>2026-09-10T08:00:48.290Z</time>
			</trkpt>
			<trkpt lat="40.32129" lon="-0.80032">
				<ele>1113.47</ele>
				<time>2026-09-10T08:00:48.876Z</time>
			</trkpt>
			<trkpt lat="40.32103" lon="-0.80095">
				<ele>1106.89</ele>
				<time>2026-09-10T08:00:52.044Z</time>
			</trkpt>
			<trkpt lat="40.32098" lon="-0.80111">
				<ele>1106.1</ele>
				<time>2026-09-10T08:00:52.808Z</time>
			</trkpt>
			<trkpt lat="40.32098" lon="-0.80122">
				<ele>1107.22</ele>
				<time>2026-09-10T08:00:53.294Z</time>
			</trkpt>
			<trkpt lat="40.32103" lon="-0.8015">
				<ele>1111.86</ele>
				<time>2026-09-10T08:00:54.566Z</time>
			</trkpt>
			<trkpt lat="40.32102" lon="-0.80168">
				<ele>1112.9</ele>
				<time>2026-09-10T08:00:55.363Z</time>
			</trkpt>
			<trkpt lat="40.32089" lon="-0.8024">
				<ele>1109.6</ele>
				<time>2026-09-10T08:00:58.634Z</time>
			</trkpt>
			<trkpt lat="40.32083" lon="-0.80289">
				<ele>1110.42</ele>
				<time>2026-09-10T08:01:00.827Z</time>
			</trkpt>
			<trkpt lat="40.3208" lon="-0.80303">
				<ele>1110.32</ele>
				<time>2026-09-10T08:01:01.470Z</time>
			</trkpt>
			<trkpt lat="40.32072" lon="-0.80322">
				<ele>1109.69</ele>
				<time>2026-09-10T08:01:02.429Z</time>
			</trkpt>
			<trkpt lat="40.32049" lon="-0.80362">
				<ele>1108.31</ele>
				<time>2026-09-10T08:01:04.643Z</time>
			</trkpt>
			<trkpt lat="40.32021" lon="-0.80396">
				<ele>1109.3</ele>
				<time>2026-09-10T08:01:06.855Z</time>
			</trkpt>
			<trkpt lat="40.32001" lon="-0.80417">
				<ele>1114.13</ele>
				<time>2026-09-10T08:01:08.339Z</time>
			</trkpt>
			<trkpt lat="40.3199" lon="-0.80425">
				<ele>1114.19</ele>
				<time>2026-09-10T08:01:09.068Z</time>
			</trkpt>
			<trkpt lat="40.3198" lon="-0.80429">
				<ele>1113.57</ele>
				<time>2026-09-10T08:01:09.674Z</time>
			</trkpt>
			<trkpt lat="40.31956" lon="-0.80435">
				<ele>1109.53</ele>
				<time>2026-09-10T08:01:11.090Z</time>
			</trkpt>
			<trkpt lat="40.3192" lon="-0.8046">
				<ele>1101.69</ele>
				<time>2026-09-10T08:01:13.450Z</time>
			</trkpt>
			<trkpt lat="40.31915" lon="-0.80466">
				<ele>1100.29</ele>
				<time>2026-09-10T08:01:13.843Z</time>
			</trkpt>
			<trkpt lat="40.31885" lon="-0.8052">
				<ele>1093.88</ele>
				<time>2026-09-10T08:01:16.794Z</time>
			</trkpt>
			<trkpt lat="40.31881" lon="-0.8052">
				<ele>1093.4</ele>
				<time>2026-09-10T08:01:17.026Z</time>
			</trkpt>
			<trkpt lat="40.31878" lon="-0.80518">
				<ele>1093.13</ele>
				<time>2026-09-10T08:01:17.221Z</time>
			</trkpt>
			<trkpt lat="40.31857" lon="-0.80495">
				<ele>1090.47</ele>
				<time>2026-09-10T08:01:18.806Z</time>
			</trkpt>
			<trkpt lat="40.31853" lon="-0.80494">
				<ele>1089.79</ele>
				<time>2026-09-10T08:01:19.041Z</time>
			</trkpt>
			<trkpt lat="40.3185" lon="-0.80497">
				<ele>1089.44</ele>
				<time>2026-09-10T08:01:19.260Z</time>
			</trkpt>
			<trkpt lat="40.31838" lon="-0.80521">
				<ele>1087.12</ele>
				<time>2026-09-10T08:01:20.527Z</time>
			</trkpt>
			<trkpt lat="40.31837" lon="-0.8053">
				<ele>1086.69</ele>
				<time>2026-09-10T08:01:20.929Z</time>
			</trkpt>
			<trkpt lat="40.31838" lon="-0.80551">
				<ele>1086.6</ele>
				<time>2026-09-10T08:01:21.858Z</time>
			</trkpt>
			<trkpt lat="40.31836" lon="-0.80565">
				<ele>1085.37</ele>
				<time>2026-09-10T08:01:22.487Z</time>
			</trkpt>
			<trkpt lat="40.31807" lon="-0.80607">
				<ele>1083.66</ele>
				<time>2026-09-10T08:01:24.990Z</time>
			</trkpt>
			<trkpt lat="40.3179" lon="-0.80609">
				<ele>1084.84</ele>
				<time>2026-09-10T08:01:25.978Z</time>
			</trkpt>
			<trkpt lat="40.31782" lon="-0.80607">
				<ele>1085.22</ele>
				<time>2026-09-10T08:01:26.450Z</time>
			</trkpt>
			<trkpt lat="40.3176" lon="-0.80598">
				<ele>1084.25</ele>
				<time>2026-09-10T08:01:27.784Z</time>
			</trkpt>
			<trkpt lat="40.31739" lon="-0.80597">
				<ele>1083.08</ele>
				<time>2026-09-10T08:01:29.001Z</time>
			</trkpt>
			<trkpt lat="40.31727" lon="-0.80601">
				<ele>1082.94</ele>
				<time>2026-09-10T08:01:29.718Z</time>
			</trkpt>
			<trkpt lat="40.3171" lon="-0.80612">
				<ele>1083.75</ele>
				<time>2026-09-10T08:01:30.815Z</time>
			</trkpt>
			<trkpt lat="40.31697" lon="-0.80627">
				<ele>1084.06</ele>
				<time>2026-09-10T08:01:31.818Z</time>
			</trkpt>
			<trkpt lat="40.31668" lon="-0.80686">
				<ele>1083.64</ele>
				<time>2026-09-10T08:01:34.917Z</time>
			</trkpt>
			<trkpt lat="40.31664" lon="-0.80688">
				<ele>1083.13</ele>
				<time>2026-09-10T08:01:35.164Z</time>
			</trkpt>
			<trkpt lat="40.31652" lon="-0.80674">
				<ele>1080.32</ele>
				<time>2026-09-10T08:01:36.094Z</time>
			</trkpt>
			<trkpt lat="40.31644" lon="-0.80667">
				<ele>1078.85</ele>
				<time>2026-09-10T08:01:36.651Z</time>
			</trkpt>
			<trkpt lat="40.31622" lon="-0.80655">
				<ele>1078</ele>
				<time>2026-09-10T08:01:38.030Z</time>
			</trkpt>
			<trkpt lat="40.31611" lon="-0.80653">
				<ele>1078.55</ele>
				<time>2026-09-10T08:01:38.672Z</time>
			</trkpt>
			<trkpt lat="40.31593" lon="-0.80658">
				<ele>1078.59</ele>
				<time>2026-09-10T08:01:39.735Z</time>
			</trkpt>
			<trkpt lat="40.31585" lon="-0.80658">
				<ele>1078.87</ele>
				<time>2026-09-10T08:01:40.197Z</time>
			</trkpt>
			<trkpt lat="40.31572" lon="-0.80655">
				<ele>1078.99</ele>
				<time>2026-09-10T08:01:40.958Z</time>
			</trkpt>
			<trkpt lat="40.31566" lon="-0.8065">
				<ele>1079.11</ele>
				<time>2026-09-10T08:01:41.367Z</time>
			</trkpt>
			<trkpt lat="40.31558" lon="-0.80638">
				<ele>1079.3</ele>
				<time>2026-09-10T08:01:42.066Z</time>
			</trkpt>
			<trkpt lat="40.31535" lon="-0.80552">
				<ele>1085.45</ele>
				<time>2026-09-10T08:01:46.049Z</time>
			</trkpt>
			<trkpt lat="40.31516" lon="-0.80514">
				<ele>1088.95</ele>
				<time>2026-09-10T08:01:48.026Z</time>
			</trkpt>
			<trkpt lat="40.31507" lon="-0.805">
				<ele>1086.88</ele>
				<time>2026-09-10T08:01:48.821Z</time>
			</trkpt>
			<trkpt lat="40.31498" lon="-0.80492">
				<ele>1083.77</ele>
				<time>2026-09-10T08:01:49.440Z</time>
			</trkpt>
			<trkpt lat="40.31488" lon="-0.80489">
				<ele>1081.76</ele>
				<time>2026-09-10T08:01:50.022Z</time>
			</trkpt>
			<trkpt lat="40.31466" lon="-0.80493">
				<ele>1079.51</ele>
				<time>2026-09-10T08:01:51.283Z</time>
			</trkpt>
			<trkpt lat="40.31443" lon="-0.805">
				<ele>1083.95</ele>
				<time>2026-09-10T08:01:52.620Z</time>
			</trkpt>
			<trkpt lat="40.31415" lon="-0.80513">
				<ele>1089.58</ele>
				<time>2026-09-10T08:01:54.298Z</time>
			</trkpt>
			<trkpt lat="40.31397" lon="-0.80519">
				<ele>1092.54</ele>
				<time>2026-09-10T08:01:55.345Z</time>
			</trkpt>
			<trkpt lat="40.3139" lon="-0.80519">
				<ele>1093.12</ele>
				<time>2026-09-10T08:01:55.739Z</time>
			</trkpt>
			<trkpt lat="40.31376" lon="-0.80515">
				<ele>1095.52</ele>
				<time>2026-09-10T08:01:56.545Z</time>
			</trkpt>
			<trkpt lat="40.31369" lon="-0.80512">
				<ele>1096.24</ele>
				<time>2026-09-10T08:01:56.959Z</time>
			</trkpt>
			<trkpt lat="40.31336" lon="-0.8048">
				<ele>1097.79</ele>
				<time>2026-09-10T08:01:59.262Z</time>
			</trkpt>
			<trkpt lat="40.31287" lon="-0.80417">
				<ele>1099.2</ele>
				<time>2026-09-10T08:02:03.094Z</time>
			</trkpt>
			<trkpt lat="40.31268" lon="-0.80401">
				<ele>1099.6</ele>
				<time>2026-09-10T08:02:04.350Z</time>
			</trkpt>
			<trkpt lat="40.31252" lon="-0.80395">
				<ele>1098.44</ele>
				<time>2026-09-10T08:02:05.275Z</time>
			</trkpt>
			<trkpt lat="40.31238" lon="-0.80392">
				<ele>1097.45</ele>
				<time>2026-09-10T08:02:06.062Z</time>
			</trkpt>
			<trkpt lat="40.31222" lon="-0.80395">
				<ele>1097.57</ele>
				<time>2026-09-10T08:02:06.958Z</time>
			</trkpt>
			<trkpt lat="40.31161" lon="-0.80411">
				<ele>1094.28</ele>
				<time>2026-09-10T08:02:10.395Z</time>
			</trkpt>
			<trkpt lat="40.31143" lon="-0.80411">
				<ele>1094.12</ele>
				<time>2026-09-10T08:02:11.386Z</time>
			</trkpt>
			<trkpt lat="40.31127" lon="-0.80407">
				<ele>1095.46</ele>
				<time>2026-09-10T08:02:12.282Z</time>
			</trkpt>
			<trkpt lat="40.31111" lon="-0.80398">
				<ele>1097.6</ele>
				<time>2026-09-10T08:02:13.238Z</time>
			</trkpt>
			<trkpt lat="40.31092" lon="-0.80382">
				<ele>1102.97</ele>
				<time>2026-09-10T08:02:14.477Z</time>
			</trkpt>
			<trkpt lat="40.31084" lon="-0.80373">
				<ele>1104.05</ele>
				<time>2026-09-10T08:02:15.054Z</time>
			</trkpt>
			<trkpt lat="40.31047" lon="-0.80323">
				<ele>1104.4</ele>
				<time>2026-09-10T08:02:17.958Z</time>
			</trkpt>
			<trkpt lat="40.31035" lon="-0.80313">
				<ele>1104.57</ele>
				<time>2026-09-10T08:02:18.733Z</time>
			</trkpt>
			<trkpt lat="40.31021" lon="-0.80307">
				<ele>1105.1</ele>
				<time>2026-09-10T08:02:19.535Z</time>
			</trkpt>
			<trkpt lat="40.30974" lon="-0.80294">
				<ele>1117.14</ele>
				<time>2026-09-10T08:02:22.146Z</time>
			</trkpt>
			<trkpt lat="40.30934" lon="-0.80277">
				<ele>1112.74</ele>
				<time>2026-09-10T08:02:24.423Z</time>
			</trkpt>
			<trkpt lat="40.30905" lon="-0.80275">
				<ele>1111.94</ele>
				<time>2026-09-10T08:02:25.992Z</time>
			</trkpt>
			<trkpt lat="40.30733" lon="-0.8028">
				<ele>1111.11</ele>
				<time>2026-09-10T08:02:35.226Z</time>
			</trkpt>
			<trkpt lat="40.30644" lon="-0.80286">
				<ele>1115.32</ele>
				<time>2026-09-10T08:02:39.970Z</time>
			</trkpt>
			<trkpt lat="40.30613" lon="-0.80285">
				<ele>1119.94</ele>
				<time>2026-09-10T08:02:41.614Z</time>
			</trkpt>
			<trkpt lat="40.30543" lon="-0.80276">
				<ele>1115.51</ele>
				<time>2026-09-10T08:02:45.333Z</time>
			</trkpt>
			<trkpt lat="40.30513" lon="-0.80269">
				<ele>1117.52</ele>
				<time>2026-09-10T08:02:46.940Z</time>
			</trkpt>
			<trkpt lat="40.30478" lon="-0.8025">
				<ele>1116.46</ele>
				<time>2026-09-10T08:02:48.933Z</time>
			</trkpt>
			<trkpt lat="40.30181" lon="-0.8">
				<ele>1130.64</ele>
				<time>2026-09-10T08:03:07.323Z</time>
			</trkpt>
			<trkpt lat="40.3017" lon="-0.79989">
				<ele>1131.88</ele>
				<time>2026-09-10T08:03:08.038Z</time>
			</trkpt>
			<trkpt lat="40.30153" lon="-0.79964">
				<ele>1133.53</ele>
				<time>2026-09-10T08:03:09.357Z</time>
			</trkpt>
			<trkpt lat="40.30126" lon="-0.79909">
				<ele>1128.99</ele>
				<time>2026-09-10T08:03:11.928Z</time>
			</trkpt>
			<trkpt lat="40.30075" lon="-0.79821">
				<ele>1127.51</ele>
				<time>2026-09-10T08:03:16.262Z</time>
			</trkpt>
			<trkpt lat="40.30017" lon="-0.7971">
				<ele>1134.97</ele>
				<time>2026-09-10T08:03:21.521Z</time>
			</trkpt>
			<trkpt lat="40.3" lon="-0.79683">
				<ele>1133.9</ele>
				<time>2026-09-10T08:03:22.886Z</time>
			</trkpt>
			<trkpt lat="40.2999" lon="-0.79673">
				<ele>1132.93</ele>
				<time>2026-09-10T08:03:23.529Z</time>
			</trkpt>
			<trkpt lat="40.29983" lon="-0.79668">
				<ele>1132.73</ele>
				<time>2026-09-10T08:03:23.936Z</time>
			</trkpt>
			<trkpt lat="40.29969" lon="-0.79665">
				<ele>1133.89</ele>
				<time>2026-09-10T08:03:24.660Z</time>
			</trkpt>
			<trkpt lat="40.29905" lon="-0.7966">
				<ele>1139.05</ele>
				<time>2026-09-10T08:03:27.931Z</time>
			</trkpt>
			<trkpt lat="40.29857" lon="-0.7965">
				<ele>1140.29</ele>
				<time>2026-09-10T08:03:30.407Z</time>
			</trkpt>
			<trkpt lat="40.29813" lon="-0.79636">
				<ele>1137.42</ele>
				<time>2026-09-10T08:03:32.710Z</time>
			</trkpt>
			<trkpt lat="40.29792" lon="-0.79625">
				<ele>1135.99</ele>
				<time>2026-09-10T08:03:33.859Z</time>
			</trkpt>
			<trkpt lat="40.29733" lon="-0.79579">
				<ele>1139.16</ele>
				<time>2026-09-10T08:03:37.345Z</time>
			</trkpt>
			<trkpt lat="40.29707" lon="-0.79553">
				<ele>1140.29</ele>
				<time>2026-09-10T08:03:39.004Z</time>
			</trkpt>
			<trkpt lat="40.29699" lon="-0.79542">
				<ele>1141.16</ele>
				<time>2026-09-10T08:03:39.592Z</time>
			</trkpt>
			<trkpt lat="40.29682" lon="-0.79507">
				<ele>1144.63</ele>
				<time>2026-09-10T08:03:41.196Z</time>
			</trkpt>
			<trkpt lat="40.29673" lon="-0.79482">
				<ele>1146.51</ele>
				<time>2026-09-10T08:03:42.264Z</time>
			</trkpt>
			<trkpt lat="40.29657" lon="-0.79426">
				<ele>1145.91</ele>
				<time>2026-09-10T08:03:44.573Z</time>
			</trkpt>
			<trkpt lat="40.29653" lon="-0.79417">
				<ele>1145.34</ele>
				<time>2026-09-10T08:03:44.975Z</time>
			</trkpt>
			<trkpt lat="40.29615" lon="-0.79354">
				<ele>1144.59</ele>
				<time>2026-09-10T08:03:48.075Z</time>
			</trkpt>
			<trkpt lat="40.29588" lon="-0.79279">
				<ele>1149.93</ele>
				<time>2026-09-10T08:03:51.272Z</time>
			</trkpt>
			<trkpt lat="40.2958" lon="-0.79265">
				<ele>1150.87</ele>
				<time>2026-09-10T08:03:51.946Z</time>
			</trkpt>
			<trkpt lat="40.29515" lon="-0.79173">
				<ele>1145.65</ele>
				<time>2026-09-10T08:03:56.777Z</time>
			</trkpt>
			<trkpt lat="40.29497" lon="-0.79155">
				<ele>1146.69</ele>
				<time>2026-09-10T08:03:57.920Z</time>
			</trkpt>
			<trkpt lat="40.29473" lon="-0.79144">
				<ele>1147.91</ele>
				<time>2026-09-10T08:03:59.204Z</time>
			</trkpt>
			<trkpt lat="40.2929" lon="-0.79076">
				<ele>1148.21</ele>
				<time>2026-09-10T08:04:08.804Z</time>
			</trkpt>
			<trkpt lat="40.29273" lon="-0.79068">
				<ele>1150.21</ele>
				<time>2026-09-10T08:04:09.716Z</time>
			</trkpt>
			<trkpt lat="40.29248" lon="-0.79046">
				<ele>1152.94</ele>
				<time>2026-09-10T08:04:11.236Z</time>
			</trkpt>
			<trkpt lat="40.29228" lon="-0.79017">
				<ele>1155.78</ele>
				<time>2026-09-10T08:04:12.741Z</time>
			</trkpt>
			<trkpt lat="40.29191" lon="-0.78938">
				<ele>1153.8</ele>
				<time>2026-09-10T08:04:16.313Z</time>
			</trkpt>
			<trkpt lat="40.2918" lon="-0.78907">
				<ele>1158.18</ele>
				<time>2026-09-10T08:04:17.631Z</time>
			</trkpt>
			<trkpt lat="40.29176" lon="-0.78891">
				<ele>1159.96</ele>
				<time>2026-09-10T08:04:18.280Z</time>
			</trkpt>
			<trkpt lat="40.29168" lon="-0.78808">
				<ele>1158.87</ele>
				<time>2026-09-10T08:04:21.506Z</time>
			</trkpt>
			<trkpt lat="40.29162" lon="-0.7879">
				<ele>1158.17</ele>
				<time>2026-09-10T08:04:22.264Z</time>
			</trkpt>
			<trkpt lat="40.29152" lon="-0.78774">
				<ele>1158.05</ele>
				<time>2026-09-10T08:04:23.063Z</time>
			</trkpt>
			<trkpt lat="40.29145" lon="-0.78768">
				<ele>1158.48</ele>
				<time>2026-09-10T08:04:23.486Z</time>
			</trkpt>
			<trkpt lat="40.2913" lon="-0.78761">
				<ele>1159.3</ele>
				<time>2026-09-10T08:04:24.292Z</time>
			</trkpt>
			<trkpt lat="40.29115" lon="-0.78761">
				<ele>1160.53</ele>
				<time>2026-09-10T08:04:25.051Z</time>
			</trkpt>
			<trkpt lat="40.29088" lon="-0.78765">
				<ele>1163.21</ele>
				<time>2026-09-10T08:04:26.428Z</time>
			</trkpt>
			<trkpt lat="40.29074" lon="-0.78765">
				<ele>1164.49</ele>
				<time>2026-09-10T08:04:27.137Z</time>
			</trkpt>
			<trkpt lat="40.29057" lon="-0.78761">
				<ele>1165.72</ele>
				<time>2026-09-10T08:04:28.012Z</time>
			</trkpt>
			<trkpt lat="40.29046" lon="-0.78757">
				<ele>1166.45</ele>
				<time>2026-09-10T08:04:28.591Z</time>
			</trkpt>
			<trkpt lat="40.29024" lon="-0.7874">
				<ele>1167.66</ele>
				<time>2026-09-10T08:04:29.886Z</time>
			</trkpt>
			<trkpt lat="40.2896" lon="-0.78683">
				<ele>1176.58</ele>
				<time>2026-09-10T08:04:33.813Z</time>
			</trkpt>
			<trkpt lat="40.28947" lon="-0.78668">
				<ele>1179.18</ele>
				<time>2026-09-10T08:04:34.693Z</time>
			</trkpt>
			<trkpt lat="40.28919" lon="-0.78615">
				<ele>1180.82</ele>
				<time>2026-09-10T08:04:37.194Z</time>
			</trkpt>
			<trkpt lat="40.28909" lon="-0.78602">
				<ele>1180.11</ele>
				<time>2026-09-10T08:04:37.910Z</time>
			</trkpt>
			<trkpt lat="40.28894" lon="-0.78589">
				<ele>1179.23</ele>
				<time>2026-09-10T08:04:38.826Z</time>
			</trkpt>
			<trkpt lat="40.2886" lon="-0.78569">
				<ele>1179.56</ele>
				<time>2026-09-10T08:04:40.725Z</time>
			</trkpt>
			<trkpt lat="40.28797" lon="-0.78536">
				<ele>1180.56</ele>
				<time>2026-09-10T08:04:44.186Z</time>
			</trkpt>
			<trkpt lat="40.28782" lon="-0.78532">
				<ele>1180.25</ele>
				<time>2026-09-10T08:04:44.968Z</time>
			</trkpt>
			<trkpt lat="40.28712" lon="-0.78529">
				<ele>1182</ele>
				<time>2026-09-10T08:04:48.551Z</time>
			</trkpt>
			<trkpt lat="40.28689" lon="-0.78524">
				<ele>1182.21</ele>
				<time>2026-09-10T08:04:49.745Z</time>
			</trkpt>
			<trkpt lat="40.2866" lon="-0.78512">
				<ele>1181.77</ele>
				<time>2026-09-10T08:04:51.305Z</time>
			</trkpt>
			<trkpt lat="40.28638" lon="-0.78497">
				<ele>1181.21</ele>
				<time>2026-09-10T08:04:52.577Z</time>
			</trkpt>
			<trkpt lat="40.28619" lon="-0.78478">
				<ele>1179.31</ele>
				<time>2026-09-10T08:04:53.805Z</time>
			</trkpt>
			<trkpt lat="40.28602" lon="-0.78456">
				<ele>1177.31</ele>
				<time>2026-09-10T08:04:55.033Z</time>
			</trkpt>
			<trkpt lat="40.28585" lon="-0.78425">
				<ele>1176.12</ele>
				<time>2026-09-10T08:04:56.532Z</time>
			</trkpt>
			<trkpt lat="40.28576" lon="-0.784">
				<ele>1175.2</ele>
				<time>2026-09-10T08:04:57.619Z</time>
			</trkpt>
			<trkpt lat="40.28567" lon="-0.78358">
				<ele>1172.85</ele>
				<time>2026-09-10T08:04:59.335Z</time>
			</trkpt>
			<trkpt lat="40.28547" lon="-0.78241">
				<ele>1177.56</ele>
				<time>2026-09-10T08:05:04.065Z</time>
			</trkpt>
			<trkpt lat="40.28543" lon="-0.78204">
				<ele>1178.32</ele>
				<time>2026-09-10T08:05:05.543Z</time>
			</trkpt>
			<trkpt lat="40.28543" lon="-0.7819">
				<ele>1177.7</ele>
				<time>2026-09-10T08:05:06.097Z</time>
			</trkpt>
			<trkpt lat="40.28547" lon="-0.78165">
				<ele>1176.2</ele>
				<time>2026-09-10T08:05:07.109Z</time>
			</trkpt>
			<trkpt lat="40.28596" lon="-0.78001">
				<ele>1167.68</ele>
				<time>2026-09-10T08:05:14.111Z</time>
			</trkpt>
			<trkpt lat="40.28605" lon="-0.77965">
				<ele>1168.47</ele>
				<time>2026-09-10T08:05:15.623Z</time>
			</trkpt>
			<trkpt lat="40.28609" lon="-0.77935">
				<ele>1165.39</ele>
				<time>2026-09-10T08:05:16.840Z</time>
			</trkpt>
			<trkpt lat="40.28609" lon="-0.77904">
				<ele>1162.23</ele>
				<time>2026-09-10T08:05:18.081Z</time>
			</trkpt>
			<trkpt lat="40.28606" lon="-0.77879">
				<ele>1159.14</ele>
				<time>2026-09-10T08:05:19.095Z</time>
			</trkpt>
			<trkpt lat="40.28602" lon="-0.77864">
				<ele>1157.4</ele>
				<time>2026-09-10T08:05:19.732Z</time>
			</trkpt>
			<trkpt lat="40.28524" lon="-0.77639">
				<ele>1153.06</ele>
				<time>2026-09-10T08:05:29.699Z</time>
			</trkpt>
			<trkpt lat="40.28515" lon="-0.77625">
				<ele>1152.62</ele>
				<time>2026-09-10T08:05:30.442Z</time>
			</trkpt>
			<trkpt lat="40.28501" lon="-0.77609">
				<ele>1151.63</ele>
				<time>2026-09-10T08:05:31.430Z</time>
			</trkpt>
			<trkpt lat="40.28486" lon="-0.77598">
				<ele>1149.58</ele>
				<time>2026-09-10T08:05:32.346Z</time>
			</trkpt>
			<trkpt lat="40.28478" lon="-0.77595">
				<ele>1148.29</ele>
				<time>2026-09-10T08:05:32.790Z</time>
			</trkpt>
			<trkpt lat="40.2846" lon="-0.7759">
				<ele>1144.76</ele>
				<time>2026-09-10T08:05:33.772Z</time>
			</trkpt>
			<trkpt lat="40.28328" lon="-0.77574">
				<ele>1132.84</ele>
				<time>2026-09-10T08:05:40.883Z</time>
			</trkpt>
			<trkpt lat="40.2832" lon="-0.77573">
				<ele>1132.54</ele>
				<time>2026-09-10T08:05:41.316Z</time>
			</trkpt>
			<trkpt lat="40.28304" lon="-0.77566">
				<ele>1131.94</ele>
				<time>2026-09-10T08:05:42.226Z</time>
			</trkpt>
			<trkpt lat="40.28289" lon="-0.77556">
				<ele>1131.41</ele>
				<time>2026-09-10T08:05:43.135Z</time>
			</trkpt>
			<trkpt lat="40.28282" lon="-0.77549">
				<ele>1131.17</ele>
				<time>2026-09-10T08:05:43.611Z</time>
			</trkpt>
			<trkpt lat="40.28266" lon="-0.77526">
				<ele>1129.77</ele>
				<time>2026-09-10T08:05:44.896Z</time>
			</trkpt>
			<trkpt lat="40.28251" lon="-0.77496">
				<ele>1128.08</ele>
				<time>2026-09-10T08:05:46.379Z</time>
			</trkpt>
			<trkpt lat="40.2823" lon="-0.77469">
				<ele>1127.3</ele>
				<time>2026-09-10T08:05:47.977Z</time>
			</trkpt>
			<trkpt lat="40.28215" lon="-0.77457">
				<ele>1126.88</ele>
				<time>2026-09-10T08:05:48.933Z</time>
			</trkpt>
			<trkpt lat="40.28205" lon="-0.77453">
				<ele>1126.83</ele>
				<time>2026-09-10T08:05:49.502Z</time>
			</trkpt>
			<trkpt lat="40.28178" lon="-0.77447">
				<ele>1126.34</ele>
				<time>2026-09-10T08:05:50.995Z</time>
			</trkpt>
			<trkpt lat="40.28162" lon="-0.77448">
				<ele>1125.85</ele>
				<time>2026-09-10T08:05:51.870Z</time>
			</trkpt>
			<trkpt lat="40.27799" lon="-0.77528">
				<ele>1119.21</ele>
				<time>2026-09-10T08:06:12.277Z</time>
			</trkpt>
			<trkpt lat="40.27779" lon="-0.7753">
				<ele>1119.67</ele>
				<time>2026-09-10T08:06:13.407Z</time>
			</trkpt>
			<trkpt lat="40.27763" lon="-0.77529">
				<ele>1118.91</ele>
				<time>2026-09-10T08:06:14.310Z</time>
			</trkpt>
			<trkpt lat="40.27727" lon="-0.7752">
				<ele>1115.98</ele>
				<time>2026-09-10T08:06:16.382Z</time>
			</trkpt>
			<trkpt lat="40.27707" lon="-0.7751">
				<ele>1114.79</ele>
				<time>2026-09-10T08:06:17.595Z</time>
			</trkpt>
			<trkpt lat="40.27685" lon="-0.77497">
				<ele>1114.37</ele>
				<time>2026-09-10T08:06:18.966Z</time>
			</trkpt>
			<trkpt lat="40.27665" lon="-0.77481">
				<ele>1117.01</ele>
				<time>2026-09-10T08:06:20.299Z</time>
			</trkpt>
			<trkpt lat="40.27645" lon="-0.77461">
				<ele>1116.8</ele>
				<time>2026-09-10T08:06:21.733Z</time>
			</trkpt>
			<trkpt lat="40.27627" lon="-0.77437">
				<ele>1115.47</ele>
				<time>2026-09-10T08:06:23.201Z</time>
			</trkpt>
			<trkpt lat="40.27612" lon="-0.77413">
				<ele>1113.31</ele>
				<time>2026-09-10T08:06:24.557Z</time>
			</trkpt>
			<trkpt lat="40.27501" lon="-0.77149">
				<ele>1114.14</ele>
				<time>2026-09-10T08:06:37.884Z</time>
			</trkpt>
			<trkpt lat="40.27496" lon="-0.77128">
				<ele>1113.61</ele>
				<time>2026-09-10T08:06:38.868Z</time>
			</trkpt>
			<trkpt lat="40.27494" lon="-0.77115">
				<ele>1113.21</ele>
				<time>2026-09-10T08:06:39.462Z</time>
			</trkpt>
			<trkpt lat="40.27493" lon="-0.7709">
				<ele>1113.23</ele>
				<time>2026-09-10T08:06:40.585Z</time>
			</trkpt>
			<trkpt lat="40.27503" lon="-0.7694">
				<ele>1116.85</ele>
				<time>2026-09-10T08:06:47.383Z</time>
			</trkpt>
			<trkpt lat="40.27503" lon="-0.769">
				<ele>1115.76</ele>
				<time>2026-09-10T08:06:49.201Z</time>
			</trkpt>
			<trkpt lat="40.27501" lon="-0.76865">
				<ele>1115.91</ele>
				<time>2026-09-10T08:06:50.802Z</time>
			</trkpt>
			<trkpt lat="40.27494" lon="-0.76825">
				<ele>1116.76</ele>
				<time>2026-09-10T08:06:52.679Z</time>
			</trkpt>
			<trkpt lat="40.27483" lon="-0.76776">
				<ele>1116.8</ele>
				<time>2026-09-10T08:06:55.023Z</time>
			</trkpt>
			<trkpt lat="40.27463" lon="-0.76719">
				<ele>1118.76</ele>
				<time>2026-09-10T08:06:57.916Z</time>
			</trkpt>
			<trkpt lat="40.27436" lon="-0.76667">
				<ele>1121.29</ele>
				<time>2026-09-10T08:07:00.830Z</time>
			</trkpt>
			<trkpt lat="40.27406" lon="-0.76623">
				<ele>1121.61</ele>
				<time>2026-09-10T08:07:03.577Z</time>
			</trkpt>
			<trkpt lat="40.27388" lon="-0.76603">
				<ele>1120</ele>
				<time>2026-09-10T08:07:05.023Z</time>
			</trkpt>
			<trkpt lat="40.27365" lon="-0.7658">
				<ele>1115.88</ele>
				<time>2026-09-10T08:07:06.799Z</time>
			</trkpt>
			<trkpt lat="40.2727" lon="-0.76501">
				<ele>1108.43</ele>
				<time>2026-09-10T08:07:13.762Z</time>
			</trkpt>
			<trkpt lat="40.27256" lon="-0.76485">
				<ele>1109.08</ele>
				<time>2026-09-10T08:07:14.919Z</time>
			</trkpt>
			<trkpt lat="40.27236" lon="-0.76452">
				<ele>1109.38</ele>
				<time>2026-09-10T08:07:16.929Z</time>
			</trkpt>
			<trkpt lat="40.2721" lon="-0.76387">
				<ele>1106.45</ele>
				<time>2026-09-10T08:07:20.445Z</time>
			</trkpt>
			<trkpt lat="40.27191" lon="-0.76347">
				<ele>1103.66</ele>
				<time>2026-09-10T08:07:22.714Z</time>
			</trkpt>
			<trkpt lat="40.27141" lon="-0.76263">
				<ele>1101.81</ele>
				<time>2026-09-10T08:07:27.879Z</time>
			</trkpt>
			<trkpt lat="40.27118" lon="-0.76234">
				<ele>1100.23</ele>
				<time>2026-09-10T08:07:29.919Z</time>
			</trkpt>
			<trkpt lat="40.27035" lon="-0.76162">
				<ele>1094.98</ele>
				<time>2026-09-10T08:07:36.331Z</time>
			</trkpt>
			<trkpt lat="40.26996" lon="-0.76119">
				<ele>1092.66</ele>
				<time>2026-09-10T08:07:39.643Z</time>
			</trkpt>
			<trkpt lat="40.26967" lon="-0.76095">
				<ele>1094.93</ele>
				<time>2026-09-10T08:07:41.882Z</time>
			</trkpt>
			<trkpt lat="40.26928" lon="-0.76069">
				<ele>1091.56</ele>
				<time>2026-09-10T08:07:44.752Z</time>
			</trkpt>
			<trkpt lat="40.26919" lon="-0.76061">
				<ele>1090.2</ele>
				<time>2026-09-10T08:07:45.468Z</time>
			</trkpt>
			<trkpt lat="40.26907" lon="-0.76046">
				<ele>1088.09</ele>
				<time>2026-09-10T08:07:46.561Z</time>
			</trkpt>
			<trkpt lat="40.26884" lon="-0.76007">
				<ele>1082.97</ele>
				<time>2026-09-10T08:07:49.048Z</time>
			</trkpt>
			<trkpt lat="40.26871" lon="-0.75992">
				<ele>1083.87</ele>
				<time>2026-09-10T08:07:50.197Z</time>
			</trkpt>
			<trkpt lat="40.26863" lon="-0.75985">
				<ele>1083.94</ele>
				<time>2026-09-10T08:07:50.836Z</time>
			</trkpt>
			<trkpt lat="40.26777" lon="-0.75934">
				<ele>1079.64</ele>
				<time>2026-09-10T08:07:57.147Z</time>
			</trkpt>
			<trkpt lat="40.26732" lon="-0.75896">
				<ele>1079.03</ele>
				<time>2026-09-10T08:08:00.758Z</time>
			</trkpt>
			<trkpt lat="40.26698" lon="-0.75854">
				<ele>1076.05</ele>
				<time>2026-09-10T08:08:03.928Z</time>
			</trkpt>
			<trkpt lat="40.26666" lon="-0.75799">
				<ele>1076.22</ele>
				<time>2026-09-10T08:08:07.531Z</time>
			</trkpt>
			<trkpt lat="40.26647" lon="-0.75755">
				<ele>1072.21</ele>
				<time>2026-09-10T08:08:10.180Z</time>
			</trkpt>
			<trkpt lat="40.26625" lon="-0.75693">
				<ele>1066.93</ele>
				<time>2026-09-10T08:08:13.782Z</time>
			</trkpt>
			<trkpt lat="40.26606" lon="-0.75646">
				<ele>1067</ele>
				<time>2026-09-10T08:08:16.600Z</time>
			</trkpt>
			<trkpt lat="40.26574" lon="-0.75581">
				<ele>1068.26</ele>
				<time>2026-09-10T08:08:20.724Z</time>
			</trkpt>
			<trkpt lat="40.26529" lon="-0.75474">
				<ele>1064.21</ele>
				<time>2026-09-10T08:08:27.299Z</time>
			</trkpt>
			<trkpt lat="40.26417" lon="-0.75187">
				<ele>1064.26</ele>
				<time>2026-09-10T08:08:45.024Z</time>
			</trkpt>
			<trkpt lat="40.26354" lon="-0.74997">
				<ele>1054.26</ele>
				<time>2026-09-10T08:08:56.713Z</time>
			</trkpt>
			<trkpt lat="40.26338" lon="-0.74945">
				<ele>1051.2</ele>
				<time>2026-09-10T08:08:59.918Z</time>
			</trkpt>
			<trkpt lat="40.26324" lon="-0.74911">
				<ele>1051.15</ele>
				<time>2026-09-10T08:09:02.137Z</time>
			</trkpt>
			<trkpt lat="40.26312" lon="-0.74892">
				<ele>1052.75</ele>
				<time>2026-09-10T08:09:03.558Z</time>
			</trkpt>
			<trkpt lat="40.26297" lon="-0.74876">
				<ele>1053.53</ele>
				<time>2026-09-10T08:09:05.022Z</time>
			</trkpt>
			<trkpt lat="40.26227" lon="-0.74819">
				<ele>1059.35</ele>
				<time>2026-09-10T08:09:11.302Z</time>
			</trkpt>
			<trkpt lat="40.26215" lon="-0.74808">
				<ele>1061.97</ele>
				<time>2026-09-10T08:09:12.425Z</time>
			</trkpt>
			<trkpt lat="40.26201" lon="-0.74786">
				<ele>1063.12</ele>
				<time>2026-09-10T08:09:14.105Z</time>
			</trkpt>
			<trkpt lat="40.26191" lon="-0.74763">
				<ele>1063.33</ele>
				<time>2026-09-10T08:09:15.662Z</time>
			</trkpt>
			<trkpt lat="40.2615" lon="-0.74622">
				<ele>1064.68</ele>
				<time>2026-09-10T08:09:24.617Z</time>
			</trkpt>
			<trkpt lat="40.2614" lon="-0.74594">
				<ele>1065.39</ele>
				<time>2026-09-10T08:09:26.469Z</time>
			</trkpt>
			<trkpt lat="40.26085" lon="-0.74586">
				<ele>1064.98</ele>
				<time>2026-09-10T08:09:30.836Z</time>
			</trkpt>
			<trkpt lat="40.26047" lon="-0.74588">
				<ele>1063.36</ele>
				<time>2026-09-10T08:09:33.749Z</time>
			</trkpt>
			<trkpt lat="40.26032" lon="-0.74592">
				<ele>1062.59</ele>
				<time>2026-09-10T08:09:34.842Z</time>
			</trkpt>
			<trkpt lat="40.25999" lon="-0.74606">
				<ele>1061.4</ele>
				<time>2026-09-10T08:09:37.164Z</time>
			</trkpt>
			<trkpt lat="40.25981" lon="-0.74616">
				<ele>1060.82</ele>
				<time>2026-09-10T08:09:38.386Z</time>
			</trkpt>
			<trkpt lat="40.2595" lon="-0.74639">
				<ele>1058.46</ele>
				<time>2026-09-10T08:09:40.468Z</time>
			</trkpt>
			<trkpt lat="40.25935" lon="-0.74652">
				<ele>1057.85</ele>
				<time>2026-09-10T08:09:41.457Z</time>
			</trkpt>
			<trkpt lat="40.25912" lon="-0.74681">
				<ele>1057.56</ele>
				<time>2026-09-10T08:09:43.123Z</time>
			</trkpt>
			<trkpt lat="40.25837" lon="-0.74786">
				<ele>1055.61</ele>
				<time>2026-09-10T08:09:48.249Z</time>
			</trkpt>
			<trkpt lat="40.25705" lon="-0.74962">
				<ele>1058.22</ele>
				<time>2026-09-10T08:09:56.843Z</time>
			</trkpt>
			<trkpt lat="40.25688" lon="-0.74976">
				<ele>1057.94</ele>
				<time>2026-09-10T08:09:57.887Z</time>
			</trkpt>
			<trkpt lat="40.25641" lon="-0.75005">
				<ele>1054.88</ele>
				<time>2026-09-10T08:10:00.805Z</time>
			</trkpt>
			<trkpt lat="40.25593" lon="-0.75029">
				<ele>1052.16</ele>
				<time>2026-09-10T08:10:04.069Z</time>
			</trkpt>
			<trkpt lat="40.25564" lon="-0.75056">
				<ele>1052.11</ele>
				<time>2026-09-10T08:10:06.597Z</time>
			</trkpt>
			<trkpt lat="40.2552" lon="-0.75107">
				<ele>1049.69</ele>
				<time>2026-09-10T08:10:11.334Z</time>
			</trkpt>
			<trkpt lat="40.25498" lon="-0.75122">
				<ele>1047.26</ele>
				<time>2026-09-10T08:10:13.571Z</time>
			</trkpt>
			<trkpt lat="40.25462" lon="-0.75142">
				<ele>1049.65</ele>
				<time>2026-09-10T08:10:17.416Z</time>
			</trkpt>
			<trkpt lat="40.25438" lon="-0.75158">
				<ele>1052.49</ele>
				<time>2026-09-10T08:10:20.309Z</time>
			</trkpt>
			<trkpt lat="40.2542" lon="-0.75177">
				<ele>1052.11</ele>
				<time>2026-09-10T08:10:22.961Z</time>
			</trkpt>
			<trkpt lat="40.25392" lon="-0.75223">
				<ele>1045.39</ele>
				<time>2026-09-10T08:10:28.594Z</time>
			</trkpt>
			<trkpt lat="40.25369" lon="-0.75263">
				<ele>1048.09</ele>
				<time>2026-09-10T08:10:33.923Z</time>
			</trkpt>
			<trkpt lat="40.25354" lon="-0.75284">
				<ele>1047.57</ele>
				<time>2026-09-10T08:10:37.221Z</time>
			</trkpt>
			<trkpt lat="40.25335" lon="-0.75305">
				<ele>1045.79</ele>
				<time>2026-09-10T08:10:41.174Z</time>
			</trkpt>
			<trkpt lat="40.25318" lon="-0.75318">
				<ele>1045.47</ele>
				<time>2026-09-10T08:10:44.476Z</time>
			</trkpt>
			<trkpt lat="40.25308" lon="-0.7532">
				<ele>1047.04</ele>
				<time>2026-09-10T08:10:46.234Z</time>
			</trkpt>
			<trkpt lat="40.25284" lon="-0.75305">
				<ele>1049.32</ele>
				<time>2026-09-10T08:10:51.057Z</time>
			</trkpt>
			<trkpt lat="40.25274" lon="-0.75302">
				<ele>1048.85</ele>
				<time>2026-09-10T08:10:52.998Z</time>
			</trkpt>
			<trkpt lat="40.25244" lon="-0.75302">
				<ele>1046.22</ele>
				<time>2026-09-10T08:10:58.940Z</time>
			</trkpt>
			<trkpt lat="40.25234" lon="-0.75305">
				<ele>1045.19</ele>
				<time>2026-09-10T08:11:01.065Z</time>
			</trkpt>
			<trkpt lat="40.25224" lon="-0.75313">
				<ele>1043.7</ele>
				<time>2026-09-10T08:11:03.551Z</time>
			</trkpt>
			<trkpt lat="40.25179" lon="-0.75352">
				<ele>1038.96</ele>
				<time>2026-09-10T08:11:15.845Z</time>
			</trkpt>
			<trkpt lat="40.2517" lon="-0.75353">
				<ele>1038.77</ele>
				<time>2026-09-10T08:11:18.043Z</time>
			</trkpt>
			<trkpt lat="40.25161" lon="-0.75357">
				<ele>1038.14</ele>
				<time>2026-09-10T08:11:20.401Z</time>
			</trkpt>
			<trkpt lat="40.2517" lon="-0.75353">
				<ele>1038.77</ele>
				<time>2026-09-10T08:11:22.806Z</time>
			</trkpt>
			<trkpt lat="40.25179" lon="-0.75352">
				<ele>1038.96</ele>
				<time>2026-09-10T08:11:25.135Z</time>
			</trkpt>
			<trkpt lat="40.25167" lon="-0.75367">
				<ele>1038.8</ele>
				<time>2026-09-10T08:11:29.523Z</time>
			</trkpt>
			<trkpt lat="40.2511" lon="-0.75423">
				<ele>1033.58</ele>
				<time>2026-09-10T08:12:16.367Z</time>
			</trkpt>
			<trkpt lat="40.25102" lon="-0.75431">
				<ele>1033.86</ele>
				<time>2026-09-10T08:12:17.585Z</time>
			</trkpt>
			<trkpt lat="40.25091" lon="-0.75446">
				<ele>1034.47</ele>
				<time>2026-09-10T08:12:19.502Z</time>
			</trkpt>
			<trkpt lat="40.25057" lon="-0.75496">
				<ele>1039.58</ele>
				<time>2026-09-10T08:12:25.638Z</time>
			</trkpt>
			<trkpt lat="40.25041" lon="-0.75523">
				<ele>1039.8</ele>
				<time>2026-09-10T08:12:28.751Z</time>
			</trkpt>
			<trkpt lat="40.2498" lon="-0.75659">
				<ele>1044.11</ele>
				<time>2026-09-10T08:12:42.941Z</time>
			</trkpt>
			<trkpt lat="40.24957" lon="-0.75697">
				<ele>1041.28</ele>
				<time>2026-09-10T08:12:47.248Z</time>
			</trkpt>
			<trkpt lat="40.24774" lon="-0.75956">
				<ele>1037.28</ele>
				<time>2026-09-10T08:13:17.799Z</time>
			</trkpt>
			<trkpt lat="40.24615" lon="-0.76177">
				<ele>1034.35</ele>
				<time>2026-09-10T08:13:43.003Z</time>
			</trkpt>
			<trkpt lat="40.24551" lon="-0.76263">
				<ele>1035.58</ele>
				<time>2026-09-10T08:13:52.700Z</time>
			</trkpt>
			<trkpt lat="40.24536" lon="-0.76288">
				<ele>1037.82</ele>
				<time>2026-09-10T08:13:55.242Z</time>
			</trkpt>
			<trkpt lat="40.24506" lon="-0.76347">
				<ele>1040.78</ele>
				<time>2026-09-10T08:14:00.871Z</time>
			</trkpt>
			<trkpt lat="40.24483" lon="-0.76387">
				<ele>1041.5</ele>
				<time>2026-09-10T08:14:04.816Z</time>
			</trkpt>
			<trkpt lat="40.24466" lon="-0.76401">
				<ele>1039.78</ele>
				<time>2026-09-10T08:14:06.878Z</time>
			</trkpt>
			<trkpt lat="40.2445" lon="-0.76407">
				<ele>1036.98</ele>
				<time>2026-09-10T08:14:08.582Z</time>
			</trkpt>
			<trkpt lat="40.24352" lon="-0.76427">
				<ele>1033.34</ele>
				<time>2026-09-10T08:14:18.634Z</time>
			</trkpt>
			<trkpt lat="40.24338" lon="-0.76428">
				<ele>1034.83</ele>
				<time>2026-09-10T08:14:20.041Z</time>
			</trkpt>
			<trkpt lat="40.24317" lon="-0.76426">
				<ele>1036.22</ele>
				<time>2026-09-10T08:14:22.148Z</time>
			</trkpt>
			<trkpt lat="40.24262" lon="-0.7641">
				<ele>1038.73</ele>
				<time>2026-09-10T08:14:27.748Z</time>
			</trkpt>
			<trkpt lat="40.24249" lon="-0.76409">
				<ele>1040.25</ele>
				<time>2026-09-10T08:14:29.034Z</time>
			</trkpt>
			<trkpt lat="40.24235" lon="-0.76411">
				<ele>1040.39</ele>
				<time>2026-09-10T08:14:30.422Z</time>
			</trkpt>
			<trkpt lat="40.24222" lon="-0.76416">
				<ele>1040.74</ele>
				<time>2026-09-10T08:14:31.754Z</time>
			</trkpt>
			<trkpt lat="40.242" lon="-0.76429">
				<ele>1040.4</ele>
				<time>2026-09-10T08:14:34.120Z</time>
			</trkpt>
			<trkpt lat="40.24173" lon="-0.76454">
				<ele>1038.64</ele>
				<time>2026-09-10T08:14:37.344Z</time>
			</trkpt>
			<trkpt lat="40.24154" lon="-0.76471">
				<ele>1037.35</ele>
				<time>2026-09-10T08:14:39.576Z</time>
			</trkpt>
			<trkpt lat="40.2413" lon="-0.76481">
				<ele>1037.04</ele>
				<time>2026-09-10T08:14:42.010Z</time>
			</trkpt>
			<trkpt lat="40.24109" lon="-0.76484">
				<ele>1036.49</ele>
				<time>2026-09-10T08:14:44.043Z</time>
			</trkpt>
			<trkpt lat="40.2408" lon="-0.76484">
				<ele>1034.81</ele>
				<time>2026-09-10T08:14:46.822Z</time>
			</trkpt>
			<trkpt lat="40.24016" lon="-0.76471">
				<ele>1033.55</ele>
				<time>2026-09-10T08:14:52.977Z</time>
			</trkpt>
			<trkpt lat="40.23989" lon="-0.76469">
				<ele>1033.42</ele>
				<time>2026-09-10T08:14:55.527Z</time>
			</trkpt>
			<trkpt lat="40.23965" lon="-0.76472">
				<ele>1033.8</ele>
				<time>2026-09-10T08:14:57.789Z</time>
			</trkpt>
			<trkpt lat="40.23914" lon="-0.76489">
				<ele>1030.08</ele>
				<time>2026-09-10T08:15:02.695Z</time>
			</trkpt>
			<trkpt lat="40.23891" lon="-0.7649">
				<ele>1028.34</ele>
				<time>2026-09-10T08:15:04.826Z</time>
			</trkpt>
			<trkpt lat="40.23877" lon="-0.76487">
				<ele>1026.98</ele>
				<time>2026-09-10T08:15:06.135Z</time>
			</trkpt>
			<trkpt lat="40.2381" lon="-0.76462">
				<ele>1021.1</ele>
				<time>2026-09-10T08:15:12.518Z</time>
			</trkpt>
			<trkpt lat="40.23781" lon="-0.76453">
				<ele>1018.83</ele>
				<time>2026-09-10T08:15:15.224Z</time>
			</trkpt>
			<trkpt lat="40.23749" lon="-0.76449">
				<ele>1013.85</ele>
				<time>2026-09-10T08:15:18.127Z</time>
			</trkpt>
			<trkpt lat="40.23704" lon="-0.76456">
				<ele>1014.48</ele>
				<time>2026-09-10T08:15:22.192Z</time>
			</trkpt>
			<trkpt lat="40.23685" lon="-0.76463">
				<ele>1016.03</ele>
				<time>2026-09-10T08:15:23.952Z</time>
			</trkpt>
			<trkpt lat="40.23664" lon="-0.76475">
				<ele>1019.23</ele>
				<time>2026-09-10T08:15:25.987Z</time>
			</trkpt>
			<trkpt lat="40.23645" lon="-0.7649">
				<ele>1021.16</ele>
				<time>2026-09-10T08:15:27.950Z</time>
			</trkpt>
			<trkpt lat="40.23568" lon="-0.76559">
				<ele>1024.44</ele>
				<time>2026-09-10T08:15:36.121Z</time>
			</trkpt>
			<trkpt lat="40.23536" lon="-0.76575">
				<ele>1025.55</ele>
				<time>2026-09-10T08:15:39.087Z</time>
			</trkpt>
			<trkpt lat="40.23498" lon="-0.76584">
				<ele>1026.05</ele>
				<time>2026-09-10T08:15:42.409Z</time>
			</trkpt>
			<trkpt lat="40.23473" lon="-0.76579">
				<ele>1026.64</ele>
				<time>2026-09-10T08:15:44.572Z</time>
			</trkpt>
			<trkpt lat="40.23418" lon="-0.76542">
				<ele>1021.88</ele>
				<time>2026-09-10T08:15:49.819Z</time>
			</trkpt>
			<trkpt lat="40.23213" lon="-0.76574">
				<ele>1013.97</ele>
				<time>2026-09-10T08:16:06.922Z</time>
			</trkpt>
			<trkpt lat="40.23118" lon="-0.76639">
				<ele>1018.6</ele>
				<time>2026-09-10T08:16:15.553Z</time>
			</trkpt>
			<trkpt lat="40.22999" lon="-0.76831">
				<ele>1014.71</ele>
				<time>2026-09-10T08:16:30.354Z</time>
			</trkpt>
			<trkpt lat="40.22873" lon="-0.77016">
				<ele>1016.73</ele>
				<time>2026-09-10T08:16:44.689Z</time>
			</trkpt>
			<trkpt lat="40.22838" lon="-0.77097">
				<ele>1011.18</ele>
				<time>2026-09-10T08:16:49.944Z</time>
			</trkpt>
			<trkpt lat="40.22812" lon="-0.77152">
				<ele>1005.49</ele>
				<time>2026-09-10T08:16:53.557Z</time>
			</trkpt>
			<trkpt lat="40.22738" lon="-0.77239">
				<ele>1005.07</ele>
				<time>2026-09-10T08:17:00.731Z</time>
			</trkpt>
			<trkpt lat="40.22604" lon="-0.77288">
				<ele>1000.38</ele>
				<time>2026-09-10T08:17:10.551Z</time>
			</trkpt>
			<trkpt lat="40.22518" lon="-0.77285">
				<ele>998.38</ele>
				<time>2026-09-10T08:17:16.499Z</time>
			</trkpt>
			<trkpt lat="40.22254" lon="-0.77418">
				<ele>984.7</ele>
				<time>2026-09-10T08:17:35.405Z</time>
			</trkpt>
			<trkpt lat="40.21822" lon="-0.77691">
				<ele>974.85</ele>
				<time>2026-09-10T08:18:05.296Z</time>
			</trkpt>
			<trkpt lat="40.21782" lon="-0.77711">
				<ele>970.73</ele>
				<time>2026-09-10T08:18:07.839Z</time>
			</trkpt>
			<trkpt lat="40.21745" lon="-0.77738">
				<ele>969.63</ele>
				<time>2026-09-10T08:18:10.334Z</time>
			</trkpt>
			<trkpt lat="40.21372" lon="-0.78039">
				<ele>986.04</ele>
				<time>2026-09-10T08:18:35.050Z</time>
			</trkpt>
			<trkpt lat="40.21343" lon="-0.78068">
				<ele>989.29</ele>
				<time>2026-09-10T08:18:37.021Z</time>
			</trkpt>
			<trkpt lat="40.21289" lon="-0.78136">
				<ele>990.4</ele>
				<time>2026-09-10T08:18:41.028Z</time>
			</trkpt>
			<trkpt lat="40.21267" lon="-0.78158">
				<ele>991.23</ele>
				<time>2026-09-10T08:18:42.495Z</time>
			</trkpt>
			<trkpt lat="40.2123" lon="-0.78182">
				<ele>991.63</ele>
				<time>2026-09-10T08:18:44.670Z</time>
			</trkpt>
			<trkpt lat="40.21209" lon="-0.78191">
				<ele>991.76</ele>
				<time>2026-09-10T08:18:45.828Z</time>
			</trkpt>
			<trkpt lat="40.21144" lon="-0.78212">
				<ele>992.94</ele>
				<time>2026-09-10T08:18:49.307Z</time>
			</trkpt>
			<trkpt lat="40.2097" lon="-0.78263">
				<ele>996.53</ele>
				<time>2026-09-10T08:18:58.374Z</time>
			</trkpt>
			<trkpt lat="40.2086" lon="-0.78293">
				<ele>994.84</ele>
				<time>2026-09-10T08:19:03.944Z</time>
			</trkpt>
			<trkpt lat="40.20656" lon="-0.78317">
				<ele>982.56</ele>
				<time>2026-09-10T08:19:13.824Z</time>
			</trkpt>
			<trkpt lat="40.20616" lon="-0.78319">
				<ele>982.62</ele>
				<time>2026-09-10T08:19:15.715Z</time>
			</trkpt>
			<trkpt lat="40.20591" lon="-0.78318">
				<ele>981.77</ele>
				<time>2026-09-10T08:19:16.890Z</time>
			</trkpt>
			<trkpt lat="40.20566" lon="-0.78312">
				<ele>980.75</ele>
				<time>2026-09-10T08:19:18.079Z</time>
			</trkpt>
			<trkpt lat="40.20541" lon="-0.78304">
				<ele>980.89</ele>
				<time>2026-09-10T08:19:19.278Z</time>
			</trkpt>
			<trkpt lat="40.20483" lon="-0.7828">
				<ele>979.48</ele>
				<time>2026-09-10T08:19:22.091Z</time>
			</trkpt>
			<trkpt lat="40.20446" lon="-0.78269">
				<ele>976.21</ele>
				<time>2026-09-10T08:19:23.831Z</time>
			</trkpt>
			<trkpt lat="40.20413" lon="-0.78264">
				<ele>974.88</ele>
				<time>2026-09-10T08:19:25.346Z</time>
			</trkpt>
			<trkpt lat="40.2038" lon="-0.78263">
				<ele>974.31</ele>
				<time>2026-09-10T08:19:26.843Z</time>
			</trkpt>
			<trkpt lat="40.20353" lon="-0.78267">
				<ele>975</ele>
				<time>2026-09-10T08:19:28.069Z</time>
			</trkpt>
			<trkpt lat="40.20326" lon="-0.78274">
				<ele>974.92</ele>
				<time>2026-09-10T08:19:29.305Z</time>
			</trkpt>
			<trkpt lat="40.2029" lon="-0.78287">
				<ele>974.68</ele>
				<time>2026-09-10T08:19:30.974Z</time>
			</trkpt>
			<trkpt lat="40.20063" lon="-0.78383">
				<ele>966.53</ele>
				<time>2026-09-10T08:19:41.402Z</time>
			</trkpt>
			<trkpt lat="40.20038" lon="-0.78391">
				<ele>966.08</ele>
				<time>2026-09-10T08:19:42.504Z</time>
			</trkpt>
			<trkpt lat="40.20016" lon="-0.78395">
				<ele>966.21</ele>
				<time>2026-09-10T08:19:43.452Z</time>
			</trkpt>
			<trkpt lat="40.19983" lon="-0.78398">
				<ele>966.63</ele>
				<time>2026-09-10T08:19:44.857Z</time>
			</trkpt>
			<trkpt lat="40.19818" lon="-0.78397">
				<ele>966.48</ele>
				<time>2026-09-10T08:19:51.760Z</time>
			</trkpt>
			<trkpt lat="40.19768" lon="-0.78392">
				<ele>966.41</ele>
				<time>2026-09-10T08:19:53.825Z</time>
			</trkpt>
			<trkpt lat="40.19731" lon="-0.7838">
				<ele>966.66</ele>
				<time>2026-09-10T08:19:55.384Z</time>
			</trkpt>
			<trkpt lat="40.19672" lon="-0.78347">
				<ele>967.61</ele>
				<time>2026-09-10T08:19:57.989Z</time>
			</trkpt>
			<trkpt lat="40.19505" lon="-0.78238">
				<ele>963.26</ele>
				<time>2026-09-10T08:20:05.433Z</time>
			</trkpt>
			<trkpt lat="40.19485" lon="-0.78223">
				<ele>963.46</ele>
				<time>2026-09-10T08:20:06.339Z</time>
			</trkpt>
			<trkpt lat="40.194" lon="-0.78152">
				<ele>960.13</ele>
				<time>2026-09-10T08:20:10.271Z</time>
			</trkpt>
			<trkpt lat="40.19305" lon="-0.78067">
				<ele>958.59</ele>
				<time>2026-09-10T08:20:14.695Z</time>
			</trkpt>
			<trkpt lat="40.1927" lon="-0.78023">
				<ele>958.15</ele>
				<time>2026-09-10T08:20:16.541Z</time>
			</trkpt>
			<trkpt lat="40.19186" lon="-0.77982">
				<ele>952.15</ele>
				<time>2026-09-10T08:20:19.922Z</time>
			</trkpt>
			<trkpt lat="40.19116" lon="-0.77965">
				<ele>948</ele>
				<time>2026-09-10T08:20:22.582Z</time>
			</trkpt>
			<trkpt lat="40.19045" lon="-0.77972">
				<ele>944.24</ele>
				<time>2026-09-10T08:20:25.220Z</time>
			</trkpt>
			<trkpt lat="40.18888" lon="-0.78012">
				<ele>935.99</ele>
				<time>2026-09-10T08:20:31.069Z</time>
			</trkpt>
			<trkpt lat="40.18729" lon="-0.77996">
				<ele>937.14</ele>
				<time>2026-09-10T08:20:36.802Z</time>
			</trkpt>
			<trkpt lat="40.18505" lon="-0.77913">
				<ele>934</ele>
				<time>2026-09-10T08:20:45.016Z</time>
			</trkpt>
			<trkpt lat="40.18434" lon="-0.779">
				<ele>933.9</ele>
				<time>2026-09-10T08:20:47.512Z</time>
			</trkpt>
			<trkpt lat="40.18286" lon="-0.77889">
				<ele>926.95</ele>
				<time>2026-09-10T08:20:52.628Z</time>
			</trkpt>
			<trkpt lat="40.18203" lon="-0.77881">
				<ele>920.22</ele>
				<time>2026-09-10T08:20:55.475Z</time>
			</trkpt>
			<trkpt lat="40.17977" lon="-0.77871">
				<ele>920.06</ele>
				<time>2026-09-10T08:21:03.137Z</time>
			</trkpt>
			<trkpt lat="40.17885" lon="-0.7786">
				<ele>920.7</ele>
				<time>2026-09-10T08:21:06.240Z</time>
			</trkpt>
			<trkpt lat="40.17722" lon="-0.77771">
				<ele>917.99</ele>
				<time>2026-09-10T08:21:12.135Z</time>
			</trkpt>
			<trkpt lat="40.1746" lon="-0.77618">
				<ele>912.66</ele>
				<time>2026-09-10T08:21:21.639Z</time>
			</trkpt>
			<trkpt lat="40.17356" lon="-0.77551">
				<ele>907.32</ele>
				<time>2026-09-10T08:21:25.463Z</time>
			</trkpt>
			<trkpt lat="40.17196" lon="-0.77527">
				<ele>906</ele>
				<time>2026-09-10T08:21:30.771Z</time>
			</trkpt>
			<trkpt lat="40.16758" lon="-0.77309">
				<ele>877.53</ele>
				<time>2026-09-10T08:21:46.263Z</time>
			</trkpt>
			<trkpt lat="40.1673" lon="-0.77298">
				<ele>878.08</ele>
				<time>2026-09-10T08:21:47.235Z</time>
			</trkpt>
			<trkpt lat="40.16703" lon="-0.77291">
				<ele>877.52</ele>
				<time>2026-09-10T08:21:48.151Z</time>
			</trkpt>
			<trkpt lat="40.16488" lon="-0.77288">
				<ele>874.57</ele>
				<time>2026-09-10T08:21:55.346Z</time>
			</trkpt>
			<trkpt lat="40.16455" lon="-0.77282">
				<ele>875.77</ele>
				<time>2026-09-10T08:21:56.468Z</time>
			</trkpt>
			<trkpt lat="40.16435" lon="-0.77274">
				<ele>875.78</ele>
				<time>2026-09-10T08:21:57.173Z</time>
			</trkpt>
			<trkpt lat="40.16391" lon="-0.77249">
				<ele>872.43</ele>
				<time>2026-09-10T08:21:58.793Z</time>
			</trkpt>
			<trkpt lat="40.16369" lon="-0.77232">
				<ele>869.64</ele>
				<time>2026-09-10T08:21:59.658Z</time>
			</trkpt>
			<trkpt lat="40.16354" lon="-0.77216">
				<ele>868.32</ele>
				<time>2026-09-10T08:22:00.314Z</time>
			</trkpt>
			<trkpt lat="40.16324" lon="-0.77176">
				<ele>865.74</ele>
				<time>2026-09-10T08:22:01.768Z</time>
			</trkpt>
			<trkpt lat="40.16274" lon="-0.77096">
				<ele>861.38</ele>
				<time>2026-09-10T08:22:04.461Z</time>
			</trkpt>
			<trkpt lat="40.16257" lon="-0.77075">
				<ele>860.89</ele>
				<time>2026-09-10T08:22:05.260Z</time>
			</trkpt>
			<trkpt lat="40.16238" lon="-0.77054">
				<ele>859.89</ele>
				<time>2026-09-10T08:22:06.113Z</time>
			</trkpt>
			<trkpt lat="40.16197" lon="-0.77019">
				<ele>856.1</ele>
				<time>2026-09-10T08:22:07.795Z</time>
			</trkpt>
			<trkpt lat="40.16177" lon="-0.77007">
				<ele>855.94</ele>
				<time>2026-09-10T08:22:08.553Z</time>
			</trkpt>
			<trkpt lat="40.16145" lon="-0.76995">
				<ele>850.77</ele>
				<time>2026-09-10T08:22:09.702Z</time>
			</trkpt>
			<trkpt lat="40.16117" lon="-0.76989">
				<ele>847.52</ele>
				<time>2026-09-10T08:22:10.684Z</time>
			</trkpt>
			<trkpt lat="40.16023" lon="-0.76983">
				<ele>848.52</ele>
				<time>2026-09-10T08:22:13.956Z</time>
			</trkpt>
			<trkpt lat="40.15741" lon="-0.7705">
				<ele>852.14</ele>
				<time>2026-09-10T08:22:24.092Z</time>
			</trkpt>
			<trkpt lat="40.15693" lon="-0.77056">
				<ele>851.9</ele>
				<time>2026-09-10T08:22:25.825Z</time>
			</trkpt>
			<trkpt lat="40.15667" lon="-0.77054">
				<ele>849.95</ele>
				<time>2026-09-10T08:22:26.765Z</time>
			</trkpt>
			<trkpt lat="40.15638" lon="-0.77044">
				<ele>846.99</ele>
				<time>2026-09-10T08:22:27.850Z</time>
			</trkpt>
			<trkpt lat="40.15568" lon="-0.77014">
				<ele>850.36</ele>
				<time>2026-09-10T08:22:30.530Z</time>
			</trkpt>
			<trkpt lat="40.15446" lon="-0.76968">
				<ele>859.24</ele>
				<time>2026-09-10T08:22:35.201Z</time>
			</trkpt>
			<trkpt lat="40.15203" lon="-0.7687">
				<ele>860.96</ele>
				<time>2026-09-10T08:22:44.767Z</time>
			</trkpt>
			<trkpt lat="40.15125" lon="-0.76836">
				<ele>863.96</ele>
				<time>2026-09-10T08:22:47.925Z</time>
			</trkpt>
			<trkpt lat="40.15081" lon="-0.76812">
				<ele>863.55</ele>
				<time>2026-09-10T08:22:49.772Z</time>
			</trkpt>
			<trkpt lat="40.15055" lon="-0.76793">
				<ele>864.5</ele>
				<time>2026-09-10T08:22:50.932Z</time>
			</trkpt>
			<trkpt lat="40.15024" lon="-0.76764">
				<ele>866.81</ele>
				<time>2026-09-10T08:22:52.423Z</time>
			</trkpt>
			<trkpt lat="40.14975" lon="-0.76716">
				<ele>870.16</ele>
				<time>2026-09-10T08:22:54.833Z</time>
			</trkpt>
			<trkpt lat="40.14935" lon="-0.7668">
				<ele>873.58</ele>
				<time>2026-09-10T08:22:56.760Z</time>
			</trkpt>
			<trkpt lat="40.14903" lon="-0.76654">
				<ele>876.86</ele>
				<time>2026-09-10T08:22:58.263Z</time>
			</trkpt>
			<trkpt lat="40.14858" lon="-0.76625">
				<ele>877.03</ele>
				<time>2026-09-10T08:23:00.278Z</time>
			</trkpt>
			<trkpt lat="40.14833" lon="-0.76615">
				<ele>877.1</ele>
				<time>2026-09-10T08:23:01.334Z</time>
			</trkpt>
			<trkpt lat="40.14768" lon="-0.76598">
				<ele>877.82</ele>
				<time>2026-09-10T08:23:04.028Z</time>
			</trkpt>
			<trkpt lat="40.14721" lon="-0.76594">
				<ele>875.96</ele>
				<time>2026-09-10T08:23:05.959Z</time>
			</trkpt>
			<trkpt lat="40.14625" lon="-0.76608">
				<ele>872.66</ele>
				<time>2026-09-10T08:23:09.960Z</time>
			</trkpt>
			<trkpt lat="40.14524" lon="-0.76626">
				<ele>867.38</ele>
				<time>2026-09-10T08:23:14.246Z</time>
			</trkpt>
			<trkpt lat="40.1438" lon="-0.76652">
				<ele>869.41</ele>
				<time>2026-09-10T08:23:20.476Z</time>
			</trkpt>
			<trkpt lat="40.1432" lon="-0.76664">
				<ele>872.82</ele>
				<time>2026-09-10T08:23:23.119Z</time>
			</trkpt>
			<trkpt lat="40.14286" lon="-0.76673">
				<ele>871.76</ele>
				<time>2026-09-10T08:23:24.641Z</time>
			</trkpt>
			<trkpt lat="40.14259" lon="-0.76688">
				<ele>871.26</ele>
				<time>2026-09-10T08:23:25.935Z</time>
			</trkpt>
			<trkpt lat="40.14237" lon="-0.76705">
				<ele>870.33</ele>
				<time>2026-09-10T08:23:27.067Z</time>
			</trkpt>
			<trkpt lat="40.1421" lon="-0.76737">
				<ele>868.06</ele>
				<time>2026-09-10T08:23:28.689Z</time>
			</trkpt>
			<trkpt lat="40.1414" lon="-0.76845">
				<ele>870.53</ele>
				<time>2026-09-10T08:23:33.565Z</time>
			</trkpt>
			<trkpt lat="40.14104" lon="-0.76881">
				<ele>867.37</ele>
				<time>2026-09-10T08:23:35.633Z</time>
			</trkpt>
			<trkpt lat="40.14" lon="-0.76965">
				<ele>869.99</ele>
				<time>2026-09-10T08:23:41.287Z</time>
			</trkpt>
			<trkpt lat="40.13956" lon="-0.77007">
				<ele>869.65</ele>
				<time>2026-09-10T08:23:43.844Z</time>
			</trkpt>
			<trkpt lat="40.13917" lon="-0.7705">
				<ele>869.44</ele>
				<time>2026-09-10T08:23:46.260Z</time>
			</trkpt>
			<trkpt lat="40.13837" lon="-0.77146">
				<ele>875.19</ele>
				<time>2026-09-10T08:23:51.474Z</time>
			</trkpt>
			<trkpt lat="40.13755" lon="-0.77239">
				<ele>875.71</ele>
				<time>2026-09-10T08:23:56.783Z</time>
			</trkpt>
			<trkpt lat="40.13734" lon="-0.7726">
				<ele>874.67</ele>
				<time>2026-09-10T08:23:58.092Z</time>
			</trkpt>
			<trkpt lat="40.13712" lon="-0.77279">
				<ele>876.05</ele>
				<time>2026-09-10T08:23:59.403Z</time>
			</trkpt>
			<trkpt lat="40.13653" lon="-0.77321">
				<ele>883.28</ele>
				<time>2026-09-10T08:24:02.770Z</time>
			</trkpt>
			<trkpt lat="40.13566" lon="-0.77372">
				<ele>885.93</ele>
				<time>2026-09-10T08:24:07.618Z</time>
			</trkpt>
			<trkpt lat="40.13546" lon="-0.77392">
				<ele>887.18</ele>
				<time>2026-09-10T08:24:08.912Z</time>
			</trkpt>
			<trkpt lat="40.13533" lon="-0.77424">
				<ele>889.56</ele>
				<time>2026-09-10T08:24:10.343Z</time>
			</trkpt>
			<trkpt lat="40.13534" lon="-0.77437">
				<ele>890.61</ele>
				<time>2026-09-10T08:24:10.860Z</time>
			</trkpt>
			<trkpt lat="40.13532" lon="-0.7745">
				<ele>891.83</ele>
				<time>2026-09-10T08:24:11.387Z</time>
			</trkpt>
			<trkpt lat="40.13528" lon="-0.77461">
				<ele>893.14</ele>
				<time>2026-09-10T08:24:11.871Z</time>
			</trkpt>
			<trkpt lat="40.1352" lon="-0.77474">
				<ele>894.32</ele>
				<time>2026-09-10T08:24:12.535Z</time>
			</trkpt>
			<trkpt lat="40.13509" lon="-0.77482">
				<ele>895.22</ele>
				<time>2026-09-10T08:24:13.193Z</time>
			</trkpt>
			<trkpt lat="40.13497" lon="-0.77486">
				<ele>896.09</ele>
				<time>2026-09-10T08:24:13.841Z</time>
			</trkpt>
			<trkpt lat="40.13484" lon="-0.77485">
				<ele>896.66</ele>
				<time>2026-09-10T08:24:14.523Z</time>
			</trkpt>
			<trkpt lat="40.13473" lon="-0.77479">
				<ele>896.63</ele>
				<time>2026-09-10T08:24:15.146Z</time>
			</trkpt>
			<trkpt lat="40.13463" lon="-0.77469">
				<ele>895.71</ele>
				<time>2026-09-10T08:24:15.802Z</time>
			</trkpt>
			<trkpt lat="40.13456" lon="-0.77455">
				<ele>894.73</ele>
				<time>2026-09-10T08:24:16.467Z</time>
			</trkpt>
			<trkpt lat="40.13453" lon="-0.77439">
				<ele>893.6</ele>
				<time>2026-09-10T08:24:17.120Z</time>
			</trkpt>
			<trkpt lat="40.13435" lon="-0.77421">
				<ele>892.4</ele>
				<time>2026-09-10T08:24:18.290Z</time>
			</trkpt>
			<trkpt lat="40.13413" lon="-0.7741">
				<ele>891.71</ele>
				<time>2026-09-10T08:24:19.501Z</time>
			</trkpt>
			<trkpt lat="40.133" lon="-0.77392">
				<ele>890.59</ele>
				<time>2026-09-10T08:24:25.302Z</time>
			</trkpt>
			<trkpt lat="40.13239" lon="-0.77393">
				<ele>892.7</ele>
				<time>2026-09-10T08:24:28.394Z</time>
			</trkpt>
			<trkpt lat="40.13202" lon="-0.77397">
				<ele>892.89</ele>
				<time>2026-09-10T08:24:30.276Z</time>
			</trkpt>
			<trkpt lat="40.13179" lon="-0.77404">
				<ele>892.74</ele>
				<time>2026-09-10T08:24:31.475Z</time>
			</trkpt>
			<trkpt lat="40.13162" lon="-0.77412">
				<ele>892.5</ele>
				<time>2026-09-10T08:24:32.394Z</time>
			</trkpt>
			<trkpt lat="40.13148" lon="-0.77422">
				<ele>892.66</ele>
				<time>2026-09-10T08:24:33.207Z</time>
			</trkpt>
			<trkpt lat="40.13138" lon="-0.77416">
				<ele>893.07</ele>
				<time>2026-09-10T08:24:33.768Z</time>
			</trkpt>
			<trkpt lat="40.13135" lon="-0.77409">
				<ele>893.68</ele>
				<time>2026-09-10T08:24:34.082Z</time>
			</trkpt>
			<trkpt lat="40.13131" lon="-0.77383">
				<ele>895.66</ele>
				<time>2026-09-10T08:24:35.120Z</time>
			</trkpt>
			<trkpt lat="40.1312" lon="-0.77367">
				<ele>896.74</ele>
				<time>2026-09-10T08:24:35.964Z</time>
			</trkpt>
			<trkpt lat="40.13075" lon="-0.7733">
				<ele>899.63</ele>
				<time>2026-09-10T08:24:38.685Z</time>
			</trkpt>
			<trkpt lat="40.13018" lon="-0.7727">
				<ele>907.34</ele>
				<time>2026-09-10T08:24:42.327Z</time>
			</trkpt>
			<trkpt lat="40.13003" lon="-0.77257">
				<ele>910.55</ele>
				<time>2026-09-10T08:24:43.214Z</time>
			</trkpt>
			<trkpt lat="40.12972" lon="-0.77238">
				<ele>914.2</ele>
				<time>2026-09-10T08:24:44.905Z</time>
			</trkpt>
			<trkpt lat="40.12873" lon="-0.77196">
				<ele>915.39</ele>
				<time>2026-09-10T08:24:50.190Z</time>
			</trkpt>
			<trkpt lat="40.12855" lon="-0.77191">
				<ele>916.86</ele>
				<time>2026-09-10T08:24:51.166Z</time>
			</trkpt>
			<trkpt lat="40.12832" lon="-0.77195">
				<ele>916.9</ele>
				<time>2026-09-10T08:24:52.422Z</time>
			</trkpt>
			<trkpt lat="40.12809" lon="-0.77204">
				<ele>915.14</ele>
				<time>2026-09-10T08:24:53.755Z</time>
			</trkpt>
			<trkpt lat="40.12803" lon="-0.77198">
				<ele>915.68</ele>
				<time>2026-09-10T08:24:54.183Z</time>
			</trkpt>
			<trkpt lat="40.12784" lon="-0.77164">
				<ele>920.71</ele>
				<time>2026-09-10T08:24:56.050Z</time>
			</trkpt>
			<trkpt lat="40.1276" lon="-0.77106">
				<ele>925.93</ele>
				<time>2026-09-10T08:24:59.250Z</time>
			</trkpt>
			<trkpt lat="40.12743" lon="-0.77078">
				<ele>922.75</ele>
				<time>2026-09-10T08:25:00.949Z</time>
			</trkpt>
			<trkpt lat="40.12728" lon="-0.77059">
				<ele>921.44</ele>
				<time>2026-09-10T08:25:02.235Z</time>
			</trkpt>
			<trkpt lat="40.12702" lon="-0.77035">
				<ele>923.38</ele>
				<time>2026-09-10T08:25:04.177Z</time>
			</trkpt>
			<trkpt lat="40.1267" lon="-0.77015">
				<ele>923.77</ele>
				<time>2026-09-10T08:25:06.317Z</time>
			</trkpt>
			<trkpt lat="40.12525" lon="-0.76951">
				<ele>918.51</ele>
				<time>2026-09-10T08:25:15.292Z</time>
			</trkpt>
			<trkpt lat="40.12495" lon="-0.7694">
				<ele>918.91</ele>
				<time>2026-09-10T08:25:17.076Z</time>
			</trkpt>
			<trkpt lat="40.12461" lon="-0.76935">
				<ele>915.43</ele>
				<time>2026-09-10T08:25:19.023Z</time>
			</trkpt>
			<trkpt lat="40.12402" lon="-0.76947">
				<ele>910.03</ele>
				<time>2026-09-10T08:25:22.391Z</time>
			</trkpt>
			<trkpt lat="40.12345" lon="-0.76964">
				<ele>905.53</ele>
				<time>2026-09-10T08:25:25.661Z</time>
			</trkpt>
			<trkpt lat="40.12298" lon="-0.77007">
				<ele>903.7</ele>
				<time>2026-09-10T08:25:28.849Z</time>
			</trkpt>
			<trkpt lat="40.12179" lon="-0.77123">
				<ele>904.4</ele>
				<time>2026-09-10T08:25:36.967Z</time>
			</trkpt>
			<trkpt lat="40.12043" lon="-0.77263">
				<ele>920.09</ele>
				<time>2026-09-10T08:25:46.148Z</time>
			</trkpt>
			<trkpt lat="40.12001" lon="-0.77315">
				<ele>922.29</ele>
				<time>2026-09-10T08:25:49.167Z</time>
			</trkpt>
			<trkpt lat="40.11983" lon="-0.77349">
				<ele>920.77</ele>
				<time>2026-09-10T08:25:50.810Z</time>
			</trkpt>
			<trkpt lat="40.11951" lon="-0.77426">
				<ele>922.57</ele>
				<time>2026-09-10T08:25:54.279Z</time>
			</trkpt>
			<trkpt lat="40.11927" lon="-0.77497">
				<ele>924.84</ele>
				<time>2026-09-10T08:25:57.341Z</time>
			</trkpt>
			<trkpt lat="40.11914" lon="-0.77528">
				<ele>926.14</ele>
				<time>2026-09-10T08:25:58.734Z</time>
			</trkpt>
			<trkpt lat="40.1189" lon="-0.77561">
				<ele>927.97</ele>
				<time>2026-09-10T08:26:00.528Z</time>
			</trkpt>
			<trkpt lat="40.11865" lon="-0.7758">
				<ele>931.32</ele>
				<time>2026-09-10T08:26:02.017Z</time>
			</trkpt>
			<trkpt lat="40.11844" lon="-0.77587">
				<ele>934.42</ele>
				<time>2026-09-10T08:26:03.134Z</time>
			</trkpt>
			<trkpt lat="40.11818" lon="-0.77588">
				<ele>937.66</ele>
				<time>2026-09-10T08:26:04.475Z</time>
			</trkpt>
			<trkpt lat="40.11749" lon="-0.77569">
				<ele>941.92</ele>
				<time>2026-09-10T08:26:08.119Z</time>
			</trkpt>
			<trkpt lat="40.11715" lon="-0.77568">
				<ele>941.19</ele>
				<time>2026-09-10T08:26:09.882Z</time>
			</trkpt>
			<trkpt lat="40.11682" lon="-0.77574">
				<ele>940.05</ele>
				<time>2026-09-10T08:26:11.615Z</time>
			</trkpt>
			<trkpt lat="40.11664" lon="-0.7758">
				<ele>939.81</ele>
				<time>2026-09-10T08:26:12.583Z</time>
			</trkpt>
			<trkpt lat="40.11645" lon="-0.7759">
				<ele>943.09</ele>
				<time>2026-09-10T08:26:13.653Z</time>
			</trkpt>
			<trkpt lat="40.1159" lon="-0.77617">
				<ele>946.37</ele>
				<time>2026-09-10T08:26:16.738Z</time>
			</trkpt>
			<trkpt lat="40.11485" lon="-0.77673">
				<ele>952.89</ele>
				<time>2026-09-10T08:26:22.641Z</time>
			</trkpt>
			<trkpt lat="40.1146" lon="-0.77692">
				<ele>950.73</ele>
				<time>2026-09-10T08:26:24.106Z</time>
			</trkpt>
			<trkpt lat="40.11309" lon="-0.77834">
				<ele>959.47</ele>
				<time>2026-09-10T08:26:33.139Z</time>
			</trkpt>
			<trkpt lat="40.11294" lon="-0.77846">
				<ele>962.28</ele>
				<time>2026-09-10T08:26:33.959Z</time>
			</trkpt>
			<trkpt lat="40.11267" lon="-0.7786">
				<ele>965.03</ele>
				<time>2026-09-10T08:26:35.302Z</time>
			</trkpt>
			<trkpt lat="40.11249" lon="-0.77866">
				<ele>967.15</ele>
				<time>2026-09-10T08:26:36.152Z</time>
			</trkpt>
			<trkpt lat="40.11164" lon="-0.77878">
				<ele>972.37</ele>
				<time>2026-09-10T08:26:39.988Z</time>
			</trkpt>
			<trkpt lat="40.11142" lon="-0.77885">
				<ele>973.25</ele>
				<time>2026-09-10T08:26:40.983Z</time>
			</trkpt>
			<trkpt lat="40.11125" lon="-0.77894">
				<ele>973.85</ele>
				<time>2026-09-10T08:26:41.782Z</time>
			</trkpt>
			<trkpt lat="40.11109" lon="-0.77907">
				<ele>974.97</ele>
				<time>2026-09-10T08:26:42.597Z</time>
			</trkpt>
			<trkpt lat="40.11093" lon="-0.77924">
				<ele>975.98</ele>
				<time>2026-09-10T08:26:43.482Z</time>
			</trkpt>
			<trkpt lat="40.11044" lon="-0.77982">
				<ele>979.93</ele>
				<time>2026-09-10T08:26:46.272Z</time>
			</trkpt>
			<trkpt lat="40.11002" lon="-0.78016">
				<ele>982.45</ele>
				<time>2026-09-10T08:26:48.312Z</time>
			</trkpt>
			<trkpt lat="40.10973" lon="-0.78028">
				<ele>982.99</ele>
				<time>2026-09-10T08:26:49.549Z</time>
			</trkpt>
			<trkpt lat="40.10859" lon="-0.78049">
				<ele>987</ele>
				<time>2026-09-10T08:26:54.102Z</time>
			</trkpt>
			<trkpt lat="40.10832" lon="-0.78057">
				<ele>987.03</ele>
				<time>2026-09-10T08:26:55.167Z</time>
			</trkpt>
			<trkpt lat="40.10777" lon="-0.7808">
				<ele>992.75</ele>
				<time>2026-09-10T08:26:57.355Z</time>
			</trkpt>
			<trkpt lat="40.10631" lon="-0.7815">
				<ele>996.65</ele>
				<time>2026-09-10T08:27:03.020Z</time>
			</trkpt>
			<trkpt lat="40.10604" lon="-0.78166">
				<ele>997.94</ele>
				<time>2026-09-10T08:27:04.064Z</time>
			</trkpt>
			<trkpt lat="40.10564" lon="-0.78198">
				<ele>998.85</ele>
				<time>2026-09-10T08:27:05.694Z</time>
			</trkpt>
			<trkpt lat="40.10525" lon="-0.78241">
				<ele>998.28</ele>
				<time>2026-09-10T08:27:07.436Z</time>
			</trkpt>
			<trkpt lat="40.10511" lon="-0.7826">
				<ele>997.66</ele>
				<time>2026-09-10T08:27:08.117Z</time>
			</trkpt>
			<trkpt lat="40.10465" lon="-0.78335">
				<ele>995.97</ele>
				<time>2026-09-10T08:27:10.559Z</time>
			</trkpt>
			<trkpt lat="40.10411" lon="-0.78431">
				<ele>999.7</ele>
				<time>2026-09-10T08:27:13.505Z</time>
			</trkpt>
			<trkpt lat="40.1019" lon="-0.78834">
				<ele>1006.13</ele>
				<time>2026-09-10T08:27:24.915Z</time>
			</trkpt>
			<trkpt lat="40.10157" lon="-0.78887">
				<ele>1006.11</ele>
				<time>2026-09-10T08:27:26.397Z</time>
			</trkpt>
			<trkpt lat="40.10049" lon="-0.79043">
				<ele>1012.79</ele>
				<time>2026-09-10T08:27:30.844Z</time>
			</trkpt>
			<trkpt lat="40.10028" lon="-0.79076">
				<ele>1013.2</ele>
				<time>2026-09-10T08:27:31.733Z</time>
			</trkpt>
			<trkpt lat="40.09982" lon="-0.79168">
				<ele>1014.65</ele>
				<time>2026-09-10T08:27:33.983Z</time>
			</trkpt>
			<trkpt lat="40.09802" lon="-0.79552">
				<ele>1024.38</ele>
				<time>2026-09-10T08:27:42.907Z</time>
			</trkpt>
			<trkpt lat="40.09783" lon="-0.79587">
				<ele>1025.91</ele>
				<time>2026-09-10T08:27:43.741Z</time>
			</trkpt>
			<trkpt lat="40.09631" lon="-0.79825">
				<ele>1035.26</ele>
				<time>2026-09-10T08:27:49.722Z</time>
			</trkpt>
			<trkpt lat="40.09611" lon="-0.79867">
				<ele>1036.18</ele>
				<time>2026-09-10T08:27:50.675Z</time>
			</trkpt>
			<trkpt lat="40.09596" lon="-0.79904">
				<ele>1037.02</ele>
				<time>2026-09-10T08:27:51.482Z</time>
			</trkpt>
			<trkpt lat="40.09582" lon="-0.79948">
				<ele>1040.13</ele>
				<time>2026-09-10T08:27:52.401Z</time>
			</trkpt>
			<trkpt lat="40.0954" lon="-0.80097">
				<ele>1044.4</ele>
				<time>2026-09-10T08:27:55.475Z</time>
			</trkpt>
			<trkpt lat="40.09525" lon="-0.80145">
				<ele>1044.92</ele>
				<time>2026-09-10T08:27:56.484Z</time>
			</trkpt>
			<trkpt lat="40.09455" lon="-0.80332">
				<ele>1047.58</ele>
				<time>2026-09-10T08:28:00.576Z</time>
			</trkpt>
			<trkpt lat="40.09429" lon="-0.80392">
				<ele>1050.08</ele>
				<time>2026-09-10T08:28:01.950Z</time>
			</trkpt>
			<trkpt lat="40.09393" lon="-0.80452">
				<ele>1051.81</ele>
				<time>2026-09-10T08:28:03.482Z</time>
			</trkpt>
			<trkpt lat="40.09373" lon="-0.80478">
				<ele>1052.68</ele>
				<time>2026-09-10T08:28:04.227Z</time>
			</trkpt>
			<trkpt lat="40.09281" lon="-0.80587">
				<ele>1046.63</ele>
				<time>2026-09-10T08:28:07.556Z</time>
			</trkpt>
			<trkpt lat="40.09239" lon="-0.80631">
				<ele>1047</ele>
				<time>2026-09-10T08:28:09.025Z</time>
			</trkpt>
			<trkpt lat="40.09191" lon="-0.80667">
				<ele>1044.78</ele>
				<time>2026-09-10T08:28:10.553Z</time>
			</trkpt>
			<trkpt lat="40.09103" lon="-0.80708">
				<ele>1044.05</ele>
				<time>2026-09-10T08:28:13.178Z</time>
			</trkpt>
			<trkpt lat="40.09082" lon="-0.80721">
				<ele>1043.43</ele>
				<time>2026-09-10T08:28:13.840Z</time>
			</trkpt>
			<trkpt lat="40.09063" lon="-0.80738">
				<ele>1042.81</ele>
				<time>2026-09-10T08:28:14.500Z</time>
			</trkpt>
			<trkpt lat="40.09036" lon="-0.80771">
				<ele>1040.8</ele>
				<time>2026-09-10T08:28:15.569Z</time>
			</trkpt>
			<trkpt lat="40.08976" lon="-0.8088">
				<ele>1044.85</ele>
				<time>2026-09-10T08:28:18.595Z</time>
			</trkpt>
			<trkpt lat="40.089" lon="-0.81025">
				<ele>1038.2</ele>
				<time>2026-09-10T08:28:22.694Z</time>
			</trkpt>
			<trkpt lat="40.08734" lon="-0.81355">
				<ele>1055.56</ele>
				<time>2026-09-10T08:28:32.571Z</time>
			</trkpt>
			<trkpt lat="40.08719" lon="-0.81395">
				<ele>1058.75</ele>
				<time>2026-09-10T08:28:33.750Z</time>
			</trkpt>
			<trkpt lat="40.08705" lon="-0.81439">
				<ele>1059.25</ele>
				<time>2026-09-10T08:28:35.027Z</time>
			</trkpt>
			<trkpt lat="40.08693" lon="-0.81483">
				<ele>1057.15</ele>
				<time>2026-09-10T08:28:36.294Z</time>
			</trkpt>
			<trkpt lat="40.0859" lon="-0.81947">
				<ele>1066.85</ele>
				<time>2026-09-10T08:28:50.437Z</time>
			</trkpt>
			<trkpt lat="40.08562" lon="-0.82012">
				<ele>1068.83</ele>
				<time>2026-09-10T08:28:52.802Z</time>
			</trkpt>
			<trkpt lat="40.08537" lon="-0.82051">
				<ele>1073.22</ele>
				<time>2026-09-10T08:28:54.446Z</time>
			</trkpt>
			<trkpt lat="40.08499" lon="-0.82094">
				<ele>1073.96</ele>
				<time>2026-09-10T08:28:56.605Z</time>
			</trkpt>
			<trkpt lat="40.08467" lon="-0.82115">
				<ele>1076.38</ele>
				<time>2026-09-10T08:28:58.169Z</time>
			</trkpt>
			<trkpt lat="40.0845" lon="-0.82123">
				<ele>1078.29</ele>
				<time>2026-09-10T08:28:58.967Z</time>
			</trkpt>
			<trkpt lat="40.08417" lon="-0.82134">
				<ele>1079.98</ele>
				<time>2026-09-10T08:29:00.485Z</time>
			</trkpt>
			<trkpt lat="40.08347" lon="-0.8214">
				<ele>1076.11</ele>
				<time>2026-09-10T08:29:03.678Z</time>
			</trkpt>
			<trkpt lat="40.08207" lon="-0.82135">
				<ele>1074.78</ele>
				<time>2026-09-10T08:29:10.323Z</time>
			</trkpt>
			<trkpt lat="40.08173" lon="-0.82132">
				<ele>1075.86</ele>
				<time>2026-09-10T08:29:11.996Z</time>
			</trkpt>
			<trkpt lat="40.08129" lon="-0.82121">
				<ele>1079.05</ele>
				<time>2026-09-10T08:29:14.230Z</time>
			</trkpt>
			<trkpt lat="40.08075" lon="-0.82103">
				<ele>1079.62</ele>
				<time>2026-09-10T08:29:17.064Z</time>
			</trkpt>
			<trkpt lat="40.08029" lon="-0.8208">
				<ele>1077.07</ele>
				<time>2026-09-10T08:29:19.622Z</time>
			</trkpt>
			<trkpt lat="40.07997" lon="-0.82059">
				<ele>1074.92</ele>
				<time>2026-09-10T08:29:21.512Z</time>
			</trkpt>
			<trkpt lat="40.07892" lon="-0.81979">
				<ele>1072.78</ele>
				<time>2026-09-10T08:29:28.132Z</time>
			</trkpt>
			<trkpt lat="40.0786" lon="-0.81961">
				<ele>1072.47</ele>
				<time>2026-09-10T08:29:30.089Z</time>
			</trkpt>
			<trkpt lat="40.07841" lon="-0.81954">
				<ele>1074.83</ele>
				<time>2026-09-10T08:29:31.210Z</time>
			</trkpt>
			<trkpt lat="40.0779" lon="-0.81947">
				<ele>1077.14</ele>
				<time>2026-09-10T08:29:34.162Z</time>
			</trkpt>
			<trkpt lat="40.07753" lon="-0.81949">
				<ele>1074.53</ele>
				<time>2026-09-10T08:29:36.330Z</time>
			</trkpt>
			<trkpt lat="40.07734" lon="-0.81954">
				<ele>1071.49</ele>
				<time>2026-09-10T08:29:37.478Z</time>
			</trkpt>
			<trkpt lat="40.077" lon="-0.81967">
				<ele>1067.59</ele>
				<time>2026-09-10T08:29:39.598Z</time>
			</trkpt>
			<trkpt lat="40.07682" lon="-0.81978">
				<ele>1066.62</ele>
				<time>2026-09-10T08:29:40.800Z</time>
			</trkpt>
			<trkpt lat="40.07656" lon="-0.82">
				<ele>1065.02</ele>
				<time>2026-09-10T08:29:42.693Z</time>
			</trkpt>
			<trkpt lat="40.07624" lon="-0.82035">
				<ele>1062.55</ele>
				<time>2026-09-10T08:29:45.279Z</time>
			</trkpt>
			<trkpt lat="40.07581" lon="-0.82087">
				<ele>1059.75</ele>
				<time>2026-09-10T08:29:48.980Z</time>
			</trkpt>
			<trkpt lat="40.07555" lon="-0.82115">
				<ele>1057.99</ele>
				<time>2026-09-10T08:29:51.147Z</time>
			</trkpt>
			<trkpt lat="40.07514" lon="-0.82144">
				<ele>1056.82</ele>
				<time>2026-09-10T08:29:54.192Z</time>
			</trkpt>
			<trkpt lat="40.07477" lon="-0.82158">
				<ele>1056.33</ele>
				<time>2026-09-10T08:29:56.749Z</time>
			</trkpt>
			<trkpt lat="40.07357" lon="-0.82186">
				<ele>1052.08</ele>
				<time>2026-09-10T08:30:05.094Z</time>
			</trkpt>
			<trkpt lat="40.07335" lon="-0.8219">
				<ele>1052.59</ele>
				<time>2026-09-10T08:30:06.657Z</time>
			</trkpt>
			<trkpt lat="40.07311" lon="-0.82189">
				<ele>1052.89</ele>
				<time>2026-09-10T08:30:08.361Z</time>
			</trkpt>
			<trkpt lat="40.0729" lon="-0.82182">
				<ele>1052.5</ele>
				<time>2026-09-10T08:30:09.912Z</time>
			</trkpt>
			<trkpt lat="40.07267" lon="-0.82168">
				<ele>1048.17</ele>
				<time>2026-09-10T08:30:11.745Z</time>
			</trkpt>
			<trkpt lat="40.07246" lon="-0.82145">
				<ele>1042.38</ele>
				<time>2026-09-10T08:30:13.743Z</time>
			</trkpt>
			<trkpt lat="40.07201" lon="-0.82077">
				<ele>1037.69</ele>
				<time>2026-09-10T08:30:18.852Z</time>
			</trkpt>
			<trkpt lat="40.07176" lon="-0.82048">
				<ele>1034.94</ele>
				<time>2026-09-10T08:30:21.383Z</time>
			</trkpt>
			<trkpt lat="40.07159" lon="-0.82033">
				<ele>1031.86</ele>
				<time>2026-09-10T08:30:22.951Z</time>
			</trkpt>
			<trkpt lat="40.07135" lon="-0.82019">
				<ele>1029.46</ele>
				<time>2026-09-10T08:30:24.978Z</time>
			</trkpt>
			<trkpt lat="40.07102" lon="-0.82007">
				<ele>1027.92</ele>
				<time>2026-09-10T08:30:27.649Z</time>
			</trkpt>
			<trkpt lat="40.07078" lon="-0.82003">
				<ele>1028.04</ele>
				<time>2026-09-10T08:30:29.556Z</time>
			</trkpt>
			<trkpt lat="40.07059" lon="-0.82004">
				<ele>1028.6</ele>
				<time>2026-09-10T08:30:31.067Z</time>
			</trkpt>
			<trkpt lat="40.07022" lon="-0.82011">
				<ele>1026.68</ele>
				<time>2026-09-10T08:30:34.069Z</time>
			</trkpt>
			<trkpt lat="40.06991" lon="-0.82025">
				<ele>1021.89</ele>
				<time>2026-09-10T08:30:36.736Z</time>
			</trkpt>
			<trkpt lat="40.06937" lon="-0.8206">
				<ele>1017.42</ele>
				<time>2026-09-10T08:30:41.721Z</time>
			</trkpt>
			<trkpt lat="40.06916" lon="-0.82077">
				<ele>1017.03</ele>
				<time>2026-09-10T08:30:43.796Z</time>
			</trkpt>
			<trkpt lat="40.06899" lon="-0.821">
				<ele>1018.67</ele>
				<time>2026-09-10T08:30:45.870Z</time>
			</trkpt>
			<trkpt lat="40.06885" lon="-0.82125">
				<ele>1016.7</ele>
				<time>2026-09-10T08:30:47.896Z</time>
			</trkpt>
			<trkpt lat="40.06846" lon="-0.82213">
				<ele>1006.43</ele>
				<time>2026-09-10T08:30:54.671Z</time>
			</trkpt>
			<trkpt lat="40.06827" lon="-0.8224">
				<ele>1006.2</ele>
				<time>2026-09-10T08:30:57.161Z</time>
			</trkpt>
			<trkpt lat="40.06812" lon="-0.82255">
				<ele>1006.63</ele>
				<time>2026-09-10T08:30:58.850Z</time>
			</trkpt>
			<trkpt lat="40.06788" lon="-0.82274">
				<ele>1004.84</ele>
				<time>2026-09-10T08:31:01.381Z</time>
			</trkpt>
			<trkpt lat="40.06724" lon="-0.82307">
				<ele>993.98</ele>
				<time>2026-09-10T08:31:07.694Z</time>
			</trkpt>
			<trkpt lat="40.06701" lon="-0.82322">
				<ele>993.41</ele>
				<time>2026-09-10T08:31:10.092Z</time>
			</trkpt>
			<trkpt lat="40.06691" lon="-0.82332">
				<ele>992.71</ele>
				<time>2026-09-10T08:31:11.275Z</time>
			</trkpt>
			<trkpt lat="40.06665" lon="-0.82369">
				<ele>991.17</ele>
				<time>2026-09-10T08:31:14.918Z</time>
			</trkpt>
			<trkpt lat="40.06616" lon="-0.82456">
				<ele>987.08</ele>
				<time>2026-09-10T08:31:22.918Z</time>
			</trkpt>
			<trkpt lat="40.06595" lon="-0.82482">
				<ele>984.95</ele>
				<time>2026-09-10T08:31:25.772Z</time>
			</trkpt>
			<trkpt lat="40.06578" lon="-0.82496">
				<ele>983.77</ele>
				<time>2026-09-10T08:31:27.771Z</time>
			</trkpt>
			<trkpt lat="40.06559" lon="-0.82505">
				<ele>982.78</ele>
				<time>2026-09-10T08:31:29.795Z</time>
			</trkpt>
			<trkpt lat="40.06541" lon="-0.82512">
				<ele>982.71</ele>
				<time>2026-09-10T08:31:31.689Z</time>
			</trkpt>
			<trkpt lat="40.06403" lon="-0.82526">
				<ele>984.18</ele>
				<time>2026-09-10T08:31:46.026Z</time>
			</trkpt>
			<trkpt lat="40.06371" lon="-0.82535">
				<ele>986.53</ele>
				<time>2026-09-10T08:31:49.516Z</time>
			</trkpt>
			<trkpt lat="40.06337" lon="-0.82557">
				<ele>988.51</ele>
				<time>2026-09-10T08:31:53.608Z</time>
			</trkpt>
			<trkpt lat="40.06314" lon="-0.82585">
				<ele>987.66</ele>
				<time>2026-09-10T08:31:57.039Z</time>
			</trkpt>
			<trkpt lat="40.063" lon="-0.82612">
				<ele>986.01</ele>
				<time>2026-09-10T08:31:59.788Z</time>
			</trkpt>
			<trkpt lat="40.06292" lon="-0.82634">
				<ele>987.23</ele>
				<time>2026-09-10T08:32:01.856Z</time>
			</trkpt>
			<trkpt lat="40.06276" lon="-0.82692">
				<ele>984.88</ele>
				<time>2026-09-10T08:32:07.149Z</time>
			</trkpt>
			<trkpt lat="40.06266" lon="-0.82719">
				<ele>981.64</ele>
				<time>2026-09-10T08:32:09.753Z</time>
			</trkpt>
			<trkpt lat="40.06255" lon="-0.82736">
				<ele>980.7</ele>
				<time>2026-09-10T08:32:11.699Z</time>
			</trkpt>
			<trkpt lat="40.06237" lon="-0.82758">
				<ele>979.12</ele>
				<time>2026-09-10T08:32:14.533Z</time>
			</trkpt>
			<trkpt lat="40.06225" lon="-0.82767">
				<ele>978.45</ele>
				<time>2026-09-10T08:32:16.134Z</time>
			</trkpt>
			<trkpt lat="40.06198" lon="-0.82781">
				<ele>978.83</ele>
				<time>2026-09-10T08:32:19.519Z</time>
			</trkpt>
			<trkpt lat="40.06124" lon="-0.82797">
				<ele>987.06</ele>
				<time>2026-09-10T08:32:28.407Z</time>
			</trkpt>
			<trkpt lat="40.06083" lon="-0.82808">
				<ele>988.91</ele>
				<time>2026-09-10T08:32:33.460Z</time>
			</trkpt>
			<trkpt lat="40.06058" lon="-0.82818">
				<ele>989.63</ele>
				<time>2026-09-10T08:32:36.652Z</time>
			</trkpt>
			<trkpt lat="40.05991" lon="-0.82855">
				<ele>985.35</ele>
				<time>2026-09-10T08:32:45.671Z</time>
			</trkpt>
			<trkpt lat="40.0596" lon="-0.82885">
				<ele>983.21</ele>
				<time>2026-09-10T08:32:50.540Z</time>
			</trkpt>
			<trkpt lat="40.05926" lon="-0.82933">
				<ele>982.58</ele>
				<time>2026-09-10T08:32:56.946Z</time>
			</trkpt>
			<trkpt lat="40.05901" lon="-0.82963">
				<ele>985.6</ele>
				<time>2026-09-10T08:33:01.347Z</time>
			</trkpt>
			<trkpt lat="40.05821" lon="-0.83069">
				<ele>988.61</ele>
				<time>2026-09-10T08:33:16.465Z</time>
			</trkpt>
			<trkpt lat="40.05781" lon="-0.83016">
				<ele>996.74</ele>
				<time>2026-09-10T08:33:24.225Z</time>
			</trkpt>
			<trkpt lat="40.05775" lon="-0.83023">
				<ele>997.94</ele>
				<time>2026-09-10T08:33:25.332Z</time>
			</trkpt>
			<trkpt lat="40.05781" lon="-0.83016">
				<ele>996.74</ele>
				<time>2026-09-10T08:33:26.441Z</time>
			</trkpt>
			<trkpt lat="40.05821" lon="-0.83069">
				<ele>988.61</ele>
				<time>2026-09-10T08:34:00.752Z</time>
			</trkpt>
			<trkpt lat="40.05749" lon="-0.83158">
				<ele>991.65</ele>
				<time>2026-09-10T08:34:23.632Z</time>
			</trkpt>
			<trkpt lat="40.05716" lon="-0.83197">
				<ele>995.54</ele>
				<time>2026-09-10T08:34:28.173Z</time>
			</trkpt>
			<trkpt lat="40.05684" lon="-0.83207">
				<ele>998.17</ele>
				<time>2026-09-10T08:34:31.505Z</time>
			</trkpt>
			<trkpt lat="40.05638" lon="-0.8321">
				<ele>997.43</ele>
				<time>2026-09-10T08:34:36.132Z</time>
			</trkpt>
			<trkpt lat="40.05581" lon="-0.83175">
				<ele>987.76</ele>
				<time>2026-09-10T08:34:42.392Z</time>
			</trkpt>
			<trkpt lat="40.05543" lon="-0.83183">
				<ele>986.84</ele>
				<time>2026-09-10T08:34:46.180Z</time>
			</trkpt>
			<trkpt lat="40.05482" lon="-0.83223">
				<ele>989.49</ele>
				<time>2026-09-10T08:34:52.824Z</time>
			</trkpt>
			<trkpt lat="40.05411" lon="-0.83255">
				<ele>990.39</ele>
				<time>2026-09-10T08:35:00.032Z</time>
			</trkpt>
			<trkpt lat="40.05358" lon="-0.83286">
				<ele>989.3</ele>
				<time>2026-09-10T08:35:05.531Z</time>
			</trkpt>
			<trkpt lat="40.05308" lon="-0.83343">
				<ele>991.36</ele>
				<time>2026-09-10T08:35:11.736Z</time>
			</trkpt>
			<trkpt lat="40.05267" lon="-0.8344">
				<ele>993.3</ele>
				<time>2026-09-10T08:35:19.547Z</time>
			</trkpt>
			<trkpt lat="40.05226" lon="-0.83566">
				<ele>992.85</ele>
				<time>2026-09-10T08:35:29.016Z</time>
			</trkpt>
			<trkpt lat="40.05221" lon="-0.83656">
				<ele>991.41</ele>
				<time>2026-09-10T08:35:35.147Z</time>
			</trkpt>
			<trkpt lat="40.05234" lon="-0.83739">
				<ele>993.9</ele>
				<time>2026-09-10T08:35:40.825Z</time>
			</trkpt>
			<trkpt lat="40.05254" lon="-0.83811">
				<ele>998.63</ele>
				<time>2026-09-10T08:35:45.895Z</time>
			</trkpt>
			<trkpt lat="40.05261" lon="-0.83876">
				<ele>999.85</ele>
				<time>2026-09-10T08:35:50.191Z</time>
			</trkpt>
			<trkpt lat="40.05247" lon="-0.83916">
				<ele>995.75</ele>
				<time>2026-09-10T08:35:53.046Z</time>
			</trkpt>
			<trkpt lat="40.05183" lon="-0.84002">
				<ele>996.93</ele>
				<time>2026-09-10T08:36:00.730Z</time>
			</trkpt>
			<trkpt lat="40.05159" lon="-0.84054">
				<ele>996.24</ele>
				<time>2026-09-10T08:36:04.566Z</time>
			</trkpt>
			<trkpt lat="40.05134" lon="-0.84114">
				<ele>998.06</ele>
				<time>2026-09-10T08:36:08.837Z</time>
			</trkpt>
			<trkpt lat="40.05113" lon="-0.84181">
				<ele>996.86</ele>
				<time>2026-09-10T08:36:13.314Z</time>
			</trkpt>
			<trkpt lat="40.05101" lon="-0.84243">
				<ele>995.78</ele>
				<time>2026-09-10T08:36:17.227Z</time>
			</trkpt>
			<trkpt lat="40.05077" lon="-0.84304">
				<ele>998.66</ele>
				<time>2026-09-10T08:36:21.379Z</time>
			</trkpt>
			<trkpt lat="40.05008" lon="-0.84417">
				<ele>1009.88</ele>
				<time>2026-09-10T08:36:29.984Z</time>
			</trkpt>
			<trkpt lat="40.04981" lon="-0.8448">
				<ele>1011.08</ele>
				<time>2026-09-10T08:36:34.210Z</time>
			</trkpt>
			<trkpt lat="40.0495" lon="-0.84533">
				<ele>1015.74</ele>
				<time>2026-09-10T08:36:38.071Z</time>
			</trkpt>
			<trkpt lat="40.04882" lon="-0.84624">
				<ele>1007.9</ele>
				<time>2026-09-10T08:36:45.319Z</time>
			</trkpt>
			<trkpt lat="40.04852" lon="-0.84679">
				<ele>1008.96</ele>
				<time>2026-09-10T08:36:49.110Z</time>
			</trkpt>
			<trkpt lat="40.04815" lon="-0.84819">
				<ele>1012.17</ele>
				<time>2026-09-10T08:36:57.283Z</time>
			</trkpt>
			<trkpt lat="40.04793" lon="-0.84863">
				<ele>1011.77</ele>
				<time>2026-09-10T08:37:00.137Z</time>
			</trkpt>
			<trkpt lat="40.04724" lon="-0.84979">
				<ele>1010.84</ele>
				<time>2026-09-10T08:37:07.990Z</time>
			</trkpt>
			<trkpt lat="40.04693" lon="-0.85051">
				<ele>1010.16</ele>
				<time>2026-09-10T08:37:12.327Z</time>
			</trkpt>
			<trkpt lat="40.04672" lon="-0.85127">
				<ele>1011.76</ele>
				<time>2026-09-10T08:37:16.514Z</time>
			</trkpt>
			<trkpt lat="40.04657" lon="-0.85191">
				<ele>1017.01</ele>
				<time>2026-09-10T08:37:19.942Z</time>
			</trkpt>
			<trkpt lat="40.04651" lon="-0.85254">
				<ele>1022.01</ele>
				<time>2026-09-10T08:37:23.161Z</time>
			</trkpt>
			<trkpt lat="40.04644" lon="-0.8535">
				<ele>1020.94</ele>
				<time>2026-09-10T08:37:27.989Z</time>
			</trkpt>
			<trkpt lat="40.04636" lon="-0.85435">
				<ele>1021.71</ele>
				<time>2026-09-10T08:37:32.215Z</time>
			</trkpt>
			<trkpt lat="40.04623" lon="-0.85487">
				<ele>1025.59</ele>
				<time>2026-09-10T08:37:34.885Z</time>
			</trkpt>
			<trkpt lat="40.0456" lon="-0.85615">
				<ele>1025.9</ele>
				<time>2026-09-10T08:37:42.193Z</time>
			</trkpt>
			<trkpt lat="40.04543" lon="-0.85662">
				<ele>1026.11</ele>
				<time>2026-09-10T08:37:44.650Z</time>
			</trkpt>
			<trkpt lat="40.04536" lon="-0.85733">
				<ele>1025.87</ele>
				<time>2026-09-10T08:37:48.001Z</time>
			</trkpt>
			<trkpt lat="40.04536" lon="-0.85769">
				<ele>1028.06</ele>
				<time>2026-09-10T08:37:49.672Z</time>
			</trkpt>
			<trkpt lat="40.04533" lon="-0.85819">
				<ele>1029.29</ele>
				<time>2026-09-10T08:37:51.984Z</time>
			</trkpt>
			<trkpt lat="40.04521" lon="-0.85873">
				<ele>1029.55</ele>
				<time>2026-09-10T08:37:54.556Z</time>
			</trkpt>
			<trkpt lat="40.04506" lon="-0.85923">
				<ele>1029.37</ele>
				<time>2026-09-10T08:37:56.991Z</time>
			</trkpt>
			<trkpt lat="40.04496" lon="-0.85975">
				<ele>1026.11</ele>
				<time>2026-09-10T08:37:59.402Z</time>
			</trkpt>
			<trkpt lat="40.04495" lon="-0.86089">
				<ele>1027.51</ele>
				<time>2026-09-10T08:38:04.463Z</time>
			</trkpt>
			<trkpt lat="40.04414" lon="-0.86437">
				<ele>1029.9</ele>
				<time>2026-09-10T08:38:20.035Z</time>
			</trkpt>
			<trkpt lat="40.04417" lon="-0.86481">
				<ele>1032.47</ele>
				<time>2026-09-10T08:38:21.869Z</time>
			</trkpt>
			<trkpt lat="40.0446" lon="-0.86641">
				<ele>1032.74</ele>
				<time>2026-09-10T08:38:28.797Z</time>
			</trkpt>
			<trkpt lat="40.04501" lon="-0.86748">
				<ele>1036.27</ele>
				<time>2026-09-10T08:38:33.582Z</time>
			</trkpt>
			<trkpt lat="40.04537" lon="-0.86885">
				<ele>1045.58</ele>
				<time>2026-09-10T08:38:39.265Z</time>
			</trkpt>
			<trkpt lat="40.04558" lon="-0.8691">
				<ele>1045.38</ele>
				<time>2026-09-10T08:38:40.702Z</time>
			</trkpt>
			<trkpt lat="40.0461" lon="-0.86945">
				<ele>1044.03</ele>
				<time>2026-09-10T08:38:43.637Z</time>
			</trkpt>
			<trkpt lat="40.04637" lon="-0.86967">
				<ele>1039.58</ele>
				<time>2026-09-10T08:38:45.220Z</time>
			</trkpt>
			<trkpt lat="40.04652" lon="-0.87007">
				<ele>1039.1</ele>
				<time>2026-09-10T08:38:46.906Z</time>
			</trkpt>
			<trkpt lat="40.04683" lon="-0.87206">
				<ele>1050.66</ele>
				<time>2026-09-10T08:38:54.463Z</time>
			</trkpt>
			<trkpt lat="40.04697" lon="-0.87248">
				<ele>1052.46</ele>
				<time>2026-09-10T08:38:56.139Z</time>
			</trkpt>
			<trkpt lat="40.04738" lon="-0.8732">
				<ele>1054.79</ele>
				<time>2026-09-10T08:38:59.391Z</time>
			</trkpt>
			<trkpt lat="40.04756" lon="-0.87395">
				<ele>1058.09</ele>
				<time>2026-09-10T08:39:02.208Z</time>
			</trkpt>
			<trkpt lat="40.04754" lon="-0.87469">
				<ele>1055.71</ele>
				<time>2026-09-10T08:39:04.835Z</time>
			</trkpt>
			<trkpt lat="40.04736" lon="-0.87614">
				<ele>1063.44</ele>
				<time>2026-09-10T08:39:09.972Z</time>
			</trkpt>
			<trkpt lat="40.04719" lon="-0.87784">
				<ele>1072.25</ele>
				<time>2026-09-10T08:39:15.847Z</time>
			</trkpt>
			<trkpt lat="40.04713" lon="-0.87957">
				<ele>1081.48</ele>
				<time>2026-09-10T08:39:21.658Z</time>
			</trkpt>
			<trkpt lat="40.04695" lon="-0.88061">
				<ele>1082.97</ele>
				<time>2026-09-10T08:39:25.176Z</time>
			</trkpt>
			<trkpt lat="40.0468" lon="-0.88136">
				<ele>1090.78</ele>
				<time>2026-09-10T08:39:27.707Z</time>
			</trkpt>
			<trkpt lat="40.0461" lon="-0.88313">
				<ele>1096.65</ele>
				<time>2026-09-10T08:39:34.112Z</time>
			</trkpt>
			<trkpt lat="40.04372" lon="-0.88819">
				<ele>1075.11</ele>
				<time>2026-09-10T08:39:52.448Z</time>
			</trkpt>
			<trkpt lat="40.04338" lon="-0.88901">
				<ele>1077.04</ele>
				<time>2026-09-10T08:39:55.238Z</time>
			</trkpt>
			<trkpt lat="40.0428" lon="-0.88968">
				<ele>1079.62</ele>
				<time>2026-09-10T08:39:58.239Z</time>
			</trkpt>
			<trkpt lat="40.04268" lon="-0.89005">
				<ele>1079.94</ele>
				<time>2026-09-10T08:39:59.425Z</time>
			</trkpt>
			<trkpt lat="40.04202" lon="-0.89239">
				<ele>1082.57</ele>
				<time>2026-09-10T08:40:06.706Z</time>
			</trkpt>
			<trkpt lat="40.04185" lon="-0.89275">
				<ele>1084.22</ele>
				<time>2026-09-10T08:40:07.929Z</time>
			</trkpt>
			<trkpt lat="40.04168" lon="-0.89281">
				<ele>1086.96</ele>
				<time>2026-09-10T08:40:08.592Z</time>
			</trkpt>
			<trkpt lat="40.0412" lon="-0.89275">
				<ele>1087.78</ele>
				<time>2026-09-10T08:40:10.404Z</time>
			</trkpt>
			<trkpt lat="40.04097" lon="-0.89283">
				<ele>1088.42</ele>
				<time>2026-09-10T08:40:11.296Z</time>
			</trkpt>
			<trkpt lat="40.04071" lon="-0.89321">
				<ele>1090.65</ele>
				<time>2026-09-10T08:40:12.755Z</time>
			</trkpt>
			<trkpt lat="40.04051" lon="-0.89368">
				<ele>1091.86</ele>
				<time>2026-09-10T08:40:14.289Z</time>
			</trkpt>
			<trkpt lat="40.04036" lon="-0.89521">
				<ele>1096.2</ele>
				<time>2026-09-10T08:40:18.667Z</time>
			</trkpt>
			<trkpt lat="40.04009" lon="-0.8969">
				<ele>1098.02</ele>
				<time>2026-09-10T08:40:23.530Z</time>
			</trkpt>
			<trkpt lat="40.04007" lon="-0.89728">
				<ele>1097.61</ele>
				<time>2026-09-10T08:40:24.598Z</time>
			</trkpt>
			<trkpt lat="40.04011" lon="-0.8976">
				<ele>1098.48</ele>
				<time>2026-09-10T08:40:25.506Z</time>
			</trkpt>
			<trkpt lat="40.04039" lon="-0.89856">
				<ele>1106.57</ele>
				<time>2026-09-10T08:40:28.377Z</time>
			</trkpt>
			<trkpt lat="40.04056" lon="-0.89982">
				<ele>1112.56</ele>
				<time>2026-09-10T08:40:31.940Z</time>
			</trkpt>
			<trkpt lat="40.04057" lon="-0.90117">
				<ele>1123.35</ele>
				<time>2026-09-10T08:40:35.688Z</time>
			</trkpt>
			<trkpt lat="40.04041" lon="-0.9019">
				<ele>1127.04</ele>
				<time>2026-09-10T08:40:37.792Z</time>
			</trkpt>
			<trkpt lat="40.04029" lon="-0.90206">
				<ele>1126.54</ele>
				<time>2026-09-10T08:40:38.413Z</time>
			</trkpt>
			<trkpt lat="40.03978" lon="-0.90234">
				<ele>1126.39</ele>
				<time>2026-09-10T08:40:40.412Z</time>
			</trkpt>
			<trkpt lat="40.03956" lon="-0.90259">
				<ele>1125.23</ele>
				<time>2026-09-10T08:40:41.466Z</time>
			</trkpt>
			<trkpt lat="40.03947" lon="-0.9028">
				<ele>1124.86</ele>
				<time>2026-09-10T08:40:42.132Z</time>
			</trkpt>
			<trkpt lat="40.03944" lon="-0.90306">
				<ele>1126.21</ele>
				<time>2026-09-10T08:40:42.859Z</time>
			</trkpt>
			<trkpt lat="40.03948" lon="-0.90342">
				<ele>1128.19</ele>
				<time>2026-09-10T08:40:43.864Z</time>
			</trkpt>
			<trkpt lat="40.03959" lon="-0.90388">
				<ele>1133.15</ele>
				<time>2026-09-10T08:40:45.197Z</time>
			</trkpt>
			<trkpt lat="40.03962" lon="-0.90409">
				<ele>1136.6</ele>
				<time>2026-09-10T08:40:45.787Z</time>
			</trkpt>
			<trkpt lat="40.0396" lon="-0.90429">
				<ele>1136.55</ele>
				<time>2026-09-10T08:40:46.345Z</time>
			</trkpt>
			<trkpt lat="40.03947" lon="-0.9048">
				<ele>1135.29</ele>
				<time>2026-09-10T08:40:47.831Z</time>
			</trkpt>
			<trkpt lat="40.03943" lon="-0.90513">
				<ele>1137.98</ele>
				<time>2026-09-10T08:40:48.755Z</time>
			</trkpt>
			<trkpt lat="40.03934" lon="-0.90605">
				<ele>1136.44</ele>
				<time>2026-09-10T08:40:51.321Z</time>
			</trkpt>
			<trkpt lat="40.03935" lon="-0.90637">
				<ele>1134.6</ele>
				<time>2026-09-10T08:40:52.208Z</time>
			</trkpt>
			<trkpt lat="40.03944" lon="-0.90697">
				<ele>1138.92</ele>
				<time>2026-09-10T08:40:53.901Z</time>
			</trkpt>
			<trkpt lat="40.03946" lon="-0.90716">
				<ele>1137.61</ele>
				<time>2026-09-10T08:40:54.433Z</time>
			</trkpt>
			<trkpt lat="40.03944" lon="-0.90735">
				<ele>1134.9</ele>
				<time>2026-09-10T08:40:54.965Z</time>
			</trkpt>
			<trkpt lat="40.03932" lon="-0.90795">
				<ele>1131.83</ele>
				<time>2026-09-10T08:40:56.685Z</time>
			</trkpt>
			<trkpt lat="40.03917" lon="-0.90839">
				<ele>1131.88</ele>
				<time>2026-09-10T08:40:58.023Z</time>
			</trkpt>
			<trkpt lat="40.03903" lon="-0.90866">
				<ele>1134.09</ele>
				<time>2026-09-10T08:40:58.930Z</time>
			</trkpt>
			<trkpt lat="40.0389" lon="-0.90883">
				<ele>1135.14</ele>
				<time>2026-09-10T08:40:59.599Z</time>
			</trkpt>
			<trkpt lat="40.03871" lon="-0.90903">
				<ele>1135.04</ele>
				<time>2026-09-10T08:41:00.486Z</time>
			</trkpt>
			<trkpt lat="40.03844" lon="-0.90952">
				<ele>1140.01</ele>
				<time>2026-09-10T08:41:02.169Z</time>
			</trkpt>
			<trkpt lat="40.03832" lon="-0.90969">
				<ele>1141.75</ele>
				<time>2026-09-10T08:41:02.815Z</time>
			</trkpt>
			<trkpt lat="40.03795" lon="-0.91011">
				<ele>1141.49</ele>
				<time>2026-09-10T08:41:04.605Z</time>
			</trkpt>
			<trkpt lat="40.03785" lon="-0.91029">
				<ele>1141.08</ele>
				<time>2026-09-10T08:41:05.227Z</time>
			</trkpt>
			<trkpt lat="40.0377" lon="-0.91065">
				<ele>1140.2</ele>
				<time>2026-09-10T08:41:06.376Z</time>
			</trkpt>
			<trkpt lat="40.03762" lon="-0.91091">
				<ele>1140.15</ele>
				<time>2026-09-10T08:41:07.162Z</time>
			</trkpt>
			<trkpt lat="40.03749" lon="-0.91217">
				<ele>1141.34</ele>
				<time>2026-09-10T08:41:10.742Z</time>
			</trkpt>
			<trkpt lat="40.03745" lon="-0.91241">
				<ele>1145.82</ele>
				<time>2026-09-10T08:41:11.436Z</time>
			</trkpt>
			<trkpt lat="40.0373" lon="-0.91303">
				<ele>1149.23</ele>
				<time>2026-09-10T08:41:13.276Z</time>
			</trkpt>
			<trkpt lat="40.03727" lon="-0.91323">
				<ele>1147.91</ele>
				<time>2026-09-10T08:41:13.854Z</time>
			</trkpt>
			<trkpt lat="40.03727" lon="-0.91347">
				<ele>1147.77</ele>
				<time>2026-09-10T08:41:14.536Z</time>
			</trkpt>
			<trkpt lat="40.0373" lon="-0.91386">
				<ele>1149.69</ele>
				<time>2026-09-10T08:41:15.650Z</time>
			</trkpt>
			<trkpt lat="40.03729" lon="-0.91402">
				<ele>1150.3</ele>
				<time>2026-09-10T08:41:16.108Z</time>
			</trkpt>
			<trkpt lat="40.03725" lon="-0.91418">
				<ele>1150.19</ele>
				<time>2026-09-10T08:41:16.588Z</time>
			</trkpt>
			<trkpt lat="40.03685" lon="-0.91508">
				<ele>1148.37</ele>
				<time>2026-09-10T08:41:19.564Z</time>
			</trkpt>
			<trkpt lat="40.03658" lon="-0.91581">
				<ele>1149.8</ele>
				<time>2026-09-10T08:41:21.896Z</time>
			</trkpt>
			<trkpt lat="40.03652" lon="-0.916">
				<ele>1149.21</ele>
				<time>2026-09-10T08:41:22.489Z</time>
			</trkpt>
			<trkpt lat="40.03643" lon="-0.91647">
				<ele>1149.58</ele>
				<time>2026-09-10T08:41:23.890Z</time>
			</trkpt>
			<trkpt lat="40.03635" lon="-0.91675">
				<ele>1150.59</ele>
				<time>2026-09-10T08:41:24.757Z</time>
			</trkpt>
			<trkpt lat="40.03521" lon="-0.92014">
				<ele>1162.21</ele>
				<time>2026-09-10T08:41:35.648Z</time>
			</trkpt>
			<trkpt lat="40.03512" lon="-0.92037">
				<ele>1164.69</ele>
				<time>2026-09-10T08:41:36.420Z</time>
			</trkpt>
			<trkpt lat="40.03496" lon="-0.92064">
				<ele>1169.81</ele>
				<time>2026-09-10T08:41:37.443Z</time>
			</trkpt>
			<trkpt lat="40.03481" lon="-0.92083">
				<ele>1179.39</ele>
				<time>2026-09-10T08:41:38.262Z</time>
			</trkpt>
			<trkpt lat="40.03439" lon="-0.92128">
				<ele>1177.03</ele>
				<time>2026-09-10T08:41:40.402Z</time>
			</trkpt>
			<trkpt lat="40.0342" lon="-0.92153">
				<ele>1172.86</ele>
				<time>2026-09-10T08:41:41.469Z</time>
			</trkpt>
			<trkpt lat="40.03344" lon="-0.92274">
				<ele>1170.19</ele>
				<time>2026-09-10T08:41:46.253Z</time>
			</trkpt>
			<trkpt lat="40.03309" lon="-0.92318">
				<ele>1169.9</ele>
				<time>2026-09-10T08:41:48.212Z</time>
			</trkpt>
			<trkpt lat="40.03297" lon="-0.92346">
				<ele>1169.81</ele>
				<time>2026-09-10T08:41:49.208Z</time>
			</trkpt>
			<trkpt lat="40.03294" lon="-0.92372">
				<ele>1168.56</ele>
				<time>2026-09-10T08:41:50.026Z</time>
			</trkpt>
			<trkpt lat="40.03297" lon="-0.92396">
				<ele>1166.38</ele>
				<time>2026-09-10T08:41:50.785Z</time>
			</trkpt>
			<trkpt lat="40.03308" lon="-0.92435">
				<ele>1165.04</ele>
				<time>2026-09-10T08:41:52.086Z</time>
			</trkpt>
			<trkpt lat="40.03315" lon="-0.92451">
				<ele>1164.91</ele>
				<time>2026-09-10T08:41:52.665Z</time>
			</trkpt>
			<trkpt lat="40.03329" lon="-0.92464">
				<ele>1162.26</ele>
				<time>2026-09-10T08:41:53.371Z</time>
			</trkpt>
			<trkpt lat="40.03345" lon="-0.92474">
				<ele>1161.57</ele>
				<time>2026-09-10T08:41:54.101Z</time>
			</trkpt>
			<trkpt lat="40.03359" lon="-0.9248">
				<ele>1162.36</ele>
				<time>2026-09-10T08:41:54.710Z</time>
			</trkpt>
			<trkpt lat="40.034" lon="-0.92489">
				<ele>1161.21</ele>
				<time>2026-09-10T08:41:56.433Z</time>
			</trkpt>
			<trkpt lat="40.03414" lon="-0.92495">
				<ele>1166.15</ele>
				<time>2026-09-10T08:41:57.046Z</time>
			</trkpt>
			<trkpt lat="40.03424" lon="-0.92503">
				<ele>1168.54</ele>
				<time>2026-09-10T08:41:57.535Z</time>
			</trkpt>
			<trkpt lat="40.03432" lon="-0.92515">
				<ele>1170.29</ele>
				<time>2026-09-10T08:41:58.043Z</time>
			</trkpt>
			<trkpt lat="40.03436" lon="-0.92528">
				<ele>1170.39</ele>
				<time>2026-09-10T08:41:58.492Z</time>
			</trkpt>
			<trkpt lat="40.03439" lon="-0.92545">
				<ele>1171.72</ele>
				<time>2026-09-10T08:41:59.052Z</time>
			</trkpt>
			<trkpt lat="40.03445" lon="-0.92603">
				<ele>1175.28</ele>
				<time>2026-09-10T08:42:00.937Z</time>
			</trkpt>
			<trkpt lat="40.03445" lon="-0.9262">
				<ele>1176.77</ele>
				<time>2026-09-10T08:42:01.487Z</time>
			</trkpt>
			<trkpt lat="40.0344" lon="-0.92638">
				<ele>1177.76</ele>
				<time>2026-09-10T08:42:02.108Z</time>
			</trkpt>
			<trkpt lat="40.03431" lon="-0.92656">
				<ele>1179.91</ele>
				<time>2026-09-10T08:42:02.806Z</time>
			</trkpt>
			<trkpt lat="40.03417" lon="-0.92674">
				<ele>1182.03</ele>
				<time>2026-09-10T08:42:03.642Z</time>
			</trkpt>
			<trkpt lat="40.03398" lon="-0.92688">
				<ele>1185.02</ele>
				<time>2026-09-10T08:42:04.573Z</time>
			</trkpt>
			<trkpt lat="40.03353" lon="-0.92701">
				<ele>1185.54</ele>
				<time>2026-09-10T08:42:06.550Z</time>
			</trkpt>
			<trkpt lat="40.0334" lon="-0.92711">
				<ele>1186.13</ele>
				<time>2026-09-10T08:42:07.200Z</time>
			</trkpt>
			<trkpt lat="40.03314" lon="-0.92744">
				<ele>1190.75</ele>
				<time>2026-09-10T08:42:08.768Z</time>
			</trkpt>
			<trkpt lat="40.03294" lon="-0.92762">
				<ele>1193.56</ele>
				<time>2026-09-10T08:42:09.824Z</time>
			</trkpt>
			<trkpt lat="40.03271" lon="-0.92772">
				<ele>1194.62</ele>
				<time>2026-09-10T08:42:10.882Z</time>
			</trkpt>
			<trkpt lat="40.03204" lon="-0.92789">
				<ele>1195.86</ele>
				<time>2026-09-10T08:42:13.882Z</time>
			</trkpt>
			<trkpt lat="40.03186" lon="-0.92799">
				<ele>1193.46</ele>
				<time>2026-09-10T08:42:14.747Z</time>
			</trkpt>
			<trkpt lat="40.03177" lon="-0.9281">
				<ele>1192.32</ele>
				<time>2026-09-10T08:42:15.294Z</time>
			</trkpt>
			<trkpt lat="40.0317" lon="-0.92843">
				<ele>1197.64</ele>
				<time>2026-09-10T08:42:16.461Z</time>
			</trkpt>
			<trkpt lat="40.03164" lon="-0.92855">
				<ele>1197.53</ele>
				<time>2026-09-10T08:42:16.951Z</time>
			</trkpt>
			<trkpt lat="40.03124" lon="-0.92909">
				<ele>1204.25</ele>
				<time>2026-09-10T08:42:19.534Z</time>
			</trkpt>
			<trkpt lat="40.03095" lon="-0.92969">
				<ele>1208.63</ele>
				<time>2026-09-10T08:42:21.996Z</time>
			</trkpt>
			<trkpt lat="40.03087" lon="-0.9298">
				<ele>1208.67</ele>
				<time>2026-09-10T08:42:22.525Z</time>
			</trkpt>
			<trkpt lat="40.03041" lon="-0.93021">
				<ele>1208.35</ele>
				<time>2026-09-10T08:42:25.077Z</time>
			</trkpt>
			<trkpt lat="40.03032" lon="-0.93032">
				<ele>1208.44</ele>
				<time>2026-09-10T08:42:25.646Z</time>
			</trkpt>
			<trkpt lat="40.03026" lon="-0.93043">
				<ele>1209.65</ele>
				<time>2026-09-10T08:42:26.123Z</time>
			</trkpt>
			<trkpt lat="40.02993" lon="-0.93155">
				<ele>1207.2</ele>
				<time>2026-09-10T08:42:30.404Z</time>
			</trkpt>
			<trkpt lat="40.02992" lon="-0.93169">
				<ele>1206.69</ele>
				<time>2026-09-10T08:42:30.910Z</time>
			</trkpt>
			<trkpt lat="40.02994" lon="-0.93186">
				<ele>1206.39</ele>
				<time>2026-09-10T08:42:31.530Z</time>
			</trkpt>
			<trkpt lat="40.03028" lon="-0.93356">
				<ele>1215.18</ele>
				<time>2026-09-10T08:42:37.951Z</time>
			</trkpt>
			<trkpt lat="40.0303" lon="-0.93375">
				<ele>1215.86</ele>
				<time>2026-09-10T08:42:38.661Z</time>
			</trkpt>
			<trkpt lat="40.02991" lon="-0.93589">
				<ele>1223.57</ele>
				<time>2026-09-10T08:42:46.944Z</time>
			</trkpt>
			<trkpt lat="40.02988" lon="-0.93614">
				<ele>1221.84</ele>
				<time>2026-09-10T08:42:47.913Z</time>
			</trkpt>
			<trkpt lat="40.02989" lon="-0.93659">
				<ele>1225.99</ele>
				<time>2026-09-10T08:42:49.646Z</time>
			</trkpt>
			<trkpt lat="40.02992" lon="-0.93684">
				<ele>1228.34</ele>
				<time>2026-09-10T08:42:50.625Z</time>
			</trkpt>
			<trkpt lat="40.03001" lon="-0.93713">
				<ele>1230.59</ele>
				<time>2026-09-10T08:42:51.841Z</time>
			</trkpt>
			<trkpt lat="40.03004" lon="-0.93732">
				<ele>1231.73</ele>
				<time>2026-09-10T08:42:52.597Z</time>
			</trkpt>
			<trkpt lat="40.03001" lon="-0.93749">
				<ele>1230.5</ele>
				<time>2026-09-10T08:42:53.279Z</time>
			</trkpt>
			<trkpt lat="40.02992" lon="-0.93769">
				<ele>1232.39</ele>
				<time>2026-09-10T08:42:54.189Z</time>
			</trkpt>
			<trkpt lat="40.0298" lon="-0.93786">
				<ele>1232.6</ele>
				<time>2026-09-10T08:42:55.099Z</time>
			</trkpt>
			<trkpt lat="40.02966" lon="-0.93799">
				<ele>1232.23</ele>
				<time>2026-09-10T08:42:55.984Z</time>
			</trkpt>
			<trkpt lat="40.0295" lon="-0.93808">
				<ele>1234.57</ele>
				<time>2026-09-10T08:42:56.885Z</time>
			</trkpt>
			<trkpt lat="40.02933" lon="-0.93813">
				<ele>1236.16</ele>
				<time>2026-09-10T08:42:57.789Z</time>
			</trkpt>
			<trkpt lat="40.02864" lon="-0.93806">
				<ele>1232.22</ele>
				<time>2026-09-10T08:43:01.411Z</time>
			</trkpt>
			<trkpt lat="40.02848" lon="-0.93807">
				<ele>1231.31</ele>
				<time>2026-09-10T08:43:02.256Z</time>
			</trkpt>
			<trkpt lat="40.02836" lon="-0.93812">
				<ele>1231.29</ele>
				<time>2026-09-10T08:43:02.922Z</time>
			</trkpt>
			<trkpt lat="40.02825" lon="-0.93822">
				<ele>1232.31</ele>
				<time>2026-09-10T08:43:03.633Z</time>
			</trkpt>
			<trkpt lat="40.02814" lon="-0.93839">
				<ele>1232.05</ele>
				<time>2026-09-10T08:43:04.539Z</time>
			</trkpt>
			<trkpt lat="40.02788" lon="-0.93894">
				<ele>1230.63</ele>
				<time>2026-09-10T08:43:07.189Z</time>
			</trkpt>
			<trkpt lat="40.02778" lon="-0.93906">
				<ele>1229.26</ele>
				<time>2026-09-10T08:43:07.920Z</time>
			</trkpt>
			<trkpt lat="40.02718" lon="-0.93949">
				<ele>1232.81</ele>
				<time>2026-09-10T08:43:11.636Z</time>
			</trkpt>
			<trkpt lat="40.02711" lon="-0.93958">
				<ele>1233.85</ele>
				<time>2026-09-10T08:43:12.173Z</time>
			</trkpt>
			<trkpt lat="40.02695" lon="-0.9399">
				<ele>1236.03</ele>
				<time>2026-09-10T08:43:13.780Z</time>
			</trkpt>
			<trkpt lat="40.02691" lon="-0.94007">
				<ele>1238.42</ele>
				<time>2026-09-10T08:43:14.531Z</time>
			</trkpt>
			<trkpt lat="40.02695" lon="-0.94051">
				<ele>1242.24</ele>
				<time>2026-09-10T08:43:16.411Z</time>
			</trkpt>
			<trkpt lat="40.02695" lon="-0.94073">
				<ele>1245.45</ele>
				<time>2026-09-10T08:43:17.350Z</time>
			</trkpt>
			<trkpt lat="40.0269" lon="-0.94096">
				<ele>1248.14</ele>
				<time>2026-09-10T08:43:18.373Z</time>
			</trkpt>
			<trkpt lat="40.02681" lon="-0.94114">
				<ele>1249.16</ele>
				<time>2026-09-10T08:43:19.296Z</time>
			</trkpt>
			<trkpt lat="40.02665" lon="-0.94133">
				<ele>1250.19</ele>
				<time>2026-09-10T08:43:20.513Z</time>
			</trkpt>
			<trkpt lat="40.0265" lon="-0.94144">
				<ele>1249.98</ele>
				<time>2026-09-10T08:43:21.485Z</time>
			</trkpt>
			<trkpt lat="40.02598" lon="-0.94173">
				<ele>1248.83</ele>
				<time>2026-09-10T08:43:24.704Z</time>
			</trkpt>
			<trkpt lat="40.02587" lon="-0.94189">
				<ele>1249.62</ele>
				<time>2026-09-10T08:43:25.648Z</time>
			</trkpt>
			<trkpt lat="40.0258" lon="-0.94206">
				<ele>1250.83</ele>
				<time>2026-09-10T08:43:26.498Z</time>
			</trkpt>
			<trkpt lat="40.02577" lon="-0.94228">
				<ele>1252.57</ele>
				<time>2026-09-10T08:43:27.485Z</time>
			</trkpt>
			<trkpt lat="40.02577" lon="-0.94262">
				<ele>1255.93</ele>
				<time>2026-09-10T08:43:28.994Z</time>
			</trkpt>
			<trkpt lat="40.02572" lon="-0.94274">
				<ele>1255.59</ele>
				<time>2026-09-10T08:43:29.602Z</time>
			</trkpt>
			<trkpt lat="40.0252" lon="-0.94342">
				<ele>1249.21</ele>
				<time>2026-09-10T08:43:33.919Z</time>
			</trkpt>
			<trkpt lat="40.02513" lon="-0.94357">
				<ele>1250.1</ele>
				<time>2026-09-10T08:43:34.715Z</time>
			</trkpt>
			<trkpt lat="40.0251" lon="-0.94371">
				<ele>1251.47</ele>
				<time>2026-09-10T08:43:35.375Z</time>
			</trkpt>
			<trkpt lat="40.02508" lon="-0.9441">
				<ele>1254.41</ele>
				<time>2026-09-10T08:43:37.158Z</time>
			</trkpt>
			<trkpt lat="40.02504" lon="-0.94425">
				<ele>1254.53</ele>
				<time>2026-09-10T08:43:37.886Z</time>
			</trkpt>
			<trkpt lat="40.02497" lon="-0.94437">
				<ele>1253.79</ele>
				<time>2026-09-10T08:43:38.579Z</time>
			</trkpt>
			<trkpt lat="40.02485" lon="-0.94448">
				<ele>1258</ele>
				<time>2026-09-10T08:43:39.460Z</time>
			</trkpt>
			<trkpt lat="40.02423" lon="-0.94474">
				<ele>1264.42</ele>
				<time>2026-09-10T08:43:43.407Z</time>
			</trkpt>
			<trkpt lat="40.02371" lon="-0.94516">
				<ele>1256.72</ele>
				<time>2026-09-10T08:43:47.161Z</time>
			</trkpt>
			<trkpt lat="40.02333" lon="-0.94568">
				<ele>1255.69</ele>
				<time>2026-09-10T08:43:50.581Z</time>
			</trkpt>
			<trkpt lat="40.02326" lon="-0.94584">
				<ele>1256.59</ele>
				<time>2026-09-10T08:43:51.464Z</time>
			</trkpt>
			<trkpt lat="40.02319" lon="-0.94613">
				<ele>1258.77</ele>
				<time>2026-09-10T08:43:52.926Z</time>
			</trkpt>
			<trkpt lat="40.02312" lon="-0.94629">
				<ele>1258.53</ele>
				<time>2026-09-10T08:43:53.816Z</time>
			</trkpt>
			<trkpt lat="40.0222" lon="-0.94737">
				<ele>1254.79</ele>
				<time>2026-09-10T08:44:01.727Z</time>
			</trkpt>
			<trkpt lat="40.02215" lon="-0.94746">
				<ele>1255.18</ele>
				<time>2026-09-10T08:44:02.279Z</time>
			</trkpt>
			<trkpt lat="40.02207" lon="-0.94768">
				<ele>1257.29</ele>
				<time>2026-09-10T08:44:03.492Z</time>
			</trkpt>
			<trkpt lat="40.02204" lon="-0.94783">
				<ele>1259.39</ele>
				<time>2026-09-10T08:44:04.266Z</time>
			</trkpt>
			<trkpt lat="40.02198" lon="-0.94793">
				<ele>1260.09</ele>
				<time>2026-09-10T08:44:04.902Z</time>
			</trkpt>
			<trkpt lat="40.02175" lon="-0.94813">
				<ele>1261.98</ele>
				<time>2026-09-10T08:44:06.714Z</time>
			</trkpt>
			<trkpt lat="40.02118" lon="-0.94917">
				<ele>1270.43</ele>
				<time>2026-09-10T08:44:13.223Z</time>
			</trkpt>
			<trkpt lat="40.02106" lon="-0.94966">
				<ele>1276.55</ele>
				<time>2026-09-10T08:44:15.879Z</time>
			</trkpt>
			<trkpt lat="40.02088" lon="-0.95008">
				<ele>1276.7</ele>
				<time>2026-09-10T08:44:18.383Z</time>
			</trkpt>
			<trkpt lat="40.02082" lon="-0.95033">
				<ele>1276.9</ele>
				<time>2026-09-10T08:44:19.754Z</time>
			</trkpt>
			<trkpt lat="40.02083" lon="-0.95056">
				<ele>1279.12</ele>
				<time>2026-09-10T08:44:20.965Z</time>
			</trkpt>
			<trkpt lat="40.02102" lon="-0.95122">
				<ele>1282.05</ele>
				<time>2026-09-10T08:44:24.697Z</time>
			</trkpt>
			<trkpt lat="40.02109" lon="-0.95168">
				<ele>1283.75</ele>
				<time>2026-09-10T08:44:27.202Z</time>
			</trkpt>
			<trkpt lat="40.02109" lon="-0.95188">
				<ele>1286.67</ele>
				<time>2026-09-10T08:44:28.277Z</time>
			</trkpt>
			<trkpt lat="40.02106" lon="-0.952">
				<ele>1288.42</ele>
				<time>2026-09-10T08:44:28.956Z</time>
			</trkpt>
			<trkpt lat="40.02095" lon="-0.9521">
				<ele>1289.19</ele>
				<time>2026-09-10T08:44:29.901Z</time>
			</trkpt>
			<trkpt lat="40.02046" lon="-0.95221">
				<ele>1289.6</ele>
				<time>2026-09-10T08:44:33.428Z</time>
			</trkpt>
			<trkpt lat="40.02004" lon="-0.9524">
				<ele>1291.29</ele>
				<time>2026-09-10T08:44:36.613Z</time>
			</trkpt>
			<trkpt lat="40.01994" lon="-0.95247">
				<ele>1291.32</ele>
				<time>2026-09-10T08:44:37.430Z</time>
			</trkpt>
			<trkpt lat="40.01986" lon="-0.95262">
				<ele>1291.85</ele>
				<time>2026-09-10T08:44:38.442Z</time>
			</trkpt>
			<trkpt lat="40.01979" lon="-0.95301">
				<ele>1291.59</ele>
				<time>2026-09-10T08:44:40.668Z</time>
			</trkpt>
			<trkpt lat="40.01978" lon="-0.95316">
				<ele>1290.31</ele>
				<time>2026-09-10T08:44:41.509Z</time>
			</trkpt>
			<trkpt lat="40.01985" lon="-0.95326">
				<ele>1290.54</ele>
				<time>2026-09-10T08:44:42.267Z</time>
			</trkpt>
			<trkpt lat="40.01996" lon="-0.95333">
				<ele>1291.48</ele>
				<time>2026-09-10T08:44:43.163Z</time>
			</trkpt>
			<trkpt lat="40.02056" lon="-0.95345">
				<ele>1313.12</ele>
				<time>2026-09-10T08:44:47.642Z</time>
			</trkpt>
			<trkpt lat="40.02066" lon="-0.95353">
				<ele>1313.49</ele>
				<time>2026-09-10T08:44:48.513Z</time>
			</trkpt>
			<trkpt lat="40.02082" lon="-0.95379">
				<ele>1309.57</ele>
				<time>2026-09-10T08:44:50.420Z</time>
			</trkpt>
			<trkpt lat="40.02098" lon="-0.95389">
				<ele>1306.53</ele>
				<time>2026-09-10T08:44:51.749Z</time>
			</trkpt>
			<trkpt lat="40.02124" lon="-0.95396">
				<ele>1307.61</ele>
				<time>2026-09-10T08:44:53.749Z</time>
			</trkpt>
			<trkpt lat="40.02175" lon="-0.95395">
				<ele>1316.28</ele>
				<time>2026-09-10T08:44:57.621Z</time>
			</trkpt>
			<trkpt lat="40.02187" lon="-0.95402">
				<ele>1315.7</ele>
				<time>2026-09-10T08:44:58.625Z</time>
			</trkpt>
			<trkpt lat="40.02201" lon="-0.95434">
				<ele>1313.68</ele>
				<time>2026-09-10T08:45:00.791Z</time>
			</trkpt>
			<trkpt lat="40.0222" lon="-0.95461">
				<ele>1317.82</ele>
				<time>2026-09-10T08:45:02.959Z</time>
			</trkpt>
			<trkpt lat="40.02234" lon="-0.95474">
				<ele>1319.01</ele>
				<time>2026-09-10T08:45:04.291Z</time>
			</trkpt>
			<trkpt lat="40.02265" lon="-0.95481">
				<ele>1322.31</ele>
				<time>2026-09-10T08:45:06.743Z</time>
			</trkpt>
			<trkpt lat="40.0228" lon="-0.9549">
				<ele>1322.08</ele>
				<time>2026-09-10T08:45:08.039Z</time>
			</trkpt>
			<trkpt lat="40.02316" lon="-0.95521">
				<ele>1326.46</ele>
				<time>2026-09-10T08:45:11.586Z</time>
			</trkpt>
			<trkpt lat="40.02349" lon="-0.95542">
				<ele>1327.09</ele>
				<time>2026-09-10T08:45:14.793Z</time>
			</trkpt>
			<trkpt lat="40.02352" lon="-0.95552">
				<ele>1326.84</ele>
				<time>2026-09-10T08:45:15.534Z</time>
			</trkpt>
			<trkpt lat="40.02352" lon="-0.95566">
				<ele>1327.8</ele>
				<time>2026-09-10T08:45:16.510Z</time>
			</trkpt>
			<trkpt lat="40.02344" lon="-0.95576">
				<ele>1329.05</ele>
				<time>2026-09-10T08:45:17.532Z</time>
			</trkpt>
			<trkpt lat="40.02333" lon="-0.95581">
				<ele>1329.65</ele>
				<time>2026-09-10T08:45:18.621Z</time>
			</trkpt>
			<trkpt lat="40.02263" lon="-0.95584">
				<ele>1334.15</ele>
				<time>2026-09-10T08:45:25.442Z</time>
			</trkpt>
			<trkpt lat="40.02195" lon="-0.95601">
				<ele>1329.04</ele>
				<time>2026-09-10T08:45:32.569Z</time>
			</trkpt>
			<trkpt lat="40.02178" lon="-0.9562">
				<ele>1330.72</ele>
				<time>2026-09-10T08:45:34.936Z</time>
			</trkpt>
			<trkpt lat="40.02161" lon="-0.95646">
				<ele>1332.18</ele>
				<time>2026-09-10T08:45:37.737Z</time>
			</trkpt>
			<trkpt lat="40.02157" lon="-0.95673">
				<ele>1334.08</ele>
				<time>2026-09-10T08:45:40.011Z</time>
			</trkpt>
			<trkpt lat="40.02165" lon="-0.95722">
				<ele>1335.47</ele>
				<time>2026-09-10T08:45:44.192Z</time>
			</trkpt>
			<trkpt lat="40.02173" lon="-0.95745">
				<ele>1337.81</ele>
				<time>2026-09-10T08:45:46.314Z</time>
			</trkpt>
			<trkpt lat="40.02186" lon="-0.95769">
				<ele>1338.59</ele>
				<time>2026-09-10T08:45:48.790Z</time>
			</trkpt>
			<trkpt lat="40.02217" lon="-0.95803">
				<ele>1337.43</ele>
				<time>2026-09-10T08:45:53.253Z</time>
			</trkpt>
			<trkpt lat="40.02253" lon="-0.95829">
				<ele>1337.3</ele>
				<time>2026-09-10T08:45:57.781Z</time>
			</trkpt>
			<trkpt lat="40.02266" lon="-0.95835">
				<ele>1338.97</ele>
				<time>2026-09-10T08:45:59.293Z</time>
			</trkpt>
			<trkpt lat="40.02296" lon="-0.95841">
				<ele>1343.83</ele>
				<time>2026-09-10T08:46:02.606Z</time>
			</trkpt>
			<trkpt lat="40.02303" lon="-0.95847">
				<ele>1344.43</ele>
				<time>2026-09-10T08:46:03.515Z</time>
			</trkpt>
			<trkpt lat="40.02308" lon="-0.95846">
				<ele>1346.16</ele>
				<time>2026-09-10T08:46:04.063Z</time>
			</trkpt>
			<trkpt lat="40.02317" lon="-0.95854">
				<ele>1348.56</ele>
				<time>2026-09-10T08:46:05.240Z</time>
			</trkpt>
			<trkpt lat="40.02321" lon="-0.95866">
				<ele>1348.98</ele>
				<time>2026-09-10T08:46:06.319Z</time>
			</trkpt>
			<trkpt lat="40.02321" lon="-0.95905">
				<ele>1348.49</ele>
				<time>2026-09-10T08:46:09.508Z</time>
			</trkpt>
			<trkpt lat="40.02319" lon="-0.95934">
				<ele>1347.67</ele>
				<time>2026-09-10T08:46:11.859Z</time>
			</trkpt>
			<trkpt lat="40.02318" lon="-0.95949">
				<ele>1347.09</ele>
				<time>2026-09-10T08:46:13.064Z</time>
			</trkpt>
			<trkpt lat="40.0232" lon="-0.95981">
				<ele>1346.9</ele>
				<time>2026-09-10T08:46:15.603Z</time>
			</trkpt>
			<trkpt lat="40.02325" lon="-0.95989">
				<ele>1348.73</ele>
				<time>2026-09-10T08:46:16.401Z</time>
			</trkpt>
			<trkpt lat="40.02331" lon="-0.95992">
				<ele>1351.01</ele>
				<time>2026-09-10T08:46:17.017Z</time>
			</trkpt>
			<trkpt lat="40.02337" lon="-0.9599">
				<ele>1353.78</ele>
				<time>2026-09-10T08:46:17.584Z</time>
			</trkpt>
			<trkpt lat="40.0234" lon="-0.95978">
				<ele>1355.1</ele>
				<time>2026-09-10T08:46:18.421Z</time>
			</trkpt>
			<trkpt lat="40.02342" lon="-0.95895">
				<ele>1357.68</ele>
				<time>2026-09-10T08:46:22.905Z</time>
			</trkpt>
			<trkpt lat="40.02347" lon="-0.95812">
				<ele>1362.15</ele>
				<time>2026-09-10T08:46:26.937Z</time>
			</trkpt>
			<trkpt lat="40.02344" lon="-0.95798">
				<ele>1362.63</ele>
				<time>2026-09-10T08:46:27.730Z</time>
			</trkpt>
			<trkpt lat="40.02336" lon="-0.9579">
				<ele>1362</ele>
				<time>2026-09-10T08:46:28.492Z</time>
			</trkpt>
			<trkpt lat="40.02323" lon="-0.95782">
				<ele>1362.36</ele>
				<time>2026-09-10T08:46:29.667Z</time>
			</trkpt>
			<trkpt lat="40.0231" lon="-0.95775">
				<ele>1363.96</ele>
				<time>2026-09-10T08:46:30.935Z</time>
			</trkpt>
			<trkpt lat="40.02349" lon="-0.95768">
				<ele>1367.64</ele>
				<time>2026-09-10T08:46:35.275Z</time>
			</trkpt>
			<trkpt lat="40.02355" lon="-0.95763">
				<ele>1368.94</ele>
				<time>2026-09-10T08:46:36.207Z</time>
			</trkpt>
			<trkpt lat="40.02349" lon="-0.95768">
				<ele>1367.64</ele>
				<time>2026-09-10T08:46:37.192Z</time>
			</trkpt>
			<trkpt lat="40.0231" lon="-0.95775">
				<ele>1363.96</ele>
				<time>2026-09-10T08:46:43.689Z</time>
			</trkpt>
			<trkpt lat="40.02323" lon="-0.95782">
				<ele>1362.36</ele>
				<time>2026-09-10T08:46:46.496Z</time>
			</trkpt>
			<trkpt lat="40.02336" lon="-0.9579">
				<ele>1362</ele>
				<time>2026-09-10T08:46:50.098Z</time>
			</trkpt>
			<trkpt lat="40.02344" lon="-0.95798">
				<ele>1362.63</ele>
				<time>2026-09-10T08:46:57.550Z</time>
			</trkpt>
			<trkpt lat="40.02347" lon="-0.95812">
				<ele>1362.15</ele>
				<time>2026-09-10T08:47:09.415Z</time>
			</trkpt>
			<trkpt lat="40.02342" lon="-0.95895">
				<ele>1357.68</ele>
				<time>2026-09-10T08:47:35.313Z</time>
			</trkpt>
			<trkpt lat="40.0234" lon="-0.95978">
				<ele>1355.1</ele>
				<time>2026-09-10T08:47:43.862Z</time>
			</trkpt>
			<trkpt lat="40.02337" lon="-0.9599">
				<ele>1353.78</ele>
				<time>2026-09-10T08:47:45.047Z</time>
			</trkpt>
			<trkpt lat="40.02331" lon="-0.95992">
				<ele>1351.01</ele>
				<time>2026-09-10T08:47:45.792Z</time>
			</trkpt>
			<trkpt lat="40.02325" lon="-0.95989">
				<ele>1348.73</ele>
				<time>2026-09-10T08:47:46.555Z</time>
			</trkpt>
			<trkpt lat="40.0232" lon="-0.95981">
				<ele>1346.9</ele>
				<time>2026-09-10T08:47:47.478Z</time>
			</trkpt>
			<trkpt lat="40.02318" lon="-0.95949">
				<ele>1347.09</ele>
				<time>2026-09-10T08:47:50.245Z</time>
			</trkpt>
			<trkpt lat="40.02319" lon="-0.95934">
				<ele>1347.67</ele>
				<time>2026-09-10T08:47:51.492Z</time>
			</trkpt>
			<trkpt lat="40.02321" lon="-0.95905">
				<ele>1348.49</ele>
				<time>2026-09-10T08:47:53.816Z</time>
			</trkpt>
			<trkpt lat="40.02321" lon="-0.95866">
				<ele>1348.98</ele>
				<time>2026-09-10T08:47:56.763Z</time>
			</trkpt>
			<trkpt lat="40.02317" lon="-0.95854">
				<ele>1348.56</ele>
				<time>2026-09-10T08:47:57.713Z</time>
			</trkpt>
			<trkpt lat="40.02308" lon="-0.95846">
				<ele>1346.16</ele>
				<time>2026-09-10T08:47:58.725Z</time>
			</trkpt>
			<trkpt lat="40.02303" lon="-0.95847">
				<ele>1344.43</ele>
				<time>2026-09-10T08:47:59.187Z</time>
			</trkpt>
			<trkpt lat="40.02308" lon="-0.95857">
				<ele>1344.67</ele>
				<time>2026-09-10T08:48:00.013Z</time>
			</trkpt>
			<trkpt lat="40.0231" lon="-0.95871">
				<ele>1344.28</ele>
				<time>2026-09-10T08:48:00.981Z</time>
			</trkpt>
			<trkpt lat="40.02311" lon="-0.95887">
				<ele>1343.36</ele>
				<time>2026-09-10T08:48:02.049Z</time>
			</trkpt>
			<trkpt lat="40.0231" lon="-0.95908">
				<ele>1343.41</ele>
				<time>2026-09-10T08:48:03.417Z</time>
			</trkpt>
			<trkpt lat="40.02299" lon="-0.95973">
				<ele>1339.99</ele>
				<time>2026-09-10T08:48:07.540Z</time>
			</trkpt>
			<trkpt lat="40.02285" lon="-0.96015">
				<ele>1335.6</ele>
				<time>2026-09-10T08:48:10.241Z</time>
			</trkpt>
			<trkpt lat="40.02268" lon="-0.96085">
				<ele>1329.79</ele>
				<time>2026-09-10T08:48:14.486Z</time>
			</trkpt>
			<trkpt lat="40.02263" lon="-0.96101">
				<ele>1328.81</ele>
				<time>2026-09-10T08:48:15.473Z</time>
			</trkpt>
			<trkpt lat="40.02256" lon="-0.96114">
				<ele>1327.48</ele>
				<time>2026-09-10T08:48:16.377Z</time>
			</trkpt>
			<trkpt lat="40.02237" lon="-0.96138">
				<ele>1325.22</ele>
				<time>2026-09-10T08:48:18.326Z</time>
			</trkpt>
			<trkpt lat="40.0223" lon="-0.96153">
				<ele>1324.8</ele>
				<time>2026-09-10T08:48:19.311Z</time>
			</trkpt>
			<trkpt lat="40.02216" lon="-0.96204">
				<ele>1321.57</ele>
				<time>2026-09-10T08:48:22.319Z</time>
			</trkpt>
			<trkpt lat="40.02213" lon="-0.96223">
				<ele>1318.76</ele>
				<time>2026-09-10T08:48:23.386Z</time>
			</trkpt>
			<trkpt lat="40.02215" lon="-0.96242">
				<ele>1315.92</ele>
				<time>2026-09-10T08:48:24.434Z</time>
			</trkpt>
			<trkpt lat="40.02223" lon="-0.96281">
				<ele>1315.36</ele>
				<time>2026-09-10T08:48:26.625Z</time>
			</trkpt>
			<trkpt lat="40.02229" lon="-0.96326">
				<ele>1316.7</ele>
				<time>2026-09-10T08:48:29.074Z</time>
			</trkpt>
			<trkpt lat="40.02235" lon="-0.96497">
				<ele>1329.43</ele>
				<time>2026-09-10T08:48:37.983Z</time>
			</trkpt>
			<trkpt lat="40.02234" lon="-0.96529">
				<ele>1328.82</ele>
				<time>2026-09-10T08:48:39.604Z</time>
			</trkpt>
			<trkpt lat="40.02226" lon="-0.96608">
				<ele>1326.67</ele>
				<time>2026-09-10T08:48:43.575Z</time>
			</trkpt>
			<trkpt lat="40.02225" lon="-0.96636">
				<ele>1326.88</ele>
				<time>2026-09-10T08:48:44.951Z</time>
			</trkpt>
			<trkpt lat="40.0223" lon="-0.96871">
				<ele>1309.73</ele>
				<time>2026-09-10T08:48:56.080Z</time>
			</trkpt>
			<trkpt lat="40.02229" lon="-0.96984">
				<ele>1304.65</ele>
				<time>2026-09-10T08:49:01.175Z</time>
			</trkpt>
			<trkpt lat="40.02227" lon="-0.97014">
				<ele>1301.88</ele>
				<time>2026-09-10T08:49:02.506Z</time>
			</trkpt>
			<trkpt lat="40.02221" lon="-0.97035">
				<ele>1301.22</ele>
				<time>2026-09-10T08:49:03.489Z</time>
			</trkpt>
			<trkpt lat="40.02212" lon="-0.97053">
				<ele>1303.34</ele>
				<time>2026-09-10T08:49:04.426Z</time>
			</trkpt>
			<trkpt lat="40.02191" lon="-0.97075">
				<ele>1304.48</ele>
				<time>2026-09-10T08:49:05.947Z</time>
			</trkpt>
			<trkpt lat="40.02174" lon="-0.97083">
				<ele>1303.84</ele>
				<time>2026-09-10T08:49:06.959Z</time>
			</trkpt>
			<trkpt lat="40.02159" lon="-0.97085">
				<ele>1303.16</ele>
				<time>2026-09-10T08:49:07.798Z</time>
			</trkpt>
			<trkpt lat="40.02127" lon="-0.97079">
				<ele>1303.09</ele>
				<time>2026-09-10T08:49:09.583Z</time>
			</trkpt>
			<trkpt lat="40.02116" lon="-0.97072">
				<ele>1304.26</ele>
				<time>2026-09-10T08:49:10.252Z</time>
			</trkpt>
			<trkpt lat="40.02102" lon="-0.97053">
				<ele>1308.23</ele>
				<time>2026-09-10T08:49:11.351Z</time>
			</trkpt>
			<trkpt lat="40.02083" lon="-0.97009">
				<ele>1306.89</ele>
				<time>2026-09-10T08:49:13.434Z</time>
			</trkpt>
			<trkpt lat="40.02072" lon="-0.96996">
				<ele>1307.37</ele>
				<time>2026-09-10T08:49:14.225Z</time>
			</trkpt>
			<trkpt lat="40.02057" lon="-0.96984">
				<ele>1309.43</ele>
				<time>2026-09-10T08:49:15.157Z</time>
			</trkpt>
			<trkpt lat="40.0203" lon="-0.96972">
				<ele>1309.53</ele>
				<time>2026-09-10T08:49:16.655Z</time>
			</trkpt>
			<trkpt lat="40.01871" lon="-0.96923">
				<ele>1315.68</ele>
				<time>2026-09-10T08:49:24.944Z</time>
			</trkpt>
			<trkpt lat="40.01854" lon="-0.96922">
				<ele>1315.92</ele>
				<time>2026-09-10T08:49:25.779Z</time>
			</trkpt>
			<trkpt lat="40.0184" lon="-0.96925">
				<ele>1315.81</ele>
				<time>2026-09-10T08:49:26.471Z</time>
			</trkpt>
			<trkpt lat="40.01825" lon="-0.96932">
				<ele>1316.13</ele>
				<time>2026-09-10T08:49:27.244Z</time>
			</trkpt>
			<trkpt lat="40.0178" lon="-0.96968">
				<ele>1317.58</ele>
				<time>2026-09-10T08:49:29.773Z</time>
			</trkpt>
			<trkpt lat="40.01764" lon="-0.96986">
				<ele>1317.49</ele>
				<time>2026-09-10T08:49:30.772Z</time>
			</trkpt>
			<trkpt lat="40.01753" lon="-0.97007">
				<ele>1317.96</ele>
				<time>2026-09-10T08:49:31.686Z</time>
			</trkpt>
			<trkpt lat="40.01741" lon="-0.97059">
				<ele>1314.77</ele>
				<time>2026-09-10T08:49:33.617Z</time>
			</trkpt>
			<trkpt lat="40.01733" lon="-0.97083">
				<ele>1314.75</ele>
				<time>2026-09-10T08:49:34.537Z</time>
			</trkpt>
			<trkpt lat="40.0172" lon="-0.97105">
				<ele>1315.62</ele>
				<time>2026-09-10T08:49:35.507Z</time>
			</trkpt>
			<trkpt lat="40.01708" lon="-0.97118">
				<ele>1318.29</ele>
				<time>2026-09-10T08:49:36.213Z</time>
			</trkpt>
			<trkpt lat="40.01643" lon="-0.97165">
				<ele>1320</ele>
				<time>2026-09-10T08:49:39.521Z</time>
			</trkpt>
			<trkpt lat="40.0163" lon="-0.97182">
				<ele>1319.26</ele>
				<time>2026-09-10T08:49:40.327Z</time>
			</trkpt>
			<trkpt lat="40.01621" lon="-0.972">
				<ele>1318.62</ele>
				<time>2026-09-10T08:49:41.044Z</time>
			</trkpt>
			<trkpt lat="40.0151" lon="-0.97476">
				<ele>1303.63</ele>
				<time>2026-09-10T08:49:50.979Z</time>
			</trkpt>
			<trkpt lat="40.01494" lon="-0.9751">
				<ele>1302.52</ele>
				<time>2026-09-10T08:49:52.192Z</time>
			</trkpt>
			<trkpt lat="40.01466" lon="-0.97557">
				<ele>1300.8</ele>
				<time>2026-09-10T08:49:53.978Z</time>
			</trkpt>
			<trkpt lat="40.01451" lon="-0.97585">
				<ele>1300.56</ele>
				<time>2026-09-10T08:49:54.991Z</time>
			</trkpt>
			<trkpt lat="40.01443" lon="-0.97605">
				<ele>1300.56</ele>
				<time>2026-09-10T08:49:55.655Z</time>
			</trkpt>
			<trkpt lat="40.01436" lon="-0.97631">
				<ele>1299.18</ele>
				<time>2026-09-10T08:49:56.461Z</time>
			</trkpt>
			<trkpt lat="40.01428" lon="-0.97662">
				<ele>1298.1</ele>
				<time>2026-09-10T08:49:57.410Z</time>
			</trkpt>
			<trkpt lat="40.01407" lon="-0.97799">
				<ele>1291.75</ele>
				<time>2026-09-10T08:50:01.375Z</time>
			</trkpt>
			<trkpt lat="40.01406" lon="-0.97827">
				<ele>1290.6</ele>
				<time>2026-09-10T08:50:02.154Z</time>
			</trkpt>
			<trkpt lat="40.01415" lon="-0.97902">
				<ele>1294.1</ele>
				<time>2026-09-10T08:50:04.236Z</time>
			</trkpt>
			<trkpt lat="40.01417" lon="-0.97932">
				<ele>1291.83</ele>
				<time>2026-09-10T08:50:05.052Z</time>
			</trkpt>
			<trkpt lat="40.01416" lon="-0.97963">
				<ele>1287.7</ele>
				<time>2026-09-10T08:50:05.886Z</time>
			</trkpt>
			<trkpt lat="40.0141" lon="-0.98001">
				<ele>1283.56</ele>
				<time>2026-09-10T08:50:06.920Z</time>
			</trkpt>
			<trkpt lat="40.01403" lon="-0.98018">
				<ele>1282.75</ele>
				<time>2026-09-10T08:50:07.432Z</time>
			</trkpt>
			<trkpt lat="40.01346" lon="-0.98097">
				<ele>1279.44</ele>
				<time>2026-09-10T08:50:10.263Z</time>
			</trkpt>
			<trkpt lat="40.01294" lon="-0.98185">
				<ele>1276.63</ele>
				<time>2026-09-10T08:50:13.091Z</time>
			</trkpt>
			<trkpt lat="40.0127" lon="-0.98249">
				<ele>1274</ele>
				<time>2026-09-10T08:50:14.869Z</time>
			</trkpt>
			<trkpt lat="40.0126" lon="-0.9827">
				<ele>1271.54</ele>
				<time>2026-09-10T08:50:15.479Z</time>
			</trkpt>
			<trkpt lat="40.01247" lon="-0.98286">
				<ele>1269.91</ele>
				<time>2026-09-10T08:50:16.052Z</time>
			</trkpt>
			<trkpt lat="40.01217" lon="-0.98317">
				<ele>1269.14</ele>
				<time>2026-09-10T08:50:17.269Z</time>
			</trkpt>
			<trkpt lat="40.01209" lon="-0.98331">
				<ele>1268.66</ele>
				<time>2026-09-10T08:50:17.692Z</time>
			</trkpt>
			<trkpt lat="40.01206" lon="-0.98346">
				<ele>1266.63</ele>
				<time>2026-09-10T08:50:18.066Z</time>
			</trkpt>
			<trkpt lat="40.01208" lon="-0.98359">
				<ele>1264.87</ele>
				<time>2026-09-10T08:50:18.385Z</time>
			</trkpt>
			<trkpt lat="40.01214" lon="-0.98366">
				<ele>1264.32</ele>
				<time>2026-09-10T08:50:18.637Z</time>
			</trkpt>
			<trkpt lat="40.01222" lon="-0.9837">
				<ele>1264.45</ele>
				<time>2026-09-10T08:50:18.905Z</time>
			</trkpt>
			<trkpt lat="40.01231" lon="-0.9837">
				<ele>1263.75</ele>
				<time>2026-09-10T08:50:19.186Z</time>
			</trkpt>
			<trkpt lat="40.01241" lon="-0.98366">
				<ele>1263.71</ele>
				<time>2026-09-10T08:50:19.512Z</time>
			</trkpt>
			<trkpt lat="40.01259" lon="-0.98353">
				<ele>1262.81</ele>
				<time>2026-09-10T08:50:20.149Z</time>
			</trkpt>
			<trkpt lat="40.01358" lon="-0.98268">
				<ele>1263.85</ele>
				<time>2026-09-10T08:50:23.760Z</time>
			</trkpt>
			<trkpt lat="40.01369" lon="-0.98262">
				<ele>1264.48</ele>
				<time>2026-09-10T08:50:24.117Z</time>
			</trkpt>
			<trkpt lat="40.0138" lon="-0.98261">
				<ele>1263.87</ele>
				<time>2026-09-10T08:50:24.447Z</time>
			</trkpt>
			<trkpt lat="40.0139" lon="-0.98265">
				<ele>1262.05</ele>
				<time>2026-09-10T08:50:24.760Z</time>
			</trkpt>
			<trkpt lat="40.01395" lon="-0.98273">
				<ele>1259.43</ele>
				<time>2026-09-10T08:50:24.995Z</time>
			</trkpt>
			<trkpt lat="40.01397" lon="-0.98284">
				<ele>1256.99</ele>
				<time>2026-09-10T08:50:25.253Z</time>
			</trkpt>
			<trkpt lat="40.01396" lon="-0.98297">
				<ele>1255.05</ele>
				<time>2026-09-10T08:50:25.550Z</time>
			</trkpt>
			<trkpt lat="40.01391" lon="-0.98307">
				<ele>1253.71</ele>
				<time>2026-09-10T08:50:25.821Z</time>
			</trkpt>
			<trkpt lat="40.01382" lon="-0.98313">
				<ele>1252.75</ele>
				<time>2026-09-10T08:50:26.119Z</time>
			</trkpt>
			<trkpt lat="40.01357" lon="-0.98324">
				<ele>1251.43</ele>
				<time>2026-09-10T08:50:26.896Z</time>
			</trkpt>
			<trkpt lat="40.01315" lon="-0.98337">
				<ele>1249.64</ele>
				<time>2026-09-10T08:50:28.157Z</time>
			</trkpt>
			<trkpt lat="40.01304" lon="-0.98344">
				<ele>1250.62</ele>
				<time>2026-09-10T08:50:28.513Z</time>
			</trkpt>
			<trkpt lat="40.01295" lon="-0.98355">
				<ele>1252.52</ele>
				<time>2026-09-10T08:50:28.870Z</time>
			</trkpt>
			<trkpt lat="40.0129" lon="-0.98366">
				<ele>1253.15</ele>
				<time>2026-09-10T08:50:29.154Z</time>
			</trkpt>
			<trkpt lat="40.0129" lon="-0.98378">
				<ele>1252.4</ele>
				<time>2026-09-10T08:50:29.419Z</time>
			</trkpt>
			<trkpt lat="40.01293" lon="-0.98386">
				<ele>1251.23</ele>
				<time>2026-09-10T08:50:29.616Z</time>
			</trkpt>
			<trkpt lat="40.01299" lon="-0.98393">
				<ele>1249.59</ele>
				<time>2026-09-10T08:50:29.847Z</time>
			</trkpt>
			<trkpt lat="40.01306" lon="-0.98396">
				<ele>1248.1</ele>
				<time>2026-09-10T08:50:30.059Z</time>
			</trkpt>
			<trkpt lat="40.01314" lon="-0.98396">
				<ele>1247.36</ele>
				<time>2026-09-10T08:50:30.289Z</time>
			</trkpt>
			<trkpt lat="40.01322" lon="-0.98391">
				<ele>1247.02</ele>
				<time>2026-09-10T08:50:30.543Z</time>
			</trkpt>
			<trkpt lat="40.01346" lon="-0.9837">
				<ele>1245.66</ele>
				<time>2026-09-10T08:50:31.368Z</time>
			</trkpt>
			<trkpt lat="40.01355" lon="-0.98367">
				<ele>1245.37</ele>
				<time>2026-09-10T08:50:31.633Z</time>
			</trkpt>
			<trkpt lat="40.01362" lon="-0.98368">
				<ele>1245.48</ele>
				<time>2026-09-10T08:50:31.833Z</time>
			</trkpt>
			<trkpt lat="40.0137" lon="-0.98372">
				<ele>1246.69</ele>
				<time>2026-09-10T08:50:32.076Z</time>
			</trkpt>
			<trkpt lat="40.01375" lon="-0.98379">
				<ele>1247.75</ele>
				<time>2026-09-10T08:50:32.284Z</time>
			</trkpt>
			<trkpt lat="40.01378" lon="-0.98388">
				<ele>1248.47</ele>
				<time>2026-09-10T08:50:32.497Z</time>
			</trkpt>
			<trkpt lat="40.01377" lon="-0.98397">
				<ele>1248.38</ele>
				<time>2026-09-10T08:50:32.694Z</time>
			</trkpt>
			<trkpt lat="40.0137" lon="-0.9841">
				<ele>1247.14</ele>
				<time>2026-09-10T08:50:33.037Z</time>
			</trkpt>
			<trkpt lat="40.01335" lon="-0.98459">
				<ele>1243.86</ele>
				<time>2026-09-10T08:50:34.479Z</time>
			</trkpt>
			<trkpt lat="40.0131" lon="-0.98484">
				<ele>1241.99</ele>
				<time>2026-09-10T08:50:35.358Z</time>
			</trkpt>
			<trkpt lat="40.0127" lon="-0.98517">
				<ele>1238.04</ele>
				<time>2026-09-10T08:50:36.671Z</time>
			</trkpt>
			<trkpt lat="40.01251" lon="-0.98536">
				<ele>1236.51</ele>
				<time>2026-09-10T08:50:37.332Z</time>
			</trkpt>
			<trkpt lat="40.01242" lon="-0.98551">
				<ele>1234.31</ele>
				<time>2026-09-10T08:50:37.734Z</time>
			</trkpt>
			<trkpt lat="40.01238" lon="-0.98563">
				<ele>1232.35</ele>
				<time>2026-09-10T08:50:38.010Z</time>
			</trkpt>
			<trkpt lat="40.01235" lon="-0.98585">
				<ele>1227.5</ele>
				<time>2026-09-10T08:50:38.480Z</time>
			</trkpt>
			<trkpt lat="40.01234" lon="-0.98609">
				<ele>1221.98</ele>
				<time>2026-09-10T08:50:38.984Z</time>
			</trkpt>
			<trkpt lat="40.01236" lon="-0.98623">
				<ele>1220.39</ele>
				<time>2026-09-10T08:50:39.283Z</time>
			</trkpt>
			<trkpt lat="40.01258" lon="-0.98686">
				<ele>1214.87</ele>
				<time>2026-09-10T08:50:40.729Z</time>
			</trkpt>
			<trkpt lat="40.01264" lon="-0.98714">
				<ele>1215.83</ele>
				<time>2026-09-10T08:50:41.334Z</time>
			</trkpt>
			<trkpt lat="40.01264" lon="-0.98735">
				<ele>1217.78</ele>
				<time>2026-09-10T08:50:41.770Z</time>
			</trkpt>
			<trkpt lat="40.01258" lon="-0.98759">
				<ele>1219.9</ele>
				<time>2026-09-10T08:50:42.294Z</time>
			</trkpt>
			<trkpt lat="40.0125" lon="-0.9878">
				<ele>1221.22</ele>
				<time>2026-09-10T08:50:42.780Z</time>
			</trkpt>
			<trkpt lat="40.01239" lon="-0.98799">
				<ele>1219.94</ele>
				<time>2026-09-10T08:50:43.273Z</time>
			</trkpt>
			<trkpt lat="40.01224" lon="-0.98816">
				<ele>1218.13</ele>
				<time>2026-09-10T08:50:43.808Z</time>
			</trkpt>
			<trkpt lat="40.01137" lon="-0.98879">
				<ele>1213.21</ele>
				<time>2026-09-10T08:50:46.481Z</time>
			</trkpt>
			<trkpt lat="40.01123" lon="-0.98893">
				<ele>1213.57</ele>
				<time>2026-09-10T08:50:46.954Z</time>
			</trkpt>
			<trkpt lat="40.0111" lon="-0.98909">
				<ele>1212.31</ele>
				<time>2026-09-10T08:50:47.433Z</time>
			</trkpt>
			<trkpt lat="40.01101" lon="-0.98924">
				<ele>1208.81</ele>
				<time>2026-09-10T08:50:47.823Z</time>
			</trkpt>
			<trkpt lat="40.01086" lon="-0.98961">
				<ele>1204.05</ele>
				<time>2026-09-10T08:50:48.681Z</time>
			</trkpt>
			<trkpt lat="40.0108" lon="-0.98982">
				<ele>1203.42</ele>
				<time>2026-09-10T08:50:49.140Z</time>
			</trkpt>
			<trkpt lat="40.01075" lon="-0.99009">
				<ele>1201.16</ele>
				<time>2026-09-10T08:50:49.709Z</time>
			</trkpt>
			<trkpt lat="40.01067" lon="-0.99139">
				<ele>1189.9</ele>
				<time>2026-09-10T08:50:52.379Z</time>
			</trkpt>
			<trkpt lat="40.01067" lon="-0.99162">
				<ele>1189</ele>
				<time>2026-09-10T08:50:52.850Z</time>
			</trkpt>
			<trkpt lat="40.01069" lon="-0.9918">
				<ele>1188.73</ele>
				<time>2026-09-10T08:50:53.223Z</time>
			</trkpt>
			<trkpt lat="40.0108" lon="-0.99213">
				<ele>1188.7</ele>
				<time>2026-09-10T08:50:53.961Z</time>
			</trkpt>
			<trkpt lat="40.01111" lon="-0.99273">
				<ele>1183.08</ele>
				<time>2026-09-10T08:50:55.448Z</time>
			</trkpt>
			<trkpt lat="40.01125" lon="-0.99308">
				<ele>1183.36</ele>
				<time>2026-09-10T08:50:56.260Z</time>
			</trkpt>
			<trkpt lat="40.01142" lon="-0.99365">
				<ele>1189.97</ele>
				<time>2026-09-10T08:50:57.522Z</time>
			</trkpt>
			<trkpt lat="40.01147" lon="-0.9939">
				<ele>1189.61</ele>
				<time>2026-09-10T08:50:58.056Z</time>
			</trkpt>
			<trkpt lat="40.01152" lon="-0.99437">
				<ele>1183.54</ele>
				<time>2026-09-10T08:50:59.040Z</time>
			</trkpt>
			<trkpt lat="40.01154" lon="-0.99473">
				<ele>1184.98</ele>
				<time>2026-09-10T08:50:59.789Z</time>
			</trkpt>
			<trkpt lat="40.01153" lon="-0.99502">
				<ele>1186.39</ele>
				<time>2026-09-10T08:51:00.394Z</time>
			</trkpt>
			<trkpt lat="40.01145" lon="-0.99566">
				<ele>1178.98</ele>
				<time>2026-09-10T08:51:01.749Z</time>
			</trkpt>
			<trkpt lat="40.01137" lon="-0.99601">
				<ele>1178.02</ele>
				<time>2026-09-10T08:51:02.516Z</time>
			</trkpt>
			<trkpt lat="40.01106" lon="-0.99711">
				<ele>1176.18</ele>
				<time>2026-09-10T08:51:04.993Z</time>
			</trkpt>
			<trkpt lat="40.01072" lon="-0.99807">
				<ele>1170.9</ele>
				<time>2026-09-10T08:51:07.256Z</time>
			</trkpt>
			<trkpt lat="40.01061" lon="-0.99831">
				<ele>1170.46</ele>
				<time>2026-09-10T08:51:07.859Z</time>
			</trkpt>
			<trkpt lat="40.01029" lon="-0.99889">
				<ele>1167.51</ele>
				<time>2026-09-10T08:51:09.410Z</time>
			</trkpt>
			<trkpt lat="40.01016" lon="-0.99916">
				<ele>1168.44</ele>
				<time>2026-09-10T08:51:10.107Z</time>
			</trkpt>
			<trkpt lat="40.00968" lon="-1.00036">
				<ele>1155.46</ele>
				<time>2026-09-10T08:51:13.100Z</time>
			</trkpt>
			<trkpt lat="40.00957" lon="-1.00052">
				<ele>1156.82</ele>
				<time>2026-09-10T08:51:13.581Z</time>
			</trkpt>
			<trkpt lat="40.0076" lon="-1.00198">
				<ele>1154.13</ele>
				<time>2026-09-10T08:51:20.378Z</time>
			</trkpt>
			<trkpt lat="40.00736" lon="-1.00218">
				<ele>1154.84</ele>
				<time>2026-09-10T08:51:21.258Z</time>
			</trkpt>
			<trkpt lat="40.00715" lon="-1.00241">
				<ele>1153.68</ele>
				<time>2026-09-10T08:51:22.112Z</time>
			</trkpt>
			<trkpt lat="40.0068" lon="-1.00298">
				<ele>1153.93</ele>
				<time>2026-09-10T08:51:23.873Z</time>
			</trkpt>
			<trkpt lat="40.00599" lon="-1.00441">
				<ele>1149.45</ele>
				<time>2026-09-10T08:51:28.276Z</time>
			</trkpt>
			<trkpt lat="40.00587" lon="-1.00475">
				<ele>1155.41</ele>
				<time>2026-09-10T08:51:29.224Z</time>
			</trkpt>
			<trkpt lat="40.00566" lon="-1.00546">
				<ele>1150.05</ele>
				<time>2026-09-10T08:51:31.177Z</time>
			</trkpt>
			<trkpt lat="40.00543" lon="-1.00596">
				<ele>1149.28</ele>
				<time>2026-09-10T08:51:32.697Z</time>
			</trkpt>
			<trkpt lat="40.0053" lon="-1.00615">
				<ele>1147.77</ele>
				<time>2026-09-10T08:51:33.367Z</time>
			</trkpt>
			<trkpt lat="40.00393" lon="-1.00769">
				<ele>1140</ele>
				<time>2026-09-10T08:51:39.775Z</time>
			</trkpt>
			<trkpt lat="40.00374" lon="-1.00798">
				<ele>1143.33</ele>
				<time>2026-09-10T08:51:40.846Z</time>
			</trkpt>
			<trkpt lat="40.00366" lon="-1.00826">
				<ele>1143.01</ele>
				<time>2026-09-10T08:51:41.692Z</time>
			</trkpt>
			<trkpt lat="40.00354" lon="-1.00971">
				<ele>1136.01</ele>
				<time>2026-09-10T08:51:45.916Z</time>
			</trkpt>
			<trkpt lat="40.0034" lon="-1.01046">
				<ele>1136.41</ele>
				<time>2026-09-10T08:51:48.216Z</time>
			</trkpt>
			<trkpt lat="40.00328" lon="-1.01088">
				<ele>1139.1</ele>
				<time>2026-09-10T08:51:49.574Z</time>
			</trkpt>
			<trkpt lat="40.00276" lon="-1.01214">
				<ele>1128.55</ele>
				<time>2026-09-10T08:51:54.017Z</time>
			</trkpt>
			<trkpt lat="40.00231" lon="-1.01315">
				<ele>1127.63</ele>
				<time>2026-09-10T08:51:57.774Z</time>
			</trkpt>
			<trkpt lat="40.00218" lon="-1.01333">
				<ele>1128.51</ele>
				<time>2026-09-10T08:51:58.585Z</time>
			</trkpt>
			<trkpt lat="40.00192" lon="-1.01362">
				<ele>1129.46</ele>
				<time>2026-09-10T08:52:00.062Z</time>
			</trkpt>
			<trkpt lat="40.00179" lon="-1.0138">
				<ele>1127.36</ele>
				<time>2026-09-10T08:52:00.888Z</time>
			</trkpt>
			<trkpt lat="40.00171" lon="-1.01402">
				<ele>1125.71</ele>
				<time>2026-09-10T08:52:01.707Z</time>
			</trkpt>
			<trkpt lat="40.00168" lon="-1.01428">
				<ele>1122.91</ele>
				<time>2026-09-10T08:52:02.597Z</time>
			</trkpt>
			<trkpt lat="40.00167" lon="-1.01456">
				<ele>1119.48</ele>
				<time>2026-09-10T08:52:03.553Z</time>
			</trkpt>
			<trkpt lat="40.00171" lon="-1.0148">
				<ele>1116.96</ele>
				<time>2026-09-10T08:52:04.397Z</time>
			</trkpt>
			<trkpt lat="40.00176" lon="-1.01498">
				<ele>1115.93</ele>
				<time>2026-09-10T08:52:05.059Z</time>
			</trkpt>
			<trkpt lat="40.00184" lon="-1.01512">
				<ele>1116.31</ele>
				<time>2026-09-10T08:52:05.666Z</time>
			</trkpt>
			<trkpt lat="40.00193" lon="-1.0152">
				<ele>1116.89</ele>
				<time>2026-09-10T08:52:06.162Z</time>
			</trkpt>
			<trkpt lat="40.00222" lon="-1.01538">
				<ele>1118.86</ele>
				<time>2026-09-10T08:52:07.637Z</time>
			</trkpt>
			<trkpt lat="40.00232" lon="-1.0155">
				<ele>1121.68</ele>
				<time>2026-09-10T08:52:08.266Z</time>
			</trkpt>
			<trkpt lat="40.00237" lon="-1.01561">
				<ele>1123.76</ele>
				<time>2026-09-10T08:52:08.721Z</time>
			</trkpt>
			<trkpt lat="40.00239" lon="-1.01575">
				<ele>1125.48</ele>
				<time>2026-09-10T08:52:09.230Z</time>
			</trkpt>
			<trkpt lat="40.00234" lon="-1.01592">
				<ele>1124.91</ele>
				<time>2026-09-10T08:52:09.884Z</time>
			</trkpt>
			<trkpt lat="40.00204" lon="-1.01677">
				<ele>1117.42</ele>
				<time>2026-09-10T08:52:13.298Z</time>
			</trkpt>
			<trkpt lat="40.00188" lon="-1.01766">
				<ele>1114.27</ele>
				<time>2026-09-10T08:52:16.720Z</time>
			</trkpt>
			<trkpt lat="40.00181" lon="-1.01788">
				<ele>1114.78</ele>
				<time>2026-09-10T08:52:17.626Z</time>
			</trkpt>
			<trkpt lat="40.00091" lon="-1.02027">
				<ele>1112.5</ele>
				<time>2026-09-10T08:52:28.181Z</time>
			</trkpt>
			<trkpt lat="40.0002" lon="-1.02161">
				<ele>1111.33</ele>
				<time>2026-09-10T08:52:35.039Z</time>
			</trkpt>
			<trkpt lat="40.00013" lon="-1.02182">
				<ele>1112.53</ele>
				<time>2026-09-10T08:52:36.029Z</time>
			</trkpt>
			<trkpt lat="40.00009" lon="-1.02208">
				<ele>1113.42</ele>
				<time>2026-09-10T08:52:37.182Z</time>
			</trkpt>
			<trkpt lat="40.00005" lon="-1.02244">
				<ele>1112.65</ele>
				<time>2026-09-10T08:52:38.779Z</time>
			</trkpt>
			<trkpt lat="40.00003" lon="-1.02288">
				<ele>1106.43</ele>
				<time>2026-09-10T08:52:40.736Z</time>
			</trkpt>
			<trkpt lat="40.00008" lon="-1.02352">
				<ele>1100.92</ele>
				<time>2026-09-10T08:52:43.635Z</time>
			</trkpt>
			<trkpt lat="40.00007" lon="-1.02378">
				<ele>1101.56</ele>
				<time>2026-09-10T08:52:44.823Z</time>
			</trkpt>
			<trkpt lat="40.00001" lon="-1.02417">
				<ele>1103.32</ele>
				<time>2026-09-10T08:52:46.655Z</time>
			</trkpt>
			<trkpt lat="39.99992" lon="-1.02444">
				<ele>1103.01</ele>
				<time>2026-09-10T08:52:48.025Z</time>
			</trkpt>
			<trkpt lat="39.99976" lon="-1.02483">
				<ele>1100.46</ele>
				<time>2026-09-10T08:52:50.104Z</time>
			</trkpt>
			<trkpt lat="39.99957" lon="-1.02557">
				<ele>1098.32</ele>
				<time>2026-09-10T08:52:53.835Z</time>
			</trkpt>
			<trkpt lat="39.99937" lon="-1.026">
				<ele>1093.81</ele>
				<time>2026-09-10T08:52:56.282Z</time>
			</trkpt>
			<trkpt lat="39.99926" lon="-1.02612">
				<ele>1093.68</ele>
				<time>2026-09-10T08:52:57.202Z</time>
			</trkpt>
			<trkpt lat="39.99912" lon="-1.02623">
				<ele>1095.93</ele>
				<time>2026-09-10T08:52:58.256Z</time>
			</trkpt>
			<trkpt lat="39.99804" lon="-1.02668">
				<ele>1097.03</ele>
				<time>2026-09-10T08:53:05.740Z</time>
			</trkpt>
			<trkpt lat="39.99774" lon="-1.02689">
				<ele>1090.71</ele>
				<time>2026-09-10T08:53:08.048Z</time>
			</trkpt>
			<trkpt lat="39.9969" lon="-1.02766">
				<ele>1095.19</ele>
				<time>2026-09-10T08:53:15.179Z</time>
			</trkpt>
			<trkpt lat="39.99677" lon="-1.02785">
				<ele>1094.79</ele>
				<time>2026-09-10T08:53:16.565Z</time>
			</trkpt>
			<trkpt lat="39.99666" lon="-1.02806">
				<ele>1092.03</ele>
				<time>2026-09-10T08:53:17.958Z</time>
			</trkpt>
			<trkpt lat="39.99655" lon="-1.02841">
				<ele>1087.02</ele>
				<time>2026-09-10T08:53:20.048Z</time>
			</trkpt>
			<trkpt lat="39.99648" lon="-1.02853">
				<ele>1085.92</ele>
				<time>2026-09-10T08:53:20.888Z</time>
			</trkpt>
			<trkpt lat="39.99618" lon="-1.02877">
				<ele>1085.62</ele>
				<time>2026-09-10T08:53:23.464Z</time>
			</trkpt>
			<trkpt lat="39.99596" lon="-1.02884">
				<ele>1084.28</ele>
				<time>2026-09-10T08:53:25.140Z</time>
			</trkpt>
			<trkpt lat="39.99532" lon="-1.02897">
				<ele>1086.46</ele>
				<time>2026-09-10T08:53:30.007Z</time>
			</trkpt>
			<trkpt lat="39.9951" lon="-1.02903">
				<ele>1086.6</ele>
				<time>2026-09-10T08:53:31.721Z</time>
			</trkpt>
			<trkpt lat="39.99485" lon="-1.02924">
				<ele>1087.6</ele>
				<time>2026-09-10T08:53:34.010Z</time>
			</trkpt>
			<trkpt lat="39.9946" lon="-1.02951">
				<ele>1085.48</ele>
				<time>2026-09-10T08:53:36.536Z</time>
			</trkpt>
			<trkpt lat="39.99442" lon="-1.02974">
				<ele>1083.73</ele>
				<time>2026-09-10T08:53:38.516Z</time>
			</trkpt>
			<trkpt lat="39.99401" lon="-1.03031">
				<ele>1083.91</ele>
				<time>2026-09-10T08:53:43.296Z</time>
			</trkpt>
			<trkpt lat="39.99371" lon="-1.03066">
				<ele>1080.96</ele>
				<time>2026-09-10T08:53:46.562Z</time>
			</trkpt>
			<trkpt lat="39.99348" lon="-1.0309">
				<ele>1079.12</ele>
				<time>2026-09-10T08:53:48.982Z</time>
			</trkpt>
			<trkpt lat="39.99332" lon="-1.03102">
				<ele>1080.24</ele>
				<time>2026-09-10T08:53:50.511Z</time>
			</trkpt>
			<trkpt lat="39.99255" lon="-1.03134">
				<ele>1082.4</ele>
				<time>2026-09-10T08:53:57.320Z</time>
			</trkpt>
			<trkpt lat="39.99229" lon="-1.03153">
				<ele>1084.3</ele>
				<time>2026-09-10T08:53:59.879Z</time>
			</trkpt>
			<trkpt lat="39.99219" lon="-1.03165">
				<ele>1086.15</ele>
				<time>2026-09-10T08:54:01.054Z</time>
			</trkpt>
			<trkpt lat="39.99169" lon="-1.03242">
				<ele>1076.88</ele>
				<time>2026-09-10T08:54:07.847Z</time>
			</trkpt>
			<trkpt lat="39.99114" lon="-1.0332">
				<ele>1077.58</ele>
				<time>2026-09-10T08:54:15.175Z</time>
			</trkpt>
			<trkpt lat="39.99101" lon="-1.03346">
				<ele>1078.39</ele>
				<time>2026-09-10T08:54:17.359Z</time>
			</trkpt>
			<trkpt lat="39.99031" lon="-1.035">
				<ele>1074.06</ele>
				<time>2026-09-10T08:54:30.298Z</time>
			</trkpt>
			<trkpt lat="39.99025" lon="-1.03522">
				<ele>1070.78</ele>
				<time>2026-09-10T08:54:32.029Z</time>
			</trkpt>
			<trkpt lat="39.99022" lon="-1.03543">
				<ele>1069.26</ele>
				<time>2026-09-10T08:54:33.622Z</time>
			</trkpt>
			<trkpt lat="39.99023" lon="-1.03563">
				<ele>1069.14</ele>
				<time>2026-09-10T08:54:35.123Z</time>
			</trkpt>
			<trkpt lat="39.99043" lon="-1.03624">
				<ele>1076.04</ele>
				<time>2026-09-10T08:54:40.149Z</time>
			</trkpt>
			<trkpt lat="39.99049" lon="-1.03651">
				<ele>1076.78</ele>
				<time>2026-09-10T08:54:42.304Z</time>
			</trkpt>
			<trkpt lat="39.99039" lon="-1.0385">
				<ele>1066.85</ele>
				<time>2026-09-10T08:54:58.027Z</time>
			</trkpt>
			<trkpt lat="39.99041" lon="-1.03881">
				<ele>1063.85</ele>
				<time>2026-09-10T08:55:00.550Z</time>
			</trkpt>
			<trkpt lat="39.99059" lon="-1.04003">
				<ele>1064.32</ele>
				<time>2026-09-10T08:55:10.819Z</time>
			</trkpt>
			<trkpt lat="39.9908" lon="-1.04058">
				<ele>1062.04</ele>
				<time>2026-09-10T08:55:16.014Z</time>
			</trkpt>
			<trkpt lat="39.99094" lon="-1.04131">
				<ele>1062.39</ele>
				<time>2026-09-10T08:55:22.480Z</time>
			</trkpt>
			<trkpt lat="39.99109" lon="-1.04182">
				<ele>1062.35</ele>
				<time>2026-09-10T08:55:27.248Z</time>
			</trkpt>
			<trkpt lat="39.99107" lon="-1.04207">
				<ele>1061.75</ele>
				<time>2026-09-10T08:55:29.462Z</time>
			</trkpt>
			<trkpt lat="39.99102" lon="-1.04222">
				<ele>1061.37</ele>
				<time>2026-09-10T08:55:30.911Z</time>
			</trkpt>
			<trkpt lat="39.99125" lon="-1.04243">
				<ele>1061.18</ele>
				<time>2026-09-10T08:55:34.175Z</time>
			</trkpt>
			<trkpt lat="39.99239" lon="-1.04308">
				<ele>1070.46</ele>
				<time>2026-09-10T08:55:49.444Z</time>
			</trkpt>
			<trkpt lat="39.99234" lon="-1.04306">
				<ele>1071.84</ele>
				<time>2026-09-10T08:55:50.631Z</time>
			</trkpt>
			<trkpt lat="39.99125" lon="-1.04243">
				<ele>1061.18</ele>
				<time>2026-09-10T08:56:40.738Z</time>
			</trkpt>
			<trkpt lat="39.99102" lon="-1.04222">
				<ele>1061.37</ele>
				<time>2026-09-10T08:56:47.732Z</time>
			</trkpt>
			<trkpt lat="39.99077" lon="-1.04262">
				<ele>1063.61</ele>
				<time>2026-09-10T08:56:55.782Z</time>
			</trkpt>
			<trkpt lat="39.99021" lon="-1.04433">
				<ele>1057.65</ele>
				<time>2026-09-10T08:57:17.898Z</time>
			</trkpt>
			<trkpt lat="39.99015" lon="-1.04473">
				<ele>1058.54</ele>
				<time>2026-09-10T08:57:20.957Z</time>
			</trkpt>
			<trkpt lat="39.99004" lon="-1.04571">
				<ele>1057.33</ele>
				<time>2026-09-10T08:57:28.232Z</time>
			</trkpt>
			<trkpt lat="39.98995" lon="-1.04599">
				<ele>1055.85</ele>
				<time>2026-09-10T08:57:30.418Z</time>
			</trkpt>
			<trkpt lat="39.98847" lon="-1.04967">
				<ele>1056.73</ele>
				<time>2026-09-10T08:57:58.360Z</time>
			</trkpt>
			<trkpt lat="39.98839" lon="-1.04995">
				<ele>1062</ele>
				<time>2026-09-10T08:58:00.232Z</time>
			</trkpt>
			<trkpt lat="39.98833" lon="-1.05022">
				<ele>1064.71</ele>
				<time>2026-09-10T08:58:01.978Z</time>
			</trkpt>
			<trkpt lat="39.98825" lon="-1.05109">
				<ele>1064.56</ele>
				<time>2026-09-10T08:58:07.321Z</time>
			</trkpt>
			<trkpt lat="39.98823" lon="-1.05151">
				<ele>1070.84</ele>
				<time>2026-09-10T08:58:09.835Z</time>
			</trkpt>
			<trkpt lat="39.98823" lon="-1.05219">
				<ele>1076.1</ele>
				<time>2026-09-10T08:58:13.829Z</time>
			</trkpt>
			<trkpt lat="39.98804" lon="-1.05332">
				<ele>1071.58</ele>
				<time>2026-09-10T08:58:20.429Z</time>
			</trkpt>
			<trkpt lat="39.98783" lon="-1.05417">
				<ele>1079.88</ele>
				<time>2026-09-10T08:58:25.362Z</time>
			</trkpt>
			<trkpt lat="39.98757" lon="-1.05565">
				<ele>1087.22</ele>
				<time>2026-09-10T08:58:33.439Z</time>
			</trkpt>
			<trkpt lat="39.9873" lon="-1.05644">
				<ele>1089.92</ele>
				<time>2026-09-10T08:58:37.872Z</time>
			</trkpt>
			<trkpt lat="39.98672" lon="-1.05868">
				<ele>1104.29</ele>
				<time>2026-09-10T08:58:49.399Z</time>
			</trkpt>
			<trkpt lat="39.98666" lon="-1.05898">
				<ele>1108.26</ele>
				<time>2026-09-10T08:58:50.849Z</time>
			</trkpt>
			<trkpt lat="39.98658" lon="-1.05955">
				<ele>1106.32</ele>
				<time>2026-09-10T08:58:53.523Z</time>
			</trkpt>
			<trkpt lat="39.98648" lon="-1.06">
				<ele>1108.56</ele>
				<time>2026-09-10T08:58:55.652Z</time>
			</trkpt>
			<trkpt lat="39.98627" lon="-1.06066">
				<ele>1111.93</ele>
				<time>2026-09-10T08:58:58.840Z</time>
			</trkpt>
			<trkpt lat="39.98616" lon="-1.06086">
				<ele>1111.28</ele>
				<time>2026-09-10T08:58:59.923Z</time>
			</trkpt>
			<trkpt lat="39.9858" lon="-1.06132">
				<ele>1117.84</ele>
				<time>2026-09-10T08:59:02.777Z</time>
			</trkpt>
			<trkpt lat="39.98575" lon="-1.06145">
				<ele>1125.87</ele>
				<time>2026-09-10T08:59:03.401Z</time>
			</trkpt>
			<trkpt lat="39.98577" lon="-1.06167">
				<ele>1131.96</ele>
				<time>2026-09-10T08:59:04.346Z</time>
			</trkpt>
			<trkpt lat="39.986" lon="-1.06209">
				<ele>1127.51</ele>
				<time>2026-09-10T08:59:06.524Z</time>
			</trkpt>
			<trkpt lat="39.98614" lon="-1.06248">
				<ele>1132.78</ele>
				<time>2026-09-10T08:59:08.317Z</time>
			</trkpt>
			<trkpt lat="39.98625" lon="-1.06289">
				<ele>1137.82</ele>
				<time>2026-09-10T08:59:10.103Z</time>
			</trkpt>
			<trkpt lat="39.98633" lon="-1.06329">
				<ele>1136.96</ele>
				<time>2026-09-10T08:59:11.782Z</time>
			</trkpt>
			<trkpt lat="39.98637" lon="-1.06367">
				<ele>1137.53</ele>
				<time>2026-09-10T08:59:13.322Z</time>
			</trkpt>
			<trkpt lat="39.98639" lon="-1.06408">
				<ele>1139.07</ele>
				<time>2026-09-10T08:59:14.954Z</time>
			</trkpt>
			<trkpt lat="39.98637" lon="-1.06461">
				<ele>1141.66</ele>
				<time>2026-09-10T08:59:17.034Z</time>
			</trkpt>
			<trkpt lat="39.98632" lon="-1.06511">
				<ele>1146.14</ele>
				<time>2026-09-10T08:59:18.983Z</time>
			</trkpt>
			<trkpt lat="39.98625" lon="-1.06551">
				<ele>1149.32</ele>
				<time>2026-09-10T08:59:20.550Z</time>
			</trkpt>
			<trkpt lat="39.98618" lon="-1.06569">
				<ele>1149.32</ele>
				<time>2026-09-10T08:59:21.314Z</time>
			</trkpt>
			<trkpt lat="39.98607" lon="-1.06584">
				<ele>1152</ele>
				<time>2026-09-10T08:59:22.096Z</time>
			</trkpt>
			<trkpt lat="39.9858" lon="-1.06608">
				<ele>1161.47</ele>
				<time>2026-09-10T08:59:23.688Z</time>
			</trkpt>
			<trkpt lat="39.98574" lon="-1.06619">
				<ele>1165.21</ele>
				<time>2026-09-10T08:59:24.189Z</time>
			</trkpt>
			<trkpt lat="39.98571" lon="-1.06631">
				<ele>1165.76</ele>
				<time>2026-09-10T08:59:24.655Z</time>
			</trkpt>
			<trkpt lat="39.98572" lon="-1.06675">
				<ele>1162.47</ele>
				<time>2026-09-10T08:59:26.270Z</time>
			</trkpt>
			<trkpt lat="39.98567" lon="-1.06725">
				<ele>1166.38</ele>
				<time>2026-09-10T08:59:28.098Z</time>
			</trkpt>
			<trkpt lat="39.98549" lon="-1.06796">
				<ele>1175.69</ele>
				<time>2026-09-10T08:59:30.767Z</time>
			</trkpt>
			<trkpt lat="39.98539" lon="-1.06873">
				<ele>1180.06</ele>
				<time>2026-09-10T08:59:33.504Z</time>
			</trkpt>
			<trkpt lat="39.98541" lon="-1.06886">
				<ele>1181.42</ele>
				<time>2026-09-10T08:59:33.964Z</time>
			</trkpt>
			<trkpt lat="39.98547" lon="-1.06897">
				<ele>1180.04</ele>
				<time>2026-09-10T08:59:34.431Z</time>
			</trkpt>
			<trkpt lat="39.98564" lon="-1.06923">
				<ele>1176.39</ele>
				<time>2026-09-10T08:59:35.606Z</time>
			</trkpt>
			<trkpt lat="39.98568" lon="-1.06937">
				<ele>1176.42</ele>
				<time>2026-09-10T08:59:36.116Z</time>
			</trkpt>
			<trkpt lat="39.98569" lon="-1.06956">
				<ele>1178.39</ele>
				<time>2026-09-10T08:59:36.765Z</time>
			</trkpt>
			<trkpt lat="39.98568" lon="-1.06977">
				<ele>1180.49</ele>
				<time>2026-09-10T08:59:37.478Z</time>
			</trkpt>
			<trkpt lat="39.98562" lon="-1.0705">
				<ele>1185.8</ele>
				<time>2026-09-10T08:59:39.942Z</time>
			</trkpt>
			<trkpt lat="39.98555" lon="-1.07085">
				<ele>1188.15</ele>
				<time>2026-09-10T08:59:41.142Z</time>
			</trkpt>
			<trkpt lat="39.98535" lon="-1.07153">
				<ele>1188.93</ele>
				<time>2026-09-10T08:59:43.532Z</time>
			</trkpt>
			<trkpt lat="39.98519" lon="-1.07224">
				<ele>1197.52</ele>
				<time>2026-09-10T08:59:45.926Z</time>
			</trkpt>
			<trkpt lat="39.98495" lon="-1.07351">
				<ele>1202.56</ele>
				<time>2026-09-10T08:59:50.079Z</time>
			</trkpt>
			<trkpt lat="39.98487" lon="-1.07373">
				<ele>1204.1</ele>
				<time>2026-09-10T08:59:50.842Z</time>
			</trkpt>
			<trkpt lat="39.98476" lon="-1.07388">
				<ele>1206.07</ele>
				<time>2026-09-10T08:59:51.490Z</time>
			</trkpt>
			<trkpt lat="39.98463" lon="-1.07402">
				<ele>1205.23</ele>
				<time>2026-09-10T08:59:52.175Z</time>
			</trkpt>
			<trkpt lat="39.98448" lon="-1.07409">
				<ele>1204.62</ele>
				<time>2026-09-10T08:59:52.819Z</time>
			</trkpt>
			<trkpt lat="39.98348" lon="-1.07418">
				<ele>1209.43</ele>
				<time>2026-09-10T08:59:56.832Z</time>
			</trkpt>
			<trkpt lat="39.98325" lon="-1.07425">
				<ele>1214.08</ele>
				<time>2026-09-10T08:59:57.768Z</time>
			</trkpt>
			<trkpt lat="39.98302" lon="-1.07436">
				<ele>1212.69</ele>
				<time>2026-09-10T08:59:58.734Z</time>
			</trkpt>
			<trkpt lat="39.9829" lon="-1.07438">
				<ele>1210.39</ele>
				<time>2026-09-10T08:59:59.210Z</time>
			</trkpt>
			<trkpt lat="39.98278" lon="-1.07437">
				<ele>1209.81</ele>
				<time>2026-09-10T08:59:59.682Z</time>
			</trkpt>
			<trkpt lat="39.9827" lon="-1.07431">
				<ele>1210.75</ele>
				<time>2026-09-10T09:00:00.044Z</time>
			</trkpt>
			<trkpt lat="39.98263" lon="-1.07424">
				<ele>1212.21</ele>
				<time>2026-09-10T09:00:00.389Z</time>
			</trkpt>
			<trkpt lat="39.98257" lon="-1.07414">
				<ele>1213.54</ele>
				<time>2026-09-10T09:00:00.770Z</time>
			</trkpt>
			<trkpt lat="39.98252" lon="-1.07392">
				<ele>1214.52</ele>
				<time>2026-09-10T09:00:01.456Z</time>
			</trkpt>
			<trkpt lat="39.98251" lon="-1.07374">
				<ele>1215.49</ele>
				<time>2026-09-10T09:00:01.995Z</time>
			</trkpt>
			<trkpt lat="39.98259" lon="-1.07308">
				<ele>1226.12</ele>
				<time>2026-09-10T09:00:03.981Z</time>
			</trkpt>
			<trkpt lat="39.98259" lon="-1.07295">
				<ele>1227.98</ele>
				<time>2026-09-10T09:00:04.366Z</time>
			</trkpt>
			<trkpt lat="39.98256" lon="-1.07284">
				<ele>1228.78</ele>
				<time>2026-09-10T09:00:04.712Z</time>
			</trkpt>
			<trkpt lat="39.98252" lon="-1.07275">
				<ele>1228.61</ele>
				<time>2026-09-10T09:00:05.020Z</time>
			</trkpt>
			<trkpt lat="39.98245" lon="-1.07269">
				<ele>1228.46</ele>
				<time>2026-09-10T09:00:05.343Z</time>
			</trkpt>
			<trkpt lat="39.98227" lon="-1.07267">
				<ele>1229.17</ele>
				<time>2026-09-10T09:00:06.038Z</time>
			</trkpt>
			<trkpt lat="39.98219" lon="-1.07272">
				<ele>1229.3</ele>
				<time>2026-09-10T09:00:06.379Z</time>
			</trkpt>
			<trkpt lat="39.98209" lon="-1.07284">
				<ele>1230.77</ele>
				<time>2026-09-10T09:00:06.901Z</time>
			</trkpt>
			<trkpt lat="39.98177" lon="-1.0734">
				<ele>1235.29</ele>
				<time>2026-09-10T09:00:08.952Z</time>
			</trkpt>
			<trkpt lat="39.98143" lon="-1.07388">
				<ele>1231.22</ele>
				<time>2026-09-10T09:00:10.863Z</time>
			</trkpt>
			<trkpt lat="39.98101" lon="-1.07476">
				<ele>1234.54</ele>
				<time>2026-09-10T09:00:13.886Z</time>
			</trkpt>
			<trkpt lat="39.98092" lon="-1.07488">
				<ele>1236.24</ele>
				<time>2026-09-10T09:00:14.375Z</time>
			</trkpt>
			<trkpt lat="39.98083" lon="-1.07497">
				<ele>1238.12</ele>
				<time>2026-09-10T09:00:14.805Z</time>
			</trkpt>
			<trkpt lat="39.98072" lon="-1.07502">
				<ele>1237.33</ele>
				<time>2026-09-10T09:00:15.248Z</time>
			</trkpt>
			<trkpt lat="39.97907" lon="-1.07528">
				<ele>1243.58</ele>
				<time>2026-09-10T09:00:21.560Z</time>
			</trkpt>
			<trkpt lat="39.97882" lon="-1.0753">
				<ele>1245.49</ele>
				<time>2026-09-10T09:00:22.514Z</time>
			</trkpt>
			<trkpt lat="39.97875" lon="-1.07529">
				<ele>1244.6</ele>
				<time>2026-09-10T09:00:22.782Z</time>
			</trkpt>
			<trkpt lat="39.97866" lon="-1.07527">
				<ele>1242.96</ele>
				<time>2026-09-10T09:00:23.130Z</time>
			</trkpt>
			<trkpt lat="39.97858" lon="-1.07521">
				<ele>1241.09</ele>
				<time>2026-09-10T09:00:23.482Z</time>
			</trkpt>
			<trkpt lat="39.9781" lon="-1.07444">
				<ele>1234.38</ele>
				<time>2026-09-10T09:00:26.392Z</time>
			</trkpt>
			<trkpt lat="39.97795" lon="-1.0743">
				<ele>1235.44</ele>
				<time>2026-09-10T09:00:27.100Z</time>
			</trkpt>
			<trkpt lat="39.9778" lon="-1.07426">
				<ele>1236.56</ele>
				<time>2026-09-10T09:00:27.688Z</time>
			</trkpt>
			<trkpt lat="39.9775" lon="-1.07428">
				<ele>1235.56</ele>
				<time>2026-09-10T09:00:28.846Z</time>
			</trkpt>
			<trkpt lat="39.97721" lon="-1.0742">
				<ele>1235.07</ele>
				<time>2026-09-10T09:00:29.991Z</time>
			</trkpt>
			<trkpt lat="39.97699" lon="-1.07408">
				<ele>1231.42</ele>
				<time>2026-09-10T09:00:30.916Z</time>
			</trkpt>
			<trkpt lat="39.97686" lon="-1.07393">
				<ele>1231.6</ele>
				<time>2026-09-10T09:00:31.590Z</time>
			</trkpt>
			<trkpt lat="39.9768" lon="-1.07378">
				<ele>1232.21</ele>
				<time>2026-09-10T09:00:32.095Z</time>
			</trkpt>
			<trkpt lat="39.97662" lon="-1.07269">
				<ele>1226.27</ele>
				<time>2026-09-10T09:00:35.445Z</time>
			</trkpt>
			<trkpt lat="39.97659" lon="-1.07232">
				<ele>1226.52</ele>
				<time>2026-09-10T09:00:36.573Z</time>
			</trkpt>
			<trkpt lat="39.97661" lon="-1.07189">
				<ele>1229.45</ele>
				<time>2026-09-10T09:00:37.885Z</time>
			</trkpt>
			<trkpt lat="39.97674" lon="-1.07119">
				<ele>1226.4</ele>
				<time>2026-09-10T09:00:40.096Z</time>
			</trkpt>
			<trkpt lat="39.97675" lon="-1.07098">
				<ele>1226.02</ele>
				<time>2026-09-10T09:00:40.746Z</time>
			</trkpt>
			<trkpt lat="39.97671" lon="-1.07076">
				<ele>1225.29</ele>
				<time>2026-09-10T09:00:41.447Z</time>
			</trkpt>
			<trkpt lat="39.97643" lon="-1.06958">
				<ele>1219.14</ele>
				<time>2026-09-10T09:00:45.322Z</time>
			</trkpt>
			<trkpt lat="39.97641" lon="-1.06941">
				<ele>1218.73</ele>
				<time>2026-09-10T09:00:45.868Z</time>
			</trkpt>
			<trkpt lat="39.97643" lon="-1.06897">
				<ele>1219.34</ele>
				<time>2026-09-10T09:00:47.275Z</time>
			</trkpt>
			<trkpt lat="39.97639" lon="-1.06879">
				<ele>1219.3</ele>
				<time>2026-09-10T09:00:47.876Z</time>
			</trkpt>
			<trkpt lat="39.97584" lon="-1.06722">
				<ele>1217.63</ele>
				<time>2026-09-10T09:00:53.520Z</time>
			</trkpt>
			<trkpt lat="39.97576" lon="-1.06704">
				<ele>1218.08</ele>
				<time>2026-09-10T09:00:54.213Z</time>
			</trkpt>
			<trkpt lat="39.97543" lon="-1.06659">
				<ele>1212.71</ele>
				<time>2026-09-10T09:00:56.308Z</time>
			</trkpt>
			<trkpt lat="39.97538" lon="-1.06643">
				<ele>1211.35</ele>
				<time>2026-09-10T09:00:56.894Z</time>
			</trkpt>
			<trkpt lat="39.97539" lon="-1.06624">
				<ele>1212.45</ele>
				<time>2026-09-10T09:00:57.543Z</time>
			</trkpt>
			<trkpt lat="39.97544" lon="-1.06588">
				<ele>1215.25</ele>
				<time>2026-09-10T09:00:58.797Z</time>
			</trkpt>
			<trkpt lat="39.97544" lon="-1.0657">
				<ele>1216.29</ele>
				<time>2026-09-10T09:00:59.417Z</time>
			</trkpt>
			<trkpt lat="39.9754" lon="-1.06556">
				<ele>1216.09</ele>
				<time>2026-09-10T09:00:59.935Z</time>
			</trkpt>
			<trkpt lat="39.97505" lon="-1.06502">
				<ele>1215.74</ele>
				<time>2026-09-10T09:01:02.407Z</time>
			</trkpt>
			<trkpt lat="39.97498" lon="-1.06487">
				<ele>1215.47</ele>
				<time>2026-09-10T09:01:03.028Z</time>
			</trkpt>
			<trkpt lat="39.97494" lon="-1.06443">
				<ele>1217.78</ele>
				<time>2026-09-10T09:01:04.605Z</time>
			</trkpt>
			<trkpt lat="39.97488" lon="-1.06429">
				<ele>1217.48</ele>
				<time>2026-09-10T09:01:05.180Z</time>
			</trkpt>
			<trkpt lat="39.9747" lon="-1.06407">
				<ele>1215.01</ele>
				<time>2026-09-10T09:01:06.342Z</time>
			</trkpt>
			<trkpt lat="39.97456" lon="-1.06387">
				<ele>1211.79</ele>
				<time>2026-09-10T09:01:07.326Z</time>
			</trkpt>
			<trkpt lat="39.9744" lon="-1.06345">
				<ele>1210.1</ele>
				<time>2026-09-10T09:01:09.047Z</time>
			</trkpt>
			<trkpt lat="39.97426" lon="-1.06307">
				<ele>1207.61</ele>
				<time>2026-09-10T09:01:10.611Z</time>
			</trkpt>
			<trkpt lat="39.97416" lon="-1.06241">
				<ele>1203.94</ele>
				<time>2026-09-10T09:01:13.144Z</time>
			</trkpt>
			<trkpt lat="39.97409" lon="-1.06249">
				<ele>1202.24</ele>
				<time>2026-09-10T09:01:13.606Z</time>
			</trkpt>
			<trkpt lat="39.97406" lon="-1.06271">
				<ele>1200.73</ele>
				<time>2026-09-10T09:01:14.460Z</time>
			</trkpt>
			<trkpt lat="39.97409" lon="-1.06338">
				<ele>1198.19</ele>
				<time>2026-09-10T09:01:17.056Z</time>
			</trkpt>
			<trkpt lat="39.97416" lon="-1.06375">
				<ele>1197.14</ele>
				<time>2026-09-10T09:01:18.552Z</time>
			</trkpt>
			<trkpt lat="39.97437" lon="-1.06445">
				<ele>1196.85</ele>
				<time>2026-09-10T09:01:21.549Z</time>
			</trkpt>
			<trkpt lat="39.97438" lon="-1.06461">
				<ele>1195.88</ele>
				<time>2026-09-10T09:01:22.191Z</time>
			</trkpt>
			<trkpt lat="39.97435" lon="-1.06512">
				<ele>1191.35</ele>
				<time>2026-09-10T09:01:24.219Z</time>
			</trkpt>
			<trkpt lat="39.9744" lon="-1.06533">
				<ele>1191.02</ele>
				<time>2026-09-10T09:01:25.083Z</time>
			</trkpt>
			<trkpt lat="39.97468" lon="-1.06575">
				<ele>1196.04</ele>
				<time>2026-09-10T09:01:27.246Z</time>
			</trkpt>
			<trkpt lat="39.97469" lon="-1.0659">
				<ele>1195.2</ele>
				<time>2026-09-10T09:01:27.826Z</time>
			</trkpt>
			<trkpt lat="39.97465" lon="-1.06636">
				<ele>1185.12</ele>
				<time>2026-09-10T09:01:29.594Z</time>
			</trkpt>
			<trkpt lat="39.97468" lon="-1.06682">
				<ele>1182.86</ele>
				<time>2026-09-10T09:01:31.338Z</time>
			</trkpt>
			<trkpt lat="39.97478" lon="-1.06737">
				<ele>1180</ele>
				<time>2026-09-10T09:01:33.447Z</time>
			</trkpt>
			<trkpt lat="39.97488" lon="-1.06766">
				<ele>1180.99</ele>
				<time>2026-09-10T09:01:34.622Z</time>
			</trkpt>
			<trkpt lat="39.97491" lon="-1.06786">
				<ele>1181.41</ele>
				<time>2026-09-10T09:01:35.371Z</time>
			</trkpt>
			<trkpt lat="39.97492" lon="-1.06797">
				<ele>1181.88</ele>
				<time>2026-09-10T09:01:35.776Z</time>
			</trkpt>
			<trkpt lat="39.97485" lon="-1.06843">
				<ele>1179.23</ele>
				<time>2026-09-10T09:01:37.482Z</time>
			</trkpt>
			<trkpt lat="39.97496" lon="-1.06892">
				<ele>1177.02</ele>
				<time>2026-09-10T09:01:39.320Z</time>
			</trkpt>
			<trkpt lat="39.97497" lon="-1.06905">
				<ele>1177.31</ele>
				<time>2026-09-10T09:01:39.788Z</time>
			</trkpt>
			<trkpt lat="39.97495" lon="-1.06918">
				<ele>1176.67</ele>
				<time>2026-09-10T09:01:40.261Z</time>
			</trkpt>
			<trkpt lat="39.97478" lon="-1.06947">
				<ele>1171.74</ele>
				<time>2026-09-10T09:01:41.558Z</time>
			</trkpt>
			<trkpt lat="39.97471" lon="-1.06966">
				<ele>1170.19</ele>
				<time>2026-09-10T09:01:42.303Z</time>
			</trkpt>
			<trkpt lat="39.97466" lon="-1.06987">
				<ele>1168.94</ele>
				<time>2026-09-10T09:01:43.078Z</time>
			</trkpt>
			<trkpt lat="39.97468" lon="-1.07008">
				<ele>1169.31</ele>
				<time>2026-09-10T09:01:43.820Z</time>
			</trkpt>
			<trkpt lat="39.97475" lon="-1.07031">
				<ele>1171.63</ele>
				<time>2026-09-10T09:01:44.685Z</time>
			</trkpt>
			<trkpt lat="39.97491" lon="-1.07066">
				<ele>1173.44</ele>
				<time>2026-09-10T09:01:46.102Z</time>
			</trkpt>
			<trkpt lat="39.97488" lon="-1.07087">
				<ele>1171.55</ele>
				<time>2026-09-10T09:01:46.841Z</time>
			</trkpt>
			<trkpt lat="39.97476" lon="-1.07114">
				<ele>1165.24</ele>
				<time>2026-09-10T09:01:47.917Z</time>
			</trkpt>
			<trkpt lat="39.97472" lon="-1.0713">
				<ele>1162.77</ele>
				<time>2026-09-10T09:01:48.495Z</time>
			</trkpt>
			<trkpt lat="39.97464" lon="-1.07186">
				<ele>1164.07</ele>
				<time>2026-09-10T09:01:50.443Z</time>
			</trkpt>
			<trkpt lat="39.97452" lon="-1.07228">
				<ele>1163.64</ele>
				<time>2026-09-10T09:01:51.967Z</time>
			</trkpt>
			<trkpt lat="39.97428" lon="-1.07333">
				<ele>1155.51</ele>
				<time>2026-09-10T09:01:55.662Z</time>
			</trkpt>
			<trkpt lat="39.97411" lon="-1.07399">
				<ele>1151.19</ele>
				<time>2026-09-10T09:01:57.993Z</time>
			</trkpt>
			<trkpt lat="39.97397" lon="-1.07461">
				<ele>1145.82</ele>
				<time>2026-09-10T09:02:00.148Z</time>
			</trkpt>
			<trkpt lat="39.97382" lon="-1.07515">
				<ele>1142.92</ele>
				<time>2026-09-10T09:02:02.059Z</time>
			</trkpt>
			<trkpt lat="39.97379" lon="-1.07541">
				<ele>1142.05</ele>
				<time>2026-09-10T09:02:02.932Z</time>
			</trkpt>
			<trkpt lat="39.97382" lon="-1.07578">
				<ele>1143.68</ele>
				<time>2026-09-10T09:02:04.167Z</time>
			</trkpt>
			<trkpt lat="39.97378" lon="-1.0759">
				<ele>1143.22</ele>
				<time>2026-09-10T09:02:04.602Z</time>
			</trkpt>
			<trkpt lat="39.97365" lon="-1.07602">
				<ele>1141.24</ele>
				<time>2026-09-10T09:02:05.291Z</time>
			</trkpt>
			<trkpt lat="39.97351" lon="-1.07617">
				<ele>1139.53</ele>
				<time>2026-09-10T09:02:06.076Z</time>
			</trkpt>
			<trkpt lat="39.97345" lon="-1.07635">
				<ele>1138.53</ele>
				<time>2026-09-10T09:02:06.728Z</time>
			</trkpt>
			<trkpt lat="39.97334" lon="-1.07715">
				<ele>1130.22</ele>
				<time>2026-09-10T09:02:09.428Z</time>
			</trkpt>
			<trkpt lat="39.97309" lon="-1.07775">
				<ele>1126.72</ele>
				<time>2026-09-10T09:02:11.704Z</time>
			</trkpt>
			<trkpt lat="39.97301" lon="-1.07808">
				<ele>1127.72</ele>
				<time>2026-09-10T09:02:12.860Z</time>
			</trkpt>
			<trkpt lat="39.97225" lon="-1.07993">
				<ele>1114.15</ele>
				<time>2026-09-10T09:02:19.939Z</time>
			</trkpt>
			<trkpt lat="39.9721" lon="-1.0802">
				<ele>1113.28</ele>
				<time>2026-09-10T09:02:21.078Z</time>
			</trkpt>
			<trkpt lat="39.97169" lon="-1.08061">
				<ele>1111.81</ele>
				<time>2026-09-10T09:02:23.395Z</time>
			</trkpt>
			<trkpt lat="39.97158" lon="-1.08079">
				<ele>1111.29</ele>
				<time>2026-09-10T09:02:24.192Z</time>
			</trkpt>
			<trkpt lat="39.9715" lon="-1.08102">
				<ele>1110.66</ele>
				<time>2026-09-10T09:02:25.069Z</time>
			</trkpt>
			<trkpt lat="39.97135" lon="-1.08179">
				<ele>1111.59</ele>
				<time>2026-09-10T09:02:27.851Z</time>
			</trkpt>
			<trkpt lat="39.97123" lon="-1.08209">
				<ele>1109.39</ele>
				<time>2026-09-10T09:02:29.048Z</time>
			</trkpt>
			<trkpt lat="39.97013" lon="-1.08432">
				<ele>1096.75</ele>
				<time>2026-09-10T09:02:38.709Z</time>
			</trkpt>
			<trkpt lat="39.97002" lon="-1.08451">
				<ele>1095.97</ele>
				<time>2026-09-10T09:02:39.604Z</time>
			</trkpt>
			<trkpt lat="39.96992" lon="-1.08463">
				<ele>1094.05</ele>
				<time>2026-09-10T09:02:40.274Z</time>
			</trkpt>
			<trkpt lat="39.96684" lon="-1.08676">
				<ele>1081.99</ele>
				<time>2026-09-10T09:02:58.607Z</time>
			</trkpt>
			<trkpt lat="39.96669" lon="-1.08691">
				<ele>1081.29</ele>
				<time>2026-09-10T09:02:59.673Z</time>
			</trkpt>
			<trkpt lat="39.96665" lon="-1.08701">
				<ele>1080.99</ele>
				<time>2026-09-10T09:03:00.163Z</time>
			</trkpt>
			<trkpt lat="39.96546" lon="-1.09272">
				<ele>1074.21</ele>
				<time>2026-09-10T09:03:28.657Z</time>
			</trkpt>
			<trkpt lat="39.96541" lon="-1.09287">
				<ele>1074.19</ele>
				<time>2026-09-10T09:03:29.532Z</time>
			</trkpt>
			<trkpt lat="39.96525" lon="-1.09303">
				<ele>1075.1</ele>
				<time>2026-09-10T09:03:30.949Z</time>
			</trkpt>
			<trkpt lat="39.96533" lon="-1.09311">
				<ele>1073.96</ele>
				<time>2026-09-10T09:03:31.662Z</time>
			</trkpt>
			<trkpt lat="39.96587" lon="-1.09327">
				<ele>1068.62</ele>
				<time>2026-09-10T09:03:35.644Z</time>
			</trkpt>
			<trkpt lat="39.96601" lon="-1.09333">
				<ele>1067.42</ele>
				<time>2026-09-10T09:03:36.721Z</time>
			</trkpt>
			<trkpt lat="39.96606" lon="-1.09337">
				<ele>1066.55</ele>
				<time>2026-09-10T09:03:37.152Z</time>
			</trkpt>
			<trkpt lat="39.96625" lon="-1.09316">
				<ele>1069.93</ele>
				<time>2026-09-10T09:03:38.995Z</time>
			</trkpt>
			<trkpt lat="39.96631" lon="-1.09301">
				<ele>1071.51</ele>
				<time>2026-09-10T09:03:39.964Z</time>
			</trkpt>
			<trkpt lat="39.96644" lon="-1.09304">
				<ele>1072.42</ele>
				<time>2026-09-10T09:03:40.956Z</time>
			</trkpt>
			<trkpt lat="39.96654" lon="-1.09302">
				<ele>1072.91</ele>
				<time>2026-09-10T09:03:41.721Z</time>
			</trkpt>
			<trkpt lat="39.96644" lon="-1.09304">
				<ele>1072.42</ele>
				<time>2026-09-10T09:03:42.489Z</time>
			</trkpt>
			<trkpt lat="39.96631" lon="-1.09301">
				<ele>1071.51</ele>
				<time>2026-09-10T09:03:43.490Z</time>
			</trkpt>
			<trkpt lat="39.96625" lon="-1.09316">
				<ele>1069.93</ele>
				<time>2026-09-10T09:03:44.370Z</time>
			</trkpt>
			<trkpt lat="39.96606" lon="-1.09337">
				<ele>1066.55</ele>
				<time>2026-09-10T09:03:46.095Z</time>
			</trkpt>
			<trkpt lat="39.96601" lon="-1.09333">
				<ele>1067.42</ele>
				<time>2026-09-10T09:03:46.592Z</time>
			</trkpt>
			<trkpt lat="39.96587" lon="-1.09327">
				<ele>1068.62</ele>
				<time>2026-09-10T09:03:48.137Z</time>
			</trkpt>
			<trkpt lat="39.96533" lon="-1.09311">
				<ele>1073.96</ele>
				<time>2026-09-10T09:04:24.633Z</time>
			</trkpt>
			<trkpt lat="39.96525" lon="-1.09303">
				<ele>1075.1</ele>
				<time>2026-09-10T09:04:29.895Z</time>
			</trkpt>
			<trkpt lat="39.9644" lon="-1.09318">
				<ele>1076.8</ele>
				<time>2026-09-10T09:04:45.271Z</time>
			</trkpt>
			<trkpt lat="39.96367" lon="-1.09326">
				<ele>1074.76</ele>
				<time>2026-09-10T09:04:52.878Z</time>
			</trkpt>
			<trkpt lat="39.96356" lon="-1.09332">
				<ele>1073.73</ele>
				<time>2026-09-10T09:04:53.823Z</time>
			</trkpt>
			<trkpt lat="39.96337" lon="-1.0935">
				<ele>1073.26</ele>
				<time>2026-09-10T09:04:55.642Z</time>
			</trkpt>
			<trkpt lat="39.96326" lon="-1.09365">
				<ele>1074.57</ele>
				<time>2026-09-10T09:04:56.866Z</time>
			</trkpt>
			<trkpt lat="39.96321" lon="-1.09377">
				<ele>1074.92</ele>
				<time>2026-09-10T09:04:57.669Z</time>
			</trkpt>
			<trkpt lat="39.96301" lon="-1.09448">
				<ele>1064.84</ele>
				<time>2026-09-10T09:05:02.061Z</time>
			</trkpt>
			<trkpt lat="39.96294" lon="-1.09461">
				<ele>1063.83</ele>
				<time>2026-09-10T09:05:02.973Z</time>
			</trkpt>
			<trkpt lat="39.96278" lon="-1.09482">
				<ele>1063.63</ele>
				<time>2026-09-10T09:05:04.663Z</time>
			</trkpt>
			<trkpt lat="39.96264" lon="-1.09493">
				<ele>1063.26</ele>
				<time>2026-09-10T09:05:05.872Z</time>
			</trkpt>
			<trkpt lat="39.96246" lon="-1.09504">
				<ele>1062.86</ele>
				<time>2026-09-10T09:05:07.334Z</time>
			</trkpt>
			<trkpt lat="39.96107" lon="-1.09553">
				<ele>1056.66</ele>
				<time>2026-09-10T09:05:17.644Z</time>
			</trkpt>
			<trkpt lat="39.9609" lon="-1.09568">
				<ele>1055.39</ele>
				<time>2026-09-10T09:05:19.074Z</time>
			</trkpt>
			<trkpt lat="39.96078" lon="-1.09583">
				<ele>1051.94</ele>
				<time>2026-09-10T09:05:20.225Z</time>
			</trkpt>
			<trkpt lat="39.96044" lon="-1.09641">
				<ele>1051.86</ele>
				<time>2026-09-10T09:05:24.057Z</time>
			</trkpt>
			<trkpt lat="39.96036" lon="-1.09671">
				<ele>1054.81</ele>
				<time>2026-09-10T09:05:25.702Z</time>
			</trkpt>
			<trkpt lat="39.96036" lon="-1.09695">
				<ele>1055.75</ele>
				<time>2026-09-10T09:05:26.936Z</time>
			</trkpt>
			<trkpt lat="39.96051" lon="-1.09831">
				<ele>1057.13</ele>
				<time>2026-09-10T09:05:33.864Z</time>
			</trkpt>
			<trkpt lat="39.9605" lon="-1.09848">
				<ele>1058.03</ele>
				<time>2026-09-10T09:05:34.708Z</time>
			</trkpt>
			<trkpt lat="39.96034" lon="-1.09961">
				<ele>1061.75</ele>
				<time>2026-09-10T09:05:40.302Z</time>
			</trkpt>
			<trkpt lat="39.9603" lon="-1.10002">
				<ele>1062.94</ele>
				<time>2026-09-10T09:05:42.277Z</time>
			</trkpt>
			<trkpt lat="39.96032" lon="-1.10198">
				<ele>1072.57</ele>
				<time>2026-09-10T09:05:51.379Z</time>
			</trkpt>
			<trkpt lat="39.96037" lon="-1.10384">
				<ele>1074.56</ele>
				<time>2026-09-10T09:05:59.642Z</time>
			</trkpt>
			<trkpt lat="39.96036" lon="-1.10421">
				<ele>1074.5</ele>
				<time>2026-09-10T09:06:01.244Z</time>
			</trkpt>
			<trkpt lat="39.9603" lon="-1.10451">
				<ele>1075.46</ele>
				<time>2026-09-10T09:06:02.575Z</time>
			</trkpt>
			<trkpt lat="39.96022" lon="-1.10483">
				<ele>1075.15</ele>
				<time>2026-09-10T09:06:04.010Z</time>
			</trkpt>
			<trkpt lat="39.96007" lon="-1.10515">
				<ele>1077</ele>
				<time>2026-09-10T09:06:05.596Z</time>
			</trkpt>
			<trkpt lat="39.95992" lon="-1.10542">
				<ele>1078.61</ele>
				<time>2026-09-10T09:06:06.996Z</time>
			</trkpt>
			<trkpt lat="39.95952" lon="-1.1059">
				<ele>1080.22</ele>
				<time>2026-09-10T09:06:09.937Z</time>
			</trkpt>
			<trkpt lat="39.9593" lon="-1.1063">
				<ele>1082.67</ele>
				<time>2026-09-10T09:06:11.952Z</time>
			</trkpt>
			<trkpt lat="39.95924" lon="-1.10651">
				<ele>1083.08</ele>
				<time>2026-09-10T09:06:12.863Z</time>
			</trkpt>
			<trkpt lat="39.95919" lon="-1.1068">
				<ele>1083.47</ele>
				<time>2026-09-10T09:06:14.064Z</time>
			</trkpt>
			<trkpt lat="39.9592" lon="-1.1071">
				<ele>1084.28</ele>
				<time>2026-09-10T09:06:15.270Z</time>
			</trkpt>
			<trkpt lat="39.95933" lon="-1.10799">
				<ele>1083.28</ele>
				<time>2026-09-10T09:06:18.862Z</time>
			</trkpt>
			<trkpt lat="39.95935" lon="-1.10833">
				<ele>1086.24</ele>
				<time>2026-09-10T09:06:20.197Z</time>
			</trkpt>
			<trkpt lat="39.95932" lon="-1.10867">
				<ele>1089.89</ele>
				<time>2026-09-10T09:06:21.527Z</time>
			</trkpt>
			<trkpt lat="39.95924" lon="-1.10893">
				<ele>1090.9</ele>
				<time>2026-09-10T09:06:22.609Z</time>
			</trkpt>
			<trkpt lat="39.95913" lon="-1.10917">
				<ele>1090.14</ele>
				<time>2026-09-10T09:06:23.684Z</time>
			</trkpt>
			<trkpt lat="39.95899" lon="-1.10937">
				<ele>1088.74</ele>
				<time>2026-09-10T09:06:24.718Z</time>
			</trkpt>
			<trkpt lat="39.95839" lon="-1.11009">
				<ele>1083.3</ele>
				<time>2026-09-10T09:06:28.730Z</time>
			</trkpt>
			<trkpt lat="39.95822" lon="-1.11034">
				<ele>1082.63</ele>
				<time>2026-09-10T09:06:29.975Z</time>
			</trkpt>
			<trkpt lat="39.95742" lon="-1.11178">
				<ele>1082.83</ele>
				<time>2026-09-10T09:06:36.470Z</time>
			</trkpt>
			<trkpt lat="39.95673" lon="-1.1134">
				<ele>1081.02</ele>
				<time>2026-09-10T09:06:43.033Z</time>
			</trkpt>
			<trkpt lat="39.95657" lon="-1.11368">
				<ele>1081.15</ele>
				<time>2026-09-10T09:06:44.248Z</time>
			</trkpt>
			<trkpt lat="39.95642" lon="-1.11386">
				<ele>1082.54</ele>
				<time>2026-09-10T09:06:45.169Z</time>
			</trkpt>
			<trkpt lat="39.95624" lon="-1.11403">
				<ele>1082.81</ele>
				<time>2026-09-10T09:06:46.169Z</time>
			</trkpt>
			<trkpt lat="39.95558" lon="-1.11446">
				<ele>1073.2</ele>
				<time>2026-09-10T09:06:49.458Z</time>
			</trkpt>
			<trkpt lat="39.95542" lon="-1.11463">
				<ele>1074.6</ele>
				<time>2026-09-10T09:06:50.370Z</time>
			</trkpt>
			<trkpt lat="39.95516" lon="-1.11502">
				<ele>1074.46</ele>
				<time>2026-09-10T09:06:52.113Z</time>
			</trkpt>
			<trkpt lat="39.95487" lon="-1.11551">
				<ele>1072.63</ele>
				<time>2026-09-10T09:06:54.185Z</time>
			</trkpt>
			<trkpt lat="39.95473" lon="-1.11583">
				<ele>1069.89</ele>
				<time>2026-09-10T09:06:55.411Z</time>
			</trkpt>
			<trkpt lat="39.95383" lon="-1.11835">
				<ele>1051.79</ele>
				<time>2026-09-10T09:07:04.501Z</time>
			</trkpt>
			<trkpt lat="39.9537" lon="-1.1186">
				<ele>1052.66</ele>
				<time>2026-09-10T09:07:05.474Z</time>
			</trkpt>
			<trkpt lat="39.95356" lon="-1.11881">
				<ele>1050.9</ele>
				<time>2026-09-10T09:07:06.369Z</time>
			</trkpt>
			<trkpt lat="39.95341" lon="-1.11898">
				<ele>1050.03</ele>
				<time>2026-09-10T09:07:07.200Z</time>
			</trkpt>
			<trkpt lat="39.95318" lon="-1.11919">
				<ele>1048.87</ele>
				<time>2026-09-10T09:07:08.372Z</time>
			</trkpt>
			<trkpt lat="39.95063" lon="-1.1209">
				<ele>1032.96</ele>
				<time>2026-09-10T09:07:20.194Z</time>
			</trkpt>
			<trkpt lat="39.94396" lon="-1.12543">
				<ele>998.82</ele>
				<time>2026-09-10T09:07:51.205Z</time>
			</trkpt>
			<trkpt lat="39.93291" lon="-1.13293">
				<ele>956.42</ele>
				<time>2026-09-10T09:08:51.064Z</time>
			</trkpt>
			<trkpt lat="39.92994" lon="-1.13496">
				<ele>949.75</ele>
				<time>2026-09-10T09:09:10.831Z</time>
			</trkpt>
			<trkpt lat="39.92556" lon="-1.13792">
				<ele>952</ele>
				<time>2026-09-10T09:09:43.995Z</time>
			</trkpt>
			<trkpt lat="39.9253" lon="-1.13735">
				<ele>951.9</ele>
				<time>2026-09-10T09:09:47.726Z</time>
			</trkpt>
			<trkpt lat="39.92481" lon="-1.13619">
				<ele>951.67</ele>
				<time>2026-09-10T09:09:55.368Z</time>
			</trkpt>
			<trkpt lat="39.92435" lon="-1.13516">
				<ele>948.28</ele>
				<time>2026-09-10T09:10:01.812Z</time>
			</trkpt>
			<trkpt lat="39.9243" lon="-1.13504">
				<ele>947.22</ele>
				<time>2026-09-10T09:10:02.475Z</time>
			</trkpt>
			<trkpt lat="39.92384" lon="-1.1341">
				<ele>940.9</ele>
				<time>2026-09-10T09:10:08.335Z</time>
			</trkpt>
			<trkpt lat="39.92433" lon="-1.13355">
				<ele>940.93</ele>
				<time>2026-09-10T09:10:14.448Z</time>
			</trkpt>
			<trkpt lat="39.92424" lon="-1.13342">
				<ele>941.46</ele>
				<time>2026-09-10T09:10:16.026Z</time>
			</trkpt>
			<trkpt lat="39.92416" lon="-1.13332">
				<ele>941.93</ele>
				<time>2026-09-10T09:10:17.425Z</time>
			</trkpt>
			<trkpt lat="39.92424" lon="-1.13342">
				<ele>941.46</ele>
				<time>2026-09-10T09:10:18.919Z</time>
			</trkpt>
			<trkpt lat="39.92433" lon="-1.13355">
				<ele>940.93</ele>
				<time>2026-09-10T09:10:20.864Z</time>
			</trkpt>
			<trkpt lat="39.92384" lon="-1.1341">
				<ele>940.9</ele>
				<time>2026-09-10T09:10:32.909Z</time>
			</trkpt>
			<trkpt lat="39.9243" lon="-1.13504">
				<ele>947.22</ele>
				<time>2026-09-10T09:11:18.265Z</time>
			</trkpt>
			<trkpt lat="39.92435" lon="-1.13516">
				<ele>948.28</ele>
				<time>2026-09-10T09:11:20.192Z</time>
			</trkpt>
			<trkpt lat="39.92481" lon="-1.13619">
				<ele>951.67</ele>
				<time>2026-09-10T09:11:35.698Z</time>
			</trkpt>
			<trkpt lat="39.9253" lon="-1.13735">
				<ele>951.9</ele>
				<time>2026-09-10T09:11:45.715Z</time>
			</trkpt>
			<trkpt lat="39.92556" lon="-1.13792">
				<ele>952</ele>
				<time>2026-09-10T09:11:50.657Z</time>
			</trkpt>
			<trkpt lat="39.92966" lon="-1.14744">
				<ele>978.19</ele>
				<time>2026-09-10T09:13:05.180Z</time>
			</trkpt>
			<trkpt lat="39.92987" lon="-1.14781">
				<ele>983.35</ele>
				<time>2026-09-10T09:13:08.052Z</time>
			</trkpt>
			<trkpt lat="39.93058" lon="-1.14863">
				<ele>988.03</ele>
				<time>2026-09-10T09:13:15.664Z</time>
			</trkpt>
			<trkpt lat="39.93069" lon="-1.14879">
				<ele>989.65</ele>
				<time>2026-09-10T09:13:16.971Z</time>
			</trkpt>
			<trkpt lat="39.93075" lon="-1.14902">
				<ele>991.46</ele>
				<time>2026-09-10T09:13:18.444Z</time>
			</trkpt>
			<trkpt lat="39.93076" lon="-1.14925">
				<ele>992.72</ele>
				<time>2026-09-10T09:13:19.835Z</time>
			</trkpt>
			<trkpt lat="39.9307" lon="-1.14948">
				<ele>993.4</ele>
				<time>2026-09-10T09:13:21.297Z</time>
			</trkpt>
			<trkpt lat="39.93064" lon="-1.14963">
				<ele>993.22</ele>
				<time>2026-09-10T09:13:22.312Z</time>
			</trkpt>
			<trkpt lat="39.93025" lon="-1.15028">
				<ele>993.31</ele>
				<time>2026-09-10T09:13:27.222Z</time>
			</trkpt>
			<trkpt lat="39.93017" lon="-1.15045">
				<ele>994.68</ele>
				<time>2026-09-10T09:13:28.399Z</time>
			</trkpt>
			<trkpt lat="39.93013" lon="-1.15059">
				<ele>995.12</ele>
				<time>2026-09-10T09:13:29.278Z</time>
			</trkpt>
			<trkpt lat="39.93014" lon="-1.15075">
				<ele>995.69</ele>
				<time>2026-09-10T09:13:30.220Z</time>
			</trkpt>
			<trkpt lat="39.93019" lon="-1.15094">
				<ele>997</ele>
				<time>2026-09-10T09:13:31.396Z</time>
			</trkpt>
			<trkpt lat="39.93023" lon="-1.15105">
				<ele>998.16</ele>
				<time>2026-09-10T09:13:32.107Z</time>
			</trkpt>
			<trkpt lat="39.93113" lon="-1.15252">
				<ele>1004.99</ele>
				<time>2026-09-10T09:13:42.913Z</time>
			</trkpt>
			<trkpt lat="39.93122" lon="-1.15276">
				<ele>1005.14</ele>
				<time>2026-09-10T09:13:44.421Z</time>
			</trkpt>
			<trkpt lat="39.9314" lon="-1.15357">
				<ele>1010.3</ele>
				<time>2026-09-10T09:13:49.140Z</time>
			</trkpt>
			<trkpt lat="39.93147" lon="-1.15371">
				<ele>1012.2</ele>
				<time>2026-09-10T09:13:50.068Z</time>
			</trkpt>
			<trkpt lat="39.9316" lon="-1.15381">
				<ele>1013.3</ele>
				<time>2026-09-10T09:13:51.157Z</time>
			</trkpt>
			<trkpt lat="39.93226" lon="-1.15422">
				<ele>1014.99</ele>
				<time>2026-09-10T09:13:56.384Z</time>
			</trkpt>
			<trkpt lat="39.93238" lon="-1.15433">
				<ele>1014.6</ele>
				<time>2026-09-10T09:13:57.423Z</time>
			</trkpt>
			<trkpt lat="39.93248" lon="-1.15449">
				<ele>1014.42</ele>
				<time>2026-09-10T09:13:58.540Z</time>
			</trkpt>
			<trkpt lat="39.93252" lon="-1.15472">
				<ele>1015.65</ele>
				<time>2026-09-10T09:13:59.813Z</time>
			</trkpt>
			<trkpt lat="39.93253" lon="-1.155">
				<ele>1017.63</ele>
				<time>2026-09-10T09:14:01.319Z</time>
			</trkpt>
			<trkpt lat="39.93249" lon="-1.1552">
				<ele>1020.14</ele>
				<time>2026-09-10T09:14:02.425Z</time>
			</trkpt>
			<trkpt lat="39.93224" lon="-1.15572">
				<ele>1023.5</ele>
				<time>2026-09-10T09:14:05.687Z</time>
			</trkpt>
			<trkpt lat="39.9321" lon="-1.15626">
				<ele>1025.86</ele>
				<time>2026-09-10T09:14:08.688Z</time>
			</trkpt>
			<trkpt lat="39.93207" lon="-1.15655">
				<ele>1026.58</ele>
				<time>2026-09-10T09:14:10.218Z</time>
			</trkpt>
			<trkpt lat="39.93211" lon="-1.15668">
				<ele>1026.81</ele>
				<time>2026-09-10T09:14:10.947Z</time>
			</trkpt>
			<trkpt lat="39.93219" lon="-1.15682">
				<ele>1026.77</ele>
				<time>2026-09-10T09:14:11.854Z</time>
			</trkpt>
			<trkpt lat="39.9332" lon="-1.15815">
				<ele>1029.39</ele>
				<time>2026-09-10T09:14:21.419Z</time>
			</trkpt>
			<trkpt lat="39.93357" lon="-1.15878">
				<ele>1025.69</ele>
				<time>2026-09-10T09:14:25.386Z</time>
			</trkpt>
			<trkpt lat="39.93364" lon="-1.15892">
				<ele>1024.61</ele>
				<time>2026-09-10T09:14:26.215Z</time>
			</trkpt>
			<trkpt lat="39.93368" lon="-1.15909">
				<ele>1023.41</ele>
				<time>2026-09-10T09:14:27.095Z</time>
			</trkpt>
			<trkpt lat="39.93368" lon="-1.15923">
				<ele>1022.77</ele>
				<time>2026-09-10T09:14:27.785Z</time>
			</trkpt>
			<trkpt lat="39.93364" lon="-1.15938">
				<ele>1022.25</ele>
				<time>2026-09-10T09:14:28.567Z</time>
			</trkpt>
			<trkpt lat="39.93292" lon="-1.16081">
				<ele>1015.63</ele>
				<time>2026-09-10T09:14:36.857Z</time>
			</trkpt>
			<trkpt lat="39.9328" lon="-1.16099">
				<ele>1015.02</ele>
				<time>2026-09-10T09:14:37.994Z</time>
			</trkpt>
			<trkpt lat="39.93245" lon="-1.16142">
				<ele>1010.72</ele>
				<time>2026-09-10T09:14:40.964Z</time>
			</trkpt>
			<trkpt lat="39.93234" lon="-1.1616">
				<ele>1008.35</ele>
				<time>2026-09-10T09:14:42.046Z</time>
			</trkpt>
			<trkpt lat="39.9323" lon="-1.1618">
				<ele>1006.34</ele>
				<time>2026-09-10T09:14:43.014Z</time>
			</trkpt>
			<trkpt lat="39.9323" lon="-1.162">
				<ele>1005.11</ele>
				<time>2026-09-10T09:14:43.948Z</time>
			</trkpt>
			<trkpt lat="39.93236" lon="-1.16219">
				<ele>1004.65</ele>
				<time>2026-09-10T09:14:44.904Z</time>
			</trkpt>
			<trkpt lat="39.93256" lon="-1.16264">
				<ele>1003.94</ele>
				<time>2026-09-10T09:14:47.310Z</time>
			</trkpt>
			<trkpt lat="39.93269" lon="-1.16289">
				<ele>1004.52</ele>
				<time>2026-09-10T09:14:48.698Z</time>
			</trkpt>
			<trkpt lat="39.93278" lon="-1.16297">
				<ele>1005</ele>
				<time>2026-09-10T09:14:49.348Z</time>
			</trkpt>
			<trkpt lat="39.93288" lon="-1.16302">
				<ele>1005.11</ele>
				<time>2026-09-10T09:14:49.986Z</time>
			</trkpt>
			<trkpt lat="39.933" lon="-1.16301">
				<ele>1005.27</ele>
				<time>2026-09-10T09:14:50.701Z</time>
			</trkpt>
			<trkpt lat="39.93311" lon="-1.16298">
				<ele>1006.03</ele>
				<time>2026-09-10T09:14:51.367Z</time>
			</trkpt>
			<trkpt lat="39.93331" lon="-1.16284">
				<ele>1008.43</ele>
				<time>2026-09-10T09:14:52.707Z</time>
			</trkpt>
			<trkpt lat="39.93557" lon="-1.16102">
				<ele>999.36</ele>
				<time>2026-09-10T09:15:07.916Z</time>
			</trkpt>
			<trkpt lat="39.9357" lon="-1.16096">
				<ele>999.15</ele>
				<time>2026-09-10T09:15:08.682Z</time>
			</trkpt>
			<trkpt lat="39.93584" lon="-1.16097">
				<ele>999.28</ele>
				<time>2026-09-10T09:15:09.459Z</time>
			</trkpt>
			<trkpt lat="39.93596" lon="-1.16107">
				<ele>997.01</ele>
				<time>2026-09-10T09:15:10.245Z</time>
			</trkpt>
			<trkpt lat="39.9361" lon="-1.16124">
				<ele>994.09</ele>
				<time>2026-09-10T09:15:11.298Z</time>
			</trkpt>
			<trkpt lat="39.93653" lon="-1.16204">
				<ele>987.14</ele>
				<time>2026-09-10T09:15:15.379Z</time>
			</trkpt>
			<trkpt lat="39.93668" lon="-1.16219">
				<ele>987</ele>
				<time>2026-09-10T09:15:16.398Z</time>
			</trkpt>
			<trkpt lat="39.93709" lon="-1.16248">
				<ele>987</ele>
				<time>2026-09-10T09:15:18.896Z</time>
			</trkpt>
			<trkpt lat="39.93764" lon="-1.16314">
				<ele>985.8</ele>
				<time>2026-09-10T09:15:22.847Z</time>
			</trkpt>
			<trkpt lat="39.93777" lon="-1.16326">
				<ele>986.27</ele>
				<time>2026-09-10T09:15:23.680Z</time>
			</trkpt>
			<trkpt lat="39.9383" lon="-1.16361">
				<ele>985.34</ele>
				<time>2026-09-10T09:15:26.766Z</time>
			</trkpt>
			<trkpt lat="39.93844" lon="-1.16375">
				<ele>983.88</ele>
				<time>2026-09-10T09:15:27.674Z</time>
			</trkpt>
			<trkpt lat="39.93928" lon="-1.16489">
				<ele>977.48</ele>
				<time>2026-09-10T09:15:33.827Z</time>
			</trkpt>
			<trkpt lat="39.94023" lon="-1.16687">
				<ele>972.65</ele>
				<time>2026-09-10T09:15:42.632Z</time>
			</trkpt>
			<trkpt lat="39.94076" lon="-1.16869">
				<ele>968.05</ele>
				<time>2026-09-10T09:15:49.721Z</time>
			</trkpt>
			<trkpt lat="39.94088" lon="-1.16994">
				<ele>970.38</ele>
				<time>2026-09-10T09:15:54.193Z</time>
			</trkpt>
			<trkpt lat="39.94112" lon="-1.17145">
				<ele>966.73</ele>
				<time>2026-09-10T09:15:59.546Z</time>
			</trkpt>
			<trkpt lat="39.94117" lon="-1.17165">
				<ele>966.23</ele>
				<time>2026-09-10T09:16:00.266Z</time>
			</trkpt>
			<trkpt lat="39.94125" lon="-1.17179">
				<ele>966.26</ele>
				<time>2026-09-10T09:16:00.862Z</time>
			</trkpt>
			<trkpt lat="39.94166" lon="-1.17228">
				<ele>964.78</ele>
				<time>2026-09-10T09:16:03.321Z</time>
			</trkpt>
			<trkpt lat="39.94175" lon="-1.17246">
				<ele>962.95</ele>
				<time>2026-09-10T09:16:04.044Z</time>
			</trkpt>
			<trkpt lat="39.94176" lon="-1.17269">
				<ele>961.76</ele>
				<time>2026-09-10T09:16:04.816Z</time>
			</trkpt>
			<trkpt lat="39.94146" lon="-1.17392">
				<ele>959.58</ele>
				<time>2026-09-10T09:16:09.094Z</time>
			</trkpt>
			<trkpt lat="39.94133" lon="-1.1751">
				<ele>957.18</ele>
				<time>2026-09-10T09:16:12.970Z</time>
			</trkpt>
			<trkpt lat="39.94135" lon="-1.17547">
				<ele>957.03</ele>
				<time>2026-09-10T09:16:14.162Z</time>
			</trkpt>
			<trkpt lat="39.94157" lon="-1.1783">
				<ele>953.66</ele>
				<time>2026-09-10T09:16:23.083Z</time>
			</trkpt>
			<trkpt lat="39.94157" lon="-1.17847">
				<ele>953.96</ele>
				<time>2026-09-10T09:16:23.605Z</time>
			</trkpt>
			<trkpt lat="39.94153" lon="-1.1786">
				<ele>953.98</ele>
				<time>2026-09-10T09:16:24.034Z</time>
			</trkpt>
			<trkpt lat="39.94145" lon="-1.17873">
				<ele>954.06</ele>
				<time>2026-09-10T09:16:24.542Z</time>
			</trkpt>
			<trkpt lat="39.9407" lon="-1.17957">
				<ele>953.71</ele>
				<time>2026-09-10T09:16:28.438Z</time>
			</trkpt>
			<trkpt lat="39.94062" lon="-1.17971">
				<ele>953.78</ele>
				<time>2026-09-10T09:16:28.960Z</time>
			</trkpt>
			<trkpt lat="39.94048" lon="-1.18027">
				<ele>955.67</ele>
				<time>2026-09-10T09:16:30.711Z</time>
			</trkpt>
			<trkpt lat="39.9404" lon="-1.1805">
				<ele>955.88</ele>
				<time>2026-09-10T09:16:31.458Z</time>
			</trkpt>
			<trkpt lat="39.94033" lon="-1.18066">
				<ele>956.34</ele>
				<time>2026-09-10T09:16:32.001Z</time>
			</trkpt>
			<trkpt lat="39.93992" lon="-1.18134">
				<ele>957.14</ele>
				<time>2026-09-10T09:16:34.531Z</time>
			</trkpt>
			<trkpt lat="39.93986" lon="-1.18146">
				<ele>956.35</ele>
				<time>2026-09-10T09:16:34.947Z</time>
			</trkpt>
			<trkpt lat="39.93985" lon="-1.18157">
				<ele>955.8</ele>
				<time>2026-09-10T09:16:35.268Z</time>
			</trkpt>
			<trkpt lat="39.93987" lon="-1.1817">
				<ele>955.53</ele>
				<time>2026-09-10T09:16:35.652Z</time>
			</trkpt>
			<trkpt lat="39.94086" lon="-1.18579">
				<ele>959.89</ele>
				<time>2026-09-10T09:16:47.704Z</time>
			</trkpt>
			<trkpt lat="39.94092" lon="-1.18615">
				<ele>958.19</ele>
				<time>2026-09-10T09:16:48.708Z</time>
			</trkpt>
			<trkpt lat="39.9409" lon="-1.18634">
				<ele>957.47</ele>
				<time>2026-09-10T09:16:49.229Z</time>
			</trkpt>
			<trkpt lat="39.94044" lon="-1.18899">
				<ele>949.06</ele>
				<time>2026-09-10T09:16:56.478Z</time>
			</trkpt>
			<trkpt lat="39.94044" lon="-1.18917">
				<ele>947.4</ele>
				<time>2026-09-10T09:16:56.950Z</time>
			</trkpt>
			<trkpt lat="39.94047" lon="-1.1894">
				<ele>947.25</ele>
				<time>2026-09-10T09:16:57.561Z</time>
			</trkpt>
			<trkpt lat="39.94053" lon="-1.18965">
				<ele>947.78</ele>
				<time>2026-09-10T09:16:58.244Z</time>
			</trkpt>
			<trkpt lat="39.9406" lon="-1.1898">
				<ele>947.58</ele>
				<time>2026-09-10T09:16:58.701Z</time>
			</trkpt>
			<trkpt lat="39.94071" lon="-1.18996">
				<ele>947.26</ele>
				<time>2026-09-10T09:16:59.259Z</time>
			</trkpt>
			<trkpt lat="39.94098" lon="-1.19024">
				<ele>945.41</ele>
				<time>2026-09-10T09:17:00.422Z</time>
			</trkpt>
			<trkpt lat="39.94112" lon="-1.1903">
				<ele>944.5</ele>
				<time>2026-09-10T09:17:00.917Z</time>
			</trkpt>
			<trkpt lat="39.94128" lon="-1.19031">
				<ele>942.51</ele>
				<time>2026-09-10T09:17:01.455Z</time>
			</trkpt>
			<trkpt lat="39.94172" lon="-1.19031">
				<ele>941.74</ele>
				<time>2026-09-10T09:17:02.924Z</time>
			</trkpt>
			<trkpt lat="39.9418" lon="-1.19033">
				<ele>941.39</ele>
				<time>2026-09-10T09:17:03.195Z</time>
			</trkpt>
			<trkpt lat="39.94185" lon="-1.19036">
				<ele>940.84</ele>
				<time>2026-09-10T09:17:03.378Z</time>
			</trkpt>
			<trkpt lat="39.94195" lon="-1.19061">
				<ele>936.96</ele>
				<time>2026-09-10T09:17:04.095Z</time>
			</trkpt>
			<trkpt lat="39.94196" lon="-1.19067">
				<ele>936.98</ele>
				<time>2026-09-10T09:17:04.251Z</time>
			</trkpt>
			<trkpt lat="39.94194" lon="-1.19074">
				<ele>937</ele>
				<time>2026-09-10T09:17:04.440Z</time>
			</trkpt>
			<trkpt lat="39.9419" lon="-1.19079">
				<ele>937.16</ele>
				<time>2026-09-10T09:17:04.624Z</time>
			</trkpt>
			<trkpt lat="39.94157" lon="-1.19103">
				<ele>937.52</ele>
				<time>2026-09-10T09:17:05.869Z</time>
			</trkpt>
			<trkpt lat="39.94142" lon="-1.19119">
				<ele>935.24</ele>
				<time>2026-09-10T09:17:06.505Z</time>
			</trkpt>
			<trkpt lat="39.94113" lon="-1.19162">
				<ele>932.06</ele>
				<time>2026-09-10T09:17:07.941Z</time>
			</trkpt>
			<trkpt lat="39.94096" lon="-1.19181">
				<ele>931.93</ele>
				<time>2026-09-10T09:17:08.670Z</time>
			</trkpt>
			<trkpt lat="39.94019" lon="-1.19231">
				<ele>922.15</ele>
				<time>2026-09-10T09:17:11.451Z</time>
			</trkpt>
			<trkpt lat="39.94009" lon="-1.19239">
				<ele>920.96</ele>
				<time>2026-09-10T09:17:11.827Z</time>
			</trkpt>
			<trkpt lat="39.93992" lon="-1.19269">
				<ele>920.98</ele>
				<time>2026-09-10T09:17:12.744Z</time>
			</trkpt>
			<trkpt lat="39.93991" lon="-1.19282">
				<ele>921.76</ele>
				<time>2026-09-10T09:17:13.064Z</time>
			</trkpt>
			<trkpt lat="39.93993" lon="-1.19297">
				<ele>922.28</ele>
				<time>2026-09-10T09:17:13.437Z</time>
			</trkpt>
			<trkpt lat="39.94024" lon="-1.19393">
				<ele>917.58</ele>
				<time>2026-09-10T09:17:15.974Z</time>
			</trkpt>
			<trkpt lat="39.94026" lon="-1.19403">
				<ele>917.37</ele>
				<time>2026-09-10T09:17:16.224Z</time>
			</trkpt>
			<trkpt lat="39.94024" lon="-1.19413">
				<ele>916.91</ele>
				<time>2026-09-10T09:17:16.474Z</time>
			</trkpt>
			<trkpt lat="39.94021" lon="-1.19421">
				<ele>916.9</ele>
				<time>2026-09-10T09:17:16.690Z</time>
			</trkpt>
			<trkpt lat="39.94012" lon="-1.1943">
				<ele>916.99</ele>
				<time>2026-09-10T09:17:17.047Z</time>
			</trkpt>
			<trkpt lat="39.93936" lon="-1.19476">
				<ele>913.51</ele>
				<time>2026-09-10T09:17:19.673Z</time>
			</trkpt>
			<trkpt lat="39.93928" lon="-1.19477">
				<ele>913.89</ele>
				<time>2026-09-10T09:17:19.924Z</time>
			</trkpt>
			<trkpt lat="39.93919" lon="-1.19475">
				<ele>914</ele>
				<time>2026-09-10T09:17:20.208Z</time>
			</trkpt>
			<trkpt lat="39.9391" lon="-1.19466">
				<ele>913.96</ele>
				<time>2026-09-10T09:17:20.561Z</time>
			</trkpt>
			<trkpt lat="39.93848" lon="-1.19372">
				<ele>908.51</ele>
				<time>2026-09-10T09:17:23.505Z</time>
			</trkpt>
			<trkpt lat="39.9384" lon="-1.19366">
				<ele>906.5</ele>
				<time>2026-09-10T09:17:23.789Z</time>
			</trkpt>
			<trkpt lat="39.93825" lon="-1.19361">
				<ele>904.68</ele>
				<time>2026-09-10T09:17:24.266Z</time>
			</trkpt>
			<trkpt lat="39.93697" lon="-1.19345">
				<ele>895.69</ele>
				<time>2026-09-10T09:17:28.196Z</time>
			</trkpt>
			<trkpt lat="39.93688" lon="-1.19346">
				<ele>894.44</ele>
				<time>2026-09-10T09:17:28.470Z</time>
			</trkpt>
			<trkpt lat="39.93591" lon="-1.19378">
				<ele>892.76</ele>
				<time>2026-09-10T09:17:31.497Z</time>
			</trkpt>
			<trkpt lat="39.93579" lon="-1.19381">
				<ele>894.06</ele>
				<time>2026-09-10T09:17:31.865Z</time>
			</trkpt>
			<trkpt lat="39.93567" lon="-1.19381">
				<ele>895.52</ele>
				<time>2026-09-10T09:17:32.226Z</time>
			</trkpt>
			<trkpt lat="39.93556" lon="-1.19376">
				<ele>895.99</ele>
				<time>2026-09-10T09:17:32.576Z</time>
			</trkpt>
			<trkpt lat="39.93509" lon="-1.19346">
				<ele>889.83</ele>
				<time>2026-09-10T09:17:34.146Z</time>
			</trkpt>
			<trkpt lat="39.93488" lon="-1.19322">
				<ele>884.75</ele>
				<time>2026-09-10T09:17:34.981Z</time>
			</trkpt>
			<trkpt lat="39.93479" lon="-1.19308">
				<ele>881.65</ele>
				<time>2026-09-10T09:17:35.400Z</time>
			</trkpt>
			<trkpt lat="39.93468" lon="-1.19299">
				<ele>879.1</ele>
				<time>2026-09-10T09:17:35.787Z</time>
			</trkpt>
			<trkpt lat="39.93454" lon="-1.19296">
				<ele>877.11</ele>
				<time>2026-09-10T09:17:36.211Z</time>
			</trkpt>
			<trkpt lat="39.93443" lon="-1.19297">
				<ele>876.83</ele>
				<time>2026-09-10T09:17:36.539Z</time>
			</trkpt>
			<trkpt lat="39.93429" lon="-1.19303">
				<ele>877.95</ele>
				<time>2026-09-10T09:17:36.978Z</time>
			</trkpt>
			<trkpt lat="39.93417" lon="-1.19311">
				<ele>879.83</ele>
				<time>2026-09-10T09:17:37.379Z</time>
			</trkpt>
			<trkpt lat="39.9338" lon="-1.19347">
				<ele>877.84</ele>
				<time>2026-09-10T09:17:38.750Z</time>
			</trkpt>
			<trkpt lat="39.93323" lon="-1.19406">
				<ele>865.62</ele>
				<time>2026-09-10T09:17:40.905Z</time>
			</trkpt>
			<trkpt lat="39.93316" lon="-1.19418">
				<ele>865.89</ele>
				<time>2026-09-10T09:17:41.246Z</time>
			</trkpt>
			<trkpt lat="39.93313" lon="-1.19435">
				<ele>870.19</ele>
				<time>2026-09-10T09:17:41.641Z</time>
			</trkpt>
			<trkpt lat="39.9331" lon="-1.19539">
				<ele>886.83</ele>
				<time>2026-09-10T09:17:43.993Z</time>
			</trkpt>
			<trkpt lat="39.93312" lon="-1.1956">
				<ele>884.81</ele>
				<time>2026-09-10T09:17:44.470Z</time>
			</trkpt>
			<trkpt lat="39.93318" lon="-1.19578">
				<ele>882.54</ele>
				<time>2026-09-10T09:17:44.912Z</time>
			</trkpt>
			<trkpt lat="39.9333" lon="-1.19602">
				<ele>879.35</ele>
				<time>2026-09-10T09:17:45.558Z</time>
			</trkpt>
			<trkpt lat="39.93345" lon="-1.19621">
				<ele>877.12</ele>
				<time>2026-09-10T09:17:46.172Z</time>
			</trkpt>
			<trkpt lat="39.93366" lon="-1.19637">
				<ele>876.42</ele>
				<time>2026-09-10T09:17:46.885Z</time>
			</trkpt>
			<trkpt lat="39.93414" lon="-1.19659">
				<ele>876.59</ele>
				<time>2026-09-10T09:17:48.376Z</time>
			</trkpt>
			<trkpt lat="39.93426" lon="-1.1966">
				<ele>877.34</ele>
				<time>2026-09-10T09:17:48.728Z</time>
			</trkpt>
			<trkpt lat="39.93436" lon="-1.19658">
				<ele>878.42</ele>
				<time>2026-09-10T09:17:49.024Z</time>
			</trkpt>
			<trkpt lat="39.93468" lon="-1.19642">
				<ele>878.81</ele>
				<time>2026-09-10T09:17:50.027Z</time>
			</trkpt>
			<trkpt lat="39.93482" lon="-1.19643">
				<ele>877.95</ele>
				<time>2026-09-10T09:17:50.437Z</time>
			</trkpt>
			<trkpt lat="39.93495" lon="-1.19649">
				<ele>876.44</ele>
				<time>2026-09-10T09:17:50.840Z</time>
			</trkpt>
			<trkpt lat="39.93506" lon="-1.19657">
				<ele>875.17</ele>
				<time>2026-09-10T09:17:51.208Z</time>
			</trkpt>
			<trkpt lat="39.93514" lon="-1.1967">
				<ele>873.25</ele>
				<time>2026-09-10T09:17:51.582Z</time>
			</trkpt>
			<trkpt lat="39.93519" lon="-1.19687">
				<ele>871.88</ele>
				<time>2026-09-10T09:17:51.989Z</time>
			</trkpt>
			<trkpt lat="39.93519" lon="-1.19703">
				<ele>871.73</ele>
				<time>2026-09-10T09:17:52.348Z</time>
			</trkpt>
			<trkpt lat="39.93515" lon="-1.19716">
				<ele>871.88</ele>
				<time>2026-09-10T09:17:52.662Z</time>
			</trkpt>
			<trkpt lat="39.93452" lon="-1.1979">
				<ele>869.87</ele>
				<time>2026-09-10T09:17:55.137Z</time>
			</trkpt>
			<trkpt lat="39.93418" lon="-1.19818">
				<ele>863.77</ele>
				<time>2026-09-10T09:17:56.311Z</time>
			</trkpt>
			<trkpt lat="39.93411" lon="-1.19825">
				<ele>861.92</ele>
				<time>2026-09-10T09:17:56.568Z</time>
			</trkpt>
			<trkpt lat="39.93405" lon="-1.19836">
				<ele>860.5</ele>
				<time>2026-09-10T09:17:56.870Z</time>
			</trkpt>
			<trkpt lat="39.93402" lon="-1.19847">
				<ele>859.45</ele>
				<time>2026-09-10T09:17:57.131Z</time>
			</trkpt>
			<trkpt lat="39.93401" lon="-1.1986">
				<ele>859.33</ele>
				<time>2026-09-10T09:17:57.424Z</time>
			</trkpt>
			<trkpt lat="39.93397" lon="-1.19963">
				<ele>856.37</ele>
				<time>2026-09-10T09:17:59.733Z</time>
			</trkpt>
			<trkpt lat="39.93395" lon="-1.19977">
				<ele>856.41</ele>
				<time>2026-09-10T09:18:00.052Z</time>
			</trkpt>
			<trkpt lat="39.93388" lon="-1.20002">
				<ele>854.72</ele>
				<time>2026-09-10T09:18:00.648Z</time>
			</trkpt>
			<trkpt lat="39.93353" lon="-1.20151">
				<ele>838.97</ele>
				<time>2026-09-10T09:18:04.143Z</time>
			</trkpt>
			<trkpt lat="39.93351" lon="-1.20168">
				<ele>838.66</ele>
				<time>2026-09-10T09:18:04.529Z</time>
			</trkpt>
			<trkpt lat="39.93354" lon="-1.20182">
				<ele>838.12</ele>
				<time>2026-09-10T09:18:04.856Z</time>
			</trkpt>
			<trkpt lat="39.9336" lon="-1.20191">
				<ele>838.2</ele>
				<time>2026-09-10T09:18:05.124Z</time>
			</trkpt>
			<trkpt lat="39.93367" lon="-1.20198">
				<ele>839.21</ele>
				<time>2026-09-10T09:18:05.382Z</time>
			</trkpt>
			<trkpt lat="39.93465" lon="-1.20259">
				<ele>837.08</ele>
				<time>2026-09-10T09:18:08.572Z</time>
			</trkpt>
			<trkpt lat="39.93565" lon="-1.20346">
				<ele>828.99</ele>
				<time>2026-09-10T09:18:12.118Z</time>
			</trkpt>
			<trkpt lat="39.93582" lon="-1.20356">
				<ele>826.37</ele>
				<time>2026-09-10T09:18:12.670Z</time>
			</trkpt>
			<trkpt lat="39.93603" lon="-1.20356">
				<ele>830.34</ele>
				<time>2026-09-10T09:18:13.293Z</time>
			</trkpt>
			<trkpt lat="39.93688" lon="-1.20341">
				<ele>830.4</ele>
				<time>2026-09-10T09:18:15.841Z</time>
			</trkpt>
			<trkpt lat="39.93709" lon="-1.2034">
				<ele>826.44</ele>
				<time>2026-09-10T09:18:16.468Z</time>
			</trkpt>
			<trkpt lat="39.93859" lon="-1.2037">
				<ele>806.7</ele>
				<time>2026-09-10T09:18:21.017Z</time>
			</trkpt>
			<trkpt lat="39.93883" lon="-1.20369">
				<ele>809.01</ele>
				<time>2026-09-10T09:18:21.742Z</time>
			</trkpt>
			<trkpt lat="39.9397" lon="-1.20342">
				<ele>806.31</ele>
				<time>2026-09-10T09:18:24.452Z</time>
			</trkpt>
			<trkpt lat="39.93992" lon="-1.20342">
				<ele>804.04</ele>
				<time>2026-09-10T09:18:25.122Z</time>
			</trkpt>
			<trkpt lat="39.94126" lon="-1.20367">
				<ele>802.71</ele>
				<time>2026-09-10T09:18:29.272Z</time>
			</trkpt>
			<trkpt lat="39.94148" lon="-1.20378">
				<ele>800.21</ele>
				<time>2026-09-10T09:18:30.000Z</time>
			</trkpt>
			<trkpt lat="39.94169" lon="-1.20398">
				<ele>798.68</ele>
				<time>2026-09-10T09:18:30.805Z</time>
			</trkpt>
			<trkpt lat="39.9417" lon="-1.20407">
				<ele>797.19</ele>
				<time>2026-09-10T09:18:31.022Z</time>
			</trkpt>
			<trkpt lat="39.94169" lon="-1.20416">
				<ele>794.95</ele>
				<time>2026-09-10T09:18:31.238Z</time>
			</trkpt>
			<trkpt lat="39.9416" lon="-1.20437">
				<ele>785.2</ele>
				<time>2026-09-10T09:18:31.811Z</time>
			</trkpt>
			<trkpt lat="39.94161" lon="-1.20445">
				<ele>782.85</ele>
				<time>2026-09-10T09:18:32.005Z</time>
			</trkpt>
			<trkpt lat="39.94166" lon="-1.20451">
				<ele>782.1</ele>
				<time>2026-09-10T09:18:32.216Z</time>
			</trkpt>
			<trkpt lat="39.94229" lon="-1.20503">
				<ele>779.02</ele>
				<time>2026-09-10T09:18:34.548Z</time>
			</trkpt>
			<trkpt lat="39.94311" lon="-1.20553">
				<ele>787.81</ele>
				<time>2026-09-10T09:18:37.405Z</time>
			</trkpt>
			<trkpt lat="39.94324" lon="-1.20556">
				<ele>789.86</ele>
				<time>2026-09-10T09:18:37.825Z</time>
			</trkpt>
			<trkpt lat="39.94371" lon="-1.20561">
				<ele>786.17</ele>
				<time>2026-09-10T09:18:39.327Z</time>
			</trkpt>
			<trkpt lat="39.94382" lon="-1.20566">
				<ele>785.22</ele>
				<time>2026-09-10T09:18:39.700Z</time>
			</trkpt>
			<trkpt lat="39.9439" lon="-1.20574">
				<ele>782.99</ele>
				<time>2026-09-10T09:18:40.023Z</time>
			</trkpt>
			<trkpt lat="39.94397" lon="-1.20589">
				<ele>779.07</ele>
				<time>2026-09-10T09:18:40.454Z</time>
			</trkpt>
			<trkpt lat="39.94412" lon="-1.20631">
				<ele>773.57</ele>
				<time>2026-09-10T09:18:41.597Z</time>
			</trkpt>
			<trkpt lat="39.94415" lon="-1.20652">
				<ele>770.78</ele>
				<time>2026-09-10T09:18:42.125Z</time>
			</trkpt>
			<trkpt lat="39.94417" lon="-1.20719">
				<ele>752.03</ele>
				<time>2026-09-10T09:18:43.791Z</time>
			</trkpt>
			<trkpt lat="39.9442" lon="-1.20734">
				<ele>751.25</ele>
				<time>2026-09-10T09:18:44.178Z</time>
			</trkpt>
			<trkpt lat="39.94426" lon="-1.20745">
				<ele>752.26</ele>
				<time>2026-09-10T09:18:44.515Z</time>
			</trkpt>
			<trkpt lat="39.94434" lon="-1.20753">
				<ele>754.78</ele>
				<time>2026-09-10T09:18:44.844Z</time>
			</trkpt>
			<trkpt lat="39.94444" lon="-1.20756">
				<ele>758.15</ele>
				<time>2026-09-10T09:18:45.180Z</time>
			</trkpt>
			<trkpt lat="39.94456" lon="-1.20755">
				<ele>760.39</ele>
				<time>2026-09-10T09:18:45.573Z</time>
			</trkpt>
			<trkpt lat="39.9447" lon="-1.20749">
				<ele>764.97</ele>
				<time>2026-09-10T09:18:46.056Z</time>
			</trkpt>
			<trkpt lat="39.94494" lon="-1.20736">
				<ele>771.15</ele>
				<time>2026-09-10T09:18:46.911Z</time>
			</trkpt>
			<trkpt lat="39.94504" lon="-1.20734">
				<ele>772.11</ele>
				<time>2026-09-10T09:18:47.244Z</time>
			</trkpt>
			<trkpt lat="39.94513" lon="-1.20736">
				<ele>771.69</ele>
				<time>2026-09-10T09:18:47.545Z</time>
			</trkpt>
			<trkpt lat="39.9452" lon="-1.20741">
				<ele>771.04</ele>
				<time>2026-09-10T09:18:47.809Z</time>
			</trkpt>
			<trkpt lat="39.94527" lon="-1.2075">
				<ele>771.02</ele>
				<time>2026-09-10T09:18:48.134Z</time>
			</trkpt>
			<trkpt lat="39.94532" lon="-1.20762">
				<ele>771.52</ele>
				<time>2026-09-10T09:18:48.481Z</time>
			</trkpt>
			<trkpt lat="39.94533" lon="-1.20774">
				<ele>771.71</ele>
				<time>2026-09-10T09:18:48.788Z</time>
			</trkpt>
			<trkpt lat="39.94531" lon="-1.20787">
				<ele>770.78</ele>
				<time>2026-09-10T09:18:49.126Z</time>
			</trkpt>
			<trkpt lat="39.94527" lon="-1.20796">
				<ele>769.07</ele>
				<time>2026-09-10T09:18:49.391Z</time>
			</trkpt>
			<trkpt lat="39.9452" lon="-1.20804">
				<ele>765.73</ele>
				<time>2026-09-10T09:18:49.701Z</time>
			</trkpt>
			<trkpt lat="39.94512" lon="-1.20809">
				<ele>761.83</ele>
				<time>2026-09-10T09:18:49.997Z</time>
			</trkpt>
			<trkpt lat="39.94501" lon="-1.2081">
				<ele>756.8</ele>
				<time>2026-09-10T09:18:50.365Z</time>
			</trkpt>
			<trkpt lat="39.94401" lon="-1.20788">
				<ele>740.55</ele>
				<time>2026-09-10T09:18:53.779Z</time>
			</trkpt>
			<trkpt lat="39.94394" lon="-1.20789">
				<ele>738.44</ele>
				<time>2026-09-10T09:18:54.018Z</time>
			</trkpt>
			<trkpt lat="39.94381" lon="-1.20802">
				<ele>733.85</ele>
				<time>2026-09-10T09:18:54.575Z</time>
			</trkpt>
			<trkpt lat="39.94377" lon="-1.20811">
				<ele>731.59</ele>
				<time>2026-09-10T09:18:54.846Z</time>
			</trkpt>
			<trkpt lat="39.94377" lon="-1.20823">
				<ele>729.46</ele>
				<time>2026-09-10T09:18:55.160Z</time>
			</trkpt>
			<trkpt lat="39.94379" lon="-1.20833">
				<ele>728.68</ele>
				<time>2026-09-10T09:18:55.431Z</time>
			</trkpt>
			<trkpt lat="39.94385" lon="-1.20845">
				<ele>728</ele>
				<time>2026-09-10T09:18:55.806Z</time>
			</trkpt>
			<trkpt lat="39.94392" lon="-1.20851">
				<ele>728.61</ele>
				<time>2026-09-10T09:18:56.093Z</time>
			</trkpt>
			<trkpt lat="39.944" lon="-1.20854">
				<ele>729.87</ele>
				<time>2026-09-10T09:18:56.378Z</time>
			</trkpt>
			<trkpt lat="39.94439" lon="-1.20848">
				<ele>739.67</ele>
				<time>2026-09-10T09:18:57.730Z</time>
			</trkpt>
			<trkpt lat="39.94453" lon="-1.20848">
				<ele>742.27</ele>
				<time>2026-09-10T09:18:58.213Z</time>
			</trkpt>
			<trkpt lat="39.94459" lon="-1.20851">
				<ele>743.65</ele>
				<time>2026-09-10T09:18:58.436Z</time>
			</trkpt>
			<trkpt lat="39.94469" lon="-1.20859">
				<ele>745.96</ele>
				<time>2026-09-10T09:18:58.842Z</time>
			</trkpt>
			<trkpt lat="39.94474" lon="-1.20871">
				<ele>746.78</ele>
				<time>2026-09-10T09:18:59.206Z</time>
			</trkpt>
			<trkpt lat="39.94475" lon="-1.20878">
				<ele>746.54</ele>
				<time>2026-09-10T09:18:59.396Z</time>
			</trkpt>
			<trkpt lat="39.94475" lon="-1.20886">
				<ele>745.54</ele>
				<time>2026-09-10T09:18:59.609Z</time>
			</trkpt>
			<trkpt lat="39.94472" lon="-1.20895">
				<ele>743.77</ele>
				<time>2026-09-10T09:18:59.871Z</time>
			</trkpt>
			<trkpt lat="39.94425" lon="-1.20994">
				<ele>717.59</ele>
				<time>2026-09-10T09:19:03.005Z</time>
			</trkpt>
			<trkpt lat="39.94421" lon="-1.21005">
				<ele>715.99</ele>
				<time>2026-09-10T09:19:03.335Z</time>
			</trkpt>
			<trkpt lat="39.9442" lon="-1.21026">
				<ele>716.22</ele>
				<time>2026-09-10T09:19:03.907Z</time>
			</trkpt>
			<trkpt lat="39.94424" lon="-1.21049">
				<ele>712.96</ele>
				<time>2026-09-10T09:19:04.550Z</time>
			</trkpt>
			<trkpt lat="39.94512" lon="-1.21249">
				<ele>720.05</ele>
				<time>2026-09-10T09:19:10.941Z</time>
			</trkpt>
			<trkpt lat="39.94515" lon="-1.21269">
				<ele>717.21</ele>
				<time>2026-09-10T09:19:11.515Z</time>
			</trkpt>
			<trkpt lat="39.94515" lon="-1.21285">
				<ele>710.46</ele>
				<time>2026-09-10T09:19:11.967Z</time>
			</trkpt>
			<trkpt lat="39.94508" lon="-1.21307">
				<ele>692.86</ele>
				<time>2026-09-10T09:19:12.641Z</time>
			</trkpt>
			<trkpt lat="39.94463" lon="-1.21413">
				<ele>706.95</ele>
				<time>2026-09-10T09:19:16.106Z</time>
			</trkpt>
			<trkpt lat="39.94462" lon="-1.21423">
				<ele>723.66</ele>
				<time>2026-09-10T09:19:16.397Z</time>
			</trkpt>
			<trkpt lat="39.94465" lon="-1.21437">
				<ele>744.25</ele>
				<time>2026-09-10T09:19:16.817Z</time>
			</trkpt>
			<trkpt lat="39.94485" lon="-1.21472">
				<ele>769.62</ele>
				<time>2026-09-10T09:19:18.083Z</time>
			</trkpt>
			<trkpt lat="39.94496" lon="-1.21485">
				<ele>773.69</ele>
				<time>2026-09-10T09:19:18.648Z</time>
			</trkpt>
			<trkpt lat="39.94507" lon="-1.21494">
				<ele>761.72</ele>
				<time>2026-09-10T09:19:19.143Z</time>
			</trkpt>
			<trkpt lat="39.94543" lon="-1.21508">
				<ele>708.57</ele>
				<time>2026-09-10T09:19:20.581Z</time>
			</trkpt>
			<trkpt lat="39.94558" lon="-1.21517">
				<ele>703.37</ele>
				<time>2026-09-10T09:19:21.216Z</time>
			</trkpt>
			<trkpt lat="39.94571" lon="-1.21531">
				<ele>705.12</ele>
				<time>2026-09-10T09:19:21.867Z</time>
			</trkpt>
			<trkpt lat="39.9459" lon="-1.21568">
				<ele>721.1</ele>
				<time>2026-09-10T09:19:23.191Z</time>
			</trkpt>
			<trkpt lat="39.94598" lon="-1.21577">
				<ele>722.16</ele>
				<time>2026-09-10T09:19:23.602Z</time>
			</trkpt>
			<trkpt lat="39.94654" lon="-1.21606">
				<ele>708.87</ele>
				<time>2026-09-10T09:19:25.964Z</time>
			</trkpt>
			<trkpt lat="39.94675" lon="-1.21619">
				<ele>716.32</ele>
				<time>2026-09-10T09:19:26.882Z</time>
			</trkpt>
			<trkpt lat="39.94752" lon="-1.21681">
				<ele>719.81</ele>
				<time>2026-09-10T09:19:30.496Z</time>
			</trkpt>
			<trkpt lat="39.94764" lon="-1.21688">
				<ele>718.9</ele>
				<time>2026-09-10T09:19:31.026Z</time>
			</trkpt>
			<trkpt lat="39.94777" lon="-1.21692">
				<ele>715.04</ele>
				<time>2026-09-10T09:19:31.566Z</time>
			</trkpt>
			<trkpt lat="39.94903" lon="-1.21704">
				<ele>693.5</ele>
				<time>2026-09-10T09:19:36.745Z</time>
			</trkpt>
			<trkpt lat="39.94914" lon="-1.21709">
				<ele>695.11</ele>
				<time>2026-09-10T09:19:37.229Z</time>
			</trkpt>
			<trkpt lat="39.94924" lon="-1.21717">
				<ele>696.89</ele>
				<time>2026-09-10T09:19:37.717Z</time>
			</trkpt>
			<trkpt lat="39.94946" lon="-1.21751">
				<ele>715.09</ele>
				<time>2026-09-10T09:19:39.144Z</time>
			</trkpt>
			<trkpt lat="39.94955" lon="-1.21759">
				<ele>719.18</ele>
				<time>2026-09-10T09:19:39.602Z</time>
			</trkpt>
			<trkpt lat="39.94966" lon="-1.21764">
				<ele>718.63</ele>
				<time>2026-09-10T09:19:40.092Z</time>
			</trkpt>
			<trkpt lat="39.95031" lon="-1.21764">
				<ele>692.89</ele>
				<time>2026-09-10T09:19:42.850Z</time>
			</trkpt>
			<trkpt lat="39.95043" lon="-1.21765">
				<ele>690.6</ele>
				<time>2026-09-10T09:19:43.365Z</time>
			</trkpt>
			<trkpt lat="39.9505" lon="-1.21767">
				<ele>689.67</ele>
				<time>2026-09-10T09:19:43.672Z</time>
			</trkpt>
			<trkpt lat="39.95061" lon="-1.21776">
				<ele>691.3</ele>
				<time>2026-09-10T09:19:44.229Z</time>
			</trkpt>
			<trkpt lat="39.95069" lon="-1.21793">
				<ele>695.34</ele>
				<time>2026-09-10T09:19:44.887Z</time>
			</trkpt>
			<trkpt lat="39.95071" lon="-1.21807">
				<ele>697.17</ele>
				<time>2026-09-10T09:19:45.358Z</time>
			</trkpt>
			<trkpt lat="39.9507" lon="-1.21821">
				<ele>698.4</ele>
				<time>2026-09-10T09:19:45.825Z</time>
			</trkpt>
			<trkpt lat="39.95048" lon="-1.21918">
				<ele>722.88</ele>
				<time>2026-09-10T09:19:49.209Z</time>
			</trkpt>
			<trkpt lat="39.95046" lon="-1.21934">
				<ele>726.87</ele>
				<time>2026-09-10T09:19:49.757Z</time>
			</trkpt>
			<trkpt lat="39.95048" lon="-1.21956">
				<ele>728.19</ele>
				<time>2026-09-10T09:19:50.507Z</time>
			</trkpt>
			<trkpt lat="39.9506" lon="-1.22035">
				<ele>721.98</ele>
				<time>2026-09-10T09:19:53.257Z</time>
			</trkpt>
			<trkpt lat="39.95061" lon="-1.22052">
				<ele>720.28</ele>
				<time>2026-09-10T09:19:53.843Z</time>
			</trkpt>
			<trkpt lat="39.9506" lon="-1.22064">
				<ele>719.32</ele>
				<time>2026-09-10T09:19:54.259Z</time>
			</trkpt>
			<trkpt lat="39.95053" lon="-1.22086">
				<ele>720.04</ele>
				<time>2026-09-10T09:19:55.083Z</time>
			</trkpt>
			<trkpt lat="39.94949" lon="-1.22282">
				<ele>724.66</ele>
				<time>2026-09-10T09:20:03.499Z</time>
			</trkpt>
			<trkpt lat="39.94944" lon="-1.22293">
				<ele>725.35</ele>
				<time>2026-09-10T09:20:03.960Z</time>
			</trkpt>
			<trkpt lat="39.94896" lon="-1.22469">
				<ele>717.8</ele>
				<time>2026-09-10T09:20:10.797Z</time>
			</trkpt>
			<trkpt lat="39.94887" lon="-1.22487">
				<ele>712.51</ele>
				<time>2026-09-10T09:20:11.597Z</time>
			</trkpt>
			<trkpt lat="39.94876" lon="-1.22497">
				<ele>708.42</ele>
				<time>2026-09-10T09:20:12.250Z</time>
			</trkpt>
			<trkpt lat="39.94868" lon="-1.22501">
				<ele>706.86</ele>
				<time>2026-09-10T09:20:12.668Z</time>
			</trkpt>
			<trkpt lat="39.94787" lon="-1.22512">
				<ele>706.34</ele>
				<time>2026-09-10T09:20:16.681Z</time>
			</trkpt>
			<trkpt lat="39.94771" lon="-1.22518">
				<ele>709.28</ele>
				<time>2026-09-10T09:20:17.510Z</time>
			</trkpt>
			<trkpt lat="39.94756" lon="-1.22531">
				<ele>710.93</ele>
				<time>2026-09-10T09:20:18.411Z</time>
			</trkpt>
			<trkpt lat="39.94747" lon="-1.22542">
				<ele>711.35</ele>
				<time>2026-09-10T09:20:19.029Z</time>
			</trkpt>
			<trkpt lat="39.94709" lon="-1.22606">
				<ele>709.4</ele>
				<time>2026-09-10T09:20:22.165Z</time>
			</trkpt>
			<trkpt lat="39.9469" lon="-1.22647">
				<ele>707.21</ele>
				<time>2026-09-10T09:20:24.041Z</time>
			</trkpt>
			<trkpt lat="39.94649" lon="-1.22767">
				<ele>699.34</ele>
				<time>2026-09-10T09:20:29.261Z</time>
			</trkpt>
			<trkpt lat="39.94643" lon="-1.22792">
				<ele>701.92</ele>
				<time>2026-09-10T09:20:30.315Z</time>
			</trkpt>
			<trkpt lat="39.94641" lon="-1.22825">
				<ele>703.01</ele>
				<time>2026-09-10T09:20:31.654Z</time>
			</trkpt>
			<trkpt lat="39.94651" lon="-1.22925">
				<ele>697.71</ele>
				<time>2026-09-10T09:20:35.777Z</time>
			</trkpt>
			<trkpt lat="39.94666" lon="-1.23053">
				<ele>704.35</ele>
				<time>2026-09-10T09:20:41.173Z</time>
			</trkpt>
			<trkpt lat="39.94676" lon="-1.23119">
				<ele>710.52</ele>
				<time>2026-09-10T09:20:44.022Z</time>
			</trkpt>
			<trkpt lat="39.94688" lon="-1.23185">
				<ele>704.98</ele>
				<time>2026-09-10T09:20:46.927Z</time>
			</trkpt>
			<trkpt lat="39.94717" lon="-1.23325">
				<ele>698.62</ele>
				<time>2026-09-10T09:20:53.247Z</time>
			</trkpt>
			<trkpt lat="39.94729" lon="-1.23369">
				<ele>695.64</ele>
				<time>2026-09-10T09:20:55.314Z</time>
			</trkpt>
			<trkpt lat="39.94747" lon="-1.23413">
				<ele>690.01</ele>
				<time>2026-09-10T09:20:57.540Z</time>
			</trkpt>
			<trkpt lat="39.94832" lon="-1.23599">
				<ele>695.41</ele>
				<time>2026-09-10T09:21:07.418Z</time>
			</trkpt>
			<trkpt lat="39.94837" lon="-1.23617">
				<ele>695.41</ele>
				<time>2026-09-10T09:21:08.309Z</time>
			</trkpt>
			<trkpt lat="39.9484" lon="-1.23642">
				<ele>700.05</ele>
				<time>2026-09-10T09:21:09.490Z</time>
			</trkpt>
			<trkpt lat="39.94844" lon="-1.23807">
				<ele>710.85</ele>
				<time>2026-09-10T09:21:17.318Z</time>
			</trkpt>
			<trkpt lat="39.94827" lon="-1.24022">
				<ele>727.28</ele>
				<time>2026-09-10T09:21:27.894Z</time>
			</trkpt>
			<trkpt lat="39.94826" lon="-1.24042">
				<ele>728.71</ele>
				<time>2026-09-10T09:21:28.894Z</time>
			</trkpt>
			<trkpt lat="39.94829" lon="-1.2406">
				<ele>726.15</ele>
				<time>2026-09-10T09:21:29.816Z</time>
			</trkpt>
			<trkpt lat="39.94857" lon="-1.24111">
				<ele>711.71</ele>
				<time>2026-09-10T09:21:32.976Z</time>
			</trkpt>
			<trkpt lat="39.94866" lon="-1.24134">
				<ele>713.34</ele>
				<time>2026-09-10T09:21:34.287Z</time>
			</trkpt>
			<trkpt lat="39.9487" lon="-1.24153">
				<ele>715.58</ele>
				<time>2026-09-10T09:21:35.290Z</time>
			</trkpt>
			<trkpt lat="39.94873" lon="-1.24181">
				<ele>718.45</ele>
				<time>2026-09-10T09:21:36.736Z</time>
			</trkpt>
			<trkpt lat="39.94882" lon="-1.24366">
				<ele>717.86</ele>
				<time>2026-09-10T09:21:46.382Z</time>
			</trkpt>
			<trkpt lat="39.94882" lon="-1.24398">
				<ele>719.03</ele>
				<time>2026-09-10T09:21:48.077Z</time>
			</trkpt>
			<trkpt lat="39.94878" lon="-1.24465">
				<ele>721</ele>
				<time>2026-09-10T09:21:51.665Z</time>
			</trkpt>
			<trkpt lat="39.94848" lon="-1.24747">
				<ele>726.71</ele>
				<time>2026-09-10T09:22:07.308Z</time>
			</trkpt>
			<trkpt lat="39.94846" lon="-1.24785">
				<ele>729.59</ele>
				<time>2026-09-10T09:22:09.456Z</time>
			</trkpt>
			<trkpt lat="39.94848" lon="-1.24799">
				<ele>729.89</ele>
				<time>2026-09-10T09:22:10.262Z</time>
			</trkpt>
			<trkpt lat="39.94854" lon="-1.24811">
				<ele>730.36</ele>
				<time>2026-09-10T09:22:11.075Z</time>
			</trkpt>
			<trkpt lat="39.94867" lon="-1.24825">
				<ele>729.71</ele>
				<time>2026-09-10T09:22:12.327Z</time>
			</trkpt>
			<trkpt lat="39.94912" lon="-1.24861">
				<ele>730.2</ele>
				<time>2026-09-10T09:22:16.276Z</time>
			</trkpt>
			<trkpt lat="39.9493" lon="-1.2488">
				<ele>728.63</ele>
				<time>2026-09-10T09:22:18.022Z</time>
			</trkpt>
			<trkpt lat="39.94943" lon="-1.249">
				<ele>726.02</ele>
				<time>2026-09-10T09:22:19.544Z</time>
			</trkpt>
			<trkpt lat="39.94997" lon="-1.25028">
				<ele>734.18</ele>
				<time>2026-09-10T09:22:28.146Z</time>
			</trkpt>
			<trkpt lat="39.95007" lon="-1.25062">
				<ele>736.06</ele>
				<time>2026-09-10T09:22:30.321Z</time>
			</trkpt>
			<trkpt lat="39.95006" lon="-1.25088">
				<ele>736.52</ele>
				<time>2026-09-10T09:22:31.884Z</time>
			</trkpt>
			<trkpt lat="39.94997" lon="-1.2511">
				<ele>734.37</ele>
				<time>2026-09-10T09:22:33.387Z</time>
			</trkpt>
			<trkpt lat="39.94986" lon="-1.25128">
				<ele>735.95</ele>
				<time>2026-09-10T09:22:34.780Z</time>
			</trkpt>
			<trkpt lat="39.94867" lon="-1.25303">
				<ele>734.61</ele>
				<time>2026-09-10T09:22:49.227Z</time>
			</trkpt>
			<trkpt lat="39.9486" lon="-1.25325">
				<ele>736.51</ele>
				<time>2026-09-10T09:22:50.729Z</time>
			</trkpt>
			<trkpt lat="39.94862" lon="-1.25347">
				<ele>737.56</ele>
				<time>2026-09-10T09:22:52.130Z</time>
			</trkpt>
			<trkpt lat="39.94928" lon="-1.25548">
				<ele>742.2</ele>
				<time>2026-09-10T09:23:06.227Z</time>
			</trkpt>
			<trkpt lat="39.94941" lon="-1.25574">
				<ele>744.69</ele>
				<time>2026-09-10T09:23:08.268Z</time>
			</trkpt>
			<trkpt lat="39.94954" lon="-1.25589">
				<ele>746.1</ele>
				<time>2026-09-10T09:23:09.763Z</time>
			</trkpt>
			<trkpt lat="39.95032" lon="-1.25632">
				<ele>762.12</ele>
				<time>2026-09-10T09:23:17.131Z</time>
			</trkpt>
			<trkpt lat="39.95042" lon="-1.2563">
				<ele>768.67</ele>
				<time>2026-09-10T09:23:18.019Z</time>
			</trkpt>
			<trkpt lat="39.95052" lon="-1.25621">
				<ele>774.59</ele>
				<time>2026-09-10T09:23:19.089Z</time>
			</trkpt>
			<trkpt lat="39.95061" lon="-1.2561">
				<ele>775.52</ele>
				<time>2026-09-10T09:23:20.178Z</time>
			</trkpt>
			<trkpt lat="39.95066" lon="-1.25587">
				<ele>767.11</ele>
				<time>2026-09-10T09:23:21.801Z</time>
			</trkpt>
			<trkpt lat="39.95064" lon="-1.25547">
				<ele>756.32</ele>
				<time>2026-09-10T09:23:24.535Z</time>
			</trkpt>
			<trkpt lat="39.95064" lon="-1.25523">
				<ele>752.92</ele>
				<time>2026-09-10T09:23:26.180Z</time>
			</trkpt>
			<trkpt lat="39.95073" lon="-1.25497">
				<ele>750.92</ele>
				<time>2026-09-10T09:23:28.144Z</time>
			</trkpt>
			<trkpt lat="39.95091" lon="-1.25473">
				<ele>751.84</ele>
				<time>2026-09-10T09:23:30.466Z</time>
			</trkpt>
			<trkpt lat="39.95116" lon="-1.25462">
				<ele>755.73</ele>
				<time>2026-09-10T09:23:32.859Z</time>
			</trkpt>
			<trkpt lat="39.95137" lon="-1.2546">
				<ele>759.16</ele>
				<time>2026-09-10T09:23:34.778Z</time>
			</trkpt>
			<trkpt lat="39.95153" lon="-1.25463">
				<ele>762.4</ele>
				<time>2026-09-10T09:23:36.256Z</time>
			</trkpt>
			<trkpt lat="39.95181" lon="-1.25461">
				<ele>767.94</ele>
				<time>2026-09-10T09:23:38.832Z</time>
			</trkpt>
			<trkpt lat="39.95217" lon="-1.25466">
				<ele>771.51</ele>
				<time>2026-09-10T09:23:42.180Z</time>
			</trkpt>
			<trkpt lat="39.95272" lon="-1.25444">
				<ele>759.78</ele>
				<time>2026-09-10T09:23:47.549Z</time>
			</trkpt>
			<trkpt lat="39.95304" lon="-1.25447">
				<ele>752.29</ele>
				<time>2026-09-10T09:23:50.570Z</time>
			</trkpt>
			<trkpt lat="39.95323" lon="-1.25454">
				<ele>752.99</ele>
				<time>2026-09-10T09:23:52.439Z</time>
			</trkpt>
			<trkpt lat="39.95378" lon="-1.25421">
				<ele>753.77</ele>
				<time>2026-09-10T09:23:58.215Z</time>
			</trkpt>
			<trkpt lat="39.95442" lon="-1.25402">
				<ele>750.66</ele>
				<time>2026-09-10T09:24:04.557Z</time>
			</trkpt>
			<trkpt lat="39.95451" lon="-1.2542">
				<ele>759.74</ele>
				<time>2026-09-10T09:24:06.170Z</time>
			</trkpt>
			<trkpt lat="39.95469" lon="-1.25442">
				<ele>761.59</ele>
				<time>2026-09-10T09:24:08.813Z</time>
			</trkpt>
			<trkpt lat="39.95476" lon="-1.25455">
				<ele>762.15</ele>
				<time>2026-09-10T09:24:10.235Z</time>
			</trkpt>
			<trkpt lat="39.95478" lon="-1.25466">
				<ele>762.82</ele>
				<time>2026-09-10T09:24:11.294Z</time>
			</trkpt>
			<trkpt lat="39.95521" lon="-1.25507">
				<ele>759.25</ele>
				<time>2026-09-10T09:24:18.599Z</time>
			</trkpt>
			<trkpt lat="39.95536" lon="-1.25524">
				<ele>760.19</ele>
				<time>2026-09-10T09:24:21.658Z</time>
			</trkpt>
			<trkpt lat="39.9555" lon="-1.25542">
				<ele>761.47</ele>
				<time>2026-09-10T09:24:24.850Z</time>
			</trkpt>
			<trkpt lat="39.95571" lon="-1.25577">
				<ele>765.79</ele>
				<time>2026-09-10T09:24:30.751Z</time>
			</trkpt>
			<trkpt lat="39.95581" lon="-1.25583">
				<ele>765.31</ele>
				<time>2026-09-10T09:24:32.753Z</time>
			</trkpt>
			<trkpt lat="39.95591" lon="-1.25588">
				<ele>763.58</ele>
				<time>2026-09-10T09:24:34.742Z</time>
			</trkpt>
			<trkpt lat="39.95596" lon="-1.2559">
				<ele>761.85</ele>
				<time>2026-09-10T09:24:35.729Z</time>
			</trkpt>
			<trkpt lat="39.9562" lon="-1.25617">
				<ele>759.95</ele>
				<time>2026-09-10T09:24:41.904Z</time>
			</trkpt>
			<trkpt lat="39.95628" lon="-1.25619">
				<ele>758.58</ele>
				<time>2026-09-10T09:24:43.544Z</time>
			</trkpt>
			<trkpt lat="39.95659" lon="-1.2565">
				<ele>758.39</ele>
				<time>2026-09-10T09:24:51.681Z</time>
			</trkpt>
			<trkpt lat="39.95685" lon="-1.2573">
				<ele>756.51</ele>
				<time>2026-09-10T09:25:06.473Z</time>
			</trkpt>
			<trkpt lat="39.95686" lon="-1.25746">
				<ele>754.25</ele>
				<time>2026-09-10T09:25:09.313Z</time>
			</trkpt>
			<trkpt lat="39.9568" lon="-1.2576">
				<ele>753.12</ele>
				<time>2026-09-10T09:25:12.260Z</time>
			</trkpt>
			<trkpt lat="39.95648" lon="-1.25792">
				<ele>752.48</ele>
				<time>2026-09-10T09:25:23.910Z</time>
			</trkpt>
			<trkpt lat="39.95636" lon="-1.258">
				<ele>752.61</ele>
				<time>2026-09-10T09:25:28.267Z</time>
			</trkpt>
			<trkpt lat="39.95629" lon="-1.25813">
				<ele>753.27</ele>
				<time>2026-09-10T09:25:32.303Z</time>
			</trkpt>
			<trkpt lat="39.95623" lon="-1.25828">
				<ele>754.39</ele>
				<time>2026-09-10T09:25:36.645Z</time>
			</trkpt>
			<trkpt lat="39.95618" lon="-1.2586">
				<ele>764.34</ele>
				<time>2026-09-10T09:25:44.918Z</time>
			</trkpt>
			<trkpt lat="39.95617" lon="-1.25868">
				<ele>766.79</ele>
				<time>2026-09-10T09:25:46.908Z</time>
			</trkpt>
			<trkpt lat="39.95621" lon="-1.25893">
				<ele>768.75</ele>
				<time>2026-09-10T09:25:52.886Z</time>
			</trkpt>
			<trkpt lat="39.95632" lon="-1.25943">
				<ele>766.78</ele>
				<time>2026-09-10T09:26:03.729Z</time>
			</trkpt>
			<trkpt lat="39.95637" lon="-1.25964">
				<ele>773.15</ele>
				<time>2026-09-10T09:26:08.049Z</time>
			</trkpt>
			<trkpt lat="39.95648" lon="-1.26">
				<ele>778.82</ele>
				<time>2026-09-10T09:26:15.150Z</time>
			</trkpt>
			<trkpt lat="39.95666" lon="-1.26038">
				<ele>781.49</ele>
				<time>2026-09-10T09:26:22.652Z</time>
			</trkpt>
			<trkpt lat="39.95698" lon="-1.26083">
				<ele>772.42</ele>
				<time>2026-09-10T09:26:32.814Z</time>
			</trkpt>
			<trkpt lat="39.95705" lon="-1.26096">
				<ele>772.56</ele>
				<time>2026-09-10T09:26:35.340Z</time>
			</trkpt>
			<trkpt lat="39.95708" lon="-1.26108">
				<ele>772.98</ele>
				<time>2026-09-10T09:26:37.297Z</time>
			</trkpt>
			<trkpt lat="39.95708" lon="-1.26128">
				<ele>774.42</ele>
				<time>2026-09-10T09:26:40.288Z</time>
			</trkpt>
			<trkpt lat="39.95705" lon="-1.26158">
				<ele>777.04</ele>
				<time>2026-09-10T09:26:44.499Z</time>
			</trkpt>
			<trkpt lat="39.95696" lon="-1.26181">
				<ele>781.58</ele>
				<time>2026-09-10T09:26:47.729Z</time>
			</trkpt>
			<trkpt lat="39.95687" lon="-1.26194">
				<ele>784.53</ele>
				<time>2026-09-10T09:26:49.695Z</time>
			</trkpt>
			<trkpt lat="39.95678" lon="-1.26201">
				<ele>787.41</ele>
				<time>2026-09-10T09:26:51.088Z</time>
			</trkpt>
			<trkpt lat="39.95668" lon="-1.26206">
				<ele>790.29</ele>
				<time>2026-09-10T09:26:52.373Z</time>
			</trkpt>
			<trkpt lat="39.95617" lon="-1.26217">
				<ele>798.93</ele>
				<time>2026-09-10T09:26:57.564Z</time>
			</trkpt>
			<trkpt lat="39.95609" lon="-1.26223">
				<ele>799.31</ele>
				<time>2026-09-10T09:26:58.470Z</time>
			</trkpt>
			<trkpt lat="39.95605" lon="-1.26232">
				<ele>799.47</ele>
				<time>2026-09-10T09:26:59.251Z</time>
			</trkpt>
			<trkpt lat="39.95604" lon="-1.26243">
				<ele>798.49</ele>
				<time>2026-09-10T09:27:00.079Z</time>
			</trkpt>
			<trkpt lat="39.95609" lon="-1.26256">
				<ele>797.49</ele>
				<time>2026-09-10T09:27:01.164Z</time>
			</trkpt>
			<trkpt lat="39.9562" lon="-1.26263">
				<ele>798.61</ele>
				<time>2026-09-10T09:27:02.351Z</time>
			</trkpt>
			<trkpt lat="39.95646" lon="-1.2627">
				<ele>799.48</ele>
				<time>2026-09-10T09:27:04.908Z</time>
			</trkpt>
			<trkpt lat="39.95652" lon="-1.26276">
				<ele>799.39</ele>
				<time>2026-09-10T09:27:05.633Z</time>
			</trkpt>
			<trkpt lat="39.95655" lon="-1.26289">
				<ele>798.88</ele>
				<time>2026-09-10T09:27:06.627Z</time>
			</trkpt>
			<trkpt lat="39.95652" lon="-1.263">
				<ele>798.31</ele>
				<time>2026-09-10T09:27:07.479Z</time>
			</trkpt>
			<trkpt lat="39.95647" lon="-1.26306">
				<ele>798.01</ele>
				<time>2026-09-10T09:27:08.125Z</time>
			</trkpt>
			<trkpt lat="39.95613" lon="-1.2632">
				<ele>798.81</ele>
				<time>2026-09-10T09:27:11.488Z</time>
			</trkpt>
			<trkpt lat="39.95603" lon="-1.26321">
				<ele>800.61</ele>
				<time>2026-09-10T09:27:12.427Z</time>
			</trkpt>
			<trkpt lat="39.95592" lon="-1.26318">
				<ele>802.58</ele>
				<time>2026-09-10T09:27:13.476Z</time>
			</trkpt>
			<trkpt lat="39.95531" lon="-1.26287">
				<ele>813.58</ele>
				<time>2026-09-10T09:27:19.511Z</time>
			</trkpt>
			<trkpt lat="39.95507" lon="-1.26283">
				<ele>817.37</ele>
				<time>2026-09-10T09:27:21.708Z</time>
			</trkpt>
			<trkpt lat="39.95491" lon="-1.26283">
				<ele>820.25</ele>
				<time>2026-09-10T09:27:23.152Z</time>
			</trkpt>
			<trkpt lat="39.95481" lon="-1.26287">
				<ele>822.22</ele>
				<time>2026-09-10T09:27:24.092Z</time>
			</trkpt>
			<trkpt lat="39.95478" lon="-1.26291">
				<ele>822.91</ele>
				<time>2026-09-10T09:27:24.477Z</time>
			</trkpt>
			<trkpt lat="39.95475" lon="-1.263">
				<ele>823.59</ele>
				<time>2026-09-10T09:27:25.150Z</time>
			</trkpt>
			<trkpt lat="39.95476" lon="-1.2631">
				<ele>823.61</ele>
				<time>2026-09-10T09:27:25.840Z</time>
			</trkpt>
			<trkpt lat="39.9548" lon="-1.26316">
				<ele>823.36</ele>
				<time>2026-09-10T09:27:26.382Z</time>
			</trkpt>
			<trkpt lat="39.95483" lon="-1.26319">
				<ele>823.16</ele>
				<time>2026-09-10T09:27:26.718Z</time>
			</trkpt>
			<trkpt lat="39.95487" lon="-1.26321">
				<ele>822.92</ele>
				<time>2026-09-10T09:27:27.099Z</time>
			</trkpt>
			<trkpt lat="39.95505" lon="-1.26322">
				<ele>821.48</ele>
				<time>2026-09-10T09:27:28.693Z</time>
			</trkpt>
			<trkpt lat="39.9551" lon="-1.26324">
				<ele>821.1</ele>
				<time>2026-09-10T09:27:29.153Z</time>
			</trkpt>
			<trkpt lat="39.95517" lon="-1.26331">
				<ele>821.34</ele>
				<time>2026-09-10T09:27:29.929Z</time>
			</trkpt>
			<trkpt lat="39.95521" lon="-1.26342">
				<ele>822.27</ele>
				<time>2026-09-10T09:27:30.747Z</time>
			</trkpt>
			<trkpt lat="39.95521" lon="-1.26353">
				<ele>823.37</ele>
				<time>2026-09-10T09:27:31.484Z</time>
			</trkpt>
			<trkpt lat="39.95517" lon="-1.26364">
				<ele>824.6</ele>
				<time>2026-09-10T09:27:32.297Z</time>
			</trkpt>
			<trkpt lat="39.95514" lon="-1.26369">
				<ele>825.24</ele>
				<time>2026-09-10T09:27:32.721Z</time>
			</trkpt>
			<trkpt lat="39.95505" lon="-1.26374">
				<ele>826.1</ele>
				<time>2026-09-10T09:27:33.569Z</time>
			</trkpt>
			<trkpt lat="39.95498" lon="-1.26374">
				<ele>826.35</ele>
				<time>2026-09-10T09:27:34.175Z</time>
			</trkpt>
			<trkpt lat="39.95435" lon="-1.26374">
				<ele>831.95</ele>
				<time>2026-09-10T09:27:39.562Z</time>
			</trkpt>
			<trkpt lat="39.95417" lon="-1.26368">
				<ele>835.94</ele>
				<time>2026-09-10T09:27:41.129Z</time>
			</trkpt>
			<trkpt lat="39.95408" lon="-1.2636">
				<ele>837.9</ele>
				<time>2026-09-10T09:27:42.044Z</time>
			</trkpt>
			<trkpt lat="39.954" lon="-1.26347">
				<ele>839.65</ele>
				<time>2026-09-10T09:27:43.112Z</time>
			</trkpt>
			<trkpt lat="39.95398" lon="-1.26339">
				<ele>840.28</ele>
				<time>2026-09-10T09:27:43.650Z</time>
			</trkpt>
			<trkpt lat="39.95396" lon="-1.26316">
				<ele>841.31</ele>
				<time>2026-09-10T09:27:45.124Z</time>
			</trkpt>
			<trkpt lat="39.95398" lon="-1.26302">
				<ele>841.65</ele>
				<time>2026-09-10T09:27:46.026Z</time>
			</trkpt>
			<trkpt lat="39.95413" lon="-1.26262">
				<ele>842.65</ele>
				<time>2026-09-10T09:27:48.826Z</time>
			</trkpt>
			<trkpt lat="39.95417" lon="-1.26148">
				<ele>831.53</ele>
				<time>2026-09-10T09:27:55.859Z</time>
			</trkpt>
			<trkpt lat="39.95416" lon="-1.26112">
				<ele>835.99</ele>
				<time>2026-09-10T09:27:58.037Z</time>
			</trkpt>
			<trkpt lat="39.9541" lon="-1.26086">
				<ele>841.48</ele>
				<time>2026-09-10T09:27:59.666Z</time>
			</trkpt>
			<trkpt lat="39.95405" lon="-1.26076">
				<ele>843.64</ele>
				<time>2026-09-10T09:28:00.378Z</time>
			</trkpt>
			<trkpt lat="39.95399" lon="-1.26067">
				<ele>845.1</ele>
				<time>2026-09-10T09:28:01.088Z</time>
			</trkpt>
			<trkpt lat="39.95389" lon="-1.26059">
				<ele>846.42</ele>
				<time>2026-09-10T09:28:01.995Z</time>
			</trkpt>
			<trkpt lat="39.9538" lon="-1.26054">
				<ele>845.94</ele>
				<time>2026-09-10T09:28:02.749Z</time>
			</trkpt>
			<trkpt lat="39.95367" lon="-1.26053">
				<ele>846.03</ele>
				<time>2026-09-10T09:28:03.749Z</time>
			</trkpt>
			<trkpt lat="39.9536" lon="-1.26054">
				<ele>846.38</ele>
				<time>2026-09-10T09:28:04.288Z</time>
			</trkpt>
			<trkpt lat="39.95349" lon="-1.26059">
				<ele>845.3</ele>
				<time>2026-09-10T09:28:05.176Z</time>
			</trkpt>
			<trkpt lat="39.9534" lon="-1.26067">
				<ele>844.94</ele>
				<time>2026-09-10T09:28:06.004Z</time>
			</trkpt>
			<trkpt lat="39.9533" lon="-1.26084">
				<ele>845.21</ele>
				<time>2026-09-10T09:28:07.247Z</time>
			</trkpt>
			<trkpt lat="39.95325" lon="-1.26106">
				<ele>844.93</ele>
				<time>2026-09-10T09:28:08.570Z</time>
			</trkpt>
			<trkpt lat="39.95324" lon="-1.26138">
				<ele>844.35</ele>
				<time>2026-09-10T09:28:10.404Z</time>
			</trkpt>
			<trkpt lat="39.9532" lon="-1.26168">
				<ele>843.78</ele>
				<time>2026-09-10T09:28:12.134Z</time>
			</trkpt>
			<trkpt lat="39.95314" lon="-1.26194">
				<ele>844.86</ele>
				<time>2026-09-10T09:28:13.665Z</time>
			</trkpt>
			<trkpt lat="39.95303" lon="-1.2622">
				<ele>847.58</ele>
				<time>2026-09-10T09:28:15.327Z</time>
			</trkpt>
			<trkpt lat="39.9528" lon="-1.26252">
				<ele>850.09</ele>
				<time>2026-09-10T09:28:17.760Z</time>
			</trkpt>
			<trkpt lat="39.95246" lon="-1.26285">
				<ele>849.6</ele>
				<time>2026-09-10T09:28:20.787Z</time>
			</trkpt>
			<trkpt lat="39.95239" lon="-1.26299">
				<ele>850.9</ele>
				<time>2026-09-10T09:28:21.694Z</time>
			</trkpt>
			<trkpt lat="39.95222" lon="-1.26349">
				<ele>856.23</ele>
				<time>2026-09-10T09:28:24.635Z</time>
			</trkpt>
			<trkpt lat="39.95216" lon="-1.26361">
				<ele>858.14</ele>
				<time>2026-09-10T09:28:25.398Z</time>
			</trkpt>
			<trkpt lat="39.95197" lon="-1.26395">
				<ele>861.92</ele>
				<time>2026-09-10T09:28:27.624Z</time>
			</trkpt>
			<trkpt lat="39.95182" lon="-1.26411">
				<ele>865.95</ele>
				<time>2026-09-10T09:28:28.950Z</time>
			</trkpt>
			<trkpt lat="39.95169" lon="-1.26421">
				<ele>868.33</ele>
				<time>2026-09-10T09:28:29.977Z</time>
			</trkpt>
			<trkpt lat="39.95156" lon="-1.26425">
				<ele>870.23</ele>
				<time>2026-09-10T09:28:30.881Z</time>
			</trkpt>
			<trkpt lat="39.95148" lon="-1.26425">
				<ele>871</ele>
				<time>2026-09-10T09:28:31.421Z</time>
			</trkpt>
			<trkpt lat="39.95137" lon="-1.26423">
				<ele>872.04</ele>
				<time>2026-09-10T09:28:32.168Z</time>
			</trkpt>
			<trkpt lat="39.95126" lon="-1.26414">
				<ele>872.45</ele>
				<time>2026-09-10T09:28:33.037Z</time>
			</trkpt>
			<trkpt lat="39.95113" lon="-1.26396">
				<ele>873.56</ele>
				<time>2026-09-10T09:28:34.301Z</time>
			</trkpt>
			<trkpt lat="39.95109" lon="-1.26386">
				<ele>874.06</ele>
				<time>2026-09-10T09:28:34.874Z</time>
			</trkpt>
			<trkpt lat="39.95103" lon="-1.26343">
				<ele>872.8</ele>
				<time>2026-09-10T09:28:37.081Z</time>
			</trkpt>
			<trkpt lat="39.95098" lon="-1.26325">
				<ele>870.89</ele>
				<time>2026-09-10T09:28:38.039Z</time>
			</trkpt>
			<trkpt lat="39.95092" lon="-1.2631">
				<ele>869.25</ele>
				<time>2026-09-10T09:28:38.883Z</time>
			</trkpt>
			<trkpt lat="39.95081" lon="-1.26297">
				<ele>869.12</ele>
				<time>2026-09-10T09:28:39.844Z</time>
			</trkpt>
			<trkpt lat="39.95071" lon="-1.26292">
				<ele>870.37</ele>
				<time>2026-09-10T09:28:40.534Z</time>
			</trkpt>
			<trkpt lat="39.95057" lon="-1.2629">
				<ele>873.22</ele>
				<time>2026-09-10T09:28:41.438Z</time>
			</trkpt>
			<trkpt lat="39.9504" lon="-1.26293">
				<ele>874.32</ele>
				<time>2026-09-10T09:28:42.534Z</time>
			</trkpt>
			<trkpt lat="39.95026" lon="-1.26304">
				<ele>875.61</ele>
				<time>2026-09-10T09:28:43.572Z</time>
			</trkpt>
			<trkpt lat="39.94996" lon="-1.26368">
				<ele>879.69</ele>
				<time>2026-09-10T09:28:47.179Z</time>
			</trkpt>
			<trkpt lat="39.94994" lon="-1.26396">
				<ele>882.72</ele>
				<time>2026-09-10T09:28:48.514Z</time>
			</trkpt>
			<trkpt lat="39.95" lon="-1.2642">
				<ele>885.19</ele>
				<time>2026-09-10T09:28:49.704Z</time>
			</trkpt>
			<trkpt lat="39.95021" lon="-1.26454">
				<ele>888.12</ele>
				<time>2026-09-10T09:28:51.745Z</time>
			</trkpt>
			<trkpt lat="39.95028" lon="-1.26474">
				<ele>894.75</ele>
				<time>2026-09-10T09:28:52.764Z</time>
			</trkpt>
			<trkpt lat="39.95035" lon="-1.26497">
				<ele>893.42</ele>
				<time>2026-09-10T09:28:53.904Z</time>
			</trkpt>
			<trkpt lat="39.95039" lon="-1.26528">
				<ele>894.37</ele>
				<time>2026-09-10T09:28:55.343Z</time>
			</trkpt>
			<trkpt lat="39.95035" lon="-1.26556">
				<ele>895.64</ele>
				<time>2026-09-10T09:28:56.636Z</time>
			</trkpt>
			<trkpt lat="39.95009" lon="-1.26619">
				<ele>898.14</ele>
				<time>2026-09-10T09:28:59.845Z</time>
			</trkpt>
			<trkpt lat="39.95005" lon="-1.26642">
				<ele>901.48</ele>
				<time>2026-09-10T09:29:00.890Z</time>
			</trkpt>
			<trkpt lat="39.95017" lon="-1.26796">
				<ele>905.7</ele>
				<time>2026-09-10T09:29:07.600Z</time>
			</trkpt>
			<trkpt lat="39.95009" lon="-1.26831">
				<ele>907.6</ele>
				<time>2026-09-10T09:29:09.146Z</time>
			</trkpt>
			<trkpt lat="39.95" lon="-1.26849">
				<ele>907.81</ele>
				<time>2026-09-10T09:29:10.050Z</time>
			</trkpt>
			<trkpt lat="39.94971" lon="-1.26896">
				<ele>910.41</ele>
				<time>2026-09-10T09:29:12.560Z</time>
			</trkpt>
			<trkpt lat="39.94944" lon="-1.26967">
				<ele>909.92</ele>
				<time>2026-09-10T09:29:15.803Z</time>
			</trkpt>
			<trkpt lat="39.94927" lon="-1.2699">
				<ele>912.32</ele>
				<time>2026-09-10T09:29:17.093Z</time>
			</trkpt>
			<trkpt lat="39.94897" lon="-1.27012">
				<ele>917.33</ele>
				<time>2026-09-10T09:29:18.889Z</time>
			</trkpt>
			<trkpt lat="39.94881" lon="-1.27033">
				<ele>921.58</ele>
				<time>2026-09-10T09:29:20.063Z</time>
			</trkpt>
			<trkpt lat="39.94878" lon="-1.27054">
				<ele>924.5</ele>
				<time>2026-09-10T09:29:20.904Z</time>
			</trkpt>
			<trkpt lat="39.94881" lon="-1.27065">
				<ele>925.55</ele>
				<time>2026-09-10T09:29:21.363Z</time>
			</trkpt>
			<trkpt lat="39.94887" lon="-1.27079">
				<ele>926.62</ele>
				<time>2026-09-10T09:29:21.990Z</time>
			</trkpt>
			<trkpt lat="39.94913" lon="-1.27094">
				<ele>924.23</ele>
				<time>2026-09-10T09:29:23.432Z</time>
			</trkpt>
			<trkpt lat="39.94931" lon="-1.2711">
				<ele>919.94</ele>
				<time>2026-09-10T09:29:24.528Z</time>
			</trkpt>
			<trkpt lat="39.94941" lon="-1.27132">
				<ele>918.16</ele>
				<time>2026-09-10T09:29:25.509Z</time>
			</trkpt>
			<trkpt lat="39.94978" lon="-1.27272">
				<ele>932.67</ele>
				<time>2026-09-10T09:29:31.075Z</time>
			</trkpt>
			<trkpt lat="39.94982" lon="-1.27298">
				<ele>930.76</ele>
				<time>2026-09-10T09:29:32.052Z</time>
			</trkpt>
			<trkpt lat="39.94984" lon="-1.27371">
				<ele>934.27</ele>
				<time>2026-09-10T09:29:34.713Z</time>
			</trkpt>
			<trkpt lat="39.94982" lon="-1.27403">
				<ele>936.45</ele>
				<time>2026-09-10T09:29:35.869Z</time>
			</trkpt>
			<trkpt lat="39.94971" lon="-1.27425">
				<ele>941.22</ele>
				<time>2026-09-10T09:29:36.809Z</time>
			</trkpt>
			<trkpt lat="39.94941" lon="-1.27455">
				<ele>946.89</ele>
				<time>2026-09-10T09:29:38.558Z</time>
			</trkpt>
			<trkpt lat="39.94921" lon="-1.27489">
				<ele>949.98</ele>
				<time>2026-09-10T09:29:40.064Z</time>
			</trkpt>
			<trkpt lat="39.949" lon="-1.27549">
				<ele>952.55</ele>
				<time>2026-09-10T09:29:42.355Z</time>
			</trkpt>
			<trkpt lat="39.94889" lon="-1.27608">
				<ele>953</ele>
				<time>2026-09-10T09:29:44.436Z</time>
			</trkpt>
			<trkpt lat="39.94878" lon="-1.2764">
				<ele>955.64</ele>
				<time>2026-09-10T09:29:45.626Z</time>
			</trkpt>
			<trkpt lat="39.94859" lon="-1.2766">
				<ele>960.27</ele>
				<time>2026-09-10T09:29:46.699Z</time>
			</trkpt>
			<trkpt lat="39.9479" lon="-1.27693">
				<ele>967.5</ele>
				<time>2026-09-10T09:29:49.889Z</time>
			</trkpt>
			<trkpt lat="39.94736" lon="-1.27736">
				<ele>969.23</ele>
				<time>2026-09-10T09:29:52.587Z</time>
			</trkpt>
			<trkpt lat="39.94646" lon="-1.2782">
				<ele>976.18</ele>
				<time>2026-09-10T09:29:57.208Z</time>
			</trkpt>
			<trkpt lat="39.94529" lon="-1.27912">
				<ele>990.17</ele>
				<time>2026-09-10T09:30:02.752Z</time>
			</trkpt>
			<trkpt lat="39.94524" lon="-1.27917">
				<ele>991.05</ele>
				<time>2026-09-10T09:30:03.004Z</time>
			</trkpt>
			<trkpt lat="39.94514" lon="-1.27935">
				<ele>992.76</ele>
				<time>2026-09-10T09:30:03.683Z</time>
			</trkpt>
			<trkpt lat="39.94512" lon="-1.27946">
				<ele>992.8</ele>
				<time>2026-09-10T09:30:04.028Z</time>
			</trkpt>
			<trkpt lat="39.94513" lon="-1.27957">
				<ele>993.16</ele>
				<time>2026-09-10T09:30:04.365Z</time>
			</trkpt>
			<trkpt lat="39.94516" lon="-1.27967">
				<ele>992.88</ele>
				<time>2026-09-10T09:30:04.691Z</time>
			</trkpt>
			<trkpt lat="39.94521" lon="-1.27977">
				<ele>992</ele>
				<time>2026-09-10T09:30:05.052Z</time>
			</trkpt>
			<trkpt lat="39.94537" lon="-1.27998">
				<ele>991.94</ele>
				<time>2026-09-10T09:30:05.947Z</time>
			</trkpt>
			<trkpt lat="39.94563" lon="-1.28026">
				<ele>995.05</ele>
				<time>2026-09-10T09:30:07.268Z</time>
			</trkpt>
			<trkpt lat="39.94572" lon="-1.2803">
				<ele>994.23</ele>
				<time>2026-09-10T09:30:07.639Z</time>
			</trkpt>
			<trkpt lat="39.94594" lon="-1.28035">
				<ele>991.07</ele>
				<time>2026-09-10T09:30:08.508Z</time>
			</trkpt>
			<trkpt lat="39.94602" lon="-1.28039">
				<ele>990.25</ele>
				<time>2026-09-10T09:30:08.840Z</time>
			</trkpt>
			<trkpt lat="39.9462" lon="-1.28053">
				<ele>989.86</ele>
				<time>2026-09-10T09:30:09.651Z</time>
			</trkpt>
			<trkpt lat="39.9463" lon="-1.28058">
				<ele>990</ele>
				<time>2026-09-10T09:30:10.064Z</time>
			</trkpt>
			<trkpt lat="39.94639" lon="-1.28059">
				<ele>989.9</ele>
				<time>2026-09-10T09:30:10.411Z</time>
			</trkpt>
			<trkpt lat="39.94679" lon="-1.28053">
				<ele>993.51</ele>
				<time>2026-09-10T09:30:11.955Z</time>
			</trkpt>
			<trkpt lat="39.94691" lon="-1.28048">
				<ele>994.62</ele>
				<time>2026-09-10T09:30:12.435Z</time>
			</trkpt>
			<trkpt lat="39.94705" lon="-1.28039">
				<ele>995.51</ele>
				<time>2026-09-10T09:30:13.029Z</time>
			</trkpt>
			<trkpt lat="39.94732" lon="-1.28002">
				<ele>990.17</ele>
				<time>2026-09-10T09:30:14.513Z</time>
			</trkpt>
			<trkpt lat="39.94796" lon="-1.27971">
				<ele>993.69</ele>
				<time>2026-09-10T09:30:17.077Z</time>
			</trkpt>
			<trkpt lat="39.94857" lon="-1.27955">
				<ele>995.86</ele>
				<time>2026-09-10T09:30:19.392Z</time>
			</trkpt>
			<trkpt lat="39.95028" lon="-1.27893">
				<ele>997.51</ele>
				<time>2026-09-10T09:30:25.892Z</time>
			</trkpt>
			<trkpt lat="39.95078" lon="-1.27884">
				<ele>998.39</ele>
				<time>2026-09-10T09:30:27.717Z</time>
			</trkpt>
			<trkpt lat="39.95119" lon="-1.27883">
				<ele>996.89</ele>
				<time>2026-09-10T09:30:29.194Z</time>
			</trkpt>
			<trkpt lat="39.95136" lon="-1.27889">
				<ele>997.18</ele>
				<time>2026-09-10T09:30:29.827Z</time>
			</trkpt>
			<trkpt lat="39.95145" lon="-1.27899">
				<ele>998.78</ele>
				<time>2026-09-10T09:30:30.251Z</time>
			</trkpt>
			<trkpt lat="39.95149" lon="-1.27911">
				<ele>1000.38</ele>
				<time>2026-09-10T09:30:30.611Z</time>
			</trkpt>
			<trkpt lat="39.95151" lon="-1.27925">
				<ele>1002.3</ele>
				<time>2026-09-10T09:30:31.002Z</time>
			</trkpt>
			<trkpt lat="39.9515" lon="-1.27939">
				<ele>1004.63</ele>
				<time>2026-09-10T09:30:31.388Z</time>
			</trkpt>
			<trkpt lat="39.95146" lon="-1.27952">
				<ele>1007.06</ele>
				<time>2026-09-10T09:30:31.772Z</time>
			</trkpt>
			<trkpt lat="39.95138" lon="-1.27962">
				<ele>1009.2</ele>
				<time>2026-09-10T09:30:32.168Z</time>
			</trkpt>
			<trkpt lat="39.95064" lon="-1.28033">
				<ele>1010.65</ele>
				<time>2026-09-10T09:30:35.443Z</time>
			</trkpt>
			<trkpt lat="39.95052" lon="-1.28042">
				<ele>1011.43</ele>
				<time>2026-09-10T09:30:35.935Z</time>
			</trkpt>
			<trkpt lat="39.95019" lon="-1.28056">
				<ele>1018.06</ele>
				<time>2026-09-10T09:30:37.167Z</time>
			</trkpt>
			<trkpt lat="39.94985" lon="-1.28066">
				<ele>1022.66</ele>
				<time>2026-09-10T09:30:38.404Z</time>
			</trkpt>
			<trkpt lat="39.94966" lon="-1.28078">
				<ele>1022.13</ele>
				<time>2026-09-10T09:30:39.152Z</time>
			</trkpt>
			<trkpt lat="39.94946" lon="-1.28102">
				<ele>1021.97</ele>
				<time>2026-09-10T09:30:40.115Z</time>
			</trkpt>
			<trkpt lat="39.94934" lon="-1.28148">
				<ele>1024.46</ele>
				<time>2026-09-10T09:30:41.434Z</time>
			</trkpt>
			<trkpt lat="39.94934" lon="-1.2817">
				<ele>1023.65</ele>
				<time>2026-09-10T09:30:42.031Z</time>
			</trkpt>
			<trkpt lat="39.9494" lon="-1.28202">
				<ele>1024.09</ele>
				<time>2026-09-10T09:30:42.925Z</time>
			</trkpt>
			<trkpt lat="39.94965" lon="-1.28269">
				<ele>1028.88</ele>
				<time>2026-09-10T09:30:44.948Z</time>
			</trkpt>
			<trkpt lat="39.9497" lon="-1.28292">
				<ele>1026.12</ele>
				<time>2026-09-10T09:30:45.597Z</time>
			</trkpt>
			<trkpt lat="39.9497" lon="-1.2831">
				<ele>1024.15</ele>
				<time>2026-09-10T09:30:46.086Z</time>
			</trkpt>
			<trkpt lat="39.94962" lon="-1.2833">
				<ele>1023.92</ele>
				<time>2026-09-10T09:30:46.699Z</time>
			</trkpt>
			<trkpt lat="39.94945" lon="-1.28343">
				<ele>1028.46</ele>
				<time>2026-09-10T09:30:47.398Z</time>
			</trkpt>
			<trkpt lat="39.94915" lon="-1.28341">
				<ele>1034.9</ele>
				<time>2026-09-10T09:30:48.465Z</time>
			</trkpt>
			<trkpt lat="39.94873" lon="-1.28314">
				<ele>1036.55</ele>
				<time>2026-09-10T09:30:50.129Z</time>
			</trkpt>
			<trkpt lat="39.94843" lon="-1.28299">
				<ele>1040.31</ele>
				<time>2026-09-10T09:30:51.274Z</time>
			</trkpt>
			<trkpt lat="39.94762" lon="-1.28305">
				<ele>1054.93</ele>
				<time>2026-09-10T09:30:54.173Z</time>
			</trkpt>
			<trkpt lat="39.94744" lon="-1.28317">
				<ele>1053.98</ele>
				<time>2026-09-10T09:30:54.898Z</time>
			</trkpt>
			<trkpt lat="39.94727" lon="-1.28336">
				<ele>1053.53</ele>
				<time>2026-09-10T09:30:55.702Z</time>
			</trkpt>
			<trkpt lat="39.94697" lon="-1.28352">
				<ele>1055.18</ele>
				<time>2026-09-10T09:30:56.869Z</time>
			</trkpt>
			<trkpt lat="39.94679" lon="-1.28354">
				<ele>1057.74</ele>
				<time>2026-09-10T09:30:57.520Z</time>
			</trkpt>
			<trkpt lat="39.94669" lon="-1.28351">
				<ele>1059.11</ele>
				<time>2026-09-10T09:30:57.891Z</time>
			</trkpt>
			<trkpt lat="39.94637" lon="-1.28324">
				<ele>1059.4</ele>
				<time>2026-09-10T09:30:59.271Z</time>
			</trkpt>
			<trkpt lat="39.94622" lon="-1.28316">
				<ele>1059.73</ele>
				<time>2026-09-10T09:30:59.859Z</time>
			</trkpt>
			<trkpt lat="39.94597" lon="-1.28313">
				<ele>1061.01</ele>
				<time>2026-09-10T09:31:00.773Z</time>
			</trkpt>
			<trkpt lat="39.94315" lon="-1.28327">
				<ele>1070.57</ele>
				<time>2026-09-10T09:31:11.247Z</time>
			</trkpt>
			<trkpt lat="39.94263" lon="-1.28333">
				<ele>1071.54</ele>
				<time>2026-09-10T09:31:13.234Z</time>
			</trkpt>
			<trkpt lat="39.94223" lon="-1.28351">
				<ele>1069.09</ele>
				<time>2026-09-10T09:31:14.857Z</time>
			</trkpt>
			<trkpt lat="39.94195" lon="-1.28373">
				<ele>1069.01</ele>
				<time>2026-09-10T09:31:16.120Z</time>
			</trkpt>
			<trkpt lat="39.94109" lon="-1.28462">
				<ele>1069.97</ele>
				<time>2026-09-10T09:31:20.421Z</time>
			</trkpt>
			<trkpt lat="39.94071" lon="-1.28493">
				<ele>1070.42</ele>
				<time>2026-09-10T09:31:22.204Z</time>
			</trkpt>
			<trkpt lat="39.9393" lon="-1.2857">
				<ele>1068.24</ele>
				<time>2026-09-10T09:31:28.418Z</time>
			</trkpt>
			<trkpt lat="39.93888" lon="-1.28601">
				<ele>1071.97</ele>
				<time>2026-09-10T09:31:30.426Z</time>
			</trkpt>
			<trkpt lat="39.93855" lon="-1.28637">
				<ele>1066.49</ele>
				<time>2026-09-10T09:31:32.236Z</time>
			</trkpt>
			<trkpt lat="39.93786" lon="-1.28778">
				<ele>1057.71</ele>
				<time>2026-09-10T09:31:37.747Z</time>
			</trkpt>
			<trkpt lat="39.93762" lon="-1.28811">
				<ele>1058.35</ele>
				<time>2026-09-10T09:31:39.278Z</time>
			</trkpt>
			<trkpt lat="39.93647" lon="-1.28923">
				<ele>1048.46</ele>
				<time>2026-09-10T09:31:45.731Z</time>
			</trkpt>
			<trkpt lat="39.93563" lon="-1.28998">
				<ele>1044.34</ele>
				<time>2026-09-10T09:31:50.466Z</time>
			</trkpt>
			<trkpt lat="39.93498" lon="-1.29045">
				<ele>1041.41</ele>
				<time>2026-09-10T09:31:54.013Z</time>
			</trkpt>
			<trkpt lat="39.93448" lon="-1.29066">
				<ele>1038.5</ele>
				<time>2026-09-10T09:31:56.567Z</time>
			</trkpt>
			<trkpt lat="39.93295" lon="-1.29103">
				<ele>1040.87</ele>
				<time>2026-09-10T09:32:04.373Z</time>
			</trkpt>
			<trkpt lat="39.93268" lon="-1.29113">
				<ele>1039.97</ele>
				<time>2026-09-10T09:32:05.822Z</time>
			</trkpt>
			<trkpt lat="39.93247" lon="-1.29125">
				<ele>1039.25</ele>
				<time>2026-09-10T09:32:07.014Z</time>
			</trkpt>
			<trkpt lat="39.93213" lon="-1.29152">
				<ele>1036.67</ele>
				<time>2026-09-10T09:32:09.105Z</time>
			</trkpt>
			<trkpt lat="39.93096" lon="-1.29267">
				<ele>1047.89</ele>
				<time>2026-09-10T09:32:17.030Z</time>
			</trkpt>
			<trkpt lat="39.9307" lon="-1.29273">
				<ele>1047.33</ele>
				<time>2026-09-10T09:32:18.498Z</time>
			</trkpt>
			<trkpt lat="39.92992" lon="-1.29268">
				<ele>1041.77</ele>
				<time>2026-09-10T09:32:22.914Z</time>
			</trkpt>
			<trkpt lat="39.92968" lon="-1.29272">
				<ele>1043.12</ele>
				<time>2026-09-10T09:32:24.305Z</time>
			</trkpt>
			<trkpt lat="39.92948" lon="-1.29282">
				<ele>1043.85</ele>
				<time>2026-09-10T09:32:25.545Z</time>
			</trkpt>
			<trkpt lat="39.9293" lon="-1.29298">
				<ele>1045.01</ele>
				<time>2026-09-10T09:32:26.816Z</time>
			</trkpt>
			<trkpt lat="39.92886" lon="-1.29356">
				<ele>1050.88</ele>
				<time>2026-09-10T09:32:30.516Z</time>
			</trkpt>
			<trkpt lat="39.92863" lon="-1.29397">
				<ele>1053.36</ele>
				<time>2026-09-10T09:32:32.858Z</time>
			</trkpt>
			<trkpt lat="39.92848" lon="-1.29436">
				<ele>1053.16</ele>
				<time>2026-09-10T09:32:34.894Z</time>
			</trkpt>
			<trkpt lat="39.92835" lon="-1.29482">
				<ele>1050.28</ele>
				<time>2026-09-10T09:32:37.209Z</time>
			</trkpt>
			<trkpt lat="39.92833" lon="-1.295">
				<ele>1049.05</ele>
				<time>2026-09-10T09:32:38.075Z</time>
			</trkpt>
			<trkpt lat="39.92819" lon="-1.2962">
				<ele>1047.59</ele>
				<time>2026-09-10T09:32:43.958Z</time>
			</trkpt>
			<trkpt lat="39.92818" lon="-1.29641">
				<ele>1049.1</ele>
				<time>2026-09-10T09:32:44.996Z</time>
			</trkpt>
			<trkpt lat="39.9282" lon="-1.29661">
				<ele>1050.17</ele>
				<time>2026-09-10T09:32:45.997Z</time>
			</trkpt>
			<trkpt lat="39.92824" lon="-1.29667">
				<ele>1050.66</ele>
				<time>2026-09-10T09:32:46.393Z</time>
			</trkpt>
			<trkpt lat="39.92838" lon="-1.29673">
				<ele>1050.62</ele>
				<time>2026-09-10T09:32:47.353Z</time>
			</trkpt>
			<trkpt lat="39.92854" lon="-1.29671">
				<ele>1050.19</ele>
				<time>2026-09-10T09:32:48.406Z</time>
			</trkpt>
			<trkpt lat="39.92881" lon="-1.29652">
				<ele>1047.27</ele>
				<time>2026-09-10T09:32:50.431Z</time>
			</trkpt>
			<trkpt lat="39.92903" lon="-1.29631">
				<ele>1045.79</ele>
				<time>2026-09-10T09:32:52.248Z</time>
			</trkpt>
			<trkpt lat="39.92931" lon="-1.29613">
				<ele>1044.43</ele>
				<time>2026-09-10T09:32:54.349Z</time>
			</trkpt>
			<trkpt lat="39.92938" lon="-1.29633">
				<ele>1043.59</ele>
				<time>2026-09-10T09:32:55.492Z</time>
			</trkpt>
			<trkpt lat="39.92943" lon="-1.29645">
				<ele>1042.89</ele>
				<time>2026-09-10T09:32:56.206Z</time>
			</trkpt>
			<trkpt lat="39.92949" lon="-1.29662">
				<ele>1041.39</ele>
				<time>2026-09-10T09:32:57.188Z</time>
			</trkpt>
			<trkpt lat="39.92884" lon="-1.29714">
				<ele>1047.52</ele>
				<time>2026-09-10T09:33:02.486Z</time>
			</trkpt>
			<trkpt lat="39.92859" lon="-1.29739">
				<ele>1049.39</ele>
				<time>2026-09-10T09:33:04.715Z</time>
			</trkpt>
			<trkpt lat="39.92832" lon="-1.29773">
				<ele>1049.12</ele>
				<time>2026-09-10T09:33:07.400Z</time>
			</trkpt>
			<trkpt lat="39.92816" lon="-1.29801">
				<ele>1052.03</ele>
				<time>2026-09-10T09:33:09.337Z</time>
			</trkpt>
			<trkpt lat="39.92809" lon="-1.29821">
				<ele>1052.79</ele>
				<time>2026-09-10T09:33:10.604Z</time>
			</trkpt>
			<trkpt lat="39.92786" lon="-1.29898">
				<ele>1051.89</ele>
				<time>2026-09-10T09:33:16.256Z</time>
			</trkpt>
			<trkpt lat="39.92772" lon="-1.30009">
				<ele>1049.18</ele>
				<time>2026-09-10T09:33:24.326Z</time>
			</trkpt>
			<trkpt lat="39.92766" lon="-1.30047">
				<ele>1050.92</ele>
				<time>2026-09-10T09:33:27.093Z</time>
			</trkpt>
			<trkpt lat="39.92761" lon="-1.3007">
				<ele>1051.87</ele>
				<time>2026-09-10T09:33:28.837Z</time>
			</trkpt>
			<trkpt lat="39.92746" lon="-1.30115">
				<ele>1053.03</ele>
				<time>2026-09-10T09:33:32.469Z</time>
			</trkpt>
			<trkpt lat="39.92678" lon="-1.30272">
				<ele>1047.9</ele>
				<time>2026-09-10T09:33:45.336Z</time>
			</trkpt>
			<trkpt lat="39.92587" lon="-1.30471">
				<ele>1044.25</ele>
				<time>2026-09-10T09:33:58.974Z</time>
			</trkpt>
			<trkpt lat="39.92456" lon="-1.30749">
				<ele>1047.69</ele>
				<time>2026-09-10T09:34:16.928Z</time>
			</trkpt>
			<trkpt lat="39.92433" lon="-1.30811">
				<ele>1043.1</ele>
				<time>2026-09-10T09:34:20.567Z</time>
			</trkpt>
			<trkpt lat="39.92384" lon="-1.30991">
				<ele>1040.48</ele>
				<time>2026-09-10T09:34:30.402Z</time>
			</trkpt>
			<trkpt lat="39.92364" lon="-1.31041">
				<ele>1039.87</ele>
				<time>2026-09-10T09:34:33.237Z</time>
			</trkpt>
			<trkpt lat="39.92332" lon="-1.31103">
				<ele>1039.38</ele>
				<time>2026-09-10T09:34:36.946Z</time>
			</trkpt>
			<trkpt lat="39.92292" lon="-1.31157">
				<ele>1038.4</ele>
				<time>2026-09-10T09:34:40.620Z</time>
			</trkpt>
			<trkpt lat="39.92196" lon="-1.3125">
				<ele>1030.04</ele>
				<time>2026-09-10T09:34:48.091Z</time>
			</trkpt>
			<trkpt lat="39.92165" lon="-1.3129">
				<ele>1027.73</ele>
				<time>2026-09-10T09:34:50.763Z</time>
			</trkpt>
			<trkpt lat="39.92139" lon="-1.31335">
				<ele>1023.93</ele>
				<time>2026-09-10T09:34:53.385Z</time>
			</trkpt>
			<trkpt lat="39.92118" lon="-1.31386">
				<ele>1024.16</ele>
				<time>2026-09-10T09:34:56.052Z</time>
			</trkpt>
			<trkpt lat="39.92019" lon="-1.31739">
				<ele>1013.68</ele>
				<time>2026-09-10T09:35:12.764Z</time>
			</trkpt>
			<trkpt lat="39.91879" lon="-1.32271">
				<ele>1008</ele>
				<time>2026-09-10T09:35:36.142Z</time>
			</trkpt>
			<trkpt lat="39.91011" lon="-1.35608">
				<ele>996.88</ele>
				<time>2026-09-10T09:37:57.916Z</time>
			</trkpt>
			<trkpt lat="39.90956" lon="-1.35825">
				<ele>991.74</ele>
				<time>2026-09-10T09:38:09.125Z</time>
			</trkpt>
			<trkpt lat="39.9095" lon="-1.35857">
				<ele>991.79</ele>
				<time>2026-09-10T09:38:10.782Z</time>
			</trkpt>
			<trkpt lat="39.90893" lon="-1.36084">
				<ele>990.15</ele>
				<time>2026-09-10T09:38:23.115Z</time>
			</trkpt>
			<trkpt lat="39.90874" lon="-1.36148">
				<ele>991.84</ele>
				<time>2026-09-10T09:38:26.768Z</time>
			</trkpt>
			<trkpt lat="39.90854" lon="-1.36225">
				<ele>990.89</ele>
				<time>2026-09-10T09:38:31.163Z</time>
			</trkpt>
			<trkpt lat="39.90846" lon="-1.36244">
				<ele>991.97</ele>
				<time>2026-09-10T09:38:32.347Z</time>
			</trkpt>
			<trkpt lat="39.90832" lon="-1.36268">
				<ele>992.57</ele>
				<time>2026-09-10T09:38:34.003Z</time>
			</trkpt>
			<trkpt lat="39.90803" lon="-1.36304">
				<ele>989.09</ele>
				<time>2026-09-10T09:38:36.895Z</time>
			</trkpt>
			<trkpt lat="39.90793" lon="-1.36321">
				<ele>986.44</ele>
				<time>2026-09-10T09:38:38.091Z</time>
			</trkpt>
			<trkpt lat="39.90791" lon="-1.36329">
				<ele>985.21</ele>
				<time>2026-09-10T09:38:38.562Z</time>
			</trkpt>
			<trkpt lat="39.90791" lon="-1.36396">
				<ele>982.73</ele>
				<time>2026-09-10T09:38:42.343Z</time>
			</trkpt>
			<trkpt lat="39.90786" lon="-1.3641">
				<ele>981.97</ele>
				<time>2026-09-10T09:38:43.222Z</time>
			</trkpt>
			<trkpt lat="39.90763" lon="-1.36442">
				<ele>982.18</ele>
				<time>2026-09-10T09:38:45.734Z</time>
			</trkpt>
			<trkpt lat="39.90759" lon="-1.3645">
				<ele>982.57</ele>
				<time>2026-09-10T09:38:46.284Z</time>
			</trkpt>
			<trkpt lat="39.90758" lon="-1.36498">
				<ele>986.38</ele>
				<time>2026-09-10T09:38:49.067Z</time>
			</trkpt>
			<trkpt lat="39.90754" lon="-1.36525">
				<ele>988.05</ele>
				<time>2026-09-10T09:38:50.674Z</time>
			</trkpt>
			<trkpt lat="39.90748" lon="-1.36537">
				<ele>988.16</ele>
				<time>2026-09-10T09:38:51.515Z</time>
			</trkpt>
			<trkpt lat="39.90741" lon="-1.36541">
				<ele>987.54</ele>
				<time>2026-09-10T09:38:52.101Z</time>
			</trkpt>
			<trkpt lat="39.90708" lon="-1.36547">
				<ele>983.96</ele>
				<time>2026-09-10T09:38:54.671Z</time>
			</trkpt>
			<trkpt lat="39.90697" lon="-1.36555">
				<ele>982.44</ele>
				<time>2026-09-10T09:38:55.649Z</time>
			</trkpt>
			<trkpt lat="39.90691" lon="-1.36565">
				<ele>982.07</ele>
				<time>2026-09-10T09:38:56.408Z</time>
			</trkpt>
			<trkpt lat="39.9068" lon="-1.36626">
				<ele>985.72</ele>
				<time>2026-09-10T09:39:00.182Z</time>
			</trkpt>
			<trkpt lat="39.90681" lon="-1.36713">
				<ele>993.16</ele>
				<time>2026-09-10T09:39:05.508Z</time>
			</trkpt>
			<trkpt lat="39.90684" lon="-1.3672">
				<ele>993.52</ele>
				<time>2026-09-10T09:39:06.004Z</time>
			</trkpt>
			<trkpt lat="39.90711" lon="-1.36761">
				<ele>994.22</ele>
				<time>2026-09-10T09:39:09.368Z</time>
			</trkpt>
			<trkpt lat="39.90716" lon="-1.36767">
				<ele>994.19</ele>
				<time>2026-09-10T09:39:09.923Z</time>
			</trkpt>
			<trkpt lat="39.90736" lon="-1.36782">
				<ele>994.28</ele>
				<time>2026-09-10T09:39:11.852Z</time>
			</trkpt>
			<trkpt lat="39.9072" lon="-1.36844">
				<ele>993.61</ele>
				<time>2026-09-10T09:39:16.435Z</time>
			</trkpt>
			<trkpt lat="39.90765" lon="-1.36858">
				<ele>995.75</ele>
				<time>2026-09-10T09:39:21.049Z</time>
			</trkpt>
			<trkpt lat="39.9072" lon="-1.36844">
				<ele>993.61</ele>
				<time>2026-09-10T09:39:25.934Z</time>
			</trkpt>
			<trkpt lat="39.90736" lon="-1.36782">
				<ele>994.28</ele>
				<time>2026-09-10T09:39:31.421Z</time>
			</trkpt>
			<trkpt lat="39.90716" lon="-1.36767">
				<ele>994.19</ele>
				<time>2026-09-10T09:39:33.977Z</time>
			</trkpt>
			<trkpt lat="39.90711" lon="-1.36761">
				<ele>994.22</ele>
				<time>2026-09-10T09:39:34.731Z</time>
			</trkpt>
			<trkpt lat="39.90684" lon="-1.3672">
				<ele>993.52</ele>
				<time>2026-09-10T09:39:39.315Z</time>
			</trkpt>
			<trkpt lat="39.90681" lon="-1.36713">
				<ele>993.16</ele>
				<time>2026-09-10T09:39:39.991Z</time>
			</trkpt>
			<trkpt lat="39.9068" lon="-1.36626">
				<ele>985.72</ele>
				<time>2026-09-10T09:39:47.152Z</time>
			</trkpt>
			<trkpt lat="39.90691" lon="-1.36565">
				<ele>982.07</ele>
				<time>2026-09-10T09:39:51.502Z</time>
			</trkpt>
			<trkpt lat="39.90697" lon="-1.36555">
				<ele>982.44</ele>
				<time>2026-09-10T09:39:52.847Z</time>
			</trkpt>
			<trkpt lat="39.90708" lon="-1.36547">
				<ele>983.96</ele>
				<time>2026-09-10T09:39:58.137Z</time>
			</trkpt>
			<trkpt lat="39.90741" lon="-1.36541">
				<ele>987.54</ele>
				<time>2026-09-10T09:40:30.378Z</time>
			</trkpt>
			<trkpt lat="39.90748" lon="-1.36537">
				<ele>988.16</ele>
				<time>2026-09-10T09:40:33.083Z</time>
			</trkpt>
			<trkpt lat="39.90754" lon="-1.36525">
				<ele>988.05</ele>
				<time>2026-09-10T09:40:35.674Z</time>
			</trkpt>
			<trkpt lat="39.90758" lon="-1.36498">
				<ele>986.38</ele>
				<time>2026-09-10T09:40:39.112Z</time>
			</trkpt>
			<trkpt lat="39.90759" lon="-1.3645">
				<ele>982.57</ele>
				<time>2026-09-10T09:40:43.359Z</time>
			</trkpt>
			<trkpt lat="39.90757" lon="-1.36437">
				<ele>983.1</ele>
				<time>2026-09-10T09:40:44.303Z</time>
			</trkpt>
			<trkpt lat="39.90751" lon="-1.36426">
				<ele>984.79</ele>
				<time>2026-09-10T09:40:45.290Z</time>
			</trkpt>
			<trkpt lat="39.90746" lon="-1.3642">
				<ele>985.65</ele>
				<time>2026-09-10T09:40:45.982Z</time>
			</trkpt>
			<trkpt lat="39.90697" lon="-1.36405">
				<ele>983.26</ele>
				<time>2026-09-10T09:40:51.289Z</time>
			</trkpt>
			<trkpt lat="39.90675" lon="-1.36406">
				<ele>984.44</ele>
				<time>2026-09-10T09:40:53.669Z</time>
			</trkpt>
			<trkpt lat="39.90644" lon="-1.36415">
				<ele>987.48</ele>
				<time>2026-09-10T09:40:57.134Z</time>
			</trkpt>
			<trkpt lat="39.90626" lon="-1.36417">
				<ele>988.46</ele>
				<time>2026-09-10T09:40:59.110Z</time>
			</trkpt>
			<trkpt lat="39.90593" lon="-1.36414">
				<ele>987.31</ele>
				<time>2026-09-10T09:41:02.712Z</time>
			</trkpt>
			<trkpt lat="39.90567" lon="-1.36407">
				<ele>985.83</ele>
				<time>2026-09-10T09:41:05.564Z</time>
			</trkpt>
			<trkpt lat="39.90551" lon="-1.364">
				<ele>985.39</ele>
				<time>2026-09-10T09:41:07.350Z</time>
			</trkpt>
			<trkpt lat="39.90535" lon="-1.3639">
				<ele>984.77</ele>
				<time>2026-09-10T09:41:09.198Z</time>
			</trkpt>
			<trkpt lat="39.90503" lon="-1.36365">
				<ele>986.62</ele>
				<time>2026-09-10T09:41:12.956Z</time>
			</trkpt>
			<trkpt lat="39.90485" lon="-1.36348">
				<ele>987.23</ele>
				<time>2026-09-10T09:41:15.094Z</time>
			</trkpt>
			<trkpt lat="39.9046" lon="-1.36318">
				<ele>987.06</ele>
				<time>2026-09-10T09:41:18.186Z</time>
			</trkpt>
			<trkpt lat="39.90442" lon="-1.3629">
				<ele>987.92</ele>
				<time>2026-09-10T09:41:20.552Z</time>
			</trkpt>
			<trkpt lat="39.90327" lon="-1.36082">
				<ele>989.73</ele>
				<time>2026-09-10T09:41:36.521Z</time>
			</trkpt>
			<trkpt lat="39.90256" lon="-1.3596">
				<ele>991.24</ele>
				<time>2026-09-10T09:41:45.850Z</time>
			</trkpt>
			<trkpt lat="39.90114" lon="-1.35703">
				<ele>989.38</ele>
				<time>2026-09-10T09:42:04.662Z</time>
			</trkpt>
			<trkpt lat="39.89422" lon="-1.34486">
				<ele>974.04</ele>
				<time>2026-09-10T09:43:26.106Z</time>
			</trkpt>
			<trkpt lat="39.894" lon="-1.34455">
				<ele>973.85</ele>
				<time>2026-09-10T09:43:28.185Z</time>
			</trkpt>
			<trkpt lat="39.89358" lon="-1.34408">
				<ele>976.17</ele>
				<time>2026-09-10T09:43:31.715Z</time>
			</trkpt>
			<trkpt lat="39.891" lon="-1.34162">
				<ele>981.34</ele>
				<time>2026-09-10T09:43:51.549Z</time>
			</trkpt>
			<trkpt lat="39.89072" lon="-1.34131">
				<ele>980.17</ele>
				<time>2026-09-10T09:43:53.769Z</time>
			</trkpt>
			<trkpt lat="39.8902" lon="-1.34063">
				<ele>977</ele>
				<time>2026-09-10T09:43:58.184Z</time>
			</trkpt>
			<trkpt lat="39.88807" lon="-1.33746">
				<ele>978.65</ele>
				<time>2026-09-10T09:44:17.006Z</time>
			</trkpt>
			<trkpt lat="39.88775" lon="-1.33709">
				<ele>980.92</ele>
				<time>2026-09-10T09:44:19.430Z</time>
			</trkpt>
			<trkpt lat="39.88755" lon="-1.33691">
				<ele>981.2</ele>
				<time>2026-09-10T09:44:20.800Z</time>
			</trkpt>
			<trkpt lat="39.88723" lon="-1.33672">
				<ele>977.98</ele>
				<time>2026-09-10T09:44:22.774Z</time>
			</trkpt>
			<trkpt lat="39.88698" lon="-1.33662">
				<ele>977.34</ele>
				<time>2026-09-10T09:44:24.235Z</time>
			</trkpt>
			<trkpt lat="39.88676" lon="-1.33655">
				<ele>978.18</ele>
				<time>2026-09-10T09:44:25.496Z</time>
			</trkpt>
			<trkpt lat="39.88631" lon="-1.33651">
				<ele>980.35</ele>
				<time>2026-09-10T09:44:27.995Z</time>
			</trkpt>
			<trkpt lat="39.88317" lon="-1.33639">
				<ele>995.12</ele>
				<time>2026-09-10T09:44:44.942Z</time>
			</trkpt>
			<trkpt lat="39.88259" lon="-1.33639">
				<ele>993.74</ele>
				<time>2026-09-10T09:44:47.985Z</time>
			</trkpt>
			<trkpt lat="39.88216" lon="-1.33643">
				<ele>986.98</ele>
				<time>2026-09-10T09:44:50.231Z</time>
			</trkpt>
			<trkpt lat="39.88025" lon="-1.33679">
				<ele>988.83</ele>
				<time>2026-09-10T09:45:00.110Z</time>
			</trkpt>
			<trkpt lat="39.87964" lon="-1.33687">
				<ele>985.71</ele>
				<time>2026-09-10T09:45:03.190Z</time>
			</trkpt>
			<trkpt lat="39.8793" lon="-1.33688">
				<ele>985.61</ele>
				<time>2026-09-10T09:45:04.886Z</time>
			</trkpt>
			<trkpt lat="39.87886" lon="-1.33683">
				<ele>990.1</ele>
				<time>2026-09-10T09:45:07.077Z</time>
			</trkpt>
			<trkpt lat="39.87849" lon="-1.33675">
				<ele>993.7</ele>
				<time>2026-09-10T09:45:08.926Z</time>
			</trkpt>
			<trkpt lat="39.87817" lon="-1.33664">
				<ele>994.41</ele>
				<time>2026-09-10T09:45:10.549Z</time>
			</trkpt>
			<trkpt lat="39.87778" lon="-1.33646">
				<ele>994</ele>
				<time>2026-09-10T09:45:12.568Z</time>
			</trkpt>
			<trkpt lat="39.87751" lon="-1.33631">
				<ele>993.64</ele>
				<time>2026-09-10T09:45:13.992Z</time>
			</trkpt>
			<trkpt lat="39.87276" lon="-1.33333">
				<ele>1011.88</ele>
				<time>2026-09-10T09:45:38.564Z</time>
			</trkpt>
			<trkpt lat="39.87221" lon="-1.33296">
				<ele>1010.43</ele>
				<time>2026-09-10T09:45:41.328Z</time>
			</trkpt>
			<trkpt lat="39.8719" lon="-1.3327">
				<ele>1012.7</ele>
				<time>2026-09-10T09:45:42.962Z</time>
			</trkpt>
			<trkpt lat="39.87162" lon="-1.33242">
				<ele>1014.51</ele>
				<time>2026-09-10T09:45:44.519Z</time>
			</trkpt>
			<trkpt lat="39.87126" lon="-1.33201">
				<ele>1010.3</ele>
				<time>2026-09-10T09:45:46.615Z</time>
			</trkpt>
			<trkpt lat="39.87094" lon="-1.33154">
				<ele>1007.57</ele>
				<time>2026-09-10T09:45:48.715Z</time>
			</trkpt>
			<trkpt lat="39.87071" lon="-1.33113">
				<ele>1006.15</ele>
				<time>2026-09-10T09:45:50.402Z</time>
			</trkpt>
			<trkpt lat="39.87045" lon="-1.33057">
				<ele>1005.66</ele>
				<time>2026-09-10T09:45:52.562Z</time>
			</trkpt>
			<trkpt lat="39.86867" lon="-1.32607">
				<ele>989.98</ele>
				<time>2026-09-10T09:46:08.763Z</time>
			</trkpt>
			<trkpt lat="39.86828" lon="-1.32503">
				<ele>999.81</ele>
				<time>2026-09-10T09:46:12.346Z</time>
			</trkpt>
			<trkpt lat="39.86789" lon="-1.32379">
				<ele>1003.95</ele>
				<time>2026-09-10T09:46:16.440Z</time>
			</trkpt>
			<trkpt lat="39.86755" lon="-1.32251">
				<ele>1002.79</ele>
				<time>2026-09-10T09:46:20.520Z</time>
			</trkpt>
			<trkpt lat="39.86725" lon="-1.32125">
				<ele>1004.86</ele>
				<time>2026-09-10T09:46:24.440Z</time>
			</trkpt>
			<trkpt lat="39.86705" lon="-1.32046">
				<ele>1012.73</ele>
				<time>2026-09-10T09:46:26.884Z</time>
			</trkpt>
			<trkpt lat="39.86664" lon="-1.31912">
				<ele>1019.36</ele>
				<time>2026-09-10T09:46:31.074Z</time>
			</trkpt>
			<trkpt lat="39.86643" lon="-1.3185">
				<ele>1022.86</ele>
				<time>2026-09-10T09:46:33.022Z</time>
			</trkpt>
			<trkpt lat="39.86613" lon="-1.3177">
				<ele>1027.79</ele>
				<time>2026-09-10T09:46:35.561Z</time>
			</trkpt>
			<trkpt lat="39.86342" lon="-1.31105">
				<ele>1034.25</ele>
				<time>2026-09-10T09:46:56.177Z</time>
			</trkpt>
			<trkpt lat="39.86273" lon="-1.3089">
				<ele>1026.65</ele>
				<time>2026-09-10T09:47:02.271Z</time>
			</trkpt>
			<trkpt lat="39.86254" lon="-1.30847">
				<ele>1023.95</ele>
				<time>2026-09-10T09:47:03.552Z</time>
			</trkpt>
			<trkpt lat="39.8623" lon="-1.30802">
				<ele>1025.26</ele>
				<time>2026-09-10T09:47:04.961Z</time>
			</trkpt>
			<trkpt lat="39.86209" lon="-1.30771">
				<ele>1024.98</ele>
				<time>2026-09-10T09:47:06.020Z</time>
			</trkpt>
			<trkpt lat="39.86187" lon="-1.30743">
				<ele>1020.91</ele>
				<time>2026-09-10T09:47:07.042Z</time>
			</trkpt>
			<trkpt lat="39.86159" lon="-1.30713">
				<ele>1017.57</ele>
				<time>2026-09-10T09:47:08.242Z</time>
			</trkpt>
			<trkpt lat="39.86051" lon="-1.30616">
				<ele>1019.7</ele>
				<time>2026-09-10T09:47:12.547Z</time>
			</trkpt>
			<trkpt lat="39.86029" lon="-1.30593">
				<ele>1019.11</ele>
				<time>2026-09-10T09:47:13.464Z</time>
			</trkpt>
			<trkpt lat="39.86004" lon="-1.30559">
				<ele>1019.07</ele>
				<time>2026-09-10T09:47:14.636Z</time>
			</trkpt>
			<trkpt lat="39.85981" lon="-1.30521">
				<ele>1018</ele>
				<time>2026-09-10T09:47:15.836Z</time>
			</trkpt>
			<trkpt lat="39.85871" lon="-1.30283">
				<ele>1024.92</ele>
				<time>2026-09-10T09:47:22.634Z</time>
			</trkpt>
			<trkpt lat="39.85841" lon="-1.30222">
				<ele>1027.66</ele>
				<time>2026-09-10T09:47:24.384Z</time>
			</trkpt>
			<trkpt lat="39.85814" lon="-1.30172">
				<ele>1027.24</ele>
				<time>2026-09-10T09:47:25.853Z</time>
			</trkpt>
			<trkpt lat="39.85735" lon="-1.30046">
				<ele>1035.97</ele>
				<time>2026-09-10T09:47:29.730Z</time>
			</trkpt>
			<trkpt lat="39.85713" lon="-1.30007">
				<ele>1035.67</ele>
				<time>2026-09-10T09:47:30.875Z</time>
			</trkpt>
			<trkpt lat="39.8569" lon="-1.29955">
				<ele>1032.36</ele>
				<time>2026-09-10T09:47:32.289Z</time>
			</trkpt>
			<trkpt lat="39.85462" lon="-1.29371">
				<ele>1017.66</ele>
				<time>2026-09-10T09:47:47.376Z</time>
			</trkpt>
			<trkpt lat="39.85431" lon="-1.2927">
				<ele>1018.39</ele>
				<time>2026-09-10T09:47:49.825Z</time>
			</trkpt>
			<trkpt lat="39.8537" lon="-1.29031">
				<ele>1007.96</ele>
				<time>2026-09-10T09:47:55.442Z</time>
			</trkpt>
			<trkpt lat="39.85358" lon="-1.28996">
				<ele>1008</ele>
				<time>2026-09-10T09:47:56.291Z</time>
			</trkpt>
			<trkpt lat="39.85347" lon="-1.28966">
				<ele>1008.23</ele>
				<time>2026-09-10T09:47:57.026Z</time>
			</trkpt>
			<trkpt lat="39.85334" lon="-1.28942">
				<ele>1007.86</ele>
				<time>2026-09-10T09:47:57.674Z</time>
			</trkpt>
			<trkpt lat="39.85321" lon="-1.28921">
				<ele>1005.35</ele>
				<time>2026-09-10T09:47:58.269Z</time>
			</trkpt>
			<trkpt lat="39.85295" lon="-1.28889">
				<ele>1004.34</ele>
				<time>2026-09-10T09:47:59.294Z</time>
			</trkpt>
			<trkpt lat="39.85277" lon="-1.28869">
				<ele>1004.27</ele>
				<time>2026-09-10T09:47:59.971Z</time>
			</trkpt>
			<trkpt lat="39.85236" lon="-1.28825">
				<ele>1003.36</ele>
				<time>2026-09-10T09:48:01.489Z</time>
			</trkpt>
			<trkpt lat="39.85223" lon="-1.28807">
				<ele>1003.01</ele>
				<time>2026-09-10T09:48:02.029Z</time>
			</trkpt>
			<trkpt lat="39.85218" lon="-1.28799">
				<ele>1003.29</ele>
				<time>2026-09-10T09:48:02.255Z</time>
			</trkpt>
			<trkpt lat="39.85213" lon="-1.28779">
				<ele>1004.35</ele>
				<time>2026-09-10T09:48:02.715Z</time>
			</trkpt>
			<trkpt lat="39.85194" lon="-1.28667">
				<ele>992.02</ele>
				<time>2026-09-10T09:48:05.214Z</time>
			</trkpt>
			<trkpt lat="39.85186" lon="-1.28632">
				<ele>992.75</ele>
				<time>2026-09-10T09:48:06.008Z</time>
			</trkpt>
			<trkpt lat="39.85179" lon="-1.28614">
				<ele>992.7</ele>
				<time>2026-09-10T09:48:06.446Z</time>
			</trkpt>
			<trkpt lat="39.85163" lon="-1.28589">
				<ele>990.9</ele>
				<time>2026-09-10T09:48:07.152Z</time>
			</trkpt>
			<trkpt lat="39.8515" lon="-1.28575">
				<ele>990.43</ele>
				<time>2026-09-10T09:48:07.628Z</time>
			</trkpt>
			<trkpt lat="39.85139" lon="-1.28566">
				<ele>990.03</ele>
				<time>2026-09-10T09:48:07.995Z</time>
			</trkpt>
			<trkpt lat="39.85081" lon="-1.28547">
				<ele>989.02</ele>
				<time>2026-09-10T09:48:09.679Z</time>
			</trkpt>
			<trkpt lat="39.85043" lon="-1.28524">
				<ele>988.8</ele>
				<time>2026-09-10T09:48:10.856Z</time>
			</trkpt>
			<trkpt lat="39.84981" lon="-1.28467">
				<ele>988.45</ele>
				<time>2026-09-10T09:48:12.983Z</time>
			</trkpt>
			<trkpt lat="39.84955" lon="-1.28441">
				<ele>986.49</ele>
				<time>2026-09-10T09:48:13.900Z</time>
			</trkpt>
			<trkpt lat="39.84935" lon="-1.28413">
				<ele>987.16</ele>
				<time>2026-09-10T09:48:14.721Z</time>
			</trkpt>
			<trkpt lat="39.84922" lon="-1.28379">
				<ele>988.38</ele>
				<time>2026-09-10T09:48:15.535Z</time>
			</trkpt>
			<trkpt lat="39.84916" lon="-1.28356">
				<ele>989</ele>
				<time>2026-09-10T09:48:16.055Z</time>
			</trkpt>
			<trkpt lat="39.84913" lon="-1.28331">
				<ele>988.89</ele>
				<time>2026-09-10T09:48:16.597Z</time>
			</trkpt>
			<trkpt lat="39.84915" lon="-1.28192">
				<ele>985.96</ele>
				<time>2026-09-10T09:48:19.566Z</time>
			</trkpt>
			<trkpt lat="39.84921" lon="-1.28122">
				<ele>980.13</ele>
				<time>2026-09-10T09:48:21.067Z</time>
			</trkpt>
			<trkpt lat="39.84924" lon="-1.28077">
				<ele>979.78</ele>
				<time>2026-09-10T09:48:22.029Z</time>
			</trkpt>
			<trkpt lat="39.84924" lon="-1.28039">
				<ele>982.06</ele>
				<time>2026-09-10T09:48:22.837Z</time>
			</trkpt>
			<trkpt lat="39.84916" lon="-1.27953">
				<ele>985.2</ele>
				<time>2026-09-10T09:48:24.678Z</time>
			</trkpt>
			<trkpt lat="39.84901" lon="-1.27851">
				<ele>977.17</ele>
				<time>2026-09-10T09:48:26.881Z</time>
			</trkpt>
			<trkpt lat="39.84882" lon="-1.27774">
				<ele>978.16</ele>
				<time>2026-09-10T09:48:28.595Z</time>
			</trkpt>
			<trkpt lat="39.8484" lon="-1.27636">
				<ele>978.94</ele>
				<time>2026-09-10T09:48:31.738Z</time>
			</trkpt>
			<trkpt lat="39.8481" lon="-1.27562">
				<ele>972.43</ele>
				<time>2026-09-10T09:48:33.508Z</time>
			</trkpt>
			<trkpt lat="39.84578" lon="-1.27153">
				<ele>971.21</ele>
				<time>2026-09-10T09:48:44.263Z</time>
			</trkpt>
			<trkpt lat="39.84555" lon="-1.27105">
				<ele>971.23</ele>
				<time>2026-09-10T09:48:45.462Z</time>
			</trkpt>
			<trkpt lat="39.84538" lon="-1.27059">
				<ele>971.44</ele>
				<time>2026-09-10T09:48:46.543Z</time>
			</trkpt>
			<trkpt lat="39.84499" lon="-1.26926">
				<ele>972.65</ele>
				<time>2026-09-10T09:48:49.564Z</time>
			</trkpt>
			<trkpt lat="39.84475" lon="-1.26854">
				<ele>970.93</ele>
				<time>2026-09-10T09:48:51.232Z</time>
			</trkpt>
			<trkpt lat="39.84455" lon="-1.26813">
				<ele>969.38</ele>
				<time>2026-09-10T09:48:52.265Z</time>
			</trkpt>
			<trkpt lat="39.84435" lon="-1.2678">
				<ele>970.9</ele>
				<time>2026-09-10T09:48:53.161Z</time>
			</trkpt>
			<trkpt lat="39.8441" lon="-1.2675">
				<ele>969.54</ele>
				<time>2026-09-10T09:48:54.104Z</time>
			</trkpt>
			<trkpt lat="39.84385" lon="-1.26725">
				<ele>966.11</ele>
				<time>2026-09-10T09:48:54.980Z</time>
			</trkpt>
			<trkpt lat="39.84217" lon="-1.26589">
				<ele>965.65</ele>
				<time>2026-09-10T09:49:00.494Z</time>
			</trkpt>
			<trkpt lat="39.84167" lon="-1.26552">
				<ele>961.86</ele>
				<time>2026-09-10T09:49:02.104Z</time>
			</trkpt>
			<trkpt lat="39.84135" lon="-1.26533">
				<ele>959.16</ele>
				<time>2026-09-10T09:49:03.090Z</time>
			</trkpt>
			<trkpt lat="39.83845" lon="-1.26407">
				<ele>949.63</ele>
				<time>2026-09-10T09:49:11.730Z</time>
			</trkpt>
			<trkpt lat="39.83811" lon="-1.26384">
				<ele>949</ele>
				<time>2026-09-10T09:49:12.822Z</time>
			</trkpt>
			<trkpt lat="39.83632" lon="-1.26219">
				<ele>945.63</ele>
				<time>2026-09-10T09:49:19.118Z</time>
			</trkpt>
			<trkpt lat="39.83595" lon="-1.26175">
				<ele>946.76</ele>
				<time>2026-09-10T09:49:20.569Z</time>
			</trkpt>
			<trkpt lat="39.83433" lon="-1.25908">
				<ele>940.51</ele>
				<time>2026-09-10T09:49:28.212Z</time>
			</trkpt>
			<trkpt lat="39.83398" lon="-1.25864">
				<ele>939.02</ele>
				<time>2026-09-10T09:49:29.651Z</time>
			</trkpt>
			<trkpt lat="39.83364" lon="-1.25835">
				<ele>935.36</ele>
				<time>2026-09-10T09:49:30.857Z</time>
			</trkpt>
			<trkpt lat="39.83326" lon="-1.2581">
				<ele>932.73</ele>
				<time>2026-09-10T09:49:32.124Z</time>
			</trkpt>
			<trkpt lat="39.83099" lon="-1.25705">
				<ele>942.51</ele>
				<time>2026-09-10T09:49:39.379Z</time>
			</trkpt>
			<trkpt lat="39.8303" lon="-1.2568">
				<ele>940.95</ele>
				<time>2026-09-10T09:49:41.565Z</time>
			</trkpt>
			<trkpt lat="39.82967" lon="-1.25664">
				<ele>943.38</ele>
				<time>2026-09-10T09:49:43.536Z</time>
			</trkpt>
			<trkpt lat="39.82886" lon="-1.25652">
				<ele>948.44</ele>
				<time>2026-09-10T09:49:46.055Z</time>
			</trkpt>
			<trkpt lat="39.82472" lon="-1.25604">
				<ele>954.43</ele>
				<time>2026-09-10T09:49:59.215Z</time>
			</trkpt>
			<trkpt lat="39.82409" lon="-1.25592">
				<ele>954.03</ele>
				<time>2026-09-10T09:50:01.280Z</time>
			</trkpt>
			<trkpt lat="39.8236" lon="-1.2557">
				<ele>958.33</ele>
				<time>2026-09-10T09:50:02.972Z</time>
			</trkpt>
			<trkpt lat="39.8231" lon="-1.25539">
				<ele>962.7</ele>
				<time>2026-09-10T09:50:04.791Z</time>
			</trkpt>
			<trkpt lat="39.82262" lon="-1.2551">
				<ele>961.52</ele>
				<time>2026-09-10T09:50:06.538Z</time>
			</trkpt>
			<trkpt lat="39.8222" lon="-1.25494">
				<ele>956.9</ele>
				<time>2026-09-10T09:50:07.991Z</time>
			</trkpt>
			<trkpt lat="39.8218" lon="-1.25488">
				<ele>953.73</ele>
				<time>2026-09-10T09:50:09.335Z</time>
			</trkpt>
			<trkpt lat="39.82134" lon="-1.25488">
				<ele>951.4</ele>
				<time>2026-09-10T09:50:10.877Z</time>
			</trkpt>
			<trkpt lat="39.81745" lon="-1.25534">
				<ele>937.54</ele>
				<time>2026-09-10T09:50:24.310Z</time>
			</trkpt>
			<trkpt lat="39.81717" lon="-1.2554">
				<ele>935.93</ele>
				<time>2026-09-10T09:50:25.310Z</time>
			</trkpt>
			<trkpt lat="39.81676" lon="-1.25554">
				<ele>927.05</ele>
				<time>2026-09-10T09:50:26.811Z</time>
			</trkpt>
			<trkpt lat="39.81646" lon="-1.25566">
				<ele>922.49</ele>
				<time>2026-09-10T09:50:27.928Z</time>
			</trkpt>
			<trkpt lat="39.81602" lon="-1.25591">
				<ele>918.5</ele>
				<time>2026-09-10T09:50:29.644Z</time>
			</trkpt>
			<trkpt lat="39.81557" lon="-1.25625">
				<ele>916.05</ele>
				<time>2026-09-10T09:50:31.516Z</time>
			</trkpt>
			<trkpt lat="39.81519" lon="-1.25661">
				<ele>916.89</ele>
				<time>2026-09-10T09:50:33.217Z</time>
			</trkpt>
			<trkpt lat="39.8147" lon="-1.25721">
				<ele>910.83</ele>
				<time>2026-09-10T09:50:35.670Z</time>
			</trkpt>
			<trkpt lat="39.8137" lon="-1.25867">
				<ele>912.74</ele>
				<time>2026-09-10T09:50:41.226Z</time>
			</trkpt>
			<trkpt lat="39.80874" lon="-1.26578">
				<ele>927.16</ele>
				<time>2026-09-10T09:51:10.176Z</time>
			</trkpt>
			<trkpt lat="39.80832" lon="-1.26633">
				<ele>929.07</ele>
				<time>2026-09-10T09:51:12.644Z</time>
			</trkpt>
			<trkpt lat="39.80795" lon="-1.26669">
				<ele>930.19</ele>
				<time>2026-09-10T09:51:14.572Z</time>
			</trkpt>
			<trkpt lat="39.80751" lon="-1.267">
				<ele>931.33</ele>
				<time>2026-09-10T09:51:16.674Z</time>
			</trkpt>
			<trkpt lat="39.80706" lon="-1.26721">
				<ele>928.21</ele>
				<time>2026-09-10T09:51:18.696Z</time>
			</trkpt>
			<trkpt lat="39.80665" lon="-1.26732">
				<ele>927.11</ele>
				<time>2026-09-10T09:51:20.478Z</time>
			</trkpt>
			<trkpt lat="39.80623" lon="-1.26735">
				<ele>929.04</ele>
				<time>2026-09-10T09:51:22.280Z</time>
			</trkpt>
			<trkpt lat="39.80583" lon="-1.26733">
				<ele>926.11</ele>
				<time>2026-09-10T09:51:24.004Z</time>
			</trkpt>
			<trkpt lat="39.80478" lon="-1.2671">
				<ele>924.44</ele>
				<time>2026-09-10T09:51:28.639Z</time>
			</trkpt>
			<trkpt lat="39.80422" lon="-1.26707">
				<ele>918.56</ele>
				<time>2026-09-10T09:51:31.108Z</time>
			</trkpt>
			<trkpt lat="39.80309" lon="-1.26716">
				<ele>914.97</ele>
				<time>2026-09-10T09:51:36.154Z</time>
			</trkpt>
			<trkpt lat="39.80281" lon="-1.26722">
				<ele>910.65</ele>
				<time>2026-09-10T09:51:37.432Z</time>
			</trkpt>
			<trkpt lat="39.80235" lon="-1.2674">
				<ele>908.51</ele>
				<time>2026-09-10T09:51:39.607Z</time>
			</trkpt>
			<trkpt lat="39.80199" lon="-1.26762">
				<ele>910.98</ele>
				<time>2026-09-10T09:51:41.420Z</time>
			</trkpt>
			<trkpt lat="39.80167" lon="-1.26791">
				<ele>910.54</ele>
				<time>2026-09-10T09:51:43.207Z</time>
			</trkpt>
			<trkpt lat="39.80136" lon="-1.26829">
				<ele>909.04</ele>
				<time>2026-09-10T09:51:45.170Z</time>
			</trkpt>
			<trkpt lat="39.79914" lon="-1.2715">
				<ele>903.12</ele>
				<time>2026-09-10T09:52:00.893Z</time>
			</trkpt>
			<trkpt lat="39.79872" lon="-1.27207">
				<ele>904.1</ele>
				<time>2026-09-10T09:52:03.851Z</time>
			</trkpt>
			<trkpt lat="39.79826" lon="-1.27259">
				<ele>907.25</ele>
				<time>2026-09-10T09:52:06.848Z</time>
			</trkpt>
			<trkpt lat="39.79776" lon="-1.27303">
				<ele>910</ele>
				<time>2026-09-10T09:52:09.844Z</time>
			</trkpt>
			<trkpt lat="39.79733" lon="-1.27329">
				<ele>908.26</ele>
				<time>2026-09-10T09:52:12.216Z</time>
			</trkpt>
			<trkpt lat="39.79683" lon="-1.27351">
				<ele>907.7</ele>
				<time>2026-09-10T09:52:14.877Z</time>
			</trkpt>
			<trkpt lat="39.79625" lon="-1.27367">
				<ele>909.77</ele>
				<time>2026-09-10T09:52:17.890Z</time>
			</trkpt>
			<trkpt lat="39.79568" lon="-1.27373">
				<ele>904.74</ele>
				<time>2026-09-10T09:52:20.821Z</time>
			</trkpt>
			<trkpt lat="39.79513" lon="-1.27371">
				<ele>908.79</ele>
				<time>2026-09-10T09:52:23.665Z</time>
			</trkpt>
			<trkpt lat="39.79049" lon="-1.27303">
				<ele>869.03</ele>
				<time>2026-09-10T09:52:48.752Z</time>
			</trkpt>
			<trkpt lat="39.78687" lon="-1.27253">
				<ele>893.11</ele>
				<time>2026-09-10T09:53:09.549Z</time>
			</trkpt>
			<trkpt lat="39.78641" lon="-1.2725">
				<ele>892.15</ele>
				<time>2026-09-10T09:53:12.261Z</time>
			</trkpt>
			<trkpt lat="39.7861" lon="-1.27254">
				<ele>893.74</ele>
				<time>2026-09-10T09:53:14.106Z</time>
			</trkpt>
			<trkpt lat="39.78491" lon="-1.27291">
				<ele>900.15</ele>
				<time>2026-09-10T09:53:21.434Z</time>
			</trkpt>
			<trkpt lat="39.78454" lon="-1.27295">
				<ele>903.87</ele>
				<time>2026-09-10T09:53:23.684Z</time>
			</trkpt>
			<trkpt lat="39.78416" lon="-1.27293">
				<ele>908.46</ele>
				<time>2026-09-10T09:53:26.001Z</time>
			</trkpt>
			<trkpt lat="39.7838" lon="-1.27285">
				<ele>911.07</ele>
				<time>2026-09-10T09:53:28.239Z</time>
			</trkpt>
			<trkpt lat="39.78344" lon="-1.27269">
				<ele>907.9</ele>
				<time>2026-09-10T09:53:30.582Z</time>
			</trkpt>
			<trkpt lat="39.78317" lon="-1.27251">
				<ele>901.82</ele>
				<time>2026-09-10T09:53:32.461Z</time>
			</trkpt>
			<trkpt lat="39.7829" lon="-1.27228">
				<ele>900.43</ele>
				<time>2026-09-10T09:53:34.468Z</time>
			</trkpt>
			<trkpt lat="39.78261" lon="-1.27195">
				<ele>904.16</ele>
				<time>2026-09-10T09:53:36.877Z</time>
			</trkpt>
			<trkpt lat="39.78235" lon="-1.27156">
				<ele>906.81</ele>
				<time>2026-09-10T09:53:39.372Z</time>
			</trkpt>
			<trkpt lat="39.78046" lon="-1.2683">
				<ele>895.28</ele>
				<time>2026-09-10T09:53:59.628Z</time>
			</trkpt>
			<trkpt lat="39.77878" lon="-1.26554">
				<ele>886</ele>
				<time>2026-09-10T09:54:17.854Z</time>
			</trkpt>
			<trkpt lat="39.77313" lon="-1.25598">
				<ele>875.39</ele>
				<time>2026-09-10T09:55:25.958Z</time>
			</trkpt>
			<trkpt lat="39.7726" lon="-1.25512">
				<ele>875</ele>
				<time>2026-09-10T09:55:32.643Z</time>
			</trkpt>
			<trkpt lat="39.77222" lon="-1.25462">
				<ele>878.76</ele>
				<time>2026-09-10T09:55:36.950Z</time>
			</trkpt>
			<trkpt lat="39.77175" lon="-1.2541">
				<ele>874.82</ele>
				<time>2026-09-10T09:55:41.907Z</time>
			</trkpt>
			<trkpt lat="39.77131" lon="-1.25371">
				<ele>873.73</ele>
				<time>2026-09-10T09:55:46.219Z</time>
			</trkpt>
			<trkpt lat="39.76163" lon="-1.24657">
				<ele>869.04</ele>
				<time>2026-09-10T09:57:24.002Z</time>
			</trkpt>
			<trkpt lat="39.7463" lon="-1.23533">
				<ele>854.87</ele>
				<time>2026-09-10T10:00:31.471Z</time>
			</trkpt>
			<trkpt lat="39.746" lon="-1.23501">
				<ele>855.35</ele>
				<time>2026-09-10T10:00:36.098Z</time>
			</trkpt>
			<trkpt lat="39.74583" lon="-1.23475">
				<ele>855.09</ele>
				<time>2026-09-10T10:00:39.241Z</time>
			</trkpt>
			<trkpt lat="39.74482" lon="-1.23304">
				<ele>852.36</ele>
				<time>2026-09-10T10:00:59.333Z</time>
			</trkpt>
			<trkpt lat="39.74458" lon="-1.23269">
				<ele>851.04</ele>
				<time>2026-09-10T10:01:03.758Z</time>
			</trkpt>
			<trkpt lat="39.74431" lon="-1.23239">
				<ele>852.3</ele>
				<time>2026-09-10T10:01:08.134Z</time>
			</trkpt>
			<trkpt lat="39.74401" lon="-1.23222">
				<ele>853.45</ele>
				<time>2026-09-10T10:01:12.185Z</time>
			</trkpt>
			<trkpt lat="39.74369" lon="-1.23214">
				<ele>853.41</ele>
				<time>2026-09-10T10:01:16.234Z</time>
			</trkpt>
			<trkpt lat="39.74262" lon="-1.23203">
				<ele>863.37</ele>
				<time>2026-09-10T10:01:29.687Z</time>
			</trkpt>
			<trkpt lat="39.74219" lon="-1.23196">
				<ele>859.17</ele>
				<time>2026-09-10T10:01:35.169Z</time>
			</trkpt>
			<trkpt lat="39.74182" lon="-1.2318">
				<ele>861.25</ele>
				<time>2026-09-10T10:01:40.127Z</time>
			</trkpt>
			<trkpt lat="39.7415" lon="-1.23156">
				<ele>863.4</ele>
				<time>2026-09-10T10:01:44.845Z</time>
			</trkpt>
			<trkpt lat="39.74039" lon="-1.23038">
				<ele>864.29</ele>
				<time>2026-09-10T10:02:03.358Z</time>
			</trkpt>
			<trkpt lat="39.73869" lon="-1.22892">
				<ele>863.35</ele>
				<time>2026-09-10T10:02:30.223Z</time>
			</trkpt>
			<trkpt lat="39.73841" lon="-1.2288">
				<ele>865.66</ele>
				<time>2026-09-10T10:02:34.166Z</time>
			</trkpt>
			<trkpt lat="39.73438" lon="-1.22818">
				<ele>884.29</ele>
				<time>2026-09-10T10:03:29.861Z</time>
			</trkpt>
			<trkpt lat="39.73413" lon="-1.2282">
				<ele>884.66</ele>
				<time>2026-09-10T10:03:33.387Z</time>
			</trkpt>
			<trkpt lat="39.73329" lon="-1.22845">
				<ele>888.41</ele>
				<time>2026-09-10T10:03:45.597Z</time>
			</trkpt>
			<trkpt lat="39.73319" lon="-1.22851">
				<ele>889.02</ele>
				<time>2026-09-10T10:03:47.166Z</time>
			</trkpt>
			<trkpt lat="39.73307" lon="-1.22862">
				<ele>891.04</ele>
				<time>2026-09-10T10:03:49.261Z</time>
			</trkpt>
			<trkpt lat="39.73263" lon="-1.22911">
				<ele>894.1</ele>
				<time>2026-09-10T10:03:57.564Z</time>
			</trkpt>
			<trkpt lat="39.73248" lon="-1.22927">
				<ele>892.66</ele>
				<time>2026-09-10T10:04:00.357Z</time>
			</trkpt>
			<trkpt lat="39.73259" lon="-1.2301">
				<ele>891.05</ele>
				<time>2026-09-10T10:04:09.727Z</time>
			</trkpt>
			<trkpt lat="39.73248" lon="-1.22927">
				<ele>892.66</ele>
				<time>2026-09-10T10:04:19.169Z</time>
			</trkpt>
			<trkpt lat="39.7318" lon="-1.2299">
				<ele>893.8</ele>
				<time>2026-09-10T10:04:31.444Z</time>
			</trkpt>
			<trkpt lat="39.7316" lon="-1.23001">
				<ele>895.21</ele>
				<time>2026-09-10T10:04:34.656Z</time>
			</trkpt>
			<trkpt lat="39.73146" lon="-1.23006">
				<ele>895.73</ele>
				<time>2026-09-10T10:04:36.808Z</time>
			</trkpt>
			<trkpt lat="39.73092" lon="-1.23012">
				<ele>898.2</ele>
				<time>2026-09-10T10:04:44.873Z</time>
			</trkpt>
			<trkpt lat="39.73042" lon="-1.2302">
				<ele>900.28</ele>
				<time>2026-09-10T10:04:52.414Z</time>
			</trkpt>
			<trkpt lat="39.73036" lon="-1.23022">
				<ele>899.81</ele>
				<time>2026-09-10T10:04:53.344Z</time>
			</trkpt>
			<trkpt lat="39.7302" lon="-1.23032">
				<ele>898.82</ele>
				<time>2026-09-10T10:04:57.496Z</time>
			</trkpt>
			<trkpt lat="39.72962" lon="-1.23093">
				<ele>896.23</ele>
				<time>2026-09-10T10:05:41.317Z</time>
			</trkpt>
			<trkpt lat="39.72907" lon="-1.23155">
				<ele>893.93</ele>
				<time>2026-09-10T10:05:51.342Z</time>
			</trkpt>
			<trkpt lat="39.72883" lon="-1.23186">
				<ele>889</ele>
				<time>2026-09-10T10:05:54.970Z</time>
			</trkpt>
			<trkpt lat="39.72757" lon="-1.23378">
				<ele>876.48</ele>
				<time>2026-09-10T10:06:15.470Z</time>
			</trkpt>
			<trkpt lat="39.72667" lon="-1.23497">
				<ele>870.25</ele>
				<time>2026-09-10T10:06:28.732Z</time>
			</trkpt>
			<trkpt lat="39.72639" lon="-1.23526">
				<ele>868.26</ele>
				<time>2026-09-10T10:06:32.390Z</time>
			</trkpt>
			<trkpt lat="39.72618" lon="-1.23545">
				<ele>867.87</ele>
				<time>2026-09-10T10:06:34.993Z</time>
			</trkpt>
			<trkpt lat="39.72594" lon="-1.2356">
				<ele>867.45</ele>
				<time>2026-09-10T10:06:37.692Z</time>
			</trkpt>
			<trkpt lat="39.72364" lon="-1.23667">
				<ele>861.83</ele>
				<time>2026-09-10T10:07:02.005Z</time>
			</trkpt>
			<trkpt lat="39.72258" lon="-1.23714">
				<ele>853.48</ele>
				<time>2026-09-10T10:07:12.883Z</time>
			</trkpt>
			<trkpt lat="39.72228" lon="-1.23719">
				<ele>853.02</ele>
				<time>2026-09-10T10:07:15.792Z</time>
			</trkpt>
			<trkpt lat="39.72198" lon="-1.23717">
				<ele>851.32</ele>
				<time>2026-09-10T10:07:18.669Z</time>
			</trkpt>
			<trkpt lat="39.72105" lon="-1.23692">
				<ele>849.66</ele>
				<time>2026-09-10T10:07:27.688Z</time>
			</trkpt>
			<trkpt lat="39.7208" lon="-1.23692">
				<ele>848.21</ele>
				<time>2026-09-10T10:07:30.043Z</time>
			</trkpt>
			<trkpt lat="39.71825" lon="-1.23768">
				<ele>844.28</ele>
				<time>2026-09-10T10:07:54.204Z</time>
			</trkpt>
			<trkpt lat="39.71791" lon="-1.23789">
				<ele>844.32</ele>
				<time>2026-09-10T10:07:57.609Z</time>
			</trkpt>
			<trkpt lat="39.71742" lon="-1.23828">
				<ele>842.32</ele>
				<time>2026-09-10T10:08:02.773Z</time>
			</trkpt>
			<trkpt lat="39.7171" lon="-1.23842">
				<ele>841.24</ele>
				<time>2026-09-10T10:08:05.789Z</time>
			</trkpt>
			<trkpt lat="39.71637" lon="-1.23849">
				<ele>839.87</ele>
				<time>2026-09-10T10:08:12.278Z</time>
			</trkpt>
			<trkpt lat="39.71604" lon="-1.2384">
				<ele>840.43</ele>
				<time>2026-09-10T10:08:15.245Z</time>
			</trkpt>
			<trkpt lat="39.71428" lon="-1.23771">
				<ele>836.6</ele>
				<time>2026-09-10T10:08:31.182Z</time>
			</trkpt>
			<trkpt lat="39.70963" lon="-1.23594">
				<ele>834.64</ele>
				<time>2026-09-10T10:09:11.300Z</time>
			</trkpt>
			<trkpt lat="39.70933" lon="-1.23585">
				<ele>834.19</ele>
				<time>2026-09-10T10:09:13.760Z</time>
			</trkpt>
			<trkpt lat="39.70901" lon="-1.23586">
				<ele>832.27</ele>
				<time>2026-09-10T10:09:16.306Z</time>
			</trkpt>
			<trkpt lat="39.70867" lon="-1.23599">
				<ele>831.58</ele>
				<time>2026-09-10T10:09:19.112Z</time>
			</trkpt>
			<trkpt lat="39.70456" lon="-1.23805">
				<ele>841.03</ele>
				<time>2026-09-10T10:09:52.875Z</time>
			</trkpt>
			<trkpt lat="39.70408" lon="-1.23832">
				<ele>838.45</ele>
				<time>2026-09-10T10:09:56.750Z</time>
			</trkpt>
			<trkpt lat="39.7038" lon="-1.23856">
				<ele>836.7</ele>
				<time>2026-09-10T10:09:59.221Z</time>
			</trkpt>
			<trkpt lat="39.70154" lon="-1.24079">
				<ele>831.07</ele>
				<time>2026-09-10T10:10:19.678Z</time>
			</trkpt>
			<trkpt lat="39.70025" lon="-1.2421">
				<ele>829.57</ele>
				<time>2026-09-10T10:10:31.129Z</time>
			</trkpt>
			<trkpt lat="39.69999" lon="-1.2423">
				<ele>830.53</ele>
				<time>2026-09-10T10:10:33.214Z</time>
			</trkpt>
			<trkpt lat="39.69803" lon="-1.2435">
				<ele>828.55</ele>
				<time>2026-09-10T10:10:47.928Z</time>
			</trkpt>
			<trkpt lat="39.69769" lon="-1.24374">
				<ele>829.82</ele>
				<time>2026-09-10T10:10:50.512Z</time>
			</trkpt>
			<trkpt lat="39.69742" lon="-1.24399">
				<ele>829.32</ele>
				<time>2026-09-10T10:10:52.714Z</time>
			</trkpt>
			<trkpt lat="39.69583" lon="-1.24626">
				<ele>830.52</ele>
				<time>2026-09-10T10:11:08.135Z</time>
			</trkpt>
			<trkpt lat="39.69529" lon="-1.24691">
				<ele>830.1</ele>
				<time>2026-09-10T10:11:12.843Z</time>
			</trkpt>
			<trkpt lat="39.69503" lon="-1.24717">
				<ele>829.4</ele>
				<time>2026-09-10T10:11:14.928Z</time>
			</trkpt>
			<trkpt lat="39.69479" lon="-1.24732">
				<ele>829.88</ele>
				<time>2026-09-10T10:11:16.613Z</time>
			</trkpt>
			<trkpt lat="39.69455" lon="-1.24741">
				<ele>830.23</ele>
				<time>2026-09-10T10:11:18.189Z</time>
			</trkpt>
			<trkpt lat="39.69352" lon="-1.24765">
				<ele>836.35</ele>
				<time>2026-09-10T10:11:24.735Z</time>
			</trkpt>
			<trkpt lat="39.69324" lon="-1.24765">
				<ele>834.16</ele>
				<time>2026-09-10T10:11:26.472Z</time>
			</trkpt>
			<trkpt lat="39.69052" lon="-1.24729">
				<ele>827.04</ele>
				<time>2026-09-10T10:11:43.111Z</time>
			</trkpt>
			<trkpt lat="39.6902" lon="-1.24731">
				<ele>825.36</ele>
				<time>2026-09-10T10:11:45.023Z</time>
			</trkpt>
			<trkpt lat="39.6898" lon="-1.24742">
				<ele>823.39</ele>
				<time>2026-09-10T10:11:47.453Z</time>
			</trkpt>
			<trkpt lat="39.68944" lon="-1.24759">
				<ele>825.3</ele>
				<time>2026-09-10T10:11:49.718Z</time>
			</trkpt>
			<trkpt lat="39.68889" lon="-1.24807">
				<ele>824.06</ele>
				<time>2026-09-10T10:11:53.611Z</time>
			</trkpt>
			<trkpt lat="39.68028" lon="-1.25616">
				<ele>817.85</ele>
				<time>2026-09-10T10:12:52.073Z</time>
			</trkpt>
			<trkpt lat="39.679" lon="-1.25738">
				<ele>813.57</ele>
				<time>2026-09-10T10:13:00.234Z</time>
			</trkpt>
			<trkpt lat="39.67857" lon="-1.25773">
				<ele>815.9</ele>
				<time>2026-09-10T10:13:02.815Z</time>
			</trkpt>
			<trkpt lat="39.67828" lon="-1.25792">
				<ele>819.21</ele>
				<time>2026-09-10T10:13:04.460Z</time>
			</trkpt>
			<trkpt lat="39.67349" lon="-1.26012">
				<ele>818.25</ele>
				<time>2026-09-10T10:13:29.535Z</time>
			</trkpt>
			<trkpt lat="39.67314" lon="-1.26019">
				<ele>818.98</ele>
				<time>2026-09-10T10:13:31.240Z</time>
			</trkpt>
			<trkpt lat="39.67038" lon="-1.26015">
				<ele>812.2</ele>
				<time>2026-09-10T10:13:44.355Z</time>
			</trkpt>
			<trkpt lat="39.66958" lon="-1.26012">
				<ele>815.07</ele>
				<time>2026-09-10T10:13:48.104Z</time>
			</trkpt>
			<trkpt lat="39.6692" lon="-1.26014">
				<ele>817.25</ele>
				<time>2026-09-10T10:13:49.877Z</time>
			</trkpt>
			<trkpt lat="39.66889" lon="-1.26019">
				<ele>815.71</ele>
				<time>2026-09-10T10:13:51.330Z</time>
			</trkpt>
			<trkpt lat="39.6666" lon="-1.26092">
				<ele>814.97</ele>
				<time>2026-09-10T10:14:02.191Z</time>
			</trkpt>
			<trkpt lat="39.66326" lon="-1.26202">
				<ele>807.64</ele>
				<time>2026-09-10T10:14:17.760Z</time>
			</trkpt>
			<trkpt lat="39.66298" lon="-1.26218">
				<ele>809.67</ele>
				<time>2026-09-10T10:14:19.127Z</time>
			</trkpt>
			<trkpt lat="39.66261" lon="-1.26245">
				<ele>809.85</ele>
				<time>2026-09-10T10:14:21.020Z</time>
			</trkpt>
			<trkpt lat="39.6612" lon="-1.26369">
				<ele>809.81</ele>
				<time>2026-09-10T10:14:28.571Z</time>
			</trkpt>
			<trkpt lat="39.66091" lon="-1.26389">
				<ele>807.75</ele>
				<time>2026-09-10T10:14:30.020Z</time>
			</trkpt>
			<trkpt lat="39.65825" lon="-1.26551">
				<ele>804.41</ele>
				<time>2026-09-10T10:14:42.891Z</time>
			</trkpt>
			<trkpt lat="39.65722" lon="-1.26617">
				<ele>804.15</ele>
				<time>2026-09-10T10:14:47.884Z</time>
			</trkpt>
			<trkpt lat="39.65588" lon="-1.26699">
				<ele>804.21</ele>
				<time>2026-09-10T10:14:54.296Z</time>
			</trkpt>
			<trkpt lat="39.65382" lon="-1.26773">
				<ele>805.19</ele>
				<time>2026-09-10T10:15:03.506Z</time>
			</trkpt>
			<trkpt lat="39.65302" lon="-1.26801">
				<ele>802.68</ele>
				<time>2026-09-10T10:15:07.065Z</time>
			</trkpt>
			<trkpt lat="39.65282" lon="-1.26806">
				<ele>802.85</ele>
				<time>2026-09-10T10:15:07.939Z</time>
			</trkpt>
			<trkpt lat="39.65258" lon="-1.26809">
				<ele>803.49</ele>
				<time>2026-09-10T10:15:08.974Z</time>
			</trkpt>
			<trkpt lat="39.65121" lon="-1.26812">
				<ele>803.63</ele>
				<time>2026-09-10T10:15:14.847Z</time>
			</trkpt>
			<trkpt lat="39.65022" lon="-1.26814">
				<ele>799.94</ele>
				<time>2026-09-10T10:15:19.087Z</time>
			</trkpt>
			<trkpt lat="39.64981" lon="-1.26813">
				<ele>799.23</ele>
				<time>2026-09-10T10:15:20.842Z</time>
			</trkpt>
			<trkpt lat="39.64648" lon="-1.26755">
				<ele>794.54</ele>
				<time>2026-09-10T10:15:35.225Z</time>
			</trkpt>
			<trkpt lat="39.64588" lon="-1.26749">
				<ele>794.37</ele>
				<time>2026-09-10T10:15:37.804Z</time>
			</trkpt>
			<trkpt lat="39.64554" lon="-1.26749">
				<ele>793.11</ele>
				<time>2026-09-10T10:15:39.262Z</time>
			</trkpt>
			<trkpt lat="39.64485" lon="-1.2676">
				<ele>794.64</ele>
				<time>2026-09-10T10:15:42.245Z</time>
			</trkpt>
			<trkpt lat="39.64302" lon="-1.26797">
				<ele>800.46</ele>
				<time>2026-09-10T10:15:50.209Z</time>
			</trkpt>
			<trkpt lat="39.64236" lon="-1.26805">
				<ele>795.51</ele>
				<time>2026-09-10T10:15:53.068Z</time>
			</trkpt>
			<trkpt lat="39.64221" lon="-1.26805">
				<ele>794.95</ele>
				<time>2026-09-10T10:15:53.715Z</time>
			</trkpt>
			<trkpt lat="39.64189" lon="-1.268">
				<ele>793.78</ele>
				<time>2026-09-10T10:15:55.107Z</time>
			</trkpt>
			<trkpt lat="39.64162" lon="-1.26791">
				<ele>794.24</ele>
				<time>2026-09-10T10:15:56.312Z</time>
			</trkpt>
			<trkpt lat="39.64134" lon="-1.26776">
				<ele>793.39</ele>
				<time>2026-09-10T10:15:57.622Z</time>
			</trkpt>
			<trkpt lat="39.64115" lon="-1.26762">
				<ele>795.36</ele>
				<time>2026-09-10T10:15:58.568Z</time>
			</trkpt>
			<trkpt lat="39.6407" lon="-1.26717">
				<ele>795.25</ele>
				<time>2026-09-10T10:16:01.030Z</time>
			</trkpt>
			<trkpt lat="39.64028" lon="-1.26664">
				<ele>795.06</ele>
				<time>2026-09-10T10:16:03.573Z</time>
			</trkpt>
			<trkpt lat="39.6393" lon="-1.26549">
				<ele>793.42</ele>
				<time>2026-09-10T10:16:09.327Z</time>
			</trkpt>
			<trkpt lat="39.63907" lon="-1.26524">
				<ele>795.03</ele>
				<time>2026-09-10T10:16:10.638Z</time>
			</trkpt>
			<trkpt lat="39.6383" lon="-1.26455">
				<ele>794.69</ele>
				<time>2026-09-10T10:16:14.737Z</time>
			</trkpt>
			<trkpt lat="39.63181" lon="-1.25897">
				<ele>780.69</ele>
				<time>2026-09-10T10:16:49.608Z</time>
			</trkpt>
			<trkpt lat="39.63166" lon="-1.25885">
				<ele>783.04</ele>
				<time>2026-09-10T10:16:50.417Z</time>
			</trkpt>
			<trkpt lat="39.63137" lon="-1.25869">
				<ele>784.79</ele>
				<time>2026-09-10T10:16:51.865Z</time>
			</trkpt>
			<trkpt lat="39.63108" lon="-1.2586">
				<ele>782.3</ele>
				<time>2026-09-10T10:16:53.239Z</time>
			</trkpt>
			<trkpt lat="39.63079" lon="-1.25858">
				<ele>782.81</ele>
				<time>2026-09-10T10:16:54.580Z</time>
			</trkpt>
			<trkpt lat="39.63049" lon="-1.25862">
				<ele>783.21</ele>
				<time>2026-09-10T10:16:55.975Z</time>
			</trkpt>
			<trkpt lat="39.63037" lon="-1.25865">
				<ele>785.4</ele>
				<time>2026-09-10T10:16:56.542Z</time>
			</trkpt>
			<trkpt lat="39.62888" lon="-1.25923">
				<ele>786.96</ele>
				<time>2026-09-10T10:17:03.796Z</time>
			</trkpt>
			<trkpt lat="39.62862" lon="-1.25927">
				<ele>786.86</ele>
				<time>2026-09-10T10:17:05.025Z</time>
			</trkpt>
			<trkpt lat="39.6282" lon="-1.25927">
				<ele>787.75</ele>
				<time>2026-09-10T10:17:07.003Z</time>
			</trkpt>
			<trkpt lat="39.62786" lon="-1.25922">
				<ele>784.41</ele>
				<time>2026-09-10T10:17:08.619Z</time>
			</trkpt>
			<trkpt lat="39.62757" lon="-1.25911">
				<ele>778.15</ele>
				<time>2026-09-10T10:17:10.050Z</time>
			</trkpt>
			<trkpt lat="39.62629" lon="-1.25852">
				<ele>787.98</ele>
				<time>2026-09-10T10:17:16.526Z</time>
			</trkpt>
			<trkpt lat="39.62614" lon="-1.25841">
				<ele>788.12</ele>
				<time>2026-09-10T10:17:17.353Z</time>
			</trkpt>
			<trkpt lat="39.62554" lon="-1.25785">
				<ele>790.96</ele>
				<time>2026-09-10T10:17:20.914Z</time>
			</trkpt>
			<trkpt lat="39.62532" lon="-1.2577">
				<ele>789.91</ele>
				<time>2026-09-10T10:17:22.116Z</time>
			</trkpt>
			<trkpt lat="39.62508" lon="-1.25761">
				<ele>788.69</ele>
				<time>2026-09-10T10:17:23.327Z</time>
			</trkpt>
			<trkpt lat="39.62332" lon="-1.25718">
				<ele>785.91</ele>
				<time>2026-09-10T10:17:32.093Z</time>
			</trkpt>
			<trkpt lat="39.62296" lon="-1.25707">
				<ele>783.53</ele>
				<time>2026-09-10T10:17:33.922Z</time>
			</trkpt>
			<trkpt lat="39.62282" lon="-1.25701">
				<ele>783</ele>
				<time>2026-09-10T10:17:34.652Z</time>
			</trkpt>
			<trkpt lat="39.62238" lon="-1.2567">
				<ele>781.56</ele>
				<time>2026-09-10T10:17:37.141Z</time>
			</trkpt>
			<trkpt lat="39.62079" lon="-1.25546">
				<ele>777.86</ele>
				<time>2026-09-10T10:17:46.468Z</time>
			</trkpt>
			<trkpt lat="39.62054" lon="-1.25532">
				<ele>775.56</ele>
				<time>2026-09-10T10:17:47.852Z</time>
			</trkpt>
			<trkpt lat="39.62021" lon="-1.25519">
				<ele>772.23</ele>
				<time>2026-09-10T10:17:49.610Z</time>
			</trkpt>
			<trkpt lat="39.6195" lon="-1.25495">
				<ele>773.63</ele>
				<time>2026-09-10T10:17:53.371Z</time>
			</trkpt>
			<trkpt lat="39.61873" lon="-1.25473">
				<ele>776.99</ele>
				<time>2026-09-10T10:17:57.444Z</time>
			</trkpt>
			<trkpt lat="39.61861" lon="-1.2549">
				<ele>776.35</ele>
				<time>2026-09-10T10:17:58.366Z</time>
			</trkpt>
			<trkpt lat="39.61728" lon="-1.25622">
				<ele>766.15</ele>
				<time>2026-09-10T10:18:07.145Z</time>
			</trkpt>
			<trkpt lat="39.61706" lon="-1.25642">
				<ele>766.04</ele>
				<time>2026-09-10T10:18:08.569Z</time>
			</trkpt>
			<trkpt lat="39.61671" lon="-1.25668">
				<ele>765.19</ele>
				<time>2026-09-10T10:18:10.713Z</time>
			</trkpt>
			<trkpt lat="39.61452" lon="-1.25788">
				<ele>766.77</ele>
				<time>2026-09-10T10:18:23.465Z</time>
			</trkpt>
			<trkpt lat="39.61423" lon="-1.25817">
				<ele>770.01</ele>
				<time>2026-09-10T10:18:25.409Z</time>
			</trkpt>
			<trkpt lat="39.61397" lon="-1.25854">
				<ele>772.66</ele>
				<time>2026-09-10T10:18:27.448Z</time>
			</trkpt>
			<trkpt lat="39.61382" lon="-1.25894">
				<ele>772.63</ele>
				<time>2026-09-10T10:18:29.252Z</time>
			</trkpt>
			<trkpt lat="39.61372" lon="-1.25942">
				<ele>772.48</ele>
				<time>2026-09-10T10:18:31.260Z</time>
			</trkpt>
			<trkpt lat="39.61369" lon="-1.25977">
				<ele>774.11</ele>
				<time>2026-09-10T10:18:32.677Z</time>
			</trkpt>
			<trkpt lat="39.61373" lon="-1.2614">
				<ele>772.9</ele>
				<time>2026-09-10T10:18:39.186Z</time>
			</trkpt>
			<trkpt lat="39.6137" lon="-1.26164">
				<ele>773.28</ele>
				<time>2026-09-10T10:18:40.150Z</time>
			</trkpt>
			<trkpt lat="39.61362" lon="-1.26189">
				<ele>773.04</ele>
				<time>2026-09-10T10:18:41.221Z</time>
			</trkpt>
			<trkpt lat="39.61348" lon="-1.26217">
				<ele>771.78</ele>
				<time>2026-09-10T10:18:42.538Z</time>
			</trkpt>
			<trkpt lat="39.61181" lon="-1.2648">
				<ele>780.84</ele>
				<time>2026-09-10T10:18:55.837Z</time>
			</trkpt>
			<trkpt lat="39.60931" lon="-1.26725">
				<ele>790.94</ele>
				<time>2026-09-10T10:19:11.438Z</time>
			</trkpt>
			<trkpt lat="39.609" lon="-1.26755">
				<ele>789.59</ele>
				<time>2026-09-10T10:19:13.352Z</time>
			</trkpt>
			<trkpt lat="39.60875" lon="-1.26768">
				<ele>787.5</ele>
				<time>2026-09-10T10:19:14.684Z</time>
			</trkpt>
			<trkpt lat="39.60735" lon="-1.26809">
				<ele>780.41</ele>
				<time>2026-09-10T10:19:21.775Z</time>
			</trkpt>
			<trkpt lat="39.60715" lon="-1.26808">
				<ele>779.27</ele>
				<time>2026-09-10T10:19:22.763Z</time>
			</trkpt>
			<trkpt lat="39.60693" lon="-1.26802">
				<ele>777.11</ele>
				<time>2026-09-10T10:19:23.874Z</time>
			</trkpt>
			<trkpt lat="39.60555" lon="-1.26734">
				<ele>775.59</ele>
				<time>2026-09-10T10:19:31.170Z</time>
			</trkpt>
			<trkpt lat="39.60533" lon="-1.26729">
				<ele>773.7</ele>
				<time>2026-09-10T10:19:32.275Z</time>
			</trkpt>
			<trkpt lat="39.60096" lon="-1.26785">
				<ele>780.63</ele>
				<time>2026-09-10T10:19:54.215Z</time>
			</trkpt>
			<trkpt lat="39.59911" lon="-1.26847">
				<ele>783.7</ele>
				<time>2026-09-10T10:20:03.957Z</time>
			</trkpt>
			<trkpt lat="39.59734" lon="-1.26937">
				<ele>786.18</ele>
				<time>2026-09-10T10:20:13.824Z</time>
			</trkpt>
			<trkpt lat="39.59727" lon="-1.26944">
				<ele>786.15</ele>
				<time>2026-09-10T10:20:14.288Z</time>
			</trkpt>
			<trkpt lat="39.59724" lon="-1.26952">
				<ele>785.84</ele>
				<time>2026-09-10T10:20:14.648Z</time>
			</trkpt>
			<trkpt lat="39.5937" lon="-1.26747">
				<ele>782.58</ele>
				<time>2026-09-10T10:20:35.517Z</time>
			</trkpt>
			<trkpt lat="39.59358" lon="-1.26743">
				<ele>782.08</ele>
				<time>2026-09-10T10:20:36.201Z</time>
			</trkpt>
			<trkpt lat="39.59329" lon="-1.26723">
				<ele>779.74</ele>
				<time>2026-09-10T10:20:38.009Z</time>
			</trkpt>
			<trkpt lat="39.5931" lon="-1.26702">
				<ele>777.33</ele>
				<time>2026-09-10T10:20:39.381Z</time>
			</trkpt>
			<trkpt lat="39.59299" lon="-1.26688">
				<ele>777.04</ele>
				<time>2026-09-10T10:20:40.228Z</time>
			</trkpt>
			<trkpt lat="39.59282" lon="-1.26659">
				<ele>777.41</ele>
				<time>2026-09-10T10:20:41.768Z</time>
			</trkpt>
			<trkpt lat="39.59245" lon="-1.26566">
				<ele>772.36</ele>
				<time>2026-09-10T10:20:46.179Z</time>
			</trkpt>
			<trkpt lat="39.59214" lon="-1.26495">
				<ele>774.61</ele>
				<time>2026-09-10T10:20:49.606Z</time>
			</trkpt>
			<trkpt lat="39.57068" lon="-1.21372">
				<ele>733.87</ele>
				<time>2026-09-10T10:25:11.525Z</time>
			</trkpt>
			<trkpt lat="39.57045" lon="-1.21323">
				<ele>730.51</ele>
				<time>2026-09-10T10:25:14.709Z</time>
			</trkpt>
			<trkpt lat="39.57025" lon="-1.21294">
				<ele>731.46</ele>
				<time>2026-09-10T10:25:16.880Z</time>
			</trkpt>
			<trkpt lat="39.57003" lon="-1.21272">
				<ele>733.08</ele>
				<time>2026-09-10T10:25:18.899Z</time>
			</trkpt>
			<trkpt lat="39.56947" lon="-1.21223">
				<ele>733.15</ele>
				<time>2026-09-10T10:25:23.843Z</time>
			</trkpt>
			<trkpt lat="39.56886" lon="-1.21173">
				<ele>734.72</ele>
				<time>2026-09-10T10:25:29.178Z</time>
			</trkpt>
			<trkpt lat="39.56877" lon="-1.21162">
				<ele>734.59</ele>
				<time>2026-09-10T10:25:30.098Z</time>
			</trkpt>
			<trkpt lat="39.56872" lon="-1.21152">
				<ele>734.4</ele>
				<time>2026-09-10T10:25:30.783Z</time>
			</trkpt>
			<trkpt lat="39.5686" lon="-1.21119">
				<ele>734.67</ele>
				<time>2026-09-10T10:25:32.885Z</time>
			</trkpt>
			<trkpt lat="39.56786" lon="-1.20901">
				<ele>733.85</ele>
				<time>2026-09-10T10:25:46.825Z</time>
			</trkpt>
			<trkpt lat="39.56774" lon="-1.20873">
				<ele>735.02</ele>
				<time>2026-09-10T10:25:48.730Z</time>
			</trkpt>
			<trkpt lat="39.56757" lon="-1.20844">
				<ele>737.52</ele>
				<time>2026-09-10T10:25:50.904Z</time>
			</trkpt>
			<trkpt lat="39.56744" lon="-1.20816">
				<ele>736.66</ele>
				<time>2026-09-10T10:25:52.863Z</time>
			</trkpt>
			<trkpt lat="39.56723" lon="-1.20749">
				<ele>733.88</ele>
				<time>2026-09-10T10:25:57.224Z</time>
			</trkpt>
			<trkpt lat="39.56721" lon="-1.20736">
				<ele>734.51</ele>
				<time>2026-09-10T10:25:58.027Z</time>
			</trkpt>
			<trkpt lat="39.5674" lon="-1.20737">
				<ele>732.47</ele>
				<time>2026-09-10T10:25:59.526Z</time>
			</trkpt>
			<trkpt lat="39.56805" lon="-1.20751">
				<ele>732.01</ele>
				<time>2026-09-10T10:26:04.751Z</time>
			</trkpt>
			<trkpt lat="39.56824" lon="-1.20755">
				<ele>733.05</ele>
				<time>2026-09-10T10:26:06.288Z</time>
			</trkpt>
			<trkpt lat="39.56841" lon="-1.20704">
				<ele>733.91</ele>
				<time>2026-09-10T10:26:09.723Z</time>
			</trkpt>
			<trkpt lat="39.56861" lon="-1.20597">
				<ele>744.98</ele>
				<time>2026-09-10T10:26:16.599Z</time>
			</trkpt>
			<trkpt lat="39.56863" lon="-1.2057">
				<ele>745.09</ele>
				<time>2026-09-10T10:26:18.307Z</time>
			</trkpt>
			<trkpt lat="39.56863" lon="-1.20544">
				<ele>745.43</ele>
				<time>2026-09-10T10:26:19.949Z</time>
			</trkpt>
			<trkpt lat="39.56859" lon="-1.20528">
				<ele>745.95</ele>
				<time>2026-09-10T10:26:21.014Z</time>
			</trkpt>
			<trkpt lat="39.56845" lon="-1.20491">
				<ele>746</ele>
				<time>2026-09-10T10:26:23.634Z</time>
			</trkpt>
			<trkpt lat="39.56813" lon="-1.20441">
				<ele>744.71</ele>
				<time>2026-09-10T10:26:27.790Z</time>
			</trkpt>
			<trkpt lat="39.56812" lon="-1.20438">
				<ele>744.5</ele>
				<time>2026-09-10T10:26:28.000Z</time>
			</trkpt>
			<trkpt lat="39.56785" lon="-1.20457">
				<ele>743.85</ele>
				<time>2026-09-10T10:26:30.575Z</time>
			</trkpt>
			<trkpt lat="39.56803" lon="-1.20498">
				<ele>744.04</ele>
				<time>2026-09-10T10:26:33.927Z</time>
			</trkpt>
			<trkpt lat="39.56785" lon="-1.20457">
				<ele>743.85</ele>
				<time>2026-09-10T10:26:38.131Z</time>
			</trkpt>
			<trkpt lat="39.56812" lon="-1.20438">
				<ele>744.5</ele>
				<time>2026-09-10T10:26:43.130Z</time>
			</trkpt>
			<trkpt lat="39.56813" lon="-1.20441">
				<ele>744.71</ele>
				<time>2026-09-10T10:26:43.647Z</time>
			</trkpt>
			<trkpt lat="39.56845" lon="-1.20491">
				<ele>746</ele>
				<time>2026-09-10T10:26:56.729Z</time>
			</trkpt>
			<trkpt lat="39.5685" lon="-1.20488">
				<ele>746</ele>
				<time>2026-09-10T10:26:58.435Z</time>
			</trkpt>
			<trkpt lat="39.56861" lon="-1.20485">
				<ele>745.91</ele>
				<time>2026-09-10T10:27:02.037Z</time>
			</trkpt>
			<trkpt lat="39.56893" lon="-1.2049">
				<ele>743.22</ele>
				<time>2026-09-10T10:27:13.043Z</time>
			</trkpt>
			<trkpt lat="39.5691" lon="-1.20497">
				<ele>741.66</ele>
				<time>2026-09-10T10:27:19.383Z</time>
			</trkpt>
			<trkpt lat="39.56937" lon="-1.20509">
				<ele>741.07</ele>
				<time>2026-09-10T10:27:29.552Z</time>
			</trkpt>
			<trkpt lat="39.56955" lon="-1.20513">
				<ele>741.41</ele>
				<time>2026-09-10T10:27:35.889Z</time>
			</trkpt>
			<trkpt lat="39.56984" lon="-1.20517">
				<ele>742.61</ele>
				<time>2026-09-10T10:27:45.383Z</time>
			</trkpt>
			<trkpt lat="39.57003" lon="-1.20528">
				<ele>742.86</ele>
				<time>2026-09-10T10:27:51.450Z</time>
			</trkpt>
			<trkpt lat="39.57009" lon="-1.2053">
				<ele>742.59</ele>
				<time>2026-09-10T10:27:53.111Z</time>
			</trkpt>
			<trkpt lat="39.57042" lon="-1.20567">
				<ele>741.08</ele>
				<time>2026-09-10T10:28:02.416Z</time>
			</trkpt>
			<trkpt lat="39.57076" lon="-1.20617">
				<ele>742.23</ele>
				<time>2026-09-10T10:28:11.819Z</time>
			</trkpt>
			<trkpt lat="39.57086" lon="-1.20637">
				<ele>741.21</ele>
				<time>2026-09-10T10:28:15.202Z</time>
			</trkpt>
			<trkpt lat="39.57125" lon="-1.20629">
				<ele>743.08</ele>
				<time>2026-09-10T10:28:22.472Z</time>
			</trkpt>
			<trkpt lat="39.57218" lon="-1.20618">
				<ele>740.06</ele>
				<time>2026-09-10T10:28:39.662Z</time>
			</trkpt>
			<trkpt lat="39.57255" lon="-1.20619">
				<ele>739.2</ele>
				<time>2026-09-10T10:28:46.474Z</time>
			</trkpt>
			<trkpt lat="39.57282" lon="-1.2062">
				<ele>741.26</ele>
				<time>2026-09-10T10:28:51.407Z</time>
			</trkpt>
			<trkpt lat="39.57289" lon="-1.20617">
				<ele>741.77</ele>
				<time>2026-09-10T10:28:52.747Z</time>
			</trkpt>
			<trkpt lat="39.57298" lon="-1.2061">
				<ele>742.59</ele>
				<time>2026-09-10T10:28:54.651Z</time>
			</trkpt>
			<trkpt lat="39.57312" lon="-1.20635">
				<ele>742.14</ele>
				<time>2026-09-10T10:28:58.964Z</time>
			</trkpt>
			<trkpt lat="39.57274" lon="-1.20668">
				<ele>741.69</ele>
				<time>2026-09-10T10:29:07.264Z</time>
			</trkpt>
		</trkseg>
	</trk>
</gpx>