<?xml version="1.0" encoding="UTF-8"?>
<gpx version="1.1" creator="Kurviger" xmlns="http://www.topografix.com/GPX/1/1" xmlns:xsi="http://www.w3.org/2001/XMLSchema-instance" xsi:schemaLocation="http://www.topografix.com/GPX/1/1 http://www.topografix.com/GPX/1/1/gpx.xsd http://www.garmin.com/xmlschemas/GpxExtensions/v3 http://www.garmin.com/xmlschemas/GpxExtensionsv3.xsd http://www.garmin.com/xmlschemas/TripExtensions/v1 http://www.garmin.com/xmlschemas/TripExtensionsv1.xsd" xmlns:gpxx="http://www.garmin.com/xmlschemas/GpxExtensions/v3" xmlns:trp="http://www.garmin.com/xmlschemas/TripExtensions/v1">
	<metadata>
		<name>Almería - Camping Puente de las Herrerías, Cazorla</name>
		<copyright author="OpenStreetMap contributors"/>
		<link href="https://kurviger.com">
			<text>Kurviger.com GPX</text>
		</link>
		<time>2026-09-10T09:42:22.913Z</time>
	</metadata>
	<rte>
		<name>Almería - Camping Puente de las Herrerías, Cazorla</name>
		<extensions>
			<trp:Trip>
				<trp:TransportationMode>Motorcycling</trp:TransportationMode>
			</trp:Trip>
		</extensions>
		<rtept lat="36.84474" lon="-2.44778">
			<name>Start</name>
			<sym>Flag, Green</sym>
			<type>start</type>
			<extensions>
				<trp:ViaPoint>
					<trp:CalculationMode>Adventurous</trp:CalculationMode>
				</trp:ViaPoint>
			</extensions>
		</rtept>
		<rtept lat="37.02323" lon="-2.44382">
			<name>Additional Waypoint</name>
			<sym>Waypoint</sym>
			<type>shaping</type>
			<extensions>
				<trp:ShapingPoint/>
			</extensions>
		</rtept>
		<rtept lat="37.11175" lon="-2.52844">
			<name>Additional Waypoint</name>
			<sym>Waypoint</sym>
			<type>shaping</type>
			<extensions>
				<trp:ShapingPoint/>
			</extensions>
		</rtept>
		<rtept lat="37.34352" lon="-2.50429">
			<name>Additional Waypoint</name>
			<sym>Waypoint</sym>
			<type>shaping</type>
			<extensions>
				<trp:ShapingPoint/>
			</extensions>
		</rtept>
		<rtept lat="37.48633" lon="-2.777">
			<name>Via Point 1</name>
			<sym>Flag, Blue</sym>
			<type>via</type>
			<extensions>
				<trp:ViaPoint>
					<trp:CalculationMode>Adventurous</trp:CalculationMode>
				</trp:ViaPoint>
			</extensions>
		</rtept>
		<rtept lat="37.55347" lon="-2.95144">
			<name>Additional Waypoint</name>
			<sym>Waypoint</sym>
			<type>shaping</type>
			<extensions>
				<trp:ShapingPoint/>
			</extensions>
		</rtept>
		<rtept lat="37.70251" lon="-2.93535">
			<name>Via Point 2</name>
			<sym>Flag, Blue</sym>
			<type>via</type>
			<extensions>
				<trp:ViaPoint>
					<trp:CalculationMode>Adventurous</trp:CalculationMode>
				</trp:ViaPoint>
			</extensions>
		</rtept>
		<rtept lat="37.76943" lon="-3.024">
			<name>Via Point 3</name>
			<sym>Flag, Blue</sym>
			<type>via</type>
			<extensions>
				<trp:ViaPoint>
					<trp:CalculationMode>Adventurous</trp:CalculationMode>
				</trp:ViaPoint>
			</extensions>
		</rtept>
		<rtept lat="37.84025" lon="-3.06868">
			<name>Via Point 4</name>
			<sym>Flag, Blue</sym>
			<type>via</type>
			<extensions>
				<trp:ViaPoint>
					<trp:CalculationMode>Adventurous</trp:CalculationMode>
				</trp:ViaPoint>
			</extensions>
		</rtept>
		<rtept lat="37.91454" lon="-3.00686">
			<name>Via Point 5</name>
			<sym>Flag, Blue</sym>
			<type>via</type>
			<extensions>
				<trp:ViaPoint>
					<trp:CalculationMode>Adventurous</trp:CalculationMode>
				</trp:ViaPoint>
			</extensions>
		</rtept>
		<rtept lat="37.92134" lon="-2.99569">
			<name>Via Point 6</name>
			<sym>Flag, Blue</sym>
			<type>via</type>
			<extensions>
				<trp:ViaPoint>
					<trp:CalculationMode>Adventurous</trp:CalculationMode>
				</trp:ViaPoint>
			</extensions>
		</rtept>
		<rtept lat="37.95106" lon="-2.94003">
			<name>Via Point 7</name>
			<sym>Flag, Blue</sym>
			<type>via</type>
			<extensions>
				<trp:ViaPoint>
					<trp:CalculationMode>Adventurous</trp:CalculationMode>
				</trp:ViaPoint>
			</extensions>
		</rtept>
		<rtept lat="37.91697" lon="-2.95418">
			<name>Via Point 8</name>
			<sym>Flag, Blue</sym>
			<type>via</type>
			<extensions>
				<trp:ViaPoint>
					<trp:CalculationMode>Adventurous</trp:CalculationMode>
				</trp:ViaPoint>
			</extensions>
		</rtept>
		<rtept lat="37.9203" lon="-2.92947">
			<name>Via Point 9</name>
			<sym>Flag, Blue</sym>
			<type>via</type>
			<extensions>
				<trp:ViaPoint>
					<trp:CalculationMode>Adventurous</trp:CalculationMode>
				</trp:ViaPoint>
			</extensions>
		</rtept>
		<rtept lat="37.90192" lon="-2.93794">
			<name>Destination</name>
			<sym>Flag, Red</sym>
			<type>destination</type>
			<extensions>
				<trp:ViaPoint/>
			</extensions>
		</rtept>
	</rte>
	<trk>
		<name>Almería - Camping Puente de las Herrerías, Cazorla</name>
		<trkseg>
			<trkpt lat="36.84474" lon="-2.44778">
				<ele>28.96</ele>
				<time>2026-09-10T09:42:22.561Z</time>
			</trkpt>
			<trkpt lat="36.84373" lon="-2.44778">
				<ele>28.44</ele>
				<time>2026-09-10T09:42:41.156Z</time>
			</trkpt>
			<trkpt lat="36.84373" lon="-2.44822">
				<ele>27.74</ele>
				<time>2026-09-10T09:42:48.015Z</time>
			</trkpt>
			<trkpt lat="36.84338" lon="-2.44822">
				<ele>30.75</ele>
				<time>2026-09-10T09:42:54.148Z</time>
			</trkpt>
			<trkpt lat="36.84336" lon="-2.45011">
				<ele>26.18</ele>
				<time>2026-09-10T09:43:11.029Z</time>
			</trkpt>
			<trkpt lat="36.84314" lon="-2.45212">
				<ele>31.76</ele>
				<time>2026-09-10T09:43:25.866Z</time>
			</trkpt>
			<trkpt lat="36.84307" lon="-2.45265">
				<ele>35.24</ele>
				<time>2026-09-10T09:43:30.553Z</time>
			</trkpt>
			<trkpt lat="36.84306" lon="-2.45273">
				<ele>35.04</ele>
				<time>2026-09-10T09:43:31.316Z</time>
			</trkpt>
			<trkpt lat="36.84293" lon="-2.45278">
				<ele>36.25</ele>
				<time>2026-09-10T09:43:33.097Z</time>
			</trkpt>
			<trkpt lat="36.84267" lon="-2.45449">
				<ele>31.45</ele>
				<time>2026-09-10T09:43:47.997Z</time>
			</trkpt>
			<trkpt lat="36.84251" lon="-2.45603">
				<ele>30</ele>
				<time>2026-09-10T09:43:59.859Z</time>
			</trkpt>
			<trkpt lat="36.84247" lon="-2.45738">
				<ele>27.25</ele>
				<time>2026-09-10T09:44:10.917Z</time>
			</trkpt>
			<trkpt lat="36.84249" lon="-2.45763">
				<ele>25.98</ele>
				<time>2026-09-10T09:44:13.178Z</time>
			</trkpt>
			<trkpt lat="36.84329" lon="-2.45751">
				<ele>28</ele>
				<time>2026-09-10T09:44:22.925Z</time>
			</trkpt>
			<trkpt lat="36.84368" lon="-2.45747">
				<ele>29.93</ele>
				<time>2026-09-10T09:44:27.963Z</time>
			</trkpt>
			<trkpt lat="36.84384" lon="-2.45748">
				<ele>29.87</ele>
				<time>2026-09-10T09:44:30.068Z</time>
			</trkpt>
			<trkpt lat="36.84397" lon="-2.45756">
				<ele>30.65</ele>
				<time>2026-09-10T09:44:31.991Z</time>
			</trkpt>
			<trkpt lat="36.84426" lon="-2.45783">
				<ele>33.59</ele>
				<time>2026-09-10T09:44:36.851Z</time>
			</trkpt>
			<trkpt lat="36.84593" lon="-2.459">
				<ele>40.38</ele>
				<time>2026-09-10T09:45:02.816Z</time>
			</trkpt>
			<trkpt lat="36.84597" lon="-2.45903">
				<ele>40.53</ele>
				<time>2026-09-10T09:45:03.429Z</time>
			</trkpt>
			<trkpt lat="36.84613" lon="-2.45913">
				<ele>41.16</ele>
				<time>2026-09-10T09:45:05.779Z</time>
			</trkpt>
			<trkpt lat="36.84744" lon="-2.45962">
				<ele>44.16</ele>
				<time>2026-09-10T09:45:23.738Z</time>
			</trkpt>
			<trkpt lat="36.84781" lon="-2.45991">
				<ele>43.71</ele>
				<time>2026-09-10T09:45:29.473Z</time>
			</trkpt>
			<trkpt lat="36.848" lon="-2.46028">
				<ele>42.81</ele>
				<time>2026-09-10T09:45:34.090Z</time>
			</trkpt>
			<trkpt lat="36.8485" lon="-2.46152">
				<ele>46.03</ele>
				<time>2026-09-10T09:45:48.665Z</time>
			</trkpt>
			<trkpt lat="36.84874" lon="-2.46211">
				<ele>46.37</ele>
				<time>2026-09-10T09:45:55.605Z</time>
			</trkpt>
			<trkpt lat="36.84918" lon="-2.46281">
				<ele>47.16</ele>
				<time>2026-09-10T09:46:04.930Z</time>
			</trkpt>
			<trkpt lat="36.84925" lon="-2.46291">
				<ele>47.61</ele>
				<time>2026-09-10T09:46:06.321Z</time>
			</trkpt>
			<trkpt lat="36.84939" lon="-2.46312">
				<ele>48.17</ele>
				<time>2026-09-10T09:46:09.180Z</time>
			</trkpt>
			<trkpt lat="36.85051" lon="-2.46454">
				<ele>54.16</ele>
				<time>2026-09-10T09:46:29.992Z</time>
			</trkpt>
			<trkpt lat="36.85091" lon="-2.46509">
				<ele>55.55</ele>
				<time>2026-09-10T09:46:37.751Z</time>
			</trkpt>
			<trkpt lat="36.85112" lon="-2.46548">
				<ele>56.43</ele>
				<time>2026-09-10T09:46:42.666Z</time>
			</trkpt>
			<trkpt lat="36.85117" lon="-2.46562">
				<ele>56.33</ele>
				<time>2026-09-10T09:46:44.270Z</time>
			</trkpt>
			<trkpt lat="36.85119" lon="-2.46565">
				<ele>56.43</ele>
				<time>2026-09-10T09:46:44.679Z</time>
			</trkpt>
			<trkpt lat="36.85208" lon="-2.46786">
				<ele>65.22</ele>
				<time>2026-09-10T09:47:12.193Z</time>
			</trkpt>
			<trkpt lat="36.85222" lon="-2.4681">
				<ele>64.84</ele>
				<time>2026-09-10T09:47:14.777Z</time>
			</trkpt>
			<trkpt lat="36.85239" lon="-2.46828">
				<ele>64.7</ele>
				<time>2026-09-10T09:47:16.859Z</time>
			</trkpt>
			<trkpt lat="36.85253" lon="-2.46837">
				<ele>64.88</ele>
				<time>2026-09-10T09:47:18.143Z</time>
			</trkpt>
			<trkpt lat="36.8526" lon="-2.46847">
				<ele>64.8</ele>
				<time>2026-09-10T09:47:18.976Z</time>
			</trkpt>
			<trkpt lat="36.85265" lon="-2.46864">
				<ele>65.07</ele>
				<time>2026-09-10T09:47:20.073Z</time>
			</trkpt>
			<trkpt lat="36.85265" lon="-2.46873">
				<ele>65.39</ele>
				<time>2026-09-10T09:47:20.602Z</time>
			</trkpt>
			<trkpt lat="36.85278" lon="-2.46917">
				<ele>66.98</ele>
				<time>2026-09-10T09:47:23.199Z</time>
			</trkpt>
			<trkpt lat="36.85295" lon="-2.46954">
				<ele>67.63</ele>
				<time>2026-09-10T09:47:25.356Z</time>
			</trkpt>
			<trkpt lat="36.85311" lon="-2.47005">
				<ele>67.55</ele>
				<time>2026-09-10T09:47:27.892Z</time>
			</trkpt>
			<trkpt lat="36.85322" lon="-2.47057">
				<ele>69.71</ele>
				<time>2026-09-10T09:47:30.191Z</time>
			</trkpt>
			<trkpt lat="36.85344" lon="-2.47239">
				<ele>85.52</ele>
				<time>2026-09-10T09:47:37.518Z</time>
			</trkpt>
			<trkpt lat="36.85353" lon="-2.47263">
				<ele>88.81</ele>
				<time>2026-09-10T09:47:38.609Z</time>
			</trkpt>
			<trkpt lat="36.85359" lon="-2.47266">
				<ele>89.53</ele>
				<time>2026-09-10T09:47:38.947Z</time>
			</trkpt>
			<trkpt lat="36.85386" lon="-2.4727">
				<ele>91.26</ele>
				<time>2026-09-10T09:47:40.369Z</time>
			</trkpt>
			<trkpt lat="36.85417" lon="-2.47267">
				<ele>92.44</ele>
				<time>2026-09-10T09:47:41.987Z</time>
			</trkpt>
			<trkpt lat="36.85443" lon="-2.47263">
				<ele>91.68</ele>
				<time>2026-09-10T09:47:43.342Z</time>
			</trkpt>
			<trkpt lat="36.85538" lon="-2.47237">
				<ele>98.89</ele>
				<time>2026-09-10T09:47:48.311Z</time>
			</trkpt>
			<trkpt lat="36.85575" lon="-2.47224">
				<ele>101.2</ele>
				<time>2026-09-10T09:47:50.249Z</time>
			</trkpt>
			<trkpt lat="36.8562" lon="-2.47205">
				<ele>105.67</ele>
				<time>2026-09-10T09:47:52.624Z</time>
			</trkpt>
			<trkpt lat="36.85659" lon="-2.47185">
				<ele>111.62</ele>
				<time>2026-09-10T09:47:54.715Z</time>
			</trkpt>
			<trkpt lat="36.85713" lon="-2.47153">
				<ele>114.62</ele>
				<time>2026-09-10T09:47:57.649Z</time>
			</trkpt>
			<trkpt lat="36.85759" lon="-2.4712">
				<ele>119.89</ele>
				<time>2026-09-10T09:48:00.226Z</time>
			</trkpt>
			<trkpt lat="36.85772" lon="-2.47117">
				<ele>123.08</ele>
				<time>2026-09-10T09:48:00.865Z</time>
			</trkpt>
			<trkpt lat="36.85822" lon="-2.47076">
				<ele>135.07</ele>
				<time>2026-09-10T09:48:03.733Z</time>
			</trkpt>
			<trkpt lat="36.8589" lon="-2.47015">
				<ele>140.96</ele>
				<time>2026-09-10T09:48:07.696Z</time>
			</trkpt>
			<trkpt lat="36.85926" lon="-2.46981">
				<ele>146.39</ele>
				<time>2026-09-10T09:48:09.807Z</time>
			</trkpt>
			<trkpt lat="36.85991" lon="-2.46915">
				<ele>137.67</ele>
				<time>2026-09-10T09:48:13.682Z</time>
			</trkpt>
			<trkpt lat="36.86104" lon="-2.46786">
				<ele>131.03</ele>
				<time>2026-09-10T09:48:20.620Z</time>
			</trkpt>
			<trkpt lat="36.86197" lon="-2.46683">
				<ele>135.77</ele>
				<time>2026-09-10T09:48:26.126Z</time>
			</trkpt>
			<trkpt lat="36.86264" lon="-2.46613">
				<ele>138.52</ele>
				<time>2026-09-10T09:48:29.930Z</time>
			</trkpt>
			<trkpt lat="36.8633" lon="-2.46553">
				<ele>139.88</ele>
				<time>2026-09-10T09:48:33.439Z</time>
			</trkpt>
			<trkpt lat="36.86403" lon="-2.46499">
				<ele>151.38</ele>
				<time>2026-09-10T09:48:37.042Z</time>
			</trkpt>
			<trkpt lat="36.86457" lon="-2.46463">
				<ele>160.67</ele>
				<time>2026-09-10T09:48:39.614Z</time>
			</trkpt>
			<trkpt lat="36.86556" lon="-2.46404">
				<ele>158.97</ele>
				<time>2026-09-10T09:48:44.169Z</time>
			</trkpt>
			<trkpt lat="36.86605" lon="-2.46379">
				<ele>157.8</ele>
				<time>2026-09-10T09:48:46.343Z</time>
			</trkpt>
			<trkpt lat="36.86654" lon="-2.46357">
				<ele>158.37</ele>
				<time>2026-09-10T09:48:48.468Z</time>
			</trkpt>
			<trkpt lat="36.8805" lon="-2.45802">
				<ele>203.99</ele>
				<time>2026-09-10T09:49:44.478Z</time>
			</trkpt>
			<trkpt lat="36.88184" lon="-2.45745">
				<ele>190.05</ele>
				<time>2026-09-10T09:49:49.729Z</time>
			</trkpt>
			<trkpt lat="36.88256" lon="-2.4572">
				<ele>193.15</ele>
				<time>2026-09-10T09:49:52.505Z</time>
			</trkpt>
			<trkpt lat="36.88396" lon="-2.45663">
				<ele>185.16</ele>
				<time>2026-09-10T09:49:57.993Z</time>
			</trkpt>
			<trkpt lat="36.88574" lon="-2.45597">
				<ele>165.6</ele>
				<time>2026-09-10T09:50:04.959Z</time>
			</trkpt>
			<trkpt lat="36.88681" lon="-2.45551">
				<ele>169.2</ele>
				<time>2026-09-10T09:50:09.239Z</time>
			</trkpt>
			<trkpt lat="36.8875" lon="-2.45523">
				<ele>167.62</ele>
				<time>2026-09-10T09:50:12.000Z</time>
			</trkpt>
			<trkpt lat="36.88795" lon="-2.45501">
				<ele>167.3</ele>
				<time>2026-09-10T09:50:13.846Z</time>
			</trkpt>
			<trkpt lat="36.88819" lon="-2.45487">
				<ele>164.32</ele>
				<time>2026-09-10T09:50:14.862Z</time>
			</trkpt>
			<trkpt lat="36.88847" lon="-2.45468">
				<ele>160.17</ele>
				<time>2026-09-10T09:50:16.086Z</time>
			</trkpt>
			<trkpt lat="36.88878" lon="-2.45443">
				<ele>157.69</ele>
				<time>2026-09-10T09:50:17.507Z</time>
			</trkpt>
			<trkpt lat="36.88933" lon="-2.45389">
				<ele>158.02</ele>
				<time>2026-09-10T09:50:20.214Z</time>
			</trkpt>
			<trkpt lat="36.88971" lon="-2.45342">
				<ele>159.35</ele>
				<time>2026-09-10T09:50:22.294Z</time>
			</trkpt>
			<trkpt lat="36.88984" lon="-2.45322">
				<ele>159.82</ele>
				<time>2026-09-10T09:50:23.099Z</time>
			</trkpt>
			<trkpt lat="36.89019" lon="-2.45264">
				<ele>158.1</ele>
				<time>2026-09-10T09:50:25.378Z</time>
			</trkpt>
			<trkpt lat="36.8905" lon="-2.45199">
				<ele>153.21</ele>
				<time>2026-09-10T09:50:27.766Z</time>
			</trkpt>
			<trkpt lat="36.89071" lon="-2.45142">
				<ele>150.37</ele>
				<time>2026-09-10T09:50:29.758Z</time>
			</trkpt>
			<trkpt lat="36.89086" lon="-2.45086">
				<ele>142.46</ele>
				<time>2026-09-10T09:50:31.642Z</time>
			</trkpt>
			<trkpt lat="36.89118" lon="-2.44932">
				<ele>130.2</ele>
				<time>2026-09-10T09:50:36.771Z</time>
			</trkpt>
			<trkpt lat="36.89138" lon="-2.44854">
				<ele>125.99</ele>
				<time>2026-09-10T09:50:39.443Z</time>
			</trkpt>
			<trkpt lat="36.89152" lon="-2.44815">
				<ele>124.65</ele>
				<time>2026-09-10T09:50:40.846Z</time>
			</trkpt>
			<trkpt lat="36.89181" lon="-2.44748">
				<ele>122.89</ele>
				<time>2026-09-10T09:50:43.363Z</time>
			</trkpt>
			<trkpt lat="36.89239" lon="-2.44626">
				<ele>115.28</ele>
				<time>2026-09-10T09:50:48.107Z</time>
			</trkpt>
			<trkpt lat="36.89261" lon="-2.44573">
				<ele>113.36</ele>
				<time>2026-09-10T09:50:50.126Z</time>
			</trkpt>
			<trkpt lat="36.89283" lon="-2.44493">
				<ele>110.22</ele>
				<time>2026-09-10T09:50:53.011Z</time>
			</trkpt>
			<trkpt lat="36.89289" lon="-2.44468">
				<ele>110.35</ele>
				<time>2026-09-10T09:50:53.907Z</time>
			</trkpt>
			<trkpt lat="36.893" lon="-2.44396">
				<ele>108</ele>
				<time>2026-09-10T09:50:56.438Z</time>
			</trkpt>
			<trkpt lat="36.89304" lon="-2.44347">
				<ele>107.45</ele>
				<time>2026-09-10T09:50:58.152Z</time>
			</trkpt>
			<trkpt lat="36.89306" lon="-2.44305">
				<ele>106.82</ele>
				<time>2026-09-10T09:50:59.624Z</time>
			</trkpt>
			<trkpt lat="36.89305" lon="-2.44269">
				<ele>102.62</ele>
				<time>2026-09-10T09:51:00.891Z</time>
			</trkpt>
			<trkpt lat="36.89299" lon="-2.44199">
				<ele>97.36</ele>
				<time>2026-09-10T09:51:03.383Z</time>
			</trkpt>
			<trkpt lat="36.89292" lon="-2.44152">
				<ele>97.27</ele>
				<time>2026-09-10T09:51:05.089Z</time>
			</trkpt>
			<trkpt lat="36.89275" lon="-2.44077">
				<ele>96.35</ele>
				<time>2026-09-10T09:51:07.894Z</time>
			</trkpt>
			<trkpt lat="36.89254" lon="-2.44015">
				<ele>92.53</ele>
				<time>2026-09-10T09:51:10.341Z</time>
			</trkpt>
			<trkpt lat="36.89234" lon="-2.43964">
				<ele>89.19</ele>
				<time>2026-09-10T09:51:12.422Z</time>
			</trkpt>
			<trkpt lat="36.892" lon="-2.43884">
				<ele>86.13</ele>
				<time>2026-09-10T09:51:15.777Z</time>
			</trkpt>
			<trkpt lat="36.89173" lon="-2.43808">
				<ele>83.28</ele>
				<time>2026-09-10T09:51:18.894Z</time>
			</trkpt>
			<trkpt lat="36.89161" lon="-2.43771">
				<ele>81</ele>
				<time>2026-09-10T09:51:20.404Z</time>
			</trkpt>
			<trkpt lat="36.89143" lon="-2.43702">
				<ele>77.11</ele>
				<time>2026-09-10T09:51:23.171Z</time>
			</trkpt>
			<trkpt lat="36.8913" lon="-2.43625">
				<ele>72.46</ele>
				<time>2026-09-10T09:51:26.205Z</time>
			</trkpt>
			<trkpt lat="36.8912" lon="-2.4355">
				<ele>70.78</ele>
				<time>2026-09-10T09:51:29.170Z</time>
			</trkpt>
			<trkpt lat="36.89116" lon="-2.43489">
				<ele>71.79</ele>
				<time>2026-09-10T09:51:31.582Z</time>
			</trkpt>
			<trkpt lat="36.89116" lon="-2.43436">
				<ele>71.31</ele>
				<time>2026-09-10T09:51:33.688Z</time>
			</trkpt>
			<trkpt lat="36.89118" lon="-2.43363">
				<ele>70.66</ele>
				<time>2026-09-10T09:51:36.620Z</time>
			</trkpt>
			<trkpt lat="36.89126" lon="-2.43287">
				<ele>69.99</ele>
				<time>2026-09-10T09:51:39.732Z</time>
			</trkpt>
			<trkpt lat="36.89143" lon="-2.43194">
				<ele>72.97</ele>
				<time>2026-09-10T09:51:43.658Z</time>
			</trkpt>
			<trkpt lat="36.89153" lon="-2.4315">
				<ele>72.23</ele>
				<time>2026-09-10T09:51:45.562Z</time>
			</trkpt>
			<trkpt lat="36.89173" lon="-2.43079">
				<ele>72.13</ele>
				<time>2026-09-10T09:51:48.725Z</time>
			</trkpt>
			<trkpt lat="36.89193" lon="-2.43027">
				<ele>71.97</ele>
				<time>2026-09-10T09:51:51.175Z</time>
			</trkpt>
			<trkpt lat="36.8927" lon="-2.42839">
				<ele>76.36</ele>
				<time>2026-09-10T09:52:00.344Z</time>
			</trkpt>
			<trkpt lat="36.89294" lon="-2.4276">
				<ele>79.99</ele>
				<time>2026-09-10T09:52:04.103Z</time>
			</trkpt>
			<trkpt lat="36.89308" lon="-2.42685">
				<ele>82.86</ele>
				<time>2026-09-10T09:52:07.574Z</time>
			</trkpt>
			<trkpt lat="36.89314" lon="-2.42623">
				<ele>87.41</ele>
				<time>2026-09-10T09:52:10.422Z</time>
			</trkpt>
			<trkpt lat="36.89316" lon="-2.42587">
				<ele>92.02</ele>
				<time>2026-09-10T09:52:12.081Z</time>
			</trkpt>
			<trkpt lat="36.89316" lon="-2.42543">
				<ele>93.38</ele>
				<time>2026-09-10T09:52:14.118Z</time>
			</trkpt>
			<trkpt lat="36.89313" lon="-2.42508">
				<ele>94.04</ele>
				<time>2026-09-10T09:52:15.759Z</time>
			</trkpt>
			<trkpt lat="36.8931" lon="-2.42468">
				<ele>94.13</ele>
				<time>2026-09-10T09:52:17.643Z</time>
			</trkpt>
			<trkpt lat="36.89305" lon="-2.42433">
				<ele>94.44</ele>
				<time>2026-09-10T09:52:19.321Z</time>
			</trkpt>
			<trkpt lat="36.89296" lon="-2.42392">
				<ele>98.03</ele>
				<time>2026-09-10T09:52:21.341Z</time>
			</trkpt>
			<trkpt lat="36.89282" lon="-2.42338">
				<ele>102.25</ele>
				<time>2026-09-10T09:52:24.061Z</time>
			</trkpt>
			<trkpt lat="36.89265" lon="-2.42288">
				<ele>104.16</ele>
				<time>2026-09-10T09:52:26.690Z</time>
			</trkpt>
			<trkpt lat="36.8925" lon="-2.42251">
				<ele>102.12</ele>
				<time>2026-09-10T09:52:28.713Z</time>
			</trkpt>
			<trkpt lat="36.89237" lon="-2.42223">
				<ele>100.08</ele>
				<time>2026-09-10T09:52:30.302Z</time>
			</trkpt>
			<trkpt lat="36.89202" lon="-2.42159">
				<ele>99</ele>
				<time>2026-09-10T09:52:34.144Z</time>
			</trkpt>
			<trkpt lat="36.89184" lon="-2.42132">
				<ele>98.51</ele>
				<time>2026-09-10T09:52:35.903Z</time>
			</trkpt>
			<trkpt lat="36.89113" lon="-2.42035">
				<ele>97.32</ele>
				<time>2026-09-10T09:52:42.577Z</time>
			</trkpt>
			<trkpt lat="36.88998" lon="-2.41882">
				<ele>106.66</ele>
				<time>2026-09-10T09:52:53.556Z</time>
			</trkpt>
			<trkpt lat="36.88978" lon="-2.41861">
				<ele>106.75</ele>
				<time>2026-09-10T09:52:55.330Z</time>
			</trkpt>
			<trkpt lat="36.88964" lon="-2.4185">
				<ele>106.96</ele>
				<time>2026-09-10T09:52:56.605Z</time>
			</trkpt>
			<trkpt lat="36.88869" lon="-2.41744">
				<ele>106.8</ele>
				<time>2026-09-10T09:53:08.878Z</time>
			</trkpt>
			<trkpt lat="36.88846" lon="-2.41719">
				<ele>106.72</ele>
				<time>2026-09-10T09:53:11.697Z</time>
			</trkpt>
			<trkpt lat="36.88824" lon="-2.41699">
				<ele>106.71</ele>
				<time>2026-09-10T09:53:13.912Z</time>
			</trkpt>
			<trkpt lat="36.88808" lon="-2.41689">
				<ele>105.34</ele>
				<time>2026-09-10T09:53:15.158Z</time>
			</trkpt>
			<trkpt lat="36.888" lon="-2.41676">
				<ele>104.73</ele>
				<time>2026-09-10T09:53:16.012Z</time>
			</trkpt>
			<trkpt lat="36.88792" lon="-2.41659">
				<ele>104.39</ele>
				<time>2026-09-10T09:53:17.037Z</time>
			</trkpt>
			<trkpt lat="36.8879" lon="-2.41646">
				<ele>104.03</ele>
				<time>2026-09-10T09:53:17.724Z</time>
			</trkpt>
			<trkpt lat="36.8879" lon="-2.41632">
				<ele>103.94</ele>
				<time>2026-09-10T09:53:18.450Z</time>
			</trkpt>
			<trkpt lat="36.88793" lon="-2.4162">
				<ele>104.02</ele>
				<time>2026-09-10T09:53:19.102Z</time>
			</trkpt>
			<trkpt lat="36.88797" lon="-2.41608">
				<ele>103.95</ele>
				<time>2026-09-10T09:53:19.775Z</time>
			</trkpt>
			<trkpt lat="36.88804" lon="-2.41597">
				<ele>103.97</ele>
				<time>2026-09-10T09:53:20.502Z</time>
			</trkpt>
			<trkpt lat="36.88812" lon="-2.41589">
				<ele>104.19</ele>
				<time>2026-09-10T09:53:21.165Z</time>
			</trkpt>
			<trkpt lat="36.88821" lon="-2.41583">
				<ele>104.66</ele>
				<time>2026-09-10T09:53:21.823Z</time>
			</trkpt>
			<trkpt lat="36.88831" lon="-2.4158">
				<ele>105.53</ele>
				<time>2026-09-10T09:53:22.487Z</time>
			</trkpt>
			<trkpt lat="36.88842" lon="-2.41579">
				<ele>106.93</ele>
				<time>2026-09-10T09:53:23.198Z</time>
			</trkpt>
			<trkpt lat="36.88857" lon="-2.41583">
				<ele>108.48</ele>
				<time>2026-09-10T09:53:24.186Z</time>
			</trkpt>
			<trkpt lat="36.88865" lon="-2.41589">
				<ele>109.54</ele>
				<time>2026-09-10T09:53:24.787Z</time>
			</trkpt>
			<trkpt lat="36.88878" lon="-2.41604">
				<ele>111.26</ele>
				<time>2026-09-10T09:53:25.924Z</time>
			</trkpt>
			<trkpt lat="36.88898" lon="-2.41603">
				<ele>113.49</ele>
				<time>2026-09-10T09:53:27.209Z</time>
			</trkpt>
			<trkpt lat="36.88947" lon="-2.41582">
				<ele>113.85</ele>
				<time>2026-09-10T09:53:30.525Z</time>
			</trkpt>
			<trkpt lat="36.88987" lon="-2.41566">
				<ele>113.71</ele>
				<time>2026-09-10T09:53:33.204Z</time>
			</trkpt>
			<trkpt lat="36.89045" lon="-2.41549">
				<ele>115.45</ele>
				<time>2026-09-10T09:53:36.989Z</time>
			</trkpt>
			<trkpt lat="36.89104" lon="-2.41535">
				<ele>115.65</ele>
				<time>2026-09-10T09:53:40.787Z</time>
			</trkpt>
			<trkpt lat="36.89172" lon="-2.41524">
				<ele>116.44</ele>
				<time>2026-09-10T09:53:45.101Z</time>
			</trkpt>
			<trkpt lat="36.89228" lon="-2.41521">
				<ele>112.27</ele>
				<time>2026-09-10T09:53:48.611Z</time>
			</trkpt>
			<trkpt lat="36.89281" lon="-2.41521">
				<ele>113.12</ele>
				<time>2026-09-10T09:53:51.916Z</time>
			</trkpt>
			<trkpt lat="36.89324" lon="-2.41523">
				<ele>112.18</ele>
				<time>2026-09-10T09:53:54.590Z</time>
			</trkpt>
			<trkpt lat="36.89389" lon="-2.41531">
				<ele>114.99</ele>
				<time>2026-09-10T09:53:58.630Z</time>
			</trkpt>
			<trkpt lat="36.89471" lon="-2.41549">
				<ele>116.21</ele>
				<time>2026-09-10T09:54:03.751Z</time>
			</trkpt>
			<trkpt lat="36.8954" lon="-2.41571">
				<ele>123.44</ele>
				<time>2026-09-10T09:54:08.105Z</time>
			</trkpt>
			<trkpt lat="36.89617" lon="-2.41604">
				<ele>122.34</ele>
				<time>2026-09-10T09:54:13.052Z</time>
			</trkpt>
			<trkpt lat="36.89692" lon="-2.41644">
				<ele>123.91</ele>
				<time>2026-09-10T09:54:17.977Z</time>
			</trkpt>
			<trkpt lat="36.89728" lon="-2.41667">
				<ele>125.71</ele>
				<time>2026-09-10T09:54:20.407Z</time>
			</trkpt>
			<trkpt lat="36.89768" lon="-2.41695">
				<ele>129.29</ele>
				<time>2026-09-10T09:54:23.154Z</time>
			</trkpt>
			<trkpt lat="36.89892" lon="-2.4179">
				<ele>135.04</ele>
				<time>2026-09-10T09:54:31.801Z</time>
			</trkpt>
			<trkpt lat="36.89938" lon="-2.41819">
				<ele>141.25</ele>
				<time>2026-09-10T09:54:34.842Z</time>
			</trkpt>
			<trkpt lat="36.89976" lon="-2.41839">
				<ele>143.21</ele>
				<time>2026-09-10T09:54:37.266Z</time>
			</trkpt>
			<trkpt lat="36.90037" lon="-2.41863">
				<ele>142.73</ele>
				<time>2026-09-10T09:54:41.011Z</time>
			</trkpt>
			<trkpt lat="36.90114" lon="-2.41883">
				<ele>139.09</ele>
				<time>2026-09-10T09:54:45.591Z</time>
			</trkpt>
			<trkpt lat="36.90152" lon="-2.41888">
				<ele>137.04</ele>
				<time>2026-09-10T09:54:47.807Z</time>
			</trkpt>
			<trkpt lat="36.90189" lon="-2.4189">
				<ele>131.72</ele>
				<time>2026-09-10T09:54:49.947Z</time>
			</trkpt>
			<trkpt lat="36.90226" lon="-2.4189">
				<ele>124.22</ele>
				<time>2026-09-10T09:54:52.080Z</time>
			</trkpt>
			<trkpt lat="36.90329" lon="-2.4188">
				<ele>110.24</ele>
				<time>2026-09-10T09:54:58.003Z</time>
			</trkpt>
			<trkpt lat="36.90373" lon="-2.41878">
				<ele>110.45</ele>
				<time>2026-09-10T09:55:00.513Z</time>
			</trkpt>
			<trkpt lat="36.90412" lon="-2.41878">
				<ele>111.51</ele>
				<time>2026-09-10T09:55:02.729Z</time>
			</trkpt>
			<trkpt lat="36.9046" lon="-2.41882">
				<ele>112</ele>
				<time>2026-09-10T09:55:05.453Z</time>
			</trkpt>
			<trkpt lat="36.90488" lon="-2.41887">
				<ele>111.45</ele>
				<time>2026-09-10T09:55:07.050Z</time>
			</trkpt>
			<trkpt lat="36.90551" lon="-2.41904">
				<ele>112.31</ele>
				<time>2026-09-10T09:55:10.676Z</time>
			</trkpt>
			<trkpt lat="36.90584" lon="-2.41916">
				<ele>113.06</ele>
				<time>2026-09-10T09:55:12.602Z</time>
			</trkpt>
			<trkpt lat="36.90616" lon="-2.41929">
				<ele>113.73</ele>
				<time>2026-09-10T09:55:14.483Z</time>
			</trkpt>
			<trkpt lat="36.90712" lon="-2.41975">
				<ele>118.21</ele>
				<time>2026-09-10T09:55:20.200Z</time>
			</trkpt>
			<trkpt lat="36.90746" lon="-2.41989">
				<ele>116.53</ele>
				<time>2026-09-10T09:55:22.179Z</time>
			</trkpt>
			<trkpt lat="36.90804" lon="-2.42006">
				<ele>116.97</ele>
				<time>2026-09-10T09:55:25.462Z</time>
			</trkpt>
			<trkpt lat="36.90834" lon="-2.42012">
				<ele>118.02</ele>
				<time>2026-09-10T09:55:27.130Z</time>
			</trkpt>
			<trkpt lat="36.90896" lon="-2.42019">
				<ele>117.97</ele>
				<time>2026-09-10T09:55:30.537Z</time>
			</trkpt>
			<trkpt lat="36.90952" lon="-2.42018">
				<ele>117.83</ele>
				<time>2026-09-10T09:55:33.587Z</time>
			</trkpt>
			<trkpt lat="36.91007" lon="-2.42012">
				<ele>121.5</ele>
				<time>2026-09-10T09:55:36.582Z</time>
			</trkpt>
			<trkpt lat="36.91059" lon="-2.42">
				<ele>125.71</ele>
				<time>2026-09-10T09:55:39.438Z</time>
			</trkpt>
			<trkpt lat="36.91182" lon="-2.41962">
				<ele>127.26</ele>
				<time>2026-09-10T09:55:46.234Z</time>
			</trkpt>
			<trkpt lat="36.91244" lon="-2.41948">
				<ele>131.39</ele>
				<time>2026-09-10T09:55:49.588Z</time>
			</trkpt>
			<trkpt lat="36.91272" lon="-2.41945">
				<ele>132.82</ele>
				<time>2026-09-10T09:55:51.080Z</time>
			</trkpt>
			<trkpt lat="36.91317" lon="-2.41943">
				<ele>131.59</ele>
				<time>2026-09-10T09:55:53.462Z</time>
			</trkpt>
			<trkpt lat="36.91357" lon="-2.41944">
				<ele>131.05</ele>
				<time>2026-09-10T09:55:55.573Z</time>
			</trkpt>
			<trkpt lat="36.91387" lon="-2.41947">
				<ele>130.83</ele>
				<time>2026-09-10T09:55:57.156Z</time>
			</trkpt>
			<trkpt lat="36.91428" lon="-2.41954">
				<ele>130.79</ele>
				<time>2026-09-10T09:55:59.326Z</time>
			</trkpt>
			<trkpt lat="36.91501" lon="-2.41975">
				<ele>131.85</ele>
				<time>2026-09-10T09:56:03.238Z</time>
			</trkpt>
			<trkpt lat="36.91531" lon="-2.41987">
				<ele>130.65</ele>
				<time>2026-09-10T09:56:04.877Z</time>
			</trkpt>
			<trkpt lat="36.91563" lon="-2.42002">
				<ele>127.69</ele>
				<time>2026-09-10T09:56:06.650Z</time>
			</trkpt>
			<trkpt lat="36.91624" lon="-2.42039">
				<ele>126.49</ele>
				<time>2026-09-10T09:56:10.153Z</time>
			</trkpt>
			<trkpt lat="36.91688" lon="-2.42087">
				<ele>126.52</ele>
				<time>2026-09-10T09:56:13.989Z</time>
			</trkpt>
			<trkpt lat="36.91735" lon="-2.42133">
				<ele>131.25</ele>
				<time>2026-09-10T09:56:17.041Z</time>
			</trkpt>
			<trkpt lat="36.91757" lon="-2.42158">
				<ele>136.12</ele>
				<time>2026-09-10T09:56:18.556Z</time>
			</trkpt>
			<trkpt lat="36.91803" lon="-2.42218">
				<ele>135.21</ele>
				<time>2026-09-10T09:56:21.931Z</time>
			</trkpt>
			<trkpt lat="36.91823" lon="-2.42247">
				<ele>138.45</ele>
				<time>2026-09-10T09:56:23.480Z</time>
			</trkpt>
			<trkpt lat="36.91857" lon="-2.42307">
				<ele>148.43</ele>
				<time>2026-09-10T09:56:26.445Z</time>
			</trkpt>
			<trkpt lat="36.91888" lon="-2.42371">
				<ele>146.93</ele>
				<time>2026-09-10T09:56:29.448Z</time>
			</trkpt>
			<trkpt lat="36.91912" lon="-2.42439">
				<ele>144.91</ele>
				<time>2026-09-10T09:56:32.417Z</time>
			</trkpt>
			<trkpt lat="36.91931" lon="-2.42504">
				<ele>138.92</ele>
				<time>2026-09-10T09:56:35.170Z</time>
			</trkpt>
			<trkpt lat="36.91939" lon="-2.42538">
				<ele>131.88</ele>
				<time>2026-09-10T09:56:36.575Z</time>
			</trkpt>
			<trkpt lat="36.91953" lon="-2.42624">
				<ele>127.96</ele>
				<time>2026-09-10T09:56:40.042Z</time>
			</trkpt>
			<trkpt lat="36.91976" lon="-2.42782">
				<ele>136.81</ele>
				<time>2026-09-10T09:56:46.339Z</time>
			</trkpt>
			<trkpt lat="36.91996" lon="-2.42867">
				<ele>132.97</ele>
				<time>2026-09-10T09:56:49.788Z</time>
			</trkpt>
			<trkpt lat="36.92008" lon="-2.4291">
				<ele>134.9</ele>
				<time>2026-09-10T09:56:51.553Z</time>
			</trkpt>
			<trkpt lat="36.92033" lon="-2.42981">
				<ele>135.56</ele>
				<time>2026-09-10T09:56:54.549Z</time>
			</trkpt>
			<trkpt lat="36.92059" lon="-2.43046">
				<ele>131.67</ele>
				<time>2026-09-10T09:56:57.343Z</time>
			</trkpt>
			<trkpt lat="36.92075" lon="-2.43079">
				<ele>131.59</ele>
				<time>2026-09-10T09:56:58.822Z</time>
			</trkpt>
			<trkpt lat="36.92112" lon="-2.43147">
				<ele>136.16</ele>
				<time>2026-09-10T09:57:01.963Z</time>
			</trkpt>
			<trkpt lat="36.9213" lon="-2.43178">
				<ele>140.02</ele>
				<time>2026-09-10T09:57:03.420Z</time>
			</trkpt>
			<trkpt lat="36.92175" lon="-2.43242">
				<ele>143.53</ele>
				<time>2026-09-10T09:57:06.651Z</time>
			</trkpt>
			<trkpt lat="36.92198" lon="-2.4327">
				<ele>143.29</ele>
				<time>2026-09-10T09:57:08.167Z</time>
			</trkpt>
			<trkpt lat="36.92221" lon="-2.43297">
				<ele>144.39</ele>
				<time>2026-09-10T09:57:09.653Z</time>
			</trkpt>
			<trkpt lat="36.9227" lon="-2.43349">
				<ele>142.96</ele>
				<time>2026-09-10T09:57:12.671Z</time>
			</trkpt>
			<trkpt lat="36.92304" lon="-2.43379">
				<ele>135.28</ele>
				<time>2026-09-10T09:57:14.617Z</time>
			</trkpt>
			<trkpt lat="36.92413" lon="-2.43469">
				<ele>128.36</ele>
				<time>2026-09-10T09:57:20.687Z</time>
			</trkpt>
			<trkpt lat="36.92515" lon="-2.43555">
				<ele>132.95</ele>
				<time>2026-09-10T09:57:26.351Z</time>
			</trkpt>
			<trkpt lat="36.92569" lon="-2.43611">
				<ele>127.99</ele>
				<time>2026-09-10T09:57:29.558Z</time>
			</trkpt>
			<trkpt lat="36.92599" lon="-2.43647">
				<ele>127.62</ele>
				<time>2026-09-10T09:57:31.452Z</time>
			</trkpt>
			<trkpt lat="36.92628" lon="-2.43685">
				<ele>126.76</ele>
				<time>2026-09-10T09:57:33.358Z</time>
			</trkpt>
			<trkpt lat="36.92673" lon="-2.43749">
				<ele>135.91</ele>
				<time>2026-09-10T09:57:36.439Z</time>
			</trkpt>
			<trkpt lat="36.92695" lon="-2.43786">
				<ele>141.41</ele>
				<time>2026-09-10T09:57:38.100Z</time>
			</trkpt>
			<trkpt lat="36.92733" lon="-2.43853">
				<ele>144.92</ele>
				<time>2026-09-10T09:57:41.047Z</time>
			</trkpt>
			<trkpt lat="36.92797" lon="-2.4398">
				<ele>145.16</ele>
				<time>2026-09-10T09:57:46.397Z</time>
			</trkpt>
			<trkpt lat="36.92846" lon="-2.44069">
				<ele>128.53</ele>
				<time>2026-09-10T09:57:50.219Z</time>
			</trkpt>
			<trkpt lat="36.92906" lon="-2.44169">
				<ele>127.26</ele>
				<time>2026-09-10T09:57:54.613Z</time>
			</trkpt>
			<trkpt lat="36.92977" lon="-2.44268">
				<ele>134.97</ele>
				<time>2026-09-10T09:57:59.252Z</time>
			</trkpt>
			<trkpt lat="36.93014" lon="-2.44316">
				<ele>137.12</ele>
				<time>2026-09-10T09:58:01.565Z</time>
			</trkpt>
			<trkpt lat="36.93075" lon="-2.44386">
				<ele>140.8</ele>
				<time>2026-09-10T09:58:05.139Z</time>
			</trkpt>
			<trkpt lat="36.93132" lon="-2.44445">
				<ele>125.62</ele>
				<time>2026-09-10T09:58:08.316Z</time>
			</trkpt>
			<trkpt lat="36.93215" lon="-2.4452">
				<ele>124.13</ele>
				<time>2026-09-10T09:58:12.686Z</time>
			</trkpt>
			<trkpt lat="36.9326" lon="-2.44557">
				<ele>132.24</ele>
				<time>2026-09-10T09:58:14.971Z</time>
			</trkpt>
			<trkpt lat="36.93313" lon="-2.44596">
				<ele>140.07</ele>
				<time>2026-09-10T09:58:17.571Z</time>
			</trkpt>
			<trkpt lat="36.93363" lon="-2.4463">
				<ele>122.23</ele>
				<time>2026-09-10T09:58:19.967Z</time>
			</trkpt>
			<trkpt lat="36.93448" lon="-2.4468">
				<ele>123.37</ele>
				<time>2026-09-10T09:58:23.901Z</time>
			</trkpt>
			<trkpt lat="36.93538" lon="-2.44723">
				<ele>141.6</ele>
				<time>2026-09-10T09:58:27.910Z</time>
			</trkpt>
			<trkpt lat="36.93643" lon="-2.44765">
				<ele>141.08</ele>
				<time>2026-09-10T09:58:32.465Z</time>
			</trkpt>
			<trkpt lat="36.93775" lon="-2.44802">
				<ele>125</ele>
				<time>2026-09-10T09:58:38.008Z</time>
			</trkpt>
			<trkpt lat="36.93916" lon="-2.44838">
				<ele>129.69</ele>
				<time>2026-09-10T09:58:43.850Z</time>
			</trkpt>
			<trkpt lat="36.9401" lon="-2.44866">
				<ele>134.24</ele>
				<time>2026-09-10T09:58:47.741Z</time>
			</trkpt>
			<trkpt lat="36.94067" lon="-2.44886">
				<ele>139.2</ele>
				<time>2026-09-10T09:58:50.113Z</time>
			</trkpt>
			<trkpt lat="36.94167" lon="-2.44929">
				<ele>141.41</ele>
				<time>2026-09-10T09:58:54.326Z</time>
			</trkpt>
			<trkpt lat="36.9424" lon="-2.44967">
				<ele>150.83</ele>
				<time>2026-09-10T09:58:57.458Z</time>
			</trkpt>
			<trkpt lat="36.94316" lon="-2.45012">
				<ele>147.71</ele>
				<time>2026-09-10T09:59:00.771Z</time>
			</trkpt>
			<trkpt lat="36.94398" lon="-2.45067">
				<ele>145.28</ele>
				<time>2026-09-10T09:59:04.416Z</time>
			</trkpt>
			<trkpt lat="36.94486" lon="-2.45135">
				<ele>143.58</ele>
				<time>2026-09-10T09:59:08.442Z</time>
			</trkpt>
			<trkpt lat="36.9453" lon="-2.45173">
				<ele>141.78</ele>
				<time>2026-09-10T09:59:10.513Z</time>
			</trkpt>
			<trkpt lat="36.94615" lon="-2.45254">
				<ele>146.73</ele>
				<time>2026-09-10T09:59:14.631Z</time>
			</trkpt>
			<trkpt lat="36.9468" lon="-2.45324">
				<ele>158.54</ele>
				<time>2026-09-10T09:59:17.917Z</time>
			</trkpt>
			<trkpt lat="36.94735" lon="-2.4539">
				<ele>171.96</ele>
				<time>2026-09-10T09:59:20.822Z</time>
			</trkpt>
			<trkpt lat="36.94802" lon="-2.45478">
				<ele>185.13</ele>
				<time>2026-09-10T09:59:24.505Z</time>
			</trkpt>
			<trkpt lat="36.94835" lon="-2.45526">
				<ele>183.61</ele>
				<time>2026-09-10T09:59:26.415Z</time>
			</trkpt>
			<trkpt lat="36.94898" lon="-2.45626">
				<ele>171.16</ele>
				<time>2026-09-10T09:59:30.238Z</time>
			</trkpt>
			<trkpt lat="36.94928" lon="-2.45679">
				<ele>159.81</ele>
				<time>2026-09-10T09:59:32.180Z</time>
			</trkpt>
			<trkpt lat="36.94947" lon="-2.45716">
				<ele>154.25</ele>
				<time>2026-09-10T09:59:33.491Z</time>
			</trkpt>
			<trkpt lat="36.94989" lon="-2.45801">
				<ele>155.28</ele>
				<time>2026-09-10T09:59:36.460Z</time>
			</trkpt>
			<trkpt lat="36.95027" lon="-2.45884">
				<ele>168.06</ele>
				<time>2026-09-10T09:59:39.289Z</time>
			</trkpt>
			<trkpt lat="36.95094" lon="-2.4604">
				<ele>189.64</ele>
				<time>2026-09-10T09:59:44.493Z</time>
			</trkpt>
			<trkpt lat="36.95132" lon="-2.46114">
				<ele>194.32</ele>
				<time>2026-09-10T09:59:47.062Z</time>
			</trkpt>
			<trkpt lat="36.95154" lon="-2.46153">
				<ele>189.88</ele>
				<time>2026-09-10T09:59:48.452Z</time>
			</trkpt>
			<trkpt lat="36.95195" lon="-2.46214">
				<ele>179.32</ele>
				<time>2026-09-10T09:59:50.766Z</time>
			</trkpt>
			<trkpt lat="36.95236" lon="-2.46266">
				<ele>175.34</ele>
				<time>2026-09-10T09:59:52.879Z</time>
			</trkpt>
			<trkpt lat="36.95292" lon="-2.46328">
				<ele>183.92</ele>
				<time>2026-09-10T09:59:55.577Z</time>
			</trkpt>
			<trkpt lat="36.95323" lon="-2.46357">
				<ele>182.26</ele>
				<time>2026-09-10T09:59:56.968Z</time>
			</trkpt>
			<trkpt lat="36.95386" lon="-2.46409">
				<ele>195.19</ele>
				<time>2026-09-10T09:59:59.674Z</time>
			</trkpt>
			<trkpt lat="36.95422" lon="-2.46435">
				<ele>205.15</ele>
				<time>2026-09-10T10:00:01.159Z</time>
			</trkpt>
			<trkpt lat="36.95477" lon="-2.46466">
				<ele>211.41</ele>
				<time>2026-09-10T10:00:03.308Z</time>
			</trkpt>
			<trkpt lat="36.95505" lon="-2.46481">
				<ele>211.77</ele>
				<time>2026-09-10T10:00:04.391Z</time>
			</trkpt>
			<trkpt lat="36.95572" lon="-2.46509">
				<ele>205.46</ele>
				<time>2026-09-10T10:00:06.895Z</time>
			</trkpt>
			<trkpt lat="36.9564" lon="-2.46529">
				<ele>179.85</ele>
				<time>2026-09-10T10:00:09.362Z</time>
			</trkpt>
			<trkpt lat="36.9568" lon="-2.46537">
				<ele>175.21</ele>
				<time>2026-09-10T10:00:10.788Z</time>
			</trkpt>
			<trkpt lat="36.95744" lon="-2.46546">
				<ele>174.3</ele>
				<time>2026-09-10T10:00:13.050Z</time>
			</trkpt>
			<trkpt lat="36.95807" lon="-2.46547">
				<ele>158.69</ele>
				<time>2026-09-10T10:00:15.256Z</time>
			</trkpt>
			<trkpt lat="36.95906" lon="-2.46545">
				<ele>160.62</ele>
				<time>2026-09-10T10:00:18.707Z</time>
			</trkpt>
			<trkpt lat="36.95972" lon="-2.46547">
				<ele>167.98</ele>
				<time>2026-09-10T10:00:20.999Z</time>
			</trkpt>
			<trkpt lat="36.9601" lon="-2.46551">
				<ele>165.65</ele>
				<time>2026-09-10T10:00:22.320Z</time>
			</trkpt>
			<trkpt lat="36.96045" lon="-2.46558">
				<ele>161.55</ele>
				<time>2026-09-10T10:00:23.545Z</time>
			</trkpt>
			<trkpt lat="36.96088" lon="-2.46569">
				<ele>157.98</ele>
				<time>2026-09-10T10:00:25.059Z</time>
			</trkpt>
			<trkpt lat="36.9621" lon="-2.46607">
				<ele>162.93</ele>
				<time>2026-09-10T10:00:29.378Z</time>
			</trkpt>
			<trkpt lat="36.96265" lon="-2.46621">
				<ele>161.05</ele>
				<time>2026-09-10T10:00:31.297Z</time>
			</trkpt>
			<trkpt lat="36.96293" lon="-2.46625">
				<ele>158.42</ele>
				<time>2026-09-10T10:00:32.259Z</time>
			</trkpt>
			<trkpt lat="36.9633" lon="-2.46628">
				<ele>156.65</ele>
				<time>2026-09-10T10:00:33.523Z</time>
			</trkpt>
			<trkpt lat="36.96399" lon="-2.46627">
				<ele>155.42</ele>
				<time>2026-09-10T10:00:35.869Z</time>
			</trkpt>
			<trkpt lat="36.96468" lon="-2.46617">
				<ele>156</ele>
				<time>2026-09-10T10:00:38.223Z</time>
			</trkpt>
			<trkpt lat="36.9653" lon="-2.46598">
				<ele>158.93</ele>
				<time>2026-09-10T10:00:40.380Z</time>
			</trkpt>
			<trkpt lat="36.96644" lon="-2.46555">
				<ele>155.8</ele>
				<time>2026-09-10T10:00:44.387Z</time>
			</trkpt>
			<trkpt lat="36.96705" lon="-2.46536">
				<ele>155.86</ele>
				<time>2026-09-10T10:00:46.494Z</time>
			</trkpt>
			<trkpt lat="36.96763" lon="-2.46523">
				<ele>158.2</ele>
				<time>2026-09-10T10:00:48.463Z</time>
			</trkpt>
			<trkpt lat="36.96836" lon="-2.46513">
				<ele>160.67</ele>
				<time>2026-09-10T10:00:50.911Z</time>
			</trkpt>
			<trkpt lat="36.96884" lon="-2.46509">
				<ele>162.28</ele>
				<time>2026-09-10T10:00:52.511Z</time>
			</trkpt>
			<trkpt lat="36.97168" lon="-2.46495">
				<ele>163.25</ele>
				<time>2026-09-10T10:01:01.897Z</time>
			</trkpt>
			<trkpt lat="36.97863" lon="-2.46463">
				<ele>178.46</ele>
				<time>2026-09-10T10:01:24.446Z</time>
			</trkpt>
			<trkpt lat="36.97994" lon="-2.46456">
				<ele>189.38</ele>
				<time>2026-09-10T10:01:28.638Z</time>
			</trkpt>
			<trkpt lat="36.98033" lon="-2.46452">
				<ele>193.67</ele>
				<time>2026-09-10T10:01:29.886Z</time>
			</trkpt>
			<trkpt lat="36.981" lon="-2.4644">
				<ele>191.47</ele>
				<time>2026-09-10T10:01:32.041Z</time>
			</trkpt>
			<trkpt lat="36.98174" lon="-2.46421">
				<ele>194.54</ele>
				<time>2026-09-10T10:01:34.441Z</time>
			</trkpt>
			<trkpt lat="36.98245" lon="-2.46397">
				<ele>199.61</ele>
				<time>2026-09-10T10:01:36.773Z</time>
			</trkpt>
			<trkpt lat="36.98379" lon="-2.46341">
				<ele>203.89</ele>
				<time>2026-09-10T10:01:41.238Z</time>
			</trkpt>
			<trkpt lat="36.98438" lon="-2.46321">
				<ele>201.16</ele>
				<time>2026-09-10T10:01:43.165Z</time>
			</trkpt>
			<trkpt lat="36.98472" lon="-2.46313">
				<ele>197.47</ele>
				<time>2026-09-10T10:01:44.255Z</time>
			</trkpt>
			<trkpt lat="36.98527" lon="-2.46307">
				<ele>197.85</ele>
				<time>2026-09-10T10:01:45.991Z</time>
			</trkpt>
			<trkpt lat="36.98579" lon="-2.46307">
				<ele>198.79</ele>
				<time>2026-09-10T10:01:47.624Z</time>
			</trkpt>
			<trkpt lat="36.98603" lon="-2.46309">
				<ele>200.94</ele>
				<time>2026-09-10T10:01:48.379Z</time>
			</trkpt>
			<trkpt lat="36.98655" lon="-2.46318">
				<ele>197.88</ele>
				<time>2026-09-10T10:01:50.025Z</time>
			</trkpt>
			<trkpt lat="36.9876" lon="-2.46344">
				<ele>203.33</ele>
				<time>2026-09-10T10:01:53.375Z</time>
			</trkpt>
			<trkpt lat="36.98793" lon="-2.46351">
				<ele>207.85</ele>
				<time>2026-09-10T10:01:54.421Z</time>
			</trkpt>
			<trkpt lat="36.98818" lon="-2.46353">
				<ele>210.18</ele>
				<time>2026-09-10T10:01:55.203Z</time>
			</trkpt>
			<trkpt lat="36.98847" lon="-2.46355">
				<ele>209.55</ele>
				<time>2026-09-10T10:01:56.110Z</time>
			</trkpt>
			<trkpt lat="36.98873" lon="-2.46355">
				<ele>207.49</ele>
				<time>2026-09-10T10:01:56.921Z</time>
			</trkpt>
			<trkpt lat="36.99021" lon="-2.46341">
				<ele>195.28</ele>
				<time>2026-09-10T10:02:01.543Z</time>
			</trkpt>
			<trkpt lat="36.99083" lon="-2.46343">
				<ele>192.01</ele>
				<time>2026-09-10T10:02:03.470Z</time>
			</trkpt>
			<trkpt lat="36.9914" lon="-2.46353">
				<ele>195.72</ele>
				<time>2026-09-10T10:02:05.257Z</time>
			</trkpt>
			<trkpt lat="36.99308" lon="-2.46402">
				<ele>207.97</ele>
				<time>2026-09-10T10:02:10.601Z</time>
			</trkpt>
			<trkpt lat="36.99365" lon="-2.4641">
				<ele>217.66</ele>
				<time>2026-09-10T10:02:12.375Z</time>
			</trkpt>
			<trkpt lat="36.99397" lon="-2.46412">
				<ele>220.78</ele>
				<time>2026-09-10T10:02:13.365Z</time>
			</trkpt>
			<trkpt lat="36.99428" lon="-2.4641">
				<ele>222.52</ele>
				<time>2026-09-10T10:02:14.324Z</time>
			</trkpt>
			<trkpt lat="36.99487" lon="-2.46403">
				<ele>218.53</ele>
				<time>2026-09-10T10:02:16.154Z</time>
			</trkpt>
			<trkpt lat="36.99516" lon="-2.46395">
				<ele>220.73</ele>
				<time>2026-09-10T10:02:17.070Z</time>
			</trkpt>
			<trkpt lat="36.99576" lon="-2.46372">
				<ele>226.91</ele>
				<time>2026-09-10T10:02:19.005Z</time>
			</trkpt>
			<trkpt lat="36.99608" lon="-2.46357">
				<ele>230.04</ele>
				<time>2026-09-10T10:02:20.058Z</time>
			</trkpt>
			<trkpt lat="36.99743" lon="-2.46282">
				<ele>230.78</ele>
				<time>2026-09-10T10:02:24.605Z</time>
			</trkpt>
			<trkpt lat="36.99809" lon="-2.46256">
				<ele>237.27</ele>
				<time>2026-09-10T10:02:26.732Z</time>
			</trkpt>
			<trkpt lat="36.99899" lon="-2.46227">
				<ele>235.37</ele>
				<time>2026-09-10T10:02:29.588Z</time>
			</trkpt>
			<trkpt lat="36.99942" lon="-2.46211">
				<ele>239.21</ele>
				<time>2026-09-10T10:02:30.966Z</time>
			</trkpt>
			<trkpt lat="36.99972" lon="-2.46198">
				<ele>239.9</ele>
				<time>2026-09-10T10:02:31.940Z</time>
			</trkpt>
			<trkpt lat="37.00018" lon="-2.46174">
				<ele>238.37</ele>
				<time>2026-09-10T10:02:33.470Z</time>
			</trkpt>
			<trkpt lat="37.00066" lon="-2.46143">
				<ele>241.72</ele>
				<time>2026-09-10T10:02:35.127Z</time>
			</trkpt>
			<trkpt lat="37.00116" lon="-2.46105">
				<ele>239.71</ele>
				<time>2026-09-10T10:02:36.921Z</time>
			</trkpt>
			<trkpt lat="37.00143" lon="-2.46082">
				<ele>237.45</ele>
				<time>2026-09-10T10:02:37.922Z</time>
			</trkpt>
			<trkpt lat="37.00791" lon="-2.45479">
				<ele>221.57</ele>
				<time>2026-09-10T10:03:02.660Z</time>
			</trkpt>
			<trkpt lat="37.00869" lon="-2.45397">
				<ele>230.32</ele>
				<time>2026-09-10T10:03:05.784Z</time>
			</trkpt>
			<trkpt lat="37.00891" lon="-2.4537">
				<ele>234.71</ele>
				<time>2026-09-10T10:03:06.729Z</time>
			</trkpt>
			<trkpt lat="37.00931" lon="-2.45315">
				<ele>236.71</ele>
				<time>2026-09-10T10:03:08.552Z</time>
			</trkpt>
			<trkpt lat="37.00949" lon="-2.45287">
				<ele>238.13</ele>
				<time>2026-09-10T10:03:09.433Z</time>
			</trkpt>
			<trkpt lat="37.00995" lon="-2.4521">
				<ele>240.27</ele>
				<time>2026-09-10T10:03:11.792Z</time>
			</trkpt>
			<trkpt lat="37.01228" lon="-2.44793">
				<ele>255.33</ele>
				<time>2026-09-10T10:03:24.303Z</time>
			</trkpt>
			<trkpt lat="37.01259" lon="-2.44746">
				<ele>258.04</ele>
				<time>2026-09-10T10:03:25.806Z</time>
			</trkpt>
			<trkpt lat="37.01301" lon="-2.44693">
				<ele>260.74</ele>
				<time>2026-09-10T10:03:27.648Z</time>
			</trkpt>
			<trkpt lat="37.01345" lon="-2.44649">
				<ele>264.33</ele>
				<time>2026-09-10T10:03:29.389Z</time>
			</trkpt>
			<trkpt lat="37.0137" lon="-2.44627">
				<ele>265</ele>
				<time>2026-09-10T10:03:30.334Z</time>
			</trkpt>
			<trkpt lat="37.01398" lon="-2.44606">
				<ele>265.14</ele>
				<time>2026-09-10T10:03:31.344Z</time>
			</trkpt>
			<trkpt lat="37.01455" lon="-2.44571">
				<ele>267.57</ele>
				<time>2026-09-10T10:03:33.311Z</time>
			</trkpt>
			<trkpt lat="37.01513" lon="-2.44545">
				<ele>269.98</ele>
				<time>2026-09-10T10:03:35.221Z</time>
			</trkpt>
			<trkpt lat="37.01568" lon="-2.44529">
				<ele>272.02</ele>
				<time>2026-09-10T10:03:36.974Z</time>
			</trkpt>
			<trkpt lat="37.01629" lon="-2.44519">
				<ele>269.51</ele>
				<time>2026-09-10T10:03:38.885Z</time>
			</trkpt>
			<trkpt lat="37.01746" lon="-2.44503">
				<ele>268.35</ele>
				<time>2026-09-10T10:03:42.549Z</time>
			</trkpt>
			<trkpt lat="37.01791" lon="-2.44492">
				<ele>271.89</ele>
				<time>2026-09-10T10:03:43.979Z</time>
			</trkpt>
			<trkpt lat="37.01829" lon="-2.4448">
				<ele>273.75</ele>
				<time>2026-09-10T10:03:45.201Z</time>
			</trkpt>
			<trkpt lat="37.01845" lon="-2.44472">
				<ele>272.62</ele>
				<time>2026-09-10T10:03:45.739Z</time>
			</trkpt>
			<trkpt lat="37.0189" lon="-2.44453">
				<ele>272.51</ele>
				<time>2026-09-10T10:03:47.223Z</time>
			</trkpt>
			<trkpt lat="37.02002" lon="-2.44401">
				<ele>276.22</ele>
				<time>2026-09-10T10:03:50.962Z</time>
			</trkpt>
			<trkpt lat="37.02031" lon="-2.4439">
				<ele>273.75</ele>
				<time>2026-09-10T10:03:51.912Z</time>
			</trkpt>
			<trkpt lat="37.02072" lon="-2.44376">
				<ele>271.2</ele>
				<time>2026-09-10T10:03:53.246Z</time>
			</trkpt>
			<trkpt lat="37.02137" lon="-2.44364">
				<ele>271.09</ele>
				<time>2026-09-10T10:03:55.311Z</time>
			</trkpt>
			<trkpt lat="37.02187" lon="-2.44361">
				<ele>277.24</ele>
				<time>2026-09-10T10:03:56.886Z</time>
			</trkpt>
			<trkpt lat="37.02223" lon="-2.44363">
				<ele>280.09</ele>
				<time>2026-09-10T10:03:58.021Z</time>
			</trkpt>
			<trkpt lat="37.0226" lon="-2.44367">
				<ele>281.63</ele>
				<time>2026-09-10T10:03:59.192Z</time>
			</trkpt>
			<trkpt lat="37.02323" lon="-2.44382">
				<ele>284.61</ele>
				<time>2026-09-10T10:04:01.217Z</time>
			</trkpt>
			<trkpt lat="37.02391" lon="-2.4441">
				<ele>290.7</ele>
				<time>2026-09-10T10:04:03.481Z</time>
			</trkpt>
			<trkpt lat="37.02419" lon="-2.44425">
				<ele>290.4</ele>
				<time>2026-09-10T10:04:04.446Z</time>
			</trkpt>
			<trkpt lat="37.02462" lon="-2.44453">
				<ele>291.64</ele>
				<time>2026-09-10T10:04:05.983Z</time>
			</trkpt>
			<trkpt lat="37.02504" lon="-2.44487">
				<ele>293.78</ele>
				<time>2026-09-10T10:04:07.571Z</time>
			</trkpt>
			<trkpt lat="37.02552" lon="-2.44535">
				<ele>301.54</ele>
				<time>2026-09-10T10:04:09.525Z</time>
			</trkpt>
			<trkpt lat="37.0259" lon="-2.44582">
				<ele>300.76</ele>
				<time>2026-09-10T10:04:11.226Z</time>
			</trkpt>
			<trkpt lat="37.02632" lon="-2.44646">
				<ele>302.58</ele>
				<time>2026-09-10T10:04:13.338Z</time>
			</trkpt>
			<trkpt lat="37.02713" lon="-2.44796">
				<ele>306.43</ele>
				<time>2026-09-10T10:04:17.967Z</time>
			</trkpt>
			<trkpt lat="37.02736" lon="-2.44834">
				<ele>308.03</ele>
				<time>2026-09-10T10:04:19.190Z</time>
			</trkpt>
			<trkpt lat="37.02783" lon="-2.44905">
				<ele>313.7</ele>
				<time>2026-09-10T10:04:21.560Z</time>
			</trkpt>
			<trkpt lat="37.02833" lon="-2.44971">
				<ele>322.73</ele>
				<time>2026-09-10T10:04:23.903Z</time>
			</trkpt>
			<trkpt lat="37.02875" lon="-2.45018">
				<ele>323.23</ele>
				<time>2026-09-10T10:04:25.723Z</time>
			</trkpt>
			<trkpt lat="37.02995" lon="-2.45144">
				<ele>339.43</ele>
				<time>2026-09-10T10:04:30.804Z</time>
			</trkpt>
			<trkpt lat="37.03041" lon="-2.45194">
				<ele>345.93</ele>
				<time>2026-09-10T10:04:32.789Z</time>
			</trkpt>
			<trkpt lat="37.03073" lon="-2.45234">
				<ele>347.03</ele>
				<time>2026-09-10T10:04:34.264Z</time>
			</trkpt>
			<trkpt lat="37.03137" lon="-2.45318">
				<ele>362.23</ele>
				<time>2026-09-10T10:04:37.298Z</time>
			</trkpt>
			<trkpt lat="37.03204" lon="-2.4542">
				<ele>373.5</ele>
				<time>2026-09-10T10:04:40.762Z</time>
			</trkpt>
			<trkpt lat="37.03233" lon="-2.45467">
				<ele>377.22</ele>
				<time>2026-09-10T10:04:42.325Z</time>
			</trkpt>
			<trkpt lat="37.03261" lon="-2.45519">
				<ele>380.74</ele>
				<time>2026-09-10T10:04:43.978Z</time>
			</trkpt>
			<trkpt lat="37.0329" lon="-2.45577">
				<ele>384.2</ele>
				<time>2026-09-10T10:04:45.785Z</time>
			</trkpt>
			<trkpt lat="37.03329" lon="-2.45665">
				<ele>387.7</ele>
				<time>2026-09-10T10:04:48.451Z</time>
			</trkpt>
			<trkpt lat="37.03449" lon="-2.45959">
				<ele>401.01</ele>
				<time>2026-09-10T10:04:57.260Z</time>
			</trkpt>
			<trkpt lat="37.03481" lon="-2.4603">
				<ele>404.9</ele>
				<time>2026-09-10T10:04:59.451Z</time>
			</trkpt>
			<trkpt lat="37.03541" lon="-2.4615">
				<ele>413.59</ele>
				<time>2026-09-10T10:05:03.270Z</time>
			</trkpt>
			<trkpt lat="37.03582" lon="-2.46223">
				<ele>416.85</ele>
				<time>2026-09-10T10:05:05.688Z</time>
			</trkpt>
			<trkpt lat="37.03637" lon="-2.46314">
				<ele>417.67</ele>
				<time>2026-09-10T10:05:08.792Z</time>
			</trkpt>
			<trkpt lat="37.03672" lon="-2.46368">
				<ele>421.88</ele>
				<time>2026-09-10T10:05:10.690Z</time>
			</trkpt>
			<trkpt lat="37.0372" lon="-2.46435">
				<ele>426.47</ele>
				<time>2026-09-10T10:05:13.154Z</time>
			</trkpt>
			<trkpt lat="37.03767" lon="-2.46496">
				<ele>424.16</ele>
				<time>2026-09-10T10:05:15.482Z</time>
			</trkpt>
			<trkpt lat="37.0382" lon="-2.46561">
				<ele>427.38</ele>
				<time>2026-09-10T10:05:18.042Z</time>
			</trkpt>
			<trkpt lat="37.03867" lon="-2.46614">
				<ele>430.79</ele>
				<time>2026-09-10T10:05:20.233Z</time>
			</trkpt>
			<trkpt lat="37.03911" lon="-2.46661">
				<ele>433.16</ele>
				<time>2026-09-10T10:05:22.242Z</time>
			</trkpt>
			<trkpt lat="37.03961" lon="-2.46711">
				<ele>435.01</ele>
				<time>2026-09-10T10:05:24.471Z</time>
			</trkpt>
			<trkpt lat="37.04018" lon="-2.46763">
				<ele>434.72</ele>
				<time>2026-09-10T10:05:26.937Z</time>
			</trkpt>
			<trkpt lat="37.04087" lon="-2.46822">
				<ele>437.2</ele>
				<time>2026-09-10T10:05:29.870Z</time>
			</trkpt>
			<trkpt lat="37.04185" lon="-2.46896">
				<ele>438.98</ele>
				<time>2026-09-10T10:05:33.908Z</time>
			</trkpt>
			<trkpt lat="37.04303" lon="-2.46974">
				<ele>443.91</ele>
				<time>2026-09-10T10:05:38.647Z</time>
			</trkpt>
			<trkpt lat="37.05349" lon="-2.47612">
				<ele>478.51</ele>
				<time>2026-09-10T10:06:21.521Z</time>
			</trkpt>
			<trkpt lat="37.05416" lon="-2.47656">
				<ele>480.22</ele>
				<time>2026-09-10T10:06:24.413Z</time>
			</trkpt>
			<trkpt lat="37.05505" lon="-2.47725">
				<ele>483.35</ele>
				<time>2026-09-10T10:06:28.437Z</time>
			</trkpt>
			<trkpt lat="37.05581" lon="-2.47793">
				<ele>488.37</ele>
				<time>2026-09-10T10:06:32.050Z</time>
			</trkpt>
			<trkpt lat="37.05641" lon="-2.47854">
				<ele>487.36</ele>
				<time>2026-09-10T10:06:35.055Z</time>
			</trkpt>
			<trkpt lat="37.05706" lon="-2.47929">
				<ele>488.05</ele>
				<time>2026-09-10T10:06:38.510Z</time>
			</trkpt>
			<trkpt lat="37.05742" lon="-2.47974">
				<ele>494.23</ele>
				<time>2026-09-10T10:06:40.507Z</time>
			</trkpt>
			<trkpt lat="37.05818" lon="-2.48087">
				<ele>497.11</ele>
				<time>2026-09-10T10:06:45.164Z</time>
			</trkpt>
			<trkpt lat="37.05868" lon="-2.48168">
				<ele>498.74</ele>
				<time>2026-09-10T10:06:48.412Z</time>
			</trkpt>
			<trkpt lat="37.05951" lon="-2.48323">
				<ele>504.6</ele>
				<time>2026-09-10T10:06:54.378Z</time>
			</trkpt>
			<trkpt lat="37.06009" lon="-2.48424">
				<ele>509</ele>
				<time>2026-09-10T10:06:58.387Z</time>
			</trkpt>
			<trkpt lat="37.06038" lon="-2.48469">
				<ele>509.63</ele>
				<time>2026-09-10T10:07:00.260Z</time>
			</trkpt>
			<trkpt lat="37.06091" lon="-2.48545">
				<ele>515.42</ele>
				<time>2026-09-10T10:07:03.542Z</time>
			</trkpt>
			<trkpt lat="37.06156" lon="-2.48627">
				<ele>517.35</ele>
				<time>2026-09-10T10:07:07.322Z</time>
			</trkpt>
			<trkpt lat="37.06224" lon="-2.48702">
				<ele>523.07</ele>
				<time>2026-09-10T10:07:11.058Z</time>
			</trkpt>
			<trkpt lat="37.0626" lon="-2.48739">
				<ele>524.44</ele>
				<time>2026-09-10T10:07:12.987Z</time>
			</trkpt>
			<trkpt lat="37.06345" lon="-2.48813">
				<ele>528.5</ele>
				<time>2026-09-10T10:07:17.297Z</time>
			</trkpt>
			<trkpt lat="37.06434" lon="-2.4888">
				<ele>526.23</ele>
				<time>2026-09-10T10:07:21.652Z</time>
			</trkpt>
			<trkpt lat="37.06855" lon="-2.49171">
				<ele>548.81</ele>
				<time>2026-09-10T10:07:42.233Z</time>
			</trkpt>
			<trkpt lat="37.06898" lon="-2.49203">
				<ele>548.28</ele>
				<time>2026-09-10T10:07:44.415Z</time>
			</trkpt>
			<trkpt lat="37.06949" lon="-2.49249">
				<ele>549.7</ele>
				<time>2026-09-10T10:07:47.166Z</time>
			</trkpt>
			<trkpt lat="37.06975" lon="-2.49277">
				<ele>550.36</ele>
				<time>2026-09-10T10:07:48.672Z</time>
			</trkpt>
			<trkpt lat="37.06999" lon="-2.49306">
				<ele>551.98</ele>
				<time>2026-09-10T10:07:50.141Z</time>
			</trkpt>
			<trkpt lat="37.07041" lon="-2.49363">
				<ele>556.11</ele>
				<time>2026-09-10T10:07:52.877Z</time>
			</trkpt>
			<trkpt lat="37.07082" lon="-2.49432">
				<ele>561.61</ele>
				<time>2026-09-10T10:07:55.925Z</time>
			</trkpt>
			<trkpt lat="37.071" lon="-2.49469">
				<ele>565.55</ele>
				<time>2026-09-10T10:07:57.466Z</time>
			</trkpt>
			<trkpt lat="37.07132" lon="-2.49544">
				<ele>568.66</ele>
				<time>2026-09-10T10:08:00.502Z</time>
			</trkpt>
			<trkpt lat="37.07168" lon="-2.49638">
				<ele>574.52</ele>
				<time>2026-09-10T10:08:04.244Z</time>
			</trkpt>
			<trkpt lat="37.07188" lon="-2.49684">
				<ele>578.34</ele>
				<time>2026-09-10T10:08:06.132Z</time>
			</trkpt>
			<trkpt lat="37.07207" lon="-2.49723">
				<ele>579.78</ele>
				<time>2026-09-10T10:08:07.784Z</time>
			</trkpt>
			<trkpt lat="37.07231" lon="-2.49767">
				<ele>581.76</ele>
				<time>2026-09-10T10:08:09.717Z</time>
			</trkpt>
			<trkpt lat="37.07253" lon="-2.498">
				<ele>582.79</ele>
				<time>2026-09-10T10:08:11.280Z</time>
			</trkpt>
			<trkpt lat="37.07271" lon="-2.49825">
				<ele>584.51</ele>
				<time>2026-09-10T10:08:12.507Z</time>
			</trkpt>
			<trkpt lat="37.073" lon="-2.49862">
				<ele>585.4</ele>
				<time>2026-09-10T10:08:14.402Z</time>
			</trkpt>
			<trkpt lat="37.07326" lon="-2.49891">
				<ele>587.03</ele>
				<time>2026-09-10T10:08:16.000Z</time>
			</trkpt>
			<trkpt lat="37.07375" lon="-2.49938">
				<ele>587.86</ele>
				<time>2026-09-10T10:08:18.843Z</time>
			</trkpt>
			<trkpt lat="37.07905" lon="-2.50376">
				<ele>613.51</ele>
				<time>2026-09-10T10:08:48.859Z</time>
			</trkpt>
			<trkpt lat="37.07964" lon="-2.50433">
				<ele>616.96</ele>
				<time>2026-09-10T10:08:52.475Z</time>
			</trkpt>
			<trkpt lat="37.08016" lon="-2.50489">
				<ele>621.53</ele>
				<time>2026-09-10T10:08:55.820Z</time>
			</trkpt>
			<trkpt lat="37.08051" lon="-2.50531">
				<ele>621.34</ele>
				<time>2026-09-10T10:08:58.196Z</time>
			</trkpt>
			<trkpt lat="37.08127" lon="-2.50635">
				<ele>620.29</ele>
				<time>2026-09-10T10:09:03.744Z</time>
			</trkpt>
			<trkpt lat="37.0816" lon="-2.50689">
				<ele>623.09</ele>
				<time>2026-09-10T10:09:06.438Z</time>
			</trkpt>
			<trkpt lat="37.08191" lon="-2.50745">
				<ele>625.9</ele>
				<time>2026-09-10T10:09:09.147Z</time>
			</trkpt>
			<trkpt lat="37.08227" lon="-2.50821">
				<ele>634.07</ele>
				<time>2026-09-10T10:09:12.678Z</time>
			</trkpt>
			<trkpt lat="37.08267" lon="-2.50919">
				<ele>640.39</ele>
				<time>2026-09-10T10:09:17.101Z</time>
			</trkpt>
			<trkpt lat="37.08301" lon="-2.51022">
				<ele>648.93</ele>
				<time>2026-09-10T10:09:21.610Z</time>
			</trkpt>
			<trkpt lat="37.08327" lon="-2.51123">
				<ele>650.2</ele>
				<time>2026-09-10T10:09:25.932Z</time>
			</trkpt>
			<trkpt lat="37.08362" lon="-2.51304">
				<ele>665.92</ele>
				<time>2026-09-10T10:09:33.583Z</time>
			</trkpt>
			<trkpt lat="37.08379" lon="-2.51377">
				<ele>667.97</ele>
				<time>2026-09-10T10:09:36.732Z</time>
			</trkpt>
			<trkpt lat="37.08394" lon="-2.51424">
				<ele>668.51</ele>
				<time>2026-09-10T10:09:38.837Z</time>
			</trkpt>
			<trkpt lat="37.0841" lon="-2.51471">
				<ele>670.31</ele>
				<time>2026-09-10T10:09:40.968Z</time>
			</trkpt>
			<trkpt lat="37.08427" lon="-2.51512">
				<ele>671.33</ele>
				<time>2026-09-10T10:09:42.900Z</time>
			</trkpt>
			<trkpt lat="37.08439" lon="-2.51536">
				<ele>671.94</ele>
				<time>2026-09-10T10:09:44.088Z</time>
			</trkpt>
			<trkpt lat="37.08476" lon="-2.51603">
				<ele>674.77</ele>
				<time>2026-09-10T10:09:47.515Z</time>
			</trkpt>
			<trkpt lat="37.08728" lon="-2.52004">
				<ele>697.04</ele>
				<time>2026-09-10T10:10:09.380Z</time>
			</trkpt>
			<trkpt lat="37.08753" lon="-2.52042">
				<ele>700.66</ele>
				<time>2026-09-10T10:10:11.527Z</time>
			</trkpt>
			<trkpt lat="37.08801" lon="-2.52103">
				<ele>709.29</ele>
				<time>2026-09-10T10:10:15.275Z</time>
			</trkpt>
			<trkpt lat="37.08854" lon="-2.52157">
				<ele>715.51</ele>
				<time>2026-09-10T10:10:19.041Z</time>
			</trkpt>
			<trkpt lat="37.08879" lon="-2.52178">
				<ele>716.63</ele>
				<time>2026-09-10T10:10:20.707Z</time>
			</trkpt>
			<trkpt lat="37.08912" lon="-2.52203">
				<ele>716.17</ele>
				<time>2026-09-10T10:10:22.847Z</time>
			</trkpt>
			<trkpt lat="37.08947" lon="-2.52226">
				<ele>716.56</ele>
				<time>2026-09-10T10:10:25.046Z</time>
			</trkpt>
			<trkpt lat="37.09052" lon="-2.52289">
				<ele>723.14</ele>
				<time>2026-09-10T10:10:31.565Z</time>
			</trkpt>
			<trkpt lat="37.09078" lon="-2.52306">
				<ele>724.79</ele>
				<time>2026-09-10T10:10:33.216Z</time>
			</trkpt>
			<trkpt lat="37.09129" lon="-2.52346">
				<ele>728.24</ele>
				<time>2026-09-10T10:10:36.616Z</time>
			</trkpt>
			<trkpt lat="37.09151" lon="-2.52366">
				<ele>731.05</ele>
				<time>2026-09-10T10:10:38.157Z</time>
			</trkpt>
			<trkpt lat="37.09187" lon="-2.52402">
				<ele>733.67</ele>
				<time>2026-09-10T10:10:40.775Z</time>
			</trkpt>
			<trkpt lat="37.09228" lon="-2.52451">
				<ele>737.85</ele>
				<time>2026-09-10T10:10:44.009Z</time>
			</trkpt>
			<trkpt lat="37.09264" lon="-2.52503">
				<ele>741.71</ele>
				<time>2026-09-10T10:10:47.158Z</time>
			</trkpt>
			<trkpt lat="37.09334" lon="-2.5262">
				<ele>756.38</ele>
				<time>2026-09-10T10:10:53.892Z</time>
			</trkpt>
			<trkpt lat="37.09373" lon="-2.52682">
				<ele>765.16</ele>
				<time>2026-09-10T10:10:57.552Z</time>
			</trkpt>
			<trkpt lat="37.09406" lon="-2.52725">
				<ele>771.17</ele>
				<time>2026-09-10T10:11:00.330Z</time>
			</trkpt>
			<trkpt lat="37.09425" lon="-2.52748">
				<ele>774.58</ele>
				<time>2026-09-10T10:11:01.877Z</time>
			</trkpt>
			<trkpt lat="37.09476" lon="-2.52799">
				<ele>775.02</ele>
				<time>2026-09-10T10:11:05.709Z</time>
			</trkpt>
			<trkpt lat="37.0951" lon="-2.52828">
				<ele>767.47</ele>
				<time>2026-09-10T10:11:08.135Z</time>
			</trkpt>
			<trkpt lat="37.09549" lon="-2.52858">
				<ele>751.72</ele>
				<time>2026-09-10T10:11:10.843Z</time>
			</trkpt>
			<trkpt lat="37.09589" lon="-2.52882">
				<ele>748.7</ele>
				<time>2026-09-10T10:11:13.477Z</time>
			</trkpt>
			<trkpt lat="37.09622" lon="-2.52899">
				<ele>749.65</ele>
				<time>2026-09-10T10:11:15.603Z</time>
			</trkpt>
			<trkpt lat="37.09655" lon="-2.52914">
				<ele>753.52</ele>
				<time>2026-09-10T10:11:17.700Z</time>
			</trkpt>
			<trkpt lat="37.0969" lon="-2.52926">
				<ele>759.12</ele>
				<time>2026-09-10T10:11:19.874Z</time>
			</trkpt>
			<trkpt lat="37.09758" lon="-2.52943">
				<ele>761.77</ele>
				<time>2026-09-10T10:11:24.045Z</time>
			</trkpt>
			<trkpt lat="37.09799" lon="-2.52949">
				<ele>758.4</ele>
				<time>2026-09-10T10:11:26.539Z</time>
			</trkpt>
			<trkpt lat="37.09871" lon="-2.5295">
				<ele>749.66</ele>
				<time>2026-09-10T10:11:30.909Z</time>
			</trkpt>
			<trkpt lat="37.09904" lon="-2.52947">
				<ele>745.18</ele>
				<time>2026-09-10T10:11:32.925Z</time>
			</trkpt>
			<trkpt lat="37.09967" lon="-2.52936">
				<ele>737.16</ele>
				<time>2026-09-10T10:11:36.815Z</time>
			</trkpt>
			<trkpt lat="37.10524" lon="-2.52792">
				<ele>748.76</ele>
				<time>2026-09-10T10:12:12.466Z</time>
			</trkpt>
			<trkpt lat="37.10597" lon="-2.52775">
				<ele>754.41</ele>
				<time>2026-09-10T10:12:17.237Z</time>
			</trkpt>
			<trkpt lat="37.10636" lon="-2.52769">
				<ele>751.35</ele>
				<time>2026-09-10T10:12:19.773Z</time>
			</trkpt>
			<trkpt lat="37.10692" lon="-2.52766">
				<ele>743.47</ele>
				<time>2026-09-10T10:12:23.405Z</time>
			</trkpt>
			<trkpt lat="37.10756" lon="-2.52769">
				<ele>743.34</ele>
				<time>2026-09-10T10:12:27.574Z</time>
			</trkpt>
			<trkpt lat="37.10806" lon="-2.52776">
				<ele>739.28</ele>
				<time>2026-09-10T10:12:30.863Z</time>
			</trkpt>
			<trkpt lat="37.11053" lon="-2.52817">
				<ele>740.71</ele>
				<time>2026-09-10T10:12:51.073Z</time>
			</trkpt>
			<trkpt lat="37.11067" lon="-2.52819">
				<ele>741.74</ele>
				<time>2026-09-10T10:12:52.493Z</time>
			</trkpt>
			<trkpt lat="37.11076" lon="-2.52817">
				<ele>742.86</ele>
				<time>2026-09-10T10:12:53.413Z</time>
			</trkpt>
			<trkpt lat="37.11088" lon="-2.52806">
				<ele>744.94</ele>
				<time>2026-09-10T10:12:54.905Z</time>
			</trkpt>
			<trkpt lat="37.11103" lon="-2.52806">
				<ele>744.97</ele>
				<time>2026-09-10T10:12:56.398Z</time>
			</trkpt>
			<trkpt lat="37.11115" lon="-2.52816">
				<ele>743.39</ele>
				<time>2026-09-10T10:12:57.814Z</time>
			</trkpt>
			<trkpt lat="37.11125" lon="-2.5282">
				<ele>742.42</ele>
				<time>2026-09-10T10:12:58.830Z</time>
			</trkpt>
			<trkpt lat="37.11149" lon="-2.52822">
				<ele>742.47</ele>
				<time>2026-09-10T10:13:01.096Z</time>
			</trkpt>
			<trkpt lat="37.11163" lon="-2.52828">
				<ele>743</ele>
				<time>2026-09-10T10:13:02.459Z</time>
			</trkpt>
			<trkpt lat="37.11175" lon="-2.52844">
				<ele>742.63</ele>
				<time>2026-09-10T10:13:04.088Z</time>
			</trkpt>
			<trkpt lat="37.11374" lon="-2.53254">
				<ele>733.49</ele>
				<time>2026-09-10T10:13:40.081Z</time>
			</trkpt>
			<trkpt lat="37.11382" lon="-2.5326">
				<ele>733.76</ele>
				<time>2026-09-10T10:13:40.882Z</time>
			</trkpt>
			<trkpt lat="37.11394" lon="-2.53265">
				<ele>734.19</ele>
				<time>2026-09-10T10:13:41.956Z</time>
			</trkpt>
			<trkpt lat="37.11399" lon="-2.53261">
				<ele>734.38</ele>
				<time>2026-09-10T10:13:42.455Z</time>
			</trkpt>
			<trkpt lat="37.11409" lon="-2.5326">
				<ele>734.74</ele>
				<time>2026-09-10T10:13:43.291Z</time>
			</trkpt>
			<trkpt lat="37.11418" lon="-2.53255">
				<ele>735.04</ele>
				<time>2026-09-10T10:13:44.102Z</time>
			</trkpt>
			<trkpt lat="37.11426" lon="-2.53247">
				<ele>735.34</ele>
				<time>2026-09-10T10:13:44.934Z</time>
			</trkpt>
			<trkpt lat="37.11634" lon="-2.5285">
				<ele>760.03</ele>
				<time>2026-09-10T10:14:12.936Z</time>
			</trkpt>
			<trkpt lat="37.11651" lon="-2.5283">
				<ele>762.53</ele>
				<time>2026-09-10T10:14:14.582Z</time>
			</trkpt>
			<trkpt lat="37.11722" lon="-2.5277">
				<ele>768.02</ele>
				<time>2026-09-10T10:14:20.565Z</time>
			</trkpt>
			<trkpt lat="37.11744" lon="-2.52756">
				<ele>768.32</ele>
				<time>2026-09-10T10:14:22.270Z</time>
			</trkpt>
			<trkpt lat="37.11781" lon="-2.52737">
				<ele>771.71</ele>
				<time>2026-09-10T10:14:25.016Z</time>
			</trkpt>
			<trkpt lat="37.11804" lon="-2.52722">
				<ele>775.71</ele>
				<time>2026-09-10T10:14:26.785Z</time>
			</trkpt>
			<trkpt lat="37.11827" lon="-2.52693">
				<ele>778.34</ele>
				<time>2026-09-10T10:14:28.998Z</time>
			</trkpt>
			<trkpt lat="37.11871" lon="-2.52635">
				<ele>781.37</ele>
				<time>2026-09-10T10:14:33.289Z</time>
			</trkpt>
			<trkpt lat="37.11925" lon="-2.52571">
				<ele>787.31</ele>
				<time>2026-09-10T10:14:38.219Z</time>
			</trkpt>
			<trkpt lat="37.11932" lon="-2.52557">
				<ele>787.22</ele>
				<time>2026-09-10T10:14:39.087Z</time>
			</trkpt>
			<trkpt lat="37.11944" lon="-2.52522">
				<ele>786.97</ele>
				<time>2026-09-10T10:14:41.078Z</time>
			</trkpt>
			<trkpt lat="37.11954" lon="-2.52499">
				<ele>787.97</ele>
				<time>2026-09-10T10:14:42.441Z</time>
			</trkpt>
			<trkpt lat="37.11973" lon="-2.52471">
				<ele>789.05</ele>
				<time>2026-09-10T10:14:44.346Z</time>
			</trkpt>
			<trkpt lat="37.1199" lon="-2.52449">
				<ele>790.16</ele>
				<time>2026-09-10T10:14:45.925Z</time>
			</trkpt>
			<trkpt lat="37.12014" lon="-2.52434">
				<ele>792</ele>
				<time>2026-09-10T10:14:47.650Z</time>
			</trkpt>
			<trkpt lat="37.12026" lon="-2.5243">
				<ele>792.84</ele>
				<time>2026-09-10T10:14:48.446Z</time>
			</trkpt>
			<trkpt lat="37.12052" lon="-2.52425">
				<ele>794.22</ele>
				<time>2026-09-10T10:14:50.127Z</time>
			</trkpt>
			<trkpt lat="37.12061" lon="-2.52419">
				<ele>793.7</ele>
				<time>2026-09-10T10:14:50.777Z</time>
			</trkpt>
			<trkpt lat="37.12065" lon="-2.52412">
				<ele>793.69</ele>
				<time>2026-09-10T10:14:51.213Z</time>
			</trkpt>
			<trkpt lat="37.12067" lon="-2.52402">
				<ele>793.84</ele>
				<time>2026-09-10T10:14:51.736Z</time>
			</trkpt>
			<trkpt lat="37.12066" lon="-2.52391">
				<ele>793.75</ele>
				<time>2026-09-10T10:14:52.296Z</time>
			</trkpt>
			<trkpt lat="37.12062" lon="-2.52383">
				<ele>793.95</ele>
				<time>2026-09-10T10:14:52.773Z</time>
			</trkpt>
			<trkpt lat="37.12056" lon="-2.52376">
				<ele>794.03</ele>
				<time>2026-09-10T10:14:53.291Z</time>
			</trkpt>
			<trkpt lat="37.12048" lon="-2.52371">
				<ele>793.78</ele>
				<time>2026-09-10T10:14:53.856Z</time>
			</trkpt>
			<trkpt lat="37.12022" lon="-2.52366">
				<ele>792.12</ele>
				<time>2026-09-10T10:14:55.512Z</time>
			</trkpt>
			<trkpt lat="37.11999" lon="-2.52359">
				<ele>790.33</ele>
				<time>2026-09-10T10:14:56.996Z</time>
			</trkpt>
			<trkpt lat="37.11963" lon="-2.52342">
				<ele>790.35</ele>
				<time>2026-09-10T10:14:59.396Z</time>
			</trkpt>
			<trkpt lat="37.1195" lon="-2.52332">
				<ele>790.76</ele>
				<time>2026-09-10T10:15:00.344Z</time>
			</trkpt>
			<trkpt lat="37.11943" lon="-2.52318">
				<ele>792.23</ele>
				<time>2026-09-10T10:15:01.160Z</time>
			</trkpt>
			<trkpt lat="37.11942" lon="-2.52305">
				<ele>793.83</ele>
				<time>2026-09-10T10:15:01.804Z</time>
			</trkpt>
			<trkpt lat="37.11945" lon="-2.52293">
				<ele>794.54</ele>
				<time>2026-09-10T10:15:02.423Z</time>
			</trkpt>
			<trkpt lat="37.11951" lon="-2.52278">
				<ele>795.46</ele>
				<time>2026-09-10T10:15:03.248Z</time>
			</trkpt>
			<trkpt lat="37.11964" lon="-2.52258">
				<ele>796.2</ele>
				<time>2026-09-10T10:15:04.513Z</time>
			</trkpt>
			<trkpt lat="37.11976" lon="-2.52248">
				<ele>797.54</ele>
				<time>2026-09-10T10:15:05.396Z</time>
			</trkpt>
			<trkpt lat="37.11992" lon="-2.52237">
				<ele>799.65</ele>
				<time>2026-09-10T10:15:06.511Z</time>
			</trkpt>
			<trkpt lat="37.12012" lon="-2.52227">
				<ele>800.91</ele>
				<time>2026-09-10T10:15:07.823Z</time>
			</trkpt>
			<trkpt lat="37.12108" lon="-2.52196">
				<ele>808.4</ele>
				<time>2026-09-10T10:15:13.810Z</time>
			</trkpt>
			<trkpt lat="37.12117" lon="-2.5219">
				<ele>809.84</ele>
				<time>2026-09-10T10:15:14.420Z</time>
			</trkpt>
			<trkpt lat="37.12122" lon="-2.52184">
				<ele>810.5</ele>
				<time>2026-09-10T10:15:14.834Z</time>
			</trkpt>
			<trkpt lat="37.12127" lon="-2.52176">
				<ele>810.85</ele>
				<time>2026-09-10T10:15:15.318Z</time>
			</trkpt>
			<trkpt lat="37.1213" lon="-2.52165">
				<ele>810.64</ele>
				<time>2026-09-10T10:15:15.872Z</time>
			</trkpt>
			<trkpt lat="37.12131" lon="-2.52112">
				<ele>807.96</ele>
				<time>2026-09-10T10:15:18.385Z</time>
			</trkpt>
			<trkpt lat="37.12135" lon="-2.52097">
				<ele>807.99</ele>
				<time>2026-09-10T10:15:19.132Z</time>
			</trkpt>
			<trkpt lat="37.1214" lon="-2.52083">
				<ele>808.29</ele>
				<time>2026-09-10T10:15:19.855Z</time>
			</trkpt>
			<trkpt lat="37.12146" lon="-2.52071">
				<ele>810.08</ele>
				<time>2026-09-10T10:15:20.522Z</time>
			</trkpt>
			<trkpt lat="37.12205" lon="-2.52007">
				<ele>817.63</ele>
				<time>2026-09-10T10:15:25.098Z</time>
			</trkpt>
			<trkpt lat="37.12215" lon="-2.51998">
				<ele>818.6</ele>
				<time>2026-09-10T10:15:25.816Z</time>
			</trkpt>
			<trkpt lat="37.12247" lon="-2.51977">
				<ele>823.85</ele>
				<time>2026-09-10T10:15:27.915Z</time>
			</trkpt>
			<trkpt lat="37.12253" lon="-2.51971">
				<ele>824.53</ele>
				<time>2026-09-10T10:15:28.360Z</time>
			</trkpt>
			<trkpt lat="37.12259" lon="-2.5196">
				<ele>824.92</ele>
				<time>2026-09-10T10:15:28.975Z</time>
			</trkpt>
			<trkpt lat="37.12278" lon="-2.51917">
				<ele>825.23</ele>
				<time>2026-09-10T10:15:31.237Z</time>
			</trkpt>
			<trkpt lat="37.12285" lon="-2.51905">
				<ele>826.3</ele>
				<time>2026-09-10T10:15:31.920Z</time>
			</trkpt>
			<trkpt lat="37.12317" lon="-2.51868">
				<ele>832.38</ele>
				<time>2026-09-10T10:15:34.415Z</time>
			</trkpt>
			<trkpt lat="37.12325" lon="-2.51855">
				<ele>834.23</ele>
				<time>2026-09-10T10:15:35.163Z</time>
			</trkpt>
			<trkpt lat="37.12327" lon="-2.51832">
				<ele>836.17</ele>
				<time>2026-09-10T10:15:36.216Z</time>
			</trkpt>
			<trkpt lat="37.12324" lon="-2.51819">
				<ele>836.39</ele>
				<time>2026-09-10T10:15:36.830Z</time>
			</trkpt>
			<trkpt lat="37.12306" lon="-2.51766">
				<ele>834.57</ele>
				<time>2026-09-10T10:15:39.438Z</time>
			</trkpt>
			<trkpt lat="37.12282" lon="-2.5167">
				<ele>841.4</ele>
				<time>2026-09-10T10:15:43.960Z</time>
			</trkpt>
			<trkpt lat="37.1228" lon="-2.51659">
				<ele>840.76</ele>
				<time>2026-09-10T10:15:44.464Z</time>
			</trkpt>
			<trkpt lat="37.12281" lon="-2.51648">
				<ele>841.15</ele>
				<time>2026-09-10T10:15:44.959Z</time>
			</trkpt>
			<trkpt lat="37.12288" lon="-2.51631">
				<ele>843.5</ele>
				<time>2026-09-10T10:15:45.814Z</time>
			</trkpt>
			<trkpt lat="37.123" lon="-2.51611">
				<ele>846.24</ele>
				<time>2026-09-10T10:15:46.929Z</time>
			</trkpt>
			<trkpt lat="37.12356" lon="-2.51532">
				<ele>853.76</ele>
				<time>2026-09-10T10:15:51.616Z</time>
			</trkpt>
			<trkpt lat="37.12368" lon="-2.5152">
				<ele>855.26</ele>
				<time>2026-09-10T10:15:52.466Z</time>
			</trkpt>
			<trkpt lat="37.12379" lon="-2.51514">
				<ele>857.29</ele>
				<time>2026-09-10T10:15:53.129Z</time>
			</trkpt>
			<trkpt lat="37.12403" lon="-2.51504">
				<ele>862.14</ele>
				<time>2026-09-10T10:15:54.525Z</time>
			</trkpt>
			<trkpt lat="37.12417" lon="-2.51489">
				<ele>864.24</ele>
				<time>2026-09-10T10:15:55.540Z</time>
			</trkpt>
			<trkpt lat="37.1242" lon="-2.51474">
				<ele>864.15</ele>
				<time>2026-09-10T10:15:56.219Z</time>
			</trkpt>
			<trkpt lat="37.12421" lon="-2.51418">
				<ele>865.32</ele>
				<time>2026-09-10T10:15:58.671Z</time>
			</trkpt>
			<trkpt lat="37.12424" lon="-2.51405">
				<ele>865.6</ele>
				<time>2026-09-10T10:15:59.262Z</time>
			</trkpt>
			<trkpt lat="37.12429" lon="-2.51392">
				<ele>866.33</ele>
				<time>2026-09-10T10:15:59.892Z</time>
			</trkpt>
			<trkpt lat="37.12434" lon="-2.51383">
				<ele>867.02</ele>
				<time>2026-09-10T10:16:00.370Z</time>
			</trkpt>
			<trkpt lat="37.1246" lon="-2.51355">
				<ele>869.6</ele>
				<time>2026-09-10T10:16:02.242Z</time>
			</trkpt>
			<trkpt lat="37.12484" lon="-2.51339">
				<ele>872.43</ele>
				<time>2026-09-10T10:16:03.723Z</time>
			</trkpt>
			<trkpt lat="37.12545" lon="-2.51319">
				<ele>878.09</ele>
				<time>2026-09-10T10:16:07.149Z</time>
			</trkpt>
			<trkpt lat="37.1256" lon="-2.51318">
				<ele>879.2</ele>
				<time>2026-09-10T10:16:07.963Z</time>
			</trkpt>
			<trkpt lat="37.1257" lon="-2.51319">
				<ele>880.94</ele>
				<time>2026-09-10T10:16:08.507Z</time>
			</trkpt>
			<trkpt lat="37.12616" lon="-2.51331">
				<ele>888.38</ele>
				<time>2026-09-10T10:16:11.048Z</time>
			</trkpt>
			<trkpt lat="37.12627" lon="-2.51329">
				<ele>888.25</ele>
				<time>2026-09-10T10:16:11.648Z</time>
			</trkpt>
			<trkpt lat="37.12641" lon="-2.51319">
				<ele>886.77</ele>
				<time>2026-09-10T10:16:12.517Z</time>
			</trkpt>
			<trkpt lat="37.12719" lon="-2.51214">
				<ele>894.21</ele>
				<time>2026-09-10T10:16:18.672Z</time>
			</trkpt>
			<trkpt lat="37.12725" lon="-2.51202">
				<ele>893.78</ele>
				<time>2026-09-10T10:16:19.277Z</time>
			</trkpt>
			<trkpt lat="37.12739" lon="-2.51162">
				<ele>894.22</ele>
				<time>2026-09-10T10:16:21.144Z</time>
			</trkpt>
			<trkpt lat="37.12767" lon="-2.51111">
				<ele>898.73</ele>
				<time>2026-09-10T10:16:23.787Z</time>
			</trkpt>
			<trkpt lat="37.12779" lon="-2.51097">
				<ele>899.22</ele>
				<time>2026-09-10T10:16:24.664Z</time>
			</trkpt>
			<trkpt lat="37.128" lon="-2.5108">
				<ele>899.6</ele>
				<time>2026-09-10T10:16:26.000Z</time>
			</trkpt>
			<trkpt lat="37.12812" lon="-2.51073">
				<ele>900.12</ele>
				<time>2026-09-10T10:16:26.707Z</time>
			</trkpt>
			<trkpt lat="37.12822" lon="-2.5107">
				<ele>900.93</ele>
				<time>2026-09-10T10:16:27.256Z</time>
			</trkpt>
			<trkpt lat="37.12845" lon="-2.5107">
				<ele>903.53</ele>
				<time>2026-09-10T10:16:28.484Z</time>
			</trkpt>
			<trkpt lat="37.12857" lon="-2.51073">
				<ele>905.39</ele>
				<time>2026-09-10T10:16:29.137Z</time>
			</trkpt>
			<trkpt lat="37.12873" lon="-2.51087">
				<ele>908.72</ele>
				<time>2026-09-10T10:16:30.178Z</time>
			</trkpt>
			<trkpt lat="37.12892" lon="-2.51116">
				<ele>914.56</ele>
				<time>2026-09-10T10:16:31.775Z</time>
			</trkpt>
			<trkpt lat="37.12937" lon="-2.51157">
				<ele>922.25</ele>
				<time>2026-09-10T10:16:34.741Z</time>
			</trkpt>
			<trkpt lat="37.12947" lon="-2.5116">
				<ele>923.51</ele>
				<time>2026-09-10T10:16:35.289Z</time>
			</trkpt>
			<trkpt lat="37.12955" lon="-2.51161">
				<ele>924.34</ele>
				<time>2026-09-10T10:16:35.718Z</time>
			</trkpt>
			<trkpt lat="37.12963" lon="-2.5116">
				<ele>924.95</ele>
				<time>2026-09-10T10:16:36.146Z</time>
			</trkpt>
			<trkpt lat="37.1297" lon="-2.51157">
				<ele>925</ele>
				<time>2026-09-10T10:16:36.541Z</time>
			</trkpt>
			<trkpt lat="37.12977" lon="-2.51151">
				<ele>925.38</ele>
				<time>2026-09-10T10:16:36.993Z</time>
			</trkpt>
			<trkpt lat="37.12982" lon="-2.5114">
				<ele>924.69</ele>
				<time>2026-09-10T10:16:37.531Z</time>
			</trkpt>
			<trkpt lat="37.12985" lon="-2.51127">
				<ele>923.89</ele>
				<time>2026-09-10T10:16:38.106Z</time>
			</trkpt>
			<trkpt lat="37.12984" lon="-2.51113">
				<ele>922.21</ele>
				<time>2026-09-10T10:16:38.703Z</time>
			</trkpt>
			<trkpt lat="37.1298" lon="-2.51095">
				<ele>921.59</ele>
				<time>2026-09-10T10:16:39.498Z</time>
			</trkpt>
			<trkpt lat="37.12975" lon="-2.51082">
				<ele>920.92</ele>
				<time>2026-09-10T10:16:40.111Z</time>
			</trkpt>
			<trkpt lat="37.12957" lon="-2.51054">
				<ele>922.12</ele>
				<time>2026-09-10T10:16:41.640Z</time>
			</trkpt>
			<trkpt lat="37.12951" lon="-2.51036">
				<ele>922.96</ele>
				<time>2026-09-10T10:16:42.470Z</time>
			</trkpt>
			<trkpt lat="37.12948" lon="-2.5102">
				<ele>924.11</ele>
				<time>2026-09-10T10:16:43.169Z</time>
			</trkpt>
			<trkpt lat="37.12948" lon="-2.51002">
				<ele>925.98</ele>
				<time>2026-09-10T10:16:43.935Z</time>
			</trkpt>
			<trkpt lat="37.12952" lon="-2.50959">
				<ele>932.39</ele>
				<time>2026-09-10T10:16:45.777Z</time>
			</trkpt>
			<trkpt lat="37.12957" lon="-2.50943">
				<ele>934.82</ele>
				<time>2026-09-10T10:16:46.508Z</time>
			</trkpt>
			<trkpt lat="37.12964" lon="-2.50928">
				<ele>936.52</ele>
				<time>2026-09-10T10:16:47.249Z</time>
			</trkpt>
			<trkpt lat="37.1297" lon="-2.5092">
				<ele>937.69</ele>
				<time>2026-09-10T10:16:47.716Z</time>
			</trkpt>
			<trkpt lat="37.12991" lon="-2.50903">
				<ele>937.27</ele>
				<time>2026-09-10T10:16:49.052Z</time>
			</trkpt>
			<trkpt lat="37.13137" lon="-2.50818">
				<ele>924.48</ele>
				<time>2026-09-10T10:16:57.678Z</time>
			</trkpt>
			<trkpt lat="37.13183" lon="-2.50781">
				<ele>922.78</ele>
				<time>2026-09-10T10:17:00.618Z</time>
			</trkpt>
			<trkpt lat="37.13204" lon="-2.50769">
				<ele>923.12</ele>
				<time>2026-09-10T10:17:01.863Z</time>
			</trkpt>
			<trkpt lat="37.1324" lon="-2.50753">
				<ele>920.87</ele>
				<time>2026-09-10T10:17:03.925Z</time>
			</trkpt>
			<trkpt lat="37.1335" lon="-2.50696">
				<ele>922.62</ele>
				<time>2026-09-10T10:17:10.380Z</time>
			</trkpt>
			<trkpt lat="37.13458" lon="-2.5067">
				<ele>923.27</ele>
				<time>2026-09-10T10:17:16.391Z</time>
			</trkpt>
			<trkpt lat="37.13513" lon="-2.50646">
				<ele>924.5</ele>
				<time>2026-09-10T10:17:19.594Z</time>
			</trkpt>
			<trkpt lat="37.13541" lon="-2.5063">
				<ele>924.5</ele>
				<time>2026-09-10T10:17:21.293Z</time>
			</trkpt>
			<trkpt lat="37.13554" lon="-2.50619">
				<ele>924.95</ele>
				<time>2026-09-10T10:17:22.160Z</time>
			</trkpt>
			<trkpt lat="37.13564" lon="-2.50607">
				<ele>925.71</ele>
				<time>2026-09-10T10:17:22.927Z</time>
			</trkpt>
			<trkpt lat="37.13593" lon="-2.5056">
				<ele>929.95</ele>
				<time>2026-09-10T10:17:25.559Z</time>
			</trkpt>
			<trkpt lat="37.13603" lon="-2.50548">
				<ele>931.22</ele>
				<time>2026-09-10T10:17:26.330Z</time>
			</trkpt>
			<trkpt lat="37.1363" lon="-2.50534">
				<ele>933.51</ele>
				<time>2026-09-10T10:17:27.961Z</time>
			</trkpt>
			<trkpt lat="37.1371" lon="-2.50504">
				<ele>938.74</ele>
				<time>2026-09-10T10:17:32.649Z</time>
			</trkpt>
			<trkpt lat="37.13735" lon="-2.50491">
				<ele>939.82</ele>
				<time>2026-09-10T10:17:34.177Z</time>
			</trkpt>
			<trkpt lat="37.13761" lon="-2.50477">
				<ele>942.28</ele>
				<time>2026-09-10T10:17:35.780Z</time>
			</trkpt>
			<trkpt lat="37.13787" lon="-2.50457">
				<ele>943.21</ele>
				<time>2026-09-10T10:17:37.513Z</time>
			</trkpt>
			<trkpt lat="37.13805" lon="-2.50437">
				<ele>941.43</ele>
				<time>2026-09-10T10:17:38.884Z</time>
			</trkpt>
			<trkpt lat="37.13815" lon="-2.50422">
				<ele>940.75</ele>
				<time>2026-09-10T10:17:39.775Z</time>
			</trkpt>
			<trkpt lat="37.13823" lon="-2.50406">
				<ele>940.19</ele>
				<time>2026-09-10T10:17:40.637Z</time>
			</trkpt>
			<trkpt lat="37.13833" lon="-2.50377">
				<ele>940.58</ele>
				<time>2026-09-10T10:17:42.082Z</time>
			</trkpt>
			<trkpt lat="37.13838" lon="-2.50353">
				<ele>940.13</ele>
				<time>2026-09-10T10:17:43.220Z</time>
			</trkpt>
			<trkpt lat="37.13838" lon="-2.5033">
				<ele>938.56</ele>
				<time>2026-09-10T10:17:44.277Z</time>
			</trkpt>
			<trkpt lat="37.13851" lon="-2.50331">
				<ele>940.43</ele>
				<time>2026-09-10T10:17:45.030Z</time>
			</trkpt>
			<trkpt lat="37.13874" lon="-2.50336">
				<ele>942.67</ele>
				<time>2026-09-10T10:17:46.382Z</time>
			</trkpt>
			<trkpt lat="37.13979" lon="-2.50364">
				<ele>950.71</ele>
				<time>2026-09-10T10:17:52.641Z</time>
			</trkpt>
			<trkpt lat="37.13995" lon="-2.5037">
				<ele>952.32</ele>
				<time>2026-09-10T10:17:53.617Z</time>
			</trkpt>
			<trkpt lat="37.14011" lon="-2.50378">
				<ele>953.63</ele>
				<time>2026-09-10T10:17:54.622Z</time>
			</trkpt>
			<trkpt lat="37.14024" lon="-2.50388">
				<ele>954.81</ele>
				<time>2026-09-10T10:17:55.513Z</time>
			</trkpt>
			<trkpt lat="37.14059" lon="-2.50427">
				<ele>958.09</ele>
				<time>2026-09-10T10:17:58.246Z</time>
			</trkpt>
			<trkpt lat="37.14076" lon="-2.50439">
				<ele>960.19</ele>
				<time>2026-09-10T10:17:59.385Z</time>
			</trkpt>
			<trkpt lat="37.14093" lon="-2.50446">
				<ele>962.22</ele>
				<time>2026-09-10T10:18:00.430Z</time>
			</trkpt>
			<trkpt lat="37.14234" lon="-2.50484">
				<ele>972.26</ele>
				<time>2026-09-10T10:18:08.848Z</time>
			</trkpt>
			<trkpt lat="37.14252" lon="-2.50491">
				<ele>973.11</ele>
				<time>2026-09-10T10:18:09.947Z</time>
			</trkpt>
			<trkpt lat="37.14261" lon="-2.50497">
				<ele>974.1</ele>
				<time>2026-09-10T10:18:10.542Z</time>
			</trkpt>
			<trkpt lat="37.14265" lon="-2.50501">
				<ele>974.67</ele>
				<time>2026-09-10T10:18:10.840Z</time>
			</trkpt>
			<trkpt lat="37.14272" lon="-2.50517">
				<ele>977.48</ele>
				<time>2026-09-10T10:18:11.689Z</time>
			</trkpt>
			<trkpt lat="37.14274" lon="-2.5053">
				<ele>979.8</ele>
				<time>2026-09-10T10:18:12.305Z</time>
			</trkpt>
			<trkpt lat="37.14274" lon="-2.50615">
				<ele>988.68</ele>
				<time>2026-09-10T10:18:16.258Z</time>
			</trkpt>
			<trkpt lat="37.14271" lon="-2.50637">
				<ele>990.66</ele>
				<time>2026-09-10T10:18:17.296Z</time>
			</trkpt>
			<trkpt lat="37.14265" lon="-2.50657">
				<ele>992.27</ele>
				<time>2026-09-10T10:18:18.290Z</time>
			</trkpt>
			<trkpt lat="37.1424" lon="-2.5072">
				<ele>996.59</ele>
				<time>2026-09-10T10:18:21.562Z</time>
			</trkpt>
			<trkpt lat="37.14201" lon="-2.50849">
				<ele>1008.88</ele>
				<time>2026-09-10T10:18:27.975Z</time>
			</trkpt>
			<trkpt lat="37.142" lon="-2.50862">
				<ele>1009.86</ele>
				<time>2026-09-10T10:18:28.582Z</time>
			</trkpt>
			<trkpt lat="37.14201" lon="-2.50877">
				<ele>1011.27</ele>
				<time>2026-09-10T10:18:29.281Z</time>
			</trkpt>
			<trkpt lat="37.14211" lon="-2.50933">
				<ele>1014.7</ele>
				<time>2026-09-10T10:18:31.948Z</time>
			</trkpt>
			<trkpt lat="37.14208" lon="-2.50953">
				<ele>1015.54</ele>
				<time>2026-09-10T10:18:32.894Z</time>
			</trkpt>
			<trkpt lat="37.14202" lon="-2.50971">
				<ele>1015.87</ele>
				<time>2026-09-10T10:18:33.800Z</time>
			</trkpt>
			<trkpt lat="37.14194" lon="-2.50987">
				<ele>1016.09</ele>
				<time>2026-09-10T10:18:34.678Z</time>
			</trkpt>
			<trkpt lat="37.14184" lon="-2.51001">
				<ele>1016.64</ele>
				<time>2026-09-10T10:18:35.551Z</time>
			</trkpt>
			<trkpt lat="37.14153" lon="-2.51036">
				<ele>1019.16</ele>
				<time>2026-09-10T10:18:37.982Z</time>
			</trkpt>
			<trkpt lat="37.14132" lon="-2.51068">
				<ele>1022.06</ele>
				<time>2026-09-10T10:18:39.907Z</time>
			</trkpt>
			<trkpt lat="37.14122" lon="-2.51094">
				<ele>1024.51</ele>
				<time>2026-09-10T10:18:41.248Z</time>
			</trkpt>
			<trkpt lat="37.14115" lon="-2.51121">
				<ele>1027.39</ele>
				<time>2026-09-10T10:18:42.567Z</time>
			</trkpt>
			<trkpt lat="37.14111" lon="-2.51148">
				<ele>1029.7</ele>
				<time>2026-09-10T10:18:43.842Z</time>
			</trkpt>
			<trkpt lat="37.14106" lon="-2.51198">
				<ele>1033.48</ele>
				<time>2026-09-10T10:18:46.183Z</time>
			</trkpt>
			<trkpt lat="37.14102" lon="-2.51222">
				<ele>1036.53</ele>
				<time>2026-09-10T10:18:47.321Z</time>
			</trkpt>
			<trkpt lat="37.14098" lon="-2.51229">
				<ele>1037.71</ele>
				<time>2026-09-10T10:18:47.721Z</time>
			</trkpt>
			<trkpt lat="37.14094" lon="-2.51235">
				<ele>1038.48</ele>
				<time>2026-09-10T10:18:48.084Z</time>
			</trkpt>
			<trkpt lat="37.14071" lon="-2.51257">
				<ele>1042.1</ele>
				<time>2026-09-10T10:18:49.769Z</time>
			</trkpt>
			<trkpt lat="37.14061" lon="-2.51269">
				<ele>1044.45</ele>
				<time>2026-09-10T10:18:50.575Z</time>
			</trkpt>
			<trkpt lat="37.14048" lon="-2.51291">
				<ele>1049.08</ele>
				<time>2026-09-10T10:18:51.847Z</time>
			</trkpt>
			<trkpt lat="37.14044" lon="-2.51303">
				<ele>1051.52</ele>
				<time>2026-09-10T10:18:52.450Z</time>
			</trkpt>
			<trkpt lat="37.1404" lon="-2.51331">
				<ele>1055.46</ele>
				<time>2026-09-10T10:18:53.771Z</time>
			</trkpt>
			<trkpt lat="37.1404" lon="-2.51347">
				<ele>1056.35</ele>
				<time>2026-09-10T10:18:54.514Z</time>
			</trkpt>
			<trkpt lat="37.14045" lon="-2.5137">
				<ele>1057.56</ele>
				<time>2026-09-10T10:18:55.620Z</time>
			</trkpt>
			<trkpt lat="37.14057" lon="-2.51397">
				<ele>1058.96</ele>
				<time>2026-09-10T10:18:57.055Z</time>
			</trkpt>
			<trkpt lat="37.14069" lon="-2.51415">
				<ele>1060.03</ele>
				<time>2026-09-10T10:18:58.144Z</time>
			</trkpt>
			<trkpt lat="37.14084" lon="-2.51428">
				<ele>1061.78</ele>
				<time>2026-09-10T10:18:59.206Z</time>
			</trkpt>
			<trkpt lat="37.14102" lon="-2.51439">
				<ele>1064.73</ele>
				<time>2026-09-10T10:19:00.372Z</time>
			</trkpt>
			<trkpt lat="37.14128" lon="-2.51453">
				<ele>1067.98</ele>
				<time>2026-09-10T10:19:02.019Z</time>
			</trkpt>
			<trkpt lat="37.14143" lon="-2.51455">
				<ele>1069.63</ele>
				<time>2026-09-10T10:19:02.897Z</time>
			</trkpt>
			<trkpt lat="37.14151" lon="-2.51454">
				<ele>1070.22</ele>
				<time>2026-09-10T10:19:03.365Z</time>
			</trkpt>
			<trkpt lat="37.14166" lon="-2.51448">
				<ele>1071.06</ele>
				<time>2026-09-10T10:19:04.281Z</time>
			</trkpt>
			<trkpt lat="37.14199" lon="-2.51418">
				<ele>1070.21</ele>
				<time>2026-09-10T10:19:06.653Z</time>
			</trkpt>
			<trkpt lat="37.14211" lon="-2.51413">
				<ele>1070.99</ele>
				<time>2026-09-10T10:19:07.389Z</time>
			</trkpt>
			<trkpt lat="37.14237" lon="-2.51412">
				<ele>1072.05</ele>
				<time>2026-09-10T10:19:08.903Z</time>
			</trkpt>
			<trkpt lat="37.14314" lon="-2.51415">
				<ele>1073.74</ele>
				<time>2026-09-10T10:19:13.386Z</time>
			</trkpt>
			<trkpt lat="37.14329" lon="-2.51412">
				<ele>1073.34</ele>
				<time>2026-09-10T10:19:14.270Z</time>
			</trkpt>
			<trkpt lat="37.14369" lon="-2.51391">
				<ele>1074.2</ele>
				<time>2026-09-10T10:19:16.792Z</time>
			</trkpt>
			<trkpt lat="37.14464" lon="-2.5133">
				<ele>1079.75</ele>
				<time>2026-09-10T10:19:23.000Z</time>
			</trkpt>
			<trkpt lat="37.14491" lon="-2.51317">
				<ele>1082.38</ele>
				<time>2026-09-10T10:19:24.682Z</time>
			</trkpt>
			<trkpt lat="37.14521" lon="-2.51307">
				<ele>1083.91</ele>
				<time>2026-09-10T10:19:26.487Z</time>
			</trkpt>
			<trkpt lat="37.14566" lon="-2.51298">
				<ele>1085.37</ele>
				<time>2026-09-10T10:19:29.137Z</time>
			</trkpt>
			<trkpt lat="37.14598" lon="-2.51288">
				<ele>1084.84</ele>
				<time>2026-09-10T10:19:31.054Z</time>
			</trkpt>
			<trkpt lat="37.1464" lon="-2.51274">
				<ele>1086.21</ele>
				<time>2026-09-10T10:19:33.580Z</time>
			</trkpt>
			<trkpt lat="37.14672" lon="-2.51258">
				<ele>1090.33</ele>
				<time>2026-09-10T10:19:35.583Z</time>
			</trkpt>
			<trkpt lat="37.14687" lon="-2.51248">
				<ele>1090.82</ele>
				<time>2026-09-10T10:19:36.570Z</time>
			</trkpt>
			<trkpt lat="37.14703" lon="-2.51233">
				<ele>1090.81</ele>
				<time>2026-09-10T10:19:37.731Z</time>
			</trkpt>
			<trkpt lat="37.14722" lon="-2.51209">
				<ele>1092.5</ele>
				<time>2026-09-10T10:19:39.298Z</time>
			</trkpt>
			<trkpt lat="37.14758" lon="-2.51155">
				<ele>1094.79</ele>
				<time>2026-09-10T10:19:42.559Z</time>
			</trkpt>
			<trkpt lat="37.14771" lon="-2.5114">
				<ele>1094.23</ele>
				<time>2026-09-10T10:19:43.586Z</time>
			</trkpt>
			<trkpt lat="37.14784" lon="-2.51131">
				<ele>1093.74</ele>
				<time>2026-09-10T10:19:44.448Z</time>
			</trkpt>
			<trkpt lat="37.14858" lon="-2.51107">
				<ele>1096.9</ele>
				<time>2026-09-10T10:19:48.889Z</time>
			</trkpt>
			<trkpt lat="37.14881" lon="-2.51098">
				<ele>1095.98</ele>
				<time>2026-09-10T10:19:50.289Z</time>
			</trkpt>
			<trkpt lat="37.14981" lon="-2.5104">
				<ele>1105.68</ele>
				<time>2026-09-10T10:19:56.688Z</time>
			</trkpt>
			<trkpt lat="37.15082" lon="-2.50996">
				<ele>1107.83</ele>
				<time>2026-09-10T10:20:02.896Z</time>
			</trkpt>
			<trkpt lat="37.15133" lon="-2.50982">
				<ele>1109.09</ele>
				<time>2026-09-10T10:20:05.927Z</time>
			</trkpt>
			<trkpt lat="37.1515" lon="-2.50976">
				<ele>1108.45</ele>
				<time>2026-09-10T10:20:06.952Z</time>
			</trkpt>
			<trkpt lat="37.15162" lon="-2.50969">
				<ele>1107.77</ele>
				<time>2026-09-10T10:20:07.721Z</time>
			</trkpt>
			<trkpt lat="37.15172" lon="-2.50961">
				<ele>1108.17</ele>
				<time>2026-09-10T10:20:08.409Z</time>
			</trkpt>
			<trkpt lat="37.15182" lon="-2.50949">
				<ele>1109.09</ele>
				<time>2026-09-10T10:20:09.212Z</time>
			</trkpt>
			<trkpt lat="37.15206" lon="-2.50909">
				<ele>1110.56</ele>
				<time>2026-09-10T10:20:11.528Z</time>
			</trkpt>
			<trkpt lat="37.15234" lon="-2.50858">
				<ele>1110.61</ele>
				<time>2026-09-10T10:20:14.393Z</time>
			</trkpt>
			<trkpt lat="37.15242" lon="-2.50847">
				<ele>1110.63</ele>
				<time>2026-09-10T10:20:15.082Z</time>
			</trkpt>
			<trkpt lat="37.15254" lon="-2.50839">
				<ele>1111.24</ele>
				<time>2026-09-10T10:20:15.871Z</time>
			</trkpt>
			<trkpt lat="37.15274" lon="-2.50834">
				<ele>1113.61</ele>
				<time>2026-09-10T10:20:17.054Z</time>
			</trkpt>
			<trkpt lat="37.15303" lon="-2.50835">
				<ele>1115.83</ele>
				<time>2026-09-10T10:20:18.737Z</time>
			</trkpt>
			<trkpt lat="37.15439" lon="-2.5085">
				<ele>1123.85</ele>
				<time>2026-09-10T10:20:26.658Z</time>
			</trkpt>
			<trkpt lat="37.15457" lon="-2.5085">
				<ele>1124.44</ele>
				<time>2026-09-10T10:20:27.702Z</time>
			</trkpt>
			<trkpt lat="37.15477" lon="-2.50843">
				<ele>1125.58</ele>
				<time>2026-09-10T10:20:28.906Z</time>
			</trkpt>
			<trkpt lat="37.15522" lon="-2.50806">
				<ele>1128.39</ele>
				<time>2026-09-10T10:20:32.026Z</time>
			</trkpt>
			<trkpt lat="37.15536" lon="-2.50802">
				<ele>1128.48</ele>
				<time>2026-09-10T10:20:32.859Z</time>
			</trkpt>
			<trkpt lat="37.15546" lon="-2.50805">
				<ele>1128.71</ele>
				<time>2026-09-10T10:20:33.455Z</time>
			</trkpt>
			<trkpt lat="37.1579" lon="-2.50904">
				<ele>1148.42</ele>
				<time>2026-09-10T10:20:48.322Z</time>
			</trkpt>
			<trkpt lat="37.15918" lon="-2.50965">
				<ele>1160.45</ele>
				<time>2026-09-10T10:20:56.256Z</time>
			</trkpt>
			<trkpt lat="37.15939" lon="-2.50976">
				<ele>1162.35</ele>
				<time>2026-09-10T10:20:57.574Z</time>
			</trkpt>
			<trkpt lat="37.15945" lon="-2.50981">
				<ele>1162.81</ele>
				<time>2026-09-10T10:20:57.992Z</time>
			</trkpt>
			<trkpt lat="37.15951" lon="-2.50988">
				<ele>1163.11</ele>
				<time>2026-09-10T10:20:58.466Z</time>
			</trkpt>
			<trkpt lat="37.15957" lon="-2.50998">
				<ele>1163.04</ele>
				<time>2026-09-10T10:20:59.044Z</time>
			</trkpt>
			<trkpt lat="37.1597" lon="-2.51079">
				<ele>1165.93</ele>
				<time>2026-09-10T10:21:02.859Z</time>
			</trkpt>
			<trkpt lat="37.15977" lon="-2.51094">
				<ele>1166.25</ele>
				<time>2026-09-10T10:21:03.661Z</time>
			</trkpt>
			<trkpt lat="37.15983" lon="-2.51103">
				<ele>1166.63</ele>
				<time>2026-09-10T10:21:04.203Z</time>
			</trkpt>
			<trkpt lat="37.15993" lon="-2.51113">
				<ele>1167.14</ele>
				<time>2026-09-10T10:21:04.944Z</time>
			</trkpt>
			<trkpt lat="37.16013" lon="-2.51125">
				<ele>1168.7</ele>
				<time>2026-09-10T10:21:06.227Z</time>
			</trkpt>
			<trkpt lat="37.16036" lon="-2.51133">
				<ele>1170.54</ele>
				<time>2026-09-10T10:21:07.610Z</time>
			</trkpt>
			<trkpt lat="37.16095" lon="-2.51144">
				<ele>1175.27</ele>
				<time>2026-09-10T10:21:11.064Z</time>
			</trkpt>
			<trkpt lat="37.16104" lon="-2.51149">
				<ele>1176</ele>
				<time>2026-09-10T10:21:11.634Z</time>
			</trkpt>
			<trkpt lat="37.16107" lon="-2.51154">
				<ele>1176.19</ele>
				<time>2026-09-10T10:21:11.923Z</time>
			</trkpt>
			<trkpt lat="37.1611" lon="-2.51159">
				<ele>1176.22</ele>
				<time>2026-09-10T10:21:12.212Z</time>
			</trkpt>
			<trkpt lat="37.16111" lon="-2.5117">
				<ele>1176.08</ele>
				<time>2026-09-10T10:21:12.722Z</time>
			</trkpt>
			<trkpt lat="37.16108" lon="-2.51197">
				<ele>1175.68</ele>
				<time>2026-09-10T10:21:13.980Z</time>
			</trkpt>
			<trkpt lat="37.16109" lon="-2.51217">
				<ele>1175.08</ele>
				<time>2026-09-10T10:21:14.905Z</time>
			</trkpt>
			<trkpt lat="37.16171" lon="-2.51407">
				<ele>1188.44</ele>
				<time>2026-09-10T10:21:24.377Z</time>
			</trkpt>
			<trkpt lat="37.16178" lon="-2.5142">
				<ele>1188.57</ele>
				<time>2026-09-10T10:21:25.100Z</time>
			</trkpt>
			<trkpt lat="37.1619" lon="-2.5143">
				<ele>1187.63</ele>
				<time>2026-09-10T10:21:25.934Z</time>
			</trkpt>
			<trkpt lat="37.16198" lon="-2.51433">
				<ele>1187.51</ele>
				<time>2026-09-10T10:21:26.417Z</time>
			</trkpt>
			<trkpt lat="37.16342" lon="-2.51449">
				<ele>1194.34</ele>
				<time>2026-09-10T10:21:34.782Z</time>
			</trkpt>
			<trkpt lat="37.16355" lon="-2.51454">
				<ele>1194.14</ele>
				<time>2026-09-10T10:21:35.569Z</time>
			</trkpt>
			<trkpt lat="37.16399" lon="-2.51489">
				<ele>1197.29</ele>
				<time>2026-09-10T10:21:38.583Z</time>
			</trkpt>
			<trkpt lat="37.16423" lon="-2.51501">
				<ele>1198.38</ele>
				<time>2026-09-10T10:21:40.077Z</time>
			</trkpt>
			<trkpt lat="37.16433" lon="-2.51502">
				<ele>1198.9</ele>
				<time>2026-09-10T10:21:40.657Z</time>
			</trkpt>
			<trkpt lat="37.16476" lon="-2.51496">
				<ele>1201.11</ele>
				<time>2026-09-10T10:21:43.160Z</time>
			</trkpt>
			<trkpt lat="37.16522" lon="-2.51498">
				<ele>1205.64</ele>
				<time>2026-09-10T10:21:45.822Z</time>
			</trkpt>
			<trkpt lat="37.16566" lon="-2.51501">
				<ele>1208.73</ele>
				<time>2026-09-10T10:21:48.370Z</time>
			</trkpt>
			<trkpt lat="37.16583" lon="-2.51505">
				<ele>1209.59</ele>
				<time>2026-09-10T10:21:49.370Z</time>
			</trkpt>
			<trkpt lat="37.16595" lon="-2.51509">
				<ele>1210.23</ele>
				<time>2026-09-10T10:21:50.088Z</time>
			</trkpt>
			<trkpt lat="37.16606" lon="-2.5152">
				<ele>1209.81</ele>
				<time>2026-09-10T10:21:50.902Z</time>
			</trkpt>
			<trkpt lat="37.16615" lon="-2.51532">
				<ele>1210.31</ele>
				<time>2026-09-10T10:21:51.661Z</time>
			</trkpt>
			<trkpt lat="37.16639" lon="-2.51581">
				<ele>1217.93</ele>
				<time>2026-09-10T10:21:54.311Z</time>
			</trkpt>
			<trkpt lat="37.16651" lon="-2.51593">
				<ele>1217.84</ele>
				<time>2026-09-10T10:21:55.198Z</time>
			</trkpt>
			<trkpt lat="37.16667" lon="-2.51601">
				<ele>1218.81</ele>
				<time>2026-09-10T10:21:56.194Z</time>
			</trkpt>
			<trkpt lat="37.16702" lon="-2.51609">
				<ele>1219.65</ele>
				<time>2026-09-10T10:21:58.251Z</time>
			</trkpt>
			<trkpt lat="37.16722" lon="-2.51617">
				<ele>1219.94</ele>
				<time>2026-09-10T10:21:59.464Z</time>
			</trkpt>
			<trkpt lat="37.16757" lon="-2.51641">
				<ele>1225.63</ele>
				<time>2026-09-10T10:22:01.769Z</time>
			</trkpt>
			<trkpt lat="37.16798" lon="-2.51662">
				<ele>1228.2</ele>
				<time>2026-09-10T10:22:04.329Z</time>
			</trkpt>
			<trkpt lat="37.16818" lon="-2.51676">
				<ele>1229.54</ele>
				<time>2026-09-10T10:22:05.653Z</time>
			</trkpt>
			<trkpt lat="37.16847" lon="-2.51701">
				<ele>1233.4</ele>
				<time>2026-09-10T10:22:07.686Z</time>
			</trkpt>
			<trkpt lat="37.16861" lon="-2.51716">
				<ele>1235.39</ele>
				<time>2026-09-10T10:22:08.750Z</time>
			</trkpt>
			<trkpt lat="37.16874" lon="-2.51733">
				<ele>1237.39</ele>
				<time>2026-09-10T10:22:09.835Z</time>
			</trkpt>
			<trkpt lat="37.16926" lon="-2.5182">
				<ele>1240.74</ele>
				<time>2026-09-10T10:22:14.842Z</time>
			</trkpt>
			<trkpt lat="37.1695" lon="-2.51852">
				<ele>1243.14</ele>
				<time>2026-09-10T10:22:16.865Z</time>
			</trkpt>
			<trkpt lat="37.1697" lon="-2.51869">
				<ele>1246.12</ele>
				<time>2026-09-10T10:22:18.260Z</time>
			</trkpt>
			<trkpt lat="37.16987" lon="-2.51877">
				<ele>1247.45</ele>
				<time>2026-09-10T10:22:19.309Z</time>
			</trkpt>
			<trkpt lat="37.17013" lon="-2.51884">
				<ele>1249.59</ele>
				<time>2026-09-10T10:22:20.845Z</time>
			</trkpt>
			<trkpt lat="37.17035" lon="-2.51883">
				<ele>1252.21</ele>
				<time>2026-09-10T10:22:22.117Z</time>
			</trkpt>
			<trkpt lat="37.17048" lon="-2.5188">
				<ele>1253.49</ele>
				<time>2026-09-10T10:22:22.880Z</time>
			</trkpt>
			<trkpt lat="37.17079" lon="-2.51871">
				<ele>1255.33</ele>
				<time>2026-09-10T10:22:24.718Z</time>
			</trkpt>
			<trkpt lat="37.17133" lon="-2.51843">
				<ele>1260.5</ele>
				<time>2026-09-10T10:22:28.093Z</time>
			</trkpt>
			<trkpt lat="37.17187" lon="-2.51812">
				<ele>1266.06</ele>
				<time>2026-09-10T10:22:31.522Z</time>
			</trkpt>
			<trkpt lat="37.17286" lon="-2.51777">
				<ele>1276.78</ele>
				<time>2026-09-10T10:22:37.460Z</time>
			</trkpt>
			<trkpt lat="37.17323" lon="-2.51776">
				<ele>1281.15</ele>
				<time>2026-09-10T10:22:39.597Z</time>
			</trkpt>
			<trkpt lat="37.17342" lon="-2.51773">
				<ele>1283.97</ele>
				<time>2026-09-10T10:22:40.702Z</time>
			</trkpt>
			<trkpt lat="37.17359" lon="-2.51767">
				<ele>1286.82</ele>
				<time>2026-09-10T10:22:41.722Z</time>
			</trkpt>
			<trkpt lat="37.17404" lon="-2.51742">
				<ele>1293.8</ele>
				<time>2026-09-10T10:22:44.562Z</time>
			</trkpt>
			<trkpt lat="37.17433" lon="-2.51723">
				<ele>1296.98</ele>
				<time>2026-09-10T10:22:46.450Z</time>
			</trkpt>
			<trkpt lat="37.17446" lon="-2.51719">
				<ele>1298.25</ele>
				<time>2026-09-10T10:22:47.223Z</time>
			</trkpt>
			<trkpt lat="37.17461" lon="-2.51719">
				<ele>1300.81</ele>
				<time>2026-09-10T10:22:48.089Z</time>
			</trkpt>
			<trkpt lat="37.1749" lon="-2.51727">
				<ele>1306.27</ele>
				<time>2026-09-10T10:22:49.802Z</time>
			</trkpt>
			<trkpt lat="37.17501" lon="-2.51732">
				<ele>1308.59</ele>
				<time>2026-09-10T10:22:50.477Z</time>
			</trkpt>
			<trkpt lat="37.17506" lon="-2.51738">
				<ele>1309.41</ele>
				<time>2026-09-10T10:22:50.877Z</time>
			</trkpt>
			<trkpt lat="37.17511" lon="-2.51748">
				<ele>1309.96</ele>
				<time>2026-09-10T10:22:51.420Z</time>
			</trkpt>
			<trkpt lat="37.17512" lon="-2.51762">
				<ele>1310.09</ele>
				<time>2026-09-10T10:22:52.066Z</time>
			</trkpt>
			<trkpt lat="37.17506" lon="-2.51808">
				<ele>1308.32</ele>
				<time>2026-09-10T10:22:54.209Z</time>
			</trkpt>
			<trkpt lat="37.17506" lon="-2.51834">
				<ele>1307.45</ele>
				<time>2026-09-10T10:22:55.404Z</time>
			</trkpt>
			<trkpt lat="37.17512" lon="-2.51849">
				<ele>1307.3</ele>
				<time>2026-09-10T10:22:56.176Z</time>
			</trkpt>
			<trkpt lat="37.17518" lon="-2.51854">
				<ele>1308.03</ele>
				<time>2026-09-10T10:22:56.592Z</time>
			</trkpt>
			<trkpt lat="37.17525" lon="-2.51855">
				<ele>1309.28</ele>
				<time>2026-09-10T10:22:56.998Z</time>
			</trkpt>
			<trkpt lat="37.17532" lon="-2.51851">
				<ele>1310.87</ele>
				<time>2026-09-10T10:22:57.442Z</time>
			</trkpt>
			<trkpt lat="37.17538" lon="-2.51842">
				<ele>1312.98</ele>
				<time>2026-09-10T10:22:57.981Z</time>
			</trkpt>
			<trkpt lat="37.17554" lon="-2.51778">
				<ele>1320.79</ele>
				<time>2026-09-10T10:23:01.065Z</time>
			</trkpt>
			<trkpt lat="37.17562" lon="-2.51758">
				<ele>1323.01</ele>
				<time>2026-09-10T10:23:02.093Z</time>
			</trkpt>
			<trkpt lat="37.17572" lon="-2.51737">
				<ele>1326.16</ele>
				<time>2026-09-10T10:23:03.218Z</time>
			</trkpt>
			<trkpt lat="37.17579" lon="-2.51727">
				<ele>1327.88</ele>
				<time>2026-09-10T10:23:03.830Z</time>
			</trkpt>
			<trkpt lat="37.17591" lon="-2.51713">
				<ele>1330</ele>
				<time>2026-09-10T10:23:04.775Z</time>
			</trkpt>
			<trkpt lat="37.17611" lon="-2.51702">
				<ele>1331.58</ele>
				<time>2026-09-10T10:23:06.034Z</time>
			</trkpt>
			<trkpt lat="37.17714" lon="-2.51676">
				<ele>1342.79</ele>
				<time>2026-09-10T10:23:12.094Z</time>
			</trkpt>
			<trkpt lat="37.17745" lon="-2.51669">
				<ele>1346.61</ele>
				<time>2026-09-10T10:23:13.910Z</time>
			</trkpt>
			<trkpt lat="37.17784" lon="-2.51663">
				<ele>1353.01</ele>
				<time>2026-09-10T10:23:16.176Z</time>
			</trkpt>
			<trkpt lat="37.17806" lon="-2.51662">
				<ele>1355.11</ele>
				<time>2026-09-10T10:23:17.445Z</time>
			</trkpt>
			<trkpt lat="37.1789" lon="-2.51671">
				<ele>1363.31</ele>
				<time>2026-09-10T10:23:22.306Z</time>
			</trkpt>
			<trkpt lat="37.17898" lon="-2.51673">
				<ele>1363.39</ele>
				<time>2026-09-10T10:23:22.777Z</time>
			</trkpt>
			<trkpt lat="37.17909" lon="-2.51679">
				<ele>1364.21</ele>
				<time>2026-09-10T10:23:23.468Z</time>
			</trkpt>
			<trkpt lat="37.17922" lon="-2.51693">
				<ele>1366.28</ele>
				<time>2026-09-10T10:23:24.456Z</time>
			</trkpt>
			<trkpt lat="37.18018" lon="-2.51821">
				<ele>1378.3</ele>
				<time>2026-09-10T10:23:32.529Z</time>
			</trkpt>
			<trkpt lat="37.18207" lon="-2.52087">
				<ele>1392.79</ele>
				<time>2026-09-10T10:23:48.892Z</time>
			</trkpt>
			<trkpt lat="37.18216" lon="-2.52103">
				<ele>1393.6</ele>
				<time>2026-09-10T10:23:49.791Z</time>
			</trkpt>
			<trkpt lat="37.18232" lon="-2.52137">
				<ele>1397.82</ele>
				<time>2026-09-10T10:23:51.603Z</time>
			</trkpt>
			<trkpt lat="37.18249" lon="-2.52162">
				<ele>1399.46</ele>
				<time>2026-09-10T10:23:53.111Z</time>
			</trkpt>
			<trkpt lat="37.18258" lon="-2.52172">
				<ele>1400.18</ele>
				<time>2026-09-10T10:23:53.804Z</time>
			</trkpt>
			<trkpt lat="37.18269" lon="-2.5218">
				<ele>1400.78</ele>
				<time>2026-09-10T10:23:54.536Z</time>
			</trkpt>
			<trkpt lat="37.18328" lon="-2.52212">
				<ele>1403.17</ele>
				<time>2026-09-10T10:23:58.238Z</time>
			</trkpt>
			<trkpt lat="37.18339" lon="-2.5222">
				<ele>1403.29</ele>
				<time>2026-09-10T10:23:58.970Z</time>
			</trkpt>
			<trkpt lat="37.18347" lon="-2.52229">
				<ele>1403.52</ele>
				<time>2026-09-10T10:23:59.589Z</time>
			</trkpt>
			<trkpt lat="37.18355" lon="-2.52241">
				<ele>1403.93</ele>
				<time>2026-09-10T10:24:00.307Z</time>
			</trkpt>
			<trkpt lat="37.18391" lon="-2.52327">
				<ele>1411.9</ele>
				<time>2026-09-10T10:24:04.764Z</time>
			</trkpt>
			<trkpt lat="37.18416" lon="-2.52409">
				<ele>1414.49</ele>
				<time>2026-09-10T10:24:08.792Z</time>
			</trkpt>
			<trkpt lat="37.18426" lon="-2.52431">
				<ele>1416.05</ele>
				<time>2026-09-10T10:24:09.954Z</time>
			</trkpt>
			<trkpt lat="37.18431" lon="-2.52437">
				<ele>1416.46</ele>
				<time>2026-09-10T10:24:10.352Z</time>
			</trkpt>
			<trkpt lat="37.18471" lon="-2.52472">
				<ele>1419.84</ele>
				<time>2026-09-10T10:24:13.159Z</time>
			</trkpt>
			<trkpt lat="37.18488" lon="-2.52493">
				<ele>1419.44</ele>
				<time>2026-09-10T10:24:14.532Z</time>
			</trkpt>
			<trkpt lat="37.18523" lon="-2.52543">
				<ele>1423.97</ele>
				<time>2026-09-10T10:24:17.585Z</time>
			</trkpt>
			<trkpt lat="37.18573" lon="-2.52589">
				<ele>1425.52</ele>
				<time>2026-09-10T10:24:21.153Z</time>
			</trkpt>
			<trkpt lat="37.18586" lon="-2.52606">
				<ele>1425.8</ele>
				<time>2026-09-10T10:24:22.234Z</time>
			</trkpt>
			<trkpt lat="37.18655" lon="-2.5271">
				<ele>1428.66</ele>
				<time>2026-09-10T10:24:28.439Z</time>
			</trkpt>
			<trkpt lat="37.18671" lon="-2.52726">
				<ele>1428.9</ele>
				<time>2026-09-10T10:24:29.616Z</time>
			</trkpt>
			<trkpt lat="37.1874" lon="-2.52762">
				<ele>1429.69</ele>
				<time>2026-09-10T10:24:33.916Z</time>
			</trkpt>
			<trkpt lat="37.18781" lon="-2.52787">
				<ele>1433.98</ele>
				<time>2026-09-10T10:24:36.539Z</time>
			</trkpt>
			<trkpt lat="37.18816" lon="-2.52811">
				<ele>1438.88</ele>
				<time>2026-09-10T10:24:38.834Z</time>
			</trkpt>
			<trkpt lat="37.18896" lon="-2.52872">
				<ele>1448.61</ele>
				<time>2026-09-10T10:24:44.219Z</time>
			</trkpt>
			<trkpt lat="37.18905" lon="-2.52872">
				<ele>1450.88</ele>
				<time>2026-09-10T10:24:44.736Z</time>
			</trkpt>
			<trkpt lat="37.18911" lon="-2.52867">
				<ele>1453.24</ele>
				<time>2026-09-10T10:24:45.151Z</time>
			</trkpt>
			<trkpt lat="37.18918" lon="-2.52853">
				<ele>1456.47</ele>
				<time>2026-09-10T10:24:45.908Z</time>
			</trkpt>
			<trkpt lat="37.18917" lon="-2.52843">
				<ele>1457.32</ele>
				<time>2026-09-10T10:24:46.370Z</time>
			</trkpt>
			<trkpt lat="37.1891" lon="-2.52808">
				<ele>1457.44</ele>
				<time>2026-09-10T10:24:48.024Z</time>
			</trkpt>
			<trkpt lat="37.1891" lon="-2.52789">
				<ele>1456.84</ele>
				<time>2026-09-10T10:24:48.894Z</time>
			</trkpt>
			<trkpt lat="37.18916" lon="-2.52775">
				<ele>1457.43</ele>
				<time>2026-09-10T10:24:49.623Z</time>
			</trkpt>
			<trkpt lat="37.18924" lon="-2.52768">
				<ele>1458.39</ele>
				<time>2026-09-10T10:24:50.184Z</time>
			</trkpt>
			<trkpt lat="37.18932" lon="-2.52764">
				<ele>1459.56</ele>
				<time>2026-09-10T10:24:50.679Z</time>
			</trkpt>
			<trkpt lat="37.18955" lon="-2.5276">
				<ele>1463.8</ele>
				<time>2026-09-10T10:24:52.014Z</time>
			</trkpt>
			<trkpt lat="37.18989" lon="-2.5276">
				<ele>1469.12</ele>
				<time>2026-09-10T10:24:53.970Z</time>
			</trkpt>
			<trkpt lat="37.19" lon="-2.52764">
				<ele>1471.37</ele>
				<time>2026-09-10T10:24:54.628Z</time>
			</trkpt>
			<trkpt lat="37.19021" lon="-2.52774">
				<ele>1475.46</ele>
				<time>2026-09-10T10:24:55.920Z</time>
			</trkpt>
			<trkpt lat="37.19057" lon="-2.528">
				<ele>1481.5</ele>
				<time>2026-09-10T10:24:58.309Z</time>
			</trkpt>
			<trkpt lat="37.19067" lon="-2.52801">
				<ele>1482.8</ele>
				<time>2026-09-10T10:24:58.885Z</time>
			</trkpt>
			<trkpt lat="37.19078" lon="-2.52796">
				<ele>1483.05</ele>
				<time>2026-09-10T10:24:59.558Z</time>
			</trkpt>
			<trkpt lat="37.19107" lon="-2.52775">
				<ele>1481.63</ele>
				<time>2026-09-10T10:25:01.483Z</time>
			</trkpt>
			<trkpt lat="37.19148" lon="-2.52753">
				<ele>1486.21</ele>
				<time>2026-09-10T10:25:04.047Z</time>
			</trkpt>
			<trkpt lat="37.19171" lon="-2.52748">
				<ele>1490.19</ele>
				<time>2026-09-10T10:25:05.389Z</time>
			</trkpt>
			<trkpt lat="37.19212" lon="-2.52751">
				<ele>1498.04</ele>
				<time>2026-09-10T10:25:07.751Z</time>
			</trkpt>
			<trkpt lat="37.19238" lon="-2.5275">
				<ele>1500.51</ele>
				<time>2026-09-10T10:25:09.246Z</time>
			</trkpt>
			<trkpt lat="37.19264" lon="-2.52745">
				<ele>1503.29</ele>
				<time>2026-09-10T10:25:10.758Z</time>
			</trkpt>
			<trkpt lat="37.19281" lon="-2.52737">
				<ele>1505.12</ele>
				<time>2026-09-10T10:25:11.802Z</time>
			</trkpt>
			<trkpt lat="37.19325" lon="-2.52713">
				<ele>1511.21</ele>
				<time>2026-09-10T10:25:14.560Z</time>
			</trkpt>
			<trkpt lat="37.19369" lon="-2.52699">
				<ele>1520.06</ele>
				<time>2026-09-10T10:25:17.169Z</time>
			</trkpt>
			<trkpt lat="37.19377" lon="-2.5269">
				<ele>1520.53</ele>
				<time>2026-09-10T10:25:17.787Z</time>
			</trkpt>
			<trkpt lat="37.19381" lon="-2.52681">
				<ele>1520.34</ele>
				<time>2026-09-10T10:25:18.259Z</time>
			</trkpt>
			<trkpt lat="37.19381" lon="-2.52667">
				<ele>1518.74</ele>
				<time>2026-09-10T10:25:18.900Z</time>
			</trkpt>
			<trkpt lat="37.19373" lon="-2.5261">
				<ele>1516.16</ele>
				<time>2026-09-10T10:25:21.550Z</time>
			</trkpt>
			<trkpt lat="37.19372" lon="-2.52577">
				<ele>1516.3</ele>
				<time>2026-09-10T10:25:23.062Z</time>
			</trkpt>
			<trkpt lat="37.19377" lon="-2.52564">
				<ele>1517.97</ele>
				<time>2026-09-10T10:25:23.723Z</time>
			</trkpt>
			<trkpt lat="37.19384" lon="-2.52558">
				<ele>1521.2</ele>
				<time>2026-09-10T10:25:24.210Z</time>
			</trkpt>
			<trkpt lat="37.19395" lon="-2.5256">
				<ele>1524.99</ele>
				<time>2026-09-10T10:25:24.849Z</time>
			</trkpt>
			<trkpt lat="37.19401" lon="-2.52568">
				<ele>1526.94</ele>
				<time>2026-09-10T10:25:25.352Z</time>
			</trkpt>
			<trkpt lat="37.19404" lon="-2.52574">
				<ele>1527.8</ele>
				<time>2026-09-10T10:25:25.676Z</time>
			</trkpt>
			<trkpt lat="37.19428" lon="-2.52684">
				<ele>1533.63</ele>
				<time>2026-09-10T10:25:30.897Z</time>
			</trkpt>
			<trkpt lat="37.19429" lon="-2.52691">
				<ele>1534.01</ele>
				<time>2026-09-10T10:25:31.222Z</time>
			</trkpt>
			<trkpt lat="37.19427" lon="-2.52704">
				<ele>1535.32</ele>
				<time>2026-09-10T10:25:31.829Z</time>
			</trkpt>
			<trkpt lat="37.19422" lon="-2.52719">
				<ele>1536.08</ele>
				<time>2026-09-10T10:25:32.573Z</time>
			</trkpt>
			<trkpt lat="37.1941" lon="-2.52736">
				<ele>1537.33</ele>
				<time>2026-09-10T10:25:33.613Z</time>
			</trkpt>
			<trkpt lat="37.19348" lon="-2.52799">
				<ele>1538.75</ele>
				<time>2026-09-10T10:25:38.196Z</time>
			</trkpt>
			<trkpt lat="37.19336" lon="-2.52809">
				<ele>1539.7</ele>
				<time>2026-09-10T10:25:39.023Z</time>
			</trkpt>
			<trkpt lat="37.19274" lon="-2.52849">
				<ele>1542.18</ele>
				<time>2026-09-10T10:25:43.028Z</time>
			</trkpt>
			<trkpt lat="37.19259" lon="-2.52862">
				<ele>1542.81</ele>
				<time>2026-09-10T10:25:44.075Z</time>
			</trkpt>
			<trkpt lat="37.19249" lon="-2.52878">
				<ele>1543.03</ele>
				<time>2026-09-10T10:25:45.006Z</time>
			</trkpt>
			<trkpt lat="37.19242" lon="-2.52898">
				<ele>1543.68</ele>
				<time>2026-09-10T10:25:46.006Z</time>
			</trkpt>
			<trkpt lat="37.19234" lon="-2.52938">
				<ele>1545.54</ele>
				<time>2026-09-10T10:25:47.893Z</time>
			</trkpt>
			<trkpt lat="37.1923" lon="-2.52949">
				<ele>1545.75</ele>
				<time>2026-09-10T10:25:48.446Z</time>
			</trkpt>
			<trkpt lat="37.19207" lon="-2.53001">
				<ele>1547.76</ele>
				<time>2026-09-10T10:25:51.168Z</time>
			</trkpt>
			<trkpt lat="37.19186" lon="-2.53054">
				<ele>1550.7</ele>
				<time>2026-09-10T10:25:53.876Z</time>
			</trkpt>
			<trkpt lat="37.19177" lon="-2.5308">
				<ele>1552.05</ele>
				<time>2026-09-10T10:25:55.173Z</time>
			</trkpt>
			<trkpt lat="37.19173" lon="-2.53101">
				<ele>1552.14</ele>
				<time>2026-09-10T10:25:56.161Z</time>
			</trkpt>
			<trkpt lat="37.19173" lon="-2.53125">
				<ele>1552.9</ele>
				<time>2026-09-10T10:25:57.259Z</time>
			</trkpt>
			<trkpt lat="37.19177" lon="-2.53144">
				<ele>1554.18</ele>
				<time>2026-09-10T10:25:58.159Z</time>
			</trkpt>
			<trkpt lat="37.19187" lon="-2.53165">
				<ele>1557.44</ele>
				<time>2026-09-10T10:25:59.278Z</time>
			</trkpt>
			<trkpt lat="37.19198" lon="-2.53175">
				<ele>1558.03</ele>
				<time>2026-09-10T10:26:00.058Z</time>
			</trkpt>
			<trkpt lat="37.1921" lon="-2.53175">
				<ele>1559.86</ele>
				<time>2026-09-10T10:26:00.747Z</time>
			</trkpt>
			<trkpt lat="37.19218" lon="-2.5317">
				<ele>1562.06</ele>
				<time>2026-09-10T10:26:01.260Z</time>
			</trkpt>
			<trkpt lat="37.19224" lon="-2.5316">
				<ele>1563.99</ele>
				<time>2026-09-10T10:26:01.833Z</time>
			</trkpt>
			<trkpt lat="37.19226" lon="-2.53151">
				<ele>1565.08</ele>
				<time>2026-09-10T10:26:02.260Z</time>
			</trkpt>
			<trkpt lat="37.19227" lon="-2.53113">
				<ele>1565.89</ele>
				<time>2026-09-10T10:26:04.000Z</time>
			</trkpt>
			<trkpt lat="37.19231" lon="-2.53093">
				<ele>1567.73</ele>
				<time>2026-09-10T10:26:04.943Z</time>
			</trkpt>
			<trkpt lat="37.19234" lon="-2.53082">
				<ele>1569.01</ele>
				<time>2026-09-10T10:26:05.475Z</time>
			</trkpt>
			<trkpt lat="37.19247" lon="-2.53059">
				<ele>1572.35</ele>
				<time>2026-09-10T10:26:06.765Z</time>
			</trkpt>
			<trkpt lat="37.19263" lon="-2.53035">
				<ele>1573.73</ele>
				<time>2026-09-10T10:26:08.196Z</time>
			</trkpt>
			<trkpt lat="37.19297" lon="-2.52995">
				<ele>1576.6</ele>
				<time>2026-09-10T10:26:10.872Z</time>
			</trkpt>
			<trkpt lat="37.19322" lon="-2.5297">
				<ele>1578.3</ele>
				<time>2026-09-10T10:26:12.707Z</time>
			</trkpt>
			<trkpt lat="37.19338" lon="-2.52962">
				<ele>1579.9</ele>
				<time>2026-09-10T10:26:13.696Z</time>
			</trkpt>
			<trkpt lat="37.19347" lon="-2.5296">
				<ele>1581.16</ele>
				<time>2026-09-10T10:26:14.221Z</time>
			</trkpt>
			<trkpt lat="37.19381" lon="-2.52958">
				<ele>1588.85</ele>
				<time>2026-09-10T10:26:16.175Z</time>
			</trkpt>
			<trkpt lat="37.19396" lon="-2.52954">
				<ele>1591.9</ele>
				<time>2026-09-10T10:26:17.055Z</time>
			</trkpt>
			<trkpt lat="37.19408" lon="-2.52945">
				<ele>1593.54</ele>
				<time>2026-09-10T10:26:17.858Z</time>
			</trkpt>
			<trkpt lat="37.19456" lon="-2.52897">
				<ele>1597.95</ele>
				<time>2026-09-10T10:26:21.381Z</time>
			</trkpt>
			<trkpt lat="37.19481" lon="-2.52879">
				<ele>1599.31</ele>
				<time>2026-09-10T10:26:23.035Z</time>
			</trkpt>
			<trkpt lat="37.19536" lon="-2.52845">
				<ele>1605.39</ele>
				<time>2026-09-10T10:26:26.554Z</time>
			</trkpt>
			<trkpt lat="37.19557" lon="-2.52837">
				<ele>1607.55</ele>
				<time>2026-09-10T10:26:27.814Z</time>
			</trkpt>
			<trkpt lat="37.19629" lon="-2.52832">
				<ele>1618.72</ele>
				<time>2026-09-10T10:26:31.953Z</time>
			</trkpt>
			<trkpt lat="37.19635" lon="-2.5283">
				<ele>1619.89</ele>
				<time>2026-09-10T10:26:32.309Z</time>
			</trkpt>
			<trkpt lat="37.1965" lon="-2.52818">
				<ele>1621.54</ele>
				<time>2026-09-10T10:26:33.330Z</time>
			</trkpt>
			<trkpt lat="37.19659" lon="-2.52805">
				<ele>1622.16</ele>
				<time>2026-09-10T10:26:34.118Z</time>
			</trkpt>
			<trkpt lat="37.1967" lon="-2.52774">
				<ele>1623.64</ele>
				<time>2026-09-10T10:26:35.669Z</time>
			</trkpt>
			<trkpt lat="37.19691" lon="-2.52685">
				<ele>1630.05</ele>
				<time>2026-09-10T10:26:39.912Z</time>
			</trkpt>
			<trkpt lat="37.19721" lon="-2.5261">
				<ele>1636.63</ele>
				<time>2026-09-10T10:26:43.749Z</time>
			</trkpt>
			<trkpt lat="37.19742" lon="-2.52562">
				<ele>1641.91</ele>
				<time>2026-09-10T10:26:46.252Z</time>
			</trkpt>
			<trkpt lat="37.19749" lon="-2.5255">
				<ele>1642.97</ele>
				<time>2026-09-10T10:26:46.932Z</time>
			</trkpt>
			<trkpt lat="37.19762" lon="-2.52537">
				<ele>1644.23</ele>
				<time>2026-09-10T10:26:47.885Z</time>
			</trkpt>
			<trkpt lat="37.19776" lon="-2.52532">
				<ele>1646.22</ele>
				<time>2026-09-10T10:26:48.721Z</time>
			</trkpt>
			<trkpt lat="37.19865" lon="-2.52514">
				<ele>1655.92</ele>
				<time>2026-09-10T10:26:53.893Z</time>
			</trkpt>
			<trkpt lat="37.19893" lon="-2.52512">
				<ele>1660.19</ele>
				<time>2026-09-10T10:26:55.502Z</time>
			</trkpt>
			<trkpt lat="37.19914" lon="-2.52514">
				<ele>1662.24</ele>
				<time>2026-09-10T10:26:56.710Z</time>
			</trkpt>
			<trkpt lat="37.19971" lon="-2.52537">
				<ele>1665.56</ele>
				<time>2026-09-10T10:27:00.145Z</time>
			</trkpt>
			<trkpt lat="37.19985" lon="-2.5254">
				<ele>1667.25</ele>
				<time>2026-09-10T10:27:00.960Z</time>
			</trkpt>
			<trkpt lat="37.20026" lon="-2.52546">
				<ele>1673.35</ele>
				<time>2026-09-10T10:27:03.328Z</time>
			</trkpt>
			<trkpt lat="37.20132" lon="-2.52549">
				<ele>1686.33</ele>
				<time>2026-09-10T10:27:09.410Z</time>
			</trkpt>
			<trkpt lat="37.20206" lon="-2.52547">
				<ele>1694.73</ele>
				<time>2026-09-10T10:27:13.655Z</time>
			</trkpt>
			<trkpt lat="37.20235" lon="-2.52541">
				<ele>1700.33</ele>
				<time>2026-09-10T10:27:15.341Z</time>
			</trkpt>
			<trkpt lat="37.20246" lon="-2.52537">
				<ele>1702.44</ele>
				<time>2026-09-10T10:27:15.998Z</time>
			</trkpt>
			<trkpt lat="37.20265" lon="-2.52523">
				<ele>1705</ele>
				<time>2026-09-10T10:27:17.261Z</time>
			</trkpt>
			<trkpt lat="37.2028" lon="-2.52504">
				<ele>1705.9</ele>
				<time>2026-09-10T10:27:18.483Z</time>
			</trkpt>
			<trkpt lat="37.20296" lon="-2.52473">
				<ele>1708.23</ele>
				<time>2026-09-10T10:27:20.171Z</time>
			</trkpt>
			<trkpt lat="37.20305" lon="-2.52445">
				<ele>1709.06</ele>
				<time>2026-09-10T10:27:21.550Z</time>
			</trkpt>
			<trkpt lat="37.20311" lon="-2.52417">
				<ele>1712.19</ele>
				<time>2026-09-10T10:27:22.874Z</time>
			</trkpt>
			<trkpt lat="37.20313" lon="-2.52343">
				<ele>1714.43</ele>
				<time>2026-09-10T10:27:26.256Z</time>
			</trkpt>
			<trkpt lat="37.20315" lon="-2.52322">
				<ele>1716.3</ele>
				<time>2026-09-10T10:27:27.222Z</time>
			</trkpt>
			<trkpt lat="37.20324" lon="-2.52275">
				<ele>1720.07</ele>
				<time>2026-09-10T10:27:29.430Z</time>
			</trkpt>
			<trkpt lat="37.20331" lon="-2.52259">
				<ele>1721.07</ele>
				<time>2026-09-10T10:27:30.264Z</time>
			</trkpt>
			<trkpt lat="37.20341" lon="-2.52249">
				<ele>1722.84</ele>
				<time>2026-09-10T10:27:30.997Z</time>
			</trkpt>
			<trkpt lat="37.20355" lon="-2.5224">
				<ele>1724.57</ele>
				<time>2026-09-10T10:27:31.899Z</time>
			</trkpt>
			<trkpt lat="37.20413" lon="-2.5221">
				<ele>1731.58</ele>
				<time>2026-09-10T10:27:35.496Z</time>
			</trkpt>
			<trkpt lat="37.2043" lon="-2.52203">
				<ele>1732.66</ele>
				<time>2026-09-10T10:27:36.522Z</time>
			</trkpt>
			<trkpt lat="37.20477" lon="-2.52195">
				<ele>1737.13</ele>
				<time>2026-09-10T10:27:39.241Z</time>
			</trkpt>
			<trkpt lat="37.20497" lon="-2.52194">
				<ele>1741.36</ele>
				<time>2026-09-10T10:27:40.389Z</time>
			</trkpt>
			<trkpt lat="37.20504" lon="-2.52197">
				<ele>1743.81</ele>
				<time>2026-09-10T10:27:40.813Z</time>
			</trkpt>
			<trkpt lat="37.20508" lon="-2.52204">
				<ele>1746.54</ele>
				<time>2026-09-10T10:27:41.206Z</time>
			</trkpt>
			<trkpt lat="37.20509" lon="-2.52215">
				<ele>1749.63</ele>
				<time>2026-09-10T10:27:41.712Z</time>
			</trkpt>
			<trkpt lat="37.20506" lon="-2.52224">
				<ele>1750.97</ele>
				<time>2026-09-10T10:27:42.157Z</time>
			</trkpt>
			<trkpt lat="37.20496" lon="-2.52236">
				<ele>1751.09</ele>
				<time>2026-09-10T10:27:42.950Z</time>
			</trkpt>
			<trkpt lat="37.20456" lon="-2.52271">
				<ele>1752.21</ele>
				<time>2026-09-10T10:27:45.745Z</time>
			</trkpt>
			<trkpt lat="37.20447" lon="-2.52282">
				<ele>1753.24</ele>
				<time>2026-09-10T10:27:46.465Z</time>
			</trkpt>
			<trkpt lat="37.20431" lon="-2.52307">
				<ele>1754.91</ele>
				<time>2026-09-10T10:27:47.930Z</time>
			</trkpt>
			<trkpt lat="37.20425" lon="-2.52324">
				<ele>1756.12</ele>
				<time>2026-09-10T10:27:48.779Z</time>
			</trkpt>
			<trkpt lat="37.20417" lon="-2.5251">
				<ele>1766.91</ele>
				<time>2026-09-10T10:27:57.284Z</time>
			</trkpt>
			<trkpt lat="37.20416" lon="-2.52569">
				<ele>1771.77</ele>
				<time>2026-09-10T10:27:59.978Z</time>
			</trkpt>
			<trkpt lat="37.20421" lon="-2.52609">
				<ele>1776.19</ele>
				<time>2026-09-10T10:28:01.826Z</time>
			</trkpt>
			<trkpt lat="37.20425" lon="-2.52623">
				<ele>1777.3</ele>
				<time>2026-09-10T10:28:02.505Z</time>
			</trkpt>
			<trkpt lat="37.20433" lon="-2.52636">
				<ele>1778.85</ele>
				<time>2026-09-10T10:28:03.255Z</time>
			</trkpt>
			<trkpt lat="37.20446" lon="-2.52648">
				<ele>1780.43</ele>
				<time>2026-09-10T10:28:04.180Z</time>
			</trkpt>
			<trkpt lat="37.20508" lon="-2.52697">
				<ele>1783.65</ele>
				<time>2026-09-10T10:28:08.379Z</time>
			</trkpt>
			<trkpt lat="37.20515" lon="-2.52701">
				<ele>1784.32</ele>
				<time>2026-09-10T10:28:08.820Z</time>
			</trkpt>
			<trkpt lat="37.20524" lon="-2.52701">
				<ele>1786.58</ele>
				<time>2026-09-10T10:28:09.336Z</time>
			</trkpt>
			<trkpt lat="37.20529" lon="-2.52696">
				<ele>1790.06</ele>
				<time>2026-09-10T10:28:09.702Z</time>
			</trkpt>
			<trkpt lat="37.20531" lon="-2.52687">
				<ele>1793.34</ele>
				<time>2026-09-10T10:28:10.129Z</time>
			</trkpt>
			<trkpt lat="37.2053" lon="-2.52676">
				<ele>1796.68</ele>
				<time>2026-09-10T10:28:10.634Z</time>
			</trkpt>
			<trkpt lat="37.20524" lon="-2.52665">
				<ele>1798.62</ele>
				<time>2026-09-10T10:28:11.243Z</time>
			</trkpt>
			<trkpt lat="37.20491" lon="-2.5262">
				<ele>1795.84</ele>
				<time>2026-09-10T10:28:14.035Z</time>
			</trkpt>
			<trkpt lat="37.20485" lon="-2.52608">
				<ele>1794.89</ele>
				<time>2026-09-10T10:28:14.682Z</time>
			</trkpt>
			<trkpt lat="37.20481" lon="-2.52593">
				<ele>1794.54</ele>
				<time>2026-09-10T10:28:15.404Z</time>
			</trkpt>
			<trkpt lat="37.20481" lon="-2.52573">
				<ele>1795.99</ele>
				<time>2026-09-10T10:28:16.317Z</time>
			</trkpt>
			<trkpt lat="37.20485" lon="-2.52524">
				<ele>1799.21</ele>
				<time>2026-09-10T10:28:18.565Z</time>
			</trkpt>
			<trkpt lat="37.20489" lon="-2.52508">
				<ele>1799.68</ele>
				<time>2026-09-10T10:28:19.330Z</time>
			</trkpt>
			<trkpt lat="37.20493" lon="-2.52497">
				<ele>1800.8</ele>
				<time>2026-09-10T10:28:19.882Z</time>
			</trkpt>
			<trkpt lat="37.2051" lon="-2.52465">
				<ele>1804.31</ele>
				<time>2026-09-10T10:28:21.638Z</time>
			</trkpt>
			<trkpt lat="37.20534" lon="-2.52433">
				<ele>1808.02</ele>
				<time>2026-09-10T10:28:23.644Z</time>
			</trkpt>
			<trkpt lat="37.20545" lon="-2.5242">
				<ele>1808.96</ele>
				<time>2026-09-10T10:28:24.510Z</time>
			</trkpt>
			<trkpt lat="37.20578" lon="-2.52395">
				<ele>1811.25</ele>
				<time>2026-09-10T10:28:26.718Z</time>
			</trkpt>
			<trkpt lat="37.20595" lon="-2.52379">
				<ele>1812.88</ele>
				<time>2026-09-10T10:28:27.936Z</time>
			</trkpt>
			<trkpt lat="37.20625" lon="-2.52341">
				<ele>1815.64</ele>
				<time>2026-09-10T10:28:30.377Z</time>
			</trkpt>
			<trkpt lat="37.20663" lon="-2.52298">
				<ele>1816.77</ele>
				<time>2026-09-10T10:28:33.309Z</time>
			</trkpt>
			<trkpt lat="37.20671" lon="-2.52291">
				<ele>1816.97</ele>
				<time>2026-09-10T10:28:33.867Z</time>
			</trkpt>
			<trkpt lat="37.20688" lon="-2.52279">
				<ele>1818.68</ele>
				<time>2026-09-10T10:28:34.985Z</time>
			</trkpt>
			<trkpt lat="37.20709" lon="-2.52271">
				<ele>1820.69</ele>
				<time>2026-09-10T10:28:36.242Z</time>
			</trkpt>
			<trkpt lat="37.20719" lon="-2.52269">
				<ele>1821.98</ele>
				<time>2026-09-10T10:28:36.822Z</time>
			</trkpt>
			<trkpt lat="37.20749" lon="-2.52268">
				<ele>1826.01</ele>
				<time>2026-09-10T10:28:38.542Z</time>
			</trkpt>
			<trkpt lat="37.20772" lon="-2.52261">
				<ele>1827.82</ele>
				<time>2026-09-10T10:28:39.898Z</time>
			</trkpt>
			<trkpt lat="37.20846" lon="-2.52214">
				<ele>1834.82</ele>
				<time>2026-09-10T10:28:44.649Z</time>
			</trkpt>
			<trkpt lat="37.20994" lon="-2.52111">
				<ele>1850.65</ele>
				<time>2026-09-10T10:28:54.343Z</time>
			</trkpt>
			<trkpt lat="37.21017" lon="-2.5209">
				<ele>1854.75</ele>
				<time>2026-09-10T10:28:55.972Z</time>
			</trkpt>
			<trkpt lat="37.21028" lon="-2.52074">
				<ele>1857.64</ele>
				<time>2026-09-10T10:28:56.937Z</time>
			</trkpt>
			<trkpt lat="37.21079" lon="-2.51966">
				<ele>1868.26</ele>
				<time>2026-09-10T10:29:02.665Z</time>
			</trkpt>
			<trkpt lat="37.21082" lon="-2.5195">
				<ele>1869.7</ele>
				<time>2026-09-10T10:29:03.415Z</time>
			</trkpt>
			<trkpt lat="37.21081" lon="-2.51938">
				<ele>1870.03</ele>
				<time>2026-09-10T10:29:03.965Z</time>
			</trkpt>
			<trkpt lat="37.21059" lon="-2.51869">
				<ele>1869.34</ele>
				<time>2026-09-10T10:29:07.356Z</time>
			</trkpt>
			<trkpt lat="37.21047" lon="-2.51815">
				<ele>1877.25</ele>
				<time>2026-09-10T10:29:09.913Z</time>
			</trkpt>
			<trkpt lat="37.21042" lon="-2.51802">
				<ele>1879.74</ele>
				<time>2026-09-10T10:29:10.572Z</time>
			</trkpt>
			<trkpt lat="37.21029" lon="-2.51781">
				<ele>1882.04</ele>
				<time>2026-09-10T10:29:11.785Z</time>
			</trkpt>
			<trkpt lat="37.21016" lon="-2.51765">
				<ele>1881.91</ele>
				<time>2026-09-10T10:29:12.828Z</time>
			</trkpt>
			<trkpt lat="37.20997" lon="-2.51733">
				<ele>1881.03</ele>
				<time>2026-09-10T10:29:14.649Z</time>
			</trkpt>
			<trkpt lat="37.20969" lon="-2.51681">
				<ele>1884.02</ele>
				<time>2026-09-10T10:29:17.512Z</time>
			</trkpt>
			<trkpt lat="37.2091" lon="-2.51587">
				<ele>1890.6</ele>
				<time>2026-09-10T10:29:22.971Z</time>
			</trkpt>
			<trkpt lat="37.20894" lon="-2.51558">
				<ele>1893.86</ele>
				<time>2026-09-10T10:29:24.581Z</time>
			</trkpt>
			<trkpt lat="37.20856" lon="-2.51463">
				<ele>1897.53</ele>
				<time>2026-09-10T10:29:29.430Z</time>
			</trkpt>
			<trkpt lat="37.20854" lon="-2.51454">
				<ele>1897.97</ele>
				<time>2026-09-10T10:29:29.856Z</time>
			</trkpt>
			<trkpt lat="37.20854" lon="-2.51437">
				<ele>1898.56</ele>
				<time>2026-09-10T10:29:30.631Z</time>
			</trkpt>
			<trkpt lat="37.20858" lon="-2.51426">
				<ele>1898.97</ele>
				<time>2026-09-10T10:29:31.183Z</time>
			</trkpt>
			<trkpt lat="37.20867" lon="-2.51416">
				<ele>1900.62</ele>
				<time>2026-09-10T10:29:31.871Z</time>
			</trkpt>
			<trkpt lat="37.20878" lon="-2.51409">
				<ele>1903.39</ele>
				<time>2026-09-10T10:29:32.577Z</time>
			</trkpt>
			<trkpt lat="37.2094" lon="-2.51385">
				<ele>1914.29</ele>
				<time>2026-09-10T10:29:36.293Z</time>
			</trkpt>
			<trkpt lat="37.20957" lon="-2.51373">
				<ele>1916.22</ele>
				<time>2026-09-10T10:29:37.410Z</time>
			</trkpt>
			<trkpt lat="37.20967" lon="-2.51365">
				<ele>1917.2</ele>
				<time>2026-09-10T10:29:38.089Z</time>
			</trkpt>
			<trkpt lat="37.20994" lon="-2.5133">
				<ele>1921.14</ele>
				<time>2026-09-10T10:29:40.311Z</time>
			</trkpt>
			<trkpt lat="37.21018" lon="-2.51289">
				<ele>1922.28</ele>
				<time>2026-09-10T10:29:42.632Z</time>
			</trkpt>
			<trkpt lat="37.2103" lon="-2.5126">
				<ele>1924</ele>
				<time>2026-09-10T10:29:44.123Z</time>
			</trkpt>
			<trkpt lat="37.21053" lon="-2.51175">
				<ele>1930.81</ele>
				<time>2026-09-10T10:29:48.217Z</time>
			</trkpt>
			<trkpt lat="37.21073" lon="-2.51114">
				<ele>1936.54</ele>
				<time>2026-09-10T10:29:51.225Z</time>
			</trkpt>
			<trkpt lat="37.21077" lon="-2.51096">
				<ele>1938.26</ele>
				<time>2026-09-10T10:29:52.078Z</time>
			</trkpt>
			<trkpt lat="37.21077" lon="-2.51079">
				<ele>1939.03</ele>
				<time>2026-09-10T10:29:52.853Z</time>
			</trkpt>
			<trkpt lat="37.21075" lon="-2.51038">
				<ele>1940.42</ele>
				<time>2026-09-10T10:29:54.726Z</time>
			</trkpt>
			<trkpt lat="37.2108" lon="-2.51027">
				<ele>1942.2</ele>
				<time>2026-09-10T10:29:55.304Z</time>
			</trkpt>
			<trkpt lat="37.21088" lon="-2.51022">
				<ele>1944.6</ele>
				<time>2026-09-10T10:29:55.816Z</time>
			</trkpt>
			<trkpt lat="37.21094" lon="-2.51023">
				<ele>1946.1</ele>
				<time>2026-09-10T10:29:56.162Z</time>
			</trkpt>
			<trkpt lat="37.211" lon="-2.51028">
				<ele>1947.3</ele>
				<time>2026-09-10T10:29:56.575Z</time>
			</trkpt>
			<trkpt lat="37.21105" lon="-2.5104">
				<ele>1948.08</ele>
				<time>2026-09-10T10:29:57.192Z</time>
			</trkpt>
			<trkpt lat="37.2114" lon="-2.51213">
				<ele>1954.82</ele>
				<time>2026-09-10T10:30:05.332Z</time>
			</trkpt>
			<trkpt lat="37.21211" lon="-2.51398">
				<ele>1962.61</ele>
				<time>2026-09-10T10:30:14.697Z</time>
			</trkpt>
			<trkpt lat="37.2126" lon="-2.51554">
				<ele>1972.4</ele>
				<time>2026-09-10T10:30:22.344Z</time>
			</trkpt>
			<trkpt lat="37.21296" lon="-2.51629">
				<ele>1973.46</ele>
				<time>2026-09-10T10:30:26.337Z</time>
			</trkpt>
			<trkpt lat="37.21313" lon="-2.51657">
				<ele>1974.67</ele>
				<time>2026-09-10T10:30:27.942Z</time>
			</trkpt>
			<trkpt lat="37.21323" lon="-2.51666">
				<ele>1974.66</ele>
				<time>2026-09-10T10:30:28.647Z</time>
			</trkpt>
			<trkpt lat="37.2138" lon="-2.51707">
				<ele>1970.46</ele>
				<time>2026-09-10T10:30:32.408Z</time>
			</trkpt>
			<trkpt lat="37.21408" lon="-2.51722">
				<ele>1969.82</ele>
				<time>2026-09-10T10:30:34.151Z</time>
			</trkpt>
			<trkpt lat="37.21423" lon="-2.51727">
				<ele>1969.69</ele>
				<time>2026-09-10T10:30:35.039Z</time>
			</trkpt>
			<trkpt lat="37.21487" lon="-2.51742">
				<ele>1970.58</ele>
				<time>2026-09-10T10:30:38.767Z</time>
			</trkpt>
			<trkpt lat="37.21504" lon="-2.51749">
				<ele>1970.96</ele>
				<time>2026-09-10T10:30:39.791Z</time>
			</trkpt>
			<trkpt lat="37.21516" lon="-2.51756">
				<ele>1970.66</ele>
				<time>2026-09-10T10:30:40.549Z</time>
			</trkpt>
			<trkpt lat="37.21536" lon="-2.51772">
				<ele>1969.98</ele>
				<time>2026-09-10T10:30:41.906Z</time>
			</trkpt>
			<trkpt lat="37.2158" lon="-2.51814">
				<ele>1965.67</ele>
				<time>2026-09-10T10:30:45.071Z</time>
			</trkpt>
			<trkpt lat="37.21668" lon="-2.51904">
				<ele>1962.59</ele>
				<time>2026-09-10T10:30:51.569Z</time>
			</trkpt>
			<trkpt lat="37.21689" lon="-2.51922">
				<ele>1961.47</ele>
				<time>2026-09-10T10:30:53.024Z</time>
			</trkpt>
			<trkpt lat="37.21699" lon="-2.51928">
				<ele>1961.14</ele>
				<time>2026-09-10T10:30:53.659Z</time>
			</trkpt>
			<trkpt lat="37.21709" lon="-2.51929">
				<ele>1959.59</ele>
				<time>2026-09-10T10:30:54.233Z</time>
			</trkpt>
			<trkpt lat="37.21718" lon="-2.51926">
				<ele>1957.22</ele>
				<time>2026-09-10T10:30:54.766Z</time>
			</trkpt>
			<trkpt lat="37.21771" lon="-2.51887">
				<ele>1950.31</ele>
				<time>2026-09-10T10:30:58.283Z</time>
			</trkpt>
			<trkpt lat="37.21779" lon="-2.51884">
				<ele>1949.81</ele>
				<time>2026-09-10T10:30:58.761Z</time>
			</trkpt>
			<trkpt lat="37.21791" lon="-2.51881">
				<ele>1949.18</ele>
				<time>2026-09-10T10:30:59.462Z</time>
			</trkpt>
			<trkpt lat="37.21805" lon="-2.51881">
				<ele>1949.12</ele>
				<time>2026-09-10T10:31:00.263Z</time>
			</trkpt>
			<trkpt lat="37.21816" lon="-2.51884">
				<ele>1948.79</ele>
				<time>2026-09-10T10:31:00.908Z</time>
			</trkpt>
			<trkpt lat="37.21828" lon="-2.5189">
				<ele>1949.46</ele>
				<time>2026-09-10T10:31:01.647Z</time>
			</trkpt>
			<trkpt lat="37.21891" lon="-2.51948">
				<ele>1944.63</ele>
				<time>2026-09-10T10:31:06.120Z</time>
			</trkpt>
			<trkpt lat="37.21903" lon="-2.51962">
				<ele>1943.75</ele>
				<time>2026-09-10T10:31:07.057Z</time>
			</trkpt>
			<trkpt lat="37.21961" lon="-2.52048">
				<ele>1943.64</ele>
				<time>2026-09-10T10:31:12.195Z</time>
			</trkpt>
			<trkpt lat="37.21969" lon="-2.52055">
				<ele>1944.03</ele>
				<time>2026-09-10T10:31:12.754Z</time>
			</trkpt>
			<trkpt lat="37.21979" lon="-2.52057">
				<ele>1944.1</ele>
				<time>2026-09-10T10:31:13.333Z</time>
			</trkpt>
			<trkpt lat="37.21994" lon="-2.52047">
				<ele>1942.62</ele>
				<time>2026-09-10T10:31:14.306Z</time>
			</trkpt>
			<trkpt lat="37.22003" lon="-2.52035">
				<ele>1941.58</ele>
				<time>2026-09-10T10:31:15.057Z</time>
			</trkpt>
			<trkpt lat="37.22008" lon="-2.52021">
				<ele>1940.73</ele>
				<time>2026-09-10T10:31:15.757Z</time>
			</trkpt>
			<trkpt lat="37.22011" lon="-2.51986">
				<ele>1937.73</ele>
				<time>2026-09-10T10:31:17.362Z</time>
			</trkpt>
			<trkpt lat="37.22013" lon="-2.51973">
				<ele>1937.05</ele>
				<time>2026-09-10T10:31:17.965Z</time>
			</trkpt>
			<trkpt lat="37.22018" lon="-2.51965">
				<ele>1936.83</ele>
				<time>2026-09-10T10:31:18.429Z</time>
			</trkpt>
			<trkpt lat="37.22023" lon="-2.51959">
				<ele>1937.15</ele>
				<time>2026-09-10T10:31:18.825Z</time>
			</trkpt>
			<trkpt lat="37.22032" lon="-2.51956">
				<ele>1937.92</ele>
				<time>2026-09-10T10:31:19.358Z</time>
			</trkpt>
			<trkpt lat="37.22108" lon="-2.51962">
				<ele>1937.65</ele>
				<time>2026-09-10T10:31:23.718Z</time>
			</trkpt>
			<trkpt lat="37.22119" lon="-2.51955">
				<ele>1937.23</ele>
				<time>2026-09-10T10:31:24.424Z</time>
			</trkpt>
			<trkpt lat="37.22151" lon="-2.51917">
				<ele>1937.6</ele>
				<time>2026-09-10T10:31:26.945Z</time>
			</trkpt>
			<trkpt lat="37.22158" lon="-2.51903">
				<ele>1939.05</ele>
				<time>2026-09-10T10:31:27.699Z</time>
			</trkpt>
			<trkpt lat="37.22158" lon="-2.51886">
				<ele>1938.76</ele>
				<time>2026-09-10T10:31:28.474Z</time>
			</trkpt>
			<trkpt lat="37.22145" lon="-2.51782">
				<ele>1938.3</ele>
				<time>2026-09-10T10:31:33.273Z</time>
			</trkpt>
			<trkpt lat="37.22145" lon="-2.51761">
				<ele>1939.19</ele>
				<time>2026-09-10T10:31:34.231Z</time>
			</trkpt>
			<trkpt lat="37.22148" lon="-2.51741">
				<ele>1939.52</ele>
				<time>2026-09-10T10:31:35.159Z</time>
			</trkpt>
			<trkpt lat="37.22158" lon="-2.51718">
				<ele>1939.41</ele>
				<time>2026-09-10T10:31:36.353Z</time>
			</trkpt>
			<trkpt lat="37.22188" lon="-2.51666">
				<ele>1940.51</ele>
				<time>2026-09-10T10:31:39.281Z</time>
			</trkpt>
			<trkpt lat="37.22228" lon="-2.51601">
				<ele>1942.26</ele>
				<time>2026-09-10T10:31:43.026Z</time>
			</trkpt>
			<trkpt lat="37.22238" lon="-2.51587">
				<ele>1941.84</ele>
				<time>2026-09-10T10:31:43.883Z</time>
			</trkpt>
			<trkpt lat="37.22253" lon="-2.51578">
				<ele>1942.5</ele>
				<time>2026-09-10T10:31:44.835Z</time>
			</trkpt>
			<trkpt lat="37.22267" lon="-2.51576">
				<ele>1942.98</ele>
				<time>2026-09-10T10:31:45.642Z</time>
			</trkpt>
			<trkpt lat="37.22342" lon="-2.51595">
				<ele>1946.01</ele>
				<time>2026-09-10T10:31:50.022Z</time>
			</trkpt>
			<trkpt lat="37.2235" lon="-2.51595">
				<ele>1945.85</ele>
				<time>2026-09-10T10:31:50.480Z</time>
			</trkpt>
			<trkpt lat="37.22394" lon="-2.51584">
				<ele>1946.84</ele>
				<time>2026-09-10T10:31:53.049Z</time>
			</trkpt>
			<trkpt lat="37.22444" lon="-2.51564">
				<ele>1949.85</ele>
				<time>2026-09-10T10:31:56.054Z</time>
			</trkpt>
			<trkpt lat="37.22464" lon="-2.51558">
				<ele>1948.6</ele>
				<time>2026-09-10T10:31:57.231Z</time>
			</trkpt>
			<trkpt lat="37.22565" lon="-2.51553">
				<ele>1945.92</ele>
				<time>2026-09-10T10:32:03.018Z</time>
			</trkpt>
			<trkpt lat="37.22583" lon="-2.51551">
				<ele>1946.13</ele>
				<time>2026-09-10T10:32:04.053Z</time>
			</trkpt>
			<trkpt lat="37.22596" lon="-2.51547">
				<ele>1946.4</ele>
				<time>2026-09-10T10:32:04.819Z</time>
			</trkpt>
			<trkpt lat="37.22602" lon="-2.51543">
				<ele>1946.32</ele>
				<time>2026-09-10T10:32:05.208Z</time>
			</trkpt>
			<trkpt lat="37.2262" lon="-2.5152">
				<ele>1945.41</ele>
				<time>2026-09-10T10:32:06.678Z</time>
			</trkpt>
			<trkpt lat="37.22736" lon="-2.51332">
				<ele>1940.87</ele>
				<time>2026-09-10T10:32:17.522Z</time>
			</trkpt>
			<trkpt lat="37.22757" lon="-2.51305">
				<ele>1940.16</ele>
				<time>2026-09-10T10:32:19.243Z</time>
			</trkpt>
			<trkpt lat="37.22772" lon="-2.51294">
				<ele>1939.12</ele>
				<time>2026-09-10T10:32:20.237Z</time>
			</trkpt>
			<trkpt lat="37.22789" lon="-2.51285">
				<ele>1938.41</ele>
				<time>2026-09-10T10:32:21.294Z</time>
			</trkpt>
			<trkpt lat="37.22842" lon="-2.51263">
				<ele>1936.43</ele>
				<time>2026-09-10T10:32:24.490Z</time>
			</trkpt>
			<trkpt lat="37.22886" lon="-2.51253">
				<ele>1934.42</ele>
				<time>2026-09-10T10:32:27.050Z</time>
			</trkpt>
			<trkpt lat="37.22918" lon="-2.51249">
				<ele>1934.58</ele>
				<time>2026-09-10T10:32:28.892Z</time>
			</trkpt>
			<trkpt lat="37.22938" lon="-2.51248">
				<ele>1933.15</ele>
				<time>2026-09-10T10:32:30.038Z</time>
			</trkpt>
			<trkpt lat="37.22957" lon="-2.51251">
				<ele>1931.58</ele>
				<time>2026-09-10T10:32:31.135Z</time>
			</trkpt>
			<trkpt lat="37.22975" lon="-2.51257">
				<ele>1930.06</ele>
				<time>2026-09-10T10:32:32.201Z</time>
			</trkpt>
			<trkpt lat="37.22984" lon="-2.51262">
				<ele>1929.53</ele>
				<time>2026-09-10T10:32:32.765Z</time>
			</trkpt>
			<trkpt lat="37.2319" lon="-2.51448">
				<ele>1909.85</ele>
				<time>2026-09-10T10:32:47.293Z</time>
			</trkpt>
			<trkpt lat="37.23243" lon="-2.51507">
				<ele>1907.56</ele>
				<time>2026-09-10T10:32:51.349Z</time>
			</trkpt>
			<trkpt lat="37.23253" lon="-2.51511">
				<ele>1906.66</ele>
				<time>2026-09-10T10:32:51.950Z</time>
			</trkpt>
			<trkpt lat="37.23298" lon="-2.51514">
				<ele>1903</ele>
				<time>2026-09-10T10:32:54.531Z</time>
			</trkpt>
			<trkpt lat="37.23316" lon="-2.5152">
				<ele>1901.9</ele>
				<time>2026-09-10T10:32:55.598Z</time>
			</trkpt>
			<trkpt lat="37.2333" lon="-2.5153">
				<ele>1901.8</ele>
				<time>2026-09-10T10:32:56.520Z</time>
			</trkpt>
			<trkpt lat="37.2336" lon="-2.51568">
				<ele>1900.27</ele>
				<time>2026-09-10T10:32:58.960Z</time>
			</trkpt>
			<trkpt lat="37.2337" lon="-2.51573">
				<ele>1900.18</ele>
				<time>2026-09-10T10:32:59.577Z</time>
			</trkpt>
			<trkpt lat="37.23386" lon="-2.51573">
				<ele>1898.54</ele>
				<time>2026-09-10T10:33:00.493Z</time>
			</trkpt>
			<trkpt lat="37.23437" lon="-2.51547">
				<ele>1893.38</ele>
				<time>2026-09-10T10:33:03.645Z</time>
			</trkpt>
			<trkpt lat="37.23464" lon="-2.51543">
				<ele>1895.36</ele>
				<time>2026-09-10T10:33:05.203Z</time>
			</trkpt>
			<trkpt lat="37.23484" lon="-2.51542">
				<ele>1896.5</ele>
				<time>2026-09-10T10:33:06.349Z</time>
			</trkpt>
			<trkpt lat="37.23524" lon="-2.51543">
				<ele>1895.83</ele>
				<time>2026-09-10T10:33:08.640Z</time>
			</trkpt>
			<trkpt lat="37.23537" lon="-2.51545">
				<ele>1895.31</ele>
				<time>2026-09-10T10:33:09.391Z</time>
			</trkpt>
			<trkpt lat="37.23672" lon="-2.51594">
				<ele>1890.73</ele>
				<time>2026-09-10T10:33:17.440Z</time>
			</trkpt>
			<trkpt lat="37.23693" lon="-2.51592">
				<ele>1890.22</ele>
				<time>2026-09-10T10:33:18.646Z</time>
			</trkpt>
			<trkpt lat="37.23784" lon="-2.51551">
				<ele>1886.22</ele>
				<time>2026-09-10T10:33:24.184Z</time>
			</trkpt>
			<trkpt lat="37.23796" lon="-2.51548">
				<ele>1885.48</ele>
				<time>2026-09-10T10:33:24.885Z</time>
			</trkpt>
			<trkpt lat="37.2382" lon="-2.5155">
				<ele>1884.65</ele>
				<time>2026-09-10T10:33:26.262Z</time>
			</trkpt>
			<trkpt lat="37.23881" lon="-2.5157">
				<ele>1881.47</ele>
				<time>2026-09-10T10:33:29.874Z</time>
			</trkpt>
			<trkpt lat="37.23894" lon="-2.51572">
				<ele>1880.61</ele>
				<time>2026-09-10T10:33:30.624Z</time>
			</trkpt>
			<trkpt lat="37.23915" lon="-2.5157">
				<ele>1880.01</ele>
				<time>2026-09-10T10:33:31.831Z</time>
			</trkpt>
			<trkpt lat="37.23975" lon="-2.51551">
				<ele>1878.59</ele>
				<time>2026-09-10T10:33:35.375Z</time>
			</trkpt>
			<trkpt lat="37.24031" lon="-2.51545">
				<ele>1880.07</ele>
				<time>2026-09-10T10:33:38.595Z</time>
			</trkpt>
			<trkpt lat="37.24049" lon="-2.51541">
				<ele>1879.11</ele>
				<time>2026-09-10T10:33:39.643Z</time>
			</trkpt>
			<trkpt lat="37.2407" lon="-2.51532">
				<ele>1877.74</ele>
				<time>2026-09-10T10:33:40.914Z</time>
			</trkpt>
			<trkpt lat="37.24169" lon="-2.51478">
				<ele>1874.27</ele>
				<time>2026-09-10T10:33:47.098Z</time>
			</trkpt>
			<trkpt lat="37.24204" lon="-2.51462">
				<ele>1871.86</ele>
				<time>2026-09-10T10:33:49.232Z</time>
			</trkpt>
			<trkpt lat="37.24215" lon="-2.51462">
				<ele>1871.45</ele>
				<time>2026-09-10T10:33:49.862Z</time>
			</trkpt>
			<trkpt lat="37.24228" lon="-2.51465">
				<ele>1870.91</ele>
				<time>2026-09-10T10:33:50.619Z</time>
			</trkpt>
			<trkpt lat="37.24296" lon="-2.51494">
				<ele>1866.4</ele>
				<time>2026-09-10T10:33:54.734Z</time>
			</trkpt>
			<trkpt lat="37.2431" lon="-2.51497">
				<ele>1865.89</ele>
				<time>2026-09-10T10:33:55.548Z</time>
			</trkpt>
			<trkpt lat="37.2432" lon="-2.51495">
				<ele>1865.9</ele>
				<time>2026-09-10T10:33:56.128Z</time>
			</trkpt>
			<trkpt lat="37.24333" lon="-2.51486">
				<ele>1866.05</ele>
				<time>2026-09-10T10:33:56.978Z</time>
			</trkpt>
			<trkpt lat="37.24387" lon="-2.51413">
				<ele>1872.52</ele>
				<time>2026-09-10T10:34:01.524Z</time>
			</trkpt>
			<trkpt lat="37.24395" lon="-2.51406">
				<ele>1872.8</ele>
				<time>2026-09-10T10:34:02.083Z</time>
			</trkpt>
			<trkpt lat="37.24477" lon="-2.51357">
				<ele>1872.12</ele>
				<time>2026-09-10T10:34:07.286Z</time>
			</trkpt>
			<trkpt lat="37.24481" lon="-2.51353">
				<ele>1872.37</ele>
				<time>2026-09-10T10:34:07.579Z</time>
			</trkpt>
			<trkpt lat="37.24487" lon="-2.51342">
				<ele>1872.21</ele>
				<time>2026-09-10T10:34:08.188Z</time>
			</trkpt>
			<trkpt lat="37.24505" lon="-2.51223">
				<ele>1877.38</ele>
				<time>2026-09-10T10:34:13.714Z</time>
			</trkpt>
			<trkpt lat="37.24541" lon="-2.51094">
				<ele>1878.11</ele>
				<time>2026-09-10T10:34:19.951Z</time>
			</trkpt>
			<trkpt lat="37.24548" lon="-2.5108">
				<ele>1878.21</ele>
				<time>2026-09-10T10:34:20.705Z</time>
			</trkpt>
			<trkpt lat="37.24558" lon="-2.51072">
				<ele>1879.58</ele>
				<time>2026-09-10T10:34:21.384Z</time>
			</trkpt>
			<trkpt lat="37.24569" lon="-2.51068">
				<ele>1880.8</ele>
				<time>2026-09-10T10:34:22.041Z</time>
			</trkpt>
			<trkpt lat="37.246" lon="-2.5107">
				<ele>1884.53</ele>
				<time>2026-09-10T10:34:23.820Z</time>
			</trkpt>
			<trkpt lat="37.24608" lon="-2.51069">
				<ele>1885.19</ele>
				<time>2026-09-10T10:34:24.281Z</time>
			</trkpt>
			<trkpt lat="37.24615" lon="-2.51067">
				<ele>1885.37</ele>
				<time>2026-09-10T10:34:24.692Z</time>
			</trkpt>
			<trkpt lat="37.24657" lon="-2.51036">
				<ele>1887.37</ele>
				<time>2026-09-10T10:34:27.485Z</time>
			</trkpt>
			<trkpt lat="37.24666" lon="-2.51028">
				<ele>1888.05</ele>
				<time>2026-09-10T10:34:28.117Z</time>
			</trkpt>
			<trkpt lat="37.24674" lon="-2.51019">
				<ele>1889</ele>
				<time>2026-09-10T10:34:28.732Z</time>
			</trkpt>
			<trkpt lat="37.24678" lon="-2.51008">
				<ele>1889.13</ele>
				<time>2026-09-10T10:34:29.284Z</time>
			</trkpt>
			<trkpt lat="37.24685" lon="-2.50978">
				<ele>1887.87</ele>
				<time>2026-09-10T10:34:30.710Z</time>
			</trkpt>
			<trkpt lat="37.24689" lon="-2.50969">
				<ele>1887.33</ele>
				<time>2026-09-10T10:34:31.181Z</time>
			</trkpt>
			<trkpt lat="37.24698" lon="-2.50956">
				<ele>1886.79</ele>
				<time>2026-09-10T10:34:31.967Z</time>
			</trkpt>
			<trkpt lat="37.24715" lon="-2.50946">
				<ele>1887.96</ele>
				<time>2026-09-10T10:34:33.043Z</time>
			</trkpt>
			<trkpt lat="37.24794" lon="-2.5094">
				<ele>1888.64</ele>
				<time>2026-09-10T10:34:37.580Z</time>
			</trkpt>
			<trkpt lat="37.2481" lon="-2.50942">
				<ele>1888.59</ele>
				<time>2026-09-10T10:34:38.502Z</time>
			</trkpt>
			<trkpt lat="37.24827" lon="-2.50951">
				<ele>1889.07</ele>
				<time>2026-09-10T10:34:39.559Z</time>
			</trkpt>
			<trkpt lat="37.24843" lon="-2.50969">
				<ele>1890.35</ele>
				<time>2026-09-10T10:34:40.791Z</time>
			</trkpt>
			<trkpt lat="37.24942" lon="-2.51103">
				<ele>1888.27</ele>
				<time>2026-09-10T10:34:49.134Z</time>
			</trkpt>
			<trkpt lat="37.24953" lon="-2.51127">
				<ele>1889.4</ele>
				<time>2026-09-10T10:34:50.398Z</time>
			</trkpt>
			<trkpt lat="37.24956" lon="-2.5114">
				<ele>1891.06</ele>
				<time>2026-09-10T10:34:51.016Z</time>
			</trkpt>
			<trkpt lat="37.24964" lon="-2.51205">
				<ele>1895.45</ele>
				<time>2026-09-10T10:34:54.018Z</time>
			</trkpt>
			<trkpt lat="37.24969" lon="-2.51224">
				<ele>1895.15</ele>
				<time>2026-09-10T10:34:54.932Z</time>
			</trkpt>
			<trkpt lat="37.24973" lon="-2.51234">
				<ele>1894.62</ele>
				<time>2026-09-10T10:34:55.442Z</time>
			</trkpt>
			<trkpt lat="37.2498" lon="-2.51243">
				<ele>1894.43</ele>
				<time>2026-09-10T10:34:56.017Z</time>
			</trkpt>
			<trkpt lat="37.24987" lon="-2.51248">
				<ele>1894.04</ele>
				<time>2026-09-10T10:34:56.479Z</time>
			</trkpt>
			<trkpt lat="37.24996" lon="-2.5125">
				<ele>1893.34</ele>
				<time>2026-09-10T10:34:57.003Z</time>
			</trkpt>
			<trkpt lat="37.25011" lon="-2.51247">
				<ele>1893.55</ele>
				<time>2026-09-10T10:34:57.874Z</time>
			</trkpt>
			<trkpt lat="37.25029" lon="-2.51237">
				<ele>1892.16</ele>
				<time>2026-09-10T10:34:59.002Z</time>
			</trkpt>
			<trkpt lat="37.25083" lon="-2.51193">
				<ele>1886.57</ele>
				<time>2026-09-10T10:35:02.693Z</time>
			</trkpt>
			<trkpt lat="37.25191" lon="-2.51112">
				<ele>1876.4</ele>
				<time>2026-09-10T10:35:09.907Z</time>
			</trkpt>
			<trkpt lat="37.25297" lon="-2.51027">
				<ele>1869.65</ele>
				<time>2026-09-10T10:35:17.120Z</time>
			</trkpt>
			<trkpt lat="37.25317" lon="-2.51015">
				<ele>1869.36</ele>
				<time>2026-09-10T10:35:18.391Z</time>
			</trkpt>
			<trkpt lat="37.25426" lon="-2.50968">
				<ele>1862.89</ele>
				<time>2026-09-10T10:35:25.002Z</time>
			</trkpt>
			<trkpt lat="37.25464" lon="-2.50955">
				<ele>1861.4</ele>
				<time>2026-09-10T10:35:27.261Z</time>
			</trkpt>
			<trkpt lat="37.25493" lon="-2.50953">
				<ele>1858.24</ele>
				<time>2026-09-10T10:35:28.927Z</time>
			</trkpt>
			<trkpt lat="37.25611" lon="-2.50972">
				<ele>1849.81</ele>
				<time>2026-09-10T10:35:35.753Z</time>
			</trkpt>
			<trkpt lat="37.25624" lon="-2.50977">
				<ele>1848.71</ele>
				<time>2026-09-10T10:35:36.533Z</time>
			</trkpt>
			<trkpt lat="37.25756" lon="-2.51045">
				<ele>1847.71</ele>
				<time>2026-09-10T10:35:44.720Z</time>
			</trkpt>
			<trkpt lat="37.2577" lon="-2.51049">
				<ele>1847.79</ele>
				<time>2026-09-10T10:35:45.543Z</time>
			</trkpt>
			<trkpt lat="37.2579" lon="-2.51048">
				<ele>1845.89</ele>
				<time>2026-09-10T10:35:46.692Z</time>
			</trkpt>
			<trkpt lat="37.25833" lon="-2.5102">
				<ele>1837.76</ele>
				<time>2026-09-10T10:35:49.472Z</time>
			</trkpt>
			<trkpt lat="37.25845" lon="-2.51017">
				<ele>1837.14</ele>
				<time>2026-09-10T10:35:50.174Z</time>
			</trkpt>
			<trkpt lat="37.25857" lon="-2.51019">
				<ele>1837.08</ele>
				<time>2026-09-10T10:35:50.869Z</time>
			</trkpt>
			<trkpt lat="37.25866" lon="-2.51023">
				<ele>1836.81</ele>
				<time>2026-09-10T10:35:51.416Z</time>
			</trkpt>
			<trkpt lat="37.25875" lon="-2.51031">
				<ele>1836.65</ele>
				<time>2026-09-10T10:35:52.049Z</time>
			</trkpt>
			<trkpt lat="37.25918" lon="-2.51082">
				<ele>1833.33</ele>
				<time>2026-09-10T10:35:55.443Z</time>
			</trkpt>
			<trkpt lat="37.25931" lon="-2.51091">
				<ele>1832.71</ele>
				<time>2026-09-10T10:35:56.295Z</time>
			</trkpt>
			<trkpt lat="37.25937" lon="-2.51094">
				<ele>1831.96</ele>
				<time>2026-09-10T10:35:56.666Z</time>
			</trkpt>
			<trkpt lat="37.25958" lon="-2.51093">
				<ele>1829.16</ele>
				<time>2026-09-10T10:35:57.872Z</time>
			</trkpt>
			<trkpt lat="37.25985" lon="-2.51087">
				<ele>1825.6</ele>
				<time>2026-09-10T10:35:59.446Z</time>
			</trkpt>
			<trkpt lat="37.26005" lon="-2.5108">
				<ele>1822.92</ele>
				<time>2026-09-10T10:36:00.638Z</time>
			</trkpt>
			<trkpt lat="37.26018" lon="-2.51073">
				<ele>1820.63</ele>
				<time>2026-09-10T10:36:01.449Z</time>
			</trkpt>
			<trkpt lat="37.26037" lon="-2.51054">
				<ele>1817.1</ele>
				<time>2026-09-10T10:36:02.843Z</time>
			</trkpt>
			<trkpt lat="37.26084" lon="-2.50977">
				<ele>1815.36</ele>
				<time>2026-09-10T10:36:07.277Z</time>
			</trkpt>
			<trkpt lat="37.26118" lon="-2.50917">
				<ele>1817.35</ele>
				<time>2026-09-10T10:36:10.642Z</time>
			</trkpt>
			<trkpt lat="37.26132" lon="-2.509">
				<ele>1817.35</ele>
				<time>2026-09-10T10:36:11.760Z</time>
			</trkpt>
			<trkpt lat="37.26308" lon="-2.50713">
				<ele>1814.1</ele>
				<time>2026-09-10T10:36:24.995Z</time>
			</trkpt>
			<trkpt lat="37.26327" lon="-2.507">
				<ele>1812.53</ele>
				<time>2026-09-10T10:36:26.238Z</time>
			</trkpt>
			<trkpt lat="37.26338" lon="-2.50696">
				<ele>1811.06</ele>
				<time>2026-09-10T10:36:26.895Z</time>
			</trkpt>
			<trkpt lat="37.26378" lon="-2.50696">
				<ele>1805.93</ele>
				<time>2026-09-10T10:36:29.193Z</time>
			</trkpt>
			<trkpt lat="37.26391" lon="-2.50695">
				<ele>1804.66</ele>
				<time>2026-09-10T10:36:29.941Z</time>
			</trkpt>
			<trkpt lat="37.26517" lon="-2.50656">
				<ele>1794.73</ele>
				<time>2026-09-10T10:36:37.394Z</time>
			</trkpt>
			<trkpt lat="37.26525" lon="-2.50651">
				<ele>1793.19</ele>
				<time>2026-09-10T10:36:37.908Z</time>
			</trkpt>
			<trkpt lat="37.26536" lon="-2.50642">
				<ele>1792.16</ele>
				<time>2026-09-10T10:36:38.662Z</time>
			</trkpt>
			<trkpt lat="37.26546" lon="-2.50629">
				<ele>1791.57</ele>
				<time>2026-09-10T10:36:39.488Z</time>
			</trkpt>
			<trkpt lat="37.26581" lon="-2.50571">
				<ele>1786.76</ele>
				<time>2026-09-10T10:36:42.816Z</time>
			</trkpt>
			<trkpt lat="37.26595" lon="-2.50555">
				<ele>1785</ele>
				<time>2026-09-10T10:36:43.903Z</time>
			</trkpt>
			<trkpt lat="37.26617" lon="-2.50537">
				<ele>1781.92</ele>
				<time>2026-09-10T10:36:45.412Z</time>
			</trkpt>
			<trkpt lat="37.26692" lon="-2.50491">
				<ele>1775.63</ele>
				<time>2026-09-10T10:36:50.207Z</time>
			</trkpt>
			<trkpt lat="37.2671" lon="-2.50477">
				<ele>1773.28</ele>
				<time>2026-09-10T10:36:51.423Z</time>
			</trkpt>
			<trkpt lat="37.2672" lon="-2.50465">
				<ele>1771.92</ele>
				<time>2026-09-10T10:36:52.218Z</time>
			</trkpt>
			<trkpt lat="37.26744" lon="-2.5041">
				<ele>1768.31</ele>
				<time>2026-09-10T10:36:55.086Z</time>
			</trkpt>
			<trkpt lat="37.26758" lon="-2.50381">
				<ele>1766.43</ele>
				<time>2026-09-10T10:36:56.637Z</time>
			</trkpt>
			<trkpt lat="37.26771" lon="-2.50353">
				<ele>1765.26</ele>
				<time>2026-09-10T10:36:58.120Z</time>
			</trkpt>
			<trkpt lat="37.26782" lon="-2.50321">
				<ele>1762.96</ele>
				<time>2026-09-10T10:36:59.714Z</time>
			</trkpt>
			<trkpt lat="37.26793" lon="-2.50225">
				<ele>1756.99</ele>
				<time>2026-09-10T10:37:04.150Z</time>
			</trkpt>
			<trkpt lat="37.26798" lon="-2.50203">
				<ele>1753.93</ele>
				<time>2026-09-10T10:37:05.197Z</time>
			</trkpt>
			<trkpt lat="37.26811" lon="-2.50161">
				<ele>1749.8</ele>
				<time>2026-09-10T10:37:07.258Z</time>
			</trkpt>
			<trkpt lat="37.26812" lon="-2.5015">
				<ele>1749.59</ele>
				<time>2026-09-10T10:37:07.764Z</time>
			</trkpt>
			<trkpt lat="37.26811" lon="-2.50139">
				<ele>1749.68</ele>
				<time>2026-09-10T10:37:08.271Z</time>
			</trkpt>
			<trkpt lat="37.26801" lon="-2.50081">
				<ele>1747.36</ele>
				<time>2026-09-10T10:37:10.986Z</time>
			</trkpt>
			<trkpt lat="37.268" lon="-2.5006">
				<ele>1746.79</ele>
				<time>2026-09-10T10:37:11.948Z</time>
			</trkpt>
			<trkpt lat="37.26803" lon="-2.50031">
				<ele>1745.08</ele>
				<time>2026-09-10T10:37:13.286Z</time>
			</trkpt>
			<trkpt lat="37.26809" lon="-2.4999">
				<ele>1743.32</ele>
				<time>2026-09-10T10:37:15.193Z</time>
			</trkpt>
			<trkpt lat="37.26826" lon="-2.49941">
				<ele>1738.61</ele>
				<time>2026-09-10T10:37:17.639Z</time>
			</trkpt>
			<trkpt lat="37.26828" lon="-2.49928">
				<ele>1737.53</ele>
				<time>2026-09-10T10:37:18.245Z</time>
			</trkpt>
			<trkpt lat="37.26826" lon="-2.49911">
				<ele>1736.75</ele>
				<time>2026-09-10T10:37:19.031Z</time>
			</trkpt>
			<trkpt lat="37.26821" lon="-2.49895">
				<ele>1735.8</ele>
				<time>2026-09-10T10:37:19.817Z</time>
			</trkpt>
			<trkpt lat="37.26761" lon="-2.49744">
				<ele>1727.51</ele>
				<time>2026-09-10T10:37:27.541Z</time>
			</trkpt>
			<trkpt lat="37.26748" lon="-2.49708">
				<ele>1721.78</ele>
				<time>2026-09-10T10:37:29.350Z</time>
			</trkpt>
			<trkpt lat="37.26746" lon="-2.49701">
				<ele>1719.99</ele>
				<time>2026-09-10T10:37:29.690Z</time>
			</trkpt>
			<trkpt lat="37.26747" lon="-2.49681">
				<ele>1715.12</ele>
				<time>2026-09-10T10:37:30.607Z</time>
			</trkpt>
			<trkpt lat="37.26754" lon="-2.4964">
				<ele>1709.34</ele>
				<time>2026-09-10T10:37:32.527Z</time>
			</trkpt>
			<trkpt lat="37.26764" lon="-2.49592">
				<ele>1707.1</ele>
				<time>2026-09-10T10:37:34.798Z</time>
			</trkpt>
			<trkpt lat="37.26767" lon="-2.49584">
				<ele>1706.86</ele>
				<time>2026-09-10T10:37:35.203Z</time>
			</trkpt>
			<trkpt lat="37.26771" lon="-2.49576">
				<ele>1706.67</ele>
				<time>2026-09-10T10:37:35.635Z</time>
			</trkpt>
			<trkpt lat="37.26778" lon="-2.4957">
				<ele>1706.99</ele>
				<time>2026-09-10T10:37:36.122Z</time>
			</trkpt>
			<trkpt lat="37.26789" lon="-2.49567">
				<ele>1707.02</ele>
				<time>2026-09-10T10:37:36.770Z</time>
			</trkpt>
			<trkpt lat="37.26798" lon="-2.49569">
				<ele>1707.34</ele>
				<time>2026-09-10T10:37:37.296Z</time>
			</trkpt>
			<trkpt lat="37.26805" lon="-2.49576">
				<ele>1707.72</ele>
				<time>2026-09-10T10:37:37.810Z</time>
			</trkpt>
			<trkpt lat="37.26813" lon="-2.49588">
				<ele>1706.49</ele>
				<time>2026-09-10T10:37:38.527Z</time>
			</trkpt>
			<trkpt lat="37.26833" lon="-2.49631">
				<ele>1702.58</ele>
				<time>2026-09-10T10:37:40.807Z</time>
			</trkpt>
			<trkpt lat="37.26842" lon="-2.49644">
				<ele>1701.4</ele>
				<time>2026-09-10T10:37:41.596Z</time>
			</trkpt>
			<trkpt lat="37.26854" lon="-2.49657">
				<ele>1699.9</ele>
				<time>2026-09-10T10:37:42.507Z</time>
			</trkpt>
			<trkpt lat="37.26876" lon="-2.49669">
				<ele>1697.04</ele>
				<time>2026-09-10T10:37:43.887Z</time>
			</trkpt>
			<trkpt lat="37.26906" lon="-2.4969">
				<ele>1696.23</ele>
				<time>2026-09-10T10:37:45.862Z</time>
			</trkpt>
			<trkpt lat="37.26918" lon="-2.49704">
				<ele>1697</ele>
				<time>2026-09-10T10:37:46.804Z</time>
			</trkpt>
			<trkpt lat="37.26935" lon="-2.49729">
				<ele>1699.67</ele>
				<time>2026-09-10T10:37:48.310Z</time>
			</trkpt>
			<trkpt lat="37.2694" lon="-2.49739">
				<ele>1699.17</ele>
				<time>2026-09-10T10:37:48.851Z</time>
			</trkpt>
			<trkpt lat="37.2703" lon="-2.4987">
				<ele>1689.23</ele>
				<time>2026-09-10T10:37:56.776Z</time>
			</trkpt>
			<trkpt lat="37.27046" lon="-2.49896">
				<ele>1686.36</ele>
				<time>2026-09-10T10:37:58.281Z</time>
			</trkpt>
			<trkpt lat="37.27052" lon="-2.49908">
				<ele>1685.09</ele>
				<time>2026-09-10T10:37:58.930Z</time>
			</trkpt>
			<trkpt lat="37.27056" lon="-2.49921">
				<ele>1683.88</ele>
				<time>2026-09-10T10:37:59.568Z</time>
			</trkpt>
			<trkpt lat="37.27061" lon="-2.49947">
				<ele>1681.76</ele>
				<time>2026-09-10T10:38:00.793Z</time>
			</trkpt>
			<trkpt lat="37.27061" lon="-2.49976">
				<ele>1677.89</ele>
				<time>2026-09-10T10:38:02.121Z</time>
			</trkpt>
			<trkpt lat="37.27055" lon="-2.5008">
				<ele>1670.51</ele>
				<time>2026-09-10T10:38:06.897Z</time>
			</trkpt>
			<trkpt lat="37.27056" lon="-2.50098">
				<ele>1668.72</ele>
				<time>2026-09-10T10:38:07.723Z</time>
			</trkpt>
			<trkpt lat="37.2706" lon="-2.50115">
				<ele>1667.17</ele>
				<time>2026-09-10T10:38:08.535Z</time>
			</trkpt>
			<trkpt lat="37.27065" lon="-2.50132">
				<ele>1666.63</ele>
				<time>2026-09-10T10:38:09.365Z</time>
			</trkpt>
			<trkpt lat="37.27082" lon="-2.50162">
				<ele>1665.72</ele>
				<time>2026-09-10T10:38:11.052Z</time>
			</trkpt>
			<trkpt lat="37.27114" lon="-2.50203">
				<ele>1658.98</ele>
				<time>2026-09-10T10:38:13.682Z</time>
			</trkpt>
			<trkpt lat="37.27133" lon="-2.50232">
				<ele>1654.17</ele>
				<time>2026-09-10T10:38:15.402Z</time>
			</trkpt>
			<trkpt lat="37.27137" lon="-2.5024">
				<ele>1653.53</ele>
				<time>2026-09-10T10:38:15.835Z</time>
			</trkpt>
			<trkpt lat="37.27143" lon="-2.50263">
				<ele>1653.74</ele>
				<time>2026-09-10T10:38:16.944Z</time>
			</trkpt>
			<trkpt lat="37.27143" lon="-2.50297">
				<ele>1655.86</ele>
				<time>2026-09-10T10:38:18.501Z</time>
			</trkpt>
			<trkpt lat="37.27139" lon="-2.50313">
				<ele>1656.7</ele>
				<time>2026-09-10T10:38:19.269Z</time>
			</trkpt>
			<trkpt lat="37.27134" lon="-2.50328">
				<ele>1656.18</ele>
				<time>2026-09-10T10:38:20.014Z</time>
			</trkpt>
			<trkpt lat="37.27116" lon="-2.50354">
				<ele>1654.68</ele>
				<time>2026-09-10T10:38:21.593Z</time>
			</trkpt>
			<trkpt lat="37.27075" lon="-2.50404">
				<ele>1646.19</ele>
				<time>2026-09-10T10:38:24.881Z</time>
			</trkpt>
			<trkpt lat="37.27068" lon="-2.50419">
				<ele>1642.39</ele>
				<time>2026-09-10T10:38:25.678Z</time>
			</trkpt>
			<trkpt lat="37.27064" lon="-2.50433">
				<ele>1641.33</ele>
				<time>2026-09-10T10:38:26.359Z</time>
			</trkpt>
			<trkpt lat="37.27062" lon="-2.5045">
				<ele>1641.14</ele>
				<time>2026-09-10T10:38:27.146Z</time>
			</trkpt>
			<trkpt lat="37.27064" lon="-2.50463">
				<ele>1642.83</ele>
				<time>2026-09-10T10:38:27.753Z</time>
			</trkpt>
			<trkpt lat="37.27068" lon="-2.50477">
				<ele>1644.74</ele>
				<time>2026-09-10T10:38:28.434Z</time>
			</trkpt>
			<trkpt lat="37.27074" lon="-2.5049">
				<ele>1648.29</ele>
				<time>2026-09-10T10:38:29.122Z</time>
			</trkpt>
			<trkpt lat="37.27082" lon="-2.505">
				<ele>1650.07</ele>
				<time>2026-09-10T10:38:29.772Z</time>
			</trkpt>
			<trkpt lat="37.27097" lon="-2.50511">
				<ele>1651.17</ele>
				<time>2026-09-10T10:38:30.771Z</time>
			</trkpt>
			<trkpt lat="37.27113" lon="-2.50519">
				<ele>1651.57</ele>
				<time>2026-09-10T10:38:31.763Z</time>
			</trkpt>
			<trkpt lat="37.27436" lon="-2.50634">
				<ele>1626.9</ele>
				<time>2026-09-10T10:38:51.086Z</time>
			</trkpt>
			<trkpt lat="37.27451" lon="-2.50642">
				<ele>1626.47</ele>
				<time>2026-09-10T10:38:52.024Z</time>
			</trkpt>
			<trkpt lat="37.27468" lon="-2.5066">
				<ele>1626.08</ele>
				<time>2026-09-10T10:38:53.303Z</time>
			</trkpt>
			<trkpt lat="37.2749" lon="-2.50699">
				<ele>1625.05</ele>
				<time>2026-09-10T10:38:55.493Z</time>
			</trkpt>
			<trkpt lat="37.27508" lon="-2.50725">
				<ele>1624.45</ele>
				<time>2026-09-10T10:38:57.071Z</time>
			</trkpt>
			<trkpt lat="37.27518" lon="-2.50734">
				<ele>1623.45</ele>
				<time>2026-09-10T10:38:57.779Z</time>
			</trkpt>
			<trkpt lat="37.2753" lon="-2.5074">
				<ele>1621.91</ele>
				<time>2026-09-10T10:38:58.522Z</time>
			</trkpt>
			<trkpt lat="37.27556" lon="-2.50746">
				<ele>1620.17</ele>
				<time>2026-09-10T10:39:00.043Z</time>
			</trkpt>
			<trkpt lat="37.27655" lon="-2.50754">
				<ele>1609.7</ele>
				<time>2026-09-10T10:39:05.753Z</time>
			</trkpt>
			<trkpt lat="37.27669" lon="-2.50757">
				<ele>1609.49</ele>
				<time>2026-09-10T10:39:06.570Z</time>
			</trkpt>
			<trkpt lat="37.27681" lon="-2.50763">
				<ele>1610.41</ele>
				<time>2026-09-10T10:39:07.313Z</time>
			</trkpt>
			<trkpt lat="37.27697" lon="-2.50776">
				<ele>1611.77</ele>
				<time>2026-09-10T10:39:08.410Z</time>
			</trkpt>
			<trkpt lat="37.27709" lon="-2.50793">
				<ele>1612.72</ele>
				<time>2026-09-10T10:39:09.450Z</time>
			</trkpt>
			<trkpt lat="37.27719" lon="-2.50817">
				<ele>1613.28</ele>
				<time>2026-09-10T10:39:10.691Z</time>
			</trkpt>
			<trkpt lat="37.27737" lon="-2.50868">
				<ele>1607.22</ele>
				<time>2026-09-10T10:39:13.245Z</time>
			</trkpt>
			<trkpt lat="37.27749" lon="-2.50891">
				<ele>1603.41</ele>
				<time>2026-09-10T10:39:14.505Z</time>
			</trkpt>
			<trkpt lat="37.27761" lon="-2.50903">
				<ele>1603.15</ele>
				<time>2026-09-10T10:39:15.387Z</time>
			</trkpt>
			<trkpt lat="37.27773" lon="-2.50913">
				<ele>1602.74</ele>
				<time>2026-09-10T10:39:16.216Z</time>
			</trkpt>
			<trkpt lat="37.27786" lon="-2.50918">
				<ele>1602.86</ele>
				<time>2026-09-10T10:39:16.998Z</time>
			</trkpt>
			<trkpt lat="37.278" lon="-2.5092">
				<ele>1603.08</ele>
				<time>2026-09-10T10:39:17.809Z</time>
			</trkpt>
			<trkpt lat="37.27807" lon="-2.50919">
				<ele>1602.69</ele>
				<time>2026-09-10T10:39:18.214Z</time>
			</trkpt>
			<trkpt lat="37.27829" lon="-2.50912">
				<ele>1601.4</ele>
				<time>2026-09-10T10:39:19.520Z</time>
			</trkpt>
			<trkpt lat="37.27905" lon="-2.50859">
				<ele>1591.23</ele>
				<time>2026-09-10T10:39:24.520Z</time>
			</trkpt>
			<trkpt lat="37.2792" lon="-2.50851">
				<ele>1588.5</ele>
				<time>2026-09-10T10:39:25.458Z</time>
			</trkpt>
			<trkpt lat="37.2795" lon="-2.50838">
				<ele>1584.1</ele>
				<time>2026-09-10T10:39:27.283Z</time>
			</trkpt>
			<trkpt lat="37.27982" lon="-2.50829">
				<ele>1580.2</ele>
				<time>2026-09-10T10:39:29.170Z</time>
			</trkpt>
			<trkpt lat="37.27998" lon="-2.50826">
				<ele>1579.02</ele>
				<time>2026-09-10T10:39:30.100Z</time>
			</trkpt>
			<trkpt lat="37.28021" lon="-2.50825">
				<ele>1577.22</ele>
				<time>2026-09-10T10:39:31.424Z</time>
			</trkpt>
			<trkpt lat="37.28039" lon="-2.50829">
				<ele>1576.59</ele>
				<time>2026-09-10T10:39:32.476Z</time>
			</trkpt>
			<trkpt lat="37.28052" lon="-2.50837">
				<ele>1576.88</ele>
				<time>2026-09-10T10:39:33.308Z</time>
			</trkpt>
			<trkpt lat="37.28063" lon="-2.50847">
				<ele>1576.97</ele>
				<time>2026-09-10T10:39:34.089Z</time>
			</trkpt>
			<trkpt lat="37.28128" lon="-2.5093">
				<ele>1573.33</ele>
				<time>2026-09-10T10:39:39.419Z</time>
			</trkpt>
			<trkpt lat="37.28137" lon="-2.50943">
				<ele>1573.87</ele>
				<time>2026-09-10T10:39:40.208Z</time>
			</trkpt>
			<trkpt lat="37.28149" lon="-2.50972">
				<ele>1575.72</ele>
				<time>2026-09-10T10:39:41.703Z</time>
			</trkpt>
			<trkpt lat="37.28156" lon="-2.51011">
				<ele>1578.47</ele>
				<time>2026-09-10T10:39:43.533Z</time>
			</trkpt>
			<trkpt lat="37.28154" lon="-2.5103">
				<ele>1579.75</ele>
				<time>2026-09-10T10:39:44.410Z</time>
			</trkpt>
			<trkpt lat="37.28145" lon="-2.51069">
				<ele>1581.39</ele>
				<time>2026-09-10T10:39:46.268Z</time>
			</trkpt>
			<trkpt lat="37.28147" lon="-2.51075">
				<ele>1580.99</ele>
				<time>2026-09-10T10:39:46.565Z</time>
			</trkpt>
			<trkpt lat="37.28151" lon="-2.5108">
				<ele>1580.3</ele>
				<time>2026-09-10T10:39:46.890Z</time>
			</trkpt>
			<trkpt lat="37.28157" lon="-2.51083">
				<ele>1579.3</ele>
				<time>2026-09-10T10:39:47.261Z</time>
			</trkpt>
			<trkpt lat="37.28166" lon="-2.51074">
				<ele>1577.95</ele>
				<time>2026-09-10T10:39:47.922Z</time>
			</trkpt>
			<trkpt lat="37.28175" lon="-2.51051">
				<ele>1576.55</ele>
				<time>2026-09-10T10:39:49.095Z</time>
			</trkpt>
			<trkpt lat="37.28177" lon="-2.51028">
				<ele>1576.31</ele>
				<time>2026-09-10T10:39:50.153Z</time>
			</trkpt>
			<trkpt lat="37.28171" lon="-2.50968">
				<ele>1572.47</ele>
				<time>2026-09-10T10:39:52.920Z</time>
			</trkpt>
			<trkpt lat="37.28161" lon="-2.50914">
				<ele>1567.49</ele>
				<time>2026-09-10T10:39:55.456Z</time>
			</trkpt>
			<trkpt lat="37.28151" lon="-2.50892">
				<ele>1566.94</ele>
				<time>2026-09-10T10:39:56.614Z</time>
			</trkpt>
			<trkpt lat="37.28139" lon="-2.50872">
				<ele>1567.6</ele>
				<time>2026-09-10T10:39:57.760Z</time>
			</trkpt>
			<trkpt lat="37.28101" lon="-2.50834">
				<ele>1568.1</ele>
				<time>2026-09-10T10:40:00.548Z</time>
			</trkpt>
			<trkpt lat="37.28089" lon="-2.5082">
				<ele>1567.65</ele>
				<time>2026-09-10T10:40:01.488Z</time>
			</trkpt>
			<trkpt lat="37.28086" lon="-2.50802">
				<ele>1564.28</ele>
				<time>2026-09-10T10:40:02.327Z</time>
			</trkpt>
			<trkpt lat="37.28091" lon="-2.50788">
				<ele>1559.6</ele>
				<time>2026-09-10T10:40:03.027Z</time>
			</trkpt>
			<trkpt lat="37.28099" lon="-2.50778">
				<ele>1555.55</ele>
				<time>2026-09-10T10:40:03.674Z</time>
			</trkpt>
			<trkpt lat="37.28115" lon="-2.50776">
				<ele>1552.36</ele>
				<time>2026-09-10T10:40:04.595Z</time>
			</trkpt>
			<trkpt lat="37.28291" lon="-2.50885">
				<ele>1539.29</ele>
				<time>2026-09-10T10:40:15.813Z</time>
			</trkpt>
			<trkpt lat="37.2832" lon="-2.50912">
				<ele>1536.81</ele>
				<time>2026-09-10T10:40:17.872Z</time>
			</trkpt>
			<trkpt lat="37.28328" lon="-2.50927">
				<ele>1536.28</ele>
				<time>2026-09-10T10:40:18.691Z</time>
			</trkpt>
			<trkpt lat="37.28349" lon="-2.50982">
				<ele>1538.25</ele>
				<time>2026-09-10T10:40:21.456Z</time>
			</trkpt>
			<trkpt lat="37.28391" lon="-2.5102">
				<ele>1533.32</ele>
				<time>2026-09-10T10:40:24.401Z</time>
			</trkpt>
			<trkpt lat="37.28409" lon="-2.51044">
				<ele>1530.47</ele>
				<time>2026-09-10T10:40:25.893Z</time>
			</trkpt>
			<trkpt lat="37.28434" lon="-2.51084">
				<ele>1525.58</ele>
				<time>2026-09-10T10:40:28.193Z</time>
			</trkpt>
			<trkpt lat="37.28443" lon="-2.51094">
				<ele>1524.07</ele>
				<time>2026-09-10T10:40:28.876Z</time>
			</trkpt>
			<trkpt lat="37.28452" lon="-2.51101">
				<ele>1522.72</ele>
				<time>2026-09-10T10:40:29.477Z</time>
			</trkpt>
			<trkpt lat="37.28462" lon="-2.511">
				<ele>1520.97</ele>
				<time>2026-09-10T10:40:30.046Z</time>
			</trkpt>
			<trkpt lat="37.28472" lon="-2.51096">
				<ele>1518.79</ele>
				<time>2026-09-10T10:40:30.642Z</time>
			</trkpt>
			<trkpt lat="37.28482" lon="-2.51094">
				<ele>1516.72</ele>
				<time>2026-09-10T10:40:31.217Z</time>
			</trkpt>
			<trkpt lat="37.28489" lon="-2.51096">
				<ele>1515.36</ele>
				<time>2026-09-10T10:40:31.624Z</time>
			</trkpt>
			<trkpt lat="37.28501" lon="-2.51103">
				<ele>1513.75</ele>
				<time>2026-09-10T10:40:32.375Z</time>
			</trkpt>
			<trkpt lat="37.28513" lon="-2.51117">
				<ele>1512.74</ele>
				<time>2026-09-10T10:40:33.304Z</time>
			</trkpt>
			<trkpt lat="37.28522" lon="-2.51131">
				<ele>1511.26</ele>
				<time>2026-09-10T10:40:34.116Z</time>
			</trkpt>
			<trkpt lat="37.28527" lon="-2.51148">
				<ele>1509.58</ele>
				<time>2026-09-10T10:40:34.933Z</time>
			</trkpt>
			<trkpt lat="37.28538" lon="-2.51204">
				<ele>1493.89</ele>
				<time>2026-09-10T10:40:37.534Z</time>
			</trkpt>
			<trkpt lat="37.28537" lon="-2.51214">
				<ele>1491.85</ele>
				<time>2026-09-10T10:40:37.988Z</time>
			</trkpt>
			<trkpt lat="37.28533" lon="-2.51226">
				<ele>1491.93</ele>
				<time>2026-09-10T10:40:38.574Z</time>
			</trkpt>
			<trkpt lat="37.28525" lon="-2.51237">
				<ele>1493.79</ele>
				<time>2026-09-10T10:40:39.245Z</time>
			</trkpt>
			<trkpt lat="37.285" lon="-2.51261">
				<ele>1500.85</ele>
				<time>2026-09-10T10:40:41.026Z</time>
			</trkpt>
			<trkpt lat="37.28497" lon="-2.51273">
				<ele>1498.15</ele>
				<time>2026-09-10T10:40:41.592Z</time>
			</trkpt>
			<trkpt lat="37.28499" lon="-2.5128">
				<ele>1494.28</ele>
				<time>2026-09-10T10:40:41.927Z</time>
			</trkpt>
			<trkpt lat="37.28503" lon="-2.51282">
				<ele>1492.31</ele>
				<time>2026-09-10T10:40:42.170Z</time>
			</trkpt>
			<trkpt lat="37.28508" lon="-2.51281">
				<ele>1490.5</ele>
				<time>2026-09-10T10:40:42.457Z</time>
			</trkpt>
			<trkpt lat="37.28555" lon="-2.51246">
				<ele>1475.63</ele>
				<time>2026-09-10T10:40:45.545Z</time>
			</trkpt>
			<trkpt lat="37.28591" lon="-2.51213">
				<ele>1471.14</ele>
				<time>2026-09-10T10:40:48.062Z</time>
			</trkpt>
			<trkpt lat="37.28607" lon="-2.51206">
				<ele>1471.53</ele>
				<time>2026-09-10T10:40:49.019Z</time>
			</trkpt>
			<trkpt lat="37.28631" lon="-2.512">
				<ele>1473.23</ele>
				<time>2026-09-10T10:40:50.400Z</time>
			</trkpt>
			<trkpt lat="37.28644" lon="-2.51199">
				<ele>1474.58</ele>
				<time>2026-09-10T10:40:51.135Z</time>
			</trkpt>
			<trkpt lat="37.28685" lon="-2.51203">
				<ele>1476.71</ele>
				<time>2026-09-10T10:40:53.454Z</time>
			</trkpt>
			<trkpt lat="37.28704" lon="-2.51199">
				<ele>1474.56</ele>
				<time>2026-09-10T10:40:54.540Z</time>
			</trkpt>
			<trkpt lat="37.28721" lon="-2.51191">
				<ele>1472.79</ele>
				<time>2026-09-10T10:40:55.563Z</time>
			</trkpt>
			<trkpt lat="37.28758" lon="-2.51167">
				<ele>1478.9</ele>
				<time>2026-09-10T10:40:57.909Z</time>
			</trkpt>
			<trkpt lat="37.28767" lon="-2.51163">
				<ele>1479.85</ele>
				<time>2026-09-10T10:40:58.447Z</time>
			</trkpt>
			<trkpt lat="37.28777" lon="-2.51163">
				<ele>1479.22</ele>
				<time>2026-09-10T10:40:59.010Z</time>
			</trkpt>
			<trkpt lat="37.28835" lon="-2.51176">
				<ele>1473.27</ele>
				<time>2026-09-10T10:41:02.326Z</time>
			</trkpt>
			<trkpt lat="37.28895" lon="-2.51184">
				<ele>1470.63</ele>
				<time>2026-09-10T10:41:05.719Z</time>
			</trkpt>
			<trkpt lat="37.28922" lon="-2.51184">
				<ele>1469.8</ele>
				<time>2026-09-10T10:41:07.237Z</time>
			</trkpt>
			<trkpt lat="37.28938" lon="-2.51186">
				<ele>1467.45</ele>
				<time>2026-09-10T10:41:08.140Z</time>
			</trkpt>
			<trkpt lat="37.28971" lon="-2.51198">
				<ele>1461.15</ele>
				<time>2026-09-10T10:41:10.070Z</time>
			</trkpt>
			<trkpt lat="37.28985" lon="-2.51199">
				<ele>1462.77</ele>
				<time>2026-09-10T10:41:10.858Z</time>
			</trkpt>
			<trkpt lat="37.29013" lon="-2.51192">
				<ele>1468.36</ele>
				<time>2026-09-10T10:41:12.460Z</time>
			</trkpt>
			<trkpt lat="37.29026" lon="-2.51193">
				<ele>1468.38</ele>
				<time>2026-09-10T10:41:13.192Z</time>
			</trkpt>
			<trkpt lat="37.29051" lon="-2.51203">
				<ele>1462.18</ele>
				<time>2026-09-10T10:41:14.664Z</time>
			</trkpt>
			<trkpt lat="37.29067" lon="-2.51207">
				<ele>1460.15</ele>
				<time>2026-09-10T10:41:15.579Z</time>
			</trkpt>
			<trkpt lat="37.29085" lon="-2.51205">
				<ele>1460.7</ele>
				<time>2026-09-10T10:41:16.593Z</time>
			</trkpt>
			<trkpt lat="37.29125" lon="-2.51188">
				<ele>1464.23</ele>
				<time>2026-09-10T10:41:18.961Z</time>
			</trkpt>
			<trkpt lat="37.29137" lon="-2.51189">
				<ele>1463.43</ele>
				<time>2026-09-10T10:41:19.635Z</time>
			</trkpt>
			<trkpt lat="37.29179" lon="-2.51198">
				<ele>1461.17</ele>
				<time>2026-09-10T10:41:22.023Z</time>
			</trkpt>
			<trkpt lat="37.29248" lon="-2.51192">
				<ele>1461.75</ele>
				<time>2026-09-10T10:41:25.897Z</time>
			</trkpt>
			<trkpt lat="37.29294" lon="-2.51183">
				<ele>1467.61</ele>
				<time>2026-09-10T10:41:28.503Z</time>
			</trkpt>
			<trkpt lat="37.29315" lon="-2.51183">
				<ele>1467.46</ele>
				<time>2026-09-10T10:41:29.679Z</time>
			</trkpt>
			<trkpt lat="37.29373" lon="-2.51189">
				<ele>1459.16</ele>
				<time>2026-09-10T10:41:32.935Z</time>
			</trkpt>
			<trkpt lat="37.29382" lon="-2.51187">
				<ele>1458.34</ele>
				<time>2026-09-10T10:41:33.446Z</time>
			</trkpt>
			<trkpt lat="37.29454" lon="-2.51136">
				<ele>1455.88</ele>
				<time>2026-09-10T10:41:38.067Z</time>
			</trkpt>
			<trkpt lat="37.29461" lon="-2.51132">
				<ele>1455.88</ele>
				<time>2026-09-10T10:41:38.496Z</time>
			</trkpt>
			<trkpt lat="37.29473" lon="-2.51132">
				<ele>1455.33</ele>
				<time>2026-09-10T10:41:39.167Z</time>
			</trkpt>
			<trkpt lat="37.29503" lon="-2.51156">
				<ele>1445.49</ele>
				<time>2026-09-10T10:41:41.154Z</time>
			</trkpt>
			<trkpt lat="37.29519" lon="-2.51157">
				<ele>1443.43</ele>
				<time>2026-09-10T10:41:42.049Z</time>
			</trkpt>
			<trkpt lat="37.29527" lon="-2.51154">
				<ele>1442.97</ele>
				<time>2026-09-10T10:41:42.516Z</time>
			</trkpt>
			<trkpt lat="37.29536" lon="-2.51146">
				<ele>1443.41</ele>
				<time>2026-09-10T10:41:43.131Z</time>
			</trkpt>
			<trkpt lat="37.2956" lon="-2.51112">
				<ele>1442.86</ele>
				<time>2026-09-10T10:41:45.151Z</time>
			</trkpt>
			<trkpt lat="37.29572" lon="-2.51085">
				<ele>1442.36</ele>
				<time>2026-09-10T10:41:46.525Z</time>
			</trkpt>
			<trkpt lat="37.29576" lon="-2.51077">
				<ele>1442.63</ele>
				<time>2026-09-10T10:41:46.945Z</time>
			</trkpt>
			<trkpt lat="37.29584" lon="-2.5107">
				<ele>1442.92</ele>
				<time>2026-09-10T10:41:47.489Z</time>
			</trkpt>
			<trkpt lat="37.29593" lon="-2.51064">
				<ele>1443.1</ele>
				<time>2026-09-10T10:41:48.058Z</time>
			</trkpt>
			<trkpt lat="37.29624" lon="-2.51053">
				<ele>1440.65</ele>
				<time>2026-09-10T10:41:49.856Z</time>
			</trkpt>
			<trkpt lat="37.29656" lon="-2.51034">
				<ele>1440.17</ele>
				<time>2026-09-10T10:41:51.832Z</time>
			</trkpt>
			<trkpt lat="37.29669" lon="-2.51029">
				<ele>1440.18</ele>
				<time>2026-09-10T10:41:52.590Z</time>
			</trkpt>
			<trkpt lat="37.29692" lon="-2.51027">
				<ele>1437.68</ele>
				<time>2026-09-10T10:41:53.877Z</time>
			</trkpt>
			<trkpt lat="37.297" lon="-2.51023">
				<ele>1436.46</ele>
				<time>2026-09-10T10:41:54.357Z</time>
			</trkpt>
			<trkpt lat="37.29734" lon="-2.50991">
				<ele>1436.95</ele>
				<time>2026-09-10T10:41:56.727Z</time>
			</trkpt>
			<trkpt lat="37.29742" lon="-2.50987">
				<ele>1436.06</ele>
				<time>2026-09-10T10:41:57.207Z</time>
			</trkpt>
			<trkpt lat="37.29749" lon="-2.50986">
				<ele>1434.73</ele>
				<time>2026-09-10T10:41:57.600Z</time>
			</trkpt>
			<trkpt lat="37.29769" lon="-2.50991">
				<ele>1429.98</ele>
				<time>2026-09-10T10:41:58.738Z</time>
			</trkpt>
			<trkpt lat="37.29777" lon="-2.5099">
				<ele>1428.52</ele>
				<time>2026-09-10T10:41:59.186Z</time>
			</trkpt>
			<trkpt lat="37.2979" lon="-2.50984">
				<ele>1426.05</ele>
				<time>2026-09-10T10:41:59.959Z</time>
			</trkpt>
			<trkpt lat="37.29796" lon="-2.50977">
				<ele>1425.85</ele>
				<time>2026-09-10T10:42:00.415Z</time>
			</trkpt>
			<trkpt lat="37.29802" lon="-2.50968">
				<ele>1426.44</ele>
				<time>2026-09-10T10:42:00.936Z</time>
			</trkpt>
			<trkpt lat="37.29804" lon="-2.50959">
				<ele>1427.15</ele>
				<time>2026-09-10T10:42:01.351Z</time>
			</trkpt>
			<trkpt lat="37.2981" lon="-2.50932">
				<ele>1430.14</ele>
				<time>2026-09-10T10:42:02.595Z</time>
			</trkpt>
			<trkpt lat="37.29812" lon="-2.50913">
				<ele>1431.96</ele>
				<time>2026-09-10T10:42:03.445Z</time>
			</trkpt>
			<trkpt lat="37.29812" lon="-2.50899">
				<ele>1432.61</ele>
				<time>2026-09-10T10:42:04.066Z</time>
			</trkpt>
			<trkpt lat="37.29795" lon="-2.50837">
				<ele>1431.59</ele>
				<time>2026-09-10T10:42:06.975Z</time>
			</trkpt>
			<trkpt lat="37.29794" lon="-2.50826">
				<ele>1431.78</ele>
				<time>2026-09-10T10:42:07.466Z</time>
			</trkpt>
			<trkpt lat="37.29797" lon="-2.50808">
				<ele>1432.47</ele>
				<time>2026-09-10T10:42:08.282Z</time>
			</trkpt>
			<trkpt lat="37.29813" lon="-2.5079">
				<ele>1433.14</ele>
				<time>2026-09-10T10:42:09.479Z</time>
			</trkpt>
			<trkpt lat="37.29819" lon="-2.50787">
				<ele>1432.5</ele>
				<time>2026-09-10T10:42:09.839Z</time>
			</trkpt>
			<trkpt lat="37.29834" lon="-2.50788">
				<ele>1430.15</ele>
				<time>2026-09-10T10:42:10.676Z</time>
			</trkpt>
			<trkpt lat="37.29853" lon="-2.50796">
				<ele>1426.86</ele>
				<time>2026-09-10T10:42:11.793Z</time>
			</trkpt>
			<trkpt lat="37.29868" lon="-2.508">
				<ele>1423.98</ele>
				<time>2026-09-10T10:42:12.648Z</time>
			</trkpt>
			<trkpt lat="37.29884" lon="-2.50801">
				<ele>1421.36</ele>
				<time>2026-09-10T10:42:13.541Z</time>
			</trkpt>
			<trkpt lat="37.29896" lon="-2.50798">
				<ele>1419.91</ele>
				<time>2026-09-10T10:42:14.223Z</time>
			</trkpt>
			<trkpt lat="37.29906" lon="-2.50793">
				<ele>1418.76</ele>
				<time>2026-09-10T10:42:14.823Z</time>
			</trkpt>
			<trkpt lat="37.29915" lon="-2.50783">
				<ele>1417.98</ele>
				<time>2026-09-10T10:42:15.493Z</time>
			</trkpt>
			<trkpt lat="37.29933" lon="-2.50744">
				<ele>1417.05</ele>
				<time>2026-09-10T10:42:17.492Z</time>
			</trkpt>
			<trkpt lat="37.29943" lon="-2.50708">
				<ele>1413.49</ele>
				<time>2026-09-10T10:42:19.183Z</time>
			</trkpt>
			<trkpt lat="37.29946" lon="-2.50683">
				<ele>1412.23</ele>
				<time>2026-09-10T10:42:20.304Z</time>
			</trkpt>
			<trkpt lat="37.29946" lon="-2.50672">
				<ele>1413.08</ele>
				<time>2026-09-10T10:42:20.792Z</time>
			</trkpt>
			<trkpt lat="37.29944" lon="-2.50662">
				<ele>1414.63</ele>
				<time>2026-09-10T10:42:21.249Z</time>
			</trkpt>
			<trkpt lat="37.29935" lon="-2.50643">
				<ele>1420.81</ele>
				<time>2026-09-10T10:42:22.230Z</time>
			</trkpt>
			<trkpt lat="37.29932" lon="-2.50633">
				<ele>1422.7</ele>
				<time>2026-09-10T10:42:22.704Z</time>
			</trkpt>
			<trkpt lat="37.29933" lon="-2.50626">
				<ele>1423.09</ele>
				<time>2026-09-10T10:42:23.019Z</time>
			</trkpt>
			<trkpt lat="37.29937" lon="-2.50619">
				<ele>1423.02</ele>
				<time>2026-09-10T10:42:23.401Z</time>
			</trkpt>
			<trkpt lat="37.29942" lon="-2.50615">
				<ele>1422.66</ele>
				<time>2026-09-10T10:42:23.731Z</time>
			</trkpt>
			<trkpt lat="37.29949" lon="-2.50615">
				<ele>1422.5</ele>
				<time>2026-09-10T10:42:24.122Z</time>
			</trkpt>
			<trkpt lat="37.29957" lon="-2.50619">
				<ele>1421.62</ele>
				<time>2026-09-10T10:42:24.602Z</time>
			</trkpt>
			<trkpt lat="37.29973" lon="-2.50636">
				<ele>1415.31</ele>
				<time>2026-09-10T10:42:25.769Z</time>
			</trkpt>
			<trkpt lat="37.29981" lon="-2.50641">
				<ele>1415.4</ele>
				<time>2026-09-10T10:42:26.267Z</time>
			</trkpt>
			<trkpt lat="37.30004" lon="-2.50649">
				<ele>1417.45</ele>
				<time>2026-09-10T10:42:27.598Z</time>
			</trkpt>
			<trkpt lat="37.30012" lon="-2.50654">
				<ele>1417.39</ele>
				<time>2026-09-10T10:42:28.096Z</time>
			</trkpt>
			<trkpt lat="37.30023" lon="-2.50668">
				<ele>1414.85</ele>
				<time>2026-09-10T10:42:28.968Z</time>
			</trkpt>
			<trkpt lat="37.30034" lon="-2.50694">
				<ele>1406.97</ele>
				<time>2026-09-10T10:42:30.274Z</time>
			</trkpt>
			<trkpt lat="37.30059" lon="-2.50788">
				<ele>1390.56</ele>
				<time>2026-09-10T10:42:34.670Z</time>
			</trkpt>
			<trkpt lat="37.30064" lon="-2.50798">
				<ele>1389.66</ele>
				<time>2026-09-10T10:42:35.194Z</time>
			</trkpt>
			<trkpt lat="37.30069" lon="-2.50804">
				<ele>1389.2</ele>
				<time>2026-09-10T10:42:35.580Z</time>
			</trkpt>
			<trkpt lat="37.30074" lon="-2.50806">
				<ele>1389.32</ele>
				<time>2026-09-10T10:42:35.872Z</time>
			</trkpt>
			<trkpt lat="37.30079" lon="-2.50807">
				<ele>1390.23</ele>
				<time>2026-09-10T10:42:36.155Z</time>
			</trkpt>
			<trkpt lat="37.30159" lon="-2.50756">
				<ele>1393.65</ele>
				<time>2026-09-10T10:42:41.157Z</time>
			</trkpt>
			<trkpt lat="37.30263" lon="-2.50672">
				<ele>1387.01</ele>
				<time>2026-09-10T10:42:48.054Z</time>
			</trkpt>
			<trkpt lat="37.30272" lon="-2.50668">
				<ele>1385.39</ele>
				<time>2026-09-10T10:42:48.587Z</time>
			</trkpt>
			<trkpt lat="37.30301" lon="-2.50662">
				<ele>1380.26</ele>
				<time>2026-09-10T10:42:50.227Z</time>
			</trkpt>
			<trkpt lat="37.30315" lon="-2.50662">
				<ele>1379.22</ele>
				<time>2026-09-10T10:42:51.009Z</time>
			</trkpt>
			<trkpt lat="37.30339" lon="-2.50669">
				<ele>1375.44</ele>
				<time>2026-09-10T10:42:52.384Z</time>
			</trkpt>
			<trkpt lat="37.30378" lon="-2.50692">
				<ele>1363.8</ele>
				<time>2026-09-10T10:42:54.789Z</time>
			</trkpt>
			<trkpt lat="37.30394" lon="-2.50697">
				<ele>1361.14</ele>
				<time>2026-09-10T10:42:55.710Z</time>
			</trkpt>
			<trkpt lat="37.3041" lon="-2.50691">
				<ele>1361.79</ele>
				<time>2026-09-10T10:42:56.643Z</time>
			</trkpt>
			<trkpt lat="37.30448" lon="-2.50667">
				<ele>1368.23</ele>
				<time>2026-09-10T10:42:59.018Z</time>
			</trkpt>
			<trkpt lat="37.3046" lon="-2.50662">
				<ele>1368.94</ele>
				<time>2026-09-10T10:42:59.725Z</time>
			</trkpt>
			<trkpt lat="37.30483" lon="-2.50658">
				<ele>1367.99</ele>
				<time>2026-09-10T10:43:01.022Z</time>
			</trkpt>
			<trkpt lat="37.30492" lon="-2.50658">
				<ele>1368.1</ele>
				<time>2026-09-10T10:43:01.525Z</time>
			</trkpt>
			<trkpt lat="37.305" lon="-2.5066">
				<ele>1366.83</ele>
				<time>2026-09-10T10:43:01.981Z</time>
			</trkpt>
			<trkpt lat="37.30541" lon="-2.50685">
				<ele>1357.3</ele>
				<time>2026-09-10T10:43:04.528Z</time>
			</trkpt>
			<trkpt lat="37.30577" lon="-2.50684">
				<ele>1357.11</ele>
				<time>2026-09-10T10:43:06.542Z</time>
			</trkpt>
			<trkpt lat="37.30602" lon="-2.50687">
				<ele>1355.23</ele>
				<time>2026-09-10T10:43:07.946Z</time>
			</trkpt>
			<trkpt lat="37.30615" lon="-2.50686">
				<ele>1355.43</ele>
				<time>2026-09-10T10:43:08.675Z</time>
			</trkpt>
			<trkpt lat="37.30677" lon="-2.50673">
				<ele>1354.21</ele>
				<time>2026-09-10T10:43:12.192Z</time>
			</trkpt>
			<trkpt lat="37.30688" lon="-2.50669">
				<ele>1352.77</ele>
				<time>2026-09-10T10:43:12.833Z</time>
			</trkpt>
			<trkpt lat="37.30695" lon="-2.50664">
				<ele>1352.05</ele>
				<time>2026-09-10T10:43:13.284Z</time>
			</trkpt>
			<trkpt lat="37.30702" lon="-2.50649">
				<ele>1351.42</ele>
				<time>2026-09-10T10:43:14.058Z</time>
			</trkpt>
			<trkpt lat="37.30705" lon="-2.50618">
				<ele>1352.99</ele>
				<time>2026-09-10T10:43:15.449Z</time>
			</trkpt>
			<trkpt lat="37.30707" lon="-2.50612">
				<ele>1353.17</ele>
				<time>2026-09-10T10:43:15.739Z</time>
			</trkpt>
			<trkpt lat="37.30716" lon="-2.50604">
				<ele>1352.53</ele>
				<time>2026-09-10T10:43:16.356Z</time>
			</trkpt>
			<trkpt lat="37.30723" lon="-2.50606">
				<ele>1350.86</ele>
				<time>2026-09-10T10:43:16.758Z</time>
			</trkpt>
			<trkpt lat="37.30728" lon="-2.50611">
				<ele>1348.92</ele>
				<time>2026-09-10T10:43:17.116Z</time>
			</trkpt>
			<trkpt lat="37.3073" lon="-2.50619">
				<ele>1347.67</ele>
				<time>2026-09-10T10:43:17.490Z</time>
			</trkpt>
			<trkpt lat="37.30729" lon="-2.50631">
				<ele>1346.27</ele>
				<time>2026-09-10T10:43:18.028Z</time>
			</trkpt>
			<trkpt lat="37.30717" lon="-2.50706">
				<ele>1342.38</ele>
				<time>2026-09-10T10:43:21.438Z</time>
			</trkpt>
			<trkpt lat="37.30714" lon="-2.50717">
				<ele>1340.57</ele>
				<time>2026-09-10T10:43:21.957Z</time>
			</trkpt>
			<trkpt lat="37.30708" lon="-2.50725">
				<ele>1340.03</ele>
				<time>2026-09-10T10:43:22.447Z</time>
			</trkpt>
			<trkpt lat="37.30701" lon="-2.50729">
				<ele>1340.23</ele>
				<time>2026-09-10T10:43:22.878Z</time>
			</trkpt>
			<trkpt lat="37.30694" lon="-2.5073">
				<ele>1341.14</ele>
				<time>2026-09-10T10:43:23.273Z</time>
			</trkpt>
			<trkpt lat="37.30681" lon="-2.50727">
				<ele>1341.37</ele>
				<time>2026-09-10T10:43:24.014Z</time>
			</trkpt>
			<trkpt lat="37.30673" lon="-2.50727">
				<ele>1340.69</ele>
				<time>2026-09-10T10:43:24.463Z</time>
			</trkpt>
			<trkpt lat="37.30669" lon="-2.50731">
				<ele>1339.32</ele>
				<time>2026-09-10T10:43:24.750Z</time>
			</trkpt>
			<trkpt lat="37.30665" lon="-2.50742">
				<ele>1334.96</ele>
				<time>2026-09-10T10:43:25.290Z</time>
			</trkpt>
			<trkpt lat="37.30666" lon="-2.50749">
				<ele>1332.47</ele>
				<time>2026-09-10T10:43:25.607Z</time>
			</trkpt>
			<trkpt lat="37.30669" lon="-2.50754">
				<ele>1331.53</ele>
				<time>2026-09-10T10:43:25.887Z</time>
			</trkpt>
			<trkpt lat="37.30673" lon="-2.50758">
				<ele>1331.32</ele>
				<time>2026-09-10T10:43:26.173Z</time>
			</trkpt>
			<trkpt lat="37.30704" lon="-2.50756">
				<ele>1334.15</ele>
				<time>2026-09-10T10:43:27.915Z</time>
			</trkpt>
			<trkpt lat="37.30725" lon="-2.50752">
				<ele>1333.17</ele>
				<time>2026-09-10T10:43:29.108Z</time>
			</trkpt>
			<trkpt lat="37.3074" lon="-2.50738">
				<ele>1331.9</ele>
				<time>2026-09-10T10:43:30.157Z</time>
			</trkpt>
			<trkpt lat="37.30752" lon="-2.50721">
				<ele>1331.52</ele>
				<time>2026-09-10T10:43:31.172Z</time>
			</trkpt>
			<trkpt lat="37.30766" lon="-2.5068">
				<ele>1331.06</ele>
				<time>2026-09-10T10:43:33.166Z</time>
			</trkpt>
			<trkpt lat="37.30773" lon="-2.5067">
				<ele>1329.83</ele>
				<time>2026-09-10T10:43:33.762Z</time>
			</trkpt>
			<trkpt lat="37.30779" lon="-2.50667">
				<ele>1328.67</ele>
				<time>2026-09-10T10:43:34.125Z</time>
			</trkpt>
			<trkpt lat="37.30822" lon="-2.50662">
				<ele>1322.44</ele>
				<time>2026-09-10T10:43:36.552Z</time>
			</trkpt>
			<trkpt lat="37.30837" lon="-2.50658">
				<ele>1322.59</ele>
				<time>2026-09-10T10:43:37.415Z</time>
			</trkpt>
			<trkpt lat="37.30849" lon="-2.50651">
				<ele>1324.07</ele>
				<time>2026-09-10T10:43:38.159Z</time>
			</trkpt>
			<trkpt lat="37.30873" lon="-2.50635">
				<ele>1326.84</ele>
				<time>2026-09-10T10:43:39.688Z</time>
			</trkpt>
			<trkpt lat="37.30879" lon="-2.50634">
				<ele>1326.44</ele>
				<time>2026-09-10T10:43:40.028Z</time>
			</trkpt>
			<trkpt lat="37.30885" lon="-2.50636">
				<ele>1325.13</ele>
				<time>2026-09-10T10:43:40.378Z</time>
			</trkpt>
			<trkpt lat="37.30889" lon="-2.50642">
				<ele>1323.44</ele>
				<time>2026-09-10T10:43:40.728Z</time>
			</trkpt>
			<trkpt lat="37.3089" lon="-2.50649">
				<ele>1321.77</ele>
				<time>2026-09-10T10:43:41.047Z</time>
			</trkpt>
			<trkpt lat="37.3089" lon="-2.50656">
				<ele>1320.26</ele>
				<time>2026-09-10T10:43:41.360Z</time>
			</trkpt>
			<trkpt lat="37.30886" lon="-2.50662">
				<ele>1319.25</ele>
				<time>2026-09-10T10:43:41.711Z</time>
			</trkpt>
			<trkpt lat="37.30868" lon="-2.50672">
				<ele>1318</ele>
				<time>2026-09-10T10:43:42.819Z</time>
			</trkpt>
			<trkpt lat="37.30836" lon="-2.50681">
				<ele>1317.89</ele>
				<time>2026-09-10T10:43:44.666Z</time>
			</trkpt>
			<trkpt lat="37.30832" lon="-2.50685">
				<ele>1317.64</ele>
				<time>2026-09-10T10:43:44.954Z</time>
			</trkpt>
			<trkpt lat="37.30828" lon="-2.50691">
				<ele>1317.22</ele>
				<time>2026-09-10T10:43:45.305Z</time>
			</trkpt>
			<trkpt lat="37.30827" lon="-2.50697">
				<ele>1316.62</ele>
				<time>2026-09-10T10:43:45.580Z</time>
			</trkpt>
			<trkpt lat="37.30828" lon="-2.50704">
				<ele>1316.01</ele>
				<time>2026-09-10T10:43:45.899Z</time>
			</trkpt>
			<trkpt lat="37.30832" lon="-2.5071">
				<ele>1315.06</ele>
				<time>2026-09-10T10:43:46.250Z</time>
			</trkpt>
			<trkpt lat="37.30837" lon="-2.50714">
				<ele>1314.29</ele>
				<time>2026-09-10T10:43:46.584Z</time>
			</trkpt>
			<trkpt lat="37.3085" lon="-2.50713">
				<ele>1313.21</ele>
				<time>2026-09-10T10:43:47.318Z</time>
			</trkpt>
			<trkpt lat="37.30968" lon="-2.5067">
				<ele>1300.37</ele>
				<time>2026-09-10T10:43:54.252Z</time>
			</trkpt>
			<trkpt lat="37.30979" lon="-2.50663">
				<ele>1298.2</ele>
				<time>2026-09-10T10:43:54.949Z</time>
			</trkpt>
			<trkpt lat="37.30987" lon="-2.50657">
				<ele>1296.88</ele>
				<time>2026-09-10T10:43:55.475Z</time>
			</trkpt>
			<trkpt lat="37.31011" lon="-2.50628">
				<ele>1295.82</ele>
				<time>2026-09-10T10:43:57.357Z</time>
			</trkpt>
			<trkpt lat="37.31022" lon="-2.50617">
				<ele>1295.16</ele>
				<time>2026-09-10T10:43:58.152Z</time>
			</trkpt>
			<trkpt lat="37.31046" lon="-2.50583">
				<ele>1301.75</ele>
				<time>2026-09-10T10:44:00.197Z</time>
			</trkpt>
			<trkpt lat="37.31053" lon="-2.50577">
				<ele>1303.94</ele>
				<time>2026-09-10T10:44:00.677Z</time>
			</trkpt>
			<trkpt lat="37.31058" lon="-2.50575">
				<ele>1302.92</ele>
				<time>2026-09-10T10:44:00.974Z</time>
			</trkpt>
			<trkpt lat="37.31062" lon="-2.50577">
				<ele>1300.52</ele>
				<time>2026-09-10T10:44:01.217Z</time>
			</trkpt>
			<trkpt lat="37.31068" lon="-2.50582">
				<ele>1295.54</ele>
				<time>2026-09-10T10:44:01.625Z</time>
			</trkpt>
			<trkpt lat="37.31071" lon="-2.50587">
				<ele>1291.62</ele>
				<time>2026-09-10T10:44:01.907Z</time>
			</trkpt>
			<trkpt lat="37.31071" lon="-2.50594">
				<ele>1288.24</ele>
				<time>2026-09-10T10:44:02.222Z</time>
			</trkpt>
			<trkpt lat="37.31067" lon="-2.50601">
				<ele>1286.21</ele>
				<time>2026-09-10T10:44:02.610Z</time>
			</trkpt>
			<trkpt lat="37.3106" lon="-2.50607">
				<ele>1285.78</ele>
				<time>2026-09-10T10:44:03.090Z</time>
			</trkpt>
			<trkpt lat="37.31045" lon="-2.50614">
				<ele>1287.8</ele>
				<time>2026-09-10T10:44:03.997Z</time>
			</trkpt>
			<trkpt lat="37.31025" lon="-2.50637">
				<ele>1287.63</ele>
				<time>2026-09-10T10:44:05.533Z</time>
			</trkpt>
			<trkpt lat="37.31019" lon="-2.50648">
				<ele>1286.68</ele>
				<time>2026-09-10T10:44:06.134Z</time>
			</trkpt>
			<trkpt lat="37.31005" lon="-2.50691">
				<ele>1281.48</ele>
				<time>2026-09-10T10:44:08.230Z</time>
			</trkpt>
			<trkpt lat="37.3099" lon="-2.50729">
				<ele>1274.81</ele>
				<time>2026-09-10T10:44:10.145Z</time>
			</trkpt>
			<trkpt lat="37.3098" lon="-2.50745">
				<ele>1274.71</ele>
				<time>2026-09-10T10:44:11.064Z</time>
			</trkpt>
			<trkpt lat="37.3097" lon="-2.50758">
				<ele>1274.85</ele>
				<time>2026-09-10T10:44:11.880Z</time>
			</trkpt>
			<trkpt lat="37.30965" lon="-2.50768">
				<ele>1274.21</ele>
				<time>2026-09-10T10:44:12.414Z</time>
			</trkpt>
			<trkpt lat="37.30965" lon="-2.50774">
				<ele>1272.99</ele>
				<time>2026-09-10T10:44:12.685Z</time>
			</trkpt>
			<trkpt lat="37.30966" lon="-2.50781">
				<ele>1271.16</ele>
				<time>2026-09-10T10:44:13.007Z</time>
			</trkpt>
			<trkpt lat="37.3097" lon="-2.50786">
				<ele>1269.24</ele>
				<time>2026-09-10T10:44:13.327Z</time>
			</trkpt>
			<trkpt lat="37.30981" lon="-2.50786">
				<ele>1267.43</ele>
				<time>2026-09-10T10:44:13.952Z</time>
			</trkpt>
			<trkpt lat="37.30986" lon="-2.50782">
				<ele>1267.06</ele>
				<time>2026-09-10T10:44:14.289Z</time>
			</trkpt>
			<trkpt lat="37.30992" lon="-2.50774">
				<ele>1267.18</ele>
				<time>2026-09-10T10:44:14.786Z</time>
			</trkpt>
			<trkpt lat="37.31003" lon="-2.5075">
				<ele>1266.14</ele>
				<time>2026-09-10T10:44:16.039Z</time>
			</trkpt>
			<trkpt lat="37.31049" lon="-2.50666">
				<ele>1267.29</ele>
				<time>2026-09-10T10:44:20.656Z</time>
			</trkpt>
			<trkpt lat="37.31058" lon="-2.50655">
				<ele>1266.96</ele>
				<time>2026-09-10T10:44:21.372Z</time>
			</trkpt>
			<trkpt lat="37.31102" lon="-2.50618">
				<ele>1263.58</ele>
				<time>2026-09-10T10:44:24.390Z</time>
			</trkpt>
			<trkpt lat="37.31111" lon="-2.50613">
				<ele>1262.14</ele>
				<time>2026-09-10T10:44:24.951Z</time>
			</trkpt>
			<trkpt lat="37.31118" lon="-2.50612">
				<ele>1260.36</ele>
				<time>2026-09-10T10:44:25.353Z</time>
			</trkpt>
			<trkpt lat="37.31135" lon="-2.50613">
				<ele>1254.25</ele>
				<time>2026-09-10T10:44:26.324Z</time>
			</trkpt>
			<trkpt lat="37.31158" lon="-2.50608">
				<ele>1254.38</ele>
				<time>2026-09-10T10:44:27.657Z</time>
			</trkpt>
			<trkpt lat="37.31188" lon="-2.50607">
				<ele>1255.88</ele>
				<time>2026-09-10T10:44:29.372Z</time>
			</trkpt>
			<trkpt lat="37.31212" lon="-2.50618">
				<ele>1247.67</ele>
				<time>2026-09-10T10:44:30.832Z</time>
			</trkpt>
			<trkpt lat="37.31217" lon="-2.50619">
				<ele>1246.82</ele>
				<time>2026-09-10T10:44:31.121Z</time>
			</trkpt>
			<trkpt lat="37.31224" lon="-2.50619">
				<ele>1246.73</ele>
				<time>2026-09-10T10:44:31.522Z</time>
			</trkpt>
			<trkpt lat="37.31261" lon="-2.50608">
				<ele>1250.48</ele>
				<time>2026-09-10T10:44:33.697Z</time>
			</trkpt>
			<trkpt lat="37.31294" lon="-2.50608">
				<ele>1246.48</ele>
				<time>2026-09-10T10:44:35.587Z</time>
			</trkpt>
			<trkpt lat="37.31306" lon="-2.50613">
				<ele>1241.92</ele>
				<time>2026-09-10T10:44:36.311Z</time>
			</trkpt>
			<trkpt lat="37.31328" lon="-2.50644">
				<ele>1222.18</ele>
				<time>2026-09-10T10:44:38.206Z</time>
			</trkpt>
			<trkpt lat="37.3134" lon="-2.5065">
				<ele>1217.88</ele>
				<time>2026-09-10T10:44:38.946Z</time>
			</trkpt>
			<trkpt lat="37.31349" lon="-2.50652">
				<ele>1216.12</ele>
				<time>2026-09-10T10:44:39.471Z</time>
			</trkpt>
			<trkpt lat="37.31361" lon="-2.50644">
				<ele>1218.64</ele>
				<time>2026-09-10T10:44:40.250Z</time>
			</trkpt>
			<trkpt lat="37.31401" lon="-2.50607">
				<ele>1224.88</ele>
				<time>2026-09-10T10:44:43.102Z</time>
			</trkpt>
			<trkpt lat="37.31412" lon="-2.50599">
				<ele>1227.45</ele>
				<time>2026-09-10T10:44:43.832Z</time>
			</trkpt>
			<trkpt lat="37.31432" lon="-2.50596">
				<ele>1226.48</ele>
				<time>2026-09-10T10:44:44.990Z</time>
			</trkpt>
			<trkpt lat="37.31484" lon="-2.50598">
				<ele>1219.22</ele>
				<time>2026-09-10T10:44:47.983Z</time>
			</trkpt>
			<trkpt lat="37.31534" lon="-2.50581">
				<ele>1209.7</ele>
				<time>2026-09-10T10:44:50.967Z</time>
			</trkpt>
			<trkpt lat="37.31564" lon="-2.50573">
				<ele>1205.52</ele>
				<time>2026-09-10T10:44:52.736Z</time>
			</trkpt>
			<trkpt lat="37.31573" lon="-2.50571">
				<ele>1203.78</ele>
				<time>2026-09-10T10:44:53.263Z</time>
			</trkpt>
			<trkpt lat="37.31607" lon="-2.50569">
				<ele>1194.35</ele>
				<time>2026-09-10T10:44:55.228Z</time>
			</trkpt>
			<trkpt lat="37.31617" lon="-2.50562">
				<ele>1193.86</ele>
				<time>2026-09-10T10:44:55.890Z</time>
			</trkpt>
			<trkpt lat="37.31629" lon="-2.50548">
				<ele>1195.96</ele>
				<time>2026-09-10T10:44:56.835Z</time>
			</trkpt>
			<trkpt lat="37.31671" lon="-2.50515">
				<ele>1199.16</ele>
				<time>2026-09-10T10:44:59.700Z</time>
			</trkpt>
			<trkpt lat="37.31697" lon="-2.50501">
				<ele>1198.06</ele>
				<time>2026-09-10T10:45:01.337Z</time>
			</trkpt>
			<trkpt lat="37.31744" lon="-2.50484">
				<ele>1182.8</ele>
				<time>2026-09-10T10:45:04.171Z</time>
			</trkpt>
			<trkpt lat="37.31753" lon="-2.50473">
				<ele>1182.85</ele>
				<time>2026-09-10T10:45:04.899Z</time>
			</trkpt>
			<trkpt lat="37.31764" lon="-2.50431">
				<ele>1194.88</ele>
				<time>2026-09-10T10:45:06.940Z</time>
			</trkpt>
			<trkpt lat="37.31768" lon="-2.50425">
				<ele>1195.58</ele>
				<time>2026-09-10T10:45:07.302Z</time>
			</trkpt>
			<trkpt lat="37.31775" lon="-2.5042">
				<ele>1194.86</ele>
				<time>2026-09-10T10:45:07.769Z</time>
			</trkpt>
			<trkpt lat="37.31803" lon="-2.50408">
				<ele>1188.75</ele>
				<time>2026-09-10T10:45:09.488Z</time>
			</trkpt>
			<trkpt lat="37.31823" lon="-2.50404">
				<ele>1183.09</ele>
				<time>2026-09-10T10:45:10.666Z</time>
			</trkpt>
			<trkpt lat="37.31855" lon="-2.50401">
				<ele>1176.54</ele>
				<time>2026-09-10T10:45:12.533Z</time>
			</trkpt>
			<trkpt lat="37.31863" lon="-2.50403">
				<ele>1173.73</ele>
				<time>2026-09-10T10:45:13.008Z</time>
			</trkpt>
			<trkpt lat="37.31874" lon="-2.50411">
				<ele>1167.76</ele>
				<time>2026-09-10T10:45:13.748Z</time>
			</trkpt>
			<trkpt lat="37.31882" lon="-2.50414">
				<ele>1164.47</ele>
				<time>2026-09-10T10:45:14.235Z</time>
			</trkpt>
			<trkpt lat="37.31891" lon="-2.50413">
				<ele>1163.6</ele>
				<time>2026-09-10T10:45:14.761Z</time>
			</trkpt>
			<trkpt lat="37.31896" lon="-2.50408">
				<ele>1164.2</ele>
				<time>2026-09-10T10:45:15.134Z</time>
			</trkpt>
			<trkpt lat="37.31902" lon="-2.50398">
				<ele>1167.22</ele>
				<time>2026-09-10T10:45:15.714Z</time>
			</trkpt>
			<trkpt lat="37.3195" lon="-2.50302">
				<ele>1173.97</ele>
				<time>2026-09-10T10:45:20.979Z</time>
			</trkpt>
			<trkpt lat="37.31962" lon="-2.50289">
				<ele>1172.78</ele>
				<time>2026-09-10T10:45:21.906Z</time>
			</trkpt>
			<trkpt lat="37.3197" lon="-2.50287">
				<ele>1170.54</ele>
				<time>2026-09-10T10:45:22.383Z</time>
			</trkpt>
			<trkpt lat="37.31979" lon="-2.50287">
				<ele>1170.77</ele>
				<time>2026-09-10T10:45:22.909Z</time>
			</trkpt>
			<trkpt lat="37.3199" lon="-2.50291">
				<ele>1170.73</ele>
				<time>2026-09-10T10:45:23.579Z</time>
			</trkpt>
			<trkpt lat="37.32031" lon="-2.50317">
				<ele>1168.94</ele>
				<time>2026-09-10T10:45:26.269Z</time>
			</trkpt>
			<trkpt lat="37.32066" lon="-2.50346">
				<ele>1161.27</ele>
				<time>2026-09-10T10:45:28.727Z</time>
			</trkpt>
			<trkpt lat="37.32086" lon="-2.50357">
				<ele>1161.38</ele>
				<time>2026-09-10T10:45:30.009Z</time>
			</trkpt>
			<trkpt lat="37.32099" lon="-2.50366">
				<ele>1160.56</ele>
				<time>2026-09-10T10:45:30.881Z</time>
			</trkpt>
			<trkpt lat="37.32138" lon="-2.50404">
				<ele>1149.92</ele>
				<time>2026-09-10T10:45:33.782Z</time>
			</trkpt>
			<trkpt lat="37.32161" lon="-2.50421">
				<ele>1149.83</ele>
				<time>2026-09-10T10:45:35.352Z</time>
			</trkpt>
			<trkpt lat="37.32186" lon="-2.50451">
				<ele>1142.87</ele>
				<time>2026-09-10T10:45:37.389Z</time>
			</trkpt>
			<trkpt lat="37.32222" lon="-2.50489">
				<ele>1130.98</ele>
				<time>2026-09-10T10:45:40.162Z</time>
			</trkpt>
			<trkpt lat="37.32227" lon="-2.50491">
				<ele>1130.06</ele>
				<time>2026-09-10T10:45:40.472Z</time>
			</trkpt>
			<trkpt lat="37.32233" lon="-2.50491">
				<ele>1130.04</ele>
				<time>2026-09-10T10:45:40.826Z</time>
			</trkpt>
			<trkpt lat="37.32239" lon="-2.50489">
				<ele>1131.15</ele>
				<time>2026-09-10T10:45:41.193Z</time>
			</trkpt>
			<trkpt lat="37.3227" lon="-2.50462">
				<ele>1138.53</ele>
				<time>2026-09-10T10:45:43.422Z</time>
			</trkpt>
			<trkpt lat="37.32279" lon="-2.50458">
				<ele>1139.37</ele>
				<time>2026-09-10T10:45:43.986Z</time>
			</trkpt>
			<trkpt lat="37.32287" lon="-2.50455">
				<ele>1139.47</ele>
				<time>2026-09-10T10:45:44.480Z</time>
			</trkpt>
			<trkpt lat="37.32312" lon="-2.50462">
				<ele>1134.49</ele>
				<time>2026-09-10T10:45:45.997Z</time>
			</trkpt>
			<trkpt lat="37.32338" lon="-2.50484">
				<ele>1126.15</ele>
				<time>2026-09-10T10:45:47.854Z</time>
			</trkpt>
			<trkpt lat="37.32345" lon="-2.50489">
				<ele>1123.77</ele>
				<time>2026-09-10T10:45:48.331Z</time>
			</trkpt>
			<trkpt lat="37.32352" lon="-2.5049">
				<ele>1122.76</ele>
				<time>2026-09-10T10:45:48.749Z</time>
			</trkpt>
			<trkpt lat="37.3236" lon="-2.5049">
				<ele>1122.26</ele>
				<time>2026-09-10T10:45:49.224Z</time>
			</trkpt>
			<trkpt lat="37.32375" lon="-2.50484">
				<ele>1121.84</ele>
				<time>2026-09-10T10:45:50.158Z</time>
			</trkpt>
			<trkpt lat="37.32415" lon="-2.50453">
				<ele>1124.8</ele>
				<time>2026-09-10T10:45:52.950Z</time>
			</trkpt>
			<trkpt lat="37.32427" lon="-2.50448">
				<ele>1123.68</ele>
				<time>2026-09-10T10:45:53.702Z</time>
			</trkpt>
			<trkpt lat="37.32433" lon="-2.50449">
				<ele>1121.61</ele>
				<time>2026-09-10T10:45:54.062Z</time>
			</trkpt>
			<trkpt lat="37.32468" lon="-2.50463">
				<ele>1110.72</ele>
				<time>2026-09-10T10:45:56.248Z</time>
			</trkpt>
			<trkpt lat="37.32477" lon="-2.50465">
				<ele>1108.02</ele>
				<time>2026-09-10T10:45:56.793Z</time>
			</trkpt>
			<trkpt lat="37.32488" lon="-2.50464">
				<ele>1105.17</ele>
				<time>2026-09-10T10:45:57.450Z</time>
			</trkpt>
			<trkpt lat="37.32501" lon="-2.50457">
				<ele>1103.74</ele>
				<time>2026-09-10T10:45:58.293Z</time>
			</trkpt>
			<trkpt lat="37.32516" lon="-2.50447">
				<ele>1104.25</ele>
				<time>2026-09-10T10:45:59.306Z</time>
			</trkpt>
			<trkpt lat="37.32533" lon="-2.50415">
				<ele>1112.27</ele>
				<time>2026-09-10T10:46:01.134Z</time>
			</trkpt>
			<trkpt lat="37.32538" lon="-2.50414">
				<ele>1110.37</ele>
				<time>2026-09-10T10:46:01.436Z</time>
			</trkpt>
			<trkpt lat="37.32547" lon="-2.50417">
				<ele>1104.84</ele>
				<time>2026-09-10T10:46:01.993Z</time>
			</trkpt>
			<trkpt lat="37.3255" lon="-2.50424">
				<ele>1101.53</ele>
				<time>2026-09-10T10:46:02.371Z</time>
			</trkpt>
			<trkpt lat="37.32551" lon="-2.5043">
				<ele>1099.6</ele>
				<time>2026-09-10T10:46:02.662Z</time>
			</trkpt>
			<trkpt lat="37.3255" lon="-2.50436">
				<ele>1098.64</ele>
				<time>2026-09-10T10:46:02.953Z</time>
			</trkpt>
			<trkpt lat="37.32546" lon="-2.50442">
				<ele>1098.23</ele>
				<time>2026-09-10T10:46:03.326Z</time>
			</trkpt>
			<trkpt lat="37.32499" lon="-2.5048">
				<ele>1095.71</ele>
				<time>2026-09-10T10:46:06.671Z</time>
			</trkpt>
			<trkpt lat="37.3247" lon="-2.50493">
				<ele>1098.35</ele>
				<time>2026-09-10T10:46:08.518Z</time>
			</trkpt>
			<trkpt lat="37.32459" lon="-2.50495">
				<ele>1099.06</ele>
				<time>2026-09-10T10:46:09.185Z</time>
			</trkpt>
			<trkpt lat="37.32439" lon="-2.50494">
				<ele>1102.2</ele>
				<time>2026-09-10T10:46:10.387Z</time>
			</trkpt>
			<trkpt lat="37.32431" lon="-2.50495">
				<ele>1102.79</ele>
				<time>2026-09-10T10:46:10.869Z</time>
			</trkpt>
			<trkpt lat="37.3242" lon="-2.50499">
				<ele>1102.48</ele>
				<time>2026-09-10T10:46:11.558Z</time>
			</trkpt>
			<trkpt lat="37.32414" lon="-2.50503">
				<ele>1101.78</ele>
				<time>2026-09-10T10:46:11.966Z</time>
			</trkpt>
			<trkpt lat="37.3241" lon="-2.50507">
				<ele>1101.41</ele>
				<time>2026-09-10T10:46:12.273Z</time>
			</trkpt>
			<trkpt lat="37.32409" lon="-2.50513">
				<ele>1099.64</ele>
				<time>2026-09-10T10:46:12.566Z</time>
			</trkpt>
			<trkpt lat="37.32412" lon="-2.50524">
				<ele>1094.51</ele>
				<time>2026-09-10T10:46:13.123Z</time>
			</trkpt>
			<trkpt lat="37.32415" lon="-2.50527">
				<ele>1092.6</ele>
				<time>2026-09-10T10:46:13.353Z</time>
			</trkpt>
			<trkpt lat="37.32425" lon="-2.50527">
				<ele>1090.91</ele>
				<time>2026-09-10T10:46:13.955Z</time>
			</trkpt>
			<trkpt lat="37.32435" lon="-2.50518">
				<ele>1092.68</ele>
				<time>2026-09-10T10:46:14.695Z</time>
			</trkpt>
			<trkpt lat="37.32446" lon="-2.50514">
				<ele>1092.83</ele>
				<time>2026-09-10T10:46:15.385Z</time>
			</trkpt>
			<trkpt lat="37.32478" lon="-2.50521">
				<ele>1085.2</ele>
				<time>2026-09-10T10:46:17.343Z</time>
			</trkpt>
			<trkpt lat="37.325" lon="-2.50523">
				<ele>1081.57</ele>
				<time>2026-09-10T10:46:18.674Z</time>
			</trkpt>
			<trkpt lat="37.32513" lon="-2.50522">
				<ele>1081.36</ele>
				<time>2026-09-10T10:46:19.461Z</time>
			</trkpt>
			<trkpt lat="37.32524" lon="-2.50519">
				<ele>1081.78</ele>
				<time>2026-09-10T10:46:20.141Z</time>
			</trkpt>
			<trkpt lat="37.32589" lon="-2.50488">
				<ele>1079.98</ele>
				<time>2026-09-10T10:46:24.346Z</time>
			</trkpt>
			<trkpt lat="37.32637" lon="-2.50449">
				<ele>1070.96</ele>
				<time>2026-09-10T10:46:27.812Z</time>
			</trkpt>
			<trkpt lat="37.32664" lon="-2.50408">
				<ele>1068.07</ele>
				<time>2026-09-10T10:46:30.384Z</time>
			</trkpt>
			<trkpt lat="37.32669" lon="-2.50405">
				<ele>1067.76</ele>
				<time>2026-09-10T10:46:30.721Z</time>
			</trkpt>
			<trkpt lat="37.32679" lon="-2.50407">
				<ele>1067.07</ele>
				<time>2026-09-10T10:46:31.337Z</time>
			</trkpt>
			<trkpt lat="37.32685" lon="-2.50414">
				<ele>1066.07</ele>
				<time>2026-09-10T10:46:31.835Z</time>
			</trkpt>
			<trkpt lat="37.32694" lon="-2.50437">
				<ele>1061.4</ele>
				<time>2026-09-10T10:46:33.076Z</time>
			</trkpt>
			<trkpt lat="37.32698" lon="-2.50443">
				<ele>1061.25</ele>
				<time>2026-09-10T10:46:33.455Z</time>
			</trkpt>
			<trkpt lat="37.32704" lon="-2.50447">
				<ele>1061.72</ele>
				<time>2026-09-10T10:46:33.869Z</time>
			</trkpt>
			<trkpt lat="37.32722" lon="-2.50457">
				<ele>1064.85</ele>
				<time>2026-09-10T10:46:35.069Z</time>
			</trkpt>
			<trkpt lat="37.32727" lon="-2.50462">
				<ele>1065.66</ele>
				<time>2026-09-10T10:46:35.458Z</time>
			</trkpt>
			<trkpt lat="37.32729" lon="-2.50469">
				<ele>1065.46</ele>
				<time>2026-09-10T10:46:35.819Z</time>
			</trkpt>
			<trkpt lat="37.32729" lon="-2.50477">
				<ele>1064.42</ele>
				<time>2026-09-10T10:46:36.207Z</time>
			</trkpt>
			<trkpt lat="37.32725" lon="-2.50509">
				<ele>1057.56</ele>
				<time>2026-09-10T10:46:37.780Z</time>
			</trkpt>
			<trkpt lat="37.32731" lon="-2.50538">
				<ele>1055</ele>
				<time>2026-09-10T10:46:39.237Z</time>
			</trkpt>
			<trkpt lat="37.32728" lon="-2.50607">
				<ele>1051.8</ele>
				<time>2026-09-10T10:46:42.600Z</time>
			</trkpt>
			<trkpt lat="37.32724" lon="-2.50621">
				<ele>1050.28</ele>
				<time>2026-09-10T10:46:43.326Z</time>
			</trkpt>
			<trkpt lat="37.32716" lon="-2.50639">
				<ele>1048.24</ele>
				<time>2026-09-10T10:46:44.331Z</time>
			</trkpt>
			<trkpt lat="37.32699" lon="-2.50669">
				<ele>1042.19</ele>
				<time>2026-09-10T10:46:46.129Z</time>
			</trkpt>
			<trkpt lat="37.32695" lon="-2.50688">
				<ele>1041.41</ele>
				<time>2026-09-10T10:46:47.090Z</time>
			</trkpt>
			<trkpt lat="37.32712" lon="-2.50759">
				<ele>1039.76</ele>
				<time>2026-09-10T10:46:50.718Z</time>
			</trkpt>
			<trkpt lat="37.32718" lon="-2.50776">
				<ele>1037.06</ele>
				<time>2026-09-10T10:46:51.629Z</time>
			</trkpt>
			<trkpt lat="37.32742" lon="-2.50828">
				<ele>1034.92</ele>
				<time>2026-09-10T10:46:54.580Z</time>
			</trkpt>
			<trkpt lat="37.3275" lon="-2.5089">
				<ele>1025.96</ele>
				<time>2026-09-10T10:46:57.668Z</time>
			</trkpt>
			<trkpt lat="37.32757" lon="-2.50907">
				<ele>1024.8</ele>
				<time>2026-09-10T10:46:58.610Z</time>
			</trkpt>
			<trkpt lat="37.3278" lon="-2.50946">
				<ele>1022.26</ele>
				<time>2026-09-10T10:47:01.004Z</time>
			</trkpt>
			<trkpt lat="37.32804" lon="-2.50979">
				<ele>1018.54</ele>
				<time>2026-09-10T10:47:03.211Z</time>
			</trkpt>
			<trkpt lat="37.32849" lon="-2.51017">
				<ele>1010.55</ele>
				<time>2026-09-10T10:47:06.582Z</time>
			</trkpt>
			<trkpt lat="37.32851" lon="-2.51022">
				<ele>1008.93</ele>
				<time>2026-09-10T10:47:06.860Z</time>
			</trkpt>
			<trkpt lat="37.32849" lon="-2.51032">
				<ele>1005.45</ele>
				<time>2026-09-10T10:47:07.370Z</time>
			</trkpt>
			<trkpt lat="37.3293" lon="-2.51095">
				<ele>993.72</ele>
				<time>2026-09-10T10:47:13.316Z</time>
			</trkpt>
			<trkpt lat="37.32952" lon="-2.51108">
				<ele>990.01</ele>
				<time>2026-09-10T10:47:14.837Z</time>
			</trkpt>
			<trkpt lat="37.32974" lon="-2.5111">
				<ele>987.57</ele>
				<time>2026-09-10T10:47:16.219Z</time>
			</trkpt>
			<trkpt lat="37.3302" lon="-2.51111">
				<ele>988.4</ele>
				<time>2026-09-10T10:47:19.106Z</time>
			</trkpt>
			<trkpt lat="37.33065" lon="-2.51115">
				<ele>990.51</ele>
				<time>2026-09-10T10:47:21.942Z</time>
			</trkpt>
			<trkpt lat="37.33228" lon="-2.51163">
				<ele>983.77</ele>
				<time>2026-09-10T10:47:32.484Z</time>
			</trkpt>
			<trkpt lat="37.3324" lon="-2.51168">
				<ele>982.74</ele>
				<time>2026-09-10T10:47:33.281Z</time>
			</trkpt>
			<trkpt lat="37.33252" lon="-2.51176">
				<ele>980.58</ele>
				<time>2026-09-10T10:47:34.137Z</time>
			</trkpt>
			<trkpt lat="37.33262" lon="-2.51186">
				<ele>979.48</ele>
				<time>2026-09-10T10:47:34.942Z</time>
			</trkpt>
			<trkpt lat="37.33286" lon="-2.51217">
				<ele>973.78</ele>
				<time>2026-09-10T10:47:37.111Z</time>
			</trkpt>
			<trkpt lat="37.33313" lon="-2.5126">
				<ele>964.43</ele>
				<time>2026-09-10T10:47:39.860Z</time>
			</trkpt>
			<trkpt lat="37.33321" lon="-2.51269">
				<ele>964.22</ele>
				<time>2026-09-10T10:47:40.537Z</time>
			</trkpt>
			<trkpt lat="37.33344" lon="-2.51284">
				<ele>962.32</ele>
				<time>2026-09-10T10:47:42.173Z</time>
			</trkpt>
			<trkpt lat="37.33359" lon="-2.51288">
				<ele>960.96</ele>
				<time>2026-09-10T10:47:43.141Z</time>
			</trkpt>
			<trkpt lat="37.33377" lon="-2.51287">
				<ele>959.38</ele>
				<time>2026-09-10T10:47:44.280Z</time>
			</trkpt>
			<trkpt lat="37.33448" lon="-2.51276">
				<ele>951.82</ele>
				<time>2026-09-10T10:47:48.802Z</time>
			</trkpt>
			<trkpt lat="37.33466" lon="-2.51279">
				<ele>951.5</ele>
				<time>2026-09-10T10:47:49.951Z</time>
			</trkpt>
			<trkpt lat="37.3348" lon="-2.51285">
				<ele>951.96</ele>
				<time>2026-09-10T10:47:50.888Z</time>
			</trkpt>
			<trkpt lat="37.33493" lon="-2.51294">
				<ele>952.49</ele>
				<time>2026-09-10T10:47:51.827Z</time>
			</trkpt>
			<trkpt lat="37.33582" lon="-2.51368">
				<ele>939.09</ele>
				<time>2026-09-10T10:47:58.593Z</time>
			</trkpt>
			<trkpt lat="37.33596" lon="-2.51375">
				<ele>935.48</ele>
				<time>2026-09-10T10:47:59.550Z</time>
			</trkpt>
			<trkpt lat="37.33621" lon="-2.51378">
				<ele>933.69</ele>
				<time>2026-09-10T10:48:01.146Z</time>
			</trkpt>
			<trkpt lat="37.33633" lon="-2.51376">
				<ele>934.68</ele>
				<time>2026-09-10T10:48:01.915Z</time>
			</trkpt>
			<trkpt lat="37.33645" lon="-2.51371">
				<ele>934.77</ele>
				<time>2026-09-10T10:48:02.719Z</time>
			</trkpt>
			<trkpt lat="37.3366" lon="-2.51362">
				<ele>934.07</ele>
				<time>2026-09-10T10:48:03.777Z</time>
			</trkpt>
			<trkpt lat="37.33684" lon="-2.5134">
				<ele>931.56</ele>
				<time>2026-09-10T10:48:05.667Z</time>
			</trkpt>
			<trkpt lat="37.33698" lon="-2.51325">
				<ele>929.44</ele>
				<time>2026-09-10T10:48:06.839Z</time>
			</trkpt>
			<trkpt lat="37.3371" lon="-2.51305">
				<ele>929.48</ele>
				<time>2026-09-10T10:48:08.109Z</time>
			</trkpt>
			<trkpt lat="37.33714" lon="-2.51292">
				<ele>928.77</ele>
				<time>2026-09-10T10:48:08.816Z</time>
			</trkpt>
			<trkpt lat="37.33717" lon="-2.51278">
				<ele>928.08</ele>
				<time>2026-09-10T10:48:09.552Z</time>
			</trkpt>
			<trkpt lat="37.33718" lon="-2.51258">
				<ele>926.47</ele>
				<time>2026-09-10T10:48:10.569Z</time>
			</trkpt>
			<trkpt lat="37.33712" lon="-2.51159">
				<ele>916.21</ele>
				<time>2026-09-10T10:48:15.617Z</time>
			</trkpt>
			<trkpt lat="37.33712" lon="-2.51138">
				<ele>913.96</ele>
				<time>2026-09-10T10:48:16.686Z</time>
			</trkpt>
			<trkpt lat="37.33716" lon="-2.51118">
				<ele>911.01</ele>
				<time>2026-09-10T10:48:17.737Z</time>
			</trkpt>
			<trkpt lat="37.33738" lon="-2.51046">
				<ele>906.79</ele>
				<time>2026-09-10T10:48:21.674Z</time>
			</trkpt>
			<trkpt lat="37.33743" lon="-2.5102">
				<ele>907.81</ele>
				<time>2026-09-10T10:48:23.041Z</time>
			</trkpt>
			<trkpt lat="37.3374" lon="-2.50987">
				<ele>909.11</ele>
				<time>2026-09-10T10:48:24.740Z</time>
			</trkpt>
			<trkpt lat="37.33735" lon="-2.50972">
				<ele>910.31</ele>
				<time>2026-09-10T10:48:25.573Z</time>
			</trkpt>
			<trkpt lat="37.33728" lon="-2.50957">
				<ele>911.33</ele>
				<time>2026-09-10T10:48:26.464Z</time>
			</trkpt>
			<trkpt lat="37.33682" lon="-2.50888">
				<ele>909.1</ele>
				<time>2026-09-10T10:48:31.086Z</time>
			</trkpt>
			<trkpt lat="37.33675" lon="-2.50875">
				<ele>907.75</ele>
				<time>2026-09-10T10:48:31.894Z</time>
			</trkpt>
			<trkpt lat="37.33671" lon="-2.5086">
				<ele>905.67</ele>
				<time>2026-09-10T10:48:32.708Z</time>
			</trkpt>
			<trkpt lat="37.33669" lon="-2.50841">
				<ele>903.54</ele>
				<time>2026-09-10T10:48:33.695Z</time>
			</trkpt>
			<trkpt lat="37.3367" lon="-2.50831">
				<ele>902.09</ele>
				<time>2026-09-10T10:48:34.214Z</time>
			</trkpt>
			<trkpt lat="37.33676" lon="-2.50812">
				<ele>897.5</ele>
				<time>2026-09-10T10:48:35.268Z</time>
			</trkpt>
			<trkpt lat="37.33681" lon="-2.50802">
				<ele>895.33</ele>
				<time>2026-09-10T10:48:35.877Z</time>
			</trkpt>
			<trkpt lat="37.33687" lon="-2.50794">
				<ele>893.49</ele>
				<time>2026-09-10T10:48:36.445Z</time>
			</trkpt>
			<trkpt lat="37.33705" lon="-2.50782">
				<ele>889.81</ele>
				<time>2026-09-10T10:48:37.768Z</time>
			</trkpt>
			<trkpt lat="37.33724" lon="-2.50778">
				<ele>887.57</ele>
				<time>2026-09-10T10:48:39.020Z</time>
			</trkpt>
			<trkpt lat="37.33742" lon="-2.50783">
				<ele>885.22</ele>
				<time>2026-09-10T10:48:40.219Z</time>
			</trkpt>
			<trkpt lat="37.33758" lon="-2.50797">
				<ele>883.84</ele>
				<time>2026-09-10T10:48:41.489Z</time>
			</trkpt>
			<trkpt lat="37.33765" lon="-2.50808">
				<ele>883.15</ele>
				<time>2026-09-10T10:48:42.219Z</time>
			</trkpt>
			<trkpt lat="37.33772" lon="-2.50823">
				<ele>882.17</ele>
				<time>2026-09-10T10:48:43.121Z</time>
			</trkpt>
			<trkpt lat="37.33806" lon="-2.50952">
				<ele>879.23</ele>
				<time>2026-09-10T10:48:50.191Z</time>
			</trkpt>
			<trkpt lat="37.33813" lon="-2.50967">
				<ele>876.6</ele>
				<time>2026-09-10T10:48:51.099Z</time>
			</trkpt>
			<trkpt lat="37.33821" lon="-2.50979">
				<ele>874.38</ele>
				<time>2026-09-10T10:48:51.917Z</time>
			</trkpt>
			<trkpt lat="37.33831" lon="-2.5099">
				<ele>872.99</ele>
				<time>2026-09-10T10:48:52.790Z</time>
			</trkpt>
			<trkpt lat="37.33841" lon="-2.50998">
				<ele>873.93</ele>
				<time>2026-09-10T10:48:53.570Z</time>
			</trkpt>
			<trkpt lat="37.33854" lon="-2.51003">
				<ele>874.97</ele>
				<time>2026-09-10T10:48:54.465Z</time>
			</trkpt>
			<trkpt lat="37.33869" lon="-2.51005">
				<ele>874.86</ele>
				<time>2026-09-10T10:48:55.459Z</time>
			</trkpt>
			<trkpt lat="37.33883" lon="-2.51004">
				<ele>874.05</ele>
				<time>2026-09-10T10:48:56.384Z</time>
			</trkpt>
			<trkpt lat="37.33896" lon="-2.50999">
				<ele>870.88</ele>
				<time>2026-09-10T10:48:57.281Z</time>
			</trkpt>
			<trkpt lat="37.33909" lon="-2.5099">
				<ele>865.75</ele>
				<time>2026-09-10T10:48:58.261Z</time>
			</trkpt>
			<trkpt lat="37.34019" lon="-2.5088">
				<ele>851.29</ele>
				<time>2026-09-10T10:49:07.588Z</time>
			</trkpt>
			<trkpt lat="37.34033" lon="-2.5086">
				<ele>851.23</ele>
				<time>2026-09-10T10:49:09.001Z</time>
			</trkpt>
			<trkpt lat="37.34038" lon="-2.50847">
				<ele>848.4</ele>
				<time>2026-09-10T10:49:09.768Z</time>
			</trkpt>
			<trkpt lat="37.3404" lon="-2.50829">
				<ele>845.41</ele>
				<time>2026-09-10T10:49:10.734Z</time>
			</trkpt>
			<trkpt lat="37.3404" lon="-2.50816">
				<ele>843.1</ele>
				<time>2026-09-10T10:49:11.425Z</time>
			</trkpt>
			<trkpt lat="37.34038" lon="-2.50804">
				<ele>841.4</ele>
				<time>2026-09-10T10:49:12.078Z</time>
			</trkpt>
			<trkpt lat="37.34032" lon="-2.50792">
				<ele>840.85</ele>
				<time>2026-09-10T10:49:12.833Z</time>
			</trkpt>
			<trkpt lat="37.34021" lon="-2.50776">
				<ele>839.46</ele>
				<time>2026-09-10T10:49:13.960Z</time>
			</trkpt>
			<trkpt lat="37.33997" lon="-2.50762">
				<ele>837.55</ele>
				<time>2026-09-10T10:49:15.736Z</time>
			</trkpt>
			<trkpt lat="37.33951" lon="-2.50749">
				<ele>835.45</ele>
				<time>2026-09-10T10:49:18.910Z</time>
			</trkpt>
			<trkpt lat="37.33942" lon="-2.50745">
				<ele>835.3</ele>
				<time>2026-09-10T10:49:19.553Z</time>
			</trkpt>
			<trkpt lat="37.33927" lon="-2.50732">
				<ele>834.94</ele>
				<time>2026-09-10T10:49:20.783Z</time>
			</trkpt>
			<trkpt lat="37.33916" lon="-2.50715">
				<ele>834.66</ele>
				<time>2026-09-10T10:49:21.961Z</time>
			</trkpt>
			<trkpt lat="37.33913" lon="-2.50704">
				<ele>835.42</ele>
				<time>2026-09-10T10:49:22.587Z</time>
			</trkpt>
			<trkpt lat="37.3391" lon="-2.50683">
				<ele>835.72</ele>
				<time>2026-09-10T10:49:23.735Z</time>
			</trkpt>
			<trkpt lat="37.33912" lon="-2.5066">
				<ele>834.34</ele>
				<time>2026-09-10T10:49:24.983Z</time>
			</trkpt>
			<trkpt lat="37.33932" lon="-2.50544">
				<ele>829.11</ele>
				<time>2026-09-10T10:49:31.408Z</time>
			</trkpt>
			<trkpt lat="37.33936" lon="-2.50526">
				<ele>828.71</ele>
				<time>2026-09-10T10:49:32.424Z</time>
			</trkpt>
			<trkpt lat="37.33946" lon="-2.50496">
				<ele>825.55</ele>
				<time>2026-09-10T10:49:34.195Z</time>
			</trkpt>
			<trkpt lat="37.33959" lon="-2.50476">
				<ele>819.47</ele>
				<time>2026-09-10T10:49:35.604Z</time>
			</trkpt>
			<trkpt lat="37.33975" lon="-2.50462">
				<ele>814.76</ele>
				<time>2026-09-10T10:49:36.942Z</time>
			</trkpt>
			<trkpt lat="37.33994" lon="-2.50455">
				<ele>812.81</ele>
				<time>2026-09-10T10:49:38.305Z</time>
			</trkpt>
			<trkpt lat="37.34016" lon="-2.50456">
				<ele>811.9</ele>
				<time>2026-09-10T10:49:39.822Z</time>
			</trkpt>
			<trkpt lat="37.34028" lon="-2.50459">
				<ele>811.47</ele>
				<time>2026-09-10T10:49:40.666Z</time>
			</trkpt>
			<trkpt lat="37.34039" lon="-2.50466">
				<ele>810.23</ele>
				<time>2026-09-10T10:49:41.518Z</time>
			</trkpt>
			<trkpt lat="37.3405" lon="-2.50477">
				<ele>808.75</ele>
				<time>2026-09-10T10:49:42.489Z</time>
			</trkpt>
			<trkpt lat="37.34062" lon="-2.50495">
				<ele>805.9</ele>
				<time>2026-09-10T10:49:43.782Z</time>
			</trkpt>
			<trkpt lat="37.34073" lon="-2.50523">
				<ele>803.18</ele>
				<time>2026-09-10T10:49:45.505Z</time>
			</trkpt>
			<trkpt lat="37.34136" lon="-2.50709">
				<ele>806.5</ele>
				<time>2026-09-10T10:49:56.739Z</time>
			</trkpt>
			<trkpt lat="37.34143" lon="-2.50745">
				<ele>808.69</ele>
				<time>2026-09-10T10:49:58.815Z</time>
			</trkpt>
			<trkpt lat="37.34144" lon="-2.50759">
				<ele>810.42</ele>
				<time>2026-09-10T10:49:59.603Z</time>
			</trkpt>
			<trkpt lat="37.34142" lon="-2.50786">
				<ele>814.05</ele>
				<time>2026-09-10T10:50:01.127Z</time>
			</trkpt>
			<trkpt lat="37.34137" lon="-2.50819">
				<ele>817.23</ele>
				<time>2026-09-10T10:50:03.019Z</time>
			</trkpt>
			<trkpt lat="37.34134" lon="-2.50852">
				<ele>818.03</ele>
				<time>2026-09-10T10:50:04.894Z</time>
			</trkpt>
			<trkpt lat="37.34134" lon="-2.50866">
				<ele>817.35</ele>
				<time>2026-09-10T10:50:05.685Z</time>
			</trkpt>
			<trkpt lat="37.3414" lon="-2.5089">
				<ele>814.66</ele>
				<time>2026-09-10T10:50:07.110Z</time>
			</trkpt>
			<trkpt lat="37.34145" lon="-2.509">
				<ele>813.58</ele>
				<time>2026-09-10T10:50:07.779Z</time>
			</trkpt>
			<trkpt lat="37.34157" lon="-2.50914">
				<ele>811.58</ele>
				<time>2026-09-10T10:50:08.948Z</time>
			</trkpt>
			<trkpt lat="37.34173" lon="-2.50924">
				<ele>809.97</ele>
				<time>2026-09-10T10:50:10.225Z</time>
			</trkpt>
			<trkpt lat="37.34186" lon="-2.50926">
				<ele>809.15</ele>
				<time>2026-09-10T10:50:11.163Z</time>
			</trkpt>
			<trkpt lat="37.34198" lon="-2.50925">
				<ele>808.62</ele>
				<time>2026-09-10T10:50:12.025Z</time>
			</trkpt>
			<trkpt lat="37.34214" lon="-2.50917">
				<ele>808.4</ele>
				<time>2026-09-10T10:50:13.261Z</time>
			</trkpt>
			<trkpt lat="37.34227" lon="-2.50906">
				<ele>807.37</ele>
				<time>2026-09-10T10:50:14.387Z</time>
			</trkpt>
			<trkpt lat="37.34243" lon="-2.50888">
				<ele>804.52</ele>
				<time>2026-09-10T10:50:15.933Z</time>
			</trkpt>
			<trkpt lat="37.34271" lon="-2.5085">
				<ele>798.49</ele>
				<time>2026-09-10T10:50:18.908Z</time>
			</trkpt>
			<trkpt lat="37.34282" lon="-2.50829">
				<ele>796.83</ele>
				<time>2026-09-10T10:50:20.356Z</time>
			</trkpt>
			<trkpt lat="37.34294" lon="-2.50777">
				<ele>792.1</ele>
				<time>2026-09-10T10:50:23.483Z</time>
			</trkpt>
			<trkpt lat="37.34303" lon="-2.50719">
				<ele>783.9</ele>
				<time>2026-09-10T10:50:26.911Z</time>
			</trkpt>
			<trkpt lat="37.34305" lon="-2.50688">
				<ele>781.57</ele>
				<time>2026-09-10T10:50:28.721Z</time>
			</trkpt>
			<trkpt lat="37.3428" lon="-2.50403">
				<ele>777.37</ele>
				<time>2026-09-10T10:50:45.619Z</time>
			</trkpt>
			<trkpt lat="37.3428" lon="-2.50389">
				<ele>776</ele>
				<time>2026-09-10T10:50:46.454Z</time>
			</trkpt>
			<trkpt lat="37.34284" lon="-2.50378">
				<ele>776.31</ele>
				<time>2026-09-10T10:50:47.176Z</time>
			</trkpt>
			<trkpt lat="37.34291" lon="-2.50372">
				<ele>776.3</ele>
				<time>2026-09-10T10:50:47.813Z</time>
			</trkpt>
			<trkpt lat="37.34301" lon="-2.50373">
				<ele>776.09</ele>
				<time>2026-09-10T10:50:48.568Z</time>
			</trkpt>
			<trkpt lat="37.34308" lon="-2.50381">
				<ele>775.78</ele>
				<time>2026-09-10T10:50:49.280Z</time>
			</trkpt>
			<trkpt lat="37.34324" lon="-2.504">
				<ele>774.63</ele>
				<time>2026-09-10T10:50:50.940Z</time>
			</trkpt>
			<trkpt lat="37.34352" lon="-2.50429">
				<ele>772.69</ele>
				<time>2026-09-10T10:50:53.685Z</time>
			</trkpt>
			<trkpt lat="37.34372" lon="-2.50453">
				<ele>772.88</ele>
				<time>2026-09-10T10:50:55.784Z</time>
			</trkpt>
			<trkpt lat="37.34378" lon="-2.50465">
				<ele>773.41</ele>
				<time>2026-09-10T10:50:56.641Z</time>
			</trkpt>
			<trkpt lat="37.34384" lon="-2.50483">
				<ele>773.72</ele>
				<time>2026-09-10T10:50:57.824Z</time>
			</trkpt>
			<trkpt lat="37.34386" lon="-2.50514">
				<ele>774.54</ele>
				<time>2026-09-10T10:50:59.712Z</time>
			</trkpt>
			<trkpt lat="37.34389" lon="-2.5054">
				<ele>774.91</ele>
				<time>2026-09-10T10:51:01.310Z</time>
			</trkpt>
			<trkpt lat="37.34395" lon="-2.5056">
				<ele>774.64</ele>
				<time>2026-09-10T10:51:02.614Z</time>
			</trkpt>
			<trkpt lat="37.34442" lon="-2.50626">
				<ele>775.22</ele>
				<time>2026-09-10T10:51:08.069Z</time>
			</trkpt>
			<trkpt lat="37.34513" lon="-2.50691">
				<ele>776.17</ele>
				<time>2026-09-10T10:51:15.180Z</time>
			</trkpt>
			<trkpt lat="37.34521" lon="-2.50702">
				<ele>776.37</ele>
				<time>2026-09-10T10:51:16.166Z</time>
			</trkpt>
			<trkpt lat="37.34526" lon="-2.50714">
				<ele>776.63</ele>
				<time>2026-09-10T10:51:17.067Z</time>
			</trkpt>
			<trkpt lat="37.34528" lon="-2.50729">
				<ele>777.6</ele>
				<time>2026-09-10T10:51:18.084Z</time>
			</trkpt>
			<trkpt lat="37.34528" lon="-2.50738">
				<ele>778.61</ele>
				<time>2026-09-10T10:51:18.688Z</time>
			</trkpt>
			<trkpt lat="37.34507" lon="-2.50805">
				<ele>783.57</ele>
				<time>2026-09-10T10:51:23.589Z</time>
			</trkpt>
			<trkpt lat="37.34498" lon="-2.50845">
				<ele>788.44</ele>
				<time>2026-09-10T10:51:26.465Z</time>
			</trkpt>
			<trkpt lat="37.34499" lon="-2.50856">
				<ele>789.41</ele>
				<time>2026-09-10T10:51:27.236Z</time>
			</trkpt>
			<trkpt lat="37.34505" lon="-2.50868">
				<ele>789</ele>
				<time>2026-09-10T10:51:28.227Z</time>
			</trkpt>
			<trkpt lat="37.34519" lon="-2.50884">
				<ele>787.13</ele>
				<time>2026-09-10T10:51:29.896Z</time>
			</trkpt>
			<trkpt lat="37.34606" lon="-2.50957">
				<ele>782.49</ele>
				<time>2026-09-10T10:51:39.258Z</time>
			</trkpt>
			<trkpt lat="37.3462" lon="-2.50971">
				<ele>780.74</ele>
				<time>2026-09-10T10:51:40.876Z</time>
			</trkpt>
			<trkpt lat="37.34636" lon="-2.50981">
				<ele>779.75</ele>
				<time>2026-09-10T10:51:42.495Z</time>
			</trkpt>
			<trkpt lat="37.3466" lon="-2.50989">
				<ele>779.41</ele>
				<time>2026-09-10T10:51:44.749Z</time>
			</trkpt>
			<trkpt lat="37.34913" lon="-2.51041">
				<ele>767.84</ele>
				<time>2026-09-10T10:52:07.930Z</time>
			</trkpt>
			<trkpt lat="37.34955" lon="-2.51048">
				<ele>768.9</ele>
				<time>2026-09-10T10:52:11.671Z</time>
			</trkpt>
			<trkpt lat="37.35017" lon="-2.51054">
				<ele>763.89</ele>
				<time>2026-09-10T10:52:17.074Z</time>
			</trkpt>
			<trkpt lat="37.35032" lon="-2.51058">
				<ele>761.57</ele>
				<time>2026-09-10T10:52:18.388Z</time>
			</trkpt>
			<trkpt lat="37.35056" lon="-2.51058">
				<ele>760.75</ele>
				<time>2026-09-10T10:52:20.428Z</time>
			</trkpt>
			<trkpt lat="37.35061" lon="-2.51058">
				<ele>760.61</ele>
				<time>2026-09-10T10:52:20.850Z</time>
			</trkpt>
			<trkpt lat="37.35067" lon="-2.51064">
				<ele>759.82</ele>
				<time>2026-09-10T10:52:21.495Z</time>
			</trkpt>
			<trkpt lat="37.35068" lon="-2.51068">
				<ele>759.49</ele>
				<time>2026-09-10T10:52:21.775Z</time>
			</trkpt>
			<trkpt lat="37.35064" lon="-2.51076">
				<ele>758.72</ele>
				<time>2026-09-10T10:52:22.405Z</time>
			</trkpt>
			<trkpt lat="37.3506" lon="-2.51078">
				<ele>758.55</ele>
				<time>2026-09-10T10:52:22.765Z</time>
			</trkpt>
			<trkpt lat="37.35058" lon="-2.51093">
				<ele>757.34</ele>
				<time>2026-09-10T10:52:23.771Z</time>
			</trkpt>
			<trkpt lat="37.3506" lon="-2.51103">
				<ele>756.5</ele>
				<time>2026-09-10T10:52:24.450Z</time>
			</trkpt>
			<trkpt lat="37.3506" lon="-2.51112">
				<ele>755.8</ele>
				<time>2026-09-10T10:52:25.040Z</time>
			</trkpt>
			<trkpt lat="37.35042" lon="-2.51266">
				<ele>761.21</ele>
				<time>2026-09-10T10:52:34.864Z</time>
			</trkpt>
			<trkpt lat="37.35035" lon="-2.51297">
				<ele>760.49</ele>
				<time>2026-09-10T10:52:36.796Z</time>
			</trkpt>
			<trkpt lat="37.3501" lon="-2.51366">
				<ele>758.36</ele>
				<time>2026-09-10T10:52:41.193Z</time>
			</trkpt>
			<trkpt lat="37.34971" lon="-2.51455">
				<ele>761.28</ele>
				<time>2026-09-10T10:52:46.936Z</time>
			</trkpt>
			<trkpt lat="37.3496" lon="-2.51484">
				<ele>760.82</ele>
				<time>2026-09-10T10:52:48.733Z</time>
			</trkpt>
			<trkpt lat="37.34946" lon="-2.5154">
				<ele>762.75</ele>
				<time>2026-09-10T10:52:51.994Z</time>
			</trkpt>
			<trkpt lat="37.34941" lon="-2.51589">
				<ele>764.14</ele>
				<time>2026-09-10T10:52:54.716Z</time>
			</trkpt>
			<trkpt lat="37.3492" lon="-2.51674">
				<ele>763.13</ele>
				<time>2026-09-10T10:52:59.569Z</time>
			</trkpt>
			<trkpt lat="37.34918" lon="-2.51692">
				<ele>763.55</ele>
				<time>2026-09-10T10:53:00.552Z</time>
			</trkpt>
			<trkpt lat="37.34918" lon="-2.51714">
				<ele>763.57</ele>
				<time>2026-09-10T10:53:01.739Z</time>
			</trkpt>
			<trkpt lat="37.34922" lon="-2.51731">
				<ele>762.52</ele>
				<time>2026-09-10T10:53:02.692Z</time>
			</trkpt>
			<trkpt lat="37.34935" lon="-2.51765">
				<ele>759.15</ele>
				<time>2026-09-10T10:53:04.713Z</time>
			</trkpt>
			<trkpt lat="37.34957" lon="-2.51788">
				<ele>757.16</ele>
				<time>2026-09-10T10:53:06.630Z</time>
			</trkpt>
			<trkpt lat="37.35091" lon="-2.51864">
				<ele>757.92</ele>
				<time>2026-09-10T10:53:16.330Z</time>
			</trkpt>
			<trkpt lat="37.35111" lon="-2.5188">
				<ele>760.05</ele>
				<time>2026-09-10T10:53:17.871Z</time>
			</trkpt>
			<trkpt lat="37.35123" lon="-2.51906">
				<ele>761.5</ele>
				<time>2026-09-10T10:53:19.418Z</time>
			</trkpt>
			<trkpt lat="37.35127" lon="-2.51933">
				<ele>763.07</ele>
				<time>2026-09-10T10:53:20.827Z</time>
			</trkpt>
			<trkpt lat="37.35132" lon="-2.52067">
				<ele>766.79</ele>
				<time>2026-09-10T10:53:27.632Z</time>
			</trkpt>
			<trkpt lat="37.35136" lon="-2.52095">
				<ele>767.74</ele>
				<time>2026-09-10T10:53:29.060Z</time>
			</trkpt>
			<trkpt lat="37.35148" lon="-2.52129">
				<ele>768.84</ele>
				<time>2026-09-10T10:53:30.920Z</time>
			</trkpt>
			<trkpt lat="37.35182" lon="-2.52154">
				<ele>771.95</ele>
				<time>2026-09-10T10:53:33.383Z</time>
			</trkpt>
			<trkpt lat="37.35192" lon="-2.52169">
				<ele>772.96</ele>
				<time>2026-09-10T10:53:34.352Z</time>
			</trkpt>
			<trkpt lat="37.35199" lon="-2.52184">
				<ele>774.36</ele>
				<time>2026-09-10T10:53:35.211Z</time>
			</trkpt>
			<trkpt lat="37.35211" lon="-2.52217">
				<ele>776.1</ele>
				<time>2026-09-10T10:53:36.998Z</time>
			</trkpt>
			<trkpt lat="37.35218" lon="-2.52229">
				<ele>776.33</ele>
				<time>2026-09-10T10:53:37.728Z</time>
			</trkpt>
			<trkpt lat="37.35226" lon="-2.52238">
				<ele>776.65</ele>
				<time>2026-09-10T10:53:38.390Z</time>
			</trkpt>
			<trkpt lat="37.35237" lon="-2.52246">
				<ele>777.63</ele>
				<time>2026-09-10T10:53:39.172Z</time>
			</trkpt>
			<trkpt lat="37.35335" lon="-2.52286">
				<ele>781.04</ele>
				<time>2026-09-10T10:53:45.457Z</time>
			</trkpt>
			<trkpt lat="37.35352" lon="-2.523">
				<ele>782.07</ele>
				<time>2026-09-10T10:53:46.686Z</time>
			</trkpt>
			<trkpt lat="37.35369" lon="-2.52323">
				<ele>785.94</ele>
				<time>2026-09-10T10:53:48.191Z</time>
			</trkpt>
			<trkpt lat="37.35375" lon="-2.52344">
				<ele>788.32</ele>
				<time>2026-09-10T10:53:49.257Z</time>
			</trkpt>
			<trkpt lat="37.35373" lon="-2.52365">
				<ele>789.6</ele>
				<time>2026-09-10T10:53:50.265Z</time>
			</trkpt>
			<trkpt lat="37.35347" lon="-2.52403">
				<ele>788.46</ele>
				<time>2026-09-10T10:53:52.646Z</time>
			</trkpt>
			<trkpt lat="37.35344" lon="-2.52422">
				<ele>788.23</ele>
				<time>2026-09-10T10:53:53.562Z</time>
			</trkpt>
			<trkpt lat="37.35346" lon="-2.52451">
				<ele>789.48</ele>
				<time>2026-09-10T10:53:54.936Z</time>
			</trkpt>
			<trkpt lat="37.35355" lon="-2.52482">
				<ele>790.6</ele>
				<time>2026-09-10T10:53:56.488Z</time>
			</trkpt>
			<trkpt lat="37.35369" lon="-2.52493">
				<ele>791.21</ele>
				<time>2026-09-10T10:53:57.462Z</time>
			</trkpt>
			<trkpt lat="37.35397" lon="-2.52494">
				<ele>794.2</ele>
				<time>2026-09-10T10:53:59.111Z</time>
			</trkpt>
			<trkpt lat="37.35422" lon="-2.52497">
				<ele>797.69</ele>
				<time>2026-09-10T10:54:00.584Z</time>
			</trkpt>
			<trkpt lat="37.35443" lon="-2.52507">
				<ele>799.9</ele>
				<time>2026-09-10T10:54:01.897Z</time>
			</trkpt>
			<trkpt lat="37.35458" lon="-2.52535">
				<ele>800.88</ele>
				<time>2026-09-10T10:54:03.462Z</time>
			</trkpt>
			<trkpt lat="37.35479" lon="-2.52622">
				<ele>806.71</ele>
				<time>2026-09-10T10:54:07.652Z</time>
			</trkpt>
			<trkpt lat="37.35505" lon="-2.52708">
				<ele>812.97</ele>
				<time>2026-09-10T10:54:11.858Z</time>
			</trkpt>
			<trkpt lat="37.35528" lon="-2.52742">
				<ele>813.34</ele>
				<time>2026-09-10T10:54:13.887Z</time>
			</trkpt>
			<trkpt lat="37.35558" lon="-2.52768">
				<ele>813.94</ele>
				<time>2026-09-10T10:54:15.962Z</time>
			</trkpt>
			<trkpt lat="37.35702" lon="-2.52849">
				<ele>823.39</ele>
				<time>2026-09-10T10:54:24.865Z</time>
			</trkpt>
			<trkpt lat="37.35736" lon="-2.52855">
				<ele>826.6</ele>
				<time>2026-09-10T10:54:26.787Z</time>
			</trkpt>
			<trkpt lat="37.35777" lon="-2.52852">
				<ele>831.13</ele>
				<time>2026-09-10T10:54:29.078Z</time>
			</trkpt>
			<trkpt lat="37.35802" lon="-2.52857">
				<ele>829.02</ele>
				<time>2026-09-10T10:54:30.487Z</time>
			</trkpt>
			<trkpt lat="37.35817" lon="-2.52879">
				<ele>827.58</ele>
				<time>2026-09-10T10:54:31.766Z</time>
			</trkpt>
			<trkpt lat="37.35825" lon="-2.52921">
				<ele>832.39</ele>
				<time>2026-09-10T10:54:33.669Z</time>
			</trkpt>
			<trkpt lat="37.35821" lon="-2.5299">
				<ele>835.43</ele>
				<time>2026-09-10T10:54:36.708Z</time>
			</trkpt>
			<trkpt lat="37.35827" lon="-2.53027">
				<ele>836</ele>
				<time>2026-09-10T10:54:38.362Z</time>
			</trkpt>
			<trkpt lat="37.35842" lon="-2.53055">
				<ele>841.42</ele>
				<time>2026-09-10T10:54:39.839Z</time>
			</trkpt>
			<trkpt lat="37.35865" lon="-2.53074">
				<ele>844.13</ele>
				<time>2026-09-10T10:54:41.350Z</time>
			</trkpt>
			<trkpt lat="37.35964" lon="-2.53128">
				<ele>852.9</ele>
				<time>2026-09-10T10:54:47.256Z</time>
			</trkpt>
			<trkpt lat="37.36168" lon="-2.5326">
				<ele>864.89</ele>
				<time>2026-09-10T10:54:59.725Z</time>
			</trkpt>
			<trkpt lat="37.36229" lon="-2.53306">
				<ele>867.73</ele>
				<time>2026-09-10T10:55:03.575Z</time>
			</trkpt>
			<trkpt lat="37.36294" lon="-2.53366">
				<ele>869.92</ele>
				<time>2026-09-10T10:55:07.935Z</time>
			</trkpt>
			<trkpt lat="37.36315" lon="-2.53392">
				<ele>870.82</ele>
				<time>2026-09-10T10:55:09.528Z</time>
			</trkpt>
			<trkpt lat="37.36341" lon="-2.53441">
				<ele>873.99</ele>
				<time>2026-09-10T10:55:12.059Z</time>
			</trkpt>
			<trkpt lat="37.36457" lon="-2.53709">
				<ele>876.18</ele>
				<time>2026-09-10T10:55:25.187Z</time>
			</trkpt>
			<trkpt lat="37.36493" lon="-2.53798">
				<ele>875.19</ele>
				<time>2026-09-10T10:55:29.499Z</time>
			</trkpt>
			<trkpt lat="37.3659" lon="-2.54071">
				<ele>880.27</ele>
				<time>2026-09-10T10:55:42.494Z</time>
			</trkpt>
			<trkpt lat="37.36603" lon="-2.5415">
				<ele>885.44</ele>
				<time>2026-09-10T10:55:46.028Z</time>
			</trkpt>
			<trkpt lat="37.36597" lon="-2.54235">
				<ele>893.95</ele>
				<time>2026-09-10T10:55:49.783Z</time>
			</trkpt>
			<trkpt lat="37.36585" lon="-2.54317">
				<ele>895.38</ele>
				<time>2026-09-10T10:55:53.470Z</time>
			</trkpt>
			<trkpt lat="37.36583" lon="-2.54365">
				<ele>899.38</ele>
				<time>2026-09-10T10:55:55.604Z</time>
			</trkpt>
			<trkpt lat="37.36593" lon="-2.5439">
				<ele>901.32</ele>
				<time>2026-09-10T10:55:56.850Z</time>
			</trkpt>
			<trkpt lat="37.36614" lon="-2.54407">
				<ele>901.17</ele>
				<time>2026-09-10T10:55:58.251Z</time>
			</trkpt>
			<trkpt lat="37.36638" lon="-2.54411">
				<ele>900.78</ele>
				<time>2026-09-10T10:55:59.612Z</time>
			</trkpt>
			<trkpt lat="37.36654" lon="-2.54527">
				<ele>907.1</ele>
				<time>2026-09-10T10:56:04.903Z</time>
			</trkpt>
			<trkpt lat="37.36679" lon="-2.54629">
				<ele>911.66</ele>
				<time>2026-09-10T10:56:09.741Z</time>
			</trkpt>
			<trkpt lat="37.36724" lon="-2.54742">
				<ele>912.21</ele>
				<time>2026-09-10T10:56:15.525Z</time>
			</trkpt>
			<trkpt lat="37.37352" lon="-2.55956">
				<ele>940.63</ele>
				<time>2026-09-10T10:57:21.833Z</time>
			</trkpt>
			<trkpt lat="37.37456" lon="-2.5615">
				<ele>936.52</ele>
				<time>2026-09-10T10:57:32.511Z</time>
			</trkpt>
			<trkpt lat="37.37525" lon="-2.56304">
				<ele>939.71</ele>
				<time>2026-09-10T10:57:40.572Z</time>
			</trkpt>
			<trkpt lat="37.37789" lon="-2.57015">
				<ele>954.98</ele>
				<time>2026-09-10T10:58:16.292Z</time>
			</trkpt>
			<trkpt lat="37.37942" lon="-2.57419">
				<ele>947.06</ele>
				<time>2026-09-10T10:58:36.619Z</time>
			</trkpt>
			<trkpt lat="37.38051" lon="-2.57696">
				<ele>954.15</ele>
				<time>2026-09-10T10:58:50.642Z</time>
			</trkpt>
			<trkpt lat="37.38086" lon="-2.57778">
				<ele>954.4</ele>
				<time>2026-09-10T10:58:54.862Z</time>
			</trkpt>
			<trkpt lat="37.38126" lon="-2.57837">
				<ele>955.29</ele>
				<time>2026-09-10T10:58:58.377Z</time>
			</trkpt>
			<trkpt lat="37.38231" lon="-2.57967">
				<ele>956.6</ele>
				<time>2026-09-10T10:59:06.776Z</time>
			</trkpt>
			<trkpt lat="37.38545" lon="-2.58475">
				<ele>961.91</ele>
				<time>2026-09-10T10:59:35.899Z</time>
			</trkpt>
			<trkpt lat="37.38611" lon="-2.58532">
				<ele>960.77</ele>
				<time>2026-09-10T10:59:40.453Z</time>
			</trkpt>
			<trkpt lat="37.38741" lon="-2.58586">
				<ele>957.09</ele>
				<time>2026-09-10T10:59:48.238Z</time>
			</trkpt>
			<trkpt lat="37.38806" lon="-2.5863">
				<ele>954.37</ele>
				<time>2026-09-10T10:59:52.434Z</time>
			</trkpt>
			<trkpt lat="37.38871" lon="-2.58724">
				<ele>952.31</ele>
				<time>2026-09-10T10:59:58.061Z</time>
			</trkpt>
			<trkpt lat="37.38975" lon="-2.58922">
				<ele>941.42</ele>
				<time>2026-09-10T11:00:08.773Z</time>
			</trkpt>
			<trkpt lat="37.39068" lon="-2.59022">
				<ele>942.16</ele>
				<time>2026-09-10T11:00:15.718Z</time>
			</trkpt>
			<trkpt lat="37.39205" lon="-2.59136">
				<ele>954.16</ele>
				<time>2026-09-10T11:00:25.038Z</time>
			</trkpt>
			<trkpt lat="37.3931" lon="-2.5922">
				<ele>960.14</ele>
				<time>2026-09-10T11:00:32.096Z</time>
			</trkpt>
			<trkpt lat="37.39342" lon="-2.59244">
				<ele>962.34</ele>
				<time>2026-09-10T11:00:34.209Z</time>
			</trkpt>
			<trkpt lat="37.39426" lon="-2.59313">
				<ele>964.97</ele>
				<time>2026-09-10T11:00:39.896Z</time>
			</trkpt>
			<trkpt lat="37.39786" lon="-2.596">
				<ele>971.29</ele>
				<time>2026-09-10T11:01:04.040Z</time>
			</trkpt>
			<trkpt lat="37.39912" lon="-2.59704">
				<ele>973.76</ele>
				<time>2026-09-10T11:01:12.570Z</time>
			</trkpt>
			<trkpt lat="37.39932" lon="-2.59725">
				<ele>972.84</ele>
				<time>2026-09-10T11:01:14.044Z</time>
			</trkpt>
			<trkpt lat="37.39968" lon="-2.59773">
				<ele>970.21</ele>
				<time>2026-09-10T11:01:17.012Z</time>
			</trkpt>
			<trkpt lat="37.39986" lon="-2.59814">
				<ele>971.76</ele>
				<time>2026-09-10T11:01:19.118Z</time>
			</trkpt>
			<trkpt lat="37.39994" lon="-2.59842">
				<ele>973.64</ele>
				<time>2026-09-10T11:01:20.455Z</time>
			</trkpt>
			<trkpt lat="37.40002" lon="-2.59895">
				<ele>976.42</ele>
				<time>2026-09-10T11:01:22.880Z</time>
			</trkpt>
			<trkpt lat="37.40004" lon="-2.59933">
				<ele>978.09</ele>
				<time>2026-09-10T11:01:24.592Z</time>
			</trkpt>
			<trkpt lat="37.40005" lon="-2.60145">
				<ele>983.82</ele>
				<time>2026-09-10T11:01:34.118Z</time>
			</trkpt>
			<trkpt lat="37.40018" lon="-2.6024">
				<ele>984.46</ele>
				<time>2026-09-10T11:01:38.448Z</time>
			</trkpt>
			<trkpt lat="37.40226" lon="-2.61035">
				<ele>980.76</ele>
				<time>2026-09-10T11:02:16.013Z</time>
			</trkpt>
			<trkpt lat="37.40433" lon="-2.61845">
				<ele>969.39</ele>
				<time>2026-09-10T11:02:54.147Z</time>
			</trkpt>
			<trkpt lat="37.40463" lon="-2.61957">
				<ele>970.44</ele>
				<time>2026-09-10T11:02:59.440Z</time>
			</trkpt>
			<trkpt lat="37.40481" lon="-2.6203">
				<ele>973.44</ele>
				<time>2026-09-10T11:03:02.863Z</time>
			</trkpt>
			<trkpt lat="37.40939" lon="-2.63789">
				<ele>985</ele>
				<time>2026-09-10T11:04:25.664Z</time>
			</trkpt>
			<trkpt lat="37.41478" lon="-2.65868">
				<ele>982.58</ele>
				<time>2026-09-10T11:06:03.354Z</time>
			</trkpt>
			<trkpt lat="37.41512" lon="-2.65996">
				<ele>981</ele>
				<time>2026-09-10T11:06:09.382Z</time>
			</trkpt>
			<trkpt lat="37.41571" lon="-2.6617">
				<ele>976.43</ele>
				<time>2026-09-10T11:06:17.831Z</time>
			</trkpt>
			<trkpt lat="37.41603" lon="-2.66256">
				<ele>974.82</ele>
				<time>2026-09-10T11:06:22.072Z</time>
			</trkpt>
			<trkpt lat="37.41637" lon="-2.66338">
				<ele>971.19</ele>
				<time>2026-09-10T11:06:26.203Z</time>
			</trkpt>
			<trkpt lat="37.41677" lon="-2.66427">
				<ele>965.26</ele>
				<time>2026-09-10T11:06:30.770Z</time>
			</trkpt>
			<trkpt lat="37.41766" lon="-2.66608">
				<ele>947.53</ele>
				<time>2026-09-10T11:06:40.277Z</time>
			</trkpt>
			<trkpt lat="37.41788" lon="-2.66649">
				<ele>943.07</ele>
				<time>2026-09-10T11:06:42.487Z</time>
			</trkpt>
			<trkpt lat="37.41885" lon="-2.66843">
				<ele>936.91</ele>
				<time>2026-09-10T11:06:52.726Z</time>
			</trkpt>
			<trkpt lat="37.41945" lon="-2.66954">
				<ele>935.92</ele>
				<time>2026-09-10T11:06:58.724Z</time>
			</trkpt>
			<trkpt lat="37.41997" lon="-2.67058">
				<ele>938.24</ele>
				<time>2026-09-10T11:07:04.213Z</time>
			</trkpt>
			<trkpt lat="37.42083" lon="-2.67235">
				<ele>939.98</ele>
				<time>2026-09-10T11:07:13.482Z</time>
			</trkpt>
			<trkpt lat="37.42115" lon="-2.67314">
				<ele>940.54</ele>
				<time>2026-09-10T11:07:17.444Z</time>
			</trkpt>
			<trkpt lat="37.42136" lon="-2.67384">
				<ele>944.63</ele>
				<time>2026-09-10T11:07:20.787Z</time>
			</trkpt>
			<trkpt lat="37.42198" lon="-2.67562">
				<ele>948</ele>
				<time>2026-09-10T11:07:29.472Z</time>
			</trkpt>
			<trkpt lat="37.42242" lon="-2.67695">
				<ele>946.27</ele>
				<time>2026-09-10T11:07:35.910Z</time>
			</trkpt>
			<trkpt lat="37.42324" lon="-2.67955">
				<ele>952.05</ele>
				<time>2026-09-10T11:07:48.413Z</time>
			</trkpt>
			<trkpt lat="37.42615" lon="-2.68899">
				<ele>942.34</ele>
				<time>2026-09-10T11:08:33.693Z</time>
			</trkpt>
			<trkpt lat="37.42629" lon="-2.68941">
				<ele>940.64</ele>
				<time>2026-09-10T11:08:35.731Z</time>
			</trkpt>
			<trkpt lat="37.4265" lon="-2.68994">
				<ele>940</ele>
				<time>2026-09-10T11:08:38.381Z</time>
			</trkpt>
			<trkpt lat="37.42669" lon="-2.69038">
				<ele>940</ele>
				<time>2026-09-10T11:08:40.622Z</time>
			</trkpt>
			<trkpt lat="37.42695" lon="-2.69093">
				<ele>939.62</ele>
				<time>2026-09-10T11:08:43.486Z</time>
			</trkpt>
			<trkpt lat="37.42722" lon="-2.69141">
				<ele>937.92</ele>
				<time>2026-09-10T11:08:46.118Z</time>
			</trkpt>
			<trkpt lat="37.42761" lon="-2.69204">
				<ele>934.58</ele>
				<time>2026-09-10T11:08:49.693Z</time>
			</trkpt>
			<trkpt lat="37.42904" lon="-2.69402">
				<ele>931.65</ele>
				<time>2026-09-10T11:09:01.674Z</time>
			</trkpt>
			<trkpt lat="37.42922" lon="-2.69422">
				<ele>931.18</ele>
				<time>2026-09-10T11:09:03.027Z</time>
			</trkpt>
			<trkpt lat="37.43018" lon="-2.69553">
				<ele>930.35</ele>
				<time>2026-09-10T11:09:11.009Z</time>
			</trkpt>
			<trkpt lat="37.43117" lon="-2.69688">
				<ele>922.26</ele>
				<time>2026-09-10T11:09:19.239Z</time>
			</trkpt>
			<trkpt lat="37.43128" lon="-2.69706">
				<ele>922</ele>
				<time>2026-09-10T11:09:20.257Z</time>
			</trkpt>
			<trkpt lat="37.43227" lon="-2.6984">
				<ele>918.36</ele>
				<time>2026-09-10T11:09:28.457Z</time>
			</trkpt>
			<trkpt lat="37.43269" lon="-2.699">
				<ele>916.44</ele>
				<time>2026-09-10T11:09:32.041Z</time>
			</trkpt>
			<trkpt lat="37.43283" lon="-2.69922">
				<ele>914.71</ele>
				<time>2026-09-10T11:09:33.304Z</time>
			</trkpt>
			<trkpt lat="37.43313" lon="-2.69981">
				<ele>913.71</ele>
				<time>2026-09-10T11:09:36.444Z</time>
			</trkpt>
			<trkpt lat="37.43331" lon="-2.70023">
				<ele>911.27</ele>
				<time>2026-09-10T11:09:38.583Z</time>
			</trkpt>
			<trkpt lat="37.43344" lon="-2.70061">
				<ele>910.32</ele>
				<time>2026-09-10T11:09:40.438Z</time>
			</trkpt>
			<trkpt lat="37.43355" lon="-2.70101">
				<ele>910</ele>
				<time>2026-09-10T11:09:42.335Z</time>
			</trkpt>
			<trkpt lat="37.43363" lon="-2.70142">
				<ele>908.6</ele>
				<time>2026-09-10T11:09:44.228Z</time>
			</trkpt>
			<trkpt lat="37.43373" lon="-2.70227">
				<ele>901.41</ele>
				<time>2026-09-10T11:09:48.080Z</time>
			</trkpt>
			<trkpt lat="37.43378" lon="-2.70338">
				<ele>900.07</ele>
				<time>2026-09-10T11:09:53.066Z</time>
			</trkpt>
			<trkpt lat="37.43382" lon="-2.70392">
				<ele>895.1</ele>
				<time>2026-09-10T11:09:55.498Z</time>
			</trkpt>
			<trkpt lat="37.43391" lon="-2.70448">
				<ele>894.11</ele>
				<time>2026-09-10T11:09:58.061Z</time>
			</trkpt>
			<trkpt lat="37.43404" lon="-2.70499">
				<ele>895.77</ele>
				<time>2026-09-10T11:10:00.463Z</time>
			</trkpt>
			<trkpt lat="37.43419" lon="-2.70546">
				<ele>895.92</ele>
				<time>2026-09-10T11:10:02.736Z</time>
			</trkpt>
			<trkpt lat="37.43456" lon="-2.70629">
				<ele>892.42</ele>
				<time>2026-09-10T11:10:07.006Z</time>
			</trkpt>
			<trkpt lat="37.43483" lon="-2.70678">
				<ele>887</ele>
				<time>2026-09-10T11:10:09.683Z</time>
			</trkpt>
			<trkpt lat="37.43591" lon="-2.70861">
				<ele>881.31</ele>
				<time>2026-09-10T11:10:19.916Z</time>
			</trkpt>
			<trkpt lat="37.43675" lon="-2.71">
				<ele>874.71</ele>
				<time>2026-09-10T11:10:27.759Z</time>
			</trkpt>
			<trkpt lat="37.43819" lon="-2.71226">
				<ele>864.85</ele>
				<time>2026-09-10T11:10:40.776Z</time>
			</trkpt>
			<trkpt lat="37.43843" lon="-2.71258">
				<ele>862.64</ele>
				<time>2026-09-10T11:10:42.754Z</time>
			</trkpt>
			<trkpt lat="37.43958" lon="-2.7143">
				<ele>860.24</ele>
				<time>2026-09-10T11:10:52.860Z</time>
			</trkpt>
			<trkpt lat="37.44146" lon="-2.71696">
				<ele>854.28</ele>
				<time>2026-09-10T11:11:08.876Z</time>
			</trkpt>
			<trkpt lat="37.44285" lon="-2.71884">
				<ele>855.43</ele>
				<time>2026-09-10T11:11:20.437Z</time>
			</trkpt>
			<trkpt lat="37.44293" lon="-2.71892">
				<ele>855.41</ele>
				<time>2026-09-10T11:11:21.016Z</time>
			</trkpt>
			<trkpt lat="37.44339" lon="-2.71957">
				<ele>854.55</ele>
				<time>2026-09-10T11:11:24.936Z</time>
			</trkpt>
			<trkpt lat="37.44371" lon="-2.72007">
				<ele>851.54</ele>
				<time>2026-09-10T11:11:27.828Z</time>
			</trkpt>
			<trkpt lat="37.44425" lon="-2.72107">
				<ele>850.32</ele>
				<time>2026-09-10T11:11:33.275Z</time>
			</trkpt>
			<trkpt lat="37.44455" lon="-2.72171">
				<ele>849.79</ele>
				<time>2026-09-10T11:11:36.623Z</time>
			</trkpt>
			<trkpt lat="37.44484" lon="-2.72239">
				<ele>854.36</ele>
				<time>2026-09-10T11:11:40.101Z</time>
			</trkpt>
			<trkpt lat="37.44511" lon="-2.72309">
				<ele>856.78</ele>
				<time>2026-09-10T11:11:43.608Z</time>
			</trkpt>
			<trkpt lat="37.44514" lon="-2.72322">
				<ele>857.6</ele>
				<time>2026-09-10T11:11:44.218Z</time>
			</trkpt>
			<trkpt lat="37.44547" lon="-2.72394">
				<ele>857.64</ele>
				<time>2026-09-10T11:11:47.966Z</time>
			</trkpt>
			<trkpt lat="37.44612" lon="-2.72532">
				<ele>850.65</ele>
				<time>2026-09-10T11:11:55.201Z</time>
			</trkpt>
			<trkpt lat="37.44748" lon="-2.7281">
				<ele>847.15</ele>
				<time>2026-09-10T11:12:09.934Z</time>
			</trkpt>
			<trkpt lat="37.44778" lon="-2.72862">
				<ele>846.02</ele>
				<time>2026-09-10T11:12:12.835Z</time>
			</trkpt>
			<trkpt lat="37.44845" lon="-2.72974">
				<ele>857.06</ele>
				<time>2026-09-10T11:12:19.167Z</time>
			</trkpt>
			<trkpt lat="37.44884" lon="-2.73032">
				<ele>863.28</ele>
				<time>2026-09-10T11:12:22.600Z</time>
			</trkpt>
			<trkpt lat="37.44974" lon="-2.73154">
				<ele>865.96</ele>
				<time>2026-09-10T11:12:30.124Z</time>
			</trkpt>
			<trkpt lat="37.45025" lon="-2.73212">
				<ele>867.18</ele>
				<time>2026-09-10T11:12:34.036Z</time>
			</trkpt>
			<trkpt lat="37.45225" lon="-2.73477">
				<ele>865.27</ele>
				<time>2026-09-10T11:12:50.572Z</time>
			</trkpt>
			<trkpt lat="37.45257" lon="-2.73524">
				<ele>867.37</ele>
				<time>2026-09-10T11:12:53.374Z</time>
			</trkpt>
			<trkpt lat="37.45271" lon="-2.73547">
				<ele>867.92</ele>
				<time>2026-09-10T11:12:54.686Z</time>
			</trkpt>
			<trkpt lat="37.45353" lon="-2.73663">
				<ele>865.85</ele>
				<time>2026-09-10T11:13:01.717Z</time>
			</trkpt>
			<trkpt lat="37.45364" lon="-2.73674">
				<ele>866.46</ele>
				<time>2026-09-10T11:13:02.518Z</time>
			</trkpt>
			<trkpt lat="37.4538" lon="-2.7368">
				<ele>866.59</ele>
				<time>2026-09-10T11:13:03.470Z</time>
			</trkpt>
			<trkpt lat="37.45388" lon="-2.73678">
				<ele>866.39</ele>
				<time>2026-09-10T11:13:03.936Z</time>
			</trkpt>
			<trkpt lat="37.45396" lon="-2.73679">
				<ele>866.43</ele>
				<time>2026-09-10T11:13:04.394Z</time>
			</trkpt>
			<trkpt lat="37.45403" lon="-2.73684">
				<ele>866.6</ele>
				<time>2026-09-10T11:13:04.853Z</time>
			</trkpt>
			<trkpt lat="37.45409" lon="-2.73691">
				<ele>866.87</ele>
				<time>2026-09-10T11:13:05.320Z</time>
			</trkpt>
			<trkpt lat="37.45413" lon="-2.73702">
				<ele>867.23</ele>
				<time>2026-09-10T11:13:05.868Z</time>
			</trkpt>
			<trkpt lat="37.45414" lon="-2.73713">
				<ele>867.63</ele>
				<time>2026-09-10T11:13:06.369Z</time>
			</trkpt>
			<trkpt lat="37.45411" lon="-2.73726">
				<ele>868.02</ele>
				<time>2026-09-10T11:13:06.983Z</time>
			</trkpt>
			<trkpt lat="37.45415" lon="-2.73745">
				<ele>868.02</ele>
				<time>2026-09-10T11:13:07.873Z</time>
			</trkpt>
			<trkpt lat="37.45423" lon="-2.73762">
				<ele>867.04</ele>
				<time>2026-09-10T11:13:08.768Z</time>
			</trkpt>
			<trkpt lat="37.45592" lon="-2.73995">
				<ele>865.09</ele>
				<time>2026-09-10T11:13:23.039Z</time>
			</trkpt>
			<trkpt lat="37.45625" lon="-2.74038">
				<ele>864.46</ele>
				<time>2026-09-10T11:13:25.700Z</time>
			</trkpt>
			<trkpt lat="37.45816" lon="-2.74246">
				<ele>860.88</ele>
				<time>2026-09-10T11:13:39.498Z</time>
			</trkpt>
			<trkpt lat="37.45912" lon="-2.74348">
				<ele>862.22</ele>
				<time>2026-09-10T11:13:46.171Z</time>
			</trkpt>
			<trkpt lat="37.45944" lon="-2.74378">
				<ele>860</ele>
				<time>2026-09-10T11:13:48.268Z</time>
			</trkpt>
			<trkpt lat="37.45999" lon="-2.74432">
				<ele>860.52</ele>
				<time>2026-09-10T11:13:51.909Z</time>
			</trkpt>
			<trkpt lat="37.46134" lon="-2.74577">
				<ele>859.23</ele>
				<time>2026-09-10T11:14:01.056Z</time>
			</trkpt>
			<trkpt lat="37.46198" lon="-2.7465">
				<ele>858.13</ele>
				<time>2026-09-10T11:14:05.457Z</time>
			</trkpt>
			<trkpt lat="37.46218" lon="-2.74675">
				<ele>858.69</ele>
				<time>2026-09-10T11:14:06.887Z</time>
			</trkpt>
			<trkpt lat="37.4631" lon="-2.74769">
				<ele>858.09</ele>
				<time>2026-09-10T11:14:12.875Z</time>
			</trkpt>
			<trkpt lat="37.46461" lon="-2.74968">
				<ele>855</ele>
				<time>2026-09-10T11:14:23.848Z</time>
			</trkpt>
			<trkpt lat="37.46521" lon="-2.75053">
				<ele>856.7</ele>
				<time>2026-09-10T11:14:28.372Z</time>
			</trkpt>
			<trkpt lat="37.46529" lon="-2.75067">
				<ele>856.56</ele>
				<time>2026-09-10T11:14:29.058Z</time>
			</trkpt>
			<trkpt lat="37.46668" lon="-2.75256">
				<ele>858.12</ele>
				<time>2026-09-10T11:14:39.329Z</time>
			</trkpt>
			<trkpt lat="37.46848" lon="-2.75503">
				<ele>857.44</ele>
				<time>2026-09-10T11:14:52.845Z</time>
			</trkpt>
			<trkpt lat="37.46994" lon="-2.75708">
				<ele>857.09</ele>
				<time>2026-09-10T11:15:04.176Z</time>
			</trkpt>
			<trkpt lat="37.47057" lon="-2.75791">
				<ele>856.94</ele>
				<time>2026-09-10T11:15:08.985Z</time>
			</trkpt>
			<trkpt lat="37.47192" lon="-2.75959">
				<ele>853.47</ele>
				<time>2026-09-10T11:15:19.190Z</time>
			</trkpt>
			<trkpt lat="37.47244" lon="-2.76017">
				<ele>852.6</ele>
				<time>2026-09-10T11:15:23.001Z</time>
			</trkpt>
			<trkpt lat="37.47286" lon="-2.76061">
				<ele>852.67</ele>
				<time>2026-09-10T11:15:26.029Z</time>
			</trkpt>
			<trkpt lat="37.47332" lon="-2.76104">
				<ele>851.74</ele>
				<time>2026-09-10T11:15:29.235Z</time>
			</trkpt>
			<trkpt lat="37.47402" lon="-2.76164">
				<ele>849.37</ele>
				<time>2026-09-10T11:15:34.037Z</time>
			</trkpt>
			<trkpt lat="37.47502" lon="-2.76241">
				<ele>847.7</ele>
				<time>2026-09-10T11:15:40.813Z</time>
			</trkpt>
			<trkpt lat="37.47813" lon="-2.76482">
				<ele>836.96</ele>
				<time>2026-09-10T11:16:03.035Z</time>
			</trkpt>
			<trkpt lat="37.47848" lon="-2.76509">
				<ele>835.17</ele>
				<time>2026-09-10T11:16:05.650Z</time>
			</trkpt>
			<trkpt lat="37.47872" lon="-2.76522">
				<ele>834.95</ele>
				<time>2026-09-10T11:16:07.328Z</time>
			</trkpt>
			<trkpt lat="37.47997" lon="-2.76559">
				<ele>837.09</ele>
				<time>2026-09-10T11:16:15.733Z</time>
			</trkpt>
			<trkpt lat="37.48048" lon="-2.76577">
				<ele>837.17</ele>
				<time>2026-09-10T11:16:19.279Z</time>
			</trkpt>
			<trkpt lat="37.48069" lon="-2.76589">
				<ele>837.75</ele>
				<time>2026-09-10T11:16:20.838Z</time>
			</trkpt>
			<trkpt lat="37.48084" lon="-2.76599">
				<ele>838.57</ele>
				<time>2026-09-10T11:16:21.991Z</time>
			</trkpt>
			<trkpt lat="37.48336" lon="-2.76805">
				<ele>844.85</ele>
				<time>2026-09-10T11:16:43.267Z</time>
			</trkpt>
			<trkpt lat="37.48342" lon="-2.76808">
				<ele>844.67</ele>
				<time>2026-09-10T11:16:43.743Z</time>
			</trkpt>
			<trkpt lat="37.48342" lon="-2.76814">
				<ele>844.65</ele>
				<time>2026-09-10T11:16:44.095Z</time>
			</trkpt>
			<trkpt lat="37.4834" lon="-2.76818">
				<ele>844.73</ele>
				<time>2026-09-10T11:16:44.373Z</time>
			</trkpt>
			<trkpt lat="37.48343" lon="-2.7683">
				<ele>844.64</ele>
				<time>2026-09-10T11:16:45.113Z</time>
			</trkpt>
			<trkpt lat="37.48342" lon="-2.76842">
				<ele>845.23</ele>
				<time>2026-09-10T11:16:45.824Z</time>
			</trkpt>
			<trkpt lat="37.48356" lon="-2.76881">
				<ele>847.46</ele>
				<time>2026-09-10T11:16:48.363Z</time>
			</trkpt>
			<trkpt lat="37.48359" lon="-2.76907">
				<ele>848.02</ele>
				<time>2026-09-10T11:16:49.933Z</time>
			</trkpt>
			<trkpt lat="37.48354" lon="-2.76999">
				<ele>851.91</ele>
				<time>2026-09-10T11:16:55.515Z</time>
			</trkpt>
			<trkpt lat="37.48355" lon="-2.77048">
				<ele>852.94</ele>
				<time>2026-09-10T11:16:58.528Z</time>
			</trkpt>
			<trkpt lat="37.48374" lon="-2.77337">
				<ele>867.9</ele>
				<time>2026-09-10T11:17:17.372Z</time>
			</trkpt>
			<trkpt lat="37.48378" lon="-2.77347">
				<ele>868.8</ele>
				<time>2026-09-10T11:17:18.167Z</time>
			</trkpt>
			<trkpt lat="37.48384" lon="-2.77356">
				<ele>869.6</ele>
				<time>2026-09-10T11:17:19.010Z</time>
			</trkpt>
			<trkpt lat="37.48404" lon="-2.7738">
				<ele>872.52</ele>
				<time>2026-09-10T11:17:21.560Z</time>
			</trkpt>
			<trkpt lat="37.48413" lon="-2.77382">
				<ele>873.08</ele>
				<time>2026-09-10T11:17:22.423Z</time>
			</trkpt>
			<trkpt lat="37.48419" lon="-2.7738">
				<ele>872.94</ele>
				<time>2026-09-10T11:17:23.015Z</time>
			</trkpt>
			<trkpt lat="37.48425" lon="-2.77383">
				<ele>873.04</ele>
				<time>2026-09-10T11:17:23.635Z</time>
			</trkpt>
			<trkpt lat="37.48427" lon="-2.77386">
				<ele>873.24</ele>
				<time>2026-09-10T11:17:23.936Z</time>
			</trkpt>
			<trkpt lat="37.4843" lon="-2.77393">
				<ele>873.66</ele>
				<time>2026-09-10T11:17:24.550Z</time>
			</trkpt>
			<trkpt lat="37.48428" lon="-2.77401">
				<ele>874.06</ele>
				<time>2026-09-10T11:17:25.204Z</time>
			</trkpt>
			<trkpt lat="37.48429" lon="-2.77411">
				<ele>874.36</ele>
				<time>2026-09-10T11:17:25.997Z</time>
			</trkpt>
			<trkpt lat="37.48433" lon="-2.77421">
				<ele>874.54</ele>
				<time>2026-09-10T11:17:26.888Z</time>
			</trkpt>
			<trkpt lat="37.48496" lon="-2.77509">
				<ele>874.85</ele>
				<time>2026-09-10T11:17:37.058Z</time>
			</trkpt>
			<trkpt lat="37.48617" lon="-2.77673">
				<ele>869.97</ele>
				<time>2026-09-10T11:18:02.354Z</time>
			</trkpt>
			<trkpt lat="37.48623" lon="-2.77686">
				<ele>869.11</ele>
				<time>2026-09-10T11:18:04.884Z</time>
			</trkpt>
			<trkpt lat="37.48633" lon="-2.777">
				<ele>869.03</ele>
				<time>2026-09-10T11:18:08.232Z</time>
			</trkpt>
			<trkpt lat="37.48635" lon="-2.77707">
				<ele>869.44</ele>
				<time>2026-09-10T11:18:09.604Z</time>
			</trkpt>
			<trkpt lat="37.48641" lon="-2.77707">
				<ele>869.25</ele>
				<time>2026-09-10T11:18:11.023Z</time>
			</trkpt>
			<trkpt lat="37.48651" lon="-2.77717">
				<ele>870.03</ele>
				<time>2026-09-10T11:18:14.118Z</time>
			</trkpt>
			<trkpt lat="37.48682" lon="-2.77737">
				<ele>871.83</ele>
				<time>2026-09-10T11:18:22.946Z</time>
			</trkpt>
			<trkpt lat="37.48752" lon="-2.77742">
				<ele>869.28</ele>
				<time>2026-09-10T11:18:41.080Z</time>
			</trkpt>
			<trkpt lat="37.4878" lon="-2.7775">
				<ele>868.98</ele>
				<time>2026-09-10T11:18:48.053Z</time>
			</trkpt>
			<trkpt lat="37.4888" lon="-2.77799">
				<ele>871.43</ele>
				<time>2026-09-10T11:19:06.931Z</time>
			</trkpt>
			<trkpt lat="37.48974" lon="-2.77864">
				<ele>874.06</ele>
				<time>2026-09-10T11:19:17.886Z</time>
			</trkpt>
			<trkpt lat="37.48989" lon="-2.77869">
				<ele>874.09</ele>
				<time>2026-09-10T11:19:19.472Z</time>
			</trkpt>
			<trkpt lat="37.49022" lon="-2.77874">
				<ele>872.35</ele>
				<time>2026-09-10T11:19:22.871Z</time>
			</trkpt>
			<trkpt lat="37.49026" lon="-2.77875">
				<ele>872.08</ele>
				<time>2026-09-10T11:19:23.288Z</time>
			</trkpt>
			<trkpt lat="37.49169" lon="-2.77897">
				<ele>866.63</ele>
				<time>2026-09-10T11:19:38.023Z</time>
			</trkpt>
			<trkpt lat="37.49197" lon="-2.77887">
				<ele>866.81</ele>
				<time>2026-09-10T11:19:41.000Z</time>
			</trkpt>
			<trkpt lat="37.49197" lon="-2.77878">
				<ele>865.85</ele>
				<time>2026-09-10T11:19:41.730Z</time>
			</trkpt>
			<trkpt lat="37.49199" lon="-2.77874">
				<ele>865.45</ele>
				<time>2026-09-10T11:19:42.114Z</time>
			</trkpt>
			<trkpt lat="37.49204" lon="-2.77869">
				<ele>864.93</ele>
				<time>2026-09-10T11:19:42.767Z</time>
			</trkpt>
			<trkpt lat="37.49208" lon="-2.77869">
				<ele>864.88</ele>
				<time>2026-09-10T11:19:43.176Z</time>
			</trkpt>
			<trkpt lat="37.49214" lon="-2.77871">
				<ele>865.28</ele>
				<time>2026-09-10T11:19:43.811Z</time>
			</trkpt>
			<trkpt lat="37.49218" lon="-2.77878">
				<ele>866.25</ele>
				<time>2026-09-10T11:19:44.512Z</time>
			</trkpt>
			<trkpt lat="37.49329" lon="-2.77827">
				<ele>856.37</ele>
				<time>2026-09-10T11:19:56.599Z</time>
			</trkpt>
			<trkpt lat="37.49373" lon="-2.77809">
				<ele>855.55</ele>
				<time>2026-09-10T11:20:01.331Z</time>
			</trkpt>
			<trkpt lat="37.49389" lon="-2.77806">
				<ele>856.06</ele>
				<time>2026-09-10T11:20:02.986Z</time>
			</trkpt>
			<trkpt lat="37.49416" lon="-2.77809">
				<ele>857.69</ele>
				<time>2026-09-10T11:20:05.758Z</time>
			</trkpt>
			<trkpt lat="37.49437" lon="-2.77817">
				<ele>857.6</ele>
				<time>2026-09-10T11:20:08.002Z</time>
			</trkpt>
			<trkpt lat="37.49448" lon="-2.77824">
				<ele>856.78</ele>
				<time>2026-09-10T11:20:09.266Z</time>
			</trkpt>
			<trkpt lat="37.49468" lon="-2.77841">
				<ele>852.05</ele>
				<time>2026-09-10T11:20:11.774Z</time>
			</trkpt>
			<trkpt lat="37.49485" lon="-2.77862">
				<ele>850.28</ele>
				<time>2026-09-10T11:20:14.290Z</time>
			</trkpt>
			<trkpt lat="37.49504" lon="-2.77898">
				<ele>851.98</ele>
				<time>2026-09-10T11:20:17.966Z</time>
			</trkpt>
			<trkpt lat="37.4951" lon="-2.77904">
				<ele>852.79</ele>
				<time>2026-09-10T11:20:18.792Z</time>
			</trkpt>
			<trkpt lat="37.4952" lon="-2.77909">
				<ele>852.7</ele>
				<time>2026-09-10T11:20:19.956Z</time>
			</trkpt>
			<trkpt lat="37.49526" lon="-2.77911">
				<ele>851.97</ele>
				<time>2026-09-10T11:20:20.628Z</time>
			</trkpt>
			<trkpt lat="37.49538" lon="-2.77909">
				<ele>850.87</ele>
				<time>2026-09-10T11:20:21.942Z</time>
			</trkpt>
			<trkpt lat="37.49546" lon="-2.77899">
				<ele>848.39</ele>
				<time>2026-09-10T11:20:23.165Z</time>
			</trkpt>
			<trkpt lat="37.4955" lon="-2.77885">
				<ele>845.96</ele>
				<time>2026-09-10T11:20:24.447Z</time>
			</trkpt>
			<trkpt lat="37.49553" lon="-2.77874">
				<ele>844.98</ele>
				<time>2026-09-10T11:20:25.448Z</time>
			</trkpt>
			<trkpt lat="37.49561" lon="-2.77869">
				<ele>844.56</ele>
				<time>2026-09-10T11:20:26.416Z</time>
			</trkpt>
			<trkpt lat="37.49567" lon="-2.77871">
				<ele>844.66</ele>
				<time>2026-09-10T11:20:27.088Z</time>
			</trkpt>
			<trkpt lat="37.49573" lon="-2.77882">
				<ele>845.45</ele>
				<time>2026-09-10T11:20:28.232Z</time>
			</trkpt>
			<trkpt lat="37.49705" lon="-2.78108">
				<ele>863.79</ele>
				<time>2026-09-10T11:20:50.327Z</time>
			</trkpt>
			<trkpt lat="37.49713" lon="-2.78126">
				<ele>862.89</ele>
				<time>2026-09-10T11:20:51.700Z</time>
			</trkpt>
			<trkpt lat="37.49726" lon="-2.78166">
				<ele>861.81</ele>
				<time>2026-09-10T11:20:54.531Z</time>
			</trkpt>
			<trkpt lat="37.49737" lon="-2.7822">
				<ele>863.68</ele>
				<time>2026-09-10T11:20:58.125Z</time>
			</trkpt>
			<trkpt lat="37.49743" lon="-2.78242">
				<ele>865.32</ele>
				<time>2026-09-10T11:20:59.605Z</time>
			</trkpt>
			<trkpt lat="37.49758" lon="-2.78269">
				<ele>867.25</ele>
				<time>2026-09-10T11:21:01.684Z</time>
			</trkpt>
			<trkpt lat="37.49767" lon="-2.78281">
				<ele>868.01</ele>
				<time>2026-09-10T11:21:02.717Z</time>
			</trkpt>
			<trkpt lat="37.49791" lon="-2.78301">
				<ele>867.97</ele>
				<time>2026-09-10T11:21:04.968Z</time>
			</trkpt>
			<trkpt lat="37.49806" lon="-2.7831">
				<ele>867.15</ele>
				<time>2026-09-10T11:21:06.256Z</time>
			</trkpt>
			<trkpt lat="37.50308" lon="-2.78519">
				<ele>885.53</ele>
				<time>2026-09-10T11:21:43.429Z</time>
			</trkpt>
			<trkpt lat="37.50321" lon="-2.78526">
				<ele>886.02</ele>
				<time>2026-09-10T11:21:44.337Z</time>
			</trkpt>
			<trkpt lat="37.50332" lon="-2.78535">
				<ele>886.84</ele>
				<time>2026-09-10T11:21:45.177Z</time>
			</trkpt>
			<trkpt lat="37.50343" lon="-2.78549">
				<ele>886.4</ele>
				<time>2026-09-10T11:21:46.173Z</time>
			</trkpt>
			<trkpt lat="37.5035" lon="-2.78563">
				<ele>886.43</ele>
				<time>2026-09-10T11:21:47.007Z</time>
			</trkpt>
			<trkpt lat="37.50355" lon="-2.78578">
				<ele>886.97</ele>
				<time>2026-09-10T11:21:47.823Z</time>
			</trkpt>
			<trkpt lat="37.50358" lon="-2.78592">
				<ele>888.18</ele>
				<time>2026-09-10T11:21:48.549Z</time>
			</trkpt>
			<trkpt lat="37.50359" lon="-2.78608">
				<ele>889.76</ele>
				<time>2026-09-10T11:21:49.349Z</time>
			</trkpt>
			<trkpt lat="37.50357" lon="-2.78623">
				<ele>890.63</ele>
				<time>2026-09-10T11:21:50.105Z</time>
			</trkpt>
			<trkpt lat="37.50345" lon="-2.78675">
				<ele>892.3</ele>
				<time>2026-09-10T11:21:52.777Z</time>
			</trkpt>
			<trkpt lat="37.50339" lon="-2.78712">
				<ele>893.23</ele>
				<time>2026-09-10T11:21:54.624Z</time>
			</trkpt>
			<trkpt lat="37.50339" lon="-2.78733">
				<ele>893.58</ele>
				<time>2026-09-10T11:21:55.645Z</time>
			</trkpt>
			<trkpt lat="37.50341" lon="-2.78753">
				<ele>894.43</ele>
				<time>2026-09-10T11:21:56.622Z</time>
			</trkpt>
			<trkpt lat="37.50346" lon="-2.78772">
				<ele>896.3</ele>
				<time>2026-09-10T11:21:57.588Z</time>
			</trkpt>
			<trkpt lat="37.50358" lon="-2.78797">
				<ele>900.07</ele>
				<time>2026-09-10T11:21:58.993Z</time>
			</trkpt>
			<trkpt lat="37.5038" lon="-2.7883">
				<ele>900.82</ele>
				<time>2026-09-10T11:22:01.051Z</time>
			</trkpt>
			<trkpt lat="37.50425" lon="-2.7888">
				<ele>900.61</ele>
				<time>2026-09-10T11:22:04.629Z</time>
			</trkpt>
			<trkpt lat="37.50435" lon="-2.78894">
				<ele>899.85</ele>
				<time>2026-09-10T11:22:05.514Z</time>
			</trkpt>
			<trkpt lat="37.50529" lon="-2.79052">
				<ele>907.67</ele>
				<time>2026-09-10T11:22:14.663Z</time>
			</trkpt>
			<trkpt lat="37.5054" lon="-2.79067">
				<ele>909.49</ele>
				<time>2026-09-10T11:22:15.598Z</time>
			</trkpt>
			<trkpt lat="37.5056" lon="-2.79082">
				<ele>910.43</ele>
				<time>2026-09-10T11:22:16.937Z</time>
			</trkpt>
			<trkpt lat="37.50593" lon="-2.79098">
				<ele>912.32</ele>
				<time>2026-09-10T11:22:18.965Z</time>
			</trkpt>
			<trkpt lat="37.50624" lon="-2.79122">
				<ele>914.49</ele>
				<time>2026-09-10T11:22:21.045Z</time>
			</trkpt>
			<trkpt lat="37.5067" lon="-2.79172">
				<ele>920.27</ele>
				<time>2026-09-10T11:22:24.504Z</time>
			</trkpt>
			<trkpt lat="37.50743" lon="-2.79261">
				<ele>921.62</ele>
				<time>2026-09-10T11:22:30.262Z</time>
			</trkpt>
			<trkpt lat="37.50754" lon="-2.79278">
				<ele>922.48</ele>
				<time>2026-09-10T11:22:31.247Z</time>
			</trkpt>
			<trkpt lat="37.50761" lon="-2.79293">
				<ele>923.13</ele>
				<time>2026-09-10T11:22:32.028Z</time>
			</trkpt>
			<trkpt lat="37.50767" lon="-2.79313">
				<ele>924.85</ele>
				<time>2026-09-10T11:22:32.988Z</time>
			</trkpt>
			<trkpt lat="37.50771" lon="-2.79341">
				<ele>928.07</ele>
				<time>2026-09-10T11:22:34.265Z</time>
			</trkpt>
			<trkpt lat="37.50771" lon="-2.79368">
				<ele>931.76</ele>
				<time>2026-09-10T11:22:35.477Z</time>
			</trkpt>
			<trkpt lat="37.50768" lon="-2.79389">
				<ele>934.95</ele>
				<time>2026-09-10T11:22:36.435Z</time>
			</trkpt>
			<trkpt lat="37.50763" lon="-2.79409">
				<ele>936.24</ele>
				<time>2026-09-10T11:22:37.377Z</time>
			</trkpt>
			<trkpt lat="37.50755" lon="-2.79429">
				<ele>936.43</ele>
				<time>2026-09-10T11:22:38.383Z</time>
			</trkpt>
			<trkpt lat="37.50746" lon="-2.79445">
				<ele>936.67</ele>
				<time>2026-09-10T11:22:39.265Z</time>
			</trkpt>
			<trkpt lat="37.50733" lon="-2.79461">
				<ele>939</ele>
				<time>2026-09-10T11:22:40.296Z</time>
			</trkpt>
			<trkpt lat="37.50719" lon="-2.79472">
				<ele>941.43</ele>
				<time>2026-09-10T11:22:41.233Z</time>
			</trkpt>
			<trkpt lat="37.50702" lon="-2.79483">
				<ele>941.04</ele>
				<time>2026-09-10T11:22:42.319Z</time>
			</trkpt>
			<trkpt lat="37.50374" lon="-2.79652">
				<ele>955.76</ele>
				<time>2026-09-10T11:23:02.854Z</time>
			</trkpt>
			<trkpt lat="37.50354" lon="-2.79666">
				<ele>958.88</ele>
				<time>2026-09-10T11:23:04.219Z</time>
			</trkpt>
			<trkpt lat="37.50335" lon="-2.79681">
				<ele>962.11</ele>
				<time>2026-09-10T11:23:05.562Z</time>
			</trkpt>
			<trkpt lat="37.50317" lon="-2.79703">
				<ele>965.7</ele>
				<time>2026-09-10T11:23:07.071Z</time>
			</trkpt>
			<trkpt lat="37.50301" lon="-2.79726">
				<ele>968.13</ele>
				<time>2026-09-10T11:23:08.540Z</time>
			</trkpt>
			<trkpt lat="37.50287" lon="-2.79755">
				<ele>968.15</ele>
				<time>2026-09-10T11:23:10.179Z</time>
			</trkpt>
			<trkpt lat="37.50167" lon="-2.80053">
				<ele>976.02</ele>
				<time>2026-09-10T11:23:26.930Z</time>
			</trkpt>
			<trkpt lat="37.50168" lon="-2.80065">
				<ele>976.36</ele>
				<time>2026-09-10T11:23:27.558Z</time>
			</trkpt>
			<trkpt lat="37.50173" lon="-2.80082">
				<ele>976.94</ele>
				<time>2026-09-10T11:23:28.506Z</time>
			</trkpt>
			<trkpt lat="37.50637" lon="-2.80277">
				<ele>966.96</ele>
				<time>2026-09-10T11:24:01.266Z</time>
			</trkpt>
			<trkpt lat="37.50662" lon="-2.80289">
				<ele>967.9</ele>
				<time>2026-09-10T11:24:02.845Z</time>
			</trkpt>
			<trkpt lat="37.50681" lon="-2.80305">
				<ele>967.48</ele>
				<time>2026-09-10T11:24:04.175Z</time>
			</trkpt>
			<trkpt lat="37.507" lon="-2.80324">
				<ele>965.73</ele>
				<time>2026-09-10T11:24:05.570Z</time>
			</trkpt>
			<trkpt lat="37.50762" lon="-2.80403">
				<ele>955.56</ele>
				<time>2026-09-10T11:24:10.518Z</time>
			</trkpt>
			<trkpt lat="37.50796" lon="-2.8044">
				<ele>953.61</ele>
				<time>2026-09-10T11:24:12.977Z</time>
			</trkpt>
			<trkpt lat="37.508" lon="-2.80446">
				<ele>953.35</ele>
				<time>2026-09-10T11:24:13.315Z</time>
			</trkpt>
			<trkpt lat="37.50809" lon="-2.80453">
				<ele>952.29</ele>
				<time>2026-09-10T11:24:13.888Z</time>
			</trkpt>
			<trkpt lat="37.50813" lon="-2.80458">
				<ele>951.86</ele>
				<time>2026-09-10T11:24:14.193Z</time>
			</trkpt>
			<trkpt lat="37.50815" lon="-2.80472">
				<ele>951.86</ele>
				<time>2026-09-10T11:24:14.803Z</time>
			</trkpt>
			<trkpt lat="37.50834" lon="-2.80519">
				<ele>950.85</ele>
				<time>2026-09-10T11:24:17.050Z</time>
			</trkpt>
			<trkpt lat="37.50837" lon="-2.80531">
				<ele>950.52</ele>
				<time>2026-09-10T11:24:17.583Z</time>
			</trkpt>
			<trkpt lat="37.5086" lon="-2.80585">
				<ele>949.97</ele>
				<time>2026-09-10T11:24:20.173Z</time>
			</trkpt>
			<trkpt lat="37.50882" lon="-2.8064">
				<ele>953.01</ele>
				<time>2026-09-10T11:24:22.769Z</time>
			</trkpt>
			<trkpt lat="37.50895" lon="-2.80676">
				<ele>956.86</ele>
				<time>2026-09-10T11:24:24.436Z</time>
			</trkpt>
			<trkpt lat="37.50908" lon="-2.80705">
				<ele>956.46</ele>
				<time>2026-09-10T11:24:25.844Z</time>
			</trkpt>
			<trkpt lat="37.50916" lon="-2.80718">
				<ele>955.16</ele>
				<time>2026-09-10T11:24:26.540Z</time>
			</trkpt>
			<trkpt lat="37.50928" lon="-2.8073">
				<ele>953.49</ele>
				<time>2026-09-10T11:24:27.360Z</time>
			</trkpt>
			<trkpt lat="37.50937" lon="-2.80733">
				<ele>952.4</ele>
				<time>2026-09-10T11:24:27.859Z</time>
			</trkpt>
			<trkpt lat="37.50944" lon="-2.80743">
				<ele>951.24</ele>
				<time>2026-09-10T11:24:28.425Z</time>
			</trkpt>
			<trkpt lat="37.50946" lon="-2.80756">
				<ele>950.3</ele>
				<time>2026-09-10T11:24:28.983Z</time>
			</trkpt>
			<trkpt lat="37.50942" lon="-2.80769">
				<ele>950.47</ele>
				<time>2026-09-10T11:24:29.566Z</time>
			</trkpt>
			<trkpt lat="37.50938" lon="-2.80774">
				<ele>950.6</ele>
				<time>2026-09-10T11:24:29.862Z</time>
			</trkpt>
			<trkpt lat="37.50933" lon="-2.80796">
				<ele>948.46</ele>
				<time>2026-09-10T11:24:30.808Z</time>
			</trkpt>
			<trkpt lat="37.50932" lon="-2.80815">
				<ele>946.82</ele>
				<time>2026-09-10T11:24:31.588Z</time>
			</trkpt>
			<trkpt lat="37.50933" lon="-2.80835">
				<ele>945.56</ele>
				<time>2026-09-10T11:24:32.403Z</time>
			</trkpt>
			<trkpt lat="37.50962" lon="-2.80992">
				<ele>947.55</ele>
				<time>2026-09-10T11:24:38.858Z</time>
			</trkpt>
			<trkpt lat="37.5097" lon="-2.81018">
				<ele>948.52</ele>
				<time>2026-09-10T11:24:39.978Z</time>
			</trkpt>
			<trkpt lat="37.50986" lon="-2.81051">
				<ele>950.92</ele>
				<time>2026-09-10T11:24:41.546Z</time>
			</trkpt>
			<trkpt lat="37.51" lon="-2.81075">
				<ele>951.29</ele>
				<time>2026-09-10T11:24:42.756Z</time>
			</trkpt>
			<trkpt lat="37.51023" lon="-2.81102">
				<ele>950.44</ele>
				<time>2026-09-10T11:24:44.355Z</time>
			</trkpt>
			<trkpt lat="37.51043" lon="-2.81122">
				<ele>949.1</ele>
				<time>2026-09-10T11:24:45.647Z</time>
			</trkpt>
			<trkpt lat="37.51078" lon="-2.81144">
				<ele>948.16</ele>
				<time>2026-09-10T11:24:47.613Z</time>
			</trkpt>
			<trkpt lat="37.51099" lon="-2.81153">
				<ele>946.86</ele>
				<time>2026-09-10T11:24:48.722Z</time>
			</trkpt>
			<trkpt lat="37.51121" lon="-2.81159">
				<ele>945.37</ele>
				<time>2026-09-10T11:24:49.841Z</time>
			</trkpt>
			<trkpt lat="37.51305" lon="-2.81188">
				<ele>940.49</ele>
				<time>2026-09-10T11:24:58.888Z</time>
			</trkpt>
			<trkpt lat="37.51353" lon="-2.81199">
				<ele>940</ele>
				<time>2026-09-10T11:25:01.220Z</time>
			</trkpt>
			<trkpt lat="37.51376" lon="-2.81209">
				<ele>939.71</ele>
				<time>2026-09-10T11:25:02.376Z</time>
			</trkpt>
			<trkpt lat="37.51399" lon="-2.81222">
				<ele>938.66</ele>
				<time>2026-09-10T11:25:03.568Z</time>
			</trkpt>
			<trkpt lat="37.51427" lon="-2.81245">
				<ele>936.59</ele>
				<time>2026-09-10T11:25:05.142Z</time>
			</trkpt>
			<trkpt lat="37.51459" lon="-2.81279">
				<ele>932.9</ele>
				<time>2026-09-10T11:25:07.101Z</time>
			</trkpt>
			<trkpt lat="37.51556" lon="-2.81404">
				<ele>934.31</ele>
				<time>2026-09-10T11:25:13.514Z</time>
			</trkpt>
			<trkpt lat="37.51577" lon="-2.81425">
				<ele>931.19</ele>
				<time>2026-09-10T11:25:14.740Z</time>
			</trkpt>
			<trkpt lat="37.51597" lon="-2.8144">
				<ele>930.71</ele>
				<time>2026-09-10T11:25:15.801Z</time>
			</trkpt>
			<trkpt lat="37.5162" lon="-2.81452">
				<ele>927.04</ele>
				<time>2026-09-10T11:25:16.933Z</time>
			</trkpt>
			<trkpt lat="37.51643" lon="-2.81459">
				<ele>921.29</ele>
				<time>2026-09-10T11:25:18.005Z</time>
			</trkpt>
			<trkpt lat="37.51668" lon="-2.81462">
				<ele>918.05</ele>
				<time>2026-09-10T11:25:19.141Z</time>
			</trkpt>
			<trkpt lat="37.51691" lon="-2.81461">
				<ele>920.25</ele>
				<time>2026-09-10T11:25:20.179Z</time>
			</trkpt>
			<trkpt lat="37.51714" lon="-2.81456">
				<ele>923.75</ele>
				<time>2026-09-10T11:25:21.229Z</time>
			</trkpt>
			<trkpt lat="37.51744" lon="-2.81445">
				<ele>927.4</ele>
				<time>2026-09-10T11:25:22.631Z</time>
			</trkpt>
			<trkpt lat="37.51862" lon="-2.81391">
				<ele>932.2</ele>
				<time>2026-09-10T11:25:28.225Z</time>
			</trkpt>
			<trkpt lat="37.51891" lon="-2.81382">
				<ele>935.34</ele>
				<time>2026-09-10T11:25:29.548Z</time>
			</trkpt>
			<trkpt lat="37.51919" lon="-2.81377">
				<ele>935.76</ele>
				<time>2026-09-10T11:25:30.799Z</time>
			</trkpt>
			<trkpt lat="37.51935" lon="-2.81376">
				<ele>934.3</ele>
				<time>2026-09-10T11:25:31.506Z</time>
			</trkpt>
			<trkpt lat="37.51977" lon="-2.81381">
				<ele>932.47</ele>
				<time>2026-09-10T11:25:33.365Z</time>
			</trkpt>
			<trkpt lat="37.52083" lon="-2.81414">
				<ele>930.65</ele>
				<time>2026-09-10T11:25:38.160Z</time>
			</trkpt>
			<trkpt lat="37.52116" lon="-2.81427">
				<ele>932.22</ele>
				<time>2026-09-10T11:25:39.675Z</time>
			</trkpt>
			<trkpt lat="37.5214" lon="-2.81441">
				<ele>932.46</ele>
				<time>2026-09-10T11:25:40.832Z</time>
			</trkpt>
			<trkpt lat="37.52161" lon="-2.81457">
				<ele>932.29</ele>
				<time>2026-09-10T11:25:41.905Z</time>
			</trkpt>
			<trkpt lat="37.5218" lon="-2.81475">
				<ele>932.33</ele>
				<time>2026-09-10T11:25:42.944Z</time>
			</trkpt>
			<trkpt lat="37.522" lon="-2.81498">
				<ele>934.18</ele>
				<time>2026-09-10T11:25:44.127Z</time>
			</trkpt>
			<trkpt lat="37.52217" lon="-2.81522">
				<ele>933.53</ele>
				<time>2026-09-10T11:25:45.242Z</time>
			</trkpt>
			<trkpt lat="37.52264" lon="-2.81594">
				<ele>934.52</ele>
				<time>2026-09-10T11:25:48.474Z</time>
			</trkpt>
			<trkpt lat="37.52284" lon="-2.81616">
				<ele>937.77</ele>
				<time>2026-09-10T11:25:49.634Z</time>
			</trkpt>
			<trkpt lat="37.52302" lon="-2.81633">
				<ele>938.36</ele>
				<time>2026-09-10T11:25:50.617Z</time>
			</trkpt>
			<trkpt lat="37.52325" lon="-2.81649">
				<ele>936.96</ele>
				<time>2026-09-10T11:25:51.766Z</time>
			</trkpt>
			<trkpt lat="37.52347" lon="-2.8166">
				<ele>934.96</ele>
				<time>2026-09-10T11:25:52.802Z</time>
			</trkpt>
			<trkpt lat="37.52368" lon="-2.81667">
				<ele>932.18</ele>
				<time>2026-09-10T11:25:53.753Z</time>
			</trkpt>
			<trkpt lat="37.52403" lon="-2.81673">
				<ele>926.06</ele>
				<time>2026-09-10T11:25:55.301Z</time>
			</trkpt>
			<trkpt lat="37.52424" lon="-2.81672">
				<ele>923.59</ele>
				<time>2026-09-10T11:25:56.223Z</time>
			</trkpt>
			<trkpt lat="37.52448" lon="-2.81668">
				<ele>921.57</ele>
				<time>2026-09-10T11:25:57.287Z</time>
			</trkpt>
			<trkpt lat="37.52471" lon="-2.81661">
				<ele>922.01</ele>
				<time>2026-09-10T11:25:58.327Z</time>
			</trkpt>
			<trkpt lat="37.52492" lon="-2.81651">
				<ele>924.8</ele>
				<time>2026-09-10T11:25:59.315Z</time>
			</trkpt>
			<trkpt lat="37.52522" lon="-2.81631">
				<ele>925.63</ele>
				<time>2026-09-10T11:26:00.811Z</time>
			</trkpt>
			<trkpt lat="37.52539" lon="-2.81615">
				<ele>924.31</ele>
				<time>2026-09-10T11:26:01.747Z</time>
			</trkpt>
			<trkpt lat="37.52556" lon="-2.81595">
				<ele>922.97</ele>
				<time>2026-09-10T11:26:02.775Z</time>
			</trkpt>
			<trkpt lat="37.52573" lon="-2.8157">
				<ele>921.3</ele>
				<time>2026-09-10T11:26:03.932Z</time>
			</trkpt>
			<trkpt lat="37.52645" lon="-2.81451">
				<ele>929.02</ele>
				<time>2026-09-10T11:26:09.218Z</time>
			</trkpt>
			<trkpt lat="37.52664" lon="-2.81426">
				<ele>930.47</ele>
				<time>2026-09-10T11:26:10.449Z</time>
			</trkpt>
			<trkpt lat="37.52684" lon="-2.81402">
				<ele>928.71</ele>
				<time>2026-09-10T11:26:11.689Z</time>
			</trkpt>
			<trkpt lat="37.52703" lon="-2.81385">
				<ele>926.43</ele>
				<time>2026-09-10T11:26:12.739Z</time>
			</trkpt>
			<trkpt lat="37.52722" lon="-2.81372">
				<ele>924.54</ele>
				<time>2026-09-10T11:26:13.715Z</time>
			</trkpt>
			<trkpt lat="37.52744" lon="-2.8136">
				<ele>922.82</ele>
				<time>2026-09-10T11:26:14.800Z</time>
			</trkpt>
			<trkpt lat="37.52774" lon="-2.81348">
				<ele>921.09</ele>
				<time>2026-09-10T11:26:16.229Z</time>
			</trkpt>
			<trkpt lat="37.528" lon="-2.81343">
				<ele>920.9</ele>
				<time>2026-09-10T11:26:17.427Z</time>
			</trkpt>
			<trkpt lat="37.52824" lon="-2.81341">
				<ele>922.39</ele>
				<time>2026-09-10T11:26:18.526Z</time>
			</trkpt>
			<trkpt lat="37.52844" lon="-2.81343">
				<ele>923.72</ele>
				<time>2026-09-10T11:26:19.445Z</time>
			</trkpt>
			<trkpt lat="37.52869" lon="-2.81348">
				<ele>924.33</ele>
				<time>2026-09-10T11:26:20.608Z</time>
			</trkpt>
			<trkpt lat="37.52896" lon="-2.81358">
				<ele>922.59</ele>
				<time>2026-09-10T11:26:21.906Z</time>
			</trkpt>
			<trkpt lat="37.5292" lon="-2.81371">
				<ele>921.76</ele>
				<time>2026-09-10T11:26:23.115Z</time>
			</trkpt>
			<trkpt lat="37.52959" lon="-2.81402">
				<ele>922.52</ele>
				<time>2026-09-10T11:26:25.259Z</time>
			</trkpt>
			<trkpt lat="37.52976" lon="-2.81421">
				<ele>921.72</ele>
				<time>2026-09-10T11:26:26.321Z</time>
			</trkpt>
			<trkpt lat="37.52992" lon="-2.81442">
				<ele>919.72</ele>
				<time>2026-09-10T11:26:27.405Z</time>
			</trkpt>
			<trkpt lat="37.53006" lon="-2.81467">
				<ele>915.37</ele>
				<time>2026-09-10T11:26:28.547Z</time>
			</trkpt>
			<trkpt lat="37.5302" lon="-2.81497">
				<ele>912.32</ele>
				<time>2026-09-10T11:26:29.852Z</time>
			</trkpt>
			<trkpt lat="37.53029" lon="-2.81524">
				<ele>909.48</ele>
				<time>2026-09-10T11:26:30.955Z</time>
			</trkpt>
			<trkpt lat="37.53036" lon="-2.81551">
				<ele>907.98</ele>
				<time>2026-09-10T11:26:32.028Z</time>
			</trkpt>
			<trkpt lat="37.53041" lon="-2.81582">
				<ele>905.15</ele>
				<time>2026-09-10T11:26:33.228Z</time>
			</trkpt>
			<trkpt lat="37.53042" lon="-2.81617">
				<ele>903.64</ele>
				<time>2026-09-10T11:26:34.562Z</time>
			</trkpt>
			<trkpt lat="37.5304" lon="-2.81665">
				<ele>898.12</ele>
				<time>2026-09-10T11:26:36.404Z</time>
			</trkpt>
			<trkpt lat="37.53033" lon="-2.81698">
				<ele>896.13</ele>
				<time>2026-09-10T11:26:37.721Z</time>
			</trkpt>
			<trkpt lat="37.53025" lon="-2.81729">
				<ele>896.03</ele>
				<time>2026-09-10T11:26:38.984Z</time>
			</trkpt>
			<trkpt lat="37.52982" lon="-2.81849">
				<ele>886.97</ele>
				<time>2026-09-10T11:26:44.147Z</time>
			</trkpt>
			<trkpt lat="37.52974" lon="-2.81883">
				<ele>889.18</ele>
				<time>2026-09-10T11:26:45.556Z</time>
			</trkpt>
			<trkpt lat="37.52966" lon="-2.81925">
				<ele>888.64</ele>
				<time>2026-09-10T11:26:47.282Z</time>
			</trkpt>
			<trkpt lat="37.52961" lon="-2.81963">
				<ele>882.31</ele>
				<time>2026-09-10T11:26:48.832Z</time>
			</trkpt>
			<trkpt lat="37.52959" lon="-2.82002">
				<ele>879.4</ele>
				<time>2026-09-10T11:26:50.415Z</time>
			</trkpt>
			<trkpt lat="37.52961" lon="-2.82126">
				<ele>874.71</ele>
				<time>2026-09-10T11:26:55.508Z</time>
			</trkpt>
			<trkpt lat="37.52958" lon="-2.8216">
				<ele>872.49</ele>
				<time>2026-09-10T11:26:56.932Z</time>
			</trkpt>
			<trkpt lat="37.52944" lon="-2.82241">
				<ele>869</ele>
				<time>2026-09-10T11:27:00.420Z</time>
			</trkpt>
			<trkpt lat="37.52942" lon="-2.82295">
				<ele>864.96</ele>
				<time>2026-09-10T11:27:02.722Z</time>
			</trkpt>
			<trkpt lat="37.52945" lon="-2.82325">
				<ele>862.02</ele>
				<time>2026-09-10T11:27:04.021Z</time>
			</trkpt>
			<trkpt lat="37.5295" lon="-2.82356">
				<ele>860.42</ele>
				<time>2026-09-10T11:27:05.387Z</time>
			</trkpt>
			<trkpt lat="37.52958" lon="-2.82387">
				<ele>860.02</ele>
				<time>2026-09-10T11:27:06.803Z</time>
			</trkpt>
			<trkpt lat="37.52979" lon="-2.82439">
				<ele>860.32</ele>
				<time>2026-09-10T11:27:09.361Z</time>
			</trkpt>
			<trkpt lat="37.52993" lon="-2.82463">
				<ele>858.71</ele>
				<time>2026-09-10T11:27:10.678Z</time>
			</trkpt>
			<trkpt lat="37.5301" lon="-2.82486">
				<ele>857.1</ele>
				<time>2026-09-10T11:27:12.076Z</time>
			</trkpt>
			<trkpt lat="37.53045" lon="-2.82527">
				<ele>853.93</ele>
				<time>2026-09-10T11:27:14.780Z</time>
			</trkpt>
			<trkpt lat="37.53061" lon="-2.82546">
				<ele>852.58</ele>
				<time>2026-09-10T11:27:16.034Z</time>
			</trkpt>
			<trkpt lat="37.53077" lon="-2.82579">
				<ele>852.43</ele>
				<time>2026-09-10T11:27:17.797Z</time>
			</trkpt>
			<trkpt lat="37.53086" lon="-2.82605">
				<ele>852.39</ele>
				<time>2026-09-10T11:27:19.099Z</time>
			</trkpt>
			<trkpt lat="37.53099" lon="-2.82655">
				<ele>850.64</ele>
				<time>2026-09-10T11:27:21.534Z</time>
			</trkpt>
			<trkpt lat="37.53119" lon="-2.82703">
				<ele>847.86</ele>
				<time>2026-09-10T11:27:24.070Z</time>
			</trkpt>
			<trkpt lat="37.53157" lon="-2.82771">
				<ele>840.64</ele>
				<time>2026-09-10T11:27:28.019Z</time>
			</trkpt>
			<trkpt lat="37.53168" lon="-2.82796">
				<ele>840.74</ele>
				<time>2026-09-10T11:27:29.392Z</time>
			</trkpt>
			<trkpt lat="37.53175" lon="-2.82819">
				<ele>841.96</ele>
				<time>2026-09-10T11:27:30.581Z</time>
			</trkpt>
			<trkpt lat="37.53194" lon="-2.82908">
				<ele>836.67</ele>
				<time>2026-09-10T11:27:35.089Z</time>
			</trkpt>
			<trkpt lat="37.53201" lon="-2.82935">
				<ele>835.05</ele>
				<time>2026-09-10T11:27:36.497Z</time>
			</trkpt>
			<trkpt lat="37.5321" lon="-2.8296">
				<ele>835.17</ele>
				<time>2026-09-10T11:27:37.866Z</time>
			</trkpt>
			<trkpt lat="37.53358" lon="-2.83311">
				<ele>820.08</ele>
				<time>2026-09-10T11:27:58.648Z</time>
			</trkpt>
			<trkpt lat="37.53378" lon="-2.83334">
				<ele>820.63</ele>
				<time>2026-09-10T11:28:00.520Z</time>
			</trkpt>
			<trkpt lat="37.534" lon="-2.83353">
				<ele>822.09</ele>
				<time>2026-09-10T11:28:02.380Z</time>
			</trkpt>
			<trkpt lat="37.53406" lon="-2.83355">
				<ele>822.42</ele>
				<time>2026-09-10T11:28:02.815Z</time>
			</trkpt>
			<trkpt lat="37.5341" lon="-2.8336">
				<ele>822.7</ele>
				<time>2026-09-10T11:28:03.210Z</time>
			</trkpt>
			<trkpt lat="37.53411" lon="-2.83365">
				<ele>822.71</ele>
				<time>2026-09-10T11:28:03.497Z</time>
			</trkpt>
			<trkpt lat="37.53417" lon="-2.8337">
				<ele>822.65</ele>
				<time>2026-09-10T11:28:04.004Z</time>
			</trkpt>
			<trkpt lat="37.53434" lon="-2.83394">
				<ele>821.1</ele>
				<time>2026-09-10T11:28:05.809Z</time>
			</trkpt>
			<trkpt lat="37.5347" lon="-2.83419">
				<ele>818.91</ele>
				<time>2026-09-10T11:28:08.744Z</time>
			</trkpt>
			<trkpt lat="37.53612" lon="-2.83514">
				<ele>806.4</ele>
				<time>2026-09-10T11:28:20.570Z</time>
			</trkpt>
			<trkpt lat="37.53636" lon="-2.8352">
				<ele>805.51</ele>
				<time>2026-09-10T11:28:22.420Z</time>
			</trkpt>
			<trkpt lat="37.53639" lon="-2.83519">
				<ele>805.33</ele>
				<time>2026-09-10T11:28:22.655Z</time>
			</trkpt>
			<trkpt lat="37.53644" lon="-2.83521">
				<ele>805.38</ele>
				<time>2026-09-10T11:28:23.054Z</time>
			</trkpt>
			<trkpt lat="37.53648" lon="-2.83527">
				<ele>805.61</ele>
				<time>2026-09-10T11:28:23.533Z</time>
			</trkpt>
			<trkpt lat="37.53647" lon="-2.83537">
				<ele>805.7</ele>
				<time>2026-09-10T11:28:24.171Z</time>
			</trkpt>
			<trkpt lat="37.53642" lon="-2.83541">
				<ele>805.88</ele>
				<time>2026-09-10T11:28:24.657Z</time>
			</trkpt>
			<trkpt lat="37.53633" lon="-2.83576">
				<ele>805.66</ele>
				<time>2026-09-10T11:28:27.222Z</time>
			</trkpt>
			<trkpt lat="37.53455" lon="-2.84727">
				<ele>800.08</ele>
				<time>2026-09-10T11:30:07.520Z</time>
			</trkpt>
			<trkpt lat="37.53441" lon="-2.84825">
				<ele>807.65</ele>
				<time>2026-09-10T11:30:16.182Z</time>
			</trkpt>
			<trkpt lat="37.53437" lon="-2.8488">
				<ele>813.21</ele>
				<time>2026-09-10T11:30:20.955Z</time>
			</trkpt>
			<trkpt lat="37.53437" lon="-2.84948">
				<ele>817.39</ele>
				<time>2026-09-10T11:30:26.791Z</time>
			</trkpt>
			<trkpt lat="37.53441" lon="-2.85013">
				<ele>821.34</ele>
				<time>2026-09-10T11:30:32.337Z</time>
			</trkpt>
			<trkpt lat="37.53483" lon="-2.85409">
				<ele>822</ele>
				<time>2026-09-10T11:31:04.817Z</time>
			</trkpt>
			<trkpt lat="37.53488" lon="-2.85483">
				<ele>823.75</ele>
				<time>2026-09-10T11:31:10.482Z</time>
			</trkpt>
			<trkpt lat="37.53488" lon="-2.85535">
				<ele>825.69</ele>
				<time>2026-09-10T11:31:14.363Z</time>
			</trkpt>
			<trkpt lat="37.5349" lon="-2.85563">
				<ele>824.08</ele>
				<time>2026-09-10T11:31:16.431Z</time>
			</trkpt>
			<trkpt lat="37.53494" lon="-2.85573">
				<ele>824</ele>
				<time>2026-09-10T11:31:17.248Z</time>
			</trkpt>
			<trkpt lat="37.53501" lon="-2.85583">
				<ele>824.16</ele>
				<time>2026-09-10T11:31:18.217Z</time>
			</trkpt>
			<trkpt lat="37.5351" lon="-2.85593">
				<ele>825.1</ele>
				<time>2026-09-10T11:31:19.309Z</time>
			</trkpt>
			<trkpt lat="37.53513" lon="-2.856">
				<ele>825.52</ele>
				<time>2026-09-10T11:31:19.881Z</time>
			</trkpt>
			<trkpt lat="37.53513" lon="-2.85613">
				<ele>826</ele>
				<time>2026-09-10T11:31:20.811Z</time>
			</trkpt>
			<trkpt lat="37.53508" lon="-2.85624">
				<ele>826.21</ele>
				<time>2026-09-10T11:31:21.714Z</time>
			</trkpt>
			<trkpt lat="37.53493" lon="-2.85644">
				<ele>827.61</ele>
				<time>2026-09-10T11:31:23.656Z</time>
			</trkpt>
			<trkpt lat="37.53482" lon="-2.85679">
				<ele>830.11</ele>
				<time>2026-09-10T11:31:26.274Z</time>
			</trkpt>
			<trkpt lat="37.53463" lon="-2.85806">
				<ele>835.3</ele>
				<time>2026-09-10T11:31:34.904Z</time>
			</trkpt>
			<trkpt lat="37.53246" lon="-2.86983">
				<ele>839.44</ele>
				<time>2026-09-10T11:32:44.530Z</time>
			</trkpt>
			<trkpt lat="37.53221" lon="-2.87743">
				<ele>835.73</ele>
				<time>2026-09-10T11:33:24.272Z</time>
			</trkpt>
			<trkpt lat="37.53226" lon="-2.87808">
				<ele>833.3</ele>
				<time>2026-09-10T11:33:27.552Z</time>
			</trkpt>
			<trkpt lat="37.53236" lon="-2.87872">
				<ele>830.57</ele>
				<time>2026-09-10T11:33:30.810Z</time>
			</trkpt>
			<trkpt lat="37.53252" lon="-2.87941">
				<ele>837.69</ele>
				<time>2026-09-10T11:33:34.377Z</time>
			</trkpt>
			<trkpt lat="37.53287" lon="-2.88043">
				<ele>836.55</ele>
				<time>2026-09-10T11:33:39.844Z</time>
			</trkpt>
			<trkpt lat="37.53461" lon="-2.88438">
				<ele>828.71</ele>
				<time>2026-09-10T11:34:01.507Z</time>
			</trkpt>
			<trkpt lat="37.5349" lon="-2.88603">
				<ele>824.88</ele>
				<time>2026-09-10T11:34:09.384Z</time>
			</trkpt>
			<trkpt lat="37.53482" lon="-2.88725">
				<ele>825.22</ele>
				<time>2026-09-10T11:34:15.016Z</time>
			</trkpt>
			<trkpt lat="37.53401" lon="-2.88968">
				<ele>819.82</ele>
				<time>2026-09-10T11:34:26.936Z</time>
			</trkpt>
			<trkpt lat="37.53378" lon="-2.89083">
				<ele>818.65</ele>
				<time>2026-09-10T11:34:32.211Z</time>
			</trkpt>
			<trkpt lat="37.53362" lon="-2.89223">
				<ele>815.89</ele>
				<time>2026-09-10T11:34:38.431Z</time>
			</trkpt>
			<trkpt lat="37.53393" lon="-2.89406">
				<ele>818.41</ele>
				<time>2026-09-10T11:34:46.545Z</time>
			</trkpt>
			<trkpt lat="37.53518" lon="-2.89907">
				<ele>815.74</ele>
				<time>2026-09-10T11:35:08.653Z</time>
			</trkpt>
			<trkpt lat="37.53638" lon="-2.904">
				<ele>786.25</ele>
				<time>2026-09-10T11:35:29.474Z</time>
			</trkpt>
			<trkpt lat="37.53676" lon="-2.9052">
				<ele>776.36</ele>
				<time>2026-09-10T11:35:34.563Z</time>
			</trkpt>
			<trkpt lat="37.53703" lon="-2.90614">
				<ele>771.02</ele>
				<time>2026-09-10T11:35:38.467Z</time>
			</trkpt>
			<trkpt lat="37.53716" lon="-2.90667">
				<ele>770.38</ele>
				<time>2026-09-10T11:35:40.621Z</time>
			</trkpt>
			<trkpt lat="37.53729" lon="-2.90738">
				<ele>770.79</ele>
				<time>2026-09-10T11:35:43.437Z</time>
			</trkpt>
			<trkpt lat="37.53732" lon="-2.90774">
				<ele>773.02</ele>
				<time>2026-09-10T11:35:44.831Z</time>
			</trkpt>
			<trkpt lat="37.53736" lon="-2.90856">
				<ele>776.4</ele>
				<time>2026-09-10T11:35:47.980Z</time>
			</trkpt>
			<trkpt lat="37.53731" lon="-2.90934">
				<ele>772.36</ele>
				<time>2026-09-10T11:35:50.963Z</time>
			</trkpt>
			<trkpt lat="37.53727" lon="-2.90971">
				<ele>769.16</ele>
				<time>2026-09-10T11:35:52.381Z</time>
			</trkpt>
			<trkpt lat="37.53719" lon="-2.91013">
				<ele>766.28</ele>
				<time>2026-09-10T11:35:54.016Z</time>
			</trkpt>
			<trkpt lat="37.53711" lon="-2.91052">
				<ele>765.85</ele>
				<time>2026-09-10T11:35:55.537Z</time>
			</trkpt>
			<trkpt lat="37.53698" lon="-2.91097">
				<ele>766.91</ele>
				<time>2026-09-10T11:35:57.340Z</time>
			</trkpt>
			<trkpt lat="37.53668" lon="-2.91178">
				<ele>762.93</ele>
				<time>2026-09-10T11:36:00.689Z</time>
			</trkpt>
			<trkpt lat="37.53636" lon="-2.91245">
				<ele>753.58</ele>
				<time>2026-09-10T11:36:03.603Z</time>
			</trkpt>
			<trkpt lat="37.53624" lon="-2.91267">
				<ele>750.33</ele>
				<time>2026-09-10T11:36:04.594Z</time>
			</trkpt>
			<trkpt lat="37.53524" lon="-2.91499">
				<ele>736.2</ele>
				<time>2026-09-10T11:36:14.307Z</time>
			</trkpt>
			<trkpt lat="37.53364" lon="-2.91842">
				<ele>765.05</ele>
				<time>2026-09-10T11:36:28.651Z</time>
			</trkpt>
			<trkpt lat="37.53329" lon="-2.91946">
				<ele>755.9</ele>
				<time>2026-09-10T11:36:32.664Z</time>
			</trkpt>
			<trkpt lat="37.53305" lon="-2.92033">
				<ele>744.64</ele>
				<time>2026-09-10T11:36:35.917Z</time>
			</trkpt>
			<trkpt lat="37.53274" lon="-2.9219">
				<ele>739.07</ele>
				<time>2026-09-10T11:36:41.592Z</time>
			</trkpt>
			<trkpt lat="37.53269" lon="-2.92227">
				<ele>738.06</ele>
				<time>2026-09-10T11:36:42.902Z</time>
			</trkpt>
			<trkpt lat="37.53266" lon="-2.92355">
				<ele>741.79</ele>
				<time>2026-09-10T11:36:47.353Z</time>
			</trkpt>
			<trkpt lat="37.53296" lon="-2.92469">
				<ele>739.8</ele>
				<time>2026-09-10T11:36:51.502Z</time>
			</trkpt>
			<trkpt lat="37.53351" lon="-2.92575">
				<ele>745.27</ele>
				<time>2026-09-10T11:36:55.852Z</time>
			</trkpt>
			<trkpt lat="37.53543" lon="-2.9292">
				<ele>732.76</ele>
				<time>2026-09-10T11:37:10.158Z</time>
			</trkpt>
			<trkpt lat="37.53558" lon="-2.92943">
				<ele>730.69</ele>
				<time>2026-09-10T11:37:11.159Z</time>
			</trkpt>
			<trkpt lat="37.53646" lon="-2.93098">
				<ele>722.92</ele>
				<time>2026-09-10T11:37:17.545Z</time>
			</trkpt>
			<trkpt lat="37.53746" lon="-2.93276">
				<ele>714.28</ele>
				<time>2026-09-10T11:37:24.803Z</time>
			</trkpt>
			<trkpt lat="37.53861" lon="-2.93487">
				<ele>709.92</ele>
				<time>2026-09-10T11:37:33.259Z</time>
			</trkpt>
			<trkpt lat="37.53896" lon="-2.93551">
				<ele>708.73</ele>
				<time>2026-09-10T11:37:35.816Z</time>
			</trkpt>
			<trkpt lat="37.53904" lon="-2.93571">
				<ele>707.66</ele>
				<time>2026-09-10T11:37:36.552Z</time>
			</trkpt>
			<trkpt lat="37.53979" lon="-2.93698">
				<ele>704.08</ele>
				<time>2026-09-10T11:37:41.741Z</time>
			</trkpt>
			<trkpt lat="37.54007" lon="-2.9374">
				<ele>700.48</ele>
				<time>2026-09-10T11:37:43.536Z</time>
			</trkpt>
			<trkpt lat="37.5404" lon="-2.93783">
				<ele>698.53</ele>
				<time>2026-09-10T11:37:45.490Z</time>
			</trkpt>
			<trkpt lat="37.54095" lon="-2.93846">
				<ele>698.84</ele>
				<time>2026-09-10T11:37:48.546Z</time>
			</trkpt>
			<trkpt lat="37.54118" lon="-2.93869">
				<ele>697.51</ele>
				<time>2026-09-10T11:37:49.752Z</time>
			</trkpt>
			<trkpt lat="37.54151" lon="-2.93899">
				<ele>696.37</ele>
				<time>2026-09-10T11:37:51.422Z</time>
			</trkpt>
			<trkpt lat="37.54228" lon="-2.93958">
				<ele>693.78</ele>
				<time>2026-09-10T11:37:55.116Z</time>
			</trkpt>
			<trkpt lat="37.54582" lon="-2.9419">
				<ele>683.73</ele>
				<time>2026-09-10T11:38:11.418Z</time>
			</trkpt>
			<trkpt lat="37.54655" lon="-2.94247">
				<ele>678.47</ele>
				<time>2026-09-10T11:38:14.920Z</time>
			</trkpt>
			<trkpt lat="37.54689" lon="-2.94279">
				<ele>676.09</ele>
				<time>2026-09-10T11:38:16.650Z</time>
			</trkpt>
			<trkpt lat="37.54764" lon="-2.94357">
				<ele>677.76</ele>
				<time>2026-09-10T11:38:20.613Z</time>
			</trkpt>
			<trkpt lat="37.54957" lon="-2.94574">
				<ele>664.32</ele>
				<time>2026-09-10T11:38:31.163Z</time>
			</trkpt>
			<trkpt lat="37.54986" lon="-2.94611">
				<ele>661.01</ele>
				<time>2026-09-10T11:38:32.848Z</time>
			</trkpt>
			<trkpt lat="37.55008" lon="-2.94646">
				<ele>659.61</ele>
				<time>2026-09-10T11:38:34.295Z</time>
			</trkpt>
			<trkpt lat="37.55031" lon="-2.94694">
				<ele>656.09</ele>
				<time>2026-09-10T11:38:36.113Z</time>
			</trkpt>
			<trkpt lat="37.55076" lon="-2.94802">
				<ele>653.26</ele>
				<time>2026-09-10T11:38:40.071Z</time>
			</trkpt>
			<trkpt lat="37.55103" lon="-2.9486">
				<ele>655.46</ele>
				<time>2026-09-10T11:38:42.256Z</time>
			</trkpt>
			<trkpt lat="37.55131" lon="-2.94912">
				<ele>653.9</ele>
				<time>2026-09-10T11:38:44.300Z</time>
			</trkpt>
			<trkpt lat="37.55157" lon="-2.94952">
				<ele>654.36</ele>
				<time>2026-09-10T11:38:45.983Z</time>
			</trkpt>
			<trkpt lat="37.55186" lon="-2.94991">
				<ele>654.54</ele>
				<time>2026-09-10T11:38:47.725Z</time>
			</trkpt>
			<trkpt lat="37.55247" lon="-2.9506">
				<ele>657</ele>
				<time>2026-09-10T11:38:51.095Z</time>
			</trkpt>
			<trkpt lat="37.55311" lon="-2.95117">
				<ele>657.47</ele>
				<time>2026-09-10T11:38:54.325Z</time>
			</trkpt>
			<trkpt lat="37.55347" lon="-2.95144">
				<ele>657.7</ele>
				<time>2026-09-10T11:38:56.054Z</time>
			</trkpt>
			<trkpt lat="37.55633" lon="-2.95339">
				<ele>645.11</ele>
				<time>2026-09-10T11:39:09.551Z</time>
			</trkpt>
			<trkpt lat="37.55664" lon="-2.95357">
				<ele>641.99</ele>
				<time>2026-09-10T11:39:10.976Z</time>
			</trkpt>
			<trkpt lat="37.55685" lon="-2.95366">
				<ele>641.32</ele>
				<time>2026-09-10T11:39:11.904Z</time>
			</trkpt>
			<trkpt lat="37.55702" lon="-2.9537">
				<ele>642.02</ele>
				<time>2026-09-10T11:39:12.628Z</time>
			</trkpt>
			<trkpt lat="37.55719" lon="-2.95371">
				<ele>643.94</ele>
				<time>2026-09-10T11:39:13.340Z</time>
			</trkpt>
			<trkpt lat="37.55739" lon="-2.95368">
				<ele>645.68</ele>
				<time>2026-09-10T11:39:14.184Z</time>
			</trkpt>
			<trkpt lat="37.55756" lon="-2.95363">
				<ele>646.45</ele>
				<time>2026-09-10T11:39:14.916Z</time>
			</trkpt>
			<trkpt lat="37.55801" lon="-2.95336">
				<ele>642.54</ele>
				<time>2026-09-10T11:39:17.009Z</time>
			</trkpt>
			<trkpt lat="37.55819" lon="-2.95335">
				<ele>639.37</ele>
				<time>2026-09-10T11:39:17.767Z</time>
			</trkpt>
			<trkpt lat="37.55831" lon="-2.95339">
				<ele>637.05</ele>
				<time>2026-09-10T11:39:18.289Z</time>
			</trkpt>
			<trkpt lat="37.56162" lon="-2.95502">
				<ele>622.21</ele>
				<time>2026-09-10T11:39:33.370Z</time>
			</trkpt>
			<trkpt lat="37.56179" lon="-2.95504">
				<ele>629.11</ele>
				<time>2026-09-10T11:39:34.101Z</time>
			</trkpt>
			<trkpt lat="37.56201" lon="-2.95496">
				<ele>638.53</ele>
				<time>2026-09-10T11:39:35.083Z</time>
			</trkpt>
			<trkpt lat="37.56216" lon="-2.95482">
				<ele>642.96</ele>
				<time>2026-09-10T11:39:35.884Z</time>
			</trkpt>
			<trkpt lat="37.56221" lon="-2.95474">
				<ele>643.95</ele>
				<time>2026-09-10T11:39:36.231Z</time>
			</trkpt>
			<trkpt lat="37.5627" lon="-2.95366">
				<ele>645.81</ele>
				<time>2026-09-10T11:39:40.481Z</time>
			</trkpt>
			<trkpt lat="37.56307" lon="-2.953">
				<ele>650.2</ele>
				<time>2026-09-10T11:39:43.254Z</time>
			</trkpt>
			<trkpt lat="37.56333" lon="-2.9526">
				<ele>651.81</ele>
				<time>2026-09-10T11:39:45.035Z</time>
			</trkpt>
			<trkpt lat="37.56368" lon="-2.95213">
				<ele>657.81</ele>
				<time>2026-09-10T11:39:47.260Z</time>
			</trkpt>
			<trkpt lat="37.56405" lon="-2.95176">
				<ele>666.32</ele>
				<time>2026-09-10T11:39:49.321Z</time>
			</trkpt>
			<trkpt lat="37.56439" lon="-2.9515">
				<ele>668.35</ele>
				<time>2026-09-10T11:39:51.062Z</time>
			</trkpt>
			<trkpt lat="37.56476" lon="-2.95131">
				<ele>666.47</ele>
				<time>2026-09-10T11:39:52.815Z</time>
			</trkpt>
			<trkpt lat="37.56495" lon="-2.95124">
				<ele>665.72</ele>
				<time>2026-09-10T11:39:53.686Z</time>
			</trkpt>
			<trkpt lat="37.56597" lon="-2.95097">
				<ele>681.13</ele>
				<time>2026-09-10T11:39:58.287Z</time>
			</trkpt>
			<trkpt lat="37.56657" lon="-2.95084">
				<ele>681.96</ele>
				<time>2026-09-10T11:40:00.990Z</time>
			</trkpt>
			<trkpt lat="37.56696" lon="-2.95082">
				<ele>677.23</ele>
				<time>2026-09-10T11:40:02.728Z</time>
			</trkpt>
			<trkpt lat="37.56734" lon="-2.95088">
				<ele>686.74</ele>
				<time>2026-09-10T11:40:04.439Z</time>
			</trkpt>
			<trkpt lat="37.56753" lon="-2.95094">
				<ele>690.54</ele>
				<time>2026-09-10T11:40:05.315Z</time>
			</trkpt>
			<trkpt lat="37.56787" lon="-2.9511">
				<ele>694.16</ele>
				<time>2026-09-10T11:40:06.942Z</time>
			</trkpt>
			<trkpt lat="37.56821" lon="-2.95135">
				<ele>699.12</ele>
				<time>2026-09-10T11:40:08.712Z</time>
			</trkpt>
			<trkpt lat="37.56854" lon="-2.95172">
				<ele>702.79</ele>
				<time>2026-09-10T11:40:10.703Z</time>
			</trkpt>
			<trkpt lat="37.56959" lon="-2.95316">
				<ele>711.6</ele>
				<time>2026-09-10T11:40:17.748Z</time>
			</trkpt>
			<trkpt lat="37.56986" lon="-2.9535">
				<ele>711.75</ele>
				<time>2026-09-10T11:40:19.494Z</time>
			</trkpt>
			<trkpt lat="37.56996" lon="-2.95358">
				<ele>711.81</ele>
				<time>2026-09-10T11:40:20.037Z</time>
			</trkpt>
			<trkpt lat="37.57016" lon="-2.95371">
				<ele>712.15</ele>
				<time>2026-09-10T11:40:21.070Z</time>
			</trkpt>
			<trkpt lat="37.57029" lon="-2.95376">
				<ele>711.98</ele>
				<time>2026-09-10T11:40:21.695Z</time>
			</trkpt>
			<trkpt lat="37.57043" lon="-2.95379">
				<ele>711.86</ele>
				<time>2026-09-10T11:40:22.348Z</time>
			</trkpt>
			<trkpt lat="37.57148" lon="-2.95388">
				<ele>716.03</ele>
				<time>2026-09-10T11:40:27.215Z</time>
			</trkpt>
			<trkpt lat="37.57189" lon="-2.95389">
				<ele>715.9</ele>
				<time>2026-09-10T11:40:29.122Z</time>
			</trkpt>
			<trkpt lat="37.57227" lon="-2.95384">
				<ele>715.01</ele>
				<time>2026-09-10T11:40:30.905Z</time>
			</trkpt>
			<trkpt lat="37.57314" lon="-2.95362">
				<ele>713.04</ele>
				<time>2026-09-10T11:40:35.067Z</time>
			</trkpt>
			<trkpt lat="37.57352" lon="-2.95359">
				<ele>708.06</ele>
				<time>2026-09-10T11:40:36.863Z</time>
			</trkpt>
			<trkpt lat="37.57382" lon="-2.95364">
				<ele>707.17</ele>
				<time>2026-09-10T11:40:38.294Z</time>
			</trkpt>
			<trkpt lat="37.57397" lon="-2.9537">
				<ele>708.69</ele>
				<time>2026-09-10T11:40:39.040Z</time>
			</trkpt>
			<trkpt lat="37.57416" lon="-2.95379">
				<ele>711.81</ele>
				<time>2026-09-10T11:40:40.003Z</time>
			</trkpt>
			<trkpt lat="37.5748" lon="-2.95422">
				<ele>720.93</ele>
				<time>2026-09-10T11:40:43.458Z</time>
			</trkpt>
			<trkpt lat="37.57494" lon="-2.95429">
				<ele>721.05</ele>
				<time>2026-09-10T11:40:44.178Z</time>
			</trkpt>
			<trkpt lat="37.57524" lon="-2.9544">
				<ele>723.81</ele>
				<time>2026-09-10T11:40:45.675Z</time>
			</trkpt>
			<trkpt lat="37.57556" lon="-2.95443">
				<ele>726.44</ele>
				<time>2026-09-10T11:40:47.218Z</time>
			</trkpt>
			<trkpt lat="37.57577" lon="-2.9544">
				<ele>725.86</ele>
				<time>2026-09-10T11:40:48.236Z</time>
			</trkpt>
			<trkpt lat="37.57638" lon="-2.95424">
				<ele>726.32</ele>
				<time>2026-09-10T11:40:51.248Z</time>
			</trkpt>
			<trkpt lat="37.57672" lon="-2.95419">
				<ele>727.85</ele>
				<time>2026-09-10T11:40:52.911Z</time>
			</trkpt>
			<trkpt lat="37.57773" lon="-2.95432">
				<ele>728.33</ele>
				<time>2026-09-10T11:40:57.872Z</time>
			</trkpt>
			<trkpt lat="37.57799" lon="-2.95428">
				<ele>729.86</ele>
				<time>2026-09-10T11:40:59.159Z</time>
			</trkpt>
			<trkpt lat="37.57813" lon="-2.95423">
				<ele>731.31</ele>
				<time>2026-09-10T11:40:59.876Z</time>
			</trkpt>
			<trkpt lat="37.57826" lon="-2.95415">
				<ele>733.31</ele>
				<time>2026-09-10T11:41:00.589Z</time>
			</trkpt>
			<trkpt lat="37.57856" lon="-2.95389">
				<ele>735.02</ele>
				<time>2026-09-10T11:41:02.388Z</time>
			</trkpt>
			<trkpt lat="37.57889" lon="-2.95352">
				<ele>741.07</ele>
				<time>2026-09-10T11:41:04.578Z</time>
			</trkpt>
			<trkpt lat="37.57901" lon="-2.95341">
				<ele>743.4</ele>
				<time>2026-09-10T11:41:05.316Z</time>
			</trkpt>
			<trkpt lat="37.57929" lon="-2.95325">
				<ele>747.08</ele>
				<time>2026-09-10T11:41:06.849Z</time>
			</trkpt>
			<trkpt lat="37.57943" lon="-2.95321">
				<ele>748.24</ele>
				<time>2026-09-10T11:41:07.566Z</time>
			</trkpt>
			<trkpt lat="37.57971" lon="-2.95319">
				<ele>747.04</ele>
				<time>2026-09-10T11:41:08.971Z</time>
			</trkpt>
			<trkpt lat="37.57997" lon="-2.95326">
				<ele>750.57</ele>
				<time>2026-09-10T11:41:10.305Z</time>
			</trkpt>
			<trkpt lat="37.58018" lon="-2.95338">
				<ele>757.8</ele>
				<time>2026-09-10T11:41:11.465Z</time>
			</trkpt>
			<trkpt lat="37.58067" lon="-2.95377">
				<ele>771.44</ele>
				<time>2026-09-10T11:41:14.392Z</time>
			</trkpt>
			<trkpt lat="37.58095" lon="-2.95397">
				<ele>772.99</ele>
				<time>2026-09-10T11:41:16.025Z</time>
			</trkpt>
			<trkpt lat="37.5811" lon="-2.95403">
				<ele>772.96</ele>
				<time>2026-09-10T11:41:16.825Z</time>
			</trkpt>
			<trkpt lat="37.58125" lon="-2.95407">
				<ele>772.96</ele>
				<time>2026-09-10T11:41:17.606Z</time>
			</trkpt>
			<trkpt lat="37.58152" lon="-2.95409">
				<ele>773.84</ele>
				<time>2026-09-10T11:41:18.987Z</time>
			</trkpt>
			<trkpt lat="37.5818" lon="-2.95405">
				<ele>773.92</ele>
				<time>2026-09-10T11:41:20.429Z</time>
			</trkpt>
			<trkpt lat="37.58208" lon="-2.95392">
				<ele>773.28</ele>
				<time>2026-09-10T11:41:21.961Z</time>
			</trkpt>
			<trkpt lat="37.58222" lon="-2.95382">
				<ele>772.72</ele>
				<time>2026-09-10T11:41:22.788Z</time>
			</trkpt>
			<trkpt lat="37.58243" lon="-2.95359">
				<ele>771.97</ele>
				<time>2026-09-10T11:41:24.222Z</time>
			</trkpt>
			<trkpt lat="37.58253" lon="-2.95346">
				<ele>771.94</ele>
				<time>2026-09-10T11:41:24.964Z</time>
			</trkpt>
			<trkpt lat="37.58269" lon="-2.95314">
				<ele>772</ele>
				<time>2026-09-10T11:41:26.517Z</time>
			</trkpt>
			<trkpt lat="37.58275" lon="-2.95294">
				<ele>772.03</ele>
				<time>2026-09-10T11:41:27.397Z</time>
			</trkpt>
			<trkpt lat="37.5828" lon="-2.9527">
				<ele>772.25</ele>
				<time>2026-09-10T11:41:28.419Z</time>
			</trkpt>
			<trkpt lat="37.58283" lon="-2.95242">
				<ele>773.54</ele>
				<time>2026-09-10T11:41:29.586Z</time>
			</trkpt>
			<trkpt lat="37.58315" lon="-2.94776">
				<ele>789.93</ele>
				<time>2026-09-10T11:41:49.302Z</time>
			</trkpt>
			<trkpt lat="37.58323" lon="-2.94717">
				<ele>787.49</ele>
				<time>2026-09-10T11:41:51.881Z</time>
			</trkpt>
			<trkpt lat="37.58329" lon="-2.94691">
				<ele>786.09</ele>
				<time>2026-09-10T11:41:53.052Z</time>
			</trkpt>
			<trkpt lat="37.58337" lon="-2.94665">
				<ele>784.84</ele>
				<time>2026-09-10T11:41:54.261Z</time>
			</trkpt>
			<trkpt lat="37.58351" lon="-2.94627">
				<ele>784.78</ele>
				<time>2026-09-10T11:41:56.083Z</time>
			</trkpt>
			<trkpt lat="37.58461" lon="-2.94355">
				<ele>782.45</ele>
				<time>2026-09-10T11:42:09.557Z</time>
			</trkpt>
			<trkpt lat="37.58477" lon="-2.94323">
				<ele>782.76</ele>
				<time>2026-09-10T11:42:11.252Z</time>
			</trkpt>
			<trkpt lat="37.58495" lon="-2.94293">
				<ele>784.39</ele>
				<time>2026-09-10T11:42:12.943Z</time>
			</trkpt>
			<trkpt lat="37.58533" lon="-2.94242">
				<ele>781.3</ele>
				<time>2026-09-10T11:42:16.103Z</time>
			</trkpt>
			<trkpt lat="37.58791" lon="-2.93936">
				<ele>780.13</ele>
				<time>2026-09-10T11:42:36.745Z</time>
			</trkpt>
			<trkpt lat="37.58812" lon="-2.93914">
				<ele>781.12</ele>
				<time>2026-09-10T11:42:38.371Z</time>
			</trkpt>
			<trkpt lat="37.58838" lon="-2.93892">
				<ele>782.28</ele>
				<time>2026-09-10T11:42:40.242Z</time>
			</trkpt>
			<trkpt lat="37.58857" lon="-2.93881">
				<ele>784.06</ele>
				<time>2026-09-10T11:42:41.495Z</time>
			</trkpt>
			<trkpt lat="37.58877" lon="-2.93871">
				<ele>783.45</ele>
				<time>2026-09-10T11:42:42.788Z</time>
			</trkpt>
			<trkpt lat="37.58911" lon="-2.93862">
				<ele>779.71</ele>
				<time>2026-09-10T11:42:44.882Z</time>
			</trkpt>
			<trkpt lat="37.5895" lon="-2.93861">
				<ele>778.46</ele>
				<time>2026-09-10T11:42:47.244Z</time>
			</trkpt>
			<trkpt lat="37.58989" lon="-2.93869">
				<ele>782.04</ele>
				<time>2026-09-10T11:42:49.647Z</time>
			</trkpt>
			<trkpt lat="37.59333" lon="-2.9398">
				<ele>782</ele>
				<time>2026-09-10T11:43:11.746Z</time>
			</trkpt>
			<trkpt lat="37.59378" lon="-2.93992">
				<ele>781</ele>
				<time>2026-09-10T11:43:14.677Z</time>
			</trkpt>
			<trkpt lat="37.59423" lon="-2.94002">
				<ele>778.07</ele>
				<time>2026-09-10T11:43:17.604Z</time>
			</trkpt>
			<trkpt lat="37.59668" lon="-2.94036">
				<ele>781.84</ele>
				<time>2026-09-10T11:43:33.671Z</time>
			</trkpt>
			<trkpt lat="37.59714" lon="-2.94039">
				<ele>785.78</ele>
				<time>2026-09-10T11:43:36.727Z</time>
			</trkpt>
			<trkpt lat="37.59754" lon="-2.94037">
				<ele>786.17</ele>
				<time>2026-09-10T11:43:39.396Z</time>
			</trkpt>
			<trkpt lat="37.60205" lon="-2.9398">
				<ele>790.48</ele>
				<time>2026-09-10T11:44:10.534Z</time>
			</trkpt>
			<trkpt lat="37.60232" lon="-2.93978">
				<ele>791.47</ele>
				<time>2026-09-10T11:44:12.446Z</time>
			</trkpt>
			<trkpt lat="37.60254" lon="-2.93978">
				<ele>792.16</ele>
				<time>2026-09-10T11:44:14.007Z</time>
			</trkpt>
			<trkpt lat="37.603" lon="-2.93985">
				<ele>796.32</ele>
				<time>2026-09-10T11:44:17.307Z</time>
			</trkpt>
			<trkpt lat="37.60571" lon="-2.9405">
				<ele>809.71</ele>
				<time>2026-09-10T11:44:37.345Z</time>
			</trkpt>
			<trkpt lat="37.60575" lon="-2.94042">
				<ele>810.07</ele>
				<time>2026-09-10T11:44:37.898Z</time>
			</trkpt>
			<trkpt lat="37.60582" lon="-2.94039">
				<ele>810.54</ele>
				<time>2026-09-10T11:44:38.445Z</time>
			</trkpt>
			<trkpt lat="37.60585" lon="-2.9404">
				<ele>810.59</ele>
				<time>2026-09-10T11:44:38.675Z</time>
			</trkpt>
			<trkpt lat="37.60592" lon="-2.94047">
				<ele>810.32</ele>
				<time>2026-09-10T11:44:39.337Z</time>
			</trkpt>
			<trkpt lat="37.60593" lon="-2.94055">
				<ele>810.05</ele>
				<time>2026-09-10T11:44:39.812Z</time>
			</trkpt>
			<trkpt lat="37.60636" lon="-2.94061">
				<ele>808.02</ele>
				<time>2026-09-10T11:44:43.030Z</time>
			</trkpt>
			<trkpt lat="37.60662" lon="-2.94058">
				<ele>807.04</ele>
				<time>2026-09-10T11:44:44.980Z</time>
			</trkpt>
			<trkpt lat="37.60689" lon="-2.94049">
				<ele>808.61</ele>
				<time>2026-09-10T11:44:47.072Z</time>
			</trkpt>
			<trkpt lat="37.60712" lon="-2.94034">
				<ele>810.66</ele>
				<time>2026-09-10T11:44:49.019Z</time>
			</trkpt>
			<trkpt lat="37.60733" lon="-2.94015">
				<ele>809.78</ele>
				<time>2026-09-10T11:44:50.967Z</time>
			</trkpt>
			<trkpt lat="37.60878" lon="-2.9384">
				<ele>809.61</ele>
				<time>2026-09-10T11:45:06.692Z</time>
			</trkpt>
			<trkpt lat="37.60905" lon="-2.93804">
				<ele>812.33</ele>
				<time>2026-09-10T11:45:10.220Z</time>
			</trkpt>
			<trkpt lat="37.60932" lon="-2.93755">
				<ele>813.79</ele>
				<time>2026-09-10T11:45:14.710Z</time>
			</trkpt>
			<trkpt lat="37.60951" lon="-2.9371">
				<ele>813.89</ele>
				<time>2026-09-10T11:45:18.729Z</time>
			</trkpt>
			<trkpt lat="37.61014" lon="-2.93532">
				<ele>812.18</ele>
				<time>2026-09-10T11:45:35.278Z</time>
			</trkpt>
			<trkpt lat="37.61031" lon="-2.93493">
				<ele>810.6</ele>
				<time>2026-09-10T11:45:39.238Z</time>
			</trkpt>
			<trkpt lat="37.61043" lon="-2.93473">
				<ele>810.42</ele>
				<time>2026-09-10T11:45:41.487Z</time>
			</trkpt>
			<trkpt lat="37.61058" lon="-2.93454">
				<ele>810.07</ele>
				<time>2026-09-10T11:45:43.902Z</time>
			</trkpt>
			<trkpt lat="37.61216" lon="-2.93304">
				<ele>812.31</ele>
				<time>2026-09-10T11:46:06.345Z</time>
			</trkpt>
			<trkpt lat="37.61226" lon="-2.93288">
				<ele>813.06</ele>
				<time>2026-09-10T11:46:08.132Z</time>
			</trkpt>
			<trkpt lat="37.6123" lon="-2.93277">
				<ele>813.78</ele>
				<time>2026-09-10T11:46:09.188Z</time>
			</trkpt>
			<trkpt lat="37.61238" lon="-2.93273">
				<ele>813.67</ele>
				<time>2026-09-10T11:46:10.131Z</time>
			</trkpt>
			<trkpt lat="37.61241" lon="-2.93273">
				<ele>813.52</ele>
				<time>2026-09-10T11:46:10.458Z</time>
			</trkpt>
			<trkpt lat="37.61269" lon="-2.93271">
				<ele>811.67</ele>
				<time>2026-09-10T11:46:13.497Z</time>
			</trkpt>
			<trkpt lat="37.61359" lon="-2.93248">
				<ele>813.25</ele>
				<time>2026-09-10T11:46:23.044Z</time>
			</trkpt>
			<trkpt lat="37.61399" lon="-2.9324">
				<ele>812.94</ele>
				<time>2026-09-10T11:46:27.014Z</time>
			</trkpt>
			<trkpt lat="37.61435" lon="-2.93241">
				<ele>810.42</ele>
				<time>2026-09-10T11:46:30.396Z</time>
			</trkpt>
			<trkpt lat="37.61526" lon="-2.93251">
				<ele>811.98</ele>
				<time>2026-09-10T11:46:38.246Z</time>
			</trkpt>
			<trkpt lat="37.61815" lon="-2.93296">
				<ele>815.93</ele>
				<time>2026-09-10T11:47:00.843Z</time>
			</trkpt>
			<trkpt lat="37.61856" lon="-2.93301">
				<ele>818.52</ele>
				<time>2026-09-10T11:47:03.947Z</time>
			</trkpt>
			<trkpt lat="37.619" lon="-2.933">
				<ele>816.92</ele>
				<time>2026-09-10T11:47:07.238Z</time>
			</trkpt>
			<trkpt lat="37.62158" lon="-2.93282">
				<ele>817.03</ele>
				<time>2026-09-10T11:47:26.060Z</time>
			</trkpt>
			<trkpt lat="37.62247" lon="-2.93284">
				<ele>817.11</ele>
				<time>2026-09-10T11:47:32.353Z</time>
			</trkpt>
			<trkpt lat="37.6228" lon="-2.9329">
				<ele>817.89</ele>
				<time>2026-09-10T11:47:34.686Z</time>
			</trkpt>
			<trkpt lat="37.62321" lon="-2.93302">
				<ele>816.38</ele>
				<time>2026-09-10T11:47:37.612Z</time>
			</trkpt>
			<trkpt lat="37.62746" lon="-2.93456">
				<ele>816.61</ele>
				<time>2026-09-10T11:48:07.157Z</time>
			</trkpt>
			<trkpt lat="37.6293" lon="-2.9353">
				<ele>814.86</ele>
				<time>2026-09-10T11:48:19.421Z</time>
			</trkpt>
			<trkpt lat="37.63194" lon="-2.93623">
				<ele>816.19</ele>
				<time>2026-09-10T11:48:36.226Z</time>
			</trkpt>
			<trkpt lat="37.6322" lon="-2.93634">
				<ele>817.08</ele>
				<time>2026-09-10T11:48:37.871Z</time>
			</trkpt>
			<trkpt lat="37.63253" lon="-2.93653">
				<ele>814.71</ele>
				<time>2026-09-10T11:48:40.036Z</time>
			</trkpt>
			<trkpt lat="37.63329" lon="-2.93714">
				<ele>816.79</ele>
				<time>2026-09-10T11:48:45.366Z</time>
			</trkpt>
			<trkpt lat="37.63357" lon="-2.9373">
				<ele>816.89</ele>
				<time>2026-09-10T11:48:47.170Z</time>
			</trkpt>
			<trkpt lat="37.63388" lon="-2.93742">
				<ele>815.94</ele>
				<time>2026-09-10T11:48:49.065Z</time>
			</trkpt>
			<trkpt lat="37.6341" lon="-2.93747">
				<ele>815.39</ele>
				<time>2026-09-10T11:48:50.367Z</time>
			</trkpt>
			<trkpt lat="37.63474" lon="-2.93756">
				<ele>818.55</ele>
				<time>2026-09-10T11:48:54.095Z</time>
			</trkpt>
			<trkpt lat="37.63481" lon="-2.93759">
				<ele>818.36</ele>
				<time>2026-09-10T11:48:54.521Z</time>
			</trkpt>
			<trkpt lat="37.63525" lon="-2.93759">
				<ele>818.66</ele>
				<time>2026-09-10T11:48:57.048Z</time>
			</trkpt>
			<trkpt lat="37.63811" lon="-2.93733">
				<ele>821.25</ele>
				<time>2026-09-10T11:49:13.178Z</time>
			</trkpt>
			<trkpt lat="37.64378" lon="-2.937">
				<ele>821.54</ele>
				<time>2026-09-10T11:49:43.628Z</time>
			</trkpt>
			<trkpt lat="37.64524" lon="-2.93696">
				<ele>822.19</ele>
				<time>2026-09-10T11:49:51.202Z</time>
			</trkpt>
			<trkpt lat="37.6456" lon="-2.93692">
				<ele>823</ele>
				<time>2026-09-10T11:49:53.063Z</time>
			</trkpt>
			<trkpt lat="37.64583" lon="-2.93688">
				<ele>823.5</ele>
				<time>2026-09-10T11:49:54.256Z</time>
			</trkpt>
			<trkpt lat="37.64612" lon="-2.93675">
				<ele>824.33</ele>
				<time>2026-09-10T11:49:55.834Z</time>
			</trkpt>
			<trkpt lat="37.64703" lon="-2.93621">
				<ele>827.33</ele>
				<time>2026-09-10T11:50:00.964Z</time>
			</trkpt>
			<trkpt lat="37.64732" lon="-2.93608">
				<ele>828.6</ele>
				<time>2026-09-10T11:50:02.528Z</time>
			</trkpt>
			<trkpt lat="37.6476" lon="-2.93599">
				<ele>832.31</ele>
				<time>2026-09-10T11:50:03.993Z</time>
			</trkpt>
			<trkpt lat="37.64789" lon="-2.93596">
				<ele>834.62</ele>
				<time>2026-09-10T11:50:05.465Z</time>
			</trkpt>
			<trkpt lat="37.64822" lon="-2.93597">
				<ele>834.66</ele>
				<time>2026-09-10T11:50:07.133Z</time>
			</trkpt>
			<trkpt lat="37.64881" lon="-2.93604">
				<ele>835.92</ele>
				<time>2026-09-10T11:50:10.119Z</time>
			</trkpt>
			<trkpt lat="37.64911" lon="-2.93604">
				<ele>836.23</ele>
				<time>2026-09-10T11:50:11.626Z</time>
			</trkpt>
			<trkpt lat="37.6495" lon="-2.93598">
				<ele>838.46</ele>
				<time>2026-09-10T11:50:13.597Z</time>
			</trkpt>
			<trkpt lat="37.64974" lon="-2.93592">
				<ele>840.2</ele>
				<time>2026-09-10T11:50:14.823Z</time>
			</trkpt>
			<trkpt lat="37.65011" lon="-2.93577">
				<ele>842.81</ele>
				<time>2026-09-10T11:50:16.766Z</time>
			</trkpt>
			<trkpt lat="37.65127" lon="-2.93524">
				<ele>847.28</ele>
				<time>2026-09-10T11:50:22.912Z</time>
			</trkpt>
			<trkpt lat="37.65181" lon="-2.93502">
				<ele>852.5</ele>
				<time>2026-09-10T11:50:25.729Z</time>
			</trkpt>
			<trkpt lat="37.65273" lon="-2.93473">
				<ele>853.67</ele>
				<time>2026-09-10T11:50:30.424Z</time>
			</trkpt>
			<trkpt lat="37.65317" lon="-2.93464">
				<ele>857</ele>
				<time>2026-09-10T11:50:32.626Z</time>
			</trkpt>
			<trkpt lat="37.65372" lon="-2.93456">
				<ele>857.24</ele>
				<time>2026-09-10T11:50:35.359Z</time>
			</trkpt>
			<trkpt lat="37.65435" lon="-2.93454">
				<ele>860</ele>
				<time>2026-09-10T11:50:38.465Z</time>
			</trkpt>
			<trkpt lat="37.65846" lon="-2.93451">
				<ele>867.78</ele>
				<time>2026-09-10T11:50:58.677Z</time>
			</trkpt>
			<trkpt lat="37.65873" lon="-2.93448">
				<ele>867.5</ele>
				<time>2026-09-10T11:51:00.010Z</time>
			</trkpt>
			<trkpt lat="37.65902" lon="-2.93443">
				<ele>867.48</ele>
				<time>2026-09-10T11:51:01.450Z</time>
			</trkpt>
			<trkpt lat="37.6694" lon="-2.93062">
				<ele>877.89</ele>
				<time>2026-09-10T11:51:55.774Z</time>
			</trkpt>
			<trkpt lat="37.67255" lon="-2.92944">
				<ele>880.16</ele>
				<time>2026-09-10T11:52:13.095Z</time>
			</trkpt>
			<trkpt lat="37.67335" lon="-2.92916">
				<ele>882</ele>
				<time>2026-09-10T11:52:17.559Z</time>
			</trkpt>
			<trkpt lat="37.67857" lon="-2.9276">
				<ele>893.82</ele>
				<time>2026-09-10T11:52:47.439Z</time>
			</trkpt>
			<trkpt lat="37.67972" lon="-2.92723">
				<ele>897.98</ele>
				<time>2026-09-10T11:52:54.323Z</time>
			</trkpt>
			<trkpt lat="37.67989" lon="-2.92719">
				<ele>897.45</ele>
				<time>2026-09-10T11:52:55.335Z</time>
			</trkpt>
			<trkpt lat="37.68019" lon="-2.92716">
				<ele>897.76</ele>
				<time>2026-09-10T11:52:57.103Z</time>
			</trkpt>
			<trkpt lat="37.68055" lon="-2.92719">
				<ele>898.99</ele>
				<time>2026-09-10T11:52:59.231Z</time>
			</trkpt>
			<trkpt lat="37.68277" lon="-2.92764">
				<ele>901.48</ele>
				<time>2026-09-10T11:53:12.743Z</time>
			</trkpt>
			<trkpt lat="37.68324" lon="-2.92777">
				<ele>901.61</ele>
				<time>2026-09-10T11:53:15.692Z</time>
			</trkpt>
			<trkpt lat="37.68645" lon="-2.92891">
				<ele>898.94</ele>
				<time>2026-09-10T11:53:36.727Z</time>
			</trkpt>
			<trkpt lat="37.68737" lon="-2.92925">
				<ele>897.62</ele>
				<time>2026-09-10T11:53:42.979Z</time>
			</trkpt>
			<trkpt lat="37.68788" lon="-2.92946">
				<ele>896.95</ele>
				<time>2026-09-10T11:53:46.519Z</time>
			</trkpt>
			<trkpt lat="37.68798" lon="-2.92947">
				<ele>896.84</ele>
				<time>2026-09-10T11:53:47.185Z</time>
			</trkpt>
			<trkpt lat="37.68832" lon="-2.92959">
				<ele>896.01</ele>
				<time>2026-09-10T11:53:49.536Z</time>
			</trkpt>
			<trkpt lat="37.68858" lon="-2.9297">
				<ele>895.92</ele>
				<time>2026-09-10T11:53:51.371Z</time>
			</trkpt>
			<trkpt lat="37.68887" lon="-2.92985">
				<ele>895.97</ele>
				<time>2026-09-10T11:53:53.478Z</time>
			</trkpt>
			<trkpt lat="37.68939" lon="-2.93017">
				<ele>895.07</ele>
				<time>2026-09-10T11:53:57.397Z</time>
			</trkpt>
			<trkpt lat="37.68944" lon="-2.93022">
				<ele>894.98</ele>
				<time>2026-09-10T11:53:57.831Z</time>
			</trkpt>
			<trkpt lat="37.69051" lon="-2.93091">
				<ele>890.87</ele>
				<time>2026-09-10T11:54:06.100Z</time>
			</trkpt>
			<trkpt lat="37.69165" lon="-2.93168">
				<ele>885.11</ele>
				<time>2026-09-10T11:54:15.184Z</time>
			</trkpt>
			<trkpt lat="37.69191" lon="-2.93193">
				<ele>882.32</ele>
				<time>2026-09-10T11:54:17.512Z</time>
			</trkpt>
			<trkpt lat="37.692" lon="-2.93206">
				<ele>880.34</ele>
				<time>2026-09-10T11:54:18.490Z</time>
			</trkpt>
			<trkpt lat="37.6921" lon="-2.93224">
				<ele>878.31</ele>
				<time>2026-09-10T11:54:19.738Z</time>
			</trkpt>
			<trkpt lat="37.69289" lon="-2.93399">
				<ele>873.23</ele>
				<time>2026-09-10T11:54:31.350Z</time>
			</trkpt>
			<trkpt lat="37.69298" lon="-2.93414">
				<ele>872.37</ele>
				<time>2026-09-10T11:54:32.452Z</time>
			</trkpt>
			<trkpt lat="37.69315" lon="-2.93433">
				<ele>872</ele>
				<time>2026-09-10T11:54:34.136Z</time>
			</trkpt>
			<trkpt lat="37.69328" lon="-2.9344">
				<ele>872.65</ele>
				<time>2026-09-10T11:54:35.189Z</time>
			</trkpt>
			<trkpt lat="37.69461" lon="-2.93496">
				<ele>866.5</ele>
				<time>2026-09-10T11:54:45.779Z</time>
			</trkpt>
			<trkpt lat="37.6949" lon="-2.935">
				<ele>864.68</ele>
				<time>2026-09-10T11:54:48.018Z</time>
			</trkpt>
			<trkpt lat="37.69527" lon="-2.93492">
				<ele>862.02</ele>
				<time>2026-09-10T11:54:50.918Z</time>
			</trkpt>
			<trkpt lat="37.69795" lon="-2.9341">
				<ele>856.63</ele>
				<time>2026-09-10T11:55:12.876Z</time>
			</trkpt>
			<trkpt lat="37.69825" lon="-2.93404">
				<ele>855.76</ele>
				<time>2026-09-10T11:55:15.369Z</time>
			</trkpt>
			<trkpt lat="37.69893" lon="-2.93397">
				<ele>854.78</ele>
				<time>2026-09-10T11:55:21.025Z</time>
			</trkpt>
			<trkpt lat="37.69918" lon="-2.93396">
				<ele>853.76</ele>
				<time>2026-09-10T11:55:23.118Z</time>
			</trkpt>
			<trkpt lat="37.70067" lon="-2.93433">
				<ele>853.58</ele>
				<time>2026-09-10T11:55:36.059Z</time>
			</trkpt>
			<trkpt lat="37.70081" lon="-2.93427">
				<ele>853.07</ele>
				<time>2026-09-10T11:55:37.341Z</time>
			</trkpt>
			<trkpt lat="37.70085" lon="-2.93424">
				<ele>853</ele>
				<time>2026-09-10T11:55:37.745Z</time>
			</trkpt>
			<trkpt lat="37.7009" lon="-2.93425">
				<ele>853</ele>
				<time>2026-09-10T11:55:38.185Z</time>
			</trkpt>
			<trkpt lat="37.70096" lon="-2.93433">
				<ele>853</ele>
				<time>2026-09-10T11:55:38.945Z</time>
			</trkpt>
			<trkpt lat="37.70108" lon="-2.9344">
				<ele>853</ele>
				<time>2026-09-10T11:55:40.098Z</time>
			</trkpt>
			<trkpt lat="37.70152" lon="-2.93456">
				<ele>853.52</ele>
				<time>2026-09-10T11:55:44.120Z</time>
			</trkpt>
			<trkpt lat="37.70176" lon="-2.93469">
				<ele>852.29</ele>
				<time>2026-09-10T11:55:46.430Z</time>
			</trkpt>
			<trkpt lat="37.70206" lon="-2.9349">
				<ele>850.15</ele>
				<time>2026-09-10T11:55:49.485Z</time>
			</trkpt>
			<trkpt lat="37.70251" lon="-2.93535">
				<ele>848.19</ele>
				<time>2026-09-10T11:55:54.645Z</time>
			</trkpt>
			<trkpt lat="37.7027" lon="-2.93556">
				<ele>846.05</ele>
				<time>2026-09-10T11:55:56.935Z</time>
			</trkpt>
			<trkpt lat="37.70279" lon="-2.93574">
				<ele>845.65</ele>
				<time>2026-09-10T11:55:58.470Z</time>
			</trkpt>
			<trkpt lat="37.70293" lon="-2.93623">
				<ele>846.62</ele>
				<time>2026-09-10T11:56:02.250Z</time>
			</trkpt>
			<trkpt lat="37.70302" lon="-2.9364">
				<ele>845.29</ele>
				<time>2026-09-10T11:56:03.743Z</time>
			</trkpt>
			<trkpt lat="37.70313" lon="-2.93655">
				<ele>845.11</ele>
				<time>2026-09-10T11:56:05.241Z</time>
			</trkpt>
			<trkpt lat="37.70325" lon="-2.93664">
				<ele>844.54</ele>
				<time>2026-09-10T11:56:06.551Z</time>
			</trkpt>
			<trkpt lat="37.70334" lon="-2.93666">
				<ele>844</ele>
				<time>2026-09-10T11:56:07.427Z</time>
			</trkpt>
			<trkpt lat="37.70356" lon="-2.93661">
				<ele>844.38</ele>
				<time>2026-09-10T11:56:09.625Z</time>
			</trkpt>
			<trkpt lat="37.7038" lon="-2.9366">
				<ele>845.38</ele>
				<time>2026-09-10T11:56:12.057Z</time>
			</trkpt>
			<trkpt lat="37.70416" lon="-2.93669">
				<ele>844.89</ele>
				<time>2026-09-10T11:56:15.869Z</time>
			</trkpt>
			<trkpt lat="37.70445" lon="-2.93669">
				<ele>845.09</ele>
				<time>2026-09-10T11:56:18.921Z</time>
			</trkpt>
			<trkpt lat="37.70464" lon="-2.93712">
				<ele>846.43</ele>
				<time>2026-09-10T11:56:23.010Z</time>
			</trkpt>
			<trkpt lat="37.70511" lon="-2.9377">
				<ele>846.01</ele>
				<time>2026-09-10T11:56:29.829Z</time>
			</trkpt>
			<trkpt lat="37.70599" lon="-2.93825">
				<ele>842.84</ele>
				<time>2026-09-10T11:56:40.247Z</time>
			</trkpt>
			<trkpt lat="37.70678" lon="-2.93872">
				<ele>842.2</ele>
				<time>2026-09-10T11:56:48.968Z</time>
			</trkpt>
			<trkpt lat="37.70686" lon="-2.9388">
				<ele>841.97</ele>
				<time>2026-09-10T11:56:49.913Z</time>
			</trkpt>
			<trkpt lat="37.70703" lon="-2.93908">
				<ele>842.3</ele>
				<time>2026-09-10T11:56:52.413Z</time>
			</trkpt>
			<trkpt lat="37.7071" lon="-2.93927">
				<ele>842.01</ele>
				<time>2026-09-10T11:56:53.879Z</time>
			</trkpt>
			<trkpt lat="37.70754" lon="-2.94113">
				<ele>835.13</ele>
				<time>2026-09-10T11:57:07.105Z</time>
			</trkpt>
			<trkpt lat="37.70784" lon="-2.94233">
				<ele>833.63</ele>
				<time>2026-09-10T11:57:15.350Z</time>
			</trkpt>
			<trkpt lat="37.70878" lon="-2.94541">
				<ele>826.17</ele>
				<time>2026-09-10T11:57:35.839Z</time>
			</trkpt>
			<trkpt lat="37.71009" lon="-2.94964">
				<ele>818.97</ele>
				<time>2026-09-10T11:58:01.626Z</time>
			</trkpt>
			<trkpt lat="37.71038" lon="-2.95051">
				<ele>815.17</ele>
				<time>2026-09-10T11:58:06.676Z</time>
			</trkpt>
			<trkpt lat="37.71045" lon="-2.95066">
				<ele>814.43</ele>
				<time>2026-09-10T11:58:07.597Z</time>
			</trkpt>
			<trkpt lat="37.71105" lon="-2.95232">
				<ele>810.14</ele>
				<time>2026-09-10T11:58:17.059Z</time>
			</trkpt>
			<trkpt lat="37.71113" lon="-2.95255">
				<ele>811.08</ele>
				<time>2026-09-10T11:58:18.335Z</time>
			</trkpt>
			<trkpt lat="37.71115" lon="-2.95267">
				<ele>811.34</ele>
				<time>2026-09-10T11:58:18.956Z</time>
			</trkpt>
			<trkpt lat="37.71268" lon="-2.95692">
				<ele>806.4</ele>
				<time>2026-09-10T11:58:41.328Z</time>
			</trkpt>
			<trkpt lat="37.71442" lon="-2.96234">
				<ele>795.56</ele>
				<time>2026-09-10T11:59:05.865Z</time>
			</trkpt>
			<trkpt lat="37.71578" lon="-2.96674">
				<ele>789.59</ele>
				<time>2026-09-10T11:59:24.446Z</time>
			</trkpt>
			<trkpt lat="37.71636" lon="-2.96867">
				<ele>789.09</ele>
				<time>2026-09-10T11:59:32.621Z</time>
			</trkpt>
			<trkpt lat="37.71653" lon="-2.96934">
				<ele>787.4</ele>
				<time>2026-09-10T11:59:35.448Z</time>
			</trkpt>
			<trkpt lat="37.71662" lon="-2.96947">
				<ele>786.86</ele>
				<time>2026-09-10T11:59:36.147Z</time>
			</trkpt>
			<trkpt lat="37.71733" lon="-2.97193">
				<ele>782.45</ele>
				<time>2026-09-10T11:59:46.990Z</time>
			</trkpt>
			<trkpt lat="37.71808" lon="-2.97453">
				<ele>775.85</ele>
				<time>2026-09-10T11:59:59.031Z</time>
			</trkpt>
			<trkpt lat="37.7195" lon="-2.97973">
				<ele>770.23</ele>
				<time>2026-09-10T12:00:23.339Z</time>
			</trkpt>
			<trkpt lat="37.71957" lon="-2.97992">
				<ele>772.2</ele>
				<time>2026-09-10T12:00:24.272Z</time>
			</trkpt>
			<trkpt lat="37.71964" lon="-2.98004">
				<ele>772.88</ele>
				<time>2026-09-10T12:00:24.935Z</time>
			</trkpt>
			<trkpt lat="37.71973" lon="-2.98014">
				<ele>772.38</ele>
				<time>2026-09-10T12:00:25.609Z</time>
			</trkpt>
			<trkpt lat="37.71983" lon="-2.98021">
				<ele>770.29</ele>
				<time>2026-09-10T12:00:26.253Z</time>
			</trkpt>
			<trkpt lat="37.71994" lon="-2.98023">
				<ele>768.37</ele>
				<time>2026-09-10T12:00:26.879Z</time>
			</trkpt>
			<trkpt lat="37.72005" lon="-2.98023">
				<ele>766.4</ele>
				<time>2026-09-10T12:00:27.499Z</time>
			</trkpt>
			<trkpt lat="37.72089" lon="-2.98007">
				<ele>757.94</ele>
				<time>2026-09-10T12:00:32.291Z</time>
			</trkpt>
			<trkpt lat="37.72114" lon="-2.98004">
				<ele>756.58</ele>
				<time>2026-09-10T12:00:33.710Z</time>
			</trkpt>
			<trkpt lat="37.72123" lon="-2.98001">
				<ele>756.06</ele>
				<time>2026-09-10T12:00:34.236Z</time>
			</trkpt>
			<trkpt lat="37.7213" lon="-2.97995">
				<ele>756.63</ele>
				<time>2026-09-10T12:00:34.714Z</time>
			</trkpt>
			<trkpt lat="37.72149" lon="-2.97963">
				<ele>759.6</ele>
				<time>2026-09-10T12:00:36.505Z</time>
			</trkpt>
			<trkpt lat="37.72158" lon="-2.97954">
				<ele>758.57</ele>
				<time>2026-09-10T12:00:37.154Z</time>
			</trkpt>
			<trkpt lat="37.72183" lon="-2.97936">
				<ele>755.22</ele>
				<time>2026-09-10T12:00:38.784Z</time>
			</trkpt>
			<trkpt lat="37.72224" lon="-2.97903">
				<ele>752.86</ele>
				<time>2026-09-10T12:00:41.540Z</time>
			</trkpt>
			<trkpt lat="37.72239" lon="-2.97889">
				<ele>749.5</ele>
				<time>2026-09-10T12:00:42.598Z</time>
			</trkpt>
			<trkpt lat="37.72281" lon="-2.97839">
				<ele>741.32</ele>
				<time>2026-09-10T12:00:45.875Z</time>
			</trkpt>
			<trkpt lat="37.72288" lon="-2.97834">
				<ele>740.71</ele>
				<time>2026-09-10T12:00:46.332Z</time>
			</trkpt>
			<trkpt lat="37.72302" lon="-2.97831">
				<ele>736.39</ele>
				<time>2026-09-10T12:00:47.140Z</time>
			</trkpt>
			<trkpt lat="37.72311" lon="-2.97833">
				<ele>734.25</ele>
				<time>2026-09-10T12:00:47.660Z</time>
			</trkpt>
			<trkpt lat="37.72318" lon="-2.97838">
				<ele>732.41</ele>
				<time>2026-09-10T12:00:48.118Z</time>
			</trkpt>
			<trkpt lat="37.72327" lon="-2.97849">
				<ele>729.25</ele>
				<time>2026-09-10T12:00:48.830Z</time>
			</trkpt>
			<trkpt lat="37.72366" lon="-2.97894">
				<ele>726.67</ele>
				<time>2026-09-10T12:00:51.839Z</time>
			</trkpt>
			<trkpt lat="37.72381" lon="-2.97915">
				<ele>725.57</ele>
				<time>2026-09-10T12:00:53.115Z</time>
			</trkpt>
			<trkpt lat="37.72386" lon="-2.97931">
				<ele>729.02</ele>
				<time>2026-09-10T12:00:53.892Z</time>
			</trkpt>
			<trkpt lat="37.72386" lon="-2.97941">
				<ele>730.52</ele>
				<time>2026-09-10T12:00:54.343Z</time>
			</trkpt>
			<trkpt lat="37.72376" lon="-2.97976">
				<ele>736.83</ele>
				<time>2026-09-10T12:00:56.024Z</time>
			</trkpt>
			<trkpt lat="37.72363" lon="-2.9801">
				<ele>741.37</ele>
				<time>2026-09-10T12:00:57.731Z</time>
			</trkpt>
			<trkpt lat="37.72352" lon="-2.98029">
				<ele>743.18</ele>
				<time>2026-09-10T12:00:58.796Z</time>
			</trkpt>
			<trkpt lat="37.72332" lon="-2.98042">
				<ele>742.63</ele>
				<time>2026-09-10T12:01:00.083Z</time>
			</trkpt>
			<trkpt lat="37.72306" lon="-2.98055">
				<ele>735.33</ele>
				<time>2026-09-10T12:01:01.684Z</time>
			</trkpt>
			<trkpt lat="37.72295" lon="-2.98067">
				<ele>734.71</ele>
				<time>2026-09-10T12:01:02.516Z</time>
			</trkpt>
			<trkpt lat="37.72285" lon="-2.98106">
				<ele>741.11</ele>
				<time>2026-09-10T12:01:04.375Z</time>
			</trkpt>
			<trkpt lat="37.7228" lon="-2.98152">
				<ele>746.74</ele>
				<time>2026-09-10T12:01:06.482Z</time>
			</trkpt>
			<trkpt lat="37.72268" lon="-2.98189">
				<ele>746.38</ele>
				<time>2026-09-10T12:01:08.298Z</time>
			</trkpt>
			<trkpt lat="37.72207" lon="-2.98284">
				<ele>743.94</ele>
				<time>2026-09-10T12:01:13.865Z</time>
			</trkpt>
			<trkpt lat="37.72185" lon="-2.98338">
				<ele>749.76</ele>
				<time>2026-09-10T12:01:16.633Z</time>
			</trkpt>
			<trkpt lat="37.72173" lon="-2.98357">
				<ele>750.44</ele>
				<time>2026-09-10T12:01:17.742Z</time>
			</trkpt>
			<trkpt lat="37.72152" lon="-2.98382">
				<ele>747.19</ele>
				<time>2026-09-10T12:01:19.406Z</time>
			</trkpt>
			<trkpt lat="37.72147" lon="-2.98405">
				<ele>749.01</ele>
				<time>2026-09-10T12:01:20.495Z</time>
			</trkpt>
			<trkpt lat="37.72153" lon="-2.98436">
				<ele>753.43</ele>
				<time>2026-09-10T12:01:21.954Z</time>
			</trkpt>
			<trkpt lat="37.7217" lon="-2.98462">
				<ele>755.71</ele>
				<time>2026-09-10T12:01:23.496Z</time>
			</trkpt>
			<trkpt lat="37.72528" lon="-2.98884">
				<ele>785.8</ele>
				<time>2026-09-10T12:01:51.957Z</time>
			</trkpt>
			<trkpt lat="37.72552" lon="-2.98889">
				<ele>786</ele>
				<time>2026-09-10T12:01:53.380Z</time>
			</trkpt>
			<trkpt lat="37.72639" lon="-2.98839">
				<ele>789.82</ele>
				<time>2026-09-10T12:01:58.976Z</time>
			</trkpt>
			<trkpt lat="37.72666" lon="-2.98816">
				<ele>790.73</ele>
				<time>2026-09-10T12:02:00.885Z</time>
			</trkpt>
			<trkpt lat="37.72707" lon="-2.98712">
				<ele>797.46</ele>
				<time>2026-09-10T12:02:06.282Z</time>
			</trkpt>
			<trkpt lat="37.72716" lon="-2.98656">
				<ele>798.36</ele>
				<time>2026-09-10T12:02:08.939Z</time>
			</trkpt>
			<trkpt lat="37.72707" lon="-2.98562">
				<ele>802.01</ele>
				<time>2026-09-10T12:02:13.348Z</time>
			</trkpt>
			<trkpt lat="37.72705" lon="-2.98467">
				<ele>802.72</ele>
				<time>2026-09-10T12:02:17.780Z</time>
			</trkpt>
			<trkpt lat="37.7271" lon="-2.98431">
				<ele>802.72</ele>
				<time>2026-09-10T12:02:19.486Z</time>
			</trkpt>
			<trkpt lat="37.72722" lon="-2.98382">
				<ele>802.99</ele>
				<time>2026-09-10T12:02:21.883Z</time>
			</trkpt>
			<trkpt lat="37.72719" lon="-2.98303">
				<ele>802.18</ele>
				<time>2026-09-10T12:02:25.581Z</time>
			</trkpt>
			<trkpt lat="37.72698" lon="-2.98235">
				<ele>803.97</ele>
				<time>2026-09-10T12:02:28.999Z</time>
			</trkpt>
			<trkpt lat="37.72704" lon="-2.98195">
				<ele>805.94</ele>
				<time>2026-09-10T12:02:30.906Z</time>
			</trkpt>
			<trkpt lat="37.72721" lon="-2.9815">
				<ele>803.69</ele>
				<time>2026-09-10T12:02:33.244Z</time>
			</trkpt>
			<trkpt lat="37.72836" lon="-2.98067">
				<ele>800.36</ele>
				<time>2026-09-10T12:02:41.107Z</time>
			</trkpt>
			<trkpt lat="37.72854" lon="-2.98057">
				<ele>803.07</ele>
				<time>2026-09-10T12:02:42.276Z</time>
			</trkpt>
			<trkpt lat="37.72861" lon="-2.98057">
				<ele>803.98</ele>
				<time>2026-09-10T12:02:42.692Z</time>
			</trkpt>
			<trkpt lat="37.72872" lon="-2.98062">
				<ele>807.3</ele>
				<time>2026-09-10T12:02:43.387Z</time>
			</trkpt>
			<trkpt lat="37.72879" lon="-2.98072">
				<ele>809.53</ele>
				<time>2026-09-10T12:02:44.016Z</time>
			</trkpt>
			<trkpt lat="37.72884" lon="-2.98088">
				<ele>812.06</ele>
				<time>2026-09-10T12:02:44.826Z</time>
			</trkpt>
			<trkpt lat="37.72885" lon="-2.98098">
				<ele>813.77</ele>
				<time>2026-09-10T12:02:45.300Z</time>
			</trkpt>
			<trkpt lat="37.72876" lon="-2.9814">
				<ele>815.79</ele>
				<time>2026-09-10T12:02:47.349Z</time>
			</trkpt>
			<trkpt lat="37.72863" lon="-2.98179">
				<ele>813.15</ele>
				<time>2026-09-10T12:02:49.343Z</time>
			</trkpt>
			<trkpt lat="37.72865" lon="-2.98203">
				<ele>813.08</ele>
				<time>2026-09-10T12:02:50.481Z</time>
			</trkpt>
			<trkpt lat="37.7288" lon="-2.98244">
				<ele>816.03</ele>
				<time>2026-09-10T12:02:52.612Z</time>
			</trkpt>
			<trkpt lat="37.72882" lon="-2.98264">
				<ele>816.83</ele>
				<time>2026-09-10T12:02:53.563Z</time>
			</trkpt>
			<trkpt lat="37.72876" lon="-2.98291">
				<ele>815.31</ele>
				<time>2026-09-10T12:02:54.887Z</time>
			</trkpt>
			<trkpt lat="37.72875" lon="-2.98315">
				<ele>816.54</ele>
				<time>2026-09-10T12:02:56.021Z</time>
			</trkpt>
			<trkpt lat="37.72878" lon="-2.98362">
				<ele>818.01</ele>
				<time>2026-09-10T12:02:58.249Z</time>
			</trkpt>
			<trkpt lat="37.72948" lon="-2.98491">
				<ele>824.33</ele>
				<time>2026-09-10T12:03:05.649Z</time>
			</trkpt>
			<trkpt lat="37.73046" lon="-2.98633">
				<ele>838.69</ele>
				<time>2026-09-10T12:03:14.584Z</time>
			</trkpt>
			<trkpt lat="37.73063" lon="-2.98663">
				<ele>840.6</ele>
				<time>2026-09-10T12:03:16.336Z</time>
			</trkpt>
			<trkpt lat="37.73059" lon="-2.98689">
				<ele>838.22</ele>
				<time>2026-09-10T12:03:17.594Z</time>
			</trkpt>
			<trkpt lat="37.7306" lon="-2.98725">
				<ele>840.6</ele>
				<time>2026-09-10T12:03:19.306Z</time>
			</trkpt>
			<trkpt lat="37.73076" lon="-2.98834">
				<ele>841.08</ele>
				<time>2026-09-10T12:03:24.578Z</time>
			</trkpt>
			<trkpt lat="37.7309" lon="-2.98856">
				<ele>842.91</ele>
				<time>2026-09-10T12:03:25.922Z</time>
			</trkpt>
			<trkpt lat="37.73159" lon="-2.98899">
				<ele>853.04</ele>
				<time>2026-09-10T12:03:30.554Z</time>
			</trkpt>
			<trkpt lat="37.73185" lon="-2.98917">
				<ele>854.1</ele>
				<time>2026-09-10T12:03:32.341Z</time>
			</trkpt>
			<trkpt lat="37.73207" lon="-2.98917">
				<ele>852.69</ele>
				<time>2026-09-10T12:03:33.667Z</time>
			</trkpt>
			<trkpt lat="37.73221" lon="-2.98902">
				<ele>853.78</ele>
				<time>2026-09-10T12:03:34.774Z</time>
			</trkpt>
			<trkpt lat="37.73241" lon="-2.98878">
				<ele>855.27</ele>
				<time>2026-09-10T12:03:36.437Z</time>
			</trkpt>
			<trkpt lat="37.73252" lon="-2.9885">
				<ele>858.32</ele>
				<time>2026-09-10T12:03:37.930Z</time>
			</trkpt>
			<trkpt lat="37.73258" lon="-2.98804">
				<ele>863.92</ele>
				<time>2026-09-10T12:03:40.156Z</time>
			</trkpt>
			<trkpt lat="37.73275" lon="-2.98783">
				<ele>864.41</ele>
				<time>2026-09-10T12:03:41.592Z</time>
			</trkpt>
			<trkpt lat="37.73296" lon="-2.98773">
				<ele>867.06</ele>
				<time>2026-09-10T12:03:42.948Z</time>
			</trkpt>
			<trkpt lat="37.73315" lon="-2.98774">
				<ele>868.99</ele>
				<time>2026-09-10T12:03:44.097Z</time>
			</trkpt>
			<trkpt lat="37.73445" lon="-2.98848">
				<ele>872.09</ele>
				<time>2026-09-10T12:03:52.723Z</time>
			</trkpt>
			<trkpt lat="37.73455" lon="-2.98866">
				<ele>873.04</ele>
				<time>2026-09-10T12:03:53.777Z</time>
			</trkpt>
			<trkpt lat="37.73484" lon="-2.98946">
				<ele>877.3</ele>
				<time>2026-09-10T12:03:57.995Z</time>
			</trkpt>
			<trkpt lat="37.73505" lon="-2.98983">
				<ele>876.52</ele>
				<time>2026-09-10T12:04:00.179Z</time>
			</trkpt>
			<trkpt lat="37.73533" lon="-2.99008">
				<ele>881.83</ele>
				<time>2026-09-10T12:04:02.259Z</time>
			</trkpt>
			<trkpt lat="37.73556" lon="-2.99015">
				<ele>887.18</ele>
				<time>2026-09-10T12:04:03.695Z</time>
			</trkpt>
			<trkpt lat="37.73569" lon="-2.99013">
				<ele>890.6</ele>
				<time>2026-09-10T12:04:04.490Z</time>
			</trkpt>
			<trkpt lat="37.73581" lon="-2.98991">
				<ele>895.48</ele>
				<time>2026-09-10T12:04:05.774Z</time>
			</trkpt>
			<trkpt lat="37.73577" lon="-2.98971">
				<ele>895.04</ele>
				<time>2026-09-10T12:04:06.764Z</time>
			</trkpt>
			<trkpt lat="37.73557" lon="-2.98945">
				<ele>893.12</ele>
				<time>2026-09-10T12:04:08.507Z</time>
			</trkpt>
			<trkpt lat="37.73538" lon="-2.98928">
				<ele>892.61</ele>
				<time>2026-09-10T12:04:09.922Z</time>
			</trkpt>
			<trkpt lat="37.73526" lon="-2.98908">
				<ele>891.28</ele>
				<time>2026-09-10T12:04:11.129Z</time>
			</trkpt>
			<trkpt lat="37.73528" lon="-2.98879">
				<ele>890.03</ele>
				<time>2026-09-10T12:04:12.528Z</time>
			</trkpt>
			<trkpt lat="37.73551" lon="-2.9881">
				<ele>895.67</ele>
				<time>2026-09-10T12:04:16.131Z</time>
			</trkpt>
			<trkpt lat="37.73563" lon="-2.98787">
				<ele>899.08</ele>
				<time>2026-09-10T12:04:17.457Z</time>
			</trkpt>
			<trkpt lat="37.73587" lon="-2.98769">
				<ele>904.96</ele>
				<time>2026-09-10T12:04:19.156Z</time>
			</trkpt>
			<trkpt lat="37.73593" lon="-2.98757">
				<ele>906.3</ele>
				<time>2026-09-10T12:04:19.840Z</time>
			</trkpt>
			<trkpt lat="37.73595" lon="-2.98747">
				<ele>906.69</ele>
				<time>2026-09-10T12:04:20.336Z</time>
			</trkpt>
			<trkpt lat="37.73596" lon="-2.98724">
				<ele>905.9</ele>
				<time>2026-09-10T12:04:21.446Z</time>
			</trkpt>
			<trkpt lat="37.736" lon="-2.9871">
				<ele>907.11</ele>
				<time>2026-09-10T12:04:22.163Z</time>
			</trkpt>
			<trkpt lat="37.73609" lon="-2.98701">
				<ele>908.64</ele>
				<time>2026-09-10T12:04:22.862Z</time>
			</trkpt>
			<trkpt lat="37.73619" lon="-2.98697">
				<ele>910.38</ele>
				<time>2026-09-10T12:04:23.501Z</time>
			</trkpt>
			<trkpt lat="37.7363" lon="-2.98698">
				<ele>912.41</ele>
				<time>2026-09-10T12:04:24.174Z</time>
			</trkpt>
			<trkpt lat="37.73639" lon="-2.98705">
				<ele>914.12</ele>
				<time>2026-09-10T12:04:24.818Z</time>
			</trkpt>
			<trkpt lat="37.73646" lon="-2.98718">
				<ele>916.08</ele>
				<time>2026-09-10T12:04:25.576Z</time>
			</trkpt>
			<trkpt lat="37.73648" lon="-2.98731">
				<ele>916.44</ele>
				<time>2026-09-10T12:04:26.214Z</time>
			</trkpt>
			<trkpt lat="37.73648" lon="-2.98752">
				<ele>915.36</ele>
				<time>2026-09-10T12:04:27.227Z</time>
			</trkpt>
			<trkpt lat="37.73651" lon="-2.98763">
				<ele>915.11</ele>
				<time>2026-09-10T12:04:27.788Z</time>
			</trkpt>
			<trkpt lat="37.73686" lon="-2.98806">
				<ele>918.97</ele>
				<time>2026-09-10T12:04:30.765Z</time>
			</trkpt>
			<trkpt lat="37.73693" lon="-2.98822">
				<ele>920.25</ele>
				<time>2026-09-10T12:04:31.647Z</time>
			</trkpt>
			<trkpt lat="37.73695" lon="-2.9883">
				<ele>920.56</ele>
				<time>2026-09-10T12:04:32.052Z</time>
			</trkpt>
			<trkpt lat="37.73694" lon="-2.98839">
				<ele>920.4</ele>
				<time>2026-09-10T12:04:32.491Z</time>
			</trkpt>
			<trkpt lat="37.73691" lon="-2.9885">
				<ele>919.89</ele>
				<time>2026-09-10T12:04:33.053Z</time>
			</trkpt>
			<trkpt lat="37.73675" lon="-2.98873">
				<ele>917.66</ele>
				<time>2026-09-10T12:04:34.532Z</time>
			</trkpt>
			<trkpt lat="37.73671" lon="-2.98889">
				<ele>917.42</ele>
				<time>2026-09-10T12:04:35.342Z</time>
			</trkpt>
			<trkpt lat="37.73672" lon="-2.98906">
				<ele>918.13</ele>
				<time>2026-09-10T12:04:36.165Z</time>
			</trkpt>
			<trkpt lat="37.73676" lon="-2.98923">
				<ele>919.25</ele>
				<time>2026-09-10T12:04:37.022Z</time>
			</trkpt>
			<trkpt lat="37.73684" lon="-2.98935">
				<ele>920.24</ele>
				<time>2026-09-10T12:04:37.780Z</time>
			</trkpt>
			<trkpt lat="37.73693" lon="-2.98941">
				<ele>921.23</ele>
				<time>2026-09-10T12:04:38.402Z</time>
			</trkpt>
			<trkpt lat="37.73705" lon="-2.98942">
				<ele>922.61</ele>
				<time>2026-09-10T12:04:39.137Z</time>
			</trkpt>
			<trkpt lat="37.73715" lon="-2.98936">
				<ele>924.65</ele>
				<time>2026-09-10T12:04:39.813Z</time>
			</trkpt>
			<trkpt lat="37.73723" lon="-2.98925">
				<ele>928.02</ele>
				<time>2026-09-10T12:04:40.535Z</time>
			</trkpt>
			<trkpt lat="37.73727" lon="-2.98911">
				<ele>931.07</ele>
				<time>2026-09-10T12:04:41.255Z</time>
			</trkpt>
			<trkpt lat="37.73733" lon="-2.98838">
				<ele>934.62</ele>
				<time>2026-09-10T12:04:44.804Z</time>
			</trkpt>
			<trkpt lat="37.73732" lon="-2.98814">
				<ele>935.45</ele>
				<time>2026-09-10T12:04:45.966Z</time>
			</trkpt>
			<trkpt lat="37.73718" lon="-2.98753">
				<ele>936.2</ele>
				<time>2026-09-10T12:04:49.040Z</time>
			</trkpt>
			<trkpt lat="37.73718" lon="-2.98737">
				<ele>936.56</ele>
				<time>2026-09-10T12:04:49.814Z</time>
			</trkpt>
			<trkpt lat="37.7372" lon="-2.98726">
				<ele>937.57</ele>
				<time>2026-09-10T12:04:50.361Z</time>
			</trkpt>
			<trkpt lat="37.73725" lon="-2.98715">
				<ele>938.23</ele>
				<time>2026-09-10T12:04:50.975Z</time>
			</trkpt>
			<trkpt lat="37.73742" lon="-2.98693">
				<ele>942.38</ele>
				<time>2026-09-10T12:04:52.464Z</time>
			</trkpt>
			<trkpt lat="37.73749" lon="-2.98679">
				<ele>944.96</ele>
				<time>2026-09-10T12:04:53.266Z</time>
			</trkpt>
			<trkpt lat="37.73753" lon="-2.98666">
				<ele>946.24</ele>
				<time>2026-09-10T12:04:53.942Z</time>
			</trkpt>
			<trkpt lat="37.73752" lon="-2.98648">
				<ele>946.97</ele>
				<time>2026-09-10T12:04:54.816Z</time>
			</trkpt>
			<trkpt lat="37.7373" lon="-2.98602">
				<ele>944.59</ele>
				<time>2026-09-10T12:04:57.421Z</time>
			</trkpt>
			<trkpt lat="37.73726" lon="-2.98587">
				<ele>944.8</ele>
				<time>2026-09-10T12:04:58.188Z</time>
			</trkpt>
			<trkpt lat="37.73727" lon="-2.98572">
				<ele>945.22</ele>
				<time>2026-09-10T12:04:58.918Z</time>
			</trkpt>
			<trkpt lat="37.73733" lon="-2.9856">
				<ele>946.44</ele>
				<time>2026-09-10T12:04:59.606Z</time>
			</trkpt>
			<trkpt lat="37.73745" lon="-2.98552">
				<ele>948.89</ele>
				<time>2026-09-10T12:05:00.437Z</time>
			</trkpt>
			<trkpt lat="37.73755" lon="-2.98552">
				<ele>951.52</ele>
				<time>2026-09-10T12:05:01.051Z</time>
			</trkpt>
			<trkpt lat="37.73765" lon="-2.98555">
				<ele>953.8</ele>
				<time>2026-09-10T12:05:01.681Z</time>
			</trkpt>
			<trkpt lat="37.73772" lon="-2.98562">
				<ele>955.86</ele>
				<time>2026-09-10T12:05:02.228Z</time>
			</trkpt>
			<trkpt lat="37.73785" lon="-2.98586">
				<ele>960.97</ele>
				<time>2026-09-10T12:05:03.639Z</time>
			</trkpt>
			<trkpt lat="37.73798" lon="-2.98617">
				<ele>965.71</ele>
				<time>2026-09-10T12:05:05.341Z</time>
			</trkpt>
			<trkpt lat="37.73798" lon="-2.98629">
				<ele>965.55</ele>
				<time>2026-09-10T12:05:05.923Z</time>
			</trkpt>
			<trkpt lat="37.7379" lon="-2.98668">
				<ele>960.81</ele>
				<time>2026-09-10T12:05:07.878Z</time>
			</trkpt>
			<trkpt lat="37.73787" lon="-2.987">
				<ele>959.95</ele>
				<time>2026-09-10T12:05:09.442Z</time>
			</trkpt>
			<trkpt lat="37.73787" lon="-2.98734">
				<ele>960.75</ele>
				<time>2026-09-10T12:05:11.093Z</time>
			</trkpt>
			<trkpt lat="37.738" lon="-2.98762">
				<ele>964.62</ele>
				<time>2026-09-10T12:05:12.670Z</time>
			</trkpt>
			<trkpt lat="37.73805" lon="-2.98782">
				<ele>964.25</ele>
				<time>2026-09-10T12:05:13.688Z</time>
			</trkpt>
			<trkpt lat="37.73809" lon="-2.98843">
				<ele>960.83</ele>
				<time>2026-09-10T12:05:16.662Z</time>
			</trkpt>
			<trkpt lat="37.73815" lon="-2.98865">
				<ele>963.62</ele>
				<time>2026-09-10T12:05:17.793Z</time>
			</trkpt>
			<trkpt lat="37.73827" lon="-2.98883">
				<ele>965.78</ele>
				<time>2026-09-10T12:05:18.937Z</time>
			</trkpt>
			<trkpt lat="37.7384" lon="-2.98908">
				<ele>965.36</ele>
				<time>2026-09-10T12:05:20.391Z</time>
			</trkpt>
			<trkpt lat="37.73853" lon="-2.98919">
				<ele>966.01</ele>
				<time>2026-09-10T12:05:21.353Z</time>
			</trkpt>
			<trkpt lat="37.73863" lon="-2.9892">
				<ele>967.54</ele>
				<time>2026-09-10T12:05:21.969Z</time>
			</trkpt>
			<trkpt lat="37.73876" lon="-2.98916">
				<ele>969.95</ele>
				<time>2026-09-10T12:05:22.792Z</time>
			</trkpt>
			<trkpt lat="37.73885" lon="-2.98905">
				<ele>973.24</ele>
				<time>2026-09-10T12:05:23.562Z</time>
			</trkpt>
			<trkpt lat="37.73889" lon="-2.98895">
				<ele>975.82</ele>
				<time>2026-09-10T12:05:24.107Z</time>
			</trkpt>
			<trkpt lat="37.7389" lon="-2.98882">
				<ele>978.45</ele>
				<time>2026-09-10T12:05:24.742Z</time>
			</trkpt>
			<trkpt lat="37.73879" lon="-2.98851">
				<ele>979.94</ele>
				<time>2026-09-10T12:05:26.395Z</time>
			</trkpt>
			<trkpt lat="37.73879" lon="-2.98844">
				<ele>979.87</ele>
				<time>2026-09-10T12:05:26.735Z</time>
			</trkpt>
			<trkpt lat="37.73882" lon="-2.98838">
				<ele>980.32</ele>
				<time>2026-09-10T12:05:27.080Z</time>
			</trkpt>
			<trkpt lat="37.73892" lon="-2.9882">
				<ele>984.14</ele>
				<time>2026-09-10T12:05:28.151Z</time>
			</trkpt>
			<trkpt lat="37.73895" lon="-2.98808">
				<ele>986.01</ele>
				<time>2026-09-10T12:05:28.763Z</time>
			</trkpt>
			<trkpt lat="37.73895" lon="-2.98795">
				<ele>986.9</ele>
				<time>2026-09-10T12:05:29.396Z</time>
			</trkpt>
			<trkpt lat="37.73892" lon="-2.98783">
				<ele>986.79</ele>
				<time>2026-09-10T12:05:30.008Z</time>
			</trkpt>
			<trkpt lat="37.73886" lon="-2.98771">
				<ele>985.66</ele>
				<time>2026-09-10T12:05:30.699Z</time>
			</trkpt>
			<trkpt lat="37.73859" lon="-2.98738">
				<ele>983.36</ele>
				<time>2026-09-10T12:05:33.010Z</time>
			</trkpt>
			<trkpt lat="37.7385" lon="-2.98723">
				<ele>984.66</ele>
				<time>2026-09-10T12:05:33.927Z</time>
			</trkpt>
			<trkpt lat="37.73844" lon="-2.98703">
				<ele>987.04</ele>
				<time>2026-09-10T12:05:34.968Z</time>
			</trkpt>
			<trkpt lat="37.73844" lon="-2.98688">
				<ele>988.9</ele>
				<time>2026-09-10T12:05:35.699Z</time>
			</trkpt>
			<trkpt lat="37.73849" lon="-2.9867">
				<ele>991.07</ele>
				<time>2026-09-10T12:05:36.628Z</time>
			</trkpt>
			<trkpt lat="37.73858" lon="-2.98658">
				<ele>993.6</ele>
				<time>2026-09-10T12:05:37.433Z</time>
			</trkpt>
			<trkpt lat="37.73869" lon="-2.98654">
				<ele>996.69</ele>
				<time>2026-09-10T12:05:38.138Z</time>
			</trkpt>
			<trkpt lat="37.73879" lon="-2.98655">
				<ele>999.5</ele>
				<time>2026-09-10T12:05:38.756Z</time>
			</trkpt>
			<trkpt lat="37.7389" lon="-2.98662">
				<ele>1002.23</ele>
				<time>2026-09-10T12:05:39.515Z</time>
			</trkpt>
			<trkpt lat="37.73899" lon="-2.98672">
				<ele>1004.11</ele>
				<time>2026-09-10T12:05:40.253Z</time>
			</trkpt>
			<trkpt lat="37.73919" lon="-2.98708">
				<ele>1006.4</ele>
				<time>2026-09-10T12:05:42.396Z</time>
			</trkpt>
			<trkpt lat="37.73937" lon="-2.98789">
				<ele>1002.24</ele>
				<time>2026-09-10T12:05:46.497Z</time>
			</trkpt>
			<trkpt lat="37.73943" lon="-2.98804">
				<ele>1002.19</ele>
				<time>2026-09-10T12:05:47.316Z</time>
			</trkpt>
			<trkpt lat="37.73958" lon="-2.98811">
				<ele>1004.17</ele>
				<time>2026-09-10T12:05:48.302Z</time>
			</trkpt>
			<trkpt lat="37.73997" lon="-2.98814">
				<ele>1008.7</ele>
				<time>2026-09-10T12:05:50.711Z</time>
			</trkpt>
			<trkpt lat="37.7406" lon="-2.98802">
				<ele>1015.27</ele>
				<time>2026-09-10T12:05:54.641Z</time>
			</trkpt>
			<trkpt lat="37.74126" lon="-2.98776">
				<ele>1024.48</ele>
				<time>2026-09-10T12:05:58.906Z</time>
			</trkpt>
			<trkpt lat="37.74139" lon="-2.98775">
				<ele>1025.51</ele>
				<time>2026-09-10T12:05:59.710Z</time>
			</trkpt>
			<trkpt lat="37.74152" lon="-2.9878">
				<ele>1027.72</ele>
				<time>2026-09-10T12:06:00.549Z</time>
			</trkpt>
			<trkpt lat="37.74163" lon="-2.98791">
				<ele>1028.86</ele>
				<time>2026-09-10T12:06:01.414Z</time>
			</trkpt>
			<trkpt lat="37.74176" lon="-2.98823">
				<ele>1030.61</ele>
				<time>2026-09-10T12:06:03.170Z</time>
			</trkpt>
			<trkpt lat="37.74192" lon="-2.98884">
				<ele>1029.44</ele>
				<time>2026-09-10T12:06:06.308Z</time>
			</trkpt>
			<trkpt lat="37.74198" lon="-2.98892">
				<ele>1029.59</ele>
				<time>2026-09-10T12:06:06.846Z</time>
			</trkpt>
			<trkpt lat="37.74208" lon="-2.98898">
				<ele>1030.95</ele>
				<time>2026-09-10T12:06:07.530Z</time>
			</trkpt>
			<trkpt lat="37.74216" lon="-2.98901">
				<ele>1032.2</ele>
				<time>2026-09-10T12:06:08.045Z</time>
			</trkpt>
			<trkpt lat="37.74276" lon="-2.98913">
				<ele>1036.75</ele>
				<time>2026-09-10T12:06:11.797Z</time>
			</trkpt>
			<trkpt lat="37.74288" lon="-2.98921">
				<ele>1037.44</ele>
				<time>2026-09-10T12:06:12.635Z</time>
			</trkpt>
			<trkpt lat="37.74296" lon="-2.98934">
				<ele>1037.72</ele>
				<time>2026-09-10T12:06:13.440Z</time>
			</trkpt>
			<trkpt lat="37.74298" lon="-2.98951">
				<ele>1037.07</ele>
				<time>2026-09-10T12:06:14.279Z</time>
			</trkpt>
			<trkpt lat="37.7429" lon="-2.99011">
				<ele>1033.14</ele>
				<time>2026-09-10T12:06:17.252Z</time>
			</trkpt>
			<trkpt lat="37.7429" lon="-2.99041">
				<ele>1030.62</ele>
				<time>2026-09-10T12:06:18.718Z</time>
			</trkpt>
			<trkpt lat="37.74303" lon="-2.99063">
				<ele>1031.89</ele>
				<time>2026-09-10T12:06:20.061Z</time>
			</trkpt>
			<trkpt lat="37.74335" lon="-2.99083">
				<ele>1035.47</ele>
				<time>2026-09-10T12:06:22.267Z</time>
			</trkpt>
			<trkpt lat="37.74364" lon="-2.99139">
				<ele>1025.94</ele>
				<time>2026-09-10T12:06:25.539Z</time>
			</trkpt>
			<trkpt lat="37.74398" lon="-2.99177">
				<ele>1025.23</ele>
				<time>2026-09-10T12:06:28.345Z</time>
			</trkpt>
			<trkpt lat="37.74466" lon="-2.99261">
				<ele>1027.71</ele>
				<time>2026-09-10T12:06:34.224Z</time>
			</trkpt>
			<trkpt lat="37.74475" lon="-2.99276">
				<ele>1028.03</ele>
				<time>2026-09-10T12:06:35.145Z</time>
			</trkpt>
			<trkpt lat="37.74478" lon="-2.99293">
				<ele>1026.7</ele>
				<time>2026-09-10T12:06:35.996Z</time>
			</trkpt>
			<trkpt lat="37.74482" lon="-2.99351">
				<ele>1023.3</ele>
				<time>2026-09-10T12:06:38.844Z</time>
			</trkpt>
			<trkpt lat="37.74492" lon="-2.99455">
				<ele>1022.92</ele>
				<time>2026-09-10T12:06:43.970Z</time>
			</trkpt>
			<trkpt lat="37.74494" lon="-2.99521">
				<ele>1021</ele>
				<time>2026-09-10T12:06:47.202Z</time>
			</trkpt>
			<trkpt lat="37.74526" lon="-2.99629">
				<ele>1010.27</ele>
				<time>2026-09-10T12:06:52.846Z</time>
			</trkpt>
			<trkpt lat="37.74531" lon="-2.99656">
				<ele>1009.82</ele>
				<time>2026-09-10T12:06:54.204Z</time>
			</trkpt>
			<trkpt lat="37.7452" lon="-2.99756">
				<ele>997.83</ele>
				<time>2026-09-10T12:06:59.146Z</time>
			</trkpt>
			<trkpt lat="37.74524" lon="-2.99776">
				<ele>997.06</ele>
				<time>2026-09-10T12:07:00.156Z</time>
			</trkpt>
			<trkpt lat="37.74576" lon="-2.99896">
				<ele>994.8</ele>
				<time>2026-09-10T12:07:06.855Z</time>
			</trkpt>
			<trkpt lat="37.74579" lon="-2.99913">
				<ele>992.3</ele>
				<time>2026-09-10T12:07:07.708Z</time>
			</trkpt>
			<trkpt lat="37.74577" lon="-2.99933">
				<ele>988.84</ele>
				<time>2026-09-10T12:07:08.695Z</time>
			</trkpt>
			<trkpt lat="37.74571" lon="-2.99961">
				<ele>984.51</ele>
				<time>2026-09-10T12:07:10.115Z</time>
			</trkpt>
			<trkpt lat="37.74574" lon="-2.99996">
				<ele>983.03</ele>
				<time>2026-09-10T12:07:11.839Z</time>
			</trkpt>
			<trkpt lat="37.74612" lon="-3.00092">
				<ele>985.5</ele>
				<time>2026-09-10T12:07:17.095Z</time>
			</trkpt>
			<trkpt lat="37.74629" lon="-3.0013">
				<ele>983.88</ele>
				<time>2026-09-10T12:07:19.233Z</time>
			</trkpt>
			<trkpt lat="37.74648" lon="-3.00151">
				<ele>981.09</ele>
				<time>2026-09-10T12:07:20.795Z</time>
			</trkpt>
			<trkpt lat="37.74687" lon="-3.00178">
				<ele>977.71</ele>
				<time>2026-09-10T12:07:23.548Z</time>
			</trkpt>
			<trkpt lat="37.74704" lon="-3.00185">
				<ele>976.31</ele>
				<time>2026-09-10T12:07:24.656Z</time>
			</trkpt>
			<trkpt lat="37.74715" lon="-3.00183">
				<ele>976.75</ele>
				<time>2026-09-10T12:07:25.344Z</time>
			</trkpt>
			<trkpt lat="37.7473" lon="-3.00166">
				<ele>978.42</ele>
				<time>2026-09-10T12:07:26.591Z</time>
			</trkpt>
			<trkpt lat="37.74765" lon="-3.00122">
				<ele>979.02</ele>
				<time>2026-09-10T12:07:29.647Z</time>
			</trkpt>
			<trkpt lat="37.74784" lon="-3.0011">
				<ele>977.82</ele>
				<time>2026-09-10T12:07:30.962Z</time>
			</trkpt>
			<trkpt lat="37.74841" lon="-3.00127">
				<ele>968.43</ele>
				<time>2026-09-10T12:07:34.588Z</time>
			</trkpt>
			<trkpt lat="37.74851" lon="-3.00121">
				<ele>965.97</ele>
				<time>2026-09-10T12:07:35.273Z</time>
			</trkpt>
			<trkpt lat="37.74861" lon="-3.0011">
				<ele>964.25</ele>
				<time>2026-09-10T12:07:36.094Z</time>
			</trkpt>
			<trkpt lat="37.74871" lon="-3.00059">
				<ele>968.76</ele>
				<time>2026-09-10T12:07:38.666Z</time>
			</trkpt>
			<trkpt lat="37.74892" lon="-3">
				<ele>971.63</ele>
				<time>2026-09-10T12:07:41.834Z</time>
			</trkpt>
			<trkpt lat="37.74901" lon="-2.99982">
				<ele>974.49</ele>
				<time>2026-09-10T12:07:42.876Z</time>
			</trkpt>
			<trkpt lat="37.74916" lon="-2.99979">
				<ele>973.44</ele>
				<time>2026-09-10T12:07:43.816Z</time>
			</trkpt>
			<trkpt lat="37.74928" lon="-2.99985">
				<ele>972.69</ele>
				<time>2026-09-10T12:07:44.615Z</time>
			</trkpt>
			<trkpt lat="37.74987" lon="-2.99992">
				<ele>973.6</ele>
				<time>2026-09-10T12:07:48.284Z</time>
			</trkpt>
			<trkpt lat="37.7504" lon="-3.00008">
				<ele>972.42</ele>
				<time>2026-09-10T12:07:51.656Z</time>
			</trkpt>
			<trkpt lat="37.75059" lon="-3.00011">
				<ele>974.67</ele>
				<time>2026-09-10T12:07:52.842Z</time>
			</trkpt>
			<trkpt lat="37.75128" lon="-3.00001">
				<ele>983.12</ele>
				<time>2026-09-10T12:07:57.140Z</time>
			</trkpt>
			<trkpt lat="37.75141" lon="-2.99992">
				<ele>982.47</ele>
				<time>2026-09-10T12:07:58.057Z</time>
			</trkpt>
			<trkpt lat="37.75211" lon="-2.99922">
				<ele>975.79</ele>
				<time>2026-09-10T12:08:03.579Z</time>
			</trkpt>
			<trkpt lat="37.75234" lon="-2.9991">
				<ele>971.68</ele>
				<time>2026-09-10T12:08:05.118Z</time>
			</trkpt>
			<trkpt lat="37.75271" lon="-2.99909">
				<ele>962.34</ele>
				<time>2026-09-10T12:08:07.407Z</time>
			</trkpt>
			<trkpt lat="37.75288" lon="-2.99904">
				<ele>960.28</ele>
				<time>2026-09-10T12:08:08.487Z</time>
			</trkpt>
			<trkpt lat="37.75298" lon="-2.99894">
				<ele>961.74</ele>
				<time>2026-09-10T12:08:09.276Z</time>
			</trkpt>
			<trkpt lat="37.75314" lon="-2.99868">
				<ele>965.54</ele>
				<time>2026-09-10T12:08:10.887Z</time>
			</trkpt>
			<trkpt lat="37.75331" lon="-2.99851">
				<ele>966.7</ele>
				<time>2026-09-10T12:08:12.227Z</time>
			</trkpt>
			<trkpt lat="37.75398" lon="-2.99816">
				<ele>952.55</ele>
				<time>2026-09-10T12:08:16.710Z</time>
			</trkpt>
			<trkpt lat="37.75417" lon="-2.99803">
				<ele>950.29</ele>
				<time>2026-09-10T12:08:18.045Z</time>
			</trkpt>
			<trkpt lat="37.75429" lon="-2.99789">
				<ele>950.02</ele>
				<time>2026-09-10T12:08:19.055Z</time>
			</trkpt>
			<trkpt lat="37.75436" lon="-2.9977">
				<ele>949.93</ele>
				<time>2026-09-10T12:08:20.079Z</time>
			</trkpt>
			<trkpt lat="37.75445" lon="-2.99716">
				<ele>950.16</ele>
				<time>2026-09-10T12:08:22.776Z</time>
			</trkpt>
			<trkpt lat="37.7545" lon="-2.99697">
				<ele>950.77</ele>
				<time>2026-09-10T12:08:23.755Z</time>
			</trkpt>
			<trkpt lat="37.75455" lon="-2.99687">
				<ele>951.13</ele>
				<time>2026-09-10T12:08:24.333Z</time>
			</trkpt>
			<trkpt lat="37.75462" lon="-2.99682">
				<ele>950.77</ele>
				<time>2026-09-10T12:08:24.830Z</time>
			</trkpt>
			<trkpt lat="37.75473" lon="-2.99679">
				<ele>950.15</ele>
				<time>2026-09-10T12:08:25.525Z</time>
			</trkpt>
			<trkpt lat="37.75477" lon="-2.99681">
				<ele>951.04</ele>
				<time>2026-09-10T12:08:25.791Z</time>
			</trkpt>
			<trkpt lat="37.75482" lon="-2.99686">
				<ele>951.71</ele>
				<time>2026-09-10T12:08:26.185Z</time>
			</trkpt>
			<trkpt lat="37.75486" lon="-2.99696">
				<ele>951.56</ele>
				<time>2026-09-10T12:08:26.733Z</time>
			</trkpt>
			<trkpt lat="37.75501" lon="-2.99763">
				<ele>944.57</ele>
				<time>2026-09-10T12:08:30.134Z</time>
			</trkpt>
			<trkpt lat="37.75511" lon="-2.99793">
				<ele>940.69</ele>
				<time>2026-09-10T12:08:31.725Z</time>
			</trkpt>
			<trkpt lat="37.75521" lon="-2.99807">
				<ele>940.72</ele>
				<time>2026-09-10T12:08:32.646Z</time>
			</trkpt>
			<trkpt lat="37.75546" lon="-2.99825">
				<ele>939.89</ele>
				<time>2026-09-10T12:08:34.423Z</time>
			</trkpt>
			<trkpt lat="37.75565" lon="-2.99833">
				<ele>939.94</ele>
				<time>2026-09-10T12:08:35.660Z</time>
			</trkpt>
			<trkpt lat="37.75582" lon="-2.99829">
				<ele>942.84</ele>
				<time>2026-09-10T12:08:36.727Z</time>
			</trkpt>
			<trkpt lat="37.75595" lon="-2.99817">
				<ele>941.43</ele>
				<time>2026-09-10T12:08:37.721Z</time>
			</trkpt>
			<trkpt lat="37.75606" lon="-2.99797">
				<ele>944.09</ele>
				<time>2026-09-10T12:08:38.911Z</time>
			</trkpt>
			<trkpt lat="37.75622" lon="-2.99782">
				<ele>941.2</ele>
				<time>2026-09-10T12:08:40.140Z</time>
			</trkpt>
			<trkpt lat="37.75636" lon="-2.99728">
				<ele>950.8</ele>
				<time>2026-09-10T12:08:42.914Z</time>
			</trkpt>
			<trkpt lat="37.75663" lon="-2.9971">
				<ele>949.19</ele>
				<time>2026-09-10T12:08:44.797Z</time>
			</trkpt>
			<trkpt lat="37.75676" lon="-2.99712">
				<ele>951.3</ele>
				<time>2026-09-10T12:08:45.605Z</time>
			</trkpt>
			<trkpt lat="37.75683" lon="-2.99721">
				<ele>949.4</ele>
				<time>2026-09-10T12:08:46.221Z</time>
			</trkpt>
			<trkpt lat="37.75691" lon="-2.99744">
				<ele>946.75</ele>
				<time>2026-09-10T12:08:47.447Z</time>
			</trkpt>
			<trkpt lat="37.75699" lon="-2.9977">
				<ele>949.11</ele>
				<time>2026-09-10T12:08:48.808Z</time>
			</trkpt>
			<trkpt lat="37.75697" lon="-2.99786">
				<ele>947.57</ele>
				<time>2026-09-10T12:08:49.598Z</time>
			</trkpt>
			<trkpt lat="37.75686" lon="-2.99813">
				<ele>940.22</ele>
				<time>2026-09-10T12:08:51.079Z</time>
			</trkpt>
			<trkpt lat="37.75684" lon="-2.99837">
				<ele>939.6</ele>
				<time>2026-09-10T12:08:52.256Z</time>
			</trkpt>
			<trkpt lat="37.75699" lon="-2.99942">
				<ele>946.5</ele>
				<time>2026-09-10T12:08:57.458Z</time>
			</trkpt>
			<trkpt lat="37.75721" lon="-2.99967">
				<ele>954.77</ele>
				<time>2026-09-10T12:08:59.280Z</time>
			</trkpt>
			<trkpt lat="37.75722" lon="-2.99982">
				<ele>954.97</ele>
				<time>2026-09-10T12:09:00.014Z</time>
			</trkpt>
			<trkpt lat="37.75718" lon="-3.00006">
				<ele>953.58</ele>
				<time>2026-09-10T12:09:01.209Z</time>
			</trkpt>
			<trkpt lat="37.75704" lon="-3.0003">
				<ele>949.48</ele>
				<time>2026-09-10T12:09:02.662Z</time>
			</trkpt>
			<trkpt lat="37.75694" lon="-3.00055">
				<ele>947.06</ele>
				<time>2026-09-10T12:09:04.027Z</time>
			</trkpt>
			<trkpt lat="37.75701" lon="-3.00101">
				<ele>946.23</ele>
				<time>2026-09-10T12:09:06.308Z</time>
			</trkpt>
			<trkpt lat="37.75737" lon="-3.00164">
				<ele>944.18</ele>
				<time>2026-09-10T12:09:10.092Z</time>
			</trkpt>
			<trkpt lat="37.75773" lon="-3.00195">
				<ele>950.33</ele>
				<time>2026-09-10T12:09:12.773Z</time>
			</trkpt>
			<trkpt lat="37.75782" lon="-3.0021">
				<ele>952.93</ele>
				<time>2026-09-10T12:09:13.689Z</time>
			</trkpt>
			<trkpt lat="37.7578" lon="-3.00227">
				<ele>951.11</ele>
				<time>2026-09-10T12:09:14.525Z</time>
			</trkpt>
			<trkpt lat="37.75775" lon="-3.00253">
				<ele>946.97</ele>
				<time>2026-09-10T12:09:15.827Z</time>
			</trkpt>
			<trkpt lat="37.75788" lon="-3.00344">
				<ele>950.88</ele>
				<time>2026-09-10T12:09:20.324Z</time>
			</trkpt>
			<trkpt lat="37.75796" lon="-3.00416">
				<ele>946.08</ele>
				<time>2026-09-10T12:09:23.858Z</time>
			</trkpt>
			<trkpt lat="37.75803" lon="-3.00444">
				<ele>946.62</ele>
				<time>2026-09-10T12:09:25.285Z</time>
			</trkpt>
			<trkpt lat="37.75873" lon="-3.00515">
				<ele>962.21</ele>
				<time>2026-09-10T12:09:30.797Z</time>
			</trkpt>
			<trkpt lat="37.75938" lon="-3.00593">
				<ele>964.52</ele>
				<time>2026-09-10T12:09:36.297Z</time>
			</trkpt>
			<trkpt lat="37.7596" lon="-3.00625">
				<ele>965.51</ele>
				<time>2026-09-10T12:09:38.355Z</time>
			</trkpt>
			<trkpt lat="37.75968" lon="-3.00647">
				<ele>962.83</ele>
				<time>2026-09-10T12:09:39.529Z</time>
			</trkpt>
			<trkpt lat="37.75975" lon="-3.00673">
				<ele>959.4</ele>
				<time>2026-09-10T12:09:40.861Z</time>
			</trkpt>
			<trkpt lat="37.75987" lon="-3.00686">
				<ele>960.83</ele>
				<time>2026-09-10T12:09:41.830Z</time>
			</trkpt>
			<trkpt lat="37.75994" lon="-3.00702">
				<ele>961.02</ele>
				<time>2026-09-10T12:09:42.716Z</time>
			</trkpt>
			<trkpt lat="37.75989" lon="-3.00742">
				<ele>955.84</ele>
				<time>2026-09-10T12:09:44.679Z</time>
			</trkpt>
			<trkpt lat="37.76002" lon="-3.00792">
				<ele>957.21</ele>
				<time>2026-09-10T12:09:47.229Z</time>
			</trkpt>
			<trkpt lat="37.76001" lon="-3.0082">
				<ele>957.32</ele>
				<time>2026-09-10T12:09:48.587Z</time>
			</trkpt>
			<trkpt lat="37.75986" lon="-3.00836">
				<ele>954.58</ele>
				<time>2026-09-10T12:09:49.789Z</time>
			</trkpt>
			<trkpt lat="37.75955" lon="-3.00852">
				<ele>951.86</ele>
				<time>2026-09-10T12:09:51.839Z</time>
			</trkpt>
			<trkpt lat="37.75939" lon="-3.00867">
				<ele>953.17</ele>
				<time>2026-09-10T12:09:53.059Z</time>
			</trkpt>
			<trkpt lat="37.75931" lon="-3.00887">
				<ele>956.38</ele>
				<time>2026-09-10T12:09:54.143Z</time>
			</trkpt>
			<trkpt lat="37.75931" lon="-3.0091">
				<ele>957.24</ele>
				<time>2026-09-10T12:09:55.256Z</time>
			</trkpt>
			<trkpt lat="37.76001" lon="-3.0109">
				<ele>947.37</ele>
				<time>2026-09-10T12:10:04.954Z</time>
			</trkpt>
			<trkpt lat="37.76073" lon="-3.01162">
				<ele>941.93</ele>
				<time>2026-09-10T12:10:10.560Z</time>
			</trkpt>
			<trkpt lat="37.76082" lon="-3.01169">
				<ele>942.43</ele>
				<time>2026-09-10T12:10:11.205Z</time>
			</trkpt>
			<trkpt lat="37.76104" lon="-3.01178">
				<ele>944.81</ele>
				<time>2026-09-10T12:10:12.616Z</time>
			</trkpt>
			<trkpt lat="37.76111" lon="-3.01184">
				<ele>945.17</ele>
				<time>2026-09-10T12:10:13.132Z</time>
			</trkpt>
			<trkpt lat="37.76115" lon="-3.01191">
				<ele>944.92</ele>
				<time>2026-09-10T12:10:13.549Z</time>
			</trkpt>
			<trkpt lat="37.76118" lon="-3.012">
				<ele>943.75</ele>
				<time>2026-09-10T12:10:14.020Z</time>
			</trkpt>
			<trkpt lat="37.7612" lon="-3.01237">
				<ele>937.08</ele>
				<time>2026-09-10T12:10:15.808Z</time>
			</trkpt>
			<trkpt lat="37.76125" lon="-3.01253">
				<ele>935.82</ele>
				<time>2026-09-10T12:10:16.638Z</time>
			</trkpt>
			<trkpt lat="37.76133" lon="-3.01266">
				<ele>936.65</ele>
				<time>2026-09-10T12:10:17.432Z</time>
			</trkpt>
			<trkpt lat="37.76162" lon="-3.01286">
				<ele>939.99</ele>
				<time>2026-09-10T12:10:19.445Z</time>
			</trkpt>
			<trkpt lat="37.76168" lon="-3.01295">
				<ele>940.22</ele>
				<time>2026-09-10T12:10:20.013Z</time>
			</trkpt>
			<trkpt lat="37.76175" lon="-3.01319">
				<ele>938.46</ele>
				<time>2026-09-10T12:10:21.245Z</time>
			</trkpt>
			<trkpt lat="37.76183" lon="-3.01334">
				<ele>938.23</ele>
				<time>2026-09-10T12:10:22.116Z</time>
			</trkpt>
			<trkpt lat="37.7621" lon="-3.01371">
				<ele>937.36</ele>
				<time>2026-09-10T12:10:24.541Z</time>
			</trkpt>
			<trkpt lat="37.76212" lon="-3.01381">
				<ele>936.18</ele>
				<time>2026-09-10T12:10:25.038Z</time>
			</trkpt>
			<trkpt lat="37.76212" lon="-3.01391">
				<ele>934.51</ele>
				<time>2026-09-10T12:10:25.519Z</time>
			</trkpt>
			<trkpt lat="37.76209" lon="-3.01402">
				<ele>933.5</ele>
				<time>2026-09-10T12:10:26.079Z</time>
			</trkpt>
			<trkpt lat="37.76203" lon="-3.01409">
				<ele>931.97</ele>
				<time>2026-09-10T12:10:26.576Z</time>
			</trkpt>
			<trkpt lat="37.76169" lon="-3.0144">
				<ele>927.93</ele>
				<time>2026-09-10T12:10:29.126Z</time>
			</trkpt>
			<trkpt lat="37.76162" lon="-3.01449">
				<ele>926.98</ele>
				<time>2026-09-10T12:10:29.733Z</time>
			</trkpt>
			<trkpt lat="37.76158" lon="-3.01459">
				<ele>926.53</ele>
				<time>2026-09-10T12:10:30.272Z</time>
			</trkpt>
			<trkpt lat="37.76157" lon="-3.01472">
				<ele>926.86</ele>
				<time>2026-09-10T12:10:30.900Z</time>
			</trkpt>
			<trkpt lat="37.76158" lon="-3.01506">
				<ele>928.65</ele>
				<time>2026-09-10T12:10:32.536Z</time>
			</trkpt>
			<trkpt lat="37.76157" lon="-3.01518">
				<ele>928.55</ele>
				<time>2026-09-10T12:10:33.116Z</time>
			</trkpt>
			<trkpt lat="37.76153" lon="-3.01531">
				<ele>927.52</ele>
				<time>2026-09-10T12:10:33.786Z</time>
			</trkpt>
			<trkpt lat="37.76133" lon="-3.0157">
				<ele>925.82</ele>
				<time>2026-09-10T12:10:36.020Z</time>
			</trkpt>
			<trkpt lat="37.76128" lon="-3.01585">
				<ele>926.77</ele>
				<time>2026-09-10T12:10:36.802Z</time>
			</trkpt>
			<trkpt lat="37.7612" lon="-3.01622">
				<ele>927.13</ele>
				<time>2026-09-10T12:10:38.644Z</time>
			</trkpt>
			<trkpt lat="37.76105" lon="-3.0165">
				<ele>920</ele>
				<time>2026-09-10T12:10:40.267Z</time>
			</trkpt>
			<trkpt lat="37.76102" lon="-3.01662">
				<ele>917.65</ele>
				<time>2026-09-10T12:10:40.871Z</time>
			</trkpt>
			<trkpt lat="37.761" lon="-3.0171">
				<ele>918.39</ele>
				<time>2026-09-10T12:10:43.177Z</time>
			</trkpt>
			<trkpt lat="37.76087" lon="-3.01748">
				<ele>918.05</ele>
				<time>2026-09-10T12:10:45.163Z</time>
			</trkpt>
			<trkpt lat="37.76087" lon="-3.01755">
				<ele>918.29</ele>
				<time>2026-09-10T12:10:45.498Z</time>
			</trkpt>
			<trkpt lat="37.76088" lon="-3.01762">
				<ele>918.38</ele>
				<time>2026-09-10T12:10:45.839Z</time>
			</trkpt>
			<trkpt lat="37.76093" lon="-3.01767">
				<ele>917.75</ele>
				<time>2026-09-10T12:10:46.226Z</time>
			</trkpt>
			<trkpt lat="37.76109" lon="-3.01768">
				<ele>915.43</ele>
				<time>2026-09-10T12:10:47.197Z</time>
			</trkpt>
			<trkpt lat="37.76175" lon="-3.01734">
				<ele>911.29</ele>
				<time>2026-09-10T12:10:51.515Z</time>
			</trkpt>
			<trkpt lat="37.76205" lon="-3.01713">
				<ele>912.66</ele>
				<time>2026-09-10T12:10:53.591Z</time>
			</trkpt>
			<trkpt lat="37.7624" lon="-3.01698">
				<ele>905.84</ele>
				<time>2026-09-10T12:10:55.827Z</time>
			</trkpt>
			<trkpt lat="37.76289" lon="-3.01668">
				<ele>908.89</ele>
				<time>2026-09-10T12:10:59.119Z</time>
			</trkpt>
			<trkpt lat="37.76298" lon="-3.01666">
				<ele>909.62</ele>
				<time>2026-09-10T12:10:59.672Z</time>
			</trkpt>
			<trkpt lat="37.76352" lon="-3.01672">
				<ele>904.09</ele>
				<time>2026-09-10T12:11:02.948Z</time>
			</trkpt>
			<trkpt lat="37.76369" lon="-3.01669">
				<ele>907.69</ele>
				<time>2026-09-10T12:11:03.984Z</time>
			</trkpt>
			<trkpt lat="37.76376" lon="-3.01673">
				<ele>907.62</ele>
				<time>2026-09-10T12:11:04.448Z</time>
			</trkpt>
			<trkpt lat="37.76381" lon="-3.01678">
				<ele>906.34</ele>
				<time>2026-09-10T12:11:04.833Z</time>
			</trkpt>
			<trkpt lat="37.76382" lon="-3.01687">
				<ele>903.26</ele>
				<time>2026-09-10T12:11:05.267Z</time>
			</trkpt>
			<trkpt lat="37.76379" lon="-3.01696">
				<ele>899.1</ele>
				<time>2026-09-10T12:11:05.733Z</time>
			</trkpt>
			<trkpt lat="37.76373" lon="-3.01701">
				<ele>895.93</ele>
				<time>2026-09-10T12:11:06.167Z</time>
			</trkpt>
			<trkpt lat="37.76366" lon="-3.01704">
				<ele>893.91</ele>
				<time>2026-09-10T12:11:06.613Z</time>
			</trkpt>
			<trkpt lat="37.76358" lon="-3.01703">
				<ele>893.09</ele>
				<time>2026-09-10T12:11:07.098Z</time>
			</trkpt>
			<trkpt lat="37.76342" lon="-3.01694">
				<ele>895.22</ele>
				<time>2026-09-10T12:11:08.154Z</time>
			</trkpt>
			<trkpt lat="37.76335" lon="-3.01694">
				<ele>894.64</ele>
				<time>2026-09-10T12:11:08.577Z</time>
			</trkpt>
			<trkpt lat="37.76317" lon="-3.01697">
				<ele>893</ele>
				<time>2026-09-10T12:11:09.672Z</time>
			</trkpt>
			<trkpt lat="37.76294" lon="-3.01692">
				<ele>896.94</ele>
				<time>2026-09-10T12:11:11.079Z</time>
			</trkpt>
			<trkpt lat="37.76287" lon="-3.01694">
				<ele>896.59</ele>
				<time>2026-09-10T12:11:11.512Z</time>
			</trkpt>
			<trkpt lat="37.76283" lon="-3.01699">
				<ele>894.61</ele>
				<time>2026-09-10T12:11:11.851Z</time>
			</trkpt>
			<trkpt lat="37.76281" lon="-3.01705">
				<ele>892.05</ele>
				<time>2026-09-10T12:11:12.161Z</time>
			</trkpt>
			<trkpt lat="37.76282" lon="-3.01712">
				<ele>888.58</ele>
				<time>2026-09-10T12:11:12.500Z</time>
			</trkpt>
			<trkpt lat="37.76284" lon="-3.01717">
				<ele>886.03</ele>
				<time>2026-09-10T12:11:12.767Z</time>
			</trkpt>
			<trkpt lat="37.76289" lon="-3.0172">
				<ele>883.97</ele>
				<time>2026-09-10T12:11:13.100Z</time>
			</trkpt>
			<trkpt lat="37.76295" lon="-3.01721">
				<ele>883.04</ele>
				<time>2026-09-10T12:11:13.465Z</time>
			</trkpt>
			<trkpt lat="37.76325" lon="-3.01714">
				<ele>885.47</ele>
				<time>2026-09-10T12:11:15.303Z</time>
			</trkpt>
			<trkpt lat="37.76335" lon="-3.01719">
				<ele>884</ele>
				<time>2026-09-10T12:11:15.950Z</time>
			</trkpt>
			<trkpt lat="37.76353" lon="-3.01732">
				<ele>879.64</ele>
				<time>2026-09-10T12:11:17.198Z</time>
			</trkpt>
			<trkpt lat="37.76361" lon="-3.01736">
				<ele>878.99</ele>
				<time>2026-09-10T12:11:17.716Z</time>
			</trkpt>
			<trkpt lat="37.76384" lon="-3.01736">
				<ele>880.74</ele>
				<time>2026-09-10T12:11:19.100Z</time>
			</trkpt>
			<trkpt lat="37.76407" lon="-3.0175">
				<ele>873.11</ele>
				<time>2026-09-10T12:11:20.636Z</time>
			</trkpt>
			<trkpt lat="37.76415" lon="-3.01752">
				<ele>871.1</ele>
				<time>2026-09-10T12:11:21.126Z</time>
			</trkpt>
			<trkpt lat="37.76433" lon="-3.01753">
				<ele>870.73</ele>
				<time>2026-09-10T12:11:22.210Z</time>
			</trkpt>
			<trkpt lat="37.76442" lon="-3.01756">
				<ele>869.54</ele>
				<time>2026-09-10T12:11:22.769Z</time>
			</trkpt>
			<trkpt lat="37.7646" lon="-3.01769">
				<ele>865.46</ele>
				<time>2026-09-10T12:11:24.015Z</time>
			</trkpt>
			<trkpt lat="37.76506" lon="-3.01793">
				<ele>866.12</ele>
				<time>2026-09-10T12:11:27.004Z</time>
			</trkpt>
			<trkpt lat="37.76519" lon="-3.01797">
				<ele>869.33</ele>
				<time>2026-09-10T12:11:27.808Z</time>
			</trkpt>
			<trkpt lat="37.76556" lon="-3.01817">
				<ele>872.01</ele>
				<time>2026-09-10T12:11:30.223Z</time>
			</trkpt>
			<trkpt lat="37.76575" lon="-3.0182">
				<ele>874.83</ele>
				<time>2026-09-10T12:11:31.371Z</time>
			</trkpt>
			<trkpt lat="37.76582" lon="-3.01818">
				<ele>875.86</ele>
				<time>2026-09-10T12:11:31.802Z</time>
			</trkpt>
			<trkpt lat="37.76587" lon="-3.01815">
				<ele>876.13</ele>
				<time>2026-09-10T12:11:32.134Z</time>
			</trkpt>
			<trkpt lat="37.76602" lon="-3.0179">
				<ele>879.02</ele>
				<time>2026-09-10T12:11:33.621Z</time>
			</trkpt>
			<trkpt lat="37.76615" lon="-3.01777">
				<ele>874.86</ele>
				<time>2026-09-10T12:11:34.615Z</time>
			</trkpt>
			<trkpt lat="37.76624" lon="-3.01771">
				<ele>875.8</ele>
				<time>2026-09-10T12:11:35.224Z</time>
			</trkpt>
			<trkpt lat="37.76633" lon="-3.0177">
				<ele>872.56</ele>
				<time>2026-09-10T12:11:35.765Z</time>
			</trkpt>
			<trkpt lat="37.76641" lon="-3.01772">
				<ele>870.56</ele>
				<time>2026-09-10T12:11:36.254Z</time>
			</trkpt>
			<trkpt lat="37.76646" lon="-3.01778">
				<ele>870.84</ele>
				<time>2026-09-10T12:11:36.667Z</time>
			</trkpt>
			<trkpt lat="37.7665" lon="-3.01786">
				<ele>869.59</ele>
				<time>2026-09-10T12:11:37.115Z</time>
			</trkpt>
			<trkpt lat="37.76662" lon="-3.01838">
				<ele>858.49</ele>
				<time>2026-09-10T12:11:39.679Z</time>
			</trkpt>
			<trkpt lat="37.76672" lon="-3.01872">
				<ele>856.63</ele>
				<time>2026-09-10T12:11:41.395Z</time>
			</trkpt>
			<trkpt lat="37.76702" lon="-3.01949">
				<ele>859.29</ele>
				<time>2026-09-10T12:11:45.452Z</time>
			</trkpt>
			<trkpt lat="37.76701" lon="-3.01978">
				<ele>852.49</ele>
				<time>2026-09-10T12:11:46.822Z</time>
			</trkpt>
			<trkpt lat="37.76705" lon="-3.01998">
				<ele>853.18</ele>
				<time>2026-09-10T12:11:47.796Z</time>
			</trkpt>
			<trkpt lat="37.76713" lon="-3.02015">
				<ele>857.6</ele>
				<time>2026-09-10T12:11:48.730Z</time>
			</trkpt>
			<trkpt lat="37.76725" lon="-3.02035">
				<ele>863.7</ele>
				<time>2026-09-10T12:11:49.915Z</time>
			</trkpt>
			<trkpt lat="37.76751" lon="-3.0207">
				<ele>870.09</ele>
				<time>2026-09-10T12:11:52.180Z</time>
			</trkpt>
			<trkpt lat="37.76761" lon="-3.02085">
				<ele>871.76</ele>
				<time>2026-09-10T12:11:53.105Z</time>
			</trkpt>
			<trkpt lat="37.76796" lon="-3.02185">
				<ele>871.94</ele>
				<time>2026-09-10T12:11:58.255Z</time>
			</trkpt>
			<trkpt lat="37.76803" lon="-3.02235">
				<ele>867.87</ele>
				<time>2026-09-10T12:12:00.643Z</time>
			</trkpt>
			<trkpt lat="37.76805" lon="-3.02241">
				<ele>867.88</ele>
				<time>2026-09-10T12:12:00.950Z</time>
			</trkpt>
			<trkpt lat="37.7682" lon="-3.02268">
				<ele>878.93</ele>
				<time>2026-09-10T12:12:02.501Z</time>
			</trkpt>
			<trkpt lat="37.76842" lon="-3.02294">
				<ele>883.76</ele>
				<time>2026-09-10T12:12:04.290Z</time>
			</trkpt>
			<trkpt lat="37.76862" lon="-3.02321">
				<ele>885.63</ele>
				<time>2026-09-10T12:12:06.028Z</time>
			</trkpt>
			<trkpt lat="37.76872" lon="-3.02346">
				<ele>885.76</ele>
				<time>2026-09-10T12:12:07.343Z</time>
			</trkpt>
			<trkpt lat="37.76877" lon="-3.02373">
				<ele>882.87</ele>
				<time>2026-09-10T12:12:08.644Z</time>
			</trkpt>
			<trkpt lat="37.76884" lon="-3.02388">
				<ele>883.63</ele>
				<time>2026-09-10T12:12:09.461Z</time>
			</trkpt>
			<trkpt lat="37.76901" lon="-3.02398">
				<ele>887.51</ele>
				<time>2026-09-10T12:12:10.573Z</time>
			</trkpt>
			<trkpt lat="37.76913" lon="-3.02399">
				<ele>890.09</ele>
				<time>2026-09-10T12:12:11.286Z</time>
			</trkpt>
			<trkpt lat="37.76943" lon="-3.024">
				<ele>896.5</ele>
				<time>2026-09-10T12:12:13.065Z</time>
			</trkpt>
			<trkpt lat="37.76966" lon="-3.024">
				<ele>902.91</ele>
				<time>2026-09-10T12:12:14.428Z</time>
			</trkpt>
			<trkpt lat="37.76995" lon="-3.024">
				<ele>901.55</ele>
				<time>2026-09-10T12:12:16.145Z</time>
			</trkpt>
			<trkpt lat="37.77007" lon="-3.02397">
				<ele>899.61</ele>
				<time>2026-09-10T12:12:16.869Z</time>
			</trkpt>
			<trkpt lat="37.77048" lon="-3.0238">
				<ele>894.64</ele>
				<time>2026-09-10T12:12:19.422Z</time>
			</trkpt>
			<trkpt lat="37.77082" lon="-3.02369">
				<ele>897.01</ele>
				<time>2026-09-10T12:12:21.496Z</time>
			</trkpt>
			<trkpt lat="37.77102" lon="-3.0237">
				<ele>898.12</ele>
				<time>2026-09-10T12:12:22.679Z</time>
			</trkpt>
			<trkpt lat="37.7713" lon="-3.02386">
				<ele>900.51</ele>
				<time>2026-09-10T12:12:24.493Z</time>
			</trkpt>
			<trkpt lat="37.77146" lon="-3.02391">
				<ele>903.17</ele>
				<time>2026-09-10T12:12:25.466Z</time>
			</trkpt>
			<trkpt lat="37.77225" lon="-3.02409">
				<ele>907.29</ele>
				<time>2026-09-10T12:12:30.200Z</time>
			</trkpt>
			<trkpt lat="37.77242" lon="-3.02407">
				<ele>908.78</ele>
				<time>2026-09-10T12:12:31.206Z</time>
			</trkpt>
			<trkpt lat="37.77318" lon="-3.02363">
				<ele>910.96</ele>
				<time>2026-09-10T12:12:36.125Z</time>
			</trkpt>
			<trkpt lat="37.77334" lon="-3.02348">
				<ele>911.86</ele>
				<time>2026-09-10T12:12:37.295Z</time>
			</trkpt>
			<trkpt lat="37.77343" lon="-3.02338">
				<ele>913.32</ele>
				<time>2026-09-10T12:12:37.999Z</time>
			</trkpt>
			<trkpt lat="37.77347" lon="-3.02328">
				<ele>915.17</ele>
				<time>2026-09-10T12:12:38.520Z</time>
			</trkpt>
			<trkpt lat="37.77349" lon="-3.02316">
				<ele>917.58</ele>
				<time>2026-09-10T12:12:39.090Z</time>
			</trkpt>
			<trkpt lat="37.77347" lon="-3.02292">
				<ele>920.97</ele>
				<time>2026-09-10T12:12:40.210Z</time>
			</trkpt>
			<trkpt lat="37.7735" lon="-3.02274">
				<ele>923.21</ele>
				<time>2026-09-10T12:12:41.064Z</time>
			</trkpt>
			<trkpt lat="37.77353" lon="-3.02267">
				<ele>924.29</ele>
				<time>2026-09-10T12:12:41.434Z</time>
			</trkpt>
			<trkpt lat="37.77359" lon="-3.02261">
				<ele>925.42</ele>
				<time>2026-09-10T12:12:41.883Z</time>
			</trkpt>
			<trkpt lat="37.77371" lon="-3.02254">
				<ele>928.11</ele>
				<time>2026-09-10T12:12:42.658Z</time>
			</trkpt>
			<trkpt lat="37.77377" lon="-3.02255">
				<ele>928.93</ele>
				<time>2026-09-10T12:12:43.013Z</time>
			</trkpt>
			<trkpt lat="37.77383" lon="-3.02259">
				<ele>929.67</ele>
				<time>2026-09-10T12:12:43.411Z</time>
			</trkpt>
			<trkpt lat="37.77392" lon="-3.02269">
				<ele>931.08</ele>
				<time>2026-09-10T12:12:44.114Z</time>
			</trkpt>
			<trkpt lat="37.77401" lon="-3.02284">
				<ele>931.36</ele>
				<time>2026-09-10T12:12:44.987Z</time>
			</trkpt>
			<trkpt lat="37.77404" lon="-3.02294">
				<ele>930.49</ele>
				<time>2026-09-10T12:12:45.483Z</time>
			</trkpt>
			<trkpt lat="37.77407" lon="-3.02324">
				<ele>924.83</ele>
				<time>2026-09-10T12:12:46.884Z</time>
			</trkpt>
			<trkpt lat="37.77415" lon="-3.02347">
				<ele>923.76</ele>
				<time>2026-09-10T12:12:48.049Z</time>
			</trkpt>
			<trkpt lat="37.77418" lon="-3.02357">
				<ele>923.82</ele>
				<time>2026-09-10T12:12:48.544Z</time>
			</trkpt>
			<trkpt lat="37.77418" lon="-3.02371">
				<ele>924.38</ele>
				<time>2026-09-10T12:12:49.192Z</time>
			</trkpt>
			<trkpt lat="37.77417" lon="-3.02382">
				<ele>924.6</ele>
				<time>2026-09-10T12:12:49.705Z</time>
			</trkpt>
			<trkpt lat="37.77412" lon="-3.0239">
				<ele>923.93</ele>
				<time>2026-09-10T12:12:50.177Z</time>
			</trkpt>
			<trkpt lat="37.77398" lon="-3.02404">
				<ele>921.85</ele>
				<time>2026-09-10T12:12:51.222Z</time>
			</trkpt>
			<trkpt lat="37.77391" lon="-3.02413">
				<ele>921.25</ele>
				<time>2026-09-10T12:12:51.806Z</time>
			</trkpt>
			<trkpt lat="37.7737" lon="-3.02452">
				<ele>921.92</ele>
				<time>2026-09-10T12:12:53.989Z</time>
			</trkpt>
			<trkpt lat="37.77362" lon="-3.02473">
				<ele>925.41</ele>
				<time>2026-09-10T12:12:55.066Z</time>
			</trkpt>
			<trkpt lat="37.77347" lon="-3.02531">
				<ele>929.74</ele>
				<time>2026-09-10T12:12:57.886Z</time>
			</trkpt>
			<trkpt lat="37.7734" lon="-3.02566">
				<ele>933.05</ele>
				<time>2026-09-10T12:12:59.553Z</time>
			</trkpt>
			<trkpt lat="37.77342" lon="-3.02576">
				<ele>934.42</ele>
				<time>2026-09-10T12:13:00.029Z</time>
			</trkpt>
			<trkpt lat="37.77345" lon="-3.02585">
				<ele>935.6</ele>
				<time>2026-09-10T12:13:00.480Z</time>
			</trkpt>
			<trkpt lat="37.77349" lon="-3.02588">
				<ele>936.36</ele>
				<time>2026-09-10T12:13:00.752Z</time>
			</trkpt>
			<trkpt lat="37.77355" lon="-3.0259">
				<ele>936.73</ele>
				<time>2026-09-10T12:13:01.114Z</time>
			</trkpt>
			<trkpt lat="37.77361" lon="-3.02587">
				<ele>936.58</ele>
				<time>2026-09-10T12:13:01.490Z</time>
			</trkpt>
			<trkpt lat="37.77366" lon="-3.02581">
				<ele>937.35</ele>
				<time>2026-09-10T12:13:01.893Z</time>
			</trkpt>
			<trkpt lat="37.7737" lon="-3.02571">
				<ele>937.65</ele>
				<time>2026-09-10T12:13:02.410Z</time>
			</trkpt>
			<trkpt lat="37.77368" lon="-3.02537">
				<ele>934.89</ele>
				<time>2026-09-10T12:13:03.982Z</time>
			</trkpt>
			<trkpt lat="37.77372" lon="-3.0252">
				<ele>934.43</ele>
				<time>2026-09-10T12:13:04.800Z</time>
			</trkpt>
			<trkpt lat="37.77377" lon="-3.02512">
				<ele>935.26</ele>
				<time>2026-09-10T12:13:05.270Z</time>
			</trkpt>
			<trkpt lat="37.77393" lon="-3.02504">
				<ele>938.44</ele>
				<time>2026-09-10T12:13:06.273Z</time>
			</trkpt>
			<trkpt lat="37.77402" lon="-3.02496">
				<ele>939.49</ele>
				<time>2026-09-10T12:13:06.914Z</time>
			</trkpt>
			<trkpt lat="37.7741" lon="-3.02484">
				<ele>940.12</ele>
				<time>2026-09-10T12:13:07.637Z</time>
			</trkpt>
			<trkpt lat="37.77427" lon="-3.02448">
				<ele>940.95</ele>
				<time>2026-09-10T12:13:09.568Z</time>
			</trkpt>
			<trkpt lat="37.77434" lon="-3.02438">
				<ele>941.05</ele>
				<time>2026-09-10T12:13:10.183Z</time>
			</trkpt>
			<trkpt lat="37.77444" lon="-3.02428">
				<ele>941.87</ele>
				<time>2026-09-10T12:13:10.925Z</time>
			</trkpt>
			<trkpt lat="37.77463" lon="-3.0242">
				<ele>943.88</ele>
				<time>2026-09-10T12:13:12.091Z</time>
			</trkpt>
			<trkpt lat="37.77473" lon="-3.02419">
				<ele>945.91</ele>
				<time>2026-09-10T12:13:12.675Z</time>
			</trkpt>
			<trkpt lat="37.77493" lon="-3.02422">
				<ele>951.28</ele>
				<time>2026-09-10T12:13:13.846Z</time>
			</trkpt>
			<trkpt lat="37.77524" lon="-3.02422">
				<ele>959.75</ele>
				<time>2026-09-10T12:13:15.649Z</time>
			</trkpt>
			<trkpt lat="37.77535" lon="-3.02425">
				<ele>964.28</ele>
				<time>2026-09-10T12:13:16.304Z</time>
			</trkpt>
			<trkpt lat="37.77555" lon="-3.02435">
				<ele>974.45</ele>
				<time>2026-09-10T12:13:17.554Z</time>
			</trkpt>
			<trkpt lat="37.77572" lon="-3.02439">
				<ele>975.36</ele>
				<time>2026-09-10T12:13:18.558Z</time>
			</trkpt>
			<trkpt lat="37.77601" lon="-3.0243">
				<ele>966.47</ele>
				<time>2026-09-10T12:13:20.293Z</time>
			</trkpt>
			<trkpt lat="37.77614" lon="-3.02428">
				<ele>962.97</ele>
				<time>2026-09-10T12:13:21.053Z</time>
			</trkpt>
			<trkpt lat="37.77625" lon="-3.02431">
				<ele>962.22</ele>
				<time>2026-09-10T12:13:21.707Z</time>
			</trkpt>
			<trkpt lat="37.77643" lon="-3.02442">
				<ele>960.49</ele>
				<time>2026-09-10T12:13:22.867Z</time>
			</trkpt>
			<trkpt lat="37.77655" lon="-3.02446">
				<ele>962.01</ele>
				<time>2026-09-10T12:13:23.587Z</time>
			</trkpt>
			<trkpt lat="37.77667" lon="-3.02447">
				<ele>963.38</ele>
				<time>2026-09-10T12:13:24.285Z</time>
			</trkpt>
			<trkpt lat="37.77733" lon="-3.02441">
				<ele>973.05</ele>
				<time>2026-09-10T12:13:28.121Z</time>
			</trkpt>
			<trkpt lat="37.77745" lon="-3.02438">
				<ele>976.64</ele>
				<time>2026-09-10T12:13:28.830Z</time>
			</trkpt>
			<trkpt lat="37.77757" lon="-3.02431">
				<ele>980.69</ele>
				<time>2026-09-10T12:13:29.596Z</time>
			</trkpt>
			<trkpt lat="37.77843" lon="-3.0237">
				<ele>988.62</ele>
				<time>2026-09-10T12:13:35.304Z</time>
			</trkpt>
			<trkpt lat="37.77864" lon="-3.02367">
				<ele>989.16</ele>
				<time>2026-09-10T12:13:36.526Z</time>
			</trkpt>
			<trkpt lat="37.77904" lon="-3.0237">
				<ele>983.35</ele>
				<time>2026-09-10T12:13:38.843Z</time>
			</trkpt>
			<trkpt lat="37.77913" lon="-3.02368">
				<ele>982.55</ele>
				<time>2026-09-10T12:13:39.371Z</time>
			</trkpt>
			<trkpt lat="37.77922" lon="-3.02364">
				<ele>982.58</ele>
				<time>2026-09-10T12:13:39.922Z</time>
			</trkpt>
			<trkpt lat="37.77931" lon="-3.02355">
				<ele>982.66</ele>
				<time>2026-09-10T12:13:40.585Z</time>
			</trkpt>
			<trkpt lat="37.77947" lon="-3.02335">
				<ele>982.1</ele>
				<time>2026-09-10T12:13:41.884Z</time>
			</trkpt>
			<trkpt lat="37.77955" lon="-3.02328">
				<ele>982.56</ele>
				<time>2026-09-10T12:13:42.446Z</time>
			</trkpt>
			<trkpt lat="37.77964" lon="-3.02326">
				<ele>982.67</ele>
				<time>2026-09-10T12:13:42.974Z</time>
			</trkpt>
			<trkpt lat="37.77971" lon="-3.02327">
				<ele>982.75</ele>
				<time>2026-09-10T12:13:43.380Z</time>
			</trkpt>
			<trkpt lat="37.77977" lon="-3.02336">
				<ele>983.69</ele>
				<time>2026-09-10T12:13:43.918Z</time>
			</trkpt>
			<trkpt lat="37.7798" lon="-3.02345">
				<ele>984.81</ele>
				<time>2026-09-10T12:13:44.363Z</time>
			</trkpt>
			<trkpt lat="37.77982" lon="-3.0236">
				<ele>986.36</ele>
				<time>2026-09-10T12:13:45.057Z</time>
			</trkpt>
			<trkpt lat="37.77983" lon="-3.02388">
				<ele>988.36</ele>
				<time>2026-09-10T12:13:46.336Z</time>
			</trkpt>
			<trkpt lat="37.77987" lon="-3.02409">
				<ele>987.85</ele>
				<time>2026-09-10T12:13:47.321Z</time>
			</trkpt>
			<trkpt lat="37.7801" lon="-3.02459">
				<ele>992.65</ele>
				<time>2026-09-10T12:13:49.957Z</time>
			</trkpt>
			<trkpt lat="37.78045" lon="-3.02513">
				<ele>996.24</ele>
				<time>2026-09-10T12:13:53.138Z</time>
			</trkpt>
			<trkpt lat="37.78057" lon="-3.02527">
				<ele>998.56</ele>
				<time>2026-09-10T12:13:54.078Z</time>
			</trkpt>
			<trkpt lat="37.78085" lon="-3.02551">
				<ele>1003.11</ele>
				<time>2026-09-10T12:13:56.025Z</time>
			</trkpt>
			<trkpt lat="37.78121" lon="-3.026">
				<ele>1002.86</ele>
				<time>2026-09-10T12:13:59.068Z</time>
			</trkpt>
			<trkpt lat="37.78146" lon="-3.02622">
				<ele>1003.07</ele>
				<time>2026-09-10T12:14:00.819Z</time>
			</trkpt>
			<trkpt lat="37.78151" lon="-3.02632">
				<ele>1002.95</ele>
				<time>2026-09-10T12:14:01.357Z</time>
			</trkpt>
			<trkpt lat="37.78156" lon="-3.02647">
				<ele>1003.23</ele>
				<time>2026-09-10T12:14:02.097Z</time>
			</trkpt>
			<trkpt lat="37.78166" lon="-3.02693">
				<ele>1006.89</ele>
				<time>2026-09-10T12:14:04.264Z</time>
			</trkpt>
			<trkpt lat="37.78187" lon="-3.02753">
				<ele>1011.41</ele>
				<time>2026-09-10T12:14:07.243Z</time>
			</trkpt>
			<trkpt lat="37.78206" lon="-3.02824">
				<ele>1014.7</ele>
				<time>2026-09-10T12:14:10.644Z</time>
			</trkpt>
			<trkpt lat="37.7821" lon="-3.02842">
				<ele>1014.84</ele>
				<time>2026-09-10T12:14:11.491Z</time>
			</trkpt>
			<trkpt lat="37.78211" lon="-3.02862">
				<ele>1015.25</ele>
				<time>2026-09-10T12:14:12.400Z</time>
			</trkpt>
			<trkpt lat="37.78215" lon="-3.02873">
				<ele>1015.91</ele>
				<time>2026-09-10T12:14:12.949Z</time>
			</trkpt>
			<trkpt lat="37.78221" lon="-3.02881">
				<ele>1016.6</ele>
				<time>2026-09-10T12:14:13.449Z</time>
			</trkpt>
			<trkpt lat="37.78227" lon="-3.02884">
				<ele>1018.68</ele>
				<time>2026-09-10T12:14:13.819Z</time>
			</trkpt>
			<trkpt lat="37.78233" lon="-3.02883">
				<ele>1021.1</ele>
				<time>2026-09-10T12:14:14.166Z</time>
			</trkpt>
			<trkpt lat="37.78239" lon="-3.02877">
				<ele>1023.22</ele>
				<time>2026-09-10T12:14:14.604Z</time>
			</trkpt>
			<trkpt lat="37.78242" lon="-3.0287">
				<ele>1023.98</ele>
				<time>2026-09-10T12:14:14.965Z</time>
			</trkpt>
			<trkpt lat="37.78242" lon="-3.02862">
				<ele>1024.21</ele>
				<time>2026-09-10T12:14:15.327Z</time>
			</trkpt>
			<trkpt lat="37.7824" lon="-3.02853">
				<ele>1024.22</ele>
				<time>2026-09-10T12:14:15.751Z</time>
			</trkpt>
			<trkpt lat="37.78233" lon="-3.0284">
				<ele>1021.97</ele>
				<time>2026-09-10T12:14:16.463Z</time>
			</trkpt>
			<trkpt lat="37.78228" lon="-3.02826">
				<ele>1020.93</ele>
				<time>2026-09-10T12:14:17.159Z</time>
			</trkpt>
			<trkpt lat="37.78221" lon="-3.02778">
				<ele>1026.79</ele>
				<time>2026-09-10T12:14:19.369Z</time>
			</trkpt>
			<trkpt lat="37.7821" lon="-3.02728">
				<ele>1025.55</ele>
				<time>2026-09-10T12:14:21.718Z</time>
			</trkpt>
			<trkpt lat="37.78207" lon="-3.02695">
				<ele>1024.51</ele>
				<time>2026-09-10T12:14:23.221Z</time>
			</trkpt>
			<trkpt lat="37.78213" lon="-3.02663">
				<ele>1023.85</ele>
				<time>2026-09-10T12:14:24.708Z</time>
			</trkpt>
			<trkpt lat="37.78219" lon="-3.02654">
				<ele>1024.28</ele>
				<time>2026-09-10T12:14:25.240Z</time>
			</trkpt>
			<trkpt lat="37.78227" lon="-3.02647">
				<ele>1025.5</ele>
				<time>2026-09-10T12:14:25.797Z</time>
			</trkpt>
			<trkpt lat="37.78241" lon="-3.02641">
				<ele>1028.69</ele>
				<time>2026-09-10T12:14:26.642Z</time>
			</trkpt>
			<trkpt lat="37.78249" lon="-3.02633">
				<ele>1030.87</ele>
				<time>2026-09-10T12:14:27.225Z</time>
			</trkpt>
			<trkpt lat="37.78255" lon="-3.02624">
				<ele>1033.71</ele>
				<time>2026-09-10T12:14:27.758Z</time>
			</trkpt>
			<trkpt lat="37.78259" lon="-3.02612">
				<ele>1036.01</ele>
				<time>2026-09-10T12:14:28.346Z</time>
			</trkpt>
			<trkpt lat="37.78259" lon="-3.02593">
				<ele>1037.43</ele>
				<time>2026-09-10T12:14:29.205Z</time>
			</trkpt>
			<trkpt lat="37.78228" lon="-3.02511">
				<ele>1037.21</ele>
				<time>2026-09-10T12:14:33.309Z</time>
			</trkpt>
			<trkpt lat="37.78221" lon="-3.02469">
				<ele>1041.11</ele>
				<time>2026-09-10T12:14:35.247Z</time>
			</trkpt>
			<trkpt lat="37.78207" lon="-3.02429">
				<ele>1040.11</ele>
				<time>2026-09-10T12:14:37.220Z</time>
			</trkpt>
			<trkpt lat="37.78206" lon="-3.02423">
				<ele>1040.45</ele>
				<time>2026-09-10T12:14:37.497Z</time>
			</trkpt>
			<trkpt lat="37.78209" lon="-3.02414">
				<ele>1042.42</ele>
				<time>2026-09-10T12:14:37.938Z</time>
			</trkpt>
			<trkpt lat="37.78213" lon="-3.02409">
				<ele>1045.01</ele>
				<time>2026-09-10T12:14:38.259Z</time>
			</trkpt>
			<trkpt lat="37.7822" lon="-3.02406">
				<ele>1048.34</ele>
				<time>2026-09-10T12:14:38.680Z</time>
			</trkpt>
			<trkpt lat="37.78227" lon="-3.02406">
				<ele>1051.12</ele>
				<time>2026-09-10T12:14:39.080Z</time>
			</trkpt>
			<trkpt lat="37.78233" lon="-3.02411">
				<ele>1053.06</ele>
				<time>2026-09-10T12:14:39.490Z</time>
			</trkpt>
			<trkpt lat="37.78237" lon="-3.02418">
				<ele>1053.96</ele>
				<time>2026-09-10T12:14:39.879Z</time>
			</trkpt>
			<trkpt lat="37.78239" lon="-3.02427">
				<ele>1053.69</ele>
				<time>2026-09-10T12:14:40.301Z</time>
			</trkpt>
			<trkpt lat="37.78241" lon="-3.02455">
				<ele>1050.5</ele>
				<time>2026-09-10T12:14:41.568Z</time>
			</trkpt>
			<trkpt lat="37.78249" lon="-3.02481">
				<ele>1049.57</ele>
				<time>2026-09-10T12:14:42.825Z</time>
			</trkpt>
			<trkpt lat="37.78306" lon="-3.02612">
				<ele>1058.47</ele>
				<time>2026-09-10T12:14:49.560Z</time>
			</trkpt>
			<trkpt lat="37.78313" lon="-3.02636">
				<ele>1059.44</ele>
				<time>2026-09-10T12:14:50.711Z</time>
			</trkpt>
			<trkpt lat="37.7832" lon="-3.02714">
				<ele>1061.86</ele>
				<time>2026-09-10T12:14:54.243Z</time>
			</trkpt>
			<trkpt lat="37.78323" lon="-3.02734">
				<ele>1063.43</ele>
				<time>2026-09-10T12:14:55.158Z</time>
			</trkpt>
			<trkpt lat="37.78332" lon="-3.02773">
				<ele>1065.18</ele>
				<time>2026-09-10T12:14:56.985Z</time>
			</trkpt>
			<trkpt lat="37.78342" lon="-3.028">
				<ele>1064.65</ele>
				<time>2026-09-10T12:14:58.325Z</time>
			</trkpt>
			<trkpt lat="37.78371" lon="-3.02863">
				<ele>1069.81</ele>
				<time>2026-09-10T12:15:01.601Z</time>
			</trkpt>
			<trkpt lat="37.78371" lon="-3.02879">
				<ele>1071.33</ele>
				<time>2026-09-10T12:15:02.319Z</time>
			</trkpt>
			<trkpt lat="37.78364" lon="-3.02896">
				<ele>1071.39</ele>
				<time>2026-09-10T12:15:03.180Z</time>
			</trkpt>
			<trkpt lat="37.78347" lon="-3.02925">
				<ele>1068.77</ele>
				<time>2026-09-10T12:15:04.801Z</time>
			</trkpt>
			<trkpt lat="37.78346" lon="-3.0294">
				<ele>1068.44</ele>
				<time>2026-09-10T12:15:05.477Z</time>
			</trkpt>
			<trkpt lat="37.78348" lon="-3.02949">
				<ele>1068.99</ele>
				<time>2026-09-10T12:15:05.897Z</time>
			</trkpt>
			<trkpt lat="37.78377" lon="-3.02992">
				<ele>1071.32</ele>
				<time>2026-09-10T12:15:08.434Z</time>
			</trkpt>
			<trkpt lat="37.78385" lon="-3.03001">
				<ele>1070.85</ele>
				<time>2026-09-10T12:15:09.041Z</time>
			</trkpt>
			<trkpt lat="37.78391" lon="-3.03006">
				<ele>1070.86</ele>
				<time>2026-09-10T12:15:09.449Z</time>
			</trkpt>
			<trkpt lat="37.78415" lon="-3.03015">
				<ele>1073.68</ele>
				<time>2026-09-10T12:15:10.870Z</time>
			</trkpt>
			<trkpt lat="37.78428" lon="-3.03016">
				<ele>1074.9</ele>
				<time>2026-09-10T12:15:11.609Z</time>
			</trkpt>
			<trkpt lat="37.78483" lon="-3.03007">
				<ele>1081.23</ele>
				<time>2026-09-10T12:15:14.756Z</time>
			</trkpt>
			<trkpt lat="37.78516" lon="-3.02995">
				<ele>1083.54</ele>
				<time>2026-09-10T12:15:16.703Z</time>
			</trkpt>
			<trkpt lat="37.78527" lon="-3.02997">
				<ele>1082.32</ele>
				<time>2026-09-10T12:15:17.333Z</time>
			</trkpt>
			<trkpt lat="37.7854" lon="-3.03005">
				<ele>1080.43</ele>
				<time>2026-09-10T12:15:18.153Z</time>
			</trkpt>
			<trkpt lat="37.7855" lon="-3.03006">
				<ele>1080.57</ele>
				<time>2026-09-10T12:15:18.721Z</time>
			</trkpt>
			<trkpt lat="37.78558" lon="-3.03004">
				<ele>1082.07</ele>
				<time>2026-09-10T12:15:19.184Z</time>
			</trkpt>
			<trkpt lat="37.78573" lon="-3.02993">
				<ele>1087.95</ele>
				<time>2026-09-10T12:15:20.166Z</time>
			</trkpt>
			<trkpt lat="37.78582" lon="-3.02989">
				<ele>1090.81</ele>
				<time>2026-09-10T12:15:20.707Z</time>
			</trkpt>
			<trkpt lat="37.78661" lon="-3.02981">
				<ele>1096.54</ele>
				<time>2026-09-10T12:15:25.197Z</time>
			</trkpt>
			<trkpt lat="37.7867" lon="-3.02982">
				<ele>1097.14</ele>
				<time>2026-09-10T12:15:25.709Z</time>
			</trkpt>
			<trkpt lat="37.78679" lon="-3.0299">
				<ele>1095.81</ele>
				<time>2026-09-10T12:15:26.332Z</time>
			</trkpt>
			<trkpt lat="37.78691" lon="-3.03013">
				<ele>1091.79</ele>
				<time>2026-09-10T12:15:27.565Z</time>
			</trkpt>
			<trkpt lat="37.78698" lon="-3.03018">
				<ele>1092.13</ele>
				<time>2026-09-10T12:15:28.020Z</time>
			</trkpt>
			<trkpt lat="37.78706" lon="-3.0302">
				<ele>1093.64</ele>
				<time>2026-09-10T12:15:28.482Z</time>
			</trkpt>
			<trkpt lat="37.78722" lon="-3.03018">
				<ele>1097.69</ele>
				<time>2026-09-10T12:15:29.392Z</time>
			</trkpt>
			<trkpt lat="37.7875" lon="-3.03008">
				<ele>1101.38</ele>
				<time>2026-09-10T12:15:31.039Z</time>
			</trkpt>
			<trkpt lat="37.78768" lon="-3.02997">
				<ele>1104.46</ele>
				<time>2026-09-10T12:15:32.170Z</time>
			</trkpt>
			<trkpt lat="37.78777" lon="-3.02995">
				<ele>1105.12</ele>
				<time>2026-09-10T12:15:32.687Z</time>
			</trkpt>
			<trkpt lat="37.78786" lon="-3.02995">
				<ele>1106.1</ele>
				<time>2026-09-10T12:15:33.196Z</time>
			</trkpt>
			<trkpt lat="37.78794" lon="-3.02997">
				<ele>1106.49</ele>
				<time>2026-09-10T12:15:33.657Z</time>
			</trkpt>
			<trkpt lat="37.78802" lon="-3.02996">
				<ele>1107.6</ele>
				<time>2026-09-10T12:15:34.112Z</time>
			</trkpt>
			<trkpt lat="37.78849" lon="-3.02966">
				<ele>1113.75</ele>
				<time>2026-09-10T12:15:37.090Z</time>
			</trkpt>
			<trkpt lat="37.78867" lon="-3.02956">
				<ele>1116.22</ele>
				<time>2026-09-10T12:15:38.202Z</time>
			</trkpt>
			<trkpt lat="37.78878" lon="-3.02953">
				<ele>1117.97</ele>
				<time>2026-09-10T12:15:38.838Z</time>
			</trkpt>
			<trkpt lat="37.78887" lon="-3.02956">
				<ele>1118.23</ele>
				<time>2026-09-10T12:15:39.364Z</time>
			</trkpt>
			<trkpt lat="37.78892" lon="-3.02961">
				<ele>1118.25</ele>
				<time>2026-09-10T12:15:39.724Z</time>
			</trkpt>
			<trkpt lat="37.78895" lon="-3.02968">
				<ele>1118.11</ele>
				<time>2026-09-10T12:15:40.080Z</time>
			</trkpt>
			<trkpt lat="37.78897" lon="-3.02977">
				<ele>1117.97</ele>
				<time>2026-09-10T12:15:40.498Z</time>
			</trkpt>
			<trkpt lat="37.78895" lon="-3.02985">
				<ele>1118.01</ele>
				<time>2026-09-10T12:15:40.873Z</time>
			</trkpt>
			<trkpt lat="37.7889" lon="-3.02994">
				<ele>1117.24</ele>
				<time>2026-09-10T12:15:41.364Z</time>
			</trkpt>
			<trkpt lat="37.78856" lon="-3.0303">
				<ele>1114.82</ele>
				<time>2026-09-10T12:15:43.870Z</time>
			</trkpt>
			<trkpt lat="37.78845" lon="-3.03044">
				<ele>1116.88</ele>
				<time>2026-09-10T12:15:44.751Z</time>
			</trkpt>
			<trkpt lat="37.7881" lon="-3.03111">
				<ele>1119.3</ele>
				<time>2026-09-10T12:15:48.337Z</time>
			</trkpt>
			<trkpt lat="37.78801" lon="-3.03125">
				<ele>1119.74</ele>
				<time>2026-09-10T12:15:49.142Z</time>
			</trkpt>
			<trkpt lat="37.7879" lon="-3.03136">
				<ele>1120.96</ele>
				<time>2026-09-10T12:15:49.934Z</time>
			</trkpt>
			<trkpt lat="37.7876" lon="-3.03162">
				<ele>1124.53</ele>
				<time>2026-09-10T12:15:51.987Z</time>
			</trkpt>
			<trkpt lat="37.78754" lon="-3.03169">
				<ele>1124.89</ele>
				<time>2026-09-10T12:15:52.448Z</time>
			</trkpt>
			<trkpt lat="37.78749" lon="-3.03178">
				<ele>1125.41</ele>
				<time>2026-09-10T12:15:52.939Z</time>
			</trkpt>
			<trkpt lat="37.78736" lon="-3.03239">
				<ele>1127.4</ele>
				<time>2026-09-10T12:15:55.757Z</time>
			</trkpt>
			<trkpt lat="37.78736" lon="-3.03249">
				<ele>1127.95</ele>
				<time>2026-09-10T12:15:56.203Z</time>
			</trkpt>
			<trkpt lat="37.78744" lon="-3.03281">
				<ele>1131.87</ele>
				<time>2026-09-10T12:15:57.700Z</time>
			</trkpt>
			<trkpt lat="37.78745" lon="-3.03291">
				<ele>1133.97</ele>
				<time>2026-09-10T12:15:58.149Z</time>
			</trkpt>
			<trkpt lat="37.78744" lon="-3.033">
				<ele>1135.4</ele>
				<time>2026-09-10T12:15:58.555Z</time>
			</trkpt>
			<trkpt lat="37.78741" lon="-3.03308">
				<ele>1136.01</ele>
				<time>2026-09-10T12:15:58.950Z</time>
			</trkpt>
			<trkpt lat="37.78736" lon="-3.03313">
				<ele>1135.65</ele>
				<time>2026-09-10T12:15:59.309Z</time>
			</trkpt>
			<trkpt lat="37.78714" lon="-3.03319">
				<ele>1131.48</ele>
				<time>2026-09-10T12:16:00.579Z</time>
			</trkpt>
			<trkpt lat="37.78707" lon="-3.03325">
				<ele>1131.79</ele>
				<time>2026-09-10T12:16:01.056Z</time>
			</trkpt>
			<trkpt lat="37.78701" lon="-3.03334">
				<ele>1133.01</ele>
				<time>2026-09-10T12:16:01.581Z</time>
			</trkpt>
			<trkpt lat="37.78696" lon="-3.03347">
				<ele>1134.79</ele>
				<time>2026-09-10T12:16:02.225Z</time>
			</trkpt>
			<trkpt lat="37.78679" lon="-3.03423">
				<ele>1137.72</ele>
				<time>2026-09-10T12:16:05.745Z</time>
			</trkpt>
			<trkpt lat="37.78677" lon="-3.03443">
				<ele>1137.68</ele>
				<time>2026-09-10T12:16:06.644Z</time>
			</trkpt>
			<trkpt lat="37.78696" lon="-3.03502">
				<ele>1146.91</ele>
				<time>2026-09-10T12:16:09.482Z</time>
			</trkpt>
			<trkpt lat="37.78698" lon="-3.03511">
				<ele>1148.98</ele>
				<time>2026-09-10T12:16:09.898Z</time>
			</trkpt>
			<trkpt lat="37.78697" lon="-3.03519">
				<ele>1150.09</ele>
				<time>2026-09-10T12:16:10.259Z</time>
			</trkpt>
			<trkpt lat="37.78694" lon="-3.03526">
				<ele>1150.65</ele>
				<time>2026-09-10T12:16:10.614Z</time>
			</trkpt>
			<trkpt lat="37.78674" lon="-3.03545">
				<ele>1148.36</ele>
				<time>2026-09-10T12:16:12.023Z</time>
			</trkpt>
			<trkpt lat="37.78665" lon="-3.03584">
				<ele>1154.65</ele>
				<time>2026-09-10T12:16:13.833Z</time>
			</trkpt>
			<trkpt lat="37.78659" lon="-3.03601">
				<ele>1157.65</ele>
				<time>2026-09-10T12:16:14.662Z</time>
			</trkpt>
			<trkpt lat="37.78638" lon="-3.03644">
				<ele>1159.09</ele>
				<time>2026-09-10T12:16:16.913Z</time>
			</trkpt>
			<trkpt lat="37.78633" lon="-3.03658">
				<ele>1158.65</ele>
				<time>2026-09-10T12:16:17.597Z</time>
			</trkpt>
			<trkpt lat="37.78632" lon="-3.03691">
				<ele>1158.74</ele>
				<time>2026-09-10T12:16:19.067Z</time>
			</trkpt>
			<trkpt lat="37.78636" lon="-3.03833">
				<ele>1165</ele>
				<time>2026-09-10T12:16:25.390Z</time>
			</trkpt>
			<trkpt lat="37.78639" lon="-3.03857">
				<ele>1165</ele>
				<time>2026-09-10T12:16:26.472Z</time>
			</trkpt>
			<trkpt lat="37.78645" lon="-3.03902">
				<ele>1163.03</ele>
				<time>2026-09-10T12:16:28.502Z</time>
			</trkpt>
			<trkpt lat="37.78661" lon="-3.03989">
				<ele>1157.26</ele>
				<time>2026-09-10T12:16:32.475Z</time>
			</trkpt>
			<trkpt lat="37.7867" lon="-3.04014">
				<ele>1157.26</ele>
				<time>2026-09-10T12:16:33.697Z</time>
			</trkpt>
			<trkpt lat="37.78698" lon="-3.04059">
				<ele>1153.93</ele>
				<time>2026-09-10T12:16:36.244Z</time>
			</trkpt>
			<trkpt lat="37.78711" lon="-3.0407">
				<ele>1150.93</ele>
				<time>2026-09-10T12:16:37.124Z</time>
			</trkpt>
			<trkpt lat="37.78746" lon="-3.0408">
				<ele>1146.23</ele>
				<time>2026-09-10T12:16:39.143Z</time>
			</trkpt>
			<trkpt lat="37.78764" lon="-3.04092">
				<ele>1145.36</ele>
				<time>2026-09-10T12:16:40.287Z</time>
			</trkpt>
			<trkpt lat="37.78819" lon="-3.04139">
				<ele>1152.47</ele>
				<time>2026-09-10T12:16:44.020Z</time>
			</trkpt>
			<trkpt lat="37.78825" lon="-3.04141">
				<ele>1152.11</ele>
				<time>2026-09-10T12:16:44.369Z</time>
			</trkpt>
			<trkpt lat="37.78841" lon="-3.04137">
				<ele>1149.08</ele>
				<time>2026-09-10T12:16:45.287Z</time>
			</trkpt>
			<trkpt lat="37.78866" lon="-3.04123">
				<ele>1144.13</ele>
				<time>2026-09-10T12:16:46.824Z</time>
			</trkpt>
			<trkpt lat="37.78897" lon="-3.04097">
				<ele>1136.78</ele>
				<time>2026-09-10T12:16:48.916Z</time>
			</trkpt>
			<trkpt lat="37.78904" lon="-3.04095">
				<ele>1135.1</ele>
				<time>2026-09-10T12:16:49.319Z</time>
			</trkpt>
			<trkpt lat="37.78911" lon="-3.04097">
				<ele>1134.35</ele>
				<time>2026-09-10T12:16:49.723Z</time>
			</trkpt>
			<trkpt lat="37.78918" lon="-3.04103">
				<ele>1133.04</ele>
				<time>2026-09-10T12:16:50.198Z</time>
			</trkpt>
			<trkpt lat="37.78925" lon="-3.04114">
				<ele>1130.79</ele>
				<time>2026-09-10T12:16:50.826Z</time>
			</trkpt>
			<trkpt lat="37.78927" lon="-3.04125">
				<ele>1131.46</ele>
				<time>2026-09-10T12:16:51.327Z</time>
			</trkpt>
			<trkpt lat="37.78926" lon="-3.04153">
				<ele>1134.28</ele>
				<time>2026-09-10T12:16:52.573Z</time>
			</trkpt>
			<trkpt lat="37.7893" lon="-3.04178">
				<ele>1132.62</ele>
				<time>2026-09-10T12:16:53.706Z</time>
			</trkpt>
			<trkpt lat="37.78936" lon="-3.04201">
				<ele>1133.33</ele>
				<time>2026-09-10T12:16:54.782Z</time>
			</trkpt>
			<trkpt lat="37.78949" lon="-3.04221">
				<ele>1129.72</ele>
				<time>2026-09-10T12:16:55.933Z</time>
			</trkpt>
			<trkpt lat="37.78955" lon="-3.04234">
				<ele>1127.97</ele>
				<time>2026-09-10T12:16:56.602Z</time>
			</trkpt>
			<trkpt lat="37.78962" lon="-3.04254">
				<ele>1126.61</ele>
				<time>2026-09-10T12:16:57.574Z</time>
			</trkpt>
			<trkpt lat="37.78966" lon="-3.04276">
				<ele>1127.62</ele>
				<time>2026-09-10T12:16:58.577Z</time>
			</trkpt>
			<trkpt lat="37.78974" lon="-3.04298">
				<ele>1129.35</ele>
				<time>2026-09-10T12:16:59.653Z</time>
			</trkpt>
			<trkpt lat="37.78991" lon="-3.04318">
				<ele>1127.11</ele>
				<time>2026-09-10T12:17:00.958Z</time>
			</trkpt>
			<trkpt lat="37.79033" lon="-3.04343">
				<ele>1116.91</ele>
				<time>2026-09-10T12:17:03.567Z</time>
			</trkpt>
			<trkpt lat="37.79042" lon="-3.04351">
				<ele>1115.73</ele>
				<time>2026-09-10T12:17:04.185Z</time>
			</trkpt>
			<trkpt lat="37.79046" lon="-3.0436">
				<ele>1117.53</ele>
				<time>2026-09-10T12:17:04.644Z</time>
			</trkpt>
			<trkpt lat="37.79048" lon="-3.04376">
				<ele>1120.06</ele>
				<time>2026-09-10T12:17:05.363Z</time>
			</trkpt>
			<trkpt lat="37.7905" lon="-3.04419">
				<ele>1121.19</ele>
				<time>2026-09-10T12:17:07.277Z</time>
			</trkpt>
			<trkpt lat="37.79048" lon="-3.04431">
				<ele>1119.65</ele>
				<time>2026-09-10T12:17:07.821Z</time>
			</trkpt>
			<trkpt lat="37.79043" lon="-3.04443">
				<ele>1119.61</ele>
				<time>2026-09-10T12:17:08.424Z</time>
			</trkpt>
			<trkpt lat="37.79041" lon="-3.04453">
				<ele>1119.53</ele>
				<time>2026-09-10T12:17:08.882Z</time>
			</trkpt>
			<trkpt lat="37.79041" lon="-3.04461">
				<ele>1118.85</ele>
				<time>2026-09-10T12:17:09.237Z</time>
			</trkpt>
			<trkpt lat="37.79045" lon="-3.04471">
				<ele>1117.12</ele>
				<time>2026-09-10T12:17:09.735Z</time>
			</trkpt>
			<trkpt lat="37.79054" lon="-3.04485">
				<ele>1113.54</ele>
				<time>2026-09-10T12:17:10.537Z</time>
			</trkpt>
			<trkpt lat="37.79075" lon="-3.04511">
				<ele>1109.92</ele>
				<time>2026-09-10T12:17:12.188Z</time>
			</trkpt>
			<trkpt lat="37.79112" lon="-3.04546">
				<ele>1114.52</ele>
				<time>2026-09-10T12:17:14.785Z</time>
			</trkpt>
			<trkpt lat="37.7912" lon="-3.0455">
				<ele>1115.37</ele>
				<time>2026-09-10T12:17:15.268Z</time>
			</trkpt>
			<trkpt lat="37.79131" lon="-3.0455">
				<ele>1115.46</ele>
				<time>2026-09-10T12:17:15.886Z</time>
			</trkpt>
			<trkpt lat="37.79169" lon="-3.04539">
				<ele>1107.19</ele>
				<time>2026-09-10T12:17:18.077Z</time>
			</trkpt>
			<trkpt lat="37.79183" lon="-3.04539">
				<ele>1103.69</ele>
				<time>2026-09-10T12:17:18.864Z</time>
			</trkpt>
			<trkpt lat="37.79199" lon="-3.04542">
				<ele>1100.89</ele>
				<time>2026-09-10T12:17:19.773Z</time>
			</trkpt>
			<trkpt lat="37.79207" lon="-3.04546">
				<ele>1100.33</ele>
				<time>2026-09-10T12:17:20.257Z</time>
			</trkpt>
			<trkpt lat="37.79223" lon="-3.04563">
				<ele>1102.22</ele>
				<time>2026-09-10T12:17:21.431Z</time>
			</trkpt>
			<trkpt lat="37.7923" lon="-3.0458">
				<ele>1104.77</ele>
				<time>2026-09-10T12:17:22.282Z</time>
			</trkpt>
			<trkpt lat="37.79245" lon="-3.04647">
				<ele>1104.77</ele>
				<time>2026-09-10T12:17:25.375Z</time>
			</trkpt>
			<trkpt lat="37.79257" lon="-3.04692">
				<ele>1103.43</ele>
				<time>2026-09-10T12:17:27.485Z</time>
			</trkpt>
			<trkpt lat="37.79262" lon="-3.04704">
				<ele>1101.01</ele>
				<time>2026-09-10T12:17:28.087Z</time>
			</trkpt>
			<trkpt lat="37.79277" lon="-3.0473">
				<ele>1093.73</ele>
				<time>2026-09-10T12:17:29.517Z</time>
			</trkpt>
			<trkpt lat="37.79284" lon="-3.04757">
				<ele>1089.18</ele>
				<time>2026-09-10T12:17:30.779Z</time>
			</trkpt>
			<trkpt lat="37.79288" lon="-3.04793">
				<ele>1090.62</ele>
				<time>2026-09-10T12:17:32.394Z</time>
			</trkpt>
			<trkpt lat="37.79286" lon="-3.04832">
				<ele>1096.31</ele>
				<time>2026-09-10T12:17:34.130Z</time>
			</trkpt>
			<trkpt lat="37.79287" lon="-3.04846">
				<ele>1096.71</ele>
				<time>2026-09-10T12:17:34.754Z</time>
			</trkpt>
			<trkpt lat="37.79293" lon="-3.04859">
				<ele>1095.75</ele>
				<time>2026-09-10T12:17:35.423Z</time>
			</trkpt>
			<trkpt lat="37.79305" lon="-3.04876">
				<ele>1096.23</ele>
				<time>2026-09-10T12:17:36.436Z</time>
			</trkpt>
			<trkpt lat="37.79329" lon="-3.04899">
				<ele>1094.58</ele>
				<time>2026-09-10T12:17:38.128Z</time>
			</trkpt>
			<trkpt lat="37.79352" lon="-3.04927">
				<ele>1091.31</ele>
				<time>2026-09-10T12:17:39.922Z</time>
			</trkpt>
			<trkpt lat="37.79398" lon="-3.04969">
				<ele>1087.18</ele>
				<time>2026-09-10T12:17:43.111Z</time>
			</trkpt>
			<trkpt lat="37.79406" lon="-3.04978">
				<ele>1086.95</ele>
				<time>2026-09-10T12:17:43.713Z</time>
			</trkpt>
			<trkpt lat="37.79413" lon="-3.04989">
				<ele>1085.88</ele>
				<time>2026-09-10T12:17:44.340Z</time>
			</trkpt>
			<trkpt lat="37.79434" lon="-3.05032">
				<ele>1085.63</ele>
				<time>2026-09-10T12:17:46.586Z</time>
			</trkpt>
			<trkpt lat="37.79456" lon="-3.0506">
				<ele>1080.16</ele>
				<time>2026-09-10T12:17:48.341Z</time>
			</trkpt>
			<trkpt lat="37.79471" lon="-3.05101">
				<ele>1081.38</ele>
				<time>2026-09-10T12:17:50.348Z</time>
			</trkpt>
			<trkpt lat="37.79478" lon="-3.05113">
				<ele>1083.16</ele>
				<time>2026-09-10T12:17:51.011Z</time>
			</trkpt>
			<trkpt lat="37.79487" lon="-3.05119">
				<ele>1083.61</ele>
				<time>2026-09-10T12:17:51.583Z</time>
			</trkpt>
			<trkpt lat="37.79495" lon="-3.05121">
				<ele>1083.19</ele>
				<time>2026-09-10T12:17:52.042Z</time>
			</trkpt>
			<trkpt lat="37.79533" lon="-3.05124">
				<ele>1076.52</ele>
				<time>2026-09-10T12:17:54.183Z</time>
			</trkpt>
			<trkpt lat="37.79546" lon="-3.05128">
				<ele>1074.32</ele>
				<time>2026-09-10T12:17:54.936Z</time>
			</trkpt>
			<trkpt lat="37.79571" lon="-3.05144">
				<ele>1072.62</ele>
				<time>2026-09-10T12:17:56.512Z</time>
			</trkpt>
			<trkpt lat="37.79617" lon="-3.05188">
				<ele>1071.45</ele>
				<time>2026-09-10T12:17:59.755Z</time>
			</trkpt>
			<trkpt lat="37.79634" lon="-3.05211">
				<ele>1070.54</ele>
				<time>2026-09-10T12:18:01.155Z</time>
			</trkpt>
			<trkpt lat="37.79653" lon="-3.05242">
				<ele>1072.52</ele>
				<time>2026-09-10T12:18:02.900Z</time>
			</trkpt>
			<trkpt lat="37.79668" lon="-3.05257">
				<ele>1070.48</ele>
				<time>2026-09-10T12:18:03.975Z</time>
			</trkpt>
			<trkpt lat="37.79691" lon="-3.05286">
				<ele>1069.65</ele>
				<time>2026-09-10T12:18:05.802Z</time>
			</trkpt>
			<trkpt lat="37.79714" lon="-3.05309">
				<ele>1070.41</ele>
				<time>2026-09-10T12:18:07.452Z</time>
			</trkpt>
			<trkpt lat="37.79734" lon="-3.05335">
				<ele>1066.29</ele>
				<time>2026-09-10T12:18:09.066Z</time>
			</trkpt>
			<trkpt lat="37.79753" lon="-3.05351">
				<ele>1057.4</ele>
				<time>2026-09-10T12:18:10.350Z</time>
			</trkpt>
			<trkpt lat="37.79767" lon="-3.0537">
				<ele>1053</ele>
				<time>2026-09-10T12:18:11.506Z</time>
			</trkpt>
			<trkpt lat="37.79779" lon="-3.0539">
				<ele>1049.1</ele>
				<time>2026-09-10T12:18:12.623Z</time>
			</trkpt>
			<trkpt lat="37.79804" lon="-3.05462">
				<ele>1046.88</ele>
				<time>2026-09-10T12:18:16.122Z</time>
			</trkpt>
			<trkpt lat="37.79816" lon="-3.05483">
				<ele>1050.42</ele>
				<time>2026-09-10T12:18:17.275Z</time>
			</trkpt>
			<trkpt lat="37.79825" lon="-3.05493">
				<ele>1051.01</ele>
				<time>2026-09-10T12:18:17.949Z</time>
			</trkpt>
			<trkpt lat="37.7983" lon="-3.05496">
				<ele>1050.57</ele>
				<time>2026-09-10T12:18:18.261Z</time>
			</trkpt>
			<trkpt lat="37.79837" lon="-3.05497">
				<ele>1050.99</ele>
				<time>2026-09-10T12:18:18.658Z</time>
			</trkpt>
			<trkpt lat="37.79844" lon="-3.05496">
				<ele>1051.85</ele>
				<time>2026-09-10T12:18:19.055Z</time>
			</trkpt>
			<trkpt lat="37.79848" lon="-3.05492">
				<ele>1051.49</ele>
				<time>2026-09-10T12:18:19.342Z</time>
			</trkpt>
			<trkpt lat="37.79859" lon="-3.05463">
				<ele>1037.88</ele>
				<time>2026-09-10T12:18:20.773Z</time>
			</trkpt>
			<trkpt lat="37.79865" lon="-3.05451">
				<ele>1029.43</ele>
				<time>2026-09-10T12:18:21.405Z</time>
			</trkpt>
			<trkpt lat="37.79874" lon="-3.05446">
				<ele>1027.82</ele>
				<time>2026-09-10T12:18:21.959Z</time>
			</trkpt>
			<trkpt lat="37.79887" lon="-3.05448">
				<ele>1031.83</ele>
				<time>2026-09-10T12:18:22.697Z</time>
			</trkpt>
			<trkpt lat="37.79932" lon="-3.05458">
				<ele>1050.63</ele>
				<time>2026-09-10T12:18:25.271Z</time>
			</trkpt>
			<trkpt lat="37.79953" lon="-3.05457">
				<ele>1050.9</ele>
				<time>2026-09-10T12:18:26.455Z</time>
			</trkpt>
			<trkpt lat="37.79966" lon="-3.05459">
				<ele>1050.97</ele>
				<time>2026-09-10T12:18:27.193Z</time>
			</trkpt>
			<trkpt lat="37.7998" lon="-3.05463">
				<ele>1053.81</ele>
				<time>2026-09-10T12:18:28.002Z</time>
			</trkpt>
			<trkpt lat="37.79995" lon="-3.05464">
				<ele>1053.32</ele>
				<time>2026-09-10T12:18:28.849Z</time>
			</trkpt>
			<trkpt lat="37.8001" lon="-3.05461">
				<ele>1049.91</ele>
				<time>2026-09-10T12:18:29.705Z</time>
			</trkpt>
			<trkpt lat="37.80026" lon="-3.05455">
				<ele>1043.69</ele>
				<time>2026-09-10T12:18:30.645Z</time>
			</trkpt>
			<trkpt lat="37.80037" lon="-3.05448">
				<ele>1038.08</ele>
				<time>2026-09-10T12:18:31.339Z</time>
			</trkpt>
			<trkpt lat="37.80075" lon="-3.05413">
				<ele>1026.78</ele>
				<time>2026-09-10T12:18:33.989Z</time>
			</trkpt>
			<trkpt lat="37.80095" lon="-3.05396">
				<ele>1025.21</ele>
				<time>2026-09-10T12:18:35.348Z</time>
			</trkpt>
			<trkpt lat="37.80119" lon="-3.05383">
				<ele>1023.34</ele>
				<time>2026-09-10T12:18:36.820Z</time>
			</trkpt>
			<trkpt lat="37.80134" lon="-3.0538">
				<ele>1022.48</ele>
				<time>2026-09-10T12:18:37.677Z</time>
			</trkpt>
			<trkpt lat="37.8018" lon="-3.05374">
				<ele>1020.72</ele>
				<time>2026-09-10T12:18:40.286Z</time>
			</trkpt>
			<trkpt lat="37.80199" lon="-3.05377">
				<ele>1021</ele>
				<time>2026-09-10T12:18:41.366Z</time>
			</trkpt>
			<trkpt lat="37.80235" lon="-3.05393">
				<ele>1019.62</ele>
				<time>2026-09-10T12:18:43.519Z</time>
			</trkpt>
			<trkpt lat="37.80252" lon="-3.05403">
				<ele>1016.58</ele>
				<time>2026-09-10T12:18:44.577Z</time>
			</trkpt>
			<trkpt lat="37.80268" lon="-3.05423">
				<ele>1012.22</ele>
				<time>2026-09-10T12:18:45.847Z</time>
			</trkpt>
			<trkpt lat="37.80317" lon="-3.05524">
				<ele>1000.46</ele>
				<time>2026-09-10T12:18:51.134Z</time>
			</trkpt>
			<trkpt lat="37.80335" lon="-3.05578">
				<ele>998.42</ele>
				<time>2026-09-10T12:18:53.750Z</time>
			</trkpt>
			<trkpt lat="37.8036" lon="-3.05625">
				<ele>995.8</ele>
				<time>2026-09-10T12:18:56.280Z</time>
			</trkpt>
			<trkpt lat="37.80371" lon="-3.05636">
				<ele>1002.57</ele>
				<time>2026-09-10T12:18:57.072Z</time>
			</trkpt>
			<trkpt lat="37.80383" lon="-3.05642">
				<ele>1005.4</ele>
				<time>2026-09-10T12:18:57.802Z</time>
			</trkpt>
			<trkpt lat="37.80393" lon="-3.05643">
				<ele>1005.84</ele>
				<time>2026-09-10T12:18:58.369Z</time>
			</trkpt>
			<trkpt lat="37.80406" lon="-3.05641">
				<ele>1003.65</ele>
				<time>2026-09-10T12:18:59.109Z</time>
			</trkpt>
			<trkpt lat="37.80416" lon="-3.05635">
				<ele>999.25</ele>
				<time>2026-09-10T12:18:59.735Z</time>
			</trkpt>
			<trkpt lat="37.80432" lon="-3.0562">
				<ele>991.08</ele>
				<time>2026-09-10T12:19:00.860Z</time>
			</trkpt>
			<trkpt lat="37.8044" lon="-3.05619">
				<ele>990.92</ele>
				<time>2026-09-10T12:19:01.315Z</time>
			</trkpt>
			<trkpt lat="37.80461" lon="-3.05623">
				<ele>994.49</ele>
				<time>2026-09-10T12:19:02.516Z</time>
			</trkpt>
			<trkpt lat="37.80479" lon="-3.05624">
				<ele>997.42</ele>
				<time>2026-09-10T12:19:03.535Z</time>
			</trkpt>
			<trkpt lat="37.80581" lon="-3.05578">
				<ele>996.24</ele>
				<time>2026-09-10T12:19:09.662Z</time>
			</trkpt>
			<trkpt lat="37.80614" lon="-3.05569">
				<ele>997.97</ele>
				<time>2026-09-10T12:19:11.573Z</time>
			</trkpt>
			<trkpt lat="37.80635" lon="-3.05569">
				<ele>999.2</ele>
				<time>2026-09-10T12:19:12.762Z</time>
			</trkpt>
			<trkpt lat="37.80683" lon="-3.05588">
				<ele>999.26</ele>
				<time>2026-09-10T12:19:15.611Z</time>
			</trkpt>
			<trkpt lat="37.80726" lon="-3.05595">
				<ele>995.1</ele>
				<time>2026-09-10T12:19:18.067Z</time>
			</trkpt>
			<trkpt lat="37.80781" lon="-3.05608">
				<ele>992.74</ele>
				<time>2026-09-10T12:19:21.239Z</time>
			</trkpt>
			<trkpt lat="37.80796" lon="-3.05614">
				<ele>991.07</ele>
				<time>2026-09-10T12:19:22.131Z</time>
			</trkpt>
			<trkpt lat="37.80811" lon="-3.05624">
				<ele>989.46</ele>
				<time>2026-09-10T12:19:23.092Z</time>
			</trkpt>
			<trkpt lat="37.8083" lon="-3.05642">
				<ele>988</ele>
				<time>2026-09-10T12:19:24.438Z</time>
			</trkpt>
			<trkpt lat="37.80893" lon="-3.05717">
				<ele>983.57</ele>
				<time>2026-09-10T12:19:29.345Z</time>
			</trkpt>
			<trkpt lat="37.80985" lon="-3.05775">
				<ele>977.05</ele>
				<time>2026-09-10T12:19:35.182Z</time>
			</trkpt>
			<trkpt lat="37.81022" lon="-3.05785">
				<ele>974.72</ele>
				<time>2026-09-10T12:19:37.332Z</time>
			</trkpt>
			<trkpt lat="37.81154" lon="-3.05784">
				<ele>965.29</ele>
				<time>2026-09-10T12:19:44.838Z</time>
			</trkpt>
			<trkpt lat="37.81262" lon="-3.05812">
				<ele>960.13</ele>
				<time>2026-09-10T12:19:51.115Z</time>
			</trkpt>
			<trkpt lat="37.81295" lon="-3.05825">
				<ele>955.37</ele>
				<time>2026-09-10T12:19:53.084Z</time>
			</trkpt>
			<trkpt lat="37.81363" lon="-3.05882">
				<ele>953.22</ele>
				<time>2026-09-10T12:19:57.733Z</time>
			</trkpt>
			<trkpt lat="37.81381" lon="-3.05902">
				<ele>952.64</ele>
				<time>2026-09-10T12:19:59.099Z</time>
			</trkpt>
			<trkpt lat="37.81419" lon="-3.05953">
				<ele>948.49</ele>
				<time>2026-09-10T12:20:02.259Z</time>
			</trkpt>
			<trkpt lat="37.81431" lon="-3.05964">
				<ele>945.35</ele>
				<time>2026-09-10T12:20:03.105Z</time>
			</trkpt>
			<trkpt lat="37.81464" lon="-3.05979">
				<ele>941.9</ele>
				<time>2026-09-10T12:20:05.107Z</time>
			</trkpt>
			<trkpt lat="37.81479" lon="-3.05978">
				<ele>941.59</ele>
				<time>2026-09-10T12:20:05.965Z</time>
			</trkpt>
			<trkpt lat="37.81492" lon="-3.05981">
				<ele>942.28</ele>
				<time>2026-09-10T12:20:06.720Z</time>
			</trkpt>
			<trkpt lat="37.81528" lon="-3.05972">
				<ele>939.87</ele>
				<time>2026-09-10T12:20:08.817Z</time>
			</trkpt>
			<trkpt lat="37.81575" lon="-3.05944">
				<ele>937.28</ele>
				<time>2026-09-10T12:20:11.786Z</time>
			</trkpt>
			<trkpt lat="37.81589" lon="-3.05942">
				<ele>936.44</ele>
				<time>2026-09-10T12:20:12.592Z</time>
			</trkpt>
			<trkpt lat="37.81684" lon="-3.05943">
				<ele>926.52</ele>
				<time>2026-09-10T12:20:18.028Z</time>
			</trkpt>
			<trkpt lat="37.81736" lon="-3.05952">
				<ele>919.47</ele>
				<time>2026-09-10T12:20:21.034Z</time>
			</trkpt>
			<trkpt lat="37.8183" lon="-3.05978">
				<ele>916.09</ele>
				<time>2026-09-10T12:20:26.549Z</time>
			</trkpt>
			<trkpt lat="37.81849" lon="-3.05988">
				<ele>914.67</ele>
				<time>2026-09-10T12:20:27.729Z</time>
			</trkpt>
			<trkpt lat="37.81873" lon="-3.06007">
				<ele>912.6</ele>
				<time>2026-09-10T12:20:29.354Z</time>
			</trkpt>
			<trkpt lat="37.81908" lon="-3.06041">
				<ele>910.6</ele>
				<time>2026-09-10T12:20:31.886Z</time>
			</trkpt>
			<trkpt lat="37.81924" lon="-3.06053">
				<ele>908.8</ele>
				<time>2026-09-10T12:20:32.954Z</time>
			</trkpt>
			<trkpt lat="37.81937" lon="-3.06061">
				<ele>906.96</ele>
				<time>2026-09-10T12:20:33.784Z</time>
			</trkpt>
			<trkpt lat="37.81949" lon="-3.06063">
				<ele>905.45</ele>
				<time>2026-09-10T12:20:34.480Z</time>
			</trkpt>
			<trkpt lat="37.82017" lon="-3.0606">
				<ele>903.85</ele>
				<time>2026-09-10T12:20:38.391Z</time>
			</trkpt>
			<trkpt lat="37.82046" lon="-3.06048">
				<ele>903.45</ele>
				<time>2026-09-10T12:20:40.145Z</time>
			</trkpt>
			<trkpt lat="37.82083" lon="-3.06018">
				<ele>901.51</ele>
				<time>2026-09-10T12:20:42.674Z</time>
			</trkpt>
			<trkpt lat="37.82122" lon="-3.05963">
				<ele>896.9</ele>
				<time>2026-09-10T12:20:46.035Z</time>
			</trkpt>
			<trkpt lat="37.82265" lon="-3.05774">
				<ele>880.95</ele>
				<time>2026-09-10T12:20:57.960Z</time>
			</trkpt>
			<trkpt lat="37.82274" lon="-3.0577">
				<ele>880.61</ele>
				<time>2026-09-10T12:20:58.511Z</time>
			</trkpt>
			<trkpt lat="37.82282" lon="-3.05768">
				<ele>880.09</ele>
				<time>2026-09-10T12:20:58.983Z</time>
			</trkpt>
			<trkpt lat="37.82323" lon="-3.05775">
				<ele>876.17</ele>
				<time>2026-09-10T12:21:01.374Z</time>
			</trkpt>
			<trkpt lat="37.82346" lon="-3.05773">
				<ele>874.09</ele>
				<time>2026-09-10T12:21:02.707Z</time>
			</trkpt>
			<trkpt lat="37.82377" lon="-3.05761">
				<ele>872.76</ele>
				<time>2026-09-10T12:21:04.582Z</time>
			</trkpt>
			<trkpt lat="37.8241" lon="-3.05729">
				<ele>866.25</ele>
				<time>2026-09-10T12:21:06.988Z</time>
			</trkpt>
			<trkpt lat="37.82427" lon="-3.05718">
				<ele>864.24</ele>
				<time>2026-09-10T12:21:08.093Z</time>
			</trkpt>
			<trkpt lat="37.82501" lon="-3.0571">
				<ele>861.62</ele>
				<time>2026-09-10T12:21:12.397Z</time>
			</trkpt>
			<trkpt lat="37.82528" lon="-3.05714">
				<ele>858.89</ele>
				<time>2026-09-10T12:21:13.973Z</time>
			</trkpt>
			<trkpt lat="37.82561" lon="-3.05741">
				<ele>855.52</ele>
				<time>2026-09-10T12:21:16.253Z</time>
			</trkpt>
			<trkpt lat="37.82581" lon="-3.05766">
				<ele>854.58</ele>
				<time>2026-09-10T12:21:17.884Z</time>
			</trkpt>
			<trkpt lat="37.82602" lon="-3.05813">
				<ele>855.34</ele>
				<time>2026-09-10T12:21:20.361Z</time>
			</trkpt>
			<trkpt lat="37.82612" lon="-3.05846">
				<ele>854.33</ele>
				<time>2026-09-10T12:21:21.983Z</time>
			</trkpt>
			<trkpt lat="37.82614" lon="-3.0587">
				<ele>853.28</ele>
				<time>2026-09-10T12:21:23.091Z</time>
			</trkpt>
			<trkpt lat="37.82613" lon="-3.05899">
				<ele>852.44</ele>
				<time>2026-09-10T12:21:24.425Z</time>
			</trkpt>
			<trkpt lat="37.82619" lon="-3.05906">
				<ele>851.83</ele>
				<time>2026-09-10T12:21:24.899Z</time>
			</trkpt>
			<trkpt lat="37.82627" lon="-3.05912">
				<ele>851.38</ele>
				<time>2026-09-10T12:21:25.440Z</time>
			</trkpt>
			<trkpt lat="37.82646" lon="-3.05919">
				<ele>849.79</ele>
				<time>2026-09-10T12:21:26.592Z</time>
			</trkpt>
			<trkpt lat="37.82676" lon="-3.05923">
				<ele>845.41</ele>
				<time>2026-09-10T12:21:28.347Z</time>
			</trkpt>
			<trkpt lat="37.82731" lon="-3.05913">
				<ele>840.29</ele>
				<time>2026-09-10T12:21:31.584Z</time>
			</trkpt>
			<trkpt lat="37.82741" lon="-3.05916">
				<ele>839.54</ele>
				<time>2026-09-10T12:21:32.183Z</time>
			</trkpt>
			<trkpt lat="37.82749" lon="-3.05927">
				<ele>839.02</ele>
				<time>2026-09-10T12:21:32.871Z</time>
			</trkpt>
			<trkpt lat="37.82751" lon="-3.05936">
				<ele>838.74</ele>
				<time>2026-09-10T12:21:33.302Z</time>
			</trkpt>
			<trkpt lat="37.82748" lon="-3.05951">
				<ele>838.26</ele>
				<time>2026-09-10T12:21:34.014Z</time>
			</trkpt>
			<trkpt lat="37.82743" lon="-3.05964">
				<ele>837.2</ele>
				<time>2026-09-10T12:21:34.680Z</time>
			</trkpt>
			<trkpt lat="37.82705" lon="-3.06007">
				<ele>836.33</ele>
				<time>2026-09-10T12:21:37.654Z</time>
			</trkpt>
			<trkpt lat="37.82702" lon="-3.06022">
				<ele>834.46</ele>
				<time>2026-09-10T12:21:38.367Z</time>
			</trkpt>
			<trkpt lat="37.82704" lon="-3.06036">
				<ele>833.05</ele>
				<time>2026-09-10T12:21:39.023Z</time>
			</trkpt>
			<trkpt lat="37.82713" lon="-3.06059">
				<ele>831.01</ele>
				<time>2026-09-10T12:21:40.208Z</time>
			</trkpt>
			<trkpt lat="37.82729" lon="-3.06135">
				<ele>828.4</ele>
				<time>2026-09-10T12:21:43.838Z</time>
			</trkpt>
			<trkpt lat="37.82735" lon="-3.06196">
				<ele>823.08</ele>
				<time>2026-09-10T12:21:46.679Z</time>
			</trkpt>
			<trkpt lat="37.82729" lon="-3.06232">
				<ele>820.9</ele>
				<time>2026-09-10T12:21:48.380Z</time>
			</trkpt>
			<trkpt lat="37.82719" lon="-3.06266">
				<ele>820.01</ele>
				<time>2026-09-10T12:21:50.058Z</time>
			</trkpt>
			<trkpt lat="37.82717" lon="-3.06276">
				<ele>819.84</ele>
				<time>2026-09-10T12:21:50.535Z</time>
			</trkpt>
			<trkpt lat="37.82719" lon="-3.06292">
				<ele>819.85</ele>
				<time>2026-09-10T12:21:51.285Z</time>
			</trkpt>
			<trkpt lat="37.82785" lon="-3.06384">
				<ele>810.27</ele>
				<time>2026-09-10T12:21:57.042Z</time>
			</trkpt>
			<trkpt lat="37.82792" lon="-3.06401">
				<ele>808.72</ele>
				<time>2026-09-10T12:21:57.931Z</time>
			</trkpt>
			<trkpt lat="37.82793" lon="-3.06433">
				<ele>808.12</ele>
				<time>2026-09-10T12:21:59.417Z</time>
			</trkpt>
			<trkpt lat="37.82786" lon="-3.06483">
				<ele>809.07</ele>
				<time>2026-09-10T12:22:01.773Z</time>
			</trkpt>
			<trkpt lat="37.82786" lon="-3.06506">
				<ele>808.9</ele>
				<time>2026-09-10T12:22:02.841Z</time>
			</trkpt>
			<trkpt lat="37.82788" lon="-3.06528">
				<ele>807.86</ele>
				<time>2026-09-10T12:22:03.870Z</time>
			</trkpt>
			<trkpt lat="37.82797" lon="-3.06551">
				<ele>805.48</ele>
				<time>2026-09-10T12:22:05.063Z</time>
			</trkpt>
			<trkpt lat="37.82813" lon="-3.06569">
				<ele>803.39</ele>
				<time>2026-09-10T12:22:06.323Z</time>
			</trkpt>
			<trkpt lat="37.82847" lon="-3.06591">
				<ele>800.2</ele>
				<time>2026-09-10T12:22:08.571Z</time>
			</trkpt>
			<trkpt lat="37.82869" lon="-3.06622">
				<ele>797.31</ele>
				<time>2026-09-10T12:22:10.510Z</time>
			</trkpt>
			<trkpt lat="37.82881" lon="-3.06646">
				<ele>794.64</ele>
				<time>2026-09-10T12:22:11.833Z</time>
			</trkpt>
			<trkpt lat="37.82896" lon="-3.06707">
				<ele>792.06</ele>
				<time>2026-09-10T12:22:14.810Z</time>
			</trkpt>
			<trkpt lat="37.829" lon="-3.06716">
				<ele>791.71</ele>
				<time>2026-09-10T12:22:15.291Z</time>
			</trkpt>
			<trkpt lat="37.82905" lon="-3.06723">
				<ele>790.95</ele>
				<time>2026-09-10T12:22:15.731Z</time>
			</trkpt>
			<trkpt lat="37.82934" lon="-3.06744">
				<ele>792.9</ele>
				<time>2026-09-10T12:22:17.704Z</time>
			</trkpt>
			<trkpt lat="37.82943" lon="-3.0675">
				<ele>793.9</ele>
				<time>2026-09-10T12:22:18.305Z</time>
			</trkpt>
			<trkpt lat="37.82953" lon="-3.06752">
				<ele>793.4</ele>
				<time>2026-09-10T12:22:18.903Z</time>
			</trkpt>
			<trkpt lat="37.83006" lon="-3.06757">
				<ele>786.46</ele>
				<time>2026-09-10T12:22:22.045Z</time>
			</trkpt>
			<trkpt lat="37.83023" lon="-3.06761">
				<ele>785.75</ele>
				<time>2026-09-10T12:22:23.068Z</time>
			</trkpt>
			<trkpt lat="37.83054" lon="-3.06775">
				<ele>786.99</ele>
				<time>2026-09-10T12:22:25.017Z</time>
			</trkpt>
			<trkpt lat="37.83078" lon="-3.0679">
				<ele>787.63</ele>
				<time>2026-09-10T12:22:26.602Z</time>
			</trkpt>
			<trkpt lat="37.83095" lon="-3.06795">
				<ele>787.31</ele>
				<time>2026-09-10T12:22:27.636Z</time>
			</trkpt>
			<trkpt lat="37.83106" lon="-3.06795">
				<ele>786.48</ele>
				<time>2026-09-10T12:22:28.288Z</time>
			</trkpt>
			<trkpt lat="37.83135" lon="-3.06789">
				<ele>783.17</ele>
				<time>2026-09-10T12:22:30.030Z</time>
			</trkpt>
			<trkpt lat="37.83156" lon="-3.06789">
				<ele>780.83</ele>
				<time>2026-09-10T12:22:31.275Z</time>
			</trkpt>
			<trkpt lat="37.83296" lon="-3.06837">
				<ele>767.1</ele>
				<time>2026-09-10T12:22:39.893Z</time>
			</trkpt>
			<trkpt lat="37.83308" lon="-3.06843">
				<ele>766.75</ele>
				<time>2026-09-10T12:22:40.661Z</time>
			</trkpt>
			<trkpt lat="37.83332" lon="-3.06858">
				<ele>764.74</ele>
				<time>2026-09-10T12:22:42.254Z</time>
			</trkpt>
			<trkpt lat="37.83345" lon="-3.06862">
				<ele>762.86</ele>
				<time>2026-09-10T12:22:43.051Z</time>
			</trkpt>
			<trkpt lat="37.83419" lon="-3.06875">
				<ele>758.4</ele>
				<time>2026-09-10T12:22:47.504Z</time>
			</trkpt>
			<trkpt lat="37.83433" lon="-3.06868">
				<ele>757.6</ele>
				<time>2026-09-10T12:22:48.402Z</time>
			</trkpt>
			<trkpt lat="37.83439" lon="-3.06861">
				<ele>756.73</ele>
				<time>2026-09-10T12:22:48.888Z</time>
			</trkpt>
			<trkpt lat="37.83444" lon="-3.06851">
				<ele>755.53</ele>
				<time>2026-09-10T12:22:49.446Z</time>
			</trkpt>
			<trkpt lat="37.83456" lon="-3.06819">
				<ele>751.99</ele>
				<time>2026-09-10T12:22:51.117Z</time>
			</trkpt>
			<trkpt lat="37.83469" lon="-3.068">
				<ele>750.24</ele>
				<time>2026-09-10T12:22:52.303Z</time>
			</trkpt>
			<trkpt lat="37.83477" lon="-3.06795">
				<ele>749.7</ele>
				<time>2026-09-10T12:22:52.836Z</time>
			</trkpt>
			<trkpt lat="37.83516" lon="-3.06785">
				<ele>747.67</ele>
				<time>2026-09-10T12:22:55.215Z</time>
			</trkpt>
			<trkpt lat="37.83591" lon="-3.06752">
				<ele>737.97</ele>
				<time>2026-09-10T12:22:59.967Z</time>
			</trkpt>
			<trkpt lat="37.83638" lon="-3.06748">
				<ele>739.38</ele>
				<time>2026-09-10T12:23:02.791Z</time>
			</trkpt>
			<trkpt lat="37.83662" lon="-3.06751">
				<ele>739.38</ele>
				<time>2026-09-10T12:23:04.237Z</time>
			</trkpt>
			<trkpt lat="37.83741" lon="-3.0678">
				<ele>734.19</ele>
				<time>2026-09-10T12:23:09.176Z</time>
			</trkpt>
			<trkpt lat="37.83796" lon="-3.06804">
				<ele>730.74</ele>
				<time>2026-09-10T12:23:12.675Z</time>
			</trkpt>
			<trkpt lat="37.83813" lon="-3.06819">
				<ele>730.53</ele>
				<time>2026-09-10T12:23:13.922Z</time>
			</trkpt>
			<trkpt lat="37.8383" lon="-3.06843">
				<ele>730.66</ele>
				<time>2026-09-10T12:23:15.455Z</time>
			</trkpt>
			<trkpt lat="37.83846" lon="-3.06856">
				<ele>729.4</ele>
				<time>2026-09-10T12:23:16.600Z</time>
			</trkpt>
			<trkpt lat="37.83854" lon="-3.06858">
				<ele>728.63</ele>
				<time>2026-09-10T12:23:17.092Z</time>
			</trkpt>
			<trkpt lat="37.839" lon="-3.06864">
				<ele>722.75</ele>
				<time>2026-09-10T12:23:19.880Z</time>
			</trkpt>
			<trkpt lat="37.83916" lon="-3.0687">
				<ele>721.98</ele>
				<time>2026-09-10T12:23:20.887Z</time>
			</trkpt>
			<trkpt lat="37.83921" lon="-3.06876">
				<ele>721.84</ele>
				<time>2026-09-10T12:23:21.303Z</time>
			</trkpt>
			<trkpt lat="37.83925" lon="-3.06884">
				<ele>722.29</ele>
				<time>2026-09-10T12:23:21.755Z</time>
			</trkpt>
			<trkpt lat="37.83928" lon="-3.06894">
				<ele>723.22</ele>
				<time>2026-09-10T12:23:22.265Z</time>
			</trkpt>
			<trkpt lat="37.83927" lon="-3.06917">
				<ele>726.21</ele>
				<time>2026-09-10T12:23:23.363Z</time>
			</trkpt>
			<trkpt lat="37.8393" lon="-3.06936">
				<ele>726.89</ele>
				<time>2026-09-10T12:23:24.288Z</time>
			</trkpt>
			<trkpt lat="37.83934" lon="-3.06942">
				<ele>726.53</ele>
				<time>2026-09-10T12:23:24.663Z</time>
			</trkpt>
			<trkpt lat="37.83944" lon="-3.06946">
				<ele>725.16</ele>
				<time>2026-09-10T12:23:25.296Z</time>
			</trkpt>
			<trkpt lat="37.83949" lon="-3.06945">
				<ele>724.89</ele>
				<time>2026-09-10T12:23:25.602Z</time>
			</trkpt>
			<trkpt lat="37.83956" lon="-3.06942">
				<ele>724.05</ele>
				<time>2026-09-10T12:23:26.049Z</time>
			</trkpt>
			<trkpt lat="37.84002" lon="-3.06904">
				<ele>720.47</ele>
				<time>2026-09-10T12:23:29.372Z</time>
			</trkpt>
			<trkpt lat="37.84017" lon="-3.06887">
				<ele>720.5</ele>
				<time>2026-09-10T12:23:30.591Z</time>
			</trkpt>
			<trkpt lat="37.84025" lon="-3.06868">
				<ele>717.24</ele>
				<time>2026-09-10T12:23:31.621Z</time>
			</trkpt>
			<trkpt lat="37.8403" lon="-3.06851">
				<ele>715.41</ele>
				<time>2026-09-10T12:23:32.490Z</time>
			</trkpt>
			<trkpt lat="37.84025" lon="-3.06818">
				<ele>706.44</ele>
				<time>2026-09-10T12:23:34.099Z</time>
			</trkpt>
			<trkpt lat="37.84026" lon="-3.06799">
				<ele>703.06</ele>
				<time>2026-09-10T12:23:35.011Z</time>
			</trkpt>
			<trkpt lat="37.84029" lon="-3.0679">
				<ele>703.03</ele>
				<time>2026-09-10T12:23:35.479Z</time>
			</trkpt>
			<trkpt lat="37.84045" lon="-3.06763">
				<ele>705.07</ele>
				<time>2026-09-10T12:23:37.097Z</time>
			</trkpt>
			<trkpt lat="37.8406" lon="-3.06724">
				<ele>700.15</ele>
				<time>2026-09-10T12:23:39.178Z</time>
			</trkpt>
			<trkpt lat="37.84082" lon="-3.06691">
				<ele>699.17</ele>
				<time>2026-09-10T12:23:41.251Z</time>
			</trkpt>
			<trkpt lat="37.84091" lon="-3.06697">
				<ele>701.46</ele>
				<time>2026-09-10T12:23:41.869Z</time>
			</trkpt>
			<trkpt lat="37.84094" lon="-3.06703">
				<ele>702.67</ele>
				<time>2026-09-10T12:23:42.210Z</time>
			</trkpt>
			<trkpt lat="37.84149" lon="-3.06762">
				<ele>709.55</ele>
				<time>2026-09-10T12:23:46.599Z</time>
			</trkpt>
			<trkpt lat="37.84169" lon="-3.06786">
				<ele>711.03</ele>
				<time>2026-09-10T12:23:48.279Z</time>
			</trkpt>
			<trkpt lat="37.84194" lon="-3.06823">
				<ele>713.49</ele>
				<time>2026-09-10T12:23:50.624Z</time>
			</trkpt>
			<trkpt lat="37.84213" lon="-3.06863">
				<ele>717.08</ele>
				<time>2026-09-10T12:23:52.875Z</time>
			</trkpt>
			<trkpt lat="37.8424" lon="-3.06932">
				<ele>720.45</ele>
				<time>2026-09-10T12:23:56.592Z</time>
			</trkpt>
			<trkpt lat="37.84243" lon="-3.06947">
				<ele>722.04</ele>
				<time>2026-09-10T12:23:57.339Z</time>
			</trkpt>
			<trkpt lat="37.84241" lon="-3.06975">
				<ele>725.38</ele>
				<time>2026-09-10T12:23:58.698Z</time>
			</trkpt>
			<trkpt lat="37.84234" lon="-3.07033">
				<ele>726.91</ele>
				<time>2026-09-10T12:24:01.483Z</time>
			</trkpt>
			<trkpt lat="37.84235" lon="-3.07048">
				<ele>726.66</ele>
				<time>2026-09-10T12:24:02.190Z</time>
			</trkpt>
			<trkpt lat="37.84239" lon="-3.07072">
				<ele>726.72</ele>
				<time>2026-09-10T12:24:03.352Z</time>
			</trkpt>
			<trkpt lat="37.84246" lon="-3.0709">
				<ele>726.85</ele>
				<time>2026-09-10T12:24:04.321Z</time>
			</trkpt>
			<trkpt lat="37.84263" lon="-3.07116">
				<ele>725.31</ele>
				<time>2026-09-10T12:24:06.013Z</time>
			</trkpt>
			<trkpt lat="37.84288" lon="-3.07146">
				<ele>725.99</ele>
				<time>2026-09-10T12:24:08.372Z</time>
			</trkpt>
			<trkpt lat="37.84295" lon="-3.07157">
				<ele>726.4</ele>
				<time>2026-09-10T12:24:09.190Z</time>
			</trkpt>
			<trkpt lat="37.843" lon="-3.07169">
				<ele>727.06</ele>
				<time>2026-09-10T12:24:10.004Z</time>
			</trkpt>
			<trkpt lat="37.84322" lon="-3.07253">
				<ele>733.67</ele>
				<time>2026-09-10T12:24:15.913Z</time>
			</trkpt>
			<trkpt lat="37.8433" lon="-3.07293">
				<ele>737.61</ele>
				<time>2026-09-10T12:24:18.983Z</time>
			</trkpt>
			<trkpt lat="37.84332" lon="-3.07319">
				<ele>739.03</ele>
				<time>2026-09-10T12:24:21.016Z</time>
			</trkpt>
			<trkpt lat="37.84332" lon="-3.07424">
				<ele>742.46</ele>
				<time>2026-09-10T12:24:29.758Z</time>
			</trkpt>
			<trkpt lat="37.84328" lon="-3.0745">
				<ele>744.01</ele>
				<time>2026-09-10T12:24:32.079Z</time>
			</trkpt>
			<trkpt lat="37.84321" lon="-3.07476">
				<ele>745.44</ele>
				<time>2026-09-10T12:24:34.522Z</time>
			</trkpt>
			<trkpt lat="37.84308" lon="-3.07496">
				<ele>745.21</ele>
				<time>2026-09-10T12:24:36.855Z</time>
			</trkpt>
			<trkpt lat="37.8431" lon="-3.07503">
				<ele>745.15</ele>
				<time>2026-09-10T12:24:37.530Z</time>
			</trkpt>
			<trkpt lat="37.84309" lon="-3.0751">
				<ele>745.08</ele>
				<time>2026-09-10T12:24:38.176Z</time>
			</trkpt>
			<trkpt lat="37.84326" lon="-3.07514">
				<ele>745.4</ele>
				<time>2026-09-10T12:24:40.174Z</time>
			</trkpt>
			<trkpt lat="37.84331" lon="-3.07517">
				<ele>745.38</ele>
				<time>2026-09-10T12:24:40.815Z</time>
			</trkpt>
			<trkpt lat="37.84334" lon="-3.07523">
				<ele>745.08</ele>
				<time>2026-09-10T12:24:41.466Z</time>
			</trkpt>
			<trkpt lat="37.84336" lon="-3.07532">
				<ele>744.29</ele>
				<time>2026-09-10T12:24:42.325Z</time>
			</trkpt>
			<trkpt lat="37.84335" lon="-3.07541">
				<ele>743.42</ele>
				<time>2026-09-10T12:24:43.161Z</time>
			</trkpt>
			<trkpt lat="37.84332" lon="-3.07549">
				<ele>742.79</ele>
				<time>2026-09-10T12:24:43.976Z</time>
			</trkpt>
			<trkpt lat="37.84319" lon="-3.07576">
				<ele>741.92</ele>
				<time>2026-09-10T12:24:46.890Z</time>
			</trkpt>
			<trkpt lat="37.84317" lon="-3.07586">
				<ele>741.73</ele>
				<time>2026-09-10T12:24:47.841Z</time>
			</trkpt>
			<trkpt lat="37.84319" lon="-3.07596">
				<ele>741.34</ele>
				<time>2026-09-10T12:24:48.791Z</time>
			</trkpt>
			<trkpt lat="37.84322" lon="-3.07605">
				<ele>740.6</ele>
				<time>2026-09-10T12:24:49.690Z</time>
			</trkpt>
			<trkpt lat="37.84329" lon="-3.07614">
				<ele>739.59</ele>
				<time>2026-09-10T12:24:50.851Z</time>
			</trkpt>
			<trkpt lat="37.84348" lon="-3.07623">
				<ele>736.57</ele>
				<time>2026-09-10T12:24:53.203Z</time>
			</trkpt>
			<trkpt lat="37.84382" lon="-3.07635">
				<ele>734.19</ele>
				<time>2026-09-10T12:24:57.255Z</time>
			</trkpt>
			<trkpt lat="37.84408" lon="-3.07639">
				<ele>734.65</ele>
				<time>2026-09-10T12:25:00.213Z</time>
			</trkpt>
			<trkpt lat="37.84429" lon="-3.0764">
				<ele>733.61</ele>
				<time>2026-09-10T12:25:02.549Z</time>
			</trkpt>
			<trkpt lat="37.84455" lon="-3.07638">
				<ele>729.84</ele>
				<time>2026-09-10T12:25:05.388Z</time>
			</trkpt>
			<trkpt lat="37.84481" lon="-3.07633">
				<ele>724.05</ele>
				<time>2026-09-10T12:25:08.179Z</time>
			</trkpt>
			<trkpt lat="37.84559" lon="-3.0761">
				<ele>712.44</ele>
				<time>2026-09-10T12:25:16.096Z</time>
			</trkpt>
			<trkpt lat="37.84573" lon="-3.07608">
				<ele>710.58</ele>
				<time>2026-09-10T12:25:17.381Z</time>
			</trkpt>
			<trkpt lat="37.84581" lon="-3.07609">
				<ele>709.46</ele>
				<time>2026-09-10T12:25:18.098Z</time>
			</trkpt>
			<trkpt lat="37.84591" lon="-3.07615">
				<ele>707.97</ele>
				<time>2026-09-10T12:25:19.064Z</time>
			</trkpt>
			<trkpt lat="37.84623" lon="-3.07635">
				<ele>701.03</ele>
				<time>2026-09-10T12:25:22.010Z</time>
			</trkpt>
			<trkpt lat="37.84633" lon="-3.07636">
				<ele>700.03</ele>
				<time>2026-09-10T12:25:22.788Z</time>
			</trkpt>
			<trkpt lat="37.84643" lon="-3.07632">
				<ele>700.09</ele>
				<time>2026-09-10T12:25:23.578Z</time>
			</trkpt>
			<trkpt lat="37.84651" lon="-3.07619">
				<ele>701.46</ele>
				<time>2026-09-10T12:25:24.524Z</time>
			</trkpt>
			<trkpt lat="37.84658" lon="-3.07586">
				<ele>704.05</ele>
				<time>2026-09-10T12:25:26.441Z</time>
			</trkpt>
			<trkpt lat="37.84663" lon="-3.07575">
				<ele>702.57</ele>
				<time>2026-09-10T12:25:27.141Z</time>
			</trkpt>
			<trkpt lat="37.84671" lon="-3.07568">
				<ele>699.89</ele>
				<time>2026-09-10T12:25:27.813Z</time>
			</trkpt>
			<trkpt lat="37.84682" lon="-3.07567">
				<ele>696.85</ele>
				<time>2026-09-10T12:25:28.569Z</time>
			</trkpt>
			<trkpt lat="37.84691" lon="-3.07571">
				<ele>694.79</ele>
				<time>2026-09-10T12:25:29.217Z</time>
			</trkpt>
			<trkpt lat="37.84699" lon="-3.07583">
				<ele>693.44</ele>
				<time>2026-09-10T12:25:30.050Z</time>
			</trkpt>
			<trkpt lat="37.84705" lon="-3.07603">
				<ele>690.91</ele>
				<time>2026-09-10T12:25:31.171Z</time>
			</trkpt>
			<trkpt lat="37.84712" lon="-3.07643">
				<ele>683.12</ele>
				<time>2026-09-10T12:25:33.271Z</time>
			</trkpt>
			<trkpt lat="37.84717" lon="-3.07655">
				<ele>680.53</ele>
				<time>2026-09-10T12:25:33.954Z</time>
			</trkpt>
			<trkpt lat="37.84725" lon="-3.07663">
				<ele>678.29</ele>
				<time>2026-09-10T12:25:34.597Z</time>
			</trkpt>
			<trkpt lat="37.84736" lon="-3.07664">
				<ele>675.96</ele>
				<time>2026-09-10T12:25:35.287Z</time>
			</trkpt>
			<trkpt lat="37.84747" lon="-3.07659">
				<ele>674.13</ele>
				<time>2026-09-10T12:25:36.012Z</time>
			</trkpt>
			<trkpt lat="37.84756" lon="-3.07648">
				<ele>673.88</ele>
				<time>2026-09-10T12:25:36.779Z</time>
			</trkpt>
			<trkpt lat="37.84764" lon="-3.07631">
				<ele>672.38</ele>
				<time>2026-09-10T12:25:37.728Z</time>
			</trkpt>
			<trkpt lat="37.84768" lon="-3.07608">
				<ele>668.87</ele>
				<time>2026-09-10T12:25:38.841Z</time>
			</trkpt>
			<trkpt lat="37.84767" lon="-3.07585">
				<ele>666.25</ele>
				<time>2026-09-10T12:25:39.914Z</time>
			</trkpt>
			<trkpt lat="37.84763" lon="-3.07568">
				<ele>666.56</ele>
				<time>2026-09-10T12:25:40.730Z</time>
			</trkpt>
			<trkpt lat="37.84763" lon="-3.07553">
				<ele>666.2</ele>
				<time>2026-09-10T12:25:41.413Z</time>
			</trkpt>
			<trkpt lat="37.84771" lon="-3.07519">
				<ele>661</ele>
				<time>2026-09-10T12:25:43.007Z</time>
			</trkpt>
			<trkpt lat="37.84771" lon="-3.07496">
				<ele>658.45</ele>
				<time>2026-09-10T12:25:44.023Z</time>
			</trkpt>
			<trkpt lat="37.84768" lon="-3.07457">
				<ele>657.98</ele>
				<time>2026-09-10T12:25:45.726Z</time>
			</trkpt>
			<trkpt lat="37.84763" lon="-3.0742">
				<ele>657.65</ele>
				<time>2026-09-10T12:25:47.326Z</time>
			</trkpt>
			<trkpt lat="37.84756" lon="-3.07396">
				<ele>654.83</ele>
				<time>2026-09-10T12:25:48.401Z</time>
			</trkpt>
			<trkpt lat="37.84746" lon="-3.07369">
				<ele>653.14</ele>
				<time>2026-09-10T12:25:49.638Z</time>
			</trkpt>
			<trkpt lat="37.84735" lon="-3.07347">
				<ele>655</ele>
				<time>2026-09-10T12:25:50.706Z</time>
			</trkpt>
			<trkpt lat="37.84728" lon="-3.07316">
				<ele>653.51</ele>
				<time>2026-09-10T12:25:52.013Z</time>
			</trkpt>
			<trkpt lat="37.84724" lon="-3.07309">
				<ele>653.71</ele>
				<time>2026-09-10T12:25:52.361Z</time>
			</trkpt>
			<trkpt lat="37.84718" lon="-3.07303">
				<ele>653.47</ele>
				<time>2026-09-10T12:25:52.749Z</time>
			</trkpt>
			<trkpt lat="37.84706" lon="-3.07296">
				<ele>652.34</ele>
				<time>2026-09-10T12:25:53.417Z</time>
			</trkpt>
			<trkpt lat="37.84696" lon="-3.07292">
				<ele>652.33</ele>
				<time>2026-09-10T12:25:53.945Z</time>
			</trkpt>
			<trkpt lat="37.84678" lon="-3.07294">
				<ele>652.91</ele>
				<time>2026-09-10T12:25:54.849Z</time>
			</trkpt>
			<trkpt lat="37.84643" lon="-3.07309">
				<ele>653.7</ele>
				<time>2026-09-10T12:25:56.681Z</time>
			</trkpt>
			<trkpt lat="37.84637" lon="-3.07314">
				<ele>655.08</ele>
				<time>2026-09-10T12:25:57.035Z</time>
			</trkpt>
			<trkpt lat="37.84622" lon="-3.07321">
				<ele>655.98</ele>
				<time>2026-09-10T12:25:57.820Z</time>
			</trkpt>
			<trkpt lat="37.84615" lon="-3.07321">
				<ele>655.35</ele>
				<time>2026-09-10T12:25:58.162Z</time>
			</trkpt>
			<trkpt lat="37.84591" lon="-3.07313">
				<ele>654.49</ele>
				<time>2026-09-10T12:25:59.373Z</time>
			</trkpt>
			<trkpt lat="37.84586" lon="-3.07312">
				<ele>654.82</ele>
				<time>2026-09-10T12:25:59.619Z</time>
			</trkpt>
			<trkpt lat="37.84578" lon="-3.07305">
				<ele>655.64</ele>
				<time>2026-09-10T12:26:00.092Z</time>
			</trkpt>
			<trkpt lat="37.84575" lon="-3.07292">
				<ele>656.3</ele>
				<time>2026-09-10T12:26:00.610Z</time>
			</trkpt>
			<trkpt lat="37.84578" lon="-3.0728">
				<ele>654.66</ele>
				<time>2026-09-10T12:26:01.092Z</time>
			</trkpt>
			<trkpt lat="37.84586" lon="-3.07274">
				<ele>652.52</ele>
				<time>2026-09-10T12:26:01.542Z</time>
			</trkpt>
			<trkpt lat="37.84596" lon="-3.07274">
				<ele>650.72</ele>
				<time>2026-09-10T12:26:02.025Z</time>
			</trkpt>
			<trkpt lat="37.84602" lon="-3.0728">
				<ele>649.58</ele>
				<time>2026-09-10T12:26:02.395Z</time>
			</trkpt>
			<trkpt lat="37.84627" lon="-3.07286">
				<ele>649.44</ele>
				<time>2026-09-10T12:26:03.623Z</time>
			</trkpt>
			<trkpt lat="37.84637" lon="-3.07283">
				<ele>649.47</ele>
				<time>2026-09-10T12:26:04.119Z</time>
			</trkpt>
			<trkpt lat="37.84677" lon="-3.07262">
				<ele>645.81</ele>
				<time>2026-09-10T12:26:06.212Z</time>
			</trkpt>
			<trkpt lat="37.8469" lon="-3.07258">
				<ele>643.4</ele>
				<time>2026-09-10T12:26:06.860Z</time>
			</trkpt>
			<trkpt lat="37.84706" lon="-3.07256">
				<ele>640</ele>
				<time>2026-09-10T12:26:07.640Z</time>
			</trkpt>
			<trkpt lat="37.8472" lon="-3.07256">
				<ele>637.39</ele>
				<time>2026-09-10T12:26:08.321Z</time>
			</trkpt>
			<trkpt lat="37.84745" lon="-3.07263">
				<ele>637.03</ele>
				<time>2026-09-10T12:26:09.571Z</time>
			</trkpt>
			<trkpt lat="37.84759" lon="-3.0727">
				<ele>635.9</ele>
				<time>2026-09-10T12:26:10.309Z</time>
			</trkpt>
			<trkpt lat="37.84772" lon="-3.07279">
				<ele>634.64</ele>
				<time>2026-09-10T12:26:11.039Z</time>
			</trkpt>
			<trkpt lat="37.84783" lon="-3.07291">
				<ele>633.32</ele>
				<time>2026-09-10T12:26:11.757Z</time>
			</trkpt>
			<trkpt lat="37.84794" lon="-3.07305">
				<ele>632.37</ele>
				<time>2026-09-10T12:26:12.532Z</time>
			</trkpt>
			<trkpt lat="37.84802" lon="-3.07319">
				<ele>631.34</ele>
				<time>2026-09-10T12:26:13.214Z</time>
			</trkpt>
			<trkpt lat="37.84833" lon="-3.07393">
				<ele>625.35</ele>
				<time>2026-09-10T12:26:16.573Z</time>
			</trkpt>
			<trkpt lat="37.84848" lon="-3.07413">
				<ele>623.04</ele>
				<time>2026-09-10T12:26:17.701Z</time>
			</trkpt>
			<trkpt lat="37.84857" lon="-3.0742">
				<ele>621.47</ele>
				<time>2026-09-10T12:26:18.253Z</time>
			</trkpt>
			<trkpt lat="37.84866" lon="-3.07425">
				<ele>620.33</ele>
				<time>2026-09-10T12:26:18.770Z</time>
			</trkpt>
			<trkpt lat="37.84877" lon="-3.07428">
				<ele>619.32</ele>
				<time>2026-09-10T12:26:19.364Z</time>
			</trkpt>
			<trkpt lat="37.84887" lon="-3.07429">
				<ele>618.1</ele>
				<time>2026-09-10T12:26:19.898Z</time>
			</trkpt>
			<trkpt lat="37.84921" lon="-3.07426">
				<ele>616.24</ele>
				<time>2026-09-10T12:26:21.734Z</time>
			</trkpt>
			<trkpt lat="37.84932" lon="-3.07428">
				<ele>615.64</ele>
				<time>2026-09-10T12:26:22.341Z</time>
			</trkpt>
			<trkpt lat="37.84943" lon="-3.07431">
				<ele>615.56</ele>
				<time>2026-09-10T12:26:22.958Z</time>
			</trkpt>
			<trkpt lat="37.84953" lon="-3.07436">
				<ele>614.65</ele>
				<time>2026-09-10T12:26:23.546Z</time>
			</trkpt>
			<trkpt lat="37.84963" lon="-3.07444">
				<ele>614.04</ele>
				<time>2026-09-10T12:26:24.190Z</time>
			</trkpt>
			<trkpt lat="37.84975" lon="-3.07458">
				<ele>613.91</ele>
				<time>2026-09-10T12:26:25.077Z</time>
			</trkpt>
			<trkpt lat="37.85011" lon="-3.0751">
				<ele>616.55</ele>
				<time>2026-09-10T12:26:28.023Z</time>
			</trkpt>
			<trkpt lat="37.85021" lon="-3.0752">
				<ele>617.79</ele>
				<time>2026-09-10T12:26:28.707Z</time>
			</trkpt>
			<trkpt lat="37.85033" lon="-3.0753">
				<ele>619.16</ele>
				<time>2026-09-10T12:26:29.476Z</time>
			</trkpt>
			<trkpt lat="37.85046" lon="-3.07537">
				<ele>620.83</ele>
				<time>2026-09-10T12:26:30.230Z</time>
			</trkpt>
			<trkpt lat="37.85076" lon="-3.07544">
				<ele>617.87</ele>
				<time>2026-09-10T12:26:31.854Z</time>
			</trkpt>
			<trkpt lat="37.85145" lon="-3.0755">
				<ele>606.71</ele>
				<time>2026-09-10T12:26:35.517Z</time>
			</trkpt>
			<trkpt lat="37.85159" lon="-3.07555">
				<ele>605.4</ele>
				<time>2026-09-10T12:26:36.284Z</time>
			</trkpt>
			<trkpt lat="37.8517" lon="-3.07562">
				<ele>604.66</ele>
				<time>2026-09-10T12:26:36.934Z</time>
			</trkpt>
			<trkpt lat="37.85181" lon="-3.07573">
				<ele>604.14</ele>
				<time>2026-09-10T12:26:37.673Z</time>
			</trkpt>
			<trkpt lat="37.85279" lon="-3.0769">
				<ele>593.31</ele>
				<time>2026-09-10T12:26:44.774Z</time>
			</trkpt>
			<trkpt lat="37.85289" lon="-3.07706">
				<ele>592.71</ele>
				<time>2026-09-10T12:26:45.626Z</time>
			</trkpt>
			<trkpt lat="37.85298" lon="-3.07731">
				<ele>591.75</ele>
				<time>2026-09-10T12:26:46.776Z</time>
			</trkpt>
			<trkpt lat="37.85302" lon="-3.0775">
				<ele>591.11</ele>
				<time>2026-09-10T12:26:47.600Z</time>
			</trkpt>
			<trkpt lat="37.85313" lon="-3.07861">
				<ele>583.6</ele>
				<time>2026-09-10T12:26:52.322Z</time>
			</trkpt>
			<trkpt lat="37.85319" lon="-3.07879">
				<ele>581.96</ele>
				<time>2026-09-10T12:26:53.154Z</time>
			</trkpt>
			<trkpt lat="37.85328" lon="-3.07894">
				<ele>580.12</ele>
				<time>2026-09-10T12:26:53.958Z</time>
			</trkpt>
			<trkpt lat="37.85336" lon="-3.07901">
				<ele>578.26</ele>
				<time>2026-09-10T12:26:54.486Z</time>
			</trkpt>
			<trkpt lat="37.8534" lon="-3.07914">
				<ele>577.54</ele>
				<time>2026-09-10T12:26:55.084Z</time>
			</trkpt>
			<trkpt lat="37.85339" lon="-3.0792">
				<ele>577.93</ele>
				<time>2026-09-10T12:26:55.348Z</time>
			</trkpt>
			<trkpt lat="37.85341" lon="-3.07932">
				<ele>578.39</ele>
				<time>2026-09-10T12:26:55.875Z</time>
			</trkpt>
			<trkpt lat="37.85348" lon="-3.07954">
				<ele>578.56</ele>
				<time>2026-09-10T12:26:56.900Z</time>
			</trkpt>
			<trkpt lat="37.85359" lon="-3.07965">
				<ele>578.64</ele>
				<time>2026-09-10T12:26:57.669Z</time>
			</trkpt>
			<trkpt lat="37.85381" lon="-3.07978">
				<ele>577.03</ele>
				<time>2026-09-10T12:26:59.009Z</time>
			</trkpt>
			<trkpt lat="37.85452" lon="-3.08002">
				<ele>572.75</ele>
				<time>2026-09-10T12:27:03.119Z</time>
			</trkpt>
			<trkpt lat="37.85481" lon="-3.08016">
				<ele>572.78</ele>
				<time>2026-09-10T12:27:04.884Z</time>
			</trkpt>
			<trkpt lat="37.85496" lon="-3.08027">
				<ele>572.36</ele>
				<time>2026-09-10T12:27:05.877Z</time>
			</trkpt>
			<trkpt lat="37.85513" lon="-3.08045">
				<ele>570.25</ele>
				<time>2026-09-10T12:27:07.155Z</time>
			</trkpt>
			<trkpt lat="37.8553" lon="-3.08068">
				<ele>568.34</ele>
				<time>2026-09-10T12:27:08.603Z</time>
			</trkpt>
			<trkpt lat="37.85622" lon="-3.08233">
				<ele>558.46</ele>
				<time>2026-09-10T12:27:18.232Z</time>
			</trkpt>
			<trkpt lat="37.85647" lon="-3.08272">
				<ele>558.75</ele>
				<time>2026-09-10T12:27:20.732Z</time>
			</trkpt>
			<trkpt lat="37.85658" lon="-3.08283">
				<ele>557.99</ele>
				<time>2026-09-10T12:27:21.626Z</time>
			</trkpt>
			<trkpt lat="37.8568" lon="-3.08297">
				<ele>557.52</ele>
				<time>2026-09-10T12:27:23.204Z</time>
			</trkpt>
			<trkpt lat="37.85694" lon="-3.08303">
				<ele>557.77</ele>
				<time>2026-09-10T12:27:24.156Z</time>
			</trkpt>
			<trkpt lat="37.85802" lon="-3.08323">
				<ele>562.93</ele>
				<time>2026-09-10T12:27:31.298Z</time>
			</trkpt>
			<trkpt lat="37.85827" lon="-3.08331">
				<ele>564.77</ele>
				<time>2026-09-10T12:27:33.017Z</time>
			</trkpt>
			<trkpt lat="37.8586" lon="-3.08345">
				<ele>565.55</ele>
				<time>2026-09-10T12:27:35.358Z</time>
			</trkpt>
			<trkpt lat="37.8598" lon="-3.08406">
				<ele>574.7</ele>
				<time>2026-09-10T12:27:44.278Z</time>
			</trkpt>
			<trkpt lat="37.86005" lon="-3.08428">
				<ele>576.65</ele>
				<time>2026-09-10T12:27:46.433Z</time>
			</trkpt>
			<trkpt lat="37.86049" lon="-3.08484">
				<ele>583.69</ele>
				<time>2026-09-10T12:27:50.921Z</time>
			</trkpt>
			<trkpt lat="37.86065" lon="-3.08495">
				<ele>585.13</ele>
				<time>2026-09-10T12:27:52.249Z</time>
			</trkpt>
			<trkpt lat="37.86083" lon="-3.08499">
				<ele>585.97</ele>
				<time>2026-09-10T12:27:53.591Z</time>
			</trkpt>
			<trkpt lat="37.86089" lon="-3.08498">
				<ele>586.12</ele>
				<time>2026-09-10T12:27:54.038Z</time>
			</trkpt>
			<trkpt lat="37.86095" lon="-3.08498">
				<ele>586.36</ele>
				<time>2026-09-10T12:27:54.481Z</time>
			</trkpt>
			<trkpt lat="37.86101" lon="-3.08501">
				<ele>586.66</ele>
				<time>2026-09-10T12:27:54.959Z</time>
			</trkpt>
			<trkpt lat="37.86105" lon="-3.08506">
				<ele>587</ele>
				<time>2026-09-10T12:27:55.377Z</time>
			</trkpt>
			<trkpt lat="37.86108" lon="-3.08513">
				<ele>587.34</ele>
				<time>2026-09-10T12:27:55.845Z</time>
			</trkpt>
			<trkpt lat="37.86117" lon="-3.08523">
				<ele>588.75</ele>
				<time>2026-09-10T12:27:56.739Z</time>
			</trkpt>
			<trkpt lat="37.86127" lon="-3.08528">
				<ele>590.28</ele>
				<time>2026-09-10T12:27:57.545Z</time>
			</trkpt>
			<trkpt lat="37.86137" lon="-3.0853">
				<ele>591.88</ele>
				<time>2026-09-10T12:27:58.307Z</time>
			</trkpt>
			<trkpt lat="37.86172" lon="-3.0852">
				<ele>596.21</ele>
				<time>2026-09-10T12:28:01.032Z</time>
			</trkpt>
			<trkpt lat="37.86251" lon="-3.08493">
				<ele>598.34</ele>
				<time>2026-09-10T12:28:07.389Z</time>
			</trkpt>
			<trkpt lat="37.86278" lon="-3.08486">
				<ele>600.08</ele>
				<time>2026-09-10T12:28:09.576Z</time>
			</trkpt>
			<trkpt lat="37.86303" lon="-3.08476">
				<ele>602.73</ele>
				<time>2026-09-10T12:28:11.680Z</time>
			</trkpt>
			<trkpt lat="37.86321" lon="-3.08463">
				<ele>603.52</ele>
				<time>2026-09-10T12:28:13.358Z</time>
			</trkpt>
			<trkpt lat="37.86326" lon="-3.08456">
				<ele>603.44</ele>
				<time>2026-09-10T12:28:13.965Z</time>
			</trkpt>
			<trkpt lat="37.86333" lon="-3.08432">
				<ele>603.46</ele>
				<time>2026-09-10T12:28:15.620Z</time>
			</trkpt>
			<trkpt lat="37.86337" lon="-3.08401">
				<ele>604.58</ele>
				<time>2026-09-10T12:28:17.670Z</time>
			</trkpt>
			<trkpt lat="37.86326" lon="-3.08282">
				<ele>607.63</ele>
				<time>2026-09-10T12:28:25.689Z</time>
			</trkpt>
			<trkpt lat="37.86321" lon="-3.08251">
				<ele>608.29</ele>
				<time>2026-09-10T12:28:27.860Z</time>
			</trkpt>
			<trkpt lat="37.86288" lon="-3.08116">
				<ele>609.72</ele>
				<time>2026-09-10T12:28:38.616Z</time>
			</trkpt>
			<trkpt lat="37.86285" lon="-3.08096">
				<ele>610.71</ele>
				<time>2026-09-10T12:28:40.391Z</time>
			</trkpt>
			<trkpt lat="37.86286" lon="-3.08083">
				<ele>611.13</ele>
				<time>2026-09-10T12:28:41.544Z</time>
			</trkpt>
			<trkpt lat="37.86289" lon="-3.0807">
				<ele>612.07</ele>
				<time>2026-09-10T12:28:42.744Z</time>
			</trkpt>
			<trkpt lat="37.86296" lon="-3.08053">
				<ele>612.83</ele>
				<time>2026-09-10T12:28:44.445Z</time>
			</trkpt>
			<trkpt lat="37.86356" lon="-3.07933">
				<ele>622.09</ele>
				<time>2026-09-10T12:28:55.923Z</time>
			</trkpt>
			<trkpt lat="37.86466" lon="-3.0771">
				<ele>639.06</ele>
				<time>2026-09-10T12:29:11.694Z</time>
			</trkpt>
			<trkpt lat="37.86487" lon="-3.07661">
				<ele>643.71</ele>
				<time>2026-09-10T12:29:14.975Z</time>
			</trkpt>
			<trkpt lat="37.86499" lon="-3.07625">
				<ele>645.52</ele>
				<time>2026-09-10T12:29:17.264Z</time>
			</trkpt>
			<trkpt lat="37.86504" lon="-3.07606">
				<ele>646.01</ele>
				<time>2026-09-10T12:29:18.434Z</time>
			</trkpt>
			<trkpt lat="37.86507" lon="-3.0759">
				<ele>646.5</ele>
				<time>2026-09-10T12:29:19.394Z</time>
			</trkpt>
			<trkpt lat="37.86509" lon="-3.07551">
				<ele>649.36</ele>
				<time>2026-09-10T12:29:21.668Z</time>
			</trkpt>
			<trkpt lat="37.86512" lon="-3.07533">
				<ele>651.9</ele>
				<time>2026-09-10T12:29:22.736Z</time>
			</trkpt>
			<trkpt lat="37.86517" lon="-3.07517">
				<ele>654.17</ele>
				<time>2026-09-10T12:29:23.733Z</time>
			</trkpt>
			<trkpt lat="37.86529" lon="-3.07487">
				<ele>658.8</ele>
				<time>2026-09-10T12:29:25.678Z</time>
			</trkpt>
			<trkpt lat="37.86556" lon="-3.07439">
				<ele>661.54</ele>
				<time>2026-09-10T12:29:29.072Z</time>
			</trkpt>
			<trkpt lat="37.86563" lon="-3.07424">
				<ele>662.42</ele>
				<time>2026-09-10T12:29:30.072Z</time>
			</trkpt>
			<trkpt lat="37.86567" lon="-3.0741">
				<ele>663.14</ele>
				<time>2026-09-10T12:29:30.925Z</time>
			</trkpt>
			<trkpt lat="37.86568" lon="-3.07395">
				<ele>663.78</ele>
				<time>2026-09-10T12:29:31.786Z</time>
			</trkpt>
			<trkpt lat="37.86568" lon="-3.07377">
				<ele>663.72</ele>
				<time>2026-09-10T12:29:32.815Z</time>
			</trkpt>
			<trkpt lat="37.86553" lon="-3.07313">
				<ele>664.35</ele>
				<time>2026-09-10T12:29:36.616Z</time>
			</trkpt>
			<trkpt lat="37.86551" lon="-3.07296">
				<ele>665.39</ele>
				<time>2026-09-10T12:29:37.590Z</time>
			</trkpt>
			<trkpt lat="37.86553" lon="-3.07192">
				<ele>676.31</ele>
				<time>2026-09-10T12:29:43.459Z</time>
			</trkpt>
			<trkpt lat="37.86551" lon="-3.07174">
				<ele>677.92</ele>
				<time>2026-09-10T12:29:44.479Z</time>
			</trkpt>
			<trkpt lat="37.86513" lon="-3.06989">
				<ele>684.62</ele>
				<time>2026-09-10T12:29:55.107Z</time>
			</trkpt>
			<trkpt lat="37.86508" lon="-3.06949">
				<ele>684.84</ele>
				<time>2026-09-10T12:29:57.336Z</time>
			</trkpt>
			<trkpt lat="37.86505" lon="-3.06898">
				<ele>687.17</ele>
				<time>2026-09-10T12:30:00.139Z</time>
			</trkpt>
			<trkpt lat="37.86511" lon="-3.06859">
				<ele>688.61</ele>
				<time>2026-09-10T12:30:02.308Z</time>
			</trkpt>
			<trkpt lat="37.86517" lon="-3.0684">
				<ele>688.86</ele>
				<time>2026-09-10T12:30:03.422Z</time>
			</trkpt>
			<trkpt lat="37.86524" lon="-3.06822">
				<ele>689</ele>
				<time>2026-09-10T12:30:04.512Z</time>
			</trkpt>
			<trkpt lat="37.86542" lon="-3.06792">
				<ele>688.48</ele>
				<time>2026-09-10T12:30:06.555Z</time>
			</trkpt>
			<trkpt lat="37.86567" lon="-3.06762">
				<ele>688.83</ele>
				<time>2026-09-10T12:30:08.912Z</time>
			</trkpt>
			<trkpt lat="37.86593" lon="-3.06741">
				<ele>690.76</ele>
				<time>2026-09-10T12:30:11.014Z</time>
			</trkpt>
			<trkpt lat="37.86608" lon="-3.06733">
				<ele>691.81</ele>
				<time>2026-09-10T12:30:12.121Z</time>
			</trkpt>
			<trkpt lat="37.8663" lon="-3.06728">
				<ele>692.57</ele>
				<time>2026-09-10T12:30:13.637Z</time>
			</trkpt>
			<trkpt lat="37.86664" lon="-3.06724">
				<ele>694.72</ele>
				<time>2026-09-10T12:30:15.947Z</time>
			</trkpt>
			<trkpt lat="37.86681" lon="-3.06724">
				<ele>694.36</ele>
				<time>2026-09-10T12:30:17.094Z</time>
			</trkpt>
			<trkpt lat="37.86697" lon="-3.06726">
				<ele>693.95</ele>
				<time>2026-09-10T12:30:18.177Z</time>
			</trkpt>
			<trkpt lat="37.86735" lon="-3.06738">
				<ele>695.08</ele>
				<time>2026-09-10T12:30:20.805Z</time>
			</trkpt>
			<trkpt lat="37.86794" lon="-3.06759">
				<ele>695.06</ele>
				<time>2026-09-10T12:30:24.897Z</time>
			</trkpt>
			<trkpt lat="37.86816" lon="-3.06769">
				<ele>694.98</ele>
				<time>2026-09-10T12:30:26.450Z</time>
			</trkpt>
			<trkpt lat="37.86864" lon="-3.06803">
				<ele>699.49</ele>
				<time>2026-09-10T12:30:30.089Z</time>
			</trkpt>
			<trkpt lat="37.87101" lon="-3.06955">
				<ele>704</ele>
				<time>2026-09-10T12:30:47.361Z</time>
			</trkpt>
			<trkpt lat="37.87346" lon="-3.07088">
				<ele>704.94</ele>
				<time>2026-09-10T12:31:04.202Z</time>
			</trkpt>
			<trkpt lat="37.87575" lon="-3.07194">
				<ele>718.1</ele>
				<time>2026-09-10T12:31:19.194Z</time>
			</trkpt>
			<trkpt lat="37.87635" lon="-3.07216">
				<ele>714.89</ele>
				<time>2026-09-10T12:31:22.974Z</time>
			</trkpt>
			<trkpt lat="37.87676" lon="-3.07225">
				<ele>715.16</ele>
				<time>2026-09-10T12:31:25.478Z</time>
			</trkpt>
			<trkpt lat="37.87747" lon="-3.07221">
				<ele>719.02</ele>
				<time>2026-09-10T12:31:29.731Z</time>
			</trkpt>
			<trkpt lat="37.88027" lon="-3.07196">
				<ele>700.05</ele>
				<time>2026-09-10T12:31:46.226Z</time>
			</trkpt>
			<trkpt lat="37.88317" lon="-3.07186">
				<ele>692.04</ele>
				<time>2026-09-10T12:32:02.793Z</time>
			</trkpt>
			<trkpt lat="37.88424" lon="-3.07165">
				<ele>691.33</ele>
				<time>2026-09-10T12:32:08.856Z</time>
			</trkpt>
			<trkpt lat="37.88676" lon="-3.07079">
				<ele>683</ele>
				<time>2026-09-10T12:32:23.212Z</time>
			</trkpt>
			<trkpt lat="37.88967" lon="-3.07001">
				<ele>689.49</ele>
				<time>2026-09-10T12:32:39.153Z</time>
			</trkpt>
			<trkpt lat="37.88986" lon="-3.06992">
				<ele>690.52</ele>
				<time>2026-09-10T12:32:40.225Z</time>
			</trkpt>
			<trkpt lat="37.88998" lon="-3.06983">
				<ele>690.94</ele>
				<time>2026-09-10T12:32:40.960Z</time>
			</trkpt>
			<trkpt lat="37.89011" lon="-3.06962">
				<ele>691.15</ele>
				<time>2026-09-10T12:32:42.069Z</time>
			</trkpt>
			<trkpt lat="37.89016" lon="-3.06948">
				<ele>691.51</ele>
				<time>2026-09-10T12:32:42.707Z</time>
			</trkpt>
			<trkpt lat="37.89034" lon="-3.06872">
				<ele>695.57</ele>
				<time>2026-09-10T12:32:45.989Z</time>
			</trkpt>
			<trkpt lat="37.89071" lon="-3.06585">
				<ele>705.11</ele>
				<time>2026-09-10T12:32:57.863Z</time>
			</trkpt>
			<trkpt lat="37.89063" lon="-3.06532">
				<ele>708.54</ele>
				<time>2026-09-10T12:33:00.041Z</time>
			</trkpt>
			<trkpt lat="37.89005" lon="-3.06392">
				<ele>716.76</ele>
				<time>2026-09-10T12:33:06.378Z</time>
			</trkpt>
			<trkpt lat="37.89" lon="-3.06368">
				<ele>716.96</ele>
				<time>2026-09-10T12:33:07.367Z</time>
			</trkpt>
			<trkpt lat="37.89001" lon="-3.06346">
				<ele>716.74</ele>
				<time>2026-09-10T12:33:08.243Z</time>
			</trkpt>
			<trkpt lat="37.89046" lon="-3.06256">
				<ele>721.1</ele>
				<time>2026-09-10T12:33:12.463Z</time>
			</trkpt>
			<trkpt lat="37.89088" lon="-3.06208">
				<ele>726.21</ele>
				<time>2026-09-10T12:33:15.286Z</time>
			</trkpt>
			<trkpt lat="37.89221" lon="-3.06115">
				<ele>733.19</ele>
				<time>2026-09-10T12:33:22.805Z</time>
			</trkpt>
			<trkpt lat="37.89303" lon="-3.06046">
				<ele>739.54</ele>
				<time>2026-09-10T12:33:27.631Z</time>
			</trkpt>
			<trkpt lat="37.8937" lon="-3.05979">
				<ele>743.13</ele>
				<time>2026-09-10T12:33:31.786Z</time>
			</trkpt>
			<trkpt lat="37.89396" lon="-3.0592">
				<ele>747.24</ele>
				<time>2026-09-10T12:33:34.368Z</time>
			</trkpt>
			<trkpt lat="37.89402" lon="-3.05886">
				<ele>750.62</ele>
				<time>2026-09-10T12:33:35.696Z</time>
			</trkpt>
			<trkpt lat="37.89404" lon="-3.05851">
				<ele>751.88</ele>
				<time>2026-09-10T12:33:37.031Z</time>
			</trkpt>
			<trkpt lat="37.89399" lon="-3.05816">
				<ele>753.67</ele>
				<time>2026-09-10T12:33:38.381Z</time>
			</trkpt>
			<trkpt lat="37.89387" lon="-3.05784">
				<ele>757.47</ele>
				<time>2026-09-10T12:33:39.723Z</time>
			</trkpt>
			<trkpt lat="37.89354" lon="-3.05725">
				<ele>761.89</ele>
				<time>2026-09-10T12:33:42.454Z</time>
			</trkpt>
			<trkpt lat="37.89334" lon="-3.05685">
				<ele>763.09</ele>
				<time>2026-09-10T12:33:44.236Z</time>
			</trkpt>
			<trkpt lat="37.89317" lon="-3.05605">
				<ele>769.77</ele>
				<time>2026-09-10T12:33:47.344Z</time>
			</trkpt>
			<trkpt lat="37.89308" lon="-3.05517">
				<ele>778.57</ele>
				<time>2026-09-10T12:33:50.656Z</time>
			</trkpt>
			<trkpt lat="37.89298" lon="-3.05498">
				<ele>780.96</ele>
				<time>2026-09-10T12:33:51.507Z</time>
			</trkpt>
			<trkpt lat="37.89229" lon="-3.05406">
				<ele>782.85</ele>
				<time>2026-09-10T12:33:56.213Z</time>
			</trkpt>
			<trkpt lat="37.89179" lon="-3.05263">
				<ele>789.66</ele>
				<time>2026-09-10T12:34:01.971Z</time>
			</trkpt>
			<trkpt lat="37.89184" lon="-3.05222">
				<ele>789.15</ele>
				<time>2026-09-10T12:34:03.491Z</time>
			</trkpt>
			<trkpt lat="37.89204" lon="-3.05138">
				<ele>789.34</ele>
				<time>2026-09-10T12:34:06.695Z</time>
			</trkpt>
			<trkpt lat="37.8921" lon="-3.05126">
				<ele>789.29</ele>
				<time>2026-09-10T12:34:07.213Z</time>
			</trkpt>
			<trkpt lat="37.89307" lon="-3.05055">
				<ele>785.97</ele>
				<time>2026-09-10T12:34:12.366Z</time>
			</trkpt>
			<trkpt lat="37.89321" lon="-3.0504">
				<ele>785.34</ele>
				<time>2026-09-10T12:34:13.206Z</time>
			</trkpt>
			<trkpt lat="37.89342" lon="-3.05004">
				<ele>784.11</ele>
				<time>2026-09-10T12:34:14.822Z</time>
			</trkpt>
			<trkpt lat="37.89438" lon="-3.04791">
				<ele>790.3</ele>
				<time>2026-09-10T12:34:23.624Z</time>
			</trkpt>
			<trkpt lat="37.89447" lon="-3.04778">
				<ele>790.4</ele>
				<time>2026-09-10T12:34:24.241Z</time>
			</trkpt>
			<trkpt lat="37.89458" lon="-3.04773">
				<ele>789.16</ele>
				<time>2026-09-10T12:34:24.769Z</time>
			</trkpt>
			<trkpt lat="37.89561" lon="-3.04739">
				<ele>784.72</ele>
				<time>2026-09-10T12:34:29.564Z</time>
			</trkpt>
			<trkpt lat="37.89579" lon="-3.04721">
				<ele>784.51</ele>
				<time>2026-09-10T12:34:30.594Z</time>
			</trkpt>
			<trkpt lat="37.89585" lon="-3.04692">
				<ele>785.97</ele>
				<time>2026-09-10T12:34:31.655Z</time>
			</trkpt>
			<trkpt lat="37.89586" lon="-3.04624">
				<ele>790.24</ele>
				<time>2026-09-10T12:34:34.059Z</time>
			</trkpt>
			<trkpt lat="37.89589" lon="-3.04581">
				<ele>789.74</ele>
				<time>2026-09-10T12:34:35.581Z</time>
			</trkpt>
			<trkpt lat="37.89598" lon="-3.04532">
				<ele>789.32</ele>
				<time>2026-09-10T12:34:37.352Z</time>
			</trkpt>
			<trkpt lat="37.89597" lon="-3.04501">
				<ele>791.41</ele>
				<time>2026-09-10T12:34:38.442Z</time>
			</trkpt>
			<trkpt lat="37.89592" lon="-3.04476">
				<ele>791.51</ele>
				<time>2026-09-10T12:34:39.348Z</time>
			</trkpt>
			<trkpt lat="37.89583" lon="-3.04452">
				<ele>790.81</ele>
				<time>2026-09-10T12:34:40.280Z</time>
			</trkpt>
			<trkpt lat="37.89561" lon="-3.04423">
				<ele>791.69</ele>
				<time>2026-09-10T12:34:41.690Z</time>
			</trkpt>
			<trkpt lat="37.89555" lon="-3.04403">
				<ele>791.04</ele>
				<time>2026-09-10T12:34:42.439Z</time>
			</trkpt>
			<trkpt lat="37.89553" lon="-3.04387">
				<ele>790.1</ele>
				<time>2026-09-10T12:34:43.006Z</time>
			</trkpt>
			<trkpt lat="37.89559" lon="-3.04368">
				<ele>789.42</ele>
				<time>2026-09-10T12:34:43.721Z</time>
			</trkpt>
			<trkpt lat="37.89574" lon="-3.04355">
				<ele>790.84</ele>
				<time>2026-09-10T12:34:44.526Z</time>
			</trkpt>
			<trkpt lat="37.89585" lon="-3.04352">
				<ele>791.89</ele>
				<time>2026-09-10T12:34:45.024Z</time>
			</trkpt>
			<trkpt lat="37.89602" lon="-3.04353">
				<ele>793.64</ele>
				<time>2026-09-10T12:34:45.776Z</time>
			</trkpt>
			<trkpt lat="37.89783" lon="-3.04457">
				<ele>803.21</ele>
				<time>2026-09-10T12:34:54.528Z</time>
			</trkpt>
			<trkpt lat="37.89812" lon="-3.04457">
				<ele>800.77</ele>
				<time>2026-09-10T12:34:55.800Z</time>
			</trkpt>
			<trkpt lat="37.89832" lon="-3.04426">
				<ele>802.12</ele>
				<time>2026-09-10T12:34:57.184Z</time>
			</trkpt>
			<trkpt lat="37.89839" lon="-3.04375">
				<ele>807.26</ele>
				<time>2026-09-10T12:34:58.971Z</time>
			</trkpt>
			<trkpt lat="37.89839" lon="-3.04327">
				<ele>809.48</ele>
				<time>2026-09-10T12:35:00.626Z</time>
			</trkpt>
			<trkpt lat="37.89837" lon="-3.04282">
				<ele>810.2</ele>
				<time>2026-09-10T12:35:02.178Z</time>
			</trkpt>
			<trkpt lat="37.898" lon="-3.04156">
				<ele>817.03</ele>
				<time>2026-09-10T12:35:06.798Z</time>
			</trkpt>
			<trkpt lat="37.89803" lon="-3.04126">
				<ele>817.59</ele>
				<time>2026-09-10T12:35:07.835Z</time>
			</trkpt>
			<trkpt lat="37.89821" lon="-3.04104">
				<ele>817.69</ele>
				<time>2026-09-10T12:35:08.921Z</time>
			</trkpt>
			<trkpt lat="37.89843" lon="-3.04096">
				<ele>818.25</ele>
				<time>2026-09-10T12:35:09.914Z</time>
			</trkpt>
			<trkpt lat="37.89903" lon="-3.0411">
				<ele>819.63</ele>
				<time>2026-09-10T12:35:12.559Z</time>
			</trkpt>
			<trkpt lat="37.89945" lon="-3.041">
				<ele>817.59</ele>
				<time>2026-09-10T12:35:14.409Z</time>
			</trkpt>
			<trkpt lat="37.90031" lon="-3.04072">
				<ele>817.74</ele>
				<time>2026-09-10T12:35:18.248Z</time>
			</trkpt>
			<trkpt lat="37.90046" lon="-3.04073">
				<ele>819.28</ele>
				<time>2026-09-10T12:35:18.896Z</time>
			</trkpt>
			<trkpt lat="37.90125" lon="-3.04098">
				<ele>824.26</ele>
				<time>2026-09-10T12:35:22.408Z</time>
			</trkpt>
			<trkpt lat="37.90138" lon="-3.041">
				<ele>825.2</ele>
				<time>2026-09-10T12:35:22.973Z</time>
			</trkpt>
			<trkpt lat="37.90152" lon="-3.04095">
				<ele>825.53</ele>
				<time>2026-09-10T12:35:23.599Z</time>
			</trkpt>
			<trkpt lat="37.9017" lon="-3.0408">
				<ele>825.69</ele>
				<time>2026-09-10T12:35:24.527Z</time>
			</trkpt>
			<trkpt lat="37.90181" lon="-3.04066">
				<ele>825.04</ele>
				<time>2026-09-10T12:35:25.198Z</time>
			</trkpt>
			<trkpt lat="37.9019" lon="-3.04041">
				<ele>826</ele>
				<time>2026-09-10T12:35:26.131Z</time>
			</trkpt>
			<trkpt lat="37.90199" lon="-3.03987">
				<ele>829.97</ele>
				<time>2026-09-10T12:35:28.004Z</time>
			</trkpt>
			<trkpt lat="37.9022" lon="-3.03733">
				<ele>830.45</ele>
				<time>2026-09-10T12:35:36.656Z</time>
			</trkpt>
			<trkpt lat="37.90236" lon="-3.0367">
				<ele>832.94</ele>
				<time>2026-09-10T12:35:38.894Z</time>
			</trkpt>
			<trkpt lat="37.90251" lon="-3.03627">
				<ele>830.1</ele>
				<time>2026-09-10T12:35:40.483Z</time>
			</trkpt>
			<trkpt lat="37.90256" lon="-3.03585">
				<ele>830.23</ele>
				<time>2026-09-10T12:35:41.919Z</time>
			</trkpt>
			<trkpt lat="37.90257" lon="-3.03559">
				<ele>828.2</ele>
				<time>2026-09-10T12:35:42.798Z</time>
			</trkpt>
			<trkpt lat="37.90252" lon="-3.03491">
				<ele>829.27</ele>
				<time>2026-09-10T12:35:45.105Z</time>
			</trkpt>
			<trkpt lat="37.90242" lon="-3.03419">
				<ele>835.6</ele>
				<time>2026-09-10T12:35:47.574Z</time>
			</trkpt>
			<trkpt lat="37.90242" lon="-3.03379">
				<ele>835.23</ele>
				<time>2026-09-10T12:35:48.924Z</time>
			</trkpt>
			<trkpt lat="37.90245" lon="-3.03356">
				<ele>833.71</ele>
				<time>2026-09-10T12:35:49.711Z</time>
			</trkpt>
			<trkpt lat="37.90265" lon="-3.03297">
				<ele>831.5</ele>
				<time>2026-09-10T12:35:51.879Z</time>
			</trkpt>
			<trkpt lat="37.90274" lon="-3.03251">
				<ele>833.07</ele>
				<time>2026-09-10T12:35:53.478Z</time>
			</trkpt>
			<trkpt lat="37.90274" lon="-3.03226">
				<ele>834.19</ele>
				<time>2026-09-10T12:35:54.322Z</time>
			</trkpt>
			<trkpt lat="37.90269" lon="-3.03194">
				<ele>835.32</ele>
				<time>2026-09-10T12:35:55.423Z</time>
			</trkpt>
			<trkpt lat="37.90249" lon="-3.03124">
				<ele>835.08</ele>
				<time>2026-09-10T12:35:57.936Z</time>
			</trkpt>
			<trkpt lat="37.90224" lon="-3.03057">
				<ele>840.42</ele>
				<time>2026-09-10T12:36:00.437Z</time>
			</trkpt>
			<trkpt lat="37.9022" lon="-3.03021">
				<ele>843.17</ele>
				<time>2026-09-10T12:36:01.664Z</time>
			</trkpt>
			<trkpt lat="37.90219" lon="-3.02939">
				<ele>837.36</ele>
				<time>2026-09-10T12:36:04.434Z</time>
			</trkpt>
			<trkpt lat="37.9021" lon="-3.02903">
				<ele>838</ele>
				<time>2026-09-10T12:36:05.709Z</time>
			</trkpt>
			<trkpt lat="37.90187" lon="-3.0283">
				<ele>841.61</ele>
				<time>2026-09-10T12:36:08.365Z</time>
			</trkpt>
			<trkpt lat="37.90177" lon="-3.02768">
				<ele>841.73</ele>
				<time>2026-09-10T12:36:10.504Z</time>
			</trkpt>
			<trkpt lat="37.90168" lon="-3.02738">
				<ele>842.82</ele>
				<time>2026-09-10T12:36:11.589Z</time>
			</trkpt>
			<trkpt lat="37.90151" lon="-3.02711">
				<ele>842.13</ele>
				<time>2026-09-10T12:36:12.757Z</time>
			</trkpt>
			<trkpt lat="37.90122" lon="-3.02661">
				<ele>841.2</ele>
				<time>2026-09-10T12:36:14.857Z</time>
			</trkpt>
			<trkpt lat="37.90086" lon="-3.02626">
				<ele>841.42</ele>
				<time>2026-09-10T12:36:16.803Z</time>
			</trkpt>
			<trkpt lat="37.8999" lon="-3.02526">
				<ele>841.37</ele>
				<time>2026-09-10T12:36:22.141Z</time>
			</trkpt>
			<trkpt lat="37.89969" lon="-3.02502">
				<ele>841.62</ele>
				<time>2026-09-10T12:36:23.357Z</time>
			</trkpt>
			<trkpt lat="37.8997" lon="-3.02469">
				<ele>838.68</ele>
				<time>2026-09-10T12:36:24.479Z</time>
			</trkpt>
			<trkpt lat="37.89978" lon="-3.02454">
				<ele>839.35</ele>
				<time>2026-09-10T12:36:25.094Z</time>
			</trkpt>
			<trkpt lat="37.89995" lon="-3.02442">
				<ele>840.28</ele>
				<time>2026-09-10T12:36:25.931Z</time>
			</trkpt>
			<trkpt lat="37.90009" lon="-3.02442">
				<ele>839.5</ele>
				<time>2026-09-10T12:36:26.534Z</time>
			</trkpt>
			<trkpt lat="37.9004" lon="-3.0245">
				<ele>838.56</ele>
				<time>2026-09-10T12:36:27.897Z</time>
			</trkpt>
			<trkpt lat="37.90099" lon="-3.02494">
				<ele>833.5</ele>
				<time>2026-09-10T12:36:30.850Z</time>
			</trkpt>
			<trkpt lat="37.90124" lon="-3.02504">
				<ele>829.25</ele>
				<time>2026-09-10T12:36:31.982Z</time>
			</trkpt>
			<trkpt lat="37.90156" lon="-3.02507">
				<ele>824.27</ele>
				<time>2026-09-10T12:36:33.368Z</time>
			</trkpt>
			<trkpt lat="37.90233" lon="-3.02507">
				<ele>824.67</ele>
				<time>2026-09-10T12:36:36.699Z</time>
			</trkpt>
			<trkpt lat="37.90249" lon="-3.02516">
				<ele>823.14</ele>
				<time>2026-09-10T12:36:37.457Z</time>
			</trkpt>
			<trkpt lat="37.90264" lon="-3.02531">
				<ele>819.99</ele>
				<time>2026-09-10T12:36:38.285Z</time>
			</trkpt>
			<trkpt lat="37.90292" lon="-3.02553">
				<ele>818.76</ele>
				<time>2026-09-10T12:36:39.714Z</time>
			</trkpt>
			<trkpt lat="37.90307" lon="-3.02568">
				<ele>817.94</ele>
				<time>2026-09-10T12:36:40.543Z</time>
			</trkpt>
			<trkpt lat="37.90334" lon="-3.026">
				<ele>816.75</ele>
				<time>2026-09-10T12:36:42.148Z</time>
			</trkpt>
			<trkpt lat="37.90351" lon="-3.02625">
				<ele>815.17</ele>
				<time>2026-09-10T12:36:43.280Z</time>
			</trkpt>
			<trkpt lat="37.90376" lon="-3.02643">
				<ele>815.09</ele>
				<time>2026-09-10T12:36:44.530Z</time>
			</trkpt>
			<trkpt lat="37.9041" lon="-3.02652">
				<ele>816</ele>
				<time>2026-09-10T12:36:46.042Z</time>
			</trkpt>
			<trkpt lat="37.90434" lon="-3.02654">
				<ele>816.85</ele>
				<time>2026-09-10T12:36:47.091Z</time>
			</trkpt>
			<trkpt lat="37.90446" lon="-3.02664">
				<ele>815.82</ele>
				<time>2026-09-10T12:36:47.717Z</time>
			</trkpt>
			<trkpt lat="37.90473" lon="-3.02689">
				<ele>813.99</ele>
				<time>2026-09-10T12:36:49.176Z</time>
			</trkpt>
			<trkpt lat="37.90556" lon="-3.02754">
				<ele>812.38</ele>
				<time>2026-09-10T12:36:53.442Z</time>
			</trkpt>
			<trkpt lat="37.90582" lon="-3.02766">
				<ele>813.01</ele>
				<time>2026-09-10T12:36:54.655Z</time>
			</trkpt>
			<trkpt lat="37.90645" lon="-3.02771">
				<ele>813.7</ele>
				<time>2026-09-10T12:36:57.425Z</time>
			</trkpt>
			<trkpt lat="37.90764" lon="-3.02824">
				<ele>810.02</ele>
				<time>2026-09-10T12:37:02.981Z</time>
			</trkpt>
			<trkpt lat="37.90796" lon="-3.02836">
				<ele>810.13</ele>
				<time>2026-09-10T12:37:04.456Z</time>
			</trkpt>
			<trkpt lat="37.9081" lon="-3.02839">
				<ele>810.44</ele>
				<time>2026-09-10T12:37:05.084Z</time>
			</trkpt>
			<trkpt lat="37.90832" lon="-3.02834">
				<ele>810.94</ele>
				<time>2026-09-10T12:37:06.073Z</time>
			</trkpt>
			<trkpt lat="37.90869" lon="-3.02804">
				<ele>811.27</ele>
				<time>2026-09-10T12:37:08.020Z</time>
			</trkpt>
			<trkpt lat="37.90912" lon="-3.02764">
				<ele>810.64</ele>
				<time>2026-09-10T12:37:10.389Z</time>
			</trkpt>
			<trkpt lat="37.9095" lon="-3.02722">
				<ele>809.53</ele>
				<time>2026-09-10T12:37:12.634Z</time>
			</trkpt>
			<trkpt lat="37.90968" lon="-3.02692">
				<ele>808.15</ele>
				<time>2026-09-10T12:37:13.960Z</time>
			</trkpt>
			<trkpt lat="37.90978" lon="-3.02661">
				<ele>808.32</ele>
				<time>2026-09-10T12:37:15.140Z</time>
			</trkpt>
			<trkpt lat="37.90982" lon="-3.02623">
				<ele>809.71</ele>
				<time>2026-09-10T12:37:16.492Z</time>
			</trkpt>
			<trkpt lat="37.90976" lon="-3.02588">
				<ele>810.71</ele>
				<time>2026-09-10T12:37:17.757Z</time>
			</trkpt>
			<trkpt lat="37.9097" lon="-3.02561">
				<ele>810.19</ele>
				<time>2026-09-10T12:37:18.749Z</time>
			</trkpt>
			<trkpt lat="37.90875" lon="-3.02356">
				<ele>797.34</ele>
				<time>2026-09-10T12:37:27.202Z</time>
			</trkpt>
			<trkpt lat="37.90869" lon="-3.02332">
				<ele>797.43</ele>
				<time>2026-09-10T12:37:28.101Z</time>
			</trkpt>
			<trkpt lat="37.90866" lon="-3.02299">
				<ele>798.87</ele>
				<time>2026-09-10T12:37:29.290Z</time>
			</trkpt>
			<trkpt lat="37.90872" lon="-3.02237">
				<ele>800.89</ele>
				<time>2026-09-10T12:37:31.530Z</time>
			</trkpt>
			<trkpt lat="37.90871" lon="-3.02203">
				<ele>802.26</ele>
				<time>2026-09-10T12:37:32.752Z</time>
			</trkpt>
			<trkpt lat="37.9086" lon="-3.02179">
				<ele>804.04</ele>
				<time>2026-09-10T12:37:33.751Z</time>
			</trkpt>
			<trkpt lat="37.90846" lon="-3.02159">
				<ele>805.49</ele>
				<time>2026-09-10T12:37:34.714Z</time>
			</trkpt>
			<trkpt lat="37.9082" lon="-3.02135">
				<ele>808.54</ele>
				<time>2026-09-10T12:37:36.185Z</time>
			</trkpt>
			<trkpt lat="37.90804" lon="-3.02117">
				<ele>809.55</ele>
				<time>2026-09-10T12:37:37.164Z</time>
			</trkpt>
			<trkpt lat="37.90797" lon="-3.02101">
				<ele>810.33</ele>
				<time>2026-09-10T12:37:37.826Z</time>
			</trkpt>
			<trkpt lat="37.90766" lon="-3.01979">
				<ele>815.96</ele>
				<time>2026-09-10T12:37:42.477Z</time>
			</trkpt>
			<trkpt lat="37.90716" lon="-3.01847">
				<ele>825.03</ele>
				<time>2026-09-10T12:37:47.825Z</time>
			</trkpt>
			<trkpt lat="37.90702" lon="-3.01784">
				<ele>826.24</ele>
				<time>2026-09-10T12:37:50.228Z</time>
			</trkpt>
			<trkpt lat="37.90705" lon="-3.01754">
				<ele>826.61</ele>
				<time>2026-09-10T12:37:51.341Z</time>
			</trkpt>
			<trkpt lat="37.90712" lon="-3.0173">
				<ele>826.56</ele>
				<time>2026-09-10T12:37:52.284Z</time>
			</trkpt>
			<trkpt lat="37.90734" lon="-3.01693">
				<ele>827.53</ele>
				<time>2026-09-10T12:37:53.994Z</time>
			</trkpt>
			<trkpt lat="37.90742" lon="-3.01684">
				<ele>828.2</ele>
				<time>2026-09-10T12:37:54.495Z</time>
			</trkpt>
			<trkpt lat="37.90795" lon="-3.01645">
				<ele>826.54</ele>
				<time>2026-09-10T12:37:57.374Z</time>
			</trkpt>
			<trkpt lat="37.90923" lon="-3.01579">
				<ele>814.22</ele>
				<time>2026-09-10T12:38:03.908Z</time>
			</trkpt>
			<trkpt lat="37.90976" lon="-3.01548">
				<ele>810.64</ele>
				<time>2026-09-10T12:38:06.686Z</time>
			</trkpt>
			<trkpt lat="37.91081" lon="-3.01517">
				<ele>802.92</ele>
				<time>2026-09-10T12:38:11.848Z</time>
			</trkpt>
			<trkpt lat="37.91145" lon="-3.01468">
				<ele>793.27</ele>
				<time>2026-09-10T12:38:15.451Z</time>
			</trkpt>
			<trkpt lat="37.91284" lon="-3.01406">
				<ele>782.11</ele>
				<time>2026-09-10T12:38:22.611Z</time>
			</trkpt>
			<trkpt lat="37.91308" lon="-3.01401">
				<ele>779.21</ele>
				<time>2026-09-10T12:38:23.800Z</time>
			</trkpt>
			<trkpt lat="37.91321" lon="-3.01401">
				<ele>777.95</ele>
				<time>2026-09-10T12:38:24.437Z</time>
			</trkpt>
			<trkpt lat="37.91334" lon="-3.01405">
				<ele>777.04</ele>
				<time>2026-09-10T12:38:25.092Z</time>
			</trkpt>
			<trkpt lat="37.91356" lon="-3.01416">
				<ele>774.83</ele>
				<time>2026-09-10T12:38:26.253Z</time>
			</trkpt>
			<trkpt lat="37.91364" lon="-3.01423">
				<ele>773.94</ele>
				<time>2026-09-10T12:38:26.731Z</time>
			</trkpt>
			<trkpt lat="37.91397" lon="-3.01462">
				<ele>773.31</ele>
				<time>2026-09-10T12:38:28.953Z</time>
			</trkpt>
			<trkpt lat="37.9141" lon="-3.01472">
				<ele>772.28</ele>
				<time>2026-09-10T12:38:29.704Z</time>
			</trkpt>
			<trkpt lat="37.91499" lon="-3.01512">
				<ele>763.71</ele>
				<time>2026-09-10T12:38:34.386Z</time>
			</trkpt>
			<trkpt lat="37.91541" lon="-3.01535">
				<ele>760.05</ele>
				<time>2026-09-10T12:38:36.667Z</time>
			</trkpt>
			<trkpt lat="37.91559" lon="-3.01547">
				<ele>758.37</ele>
				<time>2026-09-10T12:38:37.684Z</time>
			</trkpt>
			<trkpt lat="37.9158" lon="-3.01558">
				<ele>755.71</ele>
				<time>2026-09-10T12:38:38.822Z</time>
			</trkpt>
			<trkpt lat="37.91623" lon="-3.01576">
				<ele>753.31</ele>
				<time>2026-09-10T12:38:41.096Z</time>
			</trkpt>
			<trkpt lat="37.91642" lon="-3.01576">
				<ele>752.67</ele>
				<time>2026-09-10T12:38:42.052Z</time>
			</trkpt>
			<trkpt lat="37.9165" lon="-3.0157">
				<ele>751.06</ele>
				<time>2026-09-10T12:38:42.521Z</time>
			</trkpt>
			<trkpt lat="37.91659" lon="-3.01571">
				<ele>750.04</ele>
				<time>2026-09-10T12:38:42.976Z</time>
			</trkpt>
			<trkpt lat="37.91666" lon="-3.01578">
				<ele>749.65</ele>
				<time>2026-09-10T12:38:43.427Z</time>
			</trkpt>
			<trkpt lat="37.91669" lon="-3.0159">
				<ele>749.72</ele>
				<time>2026-09-10T12:38:43.928Z</time>
			</trkpt>
			<trkpt lat="37.91681" lon="-3.01613">
				<ele>748.54</ele>
				<time>2026-09-10T12:38:45.029Z</time>
			</trkpt>
			<trkpt lat="37.91695" lon="-3.01626">
				<ele>747.5</ele>
				<time>2026-09-10T12:38:45.908Z</time>
			</trkpt>
			<trkpt lat="37.91701" lon="-3.01628">
				<ele>747.43</ele>
				<time>2026-09-10T12:38:46.223Z</time>
			</trkpt>
			<trkpt lat="37.91713" lon="-3.01628">
				<ele>746.79</ele>
				<time>2026-09-10T12:38:46.832Z</time>
			</trkpt>
			<trkpt lat="37.91726" lon="-3.01617">
				<ele>744.62</ele>
				<time>2026-09-10T12:38:47.626Z</time>
			</trkpt>
			<trkpt lat="37.91727" lon="-3.01606">
				<ele>743.34</ele>
				<time>2026-09-10T12:38:48.070Z</time>
			</trkpt>
			<trkpt lat="37.91727" lon="-3.01595">
				<ele>742.41</ele>
				<time>2026-09-10T12:38:48.512Z</time>
			</trkpt>
			<trkpt lat="37.91719" lon="-3.01555">
				<ele>739.31</ele>
				<time>2026-09-10T12:38:50.172Z</time>
			</trkpt>
			<trkpt lat="37.91712" lon="-3.01533">
				<ele>738.5</ele>
				<time>2026-09-10T12:38:51.128Z</time>
			</trkpt>
			<trkpt lat="37.91704" lon="-3.01517">
				<ele>739.27</ele>
				<time>2026-09-10T12:38:51.893Z</time>
			</trkpt>
			<trkpt lat="37.917" lon="-3.01506">
				<ele>739.22</ele>
				<time>2026-09-10T12:38:52.383Z</time>
			</trkpt>
			<trkpt lat="37.91663" lon="-3.01443">
				<ele>733.33</ele>
				<time>2026-09-10T12:38:55.567Z</time>
			</trkpt>
			<trkpt lat="37.91632" lon="-3.01389">
				<ele>732.18</ele>
				<time>2026-09-10T12:38:58.287Z</time>
			</trkpt>
			<trkpt lat="37.91629" lon="-3.01381">
				<ele>731.44</ele>
				<time>2026-09-10T12:38:58.649Z</time>
			</trkpt>
			<trkpt lat="37.91557" lon="-3.01263">
				<ele>725.57</ele>
				<time>2026-09-10T12:39:04.775Z</time>
			</trkpt>
			<trkpt lat="37.91539" lon="-3.0125">
				<ele>727.16</ele>
				<time>2026-09-10T12:39:05.860Z</time>
			</trkpt>
			<trkpt lat="37.91536" lon="-3.01249">
				<ele>727.61</ele>
				<time>2026-09-10T12:39:06.023Z</time>
			</trkpt>
			<trkpt lat="37.91529" lon="-3.01243">
				<ele>728.15</ele>
				<time>2026-09-10T12:39:06.466Z</time>
			</trkpt>
			<trkpt lat="37.91527" lon="-3.01233">
				<ele>727.74</ele>
				<time>2026-09-10T12:39:06.893Z</time>
			</trkpt>
			<trkpt lat="37.91528" lon="-3.01228">
				<ele>727.19</ele>
				<time>2026-09-10T12:39:07.105Z</time>
			</trkpt>
			<trkpt lat="37.91521" lon="-3.01206">
				<ele>726.93</ele>
				<time>2026-09-10T12:39:08.062Z</time>
			</trkpt>
			<trkpt lat="37.91479" lon="-3.01137">
				<ele>723.47</ele>
				<time>2026-09-10T12:39:11.662Z</time>
			</trkpt>
			<trkpt lat="37.91465" lon="-3.01119">
				<ele>721.94</ele>
				<time>2026-09-10T12:39:12.849Z</time>
			</trkpt>
			<trkpt lat="37.9144" lon="-3.01095">
				<ele>720.9</ele>
				<time>2026-09-10T12:39:14.879Z</time>
			</trkpt>
			<trkpt lat="37.91407" lon="-3.01075">
				<ele>719.11</ele>
				<time>2026-09-10T12:39:17.445Z</time>
			</trkpt>
			<trkpt lat="37.91392" lon="-3.01068">
				<ele>717.45</ele>
				<time>2026-09-10T12:39:18.624Z</time>
			</trkpt>
			<trkpt lat="37.91365" lon="-3.0106">
				<ele>714.91</ele>
				<time>2026-09-10T12:39:20.742Z</time>
			</trkpt>
			<trkpt lat="37.91326" lon="-3.01055">
				<ele>711.78</ele>
				<time>2026-09-10T12:39:23.865Z</time>
			</trkpt>
			<trkpt lat="37.91272" lon="-3.01051">
				<ele>712.82</ele>
				<time>2026-09-10T12:39:28.349Z</time>
			</trkpt>
			<trkpt lat="37.91245" lon="-3.01047">
				<ele>711.89</ele>
				<time>2026-09-10T12:39:30.645Z</time>
			</trkpt>
			<trkpt lat="37.91227" lon="-3.0104">
				<ele>709.47</ele>
				<time>2026-09-10T12:39:32.241Z</time>
			</trkpt>
			<trkpt lat="37.91171" lon="-3.01009">
				<ele>707.19</ele>
				<time>2026-09-10T12:39:37.395Z</time>
			</trkpt>
			<trkpt lat="37.91155" lon="-3.00995">
				<ele>709.8</ele>
				<time>2026-09-10T12:39:39.006Z</time>
			</trkpt>
			<trkpt lat="37.91151" lon="-3.00981">
				<ele>711.13</ele>
				<time>2026-09-10T12:39:39.969Z</time>
			</trkpt>
			<trkpt lat="37.91152" lon="-3.00972">
				<ele>711.05</ele>
				<time>2026-09-10T12:39:40.552Z</time>
			</trkpt>
			<trkpt lat="37.91155" lon="-3.00963">
				<ele>710.1</ele>
				<time>2026-09-10T12:39:41.176Z</time>
			</trkpt>
			<trkpt lat="37.91166" lon="-3.00948">
				<ele>707.85</ele>
				<time>2026-09-10T12:39:42.482Z</time>
			</trkpt>
			<trkpt lat="37.9119" lon="-3.00924">
				<ele>707.16</ele>
				<time>2026-09-10T12:39:44.948Z</time>
			</trkpt>
			<trkpt lat="37.912" lon="-3.00917">
				<ele>707.89</ele>
				<time>2026-09-10T12:39:45.868Z</time>
			</trkpt>
			<trkpt lat="37.91221" lon="-3.00908">
				<ele>709.54</ele>
				<time>2026-09-10T12:39:47.651Z</time>
			</trkpt>
			<trkpt lat="37.91287" lon="-3.00896">
				<ele>714.1</ele>
				<time>2026-09-10T12:39:53.002Z</time>
			</trkpt>
			<trkpt lat="37.91341" lon="-3.0087">
				<ele>720.01</ele>
				<time>2026-09-10T12:39:57.634Z</time>
			</trkpt>
			<trkpt lat="37.9135" lon="-3.00863">
				<ele>721.49</ele>
				<time>2026-09-10T12:39:58.481Z</time>
			</trkpt>
			<trkpt lat="37.9136" lon="-3.00853">
				<ele>723.5</ele>
				<time>2026-09-10T12:39:59.504Z</time>
			</trkpt>
			<trkpt lat="37.91373" lon="-3.00833">
				<ele>725.15</ele>
				<time>2026-09-10T12:40:01.146Z</time>
			</trkpt>
			<trkpt lat="37.9138" lon="-3.00805">
				<ele>727.19</ele>
				<time>2026-09-10T12:40:03.009Z</time>
			</trkpt>
			<trkpt lat="37.91382" lon="-3.00782">
				<ele>727.37</ele>
				<time>2026-09-10T12:40:04.479Z</time>
			</trkpt>
			<trkpt lat="37.91384" lon="-3.00775">
				<ele>727.19</ele>
				<time>2026-09-10T12:40:04.952Z</time>
			</trkpt>
			<trkpt lat="37.91412" lon="-3.00713">
				<ele>729.44</ele>
				<time>2026-09-10T12:40:09.508Z</time>
			</trkpt>
			<trkpt lat="37.91424" lon="-3.00696">
				<ele>730.02</ele>
				<time>2026-09-10T12:40:10.969Z</time>
			</trkpt>
			<trkpt lat="37.91432" lon="-3.00692">
				<ele>729.7</ele>
				<time>2026-09-10T12:40:11.668Z</time>
			</trkpt>
			<trkpt lat="37.91454" lon="-3.00686">
				<ele>729.78</ele>
				<time>2026-09-10T12:40:13.502Z</time>
			</trkpt>
			<trkpt lat="37.91555" lon="-3.00662">
				<ele>732.8</ele>
				<time>2026-09-10T12:40:21.965Z</time>
			</trkpt>
			<trkpt lat="37.91582" lon="-3.00662">
				<ele>733.08</ele>
				<time>2026-09-10T12:40:24.218Z</time>
			</trkpt>
			<trkpt lat="37.91624" lon="-3.00671">
				<ele>739.35</ele>
				<time>2026-09-10T12:40:27.801Z</time>
			</trkpt>
			<trkpt lat="37.91646" lon="-3.0068">
				<ele>740.03</ele>
				<time>2026-09-10T12:40:29.762Z</time>
			</trkpt>
			<trkpt lat="37.91675" lon="-3.00696">
				<ele>738.16</ele>
				<time>2026-09-10T12:40:32.464Z</time>
			</trkpt>
			<trkpt lat="37.9169" lon="-3.00699">
				<ele>738.32</ele>
				<time>2026-09-10T12:40:33.770Z</time>
			</trkpt>
			<trkpt lat="37.91699" lon="-3.00696">
				<ele>738.58</ele>
				<time>2026-09-10T12:40:34.573Z</time>
			</trkpt>
			<trkpt lat="37.91706" lon="-3.00687">
				<ele>739.3</ele>
				<time>2026-09-10T12:40:35.437Z</time>
			</trkpt>
			<trkpt lat="37.91708" lon="-3.00681">
				<ele>739.9</ele>
				<time>2026-09-10T12:40:35.882Z</time>
			</trkpt>
			<trkpt lat="37.9172" lon="-3.00639">
				<ele>743.37</ele>
				<time>2026-09-10T12:40:38.959Z</time>
			</trkpt>
			<trkpt lat="37.91729" lon="-3.00618">
				<ele>744.77</ele>
				<time>2026-09-10T12:40:40.620Z</time>
			</trkpt>
			<trkpt lat="37.91736" lon="-3.00609">
				<ele>745.42</ele>
				<time>2026-09-10T12:40:41.502Z</time>
			</trkpt>
			<trkpt lat="37.91742" lon="-3.00605">
				<ele>745.76</ele>
				<time>2026-09-10T12:40:42.104Z</time>
			</trkpt>
			<trkpt lat="37.91751" lon="-3.00604">
				<ele>746.01</ele>
				<time>2026-09-10T12:40:42.908Z</time>
			</trkpt>
			<trkpt lat="37.91768" lon="-3.00604">
				<ele>748.64</ele>
				<time>2026-09-10T12:40:44.427Z</time>
			</trkpt>
			<trkpt lat="37.91812" lon="-3.00608">
				<ele>752.8</ele>
				<time>2026-09-10T12:40:48.414Z</time>
			</trkpt>
			<trkpt lat="37.91859" lon="-3.00624">
				<ele>754.13</ele>
				<time>2026-09-10T12:40:52.890Z</time>
			</trkpt>
			<trkpt lat="37.91864" lon="-3.00624">
				<ele>754.01</ele>
				<time>2026-09-10T12:40:53.354Z</time>
			</trkpt>
			<trkpt lat="37.91869" lon="-3.00622">
				<ele>754.04</ele>
				<time>2026-09-10T12:40:53.843Z</time>
			</trkpt>
			<trkpt lat="37.91877" lon="-3.00609">
				<ele>755.1</ele>
				<time>2026-09-10T12:40:55.058Z</time>
			</trkpt>
			<trkpt lat="37.91879" lon="-3.00598">
				<ele>756.35</ele>
				<time>2026-09-10T12:40:55.894Z</time>
			</trkpt>
			<trkpt lat="37.91875" lon="-3.00586">
				<ele>757.77</ele>
				<time>2026-09-10T12:40:56.863Z</time>
			</trkpt>
			<trkpt lat="37.91868" lon="-3.00576">
				<ele>758.84</ele>
				<time>2026-09-10T12:40:57.863Z</time>
			</trkpt>
			<trkpt lat="37.9184" lon="-3.0055">
				<ele>760.52</ele>
				<time>2026-09-10T12:41:01.190Z</time>
			</trkpt>
			<trkpt lat="37.91777" lon="-3.00497">
				<ele>765.74</ele>
				<time>2026-09-10T12:41:08.616Z</time>
			</trkpt>
			<trkpt lat="37.91747" lon="-3.00476">
				<ele>767.38</ele>
				<time>2026-09-10T12:41:12.058Z</time>
			</trkpt>
			<trkpt lat="37.91704" lon="-3.00456">
				<ele>773.78</ele>
				<time>2026-09-10T12:41:16.726Z</time>
			</trkpt>
			<trkpt lat="37.91692" lon="-3.00454">
				<ele>775.54</ele>
				<time>2026-09-10T12:41:17.972Z</time>
			</trkpt>
			<trkpt lat="37.91674" lon="-3.00463">
				<ele>776.44</ele>
				<time>2026-09-10T12:41:19.974Z</time>
			</trkpt>
			<trkpt lat="37.91669" lon="-3.00469">
				<ele>776.16</ele>
				<time>2026-09-10T12:41:20.689Z</time>
			</trkpt>
			<trkpt lat="37.91638" lon="-3.00487">
				<ele>777.49</ele>
				<time>2026-09-10T12:41:24.254Z</time>
			</trkpt>
			<trkpt lat="37.91625" lon="-3.00492">
				<ele>777.24</ele>
				<time>2026-09-10T12:41:25.684Z</time>
			</trkpt>
			<trkpt lat="37.91618" lon="-3.00492">
				<ele>777.26</ele>
				<time>2026-09-10T12:41:26.423Z</time>
			</trkpt>
			<trkpt lat="37.91601" lon="-3.00484">
				<ele>778.06</ele>
				<time>2026-09-10T12:41:28.344Z</time>
			</trkpt>
			<trkpt lat="37.91543" lon="-3.00465">
				<ele>782.73</ele>
				<time>2026-09-10T12:41:34.754Z</time>
			</trkpt>
			<trkpt lat="37.91524" lon="-3.0046">
				<ele>784.99</ele>
				<time>2026-09-10T12:41:36.849Z</time>
			</trkpt>
			<trkpt lat="37.91483" lon="-3.00463">
				<ele>788.6</ele>
				<time>2026-09-10T12:41:41.313Z</time>
			</trkpt>
			<trkpt lat="37.91473" lon="-3.00462">
				<ele>789.67</ele>
				<time>2026-09-10T12:41:42.408Z</time>
			</trkpt>
			<trkpt lat="37.91465" lon="-3.00459">
				<ele>790.54</ele>
				<time>2026-09-10T12:41:43.321Z</time>
			</trkpt>
			<trkpt lat="37.91451" lon="-3.00449">
				<ele>793.08</ele>
				<time>2026-09-10T12:41:45.083Z</time>
			</trkpt>
			<trkpt lat="37.91435" lon="-3.00431">
				<ele>793.25</ele>
				<time>2026-09-10T12:41:47.436Z</time>
			</trkpt>
			<trkpt lat="37.91421" lon="-3.00413">
				<ele>793.31</ele>
				<time>2026-09-10T12:41:49.637Z</time>
			</trkpt>
			<trkpt lat="37.91394" lon="-3.00363">
				<ele>795.99</ele>
				<time>2026-09-10T12:41:54.937Z</time>
			</trkpt>
			<trkpt lat="37.91334" lon="-3.00298">
				<ele>798.69</ele>
				<time>2026-09-10T12:42:03.751Z</time>
			</trkpt>
			<trkpt lat="37.91329" lon="-3.0029">
				<ele>799.01</ele>
				<time>2026-09-10T12:42:04.654Z</time>
			</trkpt>
			<trkpt lat="37.91298" lon="-3.0027">
				<ele>800.18</ele>
				<time>2026-09-10T12:42:08.559Z</time>
			</trkpt>
			<trkpt lat="37.91295" lon="-3.00273">
				<ele>799.95</ele>
				<time>2026-09-10T12:42:08.988Z</time>
			</trkpt>
			<trkpt lat="37.91291" lon="-3.00273">
				<ele>800.02</ele>
				<time>2026-09-10T12:42:09.438Z</time>
			</trkpt>
			<trkpt lat="37.91288" lon="-3.00271">
				<ele>800.36</ele>
				<time>2026-09-10T12:42:09.819Z</time>
			</trkpt>
			<trkpt lat="37.91286" lon="-3.00267">
				<ele>800.87</ele>
				<time>2026-09-10T12:42:10.239Z</time>
			</trkpt>
			<trkpt lat="37.91286" lon="-3.00263">
				<ele>801.36</ele>
				<time>2026-09-10T12:42:10.594Z</time>
			</trkpt>
			<trkpt lat="37.91288" lon="-3.00259">
				<ele>801.7</ele>
				<time>2026-09-10T12:42:11.014Z</time>
			</trkpt>
			<trkpt lat="37.91293" lon="-3.00257">
				<ele>801.71</ele>
				<time>2026-09-10T12:42:11.604Z</time>
			</trkpt>
			<trkpt lat="37.91297" lon="-3.00259">
				<ele>801.38</ele>
				<time>2026-09-10T12:42:12.088Z</time>
			</trkpt>
			<trkpt lat="37.91299" lon="-3.00263">
				<ele>800.88</ele>
				<time>2026-09-10T12:42:12.508Z</time>
			</trkpt>
			<trkpt lat="37.91298" lon="-3.0027">
				<ele>800.18</ele>
				<time>2026-09-10T12:42:13.140Z</time>
			</trkpt>
			<trkpt lat="37.91329" lon="-3.0029">
				<ele>799.01</ele>
				<time>2026-09-10T12:42:17.057Z</time>
			</trkpt>
			<trkpt lat="37.91364" lon="-3.00308">
				<ele>801.26</ele>
				<time>2026-09-10T12:42:21.313Z</time>
			</trkpt>
			<trkpt lat="37.9141" lon="-3.00325">
				<ele>805.68</ele>
				<time>2026-09-10T12:42:26.708Z</time>
			</trkpt>
			<trkpt lat="37.9146" lon="-3.00351">
				<ele>807.3</ele>
				<time>2026-09-10T12:42:32.784Z</time>
			</trkpt>
			<trkpt lat="37.91478" lon="-3.00362">
				<ele>805.41</ele>
				<time>2026-09-10T12:42:35.025Z</time>
			</trkpt>
			<trkpt lat="37.91497" lon="-3.00376">
				<ele>801.96</ele>
				<time>2026-09-10T12:42:37.487Z</time>
			</trkpt>
			<trkpt lat="37.91511" lon="-3.00382">
				<ele>801</ele>
				<time>2026-09-10T12:42:39.139Z</time>
			</trkpt>
			<trkpt lat="37.91522" lon="-3.00381">
				<ele>800.99</ele>
				<time>2026-09-10T12:42:40.371Z</time>
			</trkpt>
			<trkpt lat="37.91543" lon="-3.00374">
				<ele>802.03</ele>
				<time>2026-09-10T12:42:42.792Z</time>
			</trkpt>
			<trkpt lat="37.91603" lon="-3.00355">
				<ele>808.44</ele>
				<time>2026-09-10T12:42:49.654Z</time>
			</trkpt>
			<trkpt lat="37.91645" lon="-3.00303">
				<ele>815.24</ele>
				<time>2026-09-10T12:42:56.111Z</time>
			</trkpt>
			<trkpt lat="37.91652" lon="-3.00298">
				<ele>815.85</ele>
				<time>2026-09-10T12:42:56.990Z</time>
			</trkpt>
			<trkpt lat="37.91667" lon="-3.00296">
				<ele>815.81</ele>
				<time>2026-09-10T12:42:58.636Z</time>
			</trkpt>
			<trkpt lat="37.91695" lon="-3.00304">
				<ele>816.23</ele>
				<time>2026-09-10T12:43:01.755Z</time>
			</trkpt>
			<trkpt lat="37.91705" lon="-3.00302">
				<ele>816.58</ele>
				<time>2026-09-10T12:43:02.850Z</time>
			</trkpt>
			<trkpt lat="37.91715" lon="-3.00293">
				<ele>818.05</ele>
				<time>2026-09-10T12:43:04.171Z</time>
			</trkpt>
			<trkpt lat="37.91772" lon="-3.00226">
				<ele>827.61</ele>
				<time>2026-09-10T12:43:12.633Z</time>
			</trkpt>
			<trkpt lat="37.9178" lon="-3.00222">
				<ele>827.4</ele>
				<time>2026-09-10T12:43:13.591Z</time>
			</trkpt>
			<trkpt lat="37.91847" lon="-3.00199">
				<ele>822.41</ele>
				<time>2026-09-10T12:43:21.341Z</time>
			</trkpt>
			<trkpt lat="37.91863" lon="-3.00189">
				<ele>823.8</ele>
				<time>2026-09-10T12:43:23.339Z</time>
			</trkpt>
			<trkpt lat="37.91867" lon="-3.00185">
				<ele>824.01</ele>
				<time>2026-09-10T12:43:23.909Z</time>
			</trkpt>
			<trkpt lat="37.91934" lon="-3.00087">
				<ele>832.3</ele>
				<time>2026-09-10T12:43:35.412Z</time>
			</trkpt>
			<trkpt lat="37.91955" lon="-3.00063">
				<ele>834.2</ele>
				<time>2026-09-10T12:43:38.606Z</time>
			</trkpt>
			<trkpt lat="37.91993" lon="-3.00032">
				<ele>835.73</ele>
				<time>2026-09-10T12:43:43.725Z</time>
			</trkpt>
			<trkpt lat="37.92003" lon="-3.00023">
				<ele>837.05</ele>
				<time>2026-09-10T12:43:45.117Z</time>
			</trkpt>
			<trkpt lat="37.92063" lon="-2.99949">
				<ele>841.8</ele>
				<time>2026-09-10T12:43:54.658Z</time>
			</trkpt>
			<trkpt lat="37.92085" lon="-2.99915">
				<ele>843.14</ele>
				<time>2026-09-10T12:43:58.632Z</time>
			</trkpt>
			<trkpt lat="37.92095" lon="-2.99897">
				<ele>845.59</ele>
				<time>2026-09-10T12:44:00.627Z</time>
			</trkpt>
			<trkpt lat="37.92102" lon="-2.99879">
				<ele>847.68</ele>
				<time>2026-09-10T12:44:02.447Z</time>
			</trkpt>
			<trkpt lat="37.92109" lon="-2.99845">
				<ele>849.04</ele>
				<time>2026-09-10T12:44:05.641Z</time>
			</trkpt>
			<trkpt lat="37.9211" lon="-2.99814">
				<ele>850.79</ele>
				<time>2026-09-10T12:44:08.469Z</time>
			</trkpt>
			<trkpt lat="37.92105" lon="-2.99792">
				<ele>852.84</ele>
				<time>2026-09-10T12:44:10.559Z</time>
			</trkpt>
			<trkpt lat="37.92098" lon="-2.99779">
				<ele>855.03</ele>
				<time>2026-09-10T12:44:11.999Z</time>
			</trkpt>
			<trkpt lat="37.9208" lon="-2.99752">
				<ele>858.89</ele>
				<time>2026-09-10T12:44:15.238Z</time>
			</trkpt>
			<trkpt lat="37.92075" lon="-2.9974">
				<ele>859.86</ele>
				<time>2026-09-10T12:44:16.484Z</time>
			</trkpt>
			<trkpt lat="37.92072" lon="-2.99729">
				<ele>860.19</ele>
				<time>2026-09-10T12:44:17.554Z</time>
			</trkpt>
			<trkpt lat="37.92072" lon="-2.99701">
				<ele>861.89</ele>
				<time>2026-09-10T12:44:20.132Z</time>
			</trkpt>
			<trkpt lat="37.92077" lon="-2.99685">
				<ele>864.55</ele>
				<time>2026-09-10T12:44:21.719Z</time>
			</trkpt>
			<trkpt lat="37.92107" lon="-2.99637">
				<ele>868.25</ele>
				<time>2026-09-10T12:44:27.386Z</time>
			</trkpt>
			<trkpt lat="37.92121" lon="-2.99609">
				<ele>869.53</ele>
				<time>2026-09-10T12:44:30.466Z</time>
			</trkpt>
			<trkpt lat="37.92134" lon="-2.99569">
				<ele>871.34</ele>
				<time>2026-09-10T12:44:34.499Z</time>
			</trkpt>
			<trkpt lat="37.92142" lon="-2.9954">
				<ele>875.33</ele>
				<time>2026-09-10T12:44:37.372Z</time>
			</trkpt>
			<trkpt lat="37.9214" lon="-2.99514">
				<ele>880.29</ele>
				<time>2026-09-10T12:44:39.822Z</time>
			</trkpt>
			<trkpt lat="37.92138" lon="-2.9951">
				<ele>881.36</ele>
				<time>2026-09-10T12:44:40.267Z</time>
			</trkpt>
			<trkpt lat="37.92137" lon="-2.99505">
				<ele>882.45</ele>
				<time>2026-09-10T12:44:40.751Z</time>
			</trkpt>
			<trkpt lat="37.92141" lon="-2.99499">
				<ele>883.06</ele>
				<time>2026-09-10T12:44:41.490Z</time>
			</trkpt>
			<trkpt lat="37.92143" lon="-2.99498">
				<ele>883</ele>
				<time>2026-09-10T12:44:41.746Z</time>
			</trkpt>
			<trkpt lat="37.92164" lon="-2.99472">
				<ele>882.75</ele>
				<time>2026-09-10T12:44:45.253Z</time>
			</trkpt>
			<trkpt lat="37.92177" lon="-2.99452">
				<ele>882.15</ele>
				<time>2026-09-10T12:44:47.702Z</time>
			</trkpt>
			<trkpt lat="37.92202" lon="-2.99421">
				<ele>880.95</ele>
				<time>2026-09-10T12:44:51.907Z</time>
			</trkpt>
			<trkpt lat="37.92245" lon="-2.9938">
				<ele>879.8</ele>
				<time>2026-09-10T12:44:58.412Z</time>
			</trkpt>
			<trkpt lat="37.92256" lon="-2.99364">
				<ele>879.14</ele>
				<time>2026-09-10T12:45:00.445Z</time>
			</trkpt>
			<trkpt lat="37.92262" lon="-2.99348">
				<ele>879.16</ele>
				<time>2026-09-10T12:45:02.145Z</time>
			</trkpt>
			<trkpt lat="37.92264" lon="-2.99328">
				<ele>880.31</ele>
				<time>2026-09-10T12:45:04.084Z</time>
			</trkpt>
			<trkpt lat="37.92261" lon="-2.99313">
				<ele>882.04</ele>
				<time>2026-09-10T12:45:05.575Z</time>
			</trkpt>
			<trkpt lat="37.92231" lon="-2.9921">
				<ele>891.28</ele>
				<time>2026-09-10T12:45:16.225Z</time>
			</trkpt>
			<trkpt lat="37.92209" lon="-2.99164">
				<ele>893.6</ele>
				<time>2026-09-10T12:45:21.489Z</time>
			</trkpt>
			<trkpt lat="37.92202" lon="-2.99132">
				<ele>892.1</ele>
				<time>2026-09-10T12:45:24.755Z</time>
			</trkpt>
			<trkpt lat="37.92187" lon="-2.99088">
				<ele>897.28</ele>
				<time>2026-09-10T12:45:29.489Z</time>
			</trkpt>
			<trkpt lat="37.92186" lon="-2.99033">
				<ele>898.17</ele>
				<time>2026-09-10T12:45:34.971Z</time>
			</trkpt>
			<trkpt lat="37.92181" lon="-2.99016">
				<ele>897.82</ele>
				<time>2026-09-10T12:45:36.965Z</time>
			</trkpt>
			<trkpt lat="37.92151" lon="-2.98967">
				<ele>896.76</ele>
				<time>2026-09-10T12:45:42.611Z</time>
			</trkpt>
			<trkpt lat="37.92134" lon="-2.98925">
				<ele>891.39</ele>
				<time>2026-09-10T12:45:46.325Z</time>
			</trkpt>
			<trkpt lat="37.9212" lon="-2.98909">
				<ele>896.2</ele>
				<time>2026-09-10T12:45:48.196Z</time>
			</trkpt>
			<trkpt lat="37.92075" lon="-2.98876">
				<ele>904.3</ele>
				<time>2026-09-10T12:45:53.323Z</time>
			</trkpt>
			<trkpt lat="37.92067" lon="-2.98868">
				<ele>904.41</ele>
				<time>2026-09-10T12:45:54.322Z</time>
			</trkpt>
			<trkpt lat="37.92065" lon="-2.98863">
				<ele>904</ele>
				<time>2026-09-10T12:45:54.755Z</time>
			</trkpt>
			<trkpt lat="37.92062" lon="-2.98845">
				<ele>902.41</ele>
				<time>2026-09-10T12:45:56.174Z</time>
			</trkpt>
			<trkpt lat="37.92065" lon="-2.9882">
				<ele>900.81</ele>
				<time>2026-09-10T12:45:58.119Z</time>
			</trkpt>
			<trkpt lat="37.92078" lon="-2.98754">
				<ele>902.96</ele>
				<time>2026-09-10T12:46:03.316Z</time>
			</trkpt>
			<trkpt lat="37.92087" lon="-2.98734">
				<ele>904.47</ele>
				<time>2026-09-10T12:46:05.064Z</time>
			</trkpt>
			<trkpt lat="37.92092" lon="-2.98727">
				<ele>905.54</ele>
				<time>2026-09-10T12:46:05.779Z</time>
			</trkpt>
			<trkpt lat="37.92103" lon="-2.98719">
				<ele>906.04</ele>
				<time>2026-09-10T12:46:06.995Z</time>
			</trkpt>
			<trkpt lat="37.9212" lon="-2.98712">
				<ele>904.65</ele>
				<time>2026-09-10T12:46:08.703Z</time>
			</trkpt>
			<trkpt lat="37.92151" lon="-2.98704">
				<ele>901.3</ele>
				<time>2026-09-10T12:46:11.714Z</time>
			</trkpt>
			<trkpt lat="37.9216" lon="-2.987">
				<ele>900.86</ele>
				<time>2026-09-10T12:46:12.618Z</time>
			</trkpt>
			<trkpt lat="37.92182" lon="-2.98683">
				<ele>901</ele>
				<time>2026-09-10T12:46:15.053Z</time>
			</trkpt>
			<trkpt lat="37.92204" lon="-2.98659">
				<ele>901.09</ele>
				<time>2026-09-10T12:46:17.784Z</time>
			</trkpt>
			<trkpt lat="37.92222" lon="-2.98628">
				<ele>901</ele>
				<time>2026-09-10T12:46:20.625Z</time>
			</trkpt>
			<trkpt lat="37.92228" lon="-2.98609">
				<ele>900.87</ele>
				<time>2026-09-10T12:46:22.129Z</time>
			</trkpt>
			<trkpt lat="37.92233" lon="-2.98588">
				<ele>902.2</ele>
				<time>2026-09-10T12:46:23.737Z</time>
			</trkpt>
			<trkpt lat="37.92238" lon="-2.9855">
				<ele>905.87</ele>
				<time>2026-09-10T12:46:26.549Z</time>
			</trkpt>
			<trkpt lat="37.9224" lon="-2.9852">
				<ele>907.77</ele>
				<time>2026-09-10T12:46:28.736Z</time>
			</trkpt>
			<trkpt lat="37.92239" lon="-2.98497">
				<ele>907.76</ele>
				<time>2026-09-10T12:46:30.403Z</time>
			</trkpt>
			<trkpt lat="37.92233" lon="-2.98473">
				<ele>907.1</ele>
				<time>2026-09-10T12:46:32.219Z</time>
			</trkpt>
			<trkpt lat="37.92224" lon="-2.98448">
				<ele>906.9</ele>
				<time>2026-09-10T12:46:34.194Z</time>
			</trkpt>
			<trkpt lat="37.9222" lon="-2.98432">
				<ele>907.21</ele>
				<time>2026-09-10T12:46:35.396Z</time>
			</trkpt>
			<trkpt lat="37.92218" lon="-2.98409">
				<ele>907.77</ele>
				<time>2026-09-10T12:46:37.050Z</time>
			</trkpt>
			<trkpt lat="37.92225" lon="-2.98321">
				<ele>911.26</ele>
				<time>2026-09-10T12:46:43.320Z</time>
			</trkpt>
			<trkpt lat="37.9223" lon="-2.98291">
				<ele>912.7</ele>
				<time>2026-09-10T12:46:45.476Z</time>
			</trkpt>
			<trkpt lat="37.92238" lon="-2.98273">
				<ele>913.04</ele>
				<time>2026-09-10T12:46:46.924Z</time>
			</trkpt>
			<trkpt lat="37.92247" lon="-2.98265">
				<ele>912.2</ele>
				<time>2026-09-10T12:46:47.898Z</time>
			</trkpt>
			<trkpt lat="37.92281" lon="-2.98248">
				<ele>908.3</ele>
				<time>2026-09-10T12:46:51.124Z</time>
			</trkpt>
			<trkpt lat="37.92322" lon="-2.98231">
				<ele>903.26</ele>
				<time>2026-09-10T12:46:54.904Z</time>
			</trkpt>
			<trkpt lat="37.92339" lon="-2.98223">
				<ele>900.42</ele>
				<time>2026-09-10T12:46:56.485Z</time>
			</trkpt>
			<trkpt lat="37.92371" lon="-2.98197">
				<ele>901.01</ele>
				<time>2026-09-10T12:46:59.782Z</time>
			</trkpt>
			<trkpt lat="37.92405" lon="-2.98174">
				<ele>898.79</ele>
				<time>2026-09-10T12:47:03.103Z</time>
			</trkpt>
			<trkpt lat="37.92432" lon="-2.98164">
				<ele>897.3</ele>
				<time>2026-09-10T12:47:05.513Z</time>
			</trkpt>
			<trkpt lat="37.92471" lon="-2.98157">
				<ele>897.07</ele>
				<time>2026-09-10T12:47:08.868Z</time>
			</trkpt>
			<trkpt lat="37.92488" lon="-2.98149">
				<ele>895.22</ele>
				<time>2026-09-10T12:47:10.405Z</time>
			</trkpt>
			<trkpt lat="37.92495" lon="-2.98141">
				<ele>894.09</ele>
				<time>2026-09-10T12:47:11.202Z</time>
			</trkpt>
			<trkpt lat="37.92502" lon="-2.98126">
				<ele>892.74</ele>
				<time>2026-09-10T12:47:12.362Z</time>
			</trkpt>
			<trkpt lat="37.92523" lon="-2.98042">
				<ele>890.55</ele>
				<time>2026-09-10T12:47:18.186Z</time>
			</trkpt>
			<trkpt lat="37.9253" lon="-2.98028">
				<ele>889.59</ele>
				<time>2026-09-10T12:47:19.274Z</time>
			</trkpt>
			<trkpt lat="37.92554" lon="-2.97993">
				<ele>884.94</ele>
				<time>2026-09-10T12:47:22.305Z</time>
			</trkpt>
			<trkpt lat="37.92593" lon="-2.97923">
				<ele>886.79</ele>
				<time>2026-09-10T12:47:27.856Z</time>
			</trkpt>
			<trkpt lat="37.92615" lon="-2.97875">
				<ele>883.63</ele>
				<time>2026-09-10T12:47:31.419Z</time>
			</trkpt>
			<trkpt lat="37.9262" lon="-2.97854">
				<ele>882.38</ele>
				<time>2026-09-10T12:47:32.819Z</time>
			</trkpt>
			<trkpt lat="37.92616" lon="-2.97832">
				<ele>881.15</ele>
				<time>2026-09-10T12:47:34.256Z</time>
			</trkpt>
			<trkpt lat="37.92602" lon="-2.97804">
				<ele>882.21</ele>
				<time>2026-09-10T12:47:36.358Z</time>
			</trkpt>
			<trkpt lat="37.92595" lon="-2.97778">
				<ele>882.62</ele>
				<time>2026-09-10T12:47:38.093Z</time>
			</trkpt>
			<trkpt lat="37.92594" lon="-2.97756">
				<ele>880.29</ele>
				<time>2026-09-10T12:47:39.480Z</time>
			</trkpt>
			<trkpt lat="37.92595" lon="-2.97741">
				<ele>878.96</ele>
				<time>2026-09-10T12:47:40.426Z</time>
			</trkpt>
			<trkpt lat="37.926" lon="-2.97722">
				<ele>876.85</ele>
				<time>2026-09-10T12:47:41.681Z</time>
			</trkpt>
			<trkpt lat="37.92605" lon="-2.9771">
				<ele>875.76</ele>
				<time>2026-09-10T12:47:42.529Z</time>
			</trkpt>
			<trkpt lat="37.92628" lon="-2.97672">
				<ele>869.71</ele>
				<time>2026-09-10T12:47:45.511Z</time>
			</trkpt>
			<trkpt lat="37.92641" lon="-2.97644">
				<ele>869.77</ele>
				<time>2026-09-10T12:47:47.524Z</time>
			</trkpt>
			<trkpt lat="37.92649" lon="-2.97615">
				<ele>871.4</ele>
				<time>2026-09-10T12:47:49.418Z</time>
			</trkpt>
			<trkpt lat="37.92667" lon="-2.97517">
				<ele>870.07</ele>
				<time>2026-09-10T12:47:55.572Z</time>
			</trkpt>
			<trkpt lat="37.92676" lon="-2.97437">
				<ele>872.09</ele>
				<time>2026-09-10T12:48:00.456Z</time>
			</trkpt>
			<trkpt lat="37.92683" lon="-2.97418">
				<ele>871.02</ele>
				<time>2026-09-10T12:48:01.715Z</time>
			</trkpt>
			<trkpt lat="37.92702" lon="-2.97375">
				<ele>869.27</ele>
				<time>2026-09-10T12:48:04.662Z</time>
			</trkpt>
			<trkpt lat="37.92714" lon="-2.97346">
				<ele>869.2</ele>
				<time>2026-09-10T12:48:06.609Z</time>
			</trkpt>
			<trkpt lat="37.9272" lon="-2.97326">
				<ele>868.42</ele>
				<time>2026-09-10T12:48:07.877Z</time>
			</trkpt>
			<trkpt lat="37.92744" lon="-2.97225">
				<ele>862.32</ele>
				<time>2026-09-10T12:48:14.078Z</time>
			</trkpt>
			<trkpt lat="37.92758" lon="-2.97187">
				<ele>864.79</ele>
				<time>2026-09-10T12:48:16.521Z</time>
			</trkpt>
			<trkpt lat="37.92785" lon="-2.97131">
				<ele>862.46</ele>
				<time>2026-09-10T12:48:20.318Z</time>
			</trkpt>
			<trkpt lat="37.92798" lon="-2.9711">
				<ele>859.4</ele>
				<time>2026-09-10T12:48:21.854Z</time>
			</trkpt>
			<trkpt lat="37.9282" lon="-2.97082">
				<ele>846.07</ele>
				<time>2026-09-10T12:48:24.118Z</time>
			</trkpt>
			<trkpt lat="37.92823" lon="-2.97074">
				<ele>844.23</ele>
				<time>2026-09-10T12:48:24.624Z</time>
			</trkpt>
			<trkpt lat="37.92823" lon="-2.9705">
				<ele>843.41</ele>
				<time>2026-09-10T12:48:25.992Z</time>
			</trkpt>
			<trkpt lat="37.9282" lon="-2.97039">
				<ele>844.84</ele>
				<time>2026-09-10T12:48:26.654Z</time>
			</trkpt>
			<trkpt lat="37.92806" lon="-2.97007">
				<ele>847.69</ele>
				<time>2026-09-10T12:48:28.729Z</time>
			</trkpt>
			<trkpt lat="37.92802" lon="-2.96989">
				<ele>848.65</ele>
				<time>2026-09-10T12:48:29.786Z</time>
			</trkpt>
			<trkpt lat="37.92802" lon="-2.96979">
				<ele>848.32</ele>
				<time>2026-09-10T12:48:30.350Z</time>
			</trkpt>
			<trkpt lat="37.92805" lon="-2.9697">
				<ele>847.31</ele>
				<time>2026-09-10T12:48:30.901Z</time>
			</trkpt>
			<trkpt lat="37.92813" lon="-2.9696">
				<ele>849.11</ele>
				<time>2026-09-10T12:48:31.702Z</time>
			</trkpt>
			<trkpt lat="37.92825" lon="-2.96954">
				<ele>851.45</ele>
				<time>2026-09-10T12:48:32.621Z</time>
			</trkpt>
			<trkpt lat="37.92842" lon="-2.96956">
				<ele>852.07</ele>
				<time>2026-09-10T12:48:33.833Z</time>
			</trkpt>
			<trkpt lat="37.92858" lon="-2.96962">
				<ele>850.12</ele>
				<time>2026-09-10T12:48:35.016Z</time>
			</trkpt>
			<trkpt lat="37.92871" lon="-2.96972">
				<ele>851.07</ele>
				<time>2026-09-10T12:48:36.091Z</time>
			</trkpt>
			<trkpt lat="37.92893" lon="-2.97">
				<ele>846.62</ele>
				<time>2026-09-10T12:48:38.287Z</time>
			</trkpt>
			<trkpt lat="37.929" lon="-2.97006">
				<ele>846.2</ele>
				<time>2026-09-10T12:48:38.880Z</time>
			</trkpt>
			<trkpt lat="37.92907" lon="-2.97009">
				<ele>847.38</ele>
				<time>2026-09-10T12:48:39.398Z</time>
			</trkpt>
			<trkpt lat="37.92921" lon="-2.97009">
				<ele>851.09</ele>
				<time>2026-09-10T12:48:40.379Z</time>
			</trkpt>
			<trkpt lat="37.92948" lon="-2.97002">
				<ele>857.81</ele>
				<time>2026-09-10T12:48:42.303Z</time>
			</trkpt>
			<trkpt lat="37.92963" lon="-2.97">
				<ele>856.53</ele>
				<time>2026-09-10T12:48:43.352Z</time>
			</trkpt>
			<trkpt lat="37.92992" lon="-2.97004">
				<ele>862.14</ele>
				<time>2026-09-10T12:48:45.376Z</time>
			</trkpt>
			<trkpt lat="37.9305" lon="-2.97021">
				<ele>857.36</ele>
				<time>2026-09-10T12:48:49.478Z</time>
			</trkpt>
			<trkpt lat="37.93078" lon="-2.97036">
				<ele>858.5</ele>
				<time>2026-09-10T12:48:51.559Z</time>
			</trkpt>
			<trkpt lat="37.93189" lon="-2.97105">
				<ele>860.15</ele>
				<time>2026-09-10T12:48:59.927Z</time>
			</trkpt>
			<trkpt lat="37.93259" lon="-2.97141">
				<ele>864.52</ele>
				<time>2026-09-10T12:49:04.969Z</time>
			</trkpt>
			<trkpt lat="37.93324" lon="-2.972">
				<ele>866.97</ele>
				<time>2026-09-10T12:49:10.246Z</time>
			</trkpt>
			<trkpt lat="37.93337" lon="-2.97217">
				<ele>867.37</ele>
				<time>2026-09-10T12:49:11.471Z</time>
			</trkpt>
			<trkpt lat="37.9335" lon="-2.97245">
				<ele>868.14</ele>
				<time>2026-09-10T12:49:13.146Z</time>
			</trkpt>
			<trkpt lat="37.93359" lon="-2.97282">
				<ele>866.2</ele>
				<time>2026-09-10T12:49:15.135Z</time>
			</trkpt>
			<trkpt lat="37.93362" lon="-2.97292">
				<ele>865.68</ele>
				<time>2026-09-10T12:49:15.683Z</time>
			</trkpt>
			<trkpt lat="37.93366" lon="-2.97298">
				<ele>865.29</ele>
				<time>2026-09-10T12:49:16.085Z</time>
			</trkpt>
			<trkpt lat="37.93374" lon="-2.97306">
				<ele>864.98</ele>
				<time>2026-09-10T12:49:16.746Z</time>
			</trkpt>
			<trkpt lat="37.93385" lon="-2.97308">
				<ele>865.6</ele>
				<time>2026-09-10T12:49:17.465Z</time>
			</trkpt>
			<trkpt lat="37.93394" lon="-2.97304">
				<ele>865.4</ele>
				<time>2026-09-10T12:49:18.081Z</time>
			</trkpt>
			<trkpt lat="37.934" lon="-2.97294">
				<ele>865.23</ele>
				<time>2026-09-10T12:49:18.721Z</time>
			</trkpt>
			<trkpt lat="37.93402" lon="-2.97286">
				<ele>865.54</ele>
				<time>2026-09-10T12:49:19.148Z</time>
			</trkpt>
			<trkpt lat="37.93402" lon="-2.97275">
				<ele>866.26</ele>
				<time>2026-09-10T12:49:19.707Z</time>
			</trkpt>
			<trkpt lat="37.93392" lon="-2.97247">
				<ele>870.78</ele>
				<time>2026-09-10T12:49:21.265Z</time>
			</trkpt>
			<trkpt lat="37.93364" lon="-2.97199">
				<ele>870.64</ele>
				<time>2026-09-10T12:49:24.278Z</time>
			</trkpt>
			<trkpt lat="37.9336" lon="-2.97188">
				<ele>871.24</ele>
				<time>2026-09-10T12:49:24.887Z</time>
			</trkpt>
			<trkpt lat="37.93358" lon="-2.97175">
				<ele>871.72</ele>
				<time>2026-09-10T12:49:25.552Z</time>
			</trkpt>
			<trkpt lat="37.93357" lon="-2.97163">
				<ele>872.63</ele>
				<time>2026-09-10T12:49:26.157Z</time>
			</trkpt>
			<trkpt lat="37.93358" lon="-2.97154">
				<ele>873.63</ele>
				<time>2026-09-10T12:49:26.612Z</time>
			</trkpt>
			<trkpt lat="37.93364" lon="-2.97134">
				<ele>875.47</ele>
				<time>2026-09-10T12:49:27.683Z</time>
			</trkpt>
			<trkpt lat="37.93369" lon="-2.97125">
				<ele>876.66</ele>
				<time>2026-09-10T12:49:28.232Z</time>
			</trkpt>
			<trkpt lat="37.93381" lon="-2.97113">
				<ele>878.11</ele>
				<time>2026-09-10T12:49:29.199Z</time>
			</trkpt>
			<trkpt lat="37.93389" lon="-2.97107">
				<ele>878.37</ele>
				<time>2026-09-10T12:49:29.785Z</time>
			</trkpt>
			<trkpt lat="37.93417" lon="-2.97092">
				<ele>880.46</ele>
				<time>2026-09-10T12:49:31.699Z</time>
			</trkpt>
			<trkpt lat="37.93432" lon="-2.97085">
				<ele>882.46</ele>
				<time>2026-09-10T12:49:32.702Z</time>
			</trkpt>
			<trkpt lat="37.93493" lon="-2.9707">
				<ele>879.39</ele>
				<time>2026-09-10T12:49:36.585Z</time>
			</trkpt>
			<trkpt lat="37.9356" lon="-2.97045">
				<ele>879.67</ele>
				<time>2026-09-10T12:49:40.913Z</time>
			</trkpt>
			<trkpt lat="37.93613" lon="-2.97023">
				<ele>880.96</ele>
				<time>2026-09-10T12:49:44.344Z</time>
			</trkpt>
			<trkpt lat="37.9364" lon="-2.97004">
				<ele>881.48</ele>
				<time>2026-09-10T12:49:46.234Z</time>
			</trkpt>
			<trkpt lat="37.9365" lon="-2.96994">
				<ele>881.65</ele>
				<time>2026-09-10T12:49:47.011Z</time>
			</trkpt>
			<trkpt lat="37.9366" lon="-2.96981">
				<ele>882.37</ele>
				<time>2026-09-10T12:49:47.884Z</time>
			</trkpt>
			<trkpt lat="37.93681" lon="-2.96952">
				<ele>884.61</ele>
				<time>2026-09-10T12:49:49.772Z</time>
			</trkpt>
			<trkpt lat="37.93716" lon="-2.96895">
				<ele>880.19</ele>
				<time>2026-09-10T12:49:53.219Z</time>
			</trkpt>
			<trkpt lat="37.93728" lon="-2.96865">
				<ele>880.92</ele>
				<time>2026-09-10T12:49:54.816Z</time>
			</trkpt>
			<trkpt lat="37.93735" lon="-2.96822">
				<ele>884.91</ele>
				<time>2026-09-10T12:49:56.895Z</time>
			</trkpt>
			<trkpt lat="37.93738" lon="-2.96814">
				<ele>885.22</ele>
				<time>2026-09-10T12:49:57.313Z</time>
			</trkpt>
			<trkpt lat="37.93742" lon="-2.96806">
				<ele>885.01</ele>
				<time>2026-09-10T12:49:57.760Z</time>
			</trkpt>
			<trkpt lat="37.93791" lon="-2.96748">
				<ele>883.95</ele>
				<time>2026-09-10T12:50:01.756Z</time>
			</trkpt>
			<trkpt lat="37.93799" lon="-2.96735">
				<ele>883.96</ele>
				<time>2026-09-10T12:50:02.528Z</time>
			</trkpt>
			<trkpt lat="37.93805" lon="-2.96716">
				<ele>884.73</ele>
				<time>2026-09-10T12:50:03.484Z</time>
			</trkpt>
			<trkpt lat="37.93818" lon="-2.9663">
				<ele>889.72</ele>
				<time>2026-09-10T12:50:07.560Z</time>
			</trkpt>
			<trkpt lat="37.93845" lon="-2.96559">
				<ele>886.47</ele>
				<time>2026-09-10T12:50:11.204Z</time>
			</trkpt>
			<trkpt lat="37.9385" lon="-2.96541">
				<ele>884.61</ele>
				<time>2026-09-10T12:50:12.083Z</time>
			</trkpt>
			<trkpt lat="37.9385" lon="-2.96532">
				<ele>884.15</ele>
				<time>2026-09-10T12:50:12.498Z</time>
			</trkpt>
			<trkpt lat="37.93847" lon="-2.96514">
				<ele>883.85</ele>
				<time>2026-09-10T12:50:13.343Z</time>
			</trkpt>
			<trkpt lat="37.93839" lon="-2.96501">
				<ele>885.75</ele>
				<time>2026-09-10T12:50:14.100Z</time>
			</trkpt>
			<trkpt lat="37.93796" lon="-2.96461">
				<ele>889.1</ele>
				<time>2026-09-10T12:50:17.196Z</time>
			</trkpt>
			<trkpt lat="37.93788" lon="-2.96451">
				<ele>889.9</ele>
				<time>2026-09-10T12:50:17.846Z</time>
			</trkpt>
			<trkpt lat="37.93776" lon="-2.96433">
				<ele>891.58</ele>
				<time>2026-09-10T12:50:18.920Z</time>
			</trkpt>
			<trkpt lat="37.93769" lon="-2.96416">
				<ele>892.62</ele>
				<time>2026-09-10T12:50:19.793Z</time>
			</trkpt>
			<trkpt lat="37.93761" lon="-2.96371">
				<ele>891.74</ele>
				<time>2026-09-10T12:50:21.887Z</time>
			</trkpt>
			<trkpt lat="37.9376" lon="-2.96346">
				<ele>891.4</ele>
				<time>2026-09-10T12:50:23.021Z</time>
			</trkpt>
			<trkpt lat="37.9376" lon="-2.96313">
				<ele>891.59</ele>
				<time>2026-09-10T12:50:24.513Z</time>
			</trkpt>
			<trkpt lat="37.93757" lon="-2.96276">
				<ele>891.2</ele>
				<time>2026-09-10T12:50:26.190Z</time>
			</trkpt>
			<trkpt lat="37.93741" lon="-2.96196">
				<ele>898.09</ele>
				<time>2026-09-10T12:50:29.898Z</time>
			</trkpt>
			<trkpt lat="37.93737" lon="-2.96167">
				<ele>902.11</ele>
				<time>2026-09-10T12:50:31.217Z</time>
			</trkpt>
			<trkpt lat="37.93735" lon="-2.96137">
				<ele>903.08</ele>
				<time>2026-09-10T12:50:32.562Z</time>
			</trkpt>
			<trkpt lat="37.93736" lon="-2.96112">
				<ele>902.14</ele>
				<time>2026-09-10T12:50:33.679Z</time>
			</trkpt>
			<trkpt lat="37.93738" lon="-2.96101">
				<ele>902.29</ele>
				<time>2026-09-10T12:50:34.182Z</time>
			</trkpt>
			<trkpt lat="37.9376" lon="-2.96051">
				<ele>898</ele>
				<time>2026-09-10T12:50:36.729Z</time>
			</trkpt>
			<trkpt lat="37.93763" lon="-2.96037">
				<ele>898.18</ele>
				<time>2026-09-10T12:50:37.372Z</time>
			</trkpt>
			<trkpt lat="37.93777" lon="-2.95908">
				<ele>906.15</ele>
				<time>2026-09-10T12:50:43.129Z</time>
			</trkpt>
			<trkpt lat="37.9378" lon="-2.95895">
				<ele>905.36</ele>
				<time>2026-09-10T12:50:43.726Z</time>
			</trkpt>
			<trkpt lat="37.93799" lon="-2.95852">
				<ele>901.07</ele>
				<time>2026-09-10T12:50:45.893Z</time>
			</trkpt>
			<trkpt lat="37.93804" lon="-2.95836">
				<ele>901.16</ele>
				<time>2026-09-10T12:50:46.649Z</time>
			</trkpt>
			<trkpt lat="37.93806" lon="-2.95813">
				<ele>902.76</ele>
				<time>2026-09-10T12:50:47.664Z</time>
			</trkpt>
			<trkpt lat="37.93805" lon="-2.958">
				<ele>904.74</ele>
				<time>2026-09-10T12:50:48.236Z</time>
			</trkpt>
			<trkpt lat="37.93795" lon="-2.9576">
				<ele>911.7</ele>
				<time>2026-09-10T12:50:50.072Z</time>
			</trkpt>
			<trkpt lat="37.93798" lon="-2.95734">
				<ele>915.22</ele>
				<time>2026-09-10T12:50:51.220Z</time>
			</trkpt>
			<trkpt lat="37.93822" lon="-2.95633">
				<ele>920.45</ele>
				<time>2026-09-10T12:50:55.816Z</time>
			</trkpt>
			<trkpt lat="37.9383" lon="-2.95613">
				<ele>922.03</ele>
				<time>2026-09-10T12:50:56.790Z</time>
			</trkpt>
			<trkpt lat="37.93842" lon="-2.95603">
				<ele>922.91</ele>
				<time>2026-09-10T12:50:57.580Z</time>
			</trkpt>
			<trkpt lat="37.93854" lon="-2.95597">
				<ele>923.81</ele>
				<time>2026-09-10T12:50:58.290Z</time>
			</trkpt>
			<trkpt lat="37.93871" lon="-2.9559">
				<ele>925.32</ele>
				<time>2026-09-10T12:50:59.272Z</time>
			</trkpt>
			<trkpt lat="37.93885" lon="-2.9559">
				<ele>925.5</ele>
				<time>2026-09-10T12:51:00.041Z</time>
			</trkpt>
			<trkpt lat="37.93896" lon="-2.95593">
				<ele>925.19</ele>
				<time>2026-09-10T12:51:00.659Z</time>
			</trkpt>
			<trkpt lat="37.93909" lon="-2.956">
				<ele>924.02</ele>
				<time>2026-09-10T12:51:01.433Z</time>
			</trkpt>
			<trkpt lat="37.93945" lon="-2.95625">
				<ele>920.1</ele>
				<time>2026-09-10T12:51:03.682Z</time>
			</trkpt>
			<trkpt lat="37.9396" lon="-2.95632">
				<ele>918.94</ele>
				<time>2026-09-10T12:51:04.557Z</time>
			</trkpt>
			<trkpt lat="37.93985" lon="-2.9564">
				<ele>918.92</ele>
				<time>2026-09-10T12:51:05.966Z</time>
			</trkpt>
			<trkpt lat="37.9401" lon="-2.95644">
				<ele>918.76</ele>
				<time>2026-09-10T12:51:07.342Z</time>
			</trkpt>
			<trkpt lat="37.94035" lon="-2.95644">
				<ele>916.96</ele>
				<time>2026-09-10T12:51:08.706Z</time>
			</trkpt>
			<trkpt lat="37.94092" lon="-2.95637">
				<ele>915.26</ele>
				<time>2026-09-10T12:51:11.826Z</time>
			</trkpt>
			<trkpt lat="37.94135" lon="-2.95626">
				<ele>915.81</ele>
				<time>2026-09-10T12:51:14.211Z</time>
			</trkpt>
			<trkpt lat="37.9416" lon="-2.95616">
				<ele>919.28</ele>
				<time>2026-09-10T12:51:15.635Z</time>
			</trkpt>
			<trkpt lat="37.94182" lon="-2.95605">
				<ele>922.05</ele>
				<time>2026-09-10T12:51:16.919Z</time>
			</trkpt>
			<trkpt lat="37.94193" lon="-2.95597">
				<ele>923.25</ele>
				<time>2026-09-10T12:51:17.607Z</time>
			</trkpt>
			<trkpt lat="37.94205" lon="-2.95585">
				<ele>924.99</ele>
				<time>2026-09-10T12:51:18.436Z</time>
			</trkpt>
			<trkpt lat="37.94239" lon="-2.95546">
				<ele>926.11</ele>
				<time>2026-09-10T12:51:20.920Z</time>
			</trkpt>
			<trkpt lat="37.9426" lon="-2.95529">
				<ele>926.29</ele>
				<time>2026-09-10T12:51:22.269Z</time>
			</trkpt>
			<trkpt lat="37.94311" lon="-2.95494">
				<ele>929.18</ele>
				<time>2026-09-10T12:51:25.405Z</time>
			</trkpt>
			<trkpt lat="37.94349" lon="-2.95462">
				<ele>930.44</ele>
				<time>2026-09-10T12:51:27.870Z</time>
			</trkpt>
			<trkpt lat="37.94371" lon="-2.95433">
				<ele>930.97</ele>
				<time>2026-09-10T12:51:29.584Z</time>
			</trkpt>
			<trkpt lat="37.94386" lon="-2.95417">
				<ele>933.3</ele>
				<time>2026-09-10T12:51:30.642Z</time>
			</trkpt>
			<trkpt lat="37.94402" lon="-2.95405">
				<ele>934.23</ele>
				<time>2026-09-10T12:51:31.646Z</time>
			</trkpt>
			<trkpt lat="37.94465" lon="-2.95376">
				<ele>938.04</ele>
				<time>2026-09-10T12:51:35.261Z</time>
			</trkpt>
			<trkpt lat="37.94491" lon="-2.95361">
				<ele>940.37</ele>
				<time>2026-09-10T12:51:36.802Z</time>
			</trkpt>
			<trkpt lat="37.94522" lon="-2.95333">
				<ele>944.12</ele>
				<time>2026-09-10T12:51:38.854Z</time>
			</trkpt>
			<trkpt lat="37.94551" lon="-2.95309">
				<ele>945.9</ele>
				<time>2026-09-10T12:51:40.721Z</time>
			</trkpt>
			<trkpt lat="37.9459" lon="-2.95252">
				<ele>948.37</ele>
				<time>2026-09-10T12:51:43.929Z</time>
			</trkpt>
			<trkpt lat="37.946" lon="-2.95245">
				<ele>949.88</ele>
				<time>2026-09-10T12:51:44.545Z</time>
			</trkpt>
			<trkpt lat="37.94654" lon="-2.95219">
				<ele>954.65</ele>
				<time>2026-09-10T12:51:47.660Z</time>
			</trkpt>
			<trkpt lat="37.94665" lon="-2.95209">
				<ele>954.57</ele>
				<time>2026-09-10T12:51:48.390Z</time>
			</trkpt>
			<trkpt lat="37.94677" lon="-2.95191">
				<ele>953.96</ele>
				<time>2026-09-10T12:51:49.393Z</time>
			</trkpt>
			<trkpt lat="37.94692" lon="-2.95165">
				<ele>953.56</ele>
				<time>2026-09-10T12:51:50.764Z</time>
			</trkpt>
			<trkpt lat="37.94723" lon="-2.95101">
				<ele>957.22</ele>
				<time>2026-09-10T12:51:53.961Z</time>
			</trkpt>
			<trkpt lat="37.9473" lon="-2.9508">
				<ele>957.02</ele>
				<time>2026-09-10T12:51:54.933Z</time>
			</trkpt>
			<trkpt lat="37.9474" lon="-2.95033">
				<ele>958.76</ele>
				<time>2026-09-10T12:51:57.007Z</time>
			</trkpt>
			<trkpt lat="37.94748" lon="-2.95016">
				<ele>961.46</ele>
				<time>2026-09-10T12:51:57.851Z</time>
			</trkpt>
			<trkpt lat="37.94756" lon="-2.95004">
				<ele>963.42</ele>
				<time>2026-09-10T12:51:58.521Z</time>
			</trkpt>
			<trkpt lat="37.94808" lon="-2.94948">
				<ele>966.22</ele>
				<time>2026-09-10T12:52:02.214Z</time>
			</trkpt>
			<trkpt lat="37.9485" lon="-2.94894">
				<ele>969.5</ele>
				<time>2026-09-10T12:52:05.457Z</time>
			</trkpt>
			<trkpt lat="37.94865" lon="-2.94866">
				<ele>970.28</ele>
				<time>2026-09-10T12:52:06.906Z</time>
			</trkpt>
			<trkpt lat="37.94899" lon="-2.94791">
				<ele>982.41</ele>
				<time>2026-09-10T12:52:10.615Z</time>
			</trkpt>
			<trkpt lat="37.94907" lon="-2.94782">
				<ele>982.46</ele>
				<time>2026-09-10T12:52:11.197Z</time>
			</trkpt>
			<trkpt lat="37.9494" lon="-2.94753">
				<ele>984.82</ele>
				<time>2026-09-10T12:52:13.384Z</time>
			</trkpt>
			<trkpt lat="37.94959" lon="-2.9474">
				<ele>986.68</ele>
				<time>2026-09-10T12:52:14.562Z</time>
			</trkpt>
			<trkpt lat="37.94965" lon="-2.94737">
				<ele>987.19</ele>
				<time>2026-09-10T12:52:14.914Z</time>
			</trkpt>
			<trkpt lat="37.94972" lon="-2.94738">
				<ele>986.58</ele>
				<time>2026-09-10T12:52:15.298Z</time>
			</trkpt>
			<trkpt lat="37.9498" lon="-2.94741">
				<ele>985.54</ele>
				<time>2026-09-10T12:52:15.754Z</time>
			</trkpt>
			<trkpt lat="37.95013" lon="-2.94765">
				<ele>980.59</ele>
				<time>2026-09-10T12:52:17.833Z</time>
			</trkpt>
			<trkpt lat="37.95072" lon="-2.94803">
				<ele>986.92</ele>
				<time>2026-09-10T12:52:21.459Z</time>
			</trkpt>
			<trkpt lat="37.95095" lon="-2.94821">
				<ele>987.66</ele>
				<time>2026-09-10T12:52:22.942Z</time>
			</trkpt>
			<trkpt lat="37.95117" lon="-2.94829">
				<ele>989.29</ele>
				<time>2026-09-10T12:52:24.200Z</time>
			</trkpt>
			<trkpt lat="37.95153" lon="-2.94836">
				<ele>994.88</ele>
				<time>2026-09-10T12:52:26.205Z</time>
			</trkpt>
			<trkpt lat="37.95181" lon="-2.94845">
				<ele>998.5</ele>
				<time>2026-09-10T12:52:27.798Z</time>
			</trkpt>
			<trkpt lat="37.9527" lon="-2.94901">
				<ele>997.86</ele>
				<time>2026-09-10T12:52:33.296Z</time>
			</trkpt>
			<trkpt lat="37.95287" lon="-2.94903">
				<ele>999.91</ele>
				<time>2026-09-10T12:52:34.244Z</time>
			</trkpt>
			<trkpt lat="37.95312" lon="-2.94903">
				<ele>1002.77</ele>
				<time>2026-09-10T12:52:35.634Z</time>
			</trkpt>
			<trkpt lat="37.9538" lon="-2.9489">
				<ele>1014.04</ele>
				<time>2026-09-10T12:52:39.468Z</time>
			</trkpt>
			<trkpt lat="37.95405" lon="-2.94888">
				<ele>1018.91</ele>
				<time>2026-09-10T12:52:40.869Z</time>
			</trkpt>
			<trkpt lat="37.9551" lon="-2.94922">
				<ele>1024.04</ele>
				<time>2026-09-10T12:52:46.958Z</time>
			</trkpt>
			<trkpt lat="37.95565" lon="-2.94945">
				<ele>1024.38</ele>
				<time>2026-09-10T12:52:50.231Z</time>
			</trkpt>
			<trkpt lat="37.95569" lon="-2.94945">
				<ele>1024.77</ele>
				<time>2026-09-10T12:52:50.458Z</time>
			</trkpt>
			<trkpt lat="37.95574" lon="-2.94943">
				<ele>1026.45</ele>
				<time>2026-09-10T12:52:50.755Z</time>
			</trkpt>
			<trkpt lat="37.95575" lon="-2.9494">
				<ele>1027.86</ele>
				<time>2026-09-10T12:52:50.901Z</time>
			</trkpt>
			<trkpt lat="37.95576" lon="-2.94933">
				<ele>1031.1</ele>
				<time>2026-09-10T12:52:51.219Z</time>
			</trkpt>
			<trkpt lat="37.95572" lon="-2.94927">
				<ele>1032.97</ele>
				<time>2026-09-10T12:52:51.570Z</time>
			</trkpt>
			<trkpt lat="37.95534" lon="-2.94916">
				<ele>1031.64</ele>
				<time>2026-09-10T12:52:53.786Z</time>
			</trkpt>
			<trkpt lat="37.95501" lon="-2.94901">
				<ele>1031.32</ele>
				<time>2026-09-10T12:52:55.785Z</time>
			</trkpt>
			<trkpt lat="37.95438" lon="-2.94863">
				<ele>1034.89</ele>
				<time>2026-09-10T12:52:59.779Z</time>
			</trkpt>
			<trkpt lat="37.95404" lon="-2.94848">
				<ele>1041.47</ele>
				<time>2026-09-10T12:53:01.849Z</time>
			</trkpt>
			<trkpt lat="37.95392" lon="-2.94845">
				<ele>1042.11</ele>
				<time>2026-09-10T12:53:02.554Z</time>
			</trkpt>
			<trkpt lat="37.95333" lon="-2.94841">
				<ele>1038.12</ele>
				<time>2026-09-10T12:53:05.971Z</time>
			</trkpt>
			<trkpt lat="37.95314" lon="-2.94838">
				<ele>1039.87</ele>
				<time>2026-09-10T12:53:07.082Z</time>
			</trkpt>
			<trkpt lat="37.95297" lon="-2.94831">
				<ele>1040.75</ele>
				<time>2026-09-10T12:53:08.121Z</time>
			</trkpt>
			<trkpt lat="37.95279" lon="-2.94819">
				<ele>1041.26</ele>
				<time>2026-09-10T12:53:09.305Z</time>
			</trkpt>
			<trkpt lat="37.95217" lon="-2.94755">
				<ele>1048.13</ele>
				<time>2026-09-10T12:53:13.982Z</time>
			</trkpt>
			<trkpt lat="37.95093" lon="-2.94648">
				<ele>1053.02</ele>
				<time>2026-09-10T12:53:22.858Z</time>
			</trkpt>
			<trkpt lat="37.95083" lon="-2.94638">
				<ele>1054.53</ele>
				<time>2026-09-10T12:53:23.618Z</time>
			</trkpt>
			<trkpt lat="37.95076" lon="-2.94627">
				<ele>1055.66</ele>
				<time>2026-09-10T12:53:24.284Z</time>
			</trkpt>
			<trkpt lat="37.95072" lon="-2.94618">
				<ele>1057.01</ele>
				<time>2026-09-10T12:53:24.771Z</time>
			</trkpt>
			<trkpt lat="37.95066" lon="-2.94594">
				<ele>1060.51</ele>
				<time>2026-09-10T12:53:25.960Z</time>
			</trkpt>
			<trkpt lat="37.95064" lon="-2.94579">
				<ele>1062.59</ele>
				<time>2026-09-10T12:53:26.680Z</time>
			</trkpt>
			<trkpt lat="37.95059" lon="-2.94492">
				<ele>1070.19</ele>
				<time>2026-09-10T12:53:30.826Z</time>
			</trkpt>
			<trkpt lat="37.95055" lon="-2.94483">
				<ele>1069.71</ele>
				<time>2026-09-10T12:53:31.319Z</time>
			</trkpt>
			<trkpt lat="37.9505" lon="-2.94476">
				<ele>1069.63</ele>
				<time>2026-09-10T12:53:31.770Z</time>
			</trkpt>
			<trkpt lat="37.95036" lon="-2.94473">
				<ele>1069.33</ele>
				<time>2026-09-10T12:53:32.632Z</time>
			</trkpt>
			<trkpt lat="37.95029" lon="-2.94476">
				<ele>1068.65</ele>
				<time>2026-09-10T12:53:33.080Z</time>
			</trkpt>
			<trkpt lat="37.94929" lon="-2.9454">
				<ele>1070.23</ele>
				<time>2026-09-10T12:53:39.930Z</time>
			</trkpt>
			<trkpt lat="37.94916" lon="-2.9455">
				<ele>1070.86</ele>
				<time>2026-09-10T12:53:40.866Z</time>
			</trkpt>
			<trkpt lat="37.94878" lon="-2.94583">
				<ele>1069.49</ele>
				<time>2026-09-10T12:53:43.714Z</time>
			</trkpt>
			<trkpt lat="37.94867" lon="-2.9459">
				<ele>1070.03</ele>
				<time>2026-09-10T12:53:44.477Z</time>
			</trkpt>
			<trkpt lat="37.94846" lon="-2.94597">
				<ele>1071.11</ele>
				<time>2026-09-10T12:53:45.827Z</time>
			</trkpt>
			<trkpt lat="37.94827" lon="-2.946">
				<ele>1072.9</ele>
				<time>2026-09-10T12:53:47.020Z</time>
			</trkpt>
			<trkpt lat="37.94813" lon="-2.94601">
				<ele>1074.96</ele>
				<time>2026-09-10T12:53:47.896Z</time>
			</trkpt>
			<trkpt lat="37.94767" lon="-2.94594">
				<ele>1082.8</ele>
				<time>2026-09-10T12:53:50.800Z</time>
			</trkpt>
			<trkpt lat="37.94754" lon="-2.94599">
				<ele>1084.26</ele>
				<time>2026-09-10T12:53:51.655Z</time>
			</trkpt>
			<trkpt lat="37.94748" lon="-2.94606">
				<ele>1084.17</ele>
				<time>2026-09-10T12:53:52.169Z</time>
			</trkpt>
			<trkpt lat="37.94743" lon="-2.94614">
				<ele>1084.07</ele>
				<time>2026-09-10T12:53:52.677Z</time>
			</trkpt>
			<trkpt lat="37.94724" lon="-2.94688">
				<ele>1086.94</ele>
				<time>2026-09-10T12:53:56.564Z</time>
			</trkpt>
			<trkpt lat="37.94717" lon="-2.94732">
				<ele>1084.47</ele>
				<time>2026-09-10T12:53:58.821Z</time>
			</trkpt>
			<trkpt lat="37.947" lon="-2.94763">
				<ele>1088.61</ele>
				<time>2026-09-10T12:54:00.727Z</time>
			</trkpt>
			<trkpt lat="37.94688" lon="-2.94802">
				<ele>1085.18</ele>
				<time>2026-09-10T12:54:02.849Z</time>
			</trkpt>
			<trkpt lat="37.94678" lon="-2.94815">
				<ele>1086.9</ele>
				<time>2026-09-10T12:54:03.772Z</time>
			</trkpt>
			<trkpt lat="37.94658" lon="-2.94834">
				<ele>1090.58</ele>
				<time>2026-09-10T12:54:05.388Z</time>
			</trkpt>
			<trkpt lat="37.94654" lon="-2.94842">
				<ele>1089.71</ele>
				<time>2026-09-10T12:54:05.872Z</time>
			</trkpt>
			<trkpt lat="37.9465" lon="-2.94874">
				<ele>1080.58</ele>
				<time>2026-09-10T12:54:07.530Z</time>
			</trkpt>
			<trkpt lat="37.94647" lon="-2.94879">
				<ele>1079.42</ele>
				<time>2026-09-10T12:54:07.853Z</time>
			</trkpt>
			<trkpt lat="37.94642" lon="-2.94881">
				<ele>1079.53</ele>
				<time>2026-09-10T12:54:08.194Z</time>
			</trkpt>
			<trkpt lat="37.94637" lon="-2.94881">
				<ele>1080.45</ele>
				<time>2026-09-10T12:54:08.520Z</time>
			</trkpt>
			<trkpt lat="37.94632" lon="-2.94877">
				<ele>1082.47</ele>
				<time>2026-09-10T12:54:08.905Z</time>
			</trkpt>
			<trkpt lat="37.9463" lon="-2.94872">
				<ele>1084.89</ele>
				<time>2026-09-10T12:54:09.194Z</time>
			</trkpt>
			<trkpt lat="37.9463" lon="-2.94864">
				<ele>1088.03</ele>
				<time>2026-09-10T12:54:09.606Z</time>
			</trkpt>
			<trkpt lat="37.94648" lon="-2.94826">
				<ele>1096.32</ele>
				<time>2026-09-10T12:54:11.895Z</time>
			</trkpt>
			<trkpt lat="37.94653" lon="-2.94819">
				<ele>1096.48</ele>
				<time>2026-09-10T12:54:12.384Z</time>
			</trkpt>
			<trkpt lat="37.94666" lon="-2.94808">
				<ele>1094.71</ele>
				<time>2026-09-10T12:54:13.412Z</time>
			</trkpt>
			<trkpt lat="37.94672" lon="-2.94799">
				<ele>1093.95</ele>
				<time>2026-09-10T12:54:14.024Z</time>
			</trkpt>
			<trkpt lat="37.94676" lon="-2.94784">
				<ele>1095.26</ele>
				<time>2026-09-10T12:54:14.848Z</time>
			</trkpt>
			<trkpt lat="37.94679" lon="-2.94751">
				<ele>1101.32</ele>
				<time>2026-09-10T12:54:16.581Z</time>
			</trkpt>
			<trkpt lat="37.94688" lon="-2.94723">
				<ele>1101.72</ele>
				<time>2026-09-10T12:54:18.164Z</time>
			</trkpt>
			<trkpt lat="37.94694" lon="-2.94697">
				<ele>1101.99</ele>
				<time>2026-09-10T12:54:19.587Z</time>
			</trkpt>
			<trkpt lat="37.947" lon="-2.94617">
				<ele>1104.46</ele>
				<time>2026-09-10T12:54:23.833Z</time>
			</trkpt>
			<trkpt lat="37.94699" lon="-2.94603">
				<ele>1105.86</ele>
				<time>2026-09-10T12:54:24.580Z</time>
			</trkpt>
			<trkpt lat="37.94691" lon="-2.94554">
				<ele>1111.38</ele>
				<time>2026-09-10T12:54:27.247Z</time>
			</trkpt>
			<trkpt lat="37.9469" lon="-2.94539">
				<ele>1112.59</ele>
				<time>2026-09-10T12:54:28.053Z</time>
			</trkpt>
			<trkpt lat="37.94692" lon="-2.94528">
				<ele>1112.82</ele>
				<time>2026-09-10T12:54:28.658Z</time>
			</trkpt>
			<trkpt lat="37.94698" lon="-2.94513">
				<ele>1112.57</ele>
				<time>2026-09-10T12:54:29.561Z</time>
			</trkpt>
			<trkpt lat="37.94708" lon="-2.94504">
				<ele>1112.52</ele>
				<time>2026-09-10T12:54:30.397Z</time>
			</trkpt>
			<trkpt lat="37.94733" lon="-2.94497">
				<ele>1112.77</ele>
				<time>2026-09-10T12:54:32.147Z</time>
			</trkpt>
			<trkpt lat="37.94749" lon="-2.94494">
				<ele>1113.59</ele>
				<time>2026-09-10T12:54:33.257Z</time>
			</trkpt>
			<trkpt lat="37.94755" lon="-2.94496">
				<ele>1113.54</ele>
				<time>2026-09-10T12:54:33.683Z</time>
			</trkpt>
			<trkpt lat="37.94788" lon="-2.94516">
				<ele>1109.04</ele>
				<time>2026-09-10T12:54:36.204Z</time>
			</trkpt>
			<trkpt lat="37.94798" lon="-2.9452">
				<ele>1108.01</ele>
				<time>2026-09-10T12:54:36.929Z</time>
			</trkpt>
			<trkpt lat="37.9481" lon="-2.94519">
				<ele>1107.23</ele>
				<time>2026-09-10T12:54:37.762Z</time>
			</trkpt>
			<trkpt lat="37.94822" lon="-2.94511">
				<ele>1107</ele>
				<time>2026-09-10T12:54:38.703Z</time>
			</trkpt>
			<trkpt lat="37.94831" lon="-2.94498">
				<ele>1108.84</ele>
				<time>2026-09-10T12:54:39.652Z</time>
			</trkpt>
			<trkpt lat="37.94848" lon="-2.94453">
				<ele>1116.01</ele>
				<time>2026-09-10T12:54:42.399Z</time>
			</trkpt>
			<trkpt lat="37.9492" lon="-2.94404">
				<ele>1120.68</ele>
				<time>2026-09-10T12:54:48.157Z</time>
			</trkpt>
			<trkpt lat="37.94938" lon="-2.94389">
				<ele>1121.92</ele>
				<time>2026-09-10T12:54:49.687Z</time>
			</trkpt>
			<trkpt lat="37.94988" lon="-2.94341">
				<ele>1122.17</ele>
				<time>2026-09-10T12:54:54.170Z</time>
			</trkpt>
			<trkpt lat="37.95012" lon="-2.94313">
				<ele>1123.9</ele>
				<time>2026-09-10T12:54:56.518Z</time>
			</trkpt>
			<trkpt lat="37.95087" lon="-2.94208">
				<ele>1130.65</ele>
				<time>2026-09-10T12:55:04.654Z</time>
			</trkpt>
			<trkpt lat="37.95097" lon="-2.942">
				<ele>1131.95</ele>
				<time>2026-09-10T12:55:05.523Z</time>
			</trkpt>
			<trkpt lat="37.95109" lon="-2.94199">
				<ele>1131.41</ele>
				<time>2026-09-10T12:55:06.409Z</time>
			</trkpt>
			<trkpt lat="37.95116" lon="-2.94202">
				<ele>1131.72</ele>
				<time>2026-09-10T12:55:06.955Z</time>
			</trkpt>
			<trkpt lat="37.95122" lon="-2.9421">
				<ele>1131.62</ele>
				<time>2026-09-10T12:55:07.598Z</time>
			</trkpt>
			<trkpt lat="37.95139" lon="-2.94251">
				<ele>1130.17</ele>
				<time>2026-09-10T12:55:10.306Z</time>
			</trkpt>
			<trkpt lat="37.95148" lon="-2.94267">
				<ele>1129.79</ele>
				<time>2026-09-10T12:55:11.460Z</time>
			</trkpt>
			<trkpt lat="37.95157" lon="-2.94279">
				<ele>1130.69</ele>
				<time>2026-09-10T12:55:12.435Z</time>
			</trkpt>
			<trkpt lat="37.95188" lon="-2.9431">
				<ele>1130.74</ele>
				<time>2026-09-10T12:55:15.394Z</time>
			</trkpt>
			<trkpt lat="37.95215" lon="-2.9433">
				<ele>1131.44</ele>
				<time>2026-09-10T12:55:17.750Z</time>
			</trkpt>
			<trkpt lat="37.9523" lon="-2.94342">
				<ele>1134.01</ele>
				<time>2026-09-10T12:55:19.093Z</time>
			</trkpt>
			<trkpt lat="37.95241" lon="-2.94358">
				<ele>1135.88</ele>
				<time>2026-09-10T12:55:20.363Z</time>
			</trkpt>
			<trkpt lat="37.95249" lon="-2.94374">
				<ele>1136.46</ele>
				<time>2026-09-10T12:55:21.499Z</time>
			</trkpt>
			<trkpt lat="37.95254" lon="-2.94391">
				<ele>1135.83</ele>
				<time>2026-09-10T12:55:22.590Z</time>
			</trkpt>
			<trkpt lat="37.95278" lon="-2.94502">
				<ele>1139.2</ele>
				<time>2026-09-10T12:55:29.571Z</time>
			</trkpt>
			<trkpt lat="37.95279" lon="-2.94523">
				<ele>1138.06</ele>
				<time>2026-09-10T12:55:30.858Z</time>
			</trkpt>
			<trkpt lat="37.95276" lon="-2.94555">
				<ele>1136.66</ele>
				<time>2026-09-10T12:55:32.837Z</time>
			</trkpt>
			<trkpt lat="37.95277" lon="-2.94563">
				<ele>1136.34</ele>
				<time>2026-09-10T12:55:33.336Z</time>
			</trkpt>
			<trkpt lat="37.95279" lon="-2.9457">
				<ele>1136.4</ele>
				<time>2026-09-10T12:55:33.795Z</time>
			</trkpt>
			<trkpt lat="37.95287" lon="-2.94577">
				<ele>1137.95</ele>
				<time>2026-09-10T12:55:34.555Z</time>
			</trkpt>
			<trkpt lat="37.95292" lon="-2.94578">
				<ele>1139.1</ele>
				<time>2026-09-10T12:55:34.952Z</time>
			</trkpt>
			<trkpt lat="37.953" lon="-2.94573">
				<ele>1141.55</ele>
				<time>2026-09-10T12:55:35.651Z</time>
			</trkpt>
			<trkpt lat="37.95302" lon="-2.94568">
				<ele>1142.37</ele>
				<time>2026-09-10T12:55:35.998Z</time>
			</trkpt>
			<trkpt lat="37.95303" lon="-2.94554">
				<ele>1143.71</ele>
				<time>2026-09-10T12:55:36.870Z</time>
			</trkpt>
			<trkpt lat="37.953" lon="-2.94353">
				<ele>1159.42</ele>
				<time>2026-09-10T12:55:49.512Z</time>
			</trkpt>
			<trkpt lat="37.95291" lon="-2.94307">
				<ele>1160.76</ele>
				<time>2026-09-10T12:55:52.542Z</time>
			</trkpt>
			<trkpt lat="37.95285" lon="-2.94291">
				<ele>1162.72</ele>
				<time>2026-09-10T12:55:53.679Z</time>
			</trkpt>
			<trkpt lat="37.95277" lon="-2.9428">
				<ele>1162.64</ele>
				<time>2026-09-10T12:55:54.642Z</time>
			</trkpt>
			<trkpt lat="37.95231" lon="-2.94246">
				<ele>1164.81</ele>
				<time>2026-09-10T12:55:59.011Z</time>
			</trkpt>
			<trkpt lat="37.95219" lon="-2.94232">
				<ele>1165.52</ele>
				<time>2026-09-10T12:56:00.357Z</time>
			</trkpt>
			<trkpt lat="37.95211" lon="-2.94218">
				<ele>1166.02</ele>
				<time>2026-09-10T12:56:01.485Z</time>
			</trkpt>
			<trkpt lat="37.95197" lon="-2.94189">
				<ele>1166.95</ele>
				<time>2026-09-10T12:56:03.711Z</time>
			</trkpt>
			<trkpt lat="37.95185" lon="-2.94137">
				<ele>1168.24</ele>
				<time>2026-09-10T12:56:07.280Z</time>
			</trkpt>
			<trkpt lat="37.95135" lon="-2.94025">
				<ele>1177.33</ele>
				<time>2026-09-10T12:56:15.863Z</time>
			</trkpt>
			<trkpt lat="37.95129" lon="-2.94014">
				<ele>1179.23</ele>
				<time>2026-09-10T12:56:16.764Z</time>
			</trkpt>
			<trkpt lat="37.95121" lon="-2.94006">
				<ele>1179.71</ele>
				<time>2026-09-10T12:56:17.635Z</time>
			</trkpt>
			<trkpt lat="37.95112" lon="-2.94003">
				<ele>1178.85</ele>
				<time>2026-09-10T12:56:18.433Z</time>
			</trkpt>
			<trkpt lat="37.95106" lon="-2.94003">
				<ele>1178.72</ele>
				<time>2026-09-10T12:56:18.947Z</time>
			</trkpt>
			<trkpt lat="37.95102" lon="-2.94003">
				<ele>1178.58</ele>
				<time>2026-09-10T12:56:19.291Z</time>
			</trkpt>
			<trkpt lat="37.95088" lon="-2.94008">
				<ele>1177.92</ele>
				<time>2026-09-10T12:56:20.542Z</time>
			</trkpt>
			<trkpt lat="37.9507" lon="-2.94021">
				<ele>1178.04</ele>
				<time>2026-09-10T12:56:22.329Z</time>
			</trkpt>
			<trkpt lat="37.94938" lon="-2.9413">
				<ele>1189.46</ele>
				<time>2026-09-10T12:56:36.132Z</time>
			</trkpt>
			<trkpt lat="37.94911" lon="-2.9415">
				<ele>1190.74</ele>
				<time>2026-09-10T12:56:38.917Z</time>
			</trkpt>
			<trkpt lat="37.9488" lon="-2.94172">
				<ele>1193.22</ele>
				<time>2026-09-10T12:56:42.100Z</time>
			</trkpt>
			<trkpt lat="37.94855" lon="-2.94184">
				<ele>1192.24</ele>
				<time>2026-09-10T12:56:44.508Z</time>
			</trkpt>
			<trkpt lat="37.94839" lon="-2.94186">
				<ele>1194.35</ele>
				<time>2026-09-10T12:56:45.962Z</time>
			</trkpt>
			<trkpt lat="37.94819" lon="-2.94181">
				<ele>1196.73</ele>
				<time>2026-09-10T12:56:47.811Z</time>
			</trkpt>
			<trkpt lat="37.94756" lon="-2.94142">
				<ele>1199.19</ele>
				<time>2026-09-10T12:56:54.222Z</time>
			</trkpt>
			<trkpt lat="37.9473" lon="-2.94133">
				<ele>1200.67</ele>
				<time>2026-09-10T12:56:56.707Z</time>
			</trkpt>
			<trkpt lat="37.94709" lon="-2.94134">
				<ele>1201.47</ele>
				<time>2026-09-10T12:56:58.653Z</time>
			</trkpt>
			<trkpt lat="37.94618" lon="-2.94148">
				<ele>1210.53</ele>
				<time>2026-09-10T12:57:07.229Z</time>
			</trkpt>
			<trkpt lat="37.94592" lon="-2.94147">
				<ele>1217.39</ele>
				<time>2026-09-10T12:57:09.699Z</time>
			</trkpt>
			<trkpt lat="37.94529" lon="-2.94136">
				<ele>1230.05</ele>
				<time>2026-09-10T12:57:15.840Z</time>
			</trkpt>
			<trkpt lat="37.94518" lon="-2.94131">
				<ele>1230.01</ele>
				<time>2026-09-10T12:57:16.984Z</time>
			</trkpt>
			<trkpt lat="37.94505" lon="-2.94122">
				<ele>1229.49</ele>
				<time>2026-09-10T12:57:18.441Z</time>
			</trkpt>
			<trkpt lat="37.94492" lon="-2.94117">
				<ele>1230.57</ele>
				<time>2026-09-10T12:57:19.784Z</time>
			</trkpt>
			<trkpt lat="37.94444" lon="-2.94115">
				<ele>1235.94</ele>
				<time>2026-09-10T12:57:24.582Z</time>
			</trkpt>
			<trkpt lat="37.94432" lon="-2.94112">
				<ele>1238.59</ele>
				<time>2026-09-10T12:57:25.816Z</time>
			</trkpt>
			<trkpt lat="37.94422" lon="-2.94104">
				<ele>1239.39</ele>
				<time>2026-09-10T12:57:27.014Z</time>
			</trkpt>
			<trkpt lat="37.94406" lon="-2.94066">
				<ele>1234.03</ele>
				<time>2026-09-10T12:57:30.483Z</time>
			</trkpt>
			<trkpt lat="37.94398" lon="-2.94056">
				<ele>1232.25</ele>
				<time>2026-09-10T12:57:31.639Z</time>
			</trkpt>
			<trkpt lat="37.9439" lon="-2.94051">
				<ele>1231.77</ele>
				<time>2026-09-10T12:57:32.559Z</time>
			</trkpt>
			<trkpt lat="37.94369" lon="-2.94049">
				<ele>1235.31</ele>
				<time>2026-09-10T12:57:34.743Z</time>
			</trkpt>
			<trkpt lat="37.94359" lon="-2.94045">
				<ele>1236.5</ele>
				<time>2026-09-10T12:57:35.835Z</time>
			</trkpt>
			<trkpt lat="37.94291" lon="-2.93971">
				<ele>1242.31</ele>
				<time>2026-09-10T12:57:45.316Z</time>
			</trkpt>
			<trkpt lat="37.94286" lon="-2.93967">
				<ele>1241.47</ele>
				<time>2026-09-10T12:57:45.951Z</time>
			</trkpt>
			<trkpt lat="37.94273" lon="-2.93964">
				<ele>1242</ele>
				<time>2026-09-10T12:57:47.373Z</time>
			</trkpt>
			<trkpt lat="37.94262" lon="-2.93968">
				<ele>1244.39</ele>
				<time>2026-09-10T12:57:48.608Z</time>
			</trkpt>
			<trkpt lat="37.94247" lon="-2.93979">
				<ele>1249.33</ele>
				<time>2026-09-10T12:57:50.487Z</time>
			</trkpt>
			<trkpt lat="37.94231" lon="-2.93987">
				<ele>1252.26</ele>
				<time>2026-09-10T12:57:52.362Z</time>
			</trkpt>
			<trkpt lat="37.94158" lon="-2.93976">
				<ele>1255.9</ele>
				<time>2026-09-10T12:58:00.473Z</time>
			</trkpt>
			<trkpt lat="37.94143" lon="-2.9397">
				<ele>1256.16</ele>
				<time>2026-09-10T12:58:02.229Z</time>
			</trkpt>
			<trkpt lat="37.94132" lon="-2.9396">
				<ele>1253.88</ele>
				<time>2026-09-10T12:58:03.746Z</time>
			</trkpt>
			<trkpt lat="37.94115" lon="-2.9394">
				<ele>1248.41</ele>
				<time>2026-09-10T12:58:06.358Z</time>
			</trkpt>
			<trkpt lat="37.94103" lon="-2.93931">
				<ele>1245.59</ele>
				<time>2026-09-10T12:58:07.935Z</time>
			</trkpt>
			<trkpt lat="37.94085" lon="-2.93922">
				<ele>1243.52</ele>
				<time>2026-09-10T12:58:10.134Z</time>
			</trkpt>
			<trkpt lat="37.94069" lon="-2.93919">
				<ele>1242.3</ele>
				<time>2026-09-10T12:58:11.980Z</time>
			</trkpt>
			<trkpt lat="37.94047" lon="-2.93923">
				<ele>1242.2</ele>
				<time>2026-09-10T12:58:14.529Z</time>
			</trkpt>
			<trkpt lat="37.93997" lon="-2.93935">
				<ele>1242.29</ele>
				<time>2026-09-10T12:58:20.415Z</time>
			</trkpt>
			<trkpt lat="37.93985" lon="-2.93936">
				<ele>1240.5</ele>
				<time>2026-09-10T12:58:21.817Z</time>
			</trkpt>
			<trkpt lat="37.93927" lon="-2.93931">
				<ele>1234.02</ele>
				<time>2026-09-10T12:58:28.646Z</time>
			</trkpt>
			<trkpt lat="37.93914" lon="-2.93932">
				<ele>1233.41</ele>
				<time>2026-09-10T12:58:30.188Z</time>
			</trkpt>
			<trkpt lat="37.93868" lon="-2.93942">
				<ele>1231</ele>
				<time>2026-09-10T12:58:35.750Z</time>
			</trkpt>
			<trkpt lat="37.93851" lon="-2.93942">
				<ele>1229.55</ele>
				<time>2026-09-10T12:58:37.790Z</time>
			</trkpt>
			<trkpt lat="37.938" lon="-2.93935">
				<ele>1222.46</ele>
				<time>2026-09-10T12:58:43.990Z</time>
			</trkpt>
			<trkpt lat="37.93784" lon="-2.93938">
				<ele>1218.53</ele>
				<time>2026-09-10T12:58:45.958Z</time>
			</trkpt>
			<trkpt lat="37.93777" lon="-2.93942">
				<ele>1217.33</ele>
				<time>2026-09-10T12:58:46.894Z</time>
			</trkpt>
			<trkpt lat="37.93755" lon="-2.93973">
				<ele>1218.47</ele>
				<time>2026-09-10T12:58:50.921Z</time>
			</trkpt>
			<trkpt lat="37.93742" lon="-2.93985">
				<ele>1217.21</ele>
				<time>2026-09-10T12:58:52.900Z</time>
			</trkpt>
			<trkpt lat="37.93715" lon="-2.94003">
				<ele>1212.57</ele>
				<time>2026-09-10T12:58:56.670Z</time>
			</trkpt>
			<trkpt lat="37.93706" lon="-2.94014">
				<ele>1211.27</ele>
				<time>2026-09-10T12:58:58.221Z</time>
			</trkpt>
			<trkpt lat="37.93691" lon="-2.9406">
				<ele>1209.27</ele>
				<time>2026-09-10T12:59:03.115Z</time>
			</trkpt>
			<trkpt lat="37.93688" lon="-2.94076">
				<ele>1209.82</ele>
				<time>2026-09-10T12:59:04.740Z</time>
			</trkpt>
			<trkpt lat="37.93682" lon="-2.94145">
				<ele>1209.76</ele>
				<time>2026-09-10T12:59:11.638Z</time>
			</trkpt>
			<trkpt lat="37.93678" lon="-2.9417">
				<ele>1212.31</ele>
				<time>2026-09-10T12:59:14.189Z</time>
			</trkpt>
			<trkpt lat="37.93667" lon="-2.94197">
				<ele>1217.71</ele>
				<time>2026-09-10T12:59:17.240Z</time>
			</trkpt>
			<trkpt lat="37.93651" lon="-2.94227">
				<ele>1216.99</ele>
				<time>2026-09-10T12:59:20.891Z</time>
			</trkpt>
			<trkpt lat="37.93647" lon="-2.94233">
				<ele>1216.17</ele>
				<time>2026-09-10T12:59:21.685Z</time>
			</trkpt>
			<trkpt lat="37.93638" lon="-2.9424">
				<ele>1213.58</ele>
				<time>2026-09-10T12:59:23.040Z</time>
			</trkpt>
			<trkpt lat="37.93619" lon="-2.94249">
				<ele>1206.41</ele>
				<time>2026-09-10T12:59:25.650Z</time>
			</trkpt>
			<trkpt lat="37.936" lon="-2.94261">
				<ele>1203.34</ele>
				<time>2026-09-10T12:59:28.390Z</time>
			</trkpt>
			<trkpt lat="37.93582" lon="-2.94279">
				<ele>1203.62</ele>
				<time>2026-09-10T12:59:31.359Z</time>
			</trkpt>
			<trkpt lat="37.93557" lon="-2.94309">
				<ele>1203.87</ele>
				<time>2026-09-10T12:59:35.836Z</time>
			</trkpt>
			<trkpt lat="37.93547" lon="-2.94317">
				<ele>1205.23</ele>
				<time>2026-09-10T12:59:37.380Z</time>
			</trkpt>
			<trkpt lat="37.93525" lon="-2.94328">
				<ele>1204.84</ele>
				<time>2026-09-10T12:59:40.474Z</time>
			</trkpt>
			<trkpt lat="37.93484" lon="-2.94341">
				<ele>1194.21</ele>
				<time>2026-09-10T12:59:46.029Z</time>
			</trkpt>
			<trkpt lat="37.93471" lon="-2.9435">
				<ele>1191.89</ele>
				<time>2026-09-10T12:59:47.984Z</time>
			</trkpt>
			<trkpt lat="37.93465" lon="-2.94357">
				<ele>1192.26</ele>
				<time>2026-09-10T12:59:49.062Z</time>
			</trkpt>
			<trkpt lat="37.93457" lon="-2.94372">
				<ele>1193.31</ele>
				<time>2026-09-10T12:59:50.952Z</time>
			</trkpt>
			<trkpt lat="37.93446" lon="-2.94409">
				<ele>1194.22</ele>
				<time>2026-09-10T12:59:55.093Z</time>
			</trkpt>
			<trkpt lat="37.93438" lon="-2.94422">
				<ele>1193.24</ele>
				<time>2026-09-10T12:59:56.824Z</time>
			</trkpt>
			<trkpt lat="37.93369" lon="-2.94478">
				<ele>1184.64</ele>
				<time>2026-09-10T13:00:07.796Z</time>
			</trkpt>
			<trkpt lat="37.93342" lon="-2.9451">
				<ele>1182.54</ele>
				<time>2026-09-10T13:00:12.781Z</time>
			</trkpt>
			<trkpt lat="37.93314" lon="-2.94546">
				<ele>1181.21</ele>
				<time>2026-09-10T13:00:18.183Z</time>
			</trkpt>
			<trkpt lat="37.93302" lon="-2.94558">
				<ele>1180.54</ele>
				<time>2026-09-10T13:00:20.259Z</time>
			</trkpt>
			<trkpt lat="37.93289" lon="-2.94567">
				<ele>1178.68</ele>
				<time>2026-09-10T13:00:22.275Z</time>
			</trkpt>
			<trkpt lat="37.93251" lon="-2.94581">
				<ele>1170.84</ele>
				<time>2026-09-10T13:00:27.675Z</time>
			</trkpt>
			<trkpt lat="37.9322" lon="-2.94613">
				<ele>1173.03</ele>
				<time>2026-09-10T13:00:33.153Z</time>
			</trkpt>
			<trkpt lat="37.93154" lon="-2.94659">
				<ele>1170.65</ele>
				<time>2026-09-10T13:00:43.530Z</time>
			</trkpt>
			<trkpt lat="37.93146" lon="-2.9467">
				<ele>1170.45</ele>
				<time>2026-09-10T13:00:45.162Z</time>
			</trkpt>
			<trkpt lat="37.9313" lon="-2.94702">
				<ele>1172.34</ele>
				<time>2026-09-10T13:00:49.303Z</time>
			</trkpt>
			<trkpt lat="37.93125" lon="-2.94708">
				<ele>1172.85</ele>
				<time>2026-09-10T13:00:50.259Z</time>
			</trkpt>
			<trkpt lat="37.93111" lon="-2.94721">
				<ele>1172.63</ele>
				<time>2026-09-10T13:00:52.670Z</time>
			</trkpt>
			<trkpt lat="37.93086" lon="-2.94738">
				<ele>1171.55</ele>
				<time>2026-09-10T13:00:56.618Z</time>
			</trkpt>
			<trkpt lat="37.93079" lon="-2.94741">
				<ele>1170.39</ele>
				<time>2026-09-10T13:00:57.648Z</time>
			</trkpt>
			<trkpt lat="37.93055" lon="-2.94736">
				<ele>1161.14</ele>
				<time>2026-09-10T13:01:01.043Z</time>
			</trkpt>
			<trkpt lat="37.93048" lon="-2.94735">
				<ele>1158.22</ele>
				<time>2026-09-10T13:01:02.027Z</time>
			</trkpt>
			<trkpt lat="37.93042" lon="-2.94738">
				<ele>1156.48</ele>
				<time>2026-09-10T13:01:02.929Z</time>
			</trkpt>
			<trkpt lat="37.93036" lon="-2.94744">
				<ele>1155.68</ele>
				<time>2026-09-10T13:01:03.997Z</time>
			</trkpt>
			<trkpt lat="37.93031" lon="-2.94752">
				<ele>1155.69</ele>
				<time>2026-09-10T13:01:05.124Z</time>
			</trkpt>
			<trkpt lat="37.9302" lon="-2.94776">
				<ele>1155.14</ele>
				<time>2026-09-10T13:01:08.192Z</time>
			</trkpt>
			<trkpt lat="37.93016" lon="-2.94795">
				<ele>1154.9</ele>
				<time>2026-09-10T13:01:10.368Z</time>
			</trkpt>
			<trkpt lat="37.93014" lon="-2.94828">
				<ele>1158.28</ele>
				<time>2026-09-10T13:01:14.035Z</time>
			</trkpt>
			<trkpt lat="37.93008" lon="-2.94844">
				<ele>1158.28</ele>
				<time>2026-09-10T13:01:16.001Z</time>
			</trkpt>
			<trkpt lat="37.92961" lon="-2.94899">
				<ele>1156.02</ele>
				<time>2026-09-10T13:01:25.021Z</time>
			</trkpt>
			<trkpt lat="37.92947" lon="-2.94912">
				<ele>1158.68</ele>
				<time>2026-09-10T13:01:27.475Z</time>
			</trkpt>
			<trkpt lat="37.92941" lon="-2.94914">
				<ele>1158.54</ele>
				<time>2026-09-10T13:01:28.352Z</time>
			</trkpt>
			<trkpt lat="37.9293" lon="-2.94915">
				<ele>1156.6</ele>
				<time>2026-09-10T13:01:29.913Z</time>
			</trkpt>
			<trkpt lat="37.92909" lon="-2.94909">
				<ele>1150.34</ele>
				<time>2026-09-10T13:01:32.963Z</time>
			</trkpt>
			<trkpt lat="37.92896" lon="-2.9491">
				<ele>1148.88</ele>
				<time>2026-09-10T13:01:34.809Z</time>
			</trkpt>
			<trkpt lat="37.92879" lon="-2.94916">
				<ele>1149</ele>
				<time>2026-09-10T13:01:37.314Z</time>
			</trkpt>
			<trkpt lat="37.92839" lon="-2.94938">
				<ele>1151.82</ele>
				<time>2026-09-10T13:01:43.511Z</time>
			</trkpt>
			<trkpt lat="37.92825" lon="-2.94942">
				<ele>1151.36</ele>
				<time>2026-09-10T13:01:45.553Z</time>
			</trkpt>
			<trkpt lat="37.92813" lon="-2.94939">
				<ele>1148.08</ele>
				<time>2026-09-10T13:01:47.295Z</time>
			</trkpt>
			<trkpt lat="37.92782" lon="-2.94924">
				<ele>1135.39</ele>
				<time>2026-09-10T13:01:52.024Z</time>
			</trkpt>
			<trkpt lat="37.92769" lon="-2.94925">
				<ele>1133.99</ele>
				<time>2026-09-10T13:01:53.883Z</time>
			</trkpt>
			<trkpt lat="37.92763" lon="-2.94929">
				<ele>1135.09</ele>
				<time>2026-09-10T13:01:54.850Z</time>
			</trkpt>
			<trkpt lat="37.92736" lon="-2.94955">
				<ele>1143.14</ele>
				<time>2026-09-10T13:01:59.693Z</time>
			</trkpt>
			<trkpt lat="37.92709" lon="-2.94971">
				<ele>1142.39</ele>
				<time>2026-09-10T13:02:03.955Z</time>
			</trkpt>
			<trkpt lat="37.92702" lon="-2.94977">
				<ele>1142.18</ele>
				<time>2026-09-10T13:02:05.165Z</time>
			</trkpt>
			<trkpt lat="37.92667" lon="-2.95019">
				<ele>1144.93</ele>
				<time>2026-09-10T13:02:12.067Z</time>
			</trkpt>
			<trkpt lat="37.92656" lon="-2.95029">
				<ele>1144.2</ele>
				<time>2026-09-10T13:02:14.007Z</time>
			</trkpt>
			<trkpt lat="37.92629" lon="-2.95041">
				<ele>1136.44</ele>
				<time>2026-09-10T13:02:18.110Z</time>
			</trkpt>
			<trkpt lat="37.92579" lon="-2.95074">
				<ele>1135.02</ele>
				<time>2026-09-10T13:02:26.203Z</time>
			</trkpt>
			<trkpt lat="37.92547" lon="-2.95103">
				<ele>1133.75</ele>
				<time>2026-09-10T13:02:31.855Z</time>
			</trkpt>
			<trkpt lat="37.9253" lon="-2.95123">
				<ele>1129.97</ele>
				<time>2026-09-10T13:02:35.189Z</time>
			</trkpt>
			<trkpt lat="37.92502" lon="-2.9516">
				<ele>1129.61</ele>
				<time>2026-09-10T13:02:41.005Z</time>
			</trkpt>
			<trkpt lat="37.92487" lon="-2.95173">
				<ele>1130.56</ele>
				<time>2026-09-10T13:02:43.618Z</time>
			</trkpt>
			<trkpt lat="37.92429" lon="-2.952">
				<ele>1126.99</ele>
				<time>2026-09-10T13:02:52.508Z</time>
			</trkpt>
			<trkpt lat="37.92409" lon="-2.95214">
				<ele>1128.83</ele>
				<time>2026-09-10T13:02:55.795Z</time>
			</trkpt>
			<trkpt lat="37.924" lon="-2.95216">
				<ele>1129.28</ele>
				<time>2026-09-10T13:02:57.110Z</time>
			</trkpt>
			<trkpt lat="37.92387" lon="-2.95213">
				<ele>1127.2</ele>
				<time>2026-09-10T13:02:59.011Z</time>
			</trkpt>
			<trkpt lat="37.92341" lon="-2.95192">
				<ele>1112.83</ele>
				<time>2026-09-10T13:03:06.045Z</time>
			</trkpt>
			<trkpt lat="37.92328" lon="-2.95192">
				<ele>1110.31</ele>
				<time>2026-09-10T13:03:07.915Z</time>
			</trkpt>
			<trkpt lat="37.92322" lon="-2.95194">
				<ele>1109.63</ele>
				<time>2026-09-10T13:03:08.807Z</time>
			</trkpt>
			<trkpt lat="37.92292" lon="-2.95219">
				<ele>1108.29</ele>
				<time>2026-09-10T13:03:13.970Z</time>
			</trkpt>
			<trkpt lat="37.92225" lon="-2.9528">
				<ele>1115.84</ele>
				<time>2026-09-10T13:03:25.821Z</time>
			</trkpt>
			<trkpt lat="37.92199" lon="-2.95298">
				<ele>1118.78</ele>
				<time>2026-09-10T13:03:30.073Z</time>
			</trkpt>
			<trkpt lat="37.92171" lon="-2.95315">
				<ele>1118.92</ele>
				<time>2026-09-10T13:03:34.525Z</time>
			</trkpt>
			<trkpt lat="37.92164" lon="-2.95317">
				<ele>1117.38</ele>
				<time>2026-09-10T13:03:35.554Z</time>
			</trkpt>
			<trkpt lat="37.92149" lon="-2.95317">
				<ele>1113.25</ele>
				<time>2026-09-10T13:03:37.703Z</time>
			</trkpt>
			<trkpt lat="37.92119" lon="-2.95313">
				<ele>1102.91</ele>
				<time>2026-09-10T13:03:42.023Z</time>
			</trkpt>
			<trkpt lat="37.92102" lon="-2.95315">
				<ele>1100.8</ele>
				<time>2026-09-10T13:03:44.467Z</time>
			</trkpt>
			<trkpt lat="37.92073" lon="-2.95323">
				<ele>1101.56</ele>
				<time>2026-09-10T13:03:48.711Z</time>
			</trkpt>
			<trkpt lat="37.92059" lon="-2.95323">
				<ele>1099.75</ele>
				<time>2026-09-10T13:03:50.711Z</time>
			</trkpt>
			<trkpt lat="37.92018" lon="-2.95305">
				<ele>1093.34</ele>
				<time>2026-09-10T13:03:56.904Z</time>
			</trkpt>
			<trkpt lat="37.91988" lon="-2.95298">
				<ele>1091.52</ele>
				<time>2026-09-10T13:04:01.252Z</time>
			</trkpt>
			<trkpt lat="37.91968" lon="-2.95298">
				<ele>1090.63</ele>
				<time>2026-09-10T13:04:04.099Z</time>
			</trkpt>
			<trkpt lat="37.91944" lon="-2.95309">
				<ele>1092.09</ele>
				<time>2026-09-10T13:04:07.729Z</time>
			</trkpt>
			<trkpt lat="37.91932" lon="-2.95317">
				<ele>1093.27</ele>
				<time>2026-09-10T13:04:09.655Z</time>
			</trkpt>
			<trkpt lat="37.91923" lon="-2.95326">
				<ele>1095.3</ele>
				<time>2026-09-10T13:04:11.283Z</time>
			</trkpt>
			<trkpt lat="37.91913" lon="-2.9534">
				<ele>1097.53</ele>
				<time>2026-09-10T13:04:13.397Z</time>
			</trkpt>
			<trkpt lat="37.91904" lon="-2.95369">
				<ele>1101.57</ele>
				<time>2026-09-10T13:04:16.882Z</time>
			</trkpt>
			<trkpt lat="37.91901" lon="-2.95375">
				<ele>1102.06</ele>
				<time>2026-09-10T13:04:17.676Z</time>
			</trkpt>
			<trkpt lat="37.91892" lon="-2.95381">
				<ele>1102.1</ele>
				<time>2026-09-10T13:04:19.115Z</time>
			</trkpt>
			<trkpt lat="37.91882" lon="-2.9538">
				<ele>1100.53</ele>
				<time>2026-09-10T13:04:20.535Z</time>
			</trkpt>
			<trkpt lat="37.91858" lon="-2.95361">
				<ele>1091.47</ele>
				<time>2026-09-10T13:04:24.534Z</time>
			</trkpt>
			<trkpt lat="37.9185" lon="-2.95356">
				<ele>1089.64</ele>
				<time>2026-09-10T13:04:25.793Z</time>
			</trkpt>
			<trkpt lat="37.91844" lon="-2.95355">
				<ele>1088.93</ele>
				<time>2026-09-10T13:04:26.647Z</time>
			</trkpt>
			<trkpt lat="37.91831" lon="-2.95355">
				<ele>1088.68</ele>
				<time>2026-09-10T13:04:28.481Z</time>
			</trkpt>
			<trkpt lat="37.91808" lon="-2.95358">
				<ele>1088.16</ele>
				<time>2026-09-10T13:04:31.738Z</time>
			</trkpt>
			<trkpt lat="37.91799" lon="-2.95361">
				<ele>1088.12</ele>
				<time>2026-09-10T13:04:33.048Z</time>
			</trkpt>
			<trkpt lat="37.91785" lon="-2.95369">
				<ele>1088.57</ele>
				<time>2026-09-10T13:04:35.207Z</time>
			</trkpt>
			<trkpt lat="37.9177" lon="-2.95385">
				<ele>1089.71</ele>
				<time>2026-09-10T13:04:37.961Z</time>
			</trkpt>
			<trkpt lat="37.91765" lon="-2.95388">
				<ele>1089.45</ele>
				<time>2026-09-10T13:04:38.737Z</time>
			</trkpt>
			<trkpt lat="37.91759" lon="-2.95389">
				<ele>1088.66</ele>
				<time>2026-09-10T13:04:39.586Z</time>
			</trkpt>
			<trkpt lat="37.91731" lon="-2.95387">
				<ele>1083.67</ele>
				<time>2026-09-10T13:04:43.515Z</time>
			</trkpt>
			<trkpt lat="37.9172" lon="-2.95391">
				<ele>1083.08</ele>
				<time>2026-09-10T13:04:45.116Z</time>
			</trkpt>
			<trkpt lat="37.91715" lon="-2.95395">
				<ele>1083.34</ele>
				<time>2026-09-10T13:04:45.943Z</time>
			</trkpt>
			<trkpt lat="37.91697" lon="-2.95418">
				<ele>1084.25</ele>
				<time>2026-09-10T13:04:49.512Z</time>
			</trkpt>
			<trkpt lat="37.91692" lon="-2.95424">
				<ele>1085.16</ele>
				<time>2026-09-10T13:04:50.473Z</time>
			</trkpt>
			<trkpt lat="37.91681" lon="-2.95431">
				<ele>1085.63</ele>
				<time>2026-09-10T13:04:52.188Z</time>
			</trkpt>
			<trkpt lat="37.91674" lon="-2.95432">
				<ele>1085.1</ele>
				<time>2026-09-10T13:04:53.169Z</time>
			</trkpt>
			<trkpt lat="37.91667" lon="-2.95427">
				<ele>1084.4</ele>
				<time>2026-09-10T13:04:54.287Z</time>
			</trkpt>
			<trkpt lat="37.91663" lon="-2.9543">
				<ele>1084.87</ele>
				<time>2026-09-10T13:04:54.934Z</time>
			</trkpt>
			<trkpt lat="37.91657" lon="-2.9543">
				<ele>1085.76</ele>
				<time>2026-09-10T13:04:55.768Z</time>
			</trkpt>
			<trkpt lat="37.91653" lon="-2.95425">
				<ele>1086.22</ele>
				<time>2026-09-10T13:04:56.549Z</time>
			</trkpt>
			<trkpt lat="37.9165" lon="-2.95415">
				<ele>1086.05</ele>
				<time>2026-09-10T13:04:57.721Z</time>
			</trkpt>
			<trkpt lat="37.91638" lon="-2.95294">
				<ele>1086.3</ele>
				<time>2026-09-10T13:05:11.025Z</time>
			</trkpt>
			<trkpt lat="37.91639" lon="-2.95276">
				<ele>1086.01</ele>
				<time>2026-09-10T13:05:12.984Z</time>
			</trkpt>
			<trkpt lat="37.9165" lon="-2.95244">
				<ele>1084.21</ele>
				<time>2026-09-10T13:05:16.765Z</time>
			</trkpt>
			<trkpt lat="37.91652" lon="-2.95237">
				<ele>1083.6</ele>
				<time>2026-09-10T13:05:17.570Z</time>
			</trkpt>
			<trkpt lat="37.91653" lon="-2.95229">
				<ele>1083.4</ele>
				<time>2026-09-10T13:05:18.445Z</time>
			</trkpt>
			<trkpt lat="37.91651" lon="-2.95223">
				<ele>1083.82</ele>
				<time>2026-09-10T13:05:19.149Z</time>
			</trkpt>
			<trkpt lat="37.91646" lon="-2.95211">
				<ele>1083.35</ele>
				<time>2026-09-10T13:05:20.614Z</time>
			</trkpt>
			<trkpt lat="37.91641" lon="-2.95206">
				<ele>1083.63</ele>
				<time>2026-09-10T13:05:21.484Z</time>
			</trkpt>
			<trkpt lat="37.91609" lon="-2.95197">
				<ele>1084.73</ele>
				<time>2026-09-10T13:05:25.956Z</time>
			</trkpt>
			<trkpt lat="37.91603" lon="-2.95193">
				<ele>1085.44</ele>
				<time>2026-09-10T13:05:26.879Z</time>
			</trkpt>
			<trkpt lat="37.91593" lon="-2.9518">
				<ele>1085.51</ele>
				<time>2026-09-10T13:05:28.827Z</time>
			</trkpt>
			<trkpt lat="37.9159" lon="-2.95171">
				<ele>1084.81</ele>
				<time>2026-09-10T13:05:29.874Z</time>
			</trkpt>
			<trkpt lat="37.9159" lon="-2.9515">
				<ele>1084.45</ele>
				<time>2026-09-10T13:05:32.122Z</time>
			</trkpt>
			<trkpt lat="37.91593" lon="-2.95132">
				<ele>1083.86</ele>
				<time>2026-09-10T13:05:34.087Z</time>
			</trkpt>
			<trkpt lat="37.91617" lon="-2.95049">
				<ele>1082.85</ele>
				<time>2026-09-10T13:05:43.487Z</time>
			</trkpt>
			<trkpt lat="37.91624" lon="-2.95015">
				<ele>1084.11</ele>
				<time>2026-09-10T13:05:47.201Z</time>
			</trkpt>
			<trkpt lat="37.91623" lon="-2.94983">
				<ele>1083.07</ele>
				<time>2026-09-10T13:05:50.576Z</time>
			</trkpt>
			<trkpt lat="37.91613" lon="-2.94922">
				<ele>1090.13</ele>
				<time>2026-09-10T13:05:57.110Z</time>
			</trkpt>
			<trkpt lat="37.91613" lon="-2.94911">
				<ele>1091.97</ele>
				<time>2026-09-10T13:05:58.259Z</time>
			</trkpt>
			<trkpt lat="37.91618" lon="-2.94868">
				<ele>1096.23</ele>
				<time>2026-09-10T13:06:02.788Z</time>
			</trkpt>
			<trkpt lat="37.91625" lon="-2.94852">
				<ele>1095.37</ele>
				<time>2026-09-10T13:06:04.688Z</time>
			</trkpt>
			<trkpt lat="37.91637" lon="-2.94834">
				<ele>1092.58</ele>
				<time>2026-09-10T13:06:07.125Z</time>
			</trkpt>
			<trkpt lat="37.91681" lon="-2.94793">
				<ele>1088.3</ele>
				<time>2026-09-10T13:06:14.359Z</time>
			</trkpt>
			<trkpt lat="37.91688" lon="-2.94784">
				<ele>1088.89</ele>
				<time>2026-09-10T13:06:15.679Z</time>
			</trkpt>
			<trkpt lat="37.91708" lon="-2.9473">
				<ele>1095.47</ele>
				<time>2026-09-10T13:06:21.882Z</time>
			</trkpt>
			<trkpt lat="37.91717" lon="-2.94712">
				<ele>1095.66</ele>
				<time>2026-09-10T13:06:24.090Z</time>
			</trkpt>
			<trkpt lat="37.91745" lon="-2.94668">
				<ele>1089.07</ele>
				<time>2026-09-10T13:06:29.923Z</time>
			</trkpt>
			<trkpt lat="37.9176" lon="-2.9465">
				<ele>1090.87</ele>
				<time>2026-09-10T13:06:32.614Z</time>
			</trkpt>
			<trkpt lat="37.91779" lon="-2.94634">
				<ele>1094.57</ele>
				<time>2026-09-10T13:06:35.578Z</time>
			</trkpt>
			<trkpt lat="37.91841" lon="-2.94609">
				<ele>1096.53</ele>
				<time>2026-09-10T13:06:43.993Z</time>
			</trkpt>
			<trkpt lat="37.91896" lon="-2.94589">
				<ele>1102.83</ele>
				<time>2026-09-10T13:06:51.346Z</time>
			</trkpt>
			<trkpt lat="37.91921" lon="-2.94585">
				<ele>1099.96</ele>
				<time>2026-09-10T13:06:54.572Z</time>
			</trkpt>
			<trkpt lat="37.91955" lon="-2.94584">
				<ele>1096.47</ele>
				<time>2026-09-10T13:06:58.914Z</time>
			</trkpt>
			<trkpt lat="37.91967" lon="-2.94579">
				<ele>1096.28</ele>
				<time>2026-09-10T13:07:00.523Z</time>
			</trkpt>
			<trkpt lat="37.9202" lon="-2.94545">
				<ele>1094.27</ele>
				<time>2026-09-10T13:07:08.069Z</time>
			</trkpt>
			<trkpt lat="37.92066" lon="-2.94517">
				<ele>1092.8</ele>
				<time>2026-09-10T13:07:14.525Z</time>
			</trkpt>
			<trkpt lat="37.92073" lon="-2.94511">
				<ele>1093.17</ele>
				<time>2026-09-10T13:07:15.592Z</time>
			</trkpt>
			<trkpt lat="37.92085" lon="-2.94494">
				<ele>1094.64</ele>
				<time>2026-09-10T13:07:17.862Z</time>
			</trkpt>
			<trkpt lat="37.9209" lon="-2.94484">
				<ele>1094.98</ele>
				<time>2026-09-10T13:07:19.039Z</time>
			</trkpt>
			<trkpt lat="37.92094" lon="-2.94465">
				<ele>1096.3</ele>
				<time>2026-09-10T13:07:20.992Z</time>
			</trkpt>
			<trkpt lat="37.92096" lon="-2.94452">
				<ele>1096.56</ele>
				<time>2026-09-10T13:07:22.307Z</time>
			</trkpt>
			<trkpt lat="37.92097" lon="-2.94434">
				<ele>1096.38</ele>
				<time>2026-09-10T13:07:24.097Z</time>
			</trkpt>
			<trkpt lat="37.92096" lon="-2.94419">
				<ele>1096.45</ele>
				<time>2026-09-10T13:07:25.589Z</time>
			</trkpt>
			<trkpt lat="37.92082" lon="-2.94356">
				<ele>1090.13</ele>
				<time>2026-09-10T13:07:32.067Z</time>
			</trkpt>
			<trkpt lat="37.9208" lon="-2.94342">
				<ele>1090.1</ele>
				<time>2026-09-10T13:07:33.473Z</time>
			</trkpt>
			<trkpt lat="37.9208" lon="-2.94331">
				<ele>1089.9</ele>
				<time>2026-09-10T13:07:34.560Z</time>
			</trkpt>
			<trkpt lat="37.92084" lon="-2.94319">
				<ele>1089.9</ele>
				<time>2026-09-10T13:07:35.846Z</time>
			</trkpt>
			<trkpt lat="37.92109" lon="-2.94248">
				<ele>1088.15</ele>
				<time>2026-09-10T13:07:43.512Z</time>
			</trkpt>
			<trkpt lat="37.9211" lon="-2.94241">
				<ele>1087.69</ele>
				<time>2026-09-10T13:07:44.213Z</time>
			</trkpt>
			<trkpt lat="37.92107" lon="-2.94228">
				<ele>1088.03</ele>
				<time>2026-09-10T13:07:45.547Z</time>
			</trkpt>
			<trkpt lat="37.92081" lon="-2.94195">
				<ele>1091.27</ele>
				<time>2026-09-10T13:07:50.136Z</time>
			</trkpt>
			<trkpt lat="37.92078" lon="-2.94186">
				<ele>1091.15</ele>
				<time>2026-09-10T13:07:51.097Z</time>
			</trkpt>
			<trkpt lat="37.92074" lon="-2.94131">
				<ele>1088.87</ele>
				<time>2026-09-10T13:07:56.527Z</time>
			</trkpt>
			<trkpt lat="37.92074" lon="-2.94107">
				<ele>1090.68</ele>
				<time>2026-09-10T13:07:58.885Z</time>
			</trkpt>
			<trkpt lat="37.92085" lon="-2.94045">
				<ele>1092.97</ele>
				<time>2026-09-10T13:08:05.127Z</time>
			</trkpt>
			<trkpt lat="37.92088" lon="-2.94034">
				<ele>1093.72</ele>
				<time>2026-09-10T13:08:06.271Z</time>
			</trkpt>
			<trkpt lat="37.92098" lon="-2.94017">
				<ele>1094.67</ele>
				<time>2026-09-10T13:08:08.353Z</time>
			</trkpt>
			<trkpt lat="37.92115" lon="-2.94">
				<ele>1095.06</ele>
				<time>2026-09-10T13:08:11.049Z</time>
			</trkpt>
			<trkpt lat="37.92133" lon="-2.93987">
				<ele>1094.21</ele>
				<time>2026-09-10T13:08:13.628Z</time>
			</trkpt>
			<trkpt lat="37.92151" lon="-2.9397">
				<ele>1094.14</ele>
				<time>2026-09-10T13:08:16.424Z</time>
			</trkpt>
			<trkpt lat="37.92163" lon="-2.93953">
				<ele>1092.77</ele>
				<time>2026-09-10T13:08:18.665Z</time>
			</trkpt>
			<trkpt lat="37.92174" lon="-2.93935">
				<ele>1091.26</ele>
				<time>2026-09-10T13:08:20.903Z</time>
			</trkpt>
			<trkpt lat="37.92183" lon="-2.93908">
				<ele>1088.31</ele>
				<time>2026-09-10T13:08:23.785Z</time>
			</trkpt>
			<trkpt lat="37.92187" lon="-2.93848">
				<ele>1085.79</ele>
				<time>2026-09-10T13:08:29.710Z</time>
			</trkpt>
			<trkpt lat="37.9219" lon="-2.93828">
				<ele>1086.36</ele>
				<time>2026-09-10T13:08:31.715Z</time>
			</trkpt>
			<trkpt lat="37.92244" lon="-2.93644">
				<ele>1077.9</ele>
				<time>2026-09-10T13:08:51.112Z</time>
			</trkpt>
			<trkpt lat="37.92255" lon="-2.93623">
				<ele>1074.78</ele>
				<time>2026-09-10T13:08:53.613Z</time>
			</trkpt>
			<trkpt lat="37.92289" lon="-2.93572">
				<ele>1064.34</ele>
				<time>2026-09-10T13:09:00.253Z</time>
			</trkpt>
			<trkpt lat="37.92291" lon="-2.93565">
				<ele>1064.45</ele>
				<time>2026-09-10T13:09:00.995Z</time>
			</trkpt>
			<trkpt lat="37.92292" lon="-2.93534">
				<ele>1066.41</ele>
				<time>2026-09-10T13:09:04.089Z</time>
			</trkpt>
			<trkpt lat="37.92291" lon="-2.93518">
				<ele>1067.89</ele>
				<time>2026-09-10T13:09:05.692Z</time>
			</trkpt>
			<trkpt lat="37.92292" lon="-2.9351">
				<ele>1068.27</ele>
				<time>2026-09-10T13:09:06.502Z</time>
			</trkpt>
			<trkpt lat="37.92295" lon="-2.93501">
				<ele>1068.09</ele>
				<time>2026-09-10T13:09:07.479Z</time>
			</trkpt>
			<trkpt lat="37.92304" lon="-2.93491">
				<ele>1067.25</ele>
				<time>2026-09-10T13:09:08.997Z</time>
			</trkpt>
			<trkpt lat="37.92351" lon="-2.93449">
				<ele>1054.59</ele>
				<time>2026-09-10T13:09:16.311Z</time>
			</trkpt>
			<trkpt lat="37.9236" lon="-2.9343">
				<ele>1050.52</ele>
				<time>2026-09-10T13:09:18.541Z</time>
			</trkpt>
			<trkpt lat="37.92361" lon="-2.93416">
				<ele>1049.95</ele>
				<time>2026-09-10T13:09:19.958Z</time>
			</trkpt>
			<trkpt lat="37.92358" lon="-2.93408">
				<ele>1051.02</ele>
				<time>2026-09-10T13:09:20.852Z</time>
			</trkpt>
			<trkpt lat="37.92307" lon="-2.9335">
				<ele>1060.53</ele>
				<time>2026-09-10T13:09:29.643Z</time>
			</trkpt>
			<trkpt lat="37.92285" lon="-2.93313">
				<ele>1048.44</ele>
				<time>2026-09-10T13:09:34.358Z</time>
			</trkpt>
			<trkpt lat="37.92273" lon="-2.93304">
				<ele>1046.7</ele>
				<time>2026-09-10T13:09:36.161Z</time>
			</trkpt>
			<trkpt lat="37.92261" lon="-2.93303">
				<ele>1047.68</ele>
				<time>2026-09-10T13:09:37.719Z</time>
			</trkpt>
			<trkpt lat="37.92232" lon="-2.9331">
				<ele>1049.67</ele>
				<time>2026-09-10T13:09:41.551Z</time>
			</trkpt>
			<trkpt lat="37.9218" lon="-2.9334">
				<ele>1053.52</ele>
				<time>2026-09-10T13:09:49.005Z</time>
			</trkpt>
			<trkpt lat="37.92124" lon="-2.93341">
				<ele>1050.11</ele>
				<time>2026-09-10T13:09:56.362Z</time>
			</trkpt>
			<trkpt lat="37.92116" lon="-2.93339">
				<ele>1049.28</ele>
				<time>2026-09-10T13:09:57.438Z</time>
			</trkpt>
			<trkpt lat="37.92106" lon="-2.93334">
				<ele>1047.92</ele>
				<time>2026-09-10T13:09:58.858Z</time>
			</trkpt>
			<trkpt lat="37.92078" lon="-2.93311">
				<ele>1049.09</ele>
				<time>2026-09-10T13:10:03.278Z</time>
			</trkpt>
			<trkpt lat="37.92064" lon="-2.93294">
				<ele>1050.8</ele>
				<time>2026-09-10T13:10:05.855Z</time>
			</trkpt>
			<trkpt lat="37.92021" lon="-2.93269">
				<ele>1045.34</ele>
				<time>2026-09-10T13:10:12.174Z</time>
			</trkpt>
			<trkpt lat="37.92015" lon="-2.93259">
				<ele>1042.55</ele>
				<time>2026-09-10T13:10:13.503Z</time>
			</trkpt>
			<trkpt lat="37.92013" lon="-2.93252">
				<ele>1041.55</ele>
				<time>2026-09-10T13:10:14.292Z</time>
			</trkpt>
			<trkpt lat="37.92014" lon="-2.93242">
				<ele>1040.8</ele>
				<time>2026-09-10T13:10:15.360Z</time>
			</trkpt>
			<trkpt lat="37.92017" lon="-2.9323">
				<ele>1040.59</ele>
				<time>2026-09-10T13:10:16.697Z</time>
			</trkpt>
			<trkpt lat="37.92022" lon="-2.93225">
				<ele>1041.02</ele>
				<time>2026-09-10T13:10:17.555Z</time>
			</trkpt>
			<trkpt lat="37.92037" lon="-2.93216">
				<ele>1041.46</ele>
				<time>2026-09-10T13:10:19.795Z</time>
			</trkpt>
			<trkpt lat="37.92074" lon="-2.93208">
				<ele>1036.16</ele>
				<time>2026-09-10T13:10:24.883Z</time>
			</trkpt>
			<trkpt lat="37.92088" lon="-2.93209">
				<ele>1034.21</ele>
				<time>2026-09-10T13:10:26.792Z</time>
			</trkpt>
			<trkpt lat="37.92098" lon="-2.93218">
				<ele>1035.13</ele>
				<time>2026-09-10T13:10:28.464Z</time>
			</trkpt>
			<trkpt lat="37.92101" lon="-2.93229">
				<ele>1036.78</ele>
				<time>2026-09-10T13:10:29.719Z</time>
			</trkpt>
			<trkpt lat="37.92101" lon="-2.93249">
				<ele>1039.16</ele>
				<time>2026-09-10T13:10:31.878Z</time>
			</trkpt>
			<trkpt lat="37.92103" lon="-2.9326">
				<ele>1038.72</ele>
				<time>2026-09-10T13:10:33.100Z</time>
			</trkpt>
			<trkpt lat="37.92108" lon="-2.93269">
				<ele>1037.02</ele>
				<time>2026-09-10T13:10:34.293Z</time>
			</trkpt>
			<trkpt lat="37.92118" lon="-2.93277">
				<ele>1034.48</ele>
				<time>2026-09-10T13:10:35.920Z</time>
			</trkpt>
			<trkpt lat="37.92132" lon="-2.93282">
				<ele>1032.14</ele>
				<time>2026-09-10T13:10:37.926Z</time>
			</trkpt>
			<trkpt lat="37.9215" lon="-2.93282">
				<ele>1030.67</ele>
				<time>2026-09-10T13:10:40.415Z</time>
			</trkpt>
			<trkpt lat="37.92167" lon="-2.93275">
				<ele>1028.9</ele>
				<time>2026-09-10T13:10:42.895Z</time>
			</trkpt>
			<trkpt lat="37.92185" lon="-2.93263">
				<ele>1029.52</ele>
				<time>2026-09-10T13:10:45.725Z</time>
			</trkpt>
			<trkpt lat="37.92194" lon="-2.9325">
				<ele>1027.81</ele>
				<time>2026-09-10T13:10:47.629Z</time>
			</trkpt>
			<trkpt lat="37.92204" lon="-2.93209">
				<ele>1023.54</ele>
				<time>2026-09-10T13:10:52.375Z</time>
			</trkpt>
			<trkpt lat="37.92207" lon="-2.93198">
				<ele>1023.22</ele>
				<time>2026-09-10T13:10:53.667Z</time>
			</trkpt>
			<trkpt lat="37.92213" lon="-2.93187">
				<ele>1023</ele>
				<time>2026-09-10T13:10:55.154Z</time>
			</trkpt>
			<trkpt lat="37.9224" lon="-2.93155">
				<ele>1024.46</ele>
				<time>2026-09-10T13:11:00.387Z</time>
			</trkpt>
			<trkpt lat="37.92247" lon="-2.93141">
				<ele>1025.43</ele>
				<time>2026-09-10T13:11:02.247Z</time>
			</trkpt>
			<trkpt lat="37.92252" lon="-2.93117">
				<ele>1023.54</ele>
				<time>2026-09-10T13:11:05.041Z</time>
			</trkpt>
			<trkpt lat="37.92266" lon="-2.93016">
				<ele>1014.22</ele>
				<time>2026-09-10T13:11:16.695Z</time>
			</trkpt>
			<trkpt lat="37.92272" lon="-2.92992">
				<ele>1011.54</ele>
				<time>2026-09-10T13:11:19.585Z</time>
			</trkpt>
			<trkpt lat="37.9228" lon="-2.92974">
				<ele>1010.09</ele>
				<time>2026-09-10T13:11:21.965Z</time>
			</trkpt>
			<trkpt lat="37.92293" lon="-2.92958">
				<ele>1008.99</ele>
				<time>2026-09-10T13:11:24.620Z</time>
			</trkpt>
			<trkpt lat="37.92317" lon="-2.92938">
				<ele>1007.72</ele>
				<time>2026-09-10T13:11:28.849Z</time>
			</trkpt>
			<trkpt lat="37.92333" lon="-2.92927">
				<ele>1006.83</ele>
				<time>2026-09-10T13:11:31.542Z</time>
			</trkpt>
			<trkpt lat="37.92369" lon="-2.92906">
				<ele>1004.73</ele>
				<time>2026-09-10T13:11:37.440Z</time>
			</trkpt>
			<trkpt lat="37.92375" lon="-2.929">
				<ele>1003.75</ele>
				<time>2026-09-10T13:11:38.583Z</time>
			</trkpt>
			<trkpt lat="37.92385" lon="-2.92884">
				<ele>1001.62</ele>
				<time>2026-09-10T13:11:40.998Z</time>
			</trkpt>
			<trkpt lat="37.9229" lon="-2.92922">
				<ele>996.89</ele>
				<time>2026-09-10T13:11:56.124Z</time>
			</trkpt>
			<trkpt lat="37.92269" lon="-2.92933">
				<ele>995.71</ele>
				<time>2026-09-10T13:11:59.621Z</time>
			</trkpt>
			<trkpt lat="37.92237" lon="-2.92963">
				<ele>995.55</ele>
				<time>2026-09-10T13:12:05.789Z</time>
			</trkpt>
			<trkpt lat="37.92206" lon="-2.93001">
				<ele>993.83</ele>
				<time>2026-09-10T13:12:12.536Z</time>
			</trkpt>
			<trkpt lat="37.92174" lon="-2.93045">
				<ele>988.36</ele>
				<time>2026-09-10T13:12:19.999Z</time>
			</trkpt>
			<trkpt lat="37.92163" lon="-2.9305">
				<ele>986.95</ele>
				<time>2026-09-10T13:12:21.859Z</time>
			</trkpt>
			<trkpt lat="37.92124" lon="-2.93048">
				<ele>984.77</ele>
				<time>2026-09-10T13:12:28.108Z</time>
			</trkpt>
			<trkpt lat="37.92104" lon="-2.93044">
				<ele>984.69</ele>
				<time>2026-09-10T13:12:31.373Z</time>
			</trkpt>
			<trkpt lat="37.92098" lon="-2.9304">
				<ele>984.54</ele>
				<time>2026-09-10T13:12:32.470Z</time>
			</trkpt>
			<trkpt lat="37.92093" lon="-2.93029">
				<ele>983.34</ele>
				<time>2026-09-10T13:12:34.093Z</time>
			</trkpt>
			<trkpt lat="37.92084" lon="-2.92988">
				<ele>977.67</ele>
				<time>2026-09-10T13:12:39.563Z</time>
			</trkpt>
			<trkpt lat="37.92078" lon="-2.9295">
				<ele>973.71</ele>
				<time>2026-09-10T13:12:44.583Z</time>
			</trkpt>
			<trkpt lat="37.92073" lon="-2.92947">
				<ele>973.53</ele>
				<time>2026-09-10T13:12:45.495Z</time>
			</trkpt>
			<trkpt lat="37.92055" lon="-2.92949">
				<ele>974.16</ele>
				<time>2026-09-10T13:12:48.484Z</time>
			</trkpt>
			<trkpt lat="37.92053" lon="-2.92945">
				<ele>974.08</ele>
				<time>2026-09-10T13:12:49.104Z</time>
			</trkpt>
			<trkpt lat="37.9203" lon="-2.92947">
				<ele>974.71</ele>
				<time>2026-09-10T13:12:52.940Z</time>
			</trkpt>
			<trkpt lat="37.92053" lon="-2.92945">
				<ele>974.08</ele>
				<time>2026-09-10T13:12:56.798Z</time>
			</trkpt>
			<trkpt lat="37.92055" lon="-2.92949">
				<ele>974.16</ele>
				<time>2026-09-10T13:12:57.425Z</time>
			</trkpt>
			<trkpt lat="37.92073" lon="-2.92947">
				<ele>973.53</ele>
				<time>2026-09-10T13:13:00.467Z</time>
			</trkpt>
			<trkpt lat="37.92078" lon="-2.9295">
				<ele>973.71</ele>
				<time>2026-09-10T13:13:01.401Z</time>
			</trkpt>
			<trkpt lat="37.92084" lon="-2.92988">
				<ele>977.67</ele>
				<time>2026-09-10T13:13:06.586Z</time>
			</trkpt>
			<trkpt lat="37.92093" lon="-2.93029">
				<ele>983.34</ele>
				<time>2026-09-10T13:13:12.327Z</time>
			</trkpt>
			<trkpt lat="37.92098" lon="-2.9304">
				<ele>984.54</ele>
				<time>2026-09-10T13:13:14.074Z</time>
			</trkpt>
			<trkpt lat="37.92104" lon="-2.93044">
				<ele>984.69</ele>
				<time>2026-09-10T13:13:15.282Z</time>
			</trkpt>
			<trkpt lat="37.92124" lon="-2.93048">
				<ele>984.77</ele>
				<time>2026-09-10T13:13:18.998Z</time>
			</trkpt>
			<trkpt lat="37.92163" lon="-2.9305">
				<ele>986.95</ele>
				<time>2026-09-10T13:13:26.578Z</time>
			</trkpt>
			<trkpt lat="37.92174" lon="-2.93045">
				<ele>988.36</ele>
				<time>2026-09-10T13:13:28.939Z</time>
			</trkpt>
			<trkpt lat="37.92206" lon="-2.93001">
				<ele>993.83</ele>
				<time>2026-09-10T13:13:38.817Z</time>
			</trkpt>
			<trkpt lat="37.92237" lon="-2.92963">
				<ele>995.55</ele>
				<time>2026-09-10T13:13:48.178Z</time>
			</trkpt>
			<trkpt lat="37.92269" lon="-2.92933">
				<ele>995.71</ele>
				<time>2026-09-10T13:13:56.958Z</time>
			</trkpt>
			<trkpt lat="37.9229" lon="-2.92922">
				<ele>996.89</ele>
				<time>2026-09-10T13:14:01.980Z</time>
			</trkpt>
			<trkpt lat="37.92385" lon="-2.92884">
				<ele>1001.62</ele>
				<time>2026-09-10T13:14:23.398Z</time>
			</trkpt>
			<trkpt lat="37.9239" lon="-2.92867">
				<ele>1000.1</ele>
				<time>2026-09-10T13:14:26.320Z</time>
			</trkpt>
			<trkpt lat="37.92409" lon="-2.9275">
				<ele>995.25</ele>
				<time>2026-09-10T13:14:43.846Z</time>
			</trkpt>
			<trkpt lat="37.92408" lon="-2.92724">
				<ele>993.12</ele>
				<time>2026-09-10T13:14:47.190Z</time>
			</trkpt>
			<trkpt lat="37.92403" lon="-2.92709">
				<ele>992.77</ele>
				<time>2026-09-10T13:14:49.217Z</time>
			</trkpt>
			<trkpt lat="37.92396" lon="-2.92697">
				<ele>991.89</ele>
				<time>2026-09-10T13:14:51.035Z</time>
			</trkpt>
			<trkpt lat="37.92387" lon="-2.92685">
				<ele>990.83</ele>
				<time>2026-09-10T13:14:53.010Z</time>
			</trkpt>
			<trkpt lat="37.92368" lon="-2.92671">
				<ele>986.02</ele>
				<time>2026-09-10T13:14:56.242Z</time>
			</trkpt>
			<trkpt lat="37.92346" lon="-2.92662">
				<ele>980.82</ele>
				<time>2026-09-10T13:14:59.530Z</time>
			</trkpt>
			<trkpt lat="37.92293" lon="-2.92645">
				<ele>989.15</ele>
				<time>2026-09-10T13:15:06.940Z</time>
			</trkpt>
			<trkpt lat="37.92275" lon="-2.92643">
				<ele>994.15</ele>
				<time>2026-09-10T13:15:09.302Z</time>
			</trkpt>
			<trkpt lat="37.92261" lon="-2.92646">
				<ele>995.21</ele>
				<time>2026-09-10T13:15:11.137Z</time>
			</trkpt>
			<trkpt lat="37.9225" lon="-2.92651">
				<ele>995.2</ele>
				<time>2026-09-10T13:15:12.636Z</time>
			</trkpt>
			<trkpt lat="37.92223" lon="-2.92679">
				<ele>994.44</ele>
				<time>2026-09-10T13:15:17.068Z</time>
			</trkpt>
			<trkpt lat="37.92182" lon="-2.92729">
				<ele>995.24</ele>
				<time>2026-09-10T13:15:24.279Z</time>
			</trkpt>
			<trkpt lat="37.92158" lon="-2.92749">
				<ele>994.57</ele>
				<time>2026-09-10T13:15:27.973Z</time>
			</trkpt>
			<trkpt lat="37.92131" lon="-2.92763">
				<ele>990.71</ele>
				<time>2026-09-10T13:15:31.804Z</time>
			</trkpt>
			<trkpt lat="37.92102" lon="-2.92773">
				<ele>985.46</ele>
				<time>2026-09-10T13:15:35.865Z</time>
			</trkpt>
			<trkpt lat="37.92042" lon="-2.92789">
				<ele>985.11</ele>
				<time>2026-09-10T13:15:44.656Z</time>
			</trkpt>
			<trkpt lat="37.91981" lon="-2.92793">
				<ele>986.86</ele>
				<time>2026-09-10T13:15:54.416Z</time>
			</trkpt>
			<trkpt lat="37.91921" lon="-2.92803">
				<ele>985.28</ele>
				<time>2026-09-10T13:16:05.167Z</time>
			</trkpt>
			<trkpt lat="37.91848" lon="-2.9282">
				<ele>984.06</ele>
				<time>2026-09-10T13:16:18.923Z</time>
			</trkpt>
			<trkpt lat="37.91819" lon="-2.92828">
				<ele>984.39</ele>
				<time>2026-09-10T13:16:24.356Z</time>
			</trkpt>
			<trkpt lat="37.9181" lon="-2.92833">
				<ele>983.57</ele>
				<time>2026-09-10T13:16:26.125Z</time>
			</trkpt>
			<trkpt lat="37.91765" lon="-2.92891">
				<ele>983.02</ele>
				<time>2026-09-10T13:16:37.079Z</time>
			</trkpt>
			<trkpt lat="37.91749" lon="-2.92909">
				<ele>983.18</ele>
				<time>2026-09-10T13:16:40.415Z</time>
			</trkpt>
			<trkpt lat="37.91724" lon="-2.92932">
				<ele>981.27</ele>
				<time>2026-09-10T13:16:44.935Z</time>
			</trkpt>
			<trkpt lat="37.91712" lon="-2.92949">
				<ele>979.42</ele>
				<time>2026-09-10T13:16:47.497Z</time>
			</trkpt>
			<trkpt lat="37.91701" lon="-2.92971">
				<ele>977.92</ele>
				<time>2026-09-10T13:16:50.367Z</time>
			</trkpt>
			<trkpt lat="37.91683" lon="-2.93024">
				<ele>980.67</ele>
				<time>2026-09-10T13:16:56.529Z</time>
			</trkpt>
			<trkpt lat="37.91676" lon="-2.93035">
				<ele>981.51</ele>
				<time>2026-09-10T13:16:57.997Z</time>
			</trkpt>
			<trkpt lat="37.91661" lon="-2.9305">
				<ele>981.75</ele>
				<time>2026-09-10T13:17:00.478Z</time>
			</trkpt>
			<trkpt lat="37.91638" lon="-2.93064">
				<ele>983.28</ele>
				<time>2026-09-10T13:17:03.721Z</time>
			</trkpt>
			<trkpt lat="37.91626" lon="-2.93069">
				<ele>985.23</ele>
				<time>2026-09-10T13:17:05.298Z</time>
			</trkpt>
			<trkpt lat="37.91605" lon="-2.93074">
				<ele>988.5</ele>
				<time>2026-09-10T13:17:07.923Z</time>
			</trkpt>
			<trkpt lat="37.91587" lon="-2.93072">
				<ele>989.18</ele>
				<time>2026-09-10T13:17:10.102Z</time>
			</trkpt>
			<trkpt lat="37.91573" lon="-2.93058">
				<ele>989.66</ele>
				<time>2026-09-10T13:17:12.217Z</time>
			</trkpt>
			<trkpt lat="37.91556" lon="-2.93029">
				<ele>991.89</ele>
				<time>2026-09-10T13:17:15.526Z</time>
			</trkpt>
			<trkpt lat="37.91548" lon="-2.93019">
				<ele>994.3</ele>
				<time>2026-09-10T13:17:16.807Z</time>
			</trkpt>
			<trkpt lat="37.91543" lon="-2.93016">
				<ele>995.32</ele>
				<time>2026-09-10T13:17:17.432Z</time>
			</trkpt>
			<trkpt lat="37.91533" lon="-2.93013">
				<ele>996.62</ele>
				<time>2026-09-10T13:17:18.586Z</time>
			</trkpt>
			<trkpt lat="37.91518" lon="-2.93012">
				<ele>996.83</ele>
				<time>2026-09-10T13:17:20.254Z</time>
			</trkpt>
			<trkpt lat="37.91501" lon="-2.93016">
				<ele>995.01</ele>
				<time>2026-09-10T13:17:22.146Z</time>
			</trkpt>
			<trkpt lat="37.91491" lon="-2.93019">
				<ele>994.41</ele>
				<time>2026-09-10T13:17:23.257Z</time>
			</trkpt>
			<trkpt lat="37.91464" lon="-2.93033">
				<ele>991.59</ele>
				<time>2026-09-10T13:17:26.355Z</time>
			</trkpt>
			<trkpt lat="37.91414" lon="-2.93073">
				<ele>986.5</ele>
				<time>2026-09-10T13:17:32.400Z</time>
			</trkpt>
			<trkpt lat="37.91389" lon="-2.93098">
				<ele>991.09</ele>
				<time>2026-09-10T13:17:35.534Z</time>
			</trkpt>
			<trkpt lat="37.91381" lon="-2.9311">
				<ele>992.37</ele>
				<time>2026-09-10T13:17:36.732Z</time>
			</trkpt>
			<trkpt lat="37.91374" lon="-2.93131">
				<ele>992.13</ele>
				<time>2026-09-10T13:17:38.449Z</time>
			</trkpt>
			<trkpt lat="37.91374" lon="-2.93139">
				<ele>991.12</ele>
				<time>2026-09-10T13:17:39.046Z</time>
			</trkpt>
			<trkpt lat="37.91377" lon="-2.93162">
				<ele>987.69</ele>
				<time>2026-09-10T13:17:40.768Z</time>
			</trkpt>
			<trkpt lat="37.91377" lon="-2.93175">
				<ele>986.57</ele>
				<time>2026-09-10T13:17:41.718Z</time>
			</trkpt>
			<trkpt lat="37.91374" lon="-2.93186">
				<ele>986.14</ele>
				<time>2026-09-10T13:17:42.563Z</time>
			</trkpt>
			<trkpt lat="37.91366" lon="-2.93203">
				<ele>985.23</ele>
				<time>2026-09-10T13:17:43.986Z</time>
			</trkpt>
			<trkpt lat="37.91345" lon="-2.93233">
				<ele>983.78</ele>
				<time>2026-09-10T13:17:46.820Z</time>
			</trkpt>
			<trkpt lat="37.9134" lon="-2.93236">
				<ele>984.1</ele>
				<time>2026-09-10T13:17:47.309Z</time>
			</trkpt>
			<trkpt lat="37.91328" lon="-2.93237">
				<ele>984.9</ele>
				<time>2026-09-10T13:17:48.365Z</time>
			</trkpt>
			<trkpt lat="37.91318" lon="-2.93233">
				<ele>984.92</ele>
				<time>2026-09-10T13:17:49.280Z</time>
			</trkpt>
			<trkpt lat="37.91297" lon="-2.93211">
				<ele>986.86</ele>
				<time>2026-09-10T13:17:51.626Z</time>
			</trkpt>
			<trkpt lat="37.91283" lon="-2.93201">
				<ele>988.25</ele>
				<time>2026-09-10T13:17:52.991Z</time>
			</trkpt>
			<trkpt lat="37.91271" lon="-2.93197">
				<ele>990.4</ele>
				<time>2026-09-10T13:17:54.035Z</time>
			</trkpt>
			<trkpt lat="37.91256" lon="-2.93196">
				<ele>994.19</ele>
				<time>2026-09-10T13:17:55.290Z</time>
			</trkpt>
			<trkpt lat="37.91244" lon="-2.93199">
				<ele>997.3</ele>
				<time>2026-09-10T13:17:56.303Z</time>
			</trkpt>
			<trkpt lat="37.91232" lon="-2.93208">
				<ele>1000.33</ele>
				<time>2026-09-10T13:17:57.450Z</time>
			</trkpt>
			<trkpt lat="37.91209" lon="-2.93242">
				<ele>998.61</ele>
				<time>2026-09-10T13:18:00.318Z</time>
			</trkpt>
			<trkpt lat="37.91169" lon="-2.93291">
				<ele>995.84</ele>
				<time>2026-09-10T13:18:04.735Z</time>
			</trkpt>
			<trkpt lat="37.91134" lon="-2.93325">
				<ele>994.84</ele>
				<time>2026-09-10T13:18:08.166Z</time>
			</trkpt>
			<trkpt lat="37.91116" lon="-2.93338">
				<ele>991.7</ele>
				<time>2026-09-10T13:18:09.760Z</time>
			</trkpt>
			<trkpt lat="37.91082" lon="-2.93354">
				<ele>993.16</ele>
				<time>2026-09-10T13:18:12.527Z</time>
			</trkpt>
			<trkpt lat="37.9105" lon="-2.93372">
				<ele>994.86</ele>
				<time>2026-09-10T13:18:15.176Z</time>
			</trkpt>
			<trkpt lat="37.90984" lon="-2.93424">
				<ele>996.11</ele>
				<time>2026-09-10T13:18:21.008Z</time>
			</trkpt>
			<trkpt lat="37.90955" lon="-2.93443">
				<ele>993.82</ele>
				<time>2026-09-10T13:18:23.450Z</time>
			</trkpt>
			<trkpt lat="37.90932" lon="-2.93452">
				<ele>993.12</ele>
				<time>2026-09-10T13:18:25.252Z</time>
			</trkpt>
			<trkpt lat="37.90918" lon="-2.93454">
				<ele>992.98</ele>
				<time>2026-09-10T13:18:26.308Z</time>
			</trkpt>
			<trkpt lat="37.9091" lon="-2.93454">
				<ele>992.97</ele>
				<time>2026-09-10T13:18:26.909Z</time>
			</trkpt>
			<trkpt lat="37.90898" lon="-2.93451">
				<ele>993.12</ele>
				<time>2026-09-10T13:18:27.828Z</time>
			</trkpt>
			<trkpt lat="37.90829" lon="-2.93423">
				<ele>997.81</ele>
				<time>2026-09-10T13:18:33.312Z</time>
			</trkpt>
			<trkpt lat="37.90819" lon="-2.93421">
				<ele>997.84</ele>
				<time>2026-09-10T13:18:34.086Z</time>
			</trkpt>
			<trkpt lat="37.908" lon="-2.93422">
				<ele>997.58</ele>
				<time>2026-09-10T13:18:35.546Z</time>
			</trkpt>
			<trkpt lat="37.90751" lon="-2.9344">
				<ele>998.85</ele>
				<time>2026-09-10T13:18:39.508Z</time>
			</trkpt>
			<trkpt lat="37.90716" lon="-2.93458">
				<ele>996.5</ele>
				<time>2026-09-10T13:18:42.494Z</time>
			</trkpt>
			<trkpt lat="37.90622" lon="-2.93554">
				<ele>989.48</ele>
				<time>2026-09-10T13:18:52.427Z</time>
			</trkpt>
			<trkpt lat="37.90613" lon="-2.9356">
				<ele>989.05</ele>
				<time>2026-09-10T13:18:53.296Z</time>
			</trkpt>
			<trkpt lat="37.90606" lon="-2.93563">
				<ele>989.03</ele>
				<time>2026-09-10T13:18:53.932Z</time>
			</trkpt>
			<trkpt lat="37.90584" lon="-2.93561">
				<ele>989.16</ele>
				<time>2026-09-10T13:18:55.846Z</time>
			</trkpt>
			<trkpt lat="37.90538" lon="-2.93551">
				<ele>993.17</ele>
				<time>2026-09-10T13:18:59.993Z</time>
			</trkpt>
			<trkpt lat="37.90501" lon="-2.9354">
				<ele>995.36</ele>
				<time>2026-09-10T13:19:03.474Z</time>
			</trkpt>
			<trkpt lat="37.90453" lon="-2.93512">
				<ele>996.45</ele>
				<time>2026-09-10T13:19:08.488Z</time>
			</trkpt>
			<trkpt lat="37.90438" lon="-2.9351">
				<ele>998.47</ele>
				<time>2026-09-10T13:19:09.958Z</time>
			</trkpt>
			<trkpt lat="37.9043" lon="-2.93512">
				<ele>999.63</ele>
				<time>2026-09-10T13:19:10.760Z</time>
			</trkpt>
			<trkpt lat="37.90408" lon="-2.93527">
				<ele>1001.08</ele>
				<time>2026-09-10T13:19:13.252Z</time>
			</trkpt>
			<trkpt lat="37.90367" lon="-2.93562">
				<ele>1003.31</ele>
				<time>2026-09-10T13:19:18.343Z</time>
			</trkpt>
			<trkpt lat="37.90326" lon="-2.93606">
				<ele>999.56</ele>
				<time>2026-09-10T13:19:24.130Z</time>
			</trkpt>
			<trkpt lat="37.9027" lon="-2.93678">
				<ele>1002.25</ele>
				<time>2026-09-10T13:19:33.258Z</time>
			</trkpt>
			<trkpt lat="37.90243" lon="-2.9371">
				<ele>1000.57</ele>
				<time>2026-09-10T13:19:37.722Z</time>
			</trkpt>
			<trkpt lat="37.90179" lon="-2.93773">
				<ele>1003.9</ele>
				<time>2026-09-10T13:19:48.070Z</time>
			</trkpt>
			<trkpt lat="37.90186" lon="-2.93785">
				<ele>1001.89</ele>
				<time>2026-09-10T13:19:49.641Z</time>
			</trkpt>
			<trkpt lat="37.90186" lon="-2.93785">
				<ele>1001.89</ele>
				<time>2026-09-10T13:19:49.641Z</time>
			</trkpt>
			<trkpt lat="37.90192" lon="-2.93794">
				<ele>1000.51</ele>
				<time>2026-09-10T13:19:50.894Z</time>
			</trkpt>
		</trkseg>
	</trk>
</gpx>