<?xml version="1.0" encoding="UTF-8"?>
<gpx version="1.1" creator="Kurviger" xmlns="http://www.topografix.com/GPX/1/1" xmlns:xsi="http://www.w3.org/2001/XMLSchema-instance" xsi:schemaLocation="http://www.topografix.com/GPX/1/1 http://www.topografix.com/GPX/1/1/gpx.xsd http://www.garmin.com/xmlschemas/GpxExtensions/v3 http://www.garmin.com/xmlschemas/GpxExtensionsv3.xsd http://www.garmin.com/xmlschemas/TripExtensions/v1 http://www.garmin.com/xmlschemas/TripExtensionsv1.xsd" xmlns:gpxx="http://www.garmin.com/xmlschemas/GpxExtensions/v3" xmlns:trp="http://www.garmin.com/xmlschemas/TripExtensions/v1">
	<metadata>
		<name>Dia 9 Alcalá del Júcar - Cerro de Moratalla la Vieja, Moratalla</name>
		<copyright author="OpenStreetMap contributors"/>
		<link href="https://kurviger.com">
			<text>Kurviger.com GPX</text>
		</link>
		<time>2026-09-10T07:37:39.254Z</time>
	</metadata>
	<rte>
		<name>Dia 9 Alcalá del Júcar - Cerro de Moratalla la Vieja, Moratalla</name>
		<extensions>
			<trp:Trip>
				<trp:TransportationMode>Motorcycling</trp:TransportationMode>
			</trp:Trip>
		</extensions>
		<rtept lat="39.19289" lon="-1.42915">
			<name>Start</name>
			<sym>Flag, Green</sym>
			<type>start</type>
			<extensions>
				<trp:ViaPoint>
					<trp:CalculationMode>Adventurous</trp:CalculationMode>
				</trp:ViaPoint>
			</extensions>
		</rtept>
		<rtept lat="39.17484" lon="-1.52032">
			<name>Via Point 1</name>
			<sym>Flag, Blue</sym>
			<type>via</type>
			<extensions>
				<trp:ViaPoint>
					<trp:CalculationMode>Adventurous</trp:CalculationMode>
				</trp:ViaPoint>
			</extensions>
		</rtept>
		<rtept lat="39.15507" lon="-1.58188">
			<name>Additional Waypoint</name>
			<sym>Waypoint</sym>
			<type>shaping</type>
			<extensions>
				<trp:ShapingPoint/>
			</extensions>
		</rtept>
		<rtept lat="39.13581" lon="-1.67678">
			<name>Via Point 2</name>
			<sym>Flag, Blue</sym>
			<type>via</type>
			<extensions>
				<trp:ViaPoint>
					<trp:CalculationMode>Adventurous</trp:CalculationMode>
				</trp:ViaPoint>
			</extensions>
		</rtept>
		<rtept lat="39.06531" lon="-1.49319">
			<name>Additional Waypoint</name>
			<sym>Waypoint</sym>
			<type>shaping</type>
			<extensions>
				<trp:ShapingPoint/>
			</extensions>
		</rtept>
		<rtept lat="38.92424" lon="-1.35908">
			<name>Additional Waypoint</name>
			<sym>Waypoint</sym>
			<type>shaping</type>
			<extensions>
				<trp:ShapingPoint/>
			</extensions>
		</rtept>
		<rtept lat="38.8539" lon="-1.40194">
			<name>Via Point 3</name>
			<sym>Flag, Blue</sym>
			<type>via</type>
			<extensions>
				<trp:ViaPoint>
					<trp:CalculationMode>Adventurous</trp:CalculationMode>
				</trp:ViaPoint>
			</extensions>
		</rtept>
		<rtept lat="38.81974" lon="-1.54035">
			<name>Additional Waypoint</name>
			<sym>Waypoint</sym>
			<type>shaping</type>
			<extensions>
				<trp:ShapingPoint/>
			</extensions>
		</rtept>
		<rtept lat="38.63389" lon="-1.66472">
			<name>Additional Waypoint</name>
			<sym>Waypoint</sym>
			<type>shaping</type>
			<extensions>
				<trp:ShapingPoint/>
			</extensions>
		</rtept>
		<rtept lat="38.80279" lon="-1.73445">
			<name>Via Point 4</name>
			<sym>Flag, Blue</sym>
			<type>via</type>
			<extensions>
				<trp:ViaPoint>
					<trp:CalculationMode>Adventurous</trp:CalculationMode>
				</trp:ViaPoint>
			</extensions>
		</rtept>
		<rtept lat="38.7266" lon="-2.00209">
			<name>Via Point 5</name>
			<sym>Flag, Blue</sym>
			<type>via</type>
			<extensions>
				<trp:ViaPoint>
					<trp:CalculationMode>Adventurous</trp:CalculationMode>
				</trp:ViaPoint>
			</extensions>
		</rtept>
		<rtept lat="38.64901" lon="-1.98045">
			<name>Via Point 6</name>
			<sym>Flag, Blue</sym>
			<type>via</type>
			<extensions>
				<trp:ViaPoint>
					<trp:CalculationMode>Adventurous</trp:CalculationMode>
				</trp:ViaPoint>
			</extensions>
		</rtept>
		<rtept lat="38.54229" lon="-1.9557">
			<name>Via Point 7</name>
			<sym>Flag, Blue</sym>
			<type>via</type>
			<extensions>
				<trp:ViaPoint>
					<trp:CalculationMode>Adventurous</trp:CalculationMode>
				</trp:ViaPoint>
			</extensions>
		</rtept>
		<rtept lat="38.55336" lon="-2.07128">
			<name>Via Point 8</name>
			<sym>Flag, Blue</sym>
			<type>via</type>
			<extensions>
				<trp:ViaPoint>
					<trp:CalculationMode>Adventurous</trp:CalculationMode>
				</trp:ViaPoint>
			</extensions>
		</rtept>
		<rtept lat="38.54571" lon="-2.12174">
			<name>Additional Waypoint</name>
			<sym>Waypoint</sym>
			<type>shaping</type>
			<extensions>
				<trp:ShapingPoint/>
			</extensions>
		</rtept>
		<rtept lat="38.44833" lon="-2.04904">
			<name>Via Point 9</name>
			<sym>Flag, Blue</sym>
			<type>via</type>
			<extensions>
				<trp:ViaPoint>
					<trp:CalculationMode>Adventurous</trp:CalculationMode>
				</trp:ViaPoint>
			</extensions>
		</rtept>
		<rtept lat="38.35588" lon="-2.00941">
			<name>Via Point 10</name>
			<sym>Flag, Blue</sym>
			<type>via</type>
			<extensions>
				<trp:ViaPoint>
					<trp:CalculationMode>Adventurous</trp:CalculationMode>
				</trp:ViaPoint>
			</extensions>
		</rtept>
		<rtept lat="38.33363" lon="-1.98364">
			<name>Via Point 11</name>
			<sym>Flag, Blue</sym>
			<type>via</type>
			<extensions>
				<trp:ViaPoint>
					<trp:CalculationMode>Adventurous</trp:CalculationMode>
				</trp:ViaPoint>
			</extensions>
		</rtept>
		<rtept lat="38.25596" lon="-1.80128">
			<name>Additional Waypoint</name>
			<sym>Waypoint</sym>
			<type>shaping</type>
			<extensions>
				<trp:ShapingPoint/>
			</extensions>
		</rtept>
		<rtept lat="38.18842" lon="-1.89076">
			<name>Via Point 12</name>
			<sym>Flag, Blue</sym>
			<type>via</type>
			<extensions>
				<trp:ViaPoint>
					<trp:CalculationMode>Adventurous</trp:CalculationMode>
				</trp:ViaPoint>
			</extensions>
		</rtept>
		<rtept lat="38.22705" lon="-1.86313">
			<name>Destination</name>
			<sym>Flag, Red</sym>
			<type>destination</type>
			<extensions>
				<trp:ViaPoint/>
			</extensions>
		</rtept>
	</rte>
	<trk>
		<name>Dia 9 Alcalá del Júcar - Cerro de Moratalla la Vieja, Moratalla</name>
		<trkseg>
			<trkpt lat="39.19289" lon="-1.42915">
				<ele>546.22</ele>
				<time>2026-09-10T07:37:38.354Z</time>
			</trkpt>
			<trkpt lat="39.1933" lon="-1.42912">
				<ele>545.24</ele>
				<time>2026-09-10T07:37:50.956Z</time>
			</trkpt>
			<trkpt lat="39.19333" lon="-1.42916">
				<ele>546.59</ele>
				<time>2026-09-10T07:37:52.280Z</time>
			</trkpt>
			<trkpt lat="39.19353" lon="-1.42925">
				<ele>549.58</ele>
				<time>2026-09-10T07:37:58.780Z</time>
			</trkpt>
			<trkpt lat="39.1937" lon="-1.42918">
				<ele>547.85</ele>
				<time>2026-09-10T07:38:04.458Z</time>
			</trkpt>
			<trkpt lat="39.19382" lon="-1.42906">
				<ele>544.26</ele>
				<time>2026-09-10T07:38:09.537Z</time>
			</trkpt>
			<trkpt lat="39.19416" lon="-1.42895">
				<ele>545.04</ele>
				<time>2026-09-10T07:38:21.745Z</time>
			</trkpt>
			<trkpt lat="39.19468" lon="-1.42884">
				<ele>538.4</ele>
				<time>2026-09-10T07:38:39.836Z</time>
			</trkpt>
			<trkpt lat="39.19527" lon="-1.42865">
				<ele>565.11</ele>
				<time>2026-09-10T07:38:57.031Z</time>
			</trkpt>
			<trkpt lat="39.19532" lon="-1.42863">
				<ele>563.73</ele>
				<time>2026-09-10T07:38:58.195Z</time>
			</trkpt>
			<trkpt lat="39.19538" lon="-1.42855">
				<ele>553.22</ele>
				<time>2026-09-10T07:38:59.975Z</time>
			</trkpt>
			<trkpt lat="39.19514" lon="-1.42861">
				<ele>545.31</ele>
				<time>2026-09-10T07:39:04.247Z</time>
			</trkpt>
			<trkpt lat="39.19442" lon="-1.42862">
				<ele>530.89</ele>
				<time>2026-09-10T07:39:15.583Z</time>
			</trkpt>
			<trkpt lat="39.19436" lon="-1.42859">
				<ele>529.66</ele>
				<time>2026-09-10T07:39:16.533Z</time>
			</trkpt>
			<trkpt lat="39.19431" lon="-1.42853">
				<ele>527.28</ele>
				<time>2026-09-10T07:39:17.530Z</time>
			</trkpt>
			<trkpt lat="39.19428" lon="-1.42837">
				<ele>521.46</ele>
				<time>2026-09-10T07:39:19.364Z</time>
			</trkpt>
			<trkpt lat="39.19437" lon="-1.42715">
				<ele>522.36</ele>
				<time>2026-09-10T07:39:31.894Z</time>
			</trkpt>
			<trkpt lat="39.19437" lon="-1.42705">
				<ele>523.99</ele>
				<time>2026-09-10T07:39:32.835Z</time>
			</trkpt>
			<trkpt lat="39.19435" lon="-1.427">
				<ele>525.16</ele>
				<time>2026-09-10T07:39:33.360Z</time>
			</trkpt>
			<trkpt lat="39.19429" lon="-1.42697">
				<ele>526.12</ele>
				<time>2026-09-10T07:39:34.128Z</time>
			</trkpt>
			<trkpt lat="39.19353" lon="-1.42703">
				<ele>531.8</ele>
				<time>2026-09-10T07:39:42.661Z</time>
			</trkpt>
			<trkpt lat="39.19312" lon="-1.42699">
				<ele>536.99</ele>
				<time>2026-09-10T07:39:46.888Z</time>
			</trkpt>
			<trkpt lat="39.19246" lon="-1.42683">
				<ele>534.32</ele>
				<time>2026-09-10T07:39:53.307Z</time>
			</trkpt>
			<trkpt lat="39.19207" lon="-1.42676">
				<ele>544.01</ele>
				<time>2026-09-10T07:39:56.833Z</time>
			</trkpt>
			<trkpt lat="39.1917" lon="-1.42674">
				<ele>540.65</ele>
				<time>2026-09-10T07:40:00.017Z</time>
			</trkpt>
			<trkpt lat="39.19113" lon="-1.42678">
				<ele>530.76</ele>
				<time>2026-09-10T07:40:04.721Z</time>
			</trkpt>
			<trkpt lat="39.19096" lon="-1.42673">
				<ele>531.74</ele>
				<time>2026-09-10T07:40:06.118Z</time>
			</trkpt>
			<trkpt lat="39.19054" lon="-1.42659">
				<ele>534.7</ele>
				<time>2026-09-10T07:40:09.536Z</time>
			</trkpt>
			<trkpt lat="39.19038" lon="-1.42659">
				<ele>532.07</ele>
				<time>2026-09-10T07:40:10.781Z</time>
			</trkpt>
			<trkpt lat="39.19024" lon="-1.42666">
				<ele>529</ele>
				<time>2026-09-10T07:40:11.943Z</time>
			</trkpt>
			<trkpt lat="39.18969" lon="-1.42702">
				<ele>525.76</ele>
				<time>2026-09-10T07:40:16.689Z</time>
			</trkpt>
			<trkpt lat="39.18959" lon="-1.42711">
				<ele>527.57</ele>
				<time>2026-09-10T07:40:17.627Z</time>
			</trkpt>
			<trkpt lat="39.18921" lon="-1.42785">
				<ele>535.15</ele>
				<time>2026-09-10T07:40:22.978Z</time>
			</trkpt>
			<trkpt lat="39.18912" lon="-1.428">
				<ele>535.55</ele>
				<time>2026-09-10T07:40:24.142Z</time>
			</trkpt>
			<trkpt lat="39.18893" lon="-1.42823">
				<ele>535.47</ele>
				<time>2026-09-10T07:40:26.229Z</time>
			</trkpt>
			<trkpt lat="39.18882" lon="-1.4283">
				<ele>536.65</ele>
				<time>2026-09-10T07:40:27.225Z</time>
			</trkpt>
			<trkpt lat="39.18882" lon="-1.42839">
				<ele>535.38</ele>
				<time>2026-09-10T07:40:27.795Z</time>
			</trkpt>
			<trkpt lat="39.18855" lon="-1.42909">
				<ele>533.35</ele>
				<time>2026-09-10T07:40:32.797Z</time>
			</trkpt>
			<trkpt lat="39.18854" lon="-1.42918">
				<ele>532.69</ele>
				<time>2026-09-10T07:40:33.377Z</time>
			</trkpt>
			<trkpt lat="39.18857" lon="-1.42977">
				<ele>527.32</ele>
				<time>2026-09-10T07:40:37.140Z</time>
			</trkpt>
			<trkpt lat="39.18855" lon="-1.43019">
				<ele>527.8</ele>
				<time>2026-09-10T07:40:39.808Z</time>
			</trkpt>
			<trkpt lat="39.18856" lon="-1.43031">
				<ele>527.96</ele>
				<time>2026-09-10T07:40:40.571Z</time>
			</trkpt>
			<trkpt lat="39.18894" lon="-1.4313">
				<ele>537.98</ele>
				<time>2026-09-10T07:40:47.526Z</time>
			</trkpt>
			<trkpt lat="39.18898" lon="-1.43148">
				<ele>539.6</ele>
				<time>2026-09-10T07:40:48.699Z</time>
			</trkpt>
			<trkpt lat="39.18902" lon="-1.43179">
				<ele>543.47</ele>
				<time>2026-09-10T07:40:50.663Z</time>
			</trkpt>
			<trkpt lat="39.18907" lon="-1.4319">
				<ele>544.26</ele>
				<time>2026-09-10T07:40:51.459Z</time>
			</trkpt>
			<trkpt lat="39.18944" lon="-1.43203">
				<ele>535.83</ele>
				<time>2026-09-10T07:40:54.538Z</time>
			</trkpt>
			<trkpt lat="39.18997" lon="-1.43236">
				<ele>538.21</ele>
				<time>2026-09-10T07:40:59.241Z</time>
			</trkpt>
			<trkpt lat="39.19033" lon="-1.43252">
				<ele>535.74</ele>
				<time>2026-09-10T07:41:02.269Z</time>
			</trkpt>
			<trkpt lat="39.19074" lon="-1.43268">
				<ele>536.5</ele>
				<time>2026-09-10T07:41:05.662Z</time>
			</trkpt>
			<trkpt lat="39.19125" lon="-1.43283">
				<ele>535.57</ele>
				<time>2026-09-10T07:41:09.785Z</time>
			</trkpt>
			<trkpt lat="39.19186" lon="-1.4331">
				<ele>538.25</ele>
				<time>2026-09-10T07:41:14.839Z</time>
			</trkpt>
			<trkpt lat="39.19216" lon="-1.43327">
				<ele>535.88</ele>
				<time>2026-09-10T07:41:17.395Z</time>
			</trkpt>
			<trkpt lat="39.19232" lon="-1.43339">
				<ele>535.03</ele>
				<time>2026-09-10T07:41:18.835Z</time>
			</trkpt>
			<trkpt lat="39.19258" lon="-1.43359">
				<ele>532.83</ele>
				<time>2026-09-10T07:41:21.184Z</time>
			</trkpt>
			<trkpt lat="39.19266" lon="-1.43368">
				<ele>533.1</ele>
				<time>2026-09-10T07:41:22.006Z</time>
			</trkpt>
			<trkpt lat="39.1928" lon="-1.43388">
				<ele>534.82</ele>
				<time>2026-09-10T07:41:23.621Z</time>
			</trkpt>
			<trkpt lat="39.19293" lon="-1.43418">
				<ele>540.92</ele>
				<time>2026-09-10T07:41:25.676Z</time>
			</trkpt>
			<trkpt lat="39.19304" lon="-1.43452">
				<ele>535.52</ele>
				<time>2026-09-10T07:41:27.873Z</time>
			</trkpt>
			<trkpt lat="39.19307" lon="-1.4349">
				<ele>533.23</ele>
				<time>2026-09-10T07:41:30.144Z</time>
			</trkpt>
			<trkpt lat="39.19304" lon="-1.43512">
				<ele>533.28</ele>
				<time>2026-09-10T07:41:31.469Z</time>
			</trkpt>
			<trkpt lat="39.19296" lon="-1.43533">
				<ele>535.04</ele>
				<time>2026-09-10T07:41:32.855Z</time>
			</trkpt>
			<trkpt lat="39.19268" lon="-1.43584">
				<ele>534.56</ele>
				<time>2026-09-10T07:41:36.544Z</time>
			</trkpt>
			<trkpt lat="39.19253" lon="-1.43609">
				<ele>535.69</ele>
				<time>2026-09-10T07:41:38.403Z</time>
			</trkpt>
			<trkpt lat="39.19222" lon="-1.43647">
				<ele>533.73</ele>
				<time>2026-09-10T07:41:41.638Z</time>
			</trkpt>
			<trkpt lat="39.19196" lon="-1.43671">
				<ele>530.91</ele>
				<time>2026-09-10T07:41:44.047Z</time>
			</trkpt>
			<trkpt lat="39.19151" lon="-1.43708">
				<ele>530.14</ele>
				<time>2026-09-10T07:41:48.052Z</time>
			</trkpt>
			<trkpt lat="39.19134" lon="-1.43712">
				<ele>533.56</ele>
				<time>2026-09-10T07:41:49.345Z</time>
			</trkpt>
			<trkpt lat="39.19118" lon="-1.43719">
				<ele>535.54</ele>
				<time>2026-09-10T07:41:50.606Z</time>
			</trkpt>
			<trkpt lat="39.19085" lon="-1.43752">
				<ele>527.5</ele>
				<time>2026-09-10T07:41:53.715Z</time>
			</trkpt>
			<trkpt lat="39.19071" lon="-1.43764">
				<ele>528.88</ele>
				<time>2026-09-10T07:41:54.964Z</time>
			</trkpt>
			<trkpt lat="39.18961" lon="-1.43836">
				<ele>553.15</ele>
				<time>2026-09-10T07:42:04.062Z</time>
			</trkpt>
			<trkpt lat="39.18938" lon="-1.43861">
				<ele>555.64</ele>
				<time>2026-09-10T07:42:06.265Z</time>
			</trkpt>
			<trkpt lat="39.18911" lon="-1.43899">
				<ele>554.65</ele>
				<time>2026-09-10T07:42:09.181Z</time>
			</trkpt>
			<trkpt lat="39.18832" lon="-1.44045">
				<ele>542.76</ele>
				<time>2026-09-10T07:42:19.171Z</time>
			</trkpt>
			<trkpt lat="39.18828" lon="-1.4406">
				<ele>542.97</ele>
				<time>2026-09-10T07:42:20.055Z</time>
			</trkpt>
			<trkpt lat="39.18815" lon="-1.44124">
				<ele>542.61</ele>
				<time>2026-09-10T07:42:23.730Z</time>
			</trkpt>
			<trkpt lat="39.18813" lon="-1.44136">
				<ele>542.3</ele>
				<time>2026-09-10T07:42:24.410Z</time>
			</trkpt>
			<trkpt lat="39.18813" lon="-1.44167">
				<ele>543.09</ele>
				<time>2026-09-10T07:42:26.125Z</time>
			</trkpt>
			<trkpt lat="39.18814" lon="-1.4418">
				<ele>540.4</ele>
				<time>2026-09-10T07:42:26.846Z</time>
			</trkpt>
			<trkpt lat="39.18833" lon="-1.44261">
				<ele>532</ele>
				<time>2026-09-10T07:42:31.504Z</time>
			</trkpt>
			<trkpt lat="39.18836" lon="-1.44289">
				<ele>531.1</ele>
				<time>2026-09-10T07:42:33.053Z</time>
			</trkpt>
			<trkpt lat="39.18842" lon="-1.44308">
				<ele>529.29</ele>
				<time>2026-09-10T07:42:34.176Z</time>
			</trkpt>
			<trkpt lat="39.18853" lon="-1.44324">
				<ele>528.85</ele>
				<time>2026-09-10T07:42:35.345Z</time>
			</trkpt>
			<trkpt lat="39.18882" lon="-1.44357">
				<ele>529.73</ele>
				<time>2026-09-10T07:42:38.064Z</time>
			</trkpt>
			<trkpt lat="39.1891" lon="-1.44405">
				<ele>533.41</ele>
				<time>2026-09-10T07:42:41.326Z</time>
			</trkpt>
			<trkpt lat="39.18922" lon="-1.4442">
				<ele>534.75</ele>
				<time>2026-09-10T07:42:42.493Z</time>
			</trkpt>
			<trkpt lat="39.18941" lon="-1.44439">
				<ele>536.12</ele>
				<time>2026-09-10T07:42:44.169Z</time>
			</trkpt>
			<trkpt lat="39.18972" lon="-1.4446">
				<ele>538.34</ele>
				<time>2026-09-10T07:42:46.604Z</time>
			</trkpt>
			<trkpt lat="39.19066" lon="-1.44499">
				<ele>537.61</ele>
				<time>2026-09-10T07:42:53.430Z</time>
			</trkpt>
			<trkpt lat="39.19128" lon="-1.44542">
				<ele>540.19</ele>
				<time>2026-09-10T07:42:58.261Z</time>
			</trkpt>
			<trkpt lat="39.19144" lon="-1.44556">
				<ele>541.68</ele>
				<time>2026-09-10T07:42:59.582Z</time>
			</trkpt>
			<trkpt lat="39.19157" lon="-1.44573">
				<ele>544.31</ele>
				<time>2026-09-10T07:43:00.845Z</time>
			</trkpt>
			<trkpt lat="39.19207" lon="-1.4465">
				<ele>544.76</ele>
				<time>2026-09-10T07:43:06.137Z</time>
			</trkpt>
			<trkpt lat="39.19308" lon="-1.44815">
				<ele>532.38</ele>
				<time>2026-09-10T07:43:17.099Z</time>
			</trkpt>
			<trkpt lat="39.19316" lon="-1.44833">
				<ele>532.26</ele>
				<time>2026-09-10T07:43:18.173Z</time>
			</trkpt>
			<trkpt lat="39.19349" lon="-1.44943">
				<ele>538</ele>
				<time>2026-09-10T07:43:24.249Z</time>
			</trkpt>
			<trkpt lat="39.19355" lon="-1.44981">
				<ele>533.31</ele>
				<time>2026-09-10T07:43:26.237Z</time>
			</trkpt>
			<trkpt lat="39.1936" lon="-1.45037">
				<ele>531.41</ele>
				<time>2026-09-10T07:43:29.118Z</time>
			</trkpt>
			<trkpt lat="39.19358" lon="-1.45049">
				<ele>532.62</ele>
				<time>2026-09-10T07:43:29.744Z</time>
			</trkpt>
			<trkpt lat="39.19353" lon="-1.45062">
				<ele>533.45</ele>
				<time>2026-09-10T07:43:30.483Z</time>
			</trkpt>
			<trkpt lat="39.19344" lon="-1.45077">
				<ele>533.57</ele>
				<time>2026-09-10T07:43:31.449Z</time>
			</trkpt>
			<trkpt lat="39.19322" lon="-1.45108">
				<ele>529.19</ele>
				<time>2026-09-10T07:43:33.584Z</time>
			</trkpt>
			<trkpt lat="39.19312" lon="-1.45118">
				<ele>529.16</ele>
				<time>2026-09-10T07:43:34.412Z</time>
			</trkpt>
			<trkpt lat="39.193" lon="-1.45125">
				<ele>530.92</ele>
				<time>2026-09-10T07:43:35.273Z</time>
			</trkpt>
			<trkpt lat="39.19282" lon="-1.45133">
				<ele>534.58</ele>
				<time>2026-09-10T07:43:36.515Z</time>
			</trkpt>
			<trkpt lat="39.19199" lon="-1.45155">
				<ele>551.8</ele>
				<time>2026-09-10T07:43:42.024Z</time>
			</trkpt>
			<trkpt lat="39.1917" lon="-1.45167">
				<ele>549.15</ele>
				<time>2026-09-10T07:43:43.995Z</time>
			</trkpt>
			<trkpt lat="39.19142" lon="-1.45183">
				<ele>550.85</ele>
				<time>2026-09-10T07:43:45.972Z</time>
			</trkpt>
			<trkpt lat="39.1899" lon="-1.45288">
				<ele>536.06</ele>
				<time>2026-09-10T07:43:57.017Z</time>
			</trkpt>
			<trkpt lat="39.18979" lon="-1.45289">
				<ele>536.29</ele>
				<time>2026-09-10T07:43:57.719Z</time>
			</trkpt>
			<trkpt lat="39.1897" lon="-1.45283">
				<ele>537.66</ele>
				<time>2026-09-10T07:43:58.363Z</time>
			</trkpt>
			<trkpt lat="39.18966" lon="-1.45276">
				<ele>538.56</ele>
				<time>2026-09-10T07:43:58.791Z</time>
			</trkpt>
			<trkpt lat="39.18965" lon="-1.45261">
				<ele>539.5</ele>
				<time>2026-09-10T07:43:59.532Z</time>
			</trkpt>
			<trkpt lat="39.18967" lon="-1.4524">
				<ele>540.4</ele>
				<time>2026-09-10T07:44:00.572Z</time>
			</trkpt>
			<trkpt lat="39.18991" lon="-1.45142">
				<ele>536.92</ele>
				<time>2026-09-10T07:44:05.606Z</time>
			</trkpt>
			<trkpt lat="39.18989" lon="-1.45131">
				<ele>535.44</ele>
				<time>2026-09-10T07:44:06.157Z</time>
			</trkpt>
			<trkpt lat="39.18984" lon="-1.45122">
				<ele>533.46</ele>
				<time>2026-09-10T07:44:06.697Z</time>
			</trkpt>
			<trkpt lat="39.18955" lon="-1.45099">
				<ele>533.03</ele>
				<time>2026-09-10T07:44:08.837Z</time>
			</trkpt>
			<trkpt lat="39.18939" lon="-1.45093">
				<ele>535.13</ele>
				<time>2026-09-10T07:44:09.882Z</time>
			</trkpt>
			<trkpt lat="39.18931" lon="-1.45092">
				<ele>535.96</ele>
				<time>2026-09-10T07:44:10.386Z</time>
			</trkpt>
			<trkpt lat="39.18919" lon="-1.45097">
				<ele>536.77</ele>
				<time>2026-09-10T07:44:11.176Z</time>
			</trkpt>
			<trkpt lat="39.18912" lon="-1.45106">
				<ele>537.73</ele>
				<time>2026-09-10T07:44:11.794Z</time>
			</trkpt>
			<trkpt lat="39.18875" lon="-1.45159">
				<ele>542.75</ele>
				<time>2026-09-10T07:44:15.246Z</time>
			</trkpt>
			<trkpt lat="39.18862" lon="-1.45184">
				<ele>541.61</ele>
				<time>2026-09-10T07:44:16.699Z</time>
			</trkpt>
			<trkpt lat="39.18849" lon="-1.45221">
				<ele>542.53</ele>
				<time>2026-09-10T07:44:18.656Z</time>
			</trkpt>
			<trkpt lat="39.18841" lon="-1.4526">
				<ele>542.38</ele>
				<time>2026-09-10T07:44:20.595Z</time>
			</trkpt>
			<trkpt lat="39.18839" lon="-1.45281">
				<ele>539.57</ele>
				<time>2026-09-10T07:44:21.610Z</time>
			</trkpt>
			<trkpt lat="39.18839" lon="-1.45322">
				<ele>542.28</ele>
				<time>2026-09-10T07:44:23.574Z</time>
			</trkpt>
			<trkpt lat="39.18843" lon="-1.45357">
				<ele>544.38</ele>
				<time>2026-09-10T07:44:25.265Z</time>
			</trkpt>
			<trkpt lat="39.18852" lon="-1.4539">
				<ele>541.23</ele>
				<time>2026-09-10T07:44:26.935Z</time>
			</trkpt>
			<trkpt lat="39.18892" lon="-1.45476">
				<ele>542.69</ele>
				<time>2026-09-10T07:44:31.704Z</time>
			</trkpt>
			<trkpt lat="39.18939" lon="-1.45587">
				<ele>548.67</ele>
				<time>2026-09-10T07:44:37.683Z</time>
			</trkpt>
			<trkpt lat="39.18949" lon="-1.45605">
				<ele>546.34</ele>
				<time>2026-09-10T07:44:38.726Z</time>
			</trkpt>
			<trkpt lat="39.18986" lon="-1.45653">
				<ele>539.56</ele>
				<time>2026-09-10T07:44:41.907Z</time>
			</trkpt>
			<trkpt lat="39.18998" lon="-1.45678">
				<ele>538.21</ele>
				<time>2026-09-10T07:44:43.286Z</time>
			</trkpt>
			<trkpt lat="39.19004" lon="-1.45714">
				<ele>536.34</ele>
				<time>2026-09-10T07:44:45.009Z</time>
			</trkpt>
			<trkpt lat="39.19011" lon="-1.45734">
				<ele>535.19</ele>
				<time>2026-09-10T07:44:46.035Z</time>
			</trkpt>
			<trkpt lat="39.1902" lon="-1.45749">
				<ele>534.71</ele>
				<time>2026-09-10T07:44:46.920Z</time>
			</trkpt>
			<trkpt lat="39.19074" lon="-1.45786">
				<ele>535.74</ele>
				<time>2026-09-10T07:44:50.595Z</time>
			</trkpt>
			<trkpt lat="39.19108" lon="-1.45804">
				<ele>536.87</ele>
				<time>2026-09-10T07:44:52.797Z</time>
			</trkpt>
			<trkpt lat="39.19201" lon="-1.45866">
				<ele>538.08</ele>
				<time>2026-09-10T07:44:59.044Z</time>
			</trkpt>
			<trkpt lat="39.19268" lon="-1.45921">
				<ele>541.81</ele>
				<time>2026-09-10T07:45:03.757Z</time>
			</trkpt>
			<trkpt lat="39.19317" lon="-1.45967">
				<ele>535.93</ele>
				<time>2026-09-10T07:45:07.339Z</time>
			</trkpt>
			<trkpt lat="39.19347" lon="-1.46009">
				<ele>533.52</ele>
				<time>2026-09-10T07:45:09.948Z</time>
			</trkpt>
			<trkpt lat="39.19395" lon="-1.46079">
				<ele>538.9</ele>
				<time>2026-09-10T07:45:14.204Z</time>
			</trkpt>
			<trkpt lat="39.19408" lon="-1.46105">
				<ele>537.39</ele>
				<time>2026-09-10T07:45:15.609Z</time>
			</trkpt>
			<trkpt lat="39.19446" lon="-1.46195">
				<ele>536.54</ele>
				<time>2026-09-10T07:45:20.251Z</time>
			</trkpt>
			<trkpt lat="39.1947" lon="-1.46259">
				<ele>537.83</ele>
				<time>2026-09-10T07:45:23.460Z</time>
			</trkpt>
			<trkpt lat="39.19475" lon="-1.46281">
				<ele>538.86</ele>
				<time>2026-09-10T07:45:24.493Z</time>
			</trkpt>
			<trkpt lat="39.19479" lon="-1.4632">
				<ele>537.73</ele>
				<time>2026-09-10T07:45:26.264Z</time>
			</trkpt>
			<trkpt lat="39.1948" lon="-1.46366">
				<ele>536.06</ele>
				<time>2026-09-10T07:45:28.331Z</time>
			</trkpt>
			<trkpt lat="39.19476" lon="-1.46418">
				<ele>535.96</ele>
				<time>2026-09-10T07:45:30.674Z</time>
			</trkpt>
			<trkpt lat="39.19474" lon="-1.46429">
				<ele>536.09</ele>
				<time>2026-09-10T07:45:31.181Z</time>
			</trkpt>
			<trkpt lat="39.19456" lon="-1.46483">
				<ele>530.83</ele>
				<time>2026-09-10T07:45:33.810Z</time>
			</trkpt>
			<trkpt lat="39.19444" lon="-1.46504">
				<ele>529.27</ele>
				<time>2026-09-10T07:45:34.975Z</time>
			</trkpt>
			<trkpt lat="39.19429" lon="-1.46521">
				<ele>529.95</ele>
				<time>2026-09-10T07:45:36.125Z</time>
			</trkpt>
			<trkpt lat="39.19421" lon="-1.46526">
				<ele>530.51</ele>
				<time>2026-09-10T07:45:36.636Z</time>
			</trkpt>
			<trkpt lat="39.1939" lon="-1.4654">
				<ele>532.96</ele>
				<time>2026-09-10T07:45:38.524Z</time>
			</trkpt>
			<trkpt lat="39.1936" lon="-1.46549">
				<ele>534.58</ele>
				<time>2026-09-10T07:45:40.292Z</time>
			</trkpt>
			<trkpt lat="39.19319" lon="-1.46553">
				<ele>546.39</ele>
				<time>2026-09-10T07:45:42.649Z</time>
			</trkpt>
			<trkpt lat="39.19256" lon="-1.46548">
				<ele>557.8</ele>
				<time>2026-09-10T07:45:46.258Z</time>
			</trkpt>
			<trkpt lat="39.19174" lon="-1.4653">
				<ele>556.29</ele>
				<time>2026-09-10T07:45:51.000Z</time>
			</trkpt>
			<trkpt lat="39.19142" lon="-1.46527">
				<ele>546.01</ele>
				<time>2026-09-10T07:45:52.824Z</time>
			</trkpt>
			<trkpt lat="39.19121" lon="-1.46528">
				<ele>548.11</ele>
				<time>2026-09-10T07:45:54.018Z</time>
			</trkpt>
			<trkpt lat="39.19051" lon="-1.46537">
				<ele>544.39</ele>
				<time>2026-09-10T07:45:58.008Z</time>
			</trkpt>
			<trkpt lat="39.18979" lon="-1.46553">
				<ele>554.99</ele>
				<time>2026-09-10T07:46:02.140Z</time>
			</trkpt>
			<trkpt lat="39.18946" lon="-1.46564">
				<ele>568.2</ele>
				<time>2026-09-10T07:46:04.064Z</time>
			</trkpt>
			<trkpt lat="39.18916" lon="-1.46584">
				<ele>568.79</ele>
				<time>2026-09-10T07:46:05.968Z</time>
			</trkpt>
			<trkpt lat="39.18879" lon="-1.46618">
				<ele>556.27</ele>
				<time>2026-09-10T07:46:08.525Z</time>
			</trkpt>
			<trkpt lat="39.18847" lon="-1.46652">
				<ele>549.5</ele>
				<time>2026-09-10T07:46:10.856Z</time>
			</trkpt>
			<trkpt lat="39.18835" lon="-1.4667">
				<ele>545.74</ele>
				<time>2026-09-10T07:46:11.889Z</time>
			</trkpt>
			<trkpt lat="39.18828" lon="-1.46685">
				<ele>542.85</ele>
				<time>2026-09-10T07:46:12.651Z</time>
			</trkpt>
			<trkpt lat="39.18823" lon="-1.46701">
				<ele>541.22</ele>
				<time>2026-09-10T07:46:13.401Z</time>
			</trkpt>
			<trkpt lat="39.18808" lon="-1.46777">
				<ele>536.95</ele>
				<time>2026-09-10T07:46:16.808Z</time>
			</trkpt>
			<trkpt lat="39.18789" lon="-1.46835">
				<ele>548.72</ele>
				<time>2026-09-10T07:46:19.539Z</time>
			</trkpt>
			<trkpt lat="39.18787" lon="-1.46851">
				<ele>549.96</ele>
				<time>2026-09-10T07:46:20.241Z</time>
			</trkpt>
			<trkpt lat="39.1879" lon="-1.46887">
				<ele>548.11</ele>
				<time>2026-09-10T07:46:21.809Z</time>
			</trkpt>
			<trkpt lat="39.18789" lon="-1.46957">
				<ele>553.89</ele>
				<time>2026-09-10T07:46:24.837Z</time>
			</trkpt>
			<trkpt lat="39.18791" lon="-1.46999">
				<ele>553.12</ele>
				<time>2026-09-10T07:46:26.654Z</time>
			</trkpt>
			<trkpt lat="39.18796" lon="-1.47033">
				<ele>549.06</ele>
				<time>2026-09-10T07:46:28.148Z</time>
			</trkpt>
			<trkpt lat="39.1881" lon="-1.47098">
				<ele>544.18</ele>
				<time>2026-09-10T07:46:31.057Z</time>
			</trkpt>
			<trkpt lat="39.18823" lon="-1.47147">
				<ele>547.59</ele>
				<time>2026-09-10T07:46:33.288Z</time>
			</trkpt>
			<trkpt lat="39.18841" lon="-1.47198">
				<ele>548.64</ele>
				<time>2026-09-10T07:46:35.699Z</time>
			</trkpt>
			<trkpt lat="39.18854" lon="-1.47252">
				<ele>551.25</ele>
				<time>2026-09-10T07:46:38.130Z</time>
			</trkpt>
			<trkpt lat="39.18864" lon="-1.47273">
				<ele>548.81</ele>
				<time>2026-09-10T07:46:39.189Z</time>
			</trkpt>
			<trkpt lat="39.18897" lon="-1.47319">
				<ele>543.91</ele>
				<time>2026-09-10T07:46:41.879Z</time>
			</trkpt>
			<trkpt lat="39.18943" lon="-1.47366">
				<ele>545.51</ele>
				<time>2026-09-10T07:46:45.125Z</time>
			</trkpt>
			<trkpt lat="39.1898" lon="-1.47402">
				<ele>545.3</ele>
				<time>2026-09-10T07:46:47.687Z</time>
			</trkpt>
			<trkpt lat="39.19086" lon="-1.47487">
				<ele>545.79</ele>
				<time>2026-09-10T07:46:54.574Z</time>
			</trkpt>
			<trkpt lat="39.19156" lon="-1.47535">
				<ele>548.57</ele>
				<time>2026-09-10T07:46:58.942Z</time>
			</trkpt>
			<trkpt lat="39.19218" lon="-1.47583">
				<ele>548.59</ele>
				<time>2026-09-10T07:47:02.922Z</time>
			</trkpt>
			<trkpt lat="39.19251" lon="-1.47593">
				<ele>548.2</ele>
				<time>2026-09-10T07:47:04.787Z</time>
			</trkpt>
			<trkpt lat="39.19284" lon="-1.47597">
				<ele>547.56</ele>
				<time>2026-09-10T07:47:06.609Z</time>
			</trkpt>
			<trkpt lat="39.19293" lon="-1.476">
				<ele>546.87</ele>
				<time>2026-09-10T07:47:07.120Z</time>
			</trkpt>
			<trkpt lat="39.19301" lon="-1.47603">
				<ele>546.4</ele>
				<time>2026-09-10T07:47:07.578Z</time>
			</trkpt>
			<trkpt lat="39.19318" lon="-1.47616">
				<ele>544.57</ele>
				<time>2026-09-10T07:47:08.665Z</time>
			</trkpt>
			<trkpt lat="39.19335" lon="-1.47634">
				<ele>543.67</ele>
				<time>2026-09-10T07:47:09.873Z</time>
			</trkpt>
			<trkpt lat="39.19343" lon="-1.47649">
				<ele>544.2</ele>
				<time>2026-09-10T07:47:10.649Z</time>
			</trkpt>
			<trkpt lat="39.19346" lon="-1.47666">
				<ele>545.96</ele>
				<time>2026-09-10T07:47:11.391Z</time>
			</trkpt>
			<trkpt lat="39.19344" lon="-1.47693">
				<ele>549.37</ele>
				<time>2026-09-10T07:47:12.546Z</time>
			</trkpt>
			<trkpt lat="39.19337" lon="-1.47751">
				<ele>549.64</ele>
				<time>2026-09-10T07:47:15.044Z</time>
			</trkpt>
			<trkpt lat="39.19332" lon="-1.47771">
				<ele>546.63</ele>
				<time>2026-09-10T07:47:15.939Z</time>
			</trkpt>
			<trkpt lat="39.19324" lon="-1.47788">
				<ele>545.76</ele>
				<time>2026-09-10T07:47:16.785Z</time>
			</trkpt>
			<trkpt lat="39.19317" lon="-1.47796">
				<ele>545.75</ele>
				<time>2026-09-10T07:47:17.299Z</time>
			</trkpt>
			<trkpt lat="39.19301" lon="-1.47808">
				<ele>545.67</ele>
				<time>2026-09-10T07:47:18.315Z</time>
			</trkpt>
			<trkpt lat="39.19285" lon="-1.47812">
				<ele>545.36</ele>
				<time>2026-09-10T07:47:19.209Z</time>
			</trkpt>
			<trkpt lat="39.19255" lon="-1.4781">
				<ele>546.13</ele>
				<time>2026-09-10T07:47:20.858Z</time>
			</trkpt>
			<trkpt lat="39.19246" lon="-1.47806">
				<ele>546.61</ele>
				<time>2026-09-10T07:47:21.381Z</time>
			</trkpt>
			<trkpt lat="39.19229" lon="-1.47796">
				<ele>547.26</ele>
				<time>2026-09-10T07:47:22.406Z</time>
			</trkpt>
			<trkpt lat="39.19187" lon="-1.47763">
				<ele>544.72</ele>
				<time>2026-09-10T07:47:25.104Z</time>
			</trkpt>
			<trkpt lat="39.19117" lon="-1.47698">
				<ele>544.46</ele>
				<time>2026-09-10T07:47:29.837Z</time>
			</trkpt>
			<trkpt lat="39.1909" lon="-1.47671">
				<ele>547.96</ele>
				<time>2026-09-10T07:47:31.711Z</time>
			</trkpt>
			<trkpt lat="39.19039" lon="-1.47611">
				<ele>547.43</ele>
				<time>2026-09-10T07:47:35.499Z</time>
			</trkpt>
			<trkpt lat="39.18967" lon="-1.47541">
				<ele>554.65</ele>
				<time>2026-09-10T07:47:40.447Z</time>
			</trkpt>
			<trkpt lat="39.18802" lon="-1.47418">
				<ele>552.62</ele>
				<time>2026-09-10T07:47:50.914Z</time>
			</trkpt>
			<trkpt lat="39.18784" lon="-1.47408">
				<ele>555.45</ele>
				<time>2026-09-10T07:47:51.992Z</time>
			</trkpt>
			<trkpt lat="39.18698" lon="-1.47372">
				<ele>579.87</ele>
				<time>2026-09-10T07:47:56.965Z</time>
			</trkpt>
			<trkpt lat="39.18681" lon="-1.47369">
				<ele>578.5</ele>
				<time>2026-09-10T07:47:57.909Z</time>
			</trkpt>
			<trkpt lat="39.18565" lon="-1.47382">
				<ele>557.18</ele>
				<time>2026-09-10T07:48:04.324Z</time>
			</trkpt>
			<trkpt lat="39.18551" lon="-1.47386">
				<ele>554.85</ele>
				<time>2026-09-10T07:48:05.114Z</time>
			</trkpt>
			<trkpt lat="39.18527" lon="-1.47403">
				<ele>552.69</ele>
				<time>2026-09-10T07:48:06.624Z</time>
			</trkpt>
			<trkpt lat="39.18488" lon="-1.47437">
				<ele>554.6</ele>
				<time>2026-09-10T07:48:09.222Z</time>
			</trkpt>
			<trkpt lat="39.18452" lon="-1.47481">
				<ele>552.96</ele>
				<time>2026-09-10T07:48:11.961Z</time>
			</trkpt>
			<trkpt lat="39.18419" lon="-1.4753">
				<ele>547.21</ele>
				<time>2026-09-10T07:48:14.743Z</time>
			</trkpt>
			<trkpt lat="39.18399" lon="-1.4757">
				<ele>542.7</ele>
				<time>2026-09-10T07:48:16.785Z</time>
			</trkpt>
			<trkpt lat="39.18379" lon="-1.47627">
				<ele>538.44</ele>
				<time>2026-09-10T07:48:19.470Z</time>
			</trkpt>
			<trkpt lat="39.18341" lon="-1.47712">
				<ele>540.76</ele>
				<time>2026-09-10T07:48:23.688Z</time>
			</trkpt>
			<trkpt lat="39.18336" lon="-1.47728">
				<ele>541.24</ele>
				<time>2026-09-10T07:48:24.431Z</time>
			</trkpt>
			<trkpt lat="39.18321" lon="-1.47797">
				<ele>541.31</ele>
				<time>2026-09-10T07:48:27.517Z</time>
			</trkpt>
			<trkpt lat="39.18314" lon="-1.47819">
				<ele>540.21</ele>
				<time>2026-09-10T07:48:28.542Z</time>
			</trkpt>
			<trkpt lat="39.18293" lon="-1.4788">
				<ele>537.95</ele>
				<time>2026-09-10T07:48:31.421Z</time>
			</trkpt>
			<trkpt lat="39.18272" lon="-1.47927">
				<ele>537.47</ele>
				<time>2026-09-10T07:48:33.764Z</time>
			</trkpt>
			<trkpt lat="39.18264" lon="-1.47938">
				<ele>536.97</ele>
				<time>2026-09-10T07:48:34.416Z</time>
			</trkpt>
			<trkpt lat="39.18258" lon="-1.47942">
				<ele>536.91</ele>
				<time>2026-09-10T07:48:34.793Z</time>
			</trkpt>
			<trkpt lat="39.18233" lon="-1.47948">
				<ele>537.59</ele>
				<time>2026-09-10T07:48:36.212Z</time>
			</trkpt>
			<trkpt lat="39.18223" lon="-1.47953">
				<ele>538.21</ele>
				<time>2026-09-10T07:48:36.811Z</time>
			</trkpt>
			<trkpt lat="39.1822" lon="-1.47957">
				<ele>538.63</ele>
				<time>2026-09-10T07:48:37.052Z</time>
			</trkpt>
			<trkpt lat="39.18215" lon="-1.47969">
				<ele>539.59</ele>
				<time>2026-09-10T07:48:37.642Z</time>
			</trkpt>
			<trkpt lat="39.18214" lon="-1.47976">
				<ele>539.86</ele>
				<time>2026-09-10T07:48:37.950Z</time>
			</trkpt>
			<trkpt lat="39.1822" lon="-1.48014">
				<ele>539.61</ele>
				<time>2026-09-10T07:48:39.630Z</time>
			</trkpt>
			<trkpt lat="39.1822" lon="-1.48029">
				<ele>539.11</ele>
				<time>2026-09-10T07:48:40.280Z</time>
			</trkpt>
			<trkpt lat="39.18202" lon="-1.482">
				<ele>539.87</ele>
				<time>2026-09-10T07:48:47.779Z</time>
			</trkpt>
			<trkpt lat="39.18196" lon="-1.48236">
				<ele>539.7</ele>
				<time>2026-09-10T07:48:49.383Z</time>
			</trkpt>
			<trkpt lat="39.18185" lon="-1.48281">
				<ele>541.06</ele>
				<time>2026-09-10T07:48:51.441Z</time>
			</trkpt>
			<trkpt lat="39.18172" lon="-1.48318">
				<ele>539.34</ele>
				<time>2026-09-10T07:48:53.215Z</time>
			</trkpt>
			<trkpt lat="39.18147" lon="-1.48368">
				<ele>541.91</ele>
				<time>2026-09-10T07:48:55.816Z</time>
			</trkpt>
			<trkpt lat="39.18102" lon="-1.48447">
				<ele>543.06</ele>
				<time>2026-09-10T07:49:00.112Z</time>
			</trkpt>
			<trkpt lat="39.18029" lon="-1.4859">
				<ele>538.97</ele>
				<time>2026-09-10T07:49:07.645Z</time>
			</trkpt>
			<trkpt lat="39.18014" lon="-1.48616">
				<ele>538.09</ele>
				<time>2026-09-10T07:49:09.076Z</time>
			</trkpt>
			<trkpt lat="39.17998" lon="-1.48633">
				<ele>537.95</ele>
				<time>2026-09-10T07:49:10.257Z</time>
			</trkpt>
			<trkpt lat="39.17986" lon="-1.48641">
				<ele>538.38</ele>
				<time>2026-09-10T07:49:11.027Z</time>
			</trkpt>
			<trkpt lat="39.17959" lon="-1.4866">
				<ele>539.11</ele>
				<time>2026-09-10T07:49:12.783Z</time>
			</trkpt>
			<trkpt lat="39.17919" lon="-1.48683">
				<ele>538.34</ele>
				<time>2026-09-10T07:49:15.286Z</time>
			</trkpt>
			<trkpt lat="39.17838" lon="-1.48712">
				<ele>539.29</ele>
				<time>2026-09-10T07:49:20.105Z</time>
			</trkpt>
			<trkpt lat="39.17731" lon="-1.48724">
				<ele>542.38</ele>
				<time>2026-09-10T07:49:26.289Z</time>
			</trkpt>
			<trkpt lat="39.17718" lon="-1.48729">
				<ele>542.01</ele>
				<time>2026-09-10T07:49:27.073Z</time>
			</trkpt>
			<trkpt lat="39.17644" lon="-1.48768">
				<ele>540.41</ele>
				<time>2026-09-10T07:49:31.699Z</time>
			</trkpt>
			<trkpt lat="39.17619" lon="-1.48783">
				<ele>538.36</ele>
				<time>2026-09-10T07:49:33.298Z</time>
			</trkpt>
			<trkpt lat="39.1761" lon="-1.48792">
				<ele>537.5</ele>
				<time>2026-09-10T07:49:33.960Z</time>
			</trkpt>
			<trkpt lat="39.17599" lon="-1.48798">
				<ele>537.58</ele>
				<time>2026-09-10T07:49:34.654Z</time>
			</trkpt>
			<trkpt lat="39.17513" lon="-1.4881">
				<ele>550.53</ele>
				<time>2026-09-10T07:49:39.693Z</time>
			</trkpt>
			<trkpt lat="39.17497" lon="-1.48816">
				<ele>555.64</ele>
				<time>2026-09-10T07:49:40.666Z</time>
			</trkpt>
			<trkpt lat="39.17477" lon="-1.48829">
				<ele>555.08</ele>
				<time>2026-09-10T07:49:41.976Z</time>
			</trkpt>
			<trkpt lat="39.17455" lon="-1.48845">
				<ele>559.52</ele>
				<time>2026-09-10T07:49:43.454Z</time>
			</trkpt>
			<trkpt lat="39.17441" lon="-1.48857">
				<ele>559.77</ele>
				<time>2026-09-10T07:49:44.439Z</time>
			</trkpt>
			<trkpt lat="39.17428" lon="-1.48873">
				<ele>558.4</ele>
				<time>2026-09-10T07:49:45.493Z</time>
			</trkpt>
			<trkpt lat="39.17393" lon="-1.48923">
				<ele>551.4</ele>
				<time>2026-09-10T07:49:48.563Z</time>
			</trkpt>
			<trkpt lat="39.17379" lon="-1.48948">
				<ele>549.71</ele>
				<time>2026-09-10T07:49:49.971Z</time>
			</trkpt>
			<trkpt lat="39.17321" lon="-1.49076">
				<ele>545.38</ele>
				<time>2026-09-10T07:49:56.766Z</time>
			</trkpt>
			<trkpt lat="39.17313" lon="-1.49092">
				<ele>543.65</ele>
				<time>2026-09-10T07:49:57.642Z</time>
			</trkpt>
			<trkpt lat="39.17302" lon="-1.49101">
				<ele>543.72</ele>
				<time>2026-09-10T07:49:58.416Z</time>
			</trkpt>
			<trkpt lat="39.17269" lon="-1.49119">
				<ele>548.63</ele>
				<time>2026-09-10T07:50:00.547Z</time>
			</trkpt>
			<trkpt lat="39.17259" lon="-1.4913">
				<ele>548.55</ele>
				<time>2026-09-10T07:50:01.329Z</time>
			</trkpt>
			<trkpt lat="39.17243" lon="-1.49159">
				<ele>541.63</ele>
				<time>2026-09-10T07:50:02.974Z</time>
			</trkpt>
			<trkpt lat="39.17235" lon="-1.49178">
				<ele>539.33</ele>
				<time>2026-09-10T07:50:03.972Z</time>
			</trkpt>
			<trkpt lat="39.17225" lon="-1.4921">
				<ele>540.7</ele>
				<time>2026-09-10T07:50:05.564Z</time>
			</trkpt>
			<trkpt lat="39.17223" lon="-1.49222">
				<ele>541.73</ele>
				<time>2026-09-10T07:50:06.130Z</time>
			</trkpt>
			<trkpt lat="39.17224" lon="-1.49236">
				<ele>541.63</ele>
				<time>2026-09-10T07:50:06.778Z</time>
			</trkpt>
			<trkpt lat="39.1723" lon="-1.4925">
				<ele>540.85</ele>
				<time>2026-09-10T07:50:07.516Z</time>
			</trkpt>
			<trkpt lat="39.17239" lon="-1.49263">
				<ele>539.93</ele>
				<time>2026-09-10T07:50:08.319Z</time>
			</trkpt>
			<trkpt lat="39.17325" lon="-1.49354">
				<ele>544.79</ele>
				<time>2026-09-10T07:50:14.918Z</time>
			</trkpt>
			<trkpt lat="39.17336" lon="-1.49375">
				<ele>547.38</ele>
				<time>2026-09-10T07:50:16.082Z</time>
			</trkpt>
			<trkpt lat="39.17365" lon="-1.49458">
				<ele>550.4</ele>
				<time>2026-09-10T07:50:20.257Z</time>
			</trkpt>
			<trkpt lat="39.17374" lon="-1.4948">
				<ele>550.46</ele>
				<time>2026-09-10T07:50:21.397Z</time>
			</trkpt>
			<trkpt lat="39.17387" lon="-1.49505">
				<ele>552.09</ele>
				<time>2026-09-10T07:50:22.775Z</time>
			</trkpt>
			<trkpt lat="39.17402" lon="-1.49525">
				<ele>554.26</ele>
				<time>2026-09-10T07:50:24.048Z</time>
			</trkpt>
			<trkpt lat="39.17436" lon="-1.49559">
				<ele>551.32</ele>
				<time>2026-09-10T07:50:26.585Z</time>
			</trkpt>
			<trkpt lat="39.17492" lon="-1.49608">
				<ele>550.27</ele>
				<time>2026-09-10T07:50:30.571Z</time>
			</trkpt>
			<trkpt lat="39.17593" lon="-1.49685">
				<ele>551.45</ele>
				<time>2026-09-10T07:50:37.466Z</time>
			</trkpt>
			<trkpt lat="39.17654" lon="-1.49736">
				<ele>549.83</ele>
				<time>2026-09-10T07:50:41.730Z</time>
			</trkpt>
			<trkpt lat="39.17718" lon="-1.49794">
				<ele>548.66</ele>
				<time>2026-09-10T07:50:46.310Z</time>
			</trkpt>
			<trkpt lat="39.17751" lon="-1.49828">
				<ele>546.88</ele>
				<time>2026-09-10T07:50:48.780Z</time>
			</trkpt>
			<trkpt lat="39.17796" lon="-1.49881">
				<ele>552.41</ele>
				<time>2026-09-10T07:50:52.340Z</time>
			</trkpt>
			<trkpt lat="39.17812" lon="-1.49905">
				<ele>549.69</ele>
				<time>2026-09-10T07:50:53.772Z</time>
			</trkpt>
			<trkpt lat="39.17823" lon="-1.49929">
				<ele>546.59</ele>
				<time>2026-09-10T07:50:55.033Z</time>
			</trkpt>
			<trkpt lat="39.17838" lon="-1.4998">
				<ele>545.58</ele>
				<time>2026-09-10T07:50:57.499Z</time>
			</trkpt>
			<trkpt lat="39.17842" lon="-1.50017">
				<ele>549.72</ele>
				<time>2026-09-10T07:50:59.187Z</time>
			</trkpt>
			<trkpt lat="39.1784" lon="-1.50044">
				<ele>550.36</ele>
				<time>2026-09-10T07:51:00.412Z</time>
			</trkpt>
			<trkpt lat="39.17838" lon="-1.50057">
				<ele>550.07</ele>
				<time>2026-09-10T07:51:01.010Z</time>
			</trkpt>
			<trkpt lat="39.17831" lon="-1.5008">
				<ele>549.73</ele>
				<time>2026-09-10T07:51:02.125Z</time>
			</trkpt>
			<trkpt lat="39.17814" lon="-1.5011">
				<ele>551.2</ele>
				<time>2026-09-10T07:51:03.801Z</time>
			</trkpt>
			<trkpt lat="39.17772" lon="-1.50166">
				<ele>546.58</ele>
				<time>2026-09-10T07:51:07.314Z</time>
			</trkpt>
			<trkpt lat="39.17736" lon="-1.50197">
				<ele>550.19</ele>
				<time>2026-09-10T07:51:09.829Z</time>
			</trkpt>
			<trkpt lat="39.17686" lon="-1.50231">
				<ele>552.23</ele>
				<time>2026-09-10T07:51:13.110Z</time>
			</trkpt>
			<trkpt lat="39.17616" lon="-1.5026">
				<ele>559.79</ele>
				<time>2026-09-10T07:51:17.375Z</time>
			</trkpt>
			<trkpt lat="39.17592" lon="-1.50273">
				<ele>562.58</ele>
				<time>2026-09-10T07:51:18.883Z</time>
			</trkpt>
			<trkpt lat="39.17474" lon="-1.50347">
				<ele>552.88</ele>
				<time>2026-09-10T07:51:26.480Z</time>
			</trkpt>
			<trkpt lat="39.17457" lon="-1.50363">
				<ele>553.71</ele>
				<time>2026-09-10T07:51:27.697Z</time>
			</trkpt>
			<trkpt lat="39.17338" lon="-1.50496">
				<ele>563.07</ele>
				<time>2026-09-10T07:51:36.795Z</time>
			</trkpt>
			<trkpt lat="39.17317" lon="-1.50536">
				<ele>563.27</ele>
				<time>2026-09-10T07:51:38.956Z</time>
			</trkpt>
			<trkpt lat="39.17273" lon="-1.50636">
				<ele>559.86</ele>
				<time>2026-09-10T07:51:44.098Z</time>
			</trkpt>
			<trkpt lat="39.17259" lon="-1.50676">
				<ele>561</ele>
				<time>2026-09-10T07:51:46.060Z</time>
			</trkpt>
			<trkpt lat="39.1724" lon="-1.50745">
				<ele>567.07</ele>
				<time>2026-09-10T07:51:49.331Z</time>
			</trkpt>
			<trkpt lat="39.17235" lon="-1.5077">
				<ele>571.2</ele>
				<time>2026-09-10T07:51:50.484Z</time>
			</trkpt>
			<trkpt lat="39.17226" lon="-1.50847">
				<ele>564.61</ele>
				<time>2026-09-10T07:51:53.961Z</time>
			</trkpt>
			<trkpt lat="39.17219" lon="-1.50892">
				<ele>566.64</ele>
				<time>2026-09-10T07:51:56.010Z</time>
			</trkpt>
			<trkpt lat="39.17215" lon="-1.50934">
				<ele>571.6</ele>
				<time>2026-09-10T07:51:57.898Z</time>
			</trkpt>
			<trkpt lat="39.17215" lon="-1.50986">
				<ele>571.04</ele>
				<time>2026-09-10T07:52:00.218Z</time>
			</trkpt>
			<trkpt lat="39.17219" lon="-1.51029">
				<ele>570.34</ele>
				<time>2026-09-10T07:52:02.150Z</time>
			</trkpt>
			<trkpt lat="39.17223" lon="-1.51058">
				<ele>568.74</ele>
				<time>2026-09-10T07:52:03.464Z</time>
			</trkpt>
			<trkpt lat="39.17222" lon="-1.5108">
				<ele>564.72</ele>
				<time>2026-09-10T07:52:04.447Z</time>
			</trkpt>
			<trkpt lat="39.17217" lon="-1.511">
				<ele>566.64</ele>
				<time>2026-09-10T07:52:05.384Z</time>
			</trkpt>
			<trkpt lat="39.17175" lon="-1.5116">
				<ele>575.7</ele>
				<time>2026-09-10T07:52:08.988Z</time>
			</trkpt>
			<trkpt lat="39.17168" lon="-1.51178">
				<ele>578.32</ele>
				<time>2026-09-10T07:52:09.886Z</time>
			</trkpt>
			<trkpt lat="39.1717" lon="-1.51201">
				<ele>577.42</ele>
				<time>2026-09-10T07:52:10.917Z</time>
			</trkpt>
			<trkpt lat="39.1718" lon="-1.51237">
				<ele>570.81</ele>
				<time>2026-09-10T07:52:12.622Z</time>
			</trkpt>
			<trkpt lat="39.17196" lon="-1.51275">
				<ele>567.86</ele>
				<time>2026-09-10T07:52:14.549Z</time>
			</trkpt>
			<trkpt lat="39.17216" lon="-1.51313">
				<ele>565.93</ele>
				<time>2026-09-10T07:52:16.596Z</time>
			</trkpt>
			<trkpt lat="39.17225" lon="-1.51327">
				<ele>564.29</ele>
				<time>2026-09-10T07:52:17.406Z</time>
			</trkpt>
			<trkpt lat="39.17248" lon="-1.51356">
				<ele>559.97</ele>
				<time>2026-09-10T07:52:19.255Z</time>
			</trkpt>
			<trkpt lat="39.17267" lon="-1.51377">
				<ele>562.03</ele>
				<time>2026-09-10T07:52:20.693Z</time>
			</trkpt>
			<trkpt lat="39.17292" lon="-1.51396">
				<ele>566.13</ele>
				<time>2026-09-10T07:52:22.361Z</time>
			</trkpt>
			<trkpt lat="39.17299" lon="-1.51399">
				<ele>567.18</ele>
				<time>2026-09-10T07:52:22.784Z</time>
			</trkpt>
			<trkpt lat="39.17316" lon="-1.51401">
				<ele>566.7</ele>
				<time>2026-09-10T07:52:23.766Z</time>
			</trkpt>
			<trkpt lat="39.17368" lon="-1.51396">
				<ele>561.89</ele>
				<time>2026-09-10T07:52:26.762Z</time>
			</trkpt>
			<trkpt lat="39.17387" lon="-1.51393">
				<ele>562.87</ele>
				<time>2026-09-10T07:52:27.862Z</time>
			</trkpt>
			<trkpt lat="39.17406" lon="-1.5138">
				<ele>562.4</ele>
				<time>2026-09-10T07:52:29.098Z</time>
			</trkpt>
			<trkpt lat="39.17427" lon="-1.51359">
				<ele>560.79</ele>
				<time>2026-09-10T07:52:30.625Z</time>
			</trkpt>
			<trkpt lat="39.17449" lon="-1.51331">
				<ele>562.44</ele>
				<time>2026-09-10T07:52:32.402Z</time>
			</trkpt>
			<trkpt lat="39.17456" lon="-1.5132">
				<ele>562.85</ele>
				<time>2026-09-10T07:52:33.036Z</time>
			</trkpt>
			<trkpt lat="39.1748" lon="-1.51269">
				<ele>559.3</ele>
				<time>2026-09-10T07:52:35.694Z</time>
			</trkpt>
			<trkpt lat="39.17529" lon="-1.5114">
				<ele>560.71</ele>
				<time>2026-09-10T07:52:42.095Z</time>
			</trkpt>
			<trkpt lat="39.17545" lon="-1.51107">
				<ele>560.39</ele>
				<time>2026-09-10T07:52:43.830Z</time>
			</trkpt>
			<trkpt lat="39.17557" lon="-1.51091">
				<ele>558.39</ele>
				<time>2026-09-10T07:52:44.823Z</time>
			</trkpt>
			<trkpt lat="39.17569" lon="-1.5108">
				<ele>556.99</ele>
				<time>2026-09-10T07:52:45.669Z</time>
			</trkpt>
			<trkpt lat="39.17577" lon="-1.51075">
				<ele>557.49</ele>
				<time>2026-09-10T07:52:46.180Z</time>
			</trkpt>
			<trkpt lat="39.17594" lon="-1.51068">
				<ele>558.29</ele>
				<time>2026-09-10T07:52:47.207Z</time>
			</trkpt>
			<trkpt lat="39.17611" lon="-1.51068">
				<ele>559.89</ele>
				<time>2026-09-10T07:52:48.184Z</time>
			</trkpt>
			<trkpt lat="39.17639" lon="-1.51074">
				<ele>557.57</ele>
				<time>2026-09-10T07:52:49.817Z</time>
			</trkpt>
			<trkpt lat="39.1766" lon="-1.51084">
				<ele>556.9</ele>
				<time>2026-09-10T07:52:51.105Z</time>
			</trkpt>
			<trkpt lat="39.17709" lon="-1.51122">
				<ele>561.64</ele>
				<time>2026-09-10T07:52:54.394Z</time>
			</trkpt>
			<trkpt lat="39.17846" lon="-1.51243">
				<ele>558.4</ele>
				<time>2026-09-10T07:53:03.954Z</time>
			</trkpt>
			<trkpt lat="39.17857" lon="-1.51257">
				<ele>558.28</ele>
				<time>2026-09-10T07:53:04.844Z</time>
			</trkpt>
			<trkpt lat="39.17886" lon="-1.51311">
				<ele>558.75</ele>
				<time>2026-09-10T07:53:07.779Z</time>
			</trkpt>
			<trkpt lat="39.17912" lon="-1.51371">
				<ele>561.46</ele>
				<time>2026-09-10T07:53:10.851Z</time>
			</trkpt>
			<trkpt lat="39.17918" lon="-1.51391">
				<ele>560.68</ele>
				<time>2026-09-10T07:53:11.810Z</time>
			</trkpt>
			<trkpt lat="39.17918" lon="-1.51401">
				<ele>561.92</ele>
				<time>2026-09-10T07:53:12.257Z</time>
			</trkpt>
			<trkpt lat="39.17914" lon="-1.51429">
				<ele>565.19</ele>
				<time>2026-09-10T07:53:13.530Z</time>
			</trkpt>
			<trkpt lat="39.17917" lon="-1.51461">
				<ele>561.25</ele>
				<time>2026-09-10T07:53:14.972Z</time>
			</trkpt>
			<trkpt lat="39.17915" lon="-1.51483">
				<ele>559.31</ele>
				<time>2026-09-10T07:53:15.963Z</time>
			</trkpt>
			<trkpt lat="39.1791" lon="-1.51497">
				<ele>558.8</ele>
				<time>2026-09-10T07:53:16.652Z</time>
			</trkpt>
			<trkpt lat="39.179" lon="-1.51519">
				<ele>557.96</ele>
				<time>2026-09-10T07:53:17.793Z</time>
			</trkpt>
			<trkpt lat="39.17881" lon="-1.51546">
				<ele>555.96</ele>
				<time>2026-09-10T07:53:19.423Z</time>
			</trkpt>
			<trkpt lat="39.17843" lon="-1.51578">
				<ele>555.95</ele>
				<time>2026-09-10T07:53:22.038Z</time>
			</trkpt>
			<trkpt lat="39.17825" lon="-1.51589">
				<ele>558.21</ele>
				<time>2026-09-10T07:53:23.185Z</time>
			</trkpt>
			<trkpt lat="39.17803" lon="-1.516">
				<ele>562.94</ele>
				<time>2026-09-10T07:53:24.543Z</time>
			</trkpt>
			<trkpt lat="39.17774" lon="-1.5161">
				<ele>564.32</ele>
				<time>2026-09-10T07:53:26.271Z</time>
			</trkpt>
			<trkpt lat="39.17732" lon="-1.51616">
				<ele>564.13</ele>
				<time>2026-09-10T07:53:28.702Z</time>
			</trkpt>
			<trkpt lat="39.17726" lon="-1.51621">
				<ele>563.36</ele>
				<time>2026-09-10T07:53:29.112Z</time>
			</trkpt>
			<trkpt lat="39.17721" lon="-1.51628">
				<ele>561.69</ele>
				<time>2026-09-10T07:53:29.537Z</time>
			</trkpt>
			<trkpt lat="39.17711" lon="-1.51652">
				<ele>553.61</ele>
				<time>2026-09-10T07:53:30.751Z</time>
			</trkpt>
			<trkpt lat="39.17685" lon="-1.51719">
				<ele>547.19</ele>
				<time>2026-09-10T07:53:34.090Z</time>
			</trkpt>
			<trkpt lat="39.17656" lon="-1.51792">
				<ele>558.48</ele>
				<time>2026-09-10T07:53:37.745Z</time>
			</trkpt>
			<trkpt lat="39.17656" lon="-1.51807">
				<ele>560.44</ele>
				<time>2026-09-10T07:53:38.413Z</time>
			</trkpt>
			<trkpt lat="39.17661" lon="-1.51838">
				<ele>561.39</ele>
				<time>2026-09-10T07:53:39.823Z</time>
			</trkpt>
			<trkpt lat="39.17671" lon="-1.51879">
				<ele>561.69</ele>
				<time>2026-09-10T07:53:41.738Z</time>
			</trkpt>
			<trkpt lat="39.17704" lon="-1.51966">
				<ele>561.81</ele>
				<time>2026-09-10T07:53:46.054Z</time>
			</trkpt>
			<trkpt lat="39.17699" lon="-1.51973">
				<ele>563.94</ele>
				<time>2026-09-10T07:53:46.479Z</time>
			</trkpt>
			<trkpt lat="39.17698" lon="-1.51984">
				<ele>566.93</ele>
				<time>2026-09-10T07:53:46.972Z</time>
			</trkpt>
			<trkpt lat="39.17738" lon="-1.52099">
				<ele>567.81</ele>
				<time>2026-09-10T07:53:52.509Z</time>
			</trkpt>
			<trkpt lat="39.17767" lon="-1.52207">
				<ele>564.9</ele>
				<time>2026-09-10T07:53:57.093Z</time>
			</trkpt>
			<trkpt lat="39.17767" lon="-1.52216">
				<ele>565.36</ele>
				<time>2026-09-10T07:53:57.442Z</time>
			</trkpt>
			<trkpt lat="39.17764" lon="-1.52223">
				<ele>566.25</ele>
				<time>2026-09-10T07:53:57.752Z</time>
			</trkpt>
			<trkpt lat="39.1776" lon="-1.52227">
				<ele>566.26</ele>
				<time>2026-09-10T07:53:58.005Z</time>
			</trkpt>
			<trkpt lat="39.17752" lon="-1.52229">
				<ele>568.23</ele>
				<time>2026-09-10T07:53:58.411Z</time>
			</trkpt>
			<trkpt lat="39.17747" lon="-1.52228">
				<ele>570.17</ele>
				<time>2026-09-10T07:53:58.663Z</time>
			</trkpt>
			<trkpt lat="39.17739" lon="-1.52217">
				<ele>575.38</ele>
				<time>2026-09-10T07:53:59.244Z</time>
			</trkpt>
			<trkpt lat="39.17736" lon="-1.52207">
				<ele>578</ele>
				<time>2026-09-10T07:53:59.658Z</time>
			</trkpt>
			<trkpt lat="39.17733" lon="-1.52175">
				<ele>578.19</ele>
				<time>2026-09-10T07:54:00.905Z</time>
			</trkpt>
			<trkpt lat="39.1773" lon="-1.52155">
				<ele>577.04</ele>
				<time>2026-09-10T07:54:01.699Z</time>
			</trkpt>
			<trkpt lat="39.17717" lon="-1.52108">
				<ele>577.67</ele>
				<time>2026-09-10T07:54:03.676Z</time>
			</trkpt>
			<trkpt lat="39.17711" lon="-1.52092">
				<ele>578.65</ele>
				<time>2026-09-10T07:54:04.395Z</time>
			</trkpt>
			<trkpt lat="39.17649" lon="-1.51968">
				<ele>598.96</ele>
				<time>2026-09-10T07:54:10.889Z</time>
			</trkpt>
			<trkpt lat="39.17642" lon="-1.51951">
				<ele>600.64</ele>
				<time>2026-09-10T07:54:11.828Z</time>
			</trkpt>
			<trkpt lat="39.17631" lon="-1.51907">
				<ele>593.89</ele>
				<time>2026-09-10T07:54:14.197Z</time>
			</trkpt>
			<trkpt lat="39.17628" lon="-1.51902">
				<ele>594.5</ele>
				<time>2026-09-10T07:54:14.534Z</time>
			</trkpt>
			<trkpt lat="39.1762" lon="-1.51902">
				<ele>599.36</ele>
				<time>2026-09-10T07:54:15.092Z</time>
			</trkpt>
			<trkpt lat="39.1761" lon="-1.51869">
				<ele>596.02</ele>
				<time>2026-09-10T07:54:17.080Z</time>
			</trkpt>
			<trkpt lat="39.17603" lon="-1.5186">
				<ele>594.2</ele>
				<time>2026-09-10T07:54:17.824Z</time>
			</trkpt>
			<trkpt lat="39.17573" lon="-1.51856">
				<ele>595.95</ele>
				<time>2026-09-10T07:54:20.200Z</time>
			</trkpt>
			<trkpt lat="39.17548" lon="-1.51865">
				<ele>599.75</ele>
				<time>2026-09-10T07:54:25.696Z</time>
			</trkpt>
			<trkpt lat="39.17545" lon="-1.51871">
				<ele>601.38</ele>
				<time>2026-09-10T07:54:27.727Z</time>
			</trkpt>
			<trkpt lat="39.17528" lon="-1.51882">
				<ele>604.3</ele>
				<time>2026-09-10T07:54:36.315Z</time>
			</trkpt>
			<trkpt lat="39.17525" lon="-1.51886">
				<ele>605.52</ele>
				<time>2026-09-10T07:54:38.518Z</time>
			</trkpt>
			<trkpt lat="39.17527" lon="-1.5189">
				<ele>607.1</ele>
				<time>2026-09-10T07:54:40.452Z</time>
			</trkpt>
			<trkpt lat="39.1753" lon="-1.51892">
				<ele>608.01</ele>
				<time>2026-09-10T07:54:42.254Z</time>
			</trkpt>
			<trkpt lat="39.1754" lon="-1.51891">
				<ele>607.91</ele>
				<time>2026-09-10T07:54:47.713Z</time>
			</trkpt>
			<trkpt lat="39.17541" lon="-1.51904">
				<ele>612.17</ele>
				<time>2026-09-10T07:54:53.237Z</time>
			</trkpt>
			<trkpt lat="39.1754" lon="-1.51934">
				<ele>620.69</ele>
				<time>2026-09-10T07:55:04.920Z</time>
			</trkpt>
			<trkpt lat="39.17544" lon="-1.51941">
				<ele>622.47</ele>
				<time>2026-09-10T07:55:07.785Z</time>
			</trkpt>
			<trkpt lat="39.17531" lon="-1.51955">
				<ele>624.93</ele>
				<time>2026-09-10T07:55:13.365Z</time>
			</trkpt>
			<trkpt lat="39.17522" lon="-1.51966">
				<ele>626.01</ele>
				<time>2026-09-10T07:55:15.799Z</time>
			</trkpt>
			<trkpt lat="39.17497" lon="-1.52001">
				<ele>624.7</ele>
				<time>2026-09-10T07:55:22.519Z</time>
			</trkpt>
			<trkpt lat="39.17489" lon="-1.5202">
				<ele>626.01</ele>
				<time>2026-09-10T07:55:25.604Z</time>
			</trkpt>
			<trkpt lat="39.17484" lon="-1.52032">
				<ele>627.26</ele>
				<time>2026-09-10T07:55:27.548Z</time>
			</trkpt>
			<trkpt lat="39.17489" lon="-1.5202">
				<ele>626.01</ele>
				<time>2026-09-10T07:55:29.492Z</time>
			</trkpt>
			<trkpt lat="39.17497" lon="-1.52001">
				<ele>624.7</ele>
				<time>2026-09-10T07:55:32.577Z</time>
			</trkpt>
			<trkpt lat="39.17522" lon="-1.51966">
				<ele>626.01</ele>
				<time>2026-09-10T07:55:39.367Z</time>
			</trkpt>
			<trkpt lat="39.17531" lon="-1.51955">
				<ele>624.93</ele>
				<time>2026-09-10T07:55:41.649Z</time>
			</trkpt>
			<trkpt lat="39.17544" lon="-1.51941">
				<ele>622.47</ele>
				<time>2026-09-10T07:55:44.766Z</time>
			</trkpt>
			<trkpt lat="39.1754" lon="-1.51934">
				<ele>620.69</ele>
				<time>2026-09-10T07:55:46.006Z</time>
			</trkpt>
			<trkpt lat="39.17541" lon="-1.51904">
				<ele>612.17</ele>
				<time>2026-09-10T07:55:50.290Z</time>
			</trkpt>
			<trkpt lat="39.1754" lon="-1.51891">
				<ele>607.91</ele>
				<time>2026-09-10T07:55:52.154Z</time>
			</trkpt>
			<trkpt lat="39.1753" lon="-1.51892">
				<ele>608.01</ele>
				<time>2026-09-10T07:55:54.000Z</time>
			</trkpt>
			<trkpt lat="39.17527" lon="-1.5189">
				<ele>607.1</ele>
				<time>2026-09-10T07:55:54.622Z</time>
			</trkpt>
			<trkpt lat="39.17525" lon="-1.51886">
				<ele>605.52</ele>
				<time>2026-09-10T07:55:55.301Z</time>
			</trkpt>
			<trkpt lat="39.17528" lon="-1.51882">
				<ele>604.3</ele>
				<time>2026-09-10T07:55:56.095Z</time>
			</trkpt>
			<trkpt lat="39.17545" lon="-1.51871">
				<ele>601.38</ele>
				<time>2026-09-10T07:55:59.596Z</time>
			</trkpt>
			<trkpt lat="39.17548" lon="-1.51865">
				<ele>599.75</ele>
				<time>2026-09-10T07:56:00.615Z</time>
			</trkpt>
			<trkpt lat="39.17573" lon="-1.51856">
				<ele>595.95</ele>
				<time>2026-09-10T07:56:05.393Z</time>
			</trkpt>
			<trkpt lat="39.17603" lon="-1.5186">
				<ele>594.2</ele>
				<time>2026-09-10T07:56:10.961Z</time>
			</trkpt>
			<trkpt lat="39.1761" lon="-1.51869">
				<ele>596.02</ele>
				<time>2026-09-10T07:56:12.872Z</time>
			</trkpt>
			<trkpt lat="39.1762" lon="-1.51902">
				<ele>599.36</ele>
				<time>2026-09-10T07:56:18.434Z</time>
			</trkpt>
			<trkpt lat="39.17628" lon="-1.51902">
				<ele>594.5</ele>
				<time>2026-09-10T07:56:20.070Z</time>
			</trkpt>
			<trkpt lat="39.17631" lon="-1.51907">
				<ele>593.89</ele>
				<time>2026-09-10T07:56:21.066Z</time>
			</trkpt>
			<trkpt lat="39.17642" lon="-1.51951">
				<ele>600.64</ele>
				<time>2026-09-10T07:56:27.899Z</time>
			</trkpt>
			<trkpt lat="39.17649" lon="-1.51968">
				<ele>598.96</ele>
				<time>2026-09-10T07:56:30.338Z</time>
			</trkpt>
			<trkpt lat="39.17711" lon="-1.52092">
				<ele>578.65</ele>
				<time>2026-09-10T07:56:40.101Z</time>
			</trkpt>
			<trkpt lat="39.17717" lon="-1.52108">
				<ele>577.67</ele>
				<time>2026-09-10T07:56:41.013Z</time>
			</trkpt>
			<trkpt lat="39.1773" lon="-1.52155">
				<ele>577.04</ele>
				<time>2026-09-10T07:56:43.449Z</time>
			</trkpt>
			<trkpt lat="39.17733" lon="-1.52175">
				<ele>578.19</ele>
				<time>2026-09-10T07:56:44.396Z</time>
			</trkpt>
			<trkpt lat="39.17736" lon="-1.52207">
				<ele>578</ele>
				<time>2026-09-10T07:56:45.845Z</time>
			</trkpt>
			<trkpt lat="39.17739" lon="-1.52217">
				<ele>575.38</ele>
				<time>2026-09-10T07:56:46.315Z</time>
			</trkpt>
			<trkpt lat="39.17747" lon="-1.52228">
				<ele>570.17</ele>
				<time>2026-09-10T07:56:46.966Z</time>
			</trkpt>
			<trkpt lat="39.17752" lon="-1.52229">
				<ele>568.23</ele>
				<time>2026-09-10T07:56:47.245Z</time>
			</trkpt>
			<trkpt lat="39.1776" lon="-1.52227">
				<ele>566.26</ele>
				<time>2026-09-10T07:56:47.689Z</time>
			</trkpt>
			<trkpt lat="39.17764" lon="-1.52223">
				<ele>566.25</ele>
				<time>2026-09-10T07:56:47.963Z</time>
			</trkpt>
			<trkpt lat="39.17767" lon="-1.52216">
				<ele>565.36</ele>
				<time>2026-09-10T07:56:48.297Z</time>
			</trkpt>
			<trkpt lat="39.17767" lon="-1.52207">
				<ele>564.9</ele>
				<time>2026-09-10T07:56:48.669Z</time>
			</trkpt>
			<trkpt lat="39.17738" lon="-1.52099">
				<ele>567.81</ele>
				<time>2026-09-10T07:56:53.205Z</time>
			</trkpt>
			<trkpt lat="39.17698" lon="-1.51984">
				<ele>566.93</ele>
				<time>2026-09-10T07:56:58.099Z</time>
			</trkpt>
			<trkpt lat="39.17699" lon="-1.51973">
				<ele>563.94</ele>
				<time>2026-09-10T07:56:58.539Z</time>
			</trkpt>
			<trkpt lat="39.17704" lon="-1.51966">
				<ele>561.81</ele>
				<time>2026-09-10T07:56:58.919Z</time>
			</trkpt>
			<trkpt lat="39.17671" lon="-1.51879">
				<ele>561.69</ele>
				<time>2026-09-10T07:57:02.964Z</time>
			</trkpt>
			<trkpt lat="39.17661" lon="-1.51838">
				<ele>561.39</ele>
				<time>2026-09-10T07:57:04.875Z</time>
			</trkpt>
			<trkpt lat="39.17656" lon="-1.51807">
				<ele>560.44</ele>
				<time>2026-09-10T07:57:06.285Z</time>
			</trkpt>
			<trkpt lat="39.17656" lon="-1.51792">
				<ele>558.48</ele>
				<time>2026-09-10T07:57:06.953Z</time>
			</trkpt>
			<trkpt lat="39.17622" lon="-1.5178">
				<ele>562.8</ele>
				<time>2026-09-10T07:57:08.979Z</time>
			</trkpt>
			<trkpt lat="39.17578" lon="-1.51777">
				<ele>565.53</ele>
				<time>2026-09-10T07:57:11.518Z</time>
			</trkpt>
			<trkpt lat="39.17548" lon="-1.5178">
				<ele>565.09</ele>
				<time>2026-09-10T07:57:13.257Z</time>
			</trkpt>
			<trkpt lat="39.17512" lon="-1.51791">
				<ele>566.41</ele>
				<time>2026-09-10T07:57:15.395Z</time>
			</trkpt>
			<trkpt lat="39.17483" lon="-1.51803">
				<ele>565.68</ele>
				<time>2026-09-10T07:57:17.155Z</time>
			</trkpt>
			<trkpt lat="39.17457" lon="-1.51821">
				<ele>565.57</ele>
				<time>2026-09-10T07:57:18.861Z</time>
			</trkpt>
			<trkpt lat="39.17428" lon="-1.51845">
				<ele>569.59</ele>
				<time>2026-09-10T07:57:20.853Z</time>
			</trkpt>
			<trkpt lat="39.17417" lon="-1.51857">
				<ele>575.85</ele>
				<time>2026-09-10T07:57:21.686Z</time>
			</trkpt>
			<trkpt lat="39.17407" lon="-1.51868">
				<ele>577.4</ele>
				<time>2026-09-10T07:57:22.446Z</time>
			</trkpt>
			<trkpt lat="39.17393" lon="-1.5189">
				<ele>575.39</ele>
				<time>2026-09-10T07:57:23.722Z</time>
			</trkpt>
			<trkpt lat="39.17388" lon="-1.51904">
				<ele>575.62</ele>
				<time>2026-09-10T07:57:24.414Z</time>
			</trkpt>
			<trkpt lat="39.17381" lon="-1.52019">
				<ele>583.3</ele>
				<time>2026-09-10T07:57:29.587Z</time>
			</trkpt>
			<trkpt lat="39.1738" lon="-1.52072">
				<ele>579.42</ele>
				<time>2026-09-10T07:57:31.965Z</time>
			</trkpt>
			<trkpt lat="39.17387" lon="-1.52129">
				<ele>581.34</ele>
				<time>2026-09-10T07:57:34.554Z</time>
			</trkpt>
			<trkpt lat="39.17391" lon="-1.522">
				<ele>576.09</ele>
				<time>2026-09-10T07:57:37.748Z</time>
			</trkpt>
			<trkpt lat="39.17399" lon="-1.52252">
				<ele>577.45</ele>
				<time>2026-09-10T07:57:40.127Z</time>
			</trkpt>
			<trkpt lat="39.17404" lon="-1.52309">
				<ele>574.26</ele>
				<time>2026-09-10T07:57:42.702Z</time>
			</trkpt>
			<trkpt lat="39.17422" lon="-1.52362">
				<ele>574.46</ele>
				<time>2026-09-10T07:57:45.300Z</time>
			</trkpt>
			<trkpt lat="39.17445" lon="-1.52407">
				<ele>576.37</ele>
				<time>2026-09-10T07:57:47.720Z</time>
			</trkpt>
			<trkpt lat="39.17498" lon="-1.52542">
				<ele>575.39</ele>
				<time>2026-09-10T07:57:54.517Z</time>
			</trkpt>
			<trkpt lat="39.1752" lon="-1.52606">
				<ele>569.37</ele>
				<time>2026-09-10T07:57:57.662Z</time>
			</trkpt>
			<trkpt lat="39.17542" lon="-1.52662">
				<ele>569.01</ele>
				<time>2026-09-10T07:58:00.483Z</time>
			</trkpt>
			<trkpt lat="39.17553" lon="-1.52698">
				<ele>568.36</ele>
				<time>2026-09-10T07:58:02.222Z</time>
			</trkpt>
			<trkpt lat="39.17563" lon="-1.52719">
				<ele>568.62</ele>
				<time>2026-09-10T07:58:03.330Z</time>
			</trkpt>
			<trkpt lat="39.17569" lon="-1.52728">
				<ele>569</ele>
				<time>2026-09-10T07:58:03.863Z</time>
			</trkpt>
			<trkpt lat="39.17584" lon="-1.52746">
				<ele>568.26</ele>
				<time>2026-09-10T07:58:05.051Z</time>
			</trkpt>
			<trkpt lat="39.17635" lon="-1.52793">
				<ele>566.6</ele>
				<time>2026-09-10T07:58:08.686Z</time>
			</trkpt>
			<trkpt lat="39.17671" lon="-1.5281">
				<ele>569.53</ele>
				<time>2026-09-10T07:58:10.910Z</time>
			</trkpt>
			<trkpt lat="39.17715" lon="-1.52834">
				<ele>568.62</ele>
				<time>2026-09-10T07:58:13.681Z</time>
			</trkpt>
			<trkpt lat="39.1779" lon="-1.52858">
				<ele>575.66</ele>
				<time>2026-09-10T07:58:18.165Z</time>
			</trkpt>
			<trkpt lat="39.17805" lon="-1.52864">
				<ele>572.75</ele>
				<time>2026-09-10T07:58:19.076Z</time>
			</trkpt>
			<trkpt lat="39.17812" lon="-1.52869">
				<ele>572.53</ele>
				<time>2026-09-10T07:58:19.540Z</time>
			</trkpt>
			<trkpt lat="39.17837" lon="-1.52894">
				<ele>567.75</ele>
				<time>2026-09-10T07:58:21.376Z</time>
			</trkpt>
			<trkpt lat="39.17881" lon="-1.52945">
				<ele>578.58</ele>
				<time>2026-09-10T07:58:24.810Z</time>
			</trkpt>
			<trkpt lat="39.17907" lon="-1.52984">
				<ele>575.27</ele>
				<time>2026-09-10T07:58:27.125Z</time>
			</trkpt>
			<trkpt lat="39.17917" lon="-1.53009">
				<ele>575.22</ele>
				<time>2026-09-10T07:58:28.391Z</time>
			</trkpt>
			<trkpt lat="39.17932" lon="-1.53051">
				<ele>578.77</ele>
				<time>2026-09-10T07:58:30.473Z</time>
			</trkpt>
			<trkpt lat="39.17941" lon="-1.53082">
				<ele>583.23</ele>
				<time>2026-09-10T07:58:31.963Z</time>
			</trkpt>
			<trkpt lat="39.17943" lon="-1.531">
				<ele>580.53</ele>
				<time>2026-09-10T07:58:32.781Z</time>
			</trkpt>
			<trkpt lat="39.17944" lon="-1.5314">
				<ele>571.87</ele>
				<time>2026-09-10T07:58:34.583Z</time>
			</trkpt>
			<trkpt lat="39.17941" lon="-1.53183">
				<ele>572.41</ele>
				<time>2026-09-10T07:58:36.527Z</time>
			</trkpt>
			<trkpt lat="39.17935" lon="-1.53218">
				<ele>571.57</ele>
				<time>2026-09-10T07:58:38.141Z</time>
			</trkpt>
			<trkpt lat="39.17922" lon="-1.53262">
				<ele>569.14</ele>
				<time>2026-09-10T07:58:40.262Z</time>
			</trkpt>
			<trkpt lat="39.17915" lon="-1.53283">
				<ele>569.26</ele>
				<time>2026-09-10T07:58:41.292Z</time>
			</trkpt>
			<trkpt lat="39.17909" lon="-1.53295">
				<ele>569.13</ele>
				<time>2026-09-10T07:58:41.935Z</time>
			</trkpt>
			<trkpt lat="39.17829" lon="-1.53409">
				<ele>569.98</ele>
				<time>2026-09-10T07:58:48.863Z</time>
			</trkpt>
			<trkpt lat="39.17817" lon="-1.53418">
				<ele>568.15</ele>
				<time>2026-09-10T07:58:49.670Z</time>
			</trkpt>
			<trkpt lat="39.17806" lon="-1.53422">
				<ele>565.47</ele>
				<time>2026-09-10T07:58:50.334Z</time>
			</trkpt>
			<trkpt lat="39.17705" lon="-1.53444">
				<ele>562.67</ele>
				<time>2026-09-10T07:58:56.289Z</time>
			</trkpt>
			<trkpt lat="39.1762" lon="-1.53449">
				<ele>571.56</ele>
				<time>2026-09-10T07:59:01.238Z</time>
			</trkpt>
			<trkpt lat="39.17596" lon="-1.53448">
				<ele>570.74</ele>
				<time>2026-09-10T07:59:02.635Z</time>
			</trkpt>
			<trkpt lat="39.17519" lon="-1.53439">
				<ele>564.03</ele>
				<time>2026-09-10T07:59:07.132Z</time>
			</trkpt>
			<trkpt lat="39.17435" lon="-1.53408">
				<ele>568.68</ele>
				<time>2026-09-10T07:59:12.216Z</time>
			</trkpt>
			<trkpt lat="39.1742" lon="-1.53396">
				<ele>564.58</ele>
				<time>2026-09-10T07:59:13.243Z</time>
			</trkpt>
			<trkpt lat="39.17402" lon="-1.53388">
				<ele>562.88</ele>
				<time>2026-09-10T07:59:14.352Z</time>
			</trkpt>
			<trkpt lat="39.17386" lon="-1.53387">
				<ele>564.1</ele>
				<time>2026-09-10T07:59:15.284Z</time>
			</trkpt>
			<trkpt lat="39.17377" lon="-1.53389">
				<ele>565.66</ele>
				<time>2026-09-10T07:59:15.815Z</time>
			</trkpt>
			<trkpt lat="39.17367" lon="-1.53389">
				<ele>566.99</ele>
				<time>2026-09-10T07:59:16.397Z</time>
			</trkpt>
			<trkpt lat="39.17358" lon="-1.53385">
				<ele>567.57</ele>
				<time>2026-09-10T07:59:16.952Z</time>
			</trkpt>
			<trkpt lat="39.17322" lon="-1.53352">
				<ele>566.05</ele>
				<time>2026-09-10T07:59:19.522Z</time>
			</trkpt>
			<trkpt lat="39.17312" lon="-1.53347">
				<ele>567.23</ele>
				<time>2026-09-10T07:59:20.147Z</time>
			</trkpt>
			<trkpt lat="39.17262" lon="-1.53336">
				<ele>579</ele>
				<time>2026-09-10T07:59:23.100Z</time>
			</trkpt>
			<trkpt lat="39.17238" lon="-1.53333">
				<ele>581.76</ele>
				<time>2026-09-10T07:59:24.504Z</time>
			</trkpt>
			<trkpt lat="39.17189" lon="-1.53331">
				<ele>574.77</ele>
				<time>2026-09-10T07:59:27.359Z</time>
			</trkpt>
			<trkpt lat="39.17142" lon="-1.53331">
				<ele>565.18</ele>
				<time>2026-09-10T07:59:30.096Z</time>
			</trkpt>
			<trkpt lat="39.17125" lon="-1.53333">
				<ele>563.04</ele>
				<time>2026-09-10T07:59:31.090Z</time>
			</trkpt>
			<trkpt lat="39.17098" lon="-1.5334">
				<ele>563.13</ele>
				<time>2026-09-10T07:59:32.694Z</time>
			</trkpt>
			<trkpt lat="39.17034" lon="-1.53363">
				<ele>561.86</ele>
				<time>2026-09-10T07:59:36.564Z</time>
			</trkpt>
			<trkpt lat="39.17022" lon="-1.53369">
				<ele>561.96</ele>
				<time>2026-09-10T07:59:37.314Z</time>
			</trkpt>
			<trkpt lat="39.17013" lon="-1.53377">
				<ele>562.58</ele>
				<time>2026-09-10T07:59:37.951Z</time>
			</trkpt>
			<trkpt lat="39.16986" lon="-1.53408">
				<ele>563.16</ele>
				<time>2026-09-10T07:59:40.057Z</time>
			</trkpt>
			<trkpt lat="39.16971" lon="-1.53436">
				<ele>562.01</ele>
				<time>2026-09-10T07:59:41.595Z</time>
			</trkpt>
			<trkpt lat="39.16961" lon="-1.53461">
				<ele>560.38</ele>
				<time>2026-09-10T07:59:42.866Z</time>
			</trkpt>
			<trkpt lat="39.16959" lon="-1.53472">
				<ele>560.4</ele>
				<time>2026-09-10T07:59:43.376Z</time>
			</trkpt>
			<trkpt lat="39.16959" lon="-1.535">
				<ele>562.41</ele>
				<time>2026-09-10T07:59:44.641Z</time>
			</trkpt>
			<trkpt lat="39.16964" lon="-1.53554">
				<ele>569.69</ele>
				<time>2026-09-10T07:59:47.098Z</time>
			</trkpt>
			<trkpt lat="39.16971" lon="-1.53594">
				<ele>568.92</ele>
				<time>2026-09-10T07:59:48.951Z</time>
			</trkpt>
			<trkpt lat="39.16976" lon="-1.53612">
				<ele>568.08</ele>
				<time>2026-09-10T07:59:49.816Z</time>
			</trkpt>
			<trkpt lat="39.1699" lon="-1.53645">
				<ele>567.71</ele>
				<time>2026-09-10T07:59:51.516Z</time>
			</trkpt>
			<trkpt lat="39.17025" lon="-1.53684">
				<ele>569.27</ele>
				<time>2026-09-10T07:59:54.212Z</time>
			</trkpt>
			<trkpt lat="39.17037" lon="-1.53694">
				<ele>569.93</ele>
				<time>2026-09-10T07:59:55.045Z</time>
			</trkpt>
			<trkpt lat="39.17064" lon="-1.53712">
				<ele>574.22</ele>
				<time>2026-09-10T07:59:56.817Z</time>
			</trkpt>
			<trkpt lat="39.17094" lon="-1.53724">
				<ele>584.04</ele>
				<time>2026-09-10T07:59:58.648Z</time>
			</trkpt>
			<trkpt lat="39.17109" lon="-1.53734">
				<ele>585.11</ele>
				<time>2026-09-10T07:59:59.633Z</time>
			</trkpt>
			<trkpt lat="39.17154" lon="-1.53777">
				<ele>584.88</ele>
				<time>2026-09-10T08:00:02.899Z</time>
			</trkpt>
			<trkpt lat="39.17189" lon="-1.53813">
				<ele>592.21</ele>
				<time>2026-09-10T08:00:05.510Z</time>
			</trkpt>
			<trkpt lat="39.17202" lon="-1.53828">
				<ele>594.28</ele>
				<time>2026-09-10T08:00:06.527Z</time>
			</trkpt>
			<trkpt lat="39.17219" lon="-1.53871">
				<ele>591.29</ele>
				<time>2026-09-10T08:00:08.710Z</time>
			</trkpt>
			<trkpt lat="39.17223" lon="-1.53886">
				<ele>594.73</ele>
				<time>2026-09-10T08:00:09.427Z</time>
			</trkpt>
			<trkpt lat="39.17231" lon="-1.53928">
				<ele>601.92</ele>
				<time>2026-09-10T08:00:11.383Z</time>
			</trkpt>
			<trkpt lat="39.17235" lon="-1.53958">
				<ele>596.42</ele>
				<time>2026-09-10T08:00:12.760Z</time>
			</trkpt>
			<trkpt lat="39.17237" lon="-1.54001">
				<ele>583.66</ele>
				<time>2026-09-10T08:00:14.709Z</time>
			</trkpt>
			<trkpt lat="39.17236" lon="-1.54017">
				<ele>582.81</ele>
				<time>2026-09-10T08:00:15.435Z</time>
			</trkpt>
			<trkpt lat="39.17227" lon="-1.54062">
				<ele>575.33</ele>
				<time>2026-09-10T08:00:17.537Z</time>
			</trkpt>
			<trkpt lat="39.17221" lon="-1.54109">
				<ele>575.27</ele>
				<time>2026-09-10T08:00:19.692Z</time>
			</trkpt>
			<trkpt lat="39.17218" lon="-1.54125">
				<ele>580.35</ele>
				<time>2026-09-10T08:00:20.437Z</time>
			</trkpt>
			<trkpt lat="39.17212" lon="-1.54143">
				<ele>584.52</ele>
				<time>2026-09-10T08:00:21.323Z</time>
			</trkpt>
			<trkpt lat="39.17187" lon="-1.54194">
				<ele>581.7</ele>
				<time>2026-09-10T08:00:24.053Z</time>
			</trkpt>
			<trkpt lat="39.17164" lon="-1.54229">
				<ele>575.13</ele>
				<time>2026-09-10T08:00:26.129Z</time>
			</trkpt>
			<trkpt lat="39.17136" lon="-1.54261">
				<ele>572.95</ele>
				<time>2026-09-10T08:00:28.313Z</time>
			</trkpt>
			<trkpt lat="39.17109" lon="-1.54287">
				<ele>571.32</ele>
				<time>2026-09-10T08:00:30.280Z</time>
			</trkpt>
			<trkpt lat="39.17101" lon="-1.54292">
				<ele>572.16</ele>
				<time>2026-09-10T08:00:30.799Z</time>
			</trkpt>
			<trkpt lat="39.17093" lon="-1.54295">
				<ele>572.42</ele>
				<time>2026-09-10T08:00:31.285Z</time>
			</trkpt>
			<trkpt lat="39.17015" lon="-1.54317">
				<ele>568.72</ele>
				<time>2026-09-10T08:00:35.947Z</time>
			</trkpt>
			<trkpt lat="39.16936" lon="-1.54343">
				<ele>567.99</ele>
				<time>2026-09-10T08:00:40.707Z</time>
			</trkpt>
			<trkpt lat="39.16834" lon="-1.54371">
				<ele>561.28</ele>
				<time>2026-09-10T08:00:46.798Z</time>
			</trkpt>
			<trkpt lat="39.168" lon="-1.54387">
				<ele>564.26</ele>
				<time>2026-09-10T08:00:48.912Z</time>
			</trkpt>
			<trkpt lat="39.16776" lon="-1.54403">
				<ele>571.7</ele>
				<time>2026-09-10T08:00:50.490Z</time>
			</trkpt>
			<trkpt lat="39.16742" lon="-1.54411">
				<ele>571.14</ele>
				<time>2026-09-10T08:00:52.509Z</time>
			</trkpt>
			<trkpt lat="39.16728" lon="-1.54416">
				<ele>570.14</ele>
				<time>2026-09-10T08:00:53.358Z</time>
			</trkpt>
			<trkpt lat="39.16683" lon="-1.54445">
				<ele>567.42</ele>
				<time>2026-09-10T08:00:56.296Z</time>
			</trkpt>
			<trkpt lat="39.16623" lon="-1.5447">
				<ele>569.8</ele>
				<time>2026-09-10T08:00:59.980Z</time>
			</trkpt>
			<trkpt lat="39.16572" lon="-1.54499">
				<ele>572.67</ele>
				<time>2026-09-10T08:01:03.237Z</time>
			</trkpt>
			<trkpt lat="39.16543" lon="-1.54525">
				<ele>571.83</ele>
				<time>2026-09-10T08:01:05.301Z</time>
			</trkpt>
			<trkpt lat="39.16524" lon="-1.54547">
				<ele>570.15</ele>
				<time>2026-09-10T08:01:06.793Z</time>
			</trkpt>
			<trkpt lat="39.16508" lon="-1.54573">
				<ele>571</ele>
				<time>2026-09-10T08:01:08.297Z</time>
			</trkpt>
			<trkpt lat="39.16485" lon="-1.54621">
				<ele>569.04</ele>
				<time>2026-09-10T08:01:10.854Z</time>
			</trkpt>
			<trkpt lat="39.16479" lon="-1.54641">
				<ele>568.85</ele>
				<time>2026-09-10T08:01:11.826Z</time>
			</trkpt>
			<trkpt lat="39.1647" lon="-1.54695">
				<ele>576.01</ele>
				<time>2026-09-10T08:01:14.329Z</time>
			</trkpt>
			<trkpt lat="39.16464" lon="-1.54739">
				<ele>573.39</ele>
				<time>2026-09-10T08:01:16.354Z</time>
			</trkpt>
			<trkpt lat="39.16461" lon="-1.54776">
				<ele>571.85</ele>
				<time>2026-09-10T08:01:18.040Z</time>
			</trkpt>
			<trkpt lat="39.16462" lon="-1.54802">
				<ele>571.74</ele>
				<time>2026-09-10T08:01:19.220Z</time>
			</trkpt>
			<trkpt lat="39.16465" lon="-1.54823">
				<ele>573.14</ele>
				<time>2026-09-10T08:01:20.188Z</time>
			</trkpt>
			<trkpt lat="39.16487" lon="-1.54918">
				<ele>572.21</ele>
				<time>2026-09-10T08:01:24.682Z</time>
			</trkpt>
			<trkpt lat="39.16498" lon="-1.54949">
				<ele>568.25</ele>
				<time>2026-09-10T08:01:26.227Z</time>
			</trkpt>
			<trkpt lat="39.16536" lon="-1.55032">
				<ele>567.46</ele>
				<time>2026-09-10T08:01:30.597Z</time>
			</trkpt>
			<trkpt lat="39.16547" lon="-1.55051">
				<ele>565.11</ele>
				<time>2026-09-10T08:01:31.672Z</time>
			</trkpt>
			<trkpt lat="39.16565" lon="-1.55073">
				<ele>566.59</ele>
				<time>2026-09-10T08:01:33.122Z</time>
			</trkpt>
			<trkpt lat="39.16619" lon="-1.55129">
				<ele>571.92</ele>
				<time>2026-09-10T08:01:37.174Z</time>
			</trkpt>
			<trkpt lat="39.16692" lon="-1.55179">
				<ele>572.89</ele>
				<time>2026-09-10T08:01:42.008Z</time>
			</trkpt>
			<trkpt lat="39.16768" lon="-1.55235">
				<ele>582.24</ele>
				<time>2026-09-10T08:01:47.128Z</time>
			</trkpt>
			<trkpt lat="39.16786" lon="-1.55257">
				<ele>581.43</ele>
				<time>2026-09-10T08:01:48.579Z</time>
			</trkpt>
			<trkpt lat="39.16811" lon="-1.55293">
				<ele>577.6</ele>
				<time>2026-09-10T08:01:50.770Z</time>
			</trkpt>
			<trkpt lat="39.16824" lon="-1.5532">
				<ele>576.58</ele>
				<time>2026-09-10T08:01:52.212Z</time>
			</trkpt>
			<trkpt lat="39.16836" lon="-1.55351">
				<ele>578.28</ele>
				<time>2026-09-10T08:01:53.783Z</time>
			</trkpt>
			<trkpt lat="39.16865" lon="-1.55445">
				<ele>580.68</ele>
				<time>2026-09-10T08:01:58.372Z</time>
			</trkpt>
			<trkpt lat="39.16881" lon="-1.55511">
				<ele>582.85</ele>
				<time>2026-09-10T08:02:01.509Z</time>
			</trkpt>
			<trkpt lat="39.16883" lon="-1.55533">
				<ele>581.95</ele>
				<time>2026-09-10T08:02:02.514Z</time>
			</trkpt>
			<trkpt lat="39.16879" lon="-1.55587">
				<ele>581.15</ele>
				<time>2026-09-10T08:02:04.974Z</time>
			</trkpt>
			<trkpt lat="39.16869" lon="-1.55679">
				<ele>572.38</ele>
				<time>2026-09-10T08:02:09.189Z</time>
			</trkpt>
			<trkpt lat="39.16871" lon="-1.55749">
				<ele>577.38</ele>
				<time>2026-09-10T08:02:12.367Z</time>
			</trkpt>
			<trkpt lat="39.16868" lon="-1.55769">
				<ele>579.06</ele>
				<time>2026-09-10T08:02:13.291Z</time>
			</trkpt>
			<trkpt lat="39.16856" lon="-1.55797">
				<ele>576.35</ele>
				<time>2026-09-10T08:02:14.743Z</time>
			</trkpt>
			<trkpt lat="39.16852" lon="-1.55817">
				<ele>576.27</ele>
				<time>2026-09-10T08:02:15.680Z</time>
			</trkpt>
			<trkpt lat="39.16853" lon="-1.55861">
				<ele>580.06</ele>
				<time>2026-09-10T08:02:17.677Z</time>
			</trkpt>
			<trkpt lat="39.16861" lon="-1.55903">
				<ele>578.35</ele>
				<time>2026-09-10T08:02:19.639Z</time>
			</trkpt>
			<trkpt lat="39.16862" lon="-1.55915">
				<ele>575.08</ele>
				<time>2026-09-10T08:02:20.187Z</time>
			</trkpt>
			<trkpt lat="39.16854" lon="-1.55959">
				<ele>573.08</ele>
				<time>2026-09-10T08:02:22.238Z</time>
			</trkpt>
			<trkpt lat="39.16824" lon="-1.56028">
				<ele>575.78</ele>
				<time>2026-09-10T08:02:25.827Z</time>
			</trkpt>
			<trkpt lat="39.16802" lon="-1.56093">
				<ele>588.12</ele>
				<time>2026-09-10T08:02:29.046Z</time>
			</trkpt>
			<trkpt lat="39.1673" lon="-1.56206">
				<ele>573.33</ele>
				<time>2026-09-10T08:02:35.683Z</time>
			</trkpt>
			<trkpt lat="39.16721" lon="-1.56216">
				<ele>573.9</ele>
				<time>2026-09-10T08:02:36.379Z</time>
			</trkpt>
			<trkpt lat="39.16714" lon="-1.56221">
				<ele>575.69</ele>
				<time>2026-09-10T08:02:36.847Z</time>
			</trkpt>
			<trkpt lat="39.16668" lon="-1.56243">
				<ele>586.26</ele>
				<time>2026-09-10T08:02:39.719Z</time>
			</trkpt>
			<trkpt lat="39.16656" lon="-1.56246">
				<ele>587.64</ele>
				<time>2026-09-10T08:02:40.435Z</time>
			</trkpt>
			<trkpt lat="39.16605" lon="-1.56254">
				<ele>581.68</ele>
				<time>2026-09-10T08:02:43.442Z</time>
			</trkpt>
			<trkpt lat="39.16584" lon="-1.56254">
				<ele>578.22</ele>
				<time>2026-09-10T08:02:44.671Z</time>
			</trkpt>
			<trkpt lat="39.16536" lon="-1.56245">
				<ele>577.58</ele>
				<time>2026-09-10T08:02:47.511Z</time>
			</trkpt>
			<trkpt lat="39.16497" lon="-1.56231">
				<ele>581.17</ele>
				<time>2026-09-10T08:02:49.881Z</time>
			</trkpt>
			<trkpt lat="39.16483" lon="-1.56223">
				<ele>579.71</ele>
				<time>2026-09-10T08:02:50.777Z</time>
			</trkpt>
			<trkpt lat="39.16421" lon="-1.56176">
				<ele>572.19</ele>
				<time>2026-09-10T08:02:54.988Z</time>
			</trkpt>
			<trkpt lat="39.16405" lon="-1.56155">
				<ele>571.29</ele>
				<time>2026-09-10T08:02:56.324Z</time>
			</trkpt>
			<trkpt lat="39.16332" lon="-1.5603">
				<ele>568.47</ele>
				<time>2026-09-10T08:03:03.428Z</time>
			</trkpt>
			<trkpt lat="39.16325" lon="-1.56012">
				<ele>568.29</ele>
				<time>2026-09-10T08:03:04.342Z</time>
			</trkpt>
			<trkpt lat="39.16306" lon="-1.55935">
				<ele>564.06</ele>
				<time>2026-09-10T08:03:08.010Z</time>
			</trkpt>
			<trkpt lat="39.16302" lon="-1.55923">
				<ele>564.22</ele>
				<time>2026-09-10T08:03:08.603Z</time>
			</trkpt>
			<trkpt lat="39.16278" lon="-1.55887">
				<ele>566.52</ele>
				<time>2026-09-10T08:03:10.759Z</time>
			</trkpt>
			<trkpt lat="39.16259" lon="-1.55865">
				<ele>566.96</ele>
				<time>2026-09-10T08:03:12.254Z</time>
			</trkpt>
			<trkpt lat="39.16242" lon="-1.55854">
				<ele>569.08</ele>
				<time>2026-09-10T08:03:13.367Z</time>
			</trkpt>
			<trkpt lat="39.16183" lon="-1.55829">
				<ele>568.73</ele>
				<time>2026-09-10T08:03:17.004Z</time>
			</trkpt>
			<trkpt lat="39.16166" lon="-1.55825">
				<ele>567.97</ele>
				<time>2026-09-10T08:03:18.015Z</time>
			</trkpt>
			<trkpt lat="39.1613" lon="-1.55823">
				<ele>569.98</ele>
				<time>2026-09-10T08:03:20.125Z</time>
			</trkpt>
			<trkpt lat="39.16119" lon="-1.55826">
				<ele>570.41</ele>
				<time>2026-09-10T08:03:20.784Z</time>
			</trkpt>
			<trkpt lat="39.16101" lon="-1.55835">
				<ele>570.88</ele>
				<time>2026-09-10T08:03:21.914Z</time>
			</trkpt>
			<trkpt lat="39.16091" lon="-1.55845">
				<ele>570.74</ele>
				<time>2026-09-10T08:03:22.655Z</time>
			</trkpt>
			<trkpt lat="39.16079" lon="-1.55861">
				<ele>571.72</ele>
				<time>2026-09-10T08:03:23.666Z</time>
			</trkpt>
			<trkpt lat="39.16065" lon="-1.55884">
				<ele>571.02</ele>
				<time>2026-09-10T08:03:24.993Z</time>
			</trkpt>
			<trkpt lat="39.16058" lon="-1.55902">
				<ele>570.54</ele>
				<time>2026-09-10T08:03:25.907Z</time>
			</trkpt>
			<trkpt lat="39.16054" lon="-1.55928">
				<ele>571.02</ele>
				<time>2026-09-10T08:03:27.111Z</time>
			</trkpt>
			<trkpt lat="39.16055" lon="-1.55937">
				<ele>571.63</ele>
				<time>2026-09-10T08:03:27.524Z</time>
			</trkpt>
			<trkpt lat="39.16065" lon="-1.55981">
				<ele>574.52</ele>
				<time>2026-09-10T08:03:29.605Z</time>
			</trkpt>
			<trkpt lat="39.1608" lon="-1.56024">
				<ele>580.24</ele>
				<time>2026-09-10T08:03:31.746Z</time>
			</trkpt>
			<trkpt lat="39.16126" lon="-1.56091">
				<ele>577.27</ele>
				<time>2026-09-10T08:03:35.809Z</time>
			</trkpt>
			<trkpt lat="39.16158" lon="-1.56152">
				<ele>574.81</ele>
				<time>2026-09-10T08:03:39.153Z</time>
			</trkpt>
			<trkpt lat="39.16171" lon="-1.56173">
				<ele>577.77</ele>
				<time>2026-09-10T08:03:40.373Z</time>
			</trkpt>
			<trkpt lat="39.16175" lon="-1.56183">
				<ele>578.24</ele>
				<time>2026-09-10T08:03:40.884Z</time>
			</trkpt>
			<trkpt lat="39.16188" lon="-1.56224">
				<ele>579.17</ele>
				<time>2026-09-10T08:03:42.895Z</time>
			</trkpt>
			<trkpt lat="39.16198" lon="-1.56261">
				<ele>580.82</ele>
				<time>2026-09-10T08:03:44.674Z</time>
			</trkpt>
			<trkpt lat="39.16208" lon="-1.56311">
				<ele>584.43</ele>
				<time>2026-09-10T08:03:47.018Z</time>
			</trkpt>
			<trkpt lat="39.16213" lon="-1.56356">
				<ele>591.45</ele>
				<time>2026-09-10T08:03:49.082Z</time>
			</trkpt>
			<trkpt lat="39.16212" lon="-1.56384">
				<ele>590.87</ele>
				<time>2026-09-10T08:03:50.354Z</time>
			</trkpt>
			<trkpt lat="39.16199" lon="-1.56472">
				<ele>585.43</ele>
				<time>2026-09-10T08:03:54.421Z</time>
			</trkpt>
			<trkpt lat="39.16193" lon="-1.5649">
				<ele>582.83</ele>
				<time>2026-09-10T08:03:55.311Z</time>
			</trkpt>
			<trkpt lat="39.16177" lon="-1.56521">
				<ele>581.75</ele>
				<time>2026-09-10T08:03:57.001Z</time>
			</trkpt>
			<trkpt lat="39.16132" lon="-1.56596">
				<ele>582.7</ele>
				<time>2026-09-10T08:04:01.307Z</time>
			</trkpt>
			<trkpt lat="39.16111" lon="-1.56637">
				<ele>587.44</ele>
				<time>2026-09-10T08:04:03.537Z</time>
			</trkpt>
			<trkpt lat="39.16101" lon="-1.5665">
				<ele>587.65</ele>
				<time>2026-09-10T08:04:04.369Z</time>
			</trkpt>
			<trkpt lat="39.16077" lon="-1.56667">
				<ele>582.69</ele>
				<time>2026-09-10T08:04:05.972Z</time>
			</trkpt>
			<trkpt lat="39.16007" lon="-1.56723">
				<ele>586.78</ele>
				<time>2026-09-10T08:04:10.795Z</time>
			</trkpt>
			<trkpt lat="39.15924" lon="-1.56768">
				<ele>569.3</ele>
				<time>2026-09-10T08:04:16.066Z</time>
			</trkpt>
			<trkpt lat="39.1591" lon="-1.56786">
				<ele>570.93</ele>
				<time>2026-09-10T08:04:17.223Z</time>
			</trkpt>
			<trkpt lat="39.15906" lon="-1.56794">
				<ele>571.84</ele>
				<time>2026-09-10T08:04:17.655Z</time>
			</trkpt>
			<trkpt lat="39.15901" lon="-1.56816">
				<ele>574.76</ele>
				<time>2026-09-10T08:04:18.696Z</time>
			</trkpt>
			<trkpt lat="39.15892" lon="-1.56844">
				<ele>578.02</ele>
				<time>2026-09-10T08:04:20.072Z</time>
			</trkpt>
			<trkpt lat="39.15872" lon="-1.56891">
				<ele>582.01</ele>
				<time>2026-09-10T08:04:22.505Z</time>
			</trkpt>
			<trkpt lat="39.15866" lon="-1.56922">
				<ele>572.42</ele>
				<time>2026-09-10T08:04:23.956Z</time>
			</trkpt>
			<trkpt lat="39.15862" lon="-1.56952">
				<ele>569.4</ele>
				<time>2026-09-10T08:04:25.338Z</time>
			</trkpt>
			<trkpt lat="39.15852" lon="-1.56981">
				<ele>577.05</ele>
				<time>2026-09-10T08:04:26.778Z</time>
			</trkpt>
			<trkpt lat="39.15847" lon="-1.57017">
				<ele>590.88</ele>
				<time>2026-09-10T08:04:28.438Z</time>
			</trkpt>
			<trkpt lat="39.15838" lon="-1.57039">
				<ele>589.36</ele>
				<time>2026-09-10T08:04:29.567Z</time>
			</trkpt>
			<trkpt lat="39.15803" lon="-1.57117">
				<ele>586.86</ele>
				<time>2026-09-10T08:04:33.658Z</time>
			</trkpt>
			<trkpt lat="39.15726" lon="-1.57308">
				<ele>577.85</ele>
				<time>2026-09-10T08:04:43.428Z</time>
			</trkpt>
			<trkpt lat="39.15709" lon="-1.57342">
				<ele>573.72</ele>
				<time>2026-09-10T08:04:45.264Z</time>
			</trkpt>
			<trkpt lat="39.15705" lon="-1.57352">
				<ele>573.61</ele>
				<time>2026-09-10T08:04:45.775Z</time>
			</trkpt>
			<trkpt lat="39.157" lon="-1.57397">
				<ele>574.47</ele>
				<time>2026-09-10T08:04:47.838Z</time>
			</trkpt>
			<trkpt lat="39.15703" lon="-1.57471">
				<ele>576.1</ele>
				<time>2026-09-10T08:04:51.201Z</time>
			</trkpt>
			<trkpt lat="39.15702" lon="-1.57526">
				<ele>571.72</ele>
				<time>2026-09-10T08:04:53.697Z</time>
			</trkpt>
			<trkpt lat="39.1571" lon="-1.57549">
				<ele>573.22</ele>
				<time>2026-09-10T08:04:54.841Z</time>
			</trkpt>
			<trkpt lat="39.15729" lon="-1.57595">
				<ele>576.66</ele>
				<time>2026-09-10T08:04:57.206Z</time>
			</trkpt>
			<trkpt lat="39.15732" lon="-1.57613">
				<ele>574.24</ele>
				<time>2026-09-10T08:04:58.042Z</time>
			</trkpt>
			<trkpt lat="39.15732" lon="-1.57642">
				<ele>570.72</ele>
				<time>2026-09-10T08:04:59.357Z</time>
			</trkpt>
			<trkpt lat="39.15735" lon="-1.57657">
				<ele>570.42</ele>
				<time>2026-09-10T08:05:00.060Z</time>
			</trkpt>
			<trkpt lat="39.15737" lon="-1.57661">
				<ele>570.63</ele>
				<time>2026-09-10T08:05:00.276Z</time>
			</trkpt>
			<trkpt lat="39.15755" lon="-1.5768">
				<ele>576.87</ele>
				<time>2026-09-10T08:05:01.637Z</time>
			</trkpt>
			<trkpt lat="39.15762" lon="-1.57693">
				<ele>580.79</ele>
				<time>2026-09-10T08:05:02.355Z</time>
			</trkpt>
			<trkpt lat="39.15784" lon="-1.57756">
				<ele>590.01</ele>
				<time>2026-09-10T08:05:05.490Z</time>
			</trkpt>
			<trkpt lat="39.15788" lon="-1.57777">
				<ele>588.55</ele>
				<time>2026-09-10T08:05:06.471Z</time>
			</trkpt>
			<trkpt lat="39.15788" lon="-1.57789">
				<ele>586.66</ele>
				<time>2026-09-10T08:05:07.016Z</time>
			</trkpt>
			<trkpt lat="39.15786" lon="-1.57808">
				<ele>582.76</ele>
				<time>2026-09-10T08:05:07.886Z</time>
			</trkpt>
			<trkpt lat="39.15778" lon="-1.57846">
				<ele>580.56</ele>
				<time>2026-09-10T08:05:09.672Z</time>
			</trkpt>
			<trkpt lat="39.15764" lon="-1.57892">
				<ele>595.01</ele>
				<time>2026-09-10T08:05:11.914Z</time>
			</trkpt>
			<trkpt lat="39.15754" lon="-1.57912">
				<ele>600.12</ele>
				<time>2026-09-10T08:05:12.993Z</time>
			</trkpt>
			<trkpt lat="39.15743" lon="-1.57928">
				<ele>598.35</ele>
				<time>2026-09-10T08:05:13.963Z</time>
			</trkpt>
			<trkpt lat="39.15727" lon="-1.57947">
				<ele>587.82</ele>
				<time>2026-09-10T08:05:15.236Z</time>
			</trkpt>
			<trkpt lat="39.15641" lon="-1.58028">
				<ele>575.94</ele>
				<time>2026-09-10T08:05:21.465Z</time>
			</trkpt>
			<trkpt lat="39.15624" lon="-1.58042">
				<ele>577.64</ele>
				<time>2026-09-10T08:05:22.645Z</time>
			</trkpt>
			<trkpt lat="39.15564" lon="-1.58077">
				<ele>573.87</ele>
				<time>2026-09-10T08:05:26.497Z</time>
			</trkpt>
			<trkpt lat="39.15552" lon="-1.58087">
				<ele>573.22</ele>
				<time>2026-09-10T08:05:27.333Z</time>
			</trkpt>
			<trkpt lat="39.15525" lon="-1.58123">
				<ele>572.76</ele>
				<time>2026-09-10T08:05:29.604Z</time>
			</trkpt>
			<trkpt lat="39.15519" lon="-1.58134">
				<ele>572.66</ele>
				<time>2026-09-10T08:05:30.214Z</time>
			</trkpt>
			<trkpt lat="39.15512" lon="-1.58153">
				<ele>573.61</ele>
				<time>2026-09-10T08:05:31.168Z</time>
			</trkpt>
			<trkpt lat="39.15507" lon="-1.58188">
				<ele>575.02</ele>
				<time>2026-09-10T08:05:32.782Z</time>
			</trkpt>
			<trkpt lat="39.15507" lon="-1.58203">
				<ele>575.3</ele>
				<time>2026-09-10T08:05:33.462Z</time>
			</trkpt>
			<trkpt lat="39.15509" lon="-1.58229">
				<ele>576.66</ele>
				<time>2026-09-10T08:05:34.647Z</time>
			</trkpt>
			<trkpt lat="39.1552" lon="-1.58282">
				<ele>581.86</ele>
				<time>2026-09-10T08:05:37.135Z</time>
			</trkpt>
			<trkpt lat="39.15557" lon="-1.58416">
				<ele>580.95</ele>
				<time>2026-09-10T08:05:43.584Z</time>
			</trkpt>
			<trkpt lat="39.15562" lon="-1.58428">
				<ele>580.98</ele>
				<time>2026-09-10T08:05:44.202Z</time>
			</trkpt>
			<trkpt lat="39.15583" lon="-1.58462">
				<ele>584.77</ele>
				<time>2026-09-10T08:05:46.172Z</time>
			</trkpt>
			<trkpt lat="39.15587" lon="-1.58472">
				<ele>584.8</ele>
				<time>2026-09-10T08:05:46.682Z</time>
			</trkpt>
			<trkpt lat="39.15602" lon="-1.58521">
				<ele>583.57</ele>
				<time>2026-09-10T08:05:49.070Z</time>
			</trkpt>
			<trkpt lat="39.15613" lon="-1.58549">
				<ele>585.43</ele>
				<time>2026-09-10T08:05:50.493Z</time>
			</trkpt>
			<trkpt lat="39.1563" lon="-1.58585">
				<ele>587.84</ele>
				<time>2026-09-10T08:05:52.404Z</time>
			</trkpt>
			<trkpt lat="39.15671" lon="-1.58698">
				<ele>574.51</ele>
				<time>2026-09-10T08:05:58.058Z</time>
			</trkpt>
			<trkpt lat="39.15684" lon="-1.58725">
				<ele>574.64</ele>
				<time>2026-09-10T08:05:59.499Z</time>
			</trkpt>
			<trkpt lat="39.15698" lon="-1.58742">
				<ele>575.41</ele>
				<time>2026-09-10T08:06:00.622Z</time>
			</trkpt>
			<trkpt lat="39.15729" lon="-1.58764">
				<ele>584.86</ele>
				<time>2026-09-10T08:06:02.690Z</time>
			</trkpt>
			<trkpt lat="39.15744" lon="-1.58781">
				<ele>588.9</ele>
				<time>2026-09-10T08:06:03.857Z</time>
			</trkpt>
			<trkpt lat="39.15755" lon="-1.58802">
				<ele>591.82</ele>
				<time>2026-09-10T08:06:05.005Z</time>
			</trkpt>
			<trkpt lat="39.15764" lon="-1.58832">
				<ele>590.35</ele>
				<time>2026-09-10T08:06:06.463Z</time>
			</trkpt>
			<trkpt lat="39.15766" lon="-1.58861">
				<ele>587.81</ele>
				<time>2026-09-10T08:06:07.782Z</time>
			</trkpt>
			<trkpt lat="39.15767" lon="-1.58904">
				<ele>585.38</ele>
				<time>2026-09-10T08:06:09.731Z</time>
			</trkpt>
			<trkpt lat="39.15762" lon="-1.58925">
				<ele>581.6</ele>
				<time>2026-09-10T08:06:10.726Z</time>
			</trkpt>
			<trkpt lat="39.15753" lon="-1.58946">
				<ele>576.33</ele>
				<time>2026-09-10T08:06:11.813Z</time>
			</trkpt>
			<trkpt lat="39.15743" lon="-1.58966">
				<ele>574.71</ele>
				<time>2026-09-10T08:06:12.891Z</time>
			</trkpt>
			<trkpt lat="39.15663" lon="-1.59103">
				<ele>573.68</ele>
				<time>2026-09-10T08:06:20.660Z</time>
			</trkpt>
			<trkpt lat="39.15652" lon="-1.59136">
				<ele>573.09</ele>
				<time>2026-09-10T08:06:22.287Z</time>
			</trkpt>
			<trkpt lat="39.15647" lon="-1.5916">
				<ele>572.91</ele>
				<time>2026-09-10T08:06:23.412Z</time>
			</trkpt>
			<trkpt lat="39.15646" lon="-1.5917">
				<ele>573.02</ele>
				<time>2026-09-10T08:06:23.869Z</time>
			</trkpt>
			<trkpt lat="39.15646" lon="-1.59198">
				<ele>572.51</ele>
				<time>2026-09-10T08:06:25.137Z</time>
			</trkpt>
			<trkpt lat="39.15648" lon="-1.5921">
				<ele>572.07</ele>
				<time>2026-09-10T08:06:25.693Z</time>
			</trkpt>
			<trkpt lat="39.15656" lon="-1.5923">
				<ele>572.22</ele>
				<time>2026-09-10T08:06:26.712Z</time>
			</trkpt>
			<trkpt lat="39.15666" lon="-1.59242">
				<ele>572.77</ele>
				<time>2026-09-10T08:06:27.510Z</time>
			</trkpt>
			<trkpt lat="39.157" lon="-1.59272">
				<ele>579.1</ele>
				<time>2026-09-10T08:06:29.915Z</time>
			</trkpt>
			<trkpt lat="39.15714" lon="-1.59289">
				<ele>582.26</ele>
				<time>2026-09-10T08:06:31.038Z</time>
			</trkpt>
			<trkpt lat="39.15789" lon="-1.59443">
				<ele>577.48</ele>
				<time>2026-09-10T08:06:39.271Z</time>
			</trkpt>
			<trkpt lat="39.15819" lon="-1.59484">
				<ele>574.69</ele>
				<time>2026-09-10T08:06:41.822Z</time>
			</trkpt>
			<trkpt lat="39.15825" lon="-1.59495">
				<ele>573.76</ele>
				<time>2026-09-10T08:06:42.431Z</time>
			</trkpt>
			<trkpt lat="39.15831" lon="-1.59502">
				<ele>573.61</ele>
				<time>2026-09-10T08:06:42.903Z</time>
			</trkpt>
			<trkpt lat="39.15842" lon="-1.5951">
				<ele>574.33</ele>
				<time>2026-09-10T08:06:43.640Z</time>
			</trkpt>
			<trkpt lat="39.15869" lon="-1.59524">
				<ele>576.71</ele>
				<time>2026-09-10T08:06:45.339Z</time>
			</trkpt>
			<trkpt lat="39.15997" lon="-1.59571">
				<ele>587.04</ele>
				<time>2026-09-10T08:06:53.105Z</time>
			</trkpt>
			<trkpt lat="39.16015" lon="-1.5958">
				<ele>590.62</ele>
				<time>2026-09-10T08:06:54.232Z</time>
			</trkpt>
			<trkpt lat="39.16026" lon="-1.59595">
				<ele>591.53</ele>
				<time>2026-09-10T08:06:55.166Z</time>
			</trkpt>
			<trkpt lat="39.16037" lon="-1.59616">
				<ele>593.75</ele>
				<time>2026-09-10T08:06:56.312Z</time>
			</trkpt>
			<trkpt lat="39.16045" lon="-1.59641">
				<ele>597.7</ele>
				<time>2026-09-10T08:06:57.535Z</time>
			</trkpt>
			<trkpt lat="39.16046" lon="-1.59665">
				<ele>598.46</ele>
				<time>2026-09-10T08:06:58.623Z</time>
			</trkpt>
			<trkpt lat="39.16043" lon="-1.59689">
				<ele>596.29</ele>
				<time>2026-09-10T08:06:59.722Z</time>
			</trkpt>
			<trkpt lat="39.16033" lon="-1.59738">
				<ele>592.21</ele>
				<time>2026-09-10T08:07:02.014Z</time>
			</trkpt>
			<trkpt lat="39.16022" lon="-1.59771">
				<ele>592.22</ele>
				<time>2026-09-10T08:07:03.638Z</time>
			</trkpt>
			<trkpt lat="39.1599" lon="-1.59824">
				<ele>589.63</ele>
				<time>2026-09-10T08:07:06.676Z</time>
			</trkpt>
			<trkpt lat="39.15965" lon="-1.59855">
				<ele>587.57</ele>
				<time>2026-09-10T08:07:08.698Z</time>
			</trkpt>
			<trkpt lat="39.15916" lon="-1.59927">
				<ele>586.05</ele>
				<time>2026-09-10T08:07:13.030Z</time>
			</trkpt>
			<trkpt lat="39.15905" lon="-1.59947">
				<ele>586.84</ele>
				<time>2026-09-10T08:07:14.138Z</time>
			</trkpt>
			<trkpt lat="39.15886" lon="-1.59994">
				<ele>588.7</ele>
				<time>2026-09-10T08:07:16.534Z</time>
			</trkpt>
			<trkpt lat="39.15878" lon="-1.60025">
				<ele>587.57</ele>
				<time>2026-09-10T08:07:18.011Z</time>
			</trkpt>
			<trkpt lat="39.15876" lon="-1.60046">
				<ele>587.27</ele>
				<time>2026-09-10T08:07:18.967Z</time>
			</trkpt>
			<trkpt lat="39.1588" lon="-1.60069">
				<ele>587.66</ele>
				<time>2026-09-10T08:07:20.033Z</time>
			</trkpt>
			<trkpt lat="39.15918" lon="-1.60203">
				<ele>585.16</ele>
				<time>2026-09-10T08:07:26.480Z</time>
			</trkpt>
			<trkpt lat="39.15919" lon="-1.60224">
				<ele>584.82</ele>
				<time>2026-09-10T08:07:27.431Z</time>
			</trkpt>
			<trkpt lat="39.15916" lon="-1.60259">
				<ele>582.62</ele>
				<time>2026-09-10T08:07:29.022Z</time>
			</trkpt>
			<trkpt lat="39.15916" lon="-1.60268">
				<ele>582.37</ele>
				<time>2026-09-10T08:07:29.429Z</time>
			</trkpt>
			<trkpt lat="39.15918" lon="-1.60275">
				<ele>582.39</ele>
				<time>2026-09-10T08:07:29.766Z</time>
			</trkpt>
			<trkpt lat="39.15925" lon="-1.60284">
				<ele>581.88</ele>
				<time>2026-09-10T08:07:30.341Z</time>
			</trkpt>
			<trkpt lat="39.1593" lon="-1.60289">
				<ele>581.63</ele>
				<time>2026-09-10T08:07:30.710Z</time>
			</trkpt>
			<trkpt lat="39.15942" lon="-1.60294">
				<ele>582.06</ele>
				<time>2026-09-10T08:07:31.445Z</time>
			</trkpt>
			<trkpt lat="39.1596" lon="-1.60296">
				<ele>583.25</ele>
				<time>2026-09-10T08:07:32.497Z</time>
			</trkpt>
			<trkpt lat="39.15978" lon="-1.60294">
				<ele>585.11</ele>
				<time>2026-09-10T08:07:33.550Z</time>
			</trkpt>
			<trkpt lat="39.16037" lon="-1.60282">
				<ele>587.04</ele>
				<time>2026-09-10T08:07:37.029Z</time>
			</trkpt>
			<trkpt lat="39.1607" lon="-1.60272">
				<ele>585.5</ele>
				<time>2026-09-10T08:07:39.003Z</time>
			</trkpt>
			<trkpt lat="39.16105" lon="-1.60248">
				<ele>586.63</ele>
				<time>2026-09-10T08:07:41.312Z</time>
			</trkpt>
			<trkpt lat="39.16127" lon="-1.60229">
				<ele>592.86</ele>
				<time>2026-09-10T08:07:42.854Z</time>
			</trkpt>
			<trkpt lat="39.16139" lon="-1.60223">
				<ele>593.93</ele>
				<time>2026-09-10T08:07:43.603Z</time>
			</trkpt>
			<trkpt lat="39.16199" lon="-1.6022">
				<ele>592.06</ele>
				<time>2026-09-10T08:07:47.099Z</time>
			</trkpt>
			<trkpt lat="39.16228" lon="-1.60225">
				<ele>594.31</ele>
				<time>2026-09-10T08:07:48.803Z</time>
			</trkpt>
			<trkpt lat="39.1625" lon="-1.60235">
				<ele>597.8</ele>
				<time>2026-09-10T08:07:50.160Z</time>
			</trkpt>
			<trkpt lat="39.163" lon="-1.60272">
				<ele>593.57</ele>
				<time>2026-09-10T08:07:53.516Z</time>
			</trkpt>
			<trkpt lat="39.16317" lon="-1.60287">
				<ele>591.94</ele>
				<time>2026-09-10T08:07:54.715Z</time>
			</trkpt>
			<trkpt lat="39.16328" lon="-1.60302">
				<ele>590.28</ele>
				<time>2026-09-10T08:07:55.646Z</time>
			</trkpt>
			<trkpt lat="39.16346" lon="-1.60332">
				<ele>598.78</ele>
				<time>2026-09-10T08:07:57.358Z</time>
			</trkpt>
			<trkpt lat="39.16372" lon="-1.6038">
				<ele>598.6</ele>
				<time>2026-09-10T08:07:59.999Z</time>
			</trkpt>
			<trkpt lat="39.1639" lon="-1.60419">
				<ele>601.47</ele>
				<time>2026-09-10T08:08:02.047Z</time>
			</trkpt>
			<trkpt lat="39.16399" lon="-1.60452">
				<ele>606.89</ele>
				<time>2026-09-10T08:08:03.625Z</time>
			</trkpt>
			<trkpt lat="39.16403" lon="-1.60477">
				<ele>613.67</ele>
				<time>2026-09-10T08:08:04.776Z</time>
			</trkpt>
			<trkpt lat="39.16405" lon="-1.605">
				<ele>618.16</ele>
				<time>2026-09-10T08:08:05.820Z</time>
			</trkpt>
			<trkpt lat="39.16402" lon="-1.60542">
				<ele>610.3</ele>
				<time>2026-09-10T08:08:07.722Z</time>
			</trkpt>
			<trkpt lat="39.16398" lon="-1.6056">
				<ele>606.99</ele>
				<time>2026-09-10T08:08:08.567Z</time>
			</trkpt>
			<trkpt lat="39.16378" lon="-1.6062">
				<ele>604.49</ele>
				<time>2026-09-10T08:08:11.511Z</time>
			</trkpt>
			<trkpt lat="39.16372" lon="-1.60632">
				<ele>606.19</ele>
				<time>2026-09-10T08:08:12.155Z</time>
			</trkpt>
			<trkpt lat="39.16356" lon="-1.6066">
				<ele>605.35</ele>
				<time>2026-09-10T08:08:13.723Z</time>
			</trkpt>
			<trkpt lat="39.16338" lon="-1.60685">
				<ele>600.9</ele>
				<time>2026-09-10T08:08:15.261Z</time>
			</trkpt>
			<trkpt lat="39.16321" lon="-1.60703">
				<ele>598.92</ele>
				<time>2026-09-10T08:08:16.540Z</time>
			</trkpt>
			<trkpt lat="39.16307" lon="-1.60714">
				<ele>597.77</ele>
				<time>2026-09-10T08:08:17.493Z</time>
			</trkpt>
			<trkpt lat="39.16256" lon="-1.60747">
				<ele>591.51</ele>
				<time>2026-09-10T08:08:20.810Z</time>
			</trkpt>
			<trkpt lat="39.16208" lon="-1.60768">
				<ele>585.4</ele>
				<time>2026-09-10T08:08:23.756Z</time>
			</trkpt>
			<trkpt lat="39.16181" lon="-1.60791">
				<ele>585.35</ele>
				<time>2026-09-10T08:08:25.636Z</time>
			</trkpt>
			<trkpt lat="39.16173" lon="-1.608">
				<ele>585.52</ele>
				<time>2026-09-10T08:08:26.253Z</time>
			</trkpt>
			<trkpt lat="39.16168" lon="-1.60811">
				<ele>586.9</ele>
				<time>2026-09-10T08:08:26.827Z</time>
			</trkpt>
			<trkpt lat="39.16167" lon="-1.60833">
				<ele>592.04</ele>
				<time>2026-09-10T08:08:27.820Z</time>
			</trkpt>
			<trkpt lat="39.16174" lon="-1.60884">
				<ele>597.4</ele>
				<time>2026-09-10T08:08:30.153Z</time>
			</trkpt>
			<trkpt lat="39.16185" lon="-1.60912">
				<ele>598.88</ele>
				<time>2026-09-10T08:08:31.567Z</time>
			</trkpt>
			<trkpt lat="39.16185" lon="-1.60925">
				<ele>597.68</ele>
				<time>2026-09-10T08:08:32.153Z</time>
			</trkpt>
			<trkpt lat="39.16183" lon="-1.60931">
				<ele>596.83</ele>
				<time>2026-09-10T08:08:32.447Z</time>
			</trkpt>
			<trkpt lat="39.16176" lon="-1.6094">
				<ele>596.39</ele>
				<time>2026-09-10T08:08:33.021Z</time>
			</trkpt>
			<trkpt lat="39.16163" lon="-1.60952">
				<ele>595.64</ele>
				<time>2026-09-10T08:08:33.950Z</time>
			</trkpt>
			<trkpt lat="39.16158" lon="-1.60955">
				<ele>596.91</ele>
				<time>2026-09-10T08:08:34.270Z</time>
			</trkpt>
			<trkpt lat="39.1615" lon="-1.60953">
				<ele>598.53</ele>
				<time>2026-09-10T08:08:34.743Z</time>
			</trkpt>
			<trkpt lat="39.16145" lon="-1.60949">
				<ele>599.2</ele>
				<time>2026-09-10T08:08:35.085Z</time>
			</trkpt>
			<trkpt lat="39.16137" lon="-1.60936">
				<ele>597.73</ele>
				<time>2026-09-10T08:08:35.832Z</time>
			</trkpt>
			<trkpt lat="39.16132" lon="-1.60923">
				<ele>594.43</ele>
				<time>2026-09-10T08:08:36.486Z</time>
			</trkpt>
			<trkpt lat="39.16122" lon="-1.60886">
				<ele>588</ele>
				<time>2026-09-10T08:08:38.250Z</time>
			</trkpt>
			<trkpt lat="39.16115" lon="-1.60879">
				<ele>587.75</ele>
				<time>2026-09-10T08:08:38.765Z</time>
			</trkpt>
			<trkpt lat="39.16107" lon="-1.6088">
				<ele>587.83</ele>
				<time>2026-09-10T08:08:39.231Z</time>
			</trkpt>
			<trkpt lat="39.16084" lon="-1.60904">
				<ele>588.67</ele>
				<time>2026-09-10T08:08:40.949Z</time>
			</trkpt>
			<trkpt lat="39.16069" lon="-1.60927">
				<ele>589.83</ele>
				<time>2026-09-10T08:08:42.302Z</time>
			</trkpt>
			<trkpt lat="39.16062" lon="-1.60946">
				<ele>591.9</ele>
				<time>2026-09-10T08:08:43.249Z</time>
			</trkpt>
			<trkpt lat="39.16055" lon="-1.6098">
				<ele>592.21</ele>
				<time>2026-09-10T08:08:44.833Z</time>
			</trkpt>
			<trkpt lat="39.16055" lon="-1.60988">
				<ele>592.57</ele>
				<time>2026-09-10T08:08:45.193Z</time>
			</trkpt>
			<trkpt lat="39.16058" lon="-1.60991">
				<ele>593.75</ele>
				<time>2026-09-10T08:08:45.413Z</time>
			</trkpt>
			<trkpt lat="39.16063" lon="-1.60991">
				<ele>595.48</ele>
				<time>2026-09-10T08:08:45.703Z</time>
			</trkpt>
			<trkpt lat="39.16067" lon="-1.60988">
				<ele>596.93</ele>
				<time>2026-09-10T08:08:45.972Z</time>
			</trkpt>
			<trkpt lat="39.16068" lon="-1.60982">
				<ele>597.25</ele>
				<time>2026-09-10T08:08:46.248Z</time>
			</trkpt>
			<trkpt lat="39.16067" lon="-1.60965">
				<ele>595.88</ele>
				<time>2026-09-10T08:08:47.015Z</time>
			</trkpt>
			<trkpt lat="39.16069" lon="-1.60955">
				<ele>594.96</ele>
				<time>2026-09-10T08:08:47.480Z</time>
			</trkpt>
			<trkpt lat="39.16074" lon="-1.60942">
				<ele>594.04</ele>
				<time>2026-09-10T08:08:48.133Z</time>
			</trkpt>
			<trkpt lat="39.16082" lon="-1.60932">
				<ele>593.55</ele>
				<time>2026-09-10T08:08:48.780Z</time>
			</trkpt>
			<trkpt lat="39.16091" lon="-1.60932">
				<ele>594.61</ele>
				<time>2026-09-10T08:08:49.302Z</time>
			</trkpt>
			<trkpt lat="39.16103" lon="-1.60941">
				<ele>598.86</ele>
				<time>2026-09-10T08:08:50.108Z</time>
			</trkpt>
			<trkpt lat="39.16109" lon="-1.60951">
				<ele>602.36</ele>
				<time>2026-09-10T08:08:50.676Z</time>
			</trkpt>
			<trkpt lat="39.16108" lon="-1.60959">
				<ele>604.27</ele>
				<time>2026-09-10T08:08:51.041Z</time>
			</trkpt>
			<trkpt lat="39.16105" lon="-1.60962">
				<ele>604.38</ele>
				<time>2026-09-10T08:08:51.261Z</time>
			</trkpt>
			<trkpt lat="39.161" lon="-1.60962">
				<ele>603.5</ele>
				<time>2026-09-10T08:08:51.551Z</time>
			</trkpt>
			<trkpt lat="39.1609" lon="-1.60953">
				<ele>599.84</ele>
				<time>2026-09-10T08:08:52.259Z</time>
			</trkpt>
			<trkpt lat="39.16084" lon="-1.60952">
				<ele>598.7</ele>
				<time>2026-09-10T08:08:52.610Z</time>
			</trkpt>
			<trkpt lat="39.1608" lon="-1.60955">
				<ele>598.26</ele>
				<time>2026-09-10T08:08:52.879Z</time>
			</trkpt>
			<trkpt lat="39.16078" lon="-1.60966">
				<ele>599.7</ele>
				<time>2026-09-10T08:08:53.387Z</time>
			</trkpt>
			<trkpt lat="39.16082" lon="-1.60979">
				<ele>602.56</ele>
				<time>2026-09-10T08:08:54.016Z</time>
			</trkpt>
			<trkpt lat="39.16108" lon="-1.61009">
				<ele>609.14</ele>
				<time>2026-09-10T08:08:56.040Z</time>
			</trkpt>
			<trkpt lat="39.16112" lon="-1.61016">
				<ele>609.81</ele>
				<time>2026-09-10T08:08:56.431Z</time>
			</trkpt>
			<trkpt lat="39.16113" lon="-1.61022">
				<ele>609.51</ele>
				<time>2026-09-10T08:08:56.707Z</time>
			</trkpt>
			<trkpt lat="39.16111" lon="-1.61036">
				<ele>610.57</ele>
				<time>2026-09-10T08:08:57.347Z</time>
			</trkpt>
			<trkpt lat="39.16094" lon="-1.61068">
				<ele>608.27</ele>
				<time>2026-09-10T08:08:59.092Z</time>
			</trkpt>
			<trkpt lat="39.16091" lon="-1.61084">
				<ele>608.39</ele>
				<time>2026-09-10T08:08:59.832Z</time>
			</trkpt>
			<trkpt lat="39.16095" lon="-1.61106">
				<ele>609.16</ele>
				<time>2026-09-10T08:09:00.848Z</time>
			</trkpt>
			<trkpt lat="39.1612" lon="-1.61207">
				<ele>610.41</ele>
				<time>2026-09-10T08:09:05.615Z</time>
			</trkpt>
			<trkpt lat="39.16121" lon="-1.61243">
				<ele>612.64</ele>
				<time>2026-09-10T08:09:07.235Z</time>
			</trkpt>
			<trkpt lat="39.16118" lon="-1.61285">
				<ele>614.06</ele>
				<time>2026-09-10T08:09:09.130Z</time>
			</trkpt>
			<trkpt lat="39.16121" lon="-1.61307">
				<ele>616.15</ele>
				<time>2026-09-10T08:09:10.134Z</time>
			</trkpt>
			<trkpt lat="39.1614" lon="-1.61376">
				<ele>626.56</ele>
				<time>2026-09-10T08:09:13.425Z</time>
			</trkpt>
			<trkpt lat="39.16144" lon="-1.61382">
				<ele>627.68</ele>
				<time>2026-09-10T08:09:13.780Z</time>
			</trkpt>
			<trkpt lat="39.16153" lon="-1.61382">
				<ele>629.97</ele>
				<time>2026-09-10T08:09:14.302Z</time>
			</trkpt>
			<trkpt lat="39.16158" lon="-1.61378">
				<ele>630.95</ele>
				<time>2026-09-10T08:09:14.643Z</time>
			</trkpt>
			<trkpt lat="39.16165" lon="-1.61367">
				<ele>632.64</ele>
				<time>2026-09-10T08:09:15.282Z</time>
			</trkpt>
			<trkpt lat="39.16176" lon="-1.61335">
				<ele>632.43</ele>
				<time>2026-09-10T08:09:16.855Z</time>
			</trkpt>
			<trkpt lat="39.1618" lon="-1.6133">
				<ele>632.19</ele>
				<time>2026-09-10T08:09:17.177Z</time>
			</trkpt>
			<trkpt lat="39.16186" lon="-1.61328">
				<ele>632.13</ele>
				<time>2026-09-10T08:09:17.536Z</time>
			</trkpt>
			<trkpt lat="39.16192" lon="-1.61329">
				<ele>632.4</ele>
				<time>2026-09-10T08:09:17.887Z</time>
			</trkpt>
			<trkpt lat="39.16198" lon="-1.61333">
				<ele>632.59</ele>
				<time>2026-09-10T08:09:18.278Z</time>
			</trkpt>
			<trkpt lat="39.16212" lon="-1.61365">
				<ele>634.79</ele>
				<time>2026-09-10T08:09:19.929Z</time>
			</trkpt>
			<trkpt lat="39.16276" lon="-1.61449">
				<ele>638.14</ele>
				<time>2026-09-10T08:09:25.217Z</time>
			</trkpt>
			<trkpt lat="39.16287" lon="-1.6148">
				<ele>638.54</ele>
				<time>2026-09-10T08:09:26.748Z</time>
			</trkpt>
			<trkpt lat="39.1639" lon="-1.61908">
				<ele>644.69</ele>
				<time>2026-09-10T08:09:46.853Z</time>
			</trkpt>
			<trkpt lat="39.16399" lon="-1.61935">
				<ele>645.38</ele>
				<time>2026-09-10T08:09:48.171Z</time>
			</trkpt>
			<trkpt lat="39.16436" lon="-1.62015">
				<ele>647.36</ele>
				<time>2026-09-10T08:09:52.346Z</time>
			</trkpt>
			<trkpt lat="39.1646" lon="-1.62079">
				<ele>648.82</ele>
				<time>2026-09-10T08:09:55.532Z</time>
			</trkpt>
			<trkpt lat="39.16545" lon="-1.62307">
				<ele>643.69</ele>
				<time>2026-09-10T08:10:06.766Z</time>
			</trkpt>
			<trkpt lat="39.16552" lon="-1.62334">
				<ele>642.23</ele>
				<time>2026-09-10T08:10:07.978Z</time>
			</trkpt>
			<trkpt lat="39.16556" lon="-1.62364">
				<ele>642.04</ele>
				<time>2026-09-10T08:10:09.259Z</time>
			</trkpt>
			<trkpt lat="39.16564" lon="-1.62444">
				<ele>636.41</ele>
				<time>2026-09-10T08:10:12.583Z</time>
			</trkpt>
			<trkpt lat="39.16564" lon="-1.62473">
				<ele>634.36</ele>
				<time>2026-09-10T08:10:13.753Z</time>
			</trkpt>
			<trkpt lat="39.16559" lon="-1.62508">
				<ele>633.72</ele>
				<time>2026-09-10T08:10:15.171Z</time>
			</trkpt>
			<trkpt lat="39.16549" lon="-1.62558">
				<ele>632.77</ele>
				<time>2026-09-10T08:10:17.195Z</time>
			</trkpt>
			<trkpt lat="39.16537" lon="-1.62591">
				<ele>631.94</ele>
				<time>2026-09-10T08:10:18.599Z</time>
			</trkpt>
			<trkpt lat="39.16506" lon="-1.62666">
				<ele>630.68</ele>
				<time>2026-09-10T08:10:21.798Z</time>
			</trkpt>
			<trkpt lat="39.16469" lon="-1.62739">
				<ele>625.09</ele>
				<time>2026-09-10T08:10:24.973Z</time>
			</trkpt>
			<trkpt lat="39.16433" lon="-1.628">
				<ele>621</ele>
				<time>2026-09-10T08:10:27.678Z</time>
			</trkpt>
			<trkpt lat="39.16424" lon="-1.62814">
				<ele>621.47</ele>
				<time>2026-09-10T08:10:28.308Z</time>
			</trkpt>
			<trkpt lat="39.16404" lon="-1.62834">
				<ele>622.56</ele>
				<time>2026-09-10T08:10:29.428Z</time>
			</trkpt>
			<trkpt lat="39.16383" lon="-1.62845">
				<ele>622.05</ele>
				<time>2026-09-10T08:10:30.420Z</time>
			</trkpt>
			<trkpt lat="39.16296" lon="-1.62881">
				<ele>619.48</ele>
				<time>2026-09-10T08:10:34.305Z</time>
			</trkpt>
			<trkpt lat="39.16245" lon="-1.62911">
				<ele>621.59</ele>
				<time>2026-09-10T08:10:36.604Z</time>
			</trkpt>
			<trkpt lat="39.16192" lon="-1.62947">
				<ele>620.99</ele>
				<time>2026-09-10T08:10:38.993Z</time>
			</trkpt>
			<trkpt lat="39.16178" lon="-1.62954">
				<ele>620.94</ele>
				<time>2026-09-10T08:10:39.581Z</time>
			</trkpt>
			<trkpt lat="39.16152" lon="-1.62963">
				<ele>619.62</ele>
				<time>2026-09-10T08:10:40.624Z</time>
			</trkpt>
			<trkpt lat="39.16124" lon="-1.62969">
				<ele>616.59</ele>
				<time>2026-09-10T08:10:41.710Z</time>
			</trkpt>
			<trkpt lat="39.16107" lon="-1.62978">
				<ele>615.35</ele>
				<time>2026-09-10T08:10:42.405Z</time>
			</trkpt>
			<trkpt lat="39.16087" lon="-1.63001">
				<ele>616.5</ele>
				<time>2026-09-10T08:10:43.408Z</time>
			</trkpt>
			<trkpt lat="39.16073" lon="-1.63024">
				<ele>618.23</ele>
				<time>2026-09-10T08:10:44.247Z</time>
			</trkpt>
			<trkpt lat="39.16064" lon="-1.63044">
				<ele>617.84</ele>
				<time>2026-09-10T08:10:44.904Z</time>
			</trkpt>
			<trkpt lat="39.16039" lon="-1.63106">
				<ele>611.01</ele>
				<time>2026-09-10T08:10:46.856Z</time>
			</trkpt>
			<trkpt lat="39.16027" lon="-1.6313">
				<ele>608.99</ele>
				<time>2026-09-10T08:10:47.640Z</time>
			</trkpt>
			<trkpt lat="39.16013" lon="-1.63146">
				<ele>609.45</ele>
				<time>2026-09-10T08:10:48.296Z</time>
			</trkpt>
			<trkpt lat="39.15999" lon="-1.63157">
				<ele>610.37</ele>
				<time>2026-09-10T08:10:48.866Z</time>
			</trkpt>
			<trkpt lat="39.15985" lon="-1.63161">
				<ele>612.82</ele>
				<time>2026-09-10T08:10:49.362Z</time>
			</trkpt>
			<trkpt lat="39.15969" lon="-1.63158">
				<ele>614.97</ele>
				<time>2026-09-10T08:10:49.916Z</time>
			</trkpt>
			<trkpt lat="39.15956" lon="-1.63148">
				<ele>615.85</ele>
				<time>2026-09-10T08:10:50.432Z</time>
			</trkpt>
			<trkpt lat="39.15941" lon="-1.63131">
				<ele>614.74</ele>
				<time>2026-09-10T08:10:51.107Z</time>
			</trkpt>
			<trkpt lat="39.15933" lon="-1.63125">
				<ele>613.8</ele>
				<time>2026-09-10T08:10:51.418Z</time>
			</trkpt>
			<trkpt lat="39.15921" lon="-1.6312">
				<ele>612.93</ele>
				<time>2026-09-10T08:10:51.839Z</time>
			</trkpt>
			<trkpt lat="39.15909" lon="-1.6312">
				<ele>611.67</ele>
				<time>2026-09-10T08:10:52.238Z</time>
			</trkpt>
			<trkpt lat="39.15897" lon="-1.63126">
				<ele>610.09</ele>
				<time>2026-09-10T08:10:52.664Z</time>
			</trkpt>
			<trkpt lat="39.15826" lon="-1.63224">
				<ele>606.57</ele>
				<time>2026-09-10T08:10:56.016Z</time>
			</trkpt>
			<trkpt lat="39.15815" lon="-1.63248">
				<ele>605.45</ele>
				<time>2026-09-10T08:10:56.695Z</time>
			</trkpt>
			<trkpt lat="39.15806" lon="-1.63284">
				<ele>604.92</ele>
				<time>2026-09-10T08:10:57.606Z</time>
			</trkpt>
			<trkpt lat="39.15802" lon="-1.63316">
				<ele>606.87</ele>
				<time>2026-09-10T08:10:58.378Z</time>
			</trkpt>
			<trkpt lat="39.15798" lon="-1.63465">
				<ele>605.81</ele>
				<time>2026-09-10T08:11:01.832Z</time>
			</trkpt>
			<trkpt lat="39.15793" lon="-1.6349">
				<ele>606.95</ele>
				<time>2026-09-10T08:11:02.415Z</time>
			</trkpt>
			<trkpt lat="39.15784" lon="-1.63512">
				<ele>606.2</ele>
				<time>2026-09-10T08:11:02.973Z</time>
			</trkpt>
			<trkpt lat="39.15737" lon="-1.63585">
				<ele>599.67</ele>
				<time>2026-09-10T08:11:05.065Z</time>
			</trkpt>
			<trkpt lat="39.15727" lon="-1.63596">
				<ele>597.85</ele>
				<time>2026-09-10T08:11:05.433Z</time>
			</trkpt>
			<trkpt lat="39.15585" lon="-1.63694">
				<ele>602.15</ele>
				<time>2026-09-10T08:11:09.822Z</time>
			</trkpt>
			<trkpt lat="39.15572" lon="-1.63711">
				<ele>602.5</ele>
				<time>2026-09-10T08:11:10.314Z</time>
			</trkpt>
			<trkpt lat="39.15561" lon="-1.63733">
				<ele>603.28</ele>
				<time>2026-09-10T08:11:10.849Z</time>
			</trkpt>
			<trkpt lat="39.15543" lon="-1.63788">
				<ele>606.33</ele>
				<time>2026-09-10T08:11:12.060Z</time>
			</trkpt>
			<trkpt lat="39.15524" lon="-1.63862">
				<ele>601.88</ele>
				<time>2026-09-10T08:11:13.621Z</time>
			</trkpt>
			<trkpt lat="39.15518" lon="-1.63876">
				<ele>601.99</ele>
				<time>2026-09-10T08:11:13.939Z</time>
			</trkpt>
			<trkpt lat="39.15511" lon="-1.63887">
				<ele>601.77</ele>
				<time>2026-09-10T08:11:14.221Z</time>
			</trkpt>
			<trkpt lat="39.15498" lon="-1.63902">
				<ele>602.33</ele>
				<time>2026-09-10T08:11:14.665Z</time>
			</trkpt>
			<trkpt lat="39.1544" lon="-1.63964">
				<ele>604.58</ele>
				<time>2026-09-10T08:11:16.567Z</time>
			</trkpt>
			<trkpt lat="39.15415" lon="-1.63998">
				<ele>603.05</ele>
				<time>2026-09-10T08:11:17.475Z</time>
			</trkpt>
			<trkpt lat="39.15342" lon="-1.64126">
				<ele>604.31</ele>
				<time>2026-09-10T08:11:20.519Z</time>
			</trkpt>
			<trkpt lat="39.15327" lon="-1.64142">
				<ele>603.78</ele>
				<time>2026-09-10T08:11:20.996Z</time>
			</trkpt>
			<trkpt lat="39.15291" lon="-1.64171">
				<ele>602.39</ele>
				<time>2026-09-10T08:11:22.034Z</time>
			</trkpt>
			<trkpt lat="39.15255" lon="-1.64191">
				<ele>600.5</ele>
				<time>2026-09-10T08:11:22.989Z</time>
			</trkpt>
			<trkpt lat="39.1518" lon="-1.64215">
				<ele>598.78</ele>
				<time>2026-09-10T08:11:24.868Z</time>
			</trkpt>
			<trkpt lat="39.15146" lon="-1.64224">
				<ele>596.85</ele>
				<time>2026-09-10T08:11:25.711Z</time>
			</trkpt>
			<trkpt lat="39.15055" lon="-1.64229">
				<ele>601.85</ele>
				<time>2026-09-10T08:11:27.926Z</time>
			</trkpt>
			<trkpt lat="39.15039" lon="-1.64233">
				<ele>600.77</ele>
				<time>2026-09-10T08:11:28.323Z</time>
			</trkpt>
			<trkpt lat="39.15015" lon="-1.6425">
				<ele>600.13</ele>
				<time>2026-09-10T08:11:28.991Z</time>
			</trkpt>
			<trkpt lat="39.14995" lon="-1.6428">
				<ele>600.35</ele>
				<time>2026-09-10T08:11:29.742Z</time>
			</trkpt>
			<trkpt lat="39.14982" lon="-1.64325">
				<ele>600.11</ele>
				<time>2026-09-10T08:11:30.655Z</time>
			</trkpt>
			<trkpt lat="39.1493" lon="-1.64558">
				<ele>598</ele>
				<time>2026-09-10T08:11:35.334Z</time>
			</trkpt>
			<trkpt lat="39.14917" lon="-1.64608">
				<ele>597.96</ele>
				<time>2026-09-10T08:11:36.371Z</time>
			</trkpt>
			<trkpt lat="39.14897" lon="-1.64664">
				<ele>599.07</ele>
				<time>2026-09-10T08:11:37.596Z</time>
			</trkpt>
			<trkpt lat="39.14839" lon="-1.64801">
				<ele>602.95</ele>
				<time>2026-09-10T08:11:40.759Z</time>
			</trkpt>
			<trkpt lat="39.14823" lon="-1.64832">
				<ele>603.78</ele>
				<time>2026-09-10T08:11:41.529Z</time>
			</trkpt>
			<trkpt lat="39.14787" lon="-1.64891">
				<ele>603.5</ele>
				<time>2026-09-10T08:11:43.100Z</time>
			</trkpt>
			<trkpt lat="39.14766" lon="-1.64915">
				<ele>604.03</ele>
				<time>2026-09-10T08:11:43.868Z</time>
			</trkpt>
			<trkpt lat="39.14708" lon="-1.64973">
				<ele>606.46</ele>
				<time>2026-09-10T08:11:45.908Z</time>
			</trkpt>
			<trkpt lat="39.14682" lon="-1.65006">
				<ele>605.88</ele>
				<time>2026-09-10T08:11:46.942Z</time>
			</trkpt>
			<trkpt lat="39.14676" lon="-1.65024">
				<ele>605.31</ele>
				<time>2026-09-10T08:11:47.376Z</time>
			</trkpt>
			<trkpt lat="39.14677" lon="-1.65043">
				<ele>604.34</ele>
				<time>2026-09-10T08:11:47.800Z</time>
			</trkpt>
			<trkpt lat="39.14683" lon="-1.65057">
				<ele>603.78</ele>
				<time>2026-09-10T08:11:48.158Z</time>
			</trkpt>
			<trkpt lat="39.14689" lon="-1.65065">
				<ele>604.13</ele>
				<time>2026-09-10T08:11:48.408Z</time>
			</trkpt>
			<trkpt lat="39.14708" lon="-1.65079">
				<ele>604.76</ele>
				<time>2026-09-10T08:11:49.046Z</time>
			</trkpt>
			<trkpt lat="39.14758" lon="-1.65109">
				<ele>607.14</ele>
				<time>2026-09-10T08:11:50.677Z</time>
			</trkpt>
			<trkpt lat="39.14783" lon="-1.65122">
				<ele>607.46</ele>
				<time>2026-09-10T08:11:51.487Z</time>
			</trkpt>
			<trkpt lat="39.14827" lon="-1.65141">
				<ele>608.36</ele>
				<time>2026-09-10T08:11:52.901Z</time>
			</trkpt>
			<trkpt lat="39.14853" lon="-1.65159">
				<ele>608.86</ele>
				<time>2026-09-10T08:11:53.815Z</time>
			</trkpt>
			<trkpt lat="39.149" lon="-1.65221">
				<ele>607.41</ele>
				<time>2026-09-10T08:11:55.938Z</time>
			</trkpt>
			<trkpt lat="39.14985" lon="-1.65327">
				<ele>606.83</ele>
				<time>2026-09-10T08:11:59.824Z</time>
			</trkpt>
			<trkpt lat="39.15004" lon="-1.65355">
				<ele>606.73</ele>
				<time>2026-09-10T08:12:00.803Z</time>
			</trkpt>
			<trkpt lat="39.15037" lon="-1.6541">
				<ele>603.08</ele>
				<time>2026-09-10T08:12:02.668Z</time>
			</trkpt>
			<trkpt lat="39.15116" lon="-1.65533">
				<ele>602.87</ele>
				<time>2026-09-10T08:12:07.129Z</time>
			</trkpt>
			<trkpt lat="39.15147" lon="-1.65604">
				<ele>600.58</ele>
				<time>2026-09-10T08:12:09.508Z</time>
			</trkpt>
			<trkpt lat="39.15157" lon="-1.6564">
				<ele>598.94</ele>
				<time>2026-09-10T08:12:10.649Z</time>
			</trkpt>
			<trkpt lat="39.15158" lon="-1.65655">
				<ele>598.01</ele>
				<time>2026-09-10T08:12:11.103Z</time>
			</trkpt>
			<trkpt lat="39.15158" lon="-1.65699">
				<ele>598.26</ele>
				<time>2026-09-10T08:12:12.443Z</time>
			</trkpt>
			<trkpt lat="39.15169" lon="-1.65751">
				<ele>600</ele>
				<time>2026-09-10T08:12:14.116Z</time>
			</trkpt>
			<trkpt lat="39.15171" lon="-1.65769">
				<ele>600</ele>
				<time>2026-09-10T08:12:14.688Z</time>
			</trkpt>
			<trkpt lat="39.15174" lon="-1.65914">
				<ele>601.22</ele>
				<time>2026-09-10T08:12:19.396Z</time>
			</trkpt>
			<trkpt lat="39.15176" lon="-1.65942">
				<ele>601.11</ele>
				<time>2026-09-10T08:12:20.339Z</time>
			</trkpt>
			<trkpt lat="39.1518" lon="-1.65959">
				<ele>601.45</ele>
				<time>2026-09-10T08:12:20.940Z</time>
			</trkpt>
			<trkpt lat="39.152" lon="-1.66017">
				<ele>603.57</ele>
				<time>2026-09-10T08:12:23.121Z</time>
			</trkpt>
			<trkpt lat="39.15202" lon="-1.66034">
				<ele>603.55</ele>
				<time>2026-09-10T08:12:23.721Z</time>
			</trkpt>
			<trkpt lat="39.15197" lon="-1.66074">
				<ele>604.45</ele>
				<time>2026-09-10T08:12:25.151Z</time>
			</trkpt>
			<trkpt lat="39.15177" lon="-1.66189">
				<ele>601.79</ele>
				<time>2026-09-10T08:12:29.438Z</time>
			</trkpt>
			<trkpt lat="39.15176" lon="-1.66211">
				<ele>602.76</ele>
				<time>2026-09-10T08:12:30.262Z</time>
			</trkpt>
			<trkpt lat="39.15178" lon="-1.66239">
				<ele>603.67</ele>
				<time>2026-09-10T08:12:31.323Z</time>
			</trkpt>
			<trkpt lat="39.15173" lon="-1.66253">
				<ele>602.92</ele>
				<time>2026-09-10T08:12:31.909Z</time>
			</trkpt>
			<trkpt lat="39.15149" lon="-1.66289">
				<ele>601.78</ele>
				<time>2026-09-10T08:12:33.737Z</time>
			</trkpt>
			<trkpt lat="39.15145" lon="-1.663">
				<ele>602.6</ele>
				<time>2026-09-10T08:12:34.211Z</time>
			</trkpt>
			<trkpt lat="39.15142" lon="-1.66316">
				<ele>604.13</ele>
				<time>2026-09-10T08:12:34.856Z</time>
			</trkpt>
			<trkpt lat="39.15137" lon="-1.6642">
				<ele>605.93</ele>
				<time>2026-09-10T08:12:39.033Z</time>
			</trkpt>
			<trkpt lat="39.15129" lon="-1.66507">
				<ele>606.75</ele>
				<time>2026-09-10T08:12:42.677Z</time>
			</trkpt>
			<trkpt lat="39.15124" lon="-1.66522">
				<ele>606.99</ele>
				<time>2026-09-10T08:12:43.370Z</time>
			</trkpt>
			<trkpt lat="39.1511" lon="-1.66552">
				<ele>609.28</ele>
				<time>2026-09-10T08:12:44.870Z</time>
			</trkpt>
			<trkpt lat="39.15084" lon="-1.66603">
				<ele>609.65</ele>
				<time>2026-09-10T08:12:47.534Z</time>
			</trkpt>
			<trkpt lat="39.15075" lon="-1.66623">
				<ele>608.82</ele>
				<time>2026-09-10T08:12:48.559Z</time>
			</trkpt>
			<trkpt lat="39.15066" lon="-1.66645">
				<ele>607.93</ele>
				<time>2026-09-10T08:12:49.672Z</time>
			</trkpt>
			<trkpt lat="39.15048" lon="-1.66706">
				<ele>605.99</ele>
				<time>2026-09-10T08:12:52.644Z</time>
			</trkpt>
			<trkpt lat="39.15042" lon="-1.66721">
				<ele>605.59</ele>
				<time>2026-09-10T08:12:53.424Z</time>
			</trkpt>
			<trkpt lat="39.15013" lon="-1.66781">
				<ele>602.26</ele>
				<time>2026-09-10T08:12:56.748Z</time>
			</trkpt>
			<trkpt lat="39.14996" lon="-1.66823">
				<ele>606.52</ele>
				<time>2026-09-10T08:12:59.025Z</time>
			</trkpt>
			<trkpt lat="39.14971" lon="-1.66914">
				<ele>606.39</ele>
				<time>2026-09-10T08:13:03.792Z</time>
			</trkpt>
			<trkpt lat="39.14956" lon="-1.66996">
				<ele>609.36</ele>
				<time>2026-09-10T08:13:08.095Z</time>
			</trkpt>
			<trkpt lat="39.14914" lon="-1.67123">
				<ele>610.81</ele>
				<time>2026-09-10T08:13:15.443Z</time>
			</trkpt>
			<trkpt lat="39.1487" lon="-1.67237">
				<ele>607.93</ele>
				<time>2026-09-10T08:13:22.557Z</time>
			</trkpt>
			<trkpt lat="39.14858" lon="-1.6726">
				<ele>607.33</ele>
				<time>2026-09-10T08:13:24.150Z</time>
			</trkpt>
			<trkpt lat="39.14818" lon="-1.67324">
				<ele>608.35</ele>
				<time>2026-09-10T08:13:28.968Z</time>
			</trkpt>
			<trkpt lat="39.14739" lon="-1.67433">
				<ele>607.65</ele>
				<time>2026-09-10T08:13:38.081Z</time>
			</trkpt>
			<trkpt lat="39.1471" lon="-1.6748">
				<ele>606.55</ele>
				<time>2026-09-10T08:13:41.889Z</time>
			</trkpt>
			<trkpt lat="39.14687" lon="-1.67524">
				<ele>606.11</ele>
				<time>2026-09-10T08:13:45.319Z</time>
			</trkpt>
			<trkpt lat="39.14678" lon="-1.67531">
				<ele>605.28</ele>
				<time>2026-09-10T08:13:46.206Z</time>
			</trkpt>
			<trkpt lat="39.14627" lon="-1.67555">
				<ele>601.35</ele>
				<time>2026-09-10T08:13:50.852Z</time>
			</trkpt>
			<trkpt lat="39.14519" lon="-1.67617">
				<ele>606.7</ele>
				<time>2026-09-10T08:14:01.366Z</time>
			</trkpt>
			<trkpt lat="39.14508" lon="-1.67619">
				<ele>607.45</ele>
				<time>2026-09-10T08:14:02.383Z</time>
			</trkpt>
			<trkpt lat="39.14464" lon="-1.6761">
				<ele>606.2</ele>
				<time>2026-09-10T08:14:06.509Z</time>
			</trkpt>
			<trkpt lat="39.14319" lon="-1.67621">
				<ele>604.92</ele>
				<time>2026-09-10T08:14:20.529Z</time>
			</trkpt>
			<trkpt lat="39.14253" lon="-1.67635">
				<ele>604.68</ele>
				<time>2026-09-10T08:14:27.284Z</time>
			</trkpt>
			<trkpt lat="39.14237" lon="-1.67633">
				<ele>604.27</ele>
				<time>2026-09-10T08:14:28.936Z</time>
			</trkpt>
			<trkpt lat="39.14228" lon="-1.67627">
				<ele>603.64</ele>
				<time>2026-09-10T08:14:29.983Z</time>
			</trkpt>
			<trkpt lat="39.14219" lon="-1.67617">
				<ele>602.64</ele>
				<time>2026-09-10T08:14:31.217Z</time>
			</trkpt>
			<trkpt lat="39.14188" lon="-1.67568">
				<ele>598.91</ele>
				<time>2026-09-10T08:14:36.374Z</time>
			</trkpt>
			<trkpt lat="39.14175" lon="-1.67543">
				<ele>596.83</ele>
				<time>2026-09-10T08:14:38.866Z</time>
			</trkpt>
			<trkpt lat="39.14168" lon="-1.67506">
				<ele>594.58</ele>
				<time>2026-09-10T08:14:42.055Z</time>
			</trkpt>
			<trkpt lat="39.14163" lon="-1.6744">
				<ele>597.62</ele>
				<time>2026-09-10T08:14:47.700Z</time>
			</trkpt>
			<trkpt lat="39.14159" lon="-1.67414">
				<ele>600.44</ele>
				<time>2026-09-10T08:14:49.990Z</time>
			</trkpt>
			<trkpt lat="39.14145" lon="-1.67379">
				<ele>603.65</ele>
				<time>2026-09-10T08:14:53.428Z</time>
			</trkpt>
			<trkpt lat="39.14136" lon="-1.67362">
				<ele>604.92</ele>
				<time>2026-09-10T08:14:55.242Z</time>
			</trkpt>
			<trkpt lat="39.14129" lon="-1.67353">
				<ele>607.24</ele>
				<time>2026-09-10T08:14:56.371Z</time>
			</trkpt>
			<trkpt lat="39.14104" lon="-1.67329">
				<ele>613.29</ele>
				<time>2026-09-10T08:14:59.962Z</time>
			</trkpt>
			<trkpt lat="39.14095" lon="-1.67323">
				<ele>614.74</ele>
				<time>2026-09-10T08:15:01.139Z</time>
			</trkpt>
			<trkpt lat="39.14081" lon="-1.67319">
				<ele>616.3</ele>
				<time>2026-09-10T08:15:02.813Z</time>
			</trkpt>
			<trkpt lat="39.14072" lon="-1.6732">
				<ele>618.23</ele>
				<time>2026-09-10T08:15:03.872Z</time>
			</trkpt>
			<trkpt lat="39.14058" lon="-1.67334">
				<ele>618.19</ele>
				<time>2026-09-10T08:15:05.961Z</time>
			</trkpt>
			<trkpt lat="39.14035" lon="-1.67371">
				<ele>618.39</ele>
				<time>2026-09-10T08:15:10.345Z</time>
			</trkpt>
			<trkpt lat="39.14022" lon="-1.67386">
				<ele>618.02</ele>
				<time>2026-09-10T08:15:12.448Z</time>
			</trkpt>
			<trkpt lat="39.14007" lon="-1.67398">
				<ele>618.3</ele>
				<time>2026-09-10T08:15:14.590Z</time>
			</trkpt>
			<trkpt lat="39.13987" lon="-1.67405">
				<ele>620.76</ele>
				<time>2026-09-10T08:15:17.124Z</time>
			</trkpt>
			<trkpt lat="39.13975" lon="-1.67412">
				<ele>621.72</ele>
				<time>2026-09-10T08:15:18.745Z</time>
			</trkpt>
			<trkpt lat="39.13966" lon="-1.67419">
				<ele>621.97</ele>
				<time>2026-09-10T08:15:20.045Z</time>
			</trkpt>
			<trkpt lat="39.13935" lon="-1.67455">
				<ele>625.83</ele>
				<time>2026-09-10T08:15:25.258Z</time>
			</trkpt>
			<trkpt lat="39.13919" lon="-1.67472">
				<ele>629.27</ele>
				<time>2026-09-10T08:15:27.881Z</time>
			</trkpt>
			<trkpt lat="39.13901" lon="-1.67486">
				<ele>629.91</ele>
				<time>2026-09-10T08:15:30.562Z</time>
			</trkpt>
			<trkpt lat="39.13881" lon="-1.67494">
				<ele>631.78</ele>
				<time>2026-09-10T08:15:33.254Z</time>
			</trkpt>
			<trkpt lat="39.13806" lon="-1.67497">
				<ele>641</ele>
				<time>2026-09-10T08:15:43.083Z</time>
			</trkpt>
			<trkpt lat="39.13777" lon="-1.67504">
				<ele>643.29</ele>
				<time>2026-09-10T08:15:47.026Z</time>
			</trkpt>
			<trkpt lat="39.13762" lon="-1.67512">
				<ele>645.76</ele>
				<time>2026-09-10T08:15:49.214Z</time>
			</trkpt>
			<trkpt lat="39.13719" lon="-1.67504">
				<ele>654.31</ele>
				<time>2026-09-10T08:15:55.138Z</time>
			</trkpt>
			<trkpt lat="39.13717" lon="-1.67531">
				<ele>655.71</ele>
				<time>2026-09-10T08:15:58.042Z</time>
			</trkpt>
			<trkpt lat="39.1371" lon="-1.67532">
				<ele>656.58</ele>
				<time>2026-09-10T08:15:59.019Z</time>
			</trkpt>
			<trkpt lat="39.13701" lon="-1.67539">
				<ele>658.24</ele>
				<time>2026-09-10T08:16:00.483Z</time>
			</trkpt>
			<trkpt lat="39.13677" lon="-1.67538">
				<ele>660.94</ele>
				<time>2026-09-10T08:16:03.848Z</time>
			</trkpt>
			<trkpt lat="39.13676" lon="-1.67545">
				<ele>661.78</ele>
				<time>2026-09-10T08:16:04.626Z</time>
			</trkpt>
			<trkpt lat="39.13665" lon="-1.6754">
				<ele>662.44</ele>
				<time>2026-09-10T08:16:06.274Z</time>
			</trkpt>
			<trkpt lat="39.13661" lon="-1.67541">
				<ele>662.89</ele>
				<time>2026-09-10T08:16:06.852Z</time>
			</trkpt>
			<trkpt lat="39.13644" lon="-1.67587">
				<ele>668.75</ele>
				<time>2026-09-10T08:16:12.989Z</time>
			</trkpt>
			<trkpt lat="39.1364" lon="-1.6759">
				<ele>669.11</ele>
				<time>2026-09-10T08:16:15.773Z</time>
			</trkpt>
			<trkpt lat="39.13618" lon="-1.6759">
				<ele>669.05</ele>
				<time>2026-09-10T08:16:39.772Z</time>
			</trkpt>
			<trkpt lat="39.13624" lon="-1.67645">
				<ele>669.37</ele>
				<time>2026-09-10T08:16:55.468Z</time>
			</trkpt>
			<trkpt lat="39.13626" lon="-1.67693">
				<ele>668.58</ele>
				<time>2026-09-10T08:17:02.332Z</time>
			</trkpt>
			<trkpt lat="39.13618" lon="-1.67692">
				<ele>668.34</ele>
				<time>2026-09-10T08:17:03.812Z</time>
			</trkpt>
			<trkpt lat="39.13601" lon="-1.67687">
				<ele>668.28</ele>
				<time>2026-09-10T08:17:07.022Z</time>
			</trkpt>
			<trkpt lat="39.13581" lon="-1.67678">
				<ele>668.57</ele>
				<time>2026-09-10T08:17:10.923Z</time>
			</trkpt>
			<trkpt lat="39.13571" lon="-1.67674">
				<ele>668.86</ele>
				<time>2026-09-10T08:17:12.851Z</time>
			</trkpt>
			<trkpt lat="39.13574" lon="-1.67664">
				<ele>669</ele>
				<time>2026-09-10T08:17:14.382Z</time>
			</trkpt>
			<trkpt lat="39.13575" lon="-1.67652">
				<ele>669</ele>
				<time>2026-09-10T08:17:16.106Z</time>
			</trkpt>
			<trkpt lat="39.13574" lon="-1.67641">
				<ele>669</ele>
				<time>2026-09-10T08:17:17.688Z</time>
			</trkpt>
			<trkpt lat="39.13571" lon="-1.6763">
				<ele>668.67</ele>
				<time>2026-09-10T08:17:19.353Z</time>
			</trkpt>
			<trkpt lat="39.13556" lon="-1.67595">
				<ele>668</ele>
				<time>2026-09-10T08:17:25.063Z</time>
			</trkpt>
			<trkpt lat="39.13549" lon="-1.67539">
				<ele>667.78</ele>
				<time>2026-09-10T08:17:33.163Z</time>
			</trkpt>
			<trkpt lat="39.13544" lon="-1.67475">
				<ele>667.97</ele>
				<time>2026-09-10T08:17:42.348Z</time>
			</trkpt>
			<trkpt lat="39.13545" lon="-1.67458">
				<ele>667.48</ele>
				<time>2026-09-10T08:17:44.781Z</time>
			</trkpt>
			<trkpt lat="39.13541" lon="-1.67466">
				<ele>667.76</ele>
				<time>2026-09-10T08:17:46.140Z</time>
			</trkpt>
			<trkpt lat="39.13537" lon="-1.67467">
				<ele>667.78</ele>
				<time>2026-09-10T08:17:46.890Z</time>
			</trkpt>
			<trkpt lat="39.13494" lon="-1.67467">
				<ele>667.15</ele>
				<time>2026-09-10T08:17:54.805Z</time>
			</trkpt>
			<trkpt lat="39.13458" lon="-1.67462">
				<ele>667.8</ele>
				<time>2026-09-10T08:18:01.473Z</time>
			</trkpt>
			<trkpt lat="39.13463" lon="-1.67422">
				<ele>667.05</ele>
				<time>2026-09-10T08:18:07.260Z</time>
			</trkpt>
			<trkpt lat="39.13431" lon="-1.67399">
				<ele>667.3</ele>
				<time>2026-09-10T08:18:14.007Z</time>
			</trkpt>
			<trkpt lat="39.13416" lon="-1.67388">
				<ele>667.99</ele>
				<time>2026-09-10T08:18:17.184Z</time>
			</trkpt>
			<trkpt lat="39.13413" lon="-1.67361">
				<ele>667.89</ele>
				<time>2026-09-10T08:18:21.080Z</time>
			</trkpt>
			<trkpt lat="39.13372" lon="-1.67128">
				<ele>662.41</ele>
				<time>2026-09-10T08:18:52.032Z</time>
			</trkpt>
			<trkpt lat="39.13304" lon="-1.66745">
				<ele>654.85</ele>
				<time>2026-09-10T08:19:23.588Z</time>
			</trkpt>
			<trkpt lat="39.13281" lon="-1.66629">
				<ele>653</ele>
				<time>2026-09-10T08:19:32.766Z</time>
			</trkpt>
			<trkpt lat="39.13271" lon="-1.6658">
				<ele>654.23</ele>
				<time>2026-09-10T08:19:36.590Z</time>
			</trkpt>
			<trkpt lat="39.13258" lon="-1.66534">
				<ele>654.67</ele>
				<time>2026-09-10T08:19:40.252Z</time>
			</trkpt>
			<trkpt lat="39.13124" lon="-1.661">
				<ele>656.73</ele>
				<time>2026-09-10T08:20:13.586Z</time>
			</trkpt>
			<trkpt lat="39.13116" lon="-1.66067">
				<ele>658.24</ele>
				<time>2026-09-10T08:20:15.941Z</time>
			</trkpt>
			<trkpt lat="39.13109" lon="-1.6602">
				<ele>660.06</ele>
				<time>2026-09-10T08:20:19.177Z</time>
			</trkpt>
			<trkpt lat="39.13098" lon="-1.65747">
				<ele>662.5</ele>
				<time>2026-09-10T08:20:37.120Z</time>
			</trkpt>
			<trkpt lat="39.13092" lon="-1.65697">
				<ele>663.91</ele>
				<time>2026-09-10T08:20:40.343Z</time>
			</trkpt>
			<trkpt lat="39.13082" lon="-1.65665">
				<ele>662.81</ele>
				<time>2026-09-10T08:20:42.523Z</time>
			</trkpt>
			<trkpt lat="39.13072" lon="-1.65645">
				<ele>661.01</ele>
				<time>2026-09-10T08:20:44.019Z</time>
			</trkpt>
			<trkpt lat="39.13058" lon="-1.65621">
				<ele>659.52</ele>
				<time>2026-09-10T08:20:45.897Z</time>
			</trkpt>
			<trkpt lat="39.1277" lon="-1.65182">
				<ele>657.01</ele>
				<time>2026-09-10T08:21:19.923Z</time>
			</trkpt>
			<trkpt lat="39.12758" lon="-1.65157">
				<ele>656.29</ele>
				<time>2026-09-10T08:21:21.568Z</time>
			</trkpt>
			<trkpt lat="39.12751" lon="-1.65139">
				<ele>656.05</ele>
				<time>2026-09-10T08:21:22.690Z</time>
			</trkpt>
			<trkpt lat="39.12744" lon="-1.65112">
				<ele>655.99</ele>
				<time>2026-09-10T08:21:24.269Z</time>
			</trkpt>
			<trkpt lat="39.12608" lon="-1.6451">
				<ele>644.93</ele>
				<time>2026-09-10T08:21:57.050Z</time>
			</trkpt>
			<trkpt lat="39.12604" lon="-1.64485">
				<ele>644.76</ele>
				<time>2026-09-10T08:21:58.308Z</time>
			</trkpt>
			<trkpt lat="39.12603" lon="-1.6442">
				<ele>644.28</ele>
				<time>2026-09-10T08:22:01.486Z</time>
			</trkpt>
			<trkpt lat="39.12597" lon="-1.64394">
				<ele>644.47</ele>
				<time>2026-09-10T08:22:02.802Z</time>
			</trkpt>
			<trkpt lat="39.12587" lon="-1.64361">
				<ele>643.97</ele>
				<time>2026-09-10T08:22:04.511Z</time>
			</trkpt>
			<trkpt lat="39.12579" lon="-1.64341">
				<ele>643.26</ele>
				<time>2026-09-10T08:22:05.590Z</time>
			</trkpt>
			<trkpt lat="39.12573" lon="-1.6433">
				<ele>642.86</ele>
				<time>2026-09-10T08:22:06.234Z</time>
			</trkpt>
			<trkpt lat="39.12567" lon="-1.64323">
				<ele>642.61</ele>
				<time>2026-09-10T08:22:06.732Z</time>
			</trkpt>
			<trkpt lat="39.12553" lon="-1.64316">
				<ele>642.23</ele>
				<time>2026-09-10T08:22:07.653Z</time>
			</trkpt>
			<trkpt lat="39.12525" lon="-1.64313">
				<ele>640.45</ele>
				<time>2026-09-10T08:22:09.369Z</time>
			</trkpt>
			<trkpt lat="39.12512" lon="-1.64306">
				<ele>639.46</ele>
				<time>2026-09-10T08:22:10.225Z</time>
			</trkpt>
			<trkpt lat="39.1249" lon="-1.64282">
				<ele>636.93</ele>
				<time>2026-09-10T08:22:11.969Z</time>
			</trkpt>
			<trkpt lat="39.12442" lon="-1.64204">
				<ele>633.17</ele>
				<time>2026-09-10T08:22:16.587Z</time>
			</trkpt>
			<trkpt lat="39.1244" lon="-1.64197">
				<ele>633.39</ele>
				<time>2026-09-10T08:22:16.930Z</time>
			</trkpt>
			<trkpt lat="39.1244" lon="-1.64174">
				<ele>631.22</ele>
				<time>2026-09-10T08:22:17.984Z</time>
			</trkpt>
			<trkpt lat="39.12437" lon="-1.64157">
				<ele>630.3</ele>
				<time>2026-09-10T08:22:18.780Z</time>
			</trkpt>
			<trkpt lat="39.12386" lon="-1.63986">
				<ele>627.12</ele>
				<time>2026-09-10T08:22:27.008Z</time>
			</trkpt>
			<trkpt lat="39.12387" lon="-1.63974">
				<ele>627.05</ele>
				<time>2026-09-10T08:22:27.541Z</time>
			</trkpt>
			<trkpt lat="39.1239" lon="-1.63963">
				<ele>626.95</ele>
				<time>2026-09-10T08:22:28.056Z</time>
			</trkpt>
			<trkpt lat="39.12428" lon="-1.63878">
				<ele>628.78</ele>
				<time>2026-09-10T08:22:32.342Z</time>
			</trkpt>
			<trkpt lat="39.1243" lon="-1.6385">
				<ele>629.2</ele>
				<time>2026-09-10T08:22:33.558Z</time>
			</trkpt>
			<trkpt lat="39.12428" lon="-1.63835">
				<ele>629.55</ele>
				<time>2026-09-10T08:22:34.214Z</time>
			</trkpt>
			<trkpt lat="39.12412" lon="-1.63797">
				<ele>630.04</ele>
				<time>2026-09-10T08:22:36.068Z</time>
			</trkpt>
			<trkpt lat="39.12403" lon="-1.63784">
				<ele>630.38</ele>
				<time>2026-09-10T08:22:36.811Z</time>
			</trkpt>
			<trkpt lat="39.12386" lon="-1.63763">
				<ele>631.48</ele>
				<time>2026-09-10T08:22:38.102Z</time>
			</trkpt>
			<trkpt lat="39.12373" lon="-1.63742">
				<ele>631.47</ele>
				<time>2026-09-10T08:22:39.239Z</time>
			</trkpt>
			<trkpt lat="39.12362" lon="-1.63712">
				<ele>632.33</ele>
				<time>2026-09-10T08:22:40.636Z</time>
			</trkpt>
			<trkpt lat="39.12334" lon="-1.63612">
				<ele>634.99</ele>
				<time>2026-09-10T08:22:45.064Z</time>
			</trkpt>
			<trkpt lat="39.12327" lon="-1.63581">
				<ele>636.82</ele>
				<time>2026-09-10T08:22:46.394Z</time>
			</trkpt>
			<trkpt lat="39.12327" lon="-1.63548">
				<ele>639.14</ele>
				<time>2026-09-10T08:22:47.746Z</time>
			</trkpt>
			<trkpt lat="39.12332" lon="-1.63535">
				<ele>640.44</ele>
				<time>2026-09-10T08:22:48.339Z</time>
			</trkpt>
			<trkpt lat="39.12338" lon="-1.63523">
				<ele>640.59</ele>
				<time>2026-09-10T08:22:48.921Z</time>
			</trkpt>
			<trkpt lat="39.12352" lon="-1.63505">
				<ele>639.6</ele>
				<time>2026-09-10T08:22:49.956Z</time>
			</trkpt>
			<trkpt lat="39.12365" lon="-1.63492">
				<ele>639.39</ele>
				<time>2026-09-10T08:22:50.815Z</time>
			</trkpt>
			<trkpt lat="39.12371" lon="-1.63481">
				<ele>639.47</ele>
				<time>2026-09-10T08:22:51.358Z</time>
			</trkpt>
			<trkpt lat="39.12375" lon="-1.63468">
				<ele>639.57</ele>
				<time>2026-09-10T08:22:51.921Z</time>
			</trkpt>
			<trkpt lat="39.12374" lon="-1.63453">
				<ele>639.95</ele>
				<time>2026-09-10T08:22:52.526Z</time>
			</trkpt>
			<trkpt lat="39.12371" lon="-1.63435">
				<ele>640.33</ele>
				<time>2026-09-10T08:22:53.264Z</time>
			</trkpt>
			<trkpt lat="39.12363" lon="-1.63408">
				<ele>641.1</ele>
				<time>2026-09-10T08:22:54.419Z</time>
			</trkpt>
			<trkpt lat="39.12357" lon="-1.63372">
				<ele>643.08</ele>
				<time>2026-09-10T08:22:55.883Z</time>
			</trkpt>
			<trkpt lat="39.12353" lon="-1.63329">
				<ele>644.76</ele>
				<time>2026-09-10T08:22:57.595Z</time>
			</trkpt>
			<trkpt lat="39.12346" lon="-1.63302">
				<ele>645.02</ele>
				<time>2026-09-10T08:22:58.714Z</time>
			</trkpt>
			<trkpt lat="39.12327" lon="-1.63239">
				<ele>646.29</ele>
				<time>2026-09-10T08:23:01.353Z</time>
			</trkpt>
			<trkpt lat="39.12323" lon="-1.63217">
				<ele>646.9</ele>
				<time>2026-09-10T08:23:02.230Z</time>
			</trkpt>
			<trkpt lat="39.12322" lon="-1.63168">
				<ele>648.38</ele>
				<time>2026-09-10T08:23:04.121Z</time>
			</trkpt>
			<trkpt lat="39.1232" lon="-1.63152">
				<ele>648.73</ele>
				<time>2026-09-10T08:23:04.744Z</time>
			</trkpt>
			<trkpt lat="39.12313" lon="-1.63135">
				<ele>649.32</ele>
				<time>2026-09-10T08:23:05.481Z</time>
			</trkpt>
			<trkpt lat="39.1228" lon="-1.63085">
				<ele>649.87</ele>
				<time>2026-09-10T08:23:07.982Z</time>
			</trkpt>
			<trkpt lat="39.12267" lon="-1.63067">
				<ele>649.84</ele>
				<time>2026-09-10T08:23:08.913Z</time>
			</trkpt>
			<trkpt lat="39.12251" lon="-1.63051">
				<ele>649.99</ele>
				<time>2026-09-10T08:23:09.898Z</time>
			</trkpt>
			<trkpt lat="39.12236" lon="-1.63042">
				<ele>650.74</ele>
				<time>2026-09-10T08:23:10.700Z</time>
			</trkpt>
			<trkpt lat="39.12169" lon="-1.6302">
				<ele>653.24</ele>
				<time>2026-09-10T08:23:14.026Z</time>
			</trkpt>
			<trkpt lat="39.12149" lon="-1.63008">
				<ele>652.92</ele>
				<time>2026-09-10T08:23:15.080Z</time>
			</trkpt>
			<trkpt lat="39.12095" lon="-1.62944">
				<ele>654.61</ele>
				<time>2026-09-10T08:23:18.554Z</time>
			</trkpt>
			<trkpt lat="39.12085" lon="-1.62928">
				<ele>655.55</ele>
				<time>2026-09-10T08:23:19.304Z</time>
			</trkpt>
			<trkpt lat="39.12076" lon="-1.62907">
				<ele>656.41</ele>
				<time>2026-09-10T08:23:20.177Z</time>
			</trkpt>
			<trkpt lat="39.12063" lon="-1.62849">
				<ele>660.46</ele>
				<time>2026-09-10T08:23:22.362Z</time>
			</trkpt>
			<trkpt lat="39.12059" lon="-1.62825">
				<ele>661.5</ele>
				<time>2026-09-10T08:23:23.245Z</time>
			</trkpt>
			<trkpt lat="39.12059" lon="-1.62802">
				<ele>662.02</ele>
				<time>2026-09-10T08:23:24.071Z</time>
			</trkpt>
			<trkpt lat="39.12062" lon="-1.62785">
				<ele>663.23</ele>
				<time>2026-09-10T08:23:24.696Z</time>
			</trkpt>
			<trkpt lat="39.12068" lon="-1.6276">
				<ele>665.54</ele>
				<time>2026-09-10T08:23:25.630Z</time>
			</trkpt>
			<trkpt lat="39.12069" lon="-1.62741">
				<ele>666.49</ele>
				<time>2026-09-10T08:23:26.309Z</time>
			</trkpt>
			<trkpt lat="39.12068" lon="-1.62717">
				<ele>666.51</ele>
				<time>2026-09-10T08:23:27.163Z</time>
			</trkpt>
			<trkpt lat="39.12065" lon="-1.62689">
				<ele>666.36</ele>
				<time>2026-09-10T08:23:28.165Z</time>
			</trkpt>
			<trkpt lat="39.12061" lon="-1.62667">
				<ele>666.19</ele>
				<time>2026-09-10T08:23:28.963Z</time>
			</trkpt>
			<trkpt lat="39.12054" lon="-1.62649">
				<ele>665.96</ele>
				<time>2026-09-10T08:23:29.673Z</time>
			</trkpt>
			<trkpt lat="39.12006" lon="-1.62559">
				<ele>665.11</ele>
				<time>2026-09-10T08:23:33.495Z</time>
			</trkpt>
			<trkpt lat="39.11999" lon="-1.62541">
				<ele>666.11</ele>
				<time>2026-09-10T08:23:34.195Z</time>
			</trkpt>
			<trkpt lat="39.11997" lon="-1.62525">
				<ele>667.1</ele>
				<time>2026-09-10T08:23:34.757Z</time>
			</trkpt>
			<trkpt lat="39.12007" lon="-1.62339">
				<ele>669.12</ele>
				<time>2026-09-10T08:23:41.159Z</time>
			</trkpt>
			<trkpt lat="39.11999" lon="-1.61957">
				<ele>671.99</ele>
				<time>2026-09-10T08:23:53.946Z</time>
			</trkpt>
			<trkpt lat="39.11996" lon="-1.61642">
				<ele>673.74</ele>
				<time>2026-09-10T08:24:04.221Z</time>
			</trkpt>
			<trkpt lat="39.11993" lon="-1.61613">
				<ele>674.93</ele>
				<time>2026-09-10T08:24:05.166Z</time>
			</trkpt>
			<trkpt lat="39.11986" lon="-1.61575">
				<ele>674.49</ele>
				<time>2026-09-10T08:24:06.425Z</time>
			</trkpt>
			<trkpt lat="39.11977" lon="-1.61555">
				<ele>674.22</ele>
				<time>2026-09-10T08:24:07.169Z</time>
			</trkpt>
			<trkpt lat="39.11963" lon="-1.61536">
				<ele>674.66</ele>
				<time>2026-09-10T08:24:08.012Z</time>
			</trkpt>
			<trkpt lat="39.11912" lon="-1.61506">
				<ele>673.53</ele>
				<time>2026-09-10T08:24:10.329Z</time>
			</trkpt>
			<trkpt lat="39.11899" lon="-1.61495">
				<ele>672.07</ele>
				<time>2026-09-10T08:24:10.971Z</time>
			</trkpt>
			<trkpt lat="39.11889" lon="-1.61473">
				<ele>670.08</ele>
				<time>2026-09-10T08:24:11.787Z</time>
			</trkpt>
			<trkpt lat="39.11887" lon="-1.61443">
				<ele>671.76</ele>
				<time>2026-09-10T08:24:12.749Z</time>
			</trkpt>
			<trkpt lat="39.11888" lon="-1.61426">
				<ele>671.88</ele>
				<time>2026-09-10T08:24:13.293Z</time>
			</trkpt>
			<trkpt lat="39.11891" lon="-1.61409">
				<ele>672.46</ele>
				<time>2026-09-10T08:24:13.850Z</time>
			</trkpt>
			<trkpt lat="39.11921" lon="-1.61327">
				<ele>669.92</ele>
				<time>2026-09-10T08:24:16.738Z</time>
			</trkpt>
			<trkpt lat="39.11924" lon="-1.61309">
				<ele>669.35</ele>
				<time>2026-09-10T08:24:17.324Z</time>
			</trkpt>
			<trkpt lat="39.11921" lon="-1.6129">
				<ele>668.49</ele>
				<time>2026-09-10T08:24:17.940Z</time>
			</trkpt>
			<trkpt lat="39.11914" lon="-1.61266">
				<ele>667.56</ele>
				<time>2026-09-10T08:24:18.755Z</time>
			</trkpt>
			<trkpt lat="39.11898" lon="-1.61226">
				<ele>666.42</ele>
				<time>2026-09-10T08:24:20.183Z</time>
			</trkpt>
			<trkpt lat="39.11876" lon="-1.61154">
				<ele>662.37</ele>
				<time>2026-09-10T08:24:22.638Z</time>
			</trkpt>
			<trkpt lat="39.11862" lon="-1.61126">
				<ele>661.03</ele>
				<time>2026-09-10T08:24:23.693Z</time>
			</trkpt>
			<trkpt lat="39.11815" lon="-1.61081">
				<ele>662.07</ele>
				<time>2026-09-10T08:24:26.083Z</time>
			</trkpt>
			<trkpt lat="39.11732" lon="-1.61006">
				<ele>662.63</ele>
				<time>2026-09-10T08:24:30.218Z</time>
			</trkpt>
			<trkpt lat="39.11718" lon="-1.60992">
				<ele>663.21</ele>
				<time>2026-09-10T08:24:30.941Z</time>
			</trkpt>
			<trkpt lat="39.11703" lon="-1.60968">
				<ele>663.62</ele>
				<time>2026-09-10T08:24:31.916Z</time>
			</trkpt>
			<trkpt lat="39.11691" lon="-1.60943">
				<ele>664.13</ele>
				<time>2026-09-10T08:24:32.847Z</time>
			</trkpt>
			<trkpt lat="39.11653" lon="-1.60795">
				<ele>664.52</ele>
				<time>2026-09-10T08:24:37.787Z</time>
			</trkpt>
			<trkpt lat="39.11643" lon="-1.60767">
				<ele>664.31</ele>
				<time>2026-09-10T08:24:38.765Z</time>
			</trkpt>
			<trkpt lat="39.11631" lon="-1.60742">
				<ele>664.42</ele>
				<time>2026-09-10T08:24:39.699Z</time>
			</trkpt>
			<trkpt lat="39.11582" lon="-1.60662">
				<ele>665.78</ele>
				<time>2026-09-10T08:24:42.940Z</time>
			</trkpt>
			<trkpt lat="39.11575" lon="-1.60645">
				<ele>665.15</ele>
				<time>2026-09-10T08:24:43.554Z</time>
			</trkpt>
			<trkpt lat="39.11568" lon="-1.60618">
				<ele>664.64</ele>
				<time>2026-09-10T08:24:44.461Z</time>
			</trkpt>
			<trkpt lat="39.1155" lon="-1.60525">
				<ele>665.31</ele>
				<time>2026-09-10T08:24:47.524Z</time>
			</trkpt>
			<trkpt lat="39.11549" lon="-1.60501">
				<ele>666.22</ele>
				<time>2026-09-10T08:24:48.293Z</time>
			</trkpt>
			<trkpt lat="39.1155" lon="-1.60484">
				<ele>665.58</ele>
				<time>2026-09-10T08:24:48.839Z</time>
			</trkpt>
			<trkpt lat="39.11578" lon="-1.60389">
				<ele>665.64</ele>
				<time>2026-09-10T08:24:52.105Z</time>
			</trkpt>
			<trkpt lat="39.11584" lon="-1.60356">
				<ele>666.21</ele>
				<time>2026-09-10T08:24:53.197Z</time>
			</trkpt>
			<trkpt lat="39.11584" lon="-1.60336">
				<ele>666.86</ele>
				<time>2026-09-10T08:24:53.843Z</time>
			</trkpt>
			<trkpt lat="39.11576" lon="-1.60029">
				<ele>670.48</ele>
				<time>2026-09-10T08:25:03.851Z</time>
			</trkpt>
			<trkpt lat="39.11571" lon="-1.59885">
				<ele>668.23</ele>
				<time>2026-09-10T08:25:08.619Z</time>
			</trkpt>
			<trkpt lat="39.11564" lon="-1.59834">
				<ele>669.67</ele>
				<time>2026-09-10T08:25:10.346Z</time>
			</trkpt>
			<trkpt lat="39.11555" lon="-1.59801">
				<ele>671.01</ele>
				<time>2026-09-10T08:25:11.516Z</time>
			</trkpt>
			<trkpt lat="39.10359" lon="-1.5621">
				<ele>701.9</ele>
				<time>2026-09-10T08:28:05.595Z</time>
			</trkpt>
			<trkpt lat="39.10359" lon="-1.56198">
				<ele>702.72</ele>
				<time>2026-09-10T08:28:06.329Z</time>
			</trkpt>
			<trkpt lat="39.10253" lon="-1.56203">
				<ele>702.75</ele>
				<time>2026-09-10T08:28:14.805Z</time>
			</trkpt>
			<trkpt lat="39.10126" lon="-1.56211">
				<ele>707.73</ele>
				<time>2026-09-10T08:28:25.865Z</time>
			</trkpt>
			<trkpt lat="39.10117" lon="-1.56159">
				<ele>708</ele>
				<time>2026-09-10T08:28:30.150Z</time>
			</trkpt>
			<trkpt lat="39.10024" lon="-1.55794">
				<ele>710.62</ele>
				<time>2026-09-10T08:29:01.835Z</time>
			</trkpt>
			<trkpt lat="39.09951" lon="-1.55511">
				<ele>712.83</ele>
				<time>2026-09-10T08:29:27.219Z</time>
			</trkpt>
			<trkpt lat="39.09941" lon="-1.55461">
				<ele>712.93</ele>
				<time>2026-09-10T08:29:31.624Z</time>
			</trkpt>
			<trkpt lat="39.09938" lon="-1.55434">
				<ele>713.08</ele>
				<time>2026-09-10T08:29:33.943Z</time>
			</trkpt>
			<trkpt lat="39.09939" lon="-1.55373">
				<ele>712.92</ele>
				<time>2026-09-10T08:29:39.107Z</time>
			</trkpt>
			<trkpt lat="39.09944" lon="-1.55186">
				<ele>708.65</ele>
				<time>2026-09-10T08:29:54.603Z</time>
			</trkpt>
			<trkpt lat="39.09943" lon="-1.5515">
				<ele>706.84</ele>
				<time>2026-09-10T08:29:57.504Z</time>
			</trkpt>
			<trkpt lat="39.09939" lon="-1.55132">
				<ele>706.05</ele>
				<time>2026-09-10T08:29:58.999Z</time>
			</trkpt>
			<trkpt lat="39.09935" lon="-1.55123">
				<ele>705.84</ele>
				<time>2026-09-10T08:29:59.823Z</time>
			</trkpt>
			<trkpt lat="39.09926" lon="-1.55105">
				<ele>705.48</ele>
				<time>2026-09-10T08:30:01.516Z</time>
			</trkpt>
			<trkpt lat="39.09906" lon="-1.55074">
				<ele>705.77</ele>
				<time>2026-09-10T08:30:04.666Z</time>
			</trkpt>
			<trkpt lat="39.09902" lon="-1.55067">
				<ele>705.59</ele>
				<time>2026-09-10T08:30:05.339Z</time>
			</trkpt>
			<trkpt lat="39.099" lon="-1.55058">
				<ele>705.26</ele>
				<time>2026-09-10T08:30:06.061Z</time>
			</trkpt>
			<trkpt lat="39.09898" lon="-1.55041">
				<ele>704.78</ele>
				<time>2026-09-10T08:30:07.380Z</time>
			</trkpt>
			<trkpt lat="39.09894" lon="-1.54963">
				<ele>702.79</ele>
				<time>2026-09-10T08:30:13.248Z</time>
			</trkpt>
			<trkpt lat="39.09892" lon="-1.54907">
				<ele>704.42</ele>
				<time>2026-09-10T08:30:17.316Z</time>
			</trkpt>
			<trkpt lat="39.09893" lon="-1.549">
				<ele>704.88</ele>
				<time>2026-09-10T08:30:17.823Z</time>
			</trkpt>
			<trkpt lat="39.09889" lon="-1.54893">
				<ele>705.68</ele>
				<time>2026-09-10T08:30:18.440Z</time>
			</trkpt>
			<trkpt lat="39.09884" lon="-1.54888">
				<ele>706.28</ele>
				<time>2026-09-10T08:30:19.016Z</time>
			</trkpt>
			<trkpt lat="39.09872" lon="-1.54883">
				<ele>707.23</ele>
				<time>2026-09-10T08:30:20.155Z</time>
			</trkpt>
			<trkpt lat="39.09838" lon="-1.5488">
				<ele>708.01</ele>
				<time>2026-09-10T08:30:23.176Z</time>
			</trkpt>
			<trkpt lat="39.09816" lon="-1.54875">
				<ele>708.2</ele>
				<time>2026-09-10T08:30:25.108Z</time>
			</trkpt>
			<trkpt lat="39.098" lon="-1.54869">
				<ele>708.27</ele>
				<time>2026-09-10T08:30:26.524Z</time>
			</trkpt>
			<trkpt lat="39.09771" lon="-1.54847">
				<ele>708.95</ele>
				<time>2026-09-10T08:30:29.313Z</time>
			</trkpt>
			<trkpt lat="39.09699" lon="-1.54774">
				<ele>715.42</ele>
				<time>2026-09-10T08:30:36.543Z</time>
			</trkpt>
			<trkpt lat="39.09678" lon="-1.5475">
				<ele>718.58</ele>
				<time>2026-09-10T08:30:38.734Z</time>
			</trkpt>
			<trkpt lat="39.09661" lon="-1.54725">
				<ele>719.93</ele>
				<time>2026-09-10T08:30:40.744Z</time>
			</trkpt>
			<trkpt lat="39.09651" lon="-1.54704">
				<ele>720.36</ele>
				<time>2026-09-10T08:30:42.232Z</time>
			</trkpt>
			<trkpt lat="39.0964" lon="-1.54674">
				<ele>720.98</ele>
				<time>2026-09-10T08:30:44.232Z</time>
			</trkpt>
			<trkpt lat="39.09633" lon="-1.54648">
				<ele>720.87</ele>
				<time>2026-09-10T08:30:45.889Z</time>
			</trkpt>
			<trkpt lat="39.09584" lon="-1.54427">
				<ele>719.73</ele>
				<time>2026-09-10T08:30:59.635Z</time>
			</trkpt>
			<trkpt lat="39.09518" lon="-1.54117">
				<ele>727.41</ele>
				<time>2026-09-10T08:31:18.594Z</time>
			</trkpt>
			<trkpt lat="39.09243" lon="-1.52849">
				<ele>734.89</ele>
				<time>2026-09-10T08:32:33.131Z</time>
			</trkpt>
			<trkpt lat="39.09192" lon="-1.52621">
				<ele>745.15</ele>
				<time>2026-09-10T08:32:46.055Z</time>
			</trkpt>
			<trkpt lat="39.09173" lon="-1.52568">
				<ele>748</ele>
				<time>2026-09-10T08:32:49.212Z</time>
			</trkpt>
			<trkpt lat="39.09151" lon="-1.52527">
				<ele>747.42</ele>
				<time>2026-09-10T08:32:51.900Z</time>
			</trkpt>
			<trkpt lat="39.09129" lon="-1.52494">
				<ele>745.43</ele>
				<time>2026-09-10T08:32:54.241Z</time>
			</trkpt>
			<trkpt lat="39.09027" lon="-1.52355">
				<ele>742.21</ele>
				<time>2026-09-10T08:33:04.475Z</time>
			</trkpt>
			<trkpt lat="39.08931" lon="-1.5223">
				<ele>743.07</ele>
				<time>2026-09-10T08:33:13.801Z</time>
			</trkpt>
			<trkpt lat="39.08901" lon="-1.52195">
				<ele>743.07</ele>
				<time>2026-09-10T08:33:16.551Z</time>
			</trkpt>
			<trkpt lat="39.08829" lon="-1.52125">
				<ele>749.76</ele>
				<time>2026-09-10T08:33:22.655Z</time>
			</trkpt>
			<trkpt lat="39.0866" lon="-1.51985">
				<ele>752.46</ele>
				<time>2026-09-10T08:33:36.132Z</time>
			</trkpt>
			<trkpt lat="39.08585" lon="-1.51916">
				<ele>755.78</ele>
				<time>2026-09-10T08:33:42.258Z</time>
			</trkpt>
			<trkpt lat="39.08538" lon="-1.51871">
				<ele>755.6</ele>
				<time>2026-09-10T08:33:46.132Z</time>
			</trkpt>
			<trkpt lat="39.08427" lon="-1.51753">
				<ele>757.92</ele>
				<time>2026-09-10T08:33:55.596Z</time>
			</trkpt>
			<trkpt lat="39.08087" lon="-1.51361">
				<ele>765.71</ele>
				<time>2026-09-10T08:34:25.065Z</time>
			</trkpt>
			<trkpt lat="39.0802" lon="-1.51277">
				<ele>769.53</ele>
				<time>2026-09-10T08:34:31.005Z</time>
			</trkpt>
			<trkpt lat="39.07985" lon="-1.51231">
				<ele>774.25</ele>
				<time>2026-09-10T08:34:34.169Z</time>
			</trkpt>
			<trkpt lat="39.07882" lon="-1.51088">
				<ele>781.95</ele>
				<time>2026-09-10T08:34:43.693Z</time>
			</trkpt>
			<trkpt lat="39.07856" lon="-1.51056">
				<ele>781.82</ele>
				<time>2026-09-10T08:34:45.943Z</time>
			</trkpt>
			<trkpt lat="39.07779" lon="-1.50974">
				<ele>781.92</ele>
				<time>2026-09-10T08:34:52.168Z</time>
			</trkpt>
			<trkpt lat="39.0767" lon="-1.50867">
				<ele>778.02</ele>
				<time>2026-09-10T08:35:00.649Z</time>
			</trkpt>
			<trkpt lat="39.0752" lon="-1.50708">
				<ele>775.46</ele>
				<time>2026-09-10T08:35:12.558Z</time>
			</trkpt>
			<trkpt lat="39.07503" lon="-1.50692">
				<ele>774.9</ele>
				<time>2026-09-10T08:35:13.841Z</time>
			</trkpt>
			<trkpt lat="39.07492" lon="-1.50686">
				<ele>774.74</ele>
				<time>2026-09-10T08:35:14.568Z</time>
			</trkpt>
			<trkpt lat="39.07461" lon="-1.50674">
				<ele>775.76</ele>
				<time>2026-09-10T08:35:16.536Z</time>
			</trkpt>
			<trkpt lat="39.07366" lon="-1.50649">
				<ele>777.36</ele>
				<time>2026-09-10T08:35:22.410Z</time>
			</trkpt>
			<trkpt lat="39.07321" lon="-1.50632">
				<ele>776.72</ele>
				<time>2026-09-10T08:35:25.239Z</time>
			</trkpt>
			<trkpt lat="39.07258" lon="-1.50595">
				<ele>776.7</ele>
				<time>2026-09-10T08:35:29.403Z</time>
			</trkpt>
			<trkpt lat="39.0693" lon="-1.50409">
				<ele>781.82</ele>
				<time>2026-09-10T08:35:50.705Z</time>
			</trkpt>
			<trkpt lat="39.06901" lon="-1.50386">
				<ele>782.46</ele>
				<time>2026-09-10T08:35:52.707Z</time>
			</trkpt>
			<trkpt lat="39.06885" lon="-1.5037">
				<ele>782.3</ele>
				<time>2026-09-10T08:35:53.897Z</time>
			</trkpt>
			<trkpt lat="39.06857" lon="-1.50336">
				<ele>782</ele>
				<time>2026-09-10T08:35:56.153Z</time>
			</trkpt>
			<trkpt lat="39.0684" lon="-1.50308">
				<ele>781.77</ele>
				<time>2026-09-10T08:35:57.768Z</time>
			</trkpt>
			<trkpt lat="39.06828" lon="-1.50284">
				<ele>782.14</ele>
				<time>2026-09-10T08:35:59.063Z</time>
			</trkpt>
			<trkpt lat="39.06815" lon="-1.50244">
				<ele>783.57</ele>
				<time>2026-09-10T08:36:01.028Z</time>
			</trkpt>
			<trkpt lat="39.06807" lon="-1.50212">
				<ele>783.84</ele>
				<time>2026-09-10T08:36:02.549Z</time>
			</trkpt>
			<trkpt lat="39.06802" lon="-1.50179">
				<ele>784.43</ele>
				<time>2026-09-10T08:36:04.068Z</time>
			</trkpt>
			<trkpt lat="39.06789" lon="-1.50019">
				<ele>787.72</ele>
				<time>2026-09-10T08:36:11.307Z</time>
			</trkpt>
			<trkpt lat="39.06781" lon="-1.49892">
				<ele>789.81</ele>
				<time>2026-09-10T08:36:17.007Z</time>
			</trkpt>
			<trkpt lat="39.06773" lon="-1.4982">
				<ele>789.59</ele>
				<time>2026-09-10T08:36:20.248Z</time>
			</trkpt>
			<trkpt lat="39.06763" lon="-1.49761">
				<ele>790.22</ele>
				<time>2026-09-10T08:36:22.931Z</time>
			</trkpt>
			<trkpt lat="39.06745" lon="-1.49689">
				<ele>791.86</ele>
				<time>2026-09-10T08:36:26.283Z</time>
			</trkpt>
			<trkpt lat="39.06724" lon="-1.49624">
				<ele>793.37</ele>
				<time>2026-09-10T08:36:29.394Z</time>
			</trkpt>
			<trkpt lat="39.06694" lon="-1.49552">
				<ele>791.85</ele>
				<time>2026-09-10T08:36:32.994Z</time>
			</trkpt>
			<trkpt lat="39.0667" lon="-1.49502">
				<ele>792.86</ele>
				<time>2026-09-10T08:36:35.577Z</time>
			</trkpt>
			<trkpt lat="39.06638" lon="-1.49448">
				<ele>793.12</ele>
				<time>2026-09-10T08:36:38.554Z</time>
			</trkpt>
			<trkpt lat="39.06602" lon="-1.49397">
				<ele>794.3</ele>
				<time>2026-09-10T08:36:41.566Z</time>
			</trkpt>
			<trkpt lat="39.06568" lon="-1.49358">
				<ele>795</ele>
				<time>2026-09-10T08:36:44.123Z</time>
			</trkpt>
			<trkpt lat="39.06531" lon="-1.49319">
				<ele>797.31</ele>
				<time>2026-09-10T08:36:46.802Z</time>
			</trkpt>
			<trkpt lat="39.06501" lon="-1.49293">
				<ele>799.46</ele>
				<time>2026-09-10T08:36:48.824Z</time>
			</trkpt>
			<trkpt lat="39.06457" lon="-1.49264">
				<ele>798.25</ele>
				<time>2026-09-10T08:36:51.582Z</time>
			</trkpt>
			<trkpt lat="39.0642" lon="-1.49247">
				<ele>799.71</ele>
				<time>2026-09-10T08:36:53.769Z</time>
			</trkpt>
			<trkpt lat="39.06382" lon="-1.49237">
				<ele>802.11</ele>
				<time>2026-09-10T08:36:55.924Z</time>
			</trkpt>
			<trkpt lat="39.06216" lon="-1.492">
				<ele>804.78</ele>
				<time>2026-09-10T08:37:05.239Z</time>
			</trkpt>
			<trkpt lat="39.05625" lon="-1.4907">
				<ele>815.49</ele>
				<time>2026-09-10T08:37:37.801Z</time>
			</trkpt>
			<trkpt lat="39.05595" lon="-1.49061">
				<ele>816.22</ele>
				<time>2026-09-10T08:37:39.451Z</time>
			</trkpt>
			<trkpt lat="39.05553" lon="-1.49044">
				<ele>818.04</ele>
				<time>2026-09-10T08:37:41.804Z</time>
			</trkpt>
			<trkpt lat="39.05515" lon="-1.49023">
				<ele>818.27</ele>
				<time>2026-09-10T08:37:44.010Z</time>
			</trkpt>
			<trkpt lat="39.05504" lon="-1.49017">
				<ele>818.43</ele>
				<time>2026-09-10T08:37:44.647Z</time>
			</trkpt>
			<trkpt lat="39.05468" lon="-1.4899">
				<ele>819.72</ele>
				<time>2026-09-10T08:37:46.864Z</time>
			</trkpt>
			<trkpt lat="39.05425" lon="-1.48952">
				<ele>819.56</ele>
				<time>2026-09-10T08:37:49.635Z</time>
			</trkpt>
			<trkpt lat="39.05138" lon="-1.48652">
				<ele>835.05</ele>
				<time>2026-09-10T08:38:09.098Z</time>
			</trkpt>
			<trkpt lat="39.0505" lon="-1.48553">
				<ele>833.96</ele>
				<time>2026-09-10T08:38:15.190Z</time>
			</trkpt>
			<trkpt lat="39.04831" lon="-1.48282">
				<ele>837.94</ele>
				<time>2026-09-10T08:38:30.894Z</time>
			</trkpt>
			<trkpt lat="39.04789" lon="-1.48235">
				<ele>839.18</ele>
				<time>2026-09-10T08:38:33.751Z</time>
			</trkpt>
			<trkpt lat="39.04715" lon="-1.48175">
				<ele>845.84</ele>
				<time>2026-09-10T08:38:38.230Z</time>
			</trkpt>
			<trkpt lat="39.04671" lon="-1.48152">
				<ele>845.3</ele>
				<time>2026-09-10T08:38:40.656Z</time>
			</trkpt>
			<trkpt lat="39.04592" lon="-1.48124">
				<ele>843.96</ele>
				<time>2026-09-10T08:38:44.832Z</time>
			</trkpt>
			<trkpt lat="39.04539" lon="-1.48113">
				<ele>846.69</ele>
				<time>2026-09-10T08:38:47.561Z</time>
			</trkpt>
			<trkpt lat="39.04496" lon="-1.48106">
				<ele>844.52</ele>
				<time>2026-09-10T08:38:49.761Z</time>
			</trkpt>
			<trkpt lat="39.03851" lon="-1.47991">
				<ele>865.8</ele>
				<time>2026-09-10T08:39:22.428Z</time>
			</trkpt>
			<trkpt lat="39.03823" lon="-1.4798">
				<ele>864.75</ele>
				<time>2026-09-10T08:39:23.881Z</time>
			</trkpt>
			<trkpt lat="39.03791" lon="-1.47962">
				<ele>863.41</ele>
				<time>2026-09-10T08:39:25.612Z</time>
			</trkpt>
			<trkpt lat="39.03756" lon="-1.47934">
				<ele>864.4</ele>
				<time>2026-09-10T08:39:27.653Z</time>
			</trkpt>
			<trkpt lat="39.03724" lon="-1.47905">
				<ele>863.6</ele>
				<time>2026-09-10T08:39:29.588Z</time>
			</trkpt>
			<trkpt lat="39.03696" lon="-1.47872">
				<ele>859.67</ele>
				<time>2026-09-10T08:39:31.464Z</time>
			</trkpt>
			<trkpt lat="39.03666" lon="-1.47826">
				<ele>859.7</ele>
				<time>2026-09-10T08:39:33.766Z</time>
			</trkpt>
			<trkpt lat="39.03641" lon="-1.47781">
				<ele>859.89</ele>
				<time>2026-09-10T08:39:35.884Z</time>
			</trkpt>
			<trkpt lat="39.03613" lon="-1.4774">
				<ele>857</ele>
				<time>2026-09-10T08:39:37.972Z</time>
			</trkpt>
			<trkpt lat="39.03572" lon="-1.47693">
				<ele>862.83</ele>
				<time>2026-09-10T08:39:40.670Z</time>
			</trkpt>
			<trkpt lat="39.03544" lon="-1.47671">
				<ele>863.26</ele>
				<time>2026-09-10T08:39:42.281Z</time>
			</trkpt>
			<trkpt lat="39.0351" lon="-1.47648">
				<ele>862.92</ele>
				<time>2026-09-10T08:39:44.165Z</time>
			</trkpt>
			<trkpt lat="39.03464" lon="-1.47624">
				<ele>867.44</ele>
				<time>2026-09-10T08:39:46.597Z</time>
			</trkpt>
			<trkpt lat="39.03423" lon="-1.47612">
				<ele>869.53</ele>
				<time>2026-09-10T08:39:48.655Z</time>
			</trkpt>
			<trkpt lat="39.0338" lon="-1.47608">
				<ele>871.21</ele>
				<time>2026-09-10T08:39:50.762Z</time>
			</trkpt>
			<trkpt lat="39.03333" lon="-1.47609">
				<ele>871.84</ele>
				<time>2026-09-10T08:39:53.057Z</time>
			</trkpt>
			<trkpt lat="39.03291" lon="-1.47617">
				<ele>872.28</ele>
				<time>2026-09-10T08:39:55.128Z</time>
			</trkpt>
			<trkpt lat="39.03268" lon="-1.47625">
				<ele>872.8</ele>
				<time>2026-09-10T08:39:56.289Z</time>
			</trkpt>
			<trkpt lat="39.03235" lon="-1.47642">
				<ele>873.25</ele>
				<time>2026-09-10T08:39:58.019Z</time>
			</trkpt>
			<trkpt lat="39.0321" lon="-1.47657">
				<ele>873.24</ele>
				<time>2026-09-10T08:39:59.361Z</time>
			</trkpt>
			<trkpt lat="39.03174" lon="-1.47685">
				<ele>874.78</ele>
				<time>2026-09-10T08:40:01.406Z</time>
			</trkpt>
			<trkpt lat="39.03117" lon="-1.47733">
				<ele>878.53</ele>
				<time>2026-09-10T08:40:04.713Z</time>
			</trkpt>
			<trkpt lat="39.03076" lon="-1.47762">
				<ele>880.52</ele>
				<time>2026-09-10T08:40:06.981Z</time>
			</trkpt>
			<trkpt lat="39.03036" lon="-1.47783">
				<ele>877.95</ele>
				<time>2026-09-10T08:40:09.074Z</time>
			</trkpt>
			<trkpt lat="39.03003" lon="-1.47793">
				<ele>877.7</ele>
				<time>2026-09-10T08:40:10.714Z</time>
			</trkpt>
			<trkpt lat="39.02961" lon="-1.47802">
				<ele>878.82</ele>
				<time>2026-09-10T08:40:12.773Z</time>
			</trkpt>
			<trkpt lat="39.02916" lon="-1.47802">
				<ele>879.02</ele>
				<time>2026-09-10T08:40:14.947Z</time>
			</trkpt>
			<trkpt lat="39.02885" lon="-1.47798">
				<ele>881.62</ele>
				<time>2026-09-10T08:40:16.450Z</time>
			</trkpt>
			<trkpt lat="39.02842" lon="-1.47787">
				<ele>886</ele>
				<time>2026-09-10T08:40:18.565Z</time>
			</trkpt>
			<trkpt lat="39.02802" lon="-1.47767">
				<ele>886.2</ele>
				<time>2026-09-10T08:40:20.632Z</time>
			</trkpt>
			<trkpt lat="39.02765" lon="-1.47745">
				<ele>885.01</ele>
				<time>2026-09-10T08:40:22.594Z</time>
			</trkpt>
			<trkpt lat="39.02728" lon="-1.47714">
				<ele>884.98</ele>
				<time>2026-09-10T08:40:24.717Z</time>
			</trkpt>
			<trkpt lat="39.02129" lon="-1.47127">
				<ele>909.86</ele>
				<time>2026-09-10T08:41:00.669Z</time>
			</trkpt>
			<trkpt lat="39.02077" lon="-1.47088">
				<ele>909.52</ele>
				<time>2026-09-10T08:41:03.525Z</time>
			</trkpt>
			<trkpt lat="39.02048" lon="-1.47074">
				<ele>910.09</ele>
				<time>2026-09-10T08:41:04.994Z</time>
			</trkpt>
			<trkpt lat="39.02016" lon="-1.47062">
				<ele>911.53</ele>
				<time>2026-09-10T08:41:06.574Z</time>
			</trkpt>
			<trkpt lat="39.0194" lon="-1.47042">
				<ele>918.45</ele>
				<time>2026-09-10T08:41:10.249Z</time>
			</trkpt>
			<trkpt lat="39.01901" lon="-1.47031">
				<ele>919.97</ele>
				<time>2026-09-10T08:41:12.139Z</time>
			</trkpt>
			<trkpt lat="39.01865" lon="-1.47017">
				<ele>919.13</ele>
				<time>2026-09-10T08:41:13.919Z</time>
			</trkpt>
			<trkpt lat="39.01807" lon="-1.4698">
				<ele>919.57</ele>
				<time>2026-09-10T08:41:16.980Z</time>
			</trkpt>
			<trkpt lat="39.01748" lon="-1.46924">
				<ele>920.4</ele>
				<time>2026-09-10T08:41:20.445Z</time>
			</trkpt>
			<trkpt lat="39.01682" lon="-1.46851">
				<ele>921.68</ele>
				<time>2026-09-10T08:41:24.554Z</time>
			</trkpt>
			<trkpt lat="39.01631" lon="-1.46802">
				<ele>923.81</ele>
				<time>2026-09-10T08:41:27.558Z</time>
			</trkpt>
			<trkpt lat="39.01597" lon="-1.46775">
				<ele>927.07</ele>
				<time>2026-09-10T08:41:29.442Z</time>
			</trkpt>
			<trkpt lat="39.01485" lon="-1.46701">
				<ele>932.06</ele>
				<time>2026-09-10T08:41:35.377Z</time>
			</trkpt>
			<trkpt lat="39.01462" lon="-1.46684">
				<ele>932.75</ele>
				<time>2026-09-10T08:41:36.626Z</time>
			</trkpt>
			<trkpt lat="39.01424" lon="-1.46645">
				<ele>935.13</ele>
				<time>2026-09-10T08:41:38.915Z</time>
			</trkpt>
			<trkpt lat="39.01406" lon="-1.46621">
				<ele>936.39</ele>
				<time>2026-09-10T08:41:40.136Z</time>
			</trkpt>
			<trkpt lat="39.01366" lon="-1.46558">
				<ele>937.76</ele>
				<time>2026-09-10T08:41:43.112Z</time>
			</trkpt>
			<trkpt lat="39.01342" lon="-1.46529">
				<ele>937.82</ele>
				<time>2026-09-10T08:41:44.661Z</time>
			</trkpt>
			<trkpt lat="39.01315" lon="-1.46506">
				<ele>937.7</ele>
				<time>2026-09-10T08:41:46.185Z</time>
			</trkpt>
			<trkpt lat="39.0129" lon="-1.46493">
				<ele>939.28</ele>
				<time>2026-09-10T08:41:47.453Z</time>
			</trkpt>
			<trkpt lat="39.01263" lon="-1.46484">
				<ele>943.72</ele>
				<time>2026-09-10T08:41:48.765Z</time>
			</trkpt>
			<trkpt lat="39.01231" lon="-1.46482">
				<ele>948.37</ele>
				<time>2026-09-10T08:41:50.272Z</time>
			</trkpt>
			<trkpt lat="39.01202" lon="-1.46487">
				<ele>950.78</ele>
				<time>2026-09-10T08:41:51.648Z</time>
			</trkpt>
			<trkpt lat="39.01138" lon="-1.46503">
				<ele>955.75</ele>
				<time>2026-09-10T08:41:54.714Z</time>
			</trkpt>
			<trkpt lat="39.01106" lon="-1.46508">
				<ele>960.36</ele>
				<time>2026-09-10T08:41:56.229Z</time>
			</trkpt>
			<trkpt lat="39.01077" lon="-1.4651">
				<ele>960.92</ele>
				<time>2026-09-10T08:41:57.595Z</time>
			</trkpt>
			<trkpt lat="39.01044" lon="-1.46508">
				<ele>960.8</ele>
				<time>2026-09-10T08:41:59.147Z</time>
			</trkpt>
			<trkpt lat="39.01007" lon="-1.46497">
				<ele>960.25</ele>
				<time>2026-09-10T08:42:00.932Z</time>
			</trkpt>
			<trkpt lat="39.00974" lon="-1.46482">
				<ele>959.15</ele>
				<time>2026-09-10T08:42:02.577Z</time>
			</trkpt>
			<trkpt lat="39.00934" lon="-1.46455">
				<ele>961.79</ele>
				<time>2026-09-10T08:42:04.700Z</time>
			</trkpt>
			<trkpt lat="39.00897" lon="-1.46416">
				<ele>963.76</ele>
				<time>2026-09-10T08:42:06.947Z</time>
			</trkpt>
			<trkpt lat="39.00865" lon="-1.4637">
				<ele>971.18</ele>
				<time>2026-09-10T08:42:09.201Z</time>
			</trkpt>
			<trkpt lat="39.00844" lon="-1.46327">
				<ele>977.46</ele>
				<time>2026-09-10T08:42:11.056Z</time>
			</trkpt>
			<trkpt lat="39.00826" lon="-1.46273">
				<ele>985.12</ele>
				<time>2026-09-10T08:42:13.201Z</time>
			</trkpt>
			<trkpt lat="39.00803" lon="-1.46176">
				<ele>985.31</ele>
				<time>2026-09-10T08:42:16.904Z</time>
			</trkpt>
			<trkpt lat="39.00791" lon="-1.46147">
				<ele>980.93</ele>
				<time>2026-09-10T08:42:18.104Z</time>
			</trkpt>
			<trkpt lat="39.00777" lon="-1.4612">
				<ele>978.71</ele>
				<time>2026-09-10T08:42:19.289Z</time>
			</trkpt>
			<trkpt lat="39.00746" lon="-1.4608">
				<ele>986.86</ele>
				<time>2026-09-10T08:42:21.352Z</time>
			</trkpt>
			<trkpt lat="39.00689" lon="-1.46029">
				<ele>1001.7</ele>
				<time>2026-09-10T08:42:24.615Z</time>
			</trkpt>
			<trkpt lat="39.00676" lon="-1.46014">
				<ele>1003.38</ele>
				<time>2026-09-10T08:42:25.435Z</time>
			</trkpt>
			<trkpt lat="39.00657" lon="-1.45988">
				<ele>1004.09</ele>
				<time>2026-09-10T08:42:26.739Z</time>
			</trkpt>
			<trkpt lat="39.00642" lon="-1.45959">
				<ele>1003.13</ele>
				<time>2026-09-10T08:42:28.011Z</time>
			</trkpt>
			<trkpt lat="39.00627" lon="-1.45919">
				<ele>1002.13</ele>
				<time>2026-09-10T08:42:29.634Z</time>
			</trkpt>
			<trkpt lat="39.00618" lon="-1.45877">
				<ele>1002.63</ele>
				<time>2026-09-10T08:42:31.226Z</time>
			</trkpt>
			<trkpt lat="39.00596" lon="-1.4579">
				<ele>1003.67</ele>
				<time>2026-09-10T08:42:34.569Z</time>
			</trkpt>
			<trkpt lat="39.00578" lon="-1.45746">
				<ele>1005.73</ele>
				<time>2026-09-10T08:42:36.387Z</time>
			</trkpt>
			<trkpt lat="39.00559" lon="-1.4571">
				<ele>1007.06</ele>
				<time>2026-09-10T08:42:37.978Z</time>
			</trkpt>
			<trkpt lat="39.00531" lon="-1.45672">
				<ele>1008.75</ele>
				<time>2026-09-10T08:42:39.893Z</time>
			</trkpt>
			<trkpt lat="39.00451" lon="-1.45597">
				<ele>1011.86</ele>
				<time>2026-09-10T08:42:44.552Z</time>
			</trkpt>
			<trkpt lat="38.99696" lon="-1.44937">
				<ele>1037.24</ele>
				<time>2026-09-10T08:43:27.706Z</time>
			</trkpt>
			<trkpt lat="38.99618" lon="-1.44878">
				<ele>1041.25</ele>
				<time>2026-09-10T08:43:32.009Z</time>
			</trkpt>
			<trkpt lat="38.99546" lon="-1.44834">
				<ele>1043.28</ele>
				<time>2026-09-10T08:43:35.805Z</time>
			</trkpt>
			<trkpt lat="38.99474" lon="-1.44801">
				<ele>1042.8</ele>
				<time>2026-09-10T08:43:39.449Z</time>
			</trkpt>
			<trkpt lat="38.9941" lon="-1.44777">
				<ele>1041.91</ele>
				<time>2026-09-10T08:43:42.632Z</time>
			</trkpt>
			<trkpt lat="38.99375" lon="-1.44767">
				<ele>1041.58</ele>
				<time>2026-09-10T08:43:44.345Z</time>
			</trkpt>
			<trkpt lat="38.99326" lon="-1.44756">
				<ele>1042.5</ele>
				<time>2026-09-10T08:43:46.723Z</time>
			</trkpt>
			<trkpt lat="38.99091" lon="-1.44717">
				<ele>1048.58</ele>
				<time>2026-09-10T08:43:58.082Z</time>
			</trkpt>
			<trkpt lat="38.98082" lon="-1.44561">
				<ele>1071.82</ele>
				<time>2026-09-10T08:44:47.474Z</time>
			</trkpt>
			<trkpt lat="38.97864" lon="-1.44525">
				<ele>1077.2</ele>
				<time>2026-09-10T08:44:58.328Z</time>
			</trkpt>
			<trkpt lat="38.97838" lon="-1.44517">
				<ele>1079.32</ele>
				<time>2026-09-10T08:44:59.653Z</time>
			</trkpt>
			<trkpt lat="38.97806" lon="-1.44502">
				<ele>1081.92</ele>
				<time>2026-09-10T08:45:01.342Z</time>
			</trkpt>
			<trkpt lat="38.97762" lon="-1.44469">
				<ele>1081.05</ele>
				<time>2026-09-10T08:45:03.872Z</time>
			</trkpt>
			<trkpt lat="38.97628" lon="-1.4436">
				<ele>1082.64</ele>
				<time>2026-09-10T08:45:11.773Z</time>
			</trkpt>
			<trkpt lat="38.97492" lon="-1.44243">
				<ele>1076.07</ele>
				<time>2026-09-10T08:45:19.968Z</time>
			</trkpt>
			<trkpt lat="38.97464" lon="-1.44225">
				<ele>1075.96</ele>
				<time>2026-09-10T08:45:21.541Z</time>
			</trkpt>
			<trkpt lat="38.97438" lon="-1.44212">
				<ele>1075.19</ele>
				<time>2026-09-10T08:45:22.944Z</time>
			</trkpt>
			<trkpt lat="38.97415" lon="-1.44198">
				<ele>1074.36</ele>
				<time>2026-09-10T08:45:24.224Z</time>
			</trkpt>
			<trkpt lat="38.97396" lon="-1.44182">
				<ele>1072.89</ele>
				<time>2026-09-10T08:45:25.369Z</time>
			</trkpt>
			<trkpt lat="38.97387" lon="-1.44172">
				<ele>1072.2</ele>
				<time>2026-09-10T08:45:25.968Z</time>
			</trkpt>
			<trkpt lat="38.97373" lon="-1.44146">
				<ele>1070.64</ele>
				<time>2026-09-10T08:45:27.208Z</time>
			</trkpt>
			<trkpt lat="38.97366" lon="-1.44125">
				<ele>1070.19</ele>
				<time>2026-09-10T08:45:28.105Z</time>
			</trkpt>
			<trkpt lat="38.97361" lon="-1.44104">
				<ele>1070.13</ele>
				<time>2026-09-10T08:45:28.968Z</time>
			</trkpt>
			<trkpt lat="38.97361" lon="-1.4407">
				<ele>1068.96</ele>
				<time>2026-09-10T08:45:30.304Z</time>
			</trkpt>
			<trkpt lat="38.97366" lon="-1.44045">
				<ele>1068.04</ele>
				<time>2026-09-10T08:45:31.319Z</time>
			</trkpt>
			<trkpt lat="38.97379" lon="-1.44002">
				<ele>1068.12</ele>
				<time>2026-09-10T08:45:33.135Z</time>
			</trkpt>
			<trkpt lat="38.97382" lon="-1.43984">
				<ele>1068.09</ele>
				<time>2026-09-10T08:45:33.860Z</time>
			</trkpt>
			<trkpt lat="38.97391" lon="-1.43845">
				<ele>1059.81</ele>
				<time>2026-09-10T08:45:39.368Z</time>
			</trkpt>
			<trkpt lat="38.97396" lon="-1.43792">
				<ele>1058.47</ele>
				<time>2026-09-10T08:45:41.482Z</time>
			</trkpt>
			<trkpt lat="38.97395" lon="-1.43782">
				<ele>1057.91</ele>
				<time>2026-09-10T08:45:41.881Z</time>
			</trkpt>
			<trkpt lat="38.97391" lon="-1.43765">
				<ele>1057.12</ele>
				<time>2026-09-10T08:45:42.585Z</time>
			</trkpt>
			<trkpt lat="38.97377" lon="-1.43749">
				<ele>1056.78</ele>
				<time>2026-09-10T08:45:43.541Z</time>
			</trkpt>
			<trkpt lat="38.97349" lon="-1.43729">
				<ele>1054.74</ele>
				<time>2026-09-10T08:45:45.176Z</time>
			</trkpt>
			<trkpt lat="38.97332" lon="-1.43723">
				<ele>1054.02</ele>
				<time>2026-09-10T08:45:46.077Z</time>
			</trkpt>
			<trkpt lat="38.97318" lon="-1.43725">
				<ele>1054.85</ele>
				<time>2026-09-10T08:45:46.798Z</time>
			</trkpt>
			<trkpt lat="38.97292" lon="-1.43738">
				<ele>1055.91</ele>
				<time>2026-09-10T08:45:48.225Z</time>
			</trkpt>
			<trkpt lat="38.97239" lon="-1.43768">
				<ele>1051.44</ele>
				<time>2026-09-10T08:45:51.194Z</time>
			</trkpt>
			<trkpt lat="38.97228" lon="-1.43778">
				<ele>1050.41</ele>
				<time>2026-09-10T08:45:51.885Z</time>
			</trkpt>
			<trkpt lat="38.97216" lon="-1.43795">
				<ele>1049.97</ele>
				<time>2026-09-10T08:45:52.802Z</time>
			</trkpt>
			<trkpt lat="38.9713" lon="-1.43941">
				<ele>1044.37</ele>
				<time>2026-09-10T08:46:00.139Z</time>
			</trkpt>
			<trkpt lat="38.97119" lon="-1.43956">
				<ele>1043.2</ele>
				<time>2026-09-10T08:46:00.967Z</time>
			</trkpt>
			<trkpt lat="38.97102" lon="-1.43971">
				<ele>1041.74</ele>
				<time>2026-09-10T08:46:02.033Z</time>
			</trkpt>
			<trkpt lat="38.97088" lon="-1.43975">
				<ele>1041.09</ele>
				<time>2026-09-10T08:46:02.775Z</time>
			</trkpt>
			<trkpt lat="38.97045" lon="-1.43976">
				<ele>1040.52</ele>
				<time>2026-09-10T08:46:05.003Z</time>
			</trkpt>
			<trkpt lat="38.96988" lon="-1.43974">
				<ele>1038.19</ele>
				<time>2026-09-10T08:46:07.963Z</time>
			</trkpt>
			<trkpt lat="38.96915" lon="-1.43969">
				<ele>1035.55</ele>
				<time>2026-09-10T08:46:11.767Z</time>
			</trkpt>
			<trkpt lat="38.96891" lon="-1.43974">
				<ele>1034.37</ele>
				<time>2026-09-10T08:46:13.035Z</time>
			</trkpt>
			<trkpt lat="38.96877" lon="-1.43982">
				<ele>1033</ele>
				<time>2026-09-10T08:46:13.834Z</time>
			</trkpt>
			<trkpt lat="38.9686" lon="-1.43996">
				<ele>1030.68</ele>
				<time>2026-09-10T08:46:14.888Z</time>
			</trkpt>
			<trkpt lat="38.96842" lon="-1.4402">
				<ele>1029.2</ele>
				<time>2026-09-10T08:46:16.244Z</time>
			</trkpt>
			<trkpt lat="38.96826" lon="-1.44056">
				<ele>1029.02</ele>
				<time>2026-09-10T08:46:17.931Z</time>
			</trkpt>
			<trkpt lat="38.96797" lon="-1.44135">
				<ele>1026.52</ele>
				<time>2026-09-10T08:46:21.492Z</time>
			</trkpt>
			<trkpt lat="38.96789" lon="-1.4415">
				<ele>1025.43</ele>
				<time>2026-09-10T08:46:22.235Z</time>
			</trkpt>
			<trkpt lat="38.96783" lon="-1.44157">
				<ele>1024.75</ele>
				<time>2026-09-10T08:46:22.661Z</time>
			</trkpt>
			<trkpt lat="38.96763" lon="-1.44172">
				<ele>1023.31</ele>
				<time>2026-09-10T08:46:23.878Z</time>
			</trkpt>
			<trkpt lat="38.96296" lon="-1.44349">
				<ele>1018.21</ele>
				<time>2026-09-10T08:46:49.758Z</time>
			</trkpt>
			<trkpt lat="38.96289" lon="-1.44353">
				<ele>1018.09</ele>
				<time>2026-09-10T08:46:50.169Z</time>
			</trkpt>
			<trkpt lat="38.96095" lon="-1.44112">
				<ele>1011.41</ele>
				<time>2026-09-10T08:47:04.717Z</time>
			</trkpt>
			<trkpt lat="38.96085" lon="-1.44085">
				<ele>1013.9</ele>
				<time>2026-09-10T08:47:05.961Z</time>
			</trkpt>
			<trkpt lat="38.96009" lon="-1.43889">
				<ele>1008.67</ele>
				<time>2026-09-10T08:47:14.961Z</time>
			</trkpt>
			<trkpt lat="38.95996" lon="-1.43867">
				<ele>1005</ele>
				<time>2026-09-10T08:47:16.083Z</time>
			</trkpt>
			<trkpt lat="38.95968" lon="-1.43828">
				<ele>1001.15</ele>
				<time>2026-09-10T08:47:18.229Z</time>
			</trkpt>
			<trkpt lat="38.95956" lon="-1.43806">
				<ele>1001.12</ele>
				<time>2026-09-10T08:47:19.312Z</time>
			</trkpt>
			<trkpt lat="38.9586" lon="-1.43555">
				<ele>999.08</ele>
				<time>2026-09-10T08:47:30.418Z</time>
			</trkpt>
			<trkpt lat="38.95721" lon="-1.4328">
				<ele>999.9</ele>
				<time>2026-09-10T08:47:43.078Z</time>
			</trkpt>
			<trkpt lat="38.9568" lon="-1.4319">
				<ele>1003.33</ele>
				<time>2026-09-10T08:47:47.026Z</time>
			</trkpt>
			<trkpt lat="38.95606" lon="-1.43012">
				<ele>1005.58</ele>
				<time>2026-09-10T08:47:54.563Z</time>
			</trkpt>
			<trkpt lat="38.95369" lon="-1.42492">
				<ele>1008.58</ele>
				<time>2026-09-10T08:48:16.325Z</time>
			</trkpt>
			<trkpt lat="38.95359" lon="-1.42456">
				<ele>1009.92</ele>
				<time>2026-09-10T08:48:17.670Z</time>
			</trkpt>
			<trkpt lat="38.95354" lon="-1.42427">
				<ele>1009.11</ele>
				<time>2026-09-10T08:48:18.712Z</time>
			</trkpt>
			<trkpt lat="38.95342" lon="-1.4219">
				<ele>1008.12</ele>
				<time>2026-09-10T08:48:26.964Z</time>
			</trkpt>
			<trkpt lat="38.95339" lon="-1.42152">
				<ele>1008.75</ele>
				<time>2026-09-10T08:48:28.278Z</time>
			</trkpt>
			<trkpt lat="38.95331" lon="-1.42105">
				<ele>1010.36</ele>
				<time>2026-09-10T08:48:29.927Z</time>
			</trkpt>
			<trkpt lat="38.95323" lon="-1.42078">
				<ele>1010.85</ele>
				<time>2026-09-10T08:48:30.915Z</time>
			</trkpt>
			<trkpt lat="38.95301" lon="-1.42027">
				<ele>1007.47</ele>
				<time>2026-09-10T08:48:32.903Z</time>
			</trkpt>
			<trkpt lat="38.95141" lon="-1.41735">
				<ele>998.8</ele>
				<time>2026-09-10T08:48:44.909Z</time>
			</trkpt>
			<trkpt lat="38.95124" lon="-1.41709">
				<ele>996.95</ele>
				<time>2026-09-10T08:48:46.036Z</time>
			</trkpt>
			<trkpt lat="38.95108" lon="-1.41692">
				<ele>994.97</ele>
				<time>2026-09-10T08:48:46.920Z</time>
			</trkpt>
			<trkpt lat="38.95092" lon="-1.41679">
				<ele>994.11</ele>
				<time>2026-09-10T08:48:47.725Z</time>
			</trkpt>
			<trkpt lat="38.95068" lon="-1.41666">
				<ele>991.95</ele>
				<time>2026-09-10T08:48:48.831Z</time>
			</trkpt>
			<trkpt lat="38.94774" lon="-1.41567">
				<ele>995.25</ele>
				<time>2026-09-10T08:49:01.572Z</time>
			</trkpt>
			<trkpt lat="38.94758" lon="-1.41559">
				<ele>995.88</ele>
				<time>2026-09-10T08:49:02.283Z</time>
			</trkpt>
			<trkpt lat="38.94746" lon="-1.41546">
				<ele>995.5</ele>
				<time>2026-09-10T08:49:02.933Z</time>
			</trkpt>
			<trkpt lat="38.94729" lon="-1.41512">
				<ele>994.26</ele>
				<time>2026-09-10T08:49:04.232Z</time>
			</trkpt>
			<trkpt lat="38.94629" lon="-1.41274">
				<ele>993.31</ele>
				<time>2026-09-10T08:49:12.860Z</time>
			</trkpt>
			<trkpt lat="38.94613" lon="-1.41209">
				<ele>993.1</ele>
				<time>2026-09-10T08:49:15.017Z</time>
			</trkpt>
			<trkpt lat="38.94607" lon="-1.41147">
				<ele>993.75</ele>
				<time>2026-09-10T08:49:16.988Z</time>
			</trkpt>
			<trkpt lat="38.94564" lon="-1.40383">
				<ele>980.29</ele>
				<time>2026-09-10T08:49:40.781Z</time>
			</trkpt>
			<trkpt lat="38.94558" lon="-1.40353">
				<ele>981.1</ele>
				<time>2026-09-10T08:49:41.731Z</time>
			</trkpt>
			<trkpt lat="38.9455" lon="-1.40325">
				<ele>980.2</ele>
				<time>2026-09-10T08:49:42.646Z</time>
			</trkpt>
			<trkpt lat="38.94526" lon="-1.40272">
				<ele>977</ele>
				<time>2026-09-10T08:49:44.523Z</time>
			</trkpt>
			<trkpt lat="38.93871" lon="-1.38955">
				<ele>947.33</ele>
				<time>2026-09-10T08:50:31.994Z</time>
			</trkpt>
			<trkpt lat="38.9302" lon="-1.37253">
				<ele>919</ele>
				<time>2026-09-10T08:51:35.618Z</time>
			</trkpt>
			<trkpt lat="38.92903" lon="-1.37013">
				<ele>916.5</ele>
				<time>2026-09-10T08:51:45.037Z</time>
			</trkpt>
			<trkpt lat="38.92541" lon="-1.36104">
				<ele>902.84</ele>
				<time>2026-09-10T08:52:20.599Z</time>
			</trkpt>
			<trkpt lat="38.92496" lon="-1.35993">
				<ele>902.24</ele>
				<time>2026-09-10T08:52:25.156Z</time>
			</trkpt>
			<trkpt lat="38.92483" lon="-1.35964">
				<ele>902.27</ele>
				<time>2026-09-10T08:52:26.383Z</time>
			</trkpt>
			<trkpt lat="38.92464" lon="-1.35933">
				<ele>902.15</ele>
				<time>2026-09-10T08:52:27.834Z</time>
			</trkpt>
			<trkpt lat="38.9245" lon="-1.35922">
				<ele>902.14</ele>
				<time>2026-09-10T08:52:28.611Z</time>
			</trkpt>
			<trkpt lat="38.92424" lon="-1.35908">
				<ele>901.91</ele>
				<time>2026-09-10T08:52:29.950Z</time>
			</trkpt>
			<trkpt lat="38.92418" lon="-1.35908">
				<ele>901.98</ele>
				<time>2026-09-10T08:52:30.235Z</time>
			</trkpt>
			<trkpt lat="38.92402" lon="-1.35919">
				<ele>901.96</ele>
				<time>2026-09-10T08:52:31.100Z</time>
			</trkpt>
			<trkpt lat="38.92394" lon="-1.35932">
				<ele>901.55</ele>
				<time>2026-09-10T08:52:31.715Z</time>
			</trkpt>
			<trkpt lat="38.923" lon="-1.36183">
				<ele>900.6</ele>
				<time>2026-09-10T08:52:42.193Z</time>
			</trkpt>
			<trkpt lat="38.92284" lon="-1.36218">
				<ele>898.87</ele>
				<time>2026-09-10T08:52:43.742Z</time>
			</trkpt>
			<trkpt lat="38.92268" lon="-1.36241">
				<ele>897.96</ele>
				<time>2026-09-10T08:52:44.923Z</time>
			</trkpt>
			<trkpt lat="38.92255" lon="-1.36252">
				<ele>897.47</ele>
				<time>2026-09-10T08:52:45.691Z</time>
			</trkpt>
			<trkpt lat="38.92241" lon="-1.36256">
				<ele>897.34</ele>
				<time>2026-09-10T08:52:46.399Z</time>
			</trkpt>
			<trkpt lat="38.92231" lon="-1.36255">
				<ele>897.22</ele>
				<time>2026-09-10T08:52:46.895Z</time>
			</trkpt>
			<trkpt lat="38.91816" lon="-1.36071">
				<ele>892.21</ele>
				<time>2026-09-10T08:53:09.206Z</time>
			</trkpt>
			<trkpt lat="38.91761" lon="-1.36051">
				<ele>889.6</ele>
				<time>2026-09-10T08:53:12.200Z</time>
			</trkpt>
			<trkpt lat="38.91697" lon="-1.36032">
				<ele>888.79</ele>
				<time>2026-09-10T08:53:15.668Z</time>
			</trkpt>
			<trkpt lat="38.91421" lon="-1.35961">
				<ele>885.34</ele>
				<time>2026-09-10T08:53:30.860Z</time>
			</trkpt>
			<trkpt lat="38.91289" lon="-1.35925">
				<ele>884.85</ele>
				<time>2026-09-10T08:53:38.342Z</time>
			</trkpt>
			<trkpt lat="38.90531" lon="-1.35729">
				<ele>876.93</ele>
				<time>2026-09-10T08:54:23.918Z</time>
			</trkpt>
			<trkpt lat="38.90152" lon="-1.35633">
				<ele>879.84</ele>
				<time>2026-09-10T08:54:48.568Z</time>
			</trkpt>
			<trkpt lat="38.90049" lon="-1.35608">
				<ele>884.07</ele>
				<time>2026-09-10T08:54:55.490Z</time>
			</trkpt>
			<trkpt lat="38.90016" lon="-1.35602">
				<ele>885.32</ele>
				<time>2026-09-10T08:54:57.713Z</time>
			</trkpt>
			<trkpt lat="38.89932" lon="-1.35595">
				<ele>887.15</ele>
				<time>2026-09-10T08:55:03.373Z</time>
			</trkpt>
			<trkpt lat="38.89904" lon="-1.35596">
				<ele>887.13</ele>
				<time>2026-09-10T08:55:05.271Z</time>
			</trkpt>
			<trkpt lat="38.89801" lon="-1.35606">
				<ele>887.34</ele>
				<time>2026-09-10T08:55:12.337Z</time>
			</trkpt>
			<trkpt lat="38.89764" lon="-1.35607">
				<ele>888.64</ele>
				<time>2026-09-10T08:55:14.894Z</time>
			</trkpt>
			<trkpt lat="38.89711" lon="-1.35604">
				<ele>890.66</ele>
				<time>2026-09-10T08:55:18.583Z</time>
			</trkpt>
			<trkpt lat="38.89669" lon="-1.35597">
				<ele>892.43</ele>
				<time>2026-09-10T08:55:21.548Z</time>
			</trkpt>
			<trkpt lat="38.89611" lon="-1.35576">
				<ele>892.31</ele>
				<time>2026-09-10T08:55:25.798Z</time>
			</trkpt>
			<trkpt lat="38.89554" lon="-1.35545">
				<ele>893.81</ele>
				<time>2026-09-10T08:55:30.201Z</time>
			</trkpt>
			<trkpt lat="38.89508" lon="-1.35509">
				<ele>895.43</ele>
				<time>2026-09-10T08:55:34.064Z</time>
			</trkpt>
			<trkpt lat="38.89392" lon="-1.35404">
				<ele>892.3</ele>
				<time>2026-09-10T08:55:44.385Z</time>
			</trkpt>
			<trkpt lat="38.89323" lon="-1.35344">
				<ele>890.93</ele>
				<time>2026-09-10T08:55:50.544Z</time>
			</trkpt>
			<trkpt lat="38.89268" lon="-1.35306">
				<ele>890.29</ele>
				<time>2026-09-10T08:55:55.208Z</time>
			</trkpt>
			<trkpt lat="38.89209" lon="-1.35277">
				<ele>886.56</ele>
				<time>2026-09-10T08:55:59.969Z</time>
			</trkpt>
			<trkpt lat="38.89177" lon="-1.35265">
				<ele>887.09</ele>
				<time>2026-09-10T08:56:02.498Z</time>
			</trkpt>
			<trkpt lat="38.89032" lon="-1.35216">
				<ele>888.88</ele>
				<time>2026-09-10T08:56:14.026Z</time>
			</trkpt>
			<trkpt lat="38.8898" lon="-1.35193">
				<ele>888.93</ele>
				<time>2026-09-10T08:56:18.317Z</time>
			</trkpt>
			<trkpt lat="38.88916" lon="-1.35156">
				<ele>889.98</ele>
				<time>2026-09-10T08:56:23.842Z</time>
			</trkpt>
			<trkpt lat="38.88798" lon="-1.35071">
				<ele>891.4</ele>
				<time>2026-09-10T08:56:34.651Z</time>
			</trkpt>
			<trkpt lat="38.88756" lon="-1.35045">
				<ele>888.99</ele>
				<time>2026-09-10T08:56:38.424Z</time>
			</trkpt>
			<trkpt lat="38.88694" lon="-1.35016">
				<ele>886</ele>
				<time>2026-09-10T08:56:43.808Z</time>
			</trkpt>
			<trkpt lat="38.88638" lon="-1.34998">
				<ele>886.89</ele>
				<time>2026-09-10T08:56:48.559Z</time>
			</trkpt>
			<trkpt lat="38.88171" lon="-1.3491">
				<ele>893.54</ele>
				<time>2026-09-10T08:57:28.917Z</time>
			</trkpt>
			<trkpt lat="38.88121" lon="-1.34901">
				<ele>892.12</ele>
				<time>2026-09-10T08:57:33.397Z</time>
			</trkpt>
			<trkpt lat="38.88062" lon="-1.34897">
				<ele>890.79</ele>
				<time>2026-09-10T08:57:38.680Z</time>
			</trkpt>
			<trkpt lat="38.8803" lon="-1.34898">
				<ele>890.06</ele>
				<time>2026-09-10T08:57:41.561Z</time>
			</trkpt>
			<trkpt lat="38.88002" lon="-1.34901">
				<ele>890</ele>
				<time>2026-09-10T08:57:44.100Z</time>
			</trkpt>
			<trkpt lat="38.87962" lon="-1.34909">
				<ele>886.99</ele>
				<time>2026-09-10T08:57:47.777Z</time>
			</trkpt>
			<trkpt lat="38.87906" lon="-1.34923">
				<ele>883</ele>
				<time>2026-09-10T08:57:52.995Z</time>
			</trkpt>
			<trkpt lat="38.87741" lon="-1.34976">
				<ele>881.37</ele>
				<time>2026-09-10T08:58:08.801Z</time>
			</trkpt>
			<trkpt lat="38.87668" lon="-1.35002">
				<ele>885.59</ele>
				<time>2026-09-10T08:58:15.965Z</time>
			</trkpt>
			<trkpt lat="38.87668" lon="-1.35016">
				<ele>883.15</ele>
				<time>2026-09-10T08:58:17.002Z</time>
			</trkpt>
			<trkpt lat="38.87664" lon="-1.35024">
				<ele>881.79</ele>
				<time>2026-09-10T08:58:17.707Z</time>
			</trkpt>
			<trkpt lat="38.87659" lon="-1.35029">
				<ele>881.18</ele>
				<time>2026-09-10T08:58:18.311Z</time>
			</trkpt>
			<trkpt lat="38.87643" lon="-1.35038">
				<ele>881.33</ele>
				<time>2026-09-10T08:58:19.979Z</time>
			</trkpt>
			<trkpt lat="38.87635" lon="-1.35049">
				<ele>881.58</ele>
				<time>2026-09-10T08:58:21.101Z</time>
			</trkpt>
			<trkpt lat="38.87628" lon="-1.35068">
				<ele>881.87</ele>
				<time>2026-09-10T08:58:22.670Z</time>
			</trkpt>
			<trkpt lat="38.87619" lon="-1.3511">
				<ele>881.82</ele>
				<time>2026-09-10T08:58:25.934Z</time>
			</trkpt>
			<trkpt lat="38.87612" lon="-1.35124">
				<ele>881.95</ele>
				<time>2026-09-10T08:58:27.185Z</time>
			</trkpt>
			<trkpt lat="38.8759" lon="-1.3515">
				<ele>882.16</ele>
				<time>2026-09-10T08:58:30.080Z</time>
			</trkpt>
			<trkpt lat="38.87567" lon="-1.35171">
				<ele>881.06</ele>
				<time>2026-09-10T08:58:32.824Z</time>
			</trkpt>
			<trkpt lat="38.87555" lon="-1.35188">
				<ele>878.97</ele>
				<time>2026-09-10T08:58:34.607Z</time>
			</trkpt>
			<trkpt lat="38.87549" lon="-1.35208">
				<ele>877.23</ele>
				<time>2026-09-10T08:58:36.568Z</time>
			</trkpt>
			<trkpt lat="38.87546" lon="-1.35267">
				<ele>875.43</ele>
				<time>2026-09-10T08:58:43.438Z</time>
			</trkpt>
			<trkpt lat="38.87542" lon="-1.35294">
				<ele>874.87</ele>
				<time>2026-09-10T08:58:47.189Z</time>
			</trkpt>
			<trkpt lat="38.87526" lon="-1.35292">
				<ele>876.05</ele>
				<time>2026-09-10T08:58:50.168Z</time>
			</trkpt>
			<trkpt lat="38.87488" lon="-1.35288">
				<ele>877.3</ele>
				<time>2026-09-10T08:58:57.564Z</time>
			</trkpt>
			<trkpt lat="38.87481" lon="-1.35289">
				<ele>877.2</ele>
				<time>2026-09-10T08:58:58.953Z</time>
			</trkpt>
			<trkpt lat="38.87474" lon="-1.35295">
				<ele>876.82</ele>
				<time>2026-09-10T08:59:00.613Z</time>
			</trkpt>
			<trkpt lat="38.87472" lon="-1.35306">
				<ele>876.02</ele>
				<time>2026-09-10T08:59:02.342Z</time>
			</trkpt>
			<trkpt lat="38.87475" lon="-1.35397">
				<ele>872.73</ele>
				<time>2026-09-10T08:59:15.365Z</time>
			</trkpt>
			<trkpt lat="38.87466" lon="-1.35507">
				<ele>870.61</ele>
				<time>2026-09-10T08:59:26.512Z</time>
			</trkpt>
			<trkpt lat="38.87463" lon="-1.35587">
				<ele>870.17</ele>
				<time>2026-09-10T08:59:33.854Z</time>
			</trkpt>
			<trkpt lat="38.87458" lon="-1.35664">
				<ele>873.85</ele>
				<time>2026-09-10T08:59:41.362Z</time>
			</trkpt>
			<trkpt lat="38.87452" lon="-1.35677">
				<ele>873.84</ele>
				<time>2026-09-10T08:59:42.854Z</time>
			</trkpt>
			<trkpt lat="38.87375" lon="-1.35726">
				<ele>868.45</ele>
				<time>2026-09-10T08:59:53.689Z</time>
			</trkpt>
			<trkpt lat="38.87363" lon="-1.3574">
				<ele>868.03</ele>
				<time>2026-09-10T08:59:55.682Z</time>
			</trkpt>
			<trkpt lat="38.87363" lon="-1.35745">
				<ele>868.01</ele>
				<time>2026-09-10T08:59:56.157Z</time>
			</trkpt>
			<trkpt lat="38.8736" lon="-1.35756">
				<ele>868</ele>
				<time>2026-09-10T08:59:57.256Z</time>
			</trkpt>
			<trkpt lat="38.87355" lon="-1.35761">
				<ele>868.06</ele>
				<time>2026-09-10T08:59:58.017Z</time>
			</trkpt>
			<trkpt lat="38.8735" lon="-1.35764">
				<ele>868.17</ele>
				<time>2026-09-10T08:59:58.675Z</time>
			</trkpt>
			<trkpt lat="38.87338" lon="-1.35761">
				<ele>868.3</ele>
				<time>2026-09-10T09:00:00.118Z</time>
			</trkpt>
			<trkpt lat="38.87329" lon="-1.35763">
				<ele>868.59</ele>
				<time>2026-09-10T09:00:01.180Z</time>
			</trkpt>
			<trkpt lat="38.87323" lon="-1.35766">
				<ele>868.89</ele>
				<time>2026-09-10T09:00:01.920Z</time>
			</trkpt>
			<trkpt lat="38.87319" lon="-1.35773">
				<ele>869.32</ele>
				<time>2026-09-10T09:00:02.690Z</time>
			</trkpt>
			<trkpt lat="38.87318" lon="-1.35781">
				<ele>869.65</ele>
				<time>2026-09-10T09:00:03.400Z</time>
			</trkpt>
			<trkpt lat="38.8732" lon="-1.35795">
				<ele>870.07</ele>
				<time>2026-09-10T09:00:04.629Z</time>
			</trkpt>
			<trkpt lat="38.87377" lon="-1.35886">
				<ele>872</ele>
				<time>2026-09-10T09:00:13.578Z</time>
			</trkpt>
			<trkpt lat="38.87392" lon="-1.35914">
				<ele>873.53</ele>
				<time>2026-09-10T09:00:15.729Z</time>
			</trkpt>
			<trkpt lat="38.87404" lon="-1.35943">
				<ele>872.74</ele>
				<time>2026-09-10T09:00:17.729Z</time>
			</trkpt>
			<trkpt lat="38.87414" lon="-1.35972">
				<ele>871.34</ele>
				<time>2026-09-10T09:00:19.630Z</time>
			</trkpt>
			<trkpt lat="38.87421" lon="-1.36006">
				<ele>870.95</ele>
				<time>2026-09-10T09:00:21.703Z</time>
			</trkpt>
			<trkpt lat="38.87425" lon="-1.36039">
				<ele>870.79</ele>
				<time>2026-09-10T09:00:23.637Z</time>
			</trkpt>
			<trkpt lat="38.87426" lon="-1.36071">
				<ele>869.91</ele>
				<time>2026-09-10T09:00:25.463Z</time>
			</trkpt>
			<trkpt lat="38.87425" lon="-1.36102">
				<ele>869.02</ele>
				<time>2026-09-10T09:00:27.203Z</time>
			</trkpt>
			<trkpt lat="38.87421" lon="-1.36132">
				<ele>868.82</ele>
				<time>2026-09-10T09:00:28.884Z</time>
			</trkpt>
			<trkpt lat="38.87412" lon="-1.36169">
				<ele>869.19</ele>
				<time>2026-09-10T09:00:30.988Z</time>
			</trkpt>
			<trkpt lat="38.87395" lon="-1.3622">
				<ele>867.85</ele>
				<time>2026-09-10T09:00:33.929Z</time>
			</trkpt>
			<trkpt lat="38.87124" lon="-1.36908">
				<ele>865.67</ele>
				<time>2026-09-10T09:01:07.235Z</time>
			</trkpt>
			<trkpt lat="38.87016" lon="-1.37175">
				<ele>876.29</ele>
				<time>2026-09-10T09:01:17.130Z</time>
			</trkpt>
			<trkpt lat="38.86952" lon="-1.37316">
				<ele>873.65</ele>
				<time>2026-09-10T09:01:21.955Z</time>
			</trkpt>
			<trkpt lat="38.86766" lon="-1.37716">
				<ele>865.51</ele>
				<time>2026-09-10T09:01:34.170Z</time>
			</trkpt>
			<trkpt lat="38.86736" lon="-1.37786">
				<ele>866.14</ele>
				<time>2026-09-10T09:01:36.094Z</time>
			</trkpt>
			<trkpt lat="38.86517" lon="-1.38429">
				<ele>867.61</ele>
				<time>2026-09-10T09:01:52.213Z</time>
			</trkpt>
			<trkpt lat="38.86315" lon="-1.39076">
				<ele>866</ele>
				<time>2026-09-10T09:02:09.696Z</time>
			</trkpt>
			<trkpt lat="38.86176" lon="-1.39535">
				<ele>865.25</ele>
				<time>2026-09-10T09:02:25.136Z</time>
			</trkpt>
			<trkpt lat="38.86164" lon="-1.39579">
				<ele>865.98</ele>
				<time>2026-09-10T09:02:26.792Z</time>
			</trkpt>
			<trkpt lat="38.86031" lon="-1.40174">
				<ele>861.9</ele>
				<time>2026-09-10T09:02:52.911Z</time>
			</trkpt>
			<trkpt lat="38.85974" lon="-1.40418">
				<ele>864.08</ele>
				<time>2026-09-10T09:03:06.300Z</time>
			</trkpt>
			<trkpt lat="38.85951" lon="-1.40511">
				<ele>860.1</ele>
				<time>2026-09-10T09:03:11.902Z</time>
			</trkpt>
			<trkpt lat="38.85927" lon="-1.40576">
				<ele>860.53</ele>
				<time>2026-09-10T09:03:16.211Z</time>
			</trkpt>
			<trkpt lat="38.85766" lon="-1.40958">
				<ele>869.85</ele>
				<time>2026-09-10T09:03:45.712Z</time>
			</trkpt>
			<trkpt lat="38.85752" lon="-1.40945">
				<ele>869.92</ele>
				<time>2026-09-10T09:03:47.390Z</time>
			</trkpt>
			<trkpt lat="38.85745" lon="-1.40926">
				<ele>869.36</ele>
				<time>2026-09-10T09:03:48.996Z</time>
			</trkpt>
			<trkpt lat="38.8575" lon="-1.40908">
				<ele>868.66</ele>
				<time>2026-09-10T09:03:50.470Z</time>
			</trkpt>
			<trkpt lat="38.85764" lon="-1.40883">
				<ele>867.23</ele>
				<time>2026-09-10T09:03:52.872Z</time>
			</trkpt>
			<trkpt lat="38.85779" lon="-1.40853">
				<ele>864.94</ele>
				<time>2026-09-10T09:03:55.697Z</time>
			</trkpt>
			<trkpt lat="38.85785" lon="-1.40819">
				<ele>862.19</ele>
				<time>2026-09-10T09:03:58.505Z</time>
			</trkpt>
			<trkpt lat="38.85787" lon="-1.40791">
				<ele>861.64</ele>
				<time>2026-09-10T09:04:00.802Z</time>
			</trkpt>
			<trkpt lat="38.85787" lon="-1.40763">
				<ele>861.09</ele>
				<time>2026-09-10T09:04:03.120Z</time>
			</trkpt>
			<trkpt lat="38.85781" lon="-1.40734">
				<ele>861.46</ele>
				<time>2026-09-10T09:04:05.678Z</time>
			</trkpt>
			<trkpt lat="38.8577" lon="-1.40707">
				<ele>862.11</ele>
				<time>2026-09-10T09:04:08.833Z</time>
			</trkpt>
			<trkpt lat="38.85754" lon="-1.40683">
				<ele>861.55</ele>
				<time>2026-09-10T09:04:12.815Z</time>
			</trkpt>
			<trkpt lat="38.85723" lon="-1.4065">
				<ele>857.55</ele>
				<time>2026-09-10T09:04:20.791Z</time>
			</trkpt>
			<trkpt lat="38.85664" lon="-1.40599">
				<ele>859.45</ele>
				<time>2026-09-10T09:04:38.846Z</time>
			</trkpt>
			<trkpt lat="38.85597" lon="-1.40533">
				<ele>862.81</ele>
				<time>2026-09-10T09:05:05.760Z</time>
			</trkpt>
			<trkpt lat="38.85575" lon="-1.40501">
				<ele>862.46</ele>
				<time>2026-09-10T09:05:17.670Z</time>
			</trkpt>
			<trkpt lat="38.85549" lon="-1.4045">
				<ele>861.96</ele>
				<time>2026-09-10T09:05:35.695Z</time>
			</trkpt>
			<trkpt lat="38.85527" lon="-1.404">
				<ele>861.99</ele>
				<time>2026-09-10T09:05:53.550Z</time>
			</trkpt>
			<trkpt lat="38.85511" lon="-1.40373">
				<ele>860.79</ele>
				<time>2026-09-10T09:06:04.401Z</time>
			</trkpt>
			<trkpt lat="38.85451" lon="-1.40298">
				<ele>861.84</ele>
				<time>2026-09-10T09:06:39.666Z</time>
			</trkpt>
			<trkpt lat="38.85423" lon="-1.40252">
				<ele>862.7</ele>
				<time>2026-09-10T09:06:58.981Z</time>
			</trkpt>
			<trkpt lat="38.85407" lon="-1.4022">
				<ele>860.24</ele>
				<time>2026-09-10T09:07:11.473Z</time>
			</trkpt>
			<trkpt lat="38.8539" lon="-1.40194">
				<ele>860.18</ele>
				<time>2026-09-10T09:07:22.502Z</time>
			</trkpt>
			<trkpt lat="38.85407" lon="-1.4022">
				<ele>860.24</ele>
				<time>2026-09-10T09:07:33.366Z</time>
			</trkpt>
			<trkpt lat="38.85423" lon="-1.40252">
				<ele>862.7</ele>
				<time>2026-09-10T09:07:45.280Z</time>
			</trkpt>
			<trkpt lat="38.85451" lon="-1.40298">
				<ele>861.84</ele>
				<time>2026-09-10T09:08:02.898Z</time>
			</trkpt>
			<trkpt lat="38.85511" lon="-1.40373">
				<ele>860.79</ele>
				<time>2026-09-10T09:08:32.477Z</time>
			</trkpt>
			<trkpt lat="38.85527" lon="-1.404">
				<ele>861.99</ele>
				<time>2026-09-10T09:08:41.172Z</time>
			</trkpt>
			<trkpt lat="38.85549" lon="-1.4045">
				<ele>861.96</ele>
				<time>2026-09-10T09:08:56.388Z</time>
			</trkpt>
			<trkpt lat="38.85575" lon="-1.40501">
				<ele>862.46</ele>
				<time>2026-09-10T09:09:13.089Z</time>
			</trkpt>
			<trkpt lat="38.85597" lon="-1.40533">
				<ele>862.81</ele>
				<time>2026-09-10T09:09:25.033Z</time>
			</trkpt>
			<trkpt lat="38.85664" lon="-1.40599">
				<ele>859.45</ele>
				<time>2026-09-10T09:09:55.866Z</time>
			</trkpt>
			<trkpt lat="38.85723" lon="-1.4065">
				<ele>857.55</ele>
				<time>2026-09-10T09:10:21.830Z</time>
			</trkpt>
			<trkpt lat="38.85754" lon="-1.40683">
				<ele>861.55</ele>
				<time>2026-09-10T09:10:36.295Z</time>
			</trkpt>
			<trkpt lat="38.8577" lon="-1.40707">
				<ele>862.11</ele>
				<time>2026-09-10T09:10:44.993Z</time>
			</trkpt>
			<trkpt lat="38.85781" lon="-1.40734">
				<ele>861.46</ele>
				<time>2026-09-10T09:10:53.254Z</time>
			</trkpt>
			<trkpt lat="38.85787" lon="-1.40763">
				<ele>861.09</ele>
				<time>2026-09-10T09:11:01.246Z</time>
			</trkpt>
			<trkpt lat="38.85787" lon="-1.40791">
				<ele>861.64</ele>
				<time>2026-09-10T09:11:08.557Z</time>
			</trkpt>
			<trkpt lat="38.85785" lon="-1.40819">
				<ele>862.19</ele>
				<time>2026-09-10T09:11:15.739Z</time>
			</trkpt>
			<trkpt lat="38.85779" lon="-1.40853">
				<ele>864.94</ele>
				<time>2026-09-10T09:11:24.398Z</time>
			</trkpt>
			<trkpt lat="38.85764" lon="-1.40883">
				<ele>867.23</ele>
				<time>2026-09-10T09:11:32.941Z</time>
			</trkpt>
			<trkpt lat="38.8575" lon="-1.40908">
				<ele>868.66</ele>
				<time>2026-09-10T09:11:40.039Z</time>
			</trkpt>
			<trkpt lat="38.85745" lon="-1.40926">
				<ele>869.36</ele>
				<time>2026-09-10T09:11:44.303Z</time>
			</trkpt>
			<trkpt lat="38.85752" lon="-1.40945">
				<ele>869.92</ele>
				<time>2026-09-10T09:11:48.861Z</time>
			</trkpt>
			<trkpt lat="38.85766" lon="-1.40958">
				<ele>869.85</ele>
				<time>2026-09-10T09:11:53.515Z</time>
			</trkpt>
			<trkpt lat="38.85735" lon="-1.41032">
				<ele>873.12</ele>
				<time>2026-09-10T09:12:09.532Z</time>
			</trkpt>
			<trkpt lat="38.85732" lon="-1.41044">
				<ele>873.57</ele>
				<time>2026-09-10T09:12:11.697Z</time>
			</trkpt>
			<trkpt lat="38.85729" lon="-1.4106">
				<ele>874.16</ele>
				<time>2026-09-10T09:12:14.424Z</time>
			</trkpt>
			<trkpt lat="38.85729" lon="-1.41073">
				<ele>874.77</ele>
				<time>2026-09-10T09:12:16.496Z</time>
			</trkpt>
			<trkpt lat="38.85735" lon="-1.41094">
				<ele>875.67</ele>
				<time>2026-09-10T09:12:19.887Z</time>
			</trkpt>
			<trkpt lat="38.85787" lon="-1.41194">
				<ele>880.29</ele>
				<time>2026-09-10T09:12:34.180Z</time>
			</trkpt>
			<trkpt lat="38.85849" lon="-1.41301">
				<ele>883.53</ele>
				<time>2026-09-10T09:12:47.198Z</time>
			</trkpt>
			<trkpt lat="38.85862" lon="-1.41329">
				<ele>884.52</ele>
				<time>2026-09-10T09:12:50.286Z</time>
			</trkpt>
			<trkpt lat="38.85871" lon="-1.41352">
				<ele>883.96</ele>
				<time>2026-09-10T09:12:52.700Z</time>
			</trkpt>
			<trkpt lat="38.85888" lon="-1.41401">
				<ele>882.44</ele>
				<time>2026-09-10T09:12:57.659Z</time>
			</trkpt>
			<trkpt lat="38.85891" lon="-1.41415">
				<ele>882.62</ele>
				<time>2026-09-10T09:12:58.985Z</time>
			</trkpt>
			<trkpt lat="38.85893" lon="-1.41434">
				<ele>883.52</ele>
				<time>2026-09-10T09:13:00.725Z</time>
			</trkpt>
			<trkpt lat="38.85891" lon="-1.41456">
				<ele>884.6</ele>
				<time>2026-09-10T09:13:02.720Z</time>
			</trkpt>
			<trkpt lat="38.85881" lon="-1.41478">
				<ele>885.59</ele>
				<time>2026-09-10T09:13:04.995Z</time>
			</trkpt>
			<trkpt lat="38.85689" lon="-1.41824">
				<ele>892.01</ele>
				<time>2026-09-10T09:13:39.980Z</time>
			</trkpt>
			<trkpt lat="38.85656" lon="-1.41895">
				<ele>894.23</ele>
				<time>2026-09-10T09:13:46.175Z</time>
			</trkpt>
			<trkpt lat="38.85534" lon="-1.42208">
				<ele>887.47</ele>
				<time>2026-09-10T09:14:10.386Z</time>
			</trkpt>
			<trkpt lat="38.849" lon="-1.43862">
				<ele>870.53</ele>
				<time>2026-09-10T09:15:38.712Z</time>
			</trkpt>
			<trkpt lat="38.84889" lon="-1.43884">
				<ele>869.4</ele>
				<time>2026-09-10T09:15:39.663Z</time>
			</trkpt>
			<trkpt lat="38.84872" lon="-1.43907">
				<ele>869.79</ele>
				<time>2026-09-10T09:15:40.809Z</time>
			</trkpt>
			<trkpt lat="38.83808" lon="-1.45228">
				<ele>868.66</ele>
				<time>2026-09-10T09:16:49.161Z</time>
			</trkpt>
			<trkpt lat="38.83782" lon="-1.45262">
				<ele>868.92</ele>
				<time>2026-09-10T09:16:51.155Z</time>
			</trkpt>
			<trkpt lat="38.83768" lon="-1.45287">
				<ele>869.11</ele>
				<time>2026-09-10T09:16:52.459Z</time>
			</trkpt>
			<trkpt lat="38.83755" lon="-1.45322">
				<ele>869.1</ele>
				<time>2026-09-10T09:16:54.118Z</time>
			</trkpt>
			<trkpt lat="38.83747" lon="-1.45364">
				<ele>864.78</ele>
				<time>2026-09-10T09:16:55.992Z</time>
			</trkpt>
			<trkpt lat="38.83685" lon="-1.45946">
				<ele>866.09</ele>
				<time>2026-09-10T09:17:24.246Z</time>
			</trkpt>
			<trkpt lat="38.83682" lon="-1.45963">
				<ele>868</ele>
				<time>2026-09-10T09:17:25.175Z</time>
			</trkpt>
			<trkpt lat="38.83673" lon="-1.45995">
				<ele>870</ele>
				<time>2026-09-10T09:17:27.005Z</time>
			</trkpt>
			<trkpt lat="38.83661" lon="-1.4602">
				<ele>870.86</ele>
				<time>2026-09-10T09:17:28.603Z</time>
			</trkpt>
			<trkpt lat="38.83648" lon="-1.46058">
				<ele>871.03</ele>
				<time>2026-09-10T09:17:30.890Z</time>
			</trkpt>
			<trkpt lat="38.83499" lon="-1.46267">
				<ele>875.01</ele>
				<time>2026-09-10T09:17:47.467Z</time>
			</trkpt>
			<trkpt lat="38.83489" lon="-1.46266">
				<ele>875.19</ele>
				<time>2026-09-10T09:17:48.262Z</time>
			</trkpt>
			<trkpt lat="38.834" lon="-1.47083">
				<ele>863.2</ele>
				<time>2026-09-10T09:18:39.731Z</time>
			</trkpt>
			<trkpt lat="38.83285" lon="-1.48098">
				<ele>865.76</ele>
				<time>2026-09-10T09:19:37.106Z</time>
			</trkpt>
			<trkpt lat="38.83249" lon="-1.48435">
				<ele>865.97</ele>
				<time>2026-09-10T09:19:54.789Z</time>
			</trkpt>
			<trkpt lat="38.83238" lon="-1.48491">
				<ele>866.55</ele>
				<time>2026-09-10T09:19:57.730Z</time>
			</trkpt>
			<trkpt lat="38.83221" lon="-1.48561">
				<ele>866.2</ele>
				<time>2026-09-10T09:20:01.440Z</time>
			</trkpt>
			<trkpt lat="38.82936" lon="-1.49382">
				<ele>878.71</ele>
				<time>2026-09-10T09:20:44.843Z</time>
			</trkpt>
			<trkpt lat="38.82921" lon="-1.4941">
				<ele>880.2</ele>
				<time>2026-09-10T09:20:46.414Z</time>
			</trkpt>
			<trkpt lat="38.82901" lon="-1.49442">
				<ele>881.32</ele>
				<time>2026-09-10T09:20:48.304Z</time>
			</trkpt>
			<trkpt lat="38.82807" lon="-1.49572">
				<ele>881.54</ele>
				<time>2026-09-10T09:20:56.402Z</time>
			</trkpt>
			<trkpt lat="38.8232" lon="-1.50228">
				<ele>884</ele>
				<time>2026-09-10T09:21:36.018Z</time>
			</trkpt>
			<trkpt lat="38.82288" lon="-1.50276">
				<ele>884.34</ele>
				<time>2026-09-10T09:21:38.684Z</time>
			</trkpt>
			<trkpt lat="38.82271" lon="-1.50306">
				<ele>885.29</ele>
				<time>2026-09-10T09:21:40.243Z</time>
			</trkpt>
			<trkpt lat="38.82248" lon="-1.5036">
				<ele>885.69</ele>
				<time>2026-09-10T09:21:42.823Z</time>
			</trkpt>
			<trkpt lat="38.81784" lon="-1.51698">
				<ele>888</ele>
				<time>2026-09-10T09:22:41.749Z</time>
			</trkpt>
			<trkpt lat="38.81773" lon="-1.51737">
				<ele>887.79</ele>
				<time>2026-09-10T09:22:43.367Z</time>
			</trkpt>
			<trkpt lat="38.81768" lon="-1.51765">
				<ele>888.68</ele>
				<time>2026-09-10T09:22:44.486Z</time>
			</trkpt>
			<trkpt lat="38.81766" lon="-1.51799">
				<ele>891.05</ele>
				<time>2026-09-10T09:22:45.813Z</time>
			</trkpt>
			<trkpt lat="38.81765" lon="-1.51838">
				<ele>892.43</ele>
				<time>2026-09-10T09:22:47.331Z</time>
			</trkpt>
			<trkpt lat="38.8181" lon="-1.52508">
				<ele>892.59</ele>
				<time>2026-09-10T09:23:13.300Z</time>
			</trkpt>
			<trkpt lat="38.81816" lon="-1.52549">
				<ele>893.71</ele>
				<time>2026-09-10T09:23:14.903Z</time>
			</trkpt>
			<trkpt lat="38.81855" lon="-1.5274">
				<ele>898.33</ele>
				<time>2026-09-10T09:23:22.489Z</time>
			</trkpt>
			<trkpt lat="38.81863" lon="-1.52787">
				<ele>899.55</ele>
				<time>2026-09-10T09:23:24.337Z</time>
			</trkpt>
			<trkpt lat="38.81939" lon="-1.53835">
				<ele>890.33</ele>
				<time>2026-09-10T09:24:04.985Z</time>
			</trkpt>
			<trkpt lat="38.81952" lon="-1.53936">
				<ele>889.41</ele>
				<time>2026-09-10T09:24:08.986Z</time>
			</trkpt>
			<trkpt lat="38.81962" lon="-1.53986">
				<ele>887.67</ele>
				<time>2026-09-10T09:24:11.008Z</time>
			</trkpt>
			<trkpt lat="38.81974" lon="-1.54035">
				<ele>889.11</ele>
				<time>2026-09-10T09:24:13.024Z</time>
			</trkpt>
			<trkpt lat="38.82166" lon="-1.54771">
				<ele>891.99</ele>
				<time>2026-09-10T09:24:44.008Z</time>
			</trkpt>
			<trkpt lat="38.82172" lon="-1.54784">
				<ele>891.97</ele>
				<time>2026-09-10T09:24:44.623Z</time>
			</trkpt>
			<trkpt lat="38.82181" lon="-1.54796">
				<ele>892.12</ele>
				<time>2026-09-10T09:24:45.301Z</time>
			</trkpt>
			<trkpt lat="38.82186" lon="-1.54805">
				<ele>892.25</ele>
				<time>2026-09-10T09:24:45.751Z</time>
			</trkpt>
			<trkpt lat="38.82184" lon="-1.54815">
				<ele>892.67</ele>
				<time>2026-09-10T09:24:46.172Z</time>
			</trkpt>
			<trkpt lat="38.8218" lon="-1.5482">
				<ele>892.97</ele>
				<time>2026-09-10T09:24:46.464Z</time>
			</trkpt>
			<trkpt lat="38.82177" lon="-1.54821">
				<ele>893.14</ele>
				<time>2026-09-10T09:24:46.627Z</time>
			</trkpt>
			<trkpt lat="38.8217" lon="-1.54819">
				<ele>893.31</ele>
				<time>2026-09-10T09:24:47.002Z</time>
			</trkpt>
			<trkpt lat="38.82147" lon="-1.54816">
				<ele>892.92</ele>
				<time>2026-09-10T09:24:48.215Z</time>
			</trkpt>
			<trkpt lat="38.82121" lon="-1.54824">
				<ele>892.29</ele>
				<time>2026-09-10T09:24:49.619Z</time>
			</trkpt>
			<trkpt lat="38.82081" lon="-1.5484">
				<ele>891</ele>
				<time>2026-09-10T09:24:51.826Z</time>
			</trkpt>
			<trkpt lat="38.81808" lon="-1.54977">
				<ele>881.96</ele>
				<time>2026-09-10T09:25:07.164Z</time>
			</trkpt>
			<trkpt lat="38.81762" lon="-1.54993">
				<ele>881</ele>
				<time>2026-09-10T09:25:09.666Z</time>
			</trkpt>
			<trkpt lat="38.81683" lon="-1.55007">
				<ele>881.61</ele>
				<time>2026-09-10T09:25:13.860Z</time>
			</trkpt>
			<trkpt lat="38.80821" lon="-1.55109">
				<ele>899.42</ele>
				<time>2026-09-10T09:25:59.852Z</time>
			</trkpt>
			<trkpt lat="38.80732" lon="-1.55123">
				<ele>897.6</ele>
				<time>2026-09-10T09:26:04.661Z</time>
			</trkpt>
			<trkpt lat="38.80691" lon="-1.55132">
				<ele>897.15</ele>
				<time>2026-09-10T09:26:06.895Z</time>
			</trkpt>
			<trkpt lat="38.80604" lon="-1.55161">
				<ele>894.16</ele>
				<time>2026-09-10T09:26:11.727Z</time>
			</trkpt>
			<trkpt lat="38.80413" lon="-1.55232">
				<ele>891</ele>
				<time>2026-09-10T09:26:22.446Z</time>
			</trkpt>
			<trkpt lat="38.8037" lon="-1.55242">
				<ele>890.79</ele>
				<time>2026-09-10T09:26:24.806Z</time>
			</trkpt>
			<trkpt lat="38.80342" lon="-1.55246">
				<ele>889.61</ele>
				<time>2026-09-10T09:26:26.329Z</time>
			</trkpt>
			<trkpt lat="38.80277" lon="-1.55247">
				<ele>887.26</ele>
				<time>2026-09-10T09:26:29.844Z</time>
			</trkpt>
			<trkpt lat="38.80235" lon="-1.5524">
				<ele>888.27</ele>
				<time>2026-09-10T09:26:32.137Z</time>
			</trkpt>
			<trkpt lat="38.80012" lon="-1.55184">
				<ele>880.9</ele>
				<time>2026-09-10T09:26:44.464Z</time>
			</trkpt>
			<trkpt lat="38.7911" lon="-1.54951">
				<ele>878.14</ele>
				<time>2026-09-10T09:27:34.777Z</time>
			</trkpt>
			<trkpt lat="38.78533" lon="-1.54798">
				<ele>882.14</ele>
				<time>2026-09-10T09:28:07.274Z</time>
			</trkpt>
			<trkpt lat="38.77887" lon="-1.54631">
				<ele>897.65</ele>
				<time>2026-09-10T09:28:43.809Z</time>
			</trkpt>
			<trkpt lat="38.77853" lon="-1.54624">
				<ele>896.84</ele>
				<time>2026-09-10T09:28:45.722Z</time>
			</trkpt>
			<trkpt lat="38.77821" lon="-1.5462">
				<ele>896.47</ele>
				<time>2026-09-10T09:28:47.509Z</time>
			</trkpt>
			<trkpt lat="38.77785" lon="-1.5462">
				<ele>899.51</ele>
				<time>2026-09-10T09:28:49.510Z</time>
			</trkpt>
			<trkpt lat="38.77759" lon="-1.54622">
				<ele>903.07</ele>
				<time>2026-09-10T09:28:50.959Z</time>
			</trkpt>
			<trkpt lat="38.77643" lon="-1.54649">
				<ele>903.89</ele>
				<time>2026-09-10T09:28:57.515Z</time>
			</trkpt>
			<trkpt lat="38.77611" lon="-1.54654">
				<ele>905.95</ele>
				<time>2026-09-10T09:28:59.309Z</time>
			</trkpt>
			<trkpt lat="38.77579" lon="-1.54656">
				<ele>907.86</ele>
				<time>2026-09-10T09:29:01.092Z</time>
			</trkpt>
			<trkpt lat="38.77546" lon="-1.54653">
				<ele>910.16</ele>
				<time>2026-09-10T09:29:02.933Z</time>
			</trkpt>
			<trkpt lat="38.77512" lon="-1.54648">
				<ele>911.89</ele>
				<time>2026-09-10T09:29:04.838Z</time>
			</trkpt>
			<trkpt lat="38.77486" lon="-1.54639">
				<ele>912.5</ele>
				<time>2026-09-10T09:29:06.337Z</time>
			</trkpt>
			<trkpt lat="38.77448" lon="-1.54622">
				<ele>911.74</ele>
				<time>2026-09-10T09:29:08.577Z</time>
			</trkpt>
			<trkpt lat="38.77352" lon="-1.54569">
				<ele>915.85</ele>
				<time>2026-09-10T09:29:14.398Z</time>
			</trkpt>
			<trkpt lat="38.76353" lon="-1.53973">
				<ele>909.75</ele>
				<time>2026-09-10T09:30:15.830Z</time>
			</trkpt>
			<trkpt lat="38.76322" lon="-1.53951">
				<ele>908.68</ele>
				<time>2026-09-10T09:30:17.805Z</time>
			</trkpt>
			<trkpt lat="38.7628" lon="-1.53913">
				<ele>910.69</ele>
				<time>2026-09-10T09:30:20.672Z</time>
			</trkpt>
			<trkpt lat="38.76135" lon="-1.53775">
				<ele>907.11</ele>
				<time>2026-09-10T09:30:30.738Z</time>
			</trkpt>
			<trkpt lat="38.76099" lon="-1.53743">
				<ele>906.74</ele>
				<time>2026-09-10T09:30:33.180Z</time>
			</trkpt>
			<trkpt lat="38.76045" lon="-1.5371">
				<ele>906.36</ele>
				<time>2026-09-10T09:30:36.513Z</time>
			</trkpt>
			<trkpt lat="38.76018" lon="-1.53701">
				<ele>906.45</ele>
				<time>2026-09-10T09:30:38.068Z</time>
			</trkpt>
			<trkpt lat="38.75989" lon="-1.53696">
				<ele>903.94</ele>
				<time>2026-09-10T09:30:39.698Z</time>
			</trkpt>
			<trkpt lat="38.75955" lon="-1.53694">
				<ele>901.36</ele>
				<time>2026-09-10T09:30:41.595Z</time>
			</trkpt>
			<trkpt lat="38.75905" lon="-1.53703">
				<ele>903.12</ele>
				<time>2026-09-10T09:30:44.407Z</time>
			</trkpt>
			<trkpt lat="38.75878" lon="-1.53711">
				<ele>903.1</ele>
				<time>2026-09-10T09:30:45.951Z</time>
			</trkpt>
			<trkpt lat="38.75847" lon="-1.53728">
				<ele>903</ele>
				<time>2026-09-10T09:30:47.829Z</time>
			</trkpt>
			<trkpt lat="38.75814" lon="-1.53751">
				<ele>903.69</ele>
				<time>2026-09-10T09:30:49.920Z</time>
			</trkpt>
			<trkpt lat="38.75786" lon="-1.53779">
				<ele>905.03</ele>
				<time>2026-09-10T09:30:51.897Z</time>
			</trkpt>
			<trkpt lat="38.75768" lon="-1.53801">
				<ele>904.91</ele>
				<time>2026-09-10T09:30:53.282Z</time>
			</trkpt>
			<trkpt lat="38.75696" lon="-1.53915">
				<ele>900.98</ele>
				<time>2026-09-10T09:30:59.649Z</time>
			</trkpt>
			<trkpt lat="38.75679" lon="-1.53934">
				<ele>901.61</ele>
				<time>2026-09-10T09:31:00.903Z</time>
			</trkpt>
			<trkpt lat="38.75662" lon="-1.5395">
				<ele>901.86</ele>
				<time>2026-09-10T09:31:02.077Z</time>
			</trkpt>
			<trkpt lat="38.75486" lon="-1.54077">
				<ele>896.75</ele>
				<time>2026-09-10T09:31:13.306Z</time>
			</trkpt>
			<trkpt lat="38.7544" lon="-1.54113">
				<ele>896.03</ele>
				<time>2026-09-10T09:31:16.301Z</time>
			</trkpt>
			<trkpt lat="38.75408" lon="-1.54141">
				<ele>897</ele>
				<time>2026-09-10T09:31:18.453Z</time>
			</trkpt>
			<trkpt lat="38.75294" lon="-1.54254">
				<ele>888.71</ele>
				<time>2026-09-10T09:31:26.453Z</time>
			</trkpt>
			<trkpt lat="38.75271" lon="-1.54279">
				<ele>888.78</ele>
				<time>2026-09-10T09:31:28.126Z</time>
			</trkpt>
			<trkpt lat="38.75245" lon="-1.54312">
				<ele>888.03</ele>
				<time>2026-09-10T09:31:30.156Z</time>
			</trkpt>
			<trkpt lat="38.75159" lon="-1.54446">
				<ele>881.65</ele>
				<time>2026-09-10T09:31:37.660Z</time>
			</trkpt>
			<trkpt lat="38.75137" lon="-1.54473">
				<ele>878.94</ele>
				<time>2026-09-10T09:31:39.348Z</time>
			</trkpt>
			<trkpt lat="38.75112" lon="-1.54492">
				<ele>878.06</ele>
				<time>2026-09-10T09:31:40.958Z</time>
			</trkpt>
			<trkpt lat="38.75087" lon="-1.54506">
				<ele>879.07</ele>
				<time>2026-09-10T09:31:42.469Z</time>
			</trkpt>
			<trkpt lat="38.75069" lon="-1.54513">
				<ele>879.14</ele>
				<time>2026-09-10T09:31:43.511Z</time>
			</trkpt>
			<trkpt lat="38.7489" lon="-1.54549">
				<ele>874.01</ele>
				<time>2026-09-10T09:31:53.537Z</time>
			</trkpt>
			<trkpt lat="38.74855" lon="-1.54549">
				<ele>873.18</ele>
				<time>2026-09-10T09:31:55.472Z</time>
			</trkpt>
			<trkpt lat="38.74842" lon="-1.54546">
				<ele>871.59</ele>
				<time>2026-09-10T09:31:56.202Z</time>
			</trkpt>
			<trkpt lat="38.74815" lon="-1.54536">
				<ele>868.95</ele>
				<time>2026-09-10T09:31:57.756Z</time>
			</trkpt>
			<trkpt lat="38.74812" lon="-1.54547">
				<ele>868.55</ele>
				<time>2026-09-10T09:31:58.258Z</time>
			</trkpt>
			<trkpt lat="38.74723" lon="-1.54743">
				<ele>873.65</ele>
				<time>2026-09-10T09:32:08.024Z</time>
			</trkpt>
			<trkpt lat="38.74703" lon="-1.54777">
				<ele>874</ele>
				<time>2026-09-10T09:32:09.856Z</time>
			</trkpt>
			<trkpt lat="38.74683" lon="-1.54795">
				<ele>874.45</ele>
				<time>2026-09-10T09:32:11.205Z</time>
			</trkpt>
			<trkpt lat="38.74625" lon="-1.5484">
				<ele>872.43</ele>
				<time>2026-09-10T09:32:14.951Z</time>
			</trkpt>
			<trkpt lat="38.74325" lon="-1.55178">
				<ele>862.56</ele>
				<time>2026-09-10T09:32:37.114Z</time>
			</trkpt>
			<trkpt lat="38.7431" lon="-1.55198">
				<ele>863.13</ele>
				<time>2026-09-10T09:32:38.319Z</time>
			</trkpt>
			<trkpt lat="38.74295" lon="-1.55224">
				<ele>863.67</ele>
				<time>2026-09-10T09:32:39.724Z</time>
			</trkpt>
			<trkpt lat="38.7428" lon="-1.5526">
				<ele>864.46</ele>
				<time>2026-09-10T09:32:41.497Z</time>
			</trkpt>
			<trkpt lat="38.74169" lon="-1.55562">
				<ele>864.48</ele>
				<time>2026-09-10T09:32:56.028Z</time>
			</trkpt>
			<trkpt lat="38.74164" lon="-1.55585">
				<ele>864.81</ele>
				<time>2026-09-10T09:32:57.069Z</time>
			</trkpt>
			<trkpt lat="38.74161" lon="-1.55621">
				<ele>865.26</ele>
				<time>2026-09-10T09:32:58.647Z</time>
			</trkpt>
			<trkpt lat="38.74156" lon="-1.55727">
				<ele>867.03</ele>
				<time>2026-09-10T09:33:03.279Z</time>
			</trkpt>
			<trkpt lat="38.7415" lon="-1.5576">
				<ele>865.75</ele>
				<time>2026-09-10T09:33:04.757Z</time>
			</trkpt>
			<trkpt lat="38.74103" lon="-1.55886">
				<ele>868.49</ele>
				<time>2026-09-10T09:33:10.852Z</time>
			</trkpt>
			<trkpt lat="38.74091" lon="-1.55921">
				<ele>869.69</ele>
				<time>2026-09-10T09:33:12.521Z</time>
			</trkpt>
			<trkpt lat="38.74064" lon="-1.56072">
				<ele>867.88</ele>
				<time>2026-09-10T09:33:19.286Z</time>
			</trkpt>
			<trkpt lat="38.74057" lon="-1.56098">
				<ele>868.57</ele>
				<time>2026-09-10T09:33:20.488Z</time>
			</trkpt>
			<trkpt lat="38.73959" lon="-1.56281">
				<ele>861.38</ele>
				<time>2026-09-10T09:33:30.184Z</time>
			</trkpt>
			<trkpt lat="38.73926" lon="-1.56369">
				<ele>856.7</ele>
				<time>2026-09-10T09:33:34.448Z</time>
			</trkpt>
			<trkpt lat="38.73888" lon="-1.56479">
				<ele>856.94</ele>
				<time>2026-09-10T09:33:39.702Z</time>
			</trkpt>
			<trkpt lat="38.73876" lon="-1.56508">
				<ele>856.41</ele>
				<time>2026-09-10T09:33:41.135Z</time>
			</trkpt>
			<trkpt lat="38.73863" lon="-1.56529">
				<ele>855.2</ele>
				<time>2026-09-10T09:33:42.306Z</time>
			</trkpt>
			<trkpt lat="38.73848" lon="-1.56548">
				<ele>853.72</ele>
				<time>2026-09-10T09:33:43.486Z</time>
			</trkpt>
			<trkpt lat="38.73805" lon="-1.56586">
				<ele>849.08</ele>
				<time>2026-09-10T09:33:46.408Z</time>
			</trkpt>
			<trkpt lat="38.73793" lon="-1.56602">
				<ele>848.8</ele>
				<time>2026-09-10T09:33:47.377Z</time>
			</trkpt>
			<trkpt lat="38.73784" lon="-1.56619">
				<ele>848.98</ele>
				<time>2026-09-10T09:33:48.273Z</time>
			</trkpt>
			<trkpt lat="38.73777" lon="-1.56637">
				<ele>849.75</ele>
				<time>2026-09-10T09:33:49.151Z</time>
			</trkpt>
			<trkpt lat="38.73683" lon="-1.56976">
				<ele>848.79</ele>
				<time>2026-09-10T09:34:04.831Z</time>
			</trkpt>
			<trkpt lat="38.73666" lon="-1.57019">
				<ele>845.98</ele>
				<time>2026-09-10T09:34:06.929Z</time>
			</trkpt>
			<trkpt lat="38.73651" lon="-1.57044">
				<ele>846.02</ele>
				<time>2026-09-10T09:34:08.301Z</time>
			</trkpt>
			<trkpt lat="38.73618" lon="-1.57114">
				<ele>847.73</ele>
				<time>2026-09-10T09:34:11.857Z</time>
			</trkpt>
			<trkpt lat="38.73606" lon="-1.57142">
				<ele>847.47</ele>
				<time>2026-09-10T09:34:13.245Z</time>
			</trkpt>
			<trkpt lat="38.73596" lon="-1.57174">
				<ele>844.46</ele>
				<time>2026-09-10T09:34:14.743Z</time>
			</trkpt>
			<trkpt lat="38.73554" lon="-1.57371">
				<ele>844.41</ele>
				<time>2026-09-10T09:34:23.604Z</time>
			</trkpt>
			<trkpt lat="38.73378" lon="-1.57934">
				<ele>857.31</ele>
				<time>2026-09-10T09:34:49.775Z</time>
			</trkpt>
			<trkpt lat="38.73371" lon="-1.57973">
				<ele>853.71</ele>
				<time>2026-09-10T09:34:51.492Z</time>
			</trkpt>
			<trkpt lat="38.73362" lon="-1.58036">
				<ele>855.19</ele>
				<time>2026-09-10T09:34:54.239Z</time>
			</trkpt>
			<trkpt lat="38.73351" lon="-1.58144">
				<ele>853.18</ele>
				<time>2026-09-10T09:34:58.902Z</time>
			</trkpt>
			<trkpt lat="38.7335" lon="-1.58177">
				<ele>852.44</ele>
				<time>2026-09-10T09:35:00.313Z</time>
			</trkpt>
			<trkpt lat="38.73353" lon="-1.58229">
				<ele>853.88</ele>
				<time>2026-09-10T09:35:02.541Z</time>
			</trkpt>
			<trkpt lat="38.73361" lon="-1.58342">
				<ele>849.56</ele>
				<time>2026-09-10T09:35:07.378Z</time>
			</trkpt>
			<trkpt lat="38.73362" lon="-1.58381">
				<ele>852.53</ele>
				<time>2026-09-10T09:35:09.039Z</time>
			</trkpt>
			<trkpt lat="38.73359" lon="-1.5841">
				<ele>852.81</ele>
				<time>2026-09-10T09:35:10.283Z</time>
			</trkpt>
			<trkpt lat="38.73356" lon="-1.58428">
				<ele>851.53</ele>
				<time>2026-09-10T09:35:11.066Z</time>
			</trkpt>
			<trkpt lat="38.73348" lon="-1.58452">
				<ele>849.65</ele>
				<time>2026-09-10T09:35:12.175Z</time>
			</trkpt>
			<trkpt lat="38.73277" lon="-1.58641">
				<ele>856</ele>
				<time>2026-09-10T09:35:21.062Z</time>
			</trkpt>
			<trkpt lat="38.73268" lon="-1.58682">
				<ele>857.19</ele>
				<time>2026-09-10T09:35:22.861Z</time>
			</trkpt>
			<trkpt lat="38.73264" lon="-1.5873">
				<ele>859.11</ele>
				<time>2026-09-10T09:35:24.898Z</time>
			</trkpt>
			<trkpt lat="38.73263" lon="-1.58798">
				<ele>859.51</ele>
				<time>2026-09-10T09:35:27.762Z</time>
			</trkpt>
			<trkpt lat="38.73261" lon="-1.58806">
				<ele>859.59</ele>
				<time>2026-09-10T09:35:28.116Z</time>
			</trkpt>
			<trkpt lat="38.73253" lon="-1.58812">
				<ele>859.85</ele>
				<time>2026-09-10T09:35:28.616Z</time>
			</trkpt>
			<trkpt lat="38.73045" lon="-1.58899">
				<ele>861.45</ele>
				<time>2026-09-10T09:35:40.367Z</time>
			</trkpt>
			<trkpt lat="38.7302" lon="-1.58913">
				<ele>863</ele>
				<time>2026-09-10T09:35:41.827Z</time>
			</trkpt>
			<trkpt lat="38.72999" lon="-1.58927">
				<ele>864.01</ele>
				<time>2026-09-10T09:35:43.095Z</time>
			</trkpt>
			<trkpt lat="38.72977" lon="-1.58946">
				<ele>864.87</ele>
				<time>2026-09-10T09:35:44.515Z</time>
			</trkpt>
			<trkpt lat="38.7296" lon="-1.58965">
				<ele>866.15</ele>
				<time>2026-09-10T09:35:45.722Z</time>
			</trkpt>
			<trkpt lat="38.72879" lon="-1.59071">
				<ele>876.58</ele>
				<time>2026-09-10T09:35:51.918Z</time>
			</trkpt>
			<trkpt lat="38.72848" lon="-1.59127">
				<ele>879.55</ele>
				<time>2026-09-10T09:35:54.785Z</time>
			</trkpt>
			<trkpt lat="38.72835" lon="-1.59167">
				<ele>878.19</ele>
				<time>2026-09-10T09:35:56.593Z</time>
			</trkpt>
			<trkpt lat="38.72791" lon="-1.5932">
				<ele>887.46</ele>
				<time>2026-09-10T09:36:03.398Z</time>
			</trkpt>
			<trkpt lat="38.72778" lon="-1.59359">
				<ele>888.84</ele>
				<time>2026-09-10T09:36:05.168Z</time>
			</trkpt>
			<trkpt lat="38.72766" lon="-1.5939">
				<ele>887.86</ele>
				<time>2026-09-10T09:36:06.611Z</time>
			</trkpt>
			<trkpt lat="38.72743" lon="-1.59433">
				<ele>890.72</ele>
				<time>2026-09-10T09:36:08.786Z</time>
			</trkpt>
			<trkpt lat="38.72719" lon="-1.5947">
				<ele>891.59</ele>
				<time>2026-09-10T09:36:10.793Z</time>
			</trkpt>
			<trkpt lat="38.7267" lon="-1.59521">
				<ele>893.92</ele>
				<time>2026-09-10T09:36:14.167Z</time>
			</trkpt>
			<trkpt lat="38.72601" lon="-1.59586">
				<ele>897.47</ele>
				<time>2026-09-10T09:36:18.743Z</time>
			</trkpt>
			<trkpt lat="38.72584" lon="-1.59605">
				<ele>896.96</ele>
				<time>2026-09-10T09:36:19.948Z</time>
			</trkpt>
			<trkpt lat="38.72574" lon="-1.59622">
				<ele>896.32</ele>
				<time>2026-09-10T09:36:20.836Z</time>
			</trkpt>
			<trkpt lat="38.72543" lon="-1.59684">
				<ele>899.99</ele>
				<time>2026-09-10T09:36:23.905Z</time>
			</trkpt>
			<trkpt lat="38.72531" lon="-1.59705">
				<ele>900.93</ele>
				<time>2026-09-10T09:36:24.989Z</time>
			</trkpt>
			<trkpt lat="38.72513" lon="-1.59725">
				<ele>901.8</ele>
				<time>2026-09-10T09:36:26.262Z</time>
			</trkpt>
			<trkpt lat="38.72492" lon="-1.59745">
				<ele>903.69</ele>
				<time>2026-09-10T09:36:27.659Z</time>
			</trkpt>
			<trkpt lat="38.72431" lon="-1.59785">
				<ele>901.25</ele>
				<time>2026-09-10T09:36:31.318Z</time>
			</trkpt>
			<trkpt lat="38.72388" lon="-1.59819">
				<ele>901.46</ele>
				<time>2026-09-10T09:36:34.015Z</time>
			</trkpt>
			<trkpt lat="38.7216" lon="-1.6006">
				<ele>889.85</ele>
				<time>2026-09-10T09:36:49.780Z</time>
			</trkpt>
			<trkpt lat="38.71546" lon="-1.60717">
				<ele>863.88</ele>
				<time>2026-09-10T09:37:32.349Z</time>
			</trkpt>
			<trkpt lat="38.7152" lon="-1.60741">
				<ele>866.07</ele>
				<time>2026-09-10T09:37:34.051Z</time>
			</trkpt>
			<trkpt lat="38.715" lon="-1.60755">
				<ele>866.82</ele>
				<time>2026-09-10T09:37:35.261Z</time>
			</trkpt>
			<trkpt lat="38.71474" lon="-1.6077">
				<ele>866.29</ele>
				<time>2026-09-10T09:37:36.775Z</time>
			</trkpt>
			<trkpt lat="38.70412" lon="-1.6125">
				<ele>839.84</ele>
				<time>2026-09-10T09:38:36.374Z</time>
			</trkpt>
			<trkpt lat="38.7039" lon="-1.61264">
				<ele>838.97</ele>
				<time>2026-09-10T09:38:37.669Z</time>
			</trkpt>
			<trkpt lat="38.70366" lon="-1.61284">
				<ele>839.2</ele>
				<time>2026-09-10T09:38:39.179Z</time>
			</trkpt>
			<trkpt lat="38.70201" lon="-1.61443">
				<ele>829.08</ele>
				<time>2026-09-10T09:38:50.055Z</time>
			</trkpt>
			<trkpt lat="38.70189" lon="-1.61453">
				<ele>828.11</ele>
				<time>2026-09-10T09:38:50.808Z</time>
			</trkpt>
			<trkpt lat="38.70171" lon="-1.61462">
				<ele>826.62</ele>
				<time>2026-09-10T09:38:51.826Z</time>
			</trkpt>
			<trkpt lat="38.70152" lon="-1.61471">
				<ele>825.55</ele>
				<time>2026-09-10T09:38:52.892Z</time>
			</trkpt>
			<trkpt lat="38.69915" lon="-1.61545">
				<ele>817.18</ele>
				<time>2026-09-10T09:39:05.717Z</time>
			</trkpt>
			<trkpt lat="38.69889" lon="-1.61555">
				<ele>815.18</ele>
				<time>2026-09-10T09:39:07.143Z</time>
			</trkpt>
			<trkpt lat="38.69845" lon="-1.61585">
				<ele>817.13</ele>
				<time>2026-09-10T09:39:09.760Z</time>
			</trkpt>
			<trkpt lat="38.69826" lon="-1.61605">
				<ele>817.08</ele>
				<time>2026-09-10T09:39:11.051Z</time>
			</trkpt>
			<trkpt lat="38.69805" lon="-1.61633">
				<ele>814.46</ele>
				<time>2026-09-10T09:39:12.642Z</time>
			</trkpt>
			<trkpt lat="38.69167" lon="-1.62594">
				<ele>799.38</ele>
				<time>2026-09-10T09:40:04.113Z</time>
			</trkpt>
			<trkpt lat="38.69152" lon="-1.62611">
				<ele>799.98</ele>
				<time>2026-09-10T09:40:05.155Z</time>
			</trkpt>
			<trkpt lat="38.69133" lon="-1.62629">
				<ele>800.87</ele>
				<time>2026-09-10T09:40:06.385Z</time>
			</trkpt>
			<trkpt lat="38.69114" lon="-1.62645">
				<ele>801.86</ele>
				<time>2026-09-10T09:40:07.568Z</time>
			</trkpt>
			<trkpt lat="38.69091" lon="-1.62658">
				<ele>803.13</ele>
				<time>2026-09-10T09:40:08.875Z</time>
			</trkpt>
			<trkpt lat="38.69061" lon="-1.62673">
				<ele>805.22</ele>
				<time>2026-09-10T09:40:10.550Z</time>
			</trkpt>
			<trkpt lat="38.68994" lon="-1.62695">
				<ele>807.78</ele>
				<time>2026-09-10T09:40:14.145Z</time>
			</trkpt>
			<trkpt lat="38.68901" lon="-1.62716">
				<ele>804.68</ele>
				<time>2026-09-10T09:40:19.050Z</time>
			</trkpt>
			<trkpt lat="38.68666" lon="-1.62754">
				<ele>791</ele>
				<time>2026-09-10T09:40:31.333Z</time>
			</trkpt>
			<trkpt lat="38.68632" lon="-1.62764">
				<ele>789.43</ele>
				<time>2026-09-10T09:40:33.140Z</time>
			</trkpt>
			<trkpt lat="38.68615" lon="-1.62772">
				<ele>788.1</ele>
				<time>2026-09-10T09:40:34.078Z</time>
			</trkpt>
			<trkpt lat="38.68262" lon="-1.62983">
				<ele>776.28</ele>
				<time>2026-09-10T09:40:54.206Z</time>
			</trkpt>
			<trkpt lat="38.68118" lon="-1.63067">
				<ele>770.12</ele>
				<time>2026-09-10T09:41:02.360Z</time>
			</trkpt>
			<trkpt lat="38.67566" lon="-1.63395">
				<ele>763.55</ele>
				<time>2026-09-10T09:41:33.587Z</time>
			</trkpt>
			<trkpt lat="38.67519" lon="-1.63426">
				<ele>763.89</ele>
				<time>2026-09-10T09:41:36.290Z</time>
			</trkpt>
			<trkpt lat="38.67502" lon="-1.6344">
				<ele>764.16</ele>
				<time>2026-09-10T09:41:37.323Z</time>
			</trkpt>
			<trkpt lat="38.67482" lon="-1.63461">
				<ele>763.22</ele>
				<time>2026-09-10T09:41:38.645Z</time>
			</trkpt>
			<trkpt lat="38.66792" lon="-1.64321">
				<ele>762.2</ele>
				<time>2026-09-10T09:42:27.550Z</time>
			</trkpt>
			<trkpt lat="38.66767" lon="-1.64345">
				<ele>763.21</ele>
				<time>2026-09-10T09:42:29.127Z</time>
			</trkpt>
			<trkpt lat="38.6674" lon="-1.64367">
				<ele>763.19</ele>
				<time>2026-09-10T09:42:30.742Z</time>
			</trkpt>
			<trkpt lat="38.65724" lon="-1.65171">
				<ele>750.42</ele>
				<time>2026-09-10T09:43:30.511Z</time>
			</trkpt>
			<trkpt lat="38.657" lon="-1.65194">
				<ele>746.49</ele>
				<time>2026-09-10T09:43:31.999Z</time>
			</trkpt>
			<trkpt lat="38.65679" lon="-1.65221">
				<ele>744.07</ele>
				<time>2026-09-10T09:43:33.474Z</time>
			</trkpt>
			<trkpt lat="38.65481" lon="-1.65569">
				<ele>733.54</ele>
				<time>2026-09-10T09:43:50.102Z</time>
			</trkpt>
			<trkpt lat="38.65456" lon="-1.6561">
				<ele>731.25</ele>
				<time>2026-09-10T09:43:52.105Z</time>
			</trkpt>
			<trkpt lat="38.65437" lon="-1.65632">
				<ele>730.32</ele>
				<time>2026-09-10T09:43:53.368Z</time>
			</trkpt>
			<trkpt lat="38.65414" lon="-1.65656">
				<ele>728.48</ele>
				<time>2026-09-10T09:43:54.830Z</time>
			</trkpt>
			<trkpt lat="38.65393" lon="-1.65672">
				<ele>728.68</ele>
				<time>2026-09-10T09:43:56.033Z</time>
			</trkpt>
			<trkpt lat="38.65362" lon="-1.65688">
				<ele>726.56</ele>
				<time>2026-09-10T09:43:57.678Z</time>
			</trkpt>
			<trkpt lat="38.65337" lon="-1.65698">
				<ele>725.14</ele>
				<time>2026-09-10T09:43:58.967Z</time>
			</trkpt>
			<trkpt lat="38.65306" lon="-1.65706">
				<ele>726.54</ele>
				<time>2026-09-10T09:44:00.522Z</time>
			</trkpt>
			<trkpt lat="38.65017" lon="-1.65766">
				<ele>725.29</ele>
				<time>2026-09-10T09:44:14.882Z</time>
			</trkpt>
			<trkpt lat="38.64992" lon="-1.65774">
				<ele>727.7</ele>
				<time>2026-09-10T09:44:16.143Z</time>
			</trkpt>
			<trkpt lat="38.64975" lon="-1.65782">
				<ele>728.49</ele>
				<time>2026-09-10T09:44:17.029Z</time>
			</trkpt>
			<trkpt lat="38.64958" lon="-1.65792">
				<ele>727.74</ele>
				<time>2026-09-10T09:44:17.943Z</time>
			</trkpt>
			<trkpt lat="38.64446" lon="-1.6618">
				<ele>712.56</ele>
				<time>2026-09-10T09:44:46.884Z</time>
			</trkpt>
			<trkpt lat="38.64397" lon="-1.66214">
				<ele>711.55</ele>
				<time>2026-09-10T09:44:49.580Z</time>
			</trkpt>
			<trkpt lat="38.63965" lon="-1.66463">
				<ele>711.39</ele>
				<time>2026-09-10T09:45:12.391Z</time>
			</trkpt>
			<trkpt lat="38.63938" lon="-1.66475">
				<ele>712.96</ele>
				<time>2026-09-10T09:45:13.761Z</time>
			</trkpt>
			<trkpt lat="38.63917" lon="-1.66482">
				<ele>713.28</ele>
				<time>2026-09-10T09:45:14.801Z</time>
			</trkpt>
			<trkpt lat="38.63565" lon="-1.66551">
				<ele>706.86</ele>
				<time>2026-09-10T09:45:31.803Z</time>
			</trkpt>
			<trkpt lat="38.63535" lon="-1.66548">
				<ele>706.66</ele>
				<time>2026-09-10T09:45:33.234Z</time>
			</trkpt>
			<trkpt lat="38.63514" lon="-1.66539">
				<ele>707.69</ele>
				<time>2026-09-10T09:45:34.287Z</time>
			</trkpt>
			<trkpt lat="38.6347" lon="-1.66505">
				<ele>710.44</ele>
				<time>2026-09-10T09:45:36.729Z</time>
			</trkpt>
			<trkpt lat="38.63434" lon="-1.66475">
				<ele>707.81</ele>
				<time>2026-09-10T09:45:38.768Z</time>
			</trkpt>
			<trkpt lat="38.63422" lon="-1.66469">
				<ele>706.79</ele>
				<time>2026-09-10T09:45:39.380Z</time>
			</trkpt>
			<trkpt lat="38.63408" lon="-1.66467">
				<ele>706.35</ele>
				<time>2026-09-10T09:45:40.048Z</time>
			</trkpt>
			<trkpt lat="38.63389" lon="-1.66472">
				<ele>706.03</ele>
				<time>2026-09-10T09:45:40.968Z</time>
			</trkpt>
			<trkpt lat="38.63377" lon="-1.6648">
				<ele>705.54</ele>
				<time>2026-09-10T09:45:41.609Z</time>
			</trkpt>
			<trkpt lat="38.63366" lon="-1.66493">
				<ele>705.63</ele>
				<time>2026-09-10T09:45:42.318Z</time>
			</trkpt>
			<trkpt lat="38.63359" lon="-1.66508">
				<ele>706.25</ele>
				<time>2026-09-10T09:45:42.965Z</time>
			</trkpt>
			<trkpt lat="38.63355" lon="-1.66528">
				<ele>706.79</ele>
				<time>2026-09-10T09:45:43.729Z</time>
			</trkpt>
			<trkpt lat="38.63362" lon="-1.66552">
				<ele>707.71</ele>
				<time>2026-09-10T09:45:44.677Z</time>
			</trkpt>
			<trkpt lat="38.63369" lon="-1.66569">
				<ele>707.07</ele>
				<time>2026-09-10T09:45:45.387Z</time>
			</trkpt>
			<trkpt lat="38.63372" lon="-1.66571">
				<ele>706.81</ele>
				<time>2026-09-10T09:45:45.547Z</time>
			</trkpt>
			<trkpt lat="38.63511" lon="-1.66585">
				<ele>704.88</ele>
				<time>2026-09-10T09:45:52.136Z</time>
			</trkpt>
			<trkpt lat="38.63576" lon="-1.66589">
				<ele>704.8</ele>
				<time>2026-09-10T09:45:55.205Z</time>
			</trkpt>
			<trkpt lat="38.6361" lon="-1.66587">
				<ele>704.78</ele>
				<time>2026-09-10T09:45:56.807Z</time>
			</trkpt>
			<trkpt lat="38.63858" lon="-1.6654">
				<ele>703.88</ele>
				<time>2026-09-10T09:46:08.504Z</time>
			</trkpt>
			<trkpt lat="38.64116" lon="-1.66491">
				<ele>706.6</ele>
				<time>2026-09-10T09:46:20.487Z</time>
			</trkpt>
			<trkpt lat="38.64178" lon="-1.66484">
				<ele>705.64</ele>
				<time>2026-09-10T09:46:23.319Z</time>
			</trkpt>
			<trkpt lat="38.64253" lon="-1.66479">
				<ele>704.93</ele>
				<time>2026-09-10T09:46:26.723Z</time>
			</trkpt>
			<trkpt lat="38.6449" lon="-1.66477">
				<ele>709.09</ele>
				<time>2026-09-10T09:46:37.368Z</time>
			</trkpt>
			<trkpt lat="38.64582" lon="-1.6647">
				<ele>704.31</ele>
				<time>2026-09-10T09:46:41.468Z</time>
			</trkpt>
			<trkpt lat="38.6466" lon="-1.66456">
				<ele>707.63</ele>
				<time>2026-09-10T09:46:44.956Z</time>
			</trkpt>
			<trkpt lat="38.64741" lon="-1.66438">
				<ele>711</ele>
				<time>2026-09-10T09:46:48.580Z</time>
			</trkpt>
			<trkpt lat="38.65606" lon="-1.66207">
				<ele>720.51</ele>
				<time>2026-09-10T09:47:26.539Z</time>
			</trkpt>
			<trkpt lat="38.65669" lon="-1.66195">
				<ele>722.35</ele>
				<time>2026-09-10T09:47:29.210Z</time>
			</trkpt>
			<trkpt lat="38.65732" lon="-1.66187">
				<ele>722.59</ele>
				<time>2026-09-10T09:47:31.856Z</time>
			</trkpt>
			<trkpt lat="38.65793" lon="-1.66184">
				<ele>722.18</ele>
				<time>2026-09-10T09:47:34.400Z</time>
			</trkpt>
			<trkpt lat="38.65851" lon="-1.66189">
				<ele>725.32</ele>
				<time>2026-09-10T09:47:36.815Z</time>
			</trkpt>
			<trkpt lat="38.65928" lon="-1.66202">
				<ele>723.57</ele>
				<time>2026-09-10T09:47:40.032Z</time>
			</trkpt>
			<trkpt lat="38.66013" lon="-1.66221">
				<ele>725.41</ele>
				<time>2026-09-10T09:47:43.593Z</time>
			</trkpt>
			<trkpt lat="38.66648" lon="-1.66375">
				<ele>732.82</ele>
				<time>2026-09-10T09:48:09.829Z</time>
			</trkpt>
			<trkpt lat="38.66764" lon="-1.66409">
				<ele>735.41</ele>
				<time>2026-09-10T09:48:14.582Z</time>
			</trkpt>
			<trkpt lat="38.66807" lon="-1.66427">
				<ele>735.71</ele>
				<time>2026-09-10T09:48:16.383Z</time>
			</trkpt>
			<trkpt lat="38.66894" lon="-1.66471">
				<ele>737.24</ele>
				<time>2026-09-10T09:48:20.096Z</time>
			</trkpt>
			<trkpt lat="38.66942" lon="-1.66503">
				<ele>736.97</ele>
				<time>2026-09-10T09:48:22.239Z</time>
			</trkpt>
			<trkpt lat="38.66988" lon="-1.66539">
				<ele>736.84</ele>
				<time>2026-09-10T09:48:24.369Z</time>
			</trkpt>
			<trkpt lat="38.67036" lon="-1.66581">
				<ele>736.69</ele>
				<time>2026-09-10T09:48:26.661Z</time>
			</trkpt>
			<trkpt lat="38.67076" lon="-1.6662">
				<ele>741.1</ele>
				<time>2026-09-10T09:48:28.639Z</time>
			</trkpt>
			<trkpt lat="38.67204" lon="-1.66756">
				<ele>754.18</ele>
				<time>2026-09-10T09:48:35.157Z</time>
			</trkpt>
			<trkpt lat="38.6731" lon="-1.66854">
				<ele>744.7</ele>
				<time>2026-09-10T09:48:40.254Z</time>
			</trkpt>
			<trkpt lat="38.6734" lon="-1.66879">
				<ele>743.77</ele>
				<time>2026-09-10T09:48:41.645Z</time>
			</trkpt>
			<trkpt lat="38.67387" lon="-1.66913">
				<ele>742.94</ele>
				<time>2026-09-10T09:48:43.741Z</time>
			</trkpt>
			<trkpt lat="38.6748" lon="-1.66964">
				<ele>744.19</ele>
				<time>2026-09-10T09:48:47.658Z</time>
			</trkpt>
			<trkpt lat="38.67531" lon="-1.66985">
				<ele>742.61</ele>
				<time>2026-09-10T09:48:49.727Z</time>
			</trkpt>
			<trkpt lat="38.67579" lon="-1.67">
				<ele>744.71</ele>
				<time>2026-09-10T09:48:51.632Z</time>
			</trkpt>
			<trkpt lat="38.6763" lon="-1.67014">
				<ele>741.49</ele>
				<time>2026-09-10T09:48:53.641Z</time>
			</trkpt>
			<trkpt lat="38.67666" lon="-1.6702">
				<ele>741.95</ele>
				<time>2026-09-10T09:48:55.037Z</time>
			</trkpt>
			<trkpt lat="38.67744" lon="-1.67026">
				<ele>745.8</ele>
				<time>2026-09-10T09:48:58.036Z</time>
			</trkpt>
			<trkpt lat="38.67826" lon="-1.67023">
				<ele>746.27</ele>
				<time>2026-09-10T09:49:01.177Z</time>
			</trkpt>
			<trkpt lat="38.67895" lon="-1.67015">
				<ele>752.74</ele>
				<time>2026-09-10T09:49:03.825Z</time>
			</trkpt>
			<trkpt lat="38.68035" lon="-1.6699">
				<ele>749.23</ele>
				<time>2026-09-10T09:49:09.210Z</time>
			</trkpt>
			<trkpt lat="38.68101" lon="-1.6698">
				<ele>748.17</ele>
				<time>2026-09-10T09:49:11.736Z</time>
			</trkpt>
			<trkpt lat="38.68165" lon="-1.66974">
				<ele>748.03</ele>
				<time>2026-09-10T09:49:14.170Z</time>
			</trkpt>
			<trkpt lat="38.68253" lon="-1.66975">
				<ele>750.92</ele>
				<time>2026-09-10T09:49:17.502Z</time>
			</trkpt>
			<trkpt lat="38.68322" lon="-1.66985">
				<ele>754.6</ele>
				<time>2026-09-10T09:49:20.125Z</time>
			</trkpt>
			<trkpt lat="38.68393" lon="-1.67004">
				<ele>753.97</ele>
				<time>2026-09-10T09:49:22.862Z</time>
			</trkpt>
			<trkpt lat="38.68459" lon="-1.67026">
				<ele>754.8</ele>
				<time>2026-09-10T09:49:25.430Z</time>
			</trkpt>
			<trkpt lat="38.6868" lon="-1.67125">
				<ele>754.22</ele>
				<time>2026-09-10T09:49:34.220Z</time>
			</trkpt>
			<trkpt lat="38.68795" lon="-1.67163">
				<ele>756.5</ele>
				<time>2026-09-10T09:49:38.663Z</time>
			</trkpt>
			<trkpt lat="38.6889" lon="-1.67182">
				<ele>756.59</ele>
				<time>2026-09-10T09:49:42.253Z</time>
			</trkpt>
			<trkpt lat="38.68965" lon="-1.67193">
				<ele>760.87</ele>
				<time>2026-09-10T09:49:45.067Z</time>
			</trkpt>
			<trkpt lat="38.69063" lon="-1.67196">
				<ele>761.72</ele>
				<time>2026-09-10T09:49:48.716Z</time>
			</trkpt>
			<trkpt lat="38.69315" lon="-1.6719">
				<ele>762.29</ele>
				<time>2026-09-10T09:49:58.075Z</time>
			</trkpt>
			<trkpt lat="38.69437" lon="-1.67192">
				<ele>761.88</ele>
				<time>2026-09-10T09:50:02.595Z</time>
			</trkpt>
			<trkpt lat="38.69558" lon="-1.67206">
				<ele>762.48</ele>
				<time>2026-09-10T09:50:07.089Z</time>
			</trkpt>
			<trkpt lat="38.69625" lon="-1.67218">
				<ele>761.67</ele>
				<time>2026-09-10T09:50:09.589Z</time>
			</trkpt>
			<trkpt lat="38.69702" lon="-1.67236">
				<ele>769.14</ele>
				<time>2026-09-10T09:50:12.479Z</time>
			</trkpt>
			<trkpt lat="38.69798" lon="-1.67263">
				<ele>770.35</ele>
				<time>2026-09-10T09:50:16.106Z</time>
			</trkpt>
			<trkpt lat="38.7008" lon="-1.67356">
				<ele>771.7</ele>
				<time>2026-09-10T09:50:26.838Z</time>
			</trkpt>
			<trkpt lat="38.70241" lon="-1.67402">
				<ele>772.45</ele>
				<time>2026-09-10T09:50:32.912Z</time>
			</trkpt>
			<trkpt lat="38.70359" lon="-1.67427">
				<ele>771.63</ele>
				<time>2026-09-10T09:50:37.314Z</time>
			</trkpt>
			<trkpt lat="38.70452" lon="-1.67441">
				<ele>776.86</ele>
				<time>2026-09-10T09:50:40.760Z</time>
			</trkpt>
			<trkpt lat="38.70557" lon="-1.67452">
				<ele>779.17</ele>
				<time>2026-09-10T09:50:44.637Z</time>
			</trkpt>
			<trkpt lat="38.71693" lon="-1.67539">
				<ele>793.78</ele>
				<time>2026-09-10T09:51:26.657Z</time>
			</trkpt>
			<trkpt lat="38.71873" lon="-1.67551">
				<ele>794</ele>
				<time>2026-09-10T09:51:33.359Z</time>
			</trkpt>
			<trkpt lat="38.71978" lon="-1.67552">
				<ele>797.23</ele>
				<time>2026-09-10T09:51:37.272Z</time>
			</trkpt>
			<trkpt lat="38.7209" lon="-1.6755">
				<ele>797.26</ele>
				<time>2026-09-10T09:51:41.453Z</time>
			</trkpt>
			<trkpt lat="38.7253" lon="-1.67523">
				<ele>805</ele>
				<time>2026-09-10T09:51:57.987Z</time>
			</trkpt>
			<trkpt lat="38.727" lon="-1.67526">
				<ele>803.46</ele>
				<time>2026-09-10T09:52:04.411Z</time>
			</trkpt>
			<trkpt lat="38.72776" lon="-1.67532">
				<ele>808.33</ele>
				<time>2026-09-10T09:52:07.297Z</time>
			</trkpt>
			<trkpt lat="38.72944" lon="-1.67554">
				<ele>810.15</ele>
				<time>2026-09-10T09:52:13.718Z</time>
			</trkpt>
			<trkpt lat="38.73001" lon="-1.67564">
				<ele>812.47</ele>
				<time>2026-09-10T09:52:15.912Z</time>
			</trkpt>
			<trkpt lat="38.73133" lon="-1.67597">
				<ele>810.15</ele>
				<time>2026-09-10T09:52:21.054Z</time>
			</trkpt>
			<trkpt lat="38.73197" lon="-1.67614">
				<ele>816</ele>
				<time>2026-09-10T09:52:23.561Z</time>
			</trkpt>
			<trkpt lat="38.73275" lon="-1.6764">
				<ele>816</ele>
				<time>2026-09-10T09:52:26.658Z</time>
			</trkpt>
			<trkpt lat="38.7333" lon="-1.67659">
				<ele>817.5</ele>
				<time>2026-09-10T09:52:28.852Z</time>
			</trkpt>
			<trkpt lat="38.73464" lon="-1.67713">
				<ele>821.84</ele>
				<time>2026-09-10T09:52:34.278Z</time>
			</trkpt>
			<trkpt lat="38.73579" lon="-1.67766">
				<ele>823.56</ele>
				<time>2026-09-10T09:52:39.019Z</time>
			</trkpt>
			<trkpt lat="38.73759" lon="-1.67863">
				<ele>829.42</ele>
				<time>2026-09-10T09:52:46.635Z</time>
			</trkpt>
			<trkpt lat="38.73844" lon="-1.67911">
				<ele>828.08</ele>
				<time>2026-09-10T09:52:50.277Z</time>
			</trkpt>
			<trkpt lat="38.73937" lon="-1.67968">
				<ele>835.11</ele>
				<time>2026-09-10T09:52:54.332Z</time>
			</trkpt>
			<trkpt lat="38.74111" lon="-1.68085">
				<ele>832.07</ele>
				<time>2026-09-10T09:53:02.106Z</time>
			</trkpt>
			<trkpt lat="38.74182" lon="-1.68134">
				<ele>830.64</ele>
				<time>2026-09-10T09:53:05.313Z</time>
			</trkpt>
			<trkpt lat="38.74258" lon="-1.68192">
				<ele>830.96</ele>
				<time>2026-09-10T09:53:08.843Z</time>
			</trkpt>
			<trkpt lat="38.74402" lon="-1.68307">
				<ele>831.99</ele>
				<time>2026-09-10T09:53:15.650Z</time>
			</trkpt>
			<trkpt lat="38.74516" lon="-1.68405">
				<ele>834</ele>
				<time>2026-09-10T09:53:21.192Z</time>
			</trkpt>
			<trkpt lat="38.7524" lon="-1.69076">
				<ele>845.73</ele>
				<time>2026-09-10T09:53:58.115Z</time>
			</trkpt>
			<trkpt lat="38.75351" lon="-1.69172">
				<ele>846.15</ele>
				<time>2026-09-10T09:54:03.787Z</time>
			</trkpt>
			<trkpt lat="38.75457" lon="-1.69258">
				<ele>848</ele>
				<time>2026-09-10T09:54:09.136Z</time>
			</trkpt>
			<trkpt lat="38.75586" lon="-1.69358">
				<ele>846.78</ele>
				<time>2026-09-10T09:54:15.610Z</time>
			</trkpt>
			<trkpt lat="38.75711" lon="-1.69445">
				<ele>844.77</ele>
				<time>2026-09-10T09:54:21.766Z</time>
			</trkpt>
			<trkpt lat="38.75813" lon="-1.69513">
				<ele>842.43</ele>
				<time>2026-09-10T09:54:26.777Z</time>
			</trkpt>
			<trkpt lat="38.75955" lon="-1.696">
				<ele>839.95</ele>
				<time>2026-09-10T09:54:33.687Z</time>
			</trkpt>
			<trkpt lat="38.76059" lon="-1.69659">
				<ele>835.8</ele>
				<time>2026-09-10T09:54:38.719Z</time>
			</trkpt>
			<trkpt lat="38.76265" lon="-1.69765">
				<ele>832.12</ele>
				<time>2026-09-10T09:54:48.632Z</time>
			</trkpt>
			<trkpt lat="38.76313" lon="-1.69794">
				<ele>830.43</ele>
				<time>2026-09-10T09:54:51.021Z</time>
			</trkpt>
			<trkpt lat="38.76347" lon="-1.69815">
				<ele>831.84</ele>
				<time>2026-09-10T09:54:52.724Z</time>
			</trkpt>
			<trkpt lat="38.7647" lon="-1.69904">
				<ele>831.96</ele>
				<time>2026-09-10T09:54:59.132Z</time>
			</trkpt>
			<trkpt lat="38.76546" lon="-1.69966">
				<ele>832.23</ele>
				<time>2026-09-10T09:55:03.247Z</time>
			</trkpt>
			<trkpt lat="38.76607" lon="-1.70022">
				<ele>831.79</ele>
				<time>2026-09-10T09:55:06.690Z</time>
			</trkpt>
			<trkpt lat="38.76694" lon="-1.70108">
				<ele>830.87</ele>
				<time>2026-09-10T09:55:11.761Z</time>
			</trkpt>
			<trkpt lat="38.76756" lon="-1.70171">
				<ele>833.53</ele>
				<time>2026-09-10T09:55:15.433Z</time>
			</trkpt>
			<trkpt lat="38.76961" lon="-1.70389">
				<ele>834.58</ele>
				<time>2026-09-10T09:55:27.928Z</time>
			</trkpt>
			<trkpt lat="38.77087" lon="-1.70507">
				<ele>830.66</ele>
				<time>2026-09-10T09:55:35.344Z</time>
			</trkpt>
			<trkpt lat="38.77166" lon="-1.7057">
				<ele>829.98</ele>
				<time>2026-09-10T09:55:39.801Z</time>
			</trkpt>
			<trkpt lat="38.77353" lon="-1.70709">
				<ele>830.62</ele>
				<time>2026-09-10T09:55:50.258Z</time>
			</trkpt>
			<trkpt lat="38.77445" lon="-1.70787">
				<ele>829.03</ele>
				<time>2026-09-10T09:55:55.650Z</time>
			</trkpt>
			<trkpt lat="38.77611" lon="-1.70943">
				<ele>829</ele>
				<time>2026-09-10T09:56:05.814Z</time>
			</trkpt>
			<trkpt lat="38.78252" lon="-1.71551">
				<ele>819.98</ele>
				<time>2026-09-10T09:56:46.530Z</time>
			</trkpt>
			<trkpt lat="38.7834" lon="-1.71631">
				<ele>817.95</ele>
				<time>2026-09-10T09:56:52.209Z</time>
			</trkpt>
			<trkpt lat="38.78387" lon="-1.71668">
				<ele>819.04</ele>
				<time>2026-09-10T09:56:55.129Z</time>
			</trkpt>
			<trkpt lat="38.78449" lon="-1.71711">
				<ele>821</ele>
				<time>2026-09-10T09:56:58.877Z</time>
			</trkpt>
			<trkpt lat="38.78509" lon="-1.71747">
				<ele>821.91</ele>
				<time>2026-09-10T09:57:02.416Z</time>
			</trkpt>
			<trkpt lat="38.78564" lon="-1.71774">
				<ele>820.02</ele>
				<time>2026-09-10T09:57:05.576Z</time>
			</trkpt>
			<trkpt lat="38.78621" lon="-1.71799">
				<ele>818.53</ele>
				<time>2026-09-10T09:57:08.822Z</time>
			</trkpt>
			<trkpt lat="38.78749" lon="-1.7185">
				<ele>821.01</ele>
				<time>2026-09-10T09:57:16.094Z</time>
			</trkpt>
			<trkpt lat="38.78829" lon="-1.71888">
				<ele>821.09</ele>
				<time>2026-09-10T09:57:20.758Z</time>
			</trkpt>
			<trkpt lat="38.78865" lon="-1.71909">
				<ele>823.05</ele>
				<time>2026-09-10T09:57:22.930Z</time>
			</trkpt>
			<trkpt lat="38.78899" lon="-1.71932">
				<ele>822.65</ele>
				<time>2026-09-10T09:57:25.046Z</time>
			</trkpt>
			<trkpt lat="38.78975" lon="-1.71993">
				<ele>818.84</ele>
				<time>2026-09-10T09:57:30.005Z</time>
			</trkpt>
			<trkpt lat="38.79015" lon="-1.72033">
				<ele>821.77</ele>
				<time>2026-09-10T09:57:32.824Z</time>
			</trkpt>
			<trkpt lat="38.7906" lon="-1.72081">
				<ele>819.83</ele>
				<time>2026-09-10T09:57:36.089Z</time>
			</trkpt>
			<trkpt lat="38.79128" lon="-1.72171">
				<ele>815.98</ele>
				<time>2026-09-10T09:57:41.571Z</time>
			</trkpt>
			<trkpt lat="38.79178" lon="-1.72252">
				<ele>818.4</ele>
				<time>2026-09-10T09:57:46.119Z</time>
			</trkpt>
			<trkpt lat="38.79211" lon="-1.72315">
				<ele>816.05</ele>
				<time>2026-09-10T09:57:49.477Z</time>
			</trkpt>
			<trkpt lat="38.7924" lon="-1.72384">
				<ele>814.15</ele>
				<time>2026-09-10T09:57:52.959Z</time>
			</trkpt>
			<trkpt lat="38.79256" lon="-1.72429">
				<ele>815.32</ele>
				<time>2026-09-10T09:57:55.164Z</time>
			</trkpt>
			<trkpt lat="38.79291" lon="-1.7255">
				<ele>813.39</ele>
				<time>2026-09-10T09:58:00.947Z</time>
			</trkpt>
			<trkpt lat="38.79305" lon="-1.72617">
				<ele>815.83</ele>
				<time>2026-09-10T09:58:04.072Z</time>
			</trkpt>
			<trkpt lat="38.79327" lon="-1.72799">
				<ele>813.65</ele>
				<time>2026-09-10T09:58:12.430Z</time>
			</trkpt>
			<trkpt lat="38.79354" lon="-1.72981">
				<ele>815.23</ele>
				<time>2026-09-10T09:58:20.924Z</time>
			</trkpt>
			<trkpt lat="38.79378" lon="-1.73106">
				<ele>817.79</ele>
				<time>2026-09-10T09:58:26.880Z</time>
			</trkpt>
			<trkpt lat="38.7939" lon="-1.73158">
				<ele>819.98</ele>
				<time>2026-09-10T09:58:29.402Z</time>
			</trkpt>
			<trkpt lat="38.79423" lon="-1.73271">
				<ele>822</ele>
				<time>2026-09-10T09:58:35.041Z</time>
			</trkpt>
			<trkpt lat="38.7952" lon="-1.73496">
				<ele>825.65</ele>
				<time>2026-09-10T09:58:47.186Z</time>
			</trkpt>
			<trkpt lat="38.79528" lon="-1.73501">
				<ele>826.04</ele>
				<time>2026-09-10T09:58:47.729Z</time>
			</trkpt>
			<trkpt lat="38.79545" lon="-1.73526">
				<ele>826.97</ele>
				<time>2026-09-10T09:58:49.311Z</time>
			</trkpt>
			<trkpt lat="38.79559" lon="-1.7355">
				<ele>826.88</ele>
				<time>2026-09-10T09:58:50.742Z</time>
			</trkpt>
			<trkpt lat="38.7961" lon="-1.73614">
				<ele>823.02</ele>
				<time>2026-09-10T09:58:55.127Z</time>
			</trkpt>
			<trkpt lat="38.79672" lon="-1.73672">
				<ele>821.78</ele>
				<time>2026-09-10T09:58:59.870Z</time>
			</trkpt>
			<trkpt lat="38.79729" lon="-1.73713">
				<ele>820</ele>
				<time>2026-09-10T09:59:04.439Z</time>
			</trkpt>
			<trkpt lat="38.79766" lon="-1.73745">
				<ele>820.8</ele>
				<time>2026-09-10T09:59:07.992Z</time>
			</trkpt>
			<trkpt lat="38.7978" lon="-1.73753">
				<ele>821</ele>
				<time>2026-09-10T09:59:09.267Z</time>
			</trkpt>
			<trkpt lat="38.79785" lon="-1.73749">
				<ele>820.66</ele>
				<time>2026-09-10T09:59:09.762Z</time>
			</trkpt>
			<trkpt lat="38.79791" lon="-1.73748">
				<ele>820.45</ele>
				<time>2026-09-10T09:59:10.274Z</time>
			</trkpt>
			<trkpt lat="38.79802" lon="-1.7374">
				<ele>820.07</ele>
				<time>2026-09-10T09:59:11.351Z</time>
			</trkpt>
			<trkpt lat="38.79818" lon="-1.73725">
				<ele>820.46</ele>
				<time>2026-09-10T09:59:13.053Z</time>
			</trkpt>
			<trkpt lat="38.79832" lon="-1.73709">
				<ele>820.46</ele>
				<time>2026-09-10T09:59:14.671Z</time>
			</trkpt>
			<trkpt lat="38.79864" lon="-1.73679">
				<ele>821.47</ele>
				<time>2026-09-10T09:59:18.075Z</time>
			</trkpt>
			<trkpt lat="38.79934" lon="-1.73619">
				<ele>819.89</ele>
				<time>2026-09-10T09:59:24.885Z</time>
			</trkpt>
			<trkpt lat="38.80009" lon="-1.73558">
				<ele>819.17</ele>
				<time>2026-09-10T09:59:30.538Z</time>
			</trkpt>
			<trkpt lat="38.80101" lon="-1.73497">
				<ele>820.4</ele>
				<time>2026-09-10T09:59:35.562Z</time>
			</trkpt>
			<trkpt lat="38.80131" lon="-1.73504">
				<ele>822.6</ele>
				<time>2026-09-10T09:59:37.094Z</time>
			</trkpt>
			<trkpt lat="38.80191" lon="-1.73493">
				<ele>819.72</ele>
				<time>2026-09-10T09:59:40.659Z</time>
			</trkpt>
			<trkpt lat="38.80217" lon="-1.73484">
				<ele>817.18</ele>
				<time>2026-09-10T09:59:42.581Z</time>
			</trkpt>
			<trkpt lat="38.80242" lon="-1.7347">
				<ele>814.4</ele>
				<time>2026-09-10T09:59:44.811Z</time>
			</trkpt>
			<trkpt lat="38.80279" lon="-1.73445">
				<ele>811.9</ele>
				<time>2026-09-10T09:59:48.899Z</time>
			</trkpt>
			<trkpt lat="38.80242" lon="-1.7347">
				<ele>814.4</ele>
				<time>2026-09-10T09:59:55.400Z</time>
			</trkpt>
			<trkpt lat="38.80217" lon="-1.73484">
				<ele>817.18</ele>
				<time>2026-09-10T10:00:03.629Z</time>
			</trkpt>
			<trkpt lat="38.80191" lon="-1.73493">
				<ele>819.72</ele>
				<time>2026-09-10T10:00:13.959Z</time>
			</trkpt>
			<trkpt lat="38.80131" lon="-1.73504">
				<ele>822.6</ele>
				<time>2026-09-10T10:00:39.501Z</time>
			</trkpt>
			<trkpt lat="38.80101" lon="-1.73497">
				<ele>820.4</ele>
				<time>2026-09-10T10:00:50.470Z</time>
			</trkpt>
			<trkpt lat="38.80009" lon="-1.73558">
				<ele>819.17</ele>
				<time>2026-09-10T10:01:14.349Z</time>
			</trkpt>
			<trkpt lat="38.79934" lon="-1.73619">
				<ele>819.89</ele>
				<time>2026-09-10T10:01:28.488Z</time>
			</trkpt>
			<trkpt lat="38.79864" lon="-1.73679">
				<ele>821.47</ele>
				<time>2026-09-10T10:01:36.354Z</time>
			</trkpt>
			<trkpt lat="38.79832" lon="-1.73709">
				<ele>820.46</ele>
				<time>2026-09-10T10:01:39.348Z</time>
			</trkpt>
			<trkpt lat="38.79818" lon="-1.73725">
				<ele>820.46</ele>
				<time>2026-09-10T10:01:40.643Z</time>
			</trkpt>
			<trkpt lat="38.79808" lon="-1.73745">
				<ele>820.09</ele>
				<time>2026-09-10T10:01:41.858Z</time>
			</trkpt>
			<trkpt lat="38.79804" lon="-1.73762">
				<ele>820.04</ele>
				<time>2026-09-10T10:01:42.728Z</time>
			</trkpt>
			<trkpt lat="38.79803" lon="-1.73773">
				<ele>820.12</ele>
				<time>2026-09-10T10:01:43.256Z</time>
			</trkpt>
			<trkpt lat="38.79798" lon="-1.7378">
				<ele>820.5</ele>
				<time>2026-09-10T10:01:43.701Z</time>
			</trkpt>
			<trkpt lat="38.79791" lon="-1.73783">
				<ele>820.99</ele>
				<time>2026-09-10T10:01:44.137Z</time>
			</trkpt>
			<trkpt lat="38.7978" lon="-1.73794">
				<ele>821.78</ele>
				<time>2026-09-10T10:01:44.943Z</time>
			</trkpt>
			<trkpt lat="38.7977" lon="-1.73809">
				<ele>821.92</ele>
				<time>2026-09-10T10:01:45.808Z</time>
			</trkpt>
			<trkpt lat="38.79749" lon="-1.73852">
				<ele>820.01</ele>
				<time>2026-09-10T10:01:47.949Z</time>
			</trkpt>
			<trkpt lat="38.79741" lon="-1.73885">
				<ele>816.17</ele>
				<time>2026-09-10T10:01:49.368Z</time>
			</trkpt>
			<trkpt lat="38.79743" lon="-1.73894">
				<ele>815.38</ele>
				<time>2026-09-10T10:01:49.750Z</time>
			</trkpt>
			<trkpt lat="38.79741" lon="-1.73904">
				<ele>814.63</ele>
				<time>2026-09-10T10:01:50.172Z</time>
			</trkpt>
			<trkpt lat="38.79735" lon="-1.7391">
				<ele>813.95</ele>
				<time>2026-09-10T10:01:50.572Z</time>
			</trkpt>
			<trkpt lat="38.79722" lon="-1.73916">
				<ele>813.07</ele>
				<time>2026-09-10T10:01:51.301Z</time>
			</trkpt>
			<trkpt lat="38.79711" lon="-1.73933">
				<ele>813.21</ele>
				<time>2026-09-10T10:01:52.220Z</time>
			</trkpt>
			<trkpt lat="38.79669" lon="-1.74018">
				<ele>810.03</ele>
				<time>2026-09-10T10:01:56.441Z</time>
			</trkpt>
			<trkpt lat="38.79608" lon="-1.74149">
				<ele>814.48</ele>
				<time>2026-09-10T10:02:02.429Z</time>
			</trkpt>
			<trkpt lat="38.79417" lon="-1.74554">
				<ele>816.94</ele>
				<time>2026-09-10T10:02:21.281Z</time>
			</trkpt>
			<trkpt lat="38.79221" lon="-1.74965">
				<ele>818.99</ele>
				<time>2026-09-10T10:02:40.456Z</time>
			</trkpt>
			<trkpt lat="38.78784" lon="-1.75895">
				<ele>830.57</ele>
				<time>2026-09-10T10:03:23.631Z</time>
			</trkpt>
			<trkpt lat="38.78766" lon="-1.7593">
				<ele>831.15</ele>
				<time>2026-09-10T10:03:25.297Z</time>
			</trkpt>
			<trkpt lat="38.78726" lon="-1.75972">
				<ele>832.93</ele>
				<time>2026-09-10T10:03:27.932Z</time>
			</trkpt>
			<trkpt lat="38.78653" lon="-1.76041">
				<ele>834.24</ele>
				<time>2026-09-10T10:03:32.554Z</time>
			</trkpt>
			<trkpt lat="38.78584" lon="-1.76118">
				<ele>832.47</ele>
				<time>2026-09-10T10:03:37.214Z</time>
			</trkpt>
			<trkpt lat="38.78565" lon="-1.76148">
				<ele>832.41</ele>
				<time>2026-09-10T10:03:38.749Z</time>
			</trkpt>
			<trkpt lat="38.78486" lon="-1.76322">
				<ele>833.02</ele>
				<time>2026-09-10T10:03:46.747Z</time>
			</trkpt>
			<trkpt lat="38.78474" lon="-1.76355">
				<ele>830.46</ele>
				<time>2026-09-10T10:03:48.193Z</time>
			</trkpt>
			<trkpt lat="38.78415" lon="-1.76569">
				<ele>830.57</ele>
				<time>2026-09-10T10:03:57.206Z</time>
			</trkpt>
			<trkpt lat="38.784" lon="-1.76608">
				<ele>830.43</ele>
				<time>2026-09-10T10:03:58.933Z</time>
			</trkpt>
			<trkpt lat="38.78309" lon="-1.76811">
				<ele>829.17</ele>
				<time>2026-09-10T10:04:08.230Z</time>
			</trkpt>
			<trkpt lat="38.78292" lon="-1.76842">
				<ele>828.37</ele>
				<time>2026-09-10T10:04:09.734Z</time>
			</trkpt>
			<trkpt lat="38.78203" lon="-1.7698">
				<ele>827.82</ele>
				<time>2026-09-10T10:04:16.843Z</time>
			</trkpt>
			<trkpt lat="38.77876" lon="-1.77474">
				<ele>830.94</ele>
				<time>2026-09-10T10:04:42.560Z</time>
			</trkpt>
			<trkpt lat="38.76908" lon="-1.78935">
				<ele>834.71</ele>
				<time>2026-09-10T10:05:58.605Z</time>
			</trkpt>
			<trkpt lat="38.76758" lon="-1.7916">
				<ele>837.03</ele>
				<time>2026-09-10T10:06:10.345Z</time>
			</trkpt>
			<trkpt lat="38.76726" lon="-1.79214">
				<ele>836.82</ele>
				<time>2026-09-10T10:06:13.035Z</time>
			</trkpt>
			<trkpt lat="38.76346" lon="-1.7995">
				<ele>846.76</ele>
				<time>2026-09-10T10:06:48.042Z</time>
			</trkpt>
			<trkpt lat="38.76314" lon="-1.80015">
				<ele>849.84</ele>
				<time>2026-09-10T10:06:51.091Z</time>
			</trkpt>
			<trkpt lat="38.76215" lon="-1.80208">
				<ele>851.2</ele>
				<time>2026-09-10T10:07:00.254Z</time>
			</trkpt>
			<trkpt lat="38.76129" lon="-1.8037">
				<ele>852.98</ele>
				<time>2026-09-10T10:07:08.028Z</time>
			</trkpt>
			<trkpt lat="38.75977" lon="-1.8067">
				<ele>860.02</ele>
				<time>2026-09-10T10:07:22.222Z</time>
			</trkpt>
			<trkpt lat="38.75957" lon="-1.80719">
				<ele>859.91</ele>
				<time>2026-09-10T10:07:24.416Z</time>
			</trkpt>
			<trkpt lat="38.75946" lon="-1.80752">
				<ele>859.29</ele>
				<time>2026-09-10T10:07:25.840Z</time>
			</trkpt>
			<trkpt lat="38.75937" lon="-1.80793">
				<ele>862.07</ele>
				<time>2026-09-10T10:07:27.530Z</time>
			</trkpt>
			<trkpt lat="38.75852" lon="-1.81359">
				<ele>874.58</ele>
				<time>2026-09-10T10:07:50.404Z</time>
			</trkpt>
			<trkpt lat="38.75848" lon="-1.81402">
				<ele>875.97</ele>
				<time>2026-09-10T10:07:52.123Z</time>
			</trkpt>
			<trkpt lat="38.75849" lon="-1.81431">
				<ele>877.66</ele>
				<time>2026-09-10T10:07:53.275Z</time>
			</trkpt>
			<trkpt lat="38.75856" lon="-1.81488">
				<ele>878.16</ele>
				<time>2026-09-10T10:07:55.566Z</time>
			</trkpt>
			<trkpt lat="38.75909" lon="-1.81884">
				<ele>882.73</ele>
				<time>2026-09-10T10:08:11.517Z</time>
			</trkpt>
			<trkpt lat="38.75911" lon="-1.81915">
				<ele>882.67</ele>
				<time>2026-09-10T10:08:12.752Z</time>
			</trkpt>
			<trkpt lat="38.75909" lon="-1.81948">
				<ele>881.11</ele>
				<time>2026-09-10T10:08:14.066Z</time>
			</trkpt>
			<trkpt lat="38.75855" lon="-1.82285">
				<ele>878.18</ele>
				<time>2026-09-10T10:08:27.729Z</time>
			</trkpt>
			<trkpt lat="38.75852" lon="-1.82317">
				<ele>876.06</ele>
				<time>2026-09-10T10:08:29.010Z</time>
			</trkpt>
			<trkpt lat="38.75852" lon="-1.82341">
				<ele>873.58</ele>
				<time>2026-09-10T10:08:29.963Z</time>
			</trkpt>
			<trkpt lat="38.75855" lon="-1.82367">
				<ele>871.3</ele>
				<time>2026-09-10T10:08:31.007Z</time>
			</trkpt>
			<trkpt lat="38.75877" lon="-1.82471">
				<ele>867.68</ele>
				<time>2026-09-10T10:08:35.287Z</time>
			</trkpt>
			<trkpt lat="38.76029" lon="-1.82993">
				<ele>849.03</ele>
				<time>2026-09-10T10:08:57.429Z</time>
			</trkpt>
			<trkpt lat="38.76035" lon="-1.83021">
				<ele>848.58</ele>
				<time>2026-09-10T10:08:58.583Z</time>
			</trkpt>
			<trkpt lat="38.76034" lon="-1.83046">
				<ele>847.36</ele>
				<time>2026-09-10T10:08:59.578Z</time>
			</trkpt>
			<trkpt lat="38.76029" lon="-1.83062">
				<ele>846.5</ele>
				<time>2026-09-10T10:09:00.263Z</time>
			</trkpt>
			<trkpt lat="38.76019" lon="-1.83081">
				<ele>844.58</ele>
				<time>2026-09-10T10:09:01.174Z</time>
			</trkpt>
			<trkpt lat="38.7596" lon="-1.83157">
				<ele>840.46</ele>
				<time>2026-09-10T10:09:05.437Z</time>
			</trkpt>
			<trkpt lat="38.7593" lon="-1.83201">
				<ele>842.02</ele>
				<time>2026-09-10T10:09:07.761Z</time>
			</trkpt>
			<trkpt lat="38.75826" lon="-1.83395">
				<ele>850.13</ele>
				<time>2026-09-10T10:09:17.122Z</time>
			</trkpt>
			<trkpt lat="38.75798" lon="-1.83439">
				<ele>853.78</ele>
				<time>2026-09-10T10:09:19.381Z</time>
			</trkpt>
			<trkpt lat="38.75779" lon="-1.83464">
				<ele>851.7</ele>
				<time>2026-09-10T10:09:20.770Z</time>
			</trkpt>
			<trkpt lat="38.75751" lon="-1.83495">
				<ele>848.49</ele>
				<time>2026-09-10T10:09:22.656Z</time>
			</trkpt>
			<trkpt lat="38.7569" lon="-1.83573">
				<ele>852.05</ele>
				<time>2026-09-10T10:09:27.051Z</time>
			</trkpt>
			<trkpt lat="38.75673" lon="-1.83598">
				<ele>852</ele>
				<time>2026-09-10T10:09:28.370Z</time>
			</trkpt>
			<trkpt lat="38.75593" lon="-1.83767">
				<ele>849.78</ele>
				<time>2026-09-10T10:09:36.237Z</time>
			</trkpt>
			<trkpt lat="38.75503" lon="-1.83941">
				<ele>852.01</ele>
				<time>2026-09-10T10:09:44.547Z</time>
			</trkpt>
			<trkpt lat="38.75221" lon="-1.84509">
				<ele>843.92</ele>
				<time>2026-09-10T10:10:11.363Z</time>
			</trkpt>
			<trkpt lat="38.75189" lon="-1.84567">
				<ele>841.82</ele>
				<time>2026-09-10T10:10:14.194Z</time>
			</trkpt>
			<trkpt lat="38.7496" lon="-1.84915">
				<ele>847.42</ele>
				<time>2026-09-10T10:10:32.346Z</time>
			</trkpt>
			<trkpt lat="38.74845" lon="-1.85106">
				<ele>849.64</ele>
				<time>2026-09-10T10:10:41.972Z</time>
			</trkpt>
			<trkpt lat="38.74771" lon="-1.85224">
				<ele>853.8</ele>
				<time>2026-09-10T10:10:48.014Z</time>
			</trkpt>
			<trkpt lat="38.74702" lon="-1.85338">
				<ele>850.94</ele>
				<time>2026-09-10T10:10:53.773Z</time>
			</trkpt>
			<trkpt lat="38.74645" lon="-1.8541">
				<ele>857.1</ele>
				<time>2026-09-10T10:10:57.869Z</time>
			</trkpt>
			<trkpt lat="38.74378" lon="-1.85729">
				<ele>860.75</ele>
				<time>2026-09-10T10:11:16.560Z</time>
			</trkpt>
			<trkpt lat="38.74354" lon="-1.85754">
				<ele>862</ele>
				<time>2026-09-10T10:11:18.145Z</time>
			</trkpt>
			<trkpt lat="38.74333" lon="-1.8577">
				<ele>862</ele>
				<time>2026-09-10T10:11:19.396Z</time>
			</trkpt>
			<trkpt lat="38.74229" lon="-1.85849">
				<ele>865.3</ele>
				<time>2026-09-10T10:11:25.592Z</time>
			</trkpt>
			<trkpt lat="38.74204" lon="-1.85873">
				<ele>864.21</ele>
				<time>2026-09-10T10:11:27.193Z</time>
			</trkpt>
			<trkpt lat="38.74088" lon="-1.85999">
				<ele>861.81</ele>
				<time>2026-09-10T10:11:34.989Z</time>
			</trkpt>
			<trkpt lat="38.73782" lon="-1.86306">
				<ele>862.67</ele>
				<time>2026-09-10T10:11:54.926Z</time>
			</trkpt>
			<trkpt lat="38.73616" lon="-1.86464">
				<ele>858.56</ele>
				<time>2026-09-10T10:12:05.543Z</time>
			</trkpt>
			<trkpt lat="38.73587" lon="-1.86482">
				<ele>861.12</ele>
				<time>2026-09-10T10:12:07.198Z</time>
			</trkpt>
			<trkpt lat="38.73451" lon="-1.86544">
				<ele>859.71</ele>
				<time>2026-09-10T10:12:14.615Z</time>
			</trkpt>
			<trkpt lat="38.73434" lon="-1.86556">
				<ele>859.99</ele>
				<time>2026-09-10T10:12:15.613Z</time>
			</trkpt>
			<trkpt lat="38.73415" lon="-1.86573">
				<ele>860.03</ele>
				<time>2026-09-10T10:12:16.804Z</time>
			</trkpt>
			<trkpt lat="38.73395" lon="-1.86602">
				<ele>860.6</ele>
				<time>2026-09-10T10:12:18.356Z</time>
			</trkpt>
			<trkpt lat="38.73319" lon="-1.86741">
				<ele>858.16</ele>
				<time>2026-09-10T10:12:25.164Z</time>
			</trkpt>
			<trkpt lat="38.73307" lon="-1.86759">
				<ele>858</ele>
				<time>2026-09-10T10:12:26.114Z</time>
			</trkpt>
			<trkpt lat="38.73292" lon="-1.86777">
				<ele>858</ele>
				<time>2026-09-10T10:12:27.170Z</time>
			</trkpt>
			<trkpt lat="38.73269" lon="-1.86793">
				<ele>858.65</ele>
				<time>2026-09-10T10:12:28.516Z</time>
			</trkpt>
			<trkpt lat="38.73194" lon="-1.86821">
				<ele>859.54</ele>
				<time>2026-09-10T10:12:32.535Z</time>
			</trkpt>
			<trkpt lat="38.73138" lon="-1.8684">
				<ele>856.76</ele>
				<time>2026-09-10T10:12:35.515Z</time>
			</trkpt>
			<trkpt lat="38.73026" lon="-1.86886">
				<ele>857</ele>
				<time>2026-09-10T10:12:41.568Z</time>
			</trkpt>
			<trkpt lat="38.73011" lon="-1.86895">
				<ele>856.65</ele>
				<time>2026-09-10T10:12:42.421Z</time>
			</trkpt>
			<trkpt lat="38.72997" lon="-1.8691">
				<ele>855.42</ele>
				<time>2026-09-10T10:12:43.360Z</time>
			</trkpt>
			<trkpt lat="38.72985" lon="-1.86934">
				<ele>853.58</ele>
				<time>2026-09-10T10:12:44.505Z</time>
			</trkpt>
			<trkpt lat="38.72971" lon="-1.86974">
				<ele>851.06</ele>
				<time>2026-09-10T10:12:46.266Z</time>
			</trkpt>
			<trkpt lat="38.72935" lon="-1.8709">
				<ele>852.06</ele>
				<time>2026-09-10T10:12:51.281Z</time>
			</trkpt>
			<trkpt lat="38.72463" lon="-1.88608">
				<ele>871</ele>
				<time>2026-09-10T10:13:57.086Z</time>
			</trkpt>
			<trkpt lat="38.72449" lon="-1.88657">
				<ele>872.46</ele>
				<time>2026-09-10T10:13:59.193Z</time>
			</trkpt>
			<trkpt lat="38.72441" lon="-1.88699">
				<ele>873.88</ele>
				<time>2026-09-10T10:14:00.938Z</time>
			</trkpt>
			<trkpt lat="38.72436" lon="-1.88742">
				<ele>874.39</ele>
				<time>2026-09-10T10:14:02.693Z</time>
			</trkpt>
			<trkpt lat="38.72432" lon="-1.888">
				<ele>876.34</ele>
				<time>2026-09-10T10:14:05.045Z</time>
			</trkpt>
			<trkpt lat="38.72432" lon="-1.8884">
				<ele>876.55</ele>
				<time>2026-09-10T10:14:06.660Z</time>
			</trkpt>
			<trkpt lat="38.72438" lon="-1.88942">
				<ele>876.2</ele>
				<time>2026-09-10T10:14:10.792Z</time>
			</trkpt>
			<trkpt lat="38.72438" lon="-1.88996">
				<ele>877.02</ele>
				<time>2026-09-10T10:14:12.974Z</time>
			</trkpt>
			<trkpt lat="38.7241" lon="-1.89328">
				<ele>869.82</ele>
				<time>2026-09-10T10:14:26.475Z</time>
			</trkpt>
			<trkpt lat="38.72396" lon="-1.89428">
				<ele>875.73</ele>
				<time>2026-09-10T10:14:30.585Z</time>
			</trkpt>
			<trkpt lat="38.7239" lon="-1.89457">
				<ele>875.57</ele>
				<time>2026-09-10T10:14:31.799Z</time>
			</trkpt>
			<trkpt lat="38.72353" lon="-1.89572">
				<ele>875.81</ele>
				<time>2026-09-10T10:14:36.834Z</time>
			</trkpt>
			<trkpt lat="38.72343" lon="-1.89615">
				<ele>876.57</ele>
				<time>2026-09-10T10:14:38.651Z</time>
			</trkpt>
			<trkpt lat="38.72322" lon="-1.89724">
				<ele>875.02</ele>
				<time>2026-09-10T10:14:43.197Z</time>
			</trkpt>
			<trkpt lat="38.72289" lon="-1.89857">
				<ele>872.62</ele>
				<time>2026-09-10T10:14:48.851Z</time>
			</trkpt>
			<trkpt lat="38.72255" lon="-1.89973">
				<ele>868.38</ele>
				<time>2026-09-10T10:14:53.873Z</time>
			</trkpt>
			<trkpt lat="38.72258" lon="-1.90002">
				<ele>870.3</ele>
				<time>2026-09-10T10:14:55.059Z</time>
			</trkpt>
			<trkpt lat="38.7226" lon="-1.90014">
				<ele>870.56</ele>
				<time>2026-09-10T10:14:55.557Z</time>
			</trkpt>
			<trkpt lat="38.72259" lon="-1.90022">
				<ele>870.63</ele>
				<time>2026-09-10T10:14:55.885Z</time>
			</trkpt>
			<trkpt lat="38.72257" lon="-1.9003">
				<ele>870.5</ele>
				<time>2026-09-10T10:14:56.226Z</time>
			</trkpt>
			<trkpt lat="38.72252" lon="-1.90036">
				<ele>870.16</ele>
				<time>2026-09-10T10:14:56.582Z</time>
			</trkpt>
			<trkpt lat="38.72246" lon="-1.9004">
				<ele>869.64</ele>
				<time>2026-09-10T10:14:56.933Z</time>
			</trkpt>
			<trkpt lat="38.72238" lon="-1.90041">
				<ele>868.73</ele>
				<time>2026-09-10T10:14:57.351Z</time>
			</trkpt>
			<trkpt lat="38.7223" lon="-1.90037">
				<ele>867.88</ele>
				<time>2026-09-10T10:14:57.797Z</time>
			</trkpt>
			<trkpt lat="38.72217" lon="-1.90023">
				<ele>866.91</ele>
				<time>2026-09-10T10:14:58.680Z</time>
			</trkpt>
			<trkpt lat="38.72202" lon="-1.90016">
				<ele>866.33</ele>
				<time>2026-09-10T10:14:59.510Z</time>
			</trkpt>
			<trkpt lat="38.72016" lon="-1.90026">
				<ele>864.41</ele>
				<time>2026-09-10T10:15:09.174Z</time>
			</trkpt>
			<trkpt lat="38.71949" lon="-1.90035">
				<ele>861.67</ele>
				<time>2026-09-10T10:15:12.629Z</time>
			</trkpt>
			<trkpt lat="38.71905" lon="-1.90044">
				<ele>862.83</ele>
				<time>2026-09-10T10:15:14.899Z</time>
			</trkpt>
			<trkpt lat="38.71823" lon="-1.90073">
				<ele>861.74</ele>
				<time>2026-09-10T10:15:19.213Z</time>
			</trkpt>
			<trkpt lat="38.71748" lon="-1.90108">
				<ele>858.19</ele>
				<time>2026-09-10T10:15:23.246Z</time>
			</trkpt>
			<trkpt lat="38.71704" lon="-1.90135">
				<ele>854.23</ele>
				<time>2026-09-10T10:15:25.711Z</time>
			</trkpt>
			<trkpt lat="38.71641" lon="-1.90182">
				<ele>855.38</ele>
				<time>2026-09-10T10:15:29.403Z</time>
			</trkpt>
			<trkpt lat="38.71598" lon="-1.90219">
				<ele>853.66</ele>
				<time>2026-09-10T10:15:32.037Z</time>
			</trkpt>
			<trkpt lat="38.71547" lon="-1.90271">
				<ele>852.4</ele>
				<time>2026-09-10T10:15:35.370Z</time>
			</trkpt>
			<trkpt lat="38.71476" lon="-1.90356">
				<ele>851.52</ele>
				<time>2026-09-10T10:15:40.395Z</time>
			</trkpt>
			<trkpt lat="38.71356" lon="-1.9052">
				<ele>857.41</ele>
				<time>2026-09-10T10:15:49.709Z</time>
			</trkpt>
			<trkpt lat="38.71346" lon="-1.90542">
				<ele>858.77</ele>
				<time>2026-09-10T10:15:50.789Z</time>
			</trkpt>
			<trkpt lat="38.71346" lon="-1.90554">
				<ele>858.99</ele>
				<time>2026-09-10T10:15:51.300Z</time>
			</trkpt>
			<trkpt lat="38.71347" lon="-1.90561">
				<ele>858.87</ele>
				<time>2026-09-10T10:15:51.603Z</time>
			</trkpt>
			<trkpt lat="38.71343" lon="-1.90575">
				<ele>858.8</ele>
				<time>2026-09-10T10:15:52.241Z</time>
			</trkpt>
			<trkpt lat="38.71335" lon="-1.90584">
				<ele>858.91</ele>
				<time>2026-09-10T10:15:52.826Z</time>
			</trkpt>
			<trkpt lat="38.71323" lon="-1.90592">
				<ele>859.35</ele>
				<time>2026-09-10T10:15:53.572Z</time>
			</trkpt>
			<trkpt lat="38.71311" lon="-1.90611">
				<ele>859.79</ele>
				<time>2026-09-10T10:15:54.630Z</time>
			</trkpt>
			<trkpt lat="38.71207" lon="-1.90941">
				<ele>865.06</ele>
				<time>2026-09-10T10:16:10.509Z</time>
			</trkpt>
			<trkpt lat="38.71205" lon="-1.90959">
				<ele>864.79</ele>
				<time>2026-09-10T10:16:11.335Z</time>
			</trkpt>
			<trkpt lat="38.71206" lon="-1.90976">
				<ele>864.38</ele>
				<time>2026-09-10T10:16:12.117Z</time>
			</trkpt>
			<trkpt lat="38.7121" lon="-1.90993">
				<ele>863.4</ele>
				<time>2026-09-10T10:16:12.939Z</time>
			</trkpt>
			<trkpt lat="38.71205" lon="-1.91005">
				<ele>862.82</ele>
				<time>2026-09-10T10:16:13.576Z</time>
			</trkpt>
			<trkpt lat="38.71201" lon="-1.9101">
				<ele>862.65</ele>
				<time>2026-09-10T10:16:13.914Z</time>
			</trkpt>
			<trkpt lat="38.71192" lon="-1.91014">
				<ele>862.69</ele>
				<time>2026-09-10T10:16:14.495Z</time>
			</trkpt>
			<trkpt lat="38.71182" lon="-1.91011">
				<ele>863.51</ele>
				<time>2026-09-10T10:16:15.127Z</time>
			</trkpt>
			<trkpt lat="38.71167" lon="-1.90996">
				<ele>864.8</ele>
				<time>2026-09-10T10:16:16.320Z</time>
			</trkpt>
			<trkpt lat="38.71153" lon="-1.90989">
				<ele>865.05</ele>
				<time>2026-09-10T10:16:17.283Z</time>
			</trkpt>
			<trkpt lat="38.71119" lon="-1.90991">
				<ele>867.02</ele>
				<time>2026-09-10T10:16:19.542Z</time>
			</trkpt>
			<trkpt lat="38.71108" lon="-1.90995">
				<ele>867.74</ele>
				<time>2026-09-10T10:16:20.328Z</time>
			</trkpt>
			<trkpt lat="38.71091" lon="-1.91007">
				<ele>867.21</ele>
				<time>2026-09-10T10:16:21.698Z</time>
			</trkpt>
			<trkpt lat="38.71086" lon="-1.91014">
				<ele>867.05</ele>
				<time>2026-09-10T10:16:22.232Z</time>
			</trkpt>
			<trkpt lat="38.71076" lon="-1.91041">
				<ele>866.86</ele>
				<time>2026-09-10T10:16:23.963Z</time>
			</trkpt>
			<trkpt lat="38.71074" lon="-1.91057">
				<ele>867.05</ele>
				<time>2026-09-10T10:16:24.933Z</time>
			</trkpt>
			<trkpt lat="38.7108" lon="-1.9117">
				<ele>870</ele>
				<time>2026-09-10T10:16:33.517Z</time>
			</trkpt>
			<trkpt lat="38.71085" lon="-1.91228">
				<ele>870.12</ele>
				<time>2026-09-10T10:16:38.485Z</time>
			</trkpt>
			<trkpt lat="38.71094" lon="-1.91296">
				<ele>871.85</ele>
				<time>2026-09-10T10:16:42.920Z</time>
			</trkpt>
			<trkpt lat="38.71105" lon="-1.91354">
				<ele>870.68</ele>
				<time>2026-09-10T10:16:46.099Z</time>
			</trkpt>
			<trkpt lat="38.7112" lon="-1.91416">
				<ele>869.67</ele>
				<time>2026-09-10T10:16:49.300Z</time>
			</trkpt>
			<trkpt lat="38.71133" lon="-1.91462">
				<ele>870.11</ele>
				<time>2026-09-10T10:16:51.554Z</time>
			</trkpt>
			<trkpt lat="38.71154" lon="-1.91522">
				<ele>871.41</ele>
				<time>2026-09-10T10:16:54.398Z</time>
			</trkpt>
			<trkpt lat="38.71208" lon="-1.91644">
				<ele>877</ele>
				<time>2026-09-10T10:16:59.892Z</time>
			</trkpt>
			<trkpt lat="38.71238" lon="-1.91696">
				<ele>878.61</ele>
				<time>2026-09-10T10:17:02.234Z</time>
			</trkpt>
			<trkpt lat="38.71274" lon="-1.91751">
				<ele>881.12</ele>
				<time>2026-09-10T10:17:04.748Z</time>
			</trkpt>
			<trkpt lat="38.71315" lon="-1.91803">
				<ele>883.93</ele>
				<time>2026-09-10T10:17:07.285Z</time>
			</trkpt>
			<trkpt lat="38.71331" lon="-1.91816">
				<ele>884</ele>
				<time>2026-09-10T10:17:08.115Z</time>
			</trkpt>
			<trkpt lat="38.71347" lon="-1.91819">
				<ele>884.24</ele>
				<time>2026-09-10T10:17:08.824Z</time>
			</trkpt>
			<trkpt lat="38.71356" lon="-1.91818">
				<ele>884.35</ele>
				<time>2026-09-10T10:17:09.221Z</time>
			</trkpt>
			<trkpt lat="38.71363" lon="-1.9182">
				<ele>884.5</ele>
				<time>2026-09-10T10:17:09.537Z</time>
			</trkpt>
			<trkpt lat="38.7137" lon="-1.91825">
				<ele>884.69</ele>
				<time>2026-09-10T10:17:09.890Z</time>
			</trkpt>
			<trkpt lat="38.71374" lon="-1.91833">
				<ele>884.96</ele>
				<time>2026-09-10T10:17:10.218Z</time>
			</trkpt>
			<trkpt lat="38.71377" lon="-1.91842">
				<ele>885.28</ele>
				<time>2026-09-10T10:17:10.557Z</time>
			</trkpt>
			<trkpt lat="38.71377" lon="-1.91851">
				<ele>885.61</ele>
				<time>2026-09-10T10:17:10.869Z</time>
			</trkpt>
			<trkpt lat="38.71381" lon="-1.91867">
				<ele>886.17</ele>
				<time>2026-09-10T10:17:11.454Z</time>
			</trkpt>
			<trkpt lat="38.71397" lon="-1.91889">
				<ele>886.69</ele>
				<time>2026-09-10T10:17:12.513Z</time>
			</trkpt>
			<trkpt lat="38.7144" lon="-1.91928">
				<ele>886.81</ele>
				<time>2026-09-10T10:17:14.949Z</time>
			</trkpt>
			<trkpt lat="38.71478" lon="-1.91957">
				<ele>884.78</ele>
				<time>2026-09-10T10:17:17.082Z</time>
			</trkpt>
			<trkpt lat="38.71826" lon="-1.92215">
				<ele>896.52</ele>
				<time>2026-09-10T10:17:37.614Z</time>
			</trkpt>
			<trkpt lat="38.71897" lon="-1.92278">
				<ele>899.28</ele>
				<time>2026-09-10T10:17:42.031Z</time>
			</trkpt>
			<trkpt lat="38.71922" lon="-1.92303">
				<ele>901.28</ele>
				<time>2026-09-10T10:17:43.653Z</time>
			</trkpt>
			<trkpt lat="38.71947" lon="-1.92332">
				<ele>902.87</ele>
				<time>2026-09-10T10:17:45.378Z</time>
			</trkpt>
			<trkpt lat="38.71975" lon="-1.9237">
				<ele>900.76</ele>
				<time>2026-09-10T10:17:47.464Z</time>
			</trkpt>
			<trkpt lat="38.72011" lon="-1.92432">
				<ele>898.92</ele>
				<time>2026-09-10T10:17:50.549Z</time>
			</trkpt>
			<trkpt lat="38.72034" lon="-1.92487">
				<ele>903.64</ele>
				<time>2026-09-10T10:17:53.039Z</time>
			</trkpt>
			<trkpt lat="38.72055" lon="-1.92547">
				<ele>901.63</ele>
				<time>2026-09-10T10:17:55.664Z</time>
			</trkpt>
			<trkpt lat="38.72072" lon="-1.92613">
				<ele>904.04</ele>
				<time>2026-09-10T10:17:58.438Z</time>
			</trkpt>
			<trkpt lat="38.72079" lon="-1.92672">
				<ele>906.28</ele>
				<time>2026-09-10T10:18:00.820Z</time>
			</trkpt>
			<trkpt lat="38.72082" lon="-1.92703">
				<ele>907.92</ele>
				<time>2026-09-10T10:18:02.066Z</time>
			</trkpt>
			<trkpt lat="38.72081" lon="-1.9275">
				<ele>911.93</ele>
				<time>2026-09-10T10:18:03.943Z</time>
			</trkpt>
			<trkpt lat="38.72076" lon="-1.92813">
				<ele>915</ele>
				<time>2026-09-10T10:18:06.471Z</time>
			</trkpt>
			<trkpt lat="38.72066" lon="-1.92895">
				<ele>918.65</ele>
				<time>2026-09-10T10:18:09.783Z</time>
			</trkpt>
			<trkpt lat="38.71964" lon="-1.93548">
				<ele>934.8</ele>
				<time>2026-09-10T10:18:36.366Z</time>
			</trkpt>
			<trkpt lat="38.71963" lon="-1.93577">
				<ele>933.7</ele>
				<time>2026-09-10T10:18:37.524Z</time>
			</trkpt>
			<trkpt lat="38.7198" lon="-1.9403">
				<ele>922.59</ele>
				<time>2026-09-10T10:18:55.628Z</time>
			</trkpt>
			<trkpt lat="38.7198" lon="-1.94067">
				<ele>922.61</ele>
				<time>2026-09-10T10:18:57.105Z</time>
			</trkpt>
			<trkpt lat="38.71978" lon="-1.94092">
				<ele>922.38</ele>
				<time>2026-09-10T10:18:58.108Z</time>
			</trkpt>
			<trkpt lat="38.71865" lon="-1.94724">
				<ele>914</ele>
				<time>2026-09-10T10:19:23.991Z</time>
			</trkpt>
			<trkpt lat="38.7186" lon="-1.94776">
				<ele>913.03</ele>
				<time>2026-09-10T10:19:26.082Z</time>
			</trkpt>
			<trkpt lat="38.71866" lon="-1.94845">
				<ele>912.81</ele>
				<time>2026-09-10T10:19:28.854Z</time>
			</trkpt>
			<trkpt lat="38.71932" lon="-1.95264">
				<ele>912.92</ele>
				<time>2026-09-10T10:19:45.916Z</time>
			</trkpt>
			<trkpt lat="38.722" lon="-1.96928">
				<ele>936.73</ele>
				<time>2026-09-10T10:20:53.725Z</time>
			</trkpt>
			<trkpt lat="38.72349" lon="-1.97839">
				<ele>937.96</ele>
				<time>2026-09-10T10:21:30.858Z</time>
			</trkpt>
			<trkpt lat="38.72357" lon="-1.97902">
				<ele>939.42</ele>
				<time>2026-09-10T10:21:33.404Z</time>
			</trkpt>
			<trkpt lat="38.72359" lon="-1.98039">
				<ele>944.88</ele>
				<time>2026-09-10T10:21:38.869Z</time>
			</trkpt>
			<trkpt lat="38.72355" lon="-1.98761">
				<ele>960.61</ele>
				<time>2026-09-10T10:22:07.660Z</time>
			</trkpt>
			<trkpt lat="38.72359" lon="-1.98803">
				<ele>960.03</ele>
				<time>2026-09-10T10:22:09.347Z</time>
			</trkpt>
			<trkpt lat="38.72365" lon="-1.9884">
				<ele>963.06</ele>
				<time>2026-09-10T10:22:10.853Z</time>
			</trkpt>
			<trkpt lat="38.72374" lon="-1.98871">
				<ele>966.67</ele>
				<time>2026-09-10T10:22:12.172Z</time>
			</trkpt>
			<trkpt lat="38.72386" lon="-1.98899">
				<ele>968.82</ele>
				<time>2026-09-10T10:22:13.445Z</time>
			</trkpt>
			<trkpt lat="38.72383" lon="-1.98908">
				<ele>968.49</ele>
				<time>2026-09-10T10:22:13.836Z</time>
			</trkpt>
			<trkpt lat="38.72373" lon="-1.98919">
				<ele>967.21</ele>
				<time>2026-09-10T10:22:14.509Z</time>
			</trkpt>
			<trkpt lat="38.72368" lon="-1.98943">
				<ele>965.23</ele>
				<time>2026-09-10T10:22:15.499Z</time>
			</trkpt>
			<trkpt lat="38.7237" lon="-1.98975">
				<ele>963.58</ele>
				<time>2026-09-10T10:22:16.779Z</time>
			</trkpt>
			<trkpt lat="38.72388" lon="-1.9908">
				<ele>964.98</ele>
				<time>2026-09-10T10:22:21.064Z</time>
			</trkpt>
			<trkpt lat="38.7243" lon="-1.99234">
				<ele>968.59</ele>
				<time>2026-09-10T10:22:28.026Z</time>
			</trkpt>
			<trkpt lat="38.72589" lon="-1.99797">
				<ele>994.1</ele>
				<time>2026-09-10T10:23:07.886Z</time>
			</trkpt>
			<trkpt lat="38.726" lon="-1.99821">
				<ele>996.93</ele>
				<time>2026-09-10T10:23:10.431Z</time>
			</trkpt>
			<trkpt lat="38.72605" lon="-1.99827">
				<ele>997.92</ele>
				<time>2026-09-10T10:23:11.251Z</time>
			</trkpt>
			<trkpt lat="38.72605" lon="-1.99832">
				<ele>998.23</ele>
				<time>2026-09-10T10:23:11.721Z</time>
			</trkpt>
			<trkpt lat="38.72593" lon="-1.99846">
				<ele>997.49</ele>
				<time>2026-09-10T10:23:13.704Z</time>
			</trkpt>
			<trkpt lat="38.7259" lon="-1.99851">
				<ele>997.4</ele>
				<time>2026-09-10T10:23:14.315Z</time>
			</trkpt>
			<trkpt lat="38.72589" lon="-1.9986">
				<ele>997.64</ele>
				<time>2026-09-10T10:23:15.203Z</time>
			</trkpt>
			<trkpt lat="38.72604" lon="-1.99924">
				<ele>1001.5</ele>
				<time>2026-09-10T10:23:22.008Z</time>
			</trkpt>
			<trkpt lat="38.7261" lon="-1.99959">
				<ele>1004.52</ele>
				<time>2026-09-10T10:23:25.869Z</time>
			</trkpt>
			<trkpt lat="38.72621" lon="-2.00074">
				<ele>1009.53</ele>
				<time>2026-09-10T10:23:39.426Z</time>
			</trkpt>
			<trkpt lat="38.72629" lon="-2.00137">
				<ele>1009.34</ele>
				<time>2026-09-10T10:23:49.445Z</time>
			</trkpt>
			<trkpt lat="38.72633" lon="-2.00158">
				<ele>1009.72</ele>
				<time>2026-09-10T10:23:53.879Z</time>
			</trkpt>
			<trkpt lat="38.72636" lon="-2.00157">
				<ele>1009.88</ele>
				<time>2026-09-10T10:23:54.741Z</time>
			</trkpt>
			<trkpt lat="38.72648" lon="-2.0021">
				<ele>1012.5</ele>
				<time>2026-09-10T10:24:07.875Z</time>
			</trkpt>
			<trkpt lat="38.72656" lon="-2.00208">
				<ele>1012.93</ele>
				<time>2026-09-10T10:24:10.546Z</time>
			</trkpt>
			<trkpt lat="38.7266" lon="-2.00209">
				<ele>1014.45</ele>
				<time>2026-09-10T10:24:11.896Z</time>
			</trkpt>
			<trkpt lat="38.72656" lon="-2.00208">
				<ele>1012.93</ele>
				<time>2026-09-10T10:24:13.254Z</time>
			</trkpt>
			<trkpt lat="38.72648" lon="-2.0021">
				<ele>1012.5</ele>
				<time>2026-09-10T10:24:15.992Z</time>
			</trkpt>
			<trkpt lat="38.72636" lon="-2.00157">
				<ele>1009.88</ele>
				<time>2026-09-10T10:24:30.582Z</time>
			</trkpt>
			<trkpt lat="38.72633" lon="-2.00158">
				<ele>1009.72</ele>
				<time>2026-09-10T10:24:31.620Z</time>
			</trkpt>
			<trkpt lat="38.72629" lon="-2.00137">
				<ele>1009.34</ele>
				<time>2026-09-10T10:24:37.182Z</time>
			</trkpt>
			<trkpt lat="38.72621" lon="-2.00074">
				<ele>1009.53</ele>
				<time>2026-09-10T10:24:52.145Z</time>
			</trkpt>
			<trkpt lat="38.7261" lon="-1.99959">
				<ele>1004.52</ele>
				<time>2026-09-10T10:25:10.719Z</time>
			</trkpt>
			<trkpt lat="38.72604" lon="-1.99924">
				<ele>1001.5</ele>
				<time>2026-09-10T10:25:15.864Z</time>
			</trkpt>
			<trkpt lat="38.72589" lon="-1.9986">
				<ele>997.64</ele>
				<time>2026-09-10T10:25:25.462Z</time>
			</trkpt>
			<trkpt lat="38.72581" lon="-1.99849">
				<ele>996.54</ele>
				<time>2026-09-10T10:25:27.623Z</time>
			</trkpt>
			<trkpt lat="38.72573" lon="-1.99847">
				<ele>996.48</ele>
				<time>2026-09-10T10:25:29.123Z</time>
			</trkpt>
			<trkpt lat="38.72438" lon="-1.99923">
				<ele>995.45</ele>
				<time>2026-09-10T10:25:56.273Z</time>
			</trkpt>
			<trkpt lat="38.72408" lon="-1.99935">
				<ele>996.28</ele>
				<time>2026-09-10T10:26:02.059Z</time>
			</trkpt>
			<trkpt lat="38.72333" lon="-1.99944">
				<ele>996.94</ele>
				<time>2026-09-10T10:26:13.507Z</time>
			</trkpt>
			<trkpt lat="38.72321" lon="-1.99942">
				<ele>998.02</ele>
				<time>2026-09-10T10:26:14.861Z</time>
			</trkpt>
			<trkpt lat="38.7226" lon="-1.99925">
				<ele>996.81</ele>
				<time>2026-09-10T10:26:21.359Z</time>
			</trkpt>
			<trkpt lat="38.7222" lon="-1.99912">
				<ele>995.04</ele>
				<time>2026-09-10T10:26:25.243Z</time>
			</trkpt>
			<trkpt lat="38.72202" lon="-1.99901">
				<ele>994.87</ele>
				<time>2026-09-10T10:26:27.014Z</time>
			</trkpt>
			<trkpt lat="38.72099" lon="-1.99804">
				<ele>987.91</ele>
				<time>2026-09-10T10:26:36.978Z</time>
			</trkpt>
			<trkpt lat="38.72071" lon="-1.99784">
				<ele>988.91</ele>
				<time>2026-09-10T10:26:39.168Z</time>
			</trkpt>
			<trkpt lat="38.72057" lon="-1.99778">
				<ele>989.91</ele>
				<time>2026-09-10T10:26:40.144Z</time>
			</trkpt>
			<trkpt lat="38.71881" lon="-1.9972">
				<ele>990.3</ele>
				<time>2026-09-10T10:26:51.061Z</time>
			</trkpt>
			<trkpt lat="38.71661" lon="-1.99723">
				<ele>998.99</ele>
				<time>2026-09-10T10:27:04.250Z</time>
			</trkpt>
			<trkpt lat="38.71617" lon="-1.99726">
				<ele>1000.77</ele>
				<time>2026-09-10T10:27:07.160Z</time>
			</trkpt>
			<trkpt lat="38.7124" lon="-1.99794">
				<ele>992.39</ele>
				<time>2026-09-10T10:27:31.487Z</time>
			</trkpt>
			<trkpt lat="38.71175" lon="-1.99798">
				<ele>988.68</ele>
				<time>2026-09-10T10:27:35.506Z</time>
			</trkpt>
			<trkpt lat="38.71143" lon="-1.99796">
				<ele>986.01</ele>
				<time>2026-09-10T10:27:37.471Z</time>
			</trkpt>
			<trkpt lat="38.70556" lon="-1.99705">
				<ele>960.31</ele>
				<time>2026-09-10T10:28:12.179Z</time>
			</trkpt>
			<trkpt lat="38.70533" lon="-1.99697">
				<ele>960.87</ele>
				<time>2026-09-10T10:28:13.521Z</time>
			</trkpt>
			<trkpt lat="38.70094" lon="-1.99499">
				<ele>954.6</ele>
				<time>2026-09-10T10:28:38.963Z</time>
			</trkpt>
			<trkpt lat="38.70048" lon="-1.99467">
				<ele>955.84</ele>
				<time>2026-09-10T10:28:41.741Z</time>
			</trkpt>
			<trkpt lat="38.70027" lon="-1.99444">
				<ele>955.99</ele>
				<time>2026-09-10T10:28:43.201Z</time>
			</trkpt>
			<trkpt lat="38.69819" lon="-1.99191">
				<ele>956.83</ele>
				<time>2026-09-10T10:28:58.119Z</time>
			</trkpt>
			<trkpt lat="38.69768" lon="-1.99125">
				<ele>956.31</ele>
				<time>2026-09-10T10:29:01.826Z</time>
			</trkpt>
			<trkpt lat="38.69754" lon="-1.99104">
				<ele>956</ele>
				<time>2026-09-10T10:29:02.924Z</time>
			</trkpt>
			<trkpt lat="38.69721" lon="-1.9902">
				<ele>954.99</ele>
				<time>2026-09-10T10:29:06.646Z</time>
			</trkpt>
			<trkpt lat="38.69664" lon="-1.98846">
				<ele>955.94</ele>
				<time>2026-09-10T10:29:14.050Z</time>
			</trkpt>
			<trkpt lat="38.69641" lon="-1.98792">
				<ele>956.19</ele>
				<time>2026-09-10T10:29:16.445Z</time>
			</trkpt>
			<trkpt lat="38.69614" lon="-1.98732">
				<ele>959.61</ele>
				<time>2026-09-10T10:29:19.132Z</time>
			</trkpt>
			<trkpt lat="38.69573" lon="-1.98661">
				<ele>964.99</ele>
				<time>2026-09-10T10:29:22.544Z</time>
			</trkpt>
			<trkpt lat="38.69524" lon="-1.98593">
				<ele>970.04</ele>
				<time>2026-09-10T10:29:26.103Z</time>
			</trkpt>
			<trkpt lat="38.6948" lon="-1.9854">
				<ele>971.13</ele>
				<time>2026-09-10T10:29:29.067Z</time>
			</trkpt>
			<trkpt lat="38.69348" lon="-1.98411">
				<ele>976.36</ele>
				<time>2026-09-10T10:29:37.162Z</time>
			</trkpt>
			<trkpt lat="38.69299" lon="-1.98349">
				<ele>975.55</ele>
				<time>2026-09-10T10:29:40.500Z</time>
			</trkpt>
			<trkpt lat="38.69273" lon="-1.98308">
				<ele>973.29</ele>
				<time>2026-09-10T10:29:42.494Z</time>
			</trkpt>
			<trkpt lat="38.69245" lon="-1.98252">
				<ele>970.83</ele>
				<time>2026-09-10T10:29:44.999Z</time>
			</trkpt>
			<trkpt lat="38.69203" lon="-1.98159">
				<ele>979.48</ele>
				<time>2026-09-10T10:29:49.036Z</time>
			</trkpt>
			<trkpt lat="38.69184" lon="-1.98129">
				<ele>978.96</ele>
				<time>2026-09-10T10:29:50.485Z</time>
			</trkpt>
			<trkpt lat="38.69164" lon="-1.98103">
				<ele>978.81</ele>
				<time>2026-09-10T10:29:51.853Z</time>
			</trkpt>
			<trkpt lat="38.69145" lon="-1.98083">
				<ele>979.46</ele>
				<time>2026-09-10T10:29:53.032Z</time>
			</trkpt>
			<trkpt lat="38.68776" lon="-1.9776">
				<ele>978.72</ele>
				<time>2026-09-10T10:30:14.365Z</time>
			</trkpt>
			<trkpt lat="38.68737" lon="-1.97737">
				<ele>979.21</ele>
				<time>2026-09-10T10:30:16.410Z</time>
			</trkpt>
			<trkpt lat="38.68698" lon="-1.97725">
				<ele>981.62</ele>
				<time>2026-09-10T10:30:18.320Z</time>
			</trkpt>
			<trkpt lat="38.6867" lon="-1.97722">
				<ele>981.09</ele>
				<time>2026-09-10T10:30:19.659Z</time>
			</trkpt>
			<trkpt lat="38.68638" lon="-1.97722">
				<ele>979.05</ele>
				<time>2026-09-10T10:30:21.184Z</time>
			</trkpt>
			<trkpt lat="38.68597" lon="-1.97732">
				<ele>980.47</ele>
				<time>2026-09-10T10:30:23.173Z</time>
			</trkpt>
			<trkpt lat="38.68566" lon="-1.97746">
				<ele>981</ele>
				<time>2026-09-10T10:30:24.740Z</time>
			</trkpt>
			<trkpt lat="38.68275" lon="-1.97945">
				<ele>981.91</ele>
				<time>2026-09-10T10:30:40.522Z</time>
			</trkpt>
			<trkpt lat="38.68242" lon="-1.9797">
				<ele>981</ele>
				<time>2026-09-10T10:30:42.365Z</time>
			</trkpt>
			<trkpt lat="38.68136" lon="-1.98066">
				<ele>980.02</ele>
				<time>2026-09-10T10:30:48.626Z</time>
			</trkpt>
			<trkpt lat="38.68113" lon="-1.98082">
				<ele>979.22</ele>
				<time>2026-09-10T10:30:49.893Z</time>
			</trkpt>
			<trkpt lat="38.68092" lon="-1.98092">
				<ele>977.58</ele>
				<time>2026-09-10T10:30:50.978Z</time>
			</trkpt>
			<trkpt lat="38.68058" lon="-1.98105">
				<ele>974.4</ele>
				<time>2026-09-10T10:30:52.699Z</time>
			</trkpt>
			<trkpt lat="38.68019" lon="-1.9811">
				<ele>971.7</ele>
				<time>2026-09-10T10:30:54.604Z</time>
			</trkpt>
			<trkpt lat="38.67421" lon="-1.98087">
				<ele>941.91</ele>
				<time>2026-09-10T10:31:24.247Z</time>
			</trkpt>
			<trkpt lat="38.67222" lon="-1.98087">
				<ele>934</ele>
				<time>2026-09-10T10:31:34.411Z</time>
			</trkpt>
			<trkpt lat="38.6707" lon="-1.98092">
				<ele>929.61</ele>
				<time>2026-09-10T10:31:42.304Z</time>
			</trkpt>
			<trkpt lat="38.66981" lon="-1.981">
				<ele>925.68</ele>
				<time>2026-09-10T10:31:46.992Z</time>
			</trkpt>
			<trkpt lat="38.66721" lon="-1.98145">
				<ele>924.9</ele>
				<time>2026-09-10T10:32:01.040Z</time>
			</trkpt>
			<trkpt lat="38.66687" lon="-1.98149">
				<ele>922.5</ele>
				<time>2026-09-10T10:32:02.899Z</time>
			</trkpt>
			<trkpt lat="38.66658" lon="-1.98149">
				<ele>922.09</ele>
				<time>2026-09-10T10:32:04.483Z</time>
			</trkpt>
			<trkpt lat="38.66623" lon="-1.98146">
				<ele>922.67</ele>
				<time>2026-09-10T10:32:06.408Z</time>
			</trkpt>
			<trkpt lat="38.66573" lon="-1.98138">
				<ele>922.04</ele>
				<time>2026-09-10T10:32:09.186Z</time>
			</trkpt>
			<trkpt lat="38.66273" lon="-1.98071">
				<ele>911.16</ele>
				<time>2026-09-10T10:32:26.356Z</time>
			</trkpt>
			<trkpt lat="38.6625" lon="-1.98064">
				<ele>911.25</ele>
				<time>2026-09-10T10:32:27.718Z</time>
			</trkpt>
			<trkpt lat="38.66224" lon="-1.98051">
				<ele>911.56</ele>
				<time>2026-09-10T10:32:29.331Z</time>
			</trkpt>
			<trkpt lat="38.66194" lon="-1.98028">
				<ele>911.96</ele>
				<time>2026-09-10T10:32:31.360Z</time>
			</trkpt>
			<trkpt lat="38.66156" lon="-1.9799">
				<ele>909.57</ele>
				<time>2026-09-10T10:32:34.174Z</time>
			</trkpt>
			<trkpt lat="38.65701" lon="-1.97507">
				<ele>907.91</ele>
				<time>2026-09-10T10:33:10.293Z</time>
			</trkpt>
			<trkpt lat="38.65671" lon="-1.9748">
				<ele>909.49</ele>
				<time>2026-09-10T10:33:12.641Z</time>
			</trkpt>
			<trkpt lat="38.65648" lon="-1.97463">
				<ele>910.27</ele>
				<time>2026-09-10T10:33:14.349Z</time>
			</trkpt>
			<trkpt lat="38.65613" lon="-1.97443">
				<ele>910.81</ele>
				<time>2026-09-10T10:33:16.828Z</time>
			</trkpt>
			<trkpt lat="38.65585" lon="-1.97433">
				<ele>911.06</ele>
				<time>2026-09-10T10:33:18.717Z</time>
			</trkpt>
			<trkpt lat="38.65532" lon="-1.97424">
				<ele>915.11</ele>
				<time>2026-09-10T10:33:22.215Z</time>
			</trkpt>
			<trkpt lat="38.65506" lon="-1.97425">
				<ele>915.59</ele>
				<time>2026-09-10T10:33:23.927Z</time>
			</trkpt>
			<trkpt lat="38.65471" lon="-1.9743">
				<ele>914.94</ele>
				<time>2026-09-10T10:33:26.257Z</time>
			</trkpt>
			<trkpt lat="38.65425" lon="-1.97443">
				<ele>915.54</ele>
				<time>2026-09-10T10:33:29.394Z</time>
			</trkpt>
			<trkpt lat="38.65297" lon="-1.97484">
				<ele>921.64</ele>
				<time>2026-09-10T10:33:38.307Z</time>
			</trkpt>
			<trkpt lat="38.65253" lon="-1.97494">
				<ele>921.43</ele>
				<time>2026-09-10T10:33:41.369Z</time>
			</trkpt>
			<trkpt lat="38.64897" lon="-1.97553">
				<ele>924.4</ele>
				<time>2026-09-10T10:34:06.800Z</time>
			</trkpt>
			<trkpt lat="38.64878" lon="-1.97559">
				<ele>925.9</ele>
				<time>2026-09-10T10:34:08.231Z</time>
			</trkpt>
			<trkpt lat="38.6486" lon="-1.97569">
				<ele>927</ele>
				<time>2026-09-10T10:34:09.670Z</time>
			</trkpt>
			<trkpt lat="38.64843" lon="-1.97582">
				<ele>927</ele>
				<time>2026-09-10T10:34:11.127Z</time>
			</trkpt>
			<trkpt lat="38.64831" lon="-1.97595">
				<ele>926.97</ele>
				<time>2026-09-10T10:34:12.287Z</time>
			</trkpt>
			<trkpt lat="38.64814" lon="-1.97621">
				<ele>925.96</ele>
				<time>2026-09-10T10:34:14.249Z</time>
			</trkpt>
			<trkpt lat="38.64799" lon="-1.97656">
				<ele>923.5</ele>
				<time>2026-09-10T10:34:16.570Z</time>
			</trkpt>
			<trkpt lat="38.6472" lon="-1.97869">
				<ele>915.68</ele>
				<time>2026-09-10T10:34:30.533Z</time>
			</trkpt>
			<trkpt lat="38.64739" lon="-1.97879">
				<ele>917.25</ele>
				<time>2026-09-10T10:34:32.118Z</time>
			</trkpt>
			<trkpt lat="38.64774" lon="-1.97893">
				<ele>920.16</ele>
				<time>2026-09-10T10:34:34.961Z</time>
			</trkpt>
			<trkpt lat="38.64783" lon="-1.97899">
				<ele>920.7</ele>
				<time>2026-09-10T10:34:35.750Z</time>
			</trkpt>
			<trkpt lat="38.64822" lon="-1.97942">
				<ele>923.8</ele>
				<time>2026-09-10T10:34:39.778Z</time>
			</trkpt>
			<trkpt lat="38.64868" lon="-1.97986">
				<ele>926.97</ele>
				<time>2026-09-10T10:34:44.314Z</time>
			</trkpt>
			<trkpt lat="38.64909" lon="-1.9802">
				<ele>928.46</ele>
				<time>2026-09-10T10:34:48.209Z</time>
			</trkpt>
			<trkpt lat="38.64901" lon="-1.98045">
				<ele>928.73</ele>
				<time>2026-09-10T10:34:49.997Z</time>
			</trkpt>
			<trkpt lat="38.64909" lon="-1.9802">
				<ele>928.46</ele>
				<time>2026-09-10T10:34:51.933Z</time>
			</trkpt>
			<trkpt lat="38.64868" lon="-1.97986">
				<ele>926.97</ele>
				<time>2026-09-10T10:34:56.851Z</time>
			</trkpt>
			<trkpt lat="38.64822" lon="-1.97942">
				<ele>923.8</ele>
				<time>2026-09-10T10:35:03.067Z</time>
			</trkpt>
			<trkpt lat="38.64783" lon="-1.97899">
				<ele>920.7</ele>
				<time>2026-09-10T10:35:08.651Z</time>
			</trkpt>
			<trkpt lat="38.64774" lon="-1.97893">
				<ele>920.16</ele>
				<time>2026-09-10T10:35:09.720Z</time>
			</trkpt>
			<trkpt lat="38.64739" lon="-1.97879">
				<ele>917.25</ele>
				<time>2026-09-10T10:35:13.490Z</time>
			</trkpt>
			<trkpt lat="38.6472" lon="-1.97869">
				<ele>915.68</ele>
				<time>2026-09-10T10:35:15.563Z</time>
			</trkpt>
			<trkpt lat="38.6471" lon="-1.97868">
				<ele>915.06</ele>
				<time>2026-09-10T10:35:16.412Z</time>
			</trkpt>
			<trkpt lat="38.64646" lon="-1.97844">
				<ele>910.43</ele>
				<time>2026-09-10T10:35:22.002Z</time>
			</trkpt>
			<trkpt lat="38.64595" lon="-1.97819">
				<ele>905.68</ele>
				<time>2026-09-10T10:35:26.517Z</time>
			</trkpt>
			<trkpt lat="38.6383" lon="-1.97353">
				<ele>888.86</ele>
				<time>2026-09-10T10:36:30.043Z</time>
			</trkpt>
			<trkpt lat="38.63818" lon="-1.97342">
				<ele>888.98</ele>
				<time>2026-09-10T10:36:31.055Z</time>
			</trkpt>
			<trkpt lat="38.6381" lon="-1.97331">
				<ele>888.82</ele>
				<time>2026-09-10T10:36:31.857Z</time>
			</trkpt>
			<trkpt lat="38.63804" lon="-1.97319">
				<ele>889.13</ele>
				<time>2026-09-10T10:36:32.616Z</time>
			</trkpt>
			<trkpt lat="38.63735" lon="-1.97116">
				<ele>901.19</ele>
				<time>2026-09-10T10:36:44.213Z</time>
			</trkpt>
			<trkpt lat="38.63724" lon="-1.97093">
				<ele>900.19</ele>
				<time>2026-09-10T10:36:45.601Z</time>
			</trkpt>
			<trkpt lat="38.6371" lon="-1.97081">
				<ele>901.05</ele>
				<time>2026-09-10T10:36:46.707Z</time>
			</trkpt>
			<trkpt lat="38.63561" lon="-1.97079">
				<ele>900.35</ele>
				<time>2026-09-10T10:36:56.355Z</time>
			</trkpt>
			<trkpt lat="38.63539" lon="-1.97077">
				<ele>901.79</ele>
				<time>2026-09-10T10:36:57.763Z</time>
			</trkpt>
			<trkpt lat="38.63526" lon="-1.97074">
				<ele>902.34</ele>
				<time>2026-09-10T10:36:58.604Z</time>
			</trkpt>
			<trkpt lat="38.63517" lon="-1.97068">
				<ele>902.44</ele>
				<time>2026-09-10T10:36:59.249Z</time>
			</trkpt>
			<trkpt lat="38.63488" lon="-1.97033">
				<ele>903.54</ele>
				<time>2026-09-10T10:37:01.771Z</time>
			</trkpt>
			<trkpt lat="38.63472" lon="-1.97008">
				<ele>904.89</ele>
				<time>2026-09-10T10:37:03.360Z</time>
			</trkpt>
			<trkpt lat="38.63412" lon="-1.96888">
				<ele>907.6</ele>
				<time>2026-09-10T10:37:10.295Z</time>
			</trkpt>
			<trkpt lat="38.63389" lon="-1.9685">
				<ele>909.13</ele>
				<time>2026-09-10T10:37:12.609Z</time>
			</trkpt>
			<trkpt lat="38.63264" lon="-1.96716">
				<ele>908.47</ele>
				<time>2026-09-10T10:37:22.520Z</time>
			</trkpt>
			<trkpt lat="38.63137" lon="-1.96597">
				<ele>910.08</ele>
				<time>2026-09-10T10:37:31.895Z</time>
			</trkpt>
			<trkpt lat="38.63052" lon="-1.96497">
				<ele>905.73</ele>
				<time>2026-09-10T10:37:38.668Z</time>
			</trkpt>
			<trkpt lat="38.63045" lon="-1.96483">
				<ele>904.76</ele>
				<time>2026-09-10T10:37:39.425Z</time>
			</trkpt>
			<trkpt lat="38.63041" lon="-1.96471">
				<ele>903.95</ele>
				<time>2026-09-10T10:37:40.018Z</time>
			</trkpt>
			<trkpt lat="38.63037" lon="-1.96449">
				<ele>903.13</ele>
				<time>2026-09-10T10:37:41.044Z</time>
			</trkpt>
			<trkpt lat="38.63017" lon="-1.96324">
				<ele>903.96</ele>
				<time>2026-09-10T10:37:46.808Z</time>
			</trkpt>
			<trkpt lat="38.63011" lon="-1.96297">
				<ele>903.72</ele>
				<time>2026-09-10T10:37:48.069Z</time>
			</trkpt>
			<trkpt lat="38.62971" lon="-1.96186">
				<ele>902.05</ele>
				<time>2026-09-10T10:37:53.538Z</time>
			</trkpt>
			<trkpt lat="38.6296" lon="-1.96162">
				<ele>900.83</ele>
				<time>2026-09-10T10:37:54.777Z</time>
			</trkpt>
			<trkpt lat="38.62626" lon="-1.95531">
				<ele>894</ele>
				<time>2026-09-10T10:38:28.253Z</time>
			</trkpt>
			<trkpt lat="38.62503" lon="-1.95295">
				<ele>886.23</ele>
				<time>2026-09-10T10:38:40.650Z</time>
			</trkpt>
			<trkpt lat="38.62491" lon="-1.9527">
				<ele>884.67</ele>
				<time>2026-09-10T10:38:41.935Z</time>
			</trkpt>
			<trkpt lat="38.62465" lon="-1.952">
				<ele>881.97</ele>
				<time>2026-09-10T10:38:45.336Z</time>
			</trkpt>
			<trkpt lat="38.62229" lon="-1.94516">
				<ele>862.86</ele>
				<time>2026-09-10T10:39:18.778Z</time>
			</trkpt>
			<trkpt lat="38.6222" lon="-1.94497">
				<ele>861.81</ele>
				<time>2026-09-10T10:39:19.797Z</time>
			</trkpt>
			<trkpt lat="38.62215" lon="-1.94492">
				<ele>861.53</ele>
				<time>2026-09-10T10:39:20.170Z</time>
			</trkpt>
			<trkpt lat="38.62207" lon="-1.94491">
				<ele>861.31</ele>
				<time>2026-09-10T10:39:20.643Z</time>
			</trkpt>
			<trkpt lat="38.62137" lon="-1.94494">
				<ele>863.04</ele>
				<time>2026-09-10T10:39:24.780Z</time>
			</trkpt>
			<trkpt lat="38.61464" lon="-1.94568">
				<ele>884.88</ele>
				<time>2026-09-10T10:40:04.679Z</time>
			</trkpt>
			<trkpt lat="38.61396" lon="-1.94578">
				<ele>888.73</ele>
				<time>2026-09-10T10:40:08.601Z</time>
			</trkpt>
			<trkpt lat="38.61236" lon="-1.94608">
				<ele>889.2</ele>
				<time>2026-09-10T10:40:17.782Z</time>
			</trkpt>
			<trkpt lat="38.61205" lon="-1.94612">
				<ele>890.61</ele>
				<time>2026-09-10T10:40:19.539Z</time>
			</trkpt>
			<trkpt lat="38.6118" lon="-1.94611">
				<ele>891.98</ele>
				<time>2026-09-10T10:40:20.946Z</time>
			</trkpt>
			<trkpt lat="38.61149" lon="-1.94606">
				<ele>891.38</ele>
				<time>2026-09-10T10:40:22.700Z</time>
			</trkpt>
			<trkpt lat="38.6107" lon="-1.94583">
				<ele>887.36</ele>
				<time>2026-09-10T10:40:27.232Z</time>
			</trkpt>
			<trkpt lat="38.61023" lon="-1.94573">
				<ele>887.24</ele>
				<time>2026-09-10T10:40:29.886Z</time>
			</trkpt>
			<trkpt lat="38.60996" lon="-1.94574">
				<ele>886.16</ele>
				<time>2026-09-10T10:40:31.387Z</time>
			</trkpt>
			<trkpt lat="38.60955" lon="-1.94589">
				<ele>886.74</ele>
				<time>2026-09-10T10:40:33.752Z</time>
			</trkpt>
			<trkpt lat="38.60923" lon="-1.94608">
				<ele>887</ele>
				<time>2026-09-10T10:40:35.704Z</time>
			</trkpt>
			<trkpt lat="38.60859" lon="-1.94654">
				<ele>886.39</ele>
				<time>2026-09-10T10:40:39.753Z</time>
			</trkpt>
			<trkpt lat="38.60822" lon="-1.94685">
				<ele>887.4</ele>
				<time>2026-09-10T10:40:42.185Z</time>
			</trkpt>
			<trkpt lat="38.60798" lon="-1.9471">
				<ele>888.3</ele>
				<time>2026-09-10T10:40:43.883Z</time>
			</trkpt>
			<trkpt lat="38.60776" lon="-1.94745">
				<ele>887.94</ele>
				<time>2026-09-10T10:40:45.807Z</time>
			</trkpt>
			<trkpt lat="38.60703" lon="-1.94887">
				<ele>892.64</ele>
				<time>2026-09-10T10:40:53.057Z</time>
			</trkpt>
			<trkpt lat="38.60679" lon="-1.94927">
				<ele>896.89</ele>
				<time>2026-09-10T10:40:55.201Z</time>
			</trkpt>
			<trkpt lat="38.60644" lon="-1.94972">
				<ele>899.58</ele>
				<time>2026-09-10T10:40:57.895Z</time>
			</trkpt>
			<trkpt lat="38.60523" lon="-1.95114">
				<ele>896.76</ele>
				<time>2026-09-10T10:41:06.778Z</time>
			</trkpt>
			<trkpt lat="38.60489" lon="-1.95165">
				<ele>892.69</ele>
				<time>2026-09-10T10:41:09.604Z</time>
			</trkpt>
			<trkpt lat="38.60367" lon="-1.95442">
				<ele>876</ele>
				<time>2026-09-10T10:41:22.967Z</time>
			</trkpt>
			<trkpt lat="38.60344" lon="-1.95477">
				<ele>873.66</ele>
				<time>2026-09-10T10:41:24.885Z</time>
			</trkpt>
			<trkpt lat="38.60314" lon="-1.95513">
				<ele>870.52</ele>
				<time>2026-09-10T10:41:27.092Z</time>
			</trkpt>
			<trkpt lat="38.59419" lon="-1.96457">
				<ele>834.13</ele>
				<time>2026-09-10T10:42:29.890Z</time>
			</trkpt>
			<trkpt lat="38.59328" lon="-1.96546">
				<ele>831.72</ele>
				<time>2026-09-10T10:42:36.246Z</time>
			</trkpt>
			<trkpt lat="38.5932" lon="-1.96556">
				<ele>831.01</ele>
				<time>2026-09-10T10:42:36.869Z</time>
			</trkpt>
			<trkpt lat="38.59298" lon="-1.9657">
				<ele>830.25</ele>
				<time>2026-09-10T10:42:38.240Z</time>
			</trkpt>
			<trkpt lat="38.59279" lon="-1.96586">
				<ele>829.11</ele>
				<time>2026-09-10T10:42:39.510Z</time>
			</trkpt>
			<trkpt lat="38.59267" lon="-1.96592">
				<ele>828.93</ele>
				<time>2026-09-10T10:42:40.231Z</time>
			</trkpt>
			<trkpt lat="38.59224" lon="-1.96607">
				<ele>827.13</ele>
				<time>2026-09-10T10:42:42.728Z</time>
			</trkpt>
			<trkpt lat="38.59184" lon="-1.96612">
				<ele>825.98</ele>
				<time>2026-09-10T10:42:44.986Z</time>
			</trkpt>
			<trkpt lat="38.59154" lon="-1.96613">
				<ele>824.66</ele>
				<time>2026-09-10T10:42:46.676Z</time>
			</trkpt>
			<trkpt lat="38.59044" lon="-1.96602">
				<ele>816.39</ele>
				<time>2026-09-10T10:42:52.923Z</time>
			</trkpt>
			<trkpt lat="38.58843" lon="-1.96602">
				<ele>807.58</ele>
				<time>2026-09-10T10:43:04.443Z</time>
			</trkpt>
			<trkpt lat="38.58788" lon="-1.96596">
				<ele>804.11</ele>
				<time>2026-09-10T10:43:07.641Z</time>
			</trkpt>
			<trkpt lat="38.58725" lon="-1.96579">
				<ele>804.47</ele>
				<time>2026-09-10T10:43:11.391Z</time>
			</trkpt>
			<trkpt lat="38.58681" lon="-1.96561">
				<ele>803.1</ele>
				<time>2026-09-10T10:43:14.095Z</time>
			</trkpt>
			<trkpt lat="38.58647" lon="-1.96544">
				<ele>799.6</ele>
				<time>2026-09-10T10:43:16.240Z</time>
			</trkpt>
			<trkpt lat="38.58554" lon="-1.9649">
				<ele>796.11</ele>
				<time>2026-09-10T10:43:22.282Z</time>
			</trkpt>
			<trkpt lat="38.58525" lon="-1.96477">
				<ele>797.83</ele>
				<time>2026-09-10T10:43:24.111Z</time>
			</trkpt>
			<trkpt lat="38.58499" lon="-1.96469">
				<ele>799.4</ele>
				<time>2026-09-10T10:43:25.708Z</time>
			</trkpt>
			<trkpt lat="38.58472" lon="-1.96468">
				<ele>800.25</ele>
				<time>2026-09-10T10:43:27.325Z</time>
			</trkpt>
			<trkpt lat="38.58451" lon="-1.9647">
				<ele>801.4</ele>
				<time>2026-09-10T10:43:28.589Z</time>
			</trkpt>
			<trkpt lat="38.58428" lon="-1.96476">
				<ele>803</ele>
				<time>2026-09-10T10:43:30.001Z</time>
			</trkpt>
			<trkpt lat="38.57979" lon="-1.96632">
				<ele>782.5</ele>
				<time>2026-09-10T10:43:58.756Z</time>
			</trkpt>
			<trkpt lat="38.57947" lon="-1.96647">
				<ele>778.32</ele>
				<time>2026-09-10T10:44:00.923Z</time>
			</trkpt>
			<trkpt lat="38.57914" lon="-1.96669">
				<ele>778.25</ele>
				<time>2026-09-10T10:44:03.301Z</time>
			</trkpt>
			<trkpt lat="38.57856" lon="-1.96725">
				<ele>789.37</ele>
				<time>2026-09-10T10:44:07.974Z</time>
			</trkpt>
			<trkpt lat="38.57807" lon="-1.96778">
				<ele>795.76</ele>
				<time>2026-09-10T10:44:12.137Z</time>
			</trkpt>
			<trkpt lat="38.57729" lon="-1.96876">
				<ele>797.81</ele>
				<time>2026-09-10T10:44:19.309Z</time>
			</trkpt>
			<trkpt lat="38.57713" lon="-1.96889">
				<ele>798</ele>
				<time>2026-09-10T10:44:20.563Z</time>
			</trkpt>
			<trkpt lat="38.57668" lon="-1.96905">
				<ele>801.84</ele>
				<time>2026-09-10T10:44:23.665Z</time>
			</trkpt>
			<trkpt lat="38.57661" lon="-1.9691">
				<ele>801.9</ele>
				<time>2026-09-10T10:44:24.200Z</time>
			</trkpt>
			<trkpt lat="38.57653" lon="-1.96928">
				<ele>802.45</ele>
				<time>2026-09-10T10:44:25.280Z</time>
			</trkpt>
			<trkpt lat="38.57654" lon="-1.96933">
				<ele>802.97</ele>
				<time>2026-09-10T10:44:25.550Z</time>
			</trkpt>
			<trkpt lat="38.57653" lon="-1.96949">
				<ele>804.49</ele>
				<time>2026-09-10T10:44:26.390Z</time>
			</trkpt>
			<trkpt lat="38.57651" lon="-1.96958">
				<ele>805.64</ele>
				<time>2026-09-10T10:44:26.880Z</time>
			</trkpt>
			<trkpt lat="38.57599" lon="-1.96999">
				<ele>806.09</ele>
				<time>2026-09-10T10:44:30.993Z</time>
			</trkpt>
			<trkpt lat="38.57585" lon="-1.97006">
				<ele>806.01</ele>
				<time>2026-09-10T10:44:32.011Z</time>
			</trkpt>
			<trkpt lat="38.57574" lon="-1.9701">
				<ele>806.5</ele>
				<time>2026-09-10T10:44:32.786Z</time>
			</trkpt>
			<trkpt lat="38.57557" lon="-1.97012">
				<ele>807.71</ele>
				<time>2026-09-10T10:44:33.946Z</time>
			</trkpt>
			<trkpt lat="38.57539" lon="-1.97009">
				<ele>808.02</ele>
				<time>2026-09-10T10:44:35.182Z</time>
			</trkpt>
			<trkpt lat="38.57525" lon="-1.97004">
				<ele>808.18</ele>
				<time>2026-09-10T10:44:36.174Z</time>
			</trkpt>
			<trkpt lat="38.57504" lon="-1.96989">
				<ele>808.49</ele>
				<time>2026-09-10T10:44:37.820Z</time>
			</trkpt>
			<trkpt lat="38.57429" lon="-1.96918">
				<ele>811.97</ele>
				<time>2026-09-10T10:44:44.304Z</time>
			</trkpt>
			<trkpt lat="38.57405" lon="-1.9689">
				<ele>814.39</ele>
				<time>2026-09-10T10:44:46.384Z</time>
			</trkpt>
			<trkpt lat="38.57395" lon="-1.96871">
				<ele>815.56</ele>
				<time>2026-09-10T10:44:47.513Z</time>
			</trkpt>
			<trkpt lat="38.57389" lon="-1.96854">
				<ele>816.27</ele>
				<time>2026-09-10T10:44:48.424Z</time>
			</trkpt>
			<trkpt lat="38.57384" lon="-1.96827">
				<ele>817.04</ele>
				<time>2026-09-10T10:44:49.765Z</time>
			</trkpt>
			<trkpt lat="38.57344" lon="-1.96477">
				<ele>810.89</ele>
				<time>2026-09-10T10:45:05.506Z</time>
			</trkpt>
			<trkpt lat="38.5734" lon="-1.96448">
				<ele>808.92</ele>
				<time>2026-09-10T10:45:06.718Z</time>
			</trkpt>
			<trkpt lat="38.57333" lon="-1.96424">
				<ele>808.07</ele>
				<time>2026-09-10T10:45:07.761Z</time>
			</trkpt>
			<trkpt lat="38.57317" lon="-1.96394">
				<ele>807.13</ele>
				<time>2026-09-10T10:45:09.223Z</time>
			</trkpt>
			<trkpt lat="38.57304" lon="-1.96381">
				<ele>806.21</ele>
				<time>2026-09-10T10:45:10.064Z</time>
			</trkpt>
			<trkpt lat="38.57287" lon="-1.96369">
				<ele>804.74</ele>
				<time>2026-09-10T10:45:11.045Z</time>
			</trkpt>
			<trkpt lat="38.57221" lon="-1.96336">
				<ele>800.1</ele>
				<time>2026-09-10T10:45:14.561Z</time>
			</trkpt>
			<trkpt lat="38.57122" lon="-1.96282">
				<ele>804.21</ele>
				<time>2026-09-10T10:45:19.722Z</time>
			</trkpt>
			<trkpt lat="38.57062" lon="-1.96241">
				<ele>798.48</ele>
				<time>2026-09-10T10:45:22.890Z</time>
			</trkpt>
			<trkpt lat="38.56897" lon="-1.96121">
				<ele>806.28</ele>
				<time>2026-09-10T10:45:31.455Z</time>
			</trkpt>
			<trkpt lat="38.56823" lon="-1.96073">
				<ele>808.17</ele>
				<time>2026-09-10T10:45:35.120Z</time>
			</trkpt>
			<trkpt lat="38.56759" lon="-1.96037">
				<ele>812.22</ele>
				<time>2026-09-10T10:45:38.193Z</time>
			</trkpt>
			<trkpt lat="38.56495" lon="-1.95863">
				<ele>823.88</ele>
				<time>2026-09-10T10:45:51.394Z</time>
			</trkpt>
			<trkpt lat="38.56466" lon="-1.95847">
				<ele>825.48</ele>
				<time>2026-09-10T10:45:52.837Z</time>
			</trkpt>
			<trkpt lat="38.56427" lon="-1.95835">
				<ele>826.75</ele>
				<time>2026-09-10T10:45:54.687Z</time>
			</trkpt>
			<trkpt lat="38.56406" lon="-1.95833">
				<ele>826.94</ele>
				<time>2026-09-10T10:45:55.667Z</time>
			</trkpt>
			<trkpt lat="38.56381" lon="-1.95836">
				<ele>827.43</ele>
				<time>2026-09-10T10:45:56.844Z</time>
			</trkpt>
			<trkpt lat="38.56294" lon="-1.95853">
				<ele>829.56</ele>
				<time>2026-09-10T10:46:01.047Z</time>
			</trkpt>
			<trkpt lat="38.56278" lon="-1.95853">
				<ele>829.38</ele>
				<time>2026-09-10T10:46:01.826Z</time>
			</trkpt>
			<trkpt lat="38.56253" lon="-1.9585">
				<ele>828.24</ele>
				<time>2026-09-10T10:46:03.058Z</time>
			</trkpt>
			<trkpt lat="38.56224" lon="-1.95839">
				<ele>827.96</ele>
				<time>2026-09-10T10:46:04.559Z</time>
			</trkpt>
			<trkpt lat="38.56196" lon="-1.95824">
				<ele>826.66</ele>
				<time>2026-09-10T10:46:06.084Z</time>
			</trkpt>
			<trkpt lat="38.56173" lon="-1.95801">
				<ele>826.65</ele>
				<time>2026-09-10T10:46:07.571Z</time>
			</trkpt>
			<trkpt lat="38.56158" lon="-1.95785">
				<ele>828.41</ele>
				<time>2026-09-10T10:46:08.576Z</time>
			</trkpt>
			<trkpt lat="38.56144" lon="-1.95764">
				<ele>829.55</ele>
				<time>2026-09-10T10:46:09.697Z</time>
			</trkpt>
			<trkpt lat="38.56112" lon="-1.95701">
				<ele>830.07</ele>
				<time>2026-09-10T10:46:12.810Z</time>
			</trkpt>
			<trkpt lat="38.5605" lon="-1.95567">
				<ele>815.32</ele>
				<time>2026-09-10T10:46:19.563Z</time>
			</trkpt>
			<trkpt lat="38.56026" lon="-1.95545">
				<ele>815.76</ele>
				<time>2026-09-10T10:46:21.269Z</time>
			</trkpt>
			<trkpt lat="38.56017" lon="-1.95533">
				<ele>816.66</ele>
				<time>2026-09-10T10:46:22.029Z</time>
			</trkpt>
			<trkpt lat="38.55985" lon="-1.95507">
				<ele>818.44</ele>
				<time>2026-09-10T10:46:24.277Z</time>
			</trkpt>
			<trkpt lat="38.55976" lon="-1.95501">
				<ele>818.9</ele>
				<time>2026-09-10T10:46:24.887Z</time>
			</trkpt>
			<trkpt lat="38.55969" lon="-1.955">
				<ele>818.91</ele>
				<time>2026-09-10T10:46:25.312Z</time>
			</trkpt>
			<trkpt lat="38.55961" lon="-1.95502">
				<ele>818.4</ele>
				<time>2026-09-10T10:46:25.807Z</time>
			</trkpt>
			<trkpt lat="38.55935" lon="-1.95514">
				<ele>814.84</ele>
				<time>2026-09-10T10:46:27.501Z</time>
			</trkpt>
			<trkpt lat="38.55925" lon="-1.95514">
				<ele>813.59</ele>
				<time>2026-09-10T10:46:28.121Z</time>
			</trkpt>
			<trkpt lat="38.55905" lon="-1.95504">
				<ele>811.96</ele>
				<time>2026-09-10T10:46:29.464Z</time>
			</trkpt>
			<trkpt lat="38.55888" lon="-1.9549">
				<ele>811.57</ele>
				<time>2026-09-10T10:46:30.745Z</time>
			</trkpt>
			<trkpt lat="38.55875" lon="-1.95474">
				<ele>811.81</ele>
				<time>2026-09-10T10:46:31.901Z</time>
			</trkpt>
			<trkpt lat="38.55854" lon="-1.95439">
				<ele>812.45</ele>
				<time>2026-09-10T10:46:34.165Z</time>
			</trkpt>
			<trkpt lat="38.55803" lon="-1.95389">
				<ele>805.71</ele>
				<time>2026-09-10T10:46:38.931Z</time>
			</trkpt>
			<trkpt lat="38.55705" lon="-1.95324">
				<ele>800.43</ele>
				<time>2026-09-10T10:46:46.345Z</time>
			</trkpt>
			<trkpt lat="38.55698" lon="-1.95322">
				<ele>799.99</ele>
				<time>2026-09-10T10:46:46.815Z</time>
			</trkpt>
			<trkpt lat="38.55692" lon="-1.95323">
				<ele>799.87</ele>
				<time>2026-09-10T10:46:47.211Z</time>
			</trkpt>
			<trkpt lat="38.55684" lon="-1.95326">
				<ele>800.12</ele>
				<time>2026-09-10T10:46:47.755Z</time>
			</trkpt>
			<trkpt lat="38.5565" lon="-1.95354">
				<ele>800.52</ele>
				<time>2026-09-10T10:46:50.367Z</time>
			</trkpt>
			<trkpt lat="38.55645" lon="-1.95362">
				<ele>800.66</ele>
				<time>2026-09-10T10:46:50.879Z</time>
			</trkpt>
			<trkpt lat="38.55642" lon="-1.95371">
				<ele>801.66</ele>
				<time>2026-09-10T10:46:51.367Z</time>
			</trkpt>
			<trkpt lat="38.55643" lon="-1.95381">
				<ele>801.93</ele>
				<time>2026-09-10T10:46:51.869Z</time>
			</trkpt>
			<trkpt lat="38.5567" lon="-1.95429">
				<ele>793.57</ele>
				<time>2026-09-10T10:46:54.779Z</time>
			</trkpt>
			<trkpt lat="38.55672" lon="-1.95438">
				<ele>793.05</ele>
				<time>2026-09-10T10:46:55.235Z</time>
			</trkpt>
			<trkpt lat="38.55671" lon="-1.95446">
				<ele>792.75</ele>
				<time>2026-09-10T10:46:55.629Z</time>
			</trkpt>
			<trkpt lat="38.55666" lon="-1.95455">
				<ele>792.17</ele>
				<time>2026-09-10T10:46:56.164Z</time>
			</trkpt>
			<trkpt lat="38.5563" lon="-1.95499">
				<ele>792.59</ele>
				<time>2026-09-10T10:46:59.217Z</time>
			</trkpt>
			<trkpt lat="38.55624" lon="-1.95503">
				<ele>792.53</ele>
				<time>2026-09-10T10:46:59.628Z</time>
			</trkpt>
			<trkpt lat="38.55613" lon="-1.95504">
				<ele>793.86</ele>
				<time>2026-09-10T10:47:00.295Z</time>
			</trkpt>
			<trkpt lat="38.55606" lon="-1.955">
				<ele>794.68</ele>
				<time>2026-09-10T10:47:00.758Z</time>
			</trkpt>
			<trkpt lat="38.55579" lon="-1.9548">
				<ele>795.21</ele>
				<time>2026-09-10T10:47:02.626Z</time>
			</trkpt>
			<trkpt lat="38.55572" lon="-1.95473">
				<ele>794.66</ele>
				<time>2026-09-10T10:47:03.155Z</time>
			</trkpt>
			<trkpt lat="38.55566" lon="-1.95463">
				<ele>794.46</ele>
				<time>2026-09-10T10:47:03.739Z</time>
			</trkpt>
			<trkpt lat="38.55555" lon="-1.9544">
				<ele>795.59</ele>
				<time>2026-09-10T10:47:04.982Z</time>
			</trkpt>
			<trkpt lat="38.55548" lon="-1.95435">
				<ele>795.61</ele>
				<time>2026-09-10T10:47:05.453Z</time>
			</trkpt>
			<trkpt lat="38.5554" lon="-1.95432">
				<ele>795.19</ele>
				<time>2026-09-10T10:47:05.941Z</time>
			</trkpt>
			<trkpt lat="38.55519" lon="-1.95432">
				<ele>792.97</ele>
				<time>2026-09-10T10:47:07.164Z</time>
			</trkpt>
			<trkpt lat="38.55511" lon="-1.95429">
				<ele>792.47</ele>
				<time>2026-09-10T10:47:07.647Z</time>
			</trkpt>
			<trkpt lat="38.55504" lon="-1.95425">
				<ele>792.44</ele>
				<time>2026-09-10T10:47:08.090Z</time>
			</trkpt>
			<trkpt lat="38.55486" lon="-1.95399">
				<ele>794.83</ele>
				<time>2026-09-10T10:47:09.652Z</time>
			</trkpt>
			<trkpt lat="38.55479" lon="-1.95395">
				<ele>795.18</ele>
				<time>2026-09-10T10:47:10.090Z</time>
			</trkpt>
			<trkpt lat="38.55469" lon="-1.95394">
				<ele>795.1</ele>
				<time>2026-09-10T10:47:10.662Z</time>
			</trkpt>
			<trkpt lat="38.55438" lon="-1.95398">
				<ele>793.41</ele>
				<time>2026-09-10T10:47:12.427Z</time>
			</trkpt>
			<trkpt lat="38.5539" lon="-1.95385">
				<ele>792.77</ele>
				<time>2026-09-10T10:47:15.174Z</time>
			</trkpt>
			<trkpt lat="38.5538" lon="-1.95386">
				<ele>791.99</ele>
				<time>2026-09-10T10:47:15.731Z</time>
			</trkpt>
			<trkpt lat="38.55368" lon="-1.95391">
				<ele>790.27</ele>
				<time>2026-09-10T10:47:16.429Z</time>
			</trkpt>
			<trkpt lat="38.55346" lon="-1.95406">
				<ele>788.48</ele>
				<time>2026-09-10T10:47:17.802Z</time>
			</trkpt>
			<trkpt lat="38.55339" lon="-1.95416">
				<ele>787.69</ele>
				<time>2026-09-10T10:47:18.377Z</time>
			</trkpt>
			<trkpt lat="38.55335" lon="-1.95424">
				<ele>787.61</ele>
				<time>2026-09-10T10:47:18.782Z</time>
			</trkpt>
			<trkpt lat="38.55333" lon="-1.95434">
				<ele>787.36</ele>
				<time>2026-09-10T10:47:19.223Z</time>
			</trkpt>
			<trkpt lat="38.55332" lon="-1.95455">
				<ele>786.88</ele>
				<time>2026-09-10T10:47:20.117Z</time>
			</trkpt>
			<trkpt lat="38.55333" lon="-1.95507">
				<ele>784.7</ele>
				<time>2026-09-10T10:47:22.313Z</time>
			</trkpt>
			<trkpt lat="38.55341" lon="-1.95524">
				<ele>782.7</ele>
				<time>2026-09-10T10:47:23.144Z</time>
			</trkpt>
			<trkpt lat="38.55406" lon="-1.95577">
				<ele>777.04</ele>
				<time>2026-09-10T10:47:27.233Z</time>
			</trkpt>
			<trkpt lat="38.55418" lon="-1.95596">
				<ele>775.2</ele>
				<time>2026-09-10T10:47:28.235Z</time>
			</trkpt>
			<trkpt lat="38.55433" lon="-1.95641">
				<ele>774.42</ele>
				<time>2026-09-10T10:47:30.232Z</time>
			</trkpt>
			<trkpt lat="38.55435" lon="-1.95652">
				<ele>773.51</ele>
				<time>2026-09-10T10:47:30.691Z</time>
			</trkpt>
			<trkpt lat="38.55434" lon="-1.95662">
				<ele>773.07</ele>
				<time>2026-09-10T10:47:31.100Z</time>
			</trkpt>
			<trkpt lat="38.5543" lon="-1.95671">
				<ele>773.21</ele>
				<time>2026-09-10T10:47:31.519Z</time>
			</trkpt>
			<trkpt lat="38.55404" lon="-1.95693">
				<ele>776.28</ele>
				<time>2026-09-10T10:47:33.128Z</time>
			</trkpt>
			<trkpt lat="38.55399" lon="-1.95699">
				<ele>777.11</ele>
				<time>2026-09-10T10:47:33.481Z</time>
			</trkpt>
			<trkpt lat="38.55397" lon="-1.95709">
				<ele>777.22</ele>
				<time>2026-09-10T10:47:33.896Z</time>
			</trkpt>
			<trkpt lat="38.55397" lon="-1.95719">
				<ele>776.66</ele>
				<time>2026-09-10T10:47:34.297Z</time>
			</trkpt>
			<trkpt lat="38.554" lon="-1.95735">
				<ele>775.21</ele>
				<time>2026-09-10T10:47:34.957Z</time>
			</trkpt>
			<trkpt lat="38.5542" lon="-1.95798">
				<ele>761.08</ele>
				<time>2026-09-10T10:47:37.668Z</time>
			</trkpt>
			<trkpt lat="38.55421" lon="-1.95807">
				<ele>759.17</ele>
				<time>2026-09-10T10:47:38.029Z</time>
			</trkpt>
			<trkpt lat="38.5542" lon="-1.95818">
				<ele>757.82</ele>
				<time>2026-09-10T10:47:38.469Z</time>
			</trkpt>
			<trkpt lat="38.55418" lon="-1.95829">
				<ele>756.51</ele>
				<time>2026-09-10T10:47:38.917Z</time>
			</trkpt>
			<trkpt lat="38.55412" lon="-1.95844">
				<ele>757.13</ele>
				<time>2026-09-10T10:47:39.583Z</time>
			</trkpt>
			<trkpt lat="38.55361" lon="-1.95933">
				<ele>753.37</ele>
				<time>2026-09-10T10:47:43.929Z</time>
			</trkpt>
			<trkpt lat="38.55348" lon="-1.95946">
				<ele>751.99</ele>
				<time>2026-09-10T10:47:44.756Z</time>
			</trkpt>
			<trkpt lat="38.5534" lon="-1.95948">
				<ele>753.56</ele>
				<time>2026-09-10T10:47:45.164Z</time>
			</trkpt>
			<trkpt lat="38.5532" lon="-1.95951">
				<ele>757.52</ele>
				<time>2026-09-10T10:47:46.172Z</time>
			</trkpt>
			<trkpt lat="38.55314" lon="-1.95954">
				<ele>758.11</ele>
				<time>2026-09-10T10:47:46.494Z</time>
			</trkpt>
			<trkpt lat="38.55307" lon="-1.95961">
				<ele>758.25</ele>
				<time>2026-09-10T10:47:46.938Z</time>
			</trkpt>
			<trkpt lat="38.55291" lon="-1.95999">
				<ele>757.34</ele>
				<time>2026-09-10T10:47:48.623Z</time>
			</trkpt>
			<trkpt lat="38.55264" lon="-1.96038">
				<ele>754.95</ele>
				<time>2026-09-10T10:47:50.654Z</time>
			</trkpt>
			<trkpt lat="38.55256" lon="-1.96057">
				<ele>752.37</ele>
				<time>2026-09-10T10:47:51.495Z</time>
			</trkpt>
			<trkpt lat="38.55254" lon="-1.96106">
				<ele>748.23</ele>
				<time>2026-09-10T10:47:53.407Z</time>
			</trkpt>
			<trkpt lat="38.55252" lon="-1.96122">
				<ele>747.27</ele>
				<time>2026-09-10T10:47:54.038Z</time>
			</trkpt>
			<trkpt lat="38.55238" lon="-1.96177">
				<ele>744.96</ele>
				<time>2026-09-10T10:47:56.292Z</time>
			</trkpt>
			<trkpt lat="38.55234" lon="-1.96187">
				<ele>744.61</ele>
				<time>2026-09-10T10:47:56.730Z</time>
			</trkpt>
			<trkpt lat="38.55228" lon="-1.96195">
				<ele>744.88</ele>
				<time>2026-09-10T10:47:57.163Z</time>
			</trkpt>
			<trkpt lat="38.55214" lon="-1.96201">
				<ele>744.77</ele>
				<time>2026-09-10T10:47:57.900Z</time>
			</trkpt>
			<trkpt lat="38.55203" lon="-1.96201">
				<ele>744.63</ele>
				<time>2026-09-10T10:47:58.449Z</time>
			</trkpt>
			<trkpt lat="38.55187" lon="-1.96195">
				<ele>743.86</ele>
				<time>2026-09-10T10:47:59.282Z</time>
			</trkpt>
			<trkpt lat="38.55162" lon="-1.96167">
				<ele>742.96</ele>
				<time>2026-09-10T10:48:00.945Z</time>
			</trkpt>
			<trkpt lat="38.55152" lon="-1.96158">
				<ele>742.63</ele>
				<time>2026-09-10T10:48:01.558Z</time>
			</trkpt>
			<trkpt lat="38.55133" lon="-1.96147">
				<ele>740.77</ele>
				<time>2026-09-10T10:48:02.605Z</time>
			</trkpt>
			<trkpt lat="38.55105" lon="-1.96135">
				<ele>733.48</ele>
				<time>2026-09-10T10:48:04.090Z</time>
			</trkpt>
			<trkpt lat="38.55097" lon="-1.96122">
				<ele>731.83</ele>
				<time>2026-09-10T10:48:04.742Z</time>
			</trkpt>
			<trkpt lat="38.55094" lon="-1.96112">
				<ele>731.7</ele>
				<time>2026-09-10T10:48:05.165Z</time>
			</trkpt>
			<trkpt lat="38.55091" lon="-1.9609">
				<ele>733.42</ele>
				<time>2026-09-10T10:48:06.047Z</time>
			</trkpt>
			<trkpt lat="38.55073" lon="-1.96048">
				<ele>731.77</ele>
				<time>2026-09-10T10:48:07.945Z</time>
			</trkpt>
			<trkpt lat="38.55069" lon="-1.96012">
				<ele>735.12</ele>
				<time>2026-09-10T10:48:09.392Z</time>
			</trkpt>
			<trkpt lat="38.55066" lon="-1.96004">
				<ele>735.11</ele>
				<time>2026-09-10T10:48:09.746Z</time>
			</trkpt>
			<trkpt lat="38.55059" lon="-1.95992">
				<ele>734.07</ele>
				<time>2026-09-10T10:48:10.344Z</time>
			</trkpt>
			<trkpt lat="38.55045" lon="-1.95976">
				<ele>731.96</ele>
				<time>2026-09-10T10:48:11.306Z</time>
			</trkpt>
			<trkpt lat="38.55038" lon="-1.95971">
				<ele>731.33</ele>
				<time>2026-09-10T10:48:11.717Z</time>
			</trkpt>
			<trkpt lat="38.55009" lon="-1.95963">
				<ele>726.87</ele>
				<time>2026-09-10T10:48:13.244Z</time>
			</trkpt>
			<trkpt lat="38.5498" lon="-1.95948">
				<ele>727.7</ele>
				<time>2026-09-10T10:48:14.862Z</time>
			</trkpt>
			<trkpt lat="38.54973" lon="-1.95948">
				<ele>727.25</ele>
				<time>2026-09-10T10:48:15.225Z</time>
			</trkpt>
			<trkpt lat="38.54962" lon="-1.95954">
				<ele>728.01</ele>
				<time>2026-09-10T10:48:15.847Z</time>
			</trkpt>
			<trkpt lat="38.54959" lon="-1.95962">
				<ele>726.59</ele>
				<time>2026-09-10T10:48:16.209Z</time>
			</trkpt>
			<trkpt lat="38.54955" lon="-1.95987">
				<ele>720.4</ele>
				<time>2026-09-10T10:48:17.251Z</time>
			</trkpt>
			<trkpt lat="38.54951" lon="-1.95996">
				<ele>718.01</ele>
				<time>2026-09-10T10:48:17.675Z</time>
			</trkpt>
			<trkpt lat="38.54945" lon="-1.96006">
				<ele>716.07</ele>
				<time>2026-09-10T10:48:18.192Z</time>
			</trkpt>
			<trkpt lat="38.54896" lon="-1.96071">
				<ele>713.86</ele>
				<time>2026-09-10T10:48:21.929Z</time>
			</trkpt>
			<trkpt lat="38.54886" lon="-1.96083">
				<ele>710.95</ele>
				<time>2026-09-10T10:48:22.661Z</time>
			</trkpt>
			<trkpt lat="38.54876" lon="-1.96089">
				<ele>708.81</ele>
				<time>2026-09-10T10:48:23.253Z</time>
			</trkpt>
			<trkpt lat="38.5487" lon="-1.96089">
				<ele>708.14</ele>
				<time>2026-09-10T10:48:23.576Z</time>
			</trkpt>
			<trkpt lat="38.5486" lon="-1.96079">
				<ele>708.84</ele>
				<time>2026-09-10T10:48:24.259Z</time>
			</trkpt>
			<trkpt lat="38.54803" lon="-1.95977">
				<ele>709.43</ele>
				<time>2026-09-10T10:48:29.611Z</time>
			</trkpt>
			<trkpt lat="38.5479" lon="-1.95969">
				<ele>708.02</ele>
				<time>2026-09-10T10:48:30.411Z</time>
			</trkpt>
			<trkpt lat="38.54759" lon="-1.95966">
				<ele>700.66</ele>
				<time>2026-09-10T10:48:32.145Z</time>
			</trkpt>
			<trkpt lat="38.54748" lon="-1.9596">
				<ele>699.28</ele>
				<time>2026-09-10T10:48:32.816Z</time>
			</trkpt>
			<trkpt lat="38.54741" lon="-1.95952">
				<ele>698.87</ele>
				<time>2026-09-10T10:48:33.345Z</time>
			</trkpt>
			<trkpt lat="38.54732" lon="-1.95937">
				<ele>698.8</ele>
				<time>2026-09-10T10:48:34.181Z</time>
			</trkpt>
			<trkpt lat="38.54729" lon="-1.95929">
				<ele>698.97</ele>
				<time>2026-09-10T10:48:34.574Z</time>
			</trkpt>
			<trkpt lat="38.54727" lon="-1.9592">
				<ele>699.86</ele>
				<time>2026-09-10T10:48:34.990Z</time>
			</trkpt>
			<trkpt lat="38.54731" lon="-1.95894">
				<ele>705.12</ele>
				<time>2026-09-10T10:48:36.173Z</time>
			</trkpt>
			<trkpt lat="38.54729" lon="-1.9587">
				<ele>706.01</ele>
				<time>2026-09-10T10:48:37.257Z</time>
			</trkpt>
			<trkpt lat="38.54718" lon="-1.95841">
				<ele>704.04</ele>
				<time>2026-09-10T10:48:38.716Z</time>
			</trkpt>
			<trkpt lat="38.54713" lon="-1.95832">
				<ele>703.01</ele>
				<time>2026-09-10T10:48:39.218Z</time>
			</trkpt>
			<trkpt lat="38.54702" lon="-1.95826">
				<ele>700.64</ele>
				<time>2026-09-10T10:48:39.916Z</time>
			</trkpt>
			<trkpt lat="38.54685" lon="-1.95819">
				<ele>696.17</ele>
				<time>2026-09-10T10:48:40.963Z</time>
			</trkpt>
			<trkpt lat="38.54671" lon="-1.95809">
				<ele>693.9</ele>
				<time>2026-09-10T10:48:41.909Z</time>
			</trkpt>
			<trkpt lat="38.54666" lon="-1.95802">
				<ele>693.94</ele>
				<time>2026-09-10T10:48:42.348Z</time>
			</trkpt>
			<trkpt lat="38.54655" lon="-1.95772">
				<ele>696.85</ele>
				<time>2026-09-10T10:48:43.892Z</time>
			</trkpt>
			<trkpt lat="38.54646" lon="-1.95763">
				<ele>696.3</ele>
				<time>2026-09-10T10:48:44.576Z</time>
			</trkpt>
			<trkpt lat="38.54611" lon="-1.95734">
				<ele>686.9</ele>
				<time>2026-09-10T10:48:47.100Z</time>
			</trkpt>
			<trkpt lat="38.54584" lon="-1.95697">
				<ele>679.45</ele>
				<time>2026-09-10T10:48:49.531Z</time>
			</trkpt>
			<trkpt lat="38.54575" lon="-1.95675">
				<ele>678.51</ele>
				<time>2026-09-10T10:48:50.736Z</time>
			</trkpt>
			<trkpt lat="38.5457" lon="-1.95651">
				<ele>678.61</ele>
				<time>2026-09-10T10:48:51.951Z</time>
			</trkpt>
			<trkpt lat="38.54571" lon="-1.95637">
				<ele>679.71</ele>
				<time>2026-09-10T10:48:52.643Z</time>
			</trkpt>
			<trkpt lat="38.54588" lon="-1.95589">
				<ele>685.23</ele>
				<time>2026-09-10T10:48:55.261Z</time>
			</trkpt>
			<trkpt lat="38.54594" lon="-1.95568">
				<ele>687.19</ele>
				<time>2026-09-10T10:48:56.384Z</time>
			</trkpt>
			<trkpt lat="38.54593" lon="-1.95559">
				<ele>686.88</ele>
				<time>2026-09-10T10:48:56.843Z</time>
			</trkpt>
			<trkpt lat="38.54589" lon="-1.9555">
				<ele>686.89</ele>
				<time>2026-09-10T10:48:57.367Z</time>
			</trkpt>
			<trkpt lat="38.54584" lon="-1.95544">
				<ele>686.76</ele>
				<time>2026-09-10T10:48:57.813Z</time>
			</trkpt>
			<trkpt lat="38.54576" lon="-1.9554">
				<ele>685.98</ele>
				<time>2026-09-10T10:48:58.372Z</time>
			</trkpt>
			<trkpt lat="38.54548" lon="-1.95532">
				<ele>683.14</ele>
				<time>2026-09-10T10:49:00.255Z</time>
			</trkpt>
			<trkpt lat="38.54537" lon="-1.95531">
				<ele>681.73</ele>
				<time>2026-09-10T10:49:00.985Z</time>
			</trkpt>
			<trkpt lat="38.5453" lon="-1.95531">
				<ele>680.33</ele>
				<time>2026-09-10T10:49:01.449Z</time>
			</trkpt>
			<trkpt lat="38.54523" lon="-1.95535">
				<ele>678.36</ele>
				<time>2026-09-10T10:49:01.960Z</time>
			</trkpt>
			<trkpt lat="38.54509" lon="-1.95552">
				<ele>671.42</ele>
				<time>2026-09-10T10:49:03.253Z</time>
			</trkpt>
			<trkpt lat="38.54501" lon="-1.95556">
				<ele>669.27</ele>
				<time>2026-09-10T10:49:03.831Z</time>
			</trkpt>
			<trkpt lat="38.54494" lon="-1.95556">
				<ele>668.56</ele>
				<time>2026-09-10T10:49:04.304Z</time>
			</trkpt>
			<trkpt lat="38.54483" lon="-1.95552">
				<ele>669.06</ele>
				<time>2026-09-10T10:49:05.080Z</time>
			</trkpt>
			<trkpt lat="38.54472" lon="-1.95541">
				<ele>671.32</ele>
				<time>2026-09-10T10:49:06.032Z</time>
			</trkpt>
			<trkpt lat="38.54466" lon="-1.95531">
				<ele>673.03</ele>
				<time>2026-09-10T10:49:06.707Z</time>
			</trkpt>
			<trkpt lat="38.54455" lon="-1.95517">
				<ele>674.12</ele>
				<time>2026-09-10T10:49:07.776Z</time>
			</trkpt>
			<trkpt lat="38.54438" lon="-1.95506">
				<ele>672.52</ele>
				<time>2026-09-10T10:49:09.098Z</time>
			</trkpt>
			<trkpt lat="38.5442" lon="-1.95501">
				<ele>669.79</ele>
				<time>2026-09-10T10:49:10.386Z</time>
			</trkpt>
			<trkpt lat="38.54414" lon="-1.95496">
				<ele>669.57</ele>
				<time>2026-09-10T10:49:10.889Z</time>
			</trkpt>
			<trkpt lat="38.5441" lon="-1.9549">
				<ele>670.13</ele>
				<time>2026-09-10T10:49:11.324Z</time>
			</trkpt>
			<trkpt lat="38.54402" lon="-1.95468">
				<ele>671.36</ele>
				<time>2026-09-10T10:49:12.669Z</time>
			</trkpt>
			<trkpt lat="38.54378" lon="-1.95442">
				<ele>670.1</ele>
				<time>2026-09-10T10:49:14.923Z</time>
			</trkpt>
			<trkpt lat="38.5436" lon="-1.9542">
				<ele>670.65</ele>
				<time>2026-09-10T10:49:16.729Z</time>
			</trkpt>
			<trkpt lat="38.5435" lon="-1.95415">
				<ele>670.74</ele>
				<time>2026-09-10T10:49:17.514Z</time>
			</trkpt>
			<trkpt lat="38.54341" lon="-1.95425">
				<ele>669.82</ele>
				<time>2026-09-10T10:49:18.390Z</time>
			</trkpt>
			<trkpt lat="38.54337" lon="-1.95433">
				<ele>669.38</ele>
				<time>2026-09-10T10:49:18.938Z</time>
			</trkpt>
			<trkpt lat="38.54336" lon="-1.95442">
				<ele>669.03</ele>
				<time>2026-09-10T10:49:19.464Z</time>
			</trkpt>
			<trkpt lat="38.54339" lon="-1.95454">
				<ele>667.89</ele>
				<time>2026-09-10T10:49:20.196Z</time>
			</trkpt>
			<trkpt lat="38.54338" lon="-1.95471">
				<ele>666.15</ele>
				<time>2026-09-10T10:49:21.191Z</time>
			</trkpt>
			<trkpt lat="38.54335" lon="-1.95488">
				<ele>663.81</ele>
				<time>2026-09-10T10:49:22.215Z</time>
			</trkpt>
			<trkpt lat="38.54331" lon="-1.95497">
				<ele>662.55</ele>
				<time>2026-09-10T10:49:22.826Z</time>
			</trkpt>
			<trkpt lat="38.54317" lon="-1.955">
				<ele>662.64</ele>
				<time>2026-09-10T10:49:23.902Z</time>
			</trkpt>
			<trkpt lat="38.54291" lon="-1.95523">
				<ele>660.33</ele>
				<time>2026-09-10T10:49:26.325Z</time>
			</trkpt>
			<trkpt lat="38.54273" lon="-1.95529">
				<ele>659.89</ele>
				<time>2026-09-10T10:49:27.766Z</time>
			</trkpt>
			<trkpt lat="38.54258" lon="-1.95548">
				<ele>657.09</ele>
				<time>2026-09-10T10:49:29.416Z</time>
			</trkpt>
			<trkpt lat="38.54247" lon="-1.95574">
				<ele>653.35</ele>
				<time>2026-09-10T10:49:31.242Z</time>
			</trkpt>
			<trkpt lat="38.54238" lon="-1.95601">
				<ele>650.01</ele>
				<time>2026-09-10T10:49:33.073Z</time>
			</trkpt>
			<trkpt lat="38.54233" lon="-1.95599">
				<ele>650.12</ele>
				<time>2026-09-10T10:49:33.494Z</time>
			</trkpt>
			<trkpt lat="38.5424" lon="-1.95577">
				<ele>652.5</ele>
				<time>2026-09-10T10:49:34.993Z</time>
			</trkpt>
			<trkpt lat="38.54234" lon="-1.95571">
				<ele>653.04</ele>
				<time>2026-09-10T10:49:35.612Z</time>
			</trkpt>
			<trkpt lat="38.54229" lon="-1.9557">
				<ele>652.87</ele>
				<time>2026-09-10T10:49:36.024Z</time>
			</trkpt>
			<trkpt lat="38.54234" lon="-1.95571">
				<ele>653.04</ele>
				<time>2026-09-10T10:49:36.437Z</time>
			</trkpt>
			<trkpt lat="38.5424" lon="-1.95577">
				<ele>652.5</ele>
				<time>2026-09-10T10:49:37.065Z</time>
			</trkpt>
			<trkpt lat="38.54233" lon="-1.95599">
				<ele>650.12</ele>
				<time>2026-09-10T10:49:38.823Z</time>
			</trkpt>
			<trkpt lat="38.54238" lon="-1.95601">
				<ele>650.01</ele>
				<time>2026-09-10T10:49:39.436Z</time>
			</trkpt>
			<trkpt lat="38.54247" lon="-1.95574">
				<ele>653.35</ele>
				<time>2026-09-10T10:49:43.566Z</time>
			</trkpt>
			<trkpt lat="38.54258" lon="-1.95548">
				<ele>657.09</ele>
				<time>2026-09-10T10:49:50.613Z</time>
			</trkpt>
			<trkpt lat="38.54273" lon="-1.95529">
				<ele>659.89</ele>
				<time>2026-09-10T10:49:58.857Z</time>
			</trkpt>
			<trkpt lat="38.54291" lon="-1.95523">
				<ele>660.33</ele>
				<time>2026-09-10T10:50:06.969Z</time>
			</trkpt>
			<trkpt lat="38.54317" lon="-1.955">
				<ele>662.64</ele>
				<time>2026-09-10T10:50:21.159Z</time>
			</trkpt>
			<trkpt lat="38.54331" lon="-1.95497">
				<ele>662.55</ele>
				<time>2026-09-10T10:50:27.171Z</time>
			</trkpt>
			<trkpt lat="38.54335" lon="-1.95488">
				<ele>663.81</ele>
				<time>2026-09-10T10:50:30.379Z</time>
			</trkpt>
			<trkpt lat="38.54338" lon="-1.95471">
				<ele>666.15</ele>
				<time>2026-09-10T10:50:35.282Z</time>
			</trkpt>
			<trkpt lat="38.54339" lon="-1.95454">
				<ele>667.89</ele>
				<time>2026-09-10T10:50:39.317Z</time>
			</trkpt>
			<trkpt lat="38.54336" lon="-1.95442">
				<ele>669.03</ele>
				<time>2026-09-10T10:50:41.713Z</time>
			</trkpt>
			<trkpt lat="38.54337" lon="-1.95433">
				<ele>669.38</ele>
				<time>2026-09-10T10:50:43.160Z</time>
			</trkpt>
			<trkpt lat="38.54341" lon="-1.95425">
				<ele>669.82</ele>
				<time>2026-09-10T10:50:44.514Z</time>
			</trkpt>
			<trkpt lat="38.5435" lon="-1.95415">
				<ele>670.74</ele>
				<time>2026-09-10T10:50:46.550Z</time>
			</trkpt>
			<trkpt lat="38.5436" lon="-1.9542">
				<ele>670.65</ele>
				<time>2026-09-10T10:50:48.471Z</time>
			</trkpt>
			<trkpt lat="38.54378" lon="-1.95442">
				<ele>670.1</ele>
				<time>2026-09-10T10:50:53.055Z</time>
			</trkpt>
			<trkpt lat="38.54402" lon="-1.95468">
				<ele>671.36</ele>
				<time>2026-09-10T10:50:59.011Z</time>
			</trkpt>
			<trkpt lat="38.5441" lon="-1.9549">
				<ele>670.13</ele>
				<time>2026-09-10T10:51:02.815Z</time>
			</trkpt>
			<trkpt lat="38.54414" lon="-1.95496">
				<ele>669.57</ele>
				<time>2026-09-10T10:51:04.069Z</time>
			</trkpt>
			<trkpt lat="38.5442" lon="-1.95501">
				<ele>669.79</ele>
				<time>2026-09-10T10:51:05.531Z</time>
			</trkpt>
			<trkpt lat="38.54438" lon="-1.95506">
				<ele>672.52</ele>
				<time>2026-09-10T10:51:09.279Z</time>
			</trkpt>
			<trkpt lat="38.54455" lon="-1.95517">
				<ele>674.12</ele>
				<time>2026-09-10T10:51:13.075Z</time>
			</trkpt>
			<trkpt lat="38.54466" lon="-1.95531">
				<ele>673.03</ele>
				<time>2026-09-10T10:51:16.045Z</time>
			</trkpt>
			<trkpt lat="38.54472" lon="-1.95541">
				<ele>671.32</ele>
				<time>2026-09-10T10:51:17.850Z</time>
			</trkpt>
			<trkpt lat="38.54483" lon="-1.95552">
				<ele>669.06</ele>
				<time>2026-09-10T10:51:20.273Z</time>
			</trkpt>
			<trkpt lat="38.54494" lon="-1.95556">
				<ele>668.56</ele>
				<time>2026-09-10T10:51:22.117Z</time>
			</trkpt>
			<trkpt lat="38.54501" lon="-1.95556">
				<ele>669.27</ele>
				<time>2026-09-10T10:51:23.175Z</time>
			</trkpt>
			<trkpt lat="38.54509" lon="-1.95552">
				<ele>671.42</ele>
				<time>2026-09-10T10:51:24.392Z</time>
			</trkpt>
			<trkpt lat="38.54523" lon="-1.95535">
				<ele>678.36</ele>
				<time>2026-09-10T10:51:26.772Z</time>
			</trkpt>
			<trkpt lat="38.5453" lon="-1.95531">
				<ele>680.33</ele>
				<time>2026-09-10T10:51:27.588Z</time>
			</trkpt>
			<trkpt lat="38.54537" lon="-1.95531">
				<ele>681.73</ele>
				<time>2026-09-10T10:51:28.273Z</time>
			</trkpt>
			<trkpt lat="38.54548" lon="-1.95532">
				<ele>683.14</ele>
				<time>2026-09-10T10:51:29.240Z</time>
			</trkpt>
			<trkpt lat="38.54576" lon="-1.9554">
				<ele>685.98</ele>
				<time>2026-09-10T10:51:31.578Z</time>
			</trkpt>
			<trkpt lat="38.54584" lon="-1.95544">
				<ele>686.76</ele>
				<time>2026-09-10T10:51:32.273Z</time>
			</trkpt>
			<trkpt lat="38.54589" lon="-1.9555">
				<ele>686.89</ele>
				<time>2026-09-10T10:51:32.827Z</time>
			</trkpt>
			<trkpt lat="38.54593" lon="-1.95559">
				<ele>686.88</ele>
				<time>2026-09-10T10:51:33.479Z</time>
			</trkpt>
			<trkpt lat="38.54594" lon="-1.95568">
				<ele>687.19</ele>
				<time>2026-09-10T10:51:34.050Z</time>
			</trkpt>
			<trkpt lat="38.54588" lon="-1.95589">
				<ele>685.23</ele>
				<time>2026-09-10T10:51:35.448Z</time>
			</trkpt>
			<trkpt lat="38.54571" lon="-1.95637">
				<ele>679.71</ele>
				<time>2026-09-10T10:51:38.711Z</time>
			</trkpt>
			<trkpt lat="38.5457" lon="-1.95651">
				<ele>678.61</ele>
				<time>2026-09-10T10:51:39.573Z</time>
			</trkpt>
			<trkpt lat="38.54575" lon="-1.95675">
				<ele>678.51</ele>
				<time>2026-09-10T10:51:41.090Z</time>
			</trkpt>
			<trkpt lat="38.54584" lon="-1.95697">
				<ele>679.45</ele>
				<time>2026-09-10T10:51:42.595Z</time>
			</trkpt>
			<trkpt lat="38.54611" lon="-1.95734">
				<ele>686.9</ele>
				<time>2026-09-10T10:51:45.633Z</time>
			</trkpt>
			<trkpt lat="38.54646" lon="-1.95763">
				<ele>696.3</ele>
				<time>2026-09-10T10:51:48.791Z</time>
			</trkpt>
			<trkpt lat="38.54655" lon="-1.95772">
				<ele>696.85</ele>
				<time>2026-09-10T10:51:49.649Z</time>
			</trkpt>
			<trkpt lat="38.54666" lon="-1.95802">
				<ele>693.94</ele>
				<time>2026-09-10T10:51:51.582Z</time>
			</trkpt>
			<trkpt lat="38.54671" lon="-1.95809">
				<ele>693.9</ele>
				<time>2026-09-10T10:51:52.131Z</time>
			</trkpt>
			<trkpt lat="38.54685" lon="-1.95819">
				<ele>696.17</ele>
				<time>2026-09-10T10:51:53.316Z</time>
			</trkpt>
			<trkpt lat="38.54702" lon="-1.95826">
				<ele>700.64</ele>
				<time>2026-09-10T10:51:54.628Z</time>
			</trkpt>
			<trkpt lat="38.54713" lon="-1.95832">
				<ele>703.01</ele>
				<time>2026-09-10T10:51:55.503Z</time>
			</trkpt>
			<trkpt lat="38.54718" lon="-1.95841">
				<ele>704.04</ele>
				<time>2026-09-10T10:51:56.132Z</time>
			</trkpt>
			<trkpt lat="38.54729" lon="-1.9587">
				<ele>706.01</ele>
				<time>2026-09-10T10:51:57.958Z</time>
			</trkpt>
			<trkpt lat="38.54731" lon="-1.95894">
				<ele>705.12</ele>
				<time>2026-09-10T10:51:59.316Z</time>
			</trkpt>
			<trkpt lat="38.54727" lon="-1.9592">
				<ele>699.86</ele>
				<time>2026-09-10T10:52:00.797Z</time>
			</trkpt>
			<trkpt lat="38.54729" lon="-1.95929">
				<ele>698.97</ele>
				<time>2026-09-10T10:52:01.318Z</time>
			</trkpt>
			<trkpt lat="38.54732" lon="-1.95937">
				<ele>698.8</ele>
				<time>2026-09-10T10:52:01.810Z</time>
			</trkpt>
			<trkpt lat="38.54741" lon="-1.95952">
				<ele>698.87</ele>
				<time>2026-09-10T10:52:02.856Z</time>
			</trkpt>
			<trkpt lat="38.54748" lon="-1.9596">
				<ele>699.28</ele>
				<time>2026-09-10T10:52:03.518Z</time>
			</trkpt>
			<trkpt lat="38.54759" lon="-1.95966">
				<ele>700.66</ele>
				<time>2026-09-10T10:52:04.357Z</time>
			</trkpt>
			<trkpt lat="38.5479" lon="-1.95969">
				<ele>708.02</ele>
				<time>2026-09-10T10:52:06.526Z</time>
			</trkpt>
			<trkpt lat="38.54803" lon="-1.95977">
				<ele>709.43</ele>
				<time>2026-09-10T10:52:07.525Z</time>
			</trkpt>
			<trkpt lat="38.5486" lon="-1.96079">
				<ele>708.84</ele>
				<time>2026-09-10T10:52:14.195Z</time>
			</trkpt>
			<trkpt lat="38.5487" lon="-1.96089">
				<ele>708.14</ele>
				<time>2026-09-10T10:52:15.044Z</time>
			</trkpt>
			<trkpt lat="38.54876" lon="-1.96089">
				<ele>708.81</ele>
				<time>2026-09-10T10:52:15.444Z</time>
			</trkpt>
			<trkpt lat="38.54886" lon="-1.96083">
				<ele>710.95</ele>
				<time>2026-09-10T10:52:16.179Z</time>
			</trkpt>
			<trkpt lat="38.54896" lon="-1.96071">
				<ele>713.86</ele>
				<time>2026-09-10T10:52:17.088Z</time>
			</trkpt>
			<trkpt lat="38.54945" lon="-1.96006">
				<ele>716.07</ele>
				<time>2026-09-10T10:52:21.708Z</time>
			</trkpt>
			<trkpt lat="38.54951" lon="-1.95996">
				<ele>718.01</ele>
				<time>2026-09-10T10:52:22.346Z</time>
			</trkpt>
			<trkpt lat="38.54955" lon="-1.95987">
				<ele>720.4</ele>
				<time>2026-09-10T10:52:22.868Z</time>
			</trkpt>
			<trkpt lat="38.54959" lon="-1.95962">
				<ele>726.59</ele>
				<time>2026-09-10T10:52:24.150Z</time>
			</trkpt>
			<trkpt lat="38.54962" lon="-1.95954">
				<ele>728.01</ele>
				<time>2026-09-10T10:52:24.594Z</time>
			</trkpt>
			<trkpt lat="38.54973" lon="-1.95948">
				<ele>727.25</ele>
				<time>2026-09-10T10:52:25.357Z</time>
			</trkpt>
			<trkpt lat="38.5498" lon="-1.95948">
				<ele>727.7</ele>
				<time>2026-09-10T10:52:25.802Z</time>
			</trkpt>
			<trkpt lat="38.55009" lon="-1.95963">
				<ele>726.87</ele>
				<time>2026-09-10T10:52:27.782Z</time>
			</trkpt>
			<trkpt lat="38.55038" lon="-1.95971">
				<ele>731.33</ele>
				<time>2026-09-10T10:52:29.644Z</time>
			</trkpt>
			<trkpt lat="38.55045" lon="-1.95976">
				<ele>731.96</ele>
				<time>2026-09-10T10:52:30.144Z</time>
			</trkpt>
			<trkpt lat="38.55059" lon="-1.95992">
				<ele>734.07</ele>
				<time>2026-09-10T10:52:31.312Z</time>
			</trkpt>
			<trkpt lat="38.55066" lon="-1.96004">
				<ele>735.11</ele>
				<time>2026-09-10T10:52:32.037Z</time>
			</trkpt>
			<trkpt lat="38.55069" lon="-1.96012">
				<ele>735.12</ele>
				<time>2026-09-10T10:52:32.466Z</time>
			</trkpt>
			<trkpt lat="38.55073" lon="-1.96048">
				<ele>731.77</ele>
				<time>2026-09-10T10:52:34.214Z</time>
			</trkpt>
			<trkpt lat="38.55091" lon="-1.9609">
				<ele>733.42</ele>
				<time>2026-09-10T10:52:36.497Z</time>
			</trkpt>
			<trkpt lat="38.55094" lon="-1.96112">
				<ele>731.7</ele>
				<time>2026-09-10T10:52:37.554Z</time>
			</trkpt>
			<trkpt lat="38.55097" lon="-1.96122">
				<ele>731.83</ele>
				<time>2026-09-10T10:52:38.059Z</time>
			</trkpt>
			<trkpt lat="38.55105" lon="-1.96135">
				<ele>733.48</ele>
				<time>2026-09-10T10:52:38.837Z</time>
			</trkpt>
			<trkpt lat="38.55133" lon="-1.96147">
				<ele>740.77</ele>
				<time>2026-09-10T10:52:40.603Z</time>
			</trkpt>
			<trkpt lat="38.55152" lon="-1.96158">
				<ele>742.63</ele>
				<time>2026-09-10T10:52:41.842Z</time>
			</trkpt>
			<trkpt lat="38.55162" lon="-1.96167">
				<ele>742.96</ele>
				<time>2026-09-10T10:52:42.566Z</time>
			</trkpt>
			<trkpt lat="38.55187" lon="-1.96195">
				<ele>743.86</ele>
				<time>2026-09-10T10:52:44.522Z</time>
			</trkpt>
			<trkpt lat="38.55203" lon="-1.96201">
				<ele>744.63</ele>
				<time>2026-09-10T10:52:45.498Z</time>
			</trkpt>
			<trkpt lat="38.55214" lon="-1.96201">
				<ele>744.77</ele>
				<time>2026-09-10T10:52:46.139Z</time>
			</trkpt>
			<trkpt lat="38.55228" lon="-1.96195">
				<ele>744.88</ele>
				<time>2026-09-10T10:52:46.998Z</time>
			</trkpt>
			<trkpt lat="38.55234" lon="-1.96187">
				<ele>744.61</ele>
				<time>2026-09-10T10:52:47.500Z</time>
			</trkpt>
			<trkpt lat="38.55238" lon="-1.96177">
				<ele>744.96</ele>
				<time>2026-09-10T10:52:48.008Z</time>
			</trkpt>
			<trkpt lat="38.55252" lon="-1.96122">
				<ele>747.27</ele>
				<time>2026-09-10T10:52:50.610Z</time>
			</trkpt>
			<trkpt lat="38.55254" lon="-1.96106">
				<ele>748.23</ele>
				<time>2026-09-10T10:52:51.333Z</time>
			</trkpt>
			<trkpt lat="38.55256" lon="-1.96057">
				<ele>752.37</ele>
				<time>2026-09-10T10:52:53.514Z</time>
			</trkpt>
			<trkpt lat="38.55264" lon="-1.96038">
				<ele>754.95</ele>
				<time>2026-09-10T10:52:54.467Z</time>
			</trkpt>
			<trkpt lat="38.55291" lon="-1.95999">
				<ele>757.34</ele>
				<time>2026-09-10T10:52:56.753Z</time>
			</trkpt>
			<trkpt lat="38.55307" lon="-1.95961">
				<ele>758.25</ele>
				<time>2026-09-10T10:52:58.634Z</time>
			</trkpt>
			<trkpt lat="38.55314" lon="-1.95954">
				<ele>758.11</ele>
				<time>2026-09-10T10:52:59.127Z</time>
			</trkpt>
			<trkpt lat="38.5532" lon="-1.95951">
				<ele>757.52</ele>
				<time>2026-09-10T10:52:59.484Z</time>
			</trkpt>
			<trkpt lat="38.5534" lon="-1.95948">
				<ele>753.56</ele>
				<time>2026-09-10T10:53:00.597Z</time>
			</trkpt>
			<trkpt lat="38.55348" lon="-1.95946">
				<ele>751.99</ele>
				<time>2026-09-10T10:53:01.046Z</time>
			</trkpt>
			<trkpt lat="38.55361" lon="-1.95933">
				<ele>753.37</ele>
				<time>2026-09-10T10:53:01.953Z</time>
			</trkpt>
			<trkpt lat="38.55412" lon="-1.95844">
				<ele>757.13</ele>
				<time>2026-09-10T10:53:06.655Z</time>
			</trkpt>
			<trkpt lat="38.55418" lon="-1.95829">
				<ele>756.51</ele>
				<time>2026-09-10T10:53:07.367Z</time>
			</trkpt>
			<trkpt lat="38.5542" lon="-1.95818">
				<ele>757.82</ele>
				<time>2026-09-10T10:53:07.843Z</time>
			</trkpt>
			<trkpt lat="38.55421" lon="-1.95807">
				<ele>759.17</ele>
				<time>2026-09-10T10:53:08.309Z</time>
			</trkpt>
			<trkpt lat="38.5542" lon="-1.95798">
				<ele>761.08</ele>
				<time>2026-09-10T10:53:08.692Z</time>
			</trkpt>
			<trkpt lat="38.554" lon="-1.95735">
				<ele>775.21</ele>
				<time>2026-09-10T10:53:11.538Z</time>
			</trkpt>
			<trkpt lat="38.55397" lon="-1.95719">
				<ele>776.66</ele>
				<time>2026-09-10T10:53:12.224Z</time>
			</trkpt>
			<trkpt lat="38.55397" lon="-1.95709">
				<ele>777.22</ele>
				<time>2026-09-10T10:53:12.640Z</time>
			</trkpt>
			<trkpt lat="38.55399" lon="-1.95699">
				<ele>777.11</ele>
				<time>2026-09-10T10:53:13.069Z</time>
			</trkpt>
			<trkpt lat="38.55404" lon="-1.95693">
				<ele>776.28</ele>
				<time>2026-09-10T10:53:13.433Z</time>
			</trkpt>
			<trkpt lat="38.5543" lon="-1.95671">
				<ele>773.21</ele>
				<time>2026-09-10T10:53:15.084Z</time>
			</trkpt>
			<trkpt lat="38.55434" lon="-1.95662">
				<ele>773.07</ele>
				<time>2026-09-10T10:53:15.511Z</time>
			</trkpt>
			<trkpt lat="38.55435" lon="-1.95652">
				<ele>773.51</ele>
				<time>2026-09-10T10:53:15.927Z</time>
			</trkpt>
			<trkpt lat="38.55433" lon="-1.95641">
				<ele>774.42</ele>
				<time>2026-09-10T10:53:16.393Z</time>
			</trkpt>
			<trkpt lat="38.55418" lon="-1.95596">
				<ele>775.2</ele>
				<time>2026-09-10T10:53:18.403Z</time>
			</trkpt>
			<trkpt lat="38.55406" lon="-1.95577">
				<ele>777.04</ele>
				<time>2026-09-10T10:53:19.403Z</time>
			</trkpt>
			<trkpt lat="38.55341" lon="-1.95524">
				<ele>782.7</ele>
				<time>2026-09-10T10:53:23.421Z</time>
			</trkpt>
			<trkpt lat="38.55333" lon="-1.95507">
				<ele>784.7</ele>
				<time>2026-09-10T10:53:24.226Z</time>
			</trkpt>
			<trkpt lat="38.55332" lon="-1.95455">
				<ele>786.88</ele>
				<time>2026-09-10T10:53:26.331Z</time>
			</trkpt>
			<trkpt lat="38.55333" lon="-1.95434">
				<ele>787.36</ele>
				<time>2026-09-10T10:53:27.181Z</time>
			</trkpt>
			<trkpt lat="38.55335" lon="-1.95424">
				<ele>787.61</ele>
				<time>2026-09-10T10:53:27.597Z</time>
			</trkpt>
			<trkpt lat="38.55339" lon="-1.95416">
				<ele>787.69</ele>
				<time>2026-09-10T10:53:27.980Z</time>
			</trkpt>
			<trkpt lat="38.55346" lon="-1.95406">
				<ele>788.48</ele>
				<time>2026-09-10T10:53:28.521Z</time>
			</trkpt>
			<trkpt lat="38.55368" lon="-1.95391">
				<ele>790.27</ele>
				<time>2026-09-10T10:53:29.804Z</time>
			</trkpt>
			<trkpt lat="38.5538" lon="-1.95386">
				<ele>791.99</ele>
				<time>2026-09-10T10:53:30.453Z</time>
			</trkpt>
			<trkpt lat="38.5539" lon="-1.95385">
				<ele>792.77</ele>
				<time>2026-09-10T10:53:30.968Z</time>
			</trkpt>
			<trkpt lat="38.55438" lon="-1.95398">
				<ele>793.41</ele>
				<time>2026-09-10T10:53:33.485Z</time>
			</trkpt>
			<trkpt lat="38.55469" lon="-1.95394">
				<ele>795.1</ele>
				<time>2026-09-10T10:53:35.081Z</time>
			</trkpt>
			<trkpt lat="38.55479" lon="-1.95395">
				<ele>795.18</ele>
				<time>2026-09-10T10:53:35.594Z</time>
			</trkpt>
			<trkpt lat="38.55486" lon="-1.95399">
				<ele>794.83</ele>
				<time>2026-09-10T10:53:35.986Z</time>
			</trkpt>
			<trkpt lat="38.55504" lon="-1.95425">
				<ele>792.44</ele>
				<time>2026-09-10T10:53:37.375Z</time>
			</trkpt>
			<trkpt lat="38.55511" lon="-1.95429">
				<ele>792.47</ele>
				<time>2026-09-10T10:53:37.766Z</time>
			</trkpt>
			<trkpt lat="38.55519" lon="-1.95432">
				<ele>792.97</ele>
				<time>2026-09-10T10:53:38.192Z</time>
			</trkpt>
			<trkpt lat="38.5554" lon="-1.95432">
				<ele>795.19</ele>
				<time>2026-09-10T10:53:39.265Z</time>
			</trkpt>
			<trkpt lat="38.55548" lon="-1.95435">
				<ele>795.61</ele>
				<time>2026-09-10T10:53:39.691Z</time>
			</trkpt>
			<trkpt lat="38.55555" lon="-1.9544">
				<ele>795.59</ele>
				<time>2026-09-10T10:53:40.100Z</time>
			</trkpt>
			<trkpt lat="38.55566" lon="-1.95463">
				<ele>794.46</ele>
				<time>2026-09-10T10:53:41.177Z</time>
			</trkpt>
			<trkpt lat="38.55572" lon="-1.95473">
				<ele>794.66</ele>
				<time>2026-09-10T10:53:41.680Z</time>
			</trkpt>
			<trkpt lat="38.55579" lon="-1.9548">
				<ele>795.21</ele>
				<time>2026-09-10T10:53:42.134Z</time>
			</trkpt>
			<trkpt lat="38.55606" lon="-1.955">
				<ele>794.68</ele>
				<time>2026-09-10T10:53:43.727Z</time>
			</trkpt>
			<trkpt lat="38.55613" lon="-1.95504">
				<ele>793.86</ele>
				<time>2026-09-10T10:53:44.119Z</time>
			</trkpt>
			<trkpt lat="38.55624" lon="-1.95503">
				<ele>792.53</ele>
				<time>2026-09-10T10:53:44.682Z</time>
			</trkpt>
			<trkpt lat="38.5563" lon="-1.95499">
				<ele>792.59</ele>
				<time>2026-09-10T10:53:45.028Z</time>
			</trkpt>
			<trkpt lat="38.55666" lon="-1.95455">
				<ele>792.17</ele>
				<time>2026-09-10T10:53:47.573Z</time>
			</trkpt>
			<trkpt lat="38.55671" lon="-1.95446">
				<ele>792.75</ele>
				<time>2026-09-10T10:53:48.014Z</time>
			</trkpt>
			<trkpt lat="38.55672" lon="-1.95438">
				<ele>793.05</ele>
				<time>2026-09-10T10:53:48.338Z</time>
			</trkpt>
			<trkpt lat="38.5567" lon="-1.95429">
				<ele>793.57</ele>
				<time>2026-09-10T10:53:48.713Z</time>
			</trkpt>
			<trkpt lat="38.55643" lon="-1.95381">
				<ele>801.93</ele>
				<time>2026-09-10T10:53:51.081Z</time>
			</trkpt>
			<trkpt lat="38.55642" lon="-1.95371">
				<ele>801.66</ele>
				<time>2026-09-10T10:53:51.485Z</time>
			</trkpt>
			<trkpt lat="38.55645" lon="-1.95362">
				<ele>800.66</ele>
				<time>2026-09-10T10:53:51.878Z</time>
			</trkpt>
			<trkpt lat="38.5565" lon="-1.95354">
				<ele>800.52</ele>
				<time>2026-09-10T10:53:52.288Z</time>
			</trkpt>
			<trkpt lat="38.55684" lon="-1.95326">
				<ele>800.12</ele>
				<time>2026-09-10T10:53:54.366Z</time>
			</trkpt>
			<trkpt lat="38.55692" lon="-1.95323">
				<ele>799.87</ele>
				<time>2026-09-10T10:53:54.795Z</time>
			</trkpt>
			<trkpt lat="38.55698" lon="-1.95322">
				<ele>799.99</ele>
				<time>2026-09-10T10:53:55.107Z</time>
			</trkpt>
			<trkpt lat="38.55705" lon="-1.95324">
				<ele>800.43</ele>
				<time>2026-09-10T10:53:55.476Z</time>
			</trkpt>
			<trkpt lat="38.55803" lon="-1.95389">
				<ele>805.71</ele>
				<time>2026-09-10T10:54:01.188Z</time>
			</trkpt>
			<trkpt lat="38.55854" lon="-1.95439">
				<ele>812.45</ele>
				<time>2026-09-10T10:54:04.539Z</time>
			</trkpt>
			<trkpt lat="38.55875" lon="-1.95474">
				<ele>811.81</ele>
				<time>2026-09-10T10:54:06.347Z</time>
			</trkpt>
			<trkpt lat="38.55888" lon="-1.9549">
				<ele>811.57</ele>
				<time>2026-09-10T10:54:07.296Z</time>
			</trkpt>
			<trkpt lat="38.55905" lon="-1.95504">
				<ele>811.96</ele>
				<time>2026-09-10T10:54:08.362Z</time>
			</trkpt>
			<trkpt lat="38.55925" lon="-1.95514">
				<ele>813.59</ele>
				<time>2026-09-10T10:54:09.497Z</time>
			</trkpt>
			<trkpt lat="38.55935" lon="-1.95514">
				<ele>814.84</ele>
				<time>2026-09-10T10:54:10.027Z</time>
			</trkpt>
			<trkpt lat="38.55961" lon="-1.95502">
				<ele>818.4</ele>
				<time>2026-09-10T10:54:11.494Z</time>
			</trkpt>
			<trkpt lat="38.55969" lon="-1.955">
				<ele>818.91</ele>
				<time>2026-09-10T10:54:11.928Z</time>
			</trkpt>
			<trkpt lat="38.55976" lon="-1.95501">
				<ele>818.9</ele>
				<time>2026-09-10T10:54:12.304Z</time>
			</trkpt>
			<trkpt lat="38.55985" lon="-1.95507">
				<ele>818.44</ele>
				<time>2026-09-10T10:54:12.845Z</time>
			</trkpt>
			<trkpt lat="38.56017" lon="-1.95533">
				<ele>816.66</ele>
				<time>2026-09-10T10:54:14.875Z</time>
			</trkpt>
			<trkpt lat="38.5604" lon="-1.95548">
				<ele>815.6</ele>
				<time>2026-09-10T10:54:16.265Z</time>
			</trkpt>
			<trkpt lat="38.56112" lon="-1.95701">
				<ele>830.07</ele>
				<time>2026-09-10T10:54:23.884Z</time>
			</trkpt>
			<trkpt lat="38.56144" lon="-1.95764">
				<ele>829.55</ele>
				<time>2026-09-10T10:54:27.149Z</time>
			</trkpt>
			<trkpt lat="38.56158" lon="-1.95785">
				<ele>828.41</ele>
				<time>2026-09-10T10:54:28.358Z</time>
			</trkpt>
			<trkpt lat="38.56173" lon="-1.95801">
				<ele>826.65</ele>
				<time>2026-09-10T10:54:29.457Z</time>
			</trkpt>
			<trkpt lat="38.56196" lon="-1.95824">
				<ele>826.66</ele>
				<time>2026-09-10T10:54:31.108Z</time>
			</trkpt>
			<trkpt lat="38.56224" lon="-1.95839">
				<ele>827.96</ele>
				<time>2026-09-10T10:54:32.827Z</time>
			</trkpt>
			<trkpt lat="38.56253" lon="-1.9585">
				<ele>828.24</ele>
				<time>2026-09-10T10:54:34.539Z</time>
			</trkpt>
			<trkpt lat="38.56278" lon="-1.95853">
				<ele>829.38</ele>
				<time>2026-09-10T10:54:35.959Z</time>
			</trkpt>
			<trkpt lat="38.56294" lon="-1.95853">
				<ele>829.56</ele>
				<time>2026-09-10T10:54:36.864Z</time>
			</trkpt>
			<trkpt lat="38.56381" lon="-1.95836">
				<ele>827.43</ele>
				<time>2026-09-10T10:54:41.835Z</time>
			</trkpt>
			<trkpt lat="38.56406" lon="-1.95833">
				<ele>826.94</ele>
				<time>2026-09-10T10:54:43.252Z</time>
			</trkpt>
			<trkpt lat="38.56427" lon="-1.95835">
				<ele>826.75</ele>
				<time>2026-09-10T10:54:44.439Z</time>
			</trkpt>
			<trkpt lat="38.56466" lon="-1.95847">
				<ele>825.48</ele>
				<time>2026-09-10T10:54:46.700Z</time>
			</trkpt>
			<trkpt lat="38.56495" lon="-1.95863">
				<ele>823.88</ele>
				<time>2026-09-10T10:54:48.479Z</time>
			</trkpt>
			<trkpt lat="38.56759" lon="-1.96037">
				<ele>812.22</ele>
				<time>2026-09-10T10:55:05.158Z</time>
			</trkpt>
			<trkpt lat="38.56823" lon="-1.96073">
				<ele>808.17</ele>
				<time>2026-09-10T10:55:09.072Z</time>
			</trkpt>
			<trkpt lat="38.56897" lon="-1.96121">
				<ele>806.28</ele>
				<time>2026-09-10T10:55:13.710Z</time>
			</trkpt>
			<trkpt lat="38.57062" lon="-1.96241">
				<ele>798.48</ele>
				<time>2026-09-10T10:55:24.295Z</time>
			</trkpt>
			<trkpt lat="38.57122" lon="-1.96282">
				<ele>804.21</ele>
				<time>2026-09-10T10:55:28.080Z</time>
			</trkpt>
			<trkpt lat="38.57221" lon="-1.96336">
				<ele>800.1</ele>
				<time>2026-09-10T10:55:34.060Z</time>
			</trkpt>
			<trkpt lat="38.57287" lon="-1.96369">
				<ele>804.74</ele>
				<time>2026-09-10T10:55:37.991Z</time>
			</trkpt>
			<trkpt lat="38.57304" lon="-1.96381">
				<ele>806.21</ele>
				<time>2026-09-10T10:55:39.068Z</time>
			</trkpt>
			<trkpt lat="38.57317" lon="-1.96394">
				<ele>807.13</ele>
				<time>2026-09-10T10:55:39.982Z</time>
			</trkpt>
			<trkpt lat="38.57333" lon="-1.96424">
				<ele>808.07</ele>
				<time>2026-09-10T10:55:41.555Z</time>
			</trkpt>
			<trkpt lat="38.5734" lon="-1.96448">
				<ele>808.92</ele>
				<time>2026-09-10T10:55:42.664Z</time>
			</trkpt>
			<trkpt lat="38.57344" lon="-1.96477">
				<ele>810.89</ele>
				<time>2026-09-10T10:55:43.939Z</time>
			</trkpt>
			<trkpt lat="38.57384" lon="-1.96827">
				<ele>817.04</ele>
				<time>2026-09-10T10:55:59.211Z</time>
			</trkpt>
			<trkpt lat="38.57389" lon="-1.96854">
				<ele>816.27</ele>
				<time>2026-09-10T10:56:00.407Z</time>
			</trkpt>
			<trkpt lat="38.57395" lon="-1.96871">
				<ele>815.56</ele>
				<time>2026-09-10T10:56:01.210Z</time>
			</trkpt>
			<trkpt lat="38.57405" lon="-1.9689">
				<ele>814.39</ele>
				<time>2026-09-10T10:56:02.196Z</time>
			</trkpt>
			<trkpt lat="38.57429" lon="-1.96918">
				<ele>811.97</ele>
				<time>2026-09-10T10:56:03.984Z</time>
			</trkpt>
			<trkpt lat="38.57504" lon="-1.96989">
				<ele>808.49</ele>
				<time>2026-09-10T10:56:09.116Z</time>
			</trkpt>
			<trkpt lat="38.57525" lon="-1.97004">
				<ele>808.18</ele>
				<time>2026-09-10T10:56:10.437Z</time>
			</trkpt>
			<trkpt lat="38.57539" lon="-1.97009">
				<ele>808.02</ele>
				<time>2026-09-10T10:56:11.236Z</time>
			</trkpt>
			<trkpt lat="38.57557" lon="-1.97012">
				<ele>807.71</ele>
				<time>2026-09-10T10:56:12.233Z</time>
			</trkpt>
			<trkpt lat="38.57574" lon="-1.9701">
				<ele>806.5</ele>
				<time>2026-09-10T10:56:13.170Z</time>
			</trkpt>
			<trkpt lat="38.57585" lon="-1.97006">
				<ele>806.01</ele>
				<time>2026-09-10T10:56:13.798Z</time>
			</trkpt>
			<trkpt lat="38.57599" lon="-1.96999">
				<ele>806.09</ele>
				<time>2026-09-10T10:56:14.623Z</time>
			</trkpt>
			<trkpt lat="38.57612" lon="-1.96987">
				<ele>806.56</ele>
				<time>2026-09-10T10:56:15.502Z</time>
			</trkpt>
			<trkpt lat="38.57658" lon="-1.96954">
				<ele>805.21</ele>
				<time>2026-09-10T10:56:18.395Z</time>
			</trkpt>
			<trkpt lat="38.57686" lon="-1.96946">
				<ele>804.29</ele>
				<time>2026-09-10T10:56:19.967Z</time>
			</trkpt>
			<trkpt lat="38.57713" lon="-1.9695">
				<ele>806.31</ele>
				<time>2026-09-10T10:56:21.456Z</time>
			</trkpt>
			<trkpt lat="38.57737" lon="-1.96962">
				<ele>809.14</ele>
				<time>2026-09-10T10:56:22.868Z</time>
			</trkpt>
			<trkpt lat="38.5775" lon="-1.96974">
				<ele>809.94</ele>
				<time>2026-09-10T10:56:23.745Z</time>
			</trkpt>
			<trkpt lat="38.57761" lon="-1.96988">
				<ele>808.19</ele>
				<time>2026-09-10T10:56:24.595Z</time>
			</trkpt>
			<trkpt lat="38.57772" lon="-1.97008">
				<ele>806.7</ele>
				<time>2026-09-10T10:56:25.641Z</time>
			</trkpt>
			<trkpt lat="38.57778" lon="-1.9703">
				<ele>807.08</ele>
				<time>2026-09-10T10:56:26.638Z</time>
			</trkpt>
			<trkpt lat="38.57781" lon="-1.97052">
				<ele>808.28</ele>
				<time>2026-09-10T10:56:27.593Z</time>
			</trkpt>
			<trkpt lat="38.57781" lon="-1.97093">
				<ele>806.29</ele>
				<time>2026-09-10T10:56:29.345Z</time>
			</trkpt>
			<trkpt lat="38.57776" lon="-1.9722">
				<ele>807.35</ele>
				<time>2026-09-10T10:56:34.776Z</time>
			</trkpt>
			<trkpt lat="38.5777" lon="-1.97274">
				<ele>809.01</ele>
				<time>2026-09-10T10:56:37.103Z</time>
			</trkpt>
			<trkpt lat="38.57747" lon="-1.974">
				<ele>808.58</ele>
				<time>2026-09-10T10:56:42.618Z</time>
			</trkpt>
			<trkpt lat="38.57736" lon="-1.97443">
				<ele>814.76</ele>
				<time>2026-09-10T10:56:44.544Z</time>
			</trkpt>
			<trkpt lat="38.57726" lon="-1.97466">
				<ele>815.58</ele>
				<time>2026-09-10T10:56:45.665Z</time>
			</trkpt>
			<trkpt lat="38.57676" lon="-1.97537">
				<ele>814.84</ele>
				<time>2026-09-10T10:56:49.730Z</time>
			</trkpt>
			<trkpt lat="38.57667" lon="-1.97553">
				<ele>814.35</ele>
				<time>2026-09-10T10:56:50.568Z</time>
			</trkpt>
			<trkpt lat="38.57657" lon="-1.97578">
				<ele>813.62</ele>
				<time>2026-09-10T10:56:51.762Z</time>
			</trkpt>
			<trkpt lat="38.57652" lon="-1.97597">
				<ele>813.28</ele>
				<time>2026-09-10T10:56:52.613Z</time>
			</trkpt>
			<trkpt lat="38.57649" lon="-1.97628">
				<ele>811.25</ele>
				<time>2026-09-10T10:56:53.941Z</time>
			</trkpt>
			<trkpt lat="38.57631" lon="-1.97889">
				<ele>816.28</ele>
				<time>2026-09-10T10:57:05.056Z</time>
			</trkpt>
			<trkpt lat="38.57627" lon="-1.97963">
				<ele>818.22</ele>
				<time>2026-09-10T10:57:08.198Z</time>
			</trkpt>
			<trkpt lat="38.57629" lon="-1.98015">
				<ele>822.98</ele>
				<time>2026-09-10T10:57:10.402Z</time>
			</trkpt>
			<trkpt lat="38.57637" lon="-1.98092">
				<ele>819.47</ele>
				<time>2026-09-10T10:57:13.688Z</time>
			</trkpt>
			<trkpt lat="38.57688" lon="-1.98394">
				<ele>823.72</ele>
				<time>2026-09-10T10:57:26.736Z</time>
			</trkpt>
			<trkpt lat="38.57696" lon="-1.98434">
				<ele>825.46</ele>
				<time>2026-09-10T10:57:28.477Z</time>
			</trkpt>
			<trkpt lat="38.57703" lon="-1.98461">
				<ele>825.32</ele>
				<time>2026-09-10T10:57:29.676Z</time>
			</trkpt>
			<trkpt lat="38.57711" lon="-1.98484">
				<ele>824.95</ele>
				<time>2026-09-10T10:57:30.737Z</time>
			</trkpt>
			<trkpt lat="38.57733" lon="-1.98535">
				<ele>826.83</ele>
				<time>2026-09-10T10:57:33.191Z</time>
			</trkpt>
			<trkpt lat="38.57833" lon="-1.98736">
				<ele>831.3</ele>
				<time>2026-09-10T10:57:43.215Z</time>
			</trkpt>
			<trkpt lat="38.57867" lon="-1.98812">
				<ele>835.07</ele>
				<time>2026-09-10T10:57:46.895Z</time>
			</trkpt>
			<trkpt lat="38.57886" lon="-1.98862">
				<ele>837.52</ele>
				<time>2026-09-10T10:57:49.230Z</time>
			</trkpt>
			<trkpt lat="38.5799" lon="-1.99165">
				<ele>848.76</ele>
				<time>2026-09-10T10:58:03.106Z</time>
			</trkpt>
			<trkpt lat="38.58008" lon="-1.99211">
				<ele>852.79</ele>
				<time>2026-09-10T10:58:05.260Z</time>
			</trkpt>
			<trkpt lat="38.5802" lon="-1.99237">
				<ele>852.29</ele>
				<time>2026-09-10T10:58:06.524Z</time>
			</trkpt>
			<trkpt lat="38.581" lon="-1.99382">
				<ele>864.1</ele>
				<time>2026-09-10T10:58:13.948Z</time>
			</trkpt>
			<trkpt lat="38.58109" lon="-1.99401">
				<ele>865.39</ele>
				<time>2026-09-10T10:58:14.877Z</time>
			</trkpt>
			<trkpt lat="38.58121" lon="-1.99436">
				<ele>866.29</ele>
				<time>2026-09-10T10:58:16.474Z</time>
			</trkpt>
			<trkpt lat="38.5813" lon="-1.99472">
				<ele>867.06</ele>
				<time>2026-09-10T10:58:18.054Z</time>
			</trkpt>
			<trkpt lat="38.58142" lon="-1.99537">
				<ele>861.83</ele>
				<time>2026-09-10T10:58:20.843Z</time>
			</trkpt>
			<trkpt lat="38.58175" lon="-1.99725">
				<ele>852.92</ele>
				<time>2026-09-10T10:58:28.885Z</time>
			</trkpt>
			<trkpt lat="38.58182" lon="-1.99759">
				<ele>854.42</ele>
				<time>2026-09-10T10:58:30.351Z</time>
			</trkpt>
			<trkpt lat="38.5819" lon="-1.99785">
				<ele>856.75</ele>
				<time>2026-09-10T10:58:31.516Z</time>
			</trkpt>
			<trkpt lat="38.58207" lon="-1.99826">
				<ele>858.14</ele>
				<time>2026-09-10T10:58:33.451Z</time>
			</trkpt>
			<trkpt lat="38.58281" lon="-1.9997">
				<ele>869.04</ele>
				<time>2026-09-10T10:58:40.630Z</time>
			</trkpt>
			<trkpt lat="38.58297" lon="-2.00008">
				<ele>869.57</ele>
				<time>2026-09-10T10:58:42.427Z</time>
			</trkpt>
			<trkpt lat="38.58306" lon="-2.00043">
				<ele>868.97</ele>
				<time>2026-09-10T10:58:43.961Z</time>
			</trkpt>
			<trkpt lat="38.5831" lon="-2.00078">
				<ele>870.57</ele>
				<time>2026-09-10T10:58:45.433Z</time>
			</trkpt>
			<trkpt lat="38.5831" lon="-2.00213">
				<ele>861.8</ele>
				<time>2026-09-10T10:58:51.048Z</time>
			</trkpt>
			<trkpt lat="38.58312" lon="-2.0024">
				<ele>860.28</ele>
				<time>2026-09-10T10:58:52.176Z</time>
			</trkpt>
			<trkpt lat="38.58315" lon="-2.00259">
				<ele>859.39</ele>
				<time>2026-09-10T10:58:52.982Z</time>
			</trkpt>
			<trkpt lat="38.58327" lon="-2.00299">
				<ele>857.57</ele>
				<time>2026-09-10T10:58:54.763Z</time>
			</trkpt>
			<trkpt lat="38.58342" lon="-2.00331">
				<ele>858.68</ele>
				<time>2026-09-10T10:58:56.314Z</time>
			</trkpt>
			<trkpt lat="38.58406" lon="-2.0042">
				<ele>855.61</ele>
				<time>2026-09-10T10:59:01.338Z</time>
			</trkpt>
			<trkpt lat="38.5854" lon="-2.00599">
				<ele>855.94</ele>
				<time>2026-09-10T10:59:11.625Z</time>
			</trkpt>
			<trkpt lat="38.58562" lon="-2.00633">
				<ele>857.39</ele>
				<time>2026-09-10T10:59:13.456Z</time>
			</trkpt>
			<trkpt lat="38.58592" lon="-2.0069">
				<ele>859.46</ele>
				<time>2026-09-10T10:59:16.305Z</time>
			</trkpt>
			<trkpt lat="38.58711" lon="-2.00981">
				<ele>869</ele>
				<time>2026-09-10T10:59:29.914Z</time>
			</trkpt>
			<trkpt lat="38.58763" lon="-2.01114">
				<ele>869.09</ele>
				<time>2026-09-10T10:59:36.070Z</time>
			</trkpt>
			<trkpt lat="38.58871" lon="-2.01404">
				<ele>869.66</ele>
				<time>2026-09-10T10:59:49.359Z</time>
			</trkpt>
			<trkpt lat="38.58886" lon="-2.01435">
				<ele>868.17</ele>
				<time>2026-09-10T10:59:50.867Z</time>
			</trkpt>
			<trkpt lat="38.59027" lon="-2.01695">
				<ele>873.01</ele>
				<time>2026-09-10T11:00:03.946Z</time>
			</trkpt>
			<trkpt lat="38.59065" lon="-2.01761">
				<ele>877.33</ele>
				<time>2026-09-10T11:00:07.332Z</time>
			</trkpt>
			<trkpt lat="38.59079" lon="-2.01789">
				<ele>877.36</ele>
				<time>2026-09-10T11:00:08.705Z</time>
			</trkpt>
			<trkpt lat="38.5913" lon="-2.01928">
				<ele>883.86</ele>
				<time>2026-09-10T11:00:15.046Z</time>
			</trkpt>
			<trkpt lat="38.59235" lon="-2.02232">
				<ele>890.55</ele>
				<time>2026-09-10T11:00:28.767Z</time>
			</trkpt>
			<trkpt lat="38.59259" lon="-2.0229">
				<ele>890.75</ele>
				<time>2026-09-10T11:00:31.476Z</time>
			</trkpt>
			<trkpt lat="38.59285" lon="-2.0234">
				<ele>895.44</ele>
				<time>2026-09-10T11:00:33.954Z</time>
			</trkpt>
			<trkpt lat="38.59351" lon="-2.02478">
				<ele>904.42</ele>
				<time>2026-09-10T11:00:40.631Z</time>
			</trkpt>
			<trkpt lat="38.59436" lon="-2.02675">
				<ele>905.86</ele>
				<time>2026-09-10T11:00:49.916Z</time>
			</trkpt>
			<trkpt lat="38.59442" lon="-2.02684">
				<ele>906.53</ele>
				<time>2026-09-10T11:00:50.405Z</time>
			</trkpt>
			<trkpt lat="38.59448" lon="-2.02697">
				<ele>907.56</ele>
				<time>2026-09-10T11:00:51.028Z</time>
			</trkpt>
			<trkpt lat="38.5945" lon="-2.02704">
				<ele>908.22</ele>
				<time>2026-09-10T11:00:51.335Z</time>
			</trkpt>
			<trkpt lat="38.59451" lon="-2.02715">
				<ele>908.99</ele>
				<time>2026-09-10T11:00:51.792Z</time>
			</trkpt>
			<trkpt lat="38.5945" lon="-2.02718">
				<ele>909.11</ele>
				<time>2026-09-10T11:00:51.927Z</time>
			</trkpt>
			<trkpt lat="38.59376" lon="-2.02749">
				<ele>908.45</ele>
				<time>2026-09-10T11:00:56.037Z</time>
			</trkpt>
			<trkpt lat="38.59334" lon="-2.0276">
				<ele>908.34</ele>
				<time>2026-09-10T11:00:58.301Z</time>
			</trkpt>
			<trkpt lat="38.59255" lon="-2.02762">
				<ele>907.24</ele>
				<time>2026-09-10T11:01:02.473Z</time>
			</trkpt>
			<trkpt lat="38.59241" lon="-2.02764">
				<ele>907.48</ele>
				<time>2026-09-10T11:01:03.216Z</time>
			</trkpt>
			<trkpt lat="38.5922" lon="-2.02772">
				<ele>907.63</ele>
				<time>2026-09-10T11:01:04.373Z</time>
			</trkpt>
			<trkpt lat="38.59202" lon="-2.02783">
				<ele>905.88</ele>
				<time>2026-09-10T11:01:05.427Z</time>
			</trkpt>
			<trkpt lat="38.5905" lon="-2.029">
				<ele>905.62</ele>
				<time>2026-09-10T11:01:14.699Z</time>
			</trkpt>
			<trkpt lat="38.59018" lon="-2.02932">
				<ele>908.9</ele>
				<time>2026-09-10T11:01:16.793Z</time>
			</trkpt>
			<trkpt lat="38.58974" lon="-2.02986">
				<ele>912.45</ele>
				<time>2026-09-10T11:01:19.915Z</time>
			</trkpt>
			<trkpt lat="38.58951" lon="-2.03012">
				<ele>914.93</ele>
				<time>2026-09-10T11:01:21.477Z</time>
			</trkpt>
			<trkpt lat="38.58926" lon="-2.0303">
				<ele>916.94</ele>
				<time>2026-09-10T11:01:22.932Z</time>
			</trkpt>
			<trkpt lat="38.58912" lon="-2.03037">
				<ele>918.54</ele>
				<time>2026-09-10T11:01:23.693Z</time>
			</trkpt>
			<trkpt lat="38.58876" lon="-2.03044">
				<ele>920</ele>
				<time>2026-09-10T11:01:25.529Z</time>
			</trkpt>
			<trkpt lat="38.5881" lon="-2.03052">
				<ele>921.17</ele>
				<time>2026-09-10T11:01:28.851Z</time>
			</trkpt>
			<trkpt lat="38.58793" lon="-2.03057">
				<ele>922.1</ele>
				<time>2026-09-10T11:01:29.721Z</time>
			</trkpt>
			<trkpt lat="38.58772" lon="-2.03067">
				<ele>922.42</ele>
				<time>2026-09-10T11:01:30.836Z</time>
			</trkpt>
			<trkpt lat="38.58746" lon="-2.03085">
				<ele>921.73</ele>
				<time>2026-09-10T11:01:32.302Z</time>
			</trkpt>
			<trkpt lat="38.58699" lon="-2.03128">
				<ele>923.92</ele>
				<time>2026-09-10T11:01:35.153Z</time>
			</trkpt>
			<trkpt lat="38.58637" lon="-2.03188">
				<ele>925.71</ele>
				<time>2026-09-10T11:01:38.960Z</time>
			</trkpt>
			<trkpt lat="38.58547" lon="-2.033">
				<ele>924.91</ele>
				<time>2026-09-10T11:01:45.039Z</time>
			</trkpt>
			<trkpt lat="38.58526" lon="-2.0333">
				<ele>924.98</ele>
				<time>2026-09-10T11:01:46.551Z</time>
			</trkpt>
			<trkpt lat="38.58512" lon="-2.03356">
				<ele>926.4</ele>
				<time>2026-09-10T11:01:47.732Z</time>
			</trkpt>
			<trkpt lat="38.58502" lon="-2.03391">
				<ele>926.56</ele>
				<time>2026-09-10T11:01:49.123Z</time>
			</trkpt>
			<trkpt lat="38.58501" lon="-2.03426">
				<ele>927.84</ele>
				<time>2026-09-10T11:01:50.427Z</time>
			</trkpt>
			<trkpt lat="38.58506" lon="-2.03466">
				<ele>926.17</ele>
				<time>2026-09-10T11:01:51.930Z</time>
			</trkpt>
			<trkpt lat="38.58532" lon="-2.03561">
				<ele>928.17</ele>
				<time>2026-09-10T11:01:55.644Z</time>
			</trkpt>
			<trkpt lat="38.58532" lon="-2.0359">
				<ele>927.54</ele>
				<time>2026-09-10T11:01:56.709Z</time>
			</trkpt>
			<trkpt lat="38.58526" lon="-2.0362">
				<ele>928.33</ele>
				<time>2026-09-10T11:01:57.844Z</time>
			</trkpt>
			<trkpt lat="38.58511" lon="-2.03642">
				<ele>929.04</ele>
				<time>2026-09-10T11:01:58.912Z</time>
			</trkpt>
			<trkpt lat="38.58464" lon="-2.03705">
				<ele>934.59</ele>
				<time>2026-09-10T11:02:02.083Z</time>
			</trkpt>
			<trkpt lat="38.5845" lon="-2.03718">
				<ele>937.11</ele>
				<time>2026-09-10T11:02:02.886Z</time>
			</trkpt>
			<trkpt lat="38.58434" lon="-2.03726">
				<ele>938.25</ele>
				<time>2026-09-10T11:02:03.682Z</time>
			</trkpt>
			<trkpt lat="38.58397" lon="-2.03732">
				<ele>937.75</ele>
				<time>2026-09-10T11:02:05.406Z</time>
			</trkpt>
			<trkpt lat="38.58289" lon="-2.03732">
				<ele>941.78</ele>
				<time>2026-09-10T11:02:10.368Z</time>
			</trkpt>
			<trkpt lat="38.58268" lon="-2.03729">
				<ele>941.86</ele>
				<time>2026-09-10T11:02:11.334Z</time>
			</trkpt>
			<trkpt lat="38.58249" lon="-2.03724">
				<ele>943.33</ele>
				<time>2026-09-10T11:02:12.219Z</time>
			</trkpt>
			<trkpt lat="38.58166" lon="-2.03691">
				<ele>950.88</ele>
				<time>2026-09-10T11:02:16.170Z</time>
			</trkpt>
			<trkpt lat="38.58143" lon="-2.03687">
				<ele>952.14</ele>
				<time>2026-09-10T11:02:17.221Z</time>
			</trkpt>
			<trkpt lat="38.58125" lon="-2.03688">
				<ele>953.1</ele>
				<time>2026-09-10T11:02:18.035Z</time>
			</trkpt>
			<trkpt lat="38.58104" lon="-2.03692">
				<ele>953.22</ele>
				<time>2026-09-10T11:02:18.993Z</time>
			</trkpt>
			<trkpt lat="38.58073" lon="-2.03714">
				<ele>950.73</ele>
				<time>2026-09-10T11:02:20.590Z</time>
			</trkpt>
			<trkpt lat="38.58052" lon="-2.03736">
				<ele>949.22</ele>
				<time>2026-09-10T11:02:21.811Z</time>
			</trkpt>
			<trkpt lat="38.57974" lon="-2.03839">
				<ele>945.6</ele>
				<time>2026-09-10T11:02:26.828Z</time>
			</trkpt>
			<trkpt lat="38.57956" lon="-2.03873">
				<ele>943.78</ele>
				<time>2026-09-10T11:02:28.258Z</time>
			</trkpt>
			<trkpt lat="38.57948" lon="-2.03904">
				<ele>943.82</ele>
				<time>2026-09-10T11:02:29.393Z</time>
			</trkpt>
			<trkpt lat="38.57939" lon="-2.03994">
				<ele>940.7</ele>
				<time>2026-09-10T11:02:32.540Z</time>
			</trkpt>
			<trkpt lat="38.57934" lon="-2.04031">
				<ele>940.29</ele>
				<time>2026-09-10T11:02:33.839Z</time>
			</trkpt>
			<trkpt lat="38.57898" lon="-2.04151">
				<ele>937.19</ele>
				<time>2026-09-10T11:02:38.270Z</time>
			</trkpt>
			<trkpt lat="38.57888" lon="-2.04195">
				<ele>936.94</ele>
				<time>2026-09-10T11:02:39.845Z</time>
			</trkpt>
			<trkpt lat="38.57881" lon="-2.04255">
				<ele>935.51</ele>
				<time>2026-09-10T11:02:41.927Z</time>
			</trkpt>
			<trkpt lat="38.57881" lon="-2.0442">
				<ele>934.12</ele>
				<time>2026-09-10T11:02:47.568Z</time>
			</trkpt>
			<trkpt lat="38.57878" lon="-2.04452">
				<ele>933.21</ele>
				<time>2026-09-10T11:02:48.667Z</time>
			</trkpt>
			<trkpt lat="38.57868" lon="-2.04489">
				<ele>932.2</ele>
				<time>2026-09-10T11:02:50.001Z</time>
			</trkpt>
			<trkpt lat="38.57815" lon="-2.04604">
				<ele>932.73</ele>
				<time>2026-09-10T11:02:54.541Z</time>
			</trkpt>
			<trkpt lat="38.57722" lon="-2.04829">
				<ele>922.05</ele>
				<time>2026-09-10T11:03:03.170Z</time>
			</trkpt>
			<trkpt lat="38.57709" lon="-2.0485">
				<ele>921.11</ele>
				<time>2026-09-10T11:03:04.076Z</time>
			</trkpt>
			<trkpt lat="38.57697" lon="-2.04865">
				<ele>920.35</ele>
				<time>2026-09-10T11:03:04.802Z</time>
			</trkpt>
			<trkpt lat="38.57682" lon="-2.04879">
				<ele>920.63</ele>
				<time>2026-09-10T11:03:05.606Z</time>
			</trkpt>
			<trkpt lat="38.57657" lon="-2.04891">
				<ele>920.46</ele>
				<time>2026-09-10T11:03:06.762Z</time>
			</trkpt>
			<trkpt lat="38.5747" lon="-2.04961">
				<ele>910.11</ele>
				<time>2026-09-10T11:03:15.191Z</time>
			</trkpt>
			<trkpt lat="38.57445" lon="-2.04977">
				<ele>910.16</ele>
				<time>2026-09-10T11:03:16.401Z</time>
			</trkpt>
			<trkpt lat="38.57422" lon="-2.04999">
				<ele>910.88</ele>
				<time>2026-09-10T11:03:17.644Z</time>
			</trkpt>
			<trkpt lat="38.57406" lon="-2.05027">
				<ele>910.54</ele>
				<time>2026-09-10T11:03:18.818Z</time>
			</trkpt>
			<trkpt lat="38.57394" lon="-2.05059">
				<ele>909.31</ele>
				<time>2026-09-10T11:03:20.020Z</time>
			</trkpt>
			<trkpt lat="38.57388" lon="-2.05112">
				<ele>908.88</ele>
				<time>2026-09-10T11:03:21.834Z</time>
			</trkpt>
			<trkpt lat="38.57386" lon="-2.05152">
				<ele>906.58</ele>
				<time>2026-09-10T11:03:23.193Z</time>
			</trkpt>
			<trkpt lat="38.57381" lon="-2.05193">
				<ele>905.57</ele>
				<time>2026-09-10T11:03:24.600Z</time>
			</trkpt>
			<trkpt lat="38.57371" lon="-2.05221">
				<ele>905.77</ele>
				<time>2026-09-10T11:03:25.645Z</time>
			</trkpt>
			<trkpt lat="38.57352" lon="-2.05263">
				<ele>904.43</ele>
				<time>2026-09-10T11:03:27.293Z</time>
			</trkpt>
			<trkpt lat="38.57216" lon="-2.05528">
				<ele>897.85</ele>
				<time>2026-09-10T11:03:38.099Z</time>
			</trkpt>
			<trkpt lat="38.57209" lon="-2.0555">
				<ele>896.66</ele>
				<time>2026-09-10T11:03:38.913Z</time>
			</trkpt>
			<trkpt lat="38.57206" lon="-2.0557">
				<ele>896.06</ele>
				<time>2026-09-10T11:03:39.610Z</time>
			</trkpt>
			<trkpt lat="38.57206" lon="-2.05586">
				<ele>895.71</ele>
				<time>2026-09-10T11:03:40.159Z</time>
			</trkpt>
			<trkpt lat="38.57209" lon="-2.05606">
				<ele>894.83</ele>
				<time>2026-09-10T11:03:40.858Z</time>
			</trkpt>
			<trkpt lat="38.57217" lon="-2.05623">
				<ele>893.89</ele>
				<time>2026-09-10T11:03:41.539Z</time>
			</trkpt>
			<trkpt lat="38.57249" lon="-2.0567">
				<ele>891.59</ele>
				<time>2026-09-10T11:03:43.681Z</time>
			</trkpt>
			<trkpt lat="38.57264" lon="-2.05697">
				<ele>889.36</ele>
				<time>2026-09-10T11:03:44.822Z</time>
			</trkpt>
			<trkpt lat="38.57271" lon="-2.05719">
				<ele>887.65</ele>
				<time>2026-09-10T11:03:45.640Z</time>
			</trkpt>
			<trkpt lat="38.57277" lon="-2.05755">
				<ele>885.78</ele>
				<time>2026-09-10T11:03:46.911Z</time>
			</trkpt>
			<trkpt lat="38.57275" lon="-2.05786">
				<ele>884.53</ele>
				<time>2026-09-10T11:03:47.986Z</time>
			</trkpt>
			<trkpt lat="38.57266" lon="-2.05816">
				<ele>882.99</ele>
				<time>2026-09-10T11:03:49.097Z</time>
			</trkpt>
			<trkpt lat="38.57255" lon="-2.05845">
				<ele>882.2</ele>
				<time>2026-09-10T11:03:50.214Z</time>
			</trkpt>
			<trkpt lat="38.57206" lon="-2.05949">
				<ele>880.33</ele>
				<time>2026-09-10T11:03:54.435Z</time>
			</trkpt>
			<trkpt lat="38.57199" lon="-2.05971">
				<ele>879.55</ele>
				<time>2026-09-10T11:03:55.263Z</time>
			</trkpt>
			<trkpt lat="38.57192" lon="-2.06001">
				<ele>877.91</ele>
				<time>2026-09-10T11:03:56.356Z</time>
			</trkpt>
			<trkpt lat="38.57187" lon="-2.06166">
				<ele>876.56</ele>
				<time>2026-09-10T11:04:02.151Z</time>
			</trkpt>
			<trkpt lat="38.57184" lon="-2.06197">
				<ele>874.94</ele>
				<time>2026-09-10T11:04:03.252Z</time>
			</trkpt>
			<trkpt lat="38.5718" lon="-2.06217">
				<ele>874.51</ele>
				<time>2026-09-10T11:04:03.981Z</time>
			</trkpt>
			<trkpt lat="38.57172" lon="-2.06241">
				<ele>874.14</ele>
				<time>2026-09-10T11:04:04.904Z</time>
			</trkpt>
			<trkpt lat="38.57164" lon="-2.06251">
				<ele>873.9</ele>
				<time>2026-09-10T11:04:05.411Z</time>
			</trkpt>
			<trkpt lat="38.57132" lon="-2.06285">
				<ele>874.73</ele>
				<time>2026-09-10T11:04:07.298Z</time>
			</trkpt>
			<trkpt lat="38.57114" lon="-2.06308">
				<ele>873.51</ele>
				<time>2026-09-10T11:04:08.456Z</time>
			</trkpt>
			<trkpt lat="38.57104" lon="-2.06326">
				<ele>872.42</ele>
				<time>2026-09-10T11:04:09.242Z</time>
			</trkpt>
			<trkpt lat="38.57097" lon="-2.0635">
				<ele>871.3</ele>
				<time>2026-09-10T11:04:10.156Z</time>
			</trkpt>
			<trkpt lat="38.57094" lon="-2.06375">
				<ele>870.62</ele>
				<time>2026-09-10T11:04:11.060Z</time>
			</trkpt>
			<trkpt lat="38.57093" lon="-2.064">
				<ele>870.07</ele>
				<time>2026-09-10T11:04:11.956Z</time>
			</trkpt>
			<trkpt lat="38.57089" lon="-2.06425">
				<ele>869.38</ele>
				<time>2026-09-10T11:04:12.870Z</time>
			</trkpt>
			<trkpt lat="38.57079" lon="-2.06451">
				<ele>870.69</ele>
				<time>2026-09-10T11:04:13.911Z</time>
			</trkpt>
			<trkpt lat="38.57064" lon="-2.06468">
				<ele>872.54</ele>
				<time>2026-09-10T11:04:14.833Z</time>
			</trkpt>
			<trkpt lat="38.57047" lon="-2.0648">
				<ele>874.18</ele>
				<time>2026-09-10T11:04:15.728Z</time>
			</trkpt>
			<trkpt lat="38.57028" lon="-2.06484">
				<ele>874.58</ele>
				<time>2026-09-10T11:04:16.616Z</time>
			</trkpt>
			<trkpt lat="38.56994" lon="-2.06485">
				<ele>872.96</ele>
				<time>2026-09-10T11:04:18.190Z</time>
			</trkpt>
			<trkpt lat="38.56977" lon="-2.06488">
				<ele>870.55</ele>
				<time>2026-09-10T11:04:18.985Z</time>
			</trkpt>
			<trkpt lat="38.56964" lon="-2.06495">
				<ele>868.57</ele>
				<time>2026-09-10T11:04:19.640Z</time>
			</trkpt>
			<trkpt lat="38.5695" lon="-2.06506">
				<ele>866.43</ele>
				<time>2026-09-10T11:04:20.404Z</time>
			</trkpt>
			<trkpt lat="38.56938" lon="-2.06522">
				<ele>866.25</ele>
				<time>2026-09-10T11:04:21.211Z</time>
			</trkpt>
			<trkpt lat="38.56882" lon="-2.06653">
				<ele>866.58</ele>
				<time>2026-09-10T11:04:26.680Z</time>
			</trkpt>
			<trkpt lat="38.56864" lon="-2.06685">
				<ele>865.07</ele>
				<time>2026-09-10T11:04:28.134Z</time>
			</trkpt>
			<trkpt lat="38.56849" lon="-2.06705">
				<ele>864.19</ele>
				<time>2026-09-10T11:04:29.159Z</time>
			</trkpt>
			<trkpt lat="38.56805" lon="-2.06751">
				<ele>859.97</ele>
				<time>2026-09-10T11:04:31.857Z</time>
			</trkpt>
			<trkpt lat="38.5679" lon="-2.06774">
				<ele>857.82</ele>
				<time>2026-09-10T11:04:32.973Z</time>
			</trkpt>
			<trkpt lat="38.56767" lon="-2.0682">
				<ele>855.25</ele>
				<time>2026-09-10T11:04:35.015Z</time>
			</trkpt>
			<trkpt lat="38.56744" lon="-2.06873">
				<ele>851.91</ele>
				<time>2026-09-10T11:04:37.293Z</time>
			</trkpt>
			<trkpt lat="38.56731" lon="-2.06911">
				<ele>852.11</ele>
				<time>2026-09-10T11:04:38.858Z</time>
			</trkpt>
			<trkpt lat="38.56722" lon="-2.0695">
				<ele>850.85</ele>
				<time>2026-09-10T11:04:40.398Z</time>
			</trkpt>
			<trkpt lat="38.56707" lon="-2.07038">
				<ele>851.31</ele>
				<time>2026-09-10T11:04:43.827Z</time>
			</trkpt>
			<trkpt lat="38.56702" lon="-2.07052">
				<ele>851.03</ele>
				<time>2026-09-10T11:04:44.416Z</time>
			</trkpt>
			<trkpt lat="38.56694" lon="-2.07066">
				<ele>850.33</ele>
				<time>2026-09-10T11:04:45.080Z</time>
			</trkpt>
			<trkpt lat="38.56679" lon="-2.07081">
				<ele>848.82</ele>
				<time>2026-09-10T11:04:46.014Z</time>
			</trkpt>
			<trkpt lat="38.56668" lon="-2.07087">
				<ele>847.67</ele>
				<time>2026-09-10T11:04:46.602Z</time>
			</trkpt>
			<trkpt lat="38.56641" lon="-2.07095">
				<ele>846.12</ele>
				<time>2026-09-10T11:04:47.968Z</time>
			</trkpt>
			<trkpt lat="38.56587" lon="-2.07131">
				<ele>844.59</ele>
				<time>2026-09-10T11:04:50.985Z</time>
			</trkpt>
			<trkpt lat="38.56535" lon="-2.07167">
				<ele>845.22</ele>
				<time>2026-09-10T11:04:53.934Z</time>
			</trkpt>
			<trkpt lat="38.56523" lon="-2.07182">
				<ele>846.43</ele>
				<time>2026-09-10T11:04:54.775Z</time>
			</trkpt>
			<trkpt lat="38.56516" lon="-2.07201">
				<ele>847.05</ele>
				<time>2026-09-10T11:04:55.600Z</time>
			</trkpt>
			<trkpt lat="38.56514" lon="-2.07221">
				<ele>846.51</ele>
				<time>2026-09-10T11:04:56.393Z</time>
			</trkpt>
			<trkpt lat="38.56515" lon="-2.07312">
				<ele>839.25</ele>
				<time>2026-09-10T11:04:59.992Z</time>
			</trkpt>
			<trkpt lat="38.56513" lon="-2.07322">
				<ele>838.93</ele>
				<time>2026-09-10T11:05:00.402Z</time>
			</trkpt>
			<trkpt lat="38.56509" lon="-2.0733">
				<ele>838.53</ele>
				<time>2026-09-10T11:05:00.780Z</time>
			</trkpt>
			<trkpt lat="38.565" lon="-2.07338">
				<ele>837.83</ele>
				<time>2026-09-10T11:05:01.338Z</time>
			</trkpt>
			<trkpt lat="38.56487" lon="-2.07339">
				<ele>837.27</ele>
				<time>2026-09-10T11:05:02.002Z</time>
			</trkpt>
			<trkpt lat="38.56481" lon="-2.07337">
				<ele>837.12</ele>
				<time>2026-09-10T11:05:02.319Z</time>
			</trkpt>
			<trkpt lat="38.56453" lon="-2.07321">
				<ele>836.8</ele>
				<time>2026-09-10T11:05:03.889Z</time>
			</trkpt>
			<trkpt lat="38.56437" lon="-2.07306">
				<ele>836.99</ele>
				<time>2026-09-10T11:05:04.908Z</time>
			</trkpt>
			<trkpt lat="38.56422" lon="-2.07288">
				<ele>837.78</ele>
				<time>2026-09-10T11:05:05.967Z</time>
			</trkpt>
			<trkpt lat="38.56412" lon="-2.0727">
				<ele>837.69</ele>
				<time>2026-09-10T11:05:06.858Z</time>
			</trkpt>
			<trkpt lat="38.56407" lon="-2.07256">
				<ele>837.45</ele>
				<time>2026-09-10T11:05:07.480Z</time>
			</trkpt>
			<trkpt lat="38.56391" lon="-2.07174">
				<ele>838.11</ele>
				<time>2026-09-10T11:05:10.915Z</time>
			</trkpt>
			<trkpt lat="38.56385" lon="-2.07157">
				<ele>838.11</ele>
				<time>2026-09-10T11:05:11.677Z</time>
			</trkpt>
			<trkpt lat="38.56374" lon="-2.07135">
				<ele>837.79</ele>
				<time>2026-09-10T11:05:12.746Z</time>
			</trkpt>
			<trkpt lat="38.56361" lon="-2.07118">
				<ele>837.9</ele>
				<time>2026-09-10T11:05:13.722Z</time>
			</trkpt>
			<trkpt lat="38.56346" lon="-2.07104">
				<ele>836.95</ele>
				<time>2026-09-10T11:05:14.700Z</time>
			</trkpt>
			<trkpt lat="38.56309" lon="-2.07086">
				<ele>836.9</ele>
				<time>2026-09-10T11:05:16.792Z</time>
			</trkpt>
			<trkpt lat="38.56284" lon="-2.07061">
				<ele>837.75</ele>
				<time>2026-09-10T11:05:18.477Z</time>
			</trkpt>
			<trkpt lat="38.56273" lon="-2.07059">
				<ele>836.83</ele>
				<time>2026-09-10T11:05:19.069Z</time>
			</trkpt>
			<trkpt lat="38.56263" lon="-2.07065">
				<ele>836.89</ele>
				<time>2026-09-10T11:05:19.658Z</time>
			</trkpt>
			<trkpt lat="38.56194" lon="-2.07214">
				<ele>830.59</ele>
				<time>2026-09-10T11:05:26.953Z</time>
			</trkpt>
			<trkpt lat="38.5619" lon="-2.07236">
				<ele>830.07</ele>
				<time>2026-09-10T11:05:27.915Z</time>
			</trkpt>
			<trkpt lat="38.56186" lon="-2.07287">
				<ele>826.38</ele>
				<time>2026-09-10T11:05:30.107Z</time>
			</trkpt>
			<trkpt lat="38.56182" lon="-2.07302">
				<ele>824.82</ele>
				<time>2026-09-10T11:05:30.787Z</time>
			</trkpt>
			<trkpt lat="38.56176" lon="-2.0731">
				<ele>824.43</ele>
				<time>2026-09-10T11:05:31.264Z</time>
			</trkpt>
			<trkpt lat="38.56166" lon="-2.07319">
				<ele>823.68</ele>
				<time>2026-09-10T11:05:31.937Z</time>
			</trkpt>
			<trkpt lat="38.56155" lon="-2.07324">
				<ele>823.62</ele>
				<time>2026-09-10T11:05:32.581Z</time>
			</trkpt>
			<trkpt lat="38.56109" lon="-2.0733">
				<ele>826.68</ele>
				<time>2026-09-10T11:05:35.141Z</time>
			</trkpt>
			<trkpt lat="38.56086" lon="-2.07337">
				<ele>826.46</ele>
				<time>2026-09-10T11:05:36.457Z</time>
			</trkpt>
			<trkpt lat="38.56066" lon="-2.07339">
				<ele>825.48</ele>
				<time>2026-09-10T11:05:37.577Z</time>
			</trkpt>
			<trkpt lat="38.56009" lon="-2.07339">
				<ele>823.35</ele>
				<time>2026-09-10T11:05:40.778Z</time>
			</trkpt>
			<trkpt lat="38.55998" lon="-2.0734">
				<ele>823.62</ele>
				<time>2026-09-10T11:05:41.401Z</time>
			</trkpt>
			<trkpt lat="38.55988" lon="-2.07348">
				<ele>825.09</ele>
				<time>2026-09-10T11:05:42.067Z</time>
			</trkpt>
			<trkpt lat="38.55967" lon="-2.07373">
				<ele>823.06</ele>
				<time>2026-09-10T11:05:43.694Z</time>
			</trkpt>
			<trkpt lat="38.55948" lon="-2.07386">
				<ele>822.9</ele>
				<time>2026-09-10T11:05:44.921Z</time>
			</trkpt>
			<trkpt lat="38.5593" lon="-2.07402">
				<ele>821.16</ele>
				<time>2026-09-10T11:05:46.173Z</time>
			</trkpt>
			<trkpt lat="38.55906" lon="-2.07445">
				<ele>817</ele>
				<time>2026-09-10T11:05:48.543Z</time>
			</trkpt>
			<trkpt lat="38.55885" lon="-2.07465">
				<ele>817.53</ele>
				<time>2026-09-10T11:05:50.053Z</time>
			</trkpt>
			<trkpt lat="38.55876" lon="-2.07476">
				<ele>818.05</ele>
				<time>2026-09-10T11:05:50.773Z</time>
			</trkpt>
			<trkpt lat="38.55867" lon="-2.0748">
				<ele>818.35</ele>
				<time>2026-09-10T11:05:51.325Z</time>
			</trkpt>
			<trkpt lat="38.55844" lon="-2.07478">
				<ele>809.02</ele>
				<time>2026-09-10T11:05:52.664Z</time>
			</trkpt>
			<trkpt lat="38.55837" lon="-2.07475">
				<ele>804.3</ele>
				<time>2026-09-10T11:05:53.093Z</time>
			</trkpt>
			<trkpt lat="38.55832" lon="-2.07466">
				<ele>799.86</ele>
				<time>2026-09-10T11:05:53.596Z</time>
			</trkpt>
			<trkpt lat="38.55829" lon="-2.07452">
				<ele>795.94</ele>
				<time>2026-09-10T11:05:54.259Z</time>
			</trkpt>
			<trkpt lat="38.55822" lon="-2.07412">
				<ele>798.72</ele>
				<time>2026-09-10T11:05:56.136Z</time>
			</trkpt>
			<trkpt lat="38.55821" lon="-2.07368">
				<ele>803.42</ele>
				<time>2026-09-10T11:05:58.163Z</time>
			</trkpt>
			<trkpt lat="38.55816" lon="-2.07345">
				<ele>802.46</ele>
				<time>2026-09-10T11:05:59.266Z</time>
			</trkpt>
			<trkpt lat="38.55797" lon="-2.07281">
				<ele>795.33</ele>
				<time>2026-09-10T11:06:02.448Z</time>
			</trkpt>
			<trkpt lat="38.55784" lon="-2.07253">
				<ele>790.72</ele>
				<time>2026-09-10T11:06:03.971Z</time>
			</trkpt>
			<trkpt lat="38.55752" lon="-2.072">
				<ele>786.19</ele>
				<time>2026-09-10T11:06:07.122Z</time>
			</trkpt>
			<trkpt lat="38.55736" lon="-2.07168">
				<ele>785.34</ele>
				<time>2026-09-10T11:06:08.921Z</time>
			</trkpt>
			<trkpt lat="38.55727" lon="-2.07148">
				<ele>786.33</ele>
				<time>2026-09-10T11:06:10.018Z</time>
			</trkpt>
			<trkpt lat="38.55721" lon="-2.07127">
				<ele>791.6</ele>
				<time>2026-09-10T11:06:11.084Z</time>
			</trkpt>
			<trkpt lat="38.55711" lon="-2.07111">
				<ele>792.99</ele>
				<time>2026-09-10T11:06:12.064Z</time>
			</trkpt>
			<trkpt lat="38.55699" lon="-2.07101">
				<ele>790.35</ele>
				<time>2026-09-10T11:06:12.941Z</time>
			</trkpt>
			<trkpt lat="38.55667" lon="-2.07063">
				<ele>788.75</ele>
				<time>2026-09-10T11:06:15.630Z</time>
			</trkpt>
			<trkpt lat="38.55661" lon="-2.0706">
				<ele>786.59</ele>
				<time>2026-09-10T11:06:16.028Z</time>
			</trkpt>
			<trkpt lat="38.55654" lon="-2.07063">
				<ele>781.9</ele>
				<time>2026-09-10T11:06:16.485Z</time>
			</trkpt>
			<trkpt lat="38.55651" lon="-2.07071">
				<ele>777.26</ele>
				<time>2026-09-10T11:06:16.915Z</time>
			</trkpt>
			<trkpt lat="38.55654" lon="-2.07079">
				<ele>775.78</ele>
				<time>2026-09-10T11:06:17.345Z</time>
			</trkpt>
			<trkpt lat="38.55659" lon="-2.07083">
				<ele>776.34</ele>
				<time>2026-09-10T11:06:17.711Z</time>
			</trkpt>
			<trkpt lat="38.55669" lon="-2.07086">
				<ele>779.8</ele>
				<time>2026-09-10T11:06:18.350Z</time>
			</trkpt>
			<trkpt lat="38.55709" lon="-2.07127">
				<ele>785.08</ele>
				<time>2026-09-10T11:06:21.552Z</time>
			</trkpt>
			<trkpt lat="38.55711" lon="-2.07136">
				<ele>782.23</ele>
				<time>2026-09-10T11:06:22.012Z</time>
			</trkpt>
			<trkpt lat="38.55709" lon="-2.07143">
				<ele>779.12</ele>
				<time>2026-09-10T11:06:22.378Z</time>
			</trkpt>
			<trkpt lat="38.55705" lon="-2.07148">
				<ele>776.11</ele>
				<time>2026-09-10T11:06:22.730Z</time>
			</trkpt>
			<trkpt lat="38.55699" lon="-2.07149">
				<ele>773.13</ele>
				<time>2026-09-10T11:06:23.111Z</time>
			</trkpt>
			<trkpt lat="38.55693" lon="-2.07145">
				<ele>771.32</ele>
				<time>2026-09-10T11:06:23.537Z</time>
			</trkpt>
			<trkpt lat="38.55676" lon="-2.07116">
				<ele>772.23</ele>
				<time>2026-09-10T11:06:25.328Z</time>
			</trkpt>
			<trkpt lat="38.55658" lon="-2.07103">
				<ele>769.85</ele>
				<time>2026-09-10T11:06:26.640Z</time>
			</trkpt>
			<trkpt lat="38.55643" lon="-2.07094">
				<ele>767.49</ele>
				<time>2026-09-10T11:06:27.695Z</time>
			</trkpt>
			<trkpt lat="38.5562" lon="-2.07076">
				<ele>768.42</ele>
				<time>2026-09-10T11:06:29.417Z</time>
			</trkpt>
			<trkpt lat="38.55611" lon="-2.07074">
				<ele>768.03</ele>
				<time>2026-09-10T11:06:30.002Z</time>
			</trkpt>
			<trkpt lat="38.55573" lon="-2.07093">
				<ele>763.99</ele>
				<time>2026-09-10T11:06:32.627Z</time>
			</trkpt>
			<trkpt lat="38.55564" lon="-2.07093">
				<ele>765.39</ele>
				<time>2026-09-10T11:06:33.208Z</time>
			</trkpt>
			<trkpt lat="38.55541" lon="-2.07081">
				<ele>768.42</ele>
				<time>2026-09-10T11:06:34.817Z</time>
			</trkpt>
			<trkpt lat="38.55529" lon="-2.07082">
				<ele>764.2</ele>
				<time>2026-09-10T11:06:35.598Z</time>
			</trkpt>
			<trkpt lat="38.5551" lon="-2.07093">
				<ele>755.22</ele>
				<time>2026-09-10T11:06:36.957Z</time>
			</trkpt>
			<trkpt lat="38.55503" lon="-2.07094">
				<ele>753.42</ele>
				<time>2026-09-10T11:06:37.417Z</time>
			</trkpt>
			<trkpt lat="38.55496" lon="-2.07093">
				<ele>751.65</ele>
				<time>2026-09-10T11:06:37.877Z</time>
			</trkpt>
			<trkpt lat="38.55469" lon="-2.07071">
				<ele>750.94</ele>
				<time>2026-09-10T11:06:39.977Z</time>
			</trkpt>
			<trkpt lat="38.55433" lon="-2.07056">
				<ele>745.02</ele>
				<time>2026-09-10T11:06:42.475Z</time>
			</trkpt>
			<trkpt lat="38.55421" lon="-2.07052">
				<ele>742.59</ele>
				<time>2026-09-10T11:06:43.296Z</time>
			</trkpt>
			<trkpt lat="38.55401" lon="-2.0705">
				<ele>736.09</ele>
				<time>2026-09-10T11:06:44.629Z</time>
			</trkpt>
			<trkpt lat="38.5535" lon="-2.07027">
				<ele>737.36</ele>
				<time>2026-09-10T11:06:48.243Z</time>
			</trkpt>
			<trkpt lat="38.55316" lon="-2.07022">
				<ele>734.7</ele>
				<time>2026-09-10T11:06:50.547Z</time>
			</trkpt>
			<trkpt lat="38.55288" lon="-2.07003">
				<ele>735.68</ele>
				<time>2026-09-10T11:06:52.693Z</time>
			</trkpt>
			<trkpt lat="38.55273" lon="-2.0699">
				<ele>730.75</ele>
				<time>2026-09-10T11:06:53.925Z</time>
			</trkpt>
			<trkpt lat="38.55269" lon="-2.06989">
				<ele>728.63</ele>
				<time>2026-09-10T11:06:54.203Z</time>
			</trkpt>
			<trkpt lat="38.55261" lon="-2.06993">
				<ele>723.41</ele>
				<time>2026-09-10T11:06:54.789Z</time>
			</trkpt>
			<trkpt lat="38.5526" lon="-2.06999">
				<ele>721.08</ele>
				<time>2026-09-10T11:06:55.116Z</time>
			</trkpt>
			<trkpt lat="38.55262" lon="-2.07013">
				<ele>718.2</ele>
				<time>2026-09-10T11:06:55.877Z</time>
			</trkpt>
			<trkpt lat="38.55268" lon="-2.07029">
				<ele>717.16</ele>
				<time>2026-09-10T11:06:56.828Z</time>
			</trkpt>
			<trkpt lat="38.55276" lon="-2.07038">
				<ele>717.53</ele>
				<time>2026-09-10T11:06:57.559Z</time>
			</trkpt>
			<trkpt lat="38.55281" lon="-2.07042">
				<ele>717.48</ele>
				<time>2026-09-10T11:06:57.964Z</time>
			</trkpt>
			<trkpt lat="38.55292" lon="-2.07042">
				<ele>719.62</ele>
				<time>2026-09-10T11:06:58.722Z</time>
			</trkpt>
			<trkpt lat="38.5531" lon="-2.07038">
				<ele>724.97</ele>
				<time>2026-09-10T11:06:59.982Z</time>
			</trkpt>
			<trkpt lat="38.5532" lon="-2.07038">
				<ele>725.8</ele>
				<time>2026-09-10T11:07:00.674Z</time>
			</trkpt>
			<trkpt lat="38.55324" lon="-2.07041">
				<ele>724.32</ele>
				<time>2026-09-10T11:07:00.995Z</time>
			</trkpt>
			<trkpt lat="38.55339" lon="-2.07065">
				<ele>714.25</ele>
				<time>2026-09-10T11:07:02.663Z</time>
			</trkpt>
			<trkpt lat="38.55379" lon="-2.07078">
				<ele>718.11</ele>
				<time>2026-09-10T11:07:05.545Z</time>
			</trkpt>
			<trkpt lat="38.55396" lon="-2.07092">
				<ele>718.16</ele>
				<time>2026-09-10T11:07:06.964Z</time>
			</trkpt>
			<trkpt lat="38.55404" lon="-2.07095">
				<ele>718.83</ele>
				<time>2026-09-10T11:07:07.550Z</time>
			</trkpt>
			<trkpt lat="38.55413" lon="-2.07095">
				<ele>720.8</ele>
				<time>2026-09-10T11:07:08.184Z</time>
			</trkpt>
			<trkpt lat="38.55437" lon="-2.07104">
				<ele>717.31</ele>
				<time>2026-09-10T11:07:09.951Z</time>
			</trkpt>
			<trkpt lat="38.55442" lon="-2.0711">
				<ele>714.8</ele>
				<time>2026-09-10T11:07:10.437Z</time>
			</trkpt>
			<trkpt lat="38.55442" lon="-2.07118">
				<ele>712.15</ele>
				<time>2026-09-10T11:07:10.881Z</time>
			</trkpt>
			<trkpt lat="38.5544" lon="-2.07121">
				<ele>711.27</ele>
				<time>2026-09-10T11:07:11.100Z</time>
			</trkpt>
			<trkpt lat="38.55433" lon="-2.07123">
				<ele>710.8</ele>
				<time>2026-09-10T11:07:11.609Z</time>
			</trkpt>
			<trkpt lat="38.55411" lon="-2.07111">
				<ele>714.78</ele>
				<time>2026-09-10T11:07:13.313Z</time>
			</trkpt>
			<trkpt lat="38.55353" lon="-2.071">
				<ele>707.25</ele>
				<time>2026-09-10T11:07:17.520Z</time>
			</trkpt>
			<trkpt lat="38.55339" lon="-2.07091">
				<ele>705.86</ele>
				<time>2026-09-10T11:07:18.651Z</time>
			</trkpt>
			<trkpt lat="38.55319" lon="-2.07082">
				<ele>703.61</ele>
				<time>2026-09-10T11:07:20.187Z</time>
			</trkpt>
			<trkpt lat="38.55314" lon="-2.07085">
				<ele>701.55</ele>
				<time>2026-09-10T11:07:20.588Z</time>
			</trkpt>
			<trkpt lat="38.55313" lon="-2.07093">
				<ele>699.08</ele>
				<time>2026-09-10T11:07:21.048Z</time>
			</trkpt>
			<trkpt lat="38.55314" lon="-2.07097">
				<ele>698.51</ele>
				<time>2026-09-10T11:07:21.287Z</time>
			</trkpt>
			<trkpt lat="38.55321" lon="-2.07101">
				<ele>699.09</ele>
				<time>2026-09-10T11:07:21.845Z</time>
			</trkpt>
			<trkpt lat="38.55343" lon="-2.07111">
				<ele>702.49</ele>
				<time>2026-09-10T11:07:23.550Z</time>
			</trkpt>
			<trkpt lat="38.55375" lon="-2.0712">
				<ele>706.84</ele>
				<time>2026-09-10T11:07:25.953Z</time>
			</trkpt>
			<trkpt lat="38.5539" lon="-2.0713">
				<ele>706.94</ele>
				<time>2026-09-10T11:07:27.199Z</time>
			</trkpt>
			<trkpt lat="38.55396" lon="-2.07138">
				<ele>704.69</ele>
				<time>2026-09-10T11:07:27.839Z</time>
			</trkpt>
			<trkpt lat="38.55405" lon="-2.07158">
				<ele>700.34</ele>
				<time>2026-09-10T11:07:29.174Z</time>
			</trkpt>
			<trkpt lat="38.55409" lon="-2.07163">
				<ele>699.42</ele>
				<time>2026-09-10T11:07:29.589Z</time>
			</trkpt>
			<trkpt lat="38.55436" lon="-2.0718">
				<ele>696.91</ele>
				<time>2026-09-10T11:07:31.827Z</time>
			</trkpt>
			<trkpt lat="38.55447" lon="-2.0718">
				<ele>697.37</ele>
				<time>2026-09-10T11:07:32.648Z</time>
			</trkpt>
			<trkpt lat="38.5546" lon="-2.07185">
				<ele>697.71</ele>
				<time>2026-09-10T11:07:33.663Z</time>
			</trkpt>
			<trkpt lat="38.55465" lon="-2.07192">
				<ele>697</ele>
				<time>2026-09-10T11:07:34.219Z</time>
			</trkpt>
			<trkpt lat="38.5547" lon="-2.07211">
				<ele>692.61</ele>
				<time>2026-09-10T11:07:35.396Z</time>
			</trkpt>
			<trkpt lat="38.55443" lon="-2.07201">
				<ele>692.52</ele>
				<time>2026-09-10T11:07:37.514Z</time>
			</trkpt>
			<trkpt lat="38.55415" lon="-2.07183">
				<ele>695.26</ele>
				<time>2026-09-10T11:07:39.888Z</time>
			</trkpt>
			<trkpt lat="38.55358" lon="-2.07141">
				<ele>698.27</ele>
				<time>2026-09-10T11:07:44.787Z</time>
			</trkpt>
			<trkpt lat="38.55336" lon="-2.07128">
				<ele>697</ele>
				<time>2026-09-10T11:07:46.203Z</time>
			</trkpt>
			<trkpt lat="38.55358" lon="-2.07141">
				<ele>698.27</ele>
				<time>2026-09-10T11:07:47.535Z</time>
			</trkpt>
			<trkpt lat="38.55415" lon="-2.07183">
				<ele>695.26</ele>
				<time>2026-09-10T11:07:52.714Z</time>
			</trkpt>
			<trkpt lat="38.55443" lon="-2.07201">
				<ele>692.52</ele>
				<time>2026-09-10T11:07:57.066Z</time>
			</trkpt>
			<trkpt lat="38.5547" lon="-2.07211">
				<ele>692.61</ele>
				<time>2026-09-10T11:08:02.618Z</time>
			</trkpt>
			<trkpt lat="38.5548" lon="-2.07219">
				<ele>693.05</ele>
				<time>2026-09-10T11:08:10.655Z</time>
			</trkpt>
			<trkpt lat="38.55529" lon="-2.07259">
				<ele>696.65</ele>
				<time>2026-09-10T11:08:49.218Z</time>
			</trkpt>
			<trkpt lat="38.55538" lon="-2.07274">
				<ele>694.98</ele>
				<time>2026-09-10T11:08:51.739Z</time>
			</trkpt>
			<trkpt lat="38.55544" lon="-2.07293">
				<ele>693.33</ele>
				<time>2026-09-10T11:08:53.922Z</time>
			</trkpt>
			<trkpt lat="38.55547" lon="-2.07315">
				<ele>692.37</ele>
				<time>2026-09-10T11:08:56.024Z</time>
			</trkpt>
			<trkpt lat="38.55547" lon="-2.0733">
				<ele>691.92</ele>
				<time>2026-09-10T11:08:57.478Z</time>
			</trkpt>
			<trkpt lat="38.55542" lon="-2.07368">
				<ele>687.19</ele>
				<time>2026-09-10T11:09:02.310Z</time>
			</trkpt>
			<trkpt lat="38.55542" lon="-2.07381">
				<ele>685.54</ele>
				<time>2026-09-10T11:09:04.293Z</time>
			</trkpt>
			<trkpt lat="38.5555" lon="-2.07399">
				<ele>686.17</ele>
				<time>2026-09-10T11:09:07.598Z</time>
			</trkpt>
			<trkpt lat="38.55574" lon="-2.0743">
				<ele>689.02</ele>
				<time>2026-09-10T11:09:14.773Z</time>
			</trkpt>
			<trkpt lat="38.55581" lon="-2.07447">
				<ele>688</ele>
				<time>2026-09-10T11:09:17.850Z</time>
			</trkpt>
			<trkpt lat="38.55583" lon="-2.07457">
				<ele>686.23</ele>
				<time>2026-09-10T11:09:19.442Z</time>
			</trkpt>
			<trkpt lat="38.55579" lon="-2.07571">
				<ele>674.93</ele>
				<time>2026-09-10T11:09:31.709Z</time>
			</trkpt>
			<trkpt lat="38.5557" lon="-2.07644">
				<ele>694.37</ele>
				<time>2026-09-10T11:09:37.580Z</time>
			</trkpt>
			<trkpt lat="38.55563" lon="-2.07672">
				<ele>698.27</ele>
				<time>2026-09-10T11:09:39.904Z</time>
			</trkpt>
			<trkpt lat="38.55554" lon="-2.07695">
				<ele>699.36</ele>
				<time>2026-09-10T11:09:41.933Z</time>
			</trkpt>
			<trkpt lat="38.55528" lon="-2.07741">
				<ele>678.26</ele>
				<time>2026-09-10T11:09:46.395Z</time>
			</trkpt>
			<trkpt lat="38.55518" lon="-2.07751">
				<ele>676.04</ele>
				<time>2026-09-10T11:09:47.667Z</time>
			</trkpt>
			<trkpt lat="38.55487" lon="-2.07766">
				<ele>663.87</ele>
				<time>2026-09-10T11:09:50.979Z</time>
			</trkpt>
			<trkpt lat="38.55464" lon="-2.07782">
				<ele>660.19</ele>
				<time>2026-09-10T11:09:53.587Z</time>
			</trkpt>
			<trkpt lat="38.55455" lon="-2.07793">
				<ele>658.14</ele>
				<time>2026-09-10T11:09:54.825Z</time>
			</trkpt>
			<trkpt lat="38.55445" lon="-2.07808">
				<ele>657.43</ele>
				<time>2026-09-10T11:09:56.355Z</time>
			</trkpt>
			<trkpt lat="38.55411" lon="-2.07866">
				<ele>660.14</ele>
				<time>2026-09-10T11:10:01.958Z</time>
			</trkpt>
			<trkpt lat="38.55402" lon="-2.07873">
				<ele>657.56</ele>
				<time>2026-09-10T11:10:02.995Z</time>
			</trkpt>
			<trkpt lat="38.55393" lon="-2.07877">
				<ele>653.72</ele>
				<time>2026-09-10T11:10:03.932Z</time>
			</trkpt>
			<trkpt lat="38.55354" lon="-2.07889">
				<ele>638.86</ele>
				<time>2026-09-10T11:10:07.867Z</time>
			</trkpt>
			<trkpt lat="38.5534" lon="-2.07896">
				<ele>638.47</ele>
				<time>2026-09-10T11:10:09.337Z</time>
			</trkpt>
			<trkpt lat="38.55328" lon="-2.07907">
				<ele>639.76</ele>
				<time>2026-09-10T11:10:10.778Z</time>
			</trkpt>
			<trkpt lat="38.55242" lon="-2.07988">
				<ele>641.83</ele>
				<time>2026-09-10T11:10:21.134Z</time>
			</trkpt>
			<trkpt lat="38.55224" lon="-2.0801">
				<ele>641.23</ele>
				<time>2026-09-10T11:10:23.530Z</time>
			</trkpt>
			<trkpt lat="38.55206" lon="-2.08039">
				<ele>638.18</ele>
				<time>2026-09-10T11:10:26.309Z</time>
			</trkpt>
			<trkpt lat="38.55204" lon="-2.08051">
				<ele>638.28</ele>
				<time>2026-09-10T11:10:27.227Z</time>
			</trkpt>
			<trkpt lat="38.55204" lon="-2.08063">
				<ele>639.36</ele>
				<time>2026-09-10T11:10:28.125Z</time>
			</trkpt>
			<trkpt lat="38.55208" lon="-2.08075">
				<ele>641.91</ele>
				<time>2026-09-10T11:10:29.099Z</time>
			</trkpt>
			<trkpt lat="38.55217" lon="-2.08088">
				<ele>646</ele>
				<time>2026-09-10T11:10:30.395Z</time>
			</trkpt>
			<trkpt lat="38.55308" lon="-2.08186">
				<ele>669.63</ele>
				<time>2026-09-10T11:10:41.661Z</time>
			</trkpt>
			<trkpt lat="38.5532" lon="-2.08203">
				<ele>665.79</ele>
				<time>2026-09-10T11:10:43.344Z</time>
			</trkpt>
			<trkpt lat="38.55342" lon="-2.08243">
				<ele>654.9</ele>
				<time>2026-09-10T11:10:46.926Z</time>
			</trkpt>
			<trkpt lat="38.55364" lon="-2.08278">
				<ele>647.9</ele>
				<time>2026-09-10T11:10:50.201Z</time>
			</trkpt>
			<trkpt lat="38.55369" lon="-2.08295">
				<ele>645.92</ele>
				<time>2026-09-10T11:10:51.522Z</time>
			</trkpt>
			<trkpt lat="38.55368" lon="-2.0831">
				<ele>643.85</ele>
				<time>2026-09-10T11:10:52.616Z</time>
			</trkpt>
			<trkpt lat="38.55364" lon="-2.08324">
				<ele>642.59</ele>
				<time>2026-09-10T11:10:53.697Z</time>
			</trkpt>
			<trkpt lat="38.5535" lon="-2.08349">
				<ele>649.67</ele>
				<time>2026-09-10T11:10:55.923Z</time>
			</trkpt>
			<trkpt lat="38.55334" lon="-2.08362">
				<ele>650.99</ele>
				<time>2026-09-10T11:10:57.674Z</time>
			</trkpt>
			<trkpt lat="38.55318" lon="-2.08373">
				<ele>647.71</ele>
				<time>2026-09-10T11:10:59.348Z</time>
			</trkpt>
			<trkpt lat="38.553" lon="-2.08381">
				<ele>635.83</ele>
				<time>2026-09-10T11:11:01.100Z</time>
			</trkpt>
			<trkpt lat="38.55278" lon="-2.08385">
				<ele>621.67</ele>
				<time>2026-09-10T11:11:03.138Z</time>
			</trkpt>
			<trkpt lat="38.55258" lon="-2.08385">
				<ele>621.06</ele>
				<time>2026-09-10T11:11:04.969Z</time>
			</trkpt>
			<trkpt lat="38.55239" lon="-2.08382">
				<ele>625.09</ele>
				<time>2026-09-10T11:11:06.717Z</time>
			</trkpt>
			<trkpt lat="38.55178" lon="-2.08368">
				<ele>627.8</ele>
				<time>2026-09-10T11:11:12.350Z</time>
			</trkpt>
			<trkpt lat="38.55153" lon="-2.08368">
				<ele>624.09</ele>
				<time>2026-09-10T11:11:14.611Z</time>
			</trkpt>
			<trkpt lat="38.55145" lon="-2.08373">
				<ele>623.48</ele>
				<time>2026-09-10T11:11:15.415Z</time>
			</trkpt>
			<trkpt lat="38.55137" lon="-2.0838">
				<ele>623.27</ele>
				<time>2026-09-10T11:11:16.289Z</time>
			</trkpt>
			<trkpt lat="38.55131" lon="-2.08388">
				<ele>623.66</ele>
				<time>2026-09-10T11:11:17.070Z</time>
			</trkpt>
			<trkpt lat="38.55109" lon="-2.08433">
				<ele>633.73</ele>
				<time>2026-09-10T11:11:20.798Z</time>
			</trkpt>
			<trkpt lat="38.55046" lon="-2.08581">
				<ele>635.93</ele>
				<time>2026-09-10T11:11:32.519Z</time>
			</trkpt>
			<trkpt lat="38.55039" lon="-2.08601">
				<ele>637.7</ele>
				<time>2026-09-10T11:11:34.030Z</time>
			</trkpt>
			<trkpt lat="38.55036" lon="-2.08619">
				<ele>638.59</ele>
				<time>2026-09-10T11:11:35.297Z</time>
			</trkpt>
			<trkpt lat="38.55036" lon="-2.08641">
				<ele>638.31</ele>
				<time>2026-09-10T11:11:36.809Z</time>
			</trkpt>
			<trkpt lat="38.55039" lon="-2.08694">
				<ele>650.35</ele>
				<time>2026-09-10T11:11:40.448Z</time>
			</trkpt>
			<trkpt lat="38.55051" lon="-2.08774">
				<ele>640.72</ele>
				<time>2026-09-10T11:11:45.993Z</time>
			</trkpt>
			<trkpt lat="38.5507" lon="-2.08852">
				<ele>647.65</ele>
				<time>2026-09-10T11:11:51.514Z</time>
			</trkpt>
			<trkpt lat="38.55109" lon="-2.08949">
				<ele>645.36</ele>
				<time>2026-09-10T11:11:58.822Z</time>
			</trkpt>
			<trkpt lat="38.55115" lon="-2.08973">
				<ele>638.97</ele>
				<time>2026-09-10T11:12:00.500Z</time>
			</trkpt>
			<trkpt lat="38.55127" lon="-2.0909">
				<ele>638.3</ele>
				<time>2026-09-10T11:12:08.309Z</time>
			</trkpt>
			<trkpt lat="38.55123" lon="-2.09189">
				<ele>648.2</ele>
				<time>2026-09-10T11:12:14.804Z</time>
			</trkpt>
			<trkpt lat="38.55123" lon="-2.0936">
				<ele>639.64</ele>
				<time>2026-09-10T11:12:25.874Z</time>
			</trkpt>
			<trkpt lat="38.55126" lon="-2.09381">
				<ele>635.4</ele>
				<time>2026-09-10T11:12:27.244Z</time>
			</trkpt>
			<trkpt lat="38.55131" lon="-2.09397">
				<ele>632.96</ele>
				<time>2026-09-10T11:12:28.348Z</time>
			</trkpt>
			<trkpt lat="38.55146" lon="-2.09423">
				<ele>633.67</ele>
				<time>2026-09-10T11:12:30.413Z</time>
			</trkpt>
			<trkpt lat="38.55155" lon="-2.09434">
				<ele>637.49</ele>
				<time>2026-09-10T11:12:31.428Z</time>
			</trkpt>
			<trkpt lat="38.55185" lon="-2.09449">
				<ele>645.12</ele>
				<time>2026-09-10T11:12:34.048Z</time>
			</trkpt>
			<trkpt lat="38.55203" lon="-2.09462">
				<ele>649.8</ele>
				<time>2026-09-10T11:12:35.725Z</time>
			</trkpt>
			<trkpt lat="38.55221" lon="-2.09498">
				<ele>650.1</ele>
				<time>2026-09-10T11:12:38.426Z</time>
			</trkpt>
			<trkpt lat="38.55229" lon="-2.09521">
				<ele>647.63</ele>
				<time>2026-09-10T11:12:40.013Z</time>
			</trkpt>
			<trkpt lat="38.55237" lon="-2.09551">
				<ele>645.66</ele>
				<time>2026-09-10T11:12:42.005Z</time>
			</trkpt>
			<trkpt lat="38.55239" lon="-2.09586">
				<ele>648.02</ele>
				<time>2026-09-10T11:12:44.205Z</time>
			</trkpt>
			<trkpt lat="38.55237" lon="-2.09608">
				<ele>658.98</ele>
				<time>2026-09-10T11:12:45.589Z</time>
			</trkpt>
			<trkpt lat="38.55226" lon="-2.0965">
				<ele>660.61</ele>
				<time>2026-09-10T11:12:48.350Z</time>
			</trkpt>
			<trkpt lat="38.55217" lon="-2.09673">
				<ele>657.9</ele>
				<time>2026-09-10T11:12:49.947Z</time>
			</trkpt>
			<trkpt lat="38.55206" lon="-2.0969">
				<ele>648.45</ele>
				<time>2026-09-10T11:12:51.315Z</time>
			</trkpt>
			<trkpt lat="38.55124" lon="-2.09754">
				<ele>627.54</ele>
				<time>2026-09-10T11:12:58.881Z</time>
			</trkpt>
			<trkpt lat="38.55108" lon="-2.09772">
				<ele>626.7</ele>
				<time>2026-09-10T11:13:00.548Z</time>
			</trkpt>
			<trkpt lat="38.55099" lon="-2.09785">
				<ele>628.06</ele>
				<time>2026-09-10T11:13:01.607Z</time>
			</trkpt>
			<trkpt lat="38.55089" lon="-2.09807">
				<ele>629.51</ele>
				<time>2026-09-10T11:13:03.158Z</time>
			</trkpt>
			<trkpt lat="38.55083" lon="-2.09831">
				<ele>631.58</ele>
				<time>2026-09-10T11:13:04.689Z</time>
			</trkpt>
			<trkpt lat="38.55077" lon="-2.09875">
				<ele>647.37</ele>
				<time>2026-09-10T11:13:07.396Z</time>
			</trkpt>
			<trkpt lat="38.55074" lon="-2.09918">
				<ele>653.13</ele>
				<time>2026-09-10T11:13:10.001Z</time>
			</trkpt>
			<trkpt lat="38.55074" lon="-2.09948">
				<ele>651.82</ele>
				<time>2026-09-10T11:13:11.806Z</time>
			</trkpt>
			<trkpt lat="38.55079" lon="-2.09974">
				<ele>648.64</ele>
				<time>2026-09-10T11:13:13.412Z</time>
			</trkpt>
			<trkpt lat="38.55088" lon="-2.10012">
				<ele>643.27</ele>
				<time>2026-09-10T11:13:15.787Z</time>
			</trkpt>
			<trkpt lat="38.55106" lon="-2.10065">
				<ele>642.31</ele>
				<time>2026-09-10T11:13:19.228Z</time>
			</trkpt>
			<trkpt lat="38.55143" lon="-2.10168">
				<ele>651.6</ele>
				<time>2026-09-10T11:13:25.926Z</time>
			</trkpt>
			<trkpt lat="38.55153" lon="-2.10201">
				<ele>651.97</ele>
				<time>2026-09-10T11:13:28.003Z</time>
			</trkpt>
			<trkpt lat="38.55157" lon="-2.10261">
				<ele>652.03</ele>
				<time>2026-09-10T11:13:31.522Z</time>
			</trkpt>
			<trkpt lat="38.55161" lon="-2.10285">
				<ele>653.19</ele>
				<time>2026-09-10T11:13:32.950Z</time>
			</trkpt>
			<trkpt lat="38.55171" lon="-2.10313">
				<ele>655.46</ele>
				<time>2026-09-10T11:13:34.737Z</time>
			</trkpt>
			<trkpt lat="38.55199" lon="-2.10375">
				<ele>665.52</ele>
				<time>2026-09-10T11:13:38.875Z</time>
			</trkpt>
			<trkpt lat="38.55201" lon="-2.1039">
				<ele>666.22</ele>
				<time>2026-09-10T11:13:39.751Z</time>
			</trkpt>
			<trkpt lat="38.55201" lon="-2.10404">
				<ele>666.11</ele>
				<time>2026-09-10T11:13:40.556Z</time>
			</trkpt>
			<trkpt lat="38.55191" lon="-2.10441">
				<ele>661.61</ele>
				<time>2026-09-10T11:13:42.801Z</time>
			</trkpt>
			<trkpt lat="38.5519" lon="-2.10463">
				<ele>663.13</ele>
				<time>2026-09-10T11:13:44.061Z</time>
			</trkpt>
			<trkpt lat="38.55192" lon="-2.10492">
				<ele>671.6</ele>
				<time>2026-09-10T11:13:45.722Z</time>
			</trkpt>
			<trkpt lat="38.55192" lon="-2.10506">
				<ele>676.33</ele>
				<time>2026-09-10T11:13:46.520Z</time>
			</trkpt>
			<trkpt lat="38.55186" lon="-2.1052">
				<ele>678.7</ele>
				<time>2026-09-10T11:13:47.427Z</time>
			</trkpt>
			<trkpt lat="38.55165" lon="-2.10554">
				<ele>671.57</ele>
				<time>2026-09-10T11:13:49.884Z</time>
			</trkpt>
			<trkpt lat="38.5516" lon="-2.1057">
				<ele>672.1</ele>
				<time>2026-09-10T11:13:50.859Z</time>
			</trkpt>
			<trkpt lat="38.55153" lon="-2.10599">
				<ele>672.93</ele>
				<time>2026-09-10T11:13:52.572Z</time>
			</trkpt>
			<trkpt lat="38.55152" lon="-2.10618">
				<ele>673.39</ele>
				<time>2026-09-10T11:13:53.644Z</time>
			</trkpt>
			<trkpt lat="38.55154" lon="-2.10661">
				<ele>675.83</ele>
				<time>2026-09-10T11:13:56.063Z</time>
			</trkpt>
			<trkpt lat="38.55149" lon="-2.10686">
				<ele>677.69</ele>
				<time>2026-09-10T11:13:57.507Z</time>
			</trkpt>
			<trkpt lat="38.55136" lon="-2.10714">
				<ele>677.78</ele>
				<time>2026-09-10T11:13:59.325Z</time>
			</trkpt>
			<trkpt lat="38.55119" lon="-2.10733">
				<ele>672.49</ele>
				<time>2026-09-10T11:14:00.932Z</time>
			</trkpt>
			<trkpt lat="38.55102" lon="-2.10746">
				<ele>667.59</ele>
				<time>2026-09-10T11:14:02.338Z</time>
			</trkpt>
			<trkpt lat="38.55053" lon="-2.10765">
				<ele>663.34</ele>
				<time>2026-09-10T11:14:05.959Z</time>
			</trkpt>
			<trkpt lat="38.55031" lon="-2.1078">
				<ele>660.59</ele>
				<time>2026-09-10T11:14:07.714Z</time>
			</trkpt>
			<trkpt lat="38.5502" lon="-2.10792">
				<ele>660.51</ele>
				<time>2026-09-10T11:14:08.730Z</time>
			</trkpt>
			<trkpt lat="38.55007" lon="-2.10824">
				<ele>666.6</ele>
				<time>2026-09-10T11:14:10.706Z</time>
			</trkpt>
			<trkpt lat="38.55003" lon="-2.10845">
				<ele>669.91</ele>
				<time>2026-09-10T11:14:11.887Z</time>
			</trkpt>
			<trkpt lat="38.55004" lon="-2.10933">
				<ele>667.42</ele>
				<time>2026-09-10T11:14:16.673Z</time>
			</trkpt>
			<trkpt lat="38.55011" lon="-2.11036">
				<ele>676.79</ele>
				<time>2026-09-10T11:14:22.246Z</time>
			</trkpt>
			<trkpt lat="38.55009" lon="-2.11051">
				<ele>677.48</ele>
				<time>2026-09-10T11:14:23.062Z</time>
			</trkpt>
			<trkpt lat="38.5499" lon="-2.11111">
				<ele>678.04</ele>
				<time>2026-09-10T11:14:26.520Z</time>
			</trkpt>
			<trkpt lat="38.54987" lon="-2.11126">
				<ele>674.44</ele>
				<time>2026-09-10T11:14:27.344Z</time>
			</trkpt>
			<trkpt lat="38.54987" lon="-2.1114">
				<ele>672.11</ele>
				<time>2026-09-10T11:14:28.088Z</time>
			</trkpt>
			<trkpt lat="38.54991" lon="-2.11168">
				<ele>676.17</ele>
				<time>2026-09-10T11:14:29.598Z</time>
			</trkpt>
			<trkpt lat="38.55019" lon="-2.11252">
				<ele>679.27</ele>
				<time>2026-09-10T11:14:34.416Z</time>
			</trkpt>
			<trkpt lat="38.55022" lon="-2.11268">
				<ele>681.08</ele>
				<time>2026-09-10T11:14:35.280Z</time>
			</trkpt>
			<trkpt lat="38.55024" lon="-2.11301">
				<ele>681.45</ele>
				<time>2026-09-10T11:14:37.014Z</time>
			</trkpt>
			<trkpt lat="38.55021" lon="-2.11316">
				<ele>678.3</ele>
				<time>2026-09-10T11:14:37.824Z</time>
			</trkpt>
			<trkpt lat="38.55017" lon="-2.11327">
				<ele>674.99</ele>
				<time>2026-09-10T11:14:38.457Z</time>
			</trkpt>
			<trkpt lat="38.5501" lon="-2.11335">
				<ele>670.9</ele>
				<time>2026-09-10T11:14:39.083Z</time>
			</trkpt>
			<trkpt lat="38.54933" lon="-2.114">
				<ele>689.39</ele>
				<time>2026-09-10T11:14:45.199Z</time>
			</trkpt>
			<trkpt lat="38.54927" lon="-2.11416">
				<ele>692.08</ele>
				<time>2026-09-10T11:14:46.113Z</time>
			</trkpt>
			<trkpt lat="38.54926" lon="-2.1143">
				<ele>691.83</ele>
				<time>2026-09-10T11:14:46.837Z</time>
			</trkpt>
			<trkpt lat="38.54929" lon="-2.11486">
				<ele>689.16</ele>
				<time>2026-09-10T11:14:49.715Z</time>
			</trkpt>
			<trkpt lat="38.5496" lon="-2.11562">
				<ele>692.28</ele>
				<time>2026-09-10T11:14:54.083Z</time>
			</trkpt>
			<trkpt lat="38.54969" lon="-2.11601">
				<ele>685.85</ele>
				<time>2026-09-10T11:14:56.143Z</time>
			</trkpt>
			<trkpt lat="38.54971" lon="-2.11616">
				<ele>685.2</ele>
				<time>2026-09-10T11:14:56.912Z</time>
			</trkpt>
			<trkpt lat="38.54969" lon="-2.11654">
				<ele>688.86</ele>
				<time>2026-09-10T11:14:58.832Z</time>
			</trkpt>
			<trkpt lat="38.54962" lon="-2.11692">
				<ele>690.46</ele>
				<time>2026-09-10T11:15:00.793Z</time>
			</trkpt>
			<trkpt lat="38.54943" lon="-2.11764">
				<ele>691.12</ele>
				<time>2026-09-10T11:15:04.591Z</time>
			</trkpt>
			<trkpt lat="38.54942" lon="-2.11769">
				<ele>691.43</ele>
				<time>2026-09-10T11:15:04.848Z</time>
			</trkpt>
			<trkpt lat="38.5492" lon="-2.11854">
				<ele>698.19</ele>
				<time>2026-09-10T11:15:09.287Z</time>
			</trkpt>
			<trkpt lat="38.54916" lon="-2.11865">
				<ele>698.32</ele>
				<time>2026-09-10T11:15:09.886Z</time>
			</trkpt>
			<trkpt lat="38.54911" lon="-2.11874">
				<ele>697.25</ele>
				<time>2026-09-10T11:15:10.430Z</time>
			</trkpt>
			<trkpt lat="38.54904" lon="-2.11881">
				<ele>696.81</ele>
				<time>2026-09-10T11:15:10.990Z</time>
			</trkpt>
			<trkpt lat="38.54883" lon="-2.11892">
				<ele>698.76</ele>
				<time>2026-09-10T11:15:12.417Z</time>
			</trkpt>
			<trkpt lat="38.54876" lon="-2.11892">
				<ele>700.46</ele>
				<time>2026-09-10T11:15:12.856Z</time>
			</trkpt>
			<trkpt lat="38.54859" lon="-2.11886">
				<ele>704.96</ele>
				<time>2026-09-10T11:15:13.961Z</time>
			</trkpt>
			<trkpt lat="38.54844" lon="-2.11872">
				<ele>710.95</ele>
				<time>2026-09-10T11:15:15.122Z</time>
			</trkpt>
			<trkpt lat="38.54837" lon="-2.1186">
				<ele>713.82</ele>
				<time>2026-09-10T11:15:15.853Z</time>
			</trkpt>
			<trkpt lat="38.54833" lon="-2.11848">
				<ele>714.94</ele>
				<time>2026-09-10T11:15:16.489Z</time>
			</trkpt>
			<trkpt lat="38.54806" lon="-2.11731">
				<ele>727.3</ele>
				<time>2026-09-10T11:15:22.401Z</time>
			</trkpt>
			<trkpt lat="38.54802" lon="-2.11673">
				<ele>723.81</ele>
				<time>2026-09-10T11:15:25.200Z</time>
			</trkpt>
			<trkpt lat="38.54802" lon="-2.11596">
				<ele>729.56</ele>
				<time>2026-09-10T11:15:28.879Z</time>
			</trkpt>
			<trkpt lat="38.54807" lon="-2.1156">
				<ele>734.44</ele>
				<time>2026-09-10T11:15:30.617Z</time>
			</trkpt>
			<trkpt lat="38.54827" lon="-2.11458">
				<ele>734.51</ele>
				<time>2026-09-10T11:15:35.585Z</time>
			</trkpt>
			<trkpt lat="38.5483" lon="-2.11433">
				<ele>735.42</ele>
				<time>2026-09-10T11:15:36.772Z</time>
			</trkpt>
			<trkpt lat="38.54831" lon="-2.11417">
				<ele>737.57</ele>
				<time>2026-09-10T11:15:37.525Z</time>
			</trkpt>
			<trkpt lat="38.54831" lon="-2.11322">
				<ele>747.13</ele>
				<time>2026-09-10T11:15:41.956Z</time>
			</trkpt>
			<trkpt lat="38.54832" lon="-2.11308">
				<ele>748.4</ele>
				<time>2026-09-10T11:15:42.608Z</time>
			</trkpt>
			<trkpt lat="38.54838" lon="-2.11294">
				<ele>749.75</ele>
				<time>2026-09-10T11:15:43.348Z</time>
			</trkpt>
			<trkpt lat="38.54847" lon="-2.11284">
				<ele>748.6</ele>
				<time>2026-09-10T11:15:44.054Z</time>
			</trkpt>
			<trkpt lat="38.54881" lon="-2.11256">
				<ele>735.01</ele>
				<time>2026-09-10T11:15:46.440Z</time>
			</trkpt>
			<trkpt lat="38.54887" lon="-2.11245">
				<ele>733.21</ele>
				<time>2026-09-10T11:15:47.058Z</time>
			</trkpt>
			<trkpt lat="38.54889" lon="-2.1123">
				<ele>733.05</ele>
				<time>2026-09-10T11:15:47.757Z</time>
			</trkpt>
			<trkpt lat="38.54888" lon="-2.11207">
				<ele>736.03</ele>
				<time>2026-09-10T11:15:48.814Z</time>
			</trkpt>
			<trkpt lat="38.54884" lon="-2.11198">
				<ele>739.09</ele>
				<time>2026-09-10T11:15:49.288Z</time>
			</trkpt>
			<trkpt lat="38.5488" lon="-2.11193">
				<ele>741.9</ele>
				<time>2026-09-10T11:15:49.615Z</time>
			</trkpt>
			<trkpt lat="38.54871" lon="-2.11185">
				<ele>748.72</ele>
				<time>2026-09-10T11:15:50.256Z</time>
			</trkpt>
			<trkpt lat="38.54857" lon="-2.11181">
				<ele>757.08</ele>
				<time>2026-09-10T11:15:51.094Z</time>
			</trkpt>
			<trkpt lat="38.54844" lon="-2.11182">
				<ele>761.08</ele>
				<time>2026-09-10T11:15:51.853Z</time>
			</trkpt>
			<trkpt lat="38.54835" lon="-2.1119">
				<ele>763.39</ele>
				<time>2026-09-10T11:15:52.491Z</time>
			</trkpt>
			<trkpt lat="38.54828" lon="-2.11201">
				<ele>766.59</ele>
				<time>2026-09-10T11:15:53.136Z</time>
			</trkpt>
			<trkpt lat="38.5482" lon="-2.11219">
				<ele>768.64</ele>
				<time>2026-09-10T11:15:54.076Z</time>
			</trkpt>
			<trkpt lat="38.54809" lon="-2.11274">
				<ele>770.28</ele>
				<time>2026-09-10T11:15:56.645Z</time>
			</trkpt>
			<trkpt lat="38.54807" lon="-2.11295">
				<ele>768.39</ele>
				<time>2026-09-10T11:15:57.599Z</time>
			</trkpt>
			<trkpt lat="38.54807" lon="-2.11373">
				<ele>760.26</ele>
				<time>2026-09-10T11:16:01.101Z</time>
			</trkpt>
			<trkpt lat="38.548" lon="-2.11425">
				<ele>760.67</ele>
				<time>2026-09-10T11:16:03.457Z</time>
			</trkpt>
			<trkpt lat="38.5477" lon="-2.1152">
				<ele>760.26</ele>
				<time>2026-09-10T11:16:07.999Z</time>
			</trkpt>
			<trkpt lat="38.54743" lon="-2.11584">
				<ele>766.11</ele>
				<time>2026-09-10T11:16:11.198Z</time>
			</trkpt>
			<trkpt lat="38.54738" lon="-2.11602">
				<ele>763.92</ele>
				<time>2026-09-10T11:16:12.035Z</time>
			</trkpt>
			<trkpt lat="38.54732" lon="-2.11643">
				<ele>765.73</ele>
				<time>2026-09-10T11:16:13.858Z</time>
			</trkpt>
			<trkpt lat="38.54727" lon="-2.11667">
				<ele>766.69</ele>
				<time>2026-09-10T11:16:14.940Z</time>
			</trkpt>
			<trkpt lat="38.54689" lon="-2.11791">
				<ele>778.31</ele>
				<time>2026-09-10T11:16:20.703Z</time>
			</trkpt>
			<trkpt lat="38.54685" lon="-2.11812">
				<ele>775.57</ele>
				<time>2026-09-10T11:16:21.632Z</time>
			</trkpt>
			<trkpt lat="38.54684" lon="-2.11831">
				<ele>773.21</ele>
				<time>2026-09-10T11:16:22.449Z</time>
			</trkpt>
			<trkpt lat="38.54688" lon="-2.1189">
				<ele>778.69</ele>
				<time>2026-09-10T11:16:24.982Z</time>
			</trkpt>
			<trkpt lat="38.54692" lon="-2.11921">
				<ele>781.74</ele>
				<time>2026-09-10T11:16:26.320Z</time>
			</trkpt>
			<trkpt lat="38.54708" lon="-2.11991">
				<ele>778.74</ele>
				<time>2026-09-10T11:16:29.412Z</time>
			</trkpt>
			<trkpt lat="38.54711" lon="-2.12017">
				<ele>775.34</ele>
				<time>2026-09-10T11:16:30.522Z</time>
			</trkpt>
			<trkpt lat="38.54708" lon="-2.12036">
				<ele>775.16</ele>
				<time>2026-09-10T11:16:31.339Z</time>
			</trkpt>
			<trkpt lat="38.54701" lon="-2.12056">
				<ele>779.06</ele>
				<time>2026-09-10T11:16:32.260Z</time>
			</trkpt>
			<trkpt lat="38.54689" lon="-2.12076">
				<ele>782.46</ele>
				<time>2026-09-10T11:16:33.318Z</time>
			</trkpt>
			<trkpt lat="38.54676" lon="-2.12088">
				<ele>788.01</ele>
				<time>2026-09-10T11:16:34.177Z</time>
			</trkpt>
			<trkpt lat="38.5464" lon="-2.12111">
				<ele>800.14</ele>
				<time>2026-09-10T11:16:36.326Z</time>
			</trkpt>
			<trkpt lat="38.54629" lon="-2.12122">
				<ele>801.36</ele>
				<time>2026-09-10T11:16:37.070Z</time>
			</trkpt>
			<trkpt lat="38.54612" lon="-2.12147">
				<ele>797.85</ele>
				<time>2026-09-10T11:16:38.446Z</time>
			</trkpt>
			<trkpt lat="38.546" lon="-2.12162">
				<ele>793.85</ele>
				<time>2026-09-10T11:16:39.336Z</time>
			</trkpt>
			<trkpt lat="38.54587" lon="-2.1217">
				<ele>793.11</ele>
				<time>2026-09-10T11:16:40.099Z</time>
			</trkpt>
			<trkpt lat="38.54571" lon="-2.12174">
				<ele>792.88</ele>
				<time>2026-09-10T11:16:40.960Z</time>
			</trkpt>
			<trkpt lat="38.5455" lon="-2.12168">
				<ele>794.32</ele>
				<time>2026-09-10T11:16:42.095Z</time>
			</trkpt>
			<trkpt lat="38.54539" lon="-2.1216">
				<ele>796.13</ele>
				<time>2026-09-10T11:16:42.761Z</time>
			</trkpt>
			<trkpt lat="38.54527" lon="-2.12144">
				<ele>801.27</ele>
				<time>2026-09-10T11:16:43.671Z</time>
			</trkpt>
			<trkpt lat="38.54441" lon="-2.11968">
				<ele>810.08</ele>
				<time>2026-09-10T11:16:52.115Z</time>
			</trkpt>
			<trkpt lat="38.54438" lon="-2.11946">
				<ele>812.05</ele>
				<time>2026-09-10T11:16:53.015Z</time>
			</trkpt>
			<trkpt lat="38.5444" lon="-2.11935">
				<ele>812.6</ele>
				<time>2026-09-10T11:16:53.469Z</time>
			</trkpt>
			<trkpt lat="38.54445" lon="-2.11928">
				<ele>813.86</ele>
				<time>2026-09-10T11:16:53.850Z</time>
			</trkpt>
			<trkpt lat="38.5448" lon="-2.11896">
				<ele>822.64</ele>
				<time>2026-09-10T11:16:56.056Z</time>
			</trkpt>
			<trkpt lat="38.54488" lon="-2.11882">
				<ele>823.52</ele>
				<time>2026-09-10T11:16:56.749Z</time>
			</trkpt>
			<trkpt lat="38.54492" lon="-2.11871">
				<ele>823.65</ele>
				<time>2026-09-10T11:16:57.233Z</time>
			</trkpt>
			<trkpt lat="38.54494" lon="-2.11856">
				<ele>823.08</ele>
				<time>2026-09-10T11:16:57.840Z</time>
			</trkpt>
			<trkpt lat="38.54497" lon="-2.11679">
				<ele>832.23</ele>
				<time>2026-09-10T11:17:04.843Z</time>
			</trkpt>
			<trkpt lat="38.54496" lon="-2.11665">
				<ele>832.68</ele>
				<time>2026-09-10T11:17:05.395Z</time>
			</trkpt>
			<trkpt lat="38.54486" lon="-2.11623">
				<ele>833.36</ele>
				<time>2026-09-10T11:17:07.114Z</time>
			</trkpt>
			<trkpt lat="38.54461" lon="-2.11561">
				<ele>844.99</ele>
				<time>2026-09-10T11:17:09.832Z</time>
			</trkpt>
			<trkpt lat="38.54454" lon="-2.11541">
				<ele>850.05</ele>
				<time>2026-09-10T11:17:10.683Z</time>
			</trkpt>
			<trkpt lat="38.54451" lon="-2.115">
				<ele>855.6</ele>
				<time>2026-09-10T11:17:12.278Z</time>
			</trkpt>
			<trkpt lat="38.54452" lon="-2.1136">
				<ele>859.36</ele>
				<time>2026-09-10T11:17:17.659Z</time>
			</trkpt>
			<trkpt lat="38.54454" lon="-2.11339">
				<ele>862.47</ele>
				<time>2026-09-10T11:17:18.467Z</time>
			</trkpt>
			<trkpt lat="38.54458" lon="-2.11325">
				<ele>863.98</ele>
				<time>2026-09-10T11:17:19.035Z</time>
			</trkpt>
			<trkpt lat="38.54472" lon="-2.11299">
				<ele>864.48</ele>
				<time>2026-09-10T11:17:20.237Z</time>
			</trkpt>
			<trkpt lat="38.54482" lon="-2.1129">
				<ele>865.4</ele>
				<time>2026-09-10T11:17:20.831Z</time>
			</trkpt>
			<trkpt lat="38.54493" lon="-2.11283">
				<ele>866.26</ele>
				<time>2026-09-10T11:17:21.427Z</time>
			</trkpt>
			<trkpt lat="38.5455" lon="-2.11265">
				<ele>871.26</ele>
				<time>2026-09-10T11:17:24.264Z</time>
			</trkpt>
			<trkpt lat="38.54561" lon="-2.11257">
				<ele>872.03</ele>
				<time>2026-09-10T11:17:24.874Z</time>
			</trkpt>
			<trkpt lat="38.54603" lon="-2.11216">
				<ele>872.72</ele>
				<time>2026-09-10T11:17:27.410Z</time>
			</trkpt>
			<trkpt lat="38.54613" lon="-2.11204">
				<ele>873.58</ele>
				<time>2026-09-10T11:17:28.066Z</time>
			</trkpt>
			<trkpt lat="38.54621" lon="-2.11182">
				<ele>875.87</ele>
				<time>2026-09-10T11:17:28.972Z</time>
			</trkpt>
			<trkpt lat="38.54623" lon="-2.11159">
				<ele>877.77</ele>
				<time>2026-09-10T11:17:29.834Z</time>
			</trkpt>
			<trkpt lat="38.54622" lon="-2.11141">
				<ele>879.41</ele>
				<time>2026-09-10T11:17:30.506Z</time>
			</trkpt>
			<trkpt lat="38.54618" lon="-2.1112">
				<ele>879.62</ele>
				<time>2026-09-10T11:17:31.309Z</time>
			</trkpt>
			<trkpt lat="38.54612" lon="-2.11107">
				<ele>880.21</ele>
				<time>2026-09-10T11:17:31.869Z</time>
			</trkpt>
			<trkpt lat="38.54604" lon="-2.11093">
				<ele>880.9</ele>
				<time>2026-09-10T11:17:32.512Z</time>
			</trkpt>
			<trkpt lat="38.54596" lon="-2.11084">
				<ele>882.14</ele>
				<time>2026-09-10T11:17:33.016Z</time>
			</trkpt>
			<trkpt lat="38.54584" lon="-2.11073">
				<ele>884.39</ele>
				<time>2026-09-10T11:17:33.714Z</time>
			</trkpt>
			<trkpt lat="38.54572" lon="-2.11067">
				<ele>886.53</ele>
				<time>2026-09-10T11:17:34.322Z</time>
			</trkpt>
			<trkpt lat="38.54548" lon="-2.11065">
				<ele>890.71</ele>
				<time>2026-09-10T11:17:35.455Z</time>
			</trkpt>
			<trkpt lat="38.54534" lon="-2.11067">
				<ele>891.8</ele>
				<time>2026-09-10T11:17:36.118Z</time>
			</trkpt>
			<trkpt lat="38.54513" lon="-2.11079">
				<ele>892.8</ele>
				<time>2026-09-10T11:17:37.197Z</time>
			</trkpt>
			<trkpt lat="38.54276" lon="-2.11276">
				<ele>920.98</ele>
				<time>2026-09-10T11:17:50.267Z</time>
			</trkpt>
			<trkpt lat="38.54267" lon="-2.11285">
				<ele>921.65</ele>
				<time>2026-09-10T11:17:50.788Z</time>
			</trkpt>
			<trkpt lat="38.54256" lon="-2.11309">
				<ele>920.97</ele>
				<time>2026-09-10T11:17:51.778Z</time>
			</trkpt>
			<trkpt lat="38.54246" lon="-2.11345">
				<ele>920.08</ele>
				<time>2026-09-10T11:17:53.134Z</time>
			</trkpt>
			<trkpt lat="38.54217" lon="-2.11513">
				<ele>937.68</ele>
				<time>2026-09-10T11:17:59.194Z</time>
			</trkpt>
			<trkpt lat="38.5421" lon="-2.11539">
				<ele>934.92</ele>
				<time>2026-09-10T11:18:00.156Z</time>
			</trkpt>
			<trkpt lat="38.54204" lon="-2.11552">
				<ele>933.65</ele>
				<time>2026-09-10T11:18:00.683Z</time>
			</trkpt>
			<trkpt lat="38.54196" lon="-2.11562">
				<ele>932.77</ele>
				<time>2026-09-10T11:18:01.182Z</time>
			</trkpt>
			<trkpt lat="38.54185" lon="-2.11571">
				<ele>933.83</ele>
				<time>2026-09-10T11:18:01.763Z</time>
			</trkpt>
			<trkpt lat="38.54174" lon="-2.11577">
				<ele>935.17</ele>
				<time>2026-09-10T11:18:02.295Z</time>
			</trkpt>
			<trkpt lat="38.54157" lon="-2.11581">
				<ele>935.49</ele>
				<time>2026-09-10T11:18:03.063Z</time>
			</trkpt>
			<trkpt lat="38.54078" lon="-2.11579">
				<ele>932.94</ele>
				<time>2026-09-10T11:18:06.558Z</time>
			</trkpt>
			<trkpt lat="38.54031" lon="-2.11575">
				<ele>939.37</ele>
				<time>2026-09-10T11:18:08.629Z</time>
			</trkpt>
			<trkpt lat="38.54004" lon="-2.11567">
				<ele>940.02</ele>
				<time>2026-09-10T11:18:09.844Z</time>
			</trkpt>
			<trkpt lat="38.53993" lon="-2.11559">
				<ele>939.81</ele>
				<time>2026-09-10T11:18:10.398Z</time>
			</trkpt>
			<trkpt lat="38.53975" lon="-2.11538">
				<ele>941.43</ele>
				<time>2026-09-10T11:18:11.462Z</time>
			</trkpt>
			<trkpt lat="38.53962" lon="-2.11519">
				<ele>943.62</ele>
				<time>2026-09-10T11:18:12.322Z</time>
			</trkpt>
			<trkpt lat="38.53956" lon="-2.11503">
				<ele>945.74</ele>
				<time>2026-09-10T11:18:12.926Z</time>
			</trkpt>
			<trkpt lat="38.53943" lon="-2.11435">
				<ele>952.3</ele>
				<time>2026-09-10T11:18:15.302Z</time>
			</trkpt>
			<trkpt lat="38.53941" lon="-2.11415">
				<ele>954.49</ele>
				<time>2026-09-10T11:18:15.984Z</time>
			</trkpt>
			<trkpt lat="38.53943" lon="-2.11385">
				<ele>956.81</ele>
				<time>2026-09-10T11:18:17.001Z</time>
			</trkpt>
			<trkpt lat="38.53952" lon="-2.11305">
				<ele>959.83</ele>
				<time>2026-09-10T11:18:19.720Z</time>
			</trkpt>
			<trkpt lat="38.53952" lon="-2.11288">
				<ele>960.84</ele>
				<time>2026-09-10T11:18:20.290Z</time>
			</trkpt>
			<trkpt lat="38.53907" lon="-2.11008">
				<ele>982.23</ele>
				<time>2026-09-10T11:18:29.777Z</time>
			</trkpt>
			<trkpt lat="38.53884" lon="-2.10906">
				<ele>985.78</ele>
				<time>2026-09-10T11:18:33.255Z</time>
			</trkpt>
			<trkpt lat="38.53816" lon="-2.10651">
				<ele>992.33</ele>
				<time>2026-09-10T11:18:41.977Z</time>
			</trkpt>
			<trkpt lat="38.53804" lon="-2.10584">
				<ele>986.79</ele>
				<time>2026-09-10T11:18:44.178Z</time>
			</trkpt>
			<trkpt lat="38.53802" lon="-2.10566">
				<ele>986.03</ele>
				<time>2026-09-10T11:18:44.759Z</time>
			</trkpt>
			<trkpt lat="38.53806" lon="-2.10438">
				<ele>982.34</ele>
				<time>2026-09-10T11:18:48.834Z</time>
			</trkpt>
			<trkpt lat="38.53802" lon="-2.10405">
				<ele>983.52</ele>
				<time>2026-09-10T11:18:49.891Z</time>
			</trkpt>
			<trkpt lat="38.53788" lon="-2.10352">
				<ele>982.65</ele>
				<time>2026-09-10T11:18:51.657Z</time>
			</trkpt>
			<trkpt lat="38.53735" lon="-2.10187">
				<ele>972.57</ele>
				<time>2026-09-10T11:18:57.251Z</time>
			</trkpt>
			<trkpt lat="38.53722" lon="-2.10153">
				<ele>969.07</ele>
				<time>2026-09-10T11:18:58.431Z</time>
			</trkpt>
			<trkpt lat="38.53628" lon="-2.09956">
				<ele>959.71</ele>
				<time>2026-09-10T11:19:05.570Z</time>
			</trkpt>
			<trkpt lat="38.5361" lon="-2.09922">
				<ele>959.54</ele>
				<time>2026-09-10T11:19:06.831Z</time>
			</trkpt>
			<trkpt lat="38.53566" lon="-2.09848">
				<ele>956.56</ele>
				<time>2026-09-10T11:19:09.676Z</time>
			</trkpt>
			<trkpt lat="38.53543" lon="-2.09804">
				<ele>953.16</ele>
				<time>2026-09-10T11:19:11.290Z</time>
			</trkpt>
			<trkpt lat="38.53439" lon="-2.09511">
				<ele>954.02</ele>
				<time>2026-09-10T11:19:21.011Z</time>
			</trkpt>
			<trkpt lat="38.53422" lon="-2.0947">
				<ele>953.9</ele>
				<time>2026-09-10T11:19:22.401Z</time>
			</trkpt>
			<trkpt lat="38.53407" lon="-2.0944">
				<ele>951.91</ele>
				<time>2026-09-10T11:19:23.465Z</time>
			</trkpt>
			<trkpt lat="38.53327" lon="-2.09304">
				<ele>951.2</ele>
				<time>2026-09-10T11:19:28.528Z</time>
			</trkpt>
			<trkpt lat="38.53314" lon="-2.09269">
				<ele>949.49</ele>
				<time>2026-09-10T11:19:29.676Z</time>
			</trkpt>
			<trkpt lat="38.53103" lon="-2.08371">
				<ele>917.7</ele>
				<time>2026-09-10T11:19:56.937Z</time>
			</trkpt>
			<trkpt lat="38.53016" lon="-2.07988">
				<ele>907.56</ele>
				<time>2026-09-10T11:20:08.291Z</time>
			</trkpt>
			<trkpt lat="38.53009" lon="-2.07962">
				<ele>907.3</ele>
				<time>2026-09-10T11:20:09.070Z</time>
			</trkpt>
			<trkpt lat="38.52988" lon="-2.07902">
				<ele>904.05</ele>
				<time>2026-09-10T11:20:10.930Z</time>
			</trkpt>
			<trkpt lat="38.52805" lon="-2.07531">
				<ele>904.89</ele>
				<time>2026-09-10T11:20:23.280Z</time>
			</trkpt>
			<trkpt lat="38.52786" lon="-2.07496">
				<ele>904.88</ele>
				<time>2026-09-10T11:20:24.475Z</time>
			</trkpt>
			<trkpt lat="38.52769" lon="-2.0747">
				<ele>903.39</ele>
				<time>2026-09-10T11:20:25.425Z</time>
			</trkpt>
			<trkpt lat="38.52747" lon="-2.07442">
				<ele>901.82</ele>
				<time>2026-09-10T11:20:26.537Z</time>
			</trkpt>
			<trkpt lat="38.52605" lon="-2.07317">
				<ele>904.18</ele>
				<time>2026-09-10T11:20:32.704Z</time>
			</trkpt>
			<trkpt lat="38.5258" lon="-2.07288">
				<ele>902.85</ele>
				<time>2026-09-10T11:20:33.910Z</time>
			</trkpt>
			<trkpt lat="38.52561" lon="-2.07259">
				<ele>901.45</ele>
				<time>2026-09-10T11:20:34.967Z</time>
			</trkpt>
			<trkpt lat="38.52547" lon="-2.07233">
				<ele>899.82</ele>
				<time>2026-09-10T11:20:35.848Z</time>
			</trkpt>
			<trkpt lat="38.52513" lon="-2.07158">
				<ele>895.78</ele>
				<time>2026-09-10T11:20:38.269Z</time>
			</trkpt>
			<trkpt lat="38.52487" lon="-2.0712">
				<ele>894.54</ele>
				<time>2026-09-10T11:20:39.678Z</time>
			</trkpt>
			<trkpt lat="38.52463" lon="-2.07096">
				<ele>893.12</ele>
				<time>2026-09-10T11:20:40.765Z</time>
			</trkpt>
			<trkpt lat="38.52358" lon="-2.07002">
				<ele>889.9</ele>
				<time>2026-09-10T11:20:45.336Z</time>
			</trkpt>
			<trkpt lat="38.52339" lon="-2.06982">
				<ele>888.68</ele>
				<time>2026-09-10T11:20:46.214Z</time>
			</trkpt>
			<trkpt lat="38.5231" lon="-2.06937">
				<ele>886.32</ele>
				<time>2026-09-10T11:20:47.840Z</time>
			</trkpt>
			<trkpt lat="38.52296" lon="-2.06899">
				<ele>883.95</ele>
				<time>2026-09-10T11:20:49.012Z</time>
			</trkpt>
			<trkpt lat="38.52276" lon="-2.06811">
				<ele>879.19</ele>
				<time>2026-09-10T11:20:51.569Z</time>
			</trkpt>
			<trkpt lat="38.52267" lon="-2.06783">
				<ele>878.7</ele>
				<time>2026-09-10T11:20:52.413Z</time>
			</trkpt>
			<trkpt lat="38.52212" lon="-2.06676">
				<ele>874.99</ele>
				<time>2026-09-10T11:20:55.987Z</time>
			</trkpt>
			<trkpt lat="38.52199" lon="-2.06638">
				<ele>876.37</ele>
				<time>2026-09-10T11:20:57.145Z</time>
			</trkpt>
			<trkpt lat="38.52119" lon="-2.06253">
				<ele>866.7</ele>
				<time>2026-09-10T11:21:08.289Z</time>
			</trkpt>
			<trkpt lat="38.52111" lon="-2.06218">
				<ele>864.67</ele>
				<time>2026-09-10T11:21:09.311Z</time>
			</trkpt>
			<trkpt lat="38.52103" lon="-2.06194">
				<ele>863.01</ele>
				<time>2026-09-10T11:21:10.043Z</time>
			</trkpt>
			<trkpt lat="38.5209" lon="-2.06164">
				<ele>862.61</ele>
				<time>2026-09-10T11:21:11.005Z</time>
			</trkpt>
			<trkpt lat="38.52066" lon="-2.06131">
				<ele>861.31</ele>
				<time>2026-09-10T11:21:12.270Z</time>
			</trkpt>
			<trkpt lat="38.52045" lon="-2.06109">
				<ele>858.55</ele>
				<time>2026-09-10T11:21:13.245Z</time>
			</trkpt>
			<trkpt lat="38.51924" lon="-2.06021">
				<ele>854.37</ele>
				<time>2026-09-10T11:21:18.254Z</time>
			</trkpt>
			<trkpt lat="38.51903" lon="-2.06002">
				<ele>853.1</ele>
				<time>2026-09-10T11:21:19.181Z</time>
			</trkpt>
			<trkpt lat="38.51883" lon="-2.05978">
				<ele>850.34</ele>
				<time>2026-09-10T11:21:20.170Z</time>
			</trkpt>
			<trkpt lat="38.51771" lon="-2.0582">
				<ele>842.49</ele>
				<time>2026-09-10T11:21:26.201Z</time>
			</trkpt>
			<trkpt lat="38.51742" lon="-2.05784">
				<ele>839.01</ele>
				<time>2026-09-10T11:21:27.667Z</time>
			</trkpt>
			<trkpt lat="38.51717" lon="-2.0576">
				<ele>835.81</ele>
				<time>2026-09-10T11:21:28.802Z</time>
			</trkpt>
			<trkpt lat="38.5168" lon="-2.05731">
				<ele>829.95</ele>
				<time>2026-09-10T11:21:30.380Z</time>
			</trkpt>
			<trkpt lat="38.5142" lon="-2.05559">
				<ele>827.02</ele>
				<time>2026-09-10T11:21:41.082Z</time>
			</trkpt>
			<trkpt lat="38.51366" lon="-2.05518">
				<ele>827.41</ele>
				<time>2026-09-10T11:21:43.394Z</time>
			</trkpt>
			<trkpt lat="38.51316" lon="-2.05471">
				<ele>832.09</ele>
				<time>2026-09-10T11:21:45.684Z</time>
			</trkpt>
			<trkpt lat="38.51273" lon="-2.05424">
				<ele>832.54</ele>
				<time>2026-09-10T11:21:47.777Z</time>
			</trkpt>
			<trkpt lat="38.51241" lon="-2.05383">
				<ele>833.78</ele>
				<time>2026-09-10T11:21:49.457Z</time>
			</trkpt>
			<trkpt lat="38.50514" lon="-2.04333">
				<ele>811.39</ele>
				<time>2026-09-10T11:22:31.396Z</time>
			</trkpt>
			<trkpt lat="38.50468" lon="-2.04271">
				<ele>809.36</ele>
				<time>2026-09-10T11:22:34.046Z</time>
			</trkpt>
			<trkpt lat="38.50444" lon="-2.04243">
				<ele>810.7</ele>
				<time>2026-09-10T11:22:35.338Z</time>
			</trkpt>
			<trkpt lat="38.50406" lon="-2.04213">
				<ele>810.66</ele>
				<time>2026-09-10T11:22:37.119Z</time>
			</trkpt>
			<trkpt lat="38.50383" lon="-2.04203">
				<ele>809.91</ele>
				<time>2026-09-10T11:22:38.091Z</time>
			</trkpt>
			<trkpt lat="38.50359" lon="-2.04196">
				<ele>807.99</ele>
				<time>2026-09-10T11:22:39.077Z</time>
			</trkpt>
			<trkpt lat="38.50337" lon="-2.04194">
				<ele>807.08</ele>
				<time>2026-09-10T11:22:39.961Z</time>
			</trkpt>
			<trkpt lat="38.50293" lon="-2.04199">
				<ele>806.19</ele>
				<time>2026-09-10T11:22:41.738Z</time>
			</trkpt>
			<trkpt lat="38.50265" lon="-2.04209">
				<ele>804.85</ele>
				<time>2026-09-10T11:22:42.910Z</time>
			</trkpt>
			<trkpt lat="38.50238" lon="-2.04227">
				<ele>803.8</ele>
				<time>2026-09-10T11:22:44.141Z</time>
			</trkpt>
			<trkpt lat="38.50215" lon="-2.04246">
				<ele>803.18</ele>
				<time>2026-09-10T11:22:45.250Z</time>
			</trkpt>
			<trkpt lat="38.50187" lon="-2.04277">
				<ele>800.07</ele>
				<time>2026-09-10T11:22:46.755Z</time>
			</trkpt>
			<trkpt lat="38.50136" lon="-2.04344">
				<ele>794.45</ele>
				<time>2026-09-10T11:22:49.737Z</time>
			</trkpt>
			<trkpt lat="38.50115" lon="-2.04368">
				<ele>793.51</ele>
				<time>2026-09-10T11:22:50.890Z</time>
			</trkpt>
			<trkpt lat="38.501" lon="-2.04381">
				<ele>794.07</ele>
				<time>2026-09-10T11:22:51.634Z</time>
			</trkpt>
			<trkpt lat="38.50084" lon="-2.04393">
				<ele>794.53</ele>
				<time>2026-09-10T11:22:52.396Z</time>
			</trkpt>
			<trkpt lat="38.50064" lon="-2.04403">
				<ele>794.56</ele>
				<time>2026-09-10T11:22:53.279Z</time>
			</trkpt>
			<trkpt lat="38.50045" lon="-2.04409">
				<ele>794.94</ele>
				<time>2026-09-10T11:22:54.085Z</time>
			</trkpt>
			<trkpt lat="38.50008" lon="-2.04415">
				<ele>795.7</ele>
				<time>2026-09-10T11:22:55.626Z</time>
			</trkpt>
			<trkpt lat="38.49974" lon="-2.04418">
				<ele>792.41</ele>
				<time>2026-09-10T11:22:57.037Z</time>
			</trkpt>
			<trkpt lat="38.49946" lon="-2.04425">
				<ele>791.08</ele>
				<time>2026-09-10T11:22:58.222Z</time>
			</trkpt>
			<trkpt lat="38.49918" lon="-2.04436">
				<ele>789.86</ele>
				<time>2026-09-10T11:22:59.441Z</time>
			</trkpt>
			<trkpt lat="38.49876" lon="-2.04458">
				<ele>786.18</ele>
				<time>2026-09-10T11:23:01.335Z</time>
			</trkpt>
			<trkpt lat="38.49853" lon="-2.04465">
				<ele>784.15</ele>
				<time>2026-09-10T11:23:02.325Z</time>
			</trkpt>
			<trkpt lat="38.49833" lon="-2.04467">
				<ele>783.63</ele>
				<time>2026-09-10T11:23:03.167Z</time>
			</trkpt>
			<trkpt lat="38.49785" lon="-2.04466">
				<ele>785.76</ele>
				<time>2026-09-10T11:23:05.186Z</time>
			</trkpt>
			<trkpt lat="38.49753" lon="-2.04467">
				<ele>785.1</ele>
				<time>2026-09-10T11:23:06.536Z</time>
			</trkpt>
			<trkpt lat="38.49714" lon="-2.04476">
				<ele>779.89</ele>
				<time>2026-09-10T11:23:08.214Z</time>
			</trkpt>
			<trkpt lat="38.49701" lon="-2.04483">
				<ele>779.99</ele>
				<time>2026-09-10T11:23:08.812Z</time>
			</trkpt>
			<trkpt lat="38.49659" lon="-2.04513">
				<ele>780.4</ele>
				<time>2026-09-10T11:23:10.859Z</time>
			</trkpt>
			<trkpt lat="38.49462" lon="-2.04675">
				<ele>773.02</ele>
				<time>2026-09-10T11:23:20.949Z</time>
			</trkpt>
			<trkpt lat="38.49441" lon="-2.04694">
				<ele>771.59</ele>
				<time>2026-09-10T11:23:22.070Z</time>
			</trkpt>
			<trkpt lat="38.49428" lon="-2.0471">
				<ele>769.87</ele>
				<time>2026-09-10T11:23:22.858Z</time>
			</trkpt>
			<trkpt lat="38.49415" lon="-2.0473">
				<ele>767.74</ele>
				<time>2026-09-10T11:23:23.747Z</time>
			</trkpt>
			<trkpt lat="38.49366" lon="-2.04825">
				<ele>763.03</ele>
				<time>2026-09-10T11:23:27.661Z</time>
			</trkpt>
			<trkpt lat="38.49353" lon="-2.04842">
				<ele>762.72</ele>
				<time>2026-09-10T11:23:28.482Z</time>
			</trkpt>
			<trkpt lat="38.49087" lon="-2.05103">
				<ele>750.55</ele>
				<time>2026-09-10T11:23:43.541Z</time>
			</trkpt>
			<trkpt lat="38.48931" lon="-2.05252">
				<ele>737.58</ele>
				<time>2026-09-10T11:23:52.511Z</time>
			</trkpt>
			<trkpt lat="38.48392" lon="-2.05781">
				<ele>721.13</ele>
				<time>2026-09-10T11:24:25.221Z</time>
			</trkpt>
			<trkpt lat="38.48314" lon="-2.05856">
				<ele>720.83</ele>
				<time>2026-09-10T11:24:30.111Z</time>
			</trkpt>
			<trkpt lat="38.48279" lon="-2.05883">
				<ele>723.08</ele>
				<time>2026-09-10T11:24:32.174Z</time>
			</trkpt>
			<trkpt lat="38.48253" lon="-2.05897">
				<ele>724.45</ele>
				<time>2026-09-10T11:24:33.603Z</time>
			</trkpt>
			<trkpt lat="38.48235" lon="-2.05905">
				<ele>725.49</ele>
				<time>2026-09-10T11:24:34.571Z</time>
			</trkpt>
			<trkpt lat="38.48221" lon="-2.05908">
				<ele>726.31</ele>
				<time>2026-09-10T11:24:35.293Z</time>
			</trkpt>
			<trkpt lat="38.48177" lon="-2.05915">
				<ele>724.81</ele>
				<time>2026-09-10T11:24:37.555Z</time>
			</trkpt>
			<trkpt lat="38.47949" lon="-2.05932">
				<ele>716.6</ele>
				<time>2026-09-10T11:24:49.380Z</time>
			</trkpt>
			<trkpt lat="38.47922" lon="-2.05932">
				<ele>716.52</ele>
				<time>2026-09-10T11:24:50.798Z</time>
			</trkpt>
			<trkpt lat="38.47898" lon="-2.05929">
				<ele>716.42</ele>
				<time>2026-09-10T11:24:52.067Z</time>
			</trkpt>
			<trkpt lat="38.47885" lon="-2.05927">
				<ele>716.27</ele>
				<time>2026-09-10T11:24:52.758Z</time>
			</trkpt>
			<trkpt lat="38.4769" lon="-2.05859">
				<ele>714.11</ele>
				<time>2026-09-10T11:25:03.547Z</time>
			</trkpt>
			<trkpt lat="38.47502" lon="-2.05789">
				<ele>707.34</ele>
				<time>2026-09-10T11:25:14.231Z</time>
			</trkpt>
			<trkpt lat="38.47424" lon="-2.05757">
				<ele>703.05</ele>
				<time>2026-09-10T11:25:18.771Z</time>
			</trkpt>
			<trkpt lat="38.47337" lon="-2.05711">
				<ele>699.25</ele>
				<time>2026-09-10T11:25:24.040Z</time>
			</trkpt>
			<trkpt lat="38.47168" lon="-2.05607">
				<ele>693.09</ele>
				<time>2026-09-10T11:25:34.705Z</time>
			</trkpt>
			<trkpt lat="38.47145" lon="-2.05599">
				<ele>692.22</ele>
				<time>2026-09-10T11:25:36.076Z</time>
			</trkpt>
			<trkpt lat="38.47075" lon="-2.05588">
				<ele>692.33</ele>
				<time>2026-09-10T11:25:40.156Z</time>
			</trkpt>
			<trkpt lat="38.47047" lon="-2.0558">
				<ele>692.57</ele>
				<time>2026-09-10T11:25:41.825Z</time>
			</trkpt>
			<trkpt lat="38.46928" lon="-2.05507">
				<ele>696.75</ele>
				<time>2026-09-10T11:25:49.574Z</time>
			</trkpt>
			<trkpt lat="38.46897" lon="-2.05493">
				<ele>698.54</ele>
				<time>2026-09-10T11:25:51.523Z</time>
			</trkpt>
			<trkpt lat="38.46737" lon="-2.0543">
				<ele>705.73</ele>
				<time>2026-09-10T11:26:01.559Z</time>
			</trkpt>
			<trkpt lat="38.46711" lon="-2.05413">
				<ele>705.35</ele>
				<time>2026-09-10T11:26:03.329Z</time>
			</trkpt>
			<trkpt lat="38.46699" lon="-2.05401">
				<ele>705.43</ele>
				<time>2026-09-10T11:26:04.256Z</time>
			</trkpt>
			<trkpt lat="38.46566" lon="-2.0527">
				<ele>707.43</ele>
				<time>2026-09-10T11:26:14.571Z</time>
			</trkpt>
			<trkpt lat="38.46532" lon="-2.0525">
				<ele>706.34</ele>
				<time>2026-09-10T11:26:16.897Z</time>
			</trkpt>
			<trkpt lat="38.46501" lon="-2.05239">
				<ele>704.13</ele>
				<time>2026-09-10T11:26:18.905Z</time>
			</trkpt>
			<trkpt lat="38.46473" lon="-2.05235">
				<ele>702.54</ele>
				<time>2026-09-10T11:26:20.669Z</time>
			</trkpt>
			<trkpt lat="38.46407" lon="-2.05233">
				<ele>697.7</ele>
				<time>2026-09-10T11:26:24.826Z</time>
			</trkpt>
			<trkpt lat="38.4635" lon="-2.05225">
				<ele>697.29</ele>
				<time>2026-09-10T11:26:28.462Z</time>
			</trkpt>
			<trkpt lat="38.46199" lon="-2.05194">
				<ele>693.98</ele>
				<time>2026-09-10T11:26:38.278Z</time>
			</trkpt>
			<trkpt lat="38.46173" lon="-2.0519">
				<ele>693.86</ele>
				<time>2026-09-10T11:26:39.976Z</time>
			</trkpt>
			<trkpt lat="38.46152" lon="-2.05191">
				<ele>692.41</ele>
				<time>2026-09-10T11:26:41.343Z</time>
			</trkpt>
			<trkpt lat="38.46128" lon="-2.05199">
				<ele>690.85</ele>
				<time>2026-09-10T11:26:42.960Z</time>
			</trkpt>
			<trkpt lat="38.46053" lon="-2.05237">
				<ele>693.63</ele>
				<time>2026-09-10T11:26:48.254Z</time>
			</trkpt>
			<trkpt lat="38.46036" lon="-2.05241">
				<ele>695.02</ele>
				<time>2026-09-10T11:26:49.394Z</time>
			</trkpt>
			<trkpt lat="38.46012" lon="-2.05242">
				<ele>695.33</ele>
				<time>2026-09-10T11:26:50.983Z</time>
			</trkpt>
			<trkpt lat="38.45651" lon="-2.05215">
				<ele>682.68</ele>
				<time>2026-09-10T11:27:15.444Z</time>
			</trkpt>
			<trkpt lat="38.45585" lon="-2.05207">
				<ele>679.27</ele>
				<time>2026-09-10T11:27:20.041Z</time>
			</trkpt>
			<trkpt lat="38.4557" lon="-2.05201">
				<ele>678.22</ele>
				<time>2026-09-10T11:27:21.136Z</time>
			</trkpt>
			<trkpt lat="38.45552" lon="-2.05185">
				<ele>677.97</ele>
				<time>2026-09-10T11:27:22.668Z</time>
			</trkpt>
			<trkpt lat="38.45539" lon="-2.05169">
				<ele>677</ele>
				<time>2026-09-10T11:27:23.932Z</time>
			</trkpt>
			<trkpt lat="38.45524" lon="-2.05142">
				<ele>676.07</ele>
				<time>2026-09-10T11:27:25.751Z</time>
			</trkpt>
			<trkpt lat="38.4549" lon="-2.05061">
				<ele>675.58</ele>
				<time>2026-09-10T11:27:30.830Z</time>
			</trkpt>
			<trkpt lat="38.45468" lon="-2.05037">
				<ele>672.22</ele>
				<time>2026-09-10T11:27:32.884Z</time>
			</trkpt>
			<trkpt lat="38.45455" lon="-2.05029">
				<ele>669.17</ele>
				<time>2026-09-10T11:27:33.911Z</time>
			</trkpt>
			<trkpt lat="38.45424" lon="-2.05003">
				<ele>664.38</ele>
				<time>2026-09-10T11:27:36.559Z</time>
			</trkpt>
			<trkpt lat="38.45412" lon="-2.04985">
				<ele>663.79</ele>
				<time>2026-09-10T11:27:37.884Z</time>
			</trkpt>
			<trkpt lat="38.45406" lon="-2.04965">
				<ele>664.16</ele>
				<time>2026-09-10T11:27:39.088Z</time>
			</trkpt>
			<trkpt lat="38.45404" lon="-2.04945">
				<ele>664.69</ele>
				<time>2026-09-10T11:27:40.223Z</time>
			</trkpt>
			<trkpt lat="38.45407" lon="-2.04922">
				<ele>664.19</ele>
				<time>2026-09-10T11:27:41.539Z</time>
			</trkpt>
			<trkpt lat="38.45421" lon="-2.04872">
				<ele>664.33</ele>
				<time>2026-09-10T11:27:44.545Z</time>
			</trkpt>
			<trkpt lat="38.45425" lon="-2.04839">
				<ele>663.3</ele>
				<time>2026-09-10T11:27:46.443Z</time>
			</trkpt>
			<trkpt lat="38.45425" lon="-2.04827">
				<ele>661.98</ele>
				<time>2026-09-10T11:27:47.127Z</time>
			</trkpt>
			<trkpt lat="38.4542" lon="-2.04814">
				<ele>659.58</ele>
				<time>2026-09-10T11:27:47.952Z</time>
			</trkpt>
			<trkpt lat="38.45413" lon="-2.04799">
				<ele>656.45</ele>
				<time>2026-09-10T11:27:48.950Z</time>
			</trkpt>
			<trkpt lat="38.45399" lon="-2.04791">
				<ele>653.73</ele>
				<time>2026-09-10T11:27:50.070Z</time>
			</trkpt>
			<trkpt lat="38.45383" lon="-2.04788">
				<ele>652.16</ele>
				<time>2026-09-10T11:27:51.254Z</time>
			</trkpt>
			<trkpt lat="38.45368" lon="-2.04795">
				<ele>651.84</ele>
				<time>2026-09-10T11:27:52.425Z</time>
			</trkpt>
			<trkpt lat="38.45354" lon="-2.04806">
				<ele>651.52</ele>
				<time>2026-09-10T11:27:53.632Z</time>
			</trkpt>
			<trkpt lat="38.45343" lon="-2.04818">
				<ele>652</ele>
				<time>2026-09-10T11:27:54.697Z</time>
			</trkpt>
			<trkpt lat="38.45327" lon="-2.04848">
				<ele>654.96</ele>
				<time>2026-09-10T11:27:56.794Z</time>
			</trkpt>
			<trkpt lat="38.45311" lon="-2.04887">
				<ele>656.39</ele>
				<time>2026-09-10T11:27:59.347Z</time>
			</trkpt>
			<trkpt lat="38.45296" lon="-2.04904">
				<ele>654.67</ele>
				<time>2026-09-10T11:28:00.837Z</time>
			</trkpt>
			<trkpt lat="38.45267" lon="-2.04917">
				<ele>651.22</ele>
				<time>2026-09-10T11:28:03.126Z</time>
			</trkpt>
			<trkpt lat="38.45228" lon="-2.04938">
				<ele>648.28</ele>
				<time>2026-09-10T11:28:06.293Z</time>
			</trkpt>
			<trkpt lat="38.45202" lon="-2.04955">
				<ele>648.33</ele>
				<time>2026-09-10T11:28:08.488Z</time>
			</trkpt>
			<trkpt lat="38.45197" lon="-2.04957">
				<ele>648.46</ele>
				<time>2026-09-10T11:28:08.882Z</time>
			</trkpt>
			<trkpt lat="38.45184" lon="-2.04938">
				<ele>649.69</ele>
				<time>2026-09-10T11:28:10.372Z</time>
			</trkpt>
			<trkpt lat="38.4514" lon="-2.04886">
				<ele>647.51</ele>
				<time>2026-09-10T11:28:14.913Z</time>
			</trkpt>
			<trkpt lat="38.45056" lon="-2.04817">
				<ele>642.67</ele>
				<time>2026-09-10T11:28:22.549Z</time>
			</trkpt>
			<trkpt lat="38.45054" lon="-2.04809">
				<ele>642.3</ele>
				<time>2026-09-10T11:28:23.055Z</time>
			</trkpt>
			<trkpt lat="38.45041" lon="-2.04798">
				<ele>642.73</ele>
				<time>2026-09-10T11:28:24.256Z</time>
			</trkpt>
			<trkpt lat="38.45033" lon="-2.04797">
				<ele>643.04</ele>
				<time>2026-09-10T11:28:24.876Z</time>
			</trkpt>
			<trkpt lat="38.45014" lon="-2.0483">
				<ele>647.09</ele>
				<time>2026-09-10T11:28:27.356Z</time>
			</trkpt>
			<trkpt lat="38.44969" lon="-2.04892">
				<ele>656.1</ele>
				<time>2026-09-10T11:28:32.503Z</time>
			</trkpt>
			<trkpt lat="38.44955" lon="-2.04866">
				<ele>652.93</ele>
				<time>2026-09-10T11:28:34.435Z</time>
			</trkpt>
			<trkpt lat="38.44924" lon="-2.04902">
				<ele>654.33</ele>
				<time>2026-09-10T11:28:37.723Z</time>
			</trkpt>
			<trkpt lat="38.44899" lon="-2.0492">
				<ele>654.83</ele>
				<time>2026-09-10T11:28:39.980Z</time>
			</trkpt>
			<trkpt lat="38.44879" lon="-2.04947">
				<ele>658.21</ele>
				<time>2026-09-10T11:28:41.797Z</time>
			</trkpt>
			<trkpt lat="38.44868" lon="-2.04946">
				<ele>658.06</ele>
				<time>2026-09-10T11:28:42.352Z</time>
			</trkpt>
			<trkpt lat="38.44862" lon="-2.0494">
				<ele>657.41</ele>
				<time>2026-09-10T11:28:42.718Z</time>
			</trkpt>
			<trkpt lat="38.44846" lon="-2.04918">
				<ele>656.15</ele>
				<time>2026-09-10T11:28:43.888Z</time>
			</trkpt>
			<trkpt lat="38.44833" lon="-2.04904">
				<ele>655.57</ele>
				<time>2026-09-10T11:28:44.899Z</time>
			</trkpt>
			<trkpt lat="38.44846" lon="-2.04918">
				<ele>656.15</ele>
				<time>2026-09-10T11:28:46.182Z</time>
			</trkpt>
			<trkpt lat="38.44845" lon="-2.04894">
				<ele>652.76</ele>
				<time>2026-09-10T11:28:48.057Z</time>
			</trkpt>
			<trkpt lat="38.44832" lon="-2.04797">
				<ele>637.11</ele>
				<time>2026-09-10T11:29:32.230Z</time>
			</trkpt>
			<trkpt lat="38.44828" lon="-2.04769">
				<ele>635.29</ele>
				<time>2026-09-10T11:29:36.191Z</time>
			</trkpt>
			<trkpt lat="38.44826" lon="-2.04769">
				<ele>635.5</ele>
				<time>2026-09-10T11:29:36.559Z</time>
			</trkpt>
			<trkpt lat="38.44822" lon="-2.0477">
				<ele>636.03</ele>
				<time>2026-09-10T11:29:37.310Z</time>
			</trkpt>
			<trkpt lat="38.4482" lon="-2.04707">
				<ele>632.91</ele>
				<time>2026-09-10T11:29:46.403Z</time>
			</trkpt>
			<trkpt lat="38.4482" lon="-2.04696">
				<ele>632.5</ele>
				<time>2026-09-10T11:29:47.989Z</time>
			</trkpt>
			<trkpt lat="38.44818" lon="-2.04686">
				<ele>631.9</ele>
				<time>2026-09-10T11:29:49.478Z</time>
			</trkpt>
			<trkpt lat="38.4486" lon="-2.04604">
				<ele>627.38</ele>
				<time>2026-09-10T11:30:03.604Z</time>
			</trkpt>
			<trkpt lat="38.44864" lon="-2.04577">
				<ele>626.54</ele>
				<time>2026-09-10T11:30:07.567Z</time>
			</trkpt>
			<trkpt lat="38.44866" lon="-2.04572">
				<ele>626.8</ele>
				<time>2026-09-10T11:30:08.376Z</time>
			</trkpt>
			<trkpt lat="38.44866" lon="-2.04568">
				<ele>626.71</ele>
				<time>2026-09-10T11:30:08.953Z</time>
			</trkpt>
			<trkpt lat="38.44868" lon="-2.04565">
				<ele>627.05</ele>
				<time>2026-09-10T11:30:09.521Z</time>
			</trkpt>
			<trkpt lat="38.44864" lon="-2.04554">
				<ele>626.42</ele>
				<time>2026-09-10T11:30:11.270Z</time>
			</trkpt>
			<trkpt lat="38.44859" lon="-2.04547">
				<ele>625.75</ele>
				<time>2026-09-10T11:30:12.636Z</time>
			</trkpt>
			<trkpt lat="38.44784" lon="-2.04465">
				<ele>625.19</ele>
				<time>2026-09-10T11:30:30.814Z</time>
			</trkpt>
			<trkpt lat="38.4482" lon="-2.04381">
				<ele>628.74</ele>
				<time>2026-09-10T11:30:44.624Z</time>
			</trkpt>
			<trkpt lat="38.44771" lon="-2.04347">
				<ele>632.31</ele>
				<time>2026-09-10T11:30:54.884Z</time>
			</trkpt>
			<trkpt lat="38.44734" lon="-2.04313">
				<ele>630.14</ele>
				<time>2026-09-10T11:31:03.277Z</time>
			</trkpt>
			<trkpt lat="38.4472" lon="-2.04305">
				<ele>629.01</ele>
				<time>2026-09-10T11:31:06.101Z</time>
			</trkpt>
			<trkpt lat="38.44702" lon="-2.04298">
				<ele>628.2</ele>
				<time>2026-09-10T11:31:09.565Z</time>
			</trkpt>
			<trkpt lat="38.44437" lon="-2.04319">
				<ele>622.16</ele>
				<time>2026-09-10T11:31:52.544Z</time>
			</trkpt>
			<trkpt lat="38.4442" lon="-2.04313">
				<ele>620.24</ele>
				<time>2026-09-10T11:31:53.920Z</time>
			</trkpt>
			<trkpt lat="38.44409" lon="-2.04304">
				<ele>619.63</ele>
				<time>2026-09-10T11:31:54.935Z</time>
			</trkpt>
			<trkpt lat="38.44362" lon="-2.04262">
				<ele>618.11</ele>
				<time>2026-09-10T11:31:59.361Z</time>
			</trkpt>
			<trkpt lat="38.44347" lon="-2.04252">
				<ele>615.53</ele>
				<time>2026-09-10T11:32:00.656Z</time>
			</trkpt>
			<trkpt lat="38.44319" lon="-2.04243">
				<ele>612.88</ele>
				<time>2026-09-10T11:32:02.856Z</time>
			</trkpt>
			<trkpt lat="38.44305" lon="-2.04244">
				<ele>612.48</ele>
				<time>2026-09-10T11:32:03.920Z</time>
			</trkpt>
			<trkpt lat="38.44292" lon="-2.04249">
				<ele>612.14</ele>
				<time>2026-09-10T11:32:04.947Z</time>
			</trkpt>
			<trkpt lat="38.44278" lon="-2.0426">
				<ele>611.01</ele>
				<time>2026-09-10T11:32:06.186Z</time>
			</trkpt>
			<trkpt lat="38.44252" lon="-2.04302">
				<ele>610.1</ele>
				<time>2026-09-10T11:32:09.329Z</time>
			</trkpt>
			<trkpt lat="38.44209" lon="-2.04376">
				<ele>605.39</ele>
				<time>2026-09-10T11:32:14.676Z</time>
			</trkpt>
			<trkpt lat="38.44198" lon="-2.04391">
				<ele>602.92</ele>
				<time>2026-09-10T11:32:15.857Z</time>
			</trkpt>
			<trkpt lat="38.44188" lon="-2.04401">
				<ele>601.43</ele>
				<time>2026-09-10T11:32:16.787Z</time>
			</trkpt>
			<trkpt lat="38.44177" lon="-2.04405">
				<ele>601.06</ele>
				<time>2026-09-10T11:32:17.622Z</time>
			</trkpt>
			<trkpt lat="38.44164" lon="-2.04408">
				<ele>601.02</ele>
				<time>2026-09-10T11:32:18.584Z</time>
			</trkpt>
			<trkpt lat="38.44152" lon="-2.04405">
				<ele>601.57</ele>
				<time>2026-09-10T11:32:19.472Z</time>
			</trkpt>
			<trkpt lat="38.44139" lon="-2.04396">
				<ele>603.02</ele>
				<time>2026-09-10T11:32:20.543Z</time>
			</trkpt>
			<trkpt lat="38.44127" lon="-2.04384">
				<ele>603.78</ele>
				<time>2026-09-10T11:32:21.643Z</time>
			</trkpt>
			<trkpt lat="38.44092" lon="-2.04342">
				<ele>603.81</ele>
				<time>2026-09-10T11:32:25.089Z</time>
			</trkpt>
			<trkpt lat="38.44076" lon="-2.04327">
				<ele>602.94</ele>
				<time>2026-09-10T11:32:26.502Z</time>
			</trkpt>
			<trkpt lat="38.44049" lon="-2.04311">
				<ele>602.86</ele>
				<time>2026-09-10T11:32:28.611Z</time>
			</trkpt>
			<trkpt lat="38.44032" lon="-2.04305">
				<ele>603.99</ele>
				<time>2026-09-10T11:32:29.855Z</time>
			</trkpt>
			<trkpt lat="38.44" lon="-2.04297">
				<ele>603.64</ele>
				<time>2026-09-10T11:32:32.141Z</time>
			</trkpt>
			<trkpt lat="38.4396" lon="-2.04301">
				<ele>601.32</ele>
				<time>2026-09-10T11:32:34.934Z</time>
			</trkpt>
			<trkpt lat="38.43895" lon="-2.04312">
				<ele>598.92</ele>
				<time>2026-09-10T11:32:39.447Z</time>
			</trkpt>
			<trkpt lat="38.43869" lon="-2.0431">
				<ele>596.67</ele>
				<time>2026-09-10T11:32:41.223Z</time>
			</trkpt>
			<trkpt lat="38.43854" lon="-2.04305">
				<ele>594.97</ele>
				<time>2026-09-10T11:32:42.275Z</time>
			</trkpt>
			<trkpt lat="38.43826" lon="-2.0429">
				<ele>591.55</ele>
				<time>2026-09-10T11:32:44.326Z</time>
			</trkpt>
			<trkpt lat="38.43783" lon="-2.04264">
				<ele>590.23</ele>
				<time>2026-09-10T11:32:47.514Z</time>
			</trkpt>
			<trkpt lat="38.43735" lon="-2.04246">
				<ele>590.28</ele>
				<time>2026-09-10T11:32:50.831Z</time>
			</trkpt>
			<trkpt lat="38.43712" lon="-2.04232">
				<ele>589.83</ele>
				<time>2026-09-10T11:32:52.507Z</time>
			</trkpt>
			<trkpt lat="38.43687" lon="-2.04209">
				<ele>590.35</ele>
				<time>2026-09-10T11:32:54.522Z</time>
			</trkpt>
			<trkpt lat="38.43554" lon="-2.04051">
				<ele>583.06</ele>
				<time>2026-09-10T11:33:06.137Z</time>
			</trkpt>
			<trkpt lat="38.43545" lon="-2.04035">
				<ele>582.09</ele>
				<time>2026-09-10T11:33:07.103Z</time>
			</trkpt>
			<trkpt lat="38.43535" lon="-2.04002">
				<ele>582.8</ele>
				<time>2026-09-10T11:33:08.830Z</time>
			</trkpt>
			<trkpt lat="38.43532" lon="-2.03978">
				<ele>582.08</ele>
				<time>2026-09-10T11:33:10.011Z</time>
			</trkpt>
			<trkpt lat="38.43535" lon="-2.03935">
				<ele>579.11</ele>
				<time>2026-09-10T11:33:12.096Z</time>
			</trkpt>
			<trkpt lat="38.43541" lon="-2.03901">
				<ele>578.42</ele>
				<time>2026-09-10T11:33:13.768Z</time>
			</trkpt>
			<trkpt lat="38.4354" lon="-2.03873">
				<ele>578.65</ele>
				<time>2026-09-10T11:33:15.106Z</time>
			</trkpt>
			<trkpt lat="38.43507" lon="-2.03756">
				<ele>578.2</ele>
				<time>2026-09-10T11:33:20.966Z</time>
			</trkpt>
			<trkpt lat="38.43489" lon="-2.03715">
				<ele>579.41</ele>
				<time>2026-09-10T11:33:23.149Z</time>
			</trkpt>
			<trkpt lat="38.43448" lon="-2.03657">
				<ele>574.1</ele>
				<time>2026-09-10T11:33:26.740Z</time>
			</trkpt>
			<trkpt lat="38.43438" lon="-2.03638">
				<ele>572.88</ele>
				<time>2026-09-10T11:33:27.783Z</time>
			</trkpt>
			<trkpt lat="38.4342" lon="-2.03588">
				<ele>573.25</ele>
				<time>2026-09-10T11:33:30.275Z</time>
			</trkpt>
			<trkpt lat="38.4341" lon="-2.03569">
				<ele>572.38</ele>
				<time>2026-09-10T11:33:31.304Z</time>
			</trkpt>
			<trkpt lat="38.43399" lon="-2.03554">
				<ele>570.94</ele>
				<time>2026-09-10T11:33:32.225Z</time>
			</trkpt>
			<trkpt lat="38.43339" lon="-2.03486">
				<ele>571.29</ele>
				<time>2026-09-10T11:33:36.768Z</time>
			</trkpt>
			<trkpt lat="38.43267" lon="-2.0339">
				<ele>565</ele>
				<time>2026-09-10T11:33:42.548Z</time>
			</trkpt>
			<trkpt lat="38.43253" lon="-2.03369">
				<ele>563.75</ele>
				<time>2026-09-10T11:33:43.731Z</time>
			</trkpt>
			<trkpt lat="38.43231" lon="-2.03328">
				<ele>561.88</ele>
				<time>2026-09-10T11:33:45.849Z</time>
			</trkpt>
			<trkpt lat="38.4316" lon="-2.03171">
				<ele>554.74</ele>
				<time>2026-09-10T11:33:53.425Z</time>
			</trkpt>
			<trkpt lat="38.43094" lon="-2.03008">
				<ele>548.64</ele>
				<time>2026-09-10T11:34:00.862Z</time>
			</trkpt>
			<trkpt lat="38.43084" lon="-2.02972">
				<ele>549.04</ele>
				<time>2026-09-10T11:34:02.381Z</time>
			</trkpt>
			<trkpt lat="38.43078" lon="-2.02942">
				<ele>548.82</ele>
				<time>2026-09-10T11:34:03.605Z</time>
			</trkpt>
			<trkpt lat="38.43052" lon="-2.02763">
				<ele>538.28</ele>
				<time>2026-09-10T11:34:10.676Z</time>
			</trkpt>
			<trkpt lat="38.43039" lon="-2.02683">
				<ele>536.31</ele>
				<time>2026-09-10T11:34:13.779Z</time>
			</trkpt>
			<trkpt lat="38.43018" lon="-2.02598">
				<ele>534.34</ele>
				<time>2026-09-10T11:34:17.116Z</time>
			</trkpt>
			<trkpt lat="38.43005" lon="-2.02563">
				<ele>533.39</ele>
				<time>2026-09-10T11:34:18.551Z</time>
			</trkpt>
			<trkpt lat="38.42981" lon="-2.02509">
				<ele>531.58</ele>
				<time>2026-09-10T11:34:20.831Z</time>
			</trkpt>
			<trkpt lat="38.4295" lon="-2.0245">
				<ele>532.36</ele>
				<time>2026-09-10T11:34:23.411Z</time>
			</trkpt>
			<trkpt lat="38.42916" lon="-2.02388">
				<ele>529.03</ele>
				<time>2026-09-10T11:34:26.127Z</time>
			</trkpt>
			<trkpt lat="38.42877" lon="-2.02325">
				<ele>529.6</ele>
				<time>2026-09-10T11:34:28.971Z</time>
			</trkpt>
			<trkpt lat="38.42855" lon="-2.02293">
				<ele>529.79</ele>
				<time>2026-09-10T11:34:30.463Z</time>
			</trkpt>
			<trkpt lat="38.42826" lon="-2.02259">
				<ele>530.64</ele>
				<time>2026-09-10T11:34:32.211Z</time>
			</trkpt>
			<trkpt lat="38.42734" lon="-2.02171">
				<ele>521.15</ele>
				<time>2026-09-10T11:34:37.234Z</time>
			</trkpt>
			<trkpt lat="38.42703" lon="-2.02146">
				<ele>520.22</ele>
				<time>2026-09-10T11:34:38.810Z</time>
			</trkpt>
			<trkpt lat="38.42692" lon="-2.02141">
				<ele>519.7</ele>
				<time>2026-09-10T11:34:39.310Z</time>
			</trkpt>
			<trkpt lat="38.42672" lon="-2.02138">
				<ele>517.6</ele>
				<time>2026-09-10T11:34:40.168Z</time>
			</trkpt>
			<trkpt lat="38.42662" lon="-2.0214">
				<ele>517.14</ele>
				<time>2026-09-10T11:34:40.598Z</time>
			</trkpt>
			<trkpt lat="38.42641" lon="-2.02151">
				<ele>517.94</ele>
				<time>2026-09-10T11:34:41.560Z</time>
			</trkpt>
			<trkpt lat="38.42627" lon="-2.02166">
				<ele>519.26</ele>
				<time>2026-09-10T11:34:42.331Z</time>
			</trkpt>
			<trkpt lat="38.42613" lon="-2.02197">
				<ele>518.83</ele>
				<time>2026-09-10T11:34:43.507Z</time>
			</trkpt>
			<trkpt lat="38.42552" lon="-2.02413">
				<ele>521.09</ele>
				<time>2026-09-10T11:34:50.895Z</time>
			</trkpt>
			<trkpt lat="38.42544" lon="-2.02427">
				<ele>521.53</ele>
				<time>2026-09-10T11:34:51.442Z</time>
			</trkpt>
			<trkpt lat="38.42535" lon="-2.02437">
				<ele>522.24</ele>
				<time>2026-09-10T11:34:51.921Z</time>
			</trkpt>
			<trkpt lat="38.42436" lon="-2.02513">
				<ele>528.1</ele>
				<time>2026-09-10T11:34:56.500Z</time>
			</trkpt>
			<trkpt lat="38.42411" lon="-2.02531">
				<ele>527.75</ele>
				<time>2026-09-10T11:34:57.621Z</time>
			</trkpt>
			<trkpt lat="38.42365" lon="-2.0255">
				<ele>528.11</ele>
				<time>2026-09-10T11:34:59.495Z</time>
			</trkpt>
			<trkpt lat="38.42299" lon="-2.02574">
				<ele>530.46</ele>
				<time>2026-09-10T11:35:02.124Z</time>
			</trkpt>
			<trkpt lat="38.42262" lon="-2.02579">
				<ele>527.77</ele>
				<time>2026-09-10T11:35:03.535Z</time>
			</trkpt>
			<trkpt lat="38.42249" lon="-2.02576">
				<ele>528.03</ele>
				<time>2026-09-10T11:35:04.033Z</time>
			</trkpt>
			<trkpt lat="38.42239" lon="-2.0257">
				<ele>528.16</ele>
				<time>2026-09-10T11:35:04.449Z</time>
			</trkpt>
			<trkpt lat="38.42228" lon="-2.02561">
				<ele>528.29</ele>
				<time>2026-09-10T11:35:04.939Z</time>
			</trkpt>
			<trkpt lat="38.42215" lon="-2.02544">
				<ele>530.24</ele>
				<time>2026-09-10T11:35:05.636Z</time>
			</trkpt>
			<trkpt lat="38.42153" lon="-2.02431">
				<ele>532.83</ele>
				<time>2026-09-10T11:35:09.630Z</time>
			</trkpt>
			<trkpt lat="38.42131" lon="-2.02371">
				<ele>535.35</ele>
				<time>2026-09-10T11:35:11.519Z</time>
			</trkpt>
			<trkpt lat="38.42074" lon="-2.02162">
				<ele>544.94</ele>
				<time>2026-09-10T11:35:17.695Z</time>
			</trkpt>
			<trkpt lat="38.42048" lon="-2.02071">
				<ele>550.61</ele>
				<time>2026-09-10T11:35:20.336Z</time>
			</trkpt>
			<trkpt lat="38.41997" lon="-2.01916">
				<ele>560.23</ele>
				<time>2026-09-10T11:35:24.833Z</time>
			</trkpt>
			<trkpt lat="38.41938" lon="-2.01754">
				<ele>558.89</ele>
				<time>2026-09-10T11:35:29.499Z</time>
			</trkpt>
			<trkpt lat="38.41921" lon="-2.01717">
				<ele>558.32</ele>
				<time>2026-09-10T11:35:30.602Z</time>
			</trkpt>
			<trkpt lat="38.41909" lon="-2.01697">
				<ele>556.89</ele>
				<time>2026-09-10T11:35:31.247Z</time>
			</trkpt>
			<trkpt lat="38.41895" lon="-2.01679">
				<ele>555.82</ele>
				<time>2026-09-10T11:35:31.895Z</time>
			</trkpt>
			<trkpt lat="38.41865" lon="-2.01652">
				<ele>555.68</ele>
				<time>2026-09-10T11:35:33.085Z</time>
			</trkpt>
			<trkpt lat="38.41847" lon="-2.01642">
				<ele>555.11</ele>
				<time>2026-09-10T11:35:33.718Z</time>
			</trkpt>
			<trkpt lat="38.41829" lon="-2.01634">
				<ele>554.34</ele>
				<time>2026-09-10T11:35:34.331Z</time>
			</trkpt>
			<trkpt lat="38.41803" lon="-2.01629">
				<ele>551.4</ele>
				<time>2026-09-10T11:35:35.174Z</time>
			</trkpt>
			<trkpt lat="38.41776" lon="-2.01628">
				<ele>548.53</ele>
				<time>2026-09-10T11:35:36.035Z</time>
			</trkpt>
			<trkpt lat="38.41725" lon="-2.01635">
				<ele>547.35</ele>
				<time>2026-09-10T11:35:37.662Z</time>
			</trkpt>
			<trkpt lat="38.41698" lon="-2.01635">
				<ele>546.07</ele>
				<time>2026-09-10T11:35:38.512Z</time>
			</trkpt>
			<trkpt lat="38.41668" lon="-2.01624">
				<ele>543.5</ele>
				<time>2026-09-10T11:35:39.491Z</time>
			</trkpt>
			<trkpt lat="38.4165" lon="-2.01613">
				<ele>539.7</ele>
				<time>2026-09-10T11:35:40.115Z</time>
			</trkpt>
			<trkpt lat="38.41616" lon="-2.0158">
				<ele>535.62</ele>
				<time>2026-09-10T11:35:41.442Z</time>
			</trkpt>
			<trkpt lat="38.41587" lon="-2.01547">
				<ele>529.8</ele>
				<time>2026-09-10T11:35:42.643Z</time>
			</trkpt>
			<trkpt lat="38.4156" lon="-2.0153">
				<ele>524.09</ele>
				<time>2026-09-10T11:35:43.568Z</time>
			</trkpt>
			<trkpt lat="38.41435" lon="-2.01477">
				<ele>511.82</ele>
				<time>2026-09-10T11:35:47.568Z</time>
			</trkpt>
			<trkpt lat="38.41344" lon="-2.01443">
				<ele>507.4</ele>
				<time>2026-09-10T11:35:50.401Z</time>
			</trkpt>
			<trkpt lat="38.41309" lon="-2.01437">
				<ele>508.11</ele>
				<time>2026-09-10T11:35:51.447Z</time>
			</trkpt>
			<trkpt lat="38.41287" lon="-2.01436">
				<ele>506.57</ele>
				<time>2026-09-10T11:35:52.097Z</time>
			</trkpt>
			<trkpt lat="38.41255" lon="-2.01438">
				<ele>503.7</ele>
				<time>2026-09-10T11:35:53.039Z</time>
			</trkpt>
			<trkpt lat="38.41219" lon="-2.01445">
				<ele>502.9</ele>
				<time>2026-09-10T11:35:54.105Z</time>
			</trkpt>
			<trkpt lat="38.41126" lon="-2.01474">
				<ele>496.84</ele>
				<time>2026-09-10T11:35:56.884Z</time>
			</trkpt>
			<trkpt lat="38.41109" lon="-2.01475">
				<ele>495.44</ele>
				<time>2026-09-10T11:35:57.375Z</time>
			</trkpt>
			<trkpt lat="38.41092" lon="-2.01471">
				<ele>494.21</ele>
				<time>2026-09-10T11:35:57.872Z</time>
			</trkpt>
			<trkpt lat="38.41075" lon="-2.01465">
				<ele>493.47</ele>
				<time>2026-09-10T11:35:58.379Z</time>
			</trkpt>
			<trkpt lat="38.41061" lon="-2.01454">
				<ele>493.41</ele>
				<time>2026-09-10T11:35:58.850Z</time>
			</trkpt>
			<trkpt lat="38.41046" lon="-2.01437">
				<ele>491.94</ele>
				<time>2026-09-10T11:35:59.424Z</time>
			</trkpt>
			<trkpt lat="38.4104" lon="-2.01425">
				<ele>490.59</ele>
				<time>2026-09-10T11:35:59.742Z</time>
			</trkpt>
			<trkpt lat="38.41036" lon="-2.01412">
				<ele>489.31</ele>
				<time>2026-09-10T11:36:00.054Z</time>
			</trkpt>
			<trkpt lat="38.41038" lon="-2.01384">
				<ele>487.29</ele>
				<time>2026-09-10T11:36:00.681Z</time>
			</trkpt>
			<trkpt lat="38.41046" lon="-2.01366">
				<ele>485.26</ele>
				<time>2026-09-10T11:36:01.141Z</time>
			</trkpt>
			<trkpt lat="38.4107" lon="-2.01329">
				<ele>482.26</ele>
				<time>2026-09-10T11:36:02.207Z</time>
			</trkpt>
			<trkpt lat="38.41082" lon="-2.01307">
				<ele>480.11</ele>
				<time>2026-09-10T11:36:02.800Z</time>
			</trkpt>
			<trkpt lat="38.41087" lon="-2.01291">
				<ele>478.25</ele>
				<time>2026-09-10T11:36:03.180Z</time>
			</trkpt>
			<trkpt lat="38.41097" lon="-2.01234">
				<ele>473.71</ele>
				<time>2026-09-10T11:36:04.466Z</time>
			</trkpt>
			<trkpt lat="38.41104" lon="-2.01198">
				<ele>471.22</ele>
				<time>2026-09-10T11:36:05.279Z</time>
			</trkpt>
			<trkpt lat="38.41121" lon="-2.01159">
				<ele>471.56</ele>
				<time>2026-09-10T11:36:06.255Z</time>
			</trkpt>
			<trkpt lat="38.41155" lon="-2.01111">
				<ele>469.95</ele>
				<time>2026-09-10T11:36:07.664Z</time>
			</trkpt>
			<trkpt lat="38.41162" lon="-2.01097">
				<ele>468.94</ele>
				<time>2026-09-10T11:36:08.024Z</time>
			</trkpt>
			<trkpt lat="38.41165" lon="-2.01086">
				<ele>468.16</ele>
				<time>2026-09-10T11:36:08.277Z</time>
			</trkpt>
			<trkpt lat="38.41166" lon="-2.01072">
				<ele>467.57</ele>
				<time>2026-09-10T11:36:08.581Z</time>
			</trkpt>
			<trkpt lat="38.41164" lon="-2.01059">
				<ele>466.98</ele>
				<time>2026-09-10T11:36:08.868Z</time>
			</trkpt>
			<trkpt lat="38.41158" lon="-2.01046">
				<ele>465.64</ele>
				<time>2026-09-10T11:36:09.194Z</time>
			</trkpt>
			<trkpt lat="38.41147" lon="-2.01035">
				<ele>464.13</ele>
				<time>2026-09-10T11:36:09.580Z</time>
			</trkpt>
			<trkpt lat="38.41136" lon="-2.0103">
				<ele>462.92</ele>
				<time>2026-09-10T11:36:09.901Z</time>
			</trkpt>
			<trkpt lat="38.41125" lon="-2.0103">
				<ele>461.72</ele>
				<time>2026-09-10T11:36:10.204Z</time>
			</trkpt>
			<trkpt lat="38.41109" lon="-2.01038">
				<ele>460.42</ele>
				<time>2026-09-10T11:36:10.676Z</time>
			</trkpt>
			<trkpt lat="38.41088" lon="-2.01056">
				<ele>457.83</ele>
				<time>2026-09-10T11:36:11.370Z</time>
			</trkpt>
			<trkpt lat="38.41073" lon="-2.01061">
				<ele>456.15</ele>
				<time>2026-09-10T11:36:11.795Z</time>
			</trkpt>
			<trkpt lat="38.41026" lon="-2.01065">
				<ele>455.18</ele>
				<time>2026-09-10T11:36:13.081Z</time>
			</trkpt>
			<trkpt lat="38.41015" lon="-2.01063">
				<ele>457.88</ele>
				<time>2026-09-10T11:36:13.384Z</time>
			</trkpt>
			<trkpt lat="38.41005" lon="-2.01055">
				<ele>460.56</ele>
				<time>2026-09-10T11:36:13.706Z</time>
			</trkpt>
			<trkpt lat="38.40996" lon="-2.01043">
				<ele>463.65</ele>
				<time>2026-09-10T11:36:14.060Z</time>
			</trkpt>
			<trkpt lat="38.4099" lon="-2.01025">
				<ele>467.73</ele>
				<time>2026-09-10T11:36:14.476Z</time>
			</trkpt>
			<trkpt lat="38.40989" lon="-2.01008">
				<ele>469.37</ele>
				<time>2026-09-10T11:36:14.839Z</time>
			</trkpt>
			<trkpt lat="38.40991" lon="-2.0099">
				<ele>470.56</ele>
				<time>2026-09-10T11:36:15.226Z</time>
			</trkpt>
			<trkpt lat="38.41001" lon="-2.00944">
				<ele>472.65</ele>
				<time>2026-09-10T11:36:16.239Z</time>
			</trkpt>
			<trkpt lat="38.41005" lon="-2.0092">
				<ele>472.29</ele>
				<time>2026-09-10T11:36:16.759Z</time>
			</trkpt>
			<trkpt lat="38.41006" lon="-2.00872">
				<ele>473.41</ele>
				<time>2026-09-10T11:36:17.774Z</time>
			</trkpt>
			<trkpt lat="38.41003" lon="-2.00837">
				<ele>476.09</ele>
				<time>2026-09-10T11:36:18.517Z</time>
			</trkpt>
			<trkpt lat="38.40997" lon="-2.00802">
				<ele>478.07</ele>
				<time>2026-09-10T11:36:19.272Z</time>
			</trkpt>
			<trkpt lat="38.40974" lon="-2.00718">
				<ele>478.2</ele>
				<time>2026-09-10T11:36:21.142Z</time>
			</trkpt>
			<trkpt lat="38.40968" lon="-2.00691">
				<ele>481.98</ele>
				<time>2026-09-10T11:36:21.730Z</time>
			</trkpt>
			<trkpt lat="38.40964" lon="-2.0066">
				<ele>485.45</ele>
				<time>2026-09-10T11:36:22.388Z</time>
			</trkpt>
			<trkpt lat="38.40962" lon="-2.00632">
				<ele>488.06</ele>
				<time>2026-09-10T11:36:22.976Z</time>
			</trkpt>
			<trkpt lat="38.40964" lon="-2.00571">
				<ele>494.18</ele>
				<time>2026-09-10T11:36:24.252Z</time>
			</trkpt>
			<trkpt lat="38.40976" lon="-2.00498">
				<ele>499.77</ele>
				<time>2026-09-10T11:36:25.807Z</time>
			</trkpt>
			<trkpt lat="38.40981" lon="-2.00444">
				<ele>501.75</ele>
				<time>2026-09-10T11:36:26.939Z</time>
			</trkpt>
			<trkpt lat="38.40979" lon="-2.00399">
				<ele>507.36</ele>
				<time>2026-09-10T11:36:27.876Z</time>
			</trkpt>
			<trkpt lat="38.40976" lon="-2.00381">
				<ele>510.36</ele>
				<time>2026-09-10T11:36:28.258Z</time>
			</trkpt>
			<trkpt lat="38.40967" lon="-2.00355">
				<ele>514.12</ele>
				<time>2026-09-10T11:36:28.848Z</time>
			</trkpt>
			<trkpt lat="38.40957" lon="-2.00333">
				<ele>513.72</ele>
				<time>2026-09-10T11:36:29.376Z</time>
			</trkpt>
			<trkpt lat="38.40932" lon="-2.003">
				<ele>515.77</ele>
				<time>2026-09-10T11:36:30.328Z</time>
			</trkpt>
			<trkpt lat="38.40913" lon="-2.00287">
				<ele>516.17</ele>
				<time>2026-09-10T11:36:30.899Z</time>
			</trkpt>
			<trkpt lat="38.40895" lon="-2.00279">
				<ele>516.6</ele>
				<time>2026-09-10T11:36:31.403Z</time>
			</trkpt>
			<trkpt lat="38.40877" lon="-2.00275">
				<ele>517.06</ele>
				<time>2026-09-10T11:36:31.886Z</time>
			</trkpt>
			<trkpt lat="38.40858" lon="-2.00275">
				<ele>518.29</ele>
				<time>2026-09-10T11:36:32.389Z</time>
			</trkpt>
			<trkpt lat="38.40835" lon="-2.00279">
				<ele>520.15</ele>
				<time>2026-09-10T11:36:33.002Z</time>
			</trkpt>
			<trkpt lat="38.4079" lon="-2.003">
				<ele>524.61</ele>
				<time>2026-09-10T11:36:34.269Z</time>
			</trkpt>
			<trkpt lat="38.40769" lon="-2.00306">
				<ele>526.63</ele>
				<time>2026-09-10T11:36:34.838Z</time>
			</trkpt>
			<trkpt lat="38.40701" lon="-2.00302">
				<ele>535.69</ele>
				<time>2026-09-10T11:36:36.636Z</time>
			</trkpt>
			<trkpt lat="38.40687" lon="-2.00303">
				<ele>538.21</ele>
				<time>2026-09-10T11:36:37.007Z</time>
			</trkpt>
			<trkpt lat="38.40665" lon="-2.00312">
				<ele>542.8</ele>
				<time>2026-09-10T11:36:37.618Z</time>
			</trkpt>
			<trkpt lat="38.40655" lon="-2.00321">
				<ele>542.91</ele>
				<time>2026-09-10T11:36:37.941Z</time>
			</trkpt>
			<trkpt lat="38.40647" lon="-2.00334">
				<ele>543.18</ele>
				<time>2026-09-10T11:36:38.284Z</time>
			</trkpt>
			<trkpt lat="38.40641" lon="-2.00348">
				<ele>542.44</ele>
				<time>2026-09-10T11:36:38.614Z</time>
			</trkpt>
			<trkpt lat="38.40638" lon="-2.00362">
				<ele>541.96</ele>
				<time>2026-09-10T11:36:38.915Z</time>
			</trkpt>
			<trkpt lat="38.40638" lon="-2.00375">
				<ele>541.35</ele>
				<time>2026-09-10T11:36:39.185Z</time>
			</trkpt>
			<trkpt lat="38.4064" lon="-2.00412">
				<ele>540.52</ele>
				<time>2026-09-10T11:36:39.954Z</time>
			</trkpt>
			<trkpt lat="38.4065" lon="-2.00474">
				<ele>538.67</ele>
				<time>2026-09-10T11:36:41.267Z</time>
			</trkpt>
			<trkpt lat="38.40657" lon="-2.00533">
				<ele>540.53</ele>
				<time>2026-09-10T11:36:42.506Z</time>
			</trkpt>
			<trkpt lat="38.40659" lon="-2.00561">
				<ele>539.96</ele>
				<time>2026-09-10T11:36:43.091Z</time>
			</trkpt>
			<trkpt lat="38.40654" lon="-2.00606">
				<ele>537.16</ele>
				<time>2026-09-10T11:36:44.036Z</time>
			</trkpt>
			<trkpt lat="38.40639" lon="-2.00652">
				<ele>540.3</ele>
				<time>2026-09-10T11:36:45.074Z</time>
			</trkpt>
			<trkpt lat="38.40618" lon="-2.00697">
				<ele>546.75</ele>
				<time>2026-09-10T11:36:46.167Z</time>
			</trkpt>
			<trkpt lat="38.40601" lon="-2.00719">
				<ele>546.61</ele>
				<time>2026-09-10T11:36:46.812Z</time>
			</trkpt>
			<trkpt lat="38.40584" lon="-2.00736">
				<ele>545.55</ele>
				<time>2026-09-10T11:36:47.388Z</time>
			</trkpt>
			<trkpt lat="38.40543" lon="-2.00765">
				<ele>548.71</ele>
				<time>2026-09-10T11:36:48.640Z</time>
			</trkpt>
			<trkpt lat="38.40454" lon="-2.00798">
				<ele>557.48</ele>
				<time>2026-09-10T11:36:51.124Z</time>
			</trkpt>
			<trkpt lat="38.40429" lon="-2.00802">
				<ele>560.71</ele>
				<time>2026-09-10T11:36:51.802Z</time>
			</trkpt>
			<trkpt lat="38.40417" lon="-2.00799">
				<ele>562.18</ele>
				<time>2026-09-10T11:36:52.131Z</time>
			</trkpt>
			<trkpt lat="38.40404" lon="-2.0079">
				<ele>564.04</ele>
				<time>2026-09-10T11:36:52.529Z</time>
			</trkpt>
			<trkpt lat="38.40392" lon="-2.00777">
				<ele>565.08</ele>
				<time>2026-09-10T11:36:52.954Z</time>
			</trkpt>
			<trkpt lat="38.4038" lon="-2.00756">
				<ele>567.48</ele>
				<time>2026-09-10T11:36:53.503Z</time>
			</trkpt>
			<trkpt lat="38.40372" lon="-2.00735">
				<ele>569.02</ele>
				<time>2026-09-10T11:36:53.998Z</time>
			</trkpt>
			<trkpt lat="38.40364" lon="-2.007">
				<ele>568.46</ele>
				<time>2026-09-10T11:36:54.771Z</time>
			</trkpt>
			<trkpt lat="38.40355" lon="-2.00633">
				<ele>571.81</ele>
				<time>2026-09-10T11:36:56.217Z</time>
			</trkpt>
			<trkpt lat="38.40348" lon="-2.00596">
				<ele>574</ele>
				<time>2026-09-10T11:36:57.029Z</time>
			</trkpt>
			<trkpt lat="38.40337" lon="-2.00547">
				<ele>576.91</ele>
				<time>2026-09-10T11:36:58.119Z</time>
			</trkpt>
			<trkpt lat="38.40303" lon="-2.00441">
				<ele>586.95</ele>
				<time>2026-09-10T11:37:00.581Z</time>
			</trkpt>
			<trkpt lat="38.40284" lon="-2.00388">
				<ele>587.62</ele>
				<time>2026-09-10T11:37:01.841Z</time>
			</trkpt>
			<trkpt lat="38.40248" lon="-2.00308">
				<ele>587.26</ele>
				<time>2026-09-10T11:37:03.845Z</time>
			</trkpt>
			<trkpt lat="38.40235" lon="-2.00288">
				<ele>588.23</ele>
				<time>2026-09-10T11:37:04.413Z</time>
			</trkpt>
			<trkpt lat="38.40221" lon="-2.00272">
				<ele>589.39</ele>
				<time>2026-09-10T11:37:04.937Z</time>
			</trkpt>
			<trkpt lat="38.40204" lon="-2.0026">
				<ele>590.78</ele>
				<time>2026-09-10T11:37:05.480Z</time>
			</trkpt>
			<trkpt lat="38.40183" lon="-2.00249">
				<ele>592.64</ele>
				<time>2026-09-10T11:37:06.116Z</time>
			</trkpt>
			<trkpt lat="38.40147" lon="-2.00242">
				<ele>597.34</ele>
				<time>2026-09-10T11:37:07.139Z</time>
			</trkpt>
			<trkpt lat="38.40127" lon="-2.00233">
				<ele>598.05</ele>
				<time>2026-09-10T11:37:07.737Z</time>
			</trkpt>
			<trkpt lat="38.40115" lon="-2.00218">
				<ele>597.95</ele>
				<time>2026-09-10T11:37:08.211Z</time>
			</trkpt>
			<trkpt lat="38.40097" lon="-2.00182">
				<ele>598.86</ele>
				<time>2026-09-10T11:37:09.159Z</time>
			</trkpt>
			<trkpt lat="38.40083" lon="-2.00164">
				<ele>599.19</ele>
				<time>2026-09-10T11:37:09.723Z</time>
			</trkpt>
			<trkpt lat="38.4007" lon="-2.00151">
				<ele>596.9</ele>
				<time>2026-09-10T11:37:10.193Z</time>
			</trkpt>
			<trkpt lat="38.40053" lon="-2.00141">
				<ele>595.42</ele>
				<time>2026-09-10T11:37:10.727Z</time>
			</trkpt>
			<trkpt lat="38.4003" lon="-2.00136">
				<ele>595.2</ele>
				<time>2026-09-10T11:37:11.393Z</time>
			</trkpt>
			<trkpt lat="38.39882" lon="-2.00123">
				<ele>596.52</ele>
				<time>2026-09-10T11:37:15.676Z</time>
			</trkpt>
			<trkpt lat="38.3984" lon="-2.00113">
				<ele>595.81</ele>
				<time>2026-09-10T11:37:16.924Z</time>
			</trkpt>
			<trkpt lat="38.3981" lon="-2.00094">
				<ele>598.17</ele>
				<time>2026-09-10T11:37:17.907Z</time>
			</trkpt>
			<trkpt lat="38.39792" lon="-2.00077">
				<ele>599</ele>
				<time>2026-09-10T11:37:18.566Z</time>
			</trkpt>
			<trkpt lat="38.39778" lon="-2.00057">
				<ele>599</ele>
				<time>2026-09-10T11:37:19.187Z</time>
			</trkpt>
			<trkpt lat="38.39763" lon="-2.00028">
				<ele>598.51</ele>
				<time>2026-09-10T11:37:19.994Z</time>
			</trkpt>
			<trkpt lat="38.39756" lon="-2">
				<ele>599.34</ele>
				<time>2026-09-10T11:37:20.679Z</time>
			</trkpt>
			<trkpt lat="38.39749" lon="-1.99964">
				<ele>600.42</ele>
				<time>2026-09-10T11:37:21.547Z</time>
			</trkpt>
			<trkpt lat="38.39748" lon="-1.9993">
				<ele>602.58</ele>
				<time>2026-09-10T11:37:22.346Z</time>
			</trkpt>
			<trkpt lat="38.3975" lon="-1.99891">
				<ele>606.78</ele>
				<time>2026-09-10T11:37:23.267Z</time>
			</trkpt>
			<trkpt lat="38.39749" lon="-1.99841">
				<ele>611.16</ele>
				<time>2026-09-10T11:37:24.452Z</time>
			</trkpt>
			<trkpt lat="38.39741" lon="-1.99797">
				<ele>614.08</ele>
				<time>2026-09-10T11:37:25.528Z</time>
			</trkpt>
			<trkpt lat="38.39735" lon="-1.9978">
				<ele>614.31</ele>
				<time>2026-09-10T11:37:25.973Z</time>
			</trkpt>
			<trkpt lat="38.39723" lon="-1.99754">
				<ele>614.84</ele>
				<time>2026-09-10T11:37:26.697Z</time>
			</trkpt>
			<trkpt lat="38.39698" lon="-1.99714">
				<ele>617.46</ele>
				<time>2026-09-10T11:37:27.929Z</time>
			</trkpt>
			<trkpt lat="38.39638" lon="-1.99648">
				<ele>609.68</ele>
				<time>2026-09-10T11:37:30.386Z</time>
			</trkpt>
			<trkpt lat="38.39624" lon="-1.9964">
				<ele>607.91</ele>
				<time>2026-09-10T11:37:30.865Z</time>
			</trkpt>
			<trkpt lat="38.39609" lon="-1.99639">
				<ele>606.34</ele>
				<time>2026-09-10T11:37:31.336Z</time>
			</trkpt>
			<trkpt lat="38.39594" lon="-1.99645">
				<ele>609.48</ele>
				<time>2026-09-10T11:37:31.829Z</time>
			</trkpt>
			<trkpt lat="38.39581" lon="-1.99658">
				<ele>613.74</ele>
				<time>2026-09-10T11:37:32.349Z</time>
			</trkpt>
			<trkpt lat="38.39571" lon="-1.99675">
				<ele>619.1</ele>
				<time>2026-09-10T11:37:32.875Z</time>
			</trkpt>
			<trkpt lat="38.39553" lon="-1.99725">
				<ele>623.57</ele>
				<time>2026-09-10T11:37:34.242Z</time>
			</trkpt>
			<trkpt lat="38.39537" lon="-1.99761">
				<ele>623.89</ele>
				<time>2026-09-10T11:37:35.277Z</time>
			</trkpt>
			<trkpt lat="38.39516" lon="-1.99789">
				<ele>626.32</ele>
				<time>2026-09-10T11:37:36.251Z</time>
			</trkpt>
			<trkpt lat="38.39495" lon="-1.99809">
				<ele>628.51</ele>
				<time>2026-09-10T11:37:37.095Z</time>
			</trkpt>
			<trkpt lat="38.39476" lon="-1.99821">
				<ele>630.17</ele>
				<time>2026-09-10T11:37:37.781Z</time>
			</trkpt>
			<trkpt lat="38.3943" lon="-1.99843">
				<ele>630.35</ele>
				<time>2026-09-10T11:37:39.379Z</time>
			</trkpt>
			<trkpt lat="38.39412" lon="-1.99857">
				<ele>631.73</ele>
				<time>2026-09-10T11:37:40.069Z</time>
			</trkpt>
			<trkpt lat="38.39396" lon="-1.99874">
				<ele>632.98</ele>
				<time>2026-09-10T11:37:40.753Z</time>
			</trkpt>
			<trkpt lat="38.39264" lon="-2.00046">
				<ele>636.34</ele>
				<time>2026-09-10T11:37:47.064Z</time>
			</trkpt>
			<trkpt lat="38.39244" lon="-2.00078">
				<ele>632.35</ele>
				<time>2026-09-10T11:37:48.158Z</time>
			</trkpt>
			<trkpt lat="38.39215" lon="-2.00138">
				<ele>630.44</ele>
				<time>2026-09-10T11:37:50.058Z</time>
			</trkpt>
			<trkpt lat="38.39193" lon="-2.00215">
				<ele>628.54</ele>
				<time>2026-09-10T11:37:52.291Z</time>
			</trkpt>
			<trkpt lat="38.39189" lon="-2.0025">
				<ele>628.45</ele>
				<time>2026-09-10T11:37:53.263Z</time>
			</trkpt>
			<trkpt lat="38.39176" lon="-2.00314">
				<ele>629.59</ele>
				<time>2026-09-10T11:37:55.093Z</time>
			</trkpt>
			<trkpt lat="38.39169" lon="-2.00342">
				<ele>631.06</ele>
				<time>2026-09-10T11:37:55.913Z</time>
			</trkpt>
			<trkpt lat="38.39152" lon="-2.00384">
				<ele>627.36</ele>
				<time>2026-09-10T11:37:57.238Z</time>
			</trkpt>
			<trkpt lat="38.39133" lon="-2.00415">
				<ele>625.59</ele>
				<time>2026-09-10T11:37:58.349Z</time>
			</trkpt>
			<trkpt lat="38.39115" lon="-2.00436">
				<ele>624.63</ele>
				<time>2026-09-10T11:37:59.231Z</time>
			</trkpt>
			<trkpt lat="38.39094" lon="-2.00456">
				<ele>623.54</ele>
				<time>2026-09-10T11:38:00.185Z</time>
			</trkpt>
			<trkpt lat="38.39069" lon="-2.00473">
				<ele>622.1</ele>
				<time>2026-09-10T11:38:01.220Z</time>
			</trkpt>
			<trkpt lat="38.3904" lon="-2.00487">
				<ele>618.81</ele>
				<time>2026-09-10T11:38:02.361Z</time>
			</trkpt>
			<trkpt lat="38.39026" lon="-2.00492">
				<ele>616.83</ele>
				<time>2026-09-10T11:38:02.898Z</time>
			</trkpt>
			<trkpt lat="38.39003" lon="-2.00493">
				<ele>613.73</ele>
				<time>2026-09-10T11:38:03.751Z</time>
			</trkpt>
			<trkpt lat="38.3898" lon="-2.00489">
				<ele>613.81</ele>
				<time>2026-09-10T11:38:04.615Z</time>
			</trkpt>
			<trkpt lat="38.38954" lon="-2.00476">
				<ele>615.6</ele>
				<time>2026-09-10T11:38:05.660Z</time>
			</trkpt>
			<trkpt lat="38.38937" lon="-2.00462">
				<ele>617.07</ele>
				<time>2026-09-10T11:38:06.421Z</time>
			</trkpt>
			<trkpt lat="38.38917" lon="-2.00433">
				<ele>617.96</ele>
				<time>2026-09-10T11:38:07.566Z</time>
			</trkpt>
			<trkpt lat="38.389" lon="-2.00401">
				<ele>618.45</ele>
				<time>2026-09-10T11:38:08.718Z</time>
			</trkpt>
			<trkpt lat="38.3889" lon="-2.0036">
				<ele>614.53</ele>
				<time>2026-09-10T11:38:10.006Z</time>
			</trkpt>
			<trkpt lat="38.38873" lon="-2.00263">
				<ele>609.07</ele>
				<time>2026-09-10T11:38:13.020Z</time>
			</trkpt>
			<trkpt lat="38.38852" lon="-2.0018">
				<ele>605.49</ele>
				<time>2026-09-10T11:38:15.705Z</time>
			</trkpt>
			<trkpt lat="38.38828" lon="-2.00108">
				<ele>604.12</ele>
				<time>2026-09-10T11:38:18.145Z</time>
			</trkpt>
			<trkpt lat="38.38817" lon="-2.00089">
				<ele>601.7</ele>
				<time>2026-09-10T11:38:18.888Z</time>
			</trkpt>
			<trkpt lat="38.38804" lon="-2.00079">
				<ele>602.1</ele>
				<time>2026-09-10T11:38:19.499Z</time>
			</trkpt>
			<trkpt lat="38.38792" lon="-2.00077">
				<ele>603.05</ele>
				<time>2026-09-10T11:38:19.988Z</time>
			</trkpt>
			<trkpt lat="38.38778" lon="-2.00079">
				<ele>605.56</ele>
				<time>2026-09-10T11:38:20.558Z</time>
			</trkpt>
			<trkpt lat="38.38768" lon="-2.00085">
				<ele>607.92</ele>
				<time>2026-09-10T11:38:21.006Z</time>
			</trkpt>
			<trkpt lat="38.38755" lon="-2.00099">
				<ele>611.04</ele>
				<time>2026-09-10T11:38:21.699Z</time>
			</trkpt>
			<trkpt lat="38.38701" lon="-2.00167">
				<ele>609.48</ele>
				<time>2026-09-10T11:38:24.817Z</time>
			</trkpt>
			<trkpt lat="38.38678" lon="-2.00192">
				<ele>611.84</ele>
				<time>2026-09-10T11:38:26.072Z</time>
			</trkpt>
			<trkpt lat="38.38654" lon="-2.00217">
				<ele>611.58</ele>
				<time>2026-09-10T11:38:27.368Z</time>
			</trkpt>
			<trkpt lat="38.38542" lon="-2.00319">
				<ele>604.35</ele>
				<time>2026-09-10T11:38:33.224Z</time>
			</trkpt>
			<trkpt lat="38.38523" lon="-2.0034">
				<ele>601.11</ele>
				<time>2026-09-10T11:38:34.312Z</time>
			</trkpt>
			<trkpt lat="38.38508" lon="-2.00363">
				<ele>600.52</ele>
				<time>2026-09-10T11:38:35.332Z</time>
			</trkpt>
			<trkpt lat="38.38491" lon="-2.004">
				<ele>599.16</ele>
				<time>2026-09-10T11:38:36.804Z</time>
			</trkpt>
			<trkpt lat="38.38484" lon="-2.00427">
				<ele>597.22</ele>
				<time>2026-09-10T11:38:37.785Z</time>
			</trkpt>
			<trkpt lat="38.38478" lon="-2.00461">
				<ele>594.71</ele>
				<time>2026-09-10T11:38:38.995Z</time>
			</trkpt>
			<trkpt lat="38.38478" lon="-2.00505">
				<ele>594.64</ele>
				<time>2026-09-10T11:38:40.531Z</time>
			</trkpt>
			<trkpt lat="38.38483" lon="-2.00619">
				<ele>602.52</ele>
				<time>2026-09-10T11:38:44.572Z</time>
			</trkpt>
			<trkpt lat="38.38498" lon="-2.00833">
				<ele>603.65</ele>
				<time>2026-09-10T11:38:52.388Z</time>
			</trkpt>
			<trkpt lat="38.38503" lon="-2.00929">
				<ele>603.97</ele>
				<time>2026-09-10T11:38:55.980Z</time>
			</trkpt>
			<trkpt lat="38.385" lon="-2.00946">
				<ele>604.15</ele>
				<time>2026-09-10T11:38:56.637Z</time>
			</trkpt>
			<trkpt lat="38.38496" lon="-2.00959">
				<ele>604.58</ele>
				<time>2026-09-10T11:38:57.165Z</time>
			</trkpt>
			<trkpt lat="38.38487" lon="-2.00971">
				<ele>604.52</ele>
				<time>2026-09-10T11:38:57.794Z</time>
			</trkpt>
			<trkpt lat="38.38472" lon="-2.00979">
				<ele>603.01</ele>
				<time>2026-09-10T11:38:58.582Z</time>
			</trkpt>
			<trkpt lat="38.38458" lon="-2.00983">
				<ele>603.49</ele>
				<time>2026-09-10T11:38:59.280Z</time>
			</trkpt>
			<trkpt lat="38.38427" lon="-2.00974">
				<ele>608.19</ele>
				<time>2026-09-10T11:39:00.835Z</time>
			</trkpt>
			<trkpt lat="38.38413" lon="-2.00963">
				<ele>611.26</ele>
				<time>2026-09-10T11:39:01.643Z</time>
			</trkpt>
			<trkpt lat="38.38393" lon="-2.0094">
				<ele>612.53</ele>
				<time>2026-09-10T11:39:02.973Z</time>
			</trkpt>
			<trkpt lat="38.38378" lon="-2.00919">
				<ele>610.14</ele>
				<time>2026-09-10T11:39:04.078Z</time>
			</trkpt>
			<trkpt lat="38.38339" lon="-2.00847">
				<ele>604.06</ele>
				<time>2026-09-10T11:39:07.518Z</time>
			</trkpt>
			<trkpt lat="38.38297" lon="-2.00758">
				<ele>601.94</ele>
				<time>2026-09-10T11:39:11.666Z</time>
			</trkpt>
			<trkpt lat="38.38274" lon="-2.00725">
				<ele>602.6</ele>
				<time>2026-09-10T11:39:13.452Z</time>
			</trkpt>
			<trkpt lat="38.38231" lon="-2.00677">
				<ele>607.11</ele>
				<time>2026-09-10T11:39:16.429Z</time>
			</trkpt>
			<trkpt lat="38.38218" lon="-2.0066">
				<ele>608.79</ele>
				<time>2026-09-10T11:39:17.407Z</time>
			</trkpt>
			<trkpt lat="38.38209" lon="-2.0064">
				<ele>610.37</ele>
				<time>2026-09-10T11:39:18.361Z</time>
			</trkpt>
			<trkpt lat="38.38192" lon="-2.00581">
				<ele>615.52</ele>
				<time>2026-09-10T11:39:20.979Z</time>
			</trkpt>
			<trkpt lat="38.3818" lon="-2.00549">
				<ele>616.26</ele>
				<time>2026-09-10T11:39:22.468Z</time>
			</trkpt>
			<trkpt lat="38.38164" lon="-2.00524">
				<ele>614.24</ele>
				<time>2026-09-10T11:39:23.831Z</time>
			</trkpt>
			<trkpt lat="38.38144" lon="-2.00507">
				<ele>613.29</ele>
				<time>2026-09-10T11:39:25.133Z</time>
			</trkpt>
			<trkpt lat="38.38126" lon="-2.00497">
				<ele>614.07</ele>
				<time>2026-09-10T11:39:26.201Z</time>
			</trkpt>
			<trkpt lat="38.37902" lon="-2.00412">
				<ele>602.7</ele>
				<time>2026-09-10T11:39:39.273Z</time>
			</trkpt>
			<trkpt lat="38.37868" lon="-2.00402">
				<ele>604.7</ele>
				<time>2026-09-10T11:39:41.282Z</time>
			</trkpt>
			<trkpt lat="38.37813" lon="-2.004">
				<ele>608.5</ele>
				<time>2026-09-10T11:39:44.480Z</time>
			</trkpt>
			<trkpt lat="38.37798" lon="-2.00397">
				<ele>610.1</ele>
				<time>2026-09-10T11:39:45.370Z</time>
			</trkpt>
			<trkpt lat="38.37783" lon="-2.00392">
				<ele>612.11</ele>
				<time>2026-09-10T11:39:46.281Z</time>
			</trkpt>
			<trkpt lat="38.37768" lon="-2.00381">
				<ele>614.29</ele>
				<time>2026-09-10T11:39:47.301Z</time>
			</trkpt>
			<trkpt lat="38.37754" lon="-2.00364">
				<ele>615.39</ele>
				<time>2026-09-10T11:39:48.445Z</time>
			</trkpt>
			<trkpt lat="38.37726" lon="-2.00301">
				<ele>613.23</ele>
				<time>2026-09-10T11:39:51.834Z</time>
			</trkpt>
			<trkpt lat="38.37705" lon="-2.00264">
				<ele>611.24</ele>
				<time>2026-09-10T11:39:53.993Z</time>
			</trkpt>
			<trkpt lat="38.37687" lon="-2.00241">
				<ele>611.14</ele>
				<time>2026-09-10T11:39:55.539Z</time>
			</trkpt>
			<trkpt lat="38.37651" lon="-2.00219">
				<ele>614.65</ele>
				<time>2026-09-10T11:39:57.978Z</time>
			</trkpt>
			<trkpt lat="38.37633" lon="-2.00215">
				<ele>617.03</ele>
				<time>2026-09-10T11:39:59.101Z</time>
			</trkpt>
			<trkpt lat="38.37621" lon="-2.00215">
				<ele>617.98</ele>
				<time>2026-09-10T11:39:59.841Z</time>
			</trkpt>
			<trkpt lat="38.37601" lon="-2.00219">
				<ele>618.18</ele>
				<time>2026-09-10T11:40:01.095Z</time>
			</trkpt>
			<trkpt lat="38.37583" lon="-2.00232">
				<ele>618.19</ele>
				<time>2026-09-10T11:40:02.381Z</time>
			</trkpt>
			<trkpt lat="38.37566" lon="-2.00258">
				<ele>622.01</ele>
				<time>2026-09-10T11:40:04.039Z</time>
			</trkpt>
			<trkpt lat="38.37542" lon="-2.00297">
				<ele>628.04</ele>
				<time>2026-09-10T11:40:06.485Z</time>
			</trkpt>
			<trkpt lat="38.37414" lon="-2.00407">
				<ele>641.04</ele>
				<time>2026-09-10T11:40:16.398Z</time>
			</trkpt>
			<trkpt lat="38.37394" lon="-2.00422">
				<ele>639.5</ele>
				<time>2026-09-10T11:40:17.916Z</time>
			</trkpt>
			<trkpt lat="38.37367" lon="-2.00432">
				<ele>642</ele>
				<time>2026-09-10T11:40:19.767Z</time>
			</trkpt>
			<trkpt lat="38.37274" lon="-2.00454">
				<ele>656.48</ele>
				<time>2026-09-10T11:40:26.072Z</time>
			</trkpt>
			<trkpt lat="38.37251" lon="-2.00465">
				<ele>660.25</ele>
				<time>2026-09-10T11:40:27.731Z</time>
			</trkpt>
			<trkpt lat="38.37233" lon="-2.0048">
				<ele>661.49</ele>
				<time>2026-09-10T11:40:29.189Z</time>
			</trkpt>
			<trkpt lat="38.37219" lon="-2.00497">
				<ele>660.47</ele>
				<time>2026-09-10T11:40:30.506Z</time>
			</trkpt>
			<trkpt lat="38.37209" lon="-2.00518">
				<ele>659.13</ele>
				<time>2026-09-10T11:40:31.824Z</time>
			</trkpt>
			<trkpt lat="38.37201" lon="-2.00543">
				<ele>658.6</ele>
				<time>2026-09-10T11:40:33.278Z</time>
			</trkpt>
			<trkpt lat="38.37183" lon="-2.00623">
				<ele>658.12</ele>
				<time>2026-09-10T11:40:37.801Z</time>
			</trkpt>
			<trkpt lat="38.37179" lon="-2.00671">
				<ele>662.67</ele>
				<time>2026-09-10T11:40:40.453Z</time>
			</trkpt>
			<trkpt lat="38.37166" lon="-2.00924">
				<ele>662.07</ele>
				<time>2026-09-10T11:40:54.732Z</time>
			</trkpt>
			<trkpt lat="38.37159" lon="-2.0096">
				<ele>657.66</ele>
				<time>2026-09-10T11:40:56.871Z</time>
			</trkpt>
			<trkpt lat="38.37141" lon="-2.01029">
				<ele>653.21</ele>
				<time>2026-09-10T11:41:01.101Z</time>
			</trkpt>
			<trkpt lat="38.3713" lon="-2.01067">
				<ele>651.88</ele>
				<time>2026-09-10T11:41:03.480Z</time>
			</trkpt>
			<trkpt lat="38.37123" lon="-2.01081">
				<ele>652.82</ele>
				<time>2026-09-10T11:41:04.459Z</time>
			</trkpt>
			<trkpt lat="38.37099" lon="-2.01113">
				<ele>653.47</ele>
				<time>2026-09-10T11:41:07.084Z</time>
			</trkpt>
			<trkpt lat="38.36989" lon="-2.0122">
				<ele>650.75</ele>
				<time>2026-09-10T11:41:17.731Z</time>
			</trkpt>
			<trkpt lat="38.36897" lon="-2.01306">
				<ele>648.56</ele>
				<time>2026-09-10T11:41:26.740Z</time>
			</trkpt>
			<trkpt lat="38.36869" lon="-2.01343">
				<ele>651.14</ele>
				<time>2026-09-10T11:41:29.974Z</time>
			</trkpt>
			<trkpt lat="38.36852" lon="-2.01386">
				<ele>651.79</ele>
				<time>2026-09-10T11:41:33.027Z</time>
			</trkpt>
			<trkpt lat="38.36844" lon="-2.01417">
				<ele>651.42</ele>
				<time>2026-09-10T11:41:35.109Z</time>
			</trkpt>
			<trkpt lat="38.36832" lon="-2.01441">
				<ele>648.84</ele>
				<time>2026-09-10T11:41:36.934Z</time>
			</trkpt>
			<trkpt lat="38.36809" lon="-2.01474">
				<ele>649.24</ele>
				<time>2026-09-10T11:41:39.782Z</time>
			</trkpt>
			<trkpt lat="38.36719" lon="-2.01556">
				<ele>651.32</ele>
				<time>2026-09-10T11:41:49.013Z</time>
			</trkpt>
			<trkpt lat="38.36663" lon="-2.01611">
				<ele>645.41</ele>
				<time>2026-09-10T11:41:55.019Z</time>
			</trkpt>
			<trkpt lat="38.36636" lon="-2.01648">
				<ele>642.46</ele>
				<time>2026-09-10T11:41:58.425Z</time>
			</trkpt>
			<trkpt lat="38.36605" lon="-2.01724">
				<ele>641.98</ele>
				<time>2026-09-10T11:42:04.258Z</time>
			</trkpt>
			<trkpt lat="38.36594" lon="-2.01738">
				<ele>640.9</ele>
				<time>2026-09-10T11:42:05.619Z</time>
			</trkpt>
			<trkpt lat="38.36584" lon="-2.01746">
				<ele>639.86</ele>
				<time>2026-09-10T11:42:06.655Z</time>
			</trkpt>
			<trkpt lat="38.36574" lon="-2.0175">
				<ele>638.06</ele>
				<time>2026-09-10T11:42:07.578Z</time>
			</trkpt>
			<trkpt lat="38.36562" lon="-2.01749">
				<ele>635.25</ele>
				<time>2026-09-10T11:42:08.638Z</time>
			</trkpt>
			<trkpt lat="38.36552" lon="-2.01746">
				<ele>632.08</ele>
				<time>2026-09-10T11:42:09.546Z</time>
			</trkpt>
			<trkpt lat="38.36541" lon="-2.01738">
				<ele>627.41</ele>
				<time>2026-09-10T11:42:10.668Z</time>
			</trkpt>
			<trkpt lat="38.36527" lon="-2.01724">
				<ele>622.12</ele>
				<time>2026-09-10T11:42:12.248Z</time>
			</trkpt>
			<trkpt lat="38.3651" lon="-2.01706">
				<ele>622.77</ele>
				<time>2026-09-10T11:42:14.219Z</time>
			</trkpt>
			<trkpt lat="38.36497" lon="-2.01684">
				<ele>625.99</ele>
				<time>2026-09-10T11:42:16.154Z</time>
			</trkpt>
			<trkpt lat="38.36487" lon="-2.01663">
				<ele>630.88</ele>
				<time>2026-09-10T11:42:17.887Z</time>
			</trkpt>
			<trkpt lat="38.36456" lon="-2.01565">
				<ele>639.79</ele>
				<time>2026-09-10T11:42:25.415Z</time>
			</trkpt>
			<trkpt lat="38.3644" lon="-2.01503">
				<ele>639.2</ele>
				<time>2026-09-10T11:42:30.126Z</time>
			</trkpt>
			<trkpt lat="38.36418" lon="-2.0135">
				<ele>646.38</ele>
				<time>2026-09-10T11:42:41.544Z</time>
			</trkpt>
			<trkpt lat="38.3641" lon="-2.01324">
				<ele>648.15</ele>
				<time>2026-09-10T11:42:43.623Z</time>
			</trkpt>
			<trkpt lat="38.36402" lon="-2.01305">
				<ele>650.04</ele>
				<time>2026-09-10T11:42:45.235Z</time>
			</trkpt>
			<trkpt lat="38.36384" lon="-2.01285">
				<ele>651.33</ele>
				<time>2026-09-10T11:42:47.518Z</time>
			</trkpt>
			<trkpt lat="38.36367" lon="-2.01277">
				<ele>651.32</ele>
				<time>2026-09-10T11:42:49.259Z</time>
			</trkpt>
			<trkpt lat="38.36349" lon="-2.01273">
				<ele>650.81</ele>
				<time>2026-09-10T11:42:51.020Z</time>
			</trkpt>
			<trkpt lat="38.36135" lon="-2.01267">
				<ele>664.73</ele>
				<time>2026-09-10T11:43:12.119Z</time>
			</trkpt>
			<trkpt lat="38.36119" lon="-2.01264">
				<ele>665.13</ele>
				<time>2026-09-10T11:43:13.749Z</time>
			</trkpt>
			<trkpt lat="38.36047" lon="-2.0123">
				<ele>661.42</ele>
				<time>2026-09-10T11:43:21.553Z</time>
			</trkpt>
			<trkpt lat="38.36007" lon="-2.01206">
				<ele>662.49</ele>
				<time>2026-09-10T11:43:26.098Z</time>
			</trkpt>
			<trkpt lat="38.35967" lon="-2.01196">
				<ele>665.6</ele>
				<time>2026-09-10T11:43:30.322Z</time>
			</trkpt>
			<trkpt lat="38.35902" lon="-2.01193">
				<ele>668.97</ele>
				<time>2026-09-10T11:43:37.130Z</time>
			</trkpt>
			<trkpt lat="38.35786" lon="-2.0119">
				<ele>673.61</ele>
				<time>2026-09-10T11:43:49.483Z</time>
			</trkpt>
			<trkpt lat="38.35771" lon="-2.01191">
				<ele>672.78</ele>
				<time>2026-09-10T11:43:51.101Z</time>
			</trkpt>
			<trkpt lat="38.35667" lon="-2.01187">
				<ele>676.17</ele>
				<time>2026-09-10T11:44:02.439Z</time>
			</trkpt>
			<trkpt lat="38.35646" lon="-2.01192">
				<ele>674.62</ele>
				<time>2026-09-10T11:44:04.794Z</time>
			</trkpt>
			<trkpt lat="38.35632" lon="-2.01199">
				<ele>674.8</ele>
				<time>2026-09-10T11:44:06.457Z</time>
			</trkpt>
			<trkpt lat="38.3558" lon="-2.01246">
				<ele>682.89</ele>
				<time>2026-09-10T11:44:13.558Z</time>
			</trkpt>
			<trkpt lat="38.35561" lon="-2.01258">
				<ele>682.43</ele>
				<time>2026-09-10T11:44:15.939Z</time>
			</trkpt>
			<trkpt lat="38.35547" lon="-2.01264">
				<ele>681.71</ele>
				<time>2026-09-10T11:44:17.602Z</time>
			</trkpt>
			<trkpt lat="38.35528" lon="-2.01267">
				<ele>680.3</ele>
				<time>2026-09-10T11:44:19.766Z</time>
			</trkpt>
			<trkpt lat="38.35503" lon="-2.01268">
				<ele>681.13</ele>
				<time>2026-09-10T11:44:22.604Z</time>
			</trkpt>
			<trkpt lat="38.3547" lon="-2.01261">
				<ele>682.8</ele>
				<time>2026-09-10T11:44:26.419Z</time>
			</trkpt>
			<trkpt lat="38.35456" lon="-2.01256">
				<ele>682.96</ele>
				<time>2026-09-10T11:44:28.085Z</time>
			</trkpt>
			<trkpt lat="38.35438" lon="-2.01249">
				<ele>683.09</ele>
				<time>2026-09-10T11:44:30.247Z</time>
			</trkpt>
			<trkpt lat="38.35406" lon="-2.01231">
				<ele>682.15</ele>
				<time>2026-09-10T11:44:34.286Z</time>
			</trkpt>
			<trkpt lat="38.35381" lon="-2.01197">
				<ele>681.97</ele>
				<time>2026-09-10T11:44:38.534Z</time>
			</trkpt>
			<trkpt lat="38.35376" lon="-2.01187">
				<ele>684.04</ele>
				<time>2026-09-10T11:44:39.619Z</time>
			</trkpt>
			<trkpt lat="38.3537" lon="-2.01166">
				<ele>688.02</ele>
				<time>2026-09-10T11:44:41.670Z</time>
			</trkpt>
			<trkpt lat="38.3542" lon="-2.01158">
				<ele>683.37</ele>
				<time>2026-09-10T11:44:47.601Z</time>
			</trkpt>
			<trkpt lat="38.35431" lon="-2.01154">
				<ele>683.12</ele>
				<time>2026-09-10T11:44:48.955Z</time>
			</trkpt>
			<trkpt lat="38.35487" lon="-2.01119">
				<ele>680.96</ele>
				<time>2026-09-10T11:44:56.386Z</time>
			</trkpt>
			<trkpt lat="38.35502" lon="-2.01111">
				<ele>679.72</ele>
				<time>2026-09-10T11:44:58.337Z</time>
			</trkpt>
			<trkpt lat="38.35509" lon="-2.01109">
				<ele>679.14</ele>
				<time>2026-09-10T11:44:59.200Z</time>
			</trkpt>
			<trkpt lat="38.3554" lon="-2.01086">
				<ele>677.89</ele>
				<time>2026-09-10T11:45:03.529Z</time>
			</trkpt>
			<trkpt lat="38.35552" lon="-2.01078">
				<ele>677.81</ele>
				<time>2026-09-10T11:45:05.171Z</time>
			</trkpt>
			<trkpt lat="38.35569" lon="-2.01066">
				<ele>679.22</ele>
				<time>2026-09-10T11:45:07.533Z</time>
			</trkpt>
			<trkpt lat="38.35574" lon="-2.01063">
				<ele>679.78</ele>
				<time>2026-09-10T11:45:08.207Z</time>
			</trkpt>
			<trkpt lat="38.35577" lon="-2.01036">
				<ele>682.77</ele>
				<time>2026-09-10T11:45:10.819Z</time>
			</trkpt>
			<trkpt lat="38.35578" lon="-2.01005">
				<ele>683.68</ele>
				<time>2026-09-10T11:45:13.803Z</time>
			</trkpt>
			<trkpt lat="38.35586" lon="-2.00963">
				<ele>683.7</ele>
				<time>2026-09-10T11:45:17.982Z</time>
			</trkpt>
			<trkpt lat="38.35588" lon="-2.00941">
				<ele>684.48</ele>
				<time>2026-09-10T11:45:20.133Z</time>
			</trkpt>
			<trkpt lat="38.35586" lon="-2.00963">
				<ele>683.7</ele>
				<time>2026-09-10T11:45:22.291Z</time>
			</trkpt>
			<trkpt lat="38.35578" lon="-2.01005">
				<ele>683.68</ele>
				<time>2026-09-10T11:45:26.521Z</time>
			</trkpt>
			<trkpt lat="38.35577" lon="-2.01036">
				<ele>682.77</ele>
				<time>2026-09-10T11:45:29.573Z</time>
			</trkpt>
			<trkpt lat="38.35574" lon="-2.01063">
				<ele>679.78</ele>
				<time>2026-09-10T11:45:32.266Z</time>
			</trkpt>
			<trkpt lat="38.35569" lon="-2.01066">
				<ele>679.22</ele>
				<time>2026-09-10T11:45:32.963Z</time>
			</trkpt>
			<trkpt lat="38.35552" lon="-2.01078">
				<ele>677.81</ele>
				<time>2026-09-10T11:45:35.479Z</time>
			</trkpt>
			<trkpt lat="38.35537" lon="-2.0107">
				<ele>679.11</ele>
				<time>2026-09-10T11:45:39.539Z</time>
			</trkpt>
			<trkpt lat="38.35497" lon="-2.0107">
				<ele>681.1</ele>
				<time>2026-09-10T11:45:57.753Z</time>
			</trkpt>
			<trkpt lat="38.35471" lon="-2.0107">
				<ele>682</ele>
				<time>2026-09-10T11:46:11.704Z</time>
			</trkpt>
			<trkpt lat="38.35385" lon="-2.0107">
				<ele>686.11</ele>
				<time>2026-09-10T11:46:38.749Z</time>
			</trkpt>
			<trkpt lat="38.35377" lon="-2.01072">
				<ele>686.52</ele>
				<time>2026-09-10T11:46:40.356Z</time>
			</trkpt>
			<trkpt lat="38.35367" lon="-2.01072">
				<ele>686.9</ele>
				<time>2026-09-10T11:46:42.242Z</time>
			</trkpt>
			<trkpt lat="38.35361" lon="-2.01069">
				<ele>686.93</ele>
				<time>2026-09-10T11:46:43.413Z</time>
			</trkpt>
			<trkpt lat="38.35359" lon="-2.00953">
				<ele>681.73</ele>
				<time>2026-09-10T11:46:58.222Z</time>
			</trkpt>
			<trkpt lat="38.35354" lon="-2.00926">
				<ele>678.67</ele>
				<time>2026-09-10T11:47:01.906Z</time>
			</trkpt>
			<trkpt lat="38.35348" lon="-2.00904">
				<ele>676.72</ele>
				<time>2026-09-10T11:47:05.222Z</time>
			</trkpt>
			<trkpt lat="38.35337" lon="-2.00879">
				<ele>676.24</ele>
				<time>2026-09-10T11:47:09.360Z</time>
			</trkpt>
			<trkpt lat="38.35328" lon="-2.00861">
				<ele>677.17</ele>
				<time>2026-09-10T11:47:12.442Z</time>
			</trkpt>
			<trkpt lat="38.35303" lon="-2.00828">
				<ele>677.54</ele>
				<time>2026-09-10T11:47:19.066Z</time>
			</trkpt>
			<trkpt lat="38.35287" lon="-2.00813">
				<ele>677.66</ele>
				<time>2026-09-10T11:47:22.721Z</time>
			</trkpt>
			<trkpt lat="38.35231" lon="-2.00771">
				<ele>681.09</ele>
				<time>2026-09-10T11:47:34.681Z</time>
			</trkpt>
			<trkpt lat="38.35201" lon="-2.00745">
				<ele>682.28</ele>
				<time>2026-09-10T11:47:41.359Z</time>
			</trkpt>
			<trkpt lat="38.35168" lon="-2.00711">
				<ele>680.54</ele>
				<time>2026-09-10T11:47:49.169Z</time>
			</trkpt>
			<trkpt lat="38.35101" lon="-2.0063">
				<ele>683.07</ele>
				<time>2026-09-10T11:48:04.487Z</time>
			</trkpt>
			<trkpt lat="38.35075" lon="-2.00593">
				<ele>684.89</ele>
				<time>2026-09-10T11:48:08.700Z</time>
			</trkpt>
			<trkpt lat="38.35068" lon="-2.00575">
				<ele>685.7</ele>
				<time>2026-09-10T11:48:10.351Z</time>
			</trkpt>
			<trkpt lat="38.35062" lon="-2.00551">
				<ele>685.38</ele>
				<time>2026-09-10T11:48:12.380Z</time>
			</trkpt>
			<trkpt lat="38.35051" lon="-2.00473">
				<ele>681.07</ele>
				<time>2026-09-10T11:48:18.469Z</time>
			</trkpt>
			<trkpt lat="38.35045" lon="-2.00446">
				<ele>680.66</ele>
				<time>2026-09-10T11:48:20.523Z</time>
			</trkpt>
			<trkpt lat="38.35024" lon="-2.00403">
				<ele>685.09</ele>
				<time>2026-09-10T11:48:24.102Z</time>
			</trkpt>
			<trkpt lat="38.3498" lon="-2.00328">
				<ele>692.29</ele>
				<time>2026-09-10T11:48:30.306Z</time>
			</trkpt>
			<trkpt lat="38.34963" lon="-2.00303">
				<ele>692.94</ele>
				<time>2026-09-10T11:48:32.377Z</time>
			</trkpt>
			<trkpt lat="38.3495" lon="-2.0029">
				<ele>691.55</ele>
				<time>2026-09-10T11:48:33.664Z</time>
			</trkpt>
			<trkpt lat="38.34909" lon="-2.0025">
				<ele>687.48</ele>
				<time>2026-09-10T11:48:37.538Z</time>
			</trkpt>
			<trkpt lat="38.3489" lon="-2.00236">
				<ele>688.87</ele>
				<time>2026-09-10T11:48:39.120Z</time>
			</trkpt>
			<trkpt lat="38.34861" lon="-2.0022">
				<ele>695</ele>
				<time>2026-09-10T11:48:41.332Z</time>
			</trkpt>
			<trkpt lat="38.34812" lon="-2.00203">
				<ele>700.39</ele>
				<time>2026-09-10T11:48:44.737Z</time>
			</trkpt>
			<trkpt lat="38.34786" lon="-2.00201">
				<ele>702.45</ele>
				<time>2026-09-10T11:48:46.416Z</time>
			</trkpt>
			<trkpt lat="38.34756" lon="-2.00201">
				<ele>705.05</ele>
				<time>2026-09-10T11:48:48.298Z</time>
			</trkpt>
			<trkpt lat="38.34728" lon="-2.00203">
				<ele>705.84</ele>
				<time>2026-09-10T11:48:50.008Z</time>
			</trkpt>
			<trkpt lat="38.34628" lon="-2.00226">
				<ele>712.42</ele>
				<time>2026-09-10T11:48:55.859Z</time>
			</trkpt>
			<trkpt lat="38.34606" lon="-2.00235">
				<ele>713.41</ele>
				<time>2026-09-10T11:48:57.123Z</time>
			</trkpt>
			<trkpt lat="38.34527" lon="-2.00281">
				<ele>711.22</ele>
				<time>2026-09-10T11:49:01.697Z</time>
			</trkpt>
			<trkpt lat="38.34499" lon="-2.00294">
				<ele>711.13</ele>
				<time>2026-09-10T11:49:03.212Z</time>
			</trkpt>
			<trkpt lat="38.34464" lon="-2.003">
				<ele>712.36</ele>
				<time>2026-09-10T11:49:04.979Z</time>
			</trkpt>
			<trkpt lat="38.34394" lon="-2.00309">
				<ele>716.73</ele>
				<time>2026-09-10T11:49:08.429Z</time>
			</trkpt>
			<trkpt lat="38.34384" lon="-2.00314">
				<ele>716.94</ele>
				<time>2026-09-10T11:49:08.950Z</time>
			</trkpt>
			<trkpt lat="38.34374" lon="-2.00324">
				<ele>717.54</ele>
				<time>2026-09-10T11:49:09.564Z</time>
			</trkpt>
			<trkpt lat="38.3437" lon="-2.00327">
				<ele>717.86</ele>
				<time>2026-09-10T11:49:09.788Z</time>
			</trkpt>
			<trkpt lat="38.34363" lon="-2.00328">
				<ele>718.57</ele>
				<time>2026-09-10T11:49:10.128Z</time>
			</trkpt>
			<trkpt lat="38.34355" lon="-2.00322">
				<ele>719.23</ele>
				<time>2026-09-10T11:49:10.575Z</time>
			</trkpt>
			<trkpt lat="38.34352" lon="-2.00313">
				<ele>718.99</ele>
				<time>2026-09-10T11:49:10.944Z</time>
			</trkpt>
			<trkpt lat="38.34353" lon="-2.00306">
				<ele>718.57</ele>
				<time>2026-09-10T11:49:11.212Z</time>
			</trkpt>
			<trkpt lat="38.34357" lon="-2.003">
				<ele>718.29</ele>
				<time>2026-09-10T11:49:11.509Z</time>
			</trkpt>
			<trkpt lat="38.34359" lon="-2.00286">
				<ele>718.09</ele>
				<time>2026-09-10T11:49:12.045Z</time>
			</trkpt>
			<trkpt lat="38.34358" lon="-2.00235">
				<ele>720.64</ele>
				<time>2026-09-10T11:49:13.966Z</time>
			</trkpt>
			<trkpt lat="38.3436" lon="-2.0021">
				<ele>722.87</ele>
				<time>2026-09-10T11:49:14.914Z</time>
			</trkpt>
			<trkpt lat="38.34364" lon="-2.00193">
				<ele>723.41</ele>
				<time>2026-09-10T11:49:15.584Z</time>
			</trkpt>
			<trkpt lat="38.34375" lon="-2.00171">
				<ele>720.6</ele>
				<time>2026-09-10T11:49:16.573Z</time>
			</trkpt>
			<trkpt lat="38.3439" lon="-2.00134">
				<ele>719.2</ele>
				<time>2026-09-10T11:49:18.159Z</time>
			</trkpt>
			<trkpt lat="38.34394" lon="-2.00114">
				<ele>720.23</ele>
				<time>2026-09-10T11:49:18.951Z</time>
			</trkpt>
			<trkpt lat="38.34394" lon="-2.00099">
				<ele>721.64</ele>
				<time>2026-09-10T11:49:19.529Z</time>
			</trkpt>
			<trkpt lat="38.34389" lon="-2.00077">
				<ele>724.32</ele>
				<time>2026-09-10T11:49:20.416Z</time>
			</trkpt>
			<trkpt lat="38.3438" lon="-2.00055">
				<ele>727.13</ele>
				<time>2026-09-10T11:49:21.385Z</time>
			</trkpt>
			<trkpt lat="38.34368" lon="-2.0004">
				<ele>728.46</ele>
				<time>2026-09-10T11:49:22.228Z</time>
			</trkpt>
			<trkpt lat="38.34356" lon="-2.00032">
				<ele>729.8</ele>
				<time>2026-09-10T11:49:22.912Z</time>
			</trkpt>
			<trkpt lat="38.34336" lon="-2.00024">
				<ele>732.27</ele>
				<time>2026-09-10T11:49:23.981Z</time>
			</trkpt>
			<trkpt lat="38.34308" lon="-2.00017">
				<ele>735.24</ele>
				<time>2026-09-10T11:49:25.457Z</time>
			</trkpt>
			<trkpt lat="38.34291" lon="-2.00009">
				<ele>735.31</ele>
				<time>2026-09-10T11:49:26.408Z</time>
			</trkpt>
			<trkpt lat="38.34273" lon="-1.99999">
				<ele>735.14</ele>
				<time>2026-09-10T11:49:27.451Z</time>
			</trkpt>
			<trkpt lat="38.34262" lon="-1.99989">
				<ele>735.32</ele>
				<time>2026-09-10T11:49:28.177Z</time>
			</trkpt>
			<trkpt lat="38.34246" lon="-1.99957">
				<ele>735.98</ele>
				<time>2026-09-10T11:49:29.802Z</time>
			</trkpt>
			<trkpt lat="38.34242" lon="-1.99937">
				<ele>737.35</ele>
				<time>2026-09-10T11:49:30.702Z</time>
			</trkpt>
			<trkpt lat="38.34235" lon="-1.99858">
				<ele>741.8</ele>
				<time>2026-09-10T11:49:34.221Z</time>
			</trkpt>
			<trkpt lat="38.34226" lon="-1.99838">
				<ele>744.13</ele>
				<time>2026-09-10T11:49:35.231Z</time>
			</trkpt>
			<trkpt lat="38.34215" lon="-1.99821">
				<ele>743.6</ele>
				<time>2026-09-10T11:49:36.191Z</time>
			</trkpt>
			<trkpt lat="38.3419" lon="-1.99799">
				<ele>744.04</ele>
				<time>2026-09-10T11:49:37.864Z</time>
			</trkpt>
			<trkpt lat="38.34142" lon="-1.99781">
				<ele>746.95</ele>
				<time>2026-09-10T11:49:40.584Z</time>
			</trkpt>
			<trkpt lat="38.34123" lon="-1.99769">
				<ele>748.41</ele>
				<time>2026-09-10T11:49:41.724Z</time>
			</trkpt>
			<trkpt lat="38.34111" lon="-1.99754">
				<ele>748.33</ele>
				<time>2026-09-10T11:49:42.623Z</time>
			</trkpt>
			<trkpt lat="38.34102" lon="-1.99737">
				<ele>750.25</ele>
				<time>2026-09-10T11:49:43.479Z</time>
			</trkpt>
			<trkpt lat="38.34048" lon="-1.99611">
				<ele>752.27</ele>
				<time>2026-09-10T11:49:49.371Z</time>
			</trkpt>
			<trkpt lat="38.3404" lon="-1.99595">
				<ele>753.94</ele>
				<time>2026-09-10T11:49:50.137Z</time>
			</trkpt>
			<trkpt lat="38.34027" lon="-1.99577">
				<ele>756.09</ele>
				<time>2026-09-10T11:49:51.122Z</time>
			</trkpt>
			<trkpt lat="38.33896" lon="-1.99413">
				<ele>766.85</ele>
				<time>2026-09-10T11:50:00.375Z</time>
			</trkpt>
			<trkpt lat="38.3383" lon="-1.99335">
				<ele>770.46</ele>
				<time>2026-09-10T11:50:04.833Z</time>
			</trkpt>
			<trkpt lat="38.33811" lon="-1.9932">
				<ele>773.19</ele>
				<time>2026-09-10T11:50:05.935Z</time>
			</trkpt>
			<trkpt lat="38.33719" lon="-1.99252">
				<ele>781.19</ele>
				<time>2026-09-10T11:50:11.172Z</time>
			</trkpt>
			<trkpt lat="38.33704" lon="-1.99249">
				<ele>781.58</ele>
				<time>2026-09-10T11:50:11.919Z</time>
			</trkpt>
			<trkpt lat="38.33695" lon="-1.99251">
				<ele>781.94</ele>
				<time>2026-09-10T11:50:12.369Z</time>
			</trkpt>
			<trkpt lat="38.33688" lon="-1.99252">
				<ele>781.79</ele>
				<time>2026-09-10T11:50:12.716Z</time>
			</trkpt>
			<trkpt lat="38.33682" lon="-1.99246">
				<ele>781.47</ele>
				<time>2026-09-10T11:50:13.092Z</time>
			</trkpt>
			<trkpt lat="38.3368" lon="-1.99236">
				<ele>781.22</ele>
				<time>2026-09-10T11:50:13.491Z</time>
			</trkpt>
			<trkpt lat="38.33683" lon="-1.99227">
				<ele>781.09</ele>
				<time>2026-09-10T11:50:13.869Z</time>
			</trkpt>
			<trkpt lat="38.33702" lon="-1.99195">
				<ele>779.72</ele>
				<time>2026-09-10T11:50:15.423Z</time>
			</trkpt>
			<trkpt lat="38.33758" lon="-1.99085">
				<ele>774.92</ele>
				<time>2026-09-10T11:50:20.528Z</time>
			</trkpt>
			<trkpt lat="38.3378" lon="-1.99037">
				<ele>768.99</ele>
				<time>2026-09-10T11:50:22.710Z</time>
			</trkpt>
			<trkpt lat="38.338" lon="-1.98981">
				<ele>767.79</ele>
				<time>2026-09-10T11:50:25.142Z</time>
			</trkpt>
			<trkpt lat="38.3382" lon="-1.98906">
				<ele>771.12</ele>
				<time>2026-09-10T11:50:28.303Z</time>
			</trkpt>
			<trkpt lat="38.33826" lon="-1.9888">
				<ele>772.78</ele>
				<time>2026-09-10T11:50:29.380Z</time>
			</trkpt>
			<trkpt lat="38.33841" lon="-1.98831">
				<ele>772.52</ele>
				<time>2026-09-10T11:50:31.461Z</time>
			</trkpt>
			<trkpt lat="38.33834" lon="-1.98828">
				<ele>773.11</ele>
				<time>2026-09-10T11:50:31.835Z</time>
			</trkpt>
			<trkpt lat="38.3383" lon="-1.98829">
				<ele>773.36</ele>
				<time>2026-09-10T11:50:32.042Z</time>
			</trkpt>
			<trkpt lat="38.33754" lon="-1.98878">
				<ele>776.31</ele>
				<time>2026-09-10T11:50:36.466Z</time>
			</trkpt>
			<trkpt lat="38.33742" lon="-1.98881">
				<ele>777.06</ele>
				<time>2026-09-10T11:50:37.079Z</time>
			</trkpt>
			<trkpt lat="38.33716" lon="-1.98881">
				<ele>777.71</ele>
				<time>2026-09-10T11:50:38.356Z</time>
			</trkpt>
			<trkpt lat="38.33705" lon="-1.98873">
				<ele>777.49</ele>
				<time>2026-09-10T11:50:38.968Z</time>
			</trkpt>
			<trkpt lat="38.33694" lon="-1.98855">
				<ele>777.99</ele>
				<time>2026-09-10T11:50:39.829Z</time>
			</trkpt>
			<trkpt lat="38.33684" lon="-1.98846">
				<ele>777.66</ele>
				<time>2026-09-10T11:50:40.416Z</time>
			</trkpt>
			<trkpt lat="38.33672" lon="-1.9884">
				<ele>777.64</ele>
				<time>2026-09-10T11:50:41.036Z</time>
			</trkpt>
			<trkpt lat="38.33658" lon="-1.98837">
				<ele>776.03</ele>
				<time>2026-09-10T11:50:41.722Z</time>
			</trkpt>
			<trkpt lat="38.33642" lon="-1.98836">
				<ele>772.56</ele>
				<time>2026-09-10T11:50:42.505Z</time>
			</trkpt>
			<trkpt lat="38.33626" lon="-1.9884">
				<ele>769.12</ele>
				<time>2026-09-10T11:50:43.314Z</time>
			</trkpt>
			<trkpt lat="38.33604" lon="-1.98843">
				<ele>765.25</ele>
				<time>2026-09-10T11:50:44.440Z</time>
			</trkpt>
			<trkpt lat="38.33591" lon="-1.98838">
				<ele>763.82</ele>
				<time>2026-09-10T11:50:45.150Z</time>
			</trkpt>
			<trkpt lat="38.33586" lon="-1.98833">
				<ele>763.36</ele>
				<time>2026-09-10T11:50:45.489Z</time>
			</trkpt>
			<trkpt lat="38.33581" lon="-1.98818">
				<ele>762.83</ele>
				<time>2026-09-10T11:50:46.183Z</time>
			</trkpt>
			<trkpt lat="38.33576" lon="-1.9878">
				<ele>762.31</ele>
				<time>2026-09-10T11:50:47.901Z</time>
			</trkpt>
			<trkpt lat="38.33566" lon="-1.98766">
				<ele>761.89</ele>
				<time>2026-09-10T11:50:48.792Z</time>
			</trkpt>
			<trkpt lat="38.33511" lon="-1.98711">
				<ele>758.14</ele>
				<time>2026-09-10T11:50:53.502Z</time>
			</trkpt>
			<trkpt lat="38.33462" lon="-1.98658">
				<ele>755.03</ele>
				<time>2026-09-10T11:50:58.917Z</time>
			</trkpt>
			<trkpt lat="38.33456" lon="-1.98648">
				<ele>754.81</ele>
				<time>2026-09-10T11:50:59.936Z</time>
			</trkpt>
			<trkpt lat="38.33457" lon="-1.98638">
				<ele>755.44</ele>
				<time>2026-09-10T11:51:00.794Z</time>
			</trkpt>
			<trkpt lat="38.33441" lon="-1.98555">
				<ele>752.78</ele>
				<time>2026-09-10T11:51:09.398Z</time>
			</trkpt>
			<trkpt lat="38.33436" lon="-1.98542">
				<ele>752.05</ele>
				<time>2026-09-10T11:51:11.068Z</time>
			</trkpt>
			<trkpt lat="38.3343" lon="-1.98531">
				<ele>751.56</ele>
				<time>2026-09-10T11:51:12.662Z</time>
			</trkpt>
			<trkpt lat="38.33423" lon="-1.98488">
				<ele>750.24</ele>
				<time>2026-09-10T11:51:18.181Z</time>
			</trkpt>
			<trkpt lat="38.33423" lon="-1.98484">
				<ele>750.24</ele>
				<time>2026-09-10T11:51:18.704Z</time>
			</trkpt>
			<trkpt lat="38.33415" lon="-1.98487">
				<ele>749.92</ele>
				<time>2026-09-10T11:51:20.111Z</time>
			</trkpt>
			<trkpt lat="38.33402" lon="-1.98482">
				<ele>748.99</ele>
				<time>2026-09-10T11:51:22.447Z</time>
			</trkpt>
			<trkpt lat="38.33399" lon="-1.98473">
				<ele>748.74</ele>
				<time>2026-09-10T11:51:23.790Z</time>
			</trkpt>
			<trkpt lat="38.3338" lon="-1.98359">
				<ele>754.23</ele>
				<time>2026-09-10T11:51:40.771Z</time>
			</trkpt>
			<trkpt lat="38.33363" lon="-1.98364">
				<ele>752.95</ele>
				<time>2026-09-10T11:51:44.144Z</time>
			</trkpt>
			<trkpt lat="38.33353" lon="-1.98366">
				<ele>751.67</ele>
				<time>2026-09-10T11:51:46.110Z</time>
			</trkpt>
			<trkpt lat="38.33347" lon="-1.9837">
				<ele>751.36</ele>
				<time>2026-09-10T11:51:47.427Z</time>
			</trkpt>
			<trkpt lat="38.33325" lon="-1.98343">
				<ele>750.45</ele>
				<time>2026-09-10T11:51:53.375Z</time>
			</trkpt>
			<trkpt lat="38.33295" lon="-1.98349">
				<ele>747.89</ele>
				<time>2026-09-10T11:51:59.258Z</time>
			</trkpt>
			<trkpt lat="38.33278" lon="-1.98281">
				<ele>746.96</ele>
				<time>2026-09-10T11:52:09.843Z</time>
			</trkpt>
			<trkpt lat="38.33255" lon="-1.98294">
				<ele>744.05</ele>
				<time>2026-09-10T11:52:14.416Z</time>
			</trkpt>
			<trkpt lat="38.33235" lon="-1.98301">
				<ele>741.76</ele>
				<time>2026-09-10T11:52:18.207Z</time>
			</trkpt>
			<trkpt lat="38.33214" lon="-1.983">
				<ele>739.83</ele>
				<time>2026-09-10T11:52:22.076Z</time>
			</trkpt>
			<trkpt lat="38.33203" lon="-1.98296">
				<ele>739.11</ele>
				<time>2026-09-10T11:52:24.182Z</time>
			</trkpt>
			<trkpt lat="38.33194" lon="-1.98288">
				<ele>738.64</ele>
				<time>2026-09-10T11:52:26.203Z</time>
			</trkpt>
			<trkpt lat="38.33189" lon="-1.98265">
				<ele>738.64</ele>
				<time>2026-09-10T11:52:29.650Z</time>
			</trkpt>
			<trkpt lat="38.33157" lon="-1.98265">
				<ele>735.66</ele>
				<time>2026-09-10T11:52:35.542Z</time>
			</trkpt>
			<trkpt lat="38.33149" lon="-1.98187">
				<ele>732.68</ele>
				<time>2026-09-10T11:52:46.900Z</time>
			</trkpt>
			<trkpt lat="38.33142" lon="-1.98164">
				<ele>731.74</ele>
				<time>2026-09-10T11:52:50.463Z</time>
			</trkpt>
			<trkpt lat="38.33114" lon="-1.98095">
				<ele>730.38</ele>
				<time>2026-09-10T11:53:01.684Z</time>
			</trkpt>
			<trkpt lat="38.33096" lon="-1.98067">
				<ele>725.54</ele>
				<time>2026-09-10T11:53:06.912Z</time>
			</trkpt>
			<trkpt lat="38.33089" lon="-1.98062">
				<ele>724.23</ele>
				<time>2026-09-10T11:53:08.389Z</time>
			</trkpt>
			<trkpt lat="38.33087" lon="-1.98051">
				<ele>723.47</ele>
				<time>2026-09-10T11:53:10.018Z</time>
			</trkpt>
			<trkpt lat="38.33089" lon="-1.98043">
				<ele>723.6</ele>
				<time>2026-09-10T11:53:11.230Z</time>
			</trkpt>
			<trkpt lat="38.33077" lon="-1.97995">
				<ele>719.55</ele>
				<time>2026-09-10T11:53:18.506Z</time>
			</trkpt>
			<trkpt lat="38.33019" lon="-1.97806">
				<ele>708.06</ele>
				<time>2026-09-10T11:53:47.817Z</time>
			</trkpt>
			<trkpt lat="38.32976" lon="-1.9765">
				<ele>703.55</ele>
				<time>2026-09-10T11:54:07.088Z</time>
			</trkpt>
			<trkpt lat="38.32966" lon="-1.97624">
				<ele>701.61</ele>
				<time>2026-09-10T11:54:09.340Z</time>
			</trkpt>
			<trkpt lat="38.32954" lon="-1.97598">
				<ele>700.42</ele>
				<time>2026-09-10T11:54:11.506Z</time>
			</trkpt>
			<trkpt lat="38.32847" lon="-1.97388">
				<ele>689.07</ele>
				<time>2026-09-10T11:54:27.131Z</time>
			</trkpt>
			<trkpt lat="38.32809" lon="-1.97293">
				<ele>685.07</ele>
				<time>2026-09-10T11:54:33.632Z</time>
			</trkpt>
			<trkpt lat="38.32791" lon="-1.97224">
				<ele>676.09</ele>
				<time>2026-09-10T11:54:38.043Z</time>
			</trkpt>
			<trkpt lat="38.32783" lon="-1.97184">
				<ele>674.11</ele>
				<time>2026-09-10T11:54:40.538Z</time>
			</trkpt>
			<trkpt lat="38.32775" lon="-1.97136">
				<ele>672.71</ele>
				<time>2026-09-10T11:54:43.497Z</time>
			</trkpt>
			<trkpt lat="38.3277" lon="-1.97073">
				<ele>668.82</ele>
				<time>2026-09-10T11:54:47.303Z</time>
			</trkpt>
			<trkpt lat="38.32761" lon="-1.96672">
				<ele>646.43</ele>
				<time>2026-09-10T11:55:11.095Z</time>
			</trkpt>
			<trkpt lat="38.32752" lon="-1.96591">
				<ele>646.76</ele>
				<time>2026-09-10T11:55:15.880Z</time>
			</trkpt>
			<trkpt lat="38.32736" lon="-1.96497">
				<ele>660.05</ele>
				<time>2026-09-10T11:55:21.478Z</time>
			</trkpt>
			<trkpt lat="38.32581" lon="-1.95764">
				<ele>703.21</ele>
				<time>2026-09-10T11:56:04.601Z</time>
			</trkpt>
			<trkpt lat="38.32574" lon="-1.95718">
				<ele>705.63</ele>
				<time>2026-09-10T11:56:07.203Z</time>
			</trkpt>
			<trkpt lat="38.32571" lon="-1.95686">
				<ele>708.16</ele>
				<time>2026-09-10T11:56:08.988Z</time>
			</trkpt>
			<trkpt lat="38.32571" lon="-1.95601">
				<ele>713.53</ele>
				<time>2026-09-10T11:56:13.682Z</time>
			</trkpt>
			<trkpt lat="38.32569" lon="-1.95562">
				<ele>711.95</ele>
				<time>2026-09-10T11:56:15.833Z</time>
			</trkpt>
			<trkpt lat="38.32563" lon="-1.9553">
				<ele>708.85</ele>
				<time>2026-09-10T11:56:17.640Z</time>
			</trkpt>
			<trkpt lat="38.32552" lon="-1.95501">
				<ele>705.6</ele>
				<time>2026-09-10T11:56:19.405Z</time>
			</trkpt>
			<trkpt lat="38.32539" lon="-1.95473">
				<ele>702.28</ele>
				<time>2026-09-10T11:56:21.186Z</time>
			</trkpt>
			<trkpt lat="38.32517" lon="-1.95437">
				<ele>700.15</ele>
				<time>2026-09-10T11:56:23.677Z</time>
			</trkpt>
			<trkpt lat="38.32493" lon="-1.95403">
				<ele>699.66</ele>
				<time>2026-09-10T11:56:26.168Z</time>
			</trkpt>
			<trkpt lat="38.3248" lon="-1.95379">
				<ele>698.21</ele>
				<time>2026-09-10T11:56:27.753Z</time>
			</trkpt>
			<trkpt lat="38.32474" lon="-1.95357">
				<ele>697.56</ele>
				<time>2026-09-10T11:56:29.017Z</time>
			</trkpt>
			<trkpt lat="38.32469" lon="-1.95329">
				<ele>697.25</ele>
				<time>2026-09-10T11:56:30.574Z</time>
			</trkpt>
			<trkpt lat="38.32468" lon="-1.95302">
				<ele>698.53</ele>
				<time>2026-09-10T11:56:32.036Z</time>
			</trkpt>
			<trkpt lat="38.32471" lon="-1.95281">
				<ele>700.77</ele>
				<time>2026-09-10T11:56:33.190Z</time>
			</trkpt>
			<trkpt lat="38.32483" lon="-1.95225">
				<ele>707.99</ele>
				<time>2026-09-10T11:56:36.320Z</time>
			</trkpt>
			<trkpt lat="38.32488" lon="-1.95195">
				<ele>710.04</ele>
				<time>2026-09-10T11:56:37.969Z</time>
			</trkpt>
			<trkpt lat="38.32488" lon="-1.95176">
				<ele>709.81</ele>
				<time>2026-09-10T11:56:38.990Z</time>
			</trkpt>
			<trkpt lat="38.32485" lon="-1.95155">
				<ele>710.13</ele>
				<time>2026-09-10T11:56:40.135Z</time>
			</trkpt>
			<trkpt lat="38.32478" lon="-1.95137">
				<ele>710.89</ele>
				<time>2026-09-10T11:56:41.212Z</time>
			</trkpt>
			<trkpt lat="38.32467" lon="-1.9512">
				<ele>710.62</ele>
				<time>2026-09-10T11:56:42.391Z</time>
			</trkpt>
			<trkpt lat="38.32427" lon="-1.9508">
				<ele>711.74</ele>
				<time>2026-09-10T11:56:45.852Z</time>
			</trkpt>
			<trkpt lat="38.32412" lon="-1.95062">
				<ele>712</ele>
				<time>2026-09-10T11:56:47.251Z</time>
			</trkpt>
			<trkpt lat="38.32403" lon="-1.95038">
				<ele>711.9</ele>
				<time>2026-09-10T11:56:48.665Z</time>
			</trkpt>
			<trkpt lat="38.32399" lon="-1.95017">
				<ele>712.18</ele>
				<time>2026-09-10T11:56:49.813Z</time>
			</trkpt>
			<trkpt lat="38.32403" lon="-1.94946">
				<ele>716.56</ele>
				<time>2026-09-10T11:56:53.585Z</time>
			</trkpt>
			<trkpt lat="38.32399" lon="-1.94921">
				<ele>715.94</ele>
				<time>2026-09-10T11:56:54.933Z</time>
			</trkpt>
			<trkpt lat="38.32391" lon="-1.94902">
				<ele>715.82</ele>
				<time>2026-09-10T11:56:56.071Z</time>
			</trkpt>
			<trkpt lat="38.3238" lon="-1.94889">
				<ele>715.52</ele>
				<time>2026-09-10T11:56:57.079Z</time>
			</trkpt>
			<trkpt lat="38.32367" lon="-1.94878">
				<ele>714.61</ele>
				<time>2026-09-10T11:56:58.127Z</time>
			</trkpt>
			<trkpt lat="38.32347" lon="-1.94872">
				<ele>713.92</ele>
				<time>2026-09-10T11:56:59.504Z</time>
			</trkpt>
			<trkpt lat="38.3233" lon="-1.94875">
				<ele>714.47</ele>
				<time>2026-09-10T11:57:00.653Z</time>
			</trkpt>
			<trkpt lat="38.32278" lon="-1.94903">
				<ele>718.4</ele>
				<time>2026-09-10T11:57:04.423Z</time>
			</trkpt>
			<trkpt lat="38.32263" lon="-1.94909">
				<ele>718.24</ele>
				<time>2026-09-10T11:57:05.471Z</time>
			</trkpt>
			<trkpt lat="38.32237" lon="-1.94909">
				<ele>716.53</ele>
				<time>2026-09-10T11:57:07.200Z</time>
			</trkpt>
			<trkpt lat="38.32224" lon="-1.94906">
				<ele>715.53</ele>
				<time>2026-09-10T11:57:08.078Z</time>
			</trkpt>
			<trkpt lat="38.32213" lon="-1.949">
				<ele>715.38</ele>
				<time>2026-09-10T11:57:08.872Z</time>
			</trkpt>
			<trkpt lat="38.322" lon="-1.94889">
				<ele>715.3</ele>
				<time>2026-09-10T11:57:09.907Z</time>
			</trkpt>
			<trkpt lat="38.32187" lon="-1.94872">
				<ele>715.31</ele>
				<time>2026-09-10T11:57:11.140Z</time>
			</trkpt>
			<trkpt lat="38.32089" lon="-1.94706">
				<ele>715.28</ele>
				<time>2026-09-10T11:57:21.868Z</time>
			</trkpt>
			<trkpt lat="38.32073" lon="-1.94686">
				<ele>712.43</ele>
				<time>2026-09-10T11:57:23.334Z</time>
			</trkpt>
			<trkpt lat="38.32055" lon="-1.94668">
				<ele>710.07</ele>
				<time>2026-09-10T11:57:24.828Z</time>
			</trkpt>
			<trkpt lat="38.32032" lon="-1.94656">
				<ele>710.25</ele>
				<time>2026-09-10T11:57:26.448Z</time>
			</trkpt>
			<trkpt lat="38.31971" lon="-1.94632">
				<ele>705.47</ele>
				<time>2026-09-10T11:57:30.597Z</time>
			</trkpt>
			<trkpt lat="38.31934" lon="-1.94609">
				<ele>704.04</ele>
				<time>2026-09-10T11:57:33.264Z</time>
			</trkpt>
			<trkpt lat="38.31918" lon="-1.94592">
				<ele>702.32</ele>
				<time>2026-09-10T11:57:34.610Z</time>
			</trkpt>
			<trkpt lat="38.31898" lon="-1.94565">
				<ele>701.33</ele>
				<time>2026-09-10T11:57:36.490Z</time>
			</trkpt>
			<trkpt lat="38.31882" lon="-1.94538">
				<ele>702.46</ele>
				<time>2026-09-10T11:57:38.199Z</time>
			</trkpt>
			<trkpt lat="38.31712" lon="-1.94196">
				<ele>699.58</ele>
				<time>2026-09-10T11:57:58.420Z</time>
			</trkpt>
			<trkpt lat="38.31688" lon="-1.94157">
				<ele>698.36</ele>
				<time>2026-09-10T11:58:00.866Z</time>
			</trkpt>
			<trkpt lat="38.31552" lon="-1.93983">
				<ele>691.46</ele>
				<time>2026-09-10T11:58:12.896Z</time>
			</trkpt>
			<trkpt lat="38.31541" lon="-1.93963">
				<ele>690.83</ele>
				<time>2026-09-10T11:58:14.084Z</time>
			</trkpt>
			<trkpt lat="38.31526" lon="-1.93924">
				<ele>688.64</ele>
				<time>2026-09-10T11:58:16.192Z</time>
			</trkpt>
			<trkpt lat="38.31518" lon="-1.93882">
				<ele>688.68</ele>
				<time>2026-09-10T11:58:18.286Z</time>
			</trkpt>
			<trkpt lat="38.3152" lon="-1.93798">
				<ele>696.82</ele>
				<time>2026-09-10T11:58:22.344Z</time>
			</trkpt>
			<trkpt lat="38.31517" lon="-1.93764">
				<ele>696.72</ele>
				<time>2026-09-10T11:58:23.992Z</time>
			</trkpt>
			<trkpt lat="38.31511" lon="-1.93732">
				<ele>696</ele>
				<time>2026-09-10T11:58:25.573Z</time>
			</trkpt>
			<trkpt lat="38.31503" lon="-1.93702">
				<ele>695.84</ele>
				<time>2026-09-10T11:58:27.093Z</time>
			</trkpt>
			<trkpt lat="38.31485" lon="-1.93662">
				<ele>697.79</ele>
				<time>2026-09-10T11:58:29.301Z</time>
			</trkpt>
			<trkpt lat="38.31421" lon="-1.93573">
				<ele>709.11</ele>
				<time>2026-09-10T11:58:35.058Z</time>
			</trkpt>
			<trkpt lat="38.31406" lon="-1.93548">
				<ele>708.6</ele>
				<time>2026-09-10T11:58:36.554Z</time>
			</trkpt>
			<trkpt lat="38.31393" lon="-1.93522">
				<ele>705.98</ele>
				<time>2026-09-10T11:58:38.016Z</time>
			</trkpt>
			<trkpt lat="38.31359" lon="-1.93424">
				<ele>713.55</ele>
				<time>2026-09-10T11:58:43.081Z</time>
			</trkpt>
			<trkpt lat="38.31342" lon="-1.93379">
				<ele>710.36</ele>
				<time>2026-09-10T11:58:45.432Z</time>
			</trkpt>
			<trkpt lat="38.31325" lon="-1.93345">
				<ele>708.01</ele>
				<time>2026-09-10T11:58:47.326Z</time>
			</trkpt>
			<trkpt lat="38.31305" lon="-1.93314">
				<ele>707.88</ele>
				<time>2026-09-10T11:58:49.208Z</time>
			</trkpt>
			<trkpt lat="38.31165" lon="-1.93115">
				<ele>712.78</ele>
				<time>2026-09-10T11:59:01.645Z</time>
			</trkpt>
			<trkpt lat="38.31135" lon="-1.93066">
				<ele>713.4</ele>
				<time>2026-09-10T11:59:04.514Z</time>
			</trkpt>
			<trkpt lat="38.31126" lon="-1.93048">
				<ele>713.3</ele>
				<time>2026-09-10T11:59:05.497Z</time>
			</trkpt>
			<trkpt lat="38.31104" lon="-1.92987">
				<ele>712.72</ele>
				<time>2026-09-10T11:59:08.584Z</time>
			</trkpt>
			<trkpt lat="38.31088" lon="-1.92913">
				<ele>713.19</ele>
				<time>2026-09-10T11:59:12.100Z</time>
			</trkpt>
			<trkpt lat="38.30891" lon="-1.9178">
				<ele>689.29</ele>
				<time>2026-09-10T12:00:03.756Z</time>
			</trkpt>
			<trkpt lat="38.30875" lon="-1.91708">
				<ele>689.48</ele>
				<time>2026-09-10T12:00:06.995Z</time>
			</trkpt>
			<trkpt lat="38.30853" lon="-1.91642">
				<ele>684.85</ele>
				<time>2026-09-10T12:00:10.089Z</time>
			</trkpt>
			<trkpt lat="38.30725" lon="-1.91307">
				<ele>682.84</ele>
				<time>2026-09-10T12:00:26.014Z</time>
			</trkpt>
			<trkpt lat="38.307" lon="-1.91236">
				<ele>685</ele>
				<time>2026-09-10T12:00:29.308Z</time>
			</trkpt>
			<trkpt lat="38.30688" lon="-1.91186">
				<ele>684.79</ele>
				<time>2026-09-10T12:00:31.516Z</time>
			</trkpt>
			<trkpt lat="38.30678" lon="-1.91099">
				<ele>684</ele>
				<time>2026-09-10T12:00:35.218Z</time>
			</trkpt>
			<trkpt lat="38.30597" lon="-1.90353">
				<ele>666.62</ele>
				<time>2026-09-10T12:01:06.398Z</time>
			</trkpt>
			<trkpt lat="38.30586" lon="-1.90266">
				<ele>669.42</ele>
				<time>2026-09-10T12:01:09.988Z</time>
			</trkpt>
			<trkpt lat="38.3057" lon="-1.90196">
				<ele>668.03</ele>
				<time>2026-09-10T12:01:12.949Z</time>
			</trkpt>
			<trkpt lat="38.30463" lon="-1.89811">
				<ele>656.31</ele>
				<time>2026-09-10T12:01:29.394Z</time>
			</trkpt>
			<trkpt lat="38.30457" lon="-1.89768">
				<ele>656.06</ele>
				<time>2026-09-10T12:01:31.139Z</time>
			</trkpt>
			<trkpt lat="38.30455" lon="-1.89735">
				<ele>656.09</ele>
				<time>2026-09-10T12:01:32.459Z</time>
			</trkpt>
			<trkpt lat="38.30455" lon="-1.89703">
				<ele>655.3</ele>
				<time>2026-09-10T12:01:33.734Z</time>
			</trkpt>
			<trkpt lat="38.30458" lon="-1.89673">
				<ele>655.4</ele>
				<time>2026-09-10T12:01:34.938Z</time>
			</trkpt>
			<trkpt lat="38.30472" lon="-1.89579">
				<ele>658.16</ele>
				<time>2026-09-10T12:01:38.739Z</time>
			</trkpt>
			<trkpt lat="38.30475" lon="-1.89547">
				<ele>658.69</ele>
				<time>2026-09-10T12:01:40.016Z</time>
			</trkpt>
			<trkpt lat="38.30474" lon="-1.89511">
				<ele>658.1</ele>
				<time>2026-09-10T12:01:41.442Z</time>
			</trkpt>
			<trkpt lat="38.3047" lon="-1.89485">
				<ele>657.61</ele>
				<time>2026-09-10T12:01:42.490Z</time>
			</trkpt>
			<trkpt lat="38.30461" lon="-1.89447">
				<ele>657.21</ele>
				<time>2026-09-10T12:01:44.058Z</time>
			</trkpt>
			<trkpt lat="38.30376" lon="-1.89181">
				<ele>658</ele>
				<time>2026-09-10T12:01:55.345Z</time>
			</trkpt>
			<trkpt lat="38.29972" lon="-1.87927">
				<ele>649.7</ele>
				<time>2026-09-10T12:02:47.361Z</time>
			</trkpt>
			<trkpt lat="38.29738" lon="-1.87189">
				<ele>630.12</ele>
				<time>2026-09-10T12:03:17.110Z</time>
			</trkpt>
			<trkpt lat="38.29714" lon="-1.87125">
				<ele>628.29</ele>
				<time>2026-09-10T12:03:19.738Z</time>
			</trkpt>
			<trkpt lat="38.29686" lon="-1.87067">
				<ele>627.11</ele>
				<time>2026-09-10T12:03:22.258Z</time>
			</trkpt>
			<trkpt lat="38.29646" lon="-1.8699">
				<ele>622.76</ele>
				<time>2026-09-10T12:03:25.671Z</time>
			</trkpt>
			<trkpt lat="38.29612" lon="-1.86935">
				<ele>620.59</ele>
				<time>2026-09-10T12:03:28.255Z</time>
			</trkpt>
			<trkpt lat="38.29583" lon="-1.86892">
				<ele>619.08</ele>
				<time>2026-09-10T12:03:30.345Z</time>
			</trkpt>
			<trkpt lat="38.29552" lon="-1.86852">
				<ele>617.64</ele>
				<time>2026-09-10T12:03:32.416Z</time>
			</trkpt>
			<trkpt lat="38.29483" lon="-1.86754">
				<ele>615.88</ele>
				<time>2026-09-10T12:03:37.258Z</time>
			</trkpt>
			<trkpt lat="38.29094" lon="-1.86024">
				<ele>600.83</ele>
				<time>2026-09-10T12:04:09.497Z</time>
			</trkpt>
			<trkpt lat="38.29071" lon="-1.85991">
				<ele>602.07</ele>
				<time>2026-09-10T12:04:11.101Z</time>
			</trkpt>
			<trkpt lat="38.29046" lon="-1.85965">
				<ele>601.61</ele>
				<time>2026-09-10T12:04:12.596Z</time>
			</trkpt>
			<trkpt lat="38.29023" lon="-1.85946">
				<ele>599.96</ele>
				<time>2026-09-10T12:04:13.864Z</time>
			</trkpt>
			<trkpt lat="38.28997" lon="-1.85931">
				<ele>598.07</ele>
				<time>2026-09-10T12:04:15.185Z</time>
			</trkpt>
			<trkpt lat="38.2897" lon="-1.8592">
				<ele>597.24</ele>
				<time>2026-09-10T12:04:16.497Z</time>
			</trkpt>
			<trkpt lat="38.28822" lon="-1.85869">
				<ele>597.77</ele>
				<time>2026-09-10T12:04:23.583Z</time>
			</trkpt>
			<trkpt lat="38.28792" lon="-1.85846">
				<ele>599.15</ele>
				<time>2026-09-10T12:04:25.201Z</time>
			</trkpt>
			<trkpt lat="38.2868" lon="-1.85661">
				<ele>593.54</ele>
				<time>2026-09-10T12:04:33.664Z</time>
			</trkpt>
			<trkpt lat="38.28566" lon="-1.85456">
				<ele>587.53</ele>
				<time>2026-09-10T12:04:42.755Z</time>
			</trkpt>
			<trkpt lat="38.28344" lon="-1.85071">
				<ele>575.32</ele>
				<time>2026-09-10T12:05:00.030Z</time>
			</trkpt>
			<trkpt lat="38.28003" lon="-1.84492">
				<ele>551.67</ele>
				<time>2026-09-10T12:05:26.224Z</time>
			</trkpt>
			<trkpt lat="38.27892" lon="-1.84292">
				<ele>543.94</ele>
				<time>2026-09-10T12:05:35.108Z</time>
			</trkpt>
			<trkpt lat="38.27873" lon="-1.8427">
				<ele>543.86</ele>
				<time>2026-09-10T12:05:36.296Z</time>
			</trkpt>
			<trkpt lat="38.27854" lon="-1.84252">
				<ele>543.56</ele>
				<time>2026-09-10T12:05:37.391Z</time>
			</trkpt>
			<trkpt lat="38.27835" lon="-1.84241">
				<ele>542.15</ele>
				<time>2026-09-10T12:05:38.357Z</time>
			</trkpt>
			<trkpt lat="38.27816" lon="-1.84236">
				<ele>541.07</ele>
				<time>2026-09-10T12:05:39.255Z</time>
			</trkpt>
			<trkpt lat="38.27758" lon="-1.84232">
				<ele>538.8</ele>
				<time>2026-09-10T12:05:41.944Z</time>
			</trkpt>
			<trkpt lat="38.27729" lon="-1.84228">
				<ele>541.74</ele>
				<time>2026-09-10T12:05:43.295Z</time>
			</trkpt>
			<trkpt lat="38.2771" lon="-1.84215">
				<ele>544</ele>
				<time>2026-09-10T12:05:44.294Z</time>
			</trkpt>
			<trkpt lat="38.27689" lon="-1.84184">
				<ele>544.31</ele>
				<time>2026-09-10T12:05:45.784Z</time>
			</trkpt>
			<trkpt lat="38.27627" lon="-1.84005">
				<ele>536.15</ele>
				<time>2026-09-10T12:05:52.911Z</time>
			</trkpt>
			<trkpt lat="38.27541" lon="-1.83785">
				<ele>533.49</ele>
				<time>2026-09-10T12:06:01.885Z</time>
			</trkpt>
			<trkpt lat="38.27376" lon="-1.83343">
				<ele>524.05</ele>
				<time>2026-09-10T12:06:19.840Z</time>
			</trkpt>
			<trkpt lat="38.273" lon="-1.83127">
				<ele>525.66</ele>
				<time>2026-09-10T12:06:28.572Z</time>
			</trkpt>
			<trkpt lat="38.27214" lon="-1.82912">
				<ele>523.68</ele>
				<time>2026-09-10T12:06:37.510Z</time>
			</trkpt>
			<trkpt lat="38.27143" lon="-1.82703">
				<ele>519.96</ele>
				<time>2026-09-10T12:06:45.982Z</time>
			</trkpt>
			<trkpt lat="38.27106" lon="-1.82616">
				<ele>516.71</ele>
				<time>2026-09-10T12:06:49.675Z</time>
			</trkpt>
			<trkpt lat="38.26923" lon="-1.82409">
				<ele>517.97</ele>
				<time>2026-09-10T12:07:01.362Z</time>
			</trkpt>
			<trkpt lat="38.26866" lon="-1.82342">
				<ele>521.07</ele>
				<time>2026-09-10T12:07:05.082Z</time>
			</trkpt>
			<trkpt lat="38.2685" lon="-1.82316">
				<ele>521.44</ele>
				<time>2026-09-10T12:07:06.328Z</time>
			</trkpt>
			<trkpt lat="38.26829" lon="-1.82268">
				<ele>523.14</ele>
				<time>2026-09-10T12:07:08.403Z</time>
			</trkpt>
			<trkpt lat="38.26799" lon="-1.82193">
				<ele>524.61</ele>
				<time>2026-09-10T12:07:11.587Z</time>
			</trkpt>
			<trkpt lat="38.26791" lon="-1.82161">
				<ele>525.77</ele>
				<time>2026-09-10T12:07:12.859Z</time>
			</trkpt>
			<trkpt lat="38.26782" lon="-1.82105">
				<ele>529.55</ele>
				<time>2026-09-10T12:07:15.026Z</time>
			</trkpt>
			<trkpt lat="38.26774" lon="-1.8207">
				<ele>527.73</ele>
				<time>2026-09-10T12:07:16.410Z</time>
			</trkpt>
			<trkpt lat="38.26765" lon="-1.82044">
				<ele>525.58</ele>
				<time>2026-09-10T12:07:17.489Z</time>
			</trkpt>
			<trkpt lat="38.26743" lon="-1.82011">
				<ele>524.44</ele>
				<time>2026-09-10T12:07:19.136Z</time>
			</trkpt>
			<trkpt lat="38.26632" lon="-1.81874">
				<ele>524.97</ele>
				<time>2026-09-10T12:07:26.645Z</time>
			</trkpt>
			<trkpt lat="38.26561" lon="-1.81775">
				<ele>525.88</ele>
				<time>2026-09-10T12:07:31.782Z</time>
			</trkpt>
			<trkpt lat="38.26531" lon="-1.81665">
				<ele>521.05</ele>
				<time>2026-09-10T12:07:36.259Z</time>
			</trkpt>
			<trkpt lat="38.26427" lon="-1.81566">
				<ele>518.4</ele>
				<time>2026-09-10T12:07:42.642Z</time>
			</trkpt>
			<trkpt lat="38.26401" lon="-1.81496">
				<ele>517.05</ele>
				<time>2026-09-10T12:07:45.642Z</time>
			</trkpt>
			<trkpt lat="38.26379" lon="-1.81386">
				<ele>513.54</ele>
				<time>2026-09-10T12:07:50.051Z</time>
			</trkpt>
			<trkpt lat="38.26291" lon="-1.81165">
				<ele>507.25</ele>
				<time>2026-09-10T12:07:59.730Z</time>
			</trkpt>
			<trkpt lat="38.26167" lon="-1.81">
				<ele>501.83</ele>
				<time>2026-09-10T12:08:08.718Z</time>
			</trkpt>
			<trkpt lat="38.26142" lon="-1.80964">
				<ele>498.42</ele>
				<time>2026-09-10T12:08:10.618Z</time>
			</trkpt>
			<trkpt lat="38.26123" lon="-1.80922">
				<ele>498.21</ele>
				<time>2026-09-10T12:08:12.537Z</time>
			</trkpt>
			<trkpt lat="38.26099" lon="-1.80826">
				<ele>497.9</ele>
				<time>2026-09-10T12:08:16.536Z</time>
			</trkpt>
			<trkpt lat="38.26082" lon="-1.80789">
				<ele>498.42</ele>
				<time>2026-09-10T12:08:18.242Z</time>
			</trkpt>
			<trkpt lat="38.26077" lon="-1.80779">
				<ele>498.47</ele>
				<time>2026-09-10T12:08:18.714Z</time>
			</trkpt>
			<trkpt lat="38.2606" lon="-1.80757">
				<ele>497.63</ele>
				<time>2026-09-10T12:08:19.944Z</time>
			</trkpt>
			<trkpt lat="38.26023" lon="-1.80717">
				<ele>491.84</ele>
				<time>2026-09-10T12:08:22.412Z</time>
			</trkpt>
			<trkpt lat="38.26003" lon="-1.80689">
				<ele>489.26</ele>
				<time>2026-09-10T12:08:23.925Z</time>
			</trkpt>
			<trkpt lat="38.25996" lon="-1.80674">
				<ele>487.87</ele>
				<time>2026-09-10T12:08:24.624Z</time>
			</trkpt>
			<trkpt lat="38.25991" lon="-1.80661">
				<ele>486.46</ele>
				<time>2026-09-10T12:08:25.203Z</time>
			</trkpt>
			<trkpt lat="38.25983" lon="-1.80634">
				<ele>483.79</ele>
				<time>2026-09-10T12:08:26.360Z</time>
			</trkpt>
			<trkpt lat="38.25979" lon="-1.8059">
				<ele>479.97</ele>
				<time>2026-09-10T12:08:28.138Z</time>
			</trkpt>
			<trkpt lat="38.25974" lon="-1.80525">
				<ele>478.9</ele>
				<time>2026-09-10T12:08:30.764Z</time>
			</trkpt>
			<trkpt lat="38.25967" lon="-1.80491">
				<ele>478.95</ele>
				<time>2026-09-10T12:08:32.179Z</time>
			</trkpt>
			<trkpt lat="38.25961" lon="-1.80474">
				<ele>478.42</ele>
				<time>2026-09-10T12:08:32.931Z</time>
			</trkpt>
			<trkpt lat="38.25948" lon="-1.80445">
				<ele>476.18</ele>
				<time>2026-09-10T12:08:34.278Z</time>
			</trkpt>
			<trkpt lat="38.25939" lon="-1.80431">
				<ele>474.37</ele>
				<time>2026-09-10T12:08:35.009Z</time>
			</trkpt>
			<trkpt lat="38.25923" lon="-1.8041">
				<ele>474.19</ele>
				<time>2026-09-10T12:08:36.192Z</time>
			</trkpt>
			<trkpt lat="38.25893" lon="-1.80387">
				<ele>477.9</ele>
				<time>2026-09-10T12:08:37.997Z</time>
			</trkpt>
			<trkpt lat="38.25874" lon="-1.80377">
				<ele>479.52</ele>
				<time>2026-09-10T12:08:39.059Z</time>
			</trkpt>
			<trkpt lat="38.25852" lon="-1.80369">
				<ele>480.29</ele>
				<time>2026-09-10T12:08:40.241Z</time>
			</trkpt>
			<trkpt lat="38.25779" lon="-1.80349">
				<ele>481.09</ele>
				<time>2026-09-10T12:08:44.108Z</time>
			</trkpt>
			<trkpt lat="38.25757" lon="-1.8034">
				<ele>481.73</ele>
				<time>2026-09-10T12:08:45.308Z</time>
			</trkpt>
			<trkpt lat="38.2574" lon="-1.80329">
				<ele>483.07</ele>
				<time>2026-09-10T12:08:46.299Z</time>
			</trkpt>
			<trkpt lat="38.25725" lon="-1.80316">
				<ele>484.41</ele>
				<time>2026-09-10T12:08:47.242Z</time>
			</trkpt>
			<trkpt lat="38.25704" lon="-1.80295">
				<ele>486.82</ele>
				<time>2026-09-10T12:08:48.632Z</time>
			</trkpt>
			<trkpt lat="38.25687" lon="-1.80271">
				<ele>489.66</ele>
				<time>2026-09-10T12:08:49.955Z</time>
			</trkpt>
			<trkpt lat="38.25681" lon="-1.80256">
				<ele>489.85</ele>
				<time>2026-09-10T12:08:50.645Z</time>
			</trkpt>
			<trkpt lat="38.25634" lon="-1.8017">
				<ele>487.86</ele>
				<time>2026-09-10T12:08:54.948Z</time>
			</trkpt>
			<trkpt lat="38.25614" lon="-1.80145">
				<ele>490.92</ele>
				<time>2026-09-10T12:08:56.418Z</time>
			</trkpt>
			<trkpt lat="38.25596" lon="-1.80128">
				<ele>494.14</ele>
				<time>2026-09-10T12:08:57.595Z</time>
			</trkpt>
			<trkpt lat="38.25587" lon="-1.80123">
				<ele>496.37</ele>
				<time>2026-09-10T12:08:58.110Z</time>
			</trkpt>
			<trkpt lat="38.25569" lon="-1.80117">
				<ele>500.27</ele>
				<time>2026-09-10T12:08:59.089Z</time>
			</trkpt>
			<trkpt lat="38.25536" lon="-1.80113">
				<ele>506.02</ele>
				<time>2026-09-10T12:09:00.834Z</time>
			</trkpt>
			<trkpt lat="38.25511" lon="-1.8012">
				<ele>508.7</ele>
				<time>2026-09-10T12:09:02.184Z</time>
			</trkpt>
			<trkpt lat="38.25488" lon="-1.80136">
				<ele>507.48</ele>
				<time>2026-09-10T12:09:03.568Z</time>
			</trkpt>
			<trkpt lat="38.25466" lon="-1.80161">
				<ele>501.83</ele>
				<time>2026-09-10T12:09:05.126Z</time>
			</trkpt>
			<trkpt lat="38.25395" lon="-1.80268">
				<ele>490.48</ele>
				<time>2026-09-10T12:09:10.920Z</time>
			</trkpt>
			<trkpt lat="38.25371" lon="-1.80303">
				<ele>487.19</ele>
				<time>2026-09-10T12:09:12.834Z</time>
			</trkpt>
			<trkpt lat="38.25355" lon="-1.80324">
				<ele>484.07</ele>
				<time>2026-09-10T12:09:14.037Z</time>
			</trkpt>
			<trkpt lat="38.25321" lon="-1.8036">
				<ele>477.65</ele>
				<time>2026-09-10T12:09:16.347Z</time>
			</trkpt>
			<trkpt lat="38.2527" lon="-1.80409">
				<ele>477.2</ele>
				<time>2026-09-10T12:09:19.675Z</time>
			</trkpt>
			<trkpt lat="38.25249" lon="-1.80435">
				<ele>480.28</ele>
				<time>2026-09-10T12:09:21.197Z</time>
			</trkpt>
			<trkpt lat="38.25219" lon="-1.8048">
				<ele>487.54</ele>
				<time>2026-09-10T12:09:23.600Z</time>
			</trkpt>
			<trkpt lat="38.25185" lon="-1.80557">
				<ele>477.67</ele>
				<time>2026-09-10T12:09:27.186Z</time>
			</trkpt>
			<trkpt lat="38.25165" lon="-1.8059">
				<ele>475.09</ele>
				<time>2026-09-10T12:09:28.873Z</time>
			</trkpt>
			<trkpt lat="38.25151" lon="-1.80609">
				<ele>473.79</ele>
				<time>2026-09-10T12:09:29.926Z</time>
			</trkpt>
			<trkpt lat="38.25137" lon="-1.80627">
				<ele>472.97</ele>
				<time>2026-09-10T12:09:30.949Z</time>
			</trkpt>
			<trkpt lat="38.25116" lon="-1.80647">
				<ele>472.76</ele>
				<time>2026-09-10T12:09:32.296Z</time>
			</trkpt>
			<trkpt lat="38.25002" lon="-1.8075">
				<ele>475.77</ele>
				<time>2026-09-10T12:09:39.444Z</time>
			</trkpt>
			<trkpt lat="38.24959" lon="-1.80798">
				<ele>477.49</ele>
				<time>2026-09-10T12:09:42.354Z</time>
			</trkpt>
			<trkpt lat="38.24893" lon="-1.80902">
				<ele>478.16</ele>
				<time>2026-09-10T12:09:47.677Z</time>
			</trkpt>
			<trkpt lat="38.24644" lon="-1.81277">
				<ele>489.42</ele>
				<time>2026-09-10T12:10:07.018Z</time>
			</trkpt>
			<trkpt lat="38.24582" lon="-1.81373">
				<ele>493.17</ele>
				<time>2026-09-10T12:10:11.866Z</time>
			</trkpt>
			<trkpt lat="38.24517" lon="-1.81497">
				<ele>491.92</ele>
				<time>2026-09-10T12:10:17.658Z</time>
			</trkpt>
			<trkpt lat="38.24501" lon="-1.81524">
				<ele>492.83</ele>
				<time>2026-09-10T12:10:18.969Z</time>
			</trkpt>
			<trkpt lat="38.24478" lon="-1.81551">
				<ele>493.15</ele>
				<time>2026-09-10T12:10:20.511Z</time>
			</trkpt>
			<trkpt lat="38.2446" lon="-1.81569">
				<ele>493.66</ele>
				<time>2026-09-10T12:10:21.639Z</time>
			</trkpt>
			<trkpt lat="38.24423" lon="-1.81598">
				<ele>493.84</ele>
				<time>2026-09-10T12:10:23.776Z</time>
			</trkpt>
			<trkpt lat="38.24026" lon="-1.81873">
				<ele>483.42</ele>
				<time>2026-09-10T12:10:45.856Z</time>
			</trkpt>
			<trkpt lat="38.23872" lon="-1.81982">
				<ele>481.41</ele>
				<time>2026-09-10T12:10:54.399Z</time>
			</trkpt>
			<trkpt lat="38.23787" lon="-1.82039">
				<ele>481</ele>
				<time>2026-09-10T12:10:59.045Z</time>
			</trkpt>
			<trkpt lat="38.23453" lon="-1.8227">
				<ele>472</ele>
				<time>2026-09-10T12:11:17.365Z</time>
			</trkpt>
			<trkpt lat="38.23027" lon="-1.82568">
				<ele>466</ele>
				<time>2026-09-10T12:11:40.721Z</time>
			</trkpt>
			<trkpt lat="38.22631" lon="-1.82848">
				<ele>464.25</ele>
				<time>2026-09-10T12:12:02.514Z</time>
			</trkpt>
			<trkpt lat="38.22317" lon="-1.83176">
				<ele>456.64</ele>
				<time>2026-09-10T12:12:22.160Z</time>
			</trkpt>
			<trkpt lat="38.22172" lon="-1.83335">
				<ele>455.28</ele>
				<time>2026-09-10T12:12:31.472Z</time>
			</trkpt>
			<trkpt lat="38.21876" lon="-1.83644">
				<ele>464.31</ele>
				<time>2026-09-10T12:12:50.243Z</time>
			</trkpt>
			<trkpt lat="38.21444" lon="-1.8412">
				<ele>476.99</ele>
				<time>2026-09-10T12:13:18.731Z</time>
			</trkpt>
			<trkpt lat="38.21201" lon="-1.84498">
				<ele>470</ele>
				<time>2026-09-10T12:13:38.265Z</time>
			</trkpt>
			<trkpt lat="38.21083" lon="-1.84693">
				<ele>466.03</ele>
				<time>2026-09-10T12:13:48.255Z</time>
			</trkpt>
			<trkpt lat="38.21051" lon="-1.84743">
				<ele>460.79</ele>
				<time>2026-09-10T12:13:50.890Z</time>
			</trkpt>
			<trkpt lat="38.21022" lon="-1.84758">
				<ele>457.8</ele>
				<time>2026-09-10T12:13:52.522Z</time>
			</trkpt>
			<trkpt lat="38.20956" lon="-1.84771">
				<ele>458.02</ele>
				<time>2026-09-10T12:13:56.012Z</time>
			</trkpt>
			<trkpt lat="38.20941" lon="-1.84777">
				<ele>458.29</ele>
				<time>2026-09-10T12:13:56.836Z</time>
			</trkpt>
			<trkpt lat="38.20926" lon="-1.8479">
				<ele>459.88</ele>
				<time>2026-09-10T12:13:57.788Z</time>
			</trkpt>
			<trkpt lat="38.20919" lon="-1.84806">
				<ele>460.66</ele>
				<time>2026-09-10T12:13:58.543Z</time>
			</trkpt>
			<trkpt lat="38.20914" lon="-1.84824">
				<ele>461.43</ele>
				<time>2026-09-10T12:13:59.331Z</time>
			</trkpt>
			<trkpt lat="38.20906" lon="-1.84896">
				<ele>463.27</ele>
				<time>2026-09-10T12:14:02.340Z</time>
			</trkpt>
			<trkpt lat="38.20897" lon="-1.84927">
				<ele>464.26</ele>
				<time>2026-09-10T12:14:03.710Z</time>
			</trkpt>
			<trkpt lat="38.20886" lon="-1.84944">
				<ele>465.13</ele>
				<time>2026-09-10T12:14:04.625Z</time>
			</trkpt>
			<trkpt lat="38.2076" lon="-1.85098">
				<ele>475.72</ele>
				<time>2026-09-10T12:14:13.913Z</time>
			</trkpt>
			<trkpt lat="38.20735" lon="-1.85124">
				<ele>479.84</ele>
				<time>2026-09-10T12:14:15.640Z</time>
			</trkpt>
			<trkpt lat="38.2072" lon="-1.85137">
				<ele>481.13</ele>
				<time>2026-09-10T12:14:16.613Z</time>
			</trkpt>
			<trkpt lat="38.20594" lon="-1.85197">
				<ele>486.72</ele>
				<time>2026-09-10T12:14:23.859Z</time>
			</trkpt>
			<trkpt lat="38.20569" lon="-1.85206">
				<ele>487.92</ele>
				<time>2026-09-10T12:14:25.266Z</time>
			</trkpt>
			<trkpt lat="38.20498" lon="-1.85224">
				<ele>490.97</ele>
				<time>2026-09-10T12:14:29.199Z</time>
			</trkpt>
			<trkpt lat="38.20479" lon="-1.85232">
				<ele>491.42</ele>
				<time>2026-09-10T12:14:30.289Z</time>
			</trkpt>
			<trkpt lat="38.20462" lon="-1.85242">
				<ele>491.66</ele>
				<time>2026-09-10T12:14:31.311Z</time>
			</trkpt>
			<trkpt lat="38.19382" lon="-1.86052">
				<ele>530.46</ele>
				<time>2026-09-10T12:15:43.046Z</time>
			</trkpt>
			<trkpt lat="38.19375" lon="-1.86054">
				<ele>530.96</ele>
				<time>2026-09-10T12:15:43.477Z</time>
			</trkpt>
			<trkpt lat="38.19353" lon="-1.86052">
				<ele>532.26</ele>
				<time>2026-09-10T12:15:44.805Z</time>
			</trkpt>
			<trkpt lat="38.19321" lon="-1.86038">
				<ele>533</ele>
				<time>2026-09-10T12:15:46.848Z</time>
			</trkpt>
			<trkpt lat="38.19318" lon="-1.86039">
				<ele>533</ele>
				<time>2026-09-10T12:15:47.035Z</time>
			</trkpt>
			<trkpt lat="38.19305" lon="-1.86034">
				<ele>533</ele>
				<time>2026-09-10T12:15:47.857Z</time>
			</trkpt>
			<trkpt lat="38.19297" lon="-1.86042">
				<ele>533</ele>
				<time>2026-09-10T12:15:48.473Z</time>
			</trkpt>
			<trkpt lat="38.19244" lon="-1.86205">
				<ele>538.35</ele>
				<time>2026-09-10T12:15:56.921Z</time>
			</trkpt>
			<trkpt lat="38.19214" lon="-1.86372">
				<ele>542</ele>
				<time>2026-09-10T12:16:05.223Z</time>
			</trkpt>
			<trkpt lat="38.19211" lon="-1.86395">
				<ele>542.3</ele>
				<time>2026-09-10T12:16:06.361Z</time>
			</trkpt>
			<trkpt lat="38.1921" lon="-1.86422">
				<ele>544.09</ele>
				<time>2026-09-10T12:16:07.682Z</time>
			</trkpt>
			<trkpt lat="38.19212" lon="-1.86475">
				<ele>548.7</ele>
				<time>2026-09-10T12:16:10.282Z</time>
			</trkpt>
			<trkpt lat="38.19217" lon="-1.86536">
				<ele>549.67</ele>
				<time>2026-09-10T12:16:13.300Z</time>
			</trkpt>
			<trkpt lat="38.1924" lon="-1.86738">
				<ele>557.27</ele>
				<time>2026-09-10T12:16:23.051Z</time>
			</trkpt>
			<trkpt lat="38.19251" lon="-1.86855">
				<ele>562.75</ele>
				<time>2026-09-10T12:16:28.003Z</time>
			</trkpt>
			<trkpt lat="38.19264" lon="-1.8712">
				<ele>573.98</ele>
				<time>2026-09-10T12:16:37.596Z</time>
			</trkpt>
			<trkpt lat="38.19264" lon="-1.87156">
				<ele>574.26</ele>
				<time>2026-09-10T12:16:38.765Z</time>
			</trkpt>
			<trkpt lat="38.19259" lon="-1.87196">
				<ele>576.35</ele>
				<time>2026-09-10T12:16:40.051Z</time>
			</trkpt>
			<trkpt lat="38.1922" lon="-1.87358">
				<ele>578.05</ele>
				<time>2026-09-10T12:16:45.162Z</time>
			</trkpt>
			<trkpt lat="38.19216" lon="-1.87383">
				<ele>578.8</ele>
				<time>2026-09-10T12:16:45.903Z</time>
			</trkpt>
			<trkpt lat="38.19209" lon="-1.87446">
				<ele>580.15</ele>
				<time>2026-09-10T12:16:47.731Z</time>
			</trkpt>
			<trkpt lat="38.19191" lon="-1.87792">
				<ele>586.44</ele>
				<time>2026-09-10T12:16:57.646Z</time>
			</trkpt>
			<trkpt lat="38.19187" lon="-1.87825">
				<ele>587.53</ele>
				<time>2026-09-10T12:16:58.641Z</time>
			</trkpt>
			<trkpt lat="38.19181" lon="-1.87854">
				<ele>587.07</ele>
				<time>2026-09-10T12:16:59.546Z</time>
			</trkpt>
			<trkpt lat="38.1917" lon="-1.87887">
				<ele>586.15</ele>
				<time>2026-09-10T12:17:00.645Z</time>
			</trkpt>
			<trkpt lat="38.19141" lon="-1.87956">
				<ele>586.48</ele>
				<time>2026-09-10T12:17:03.117Z</time>
			</trkpt>
			<trkpt lat="38.18931" lon="-1.8842">
				<ele>597.58</ele>
				<time>2026-09-10T12:17:24.391Z</time>
			</trkpt>
			<trkpt lat="38.18857" lon="-1.88581">
				<ele>606</ele>
				<time>2026-09-10T12:17:34.426Z</time>
			</trkpt>
			<trkpt lat="38.18818" lon="-1.88672">
				<ele>610.16</ele>
				<time>2026-09-10T12:17:40.781Z</time>
			</trkpt>
			<trkpt lat="38.18766" lon="-1.88787">
				<ele>615.9</ele>
				<time>2026-09-10T12:17:49.832Z</time>
			</trkpt>
			<trkpt lat="38.18752" lon="-1.88822">
				<ele>618.31</ele>
				<time>2026-09-10T12:17:52.723Z</time>
			</trkpt>
			<trkpt lat="38.18748" lon="-1.88837">
				<ele>620.35</ele>
				<time>2026-09-10T12:17:53.918Z</time>
			</trkpt>
			<trkpt lat="38.18744" lon="-1.88863">
				<ele>623.69</ele>
				<time>2026-09-10T12:17:55.953Z</time>
			</trkpt>
			<trkpt lat="38.18744" lon="-1.88876">
				<ele>624.16</ele>
				<time>2026-09-10T12:17:56.969Z</time>
			</trkpt>
			<trkpt lat="38.1875" lon="-1.88894">
				<ele>625</ele>
				<time>2026-09-10T12:17:58.519Z</time>
			</trkpt>
			<trkpt lat="38.18758" lon="-1.8891">
				<ele>625.23</ele>
				<time>2026-09-10T12:18:00.048Z</time>
			</trkpt>
			<trkpt lat="38.18829" lon="-1.89015">
				<ele>631.61</ele>
				<time>2026-09-10T12:18:12.003Z</time>
			</trkpt>
			<trkpt lat="38.18833" lon="-1.89022">
				<ele>632.36</ele>
				<time>2026-09-10T12:18:12.797Z</time>
			</trkpt>
			<trkpt lat="38.18833" lon="-1.8903">
				<ele>633.16</ele>
				<time>2026-09-10T12:18:13.537Z</time>
			</trkpt>
			<trkpt lat="38.18857" lon="-1.89075">
				<ele>639.4</ele>
				<time>2026-09-10T12:18:18.697Z</time>
			</trkpt>
			<trkpt lat="38.18842" lon="-1.89076">
				<ele>638.37</ele>
				<time>2026-09-10T12:18:20.567Z</time>
			</trkpt>
			<trkpt lat="38.18772" lon="-1.89082">
				<ele>635.6</ele>
				<time>2026-09-10T12:18:29.695Z</time>
			</trkpt>
			<trkpt lat="38.1877" lon="-1.89043">
				<ele>633.91</ele>
				<time>2026-09-10T12:18:33.904Z</time>
			</trkpt>
			<trkpt lat="38.18821" lon="-1.89039">
				<ele>634.12</ele>
				<time>2026-09-10T12:18:41.200Z</time>
			</trkpt>
			<trkpt lat="38.1883" lon="-1.89035">
				<ele>633.73</ele>
				<time>2026-09-10T12:18:42.603Z</time>
			</trkpt>
			<trkpt lat="38.18833" lon="-1.8903">
				<ele>633.16</ele>
				<time>2026-09-10T12:18:43.336Z</time>
			</trkpt>
			<trkpt lat="38.18833" lon="-1.89022">
				<ele>632.36</ele>
				<time>2026-09-10T12:18:44.273Z</time>
			</trkpt>
			<trkpt lat="38.18829" lon="-1.89015">
				<ele>631.61</ele>
				<time>2026-09-10T12:18:45.294Z</time>
			</trkpt>
			<trkpt lat="38.18758" lon="-1.8891">
				<ele>625.23</ele>
				<time>2026-09-10T12:19:02.581Z</time>
			</trkpt>
			<trkpt lat="38.1875" lon="-1.88894">
				<ele>625</ele>
				<time>2026-09-10T12:19:05.092Z</time>
			</trkpt>
			<trkpt lat="38.18744" lon="-1.88876">
				<ele>624.16</ele>
				<time>2026-09-10T12:19:07.717Z</time>
			</trkpt>
			<trkpt lat="38.18744" lon="-1.88863">
				<ele>623.69</ele>
				<time>2026-09-10T12:19:09.484Z</time>
			</trkpt>
			<trkpt lat="38.18748" lon="-1.88837">
				<ele>620.35</ele>
				<time>2026-09-10T12:19:13.138Z</time>
			</trkpt>
			<trkpt lat="38.18752" lon="-1.88822">
				<ele>618.31</ele>
				<time>2026-09-10T12:19:15.357Z</time>
			</trkpt>
			<trkpt lat="38.18766" lon="-1.88787">
				<ele>615.9</ele>
				<time>2026-09-10T12:19:20.968Z</time>
			</trkpt>
			<trkpt lat="38.18818" lon="-1.88672">
				<ele>610.16</ele>
				<time>2026-09-10T12:20:10.216Z</time>
			</trkpt>
			<trkpt lat="38.18857" lon="-1.88581">
				<ele>606</ele>
				<time>2026-09-10T12:20:24.974Z</time>
			</trkpt>
			<trkpt lat="38.18931" lon="-1.8842">
				<ele>597.58</ele>
				<time>2026-09-10T12:20:42.524Z</time>
			</trkpt>
			<trkpt lat="38.19141" lon="-1.87956">
				<ele>586.48</ele>
				<time>2026-09-10T12:21:26.101Z</time>
			</trkpt>
			<trkpt lat="38.1917" lon="-1.87887">
				<ele>586.15</ele>
				<time>2026-09-10T12:21:31.721Z</time>
			</trkpt>
			<trkpt lat="38.19181" lon="-1.87854">
				<ele>587.07</ele>
				<time>2026-09-10T12:21:34.239Z</time>
			</trkpt>
			<trkpt lat="38.19187" lon="-1.87825">
				<ele>587.53</ele>
				<time>2026-09-10T12:21:36.318Z</time>
			</trkpt>
			<trkpt lat="38.19191" lon="-1.87792">
				<ele>586.44</ele>
				<time>2026-09-10T12:21:38.605Z</time>
			</trkpt>
			<trkpt lat="38.19209" lon="-1.87446">
				<ele>580.15</ele>
				<time>2026-09-10T12:22:00.740Z</time>
			</trkpt>
			<trkpt lat="38.19216" lon="-1.87383">
				<ele>578.8</ele>
				<time>2026-09-10T12:22:04.510Z</time>
			</trkpt>
			<trkpt lat="38.1922" lon="-1.87358">
				<ele>578.05</ele>
				<time>2026-09-10T12:22:05.999Z</time>
			</trkpt>
			<trkpt lat="38.19259" lon="-1.87196">
				<ele>576.35</ele>
				<time>2026-09-10T12:22:15.576Z</time>
			</trkpt>
			<trkpt lat="38.19264" lon="-1.87156">
				<ele>574.26</ele>
				<time>2026-09-10T12:22:17.790Z</time>
			</trkpt>
			<trkpt lat="38.19264" lon="-1.8712">
				<ele>573.98</ele>
				<time>2026-09-10T12:22:19.736Z</time>
			</trkpt>
			<trkpt lat="38.19251" lon="-1.86855">
				<ele>562.75</ele>
				<time>2026-09-10T12:22:33.501Z</time>
			</trkpt>
			<trkpt lat="38.1924" lon="-1.86738">
				<ele>557.27</ele>
				<time>2026-09-10T12:22:39.328Z</time>
			</trkpt>
			<trkpt lat="38.19217" lon="-1.86536">
				<ele>549.67</ele>
				<time>2026-09-10T12:22:49.106Z</time>
			</trkpt>
			<trkpt lat="38.19212" lon="-1.86475">
				<ele>548.7</ele>
				<time>2026-09-10T12:22:51.983Z</time>
			</trkpt>
			<trkpt lat="38.1921" lon="-1.86422">
				<ele>544.09</ele>
				<time>2026-09-10T12:22:54.453Z</time>
			</trkpt>
			<trkpt lat="38.19211" lon="-1.86395">
				<ele>542.3</ele>
				<time>2026-09-10T12:22:55.706Z</time>
			</trkpt>
			<trkpt lat="38.19214" lon="-1.86372">
				<ele>542</ele>
				<time>2026-09-10T12:22:56.784Z</time>
			</trkpt>
			<trkpt lat="38.19244" lon="-1.86205">
				<ele>538.35</ele>
				<time>2026-09-10T12:23:04.642Z</time>
			</trkpt>
			<trkpt lat="38.19246" lon="-1.86192">
				<ele>537.88</ele>
				<time>2026-09-10T12:23:05.246Z</time>
			</trkpt>
			<trkpt lat="38.19276" lon="-1.8609">
				<ele>534.02</ele>
				<time>2026-09-10T12:23:10.209Z</time>
			</trkpt>
			<trkpt lat="38.19281" lon="-1.86082">
				<ele>533.83</ele>
				<time>2026-09-10T12:23:10.674Z</time>
			</trkpt>
			<trkpt lat="38.19298" lon="-1.8603">
				<ele>533</ele>
				<time>2026-09-10T12:23:13.240Z</time>
			</trkpt>
			<trkpt lat="38.19303" lon="-1.86027">
				<ele>533</ele>
				<time>2026-09-10T12:23:13.561Z</time>
			</trkpt>
			<trkpt lat="38.19307" lon="-1.86026">
				<ele>533</ele>
				<time>2026-09-10T12:23:13.797Z</time>
			</trkpt>
			<trkpt lat="38.19318" lon="-1.86034">
				<ele>533</ele>
				<time>2026-09-10T12:23:14.532Z</time>
			</trkpt>
			<trkpt lat="38.19321" lon="-1.86038">
				<ele>533</ele>
				<time>2026-09-10T12:23:14.785Z</time>
			</trkpt>
			<trkpt lat="38.19353" lon="-1.86052">
				<ele>532.26</ele>
				<time>2026-09-10T12:23:16.751Z</time>
			</trkpt>
			<trkpt lat="38.19375" lon="-1.86054">
				<ele>530.96</ele>
				<time>2026-09-10T12:23:18.034Z</time>
			</trkpt>
			<trkpt lat="38.19382" lon="-1.86052">
				<ele>530.46</ele>
				<time>2026-09-10T12:23:18.452Z</time>
			</trkpt>
			<trkpt lat="38.20462" lon="-1.85242">
				<ele>491.66</ele>
				<time>2026-09-10T12:24:22.903Z</time>
			</trkpt>
			<trkpt lat="38.20479" lon="-1.85232">
				<ele>491.42</ele>
				<time>2026-09-10T12:24:23.691Z</time>
			</trkpt>
			<trkpt lat="38.20498" lon="-1.85224">
				<ele>490.97</ele>
				<time>2026-09-10T12:24:24.533Z</time>
			</trkpt>
			<trkpt lat="38.20569" lon="-1.85206">
				<ele>487.92</ele>
				<time>2026-09-10T12:24:27.593Z</time>
			</trkpt>
			<trkpt lat="38.20594" lon="-1.85197">
				<ele>486.72</ele>
				<time>2026-09-10T12:24:28.698Z</time>
			</trkpt>
			<trkpt lat="38.2072" lon="-1.85137">
				<ele>481.13</ele>
				<time>2026-09-10T12:24:34.518Z</time>
			</trkpt>
			<trkpt lat="38.20735" lon="-1.85124">
				<ele>479.84</ele>
				<time>2026-09-10T12:24:35.320Z</time>
			</trkpt>
			<trkpt lat="38.2076" lon="-1.85098">
				<ele>475.72</ele>
				<time>2026-09-10T12:24:36.758Z</time>
			</trkpt>
			<trkpt lat="38.20886" lon="-1.84944">
				<ele>465.13</ele>
				<time>2026-09-10T12:24:44.878Z</time>
			</trkpt>
			<trkpt lat="38.20897" lon="-1.84927">
				<ele>464.26</ele>
				<time>2026-09-10T12:24:45.719Z</time>
			</trkpt>
			<trkpt lat="38.20906" lon="-1.84896">
				<ele>463.27</ele>
				<time>2026-09-10T12:24:46.996Z</time>
			</trkpt>
			<trkpt lat="38.20914" lon="-1.84824">
				<ele>461.43</ele>
				<time>2026-09-10T12:24:49.870Z</time>
			</trkpt>
			<trkpt lat="38.20919" lon="-1.84806">
				<ele>460.66</ele>
				<time>2026-09-10T12:24:50.640Z</time>
			</trkpt>
			<trkpt lat="38.20926" lon="-1.8479">
				<ele>459.88</ele>
				<time>2026-09-10T12:24:51.385Z</time>
			</trkpt>
			<trkpt lat="38.20941" lon="-1.84777">
				<ele>458.29</ele>
				<time>2026-09-10T12:24:52.334Z</time>
			</trkpt>
			<trkpt lat="38.20956" lon="-1.84771">
				<ele>458.02</ele>
				<time>2026-09-10T12:24:53.164Z</time>
			</trkpt>
			<trkpt lat="38.21022" lon="-1.84758">
				<ele>457.8</ele>
				<time>2026-09-10T12:24:56.784Z</time>
			</trkpt>
			<trkpt lat="38.21051" lon="-1.84743">
				<ele>460.79</ele>
				<time>2026-09-10T12:24:58.534Z</time>
			</trkpt>
			<trkpt lat="38.21095" lon="-1.84841">
				<ele>466.72</ele>
				<time>2026-09-10T12:25:03.697Z</time>
			</trkpt>
			<trkpt lat="38.21183" lon="-1.84923">
				<ele>468.24</ele>
				<time>2026-09-10T12:25:10.496Z</time>
			</trkpt>
			<trkpt lat="38.212" lon="-1.84948">
				<ele>469.14</ele>
				<time>2026-09-10T12:25:12.195Z</time>
			</trkpt>
			<trkpt lat="38.2121" lon="-1.84996">
				<ele>471.34</ele>
				<time>2026-09-10T12:25:14.809Z</time>
			</trkpt>
			<trkpt lat="38.21201" lon="-1.85091">
				<ele>471.87</ele>
				<time>2026-09-10T12:25:20.060Z</time>
			</trkpt>
			<trkpt lat="38.21202" lon="-1.85134">
				<ele>473.19</ele>
				<time>2026-09-10T12:25:22.519Z</time>
			</trkpt>
			<trkpt lat="38.21275" lon="-1.85372">
				<ele>475.84</ele>
				<time>2026-09-10T12:25:39.336Z</time>
			</trkpt>
			<trkpt lat="38.21289" lon="-1.85412">
				<ele>476.35</ele>
				<time>2026-09-10T12:25:43.004Z</time>
			</trkpt>
			<trkpt lat="38.21322" lon="-1.85453">
				<ele>477.32</ele>
				<time>2026-09-10T12:25:48.292Z</time>
			</trkpt>
			<trkpt lat="38.21345" lon="-1.85492">
				<ele>479.1</ele>
				<time>2026-09-10T12:25:52.978Z</time>
			</trkpt>
			<trkpt lat="38.2137" lon="-1.85548">
				<ele>483.84</ele>
				<time>2026-09-10T12:25:59.522Z</time>
			</trkpt>
			<trkpt lat="38.21397" lon="-1.85618">
				<ele>485.54</ele>
				<time>2026-09-10T12:26:07.899Z</time>
			</trkpt>
			<trkpt lat="38.21402" lon="-1.85637">
				<ele>485.54</ele>
				<time>2026-09-10T12:26:10.118Z</time>
			</trkpt>
			<trkpt lat="38.21408" lon="-1.85665">
				<ele>486.1</ele>
				<time>2026-09-10T12:26:13.374Z</time>
			</trkpt>
			<trkpt lat="38.21409" lon="-1.85687">
				<ele>486.77</ele>
				<time>2026-09-10T12:26:15.876Z</time>
			</trkpt>
			<trkpt lat="38.21414" lon="-1.85695">
				<ele>487.73</ele>
				<time>2026-09-10T12:26:17.044Z</time>
			</trkpt>
			<trkpt lat="38.21436" lon="-1.85755">
				<ele>488.05</ele>
				<time>2026-09-10T12:26:24.709Z</time>
			</trkpt>
			<trkpt lat="38.21444" lon="-1.85771">
				<ele>487.51</ele>
				<time>2026-09-10T12:26:26.929Z</time>
			</trkpt>
			<trkpt lat="38.21459" lon="-1.85793">
				<ele>485.96</ele>
				<time>2026-09-10T12:26:30.355Z</time>
			</trkpt>
			<trkpt lat="38.21488" lon="-1.85825">
				<ele>487.4</ele>
				<time>2026-09-10T12:26:36.127Z</time>
			</trkpt>
			<trkpt lat="38.215" lon="-1.85841">
				<ele>489.01</ele>
				<time>2026-09-10T12:26:38.745Z</time>
			</trkpt>
			<trkpt lat="38.21503" lon="-1.85854">
				<ele>489.32</ele>
				<time>2026-09-10T12:26:40.348Z</time>
			</trkpt>
			<trkpt lat="38.21503" lon="-1.85882">
				<ele>489.93</ele>
				<time>2026-09-10T12:26:43.657Z</time>
			</trkpt>
			<trkpt lat="38.21508" lon="-1.85897">
				<ele>489.84</ele>
				<time>2026-09-10T12:26:45.579Z</time>
			</trkpt>
			<trkpt lat="38.21532" lon="-1.85925">
				<ele>490.37</ele>
				<time>2026-09-10T12:26:50.444Z</time>
			</trkpt>
			<trkpt lat="38.21546" lon="-1.85948">
				<ele>491.33</ele>
				<time>2026-09-10T12:26:53.833Z</time>
			</trkpt>
			<trkpt lat="38.21558" lon="-1.85963">
				<ele>492.22</ele>
				<time>2026-09-10T12:26:56.310Z</time>
			</trkpt>
			<trkpt lat="38.21576" lon="-1.85976">
				<ele>493.42</ele>
				<time>2026-09-10T12:26:59.332Z</time>
			</trkpt>
			<trkpt lat="38.21606" lon="-1.85983">
				<ele>494.96</ele>
				<time>2026-09-10T12:27:03.727Z</time>
			</trkpt>
			<trkpt lat="38.21667" lon="-1.86066">
				<ele>495.06</ele>
				<time>2026-09-10T12:27:16.065Z</time>
			</trkpt>
			<trkpt lat="38.21712" lon="-1.86115">
				<ele>497.53</ele>
				<time>2026-09-10T12:27:23.679Z</time>
			</trkpt>
			<trkpt lat="38.21728" lon="-1.86124">
				<ele>497.98</ele>
				<time>2026-09-10T12:27:25.829Z</time>
			</trkpt>
			<trkpt lat="38.21738" lon="-1.86123">
				<ele>498.77</ele>
				<time>2026-09-10T12:27:27.054Z</time>
			</trkpt>
			<trkpt lat="38.21747" lon="-1.86121">
				<ele>499.48</ele>
				<time>2026-09-10T12:27:28.166Z</time>
			</trkpt>
			<trkpt lat="38.21759" lon="-1.8611">
				<ele>500.01</ele>
				<time>2026-09-10T12:27:29.958Z</time>
			</trkpt>
			<trkpt lat="38.21769" lon="-1.86093">
				<ele>500.47</ele>
				<time>2026-09-10T12:27:31.969Z</time>
			</trkpt>
			<trkpt lat="38.21771" lon="-1.8608">
				<ele>500.78</ele>
				<time>2026-09-10T12:27:33.217Z</time>
			</trkpt>
			<trkpt lat="38.21769" lon="-1.86047">
				<ele>500.61</ele>
				<time>2026-09-10T12:27:36.318Z</time>
			</trkpt>
			<trkpt lat="38.2177" lon="-1.86032">
				<ele>500.52</ele>
				<time>2026-09-10T12:27:37.721Z</time>
			</trkpt>
			<trkpt lat="38.21782" lon="-1.86003">
				<ele>500.6</ele>
				<time>2026-09-10T12:27:40.757Z</time>
			</trkpt>
			<trkpt lat="38.21793" lon="-1.85959">
				<ele>500.4</ele>
				<time>2026-09-10T12:27:44.998Z</time>
			</trkpt>
			<trkpt lat="38.21797" lon="-1.85955">
				<ele>500.65</ele>
				<time>2026-09-10T12:27:45.590Z</time>
			</trkpt>
			<trkpt lat="38.21805" lon="-1.85954">
				<ele>501.29</ele>
				<time>2026-09-10T12:27:46.523Z</time>
			</trkpt>
			<trkpt lat="38.2181" lon="-1.85963">
				<ele>501.95</ele>
				<time>2026-09-10T12:27:47.527Z</time>
			</trkpt>
			<trkpt lat="38.21801" lon="-1.86003">
				<ele>502.58</ele>
				<time>2026-09-10T12:27:51.298Z</time>
			</trkpt>
			<trkpt lat="38.218" lon="-1.86026">
				<ele>502.6</ele>
				<time>2026-09-10T12:27:53.375Z</time>
			</trkpt>
			<trkpt lat="38.21802" lon="-1.86051">
				<ele>502.04</ele>
				<time>2026-09-10T12:27:55.633Z</time>
			</trkpt>
			<trkpt lat="38.21805" lon="-1.86068">
				<ele>501.17</ele>
				<time>2026-09-10T12:27:57.194Z</time>
			</trkpt>
			<trkpt lat="38.21816" lon="-1.86095">
				<ele>500.86</ele>
				<time>2026-09-10T12:27:59.912Z</time>
			</trkpt>
			<trkpt lat="38.21828" lon="-1.86116">
				<ele>500.67</ele>
				<time>2026-09-10T12:28:02.226Z</time>
			</trkpt>
			<trkpt lat="38.21963" lon="-1.86176">
				<ele>508.02</ele>
				<time>2026-09-10T12:28:18.344Z</time>
			</trkpt>
			<trkpt lat="38.21972" lon="-1.86183">
				<ele>507.44</ele>
				<time>2026-09-10T12:28:19.531Z</time>
			</trkpt>
			<trkpt lat="38.2198" lon="-1.86191">
				<ele>507.67</ele>
				<time>2026-09-10T12:28:20.677Z</time>
			</trkpt>
			<trkpt lat="38.21987" lon="-1.86208">
				<ele>508.3</ele>
				<time>2026-09-10T12:28:22.375Z</time>
			</trkpt>
			<trkpt lat="38.21996" lon="-1.8628">
				<ele>508.62</ele>
				<time>2026-09-10T12:28:28.843Z</time>
			</trkpt>
			<trkpt lat="38.22001" lon="-1.86299">
				<ele>507.5</ele>
				<time>2026-09-10T12:28:30.627Z</time>
			</trkpt>
			<trkpt lat="38.22007" lon="-1.86312">
				<ele>507.04</ele>
				<time>2026-09-10T12:28:31.971Z</time>
			</trkpt>
			<trkpt lat="38.22017" lon="-1.86322">
				<ele>507.04</ele>
				<time>2026-09-10T12:28:33.417Z</time>
			</trkpt>
			<trkpt lat="38.22058" lon="-1.86348">
				<ele>508.11</ele>
				<time>2026-09-10T12:28:38.649Z</time>
			</trkpt>
			<trkpt lat="38.22099" lon="-1.86394">
				<ele>510.41</ele>
				<time>2026-09-10T12:28:44.935Z</time>
			</trkpt>
			<trkpt lat="38.22129" lon="-1.86418">
				<ele>510.6</ele>
				<time>2026-09-10T12:28:49.013Z</time>
			</trkpt>
			<trkpt lat="38.22172" lon="-1.8644">
				<ele>510.82</ele>
				<time>2026-09-10T12:28:54.346Z</time>
			</trkpt>
			<trkpt lat="38.22201" lon="-1.86444">
				<ele>512.61</ele>
				<time>2026-09-10T12:28:57.704Z</time>
			</trkpt>
			<trkpt lat="38.22225" lon="-1.86472">
				<ele>511.58</ele>
				<time>2026-09-10T12:29:01.451Z</time>
			</trkpt>
			<trkpt lat="38.22239" lon="-1.86475">
				<ele>513.45</ele>
				<time>2026-09-10T12:29:03.085Z</time>
			</trkpt>
			<trkpt lat="38.22287" lon="-1.86466">
				<ele>515.16</ele>
				<time>2026-09-10T12:29:08.669Z</time>
			</trkpt>
			<trkpt lat="38.2231" lon="-1.86466">
				<ele>514.47</ele>
				<time>2026-09-10T12:29:11.317Z</time>
			</trkpt>
			<trkpt lat="38.22325" lon="-1.86462">
				<ele>514.49</ele>
				<time>2026-09-10T12:29:13.081Z</time>
			</trkpt>
			<trkpt lat="38.22358" lon="-1.86449">
				<ele>515.65</ele>
				<time>2026-09-10T12:29:17.057Z</time>
			</trkpt>
			<trkpt lat="38.22415" lon="-1.86419">
				<ele>518.83</ele>
				<time>2026-09-10T12:29:24.156Z</time>
			</trkpt>
			<trkpt lat="38.22465" lon="-1.86386">
				<ele>522.52</ele>
				<time>2026-09-10T12:29:30.639Z</time>
			</trkpt>
			<trkpt lat="38.22523" lon="-1.86373">
				<ele>523.93</ele>
				<time>2026-09-10T12:29:37.418Z</time>
			</trkpt>
			<trkpt lat="38.22542" lon="-1.86361">
				<ele>524.01</ele>
				<time>2026-09-10T12:29:39.859Z</time>
			</trkpt>
			<trkpt lat="38.22549" lon="-1.8636">
				<ele>523.63</ele>
				<time>2026-09-10T12:29:40.670Z</time>
			</trkpt>
			<trkpt lat="38.22557" lon="-1.86361">
				<ele>523.2</ele>
				<time>2026-09-10T12:29:41.595Z</time>
			</trkpt>
			<trkpt lat="38.2258" lon="-1.86377">
				<ele>523.61</ele>
				<time>2026-09-10T12:29:44.612Z</time>
			</trkpt>
			<trkpt lat="38.2259" lon="-1.86379">
				<ele>524.3</ele>
				<time>2026-09-10T12:29:45.777Z</time>
			</trkpt>
			<trkpt lat="38.22599" lon="-1.86379">
				<ele>525.01</ele>
				<time>2026-09-10T12:29:46.813Z</time>
			</trkpt>
			<trkpt lat="38.22622" lon="-1.86371">
				<ele>525.85</ele>
				<time>2026-09-10T12:29:49.558Z</time>
			</trkpt>
			<trkpt lat="38.22636" lon="-1.86369">
				<ele>525.74</ele>
				<time>2026-09-10T12:29:51.179Z</time>
			</trkpt>
			<trkpt lat="38.22669" lon="-1.86369">
				<ele>525.82</ele>
				<time>2026-09-10T12:29:54.977Z</time>
			</trkpt>
			<trkpt lat="38.22691" lon="-1.86396">
				<ele>526.48</ele>
				<time>2026-09-10T12:29:58.495Z</time>
			</trkpt>
			<trkpt lat="38.22712" lon="-1.86407">
				<ele>529.63</ele>
				<time>2026-09-10T12:30:01.108Z</time>
			</trkpt>
			<trkpt lat="38.2274" lon="-1.8641">
				<ele>531.44</ele>
				<time>2026-09-10T12:30:04.342Z</time>
			</trkpt>
			<trkpt lat="38.22756" lon="-1.86407">
				<ele>531.41</ele>
				<time>2026-09-10T12:30:06.203Z</time>
			</trkpt>
			<trkpt lat="38.22767" lon="-1.86401">
				<ele>531.2</ele>
				<time>2026-09-10T12:30:07.581Z</time>
			</trkpt>
			<trkpt lat="38.2276" lon="-1.86386">
				<ele>532.31</ele>
				<time>2026-09-10T12:30:09.158Z</time>
			</trkpt>
			<trkpt lat="38.22735" lon="-1.86347">
				<ele>532.72</ele>
				<time>2026-09-10T12:30:13.709Z</time>
			</trkpt>
			<trkpt lat="38.22705" lon="-1.86313">
				<ele>533.19</ele>
				<time>2026-09-10T12:30:18.331Z</time>
			</trkpt>
		</trkseg>
	</trk>
</gpx>