<?xml version="1.0" encoding="UTF-8"?>
<gpx version="1.1" creator="Kurviger" xmlns="http://www.topografix.com/GPX/1/1" xmlns:xsi="http://www.w3.org/2001/XMLSchema-instance" xsi:schemaLocation="http://www.topografix.com/GPX/1/1 http://www.topografix.com/GPX/1/1/gpx.xsd http://www.garmin.com/xmlschemas/GpxExtensions/v3 http://www.garmin.com/xmlschemas/GpxExtensionsv3.xsd http://www.garmin.com/xmlschemas/TripExtensions/v1 http://www.garmin.com/xmlschemas/TripExtensionsv1.xsd" xmlns:gpxx="http://www.garmin.com/xmlschemas/GpxExtensions/v3" xmlns:trp="http://www.garmin.com/xmlschemas/TripExtensions/v1">
	<metadata>
		<name>Dia 8 Utiel - Alcalá del Júcar</name>
		<copyright author="OpenStreetMap contributors"/>
		<link href="https://kurviger.com">
			<text>Kurviger.com GPX</text>
		</link>
		<time>2026-09-10T07:37:24.701Z</time>
	</metadata>
	<rte>
		<name>Dia 8 Utiel - Alcalá del Júcar</name>
		<extensions>
			<trp:Trip>
				<trp:TransportationMode>Motorcycling</trp:TransportationMode>
			</trp:Trip>
		</extensions>
		<rtept lat="39.56803" lon="-1.20498">
			<name>Start</name>
			<sym>Flag, Green</sym>
			<type>start</type>
			<extensions>
				<trp:ViaPoint>
					<trp:CalculationMode>Adventurous</trp:CalculationMode>
				</trp:ViaPoint>
			</extensions>
		</rtept>
		<rtept lat="39.54013" lon="-1.18922">
			<name>Additional Waypoint</name>
			<sym>Waypoint</sym>
			<type>shaping</type>
			<extensions>
				<trp:ShapingPoint/>
			</extensions>
		</rtept>
		<rtept lat="39.51961" lon="-1.15479">
			<name>Additional Waypoint</name>
			<sym>Waypoint</sym>
			<type>shaping</type>
			<extensions>
				<trp:ShapingPoint/>
			</extensions>
		</rtept>
		<rtept lat="39.48807" lon="-1.10028">
			<name>Via Point 1</name>
			<sym>Flag, Blue</sym>
			<type>via</type>
			<extensions>
				<trp:ViaPoint>
					<trp:CalculationMode>Adventurous</trp:CalculationMode>
				</trp:ViaPoint>
			</extensions>
		</rtept>
		<rtept lat="39.33664" lon="-1.08493">
			<name>Via Point 2</name>
			<sym>Flag, Blue</sym>
			<type>via</type>
			<extensions>
				<trp:ViaPoint>
					<trp:CalculationMode>Adventurous</trp:CalculationMode>
				</trp:ViaPoint>
			</extensions>
		</rtept>
		<rtept lat="39.27267" lon="-1.05303">
			<name>Additional Waypoint</name>
			<sym>Waypoint</sym>
			<type>shaping</type>
			<extensions>
				<trp:ShapingPoint/>
			</extensions>
		</rtept>
		<rtept lat="39.22997" lon="-1.06187">
			<name>Via Point 3</name>
			<sym>Flag, Blue</sym>
			<type>via</type>
			<extensions>
				<trp:ViaPoint>
					<trp:CalculationMode>Adventurous</trp:CalculationMode>
				</trp:ViaPoint>
			</extensions>
		</rtept>
		<rtept lat="39.19103" lon="-1.07721">
			<name>Via Point 4</name>
			<sym>Flag, Blue</sym>
			<type>via</type>
			<extensions>
				<trp:ViaPoint>
					<trp:CalculationMode>Adventurous</trp:CalculationMode>
				</trp:ViaPoint>
			</extensions>
		</rtept>
		<rtept lat="39.25881" lon="-1.33256">
			<name>Via Point 5</name>
			<sym>Flag, Blue</sym>
			<type>via</type>
			<extensions>
				<trp:ViaPoint>
					<trp:CalculationMode>Adventurous</trp:CalculationMode>
				</trp:ViaPoint>
			</extensions>
		</rtept>
		<rtept lat="39.19289" lon="-1.42915">
			<name>Destination</name>
			<sym>Flag, Red</sym>
			<type>destination</type>
			<extensions>
				<trp:ViaPoint/>
			</extensions>
		</rtept>
	</rte>
	<trk>
		<name>Dia 8 Utiel - Alcalá del Júcar</name>
		<trkseg>
			<trkpt lat="39.56803" lon="-1.20498">
				<ele>744.04</ele>
				<time>2026-09-10T07:37:24.140Z</time>
			</trkpt>
			<trkpt lat="39.56785" lon="-1.20457">
				<ele>743.85</ele>
				<time>2026-09-10T07:37:30.836Z</time>
			</trkpt>
			<trkpt lat="39.56812" lon="-1.20438">
				<ele>744.5</ele>
				<time>2026-09-10T07:37:36.492Z</time>
			</trkpt>
			<trkpt lat="39.56813" lon="-1.20441">
				<ele>744.71</ele>
				<time>2026-09-10T07:37:36.957Z</time>
			</trkpt>
			<trkpt lat="39.56845" lon="-1.20491">
				<ele>746</ele>
				<time>2026-09-10T07:37:46.586Z</time>
			</trkpt>
			<trkpt lat="39.56859" lon="-1.20528">
				<ele>745.95</ele>
				<time>2026-09-10T07:37:52.923Z</time>
			</trkpt>
			<trkpt lat="39.56863" lon="-1.20544">
				<ele>745.43</ele>
				<time>2026-09-10T07:37:55.523Z</time>
			</trkpt>
			<trkpt lat="39.56863" lon="-1.2057">
				<ele>745.09</ele>
				<time>2026-09-10T07:37:59.526Z</time>
			</trkpt>
			<trkpt lat="39.56861" lon="-1.20597">
				<ele>744.98</ele>
				<time>2026-09-10T07:38:03.652Z</time>
			</trkpt>
			<trkpt lat="39.56841" lon="-1.20704">
				<ele>733.91</ele>
				<time>2026-09-10T07:38:19.084Z</time>
			</trkpt>
			<trkpt lat="39.56824" lon="-1.20755">
				<ele>733.05</ele>
				<time>2026-09-10T07:38:25.508Z</time>
			</trkpt>
			<trkpt lat="39.56805" lon="-1.20751">
				<ele>732.01</ele>
				<time>2026-09-10T07:38:28.058Z</time>
			</trkpt>
			<trkpt lat="39.5674" lon="-1.20737">
				<ele>732.47</ele>
				<time>2026-09-10T07:38:36.076Z</time>
			</trkpt>
			<trkpt lat="39.56714" lon="-1.20736">
				<ele>734.4</ele>
				<time>2026-09-10T07:38:38.981Z</time>
			</trkpt>
			<trkpt lat="39.56701" lon="-1.20738">
				<ele>734.03</ele>
				<time>2026-09-10T07:38:40.395Z</time>
			</trkpt>
			<trkpt lat="39.56682" lon="-1.20746">
				<ele>733.27</ele>
				<time>2026-09-10T07:38:42.497Z</time>
			</trkpt>
			<trkpt lat="39.56666" lon="-1.20758">
				<ele>732.92</ele>
				<time>2026-09-10T07:38:44.389Z</time>
			</trkpt>
			<trkpt lat="39.56652" lon="-1.20776">
				<ele>731.49</ele>
				<time>2026-09-10T07:38:46.355Z</time>
			</trkpt>
			<trkpt lat="39.56614" lon="-1.20838">
				<ele>730.73</ele>
				<time>2026-09-10T07:38:52.195Z</time>
			</trkpt>
			<trkpt lat="39.56562" lon="-1.20912">
				<ele>732.82</ele>
				<time>2026-09-10T07:38:59.289Z</time>
			</trkpt>
			<trkpt lat="39.56552" lon="-1.20929">
				<ele>731.35</ele>
				<time>2026-09-10T07:39:00.799Z</time>
			</trkpt>
			<trkpt lat="39.56534" lon="-1.20953">
				<ele>727.53</ele>
				<time>2026-09-10T07:39:03.182Z</time>
			</trkpt>
			<trkpt lat="39.56473" lon="-1.21048">
				<ele>728</ele>
				<time>2026-09-10T07:39:12.403Z</time>
			</trkpt>
			<trkpt lat="39.56469" lon="-1.21044">
				<ele>727.8</ele>
				<time>2026-09-10T07:39:12.923Z</time>
			</trkpt>
			<trkpt lat="39.56422" lon="-1.21015">
				<ele>724.93</ele>
				<time>2026-09-10T07:39:18.550Z</time>
			</trkpt>
			<trkpt lat="39.56411" lon="-1.21014">
				<ele>725.03</ele>
				<time>2026-09-10T07:39:19.652Z</time>
			</trkpt>
			<trkpt lat="39.56394" lon="-1.21016">
				<ele>725.58</ele>
				<time>2026-09-10T07:39:21.169Z</time>
			</trkpt>
			<trkpt lat="39.56387" lon="-1.21023">
				<ele>726.48</ele>
				<time>2026-09-10T07:39:21.856Z</time>
			</trkpt>
			<trkpt lat="39.56379" lon="-1.21027">
				<ele>727.24</ele>
				<time>2026-09-10T07:39:22.505Z</time>
			</trkpt>
			<trkpt lat="39.5637" lon="-1.21029">
				<ele>727.71</ele>
				<time>2026-09-10T07:39:23.178Z</time>
			</trkpt>
			<trkpt lat="39.56362" lon="-1.21028">
				<ele>727.95</ele>
				<time>2026-09-10T07:39:23.756Z</time>
			</trkpt>
			<trkpt lat="39.56353" lon="-1.21024">
				<ele>727.88</ele>
				<time>2026-09-10T07:39:24.424Z</time>
			</trkpt>
			<trkpt lat="39.56346" lon="-1.21018">
				<ele>727.61</ele>
				<time>2026-09-10T07:39:24.999Z</time>
			</trkpt>
			<trkpt lat="39.56339" lon="-1.21007">
				<ele>727.08</ele>
				<time>2026-09-10T07:39:25.733Z</time>
			</trkpt>
			<trkpt lat="39.56335" lon="-1.20994">
				<ele>726.57</ele>
				<time>2026-09-10T07:39:26.434Z</time>
			</trkpt>
			<trkpt lat="39.56334" lon="-1.2098">
				<ele>726.07</ele>
				<time>2026-09-10T07:39:27.119Z</time>
			</trkpt>
			<trkpt lat="39.56327" lon="-1.20964">
				<ele>726.34</ele>
				<time>2026-09-10T07:39:27.989Z</time>
			</trkpt>
			<trkpt lat="39.56304" lon="-1.20941">
				<ele>727.85</ele>
				<time>2026-09-10T07:39:29.688Z</time>
			</trkpt>
			<trkpt lat="39.56149" lon="-1.20841">
				<ele>726.03</ele>
				<time>2026-09-10T07:39:38.735Z</time>
			</trkpt>
			<trkpt lat="39.56129" lon="-1.20835">
				<ele>725.33</ele>
				<time>2026-09-10T07:39:39.826Z</time>
			</trkpt>
			<trkpt lat="39.56117" lon="-1.20835">
				<ele>725.76</ele>
				<time>2026-09-10T07:39:40.478Z</time>
			</trkpt>
			<trkpt lat="39.56111" lon="-1.20843">
				<ele>726</ele>
				<time>2026-09-10T07:39:40.951Z</time>
			</trkpt>
			<trkpt lat="39.56103" lon="-1.20848">
				<ele>726.28</ele>
				<time>2026-09-10T07:39:41.440Z</time>
			</trkpt>
			<trkpt lat="39.56094" lon="-1.2085">
				<ele>726.6</ele>
				<time>2026-09-10T07:39:41.941Z</time>
			</trkpt>
			<trkpt lat="39.56085" lon="-1.2085">
				<ele>726.91</ele>
				<time>2026-09-10T07:39:42.435Z</time>
			</trkpt>
			<trkpt lat="39.56077" lon="-1.20846">
				<ele>727.22</ele>
				<time>2026-09-10T07:39:42.904Z</time>
			</trkpt>
			<trkpt lat="39.56069" lon="-1.2084">
				<ele>727.49</ele>
				<time>2026-09-10T07:39:43.410Z</time>
			</trkpt>
			<trkpt lat="39.56062" lon="-1.20831">
				<ele>727.69</ele>
				<time>2026-09-10T07:39:43.948Z</time>
			</trkpt>
			<trkpt lat="39.56058" lon="-1.2082">
				<ele>727.49</ele>
				<time>2026-09-10T07:39:44.460Z</time>
			</trkpt>
			<trkpt lat="39.56056" lon="-1.20807">
				<ele>727.07</ele>
				<time>2026-09-10T07:39:45.017Z</time>
			</trkpt>
			<trkpt lat="39.56057" lon="-1.20795">
				<ele>726.65</ele>
				<time>2026-09-10T07:39:45.523Z</time>
			</trkpt>
			<trkpt lat="39.56033" lon="-1.20764">
				<ele>726.41</ele>
				<time>2026-09-10T07:39:47.361Z</time>
			</trkpt>
			<trkpt lat="39.5594" lon="-1.20704">
				<ele>732.26</ele>
				<time>2026-09-10T07:39:52.945Z</time>
			</trkpt>
			<trkpt lat="39.55819" lon="-1.20577">
				<ele>731.6</ele>
				<time>2026-09-10T07:40:01.178Z</time>
			</trkpt>
			<trkpt lat="39.5551" lon="-1.20106">
				<ele>726.86</ele>
				<time>2026-09-10T07:40:25.602Z</time>
			</trkpt>
			<trkpt lat="39.55423" lon="-1.19916">
				<ele>723.95</ele>
				<time>2026-09-10T07:40:34.117Z</time>
			</trkpt>
			<trkpt lat="39.55352" lon="-1.19734">
				<ele>722.02</ele>
				<time>2026-09-10T07:40:41.916Z</time>
			</trkpt>
			<trkpt lat="39.55332" lon="-1.19688">
				<ele>721.84</ele>
				<time>2026-09-10T07:40:43.928Z</time>
			</trkpt>
			<trkpt lat="39.55181" lon="-1.19467">
				<ele>718.6</ele>
				<time>2026-09-10T07:40:55.150Z</time>
			</trkpt>
			<trkpt lat="39.55162" lon="-1.19442">
				<ele>718.12</ele>
				<time>2026-09-10T07:40:56.482Z</time>
			</trkpt>
			<trkpt lat="39.55126" lon="-1.19419">
				<ele>719.57</ele>
				<time>2026-09-10T07:40:58.459Z</time>
			</trkpt>
			<trkpt lat="39.55093" lon="-1.19407">
				<ele>718.01</ele>
				<time>2026-09-10T07:41:00.146Z</time>
			</trkpt>
			<trkpt lat="39.55001" lon="-1.1941">
				<ele>723.39</ele>
				<time>2026-09-10T07:41:04.682Z</time>
			</trkpt>
			<trkpt lat="39.54957" lon="-1.19407">
				<ele>721.38</ele>
				<time>2026-09-10T07:41:06.857Z</time>
			</trkpt>
			<trkpt lat="39.54923" lon="-1.19395">
				<ele>718.87</ele>
				<time>2026-09-10T07:41:08.598Z</time>
			</trkpt>
			<trkpt lat="39.54649" lon="-1.19157">
				<ele>716.89</ele>
				<time>2026-09-10T07:41:25.006Z</time>
			</trkpt>
			<trkpt lat="39.54487" lon="-1.19047">
				<ele>718.25</ele>
				<time>2026-09-10T07:41:34.244Z</time>
			</trkpt>
			<trkpt lat="39.54044" lon="-1.18933">
				<ele>717.96</ele>
				<time>2026-09-10T07:41:57.731Z</time>
			</trkpt>
			<trkpt lat="39.54013" lon="-1.18922">
				<ele>716.56</ele>
				<time>2026-09-10T07:41:59.448Z</time>
			</trkpt>
			<trkpt lat="39.5387" lon="-1.1879">
				<ele>719.15</ele>
				<time>2026-09-10T07:42:08.957Z</time>
			</trkpt>
			<trkpt lat="39.54111" lon="-1.18119">
				<ele>717.46</ele>
				<time>2026-09-10T07:42:41.779Z</time>
			</trkpt>
			<trkpt lat="39.54125" lon="-1.1808">
				<ele>719.31</ele>
				<time>2026-09-10T07:42:43.698Z</time>
			</trkpt>
			<trkpt lat="39.54133" lon="-1.18058">
				<ele>718.1</ele>
				<time>2026-09-10T07:42:44.779Z</time>
			</trkpt>
			<trkpt lat="39.53727" lon="-1.17785">
				<ele>719.34</ele>
				<time>2026-09-10T07:43:11.096Z</time>
			</trkpt>
			<trkpt lat="39.53703" lon="-1.17766">
				<ele>720</ele>
				<time>2026-09-10T07:43:12.714Z</time>
			</trkpt>
			<trkpt lat="39.53683" lon="-1.17748">
				<ele>718.82</ele>
				<time>2026-09-10T07:43:14.115Z</time>
			</trkpt>
			<trkpt lat="39.53666" lon="-1.17728">
				<ele>717.8</ele>
				<time>2026-09-10T07:43:15.436Z</time>
			</trkpt>
			<trkpt lat="39.53219" lon="-1.17134">
				<ele>714.06</ele>
				<time>2026-09-10T07:43:52.267Z</time>
			</trkpt>
			<trkpt lat="39.53204" lon="-1.17106">
				<ele>705.31</ele>
				<time>2026-09-10T07:43:53.780Z</time>
			</trkpt>
			<trkpt lat="39.53193" lon="-1.17072">
				<ele>699.11</ele>
				<time>2026-09-10T07:43:55.416Z</time>
			</trkpt>
			<trkpt lat="39.53189" lon="-1.17035">
				<ele>703.01</ele>
				<time>2026-09-10T07:43:57.074Z</time>
			</trkpt>
			<trkpt lat="39.53185" lon="-1.16862">
				<ele>708.67</ele>
				<time>2026-09-10T07:44:04.752Z</time>
			</trkpt>
			<trkpt lat="39.5318" lon="-1.16833">
				<ele>707.98</ele>
				<time>2026-09-10T07:44:06.070Z</time>
			</trkpt>
			<trkpt lat="39.5317" lon="-1.16808">
				<ele>707.27</ele>
				<time>2026-09-10T07:44:07.320Z</time>
			</trkpt>
			<trkpt lat="39.53155" lon="-1.16782">
				<ele>708.31</ele>
				<time>2026-09-10T07:44:08.760Z</time>
			</trkpt>
			<trkpt lat="39.53139" lon="-1.16771">
				<ele>708.03</ele>
				<time>2026-09-10T07:44:09.802Z</time>
			</trkpt>
			<trkpt lat="39.53124" lon="-1.16769">
				<ele>706.42</ele>
				<time>2026-09-10T07:44:10.669Z</time>
			</trkpt>
			<trkpt lat="39.53112" lon="-1.16772">
				<ele>705.13</ele>
				<time>2026-09-10T07:44:11.371Z</time>
			</trkpt>
			<trkpt lat="39.53092" lon="-1.16767">
				<ele>703.4</ele>
				<time>2026-09-10T07:44:12.535Z</time>
			</trkpt>
			<trkpt lat="39.53076" lon="-1.16752">
				<ele>702.29</ele>
				<time>2026-09-10T07:44:13.659Z</time>
			</trkpt>
			<trkpt lat="39.53063" lon="-1.16745">
				<ele>702.65</ele>
				<time>2026-09-10T07:44:14.460Z</time>
			</trkpt>
			<trkpt lat="39.53048" lon="-1.16745">
				<ele>703.74</ele>
				<time>2026-09-10T07:44:15.315Z</time>
			</trkpt>
			<trkpt lat="39.53017" lon="-1.1676">
				<ele>706.23</ele>
				<time>2026-09-10T07:44:17.218Z</time>
			</trkpt>
			<trkpt lat="39.53" lon="-1.1678">
				<ele>705.93</ele>
				<time>2026-09-10T07:44:18.561Z</time>
			</trkpt>
			<trkpt lat="39.52999" lon="-1.16802">
				<ele>705.11</ele>
				<time>2026-09-10T07:44:19.569Z</time>
			</trkpt>
			<trkpt lat="39.52992" lon="-1.16822">
				<ele>703.67</ele>
				<time>2026-09-10T07:44:20.576Z</time>
			</trkpt>
			<trkpt lat="39.52981" lon="-1.16837">
				<ele>701.99</ele>
				<time>2026-09-10T07:44:21.526Z</time>
			</trkpt>
			<trkpt lat="39.52965" lon="-1.16846">
				<ele>701.08</ele>
				<time>2026-09-10T07:44:22.567Z</time>
			</trkpt>
			<trkpt lat="39.52947" lon="-1.16846">
				<ele>700.15</ele>
				<time>2026-09-10T07:44:23.642Z</time>
			</trkpt>
			<trkpt lat="39.52936" lon="-1.16841">
				<ele>698.89</ele>
				<time>2026-09-10T07:44:24.339Z</time>
			</trkpt>
			<trkpt lat="39.52926" lon="-1.16832">
				<ele>697.38</ele>
				<time>2026-09-10T07:44:25.068Z</time>
			</trkpt>
			<trkpt lat="39.52914" lon="-1.16809">
				<ele>694.83</ele>
				<time>2026-09-10T07:44:26.352Z</time>
			</trkpt>
			<trkpt lat="39.52912" lon="-1.16785">
				<ele>695.86</ele>
				<time>2026-09-10T07:44:27.471Z</time>
			</trkpt>
			<trkpt lat="39.52917" lon="-1.16763">
				<ele>698.75</ele>
				<time>2026-09-10T07:44:28.535Z</time>
			</trkpt>
			<trkpt lat="39.52914" lon="-1.16741">
				<ele>700.65</ele>
				<time>2026-09-10T07:44:29.574Z</time>
			</trkpt>
			<trkpt lat="39.52908" lon="-1.16726">
				<ele>701.91</ele>
				<time>2026-09-10T07:44:30.360Z</time>
			</trkpt>
			<trkpt lat="39.52099" lon="-1.15661">
				<ele>695.45</ele>
				<time>2026-09-10T07:45:42.659Z</time>
			</trkpt>
			<trkpt lat="39.51961" lon="-1.15479">
				<ele>695.21</ele>
				<time>2026-09-10T07:45:55.368Z</time>
			</trkpt>
			<trkpt lat="39.51834" lon="-1.15278">
				<ele>692.12</ele>
				<time>2026-09-10T07:46:08.357Z</time>
			</trkpt>
			<trkpt lat="39.51411" lon="-1.14586">
				<ele>697.64</ele>
				<time>2026-09-10T07:46:52.562Z</time>
			</trkpt>
			<trkpt lat="39.50797" lon="-1.13628">
				<ele>689.61</ele>
				<time>2026-09-10T07:47:53.689Z</time>
			</trkpt>
			<trkpt lat="39.50532" lon="-1.13215">
				<ele>688.58</ele>
				<time>2026-09-10T07:48:19.044Z</time>
			</trkpt>
			<trkpt lat="39.50519" lon="-1.132">
				<ele>688.47</ele>
				<time>2026-09-10T07:48:20.091Z</time>
			</trkpt>
			<trkpt lat="39.50504" lon="-1.13188">
				<ele>688.44</ele>
				<time>2026-09-10T07:48:21.149Z</time>
			</trkpt>
			<trkpt lat="39.50494" lon="-1.13183">
				<ele>688.51</ele>
				<time>2026-09-10T07:48:21.792Z</time>
			</trkpt>
			<trkpt lat="39.50487" lon="-1.13175">
				<ele>689.07</ele>
				<time>2026-09-10T07:48:22.351Z</time>
			</trkpt>
			<trkpt lat="39.50482" lon="-1.13164">
				<ele>689.81</ele>
				<time>2026-09-10T07:48:22.939Z</time>
			</trkpt>
			<trkpt lat="39.5048" lon="-1.13151">
				<ele>690.45</ele>
				<time>2026-09-10T07:48:23.550Z</time>
			</trkpt>
			<trkpt lat="39.50478" lon="-1.13139">
				<ele>690.99</ele>
				<time>2026-09-10T07:48:24.114Z</time>
			</trkpt>
			<trkpt lat="39.50475" lon="-1.13131">
				<ele>691</ele>
				<time>2026-09-10T07:48:24.523Z</time>
			</trkpt>
			<trkpt lat="39.50446" lon="-1.1308">
				<ele>690.94</ele>
				<time>2026-09-10T07:48:27.420Z</time>
			</trkpt>
			<trkpt lat="39.49871" lon="-1.12181">
				<ele>699.56</ele>
				<time>2026-09-10T07:49:18.472Z</time>
			</trkpt>
			<trkpt lat="39.49283" lon="-1.11333">
				<ele>680.49</ele>
				<time>2026-09-10T07:50:09.188Z</time>
			</trkpt>
			<trkpt lat="39.49255" lon="-1.11302">
				<ele>682.15</ele>
				<time>2026-09-10T07:50:11.441Z</time>
			</trkpt>
			<trkpt lat="39.49228" lon="-1.1128">
				<ele>682.98</ele>
				<time>2026-09-10T07:50:13.404Z</time>
			</trkpt>
			<trkpt lat="39.49203" lon="-1.11266">
				<ele>681.89</ele>
				<time>2026-09-10T07:50:15.089Z</time>
			</trkpt>
			<trkpt lat="39.49186" lon="-1.11266">
				<ele>682.25</ele>
				<time>2026-09-10T07:50:16.145Z</time>
			</trkpt>
			<trkpt lat="39.49177" lon="-1.11273">
				<ele>683.16</ele>
				<time>2026-09-10T07:50:16.799Z</time>
			</trkpt>
			<trkpt lat="39.49166" lon="-1.11276">
				<ele>684.01</ele>
				<time>2026-09-10T07:50:17.500Z</time>
			</trkpt>
			<trkpt lat="39.49155" lon="-1.11275">
				<ele>685.59</ele>
				<time>2026-09-10T07:50:18.188Z</time>
			</trkpt>
			<trkpt lat="39.49145" lon="-1.11268">
				<ele>687.03</ele>
				<time>2026-09-10T07:50:18.897Z</time>
			</trkpt>
			<trkpt lat="39.49137" lon="-1.11258">
				<ele>688.06</ele>
				<time>2026-09-10T07:50:19.591Z</time>
			</trkpt>
			<trkpt lat="39.49132" lon="-1.11243">
				<ele>688.37</ele>
				<time>2026-09-10T07:50:20.379Z</time>
			</trkpt>
			<trkpt lat="39.49123" lon="-1.11231">
				<ele>688.71</ele>
				<time>2026-09-10T07:50:21.186Z</time>
			</trkpt>
			<trkpt lat="39.49113" lon="-1.11221">
				<ele>688.82</ele>
				<time>2026-09-10T07:50:21.975Z</time>
			</trkpt>
			<trkpt lat="39.491" lon="-1.11214">
				<ele>688.23</ele>
				<time>2026-09-10T07:50:22.856Z</time>
			</trkpt>
			<trkpt lat="39.49052" lon="-1.11192">
				<ele>683.69</ele>
				<time>2026-09-10T07:50:26.048Z</time>
			</trkpt>
			<trkpt lat="39.49006" lon="-1.11184">
				<ele>682.14</ele>
				<time>2026-09-10T07:50:28.969Z</time>
			</trkpt>
			<trkpt lat="39.48929" lon="-1.11176">
				<ele>685.42</ele>
				<time>2026-09-10T07:50:33.860Z</time>
			</trkpt>
			<trkpt lat="39.48864" lon="-1.11167">
				<ele>683.69</ele>
				<time>2026-09-10T07:50:38.036Z</time>
			</trkpt>
			<trkpt lat="39.48825" lon="-1.11156">
				<ele>681.63</ele>
				<time>2026-09-10T07:50:40.605Z</time>
			</trkpt>
			<trkpt lat="39.48785" lon="-1.11141">
				<ele>680.7</ele>
				<time>2026-09-10T07:50:43.303Z</time>
			</trkpt>
			<trkpt lat="39.48752" lon="-1.11123">
				<ele>682.41</ele>
				<time>2026-09-10T07:50:45.638Z</time>
			</trkpt>
			<trkpt lat="39.48649" lon="-1.11055">
				<ele>676.35</ele>
				<time>2026-09-10T07:50:53.292Z</time>
			</trkpt>
			<trkpt lat="39.48611" lon="-1.11025">
				<ele>680</ele>
				<time>2026-09-10T07:50:56.289Z</time>
			</trkpt>
			<trkpt lat="39.48582" lon="-1.10997">
				<ele>678.96</ele>
				<time>2026-09-10T07:50:58.749Z</time>
			</trkpt>
			<trkpt lat="39.48554" lon="-1.10967">
				<ele>678.19</ele>
				<time>2026-09-10T07:51:01.243Z</time>
			</trkpt>
			<trkpt lat="39.48517" lon="-1.1092">
				<ele>677.76</ele>
				<time>2026-09-10T07:51:04.841Z</time>
			</trkpt>
			<trkpt lat="39.48482" lon="-1.10868">
				<ele>677.47</ele>
				<time>2026-09-10T07:51:08.592Z</time>
			</trkpt>
			<trkpt lat="39.48458" lon="-1.10828">
				<ele>676.37</ele>
				<time>2026-09-10T07:51:11.384Z</time>
			</trkpt>
			<trkpt lat="39.48438" lon="-1.10793">
				<ele>673.75</ele>
				<time>2026-09-10T07:51:13.809Z</time>
			</trkpt>
			<trkpt lat="39.48419" lon="-1.10746">
				<ele>675.13</ele>
				<time>2026-09-10T07:51:16.798Z</time>
			</trkpt>
			<trkpt lat="39.48399" lon="-1.10708">
				<ele>675.91</ele>
				<time>2026-09-10T07:51:19.421Z</time>
			</trkpt>
			<trkpt lat="39.48394" lon="-1.10704">
				<ele>676.05</ele>
				<time>2026-09-10T07:51:19.858Z</time>
			</trkpt>
			<trkpt lat="39.4838" lon="-1.10699">
				<ele>675.54</ele>
				<time>2026-09-10T07:51:20.941Z</time>
			</trkpt>
			<trkpt lat="39.48368" lon="-1.10698">
				<ele>674.61</ele>
				<time>2026-09-10T07:51:21.842Z</time>
			</trkpt>
			<trkpt lat="39.48356" lon="-1.10688">
				<ele>672.38</ele>
				<time>2026-09-10T07:51:22.896Z</time>
			</trkpt>
			<trkpt lat="39.4835" lon="-1.10673">
				<ele>670.41</ele>
				<time>2026-09-10T07:51:23.847Z</time>
			</trkpt>
			<trkpt lat="39.48348" lon="-1.10662">
				<ele>670.11</ele>
				<time>2026-09-10T07:51:24.483Z</time>
			</trkpt>
			<trkpt lat="39.4835" lon="-1.10651">
				<ele>670.22</ele>
				<time>2026-09-10T07:51:25.122Z</time>
			</trkpt>
			<trkpt lat="39.48355" lon="-1.10639">
				<ele>670.61</ele>
				<time>2026-09-10T07:51:25.904Z</time>
			</trkpt>
			<trkpt lat="39.48359" lon="-1.10634">
				<ele>670.9</ele>
				<time>2026-09-10T07:51:26.323Z</time>
			</trkpt>
			<trkpt lat="39.48369" lon="-1.10627">
				<ele>671.88</ele>
				<time>2026-09-10T07:51:27.199Z</time>
			</trkpt>
			<trkpt lat="39.48376" lon="-1.10626">
				<ele>672.71</ele>
				<time>2026-09-10T07:51:27.757Z</time>
			</trkpt>
			<trkpt lat="39.48384" lon="-1.10627">
				<ele>673.54</ele>
				<time>2026-09-10T07:51:28.412Z</time>
			</trkpt>
			<trkpt lat="39.48395" lon="-1.10635">
				<ele>674.33</ele>
				<time>2026-09-10T07:51:29.483Z</time>
			</trkpt>
			<trkpt lat="39.48404" lon="-1.10636">
				<ele>674.66</ele>
				<time>2026-09-10T07:51:30.288Z</time>
			</trkpt>
			<trkpt lat="39.48418" lon="-1.10632">
				<ele>675.79</ele>
				<time>2026-09-10T07:51:31.641Z</time>
			</trkpt>
			<trkpt lat="39.48421" lon="-1.10625">
				<ele>676.75</ele>
				<time>2026-09-10T07:51:32.257Z</time>
			</trkpt>
			<trkpt lat="39.48431" lon="-1.10575">
				<ele>678.75</ele>
				<time>2026-09-10T07:51:36.696Z</time>
			</trkpt>
			<trkpt lat="39.48437" lon="-1.10559">
				<ele>678.58</ele>
				<time>2026-09-10T07:51:38.397Z</time>
			</trkpt>
			<trkpt lat="39.4848" lon="-1.10466">
				<ele>681.25</ele>
				<time>2026-09-10T07:51:50.449Z</time>
			</trkpt>
			<trkpt lat="39.48495" lon="-1.10439">
				<ele>682.21</ele>
				<time>2026-09-10T07:51:54.659Z</time>
			</trkpt>
			<trkpt lat="39.48625" lon="-1.10183">
				<ele>685.49</ele>
				<time>2026-09-10T07:52:40.436Z</time>
			</trkpt>
			<trkpt lat="39.48629" lon="-1.10166">
				<ele>684.72</ele>
				<time>2026-09-10T07:52:43.289Z</time>
			</trkpt>
			<trkpt lat="39.4864" lon="-1.10139">
				<ele>685.2</ele>
				<time>2026-09-10T07:52:48.192Z</time>
			</trkpt>
			<trkpt lat="39.4865" lon="-1.10121">
				<ele>689.64</ele>
				<time>2026-09-10T07:52:51.749Z</time>
			</trkpt>
			<trkpt lat="39.48668" lon="-1.10098">
				<ele>693.48</ele>
				<time>2026-09-10T07:52:56.979Z</time>
			</trkpt>
			<trkpt lat="39.48682" lon="-1.10086">
				<ele>695.65</ele>
				<time>2026-09-10T07:53:00.429Z</time>
			</trkpt>
			<trkpt lat="39.48746" lon="-1.10062">
				<ele>701.01</ele>
				<time>2026-09-10T07:53:13.816Z</time>
			</trkpt>
			<trkpt lat="39.48779" lon="-1.10039">
				<ele>701.98</ele>
				<time>2026-09-10T07:53:21.038Z</time>
			</trkpt>
			<trkpt lat="39.48783" lon="-1.10037">
				<ele>701.93</ele>
				<time>2026-09-10T07:53:21.846Z</time>
			</trkpt>
			<trkpt lat="39.48792" lon="-1.10039">
				<ele>701.8</ele>
				<time>2026-09-10T07:53:23.554Z</time>
			</trkpt>
			<trkpt lat="39.48789" lon="-1.10027">
				<ele>702.01</ele>
				<time>2026-09-10T07:53:25.354Z</time>
			</trkpt>
			<trkpt lat="39.48807" lon="-1.10028">
				<ele>702.06</ele>
				<time>2026-09-10T07:53:28.669Z</time>
			</trkpt>
			<trkpt lat="39.4881" lon="-1.10034">
				<ele>701.93</ele>
				<time>2026-09-10T07:53:29.684Z</time>
			</trkpt>
			<trkpt lat="39.4881" lon="-1.1005">
				<ele>701.23</ele>
				<time>2026-09-10T07:53:31.957Z</time>
			</trkpt>
			<trkpt lat="39.4883" lon="-1.1028">
				<ele>690.04</ele>
				<time>2026-09-10T07:54:04.846Z</time>
			</trkpt>
			<trkpt lat="39.48813" lon="-1.10282">
				<ele>690.12</ele>
				<time>2026-09-10T07:54:07.989Z</time>
			</trkpt>
			<trkpt lat="39.48646" lon="-1.10304">
				<ele>690.77</ele>
				<time>2026-09-10T07:54:38.896Z</time>
			</trkpt>
			<trkpt lat="39.48647" lon="-1.10316">
				<ele>689.8</ele>
				<time>2026-09-10T07:54:40.610Z</time>
			</trkpt>
			<trkpt lat="39.4864" lon="-1.10317">
				<ele>690.95</ele>
				<time>2026-09-10T07:54:41.906Z</time>
			</trkpt>
			<trkpt lat="39.4862" lon="-1.10336">
				<ele>689.85</ele>
				<time>2026-09-10T07:54:46.472Z</time>
			</trkpt>
			<trkpt lat="39.48581" lon="-1.1027">
				<ele>690.3</ele>
				<time>2026-09-10T07:54:58.633Z</time>
			</trkpt>
			<trkpt lat="39.48523" lon="-1.10384">
				<ele>684.81</ele>
				<time>2026-09-10T07:55:09.905Z</time>
			</trkpt>
			<trkpt lat="39.48465" lon="-1.10336">
				<ele>679.39</ele>
				<time>2026-09-10T07:55:17.122Z</time>
			</trkpt>
			<trkpt lat="39.48455" lon="-1.10322">
				<ele>679.08</ele>
				<time>2026-09-10T07:55:18.728Z</time>
			</trkpt>
			<trkpt lat="39.48437" lon="-1.10283">
				<ele>679.17</ele>
				<time>2026-09-10T07:55:22.600Z</time>
			</trkpt>
			<trkpt lat="39.48427" lon="-1.10268">
				<ele>680.22</ele>
				<time>2026-09-10T07:55:24.299Z</time>
			</trkpt>
			<trkpt lat="39.48408" lon="-1.10246">
				<ele>681.42</ele>
				<time>2026-09-10T07:55:27.127Z</time>
			</trkpt>
			<trkpt lat="39.4838" lon="-1.10225">
				<ele>681.06</ele>
				<time>2026-09-10T07:55:30.691Z</time>
			</trkpt>
			<trkpt lat="39.48366" lon="-1.1022">
				<ele>678.13</ele>
				<time>2026-09-10T07:55:32.272Z</time>
			</trkpt>
			<trkpt lat="39.48334" lon="-1.10225">
				<ele>673.97</ele>
				<time>2026-09-10T07:55:35.715Z</time>
			</trkpt>
			<trkpt lat="39.48321" lon="-1.10225">
				<ele>671.72</ele>
				<time>2026-09-10T07:55:37.072Z</time>
			</trkpt>
			<trkpt lat="39.48312" lon="-1.10216">
				<ele>670.49</ele>
				<time>2026-09-10T07:55:38.240Z</time>
			</trkpt>
			<trkpt lat="39.48301" lon="-1.10191">
				<ele>670.23</ele>
				<time>2026-09-10T07:55:40.469Z</time>
			</trkpt>
			<trkpt lat="39.48289" lon="-1.10174">
				<ele>671.27</ele>
				<time>2026-09-10T07:55:42.194Z</time>
			</trkpt>
			<trkpt lat="39.48247" lon="-1.10145">
				<ele>670.57</ele>
				<time>2026-09-10T07:55:46.501Z</time>
			</trkpt>
			<trkpt lat="39.48238" lon="-1.10136">
				<ele>669.87</ele>
				<time>2026-09-10T07:55:47.453Z</time>
			</trkpt>
			<trkpt lat="39.48229" lon="-1.10122">
				<ele>668.97</ele>
				<time>2026-09-10T07:55:48.586Z</time>
			</trkpt>
			<trkpt lat="39.48112" lon="-1.10137">
				<ele>659.84</ele>
				<time>2026-09-10T07:55:57.437Z</time>
			</trkpt>
			<trkpt lat="39.48106" lon="-1.1014">
				<ele>660.02</ele>
				<time>2026-09-10T07:55:57.915Z</time>
			</trkpt>
			<trkpt lat="39.48068" lon="-1.10167">
				<ele>658.88</ele>
				<time>2026-09-10T07:56:01.121Z</time>
			</trkpt>
			<trkpt lat="39.48028" lon="-1.10192">
				<ele>655.79</ele>
				<time>2026-09-10T07:56:04.380Z</time>
			</trkpt>
			<trkpt lat="39.47954" lon="-1.10215">
				<ele>655.5</ele>
				<time>2026-09-10T07:56:09.904Z</time>
			</trkpt>
			<trkpt lat="39.47923" lon="-1.1022">
				<ele>654.31</ele>
				<time>2026-09-10T07:56:12.149Z</time>
			</trkpt>
			<trkpt lat="39.47882" lon="-1.1022">
				<ele>653.77</ele>
				<time>2026-09-10T07:56:15.077Z</time>
			</trkpt>
			<trkpt lat="39.47805" lon="-1.1024">
				<ele>652.63</ele>
				<time>2026-09-10T07:56:20.626Z</time>
			</trkpt>
			<trkpt lat="39.4778" lon="-1.10243">
				<ele>650.53</ele>
				<time>2026-09-10T07:56:22.383Z</time>
			</trkpt>
			<trkpt lat="39.47717" lon="-1.10243">
				<ele>647.81</ele>
				<time>2026-09-10T07:56:26.758Z</time>
			</trkpt>
			<trkpt lat="39.47664" lon="-1.10232">
				<ele>648.97</ele>
				<time>2026-09-10T07:56:30.447Z</time>
			</trkpt>
			<trkpt lat="39.47625" lon="-1.1022">
				<ele>649.29</ele>
				<time>2026-09-10T07:56:33.179Z</time>
			</trkpt>
			<trkpt lat="39.47584" lon="-1.10219">
				<ele>650.11</ele>
				<time>2026-09-10T07:56:35.954Z</time>
			</trkpt>
			<trkpt lat="39.47482" lon="-1.10234">
				<ele>651.59</ele>
				<time>2026-09-10T07:56:42.811Z</time>
			</trkpt>
			<trkpt lat="39.47396" lon="-1.10224">
				<ele>650.15</ele>
				<time>2026-09-10T07:56:48.485Z</time>
			</trkpt>
			<trkpt lat="39.47387" lon="-1.10228">
				<ele>651.16</ele>
				<time>2026-09-10T07:56:49.104Z</time>
			</trkpt>
			<trkpt lat="39.47323" lon="-1.10267">
				<ele>656.5</ele>
				<time>2026-09-10T07:56:53.680Z</time>
			</trkpt>
			<trkpt lat="39.47303" lon="-1.10272">
				<ele>658.37</ele>
				<time>2026-09-10T07:56:54.988Z</time>
			</trkpt>
			<trkpt lat="39.47275" lon="-1.10275">
				<ele>660</ele>
				<time>2026-09-10T07:56:56.783Z</time>
			</trkpt>
			<trkpt lat="39.47263" lon="-1.10278">
				<ele>660</ele>
				<time>2026-09-10T07:56:57.562Z</time>
			</trkpt>
			<trkpt lat="39.47162" lon="-1.10345">
				<ele>665.14</ele>
				<time>2026-09-10T07:57:04.711Z</time>
			</trkpt>
			<trkpt lat="39.46984" lon="-1.10472">
				<ele>673.66</ele>
				<time>2026-09-10T07:57:17.174Z</time>
			</trkpt>
			<trkpt lat="39.46968" lon="-1.10482">
				<ele>675.4</ele>
				<time>2026-09-10T07:57:18.243Z</time>
			</trkpt>
			<trkpt lat="39.4691" lon="-1.10504">
				<ele>679.14</ele>
				<time>2026-09-10T07:57:21.858Z</time>
			</trkpt>
			<trkpt lat="39.46887" lon="-1.10517">
				<ele>680.71</ele>
				<time>2026-09-10T07:57:23.348Z</time>
			</trkpt>
			<trkpt lat="39.4677" lon="-1.10594">
				<ele>684.45</ele>
				<time>2026-09-10T07:57:31.041Z</time>
			</trkpt>
			<trkpt lat="39.46757" lon="-1.10598">
				<ele>684.3</ele>
				<time>2026-09-10T07:57:31.815Z</time>
			</trkpt>
			<trkpt lat="39.46737" lon="-1.10594">
				<ele>684.48</ele>
				<time>2026-09-10T07:57:32.985Z</time>
			</trkpt>
			<trkpt lat="39.46673" lon="-1.10561">
				<ele>686.79</ele>
				<time>2026-09-10T07:57:36.936Z</time>
			</trkpt>
			<trkpt lat="39.46661" lon="-1.10558">
				<ele>686.92</ele>
				<time>2026-09-10T07:57:37.633Z</time>
			</trkpt>
			<trkpt lat="39.4659" lon="-1.10553">
				<ele>687.42</ele>
				<time>2026-09-10T07:57:41.659Z</time>
			</trkpt>
			<trkpt lat="39.46578" lon="-1.10555">
				<ele>688.1</ele>
				<time>2026-09-10T07:57:42.339Z</time>
			</trkpt>
			<trkpt lat="39.46569" lon="-1.10559">
				<ele>688.39</ele>
				<time>2026-09-10T07:57:42.874Z</time>
			</trkpt>
			<trkpt lat="39.46559" lon="-1.10567">
				<ele>688.45</ele>
				<time>2026-09-10T07:57:43.532Z</time>
			</trkpt>
			<trkpt lat="39.4653" lon="-1.10602">
				<ele>687.41</ele>
				<time>2026-09-10T07:57:45.746Z</time>
			</trkpt>
			<trkpt lat="39.46423" lon="-1.10735">
				<ele>685.63</ele>
				<time>2026-09-10T07:57:53.906Z</time>
			</trkpt>
			<trkpt lat="39.46409" lon="-1.10747">
				<ele>686.09</ele>
				<time>2026-09-10T07:57:54.819Z</time>
			</trkpt>
			<trkpt lat="39.46275" lon="-1.10826">
				<ele>693.93</ele>
				<time>2026-09-10T07:58:02.722Z</time>
			</trkpt>
			<trkpt lat="39.46261" lon="-1.10829">
				<ele>693.4</ele>
				<time>2026-09-10T07:58:03.475Z</time>
			</trkpt>
			<trkpt lat="39.46245" lon="-1.10829">
				<ele>692.92</ele>
				<time>2026-09-10T07:58:04.322Z</time>
			</trkpt>
			<trkpt lat="39.46064" lon="-1.10799">
				<ele>694.2</ele>
				<time>2026-09-10T07:58:13.844Z</time>
			</trkpt>
			<trkpt lat="39.46039" lon="-1.10793">
				<ele>695.1</ele>
				<time>2026-09-10T07:58:15.152Z</time>
			</trkpt>
			<trkpt lat="39.4601" lon="-1.10789">
				<ele>695.59</ele>
				<time>2026-09-10T07:58:16.646Z</time>
			</trkpt>
			<trkpt lat="39.45927" lon="-1.1077">
				<ele>700.16</ele>
				<time>2026-09-10T07:58:20.932Z</time>
			</trkpt>
			<trkpt lat="39.45917" lon="-1.10765">
				<ele>700.46</ele>
				<time>2026-09-10T07:58:21.473Z</time>
			</trkpt>
			<trkpt lat="39.45659" lon="-1.10593">
				<ele>702.09</ele>
				<time>2026-09-10T07:58:35.853Z</time>
			</trkpt>
			<trkpt lat="39.45452" lon="-1.10416">
				<ele>702.68</ele>
				<time>2026-09-10T07:58:47.752Z</time>
			</trkpt>
			<trkpt lat="39.45259" lon="-1.10259">
				<ele>708.63</ele>
				<time>2026-09-10T07:58:58.406Z</time>
			</trkpt>
			<trkpt lat="39.45255" lon="-1.10247">
				<ele>710.79</ele>
				<time>2026-09-10T07:58:58.872Z</time>
			</trkpt>
			<trkpt lat="39.45229" lon="-1.10117">
				<ele>714.91</ele>
				<time>2026-09-10T07:59:03.636Z</time>
			</trkpt>
			<trkpt lat="39.45213" lon="-1.10069">
				<ele>709.71</ele>
				<time>2026-09-10T07:59:05.479Z</time>
			</trkpt>
			<trkpt lat="39.45192" lon="-1.10028">
				<ele>712.83</ele>
				<time>2026-09-10T07:59:07.207Z</time>
			</trkpt>
			<trkpt lat="39.4517" lon="-1.09996">
				<ele>716.52</ele>
				<time>2026-09-10T07:59:08.707Z</time>
			</trkpt>
			<trkpt lat="39.45147" lon="-1.09981">
				<ele>721.41</ele>
				<time>2026-09-10T07:59:09.872Z</time>
			</trkpt>
			<trkpt lat="39.45115" lon="-1.09981">
				<ele>723.9</ele>
				<time>2026-09-10T07:59:11.316Z</time>
			</trkpt>
			<trkpt lat="39.45093" lon="-1.09989">
				<ele>721.78</ele>
				<time>2026-09-10T07:59:12.344Z</time>
			</trkpt>
			<trkpt lat="39.45072" lon="-1.09989">
				<ele>719.99</ele>
				<time>2026-09-10T07:59:13.288Z</time>
			</trkpt>
			<trkpt lat="39.45025" lon="-1.09976">
				<ele>719.07</ele>
				<time>2026-09-10T07:59:15.442Z</time>
			</trkpt>
			<trkpt lat="39.45006" lon="-1.09963">
				<ele>722.65</ele>
				<time>2026-09-10T07:59:16.403Z</time>
			</trkpt>
			<trkpt lat="39.44979" lon="-1.09939">
				<ele>722.64</ele>
				<time>2026-09-10T07:59:17.864Z</time>
			</trkpt>
			<trkpt lat="39.44952" lon="-1.0994">
				<ele>722.06</ele>
				<time>2026-09-10T07:59:19.067Z</time>
			</trkpt>
			<trkpt lat="39.44927" lon="-1.09962">
				<ele>724.68</ele>
				<time>2026-09-10T07:59:20.410Z</time>
			</trkpt>
			<trkpt lat="39.44915" lon="-1.09964">
				<ele>725.61</ele>
				<time>2026-09-10T07:59:20.947Z</time>
			</trkpt>
			<trkpt lat="39.44905" lon="-1.09955">
				<ele>726.63</ele>
				<time>2026-09-10T07:59:21.486Z</time>
			</trkpt>
			<trkpt lat="39.44887" lon="-1.09923">
				<ele>725.84</ele>
				<time>2026-09-10T07:59:22.840Z</time>
			</trkpt>
			<trkpt lat="39.44868" lon="-1.09903">
				<ele>726.35</ele>
				<time>2026-09-10T07:59:23.922Z</time>
			</trkpt>
			<trkpt lat="39.44821" lon="-1.09868">
				<ele>727.43</ele>
				<time>2026-09-10T07:59:26.311Z</time>
			</trkpt>
			<trkpt lat="39.44804" lon="-1.09852">
				<ele>727.38</ele>
				<time>2026-09-10T07:59:27.235Z</time>
			</trkpt>
			<trkpt lat="39.44791" lon="-1.09845">
				<ele>728.12</ele>
				<time>2026-09-10T07:59:27.854Z</time>
			</trkpt>
			<trkpt lat="39.44772" lon="-1.09845">
				<ele>728.74</ele>
				<time>2026-09-10T07:59:28.688Z</time>
			</trkpt>
			<trkpt lat="39.44744" lon="-1.09864">
				<ele>730.53</ele>
				<time>2026-09-10T07:59:30.073Z</time>
			</trkpt>
			<trkpt lat="39.4473" lon="-1.09868">
				<ele>731.56</ele>
				<time>2026-09-10T07:59:30.700Z</time>
			</trkpt>
			<trkpt lat="39.44715" lon="-1.09877">
				<ele>733.4</ele>
				<time>2026-09-10T07:59:31.423Z</time>
			</trkpt>
			<trkpt lat="39.44699" lon="-1.09882">
				<ele>734.38</ele>
				<time>2026-09-10T07:59:32.143Z</time>
			</trkpt>
			<trkpt lat="39.44667" lon="-1.09879">
				<ele>735.19</ele>
				<time>2026-09-10T07:59:33.543Z</time>
			</trkpt>
			<trkpt lat="39.44621" lon="-1.09869">
				<ele>739.08</ele>
				<time>2026-09-10T07:59:35.574Z</time>
			</trkpt>
			<trkpt lat="39.44438" lon="-1.09965">
				<ele>735.22</ele>
				<time>2026-09-10T07:59:44.128Z</time>
			</trkpt>
			<trkpt lat="39.4438" lon="-1.10007">
				<ele>734.03</ele>
				<time>2026-09-10T07:59:46.992Z</time>
			</trkpt>
			<trkpt lat="39.44356" lon="-1.10016">
				<ele>731.55</ele>
				<time>2026-09-10T07:59:48.068Z</time>
			</trkpt>
			<trkpt lat="39.44337" lon="-1.1002">
				<ele>731.89</ele>
				<time>2026-09-10T07:59:48.896Z</time>
			</trkpt>
			<trkpt lat="39.4432" lon="-1.10031">
				<ele>731.92</ele>
				<time>2026-09-10T07:59:49.713Z</time>
			</trkpt>
			<trkpt lat="39.4418" lon="-1.1016">
				<ele>724.25</ele>
				<time>2026-09-10T07:59:57.086Z</time>
			</trkpt>
			<trkpt lat="39.44164" lon="-1.1019">
				<ele>722.77</ele>
				<time>2026-09-10T07:59:58.292Z</time>
			</trkpt>
			<trkpt lat="39.44149" lon="-1.10213">
				<ele>723.75</ele>
				<time>2026-09-10T07:59:59.288Z</time>
			</trkpt>
			<trkpt lat="39.44126" lon="-1.10234">
				<ele>724.62</ele>
				<time>2026-09-10T08:00:00.493Z</time>
			</trkpt>
			<trkpt lat="39.44096" lon="-1.10257">
				<ele>725.23</ele>
				<time>2026-09-10T08:00:01.985Z</time>
			</trkpt>
			<trkpt lat="39.44075" lon="-1.10276">
				<ele>723.34</ele>
				<time>2026-09-10T08:00:03.081Z</time>
			</trkpt>
			<trkpt lat="39.4403" lon="-1.10295">
				<ele>717.07</ele>
				<time>2026-09-10T08:00:05.106Z</time>
			</trkpt>
			<trkpt lat="39.44006" lon="-1.10297">
				<ele>715.11</ele>
				<time>2026-09-10T08:00:06.135Z</time>
			</trkpt>
			<trkpt lat="39.43986" lon="-1.10308">
				<ele>713.87</ele>
				<time>2026-09-10T08:00:07.065Z</time>
			</trkpt>
			<trkpt lat="39.43934" lon="-1.10351">
				<ele>711.64</ele>
				<time>2026-09-10T08:00:09.705Z</time>
			</trkpt>
			<trkpt lat="39.4391" lon="-1.10364">
				<ele>710.49</ele>
				<time>2026-09-10T08:00:10.818Z</time>
			</trkpt>
			<trkpt lat="39.43829" lon="-1.10376">
				<ele>713.79</ele>
				<time>2026-09-10T08:00:14.309Z</time>
			</trkpt>
			<trkpt lat="39.43808" lon="-1.10386">
				<ele>712.3</ele>
				<time>2026-09-10T08:00:15.268Z</time>
			</trkpt>
			<trkpt lat="39.43798" lon="-1.10399">
				<ele>711.75</ele>
				<time>2026-09-10T08:00:15.875Z</time>
			</trkpt>
			<trkpt lat="39.43774" lon="-1.10443">
				<ele>712.09</ele>
				<time>2026-09-10T08:00:17.659Z</time>
			</trkpt>
			<trkpt lat="39.43593" lon="-1.10546">
				<ele>705.57</ele>
				<time>2026-09-10T08:00:26.159Z</time>
			</trkpt>
			<trkpt lat="39.43389" lon="-1.1067">
				<ele>695.65</ele>
				<time>2026-09-10T08:00:35.914Z</time>
			</trkpt>
			<trkpt lat="39.43367" lon="-1.10689">
				<ele>695.24</ele>
				<time>2026-09-10T08:00:37.065Z</time>
			</trkpt>
			<trkpt lat="39.4323" lon="-1.1083">
				<ele>695.44</ele>
				<time>2026-09-10T08:00:44.721Z</time>
			</trkpt>
			<trkpt lat="39.43023" lon="-1.10912">
				<ele>687.97</ele>
				<time>2026-09-10T08:00:54.303Z</time>
			</trkpt>
			<trkpt lat="39.42967" lon="-1.10913">
				<ele>681.39</ele>
				<time>2026-09-10T08:00:56.805Z</time>
			</trkpt>
			<trkpt lat="39.42752" lon="-1.10993">
				<ele>668.84</ele>
				<time>2026-09-10T08:01:06.913Z</time>
			</trkpt>
			<trkpt lat="39.42726" lon="-1.10993">
				<ele>668.54</ele>
				<time>2026-09-10T08:01:08.101Z</time>
			</trkpt>
			<trkpt lat="39.42691" lon="-1.10973">
				<ele>665.55</ele>
				<time>2026-09-10T08:01:09.853Z</time>
			</trkpt>
			<trkpt lat="39.42491" lon="-1.1089">
				<ele>661.98</ele>
				<time>2026-09-10T08:01:19.587Z</time>
			</trkpt>
			<trkpt lat="39.42454" lon="-1.10886">
				<ele>662.55</ele>
				<time>2026-09-10T08:01:21.330Z</time>
			</trkpt>
			<trkpt lat="39.41776" lon="-1.10824">
				<ele>632.36</ele>
				<time>2026-09-10T08:01:54.586Z</time>
			</trkpt>
			<trkpt lat="39.41541" lon="-1.10729">
				<ele>633.05</ele>
				<time>2026-09-10T08:02:07.375Z</time>
			</trkpt>
			<trkpt lat="39.41509" lon="-1.10722">
				<ele>635.28</ele>
				<time>2026-09-10T08:02:09.095Z</time>
			</trkpt>
			<trkpt lat="39.41472" lon="-1.10718">
				<ele>634.85</ele>
				<time>2026-09-10T08:02:11.072Z</time>
			</trkpt>
			<trkpt lat="39.41391" lon="-1.10722">
				<ele>635.89</ele>
				<time>2026-09-10T08:02:15.427Z</time>
			</trkpt>
			<trkpt lat="39.41376" lon="-1.10725">
				<ele>636.86</ele>
				<time>2026-09-10T08:02:16.248Z</time>
			</trkpt>
			<trkpt lat="39.41366" lon="-1.10733">
				<ele>637.39</ele>
				<time>2026-09-10T08:02:16.885Z</time>
			</trkpt>
			<trkpt lat="39.41358" lon="-1.10742">
				<ele>637.76</ele>
				<time>2026-09-10T08:02:17.461Z</time>
			</trkpt>
			<trkpt lat="39.41295" lon="-1.10683">
				<ele>637.23</ele>
				<time>2026-09-10T08:02:21.660Z</time>
			</trkpt>
			<trkpt lat="39.41262" lon="-1.10659">
				<ele>634.39</ele>
				<time>2026-09-10T08:02:23.662Z</time>
			</trkpt>
			<trkpt lat="39.41231" lon="-1.10646">
				<ele>637.59</ele>
				<time>2026-09-10T08:02:25.361Z</time>
			</trkpt>
			<trkpt lat="39.40521" lon="-1.10398">
				<ele>628.46</ele>
				<time>2026-09-10T08:02:58.523Z</time>
			</trkpt>
			<trkpt lat="39.40515" lon="-1.10398">
				<ele>627.94</ele>
				<time>2026-09-10T08:02:58.757Z</time>
			</trkpt>
			<trkpt lat="39.40464" lon="-1.1039">
				<ele>628.26</ele>
				<time>2026-09-10T08:03:00.738Z</time>
			</trkpt>
			<trkpt lat="39.40435" lon="-1.1039">
				<ele>629.3</ele>
				<time>2026-09-10T08:03:01.840Z</time>
			</trkpt>
			<trkpt lat="39.40392" lon="-1.10393">
				<ele>631.86</ele>
				<time>2026-09-10T08:03:03.453Z</time>
			</trkpt>
			<trkpt lat="39.40379" lon="-1.10392">
				<ele>632.08</ele>
				<time>2026-09-10T08:03:03.936Z</time>
			</trkpt>
			<trkpt lat="39.40346" lon="-1.10404">
				<ele>632.24</ele>
				<time>2026-09-10T08:03:05.197Z</time>
			</trkpt>
			<trkpt lat="39.40233" lon="-1.10456">
				<ele>641.35</ele>
				<time>2026-09-10T08:03:09.483Z</time>
			</trkpt>
			<trkpt lat="39.40018" lon="-1.10562">
				<ele>664.97</ele>
				<time>2026-09-10T08:03:17.212Z</time>
			</trkpt>
			<trkpt lat="39.39911" lon="-1.10608">
				<ele>657.18</ele>
				<time>2026-09-10T08:03:20.784Z</time>
			</trkpt>
			<trkpt lat="39.39852" lon="-1.10624">
				<ele>655.67</ele>
				<time>2026-09-10T08:03:22.640Z</time>
			</trkpt>
			<trkpt lat="39.39825" lon="-1.10628">
				<ele>653.72</ele>
				<time>2026-09-10T08:03:23.466Z</time>
			</trkpt>
			<trkpt lat="39.39684" lon="-1.10633">
				<ele>660.5</ele>
				<time>2026-09-10T08:03:27.642Z</time>
			</trkpt>
			<trkpt lat="39.39656" lon="-1.10639">
				<ele>663.37</ele>
				<time>2026-09-10T08:03:28.461Z</time>
			</trkpt>
			<trkpt lat="39.3963" lon="-1.10653">
				<ele>664.04</ele>
				<time>2026-09-10T08:03:29.268Z</time>
			</trkpt>
			<trkpt lat="39.39598" lon="-1.10676">
				<ele>662.36</ele>
				<time>2026-09-10T08:03:30.306Z</time>
			</trkpt>
			<trkpt lat="39.39427" lon="-1.10815">
				<ele>654.61</ele>
				<time>2026-09-10T08:03:35.862Z</time>
			</trkpt>
			<trkpt lat="39.39392" lon="-1.10836">
				<ele>655.01</ele>
				<time>2026-09-10T08:03:36.892Z</time>
			</trkpt>
			<trkpt lat="39.39361" lon="-1.10845">
				<ele>659.1</ele>
				<time>2026-09-10T08:03:37.734Z</time>
			</trkpt>
			<trkpt lat="39.3933" lon="-1.10845">
				<ele>663.31</ele>
				<time>2026-09-10T08:03:38.550Z</time>
			</trkpt>
			<trkpt lat="39.39262" lon="-1.10827">
				<ele>663.47</ele>
				<time>2026-09-10T08:03:40.358Z</time>
			</trkpt>
			<trkpt lat="39.39233" lon="-1.10825">
				<ele>664.85</ele>
				<time>2026-09-10T08:03:41.108Z</time>
			</trkpt>
			<trkpt lat="39.3921" lon="-1.10829">
				<ele>665.6</ele>
				<time>2026-09-10T08:03:41.704Z</time>
			</trkpt>
			<trkpt lat="39.39184" lon="-1.1084">
				<ele>665.35</ele>
				<time>2026-09-10T08:03:42.403Z</time>
			</trkpt>
			<trkpt lat="39.39159" lon="-1.10858">
				<ele>665.07</ele>
				<time>2026-09-10T08:03:43.130Z</time>
			</trkpt>
			<trkpt lat="39.39145" lon="-1.10873">
				<ele>664.87</ele>
				<time>2026-09-10T08:03:43.591Z</time>
			</trkpt>
			<trkpt lat="39.39038" lon="-1.11007">
				<ele>659.38</ele>
				<time>2026-09-10T08:03:47.317Z</time>
			</trkpt>
			<trkpt lat="39.39016" lon="-1.11047">
				<ele>659.64</ele>
				<time>2026-09-10T08:03:48.255Z</time>
			</trkpt>
			<trkpt lat="39.38996" lon="-1.11095">
				<ele>659.52</ele>
				<time>2026-09-10T08:03:49.293Z</time>
			</trkpt>
			<trkpt lat="39.38978" lon="-1.11161">
				<ele>659.24</ele>
				<time>2026-09-10T08:03:50.618Z</time>
			</trkpt>
			<trkpt lat="39.3896" lon="-1.11202">
				<ele>657.34</ele>
				<time>2026-09-10T08:03:51.507Z</time>
			</trkpt>
			<trkpt lat="39.38941" lon="-1.1123">
				<ele>655.02</ele>
				<time>2026-09-10T08:03:52.208Z</time>
			</trkpt>
			<trkpt lat="39.38915" lon="-1.11252">
				<ele>653.04</ele>
				<time>2026-09-10T08:03:52.963Z</time>
			</trkpt>
			<trkpt lat="39.38866" lon="-1.11278">
				<ele>654.02</ele>
				<time>2026-09-10T08:03:54.248Z</time>
			</trkpt>
			<trkpt lat="39.38835" lon="-1.11287">
				<ele>661.56</ele>
				<time>2026-09-10T08:03:55.017Z</time>
			</trkpt>
			<trkpt lat="39.3879" lon="-1.11292">
				<ele>667.18</ele>
				<time>2026-09-10T08:03:56.109Z</time>
			</trkpt>
			<trkpt lat="39.38767" lon="-1.11301">
				<ele>668.36</ele>
				<time>2026-09-10T08:03:56.690Z</time>
			</trkpt>
			<trkpt lat="39.38742" lon="-1.11315">
				<ele>667.33</ele>
				<time>2026-09-10T08:03:57.349Z</time>
			</trkpt>
			<trkpt lat="39.38717" lon="-1.11338">
				<ele>666.07</ele>
				<time>2026-09-10T08:03:58.090Z</time>
			</trkpt>
			<trkpt lat="39.38614" lon="-1.11436">
				<ele>658.77</ele>
				<time>2026-09-10T08:04:01.185Z</time>
			</trkpt>
			<trkpt lat="39.38593" lon="-1.11451">
				<ele>657.84</ele>
				<time>2026-09-10T08:04:01.767Z</time>
			</trkpt>
			<trkpt lat="39.38566" lon="-1.11461">
				<ele>662.09</ele>
				<time>2026-09-10T08:04:02.450Z</time>
			</trkpt>
			<trkpt lat="39.38278" lon="-1.11533">
				<ele>678.3</ele>
				<time>2026-09-10T08:04:09.687Z</time>
			</trkpt>
			<trkpt lat="39.38248" lon="-1.11544">
				<ele>681.08</ele>
				<time>2026-09-10T08:04:10.471Z</time>
			</trkpt>
			<trkpt lat="39.38215" lon="-1.11565">
				<ele>679.81</ele>
				<time>2026-09-10T08:04:11.402Z</time>
			</trkpt>
			<trkpt lat="39.38162" lon="-1.11606">
				<ele>679.4</ele>
				<time>2026-09-10T08:04:12.977Z</time>
			</trkpt>
			<trkpt lat="39.3813" lon="-1.11622">
				<ele>684.64</ele>
				<time>2026-09-10T08:04:13.860Z</time>
			</trkpt>
			<trkpt lat="39.38108" lon="-1.11625">
				<ele>684.48</ele>
				<time>2026-09-10T08:04:14.432Z</time>
			</trkpt>
			<trkpt lat="39.3808" lon="-1.11621">
				<ele>680.9</ele>
				<time>2026-09-10T08:04:15.165Z</time>
			</trkpt>
			<trkpt lat="39.37959" lon="-1.11592">
				<ele>686.57</ele>
				<time>2026-09-10T08:04:18.415Z</time>
			</trkpt>
			<trkpt lat="39.37931" lon="-1.11582">
				<ele>688.8</ele>
				<time>2026-09-10T08:04:19.195Z</time>
			</trkpt>
			<trkpt lat="39.37896" lon="-1.11562">
				<ele>694.47</ele>
				<time>2026-09-10T08:04:20.231Z</time>
			</trkpt>
			<trkpt lat="39.37716" lon="-1.11448">
				<ele>699.82</ele>
				<time>2026-09-10T08:04:25.827Z</time>
			</trkpt>
			<trkpt lat="39.37678" lon="-1.11418">
				<ele>702.69</ele>
				<time>2026-09-10T08:04:27.112Z</time>
			</trkpt>
			<trkpt lat="39.37628" lon="-1.11371">
				<ele>707.04</ele>
				<time>2026-09-10T08:04:28.925Z</time>
			</trkpt>
			<trkpt lat="39.37583" lon="-1.11338">
				<ele>710.97</ele>
				<time>2026-09-10T08:04:30.468Z</time>
			</trkpt>
			<trkpt lat="39.37101" lon="-1.11107">
				<ele>699.89</ele>
				<time>2026-09-10T08:04:47.311Z</time>
			</trkpt>
			<trkpt lat="39.37021" lon="-1.11071">
				<ele>698.77</ele>
				<time>2026-09-10T08:04:50.390Z</time>
			</trkpt>
			<trkpt lat="39.36996" lon="-1.11066">
				<ele>699.38</ele>
				<time>2026-09-10T08:04:51.329Z</time>
			</trkpt>
			<trkpt lat="39.36968" lon="-1.11067">
				<ele>699.58</ele>
				<time>2026-09-10T08:04:52.378Z</time>
			</trkpt>
			<trkpt lat="39.36836" lon="-1.11101">
				<ele>696.88</ele>
				<time>2026-09-10T08:04:57.577Z</time>
			</trkpt>
			<trkpt lat="39.36812" lon="-1.11105">
				<ele>697</ele>
				<time>2026-09-10T08:04:58.541Z</time>
			</trkpt>
			<trkpt lat="39.3679" lon="-1.11103">
				<ele>696.45</ele>
				<time>2026-09-10T08:04:59.426Z</time>
			</trkpt>
			<trkpt lat="39.36686" lon="-1.11086">
				<ele>692.31</ele>
				<time>2026-09-10T08:05:03.739Z</time>
			</trkpt>
			<trkpt lat="39.3666" lon="-1.11078">
				<ele>690.47</ele>
				<time>2026-09-10T08:05:04.866Z</time>
			</trkpt>
			<trkpt lat="39.36628" lon="-1.11062">
				<ele>688.19</ele>
				<time>2026-09-10T08:05:06.331Z</time>
			</trkpt>
			<trkpt lat="39.3635" lon="-1.10892">
				<ele>689.52</ele>
				<time>2026-09-10T08:05:20.362Z</time>
			</trkpt>
			<trkpt lat="39.36326" lon="-1.10872">
				<ele>689.79</ele>
				<time>2026-09-10T08:05:21.752Z</time>
			</trkpt>
			<trkpt lat="39.36306" lon="-1.10851">
				<ele>690.53</ele>
				<time>2026-09-10T08:05:23.019Z</time>
			</trkpt>
			<trkpt lat="39.36284" lon="-1.10817">
				<ele>689.67</ele>
				<time>2026-09-10T08:05:24.726Z</time>
			</trkpt>
			<trkpt lat="39.36239" lon="-1.10739">
				<ele>685.51</ele>
				<time>2026-09-10T08:05:28.551Z</time>
			</trkpt>
			<trkpt lat="39.36212" lon="-1.10705">
				<ele>683.26</ele>
				<time>2026-09-10T08:05:30.510Z</time>
			</trkpt>
			<trkpt lat="39.36186" lon="-1.10681">
				<ele>682.16</ele>
				<time>2026-09-10T08:05:32.192Z</time>
			</trkpt>
			<trkpt lat="39.36153" lon="-1.10662">
				<ele>681.8</ele>
				<time>2026-09-10T08:05:34.120Z</time>
			</trkpt>
			<trkpt lat="39.34824" lon="-1.10029">
				<ele>668.35</ele>
				<time>2026-09-10T08:07:14.538Z</time>
			</trkpt>
			<trkpt lat="39.34798" lon="-1.10011">
				<ele>667.86</ele>
				<time>2026-09-10T08:07:17.220Z</time>
			</trkpt>
			<trkpt lat="39.34779" lon="-1.09993">
				<ele>665.89</ele>
				<time>2026-09-10T08:07:19.382Z</time>
			</trkpt>
			<trkpt lat="39.34764" lon="-1.09969">
				<ele>663.89</ele>
				<time>2026-09-10T08:07:21.591Z</time>
			</trkpt>
			<trkpt lat="39.34749" lon="-1.09929">
				<ele>661.45</ele>
				<time>2026-09-10T08:07:24.804Z</time>
			</trkpt>
			<trkpt lat="39.34532" lon="-1.09213">
				<ele>671.46</ele>
				<time>2026-09-10T08:08:26.615Z</time>
			</trkpt>
			<trkpt lat="39.34427" lon="-1.08876">
				<ele>671.75</ele>
				<time>2026-09-10T08:09:00.187Z</time>
			</trkpt>
			<trkpt lat="39.34416" lon="-1.08856">
				<ele>671.78</ele>
				<time>2026-09-10T08:09:02.562Z</time>
			</trkpt>
			<trkpt lat="39.34388" lon="-1.0882">
				<ele>672.02</ele>
				<time>2026-09-10T08:09:07.548Z</time>
			</trkpt>
			<trkpt lat="39.34363" lon="-1.08803">
				<ele>668.94</ele>
				<time>2026-09-10T08:09:11.151Z</time>
			</trkpt>
			<trkpt lat="39.34037" lon="-1.08592">
				<ele>657.01</ele>
				<time>2026-09-10T08:10:00.508Z</time>
			</trkpt>
			<trkpt lat="39.34" lon="-1.08561">
				<ele>662.97</ele>
				<time>2026-09-10T08:10:06.845Z</time>
			</trkpt>
			<trkpt lat="39.33965" lon="-1.08522">
				<ele>664.77</ele>
				<time>2026-09-10T08:10:13.574Z</time>
			</trkpt>
			<trkpt lat="39.33944" lon="-1.08502">
				<ele>665.16</ele>
				<time>2026-09-10T08:10:17.412Z</time>
			</trkpt>
			<trkpt lat="39.33931" lon="-1.08494">
				<ele>664.85</ele>
				<time>2026-09-10T08:10:19.542Z</time>
			</trkpt>
			<trkpt lat="39.33904" lon="-1.08482">
				<ele>665.02</ele>
				<time>2026-09-10T08:10:23.794Z</time>
			</trkpt>
			<trkpt lat="39.33837" lon="-1.08455">
				<ele>669.33</ele>
				<time>2026-09-10T08:10:34.395Z</time>
			</trkpt>
			<trkpt lat="39.33766" lon="-1.08427">
				<ele>667.46</ele>
				<time>2026-09-10T08:10:45.839Z</time>
			</trkpt>
			<trkpt lat="39.33749" lon="-1.08425">
				<ele>667.12</ele>
				<time>2026-09-10T08:10:48.504Z</time>
			</trkpt>
			<trkpt lat="39.33736" lon="-1.08427">
				<ele>668.54</ele>
				<time>2026-09-10T08:10:50.557Z</time>
			</trkpt>
			<trkpt lat="39.33725" lon="-1.08432">
				<ele>669.83</ele>
				<time>2026-09-10T08:10:52.392Z</time>
			</trkpt>
			<trkpt lat="39.33684" lon="-1.0846">
				<ele>670.56</ele>
				<time>2026-09-10T08:10:59.749Z</time>
			</trkpt>
			<trkpt lat="39.33677" lon="-1.08462">
				<ele>670.49</ele>
				<time>2026-09-10T08:11:00.895Z</time>
			</trkpt>
			<trkpt lat="39.33669" lon="-1.08462">
				<ele>669.93</ele>
				<time>2026-09-10T08:11:02.176Z</time>
			</trkpt>
			<trkpt lat="39.33668" lon="-1.08473">
				<ele>671.17</ele>
				<time>2026-09-10T08:11:03.552Z</time>
			</trkpt>
			<trkpt lat="39.33664" lon="-1.08493">
				<ele>672.73</ele>
				<time>2026-09-10T08:11:06.126Z</time>
			</trkpt>
			<trkpt lat="39.33668" lon="-1.08473">
				<ele>671.17</ele>
				<time>2026-09-10T08:11:23.741Z</time>
			</trkpt>
			<trkpt lat="39.33669" lon="-1.08462">
				<ele>669.93</ele>
				<time>2026-09-10T08:11:38.320Z</time>
			</trkpt>
			<trkpt lat="39.33654" lon="-1.08454">
				<ele>669.29</ele>
				<time>2026-09-10T08:11:44.236Z</time>
			</trkpt>
			<trkpt lat="39.33528" lon="-1.08323">
				<ele>674.54</ele>
				<time>2026-09-10T08:12:01.512Z</time>
			</trkpt>
			<trkpt lat="39.33512" lon="-1.08314">
				<ele>673.23</ele>
				<time>2026-09-10T08:12:03.292Z</time>
			</trkpt>
			<trkpt lat="39.33493" lon="-1.08312">
				<ele>672.6</ele>
				<time>2026-09-10T08:12:05.224Z</time>
			</trkpt>
			<trkpt lat="39.33472" lon="-1.08312">
				<ele>673.99</ele>
				<time>2026-09-10T08:12:07.338Z</time>
			</trkpt>
			<trkpt lat="39.333" lon="-1.08323">
				<ele>677.37</ele>
				<time>2026-09-10T08:12:24.116Z</time>
			</trkpt>
			<trkpt lat="39.33246" lon="-1.08332">
				<ele>675.99</ele>
				<time>2026-09-10T08:12:29.219Z</time>
			</trkpt>
			<trkpt lat="39.32796" lon="-1.08427">
				<ele>697.52</ele>
				<time>2026-09-10T08:13:08.408Z</time>
			</trkpt>
			<trkpt lat="39.32761" lon="-1.08438">
				<ele>702.24</ele>
				<time>2026-09-10T08:13:11.251Z</time>
			</trkpt>
			<trkpt lat="39.32738" lon="-1.08452">
				<ele>703.45</ele>
				<time>2026-09-10T08:13:13.236Z</time>
			</trkpt>
			<trkpt lat="39.32712" lon="-1.08478">
				<ele>705.37</ele>
				<time>2026-09-10T08:13:15.777Z</time>
			</trkpt>
			<trkpt lat="39.32643" lon="-1.08586">
				<ele>704.79</ele>
				<time>2026-09-10T08:13:23.955Z</time>
			</trkpt>
			<trkpt lat="39.3263" lon="-1.08602">
				<ele>706.7</ele>
				<time>2026-09-10T08:13:25.281Z</time>
			</trkpt>
			<trkpt lat="39.32621" lon="-1.08611">
				<ele>707.32</ele>
				<time>2026-09-10T08:13:26.117Z</time>
			</trkpt>
			<trkpt lat="39.32598" lon="-1.08627">
				<ele>709.65</ele>
				<time>2026-09-10T08:13:28.025Z</time>
			</trkpt>
			<trkpt lat="39.32306" lon="-1.08815">
				<ele>722.52</ele>
				<time>2026-09-10T08:13:50.495Z</time>
			</trkpt>
			<trkpt lat="39.32283" lon="-1.08825">
				<ele>722.32</ele>
				<time>2026-09-10T08:13:52.072Z</time>
			</trkpt>
			<trkpt lat="39.32257" lon="-1.08827">
				<ele>721.17</ele>
				<time>2026-09-10T08:13:53.750Z</time>
			</trkpt>
			<trkpt lat="39.32231" lon="-1.08823">
				<ele>722.16</ele>
				<time>2026-09-10T08:13:55.424Z</time>
			</trkpt>
			<trkpt lat="39.32209" lon="-1.08815">
				<ele>724.33</ele>
				<time>2026-09-10T08:13:56.872Z</time>
			</trkpt>
			<trkpt lat="39.32175" lon="-1.08793">
				<ele>727.19</ele>
				<time>2026-09-10T08:13:59.259Z</time>
			</trkpt>
			<trkpt lat="39.32085" lon="-1.08727">
				<ele>729.07</ele>
				<time>2026-09-10T08:14:05.611Z</time>
			</trkpt>
			<trkpt lat="39.32045" lon="-1.08704">
				<ele>729.46</ele>
				<time>2026-09-10T08:14:08.237Z</time>
			</trkpt>
			<trkpt lat="39.31656" lon="-1.08519">
				<ele>735.69</ele>
				<time>2026-09-10T08:14:31.465Z</time>
			</trkpt>
			<trkpt lat="39.31618" lon="-1.08494">
				<ele>737.94</ele>
				<time>2026-09-10T08:14:33.703Z</time>
			</trkpt>
			<trkpt lat="39.31564" lon="-1.0845">
				<ele>734.11</ele>
				<time>2026-09-10T08:14:37.007Z</time>
			</trkpt>
			<trkpt lat="39.3146" lon="-1.08321">
				<ele>725.43</ele>
				<time>2026-09-10T08:14:44.274Z</time>
			</trkpt>
			<trkpt lat="39.3143" lon="-1.08296">
				<ele>722.98</ele>
				<time>2026-09-10T08:14:46.035Z</time>
			</trkpt>
			<trkpt lat="39.31389" lon="-1.08278">
				<ele>724.88</ele>
				<time>2026-09-10T08:14:48.152Z</time>
			</trkpt>
			<trkpt lat="39.31287" lon="-1.08239">
				<ele>727</ele>
				<time>2026-09-10T08:14:53.266Z</time>
			</trkpt>
			<trkpt lat="39.31254" lon="-1.08219">
				<ele>726.4</ele>
				<time>2026-09-10T08:14:54.992Z</time>
			</trkpt>
			<trkpt lat="39.31221" lon="-1.08192">
				<ele>727.07</ele>
				<time>2026-09-10T08:14:56.827Z</time>
			</trkpt>
			<trkpt lat="39.30978" lon="-1.07973">
				<ele>722.58</ele>
				<time>2026-09-10T08:15:10.341Z</time>
			</trkpt>
			<trkpt lat="39.3095" lon="-1.07943">
				<ele>723.87</ele>
				<time>2026-09-10T08:15:11.958Z</time>
			</trkpt>
			<trkpt lat="39.30914" lon="-1.07893">
				<ele>725.98</ele>
				<time>2026-09-10T08:15:14.293Z</time>
			</trkpt>
			<trkpt lat="39.30794" lon="-1.07707">
				<ele>725.49</ele>
				<time>2026-09-10T08:15:22.468Z</time>
			</trkpt>
			<trkpt lat="39.30769" lon="-1.07677">
				<ele>722.77</ele>
				<time>2026-09-10T08:15:23.942Z</time>
			</trkpt>
			<trkpt lat="39.30746" lon="-1.07659">
				<ele>720.91</ele>
				<time>2026-09-10T08:15:25.101Z</time>
			</trkpt>
			<trkpt lat="39.30721" lon="-1.07649">
				<ele>719.67</ele>
				<time>2026-09-10T08:15:26.227Z</time>
			</trkpt>
			<trkpt lat="39.30696" lon="-1.07647">
				<ele>717.63</ele>
				<time>2026-09-10T08:15:27.303Z</time>
			</trkpt>
			<trkpt lat="39.30497" lon="-1.07665">
				<ele>724.23</ele>
				<time>2026-09-10T08:15:35.840Z</time>
			</trkpt>
			<trkpt lat="39.30176" lon="-1.07645">
				<ele>721.86</ele>
				<time>2026-09-10T08:15:49.609Z</time>
			</trkpt>
			<trkpt lat="39.30142" lon="-1.07635">
				<ele>720.85</ele>
				<time>2026-09-10T08:15:51.116Z</time>
			</trkpt>
			<trkpt lat="39.30106" lon="-1.07615">
				<ele>722.89</ele>
				<time>2026-09-10T08:15:52.815Z</time>
			</trkpt>
			<trkpt lat="39.29882" lon="-1.07457">
				<ele>725.35</ele>
				<time>2026-09-10T08:16:04.046Z</time>
			</trkpt>
			<trkpt lat="39.29854" lon="-1.07442">
				<ele>722.38</ele>
				<time>2026-09-10T08:16:05.404Z</time>
			</trkpt>
			<trkpt lat="39.29768" lon="-1.07421">
				<ele>717.54</ele>
				<time>2026-09-10T08:16:09.361Z</time>
			</trkpt>
			<trkpt lat="39.29726" lon="-1.07403">
				<ele>711.64</ele>
				<time>2026-09-10T08:16:11.383Z</time>
			</trkpt>
			<trkpt lat="39.296" lon="-1.07335">
				<ele>706.52</ele>
				<time>2026-09-10T08:16:17.726Z</time>
			</trkpt>
			<trkpt lat="39.29574" lon="-1.07317">
				<ele>702.54</ele>
				<time>2026-09-10T08:16:19.118Z</time>
			</trkpt>
			<trkpt lat="39.29529" lon="-1.07268">
				<ele>695.18</ele>
				<time>2026-09-10T08:16:21.921Z</time>
			</trkpt>
			<trkpt lat="39.29494" lon="-1.07216">
				<ele>692.46</ele>
				<time>2026-09-10T08:16:24.492Z</time>
			</trkpt>
			<trkpt lat="39.29461" lon="-1.07179">
				<ele>688.91</ele>
				<time>2026-09-10T08:16:26.621Z</time>
			</trkpt>
			<trkpt lat="39.29429" lon="-1.07151">
				<ele>686.52</ele>
				<time>2026-09-10T08:16:28.523Z</time>
			</trkpt>
			<trkpt lat="39.29249" lon="-1.07005">
				<ele>677.97</ele>
				<time>2026-09-10T08:16:39.303Z</time>
			</trkpt>
			<trkpt lat="39.292" lon="-1.0695">
				<ele>675.64</ele>
				<time>2026-09-10T08:16:42.715Z</time>
			</trkpt>
			<trkpt lat="39.2907" lon="-1.06746">
				<ele>666.7</ele>
				<time>2026-09-10T08:16:53.876Z</time>
			</trkpt>
			<trkpt lat="39.29054" lon="-1.06704">
				<ele>670.33</ele>
				<time>2026-09-10T08:16:55.922Z</time>
			</trkpt>
			<trkpt lat="39.29042" lon="-1.06648">
				<ele>670.35</ele>
				<time>2026-09-10T08:16:58.494Z</time>
			</trkpt>
			<trkpt lat="39.29079" lon="-1.06581">
				<ele>662.65</ele>
				<time>2026-09-10T08:17:02.187Z</time>
			</trkpt>
			<trkpt lat="39.29111" lon="-1.06516">
				<ele>656.16</ele>
				<time>2026-09-10T08:17:05.651Z</time>
			</trkpt>
			<trkpt lat="39.29129" lon="-1.06472">
				<ele>652.53</ele>
				<time>2026-09-10T08:17:07.887Z</time>
			</trkpt>
			<trkpt lat="39.29165" lon="-1.06413">
				<ele>653.95</ele>
				<time>2026-09-10T08:17:11.260Z</time>
			</trkpt>
			<trkpt lat="39.29176" lon="-1.06385">
				<ele>657.39</ele>
				<time>2026-09-10T08:17:12.669Z</time>
			</trkpt>
			<trkpt lat="39.29175" lon="-1.06374">
				<ele>657.65</ele>
				<time>2026-09-10T08:17:13.165Z</time>
			</trkpt>
			<trkpt lat="39.29167" lon="-1.06366">
				<ele>656.88</ele>
				<time>2026-09-10T08:17:13.752Z</time>
			</trkpt>
			<trkpt lat="39.29129" lon="-1.06346">
				<ele>655.17</ele>
				<time>2026-09-10T08:17:16.129Z</time>
			</trkpt>
			<trkpt lat="39.29118" lon="-1.06336">
				<ele>655.3</ele>
				<time>2026-09-10T08:17:16.908Z</time>
			</trkpt>
			<trkpt lat="39.29096" lon="-1.0632">
				<ele>656.18</ele>
				<time>2026-09-10T08:17:18.369Z</time>
			</trkpt>
			<trkpt lat="39.29024" lon="-1.06284">
				<ele>660.82</ele>
				<time>2026-09-10T08:17:22.836Z</time>
			</trkpt>
			<trkpt lat="39.28986" lon="-1.06252">
				<ele>660.28</ele>
				<time>2026-09-10T08:17:25.459Z</time>
			</trkpt>
			<trkpt lat="39.28966" lon="-1.06228">
				<ele>660.96</ele>
				<time>2026-09-10T08:17:27.036Z</time>
			</trkpt>
			<trkpt lat="39.28952" lon="-1.06219">
				<ele>661.81</ele>
				<time>2026-09-10T08:17:27.939Z</time>
			</trkpt>
			<trkpt lat="39.28936" lon="-1.06214">
				<ele>662.27</ele>
				<time>2026-09-10T08:17:28.890Z</time>
			</trkpt>
			<trkpt lat="39.28926" lon="-1.06213">
				<ele>662.34</ele>
				<time>2026-09-10T08:17:29.470Z</time>
			</trkpt>
			<trkpt lat="39.28914" lon="-1.06214">
				<ele>662.55</ele>
				<time>2026-09-10T08:17:30.164Z</time>
			</trkpt>
			<trkpt lat="39.28885" lon="-1.06219">
				<ele>666.21</ele>
				<time>2026-09-10T08:17:31.853Z</time>
			</trkpt>
			<trkpt lat="39.28878" lon="-1.06218">
				<ele>666.61</ele>
				<time>2026-09-10T08:17:32.260Z</time>
			</trkpt>
			<trkpt lat="39.28862" lon="-1.0621">
				<ele>667.06</ele>
				<time>2026-09-10T08:17:33.250Z</time>
			</trkpt>
			<trkpt lat="39.28843" lon="-1.06189">
				<ele>666.19</ele>
				<time>2026-09-10T08:17:34.693Z</time>
			</trkpt>
			<trkpt lat="39.28826" lon="-1.06158">
				<ele>666.36</ele>
				<time>2026-09-10T08:17:36.389Z</time>
			</trkpt>
			<trkpt lat="39.28811" lon="-1.0612">
				<ele>667.83</ele>
				<time>2026-09-10T08:17:38.293Z</time>
			</trkpt>
			<trkpt lat="39.28796" lon="-1.06092">
				<ele>667.71</ele>
				<time>2026-09-10T08:17:39.812Z</time>
			</trkpt>
			<trkpt lat="39.2877" lon="-1.0605">
				<ele>668.15</ele>
				<time>2026-09-10T08:17:42.211Z</time>
			</trkpt>
			<trkpt lat="39.28754" lon="-1.06031">
				<ele>666.56</ele>
				<time>2026-09-10T08:17:43.463Z</time>
			</trkpt>
			<trkpt lat="39.28752" lon="-1.06022">
				<ele>665.03</ele>
				<time>2026-09-10T08:17:43.881Z</time>
			</trkpt>
			<trkpt lat="39.28754" lon="-1.06012">
				<ele>663.3</ele>
				<time>2026-09-10T08:17:44.341Z</time>
			</trkpt>
			<trkpt lat="39.28759" lon="-1.06005">
				<ele>662.21</ele>
				<time>2026-09-10T08:17:44.766Z</time>
			</trkpt>
			<trkpt lat="39.28787" lon="-1.05983">
				<ele>658.72</ele>
				<time>2026-09-10T08:17:46.653Z</time>
			</trkpt>
			<trkpt lat="39.288" lon="-1.05967">
				<ele>657.3</ele>
				<time>2026-09-10T08:17:47.687Z</time>
			</trkpt>
			<trkpt lat="39.28887" lon="-1.0582">
				<ele>655.59</ele>
				<time>2026-09-10T08:17:55.927Z</time>
			</trkpt>
			<trkpt lat="39.28904" lon="-1.05778">
				<ele>659.25</ele>
				<time>2026-09-10T08:17:58.037Z</time>
			</trkpt>
			<trkpt lat="39.28912" lon="-1.05746">
				<ele>659.06</ele>
				<time>2026-09-10T08:17:59.533Z</time>
			</trkpt>
			<trkpt lat="39.28912" lon="-1.05721">
				<ele>657.5</ele>
				<time>2026-09-10T08:18:00.645Z</time>
			</trkpt>
			<trkpt lat="39.28897" lon="-1.05663">
				<ele>650.52</ele>
				<time>2026-09-10T08:18:03.365Z</time>
			</trkpt>
			<trkpt lat="39.28894" lon="-1.05637">
				<ele>649.48</ele>
				<time>2026-09-10T08:18:04.534Z</time>
			</trkpt>
			<trkpt lat="39.28893" lon="-1.05604">
				<ele>649.82</ele>
				<time>2026-09-10T08:18:06.002Z</time>
			</trkpt>
			<trkpt lat="39.28871" lon="-1.05519">
				<ele>644.75</ele>
				<time>2026-09-10T08:18:09.986Z</time>
			</trkpt>
			<trkpt lat="39.2886" lon="-1.05496">
				<ele>641.58</ele>
				<time>2026-09-10T08:18:11.187Z</time>
			</trkpt>
			<trkpt lat="39.28812" lon="-1.05421">
				<ele>639.51</ele>
				<time>2026-09-10T08:18:15.511Z</time>
			</trkpt>
			<trkpt lat="39.28783" lon="-1.05383">
				<ele>632.71</ele>
				<time>2026-09-10T08:18:17.881Z</time>
			</trkpt>
			<trkpt lat="39.28759" lon="-1.05342">
				<ele>627.45</ele>
				<time>2026-09-10T08:18:20.164Z</time>
			</trkpt>
			<trkpt lat="39.28743" lon="-1.05302">
				<ele>623.36</ele>
				<time>2026-09-10T08:18:22.164Z</time>
			</trkpt>
			<trkpt lat="39.28739" lon="-1.0527">
				<ele>622.16</ele>
				<time>2026-09-10T08:18:23.603Z</time>
			</trkpt>
			<trkpt lat="39.2873" lon="-1.0524">
				<ele>618.32</ele>
				<time>2026-09-10T08:18:25.032Z</time>
			</trkpt>
			<trkpt lat="39.28729" lon="-1.05217">
				<ele>616.04</ele>
				<time>2026-09-10T08:18:26.054Z</time>
			</trkpt>
			<trkpt lat="39.2873" lon="-1.052">
				<ele>614.88</ele>
				<time>2026-09-10T08:18:26.811Z</time>
			</trkpt>
			<trkpt lat="39.28742" lon="-1.05168">
				<ele>614.99</ele>
				<time>2026-09-10T08:18:28.390Z</time>
			</trkpt>
			<trkpt lat="39.28743" lon="-1.05153">
				<ele>614.94</ele>
				<time>2026-09-10T08:18:29.058Z</time>
			</trkpt>
			<trkpt lat="39.2874" lon="-1.05139">
				<ele>614.11</ele>
				<time>2026-09-10T08:18:29.703Z</time>
			</trkpt>
			<trkpt lat="39.28733" lon="-1.05133">
				<ele>612.43</ele>
				<time>2026-09-10T08:18:30.184Z</time>
			</trkpt>
			<trkpt lat="39.28723" lon="-1.05131">
				<ele>610.86</ele>
				<time>2026-09-10T08:18:30.765Z</time>
			</trkpt>
			<trkpt lat="39.2869" lon="-1.05171">
				<ele>605.43</ele>
				<time>2026-09-10T08:18:33.360Z</time>
			</trkpt>
			<trkpt lat="39.28654" lon="-1.052">
				<ele>600.49</ele>
				<time>2026-09-10T08:18:35.792Z</time>
			</trkpt>
			<trkpt lat="39.28642" lon="-1.05204">
				<ele>598.83</ele>
				<time>2026-09-10T08:18:36.503Z</time>
			</trkpt>
			<trkpt lat="39.28627" lon="-1.05202">
				<ele>596.88</ele>
				<time>2026-09-10T08:18:37.368Z</time>
			</trkpt>
			<trkpt lat="39.28583" lon="-1.05183">
				<ele>589.1</ele>
				<time>2026-09-10T08:18:40.028Z</time>
			</trkpt>
			<trkpt lat="39.2836" lon="-1.051">
				<ele>575.25</ele>
				<time>2026-09-10T08:18:53.335Z</time>
			</trkpt>
			<trkpt lat="39.28344" lon="-1.05096">
				<ele>576.13</ele>
				<time>2026-09-10T08:18:54.269Z</time>
			</trkpt>
			<trkpt lat="39.28336" lon="-1.05102">
				<ele>577.1</ele>
				<time>2026-09-10T08:18:54.800Z</time>
			</trkpt>
			<trkpt lat="39.28331" lon="-1.05111">
				<ele>578.09</ele>
				<time>2026-09-10T08:18:55.292Z</time>
			</trkpt>
			<trkpt lat="39.28329" lon="-1.05123">
				<ele>579.14</ele>
				<time>2026-09-10T08:18:55.836Z</time>
			</trkpt>
			<trkpt lat="39.28333" lon="-1.05167">
				<ele>580.99</ele>
				<time>2026-09-10T08:18:57.803Z</time>
			</trkpt>
			<trkpt lat="39.28332" lon="-1.05183">
				<ele>580.43</ele>
				<time>2026-09-10T08:18:58.516Z</time>
			</trkpt>
			<trkpt lat="39.28327" lon="-1.05202">
				<ele>579.26</ele>
				<time>2026-09-10T08:18:59.407Z</time>
			</trkpt>
			<trkpt lat="39.28315" lon="-1.05219">
				<ele>577.71</ele>
				<time>2026-09-10T08:19:00.428Z</time>
			</trkpt>
			<trkpt lat="39.28278" lon="-1.05247">
				<ele>576.31</ele>
				<time>2026-09-10T08:19:02.888Z</time>
			</trkpt>
			<trkpt lat="39.2825" lon="-1.05258">
				<ele>576.7</ele>
				<time>2026-09-10T08:19:04.567Z</time>
			</trkpt>
			<trkpt lat="39.28231" lon="-1.05259">
				<ele>574.89</ele>
				<time>2026-09-10T08:19:05.659Z</time>
			</trkpt>
			<trkpt lat="39.28196" lon="-1.05255">
				<ele>569.25</ele>
				<time>2026-09-10T08:19:07.675Z</time>
			</trkpt>
			<trkpt lat="39.28159" lon="-1.05247">
				<ele>564.66</ele>
				<time>2026-09-10T08:19:09.828Z</time>
			</trkpt>
			<trkpt lat="39.28086" lon="-1.05211">
				<ele>556.97</ele>
				<time>2026-09-10T08:19:14.314Z</time>
			</trkpt>
			<trkpt lat="39.28049" lon="-1.05202">
				<ele>555.86</ele>
				<time>2026-09-10T08:19:16.476Z</time>
			</trkpt>
			<trkpt lat="39.28026" lon="-1.0519">
				<ele>553.92</ele>
				<time>2026-09-10T08:19:17.900Z</time>
			</trkpt>
			<trkpt lat="39.27958" lon="-1.05127">
				<ele>546.78</ele>
				<time>2026-09-10T08:19:22.708Z</time>
			</trkpt>
			<trkpt lat="39.27927" lon="-1.05088">
				<ele>545.95</ele>
				<time>2026-09-10T08:19:25.195Z</time>
			</trkpt>
			<trkpt lat="39.27922" lon="-1.05077">
				<ele>545.14</ele>
				<time>2026-09-10T08:19:25.763Z</time>
			</trkpt>
			<trkpt lat="39.27922" lon="-1.05063">
				<ele>543.65</ele>
				<time>2026-09-10T08:19:26.386Z</time>
			</trkpt>
			<trkpt lat="39.27933" lon="-1.04971">
				<ele>537.36</ele>
				<time>2026-09-10T08:19:30.530Z</time>
			</trkpt>
			<trkpt lat="39.27924" lon="-1.04981">
				<ele>538.02</ele>
				<time>2026-09-10T08:19:31.212Z</time>
			</trkpt>
			<trkpt lat="39.27908" lon="-1.05015">
				<ele>539.43</ele>
				<time>2026-09-10T08:19:32.984Z</time>
			</trkpt>
			<trkpt lat="39.27904" lon="-1.05019">
				<ele>539.34</ele>
				<time>2026-09-10T08:19:33.276Z</time>
			</trkpt>
			<trkpt lat="39.27895" lon="-1.05026">
				<ele>538.66</ele>
				<time>2026-09-10T08:19:33.880Z</time>
			</trkpt>
			<trkpt lat="39.27866" lon="-1.05037">
				<ele>534.33</ele>
				<time>2026-09-10T08:19:35.619Z</time>
			</trkpt>
			<trkpt lat="39.27857" lon="-1.05049">
				<ele>533.27</ele>
				<time>2026-09-10T08:19:36.363Z</time>
			</trkpt>
			<trkpt lat="39.27843" lon="-1.0508">
				<ele>534.41</ele>
				<time>2026-09-10T08:19:37.962Z</time>
			</trkpt>
			<trkpt lat="39.27835" lon="-1.05093">
				<ele>534.55</ele>
				<time>2026-09-10T08:19:38.702Z</time>
			</trkpt>
			<trkpt lat="39.27807" lon="-1.05123">
				<ele>532.63</ele>
				<time>2026-09-10T08:19:40.795Z</time>
			</trkpt>
			<trkpt lat="39.27782" lon="-1.05144">
				<ele>528.16</ele>
				<time>2026-09-10T08:19:42.511Z</time>
			</trkpt>
			<trkpt lat="39.27764" lon="-1.05156">
				<ele>525.49</ele>
				<time>2026-09-10T08:19:43.676Z</time>
			</trkpt>
			<trkpt lat="39.27743" lon="-1.05166">
				<ele>522.97</ele>
				<time>2026-09-10T08:19:44.964Z</time>
			</trkpt>
			<trkpt lat="39.27709" lon="-1.05179">
				<ele>519.43</ele>
				<time>2026-09-10T08:19:47.005Z</time>
			</trkpt>
			<trkpt lat="39.27649" lon="-1.0518">
				<ele>504.34</ele>
				<time>2026-09-10T08:19:50.457Z</time>
			</trkpt>
			<trkpt lat="39.27619" lon="-1.05186">
				<ele>501.79</ele>
				<time>2026-09-10T08:19:52.204Z</time>
			</trkpt>
			<trkpt lat="39.27598" lon="-1.05197">
				<ele>502.47</ele>
				<time>2026-09-10T08:19:53.508Z</time>
			</trkpt>
			<trkpt lat="39.27587" lon="-1.05208">
				<ele>503.26</ele>
				<time>2026-09-10T08:19:54.309Z</time>
			</trkpt>
			<trkpt lat="39.27571" lon="-1.05229">
				<ele>503.83</ele>
				<time>2026-09-10T08:19:55.621Z</time>
			</trkpt>
			<trkpt lat="39.27562" lon="-1.05249">
				<ele>504.44</ele>
				<time>2026-09-10T08:19:56.652Z</time>
			</trkpt>
			<trkpt lat="39.27557" lon="-1.0529">
				<ele>504.94</ele>
				<time>2026-09-10T08:19:58.500Z</time>
			</trkpt>
			<trkpt lat="39.27551" lon="-1.05308">
				<ele>504.99</ele>
				<time>2026-09-10T08:19:59.373Z</time>
			</trkpt>
			<trkpt lat="39.27542" lon="-1.05318">
				<ele>505.38</ele>
				<time>2026-09-10T08:20:00.056Z</time>
			</trkpt>
			<trkpt lat="39.27532" lon="-1.05321">
				<ele>504.91</ele>
				<time>2026-09-10T08:20:00.647Z</time>
			</trkpt>
			<trkpt lat="39.27522" lon="-1.05317">
				<ele>504.8</ele>
				<time>2026-09-10T08:20:01.250Z</time>
			</trkpt>
			<trkpt lat="39.27469" lon="-1.0527">
				<ele>501.19</ele>
				<time>2026-09-10T08:20:04.949Z</time>
			</trkpt>
			<trkpt lat="39.27449" lon="-1.05249">
				<ele>498.82</ele>
				<time>2026-09-10T08:20:06.432Z</time>
			</trkpt>
			<trkpt lat="39.27435" lon="-1.05243">
				<ele>497.3</ele>
				<time>2026-09-10T08:20:07.281Z</time>
			</trkpt>
			<trkpt lat="39.27415" lon="-1.0524">
				<ele>495.17</ele>
				<time>2026-09-10T08:20:08.439Z</time>
			</trkpt>
			<trkpt lat="39.27397" lon="-1.05241">
				<ele>493.22</ele>
				<time>2026-09-10T08:20:09.476Z</time>
			</trkpt>
			<trkpt lat="39.27333" lon="-1.05254">
				<ele>490.41</ele>
				<time>2026-09-10T08:20:13.204Z</time>
			</trkpt>
			<trkpt lat="39.27326" lon="-1.05257">
				<ele>490.47</ele>
				<time>2026-09-10T08:20:13.628Z</time>
			</trkpt>
			<trkpt lat="39.27302" lon="-1.05278">
				<ele>491.49</ele>
				<time>2026-09-10T08:20:15.297Z</time>
			</trkpt>
			<trkpt lat="39.27267" lon="-1.05303">
				<ele>488.46</ele>
				<time>2026-09-10T08:20:17.598Z</time>
			</trkpt>
			<trkpt lat="39.27259" lon="-1.05312">
				<ele>487.83</ele>
				<time>2026-09-10T08:20:18.208Z</time>
			</trkpt>
			<trkpt lat="39.27254" lon="-1.0533">
				<ele>488.48</ele>
				<time>2026-09-10T08:20:19.060Z</time>
			</trkpt>
			<trkpt lat="39.27249" lon="-1.05354">
				<ele>485.04</ele>
				<time>2026-09-10T08:20:20.167Z</time>
			</trkpt>
			<trkpt lat="39.27249" lon="-1.05365">
				<ele>483.27</ele>
				<time>2026-09-10T08:20:20.657Z</time>
			</trkpt>
			<trkpt lat="39.27251" lon="-1.05375">
				<ele>482.16</ele>
				<time>2026-09-10T08:20:21.118Z</time>
			</trkpt>
			<trkpt lat="39.27263" lon="-1.05403">
				<ele>483.63</ele>
				<time>2026-09-10T08:20:22.543Z</time>
			</trkpt>
			<trkpt lat="39.27265" lon="-1.05418">
				<ele>483.81</ele>
				<time>2026-09-10T08:20:23.221Z</time>
			</trkpt>
			<trkpt lat="39.27267" lon="-1.05441">
				<ele>482.55</ele>
				<time>2026-09-10T08:20:24.252Z</time>
			</trkpt>
			<trkpt lat="39.27265" lon="-1.05459">
				<ele>481.58</ele>
				<time>2026-09-10T08:20:25.062Z</time>
			</trkpt>
			<trkpt lat="39.27255" lon="-1.05487">
				<ele>478.82</ele>
				<time>2026-09-10T08:20:26.436Z</time>
			</trkpt>
			<trkpt lat="39.27177" lon="-1.05644">
				<ele>463.3</ele>
				<time>2026-09-10T08:20:34.746Z</time>
			</trkpt>
			<trkpt lat="39.27146" lon="-1.05712">
				<ele>460.26</ele>
				<time>2026-09-10T08:20:38.262Z</time>
			</trkpt>
			<trkpt lat="39.2711" lon="-1.05795">
				<ele>456.33</ele>
				<time>2026-09-10T08:20:42.500Z</time>
			</trkpt>
			<trkpt lat="39.271" lon="-1.05808">
				<ele>454.48</ele>
				<time>2026-09-10T08:20:43.317Z</time>
			</trkpt>
			<trkpt lat="39.27089" lon="-1.05813">
				<ele>452.85</ele>
				<time>2026-09-10T08:20:43.988Z</time>
			</trkpt>
			<trkpt lat="39.27062" lon="-1.05815">
				<ele>449.7</ele>
				<time>2026-09-10T08:20:45.544Z</time>
			</trkpt>
			<trkpt lat="39.2703" lon="-1.05824">
				<ele>448.68</ele>
				<time>2026-09-10T08:20:47.428Z</time>
			</trkpt>
			<trkpt lat="39.27002" lon="-1.05819">
				<ele>447.56</ele>
				<time>2026-09-10T08:20:49.055Z</time>
			</trkpt>
			<trkpt lat="39.26995" lon="-1.05821">
				<ele>447.13</ele>
				<time>2026-09-10T08:20:49.468Z</time>
			</trkpt>
			<trkpt lat="39.26986" lon="-1.05828">
				<ele>446.73</ele>
				<time>2026-09-10T08:20:50.072Z</time>
			</trkpt>
			<trkpt lat="39.26979" lon="-1.05857">
				<ele>450.54</ele>
				<time>2026-09-10T08:20:51.425Z</time>
			</trkpt>
			<trkpt lat="39.26973" lon="-1.05862">
				<ele>451.04</ele>
				<time>2026-09-10T08:20:51.836Z</time>
			</trkpt>
			<trkpt lat="39.26965" lon="-1.0586">
				<ele>450.7</ele>
				<time>2026-09-10T08:20:52.305Z</time>
			</trkpt>
			<trkpt lat="39.2694" lon="-1.05849">
				<ele>448.19</ele>
				<time>2026-09-10T08:20:53.825Z</time>
			</trkpt>
			<trkpt lat="39.2693" lon="-1.0585">
				<ele>448.06</ele>
				<time>2026-09-10T08:20:54.402Z</time>
			</trkpt>
			<trkpt lat="39.26925" lon="-1.05853">
				<ele>448.37</ele>
				<time>2026-09-10T08:20:54.719Z</time>
			</trkpt>
			<trkpt lat="39.26922" lon="-1.05857">
				<ele>448.86</ele>
				<time>2026-09-10T08:20:54.967Z</time>
			</trkpt>
			<trkpt lat="39.26916" lon="-1.05896">
				<ele>455.12</ele>
				<time>2026-09-10T08:20:56.739Z</time>
			</trkpt>
			<trkpt lat="39.26913" lon="-1.05902">
				<ele>455.79</ele>
				<time>2026-09-10T08:20:57.057Z</time>
			</trkpt>
			<trkpt lat="39.26898" lon="-1.0592">
				<ele>455.34</ele>
				<time>2026-09-10T08:20:58.235Z</time>
			</trkpt>
			<trkpt lat="39.26862" lon="-1.05956">
				<ele>450.22</ele>
				<time>2026-09-10T08:21:00.855Z</time>
			</trkpt>
			<trkpt lat="39.26849" lon="-1.05966">
				<ele>448.22</ele>
				<time>2026-09-10T08:21:01.726Z</time>
			</trkpt>
			<trkpt lat="39.26813" lon="-1.0598">
				<ele>443.85</ele>
				<time>2026-09-10T08:21:03.889Z</time>
			</trkpt>
			<trkpt lat="39.26752" lon="-1.06011">
				<ele>440.98</ele>
				<time>2026-09-10T08:21:07.661Z</time>
			</trkpt>
			<trkpt lat="39.26739" lon="-1.06021">
				<ele>440.17</ele>
				<time>2026-09-10T08:21:08.532Z</time>
			</trkpt>
			<trkpt lat="39.26689" lon="-1.06085">
				<ele>437.83</ele>
				<time>2026-09-10T08:21:12.583Z</time>
			</trkpt>
			<trkpt lat="39.26668" lon="-1.06098">
				<ele>437.06</ele>
				<time>2026-09-10T08:21:13.923Z</time>
			</trkpt>
			<trkpt lat="39.26643" lon="-1.06107">
				<ele>436.02</ele>
				<time>2026-09-10T08:21:15.416Z</time>
			</trkpt>
			<trkpt lat="39.26557" lon="-1.06123">
				<ele>428.91</ele>
				<time>2026-09-10T08:21:20.416Z</time>
			</trkpt>
			<trkpt lat="39.26528" lon="-1.06126">
				<ele>427.04</ele>
				<time>2026-09-10T08:21:22.090Z</time>
			</trkpt>
			<trkpt lat="39.26506" lon="-1.06121">
				<ele>425.36</ele>
				<time>2026-09-10T08:21:23.376Z</time>
			</trkpt>
			<trkpt lat="39.26455" lon="-1.0609">
				<ele>426.87</ele>
				<time>2026-09-10T08:21:26.619Z</time>
			</trkpt>
			<trkpt lat="39.26442" lon="-1.06084">
				<ele>426.88</ele>
				<time>2026-09-10T08:21:27.414Z</time>
			</trkpt>
			<trkpt lat="39.26398" lon="-1.06084">
				<ele>425.35</ele>
				<time>2026-09-10T08:21:29.946Z</time>
			</trkpt>
			<trkpt lat="39.26326" lon="-1.0609">
				<ele>421.06</ele>
				<time>2026-09-10T08:21:34.098Z</time>
			</trkpt>
			<trkpt lat="39.26318" lon="-1.06086">
				<ele>420.69</ele>
				<time>2026-09-10T08:21:34.591Z</time>
			</trkpt>
			<trkpt lat="39.26293" lon="-1.06051">
				<ele>423.08</ele>
				<time>2026-09-10T08:21:36.713Z</time>
			</trkpt>
			<trkpt lat="39.26212" lon="-1.05978">
				<ele>427.63</ele>
				<time>2026-09-10T08:21:42.397Z</time>
			</trkpt>
			<trkpt lat="39.26192" lon="-1.05962">
				<ele>428.09</ele>
				<time>2026-09-10T08:21:43.750Z</time>
			</trkpt>
			<trkpt lat="39.26152" lon="-1.05939">
				<ele>425.19</ele>
				<time>2026-09-10T08:21:46.270Z</time>
			</trkpt>
			<trkpt lat="39.26114" lon="-1.05908">
				<ele>422.73</ele>
				<time>2026-09-10T08:21:48.856Z</time>
			</trkpt>
			<trkpt lat="39.26086" lon="-1.05888">
				<ele>420.12</ele>
				<time>2026-09-10T08:21:50.698Z</time>
			</trkpt>
			<trkpt lat="39.26072" lon="-1.05882">
				<ele>418.67</ele>
				<time>2026-09-10T08:21:51.546Z</time>
			</trkpt>
			<trkpt lat="39.26063" lon="-1.05881">
				<ele>417.98</ele>
				<time>2026-09-10T08:21:52.066Z</time>
			</trkpt>
			<trkpt lat="39.26025" lon="-1.05881">
				<ele>413.27</ele>
				<time>2026-09-10T08:21:54.253Z</time>
			</trkpt>
			<trkpt lat="39.26016" lon="-1.05884">
				<ele>411.87</ele>
				<time>2026-09-10T08:21:54.788Z</time>
			</trkpt>
			<trkpt lat="39.26011" lon="-1.05888">
				<ele>411.02</ele>
				<time>2026-09-10T08:21:55.126Z</time>
			</trkpt>
			<trkpt lat="39.25996" lon="-1.05906">
				<ele>409.44</ele>
				<time>2026-09-10T08:21:56.304Z</time>
			</trkpt>
			<trkpt lat="39.25988" lon="-1.0591">
				<ele>409.23</ele>
				<time>2026-09-10T08:21:56.798Z</time>
			</trkpt>
			<trkpt lat="39.25977" lon="-1.05909">
				<ele>408.62</ele>
				<time>2026-09-10T08:21:57.433Z</time>
			</trkpt>
			<trkpt lat="39.25957" lon="-1.05899">
				<ele>407.49</ele>
				<time>2026-09-10T08:21:58.667Z</time>
			</trkpt>
			<trkpt lat="39.25937" lon="-1.05892">
				<ele>407.72</ele>
				<time>2026-09-10T08:21:59.859Z</time>
			</trkpt>
			<trkpt lat="39.25922" lon="-1.05891">
				<ele>410.88</ele>
				<time>2026-09-10T08:22:00.723Z</time>
			</trkpt>
			<trkpt lat="39.25907" lon="-1.05894">
				<ele>412.91</ele>
				<time>2026-09-10T08:22:01.597Z</time>
			</trkpt>
			<trkpt lat="39.259" lon="-1.05899">
				<ele>413.46</ele>
				<time>2026-09-10T08:22:02.057Z</time>
			</trkpt>
			<trkpt lat="39.25887" lon="-1.0592">
				<ele>413.65</ele>
				<time>2026-09-10T08:22:03.255Z</time>
			</trkpt>
			<trkpt lat="39.25882" lon="-1.05934">
				<ele>412.58</ele>
				<time>2026-09-10T08:22:03.942Z</time>
			</trkpt>
			<trkpt lat="39.25866" lon="-1.05988">
				<ele>409.06</ele>
				<time>2026-09-10T08:22:06.518Z</time>
			</trkpt>
			<trkpt lat="39.2586" lon="-1.06001">
				<ele>408.94</ele>
				<time>2026-09-10T08:22:07.193Z</time>
			</trkpt>
			<trkpt lat="39.25848" lon="-1.06017">
				<ele>406.75</ele>
				<time>2026-09-10T08:22:08.185Z</time>
			</trkpt>
			<trkpt lat="39.25829" lon="-1.06029">
				<ele>405.69</ele>
				<time>2026-09-10T08:22:09.402Z</time>
			</trkpt>
			<trkpt lat="39.25809" lon="-1.06035">
				<ele>408.97</ele>
				<time>2026-09-10T08:22:10.584Z</time>
			</trkpt>
			<trkpt lat="39.25781" lon="-1.06031">
				<ele>412.83</ele>
				<time>2026-09-10T08:22:12.205Z</time>
			</trkpt>
			<trkpt lat="39.25755" lon="-1.06033">
				<ele>412.37</ele>
				<time>2026-09-10T08:22:13.704Z</time>
			</trkpt>
			<trkpt lat="39.25749" lon="-1.06035">
				<ele>412.22</ele>
				<time>2026-09-10T08:22:14.060Z</time>
			</trkpt>
			<trkpt lat="39.25727" lon="-1.06055">
				<ele>410.46</ele>
				<time>2026-09-10T08:22:15.608Z</time>
			</trkpt>
			<trkpt lat="39.2571" lon="-1.06064">
				<ele>409.85</ele>
				<time>2026-09-10T08:22:16.666Z</time>
			</trkpt>
			<trkpt lat="39.25693" lon="-1.06066">
				<ele>409.15</ele>
				<time>2026-09-10T08:22:17.648Z</time>
			</trkpt>
			<trkpt lat="39.25676" lon="-1.06065">
				<ele>410.68</ele>
				<time>2026-09-10T08:22:18.627Z</time>
			</trkpt>
			<trkpt lat="39.25631" lon="-1.06056">
				<ele>411.5</ele>
				<time>2026-09-10T08:22:21.248Z</time>
			</trkpt>
			<trkpt lat="39.25619" lon="-1.06056">
				<ele>410.47</ele>
				<time>2026-09-10T08:22:21.938Z</time>
			</trkpt>
			<trkpt lat="39.25526" lon="-1.06062">
				<ele>390.74</ele>
				<time>2026-09-10T08:22:27.296Z</time>
			</trkpt>
			<trkpt lat="39.25489" lon="-1.06071">
				<ele>390.38</ele>
				<time>2026-09-10T08:22:29.463Z</time>
			</trkpt>
			<trkpt lat="39.25463" lon="-1.06067">
				<ele>387.52</ele>
				<time>2026-09-10T08:22:30.970Z</time>
			</trkpt>
			<trkpt lat="39.25456" lon="-1.06069">
				<ele>386.96</ele>
				<time>2026-09-10T08:22:31.382Z</time>
			</trkpt>
			<trkpt lat="39.25433" lon="-1.06089">
				<ele>384.1</ele>
				<time>2026-09-10T08:22:32.978Z</time>
			</trkpt>
			<trkpt lat="39.25421" lon="-1.06098">
				<ele>381.92</ele>
				<time>2026-09-10T08:22:33.776Z</time>
			</trkpt>
			<trkpt lat="39.25397" lon="-1.0611">
				<ele>378.95</ele>
				<time>2026-09-10T08:22:35.257Z</time>
			</trkpt>
			<trkpt lat="39.25386" lon="-1.06112">
				<ele>377.86</ele>
				<time>2026-09-10T08:22:35.896Z</time>
			</trkpt>
			<trkpt lat="39.25354" lon="-1.06107">
				<ele>376.3</ele>
				<time>2026-09-10T08:22:37.751Z</time>
			</trkpt>
			<trkpt lat="39.25316" lon="-1.06108">
				<ele>378.4</ele>
				<time>2026-09-10T08:22:39.938Z</time>
			</trkpt>
			<trkpt lat="39.25252" lon="-1.06102">
				<ele>380.64</ele>
				<time>2026-09-10T08:22:43.631Z</time>
			</trkpt>
			<trkpt lat="39.25219" lon="-1.06103">
				<ele>379.41</ele>
				<time>2026-09-10T08:22:45.530Z</time>
			</trkpt>
			<trkpt lat="39.25206" lon="-1.06106">
				<ele>378.24</ele>
				<time>2026-09-10T08:22:46.290Z</time>
			</trkpt>
			<trkpt lat="39.2519" lon="-1.06113">
				<ele>376.99</ele>
				<time>2026-09-10T08:22:47.262Z</time>
			</trkpt>
			<trkpt lat="39.25177" lon="-1.06123">
				<ele>374.73</ele>
				<time>2026-09-10T08:22:48.133Z</time>
			</trkpt>
			<trkpt lat="39.25154" lon="-1.06149">
				<ele>373.38</ele>
				<time>2026-09-10T08:22:49.892Z</time>
			</trkpt>
			<trkpt lat="39.25134" lon="-1.06162">
				<ele>371.98</ele>
				<time>2026-09-10T08:22:51.180Z</time>
			</trkpt>
			<trkpt lat="39.25106" lon="-1.06177">
				<ele>368.44</ele>
				<time>2026-09-10T08:22:52.924Z</time>
			</trkpt>
			<trkpt lat="39.25086" lon="-1.06183">
				<ele>366.57</ele>
				<time>2026-09-10T08:22:54.106Z</time>
			</trkpt>
			<trkpt lat="39.25065" lon="-1.06181">
				<ele>362.79</ele>
				<time>2026-09-10T08:22:55.318Z</time>
			</trkpt>
			<trkpt lat="39.25004" lon="-1.06157">
				<ele>358.62</ele>
				<time>2026-09-10T08:22:58.987Z</time>
			</trkpt>
			<trkpt lat="39.24998" lon="-1.06156">
				<ele>358.19</ele>
				<time>2026-09-10T08:22:59.335Z</time>
			</trkpt>
			<trkpt lat="39.24993" lon="-1.06158">
				<ele>357.6</ele>
				<time>2026-09-10T08:22:59.636Z</time>
			</trkpt>
			<trkpt lat="39.24959" lon="-1.06174">
				<ele>354.26</ele>
				<time>2026-09-10T08:23:01.719Z</time>
			</trkpt>
			<trkpt lat="39.2495" lon="-1.06176">
				<ele>352.91</ele>
				<time>2026-09-10T08:23:02.244Z</time>
			</trkpt>
			<trkpt lat="39.24944" lon="-1.06174">
				<ele>351.98</ele>
				<time>2026-09-10T08:23:02.601Z</time>
			</trkpt>
			<trkpt lat="39.24937" lon="-1.06168">
				<ele>351.76</ele>
				<time>2026-09-10T08:23:03.084Z</time>
			</trkpt>
			<trkpt lat="39.24918" lon="-1.06145">
				<ele>350.29</ele>
				<time>2026-09-10T08:23:04.583Z</time>
			</trkpt>
			<trkpt lat="39.2491" lon="-1.06132">
				<ele>348.89</ele>
				<time>2026-09-10T08:23:05.323Z</time>
			</trkpt>
			<trkpt lat="39.24898" lon="-1.06096">
				<ele>348.17</ele>
				<time>2026-09-10T08:23:07.069Z</time>
			</trkpt>
			<trkpt lat="39.24893" lon="-1.06091">
				<ele>348.08</ele>
				<time>2026-09-10T08:23:07.433Z</time>
			</trkpt>
			<trkpt lat="39.2485" lon="-1.06074">
				<ele>350.02</ele>
				<time>2026-09-10T08:23:10.021Z</time>
			</trkpt>
			<trkpt lat="39.24844" lon="-1.06073">
				<ele>349.7</ele>
				<time>2026-09-10T08:23:10.369Z</time>
			</trkpt>
			<trkpt lat="39.24824" lon="-1.06079">
				<ele>346.76</ele>
				<time>2026-09-10T08:23:11.550Z</time>
			</trkpt>
			<trkpt lat="39.24818" lon="-1.06079">
				<ele>346.4</ele>
				<time>2026-09-10T08:23:11.895Z</time>
			</trkpt>
			<trkpt lat="39.24762" lon="-1.06076">
				<ele>343.53</ele>
				<time>2026-09-10T08:23:15.120Z</time>
			</trkpt>
			<trkpt lat="39.24748" lon="-1.06072">
				<ele>342.98</ele>
				<time>2026-09-10T08:23:15.946Z</time>
			</trkpt>
			<trkpt lat="39.24742" lon="-1.06067">
				<ele>342.77</ele>
				<time>2026-09-10T08:23:16.356Z</time>
			</trkpt>
			<trkpt lat="39.24701" lon="-1.06017">
				<ele>339.6</ele>
				<time>2026-09-10T08:23:19.601Z</time>
			</trkpt>
			<trkpt lat="39.24617" lon="-1.05954">
				<ele>344.47</ele>
				<time>2026-09-10T08:23:25.191Z</time>
			</trkpt>
			<trkpt lat="39.24608" lon="-1.05944">
				<ele>344.45</ele>
				<time>2026-09-10T08:23:25.874Z</time>
			</trkpt>
			<trkpt lat="39.24595" lon="-1.05911">
				<ele>341.04</ele>
				<time>2026-09-10T08:23:27.524Z</time>
			</trkpt>
			<trkpt lat="39.24592" lon="-1.05895">
				<ele>338.99</ele>
				<time>2026-09-10T08:23:28.258Z</time>
			</trkpt>
			<trkpt lat="39.24589" lon="-1.05849">
				<ele>340.41</ele>
				<time>2026-09-10T08:23:30.315Z</time>
			</trkpt>
			<trkpt lat="39.24583" lon="-1.05825">
				<ele>342.26</ele>
				<time>2026-09-10T08:23:31.438Z</time>
			</trkpt>
			<trkpt lat="39.2455" lon="-1.05765">
				<ele>341.42</ele>
				<time>2026-09-10T08:23:34.718Z</time>
			</trkpt>
			<trkpt lat="39.24539" lon="-1.05751">
				<ele>340.28</ele>
				<time>2026-09-10T08:23:35.606Z</time>
			</trkpt>
			<trkpt lat="39.2453" lon="-1.05741">
				<ele>338.19</ele>
				<time>2026-09-10T08:23:36.290Z</time>
			</trkpt>
			<trkpt lat="39.24503" lon="-1.05691">
				<ele>331.82</ele>
				<time>2026-09-10T08:23:39.006Z</time>
			</trkpt>
			<trkpt lat="39.24468" lon="-1.05668">
				<ele>332.91</ele>
				<time>2026-09-10T08:23:41.266Z</time>
			</trkpt>
			<trkpt lat="39.24412" lon="-1.0562">
				<ele>329.67</ele>
				<time>2026-09-10T08:23:45.133Z</time>
			</trkpt>
			<trkpt lat="39.24393" lon="-1.05601">
				<ele>332.65</ele>
				<time>2026-09-10T08:23:46.516Z</time>
			</trkpt>
			<trkpt lat="39.24375" lon="-1.05578">
				<ele>335.25</ele>
				<time>2026-09-10T08:23:47.973Z</time>
			</trkpt>
			<trkpt lat="39.24363" lon="-1.05567">
				<ele>337.1</ele>
				<time>2026-09-10T08:23:48.820Z</time>
			</trkpt>
			<trkpt lat="39.24345" lon="-1.05545">
				<ele>338.72</ele>
				<time>2026-09-10T08:23:50.246Z</time>
			</trkpt>
			<trkpt lat="39.24333" lon="-1.05534">
				<ele>339.02</ele>
				<time>2026-09-10T08:23:51.092Z</time>
			</trkpt>
			<trkpt lat="39.24325" lon="-1.0553">
				<ele>338.88</ele>
				<time>2026-09-10T08:23:51.586Z</time>
			</trkpt>
			<trkpt lat="39.24304" lon="-1.05526">
				<ele>337.59</ele>
				<time>2026-09-10T08:23:52.807Z</time>
			</trkpt>
			<trkpt lat="39.24267" lon="-1.05526">
				<ele>336.12</ele>
				<time>2026-09-10T08:23:54.936Z</time>
			</trkpt>
			<trkpt lat="39.24251" lon="-1.05524">
				<ele>333.02</ele>
				<time>2026-09-10T08:23:55.861Z</time>
			</trkpt>
			<trkpt lat="39.24247" lon="-1.05522">
				<ele>332.79</ele>
				<time>2026-09-10T08:23:56.108Z</time>
			</trkpt>
			<trkpt lat="39.24244" lon="-1.05517">
				<ele>333.15</ele>
				<time>2026-09-10T08:23:56.390Z</time>
			</trkpt>
			<trkpt lat="39.24211" lon="-1.05518">
				<ele>330.33</ele>
				<time>2026-09-10T08:23:58.289Z</time>
			</trkpt>
			<trkpt lat="39.24198" lon="-1.05516">
				<ele>328.96</ele>
				<time>2026-09-10T08:23:59.042Z</time>
			</trkpt>
			<trkpt lat="39.24174" lon="-1.05508">
				<ele>325.97</ele>
				<time>2026-09-10T08:24:00.468Z</time>
			</trkpt>
			<trkpt lat="39.24152" lon="-1.05489">
				<ele>324.9</ele>
				<time>2026-09-10T08:24:01.989Z</time>
			</trkpt>
			<trkpt lat="39.24109" lon="-1.05437">
				<ele>327.75</ele>
				<time>2026-09-10T08:24:05.366Z</time>
			</trkpt>
			<trkpt lat="39.24099" lon="-1.05432">
				<ele>327.98</ele>
				<time>2026-09-10T08:24:05.980Z</time>
			</trkpt>
			<trkpt lat="39.24094" lon="-1.05435">
				<ele>327.25</ele>
				<time>2026-09-10T08:24:06.295Z</time>
			</trkpt>
			<trkpt lat="39.24077" lon="-1.05457">
				<ele>324.05</ele>
				<time>2026-09-10T08:24:07.672Z</time>
			</trkpt>
			<trkpt lat="39.2403" lon="-1.05525">
				<ele>331.61</ele>
				<time>2026-09-10T08:24:11.705Z</time>
			</trkpt>
			<trkpt lat="39.24016" lon="-1.05539">
				<ele>334.21</ele>
				<time>2026-09-10T08:24:12.716Z</time>
			</trkpt>
			<trkpt lat="39.24012" lon="-1.0554">
				<ele>334.66</ele>
				<time>2026-09-10T08:24:12.948Z</time>
			</trkpt>
			<trkpt lat="39.24001" lon="-1.05538">
				<ele>334.88</ele>
				<time>2026-09-10T08:24:13.583Z</time>
			</trkpt>
			<trkpt lat="39.23965" lon="-1.05506">
				<ele>330.31</ele>
				<time>2026-09-10T08:24:16.078Z</time>
			</trkpt>
			<trkpt lat="39.23957" lon="-1.05502">
				<ele>330.52</ele>
				<time>2026-09-10T08:24:16.568Z</time>
			</trkpt>
			<trkpt lat="39.23939" lon="-1.05499">
				<ele>332.02</ele>
				<time>2026-09-10T08:24:17.604Z</time>
			</trkpt>
			<trkpt lat="39.2392" lon="-1.055">
				<ele>332.82</ele>
				<time>2026-09-10T08:24:18.691Z</time>
			</trkpt>
			<trkpt lat="39.23901" lon="-1.05505">
				<ele>332.97</ele>
				<time>2026-09-10T08:24:19.799Z</time>
			</trkpt>
			<trkpt lat="39.23895" lon="-1.05509">
				<ele>333.11</ele>
				<time>2026-09-10T08:24:20.186Z</time>
			</trkpt>
			<trkpt lat="39.23875" lon="-1.05528">
				<ele>334.98</ele>
				<time>2026-09-10T08:24:21.606Z</time>
			</trkpt>
			<trkpt lat="39.23868" lon="-1.05537">
				<ele>334.93</ele>
				<time>2026-09-10T08:24:22.172Z</time>
			</trkpt>
			<trkpt lat="39.23857" lon="-1.05558">
				<ele>333.47</ele>
				<time>2026-09-10T08:24:23.296Z</time>
			</trkpt>
			<trkpt lat="39.23839" lon="-1.05604">
				<ele>332.07</ele>
				<time>2026-09-10T08:24:25.586Z</time>
			</trkpt>
			<trkpt lat="39.23829" lon="-1.0562">
				<ele>332.67</ele>
				<time>2026-09-10T08:24:26.501Z</time>
			</trkpt>
			<trkpt lat="39.23781" lon="-1.05658">
				<ele>338.23</ele>
				<time>2026-09-10T08:24:29.742Z</time>
			</trkpt>
			<trkpt lat="39.23758" lon="-1.05673">
				<ele>341.47</ele>
				<time>2026-09-10T08:24:31.230Z</time>
			</trkpt>
			<trkpt lat="39.23732" lon="-1.05696">
				<ele>344.3</ele>
				<time>2026-09-10T08:24:33.054Z</time>
			</trkpt>
			<trkpt lat="39.23724" lon="-1.05706">
				<ele>343.26</ele>
				<time>2026-09-10T08:24:33.700Z</time>
			</trkpt>
			<trkpt lat="39.23717" lon="-1.05718">
				<ele>341.87</ele>
				<time>2026-09-10T08:24:34.375Z</time>
			</trkpt>
			<trkpt lat="39.23703" lon="-1.05749">
				<ele>340.9</ele>
				<time>2026-09-10T08:24:35.991Z</time>
			</trkpt>
			<trkpt lat="39.23692" lon="-1.05783">
				<ele>345.1</ele>
				<time>2026-09-10T08:24:37.655Z</time>
			</trkpt>
			<trkpt lat="39.23691" lon="-1.05793">
				<ele>346.39</ele>
				<time>2026-09-10T08:24:38.111Z</time>
			</trkpt>
			<trkpt lat="39.23678" lon="-1.05814">
				<ele>345.29</ele>
				<time>2026-09-10T08:24:39.330Z</time>
			</trkpt>
			<trkpt lat="39.23661" lon="-1.05828">
				<ele>341.31</ele>
				<time>2026-09-10T08:24:40.513Z</time>
			</trkpt>
			<trkpt lat="39.23617" lon="-1.05849">
				<ele>329.78</ele>
				<time>2026-09-10T08:24:43.196Z</time>
			</trkpt>
			<trkpt lat="39.23596" lon="-1.05864">
				<ele>328.22</ele>
				<time>2026-09-10T08:24:44.422Z</time>
			</trkpt>
			<trkpt lat="39.23522" lon="-1.0593">
				<ele>327.98</ele>
				<time>2026-09-10T08:24:48.180Z</time>
			</trkpt>
			<trkpt lat="39.23514" lon="-1.05935">
				<ele>329.47</ele>
				<time>2026-09-10T08:24:48.492Z</time>
			</trkpt>
			<trkpt lat="39.23461" lon="-1.05944">
				<ele>338.6</ele>
				<time>2026-09-10T08:24:50.201Z</time>
			</trkpt>
			<trkpt lat="39.2336" lon="-1.05955">
				<ele>342.86</ele>
				<time>2026-09-10T08:24:52.947Z</time>
			</trkpt>
			<trkpt lat="39.23353" lon="-1.05954">
				<ele>344.03</ele>
				<time>2026-09-10T08:24:53.127Z</time>
			</trkpt>
			<trkpt lat="39.23341" lon="-1.05951">
				<ele>345.68</ele>
				<time>2026-09-10T08:24:53.441Z</time>
			</trkpt>
			<trkpt lat="39.23249" lon="-1.05909">
				<ele>356.15</ele>
				<time>2026-09-10T08:24:56.092Z</time>
			</trkpt>
			<trkpt lat="39.232" lon="-1.05895">
				<ele>367.18</ele>
				<time>2026-09-10T08:24:57.692Z</time>
			</trkpt>
			<trkpt lat="39.23169" lon="-1.05889">
				<ele>366.78</ele>
				<time>2026-09-10T08:24:58.825Z</time>
			</trkpt>
			<trkpt lat="39.23164" lon="-1.05889">
				<ele>367.33</ele>
				<time>2026-09-10T08:24:59.017Z</time>
			</trkpt>
			<trkpt lat="39.23154" lon="-1.05892">
				<ele>370.42</ele>
				<time>2026-09-10T08:24:59.422Z</time>
			</trkpt>
			<trkpt lat="39.23132" lon="-1.05907">
				<ele>376.16</ele>
				<time>2026-09-10T08:25:00.466Z</time>
			</trkpt>
			<trkpt lat="39.2312" lon="-1.05914">
				<ele>377.3</ele>
				<time>2026-09-10T08:25:01.057Z</time>
			</trkpt>
			<trkpt lat="39.23103" lon="-1.0592">
				<ele>378.57</ele>
				<time>2026-09-10T08:25:01.894Z</time>
			</trkpt>
			<trkpt lat="39.23082" lon="-1.05924">
				<ele>380.5</ele>
				<time>2026-09-10T08:25:02.976Z</time>
			</trkpt>
			<trkpt lat="39.23063" lon="-1.05921">
				<ele>383.35</ele>
				<time>2026-09-10T08:25:04.026Z</time>
			</trkpt>
			<trkpt lat="39.23025" lon="-1.05911">
				<ele>389.68</ele>
				<time>2026-09-10T08:25:06.389Z</time>
			</trkpt>
			<trkpt lat="39.23012" lon="-1.0591">
				<ele>388.29</ele>
				<time>2026-09-10T08:25:07.259Z</time>
			</trkpt>
			<trkpt lat="39.22986" lon="-1.05917">
				<ele>385.06</ele>
				<time>2026-09-10T08:25:09.162Z</time>
			</trkpt>
			<trkpt lat="39.22968" lon="-1.05925">
				<ele>383.64</ele>
				<time>2026-09-10T08:25:10.638Z</time>
			</trkpt>
			<trkpt lat="39.22956" lon="-1.05934">
				<ele>382.96</ele>
				<time>2026-09-10T08:25:11.776Z</time>
			</trkpt>
			<trkpt lat="39.22933" lon="-1.05956">
				<ele>382.08</ele>
				<time>2026-09-10T08:25:14.297Z</time>
			</trkpt>
			<trkpt lat="39.22893" lon="-1.05981">
				<ele>369.86</ele>
				<time>2026-09-10T08:25:18.705Z</time>
			</trkpt>
			<trkpt lat="39.22881" lon="-1.05992">
				<ele>363.32</ele>
				<time>2026-09-10T08:25:20.306Z</time>
			</trkpt>
			<trkpt lat="39.22878" lon="-1.05999">
				<ele>361.01</ele>
				<time>2026-09-10T08:25:21.002Z</time>
			</trkpt>
			<trkpt lat="39.22878" lon="-1.06009">
				<ele>360.8</ele>
				<time>2026-09-10T08:25:21.891Z</time>
			</trkpt>
			<trkpt lat="39.22881" lon="-1.06017">
				<ele>362.34</ele>
				<time>2026-09-10T08:25:22.699Z</time>
			</trkpt>
			<trkpt lat="39.22911" lon="-1.06045">
				<ele>372.71</ele>
				<time>2026-09-10T08:25:27.338Z</time>
			</trkpt>
			<trkpt lat="39.22916" lon="-1.06053">
				<ele>374.26</ele>
				<time>2026-09-10T08:25:28.403Z</time>
			</trkpt>
			<trkpt lat="39.2292" lon="-1.0605">
				<ele>375.48</ele>
				<time>2026-09-10T08:25:29.033Z</time>
			</trkpt>
			<trkpt lat="39.22925" lon="-1.06051">
				<ele>376.56</ele>
				<time>2026-09-10T08:25:29.731Z</time>
			</trkpt>
			<trkpt lat="39.2293" lon="-1.06059">
				<ele>377.3</ele>
				<time>2026-09-10T08:25:30.851Z</time>
			</trkpt>
			<trkpt lat="39.2293" lon="-1.06065">
				<ele>377.13</ele>
				<time>2026-09-10T08:25:31.516Z</time>
			</trkpt>
			<trkpt lat="39.22932" lon="-1.06082">
				<ele>376.59</ele>
				<time>2026-09-10T08:25:33.470Z</time>
			</trkpt>
			<trkpt lat="39.22927" lon="-1.06096">
				<ele>375.6</ele>
				<time>2026-09-10T08:25:35.284Z</time>
			</trkpt>
			<trkpt lat="39.22926" lon="-1.06105">
				<ele>375.61</ele>
				<time>2026-09-10T08:25:36.382Z</time>
			</trkpt>
			<trkpt lat="39.22924" lon="-1.06124">
				<ele>376.32</ele>
				<time>2026-09-10T08:25:38.767Z</time>
			</trkpt>
			<trkpt lat="39.22926" lon="-1.06136">
				<ele>377.76</ele>
				<time>2026-09-10T08:25:48.099Z</time>
			</trkpt>
			<trkpt lat="39.22927" lon="-1.06136">
				<ele>378.05</ele>
				<time>2026-09-10T08:25:50.091Z</time>
			</trkpt>
			<trkpt lat="39.2293" lon="-1.06149">
				<ele>379.72</ele>
				<time>2026-09-10T08:26:10.487Z</time>
			</trkpt>
			<trkpt lat="39.22944" lon="-1.0615">
				<ele>382.85</ele>
				<time>2026-09-10T08:26:16.425Z</time>
			</trkpt>
			<trkpt lat="39.22949" lon="-1.06155">
				<ele>384.22</ele>
				<time>2026-09-10T08:26:17.733Z</time>
			</trkpt>
			<trkpt lat="39.2295" lon="-1.06173">
				<ele>385.04</ele>
				<time>2026-09-10T08:26:19.741Z</time>
			</trkpt>
			<trkpt lat="39.22948" lon="-1.06193">
				<ele>384.93</ele>
				<time>2026-09-10T08:26:21.749Z</time>
			</trkpt>
			<trkpt lat="39.22963" lon="-1.06196">
				<ele>388.22</ele>
				<time>2026-09-10T08:26:24.897Z</time>
			</trkpt>
			<trkpt lat="39.2297" lon="-1.06187">
				<ele>389.4</ele>
				<time>2026-09-10T08:26:27.603Z</time>
			</trkpt>
			<trkpt lat="39.22972" lon="-1.06191">
				<ele>389.94</ele>
				<time>2026-09-10T08:26:28.698Z</time>
			</trkpt>
			<trkpt lat="39.22986" lon="-1.0619">
				<ele>392.41</ele>
				<time>2026-09-10T08:26:33.146Z</time>
			</trkpt>
			<trkpt lat="39.22997" lon="-1.06187">
				<ele>393.07</ele>
				<time>2026-09-10T08:26:36.875Z</time>
			</trkpt>
			<trkpt lat="39.22986" lon="-1.0619">
				<ele>392.41</ele>
				<time>2026-09-10T08:26:40.563Z</time>
			</trkpt>
			<trkpt lat="39.22972" lon="-1.06191">
				<ele>389.94</ele>
				<time>2026-09-10T08:26:45.062Z</time>
			</trkpt>
			<trkpt lat="39.2297" lon="-1.06187">
				<ele>389.4</ele>
				<time>2026-09-10T08:26:46.231Z</time>
			</trkpt>
			<trkpt lat="39.22963" lon="-1.06196">
				<ele>388.22</ele>
				<time>2026-09-10T08:26:48.438Z</time>
			</trkpt>
			<trkpt lat="39.22955" lon="-1.06226">
				<ele>387.25</ele>
				<time>2026-09-10T08:26:53.864Z</time>
			</trkpt>
			<trkpt lat="39.22957" lon="-1.06236">
				<ele>387.65</ele>
				<time>2026-09-10T08:26:55.706Z</time>
			</trkpt>
			<trkpt lat="39.22959" lon="-1.06243">
				<ele>387.78</ele>
				<time>2026-09-10T08:26:57.036Z</time>
			</trkpt>
			<trkpt lat="39.22955" lon="-1.06247">
				<ele>387.04</ele>
				<time>2026-09-10T08:26:58.201Z</time>
			</trkpt>
			<trkpt lat="39.22952" lon="-1.06261">
				<ele>386.42</ele>
				<time>2026-09-10T08:27:00.791Z</time>
			</trkpt>
			<trkpt lat="39.22954" lon="-1.0629">
				<ele>385.48</ele>
				<time>2026-09-10T08:27:06.618Z</time>
			</trkpt>
			<trkpt lat="39.2295" lon="-1.06308">
				<ele>384.28</ele>
				<time>2026-09-10T08:27:10.943Z</time>
			</trkpt>
			<trkpt lat="39.22947" lon="-1.06316">
				<ele>383.39</ele>
				<time>2026-09-10T08:27:12.991Z</time>
			</trkpt>
			<trkpt lat="39.22911" lon="-1.0635">
				<ele>377.7</ele>
				<time>2026-09-10T08:27:24.716Z</time>
			</trkpt>
			<trkpt lat="39.22878" lon="-1.06374">
				<ele>372.8</ele>
				<time>2026-09-10T08:27:34.450Z</time>
			</trkpt>
			<trkpt lat="39.22867" lon="-1.0638">
				<ele>372.22</ele>
				<time>2026-09-10T08:27:37.454Z</time>
			</trkpt>
			<trkpt lat="39.22835" lon="-1.06388">
				<ele>368.34</ele>
				<time>2026-09-10T08:27:45.305Z</time>
			</trkpt>
			<trkpt lat="39.22806" lon="-1.06385">
				<ele>364.24</ele>
				<time>2026-09-10T08:27:51.666Z</time>
			</trkpt>
			<trkpt lat="39.228" lon="-1.06402">
				<ele>363.69</ele>
				<time>2026-09-10T08:27:54.525Z</time>
			</trkpt>
			<trkpt lat="39.22794" lon="-1.0641">
				<ele>363.07</ele>
				<time>2026-09-10T08:27:56.116Z</time>
			</trkpt>
			<trkpt lat="39.22754" lon="-1.06445">
				<ele>365.97</ele>
				<time>2026-09-10T08:28:03.147Z</time>
			</trkpt>
			<trkpt lat="39.22743" lon="-1.0645">
				<ele>367.31</ele>
				<time>2026-09-10T08:28:04.378Z</time>
			</trkpt>
			<trkpt lat="39.22729" lon="-1.06452">
				<ele>368.81</ele>
				<time>2026-09-10T08:28:05.825Z</time>
			</trkpt>
			<trkpt lat="39.22618" lon="-1.06446">
				<ele>359.69</ele>
				<time>2026-09-10T08:28:15.820Z</time>
			</trkpt>
			<trkpt lat="39.22556" lon="-1.06456">
				<ele>356.94</ele>
				<time>2026-09-10T08:28:20.479Z</time>
			</trkpt>
			<trkpt lat="39.22529" lon="-1.06457">
				<ele>354.14</ele>
				<time>2026-09-10T08:28:22.311Z</time>
			</trkpt>
			<trkpt lat="39.22511" lon="-1.06454">
				<ele>351.54</ele>
				<time>2026-09-10T08:28:23.486Z</time>
			</trkpt>
			<trkpt lat="39.22495" lon="-1.06448">
				<ele>348.45</ele>
				<time>2026-09-10T08:28:24.528Z</time>
			</trkpt>
			<trkpt lat="39.22461" lon="-1.06426">
				<ele>343.77</ele>
				<time>2026-09-10T08:28:26.783Z</time>
			</trkpt>
			<trkpt lat="39.22418" lon="-1.06387">
				<ele>343.74</ele>
				<time>2026-09-10T08:28:29.654Z</time>
			</trkpt>
			<trkpt lat="39.22405" lon="-1.06379">
				<ele>342.26</ele>
				<time>2026-09-10T08:28:30.398Z</time>
			</trkpt>
			<trkpt lat="39.22298" lon="-1.06323">
				<ele>333.88</ele>
				<time>2026-09-10T08:28:35.877Z</time>
			</trkpt>
			<trkpt lat="39.22278" lon="-1.06309">
				<ele>331.64</ele>
				<time>2026-09-10T08:28:36.887Z</time>
			</trkpt>
			<trkpt lat="39.22223" lon="-1.06252">
				<ele>333.96</ele>
				<time>2026-09-10T08:28:39.969Z</time>
			</trkpt>
			<trkpt lat="39.22217" lon="-1.06244">
				<ele>334.38</ele>
				<time>2026-09-10T08:28:40.345Z</time>
			</trkpt>
			<trkpt lat="39.22105" lon="-1.06132">
				<ele>339.32</ele>
				<time>2026-09-10T08:28:46.820Z</time>
			</trkpt>
			<trkpt lat="39.22057" lon="-1.06088">
				<ele>341.14</ele>
				<time>2026-09-10T08:28:49.842Z</time>
			</trkpt>
			<trkpt lat="39.22025" lon="-1.06067">
				<ele>339.62</ele>
				<time>2026-09-10T08:28:51.834Z</time>
			</trkpt>
			<trkpt lat="39.21997" lon="-1.06063">
				<ele>341.74</ele>
				<time>2026-09-10T08:28:53.492Z</time>
			</trkpt>
			<trkpt lat="39.21989" lon="-1.06066">
				<ele>342.73</ele>
				<time>2026-09-10T08:28:54.000Z</time>
			</trkpt>
			<trkpt lat="39.21978" lon="-1.06072">
				<ele>344.07</ele>
				<time>2026-09-10T08:28:54.742Z</time>
			</trkpt>
			<trkpt lat="39.21968" lon="-1.06077">
				<ele>344.74</ele>
				<time>2026-09-10T08:28:55.424Z</time>
			</trkpt>
			<trkpt lat="39.21958" lon="-1.06075">
				<ele>344.69</ele>
				<time>2026-09-10T08:28:56.081Z</time>
			</trkpt>
			<trkpt lat="39.21949" lon="-1.06069">
				<ele>344.45</ele>
				<time>2026-09-10T08:28:56.753Z</time>
			</trkpt>
			<trkpt lat="39.21945" lon="-1.06064">
				<ele>344.26</ele>
				<time>2026-09-10T08:28:57.128Z</time>
			</trkpt>
			<trkpt lat="39.21933" lon="-1.0606">
				<ele>344.53</ele>
				<time>2026-09-10T08:28:57.978Z</time>
			</trkpt>
			<trkpt lat="39.21921" lon="-1.06059">
				<ele>344.92</ele>
				<time>2026-09-10T08:28:58.825Z</time>
			</trkpt>
			<trkpt lat="39.21906" lon="-1.06063">
				<ele>345.09</ele>
				<time>2026-09-10T08:28:59.935Z</time>
			</trkpt>
			<trkpt lat="39.21878" lon="-1.06085">
				<ele>346.03</ele>
				<time>2026-09-10T08:29:02.470Z</time>
			</trkpt>
			<trkpt lat="39.21828" lon="-1.0614">
				<ele>352.88</ele>
				<time>2026-09-10T08:29:08.127Z</time>
			</trkpt>
			<trkpt lat="39.21802" lon="-1.06156">
				<ele>354.33</ele>
				<time>2026-09-10T08:29:10.779Z</time>
			</trkpt>
			<trkpt lat="39.2177" lon="-1.06165">
				<ele>349.03</ele>
				<time>2026-09-10T08:29:13.868Z</time>
			</trkpt>
			<trkpt lat="39.21728" lon="-1.06167">
				<ele>345.43</ele>
				<time>2026-09-10T08:29:17.882Z</time>
			</trkpt>
			<trkpt lat="39.21697" lon="-1.06171">
				<ele>344.6</ele>
				<time>2026-09-10T08:29:20.843Z</time>
			</trkpt>
			<trkpt lat="39.21681" lon="-1.06178">
				<ele>342.84</ele>
				<time>2026-09-10T08:29:22.429Z</time>
			</trkpt>
			<trkpt lat="39.21653" lon="-1.06195">
				<ele>339.04</ele>
				<time>2026-09-10T08:29:25.272Z</time>
			</trkpt>
			<trkpt lat="39.21632" lon="-1.06205">
				<ele>339.23</ele>
				<time>2026-09-10T08:29:27.263Z</time>
			</trkpt>
			<trkpt lat="39.21606" lon="-1.0623">
				<ele>342.4</ele>
				<time>2026-09-10T08:29:30.017Z</time>
			</trkpt>
			<trkpt lat="39.21581" lon="-1.06259">
				<ele>337.01</ele>
				<time>2026-09-10T08:29:32.670Z</time>
			</trkpt>
			<trkpt lat="39.2149" lon="-1.06383">
				<ele>343.05</ele>
				<time>2026-09-10T08:29:42.161Z</time>
			</trkpt>
			<trkpt lat="39.21475" lon="-1.06408">
				<ele>339.06</ele>
				<time>2026-09-10T08:29:43.866Z</time>
			</trkpt>
			<trkpt lat="39.21429" lon="-1.06509">
				<ele>338.73</ele>
				<time>2026-09-10T08:29:50.054Z</time>
			</trkpt>
			<trkpt lat="39.21408" lon="-1.06542">
				<ele>334.77</ele>
				<time>2026-09-10T08:29:52.261Z</time>
			</trkpt>
			<trkpt lat="39.2139" lon="-1.0656">
				<ele>334.04</ele>
				<time>2026-09-10T08:29:53.765Z</time>
			</trkpt>
			<trkpt lat="39.2138" lon="-1.06569">
				<ele>336.14</ele>
				<time>2026-09-10T08:29:54.565Z</time>
			</trkpt>
			<trkpt lat="39.21358" lon="-1.06584">
				<ele>340.88</ele>
				<time>2026-09-10T08:29:56.188Z</time>
			</trkpt>
			<trkpt lat="39.21335" lon="-1.06593">
				<ele>343.11</ele>
				<time>2026-09-10T08:29:57.744Z</time>
			</trkpt>
			<trkpt lat="39.21313" lon="-1.06599">
				<ele>342.18</ele>
				<time>2026-09-10T08:29:59.188Z</time>
			</trkpt>
			<trkpt lat="39.21301" lon="-1.066">
				<ele>341.06</ele>
				<time>2026-09-10T08:29:59.956Z</time>
			</trkpt>
			<trkpt lat="39.21265" lon="-1.06597">
				<ele>337.5</ele>
				<time>2026-09-10T08:30:02.242Z</time>
			</trkpt>
			<trkpt lat="39.21231" lon="-1.06584">
				<ele>338.28</ele>
				<time>2026-09-10T08:30:04.463Z</time>
			</trkpt>
			<trkpt lat="39.21171" lon="-1.06548">
				<ele>337.54</ele>
				<time>2026-09-10T08:30:08.544Z</time>
			</trkpt>
			<trkpt lat="39.21146" lon="-1.06529">
				<ele>339.17</ele>
				<time>2026-09-10T08:30:10.308Z</time>
			</trkpt>
			<trkpt lat="39.21102" lon="-1.06498">
				<ele>342.57</ele>
				<time>2026-09-10T08:30:13.322Z</time>
			</trkpt>
			<trkpt lat="39.21053" lon="-1.06459">
				<ele>347.09</ele>
				<time>2026-09-10T08:30:16.731Z</time>
			</trkpt>
			<trkpt lat="39.20977" lon="-1.06404">
				<ele>345.65</ele>
				<time>2026-09-10T08:30:21.794Z</time>
			</trkpt>
			<trkpt lat="39.20964" lon="-1.06393">
				<ele>347.15</ele>
				<time>2026-09-10T08:30:22.685Z</time>
			</trkpt>
			<trkpt lat="39.20941" lon="-1.06367">
				<ele>351.81</ele>
				<time>2026-09-10T08:30:24.430Z</time>
			</trkpt>
			<trkpt lat="39.20881" lon="-1.06269">
				<ele>346.34</ele>
				<time>2026-09-10T08:30:29.873Z</time>
			</trkpt>
			<trkpt lat="39.20868" lon="-1.06244">
				<ele>349.2</ele>
				<time>2026-09-10T08:30:31.168Z</time>
			</trkpt>
			<trkpt lat="39.20864" lon="-1.06233">
				<ele>347.82</ele>
				<time>2026-09-10T08:30:31.690Z</time>
			</trkpt>
			<trkpt lat="39.20849" lon="-1.06171">
				<ele>342.03</ele>
				<time>2026-09-10T08:30:34.460Z</time>
			</trkpt>
			<trkpt lat="39.20841" lon="-1.06116">
				<ele>342.73</ele>
				<time>2026-09-10T08:30:36.826Z</time>
			</trkpt>
			<trkpt lat="39.20828" lon="-1.0597">
				<ele>346.63</ele>
				<time>2026-09-10T08:30:42.965Z</time>
			</trkpt>
			<trkpt lat="39.20824" lon="-1.05951">
				<ele>347.31</ele>
				<time>2026-09-10T08:30:43.780Z</time>
			</trkpt>
			<trkpt lat="39.20814" lon="-1.05923">
				<ele>348.55</ele>
				<time>2026-09-10T08:30:45.053Z</time>
			</trkpt>
			<trkpt lat="39.20797" lon="-1.05883">
				<ele>352.87</ele>
				<time>2026-09-10T08:30:46.931Z</time>
			</trkpt>
			<trkpt lat="39.20772" lon="-1.0585">
				<ele>353.65</ele>
				<time>2026-09-10T08:30:48.823Z</time>
			</trkpt>
			<trkpt lat="39.20746" lon="-1.05825">
				<ele>352.59</ele>
				<time>2026-09-10T08:30:50.533Z</time>
			</trkpt>
			<trkpt lat="39.20717" lon="-1.05806">
				<ele>352.32</ele>
				<time>2026-09-10T08:30:52.245Z</time>
			</trkpt>
			<trkpt lat="39.20688" lon="-1.05795">
				<ele>354.3</ele>
				<time>2026-09-10T08:30:53.832Z</time>
			</trkpt>
			<trkpt lat="39.20662" lon="-1.05791">
				<ele>353.75</ele>
				<time>2026-09-10T08:30:55.204Z</time>
			</trkpt>
			<trkpt lat="39.20609" lon="-1.05797">
				<ele>350.63</ele>
				<time>2026-09-10T08:30:57.987Z</time>
			</trkpt>
			<trkpt lat="39.2056" lon="-1.05822">
				<ele>349.07</ele>
				<time>2026-09-10T08:31:00.739Z</time>
			</trkpt>
			<trkpt lat="39.20469" lon="-1.05908">
				<ele>341.53</ele>
				<time>2026-09-10T08:31:06.628Z</time>
			</trkpt>
			<trkpt lat="39.20335" lon="-1.06036">
				<ele>346.82</ele>
				<time>2026-09-10T08:31:15.373Z</time>
			</trkpt>
			<trkpt lat="39.20142" lon="-1.06236">
				<ele>364.34</ele>
				<time>2026-09-10T08:31:28.614Z</time>
			</trkpt>
			<trkpt lat="39.20128" lon="-1.06269">
				<ele>367.73</ele>
				<time>2026-09-10T08:31:30.205Z</time>
			</trkpt>
			<trkpt lat="39.20128" lon="-1.06284">
				<ele>368.7</ele>
				<time>2026-09-10T08:31:30.841Z</time>
			</trkpt>
			<trkpt lat="39.20132" lon="-1.06314">
				<ele>369.2</ele>
				<time>2026-09-10T08:31:32.137Z</time>
			</trkpt>
			<trkpt lat="39.20193" lon="-1.06521">
				<ele>378.96</ele>
				<time>2026-09-10T08:31:41.256Z</time>
			</trkpt>
			<trkpt lat="39.20195" lon="-1.06532">
				<ele>378.82</ele>
				<time>2026-09-10T08:31:41.701Z</time>
			</trkpt>
			<trkpt lat="39.20194" lon="-1.0655">
				<ele>379.85</ele>
				<time>2026-09-10T08:31:42.408Z</time>
			</trkpt>
			<trkpt lat="39.20169" lon="-1.06669">
				<ele>389.88</ele>
				<time>2026-09-10T08:31:47.137Z</time>
			</trkpt>
			<trkpt lat="39.20166" lon="-1.06673">
				<ele>389.99</ele>
				<time>2026-09-10T08:31:47.347Z</time>
			</trkpt>
			<trkpt lat="39.20162" lon="-1.06674">
				<ele>390.57</ele>
				<time>2026-09-10T08:31:47.545Z</time>
			</trkpt>
			<trkpt lat="39.20157" lon="-1.06674">
				<ele>391.19</ele>
				<time>2026-09-10T08:31:47.788Z</time>
			</trkpt>
			<trkpt lat="39.20153" lon="-1.06669">
				<ele>391.79</ele>
				<time>2026-09-10T08:31:48.058Z</time>
			</trkpt>
			<trkpt lat="39.20152" lon="-1.06662">
				<ele>392.21</ele>
				<time>2026-09-10T08:31:48.324Z</time>
			</trkpt>
			<trkpt lat="39.20164" lon="-1.06556">
				<ele>391.51</ele>
				<time>2026-09-10T08:31:52.296Z</time>
			</trkpt>
			<trkpt lat="39.20164" lon="-1.06545">
				<ele>390.65</ele>
				<time>2026-09-10T08:31:52.700Z</time>
			</trkpt>
			<trkpt lat="39.20158" lon="-1.06523">
				<ele>390.08</ele>
				<time>2026-09-10T08:31:53.555Z</time>
			</trkpt>
			<trkpt lat="39.20102" lon="-1.06425">
				<ele>397.79</ele>
				<time>2026-09-10T08:31:57.993Z</time>
			</trkpt>
			<trkpt lat="39.2009" lon="-1.06415">
				<ele>397.56</ele>
				<time>2026-09-10T08:31:58.663Z</time>
			</trkpt>
			<trkpt lat="39.20079" lon="-1.06411">
				<ele>396.71</ele>
				<time>2026-09-10T08:31:59.200Z</time>
			</trkpt>
			<trkpt lat="39.20064" lon="-1.06413">
				<ele>396.08</ele>
				<time>2026-09-10T08:31:59.907Z</time>
			</trkpt>
			<trkpt lat="39.20056" lon="-1.0642">
				<ele>396.15</ele>
				<time>2026-09-10T08:32:00.361Z</time>
			</trkpt>
			<trkpt lat="39.20046" lon="-1.06431">
				<ele>395.22</ele>
				<time>2026-09-10T08:32:00.979Z</time>
			</trkpt>
			<trkpt lat="39.20031" lon="-1.06468">
				<ele>395.01</ele>
				<time>2026-09-10T08:32:02.503Z</time>
			</trkpt>
			<trkpt lat="39.20017" lon="-1.06536">
				<ele>402.53</ele>
				<time>2026-09-10T08:32:05.085Z</time>
			</trkpt>
			<trkpt lat="39.19994" lon="-1.06685">
				<ele>410.47</ele>
				<time>2026-09-10T08:32:10.768Z</time>
			</trkpt>
			<trkpt lat="39.1999" lon="-1.06703">
				<ele>411.95</ele>
				<time>2026-09-10T08:32:11.482Z</time>
			</trkpt>
			<trkpt lat="39.19984" lon="-1.06716">
				<ele>413.09</ele>
				<time>2026-09-10T08:32:12.062Z</time>
			</trkpt>
			<trkpt lat="39.19977" lon="-1.06725">
				<ele>413.93</ele>
				<time>2026-09-10T08:32:12.553Z</time>
			</trkpt>
			<trkpt lat="39.19751" lon="-1.06852">
				<ele>426.46</ele>
				<time>2026-09-10T08:32:25.557Z</time>
			</trkpt>
			<trkpt lat="39.19736" lon="-1.06858">
				<ele>428.51</ele>
				<time>2026-09-10T08:32:26.447Z</time>
			</trkpt>
			<trkpt lat="39.19724" lon="-1.06859">
				<ele>429.37</ele>
				<time>2026-09-10T08:32:27.135Z</time>
			</trkpt>
			<trkpt lat="39.19685" lon="-1.06852">
				<ele>427.92</ele>
				<time>2026-09-10T08:32:29.424Z</time>
			</trkpt>
			<trkpt lat="39.19678" lon="-1.06853">
				<ele>427.78</ele>
				<time>2026-09-10T08:32:29.840Z</time>
			</trkpt>
			<trkpt lat="39.19668" lon="-1.06857">
				<ele>427.75</ele>
				<time>2026-09-10T08:32:30.461Z</time>
			</trkpt>
			<trkpt lat="39.19659" lon="-1.06865">
				<ele>428.04</ele>
				<time>2026-09-10T08:32:31.115Z</time>
			</trkpt>
			<trkpt lat="39.19638" lon="-1.06896">
				<ele>429.43</ele>
				<time>2026-09-10T08:32:33.051Z</time>
			</trkpt>
			<trkpt lat="39.19626" lon="-1.06905">
				<ele>429.43</ele>
				<time>2026-09-10T08:32:33.907Z</time>
			</trkpt>
			<trkpt lat="39.19603" lon="-1.06919">
				<ele>428.44</ele>
				<time>2026-09-10T08:32:35.497Z</time>
			</trkpt>
			<trkpt lat="39.19597" lon="-1.06925">
				<ele>428.12</ele>
				<time>2026-09-10T08:32:35.978Z</time>
			</trkpt>
			<trkpt lat="39.19585" lon="-1.06944">
				<ele>428.03</ele>
				<time>2026-09-10T08:32:37.191Z</time>
			</trkpt>
			<trkpt lat="39.19574" lon="-1.0698">
				<ele>429.02</ele>
				<time>2026-09-10T08:32:39.142Z</time>
			</trkpt>
			<trkpt lat="39.19566" lon="-1.07017">
				<ele>427.71</ele>
				<time>2026-09-10T08:32:41.123Z</time>
			</trkpt>
			<trkpt lat="39.19559" lon="-1.07024">
				<ele>427.2</ele>
				<time>2026-09-10T08:32:41.721Z</time>
			</trkpt>
			<trkpt lat="39.19556" lon="-1.07024">
				<ele>427.04</ele>
				<time>2026-09-10T08:32:41.924Z</time>
			</trkpt>
			<trkpt lat="39.19535" lon="-1.07031">
				<ele>425.97</ele>
				<time>2026-09-10T08:32:43.409Z</time>
			</trkpt>
			<trkpt lat="39.19477" lon="-1.07067">
				<ele>429.84</ele>
				<time>2026-09-10T08:32:47.963Z</time>
			</trkpt>
			<trkpt lat="39.19465" lon="-1.07081">
				<ele>432.93</ele>
				<time>2026-09-10T08:32:49.106Z</time>
			</trkpt>
			<trkpt lat="39.19426" lon="-1.07139">
				<ele>438.68</ele>
				<time>2026-09-10T08:32:53.010Z</time>
			</trkpt>
			<trkpt lat="39.19368" lon="-1.0721">
				<ele>432.25</ele>
				<time>2026-09-10T08:32:57.801Z</time>
			</trkpt>
			<trkpt lat="39.19329" lon="-1.07257">
				<ele>431.67</ele>
				<time>2026-09-10T08:33:00.934Z</time>
			</trkpt>
			<trkpt lat="39.19321" lon="-1.07269">
				<ele>430.94</ele>
				<time>2026-09-10T08:33:01.666Z</time>
			</trkpt>
			<trkpt lat="39.19302" lon="-1.07327">
				<ele>433.59</ele>
				<time>2026-09-10T08:33:04.676Z</time>
			</trkpt>
			<trkpt lat="39.19282" lon="-1.07403">
				<ele>435.61</ele>
				<time>2026-09-10T08:33:08.882Z</time>
			</trkpt>
			<trkpt lat="39.19275" lon="-1.07477">
				<ele>433.03</ele>
				<time>2026-09-10T08:33:13.349Z</time>
			</trkpt>
			<trkpt lat="39.19269" lon="-1.07506">
				<ele>433.74</ele>
				<time>2026-09-10T08:33:15.345Z</time>
			</trkpt>
			<trkpt lat="39.19255" lon="-1.0754">
				<ele>434.73</ele>
				<time>2026-09-10T08:33:18.098Z</time>
			</trkpt>
			<trkpt lat="39.19248" lon="-1.07545">
				<ele>434.92</ele>
				<time>2026-09-10T08:33:18.877Z</time>
			</trkpt>
			<trkpt lat="39.19056" lon="-1.07603">
				<ele>431.76</ele>
				<time>2026-09-10T08:33:44.971Z</time>
			</trkpt>
			<trkpt lat="39.19043" lon="-1.0761">
				<ele>430.21</ele>
				<time>2026-09-10T08:33:47.450Z</time>
			</trkpt>
			<trkpt lat="39.19081" lon="-1.07673">
				<ele>438.79</ele>
				<time>2026-09-10T08:33:59.518Z</time>
			</trkpt>
			<trkpt lat="39.19079" lon="-1.07674">
				<ele>438.52</ele>
				<time>2026-09-10T08:33:59.973Z</time>
			</trkpt>
			<trkpt lat="39.19103" lon="-1.07721">
				<ele>440.19</ele>
				<time>2026-09-10T08:34:17.293Z</time>
			</trkpt>
			<trkpt lat="39.19079" lon="-1.07674">
				<ele>438.52</ele>
				<time>2026-09-10T08:34:47.777Z</time>
			</trkpt>
			<trkpt lat="39.19081" lon="-1.07673">
				<ele>438.79</ele>
				<time>2026-09-10T08:34:48.554Z</time>
			</trkpt>
			<trkpt lat="39.19043" lon="-1.0761">
				<ele>430.21</ele>
				<time>2026-09-10T08:35:07.427Z</time>
			</trkpt>
			<trkpt lat="39.19056" lon="-1.07603">
				<ele>431.76</ele>
				<time>2026-09-10T08:35:11.728Z</time>
			</trkpt>
			<trkpt lat="39.19248" lon="-1.07545">
				<ele>434.92</ele>
				<time>2026-09-10T08:35:42.388Z</time>
			</trkpt>
			<trkpt lat="39.19255" lon="-1.0754">
				<ele>434.73</ele>
				<time>2026-09-10T08:35:43.401Z</time>
			</trkpt>
			<trkpt lat="39.19269" lon="-1.07506">
				<ele>433.74</ele>
				<time>2026-09-10T08:35:47.113Z</time>
			</trkpt>
			<trkpt lat="39.19275" lon="-1.07477">
				<ele>433.03</ele>
				<time>2026-09-10T08:35:49.936Z</time>
			</trkpt>
			<trkpt lat="39.19282" lon="-1.07403">
				<ele>435.61</ele>
				<time>2026-09-10T08:35:56.684Z</time>
			</trkpt>
			<trkpt lat="39.19302" lon="-1.07327">
				<ele>433.59</ele>
				<time>2026-09-10T08:36:03.548Z</time>
			</trkpt>
			<trkpt lat="39.19321" lon="-1.07269">
				<ele>430.94</ele>
				<time>2026-09-10T08:36:08.658Z</time>
			</trkpt>
			<trkpt lat="39.19329" lon="-1.07257">
				<ele>431.67</ele>
				<time>2026-09-10T08:36:09.905Z</time>
			</trkpt>
			<trkpt lat="39.19368" lon="-1.0721">
				<ele>432.25</ele>
				<time>2026-09-10T08:36:15.169Z</time>
			</trkpt>
			<trkpt lat="39.19426" lon="-1.07139">
				<ele>438.68</ele>
				<time>2026-09-10T08:36:22.581Z</time>
			</trkpt>
			<trkpt lat="39.19465" lon="-1.07081">
				<ele>432.93</ele>
				<time>2026-09-10T08:36:27.755Z</time>
			</trkpt>
			<trkpt lat="39.19477" lon="-1.07067">
				<ele>429.84</ele>
				<time>2026-09-10T08:36:29.114Z</time>
			</trkpt>
			<trkpt lat="39.19535" lon="-1.07031">
				<ele>425.97</ele>
				<time>2026-09-10T08:36:34.332Z</time>
			</trkpt>
			<trkpt lat="39.19544" lon="-1.07017">
				<ele>426.05</ele>
				<time>2026-09-10T08:36:35.437Z</time>
			</trkpt>
			<trkpt lat="39.1955" lon="-1.07002">
				<ele>426.44</ele>
				<time>2026-09-10T08:36:36.450Z</time>
			</trkpt>
			<trkpt lat="39.19556" lon="-1.06998">
				<ele>427.14</ele>
				<time>2026-09-10T08:36:36.968Z</time>
			</trkpt>
			<trkpt lat="39.1956" lon="-1.06999">
				<ele>427.49</ele>
				<time>2026-09-10T08:36:37.280Z</time>
			</trkpt>
			<trkpt lat="39.19571" lon="-1.06986">
				<ele>428.67</ele>
				<time>2026-09-10T08:36:38.411Z</time>
			</trkpt>
			<trkpt lat="39.19574" lon="-1.0698">
				<ele>429.02</ele>
				<time>2026-09-10T08:36:38.827Z</time>
			</trkpt>
			<trkpt lat="39.19585" lon="-1.06944">
				<ele>428.03</ele>
				<time>2026-09-10T08:36:41.049Z</time>
			</trkpt>
			<trkpt lat="39.19597" lon="-1.06925">
				<ele>428.12</ele>
				<time>2026-09-10T08:36:42.429Z</time>
			</trkpt>
			<trkpt lat="39.19603" lon="-1.06919">
				<ele>428.44</ele>
				<time>2026-09-10T08:36:42.974Z</time>
			</trkpt>
			<trkpt lat="39.19626" lon="-1.06905">
				<ele>429.43</ele>
				<time>2026-09-10T08:36:44.776Z</time>
			</trkpt>
			<trkpt lat="39.19638" lon="-1.06896">
				<ele>429.43</ele>
				<time>2026-09-10T08:36:45.742Z</time>
			</trkpt>
			<trkpt lat="39.19659" lon="-1.06865">
				<ele>428.04</ele>
				<time>2026-09-10T08:36:47.913Z</time>
			</trkpt>
			<trkpt lat="39.19668" lon="-1.06857">
				<ele>427.75</ele>
				<time>2026-09-10T08:36:48.642Z</time>
			</trkpt>
			<trkpt lat="39.19678" lon="-1.06853">
				<ele>427.78</ele>
				<time>2026-09-10T08:36:49.332Z</time>
			</trkpt>
			<trkpt lat="39.19685" lon="-1.06852">
				<ele>427.92</ele>
				<time>2026-09-10T08:36:49.793Z</time>
			</trkpt>
			<trkpt lat="39.19724" lon="-1.06859">
				<ele>429.37</ele>
				<time>2026-09-10T08:36:52.316Z</time>
			</trkpt>
			<trkpt lat="39.19736" lon="-1.06858">
				<ele>428.51</ele>
				<time>2026-09-10T08:36:53.069Z</time>
			</trkpt>
			<trkpt lat="39.19751" lon="-1.06852">
				<ele>426.46</ele>
				<time>2026-09-10T08:36:54.039Z</time>
			</trkpt>
			<trkpt lat="39.19977" lon="-1.06725">
				<ele>413.93</ele>
				<time>2026-09-10T08:37:07.730Z</time>
			</trkpt>
			<trkpt lat="39.19984" lon="-1.06716">
				<ele>413.09</ele>
				<time>2026-09-10T08:37:08.229Z</time>
			</trkpt>
			<trkpt lat="39.1999" lon="-1.06703">
				<ele>411.95</ele>
				<time>2026-09-10T08:37:08.817Z</time>
			</trkpt>
			<trkpt lat="39.19994" lon="-1.06685">
				<ele>410.47</ele>
				<time>2026-09-10T08:37:09.539Z</time>
			</trkpt>
			<trkpt lat="39.20017" lon="-1.06536">
				<ele>402.53</ele>
				<time>2026-09-10T08:37:15.197Z</time>
			</trkpt>
			<trkpt lat="39.20031" lon="-1.06468">
				<ele>395.01</ele>
				<time>2026-09-10T08:37:17.724Z</time>
			</trkpt>
			<trkpt lat="39.20046" lon="-1.06431">
				<ele>395.22</ele>
				<time>2026-09-10T08:37:19.203Z</time>
			</trkpt>
			<trkpt lat="39.20056" lon="-1.0642">
				<ele>396.15</ele>
				<time>2026-09-10T08:37:19.801Z</time>
			</trkpt>
			<trkpt lat="39.20064" lon="-1.06413">
				<ele>396.08</ele>
				<time>2026-09-10T08:37:20.240Z</time>
			</trkpt>
			<trkpt lat="39.20079" lon="-1.06411">
				<ele>396.71</ele>
				<time>2026-09-10T08:37:20.923Z</time>
			</trkpt>
			<trkpt lat="39.2009" lon="-1.06415">
				<ele>397.56</ele>
				<time>2026-09-10T08:37:21.439Z</time>
			</trkpt>
			<trkpt lat="39.20102" lon="-1.06425">
				<ele>397.79</ele>
				<time>2026-09-10T08:37:22.084Z</time>
			</trkpt>
			<trkpt lat="39.20158" lon="-1.06523">
				<ele>390.08</ele>
				<time>2026-09-10T08:37:26.332Z</time>
			</trkpt>
			<trkpt lat="39.20164" lon="-1.06545">
				<ele>390.65</ele>
				<time>2026-09-10T08:37:27.148Z</time>
			</trkpt>
			<trkpt lat="39.20164" lon="-1.06556">
				<ele>391.51</ele>
				<time>2026-09-10T08:37:27.533Z</time>
			</trkpt>
			<trkpt lat="39.20152" lon="-1.06662">
				<ele>392.21</ele>
				<time>2026-09-10T08:37:31.320Z</time>
			</trkpt>
			<trkpt lat="39.20153" lon="-1.06669">
				<ele>391.79</ele>
				<time>2026-09-10T08:37:31.575Z</time>
			</trkpt>
			<trkpt lat="39.20157" lon="-1.06674">
				<ele>391.19</ele>
				<time>2026-09-10T08:37:31.833Z</time>
			</trkpt>
			<trkpt lat="39.20162" lon="-1.06674">
				<ele>390.57</ele>
				<time>2026-09-10T08:37:32.064Z</time>
			</trkpt>
			<trkpt lat="39.20166" lon="-1.06673">
				<ele>389.99</ele>
				<time>2026-09-10T08:37:32.253Z</time>
			</trkpt>
			<trkpt lat="39.20169" lon="-1.06669">
				<ele>389.88</ele>
				<time>2026-09-10T08:37:32.453Z</time>
			</trkpt>
			<trkpt lat="39.20194" lon="-1.0655">
				<ele>379.85</ele>
				<time>2026-09-10T08:37:36.984Z</time>
			</trkpt>
			<trkpt lat="39.20195" lon="-1.06532">
				<ele>378.82</ele>
				<time>2026-09-10T08:37:37.665Z</time>
			</trkpt>
			<trkpt lat="39.20193" lon="-1.06521">
				<ele>378.96</ele>
				<time>2026-09-10T08:37:38.094Z</time>
			</trkpt>
			<trkpt lat="39.20132" lon="-1.06314">
				<ele>369.2</ele>
				<time>2026-09-10T08:37:46.999Z</time>
			</trkpt>
			<trkpt lat="39.20121" lon="-1.06292">
				<ele>368.67</ele>
				<time>2026-09-10T08:37:48.127Z</time>
			</trkpt>
			<trkpt lat="39.20117" lon="-1.06284">
				<ele>368.37</ele>
				<time>2026-09-10T08:37:48.542Z</time>
			</trkpt>
			<trkpt lat="39.20112" lon="-1.06268">
				<ele>366.57</ele>
				<time>2026-09-10T08:37:49.299Z</time>
			</trkpt>
			<trkpt lat="39.20335" lon="-1.06036">
				<ele>346.82</ele>
				<time>2026-09-10T08:38:06.786Z</time>
			</trkpt>
			<trkpt lat="39.20469" lon="-1.05908">
				<ele>341.53</ele>
				<time>2026-09-10T08:38:16.634Z</time>
			</trkpt>
			<trkpt lat="39.2056" lon="-1.05822">
				<ele>349.07</ele>
				<time>2026-09-10T08:38:23.118Z</time>
			</trkpt>
			<trkpt lat="39.20609" lon="-1.05797">
				<ele>350.63</ele>
				<time>2026-09-10T08:38:26.102Z</time>
			</trkpt>
			<trkpt lat="39.20662" lon="-1.05791">
				<ele>353.75</ele>
				<time>2026-09-10T08:38:29.088Z</time>
			</trkpt>
			<trkpt lat="39.20688" lon="-1.05795">
				<ele>354.3</ele>
				<time>2026-09-10T08:38:30.548Z</time>
			</trkpt>
			<trkpt lat="39.20717" lon="-1.05806">
				<ele>352.32</ele>
				<time>2026-09-10T08:38:32.226Z</time>
			</trkpt>
			<trkpt lat="39.20746" lon="-1.05825">
				<ele>352.59</ele>
				<time>2026-09-10T08:38:34.022Z</time>
			</trkpt>
			<trkpt lat="39.20772" lon="-1.0585">
				<ele>353.65</ele>
				<time>2026-09-10T08:38:35.804Z</time>
			</trkpt>
			<trkpt lat="39.20797" lon="-1.05883">
				<ele>352.87</ele>
				<time>2026-09-10T08:38:37.759Z</time>
			</trkpt>
			<trkpt lat="39.20814" lon="-1.05923">
				<ele>348.55</ele>
				<time>2026-09-10T08:38:39.683Z</time>
			</trkpt>
			<trkpt lat="39.20824" lon="-1.05951">
				<ele>347.31</ele>
				<time>2026-09-10T08:38:40.977Z</time>
			</trkpt>
			<trkpt lat="39.20828" lon="-1.0597">
				<ele>346.63</ele>
				<time>2026-09-10T08:38:41.801Z</time>
			</trkpt>
			<trkpt lat="39.20841" lon="-1.06116">
				<ele>342.73</ele>
				<time>2026-09-10T08:38:47.904Z</time>
			</trkpt>
			<trkpt lat="39.20849" lon="-1.06171">
				<ele>342.03</ele>
				<time>2026-09-10T08:38:50.206Z</time>
			</trkpt>
			<trkpt lat="39.20864" lon="-1.06233">
				<ele>347.82</ele>
				<time>2026-09-10T08:38:52.864Z</time>
			</trkpt>
			<trkpt lat="39.20868" lon="-1.06244">
				<ele>349.2</ele>
				<time>2026-09-10T08:38:53.360Z</time>
			</trkpt>
			<trkpt lat="39.20881" lon="-1.06269">
				<ele>346.34</ele>
				<time>2026-09-10T08:38:54.587Z</time>
			</trkpt>
			<trkpt lat="39.20941" lon="-1.06367">
				<ele>351.81</ele>
				<time>2026-09-10T08:38:59.647Z</time>
			</trkpt>
			<trkpt lat="39.20964" lon="-1.06393">
				<ele>347.15</ele>
				<time>2026-09-10T08:39:01.237Z</time>
			</trkpt>
			<trkpt lat="39.20977" lon="-1.06404">
				<ele>345.65</ele>
				<time>2026-09-10T08:39:02.044Z</time>
			</trkpt>
			<trkpt lat="39.21171" lon="-1.06548">
				<ele>337.54</ele>
				<time>2026-09-10T08:39:13.577Z</time>
			</trkpt>
			<trkpt lat="39.21231" lon="-1.06584">
				<ele>338.28</ele>
				<time>2026-09-10T08:39:16.965Z</time>
			</trkpt>
			<trkpt lat="39.21265" lon="-1.06597">
				<ele>337.5</ele>
				<time>2026-09-10T08:39:18.778Z</time>
			</trkpt>
			<trkpt lat="39.21301" lon="-1.066">
				<ele>341.06</ele>
				<time>2026-09-10T08:39:20.622Z</time>
			</trkpt>
			<trkpt lat="39.21335" lon="-1.06593">
				<ele>343.11</ele>
				<time>2026-09-10T08:39:22.381Z</time>
			</trkpt>
			<trkpt lat="39.21358" lon="-1.06584">
				<ele>340.88</ele>
				<time>2026-09-10T08:39:23.608Z</time>
			</trkpt>
			<trkpt lat="39.2138" lon="-1.06569">
				<ele>336.14</ele>
				<time>2026-09-10T08:39:24.879Z</time>
			</trkpt>
			<trkpt lat="39.2139" lon="-1.0656">
				<ele>334.04</ele>
				<time>2026-09-10T08:39:25.502Z</time>
			</trkpt>
			<trkpt lat="39.21408" lon="-1.06542">
				<ele>334.77</ele>
				<time>2026-09-10T08:39:26.665Z</time>
			</trkpt>
			<trkpt lat="39.21429" lon="-1.06509">
				<ele>338.73</ele>
				<time>2026-09-10T08:39:28.355Z</time>
			</trkpt>
			<trkpt lat="39.21475" lon="-1.06408">
				<ele>339.06</ele>
				<time>2026-09-10T08:39:32.998Z</time>
			</trkpt>
			<trkpt lat="39.2149" lon="-1.06383">
				<ele>343.05</ele>
				<time>2026-09-10T08:39:34.253Z</time>
			</trkpt>
			<trkpt lat="39.21581" lon="-1.06259">
				<ele>337.01</ele>
				<time>2026-09-10T08:39:41.054Z</time>
			</trkpt>
			<trkpt lat="39.21606" lon="-1.0623">
				<ele>342.4</ele>
				<time>2026-09-10T08:39:42.789Z</time>
			</trkpt>
			<trkpt lat="39.21632" lon="-1.06205">
				<ele>339.23</ele>
				<time>2026-09-10T08:39:44.465Z</time>
			</trkpt>
			<trkpt lat="39.21668" lon="-1.06177">
				<ele>340.63</ele>
				<time>2026-09-10T08:39:46.645Z</time>
			</trkpt>
			<trkpt lat="39.21691" lon="-1.06163">
				<ele>342.98</ele>
				<time>2026-09-10T08:39:47.966Z</time>
			</trkpt>
			<trkpt lat="39.21748" lon="-1.06139">
				<ele>344.68</ele>
				<time>2026-09-10T08:39:51.094Z</time>
			</trkpt>
			<trkpt lat="39.2181" lon="-1.06127">
				<ele>349.14</ele>
				<time>2026-09-10T08:39:54.381Z</time>
			</trkpt>
			<trkpt lat="39.21848" lon="-1.06127">
				<ele>350.13</ele>
				<time>2026-09-10T08:39:56.384Z</time>
			</trkpt>
			<trkpt lat="39.2189" lon="-1.06132">
				<ele>349.45</ele>
				<time>2026-09-10T08:39:58.616Z</time>
			</trkpt>
			<trkpt lat="39.21914" lon="-1.06138">
				<ele>349.87</ele>
				<time>2026-09-10T08:39:59.915Z</time>
			</trkpt>
			<trkpt lat="39.21968" lon="-1.06161">
				<ele>350.92</ele>
				<time>2026-09-10T08:40:02.949Z</time>
			</trkpt>
			<trkpt lat="39.21989" lon="-1.06171">
				<ele>350.08</ele>
				<time>2026-09-10T08:40:04.150Z</time>
			</trkpt>
			<trkpt lat="39.22017" lon="-1.06191">
				<ele>352.9</ele>
				<time>2026-09-10T08:40:05.872Z</time>
			</trkpt>
			<trkpt lat="39.22041" lon="-1.06211">
				<ele>355.15</ele>
				<time>2026-09-10T08:40:07.415Z</time>
			</trkpt>
			<trkpt lat="39.22079" lon="-1.06251">
				<ele>357.87</ele>
				<time>2026-09-10T08:40:10.078Z</time>
			</trkpt>
			<trkpt lat="39.22095" lon="-1.06272">
				<ele>359.61</ele>
				<time>2026-09-10T08:40:11.324Z</time>
			</trkpt>
			<trkpt lat="39.22118" lon="-1.06306">
				<ele>366.86</ele>
				<time>2026-09-10T08:40:13.241Z</time>
			</trkpt>
			<trkpt lat="39.22138" lon="-1.06343">
				<ele>372.45</ele>
				<time>2026-09-10T08:40:15.167Z</time>
			</trkpt>
			<trkpt lat="39.2216" lon="-1.06393">
				<ele>376.33</ele>
				<time>2026-09-10T08:40:17.638Z</time>
			</trkpt>
			<trkpt lat="39.2217" lon="-1.06426">
				<ele>380.7</ele>
				<time>2026-09-10T08:40:19.169Z</time>
			</trkpt>
			<trkpt lat="39.22185" lon="-1.06489">
				<ele>383.86</ele>
				<time>2026-09-10T08:40:22.036Z</time>
			</trkpt>
			<trkpt lat="39.22193" lon="-1.06557">
				<ele>381.29</ele>
				<time>2026-09-10T08:40:25.054Z</time>
			</trkpt>
			<trkpt lat="39.22193" lon="-1.06596">
				<ele>385.29</ele>
				<time>2026-09-10T08:40:26.778Z</time>
			</trkpt>
			<trkpt lat="39.22187" lon="-1.06715">
				<ele>398.14</ele>
				<time>2026-09-10T08:40:32.111Z</time>
			</trkpt>
			<trkpt lat="39.22186" lon="-1.06764">
				<ele>398.4</ele>
				<time>2026-09-10T08:40:34.330Z</time>
			</trkpt>
			<trkpt lat="39.2219" lon="-1.06799">
				<ele>397.79</ele>
				<time>2026-09-10T08:40:35.942Z</time>
			</trkpt>
			<trkpt lat="39.22205" lon="-1.06893">
				<ele>401.89</ele>
				<time>2026-09-10T08:40:40.360Z</time>
			</trkpt>
			<trkpt lat="39.22234" lon="-1.06969">
				<ele>410.43</ele>
				<time>2026-09-10T08:40:44.318Z</time>
			</trkpt>
			<trkpt lat="39.22267" lon="-1.07035">
				<ele>423.48</ele>
				<time>2026-09-10T08:40:48.037Z</time>
			</trkpt>
			<trkpt lat="39.22396" lon="-1.07256">
				<ele>434.06</ele>
				<time>2026-09-10T08:41:01.554Z</time>
			</trkpt>
			<trkpt lat="39.22432" lon="-1.07324">
				<ele>431</ele>
				<time>2026-09-10T08:41:05.710Z</time>
			</trkpt>
			<trkpt lat="39.22484" lon="-1.07407">
				<ele>424.79</ele>
				<time>2026-09-10T08:41:11.194Z</time>
			</trkpt>
			<trkpt lat="39.22519" lon="-1.07454">
				<ele>421.93</ele>
				<time>2026-09-10T08:41:14.600Z</time>
			</trkpt>
			<trkpt lat="39.22533" lon="-1.07469">
				<ele>420.47</ele>
				<time>2026-09-10T08:41:15.837Z</time>
			</trkpt>
			<trkpt lat="39.22594" lon="-1.07522">
				<ele>413.73</ele>
				<time>2026-09-10T08:41:20.898Z</time>
			</trkpt>
			<trkpt lat="39.22616" lon="-1.07538">
				<ele>411.87</ele>
				<time>2026-09-10T08:41:22.658Z</time>
			</trkpt>
			<trkpt lat="39.22657" lon="-1.07561">
				<ele>406.72</ele>
				<time>2026-09-10T08:41:25.803Z</time>
			</trkpt>
			<trkpt lat="39.22678" lon="-1.07571">
				<ele>404.79</ele>
				<time>2026-09-10T08:41:27.392Z</time>
			</trkpt>
			<trkpt lat="39.22719" lon="-1.07586">
				<ele>400.3</ele>
				<time>2026-09-10T08:41:30.442Z</time>
			</trkpt>
			<trkpt lat="39.22747" lon="-1.07594">
				<ele>394.59</ele>
				<time>2026-09-10T08:41:32.515Z</time>
			</trkpt>
			<trkpt lat="39.22806" lon="-1.07603">
				<ele>386.1</ele>
				<time>2026-09-10T08:41:36.860Z</time>
			</trkpt>
			<trkpt lat="39.22782" lon="-1.07606">
				<ele>389.09</ele>
				<time>2026-09-10T08:41:38.643Z</time>
			</trkpt>
			<trkpt lat="39.22768" lon="-1.07605">
				<ele>390.96</ele>
				<time>2026-09-10T08:41:39.685Z</time>
			</trkpt>
			<trkpt lat="39.22709" lon="-1.07593">
				<ele>401.52</ele>
				<time>2026-09-10T08:41:44.171Z</time>
			</trkpt>
			<trkpt lat="39.22661" lon="-1.0758">
				<ele>407.45</ele>
				<time>2026-09-10T08:41:48.190Z</time>
			</trkpt>
			<trkpt lat="39.22654" lon="-1.0758">
				<ele>408.44</ele>
				<time>2026-09-10T08:41:48.813Z</time>
			</trkpt>
			<trkpt lat="39.22641" lon="-1.07583">
				<ele>410.59</ele>
				<time>2026-09-10T08:41:50.018Z</time>
			</trkpt>
			<trkpt lat="39.22631" lon="-1.07591">
				<ele>413.38</ele>
				<time>2026-09-10T08:41:51.118Z</time>
			</trkpt>
			<trkpt lat="39.22626" lon="-1.07598">
				<ele>414.9</ele>
				<time>2026-09-10T08:41:51.819Z</time>
			</trkpt>
			<trkpt lat="39.22623" lon="-1.07605">
				<ele>416.42</ele>
				<time>2026-09-10T08:41:52.414Z</time>
			</trkpt>
			<trkpt lat="39.2262" lon="-1.07621">
				<ele>418.02</ele>
				<time>2026-09-10T08:41:53.655Z</time>
			</trkpt>
			<trkpt lat="39.22623" lon="-1.0764">
				<ele>418.24</ele>
				<time>2026-09-10T08:41:55.138Z</time>
			</trkpt>
			<trkpt lat="39.22627" lon="-1.0765">
				<ele>417.75</ele>
				<time>2026-09-10T08:41:56.008Z</time>
			</trkpt>
			<trkpt lat="39.22632" lon="-1.07657">
				<ele>417</ele>
				<time>2026-09-10T08:41:56.747Z</time>
			</trkpt>
			<trkpt lat="39.22646" lon="-1.07669">
				<ele>414.41</ele>
				<time>2026-09-10T08:41:58.438Z</time>
			</trkpt>
			<trkpt lat="39.22655" lon="-1.07674">
				<ele>412.83</ele>
				<time>2026-09-10T08:41:59.425Z</time>
			</trkpt>
			<trkpt lat="39.2267" lon="-1.07678">
				<ele>409.79</ele>
				<time>2026-09-10T08:42:00.966Z</time>
			</trkpt>
			<trkpt lat="39.22683" lon="-1.07678">
				<ele>406.46</ele>
				<time>2026-09-10T08:42:02.266Z</time>
			</trkpt>
			<trkpt lat="39.22691" lon="-1.07675">
				<ele>404.38</ele>
				<time>2026-09-10T08:42:03.093Z</time>
			</trkpt>
			<trkpt lat="39.22702" lon="-1.07662">
				<ele>402.43</ele>
				<time>2026-09-10T08:42:04.558Z</time>
			</trkpt>
			<trkpt lat="39.22709" lon="-1.07649">
				<ele>401</ele>
				<time>2026-09-10T08:42:05.743Z</time>
			</trkpt>
			<trkpt lat="39.22714" lon="-1.07644">
				<ele>399.74</ele>
				<time>2026-09-10T08:42:06.346Z</time>
			</trkpt>
			<trkpt lat="39.22721" lon="-1.07642">
				<ele>398.35</ele>
				<time>2026-09-10T08:42:07.022Z</time>
			</trkpt>
			<trkpt lat="39.22727" lon="-1.07643">
				<ele>397.54</ele>
				<time>2026-09-10T08:42:07.586Z</time>
			</trkpt>
			<trkpt lat="39.22733" lon="-1.07647">
				<ele>397.02</ele>
				<time>2026-09-10T08:42:08.207Z</time>
			</trkpt>
			<trkpt lat="39.22738" lon="-1.07653">
				<ele>396.73</ele>
				<time>2026-09-10T08:42:08.825Z</time>
			</trkpt>
			<trkpt lat="39.22741" lon="-1.07661">
				<ele>396.69</ele>
				<time>2026-09-10T08:42:09.439Z</time>
			</trkpt>
			<trkpt lat="39.22742" lon="-1.0767">
				<ele>396.73</ele>
				<time>2026-09-10T08:42:10.056Z</time>
			</trkpt>
			<trkpt lat="39.2274" lon="-1.07678">
				<ele>396.58</ele>
				<time>2026-09-10T08:42:10.616Z</time>
			</trkpt>
			<trkpt lat="39.22737" lon="-1.07685">
				<ele>396.69</ele>
				<time>2026-09-10T08:42:11.139Z</time>
			</trkpt>
			<trkpt lat="39.22732" lon="-1.07691">
				<ele>397.05</ele>
				<time>2026-09-10T08:42:11.703Z</time>
			</trkpt>
			<trkpt lat="39.22712" lon="-1.0772">
				<ele>400.24</ele>
				<time>2026-09-10T08:42:14.026Z</time>
			</trkpt>
			<trkpt lat="39.22699" lon="-1.07752">
				<ele>407.62</ele>
				<time>2026-09-10T08:42:16.077Z</time>
			</trkpt>
			<trkpt lat="39.22673" lon="-1.07841">
				<ele>429.01</ele>
				<time>2026-09-10T08:42:21.443Z</time>
			</trkpt>
			<trkpt lat="39.22673" lon="-1.07861">
				<ele>433.43</ele>
				<time>2026-09-10T08:42:22.564Z</time>
			</trkpt>
			<trkpt lat="39.22682" lon="-1.07874">
				<ele>435.13</ele>
				<time>2026-09-10T08:42:23.540Z</time>
			</trkpt>
			<trkpt lat="39.22689" lon="-1.07878">
				<ele>434.92</ele>
				<time>2026-09-10T08:42:24.093Z</time>
			</trkpt>
			<trkpt lat="39.22715" lon="-1.07878">
				<ele>429.58</ele>
				<time>2026-09-10T08:42:25.965Z</time>
			</trkpt>
			<trkpt lat="39.22734" lon="-1.07882">
				<ele>427.17</ele>
				<time>2026-09-10T08:42:27.348Z</time>
			</trkpt>
			<trkpt lat="39.22743" lon="-1.07889">
				<ele>427.35</ele>
				<time>2026-09-10T08:42:28.101Z</time>
			</trkpt>
			<trkpt lat="39.22749" lon="-1.07896">
				<ele>426.8</ele>
				<time>2026-09-10T08:42:28.680Z</time>
			</trkpt>
			<trkpt lat="39.22755" lon="-1.07908">
				<ele>426.4</ele>
				<time>2026-09-10T08:42:29.471Z</time>
			</trkpt>
			<trkpt lat="39.22759" lon="-1.07925">
				<ele>425.54</ele>
				<time>2026-09-10T08:42:30.453Z</time>
			</trkpt>
			<trkpt lat="39.22758" lon="-1.07942">
				<ele>425.53</ele>
				<time>2026-09-10T08:42:31.395Z</time>
			</trkpt>
			<trkpt lat="39.22753" lon="-1.07961">
				<ele>427.35</ele>
				<time>2026-09-10T08:42:32.500Z</time>
			</trkpt>
			<trkpt lat="39.22746" lon="-1.07976">
				<ele>429.83</ele>
				<time>2026-09-10T08:42:33.463Z</time>
			</trkpt>
			<trkpt lat="39.22728" lon="-1.07999">
				<ele>431.4</ele>
				<time>2026-09-10T08:42:35.257Z</time>
			</trkpt>
			<trkpt lat="39.22692" lon="-1.08027">
				<ele>437.47</ele>
				<time>2026-09-10T08:42:38.221Z</time>
			</trkpt>
			<trkpt lat="39.22685" lon="-1.08034">
				<ele>439.7</ele>
				<time>2026-09-10T08:42:38.843Z</time>
			</trkpt>
			<trkpt lat="39.22678" lon="-1.08045">
				<ele>440.92</ele>
				<time>2026-09-10T08:42:39.617Z</time>
			</trkpt>
			<trkpt lat="39.22676" lon="-1.08052">
				<ele>440.5</ele>
				<time>2026-09-10T08:42:40.023Z</time>
			</trkpt>
			<trkpt lat="39.22676" lon="-1.0806">
				<ele>439.5</ele>
				<time>2026-09-10T08:42:40.457Z</time>
			</trkpt>
			<trkpt lat="39.22678" lon="-1.0807">
				<ele>437.59</ele>
				<time>2026-09-10T08:42:41.017Z</time>
			</trkpt>
			<trkpt lat="39.2269" lon="-1.08107">
				<ele>430.6</ele>
				<time>2026-09-10T08:42:43.187Z</time>
			</trkpt>
			<trkpt lat="39.22692" lon="-1.08119">
				<ele>430.12</ele>
				<time>2026-09-10T08:42:43.849Z</time>
			</trkpt>
			<trkpt lat="39.22692" lon="-1.08128">
				<ele>430.48</ele>
				<time>2026-09-10T08:42:44.334Z</time>
			</trkpt>
			<trkpt lat="39.2269" lon="-1.08137">
				<ele>431.36</ele>
				<time>2026-09-10T08:42:44.838Z</time>
			</trkpt>
			<trkpt lat="39.22686" lon="-1.08144">
				<ele>431.69</ele>
				<time>2026-09-10T08:42:45.306Z</time>
			</trkpt>
			<trkpt lat="39.22664" lon="-1.08179">
				<ele>435.47</ele>
				<time>2026-09-10T08:42:47.725Z</time>
			</trkpt>
			<trkpt lat="39.22662" lon="-1.08186">
				<ele>435.88</ele>
				<time>2026-09-10T08:42:48.124Z</time>
			</trkpt>
			<trkpt lat="39.22661" lon="-1.08192">
				<ele>435.26</ele>
				<time>2026-09-10T08:42:48.452Z</time>
			</trkpt>
			<trkpt lat="39.22666" lon="-1.0821">
				<ele>431.74</ele>
				<time>2026-09-10T08:42:49.473Z</time>
			</trkpt>
			<trkpt lat="39.22702" lon="-1.08299">
				<ele>431.02</ele>
				<time>2026-09-10T08:42:54.804Z</time>
			</trkpt>
			<trkpt lat="39.22705" lon="-1.08309">
				<ele>431.12</ele>
				<time>2026-09-10T08:42:55.370Z</time>
			</trkpt>
			<trkpt lat="39.22705" lon="-1.08329">
				<ele>430.54</ele>
				<time>2026-09-10T08:42:56.425Z</time>
			</trkpt>
			<trkpt lat="39.22703" lon="-1.08342">
				<ele>430.55</ele>
				<time>2026-09-10T08:42:57.122Z</time>
			</trkpt>
			<trkpt lat="39.22679" lon="-1.0842">
				<ele>425.86</ele>
				<time>2026-09-10T08:43:01.518Z</time>
			</trkpt>
			<trkpt lat="39.22672" lon="-1.08429">
				<ele>427.04</ele>
				<time>2026-09-10T08:43:02.183Z</time>
			</trkpt>
			<trkpt lat="39.22667" lon="-1.08433">
				<ele>428.38</ele>
				<time>2026-09-10T08:43:02.578Z</time>
			</trkpt>
			<trkpt lat="39.22641" lon="-1.08441">
				<ele>432.72</ele>
				<time>2026-09-10T08:43:04.371Z</time>
			</trkpt>
			<trkpt lat="39.22634" lon="-1.08446">
				<ele>433.95</ele>
				<time>2026-09-10T08:43:04.906Z</time>
			</trkpt>
			<trkpt lat="39.22628" lon="-1.08454">
				<ele>433.77</ele>
				<time>2026-09-10T08:43:05.483Z</time>
			</trkpt>
			<trkpt lat="39.22623" lon="-1.08471">
				<ele>431.28</ele>
				<time>2026-09-10T08:43:06.423Z</time>
			</trkpt>
			<trkpt lat="39.22621" lon="-1.08489">
				<ele>428.52</ele>
				<time>2026-09-10T08:43:07.362Z</time>
			</trkpt>
			<trkpt lat="39.22615" lon="-1.08515">
				<ele>427.39</ele>
				<time>2026-09-10T08:43:08.759Z</time>
			</trkpt>
			<trkpt lat="39.22619" lon="-1.08532">
				<ele>427.46</ele>
				<time>2026-09-10T08:43:09.672Z</time>
			</trkpt>
			<trkpt lat="39.22634" lon="-1.0855">
				<ele>430.61</ele>
				<time>2026-09-10T08:43:11.028Z</time>
			</trkpt>
			<trkpt lat="39.22639" lon="-1.08554">
				<ele>431.68</ele>
				<time>2026-09-10T08:43:11.416Z</time>
			</trkpt>
			<trkpt lat="39.22651" lon="-1.08554">
				<ele>433.9</ele>
				<time>2026-09-10T08:43:12.208Z</time>
			</trkpt>
			<trkpt lat="39.22669" lon="-1.08548">
				<ele>435.77</ele>
				<time>2026-09-10T08:43:13.433Z</time>
			</trkpt>
			<trkpt lat="39.22726" lon="-1.08515">
				<ele>436.24</ele>
				<time>2026-09-10T08:43:17.526Z</time>
			</trkpt>
			<trkpt lat="39.22746" lon="-1.08509">
				<ele>438.01</ele>
				<time>2026-09-10T08:43:18.864Z</time>
			</trkpt>
			<trkpt lat="39.22771" lon="-1.08512">
				<ele>440.66</ele>
				<time>2026-09-10T08:43:20.495Z</time>
			</trkpt>
			<trkpt lat="39.22823" lon="-1.08524">
				<ele>438.99</ele>
				<time>2026-09-10T08:43:23.910Z</time>
			</trkpt>
			<trkpt lat="39.2284" lon="-1.08527">
				<ele>440.37</ele>
				<time>2026-09-10T08:43:25.014Z</time>
			</trkpt>
			<trkpt lat="39.22898" lon="-1.0853">
				<ele>442.17</ele>
				<time>2026-09-10T08:43:28.732Z</time>
			</trkpt>
			<trkpt lat="39.22906" lon="-1.08533">
				<ele>441.64</ele>
				<time>2026-09-10T08:43:29.263Z</time>
			</trkpt>
			<trkpt lat="39.22923" lon="-1.08551">
				<ele>441.65</ele>
				<time>2026-09-10T08:43:30.662Z</time>
			</trkpt>
			<trkpt lat="39.22929" lon="-1.08565">
				<ele>440.86</ele>
				<time>2026-09-10T08:43:31.449Z</time>
			</trkpt>
			<trkpt lat="39.22959" lon="-1.08661">
				<ele>438.02</ele>
				<time>2026-09-10T08:43:36.510Z</time>
			</trkpt>
			<trkpt lat="39.22967" lon="-1.08702">
				<ele>437.4</ele>
				<time>2026-09-10T08:43:38.562Z</time>
			</trkpt>
			<trkpt lat="39.22989" lon="-1.08752">
				<ele>435.14</ele>
				<time>2026-09-10T08:43:41.339Z</time>
			</trkpt>
			<trkpt lat="39.23026" lon="-1.08866">
				<ele>430.01</ele>
				<time>2026-09-10T08:43:47.253Z</time>
			</trkpt>
			<trkpt lat="39.23029" lon="-1.08889">
				<ele>428.94</ele>
				<time>2026-09-10T08:43:48.361Z</time>
			</trkpt>
			<trkpt lat="39.23032" lon="-1.08926">
				<ele>427.24</ele>
				<time>2026-09-10T08:43:50.122Z</time>
			</trkpt>
			<trkpt lat="39.23034" lon="-1.0898">
				<ele>425.49</ele>
				<time>2026-09-10T08:43:52.670Z</time>
			</trkpt>
			<trkpt lat="39.23033" lon="-1.08992">
				<ele>425.1</ele>
				<time>2026-09-10T08:43:53.237Z</time>
			</trkpt>
			<trkpt lat="39.2303" lon="-1.09005">
				<ele>424.77</ele>
				<time>2026-09-10T08:43:53.873Z</time>
			</trkpt>
			<trkpt lat="39.23013" lon="-1.09039">
				<ele>424.83</ele>
				<time>2026-09-10T08:43:55.766Z</time>
			</trkpt>
			<trkpt lat="39.23003" lon="-1.09064">
				<ele>424.6</ele>
				<time>2026-09-10T08:43:57.078Z</time>
			</trkpt>
			<trkpt lat="39.23001" lon="-1.09072">
				<ele>424.36</ele>
				<time>2026-09-10T08:43:57.469Z</time>
			</trkpt>
			<trkpt lat="39.23003" lon="-1.09088">
				<ele>423.89</ele>
				<time>2026-09-10T08:43:58.223Z</time>
			</trkpt>
			<trkpt lat="39.2302" lon="-1.09129">
				<ele>424.81</ele>
				<time>2026-09-10T08:44:00.377Z</time>
			</trkpt>
			<trkpt lat="39.23031" lon="-1.09164">
				<ele>425.58</ele>
				<time>2026-09-10T08:44:02.120Z</time>
			</trkpt>
			<trkpt lat="39.23037" lon="-1.092">
				<ele>425.64</ele>
				<time>2026-09-10T08:44:03.812Z</time>
			</trkpt>
			<trkpt lat="39.23038" lon="-1.0923">
				<ele>425.43</ele>
				<time>2026-09-10T08:44:05.187Z</time>
			</trkpt>
			<trkpt lat="39.23038" lon="-1.09249">
				<ele>425.02</ele>
				<time>2026-09-10T08:44:06.055Z</time>
			</trkpt>
			<trkpt lat="39.23001" lon="-1.09647">
				<ele>431.64</ele>
				<time>2026-09-10T08:44:23.985Z</time>
			</trkpt>
			<trkpt lat="39.23006" lon="-1.09671">
				<ele>433.37</ele>
				<time>2026-09-10T08:44:25.073Z</time>
			</trkpt>
			<trkpt lat="39.23089" lon="-1.09789">
				<ele>434.97</ele>
				<time>2026-09-10T08:44:31.984Z</time>
			</trkpt>
			<trkpt lat="39.23094" lon="-1.09801">
				<ele>435.84</ele>
				<time>2026-09-10T08:44:32.570Z</time>
			</trkpt>
			<trkpt lat="39.23097" lon="-1.09816">
				<ele>436.45</ele>
				<time>2026-09-10T08:44:33.235Z</time>
			</trkpt>
			<trkpt lat="39.23082" lon="-1.10001">
				<ele>438.48</ele>
				<time>2026-09-10T08:44:41.137Z</time>
			</trkpt>
			<trkpt lat="39.23078" lon="-1.10023">
				<ele>437.91</ele>
				<time>2026-09-10T08:44:42.087Z</time>
			</trkpt>
			<trkpt lat="39.23073" lon="-1.10032">
				<ele>438.35</ele>
				<time>2026-09-10T08:44:42.551Z</time>
			</trkpt>
			<trkpt lat="39.23058" lon="-1.10052">
				<ele>439.2</ele>
				<time>2026-09-10T08:44:43.717Z</time>
			</trkpt>
			<trkpt lat="39.2305" lon="-1.10098">
				<ele>444.55</ele>
				<time>2026-09-10T08:44:45.684Z</time>
			</trkpt>
			<trkpt lat="39.23053" lon="-1.1011">
				<ele>446.83</ele>
				<time>2026-09-10T08:44:46.209Z</time>
			</trkpt>
			<trkpt lat="39.23059" lon="-1.10114">
				<ele>447.84</ele>
				<time>2026-09-10T08:44:46.571Z</time>
			</trkpt>
			<trkpt lat="39.23065" lon="-1.10117">
				<ele>448.05</ele>
				<time>2026-09-10T08:44:46.916Z</time>
			</trkpt>
			<trkpt lat="39.23083" lon="-1.10116">
				<ele>445.39</ele>
				<time>2026-09-10T08:44:47.880Z</time>
			</trkpt>
			<trkpt lat="39.23106" lon="-1.10113">
				<ele>440.97</ele>
				<time>2026-09-10T08:44:49.113Z</time>
			</trkpt>
			<trkpt lat="39.23131" lon="-1.10104">
				<ele>437.95</ele>
				<time>2026-09-10T08:44:50.494Z</time>
			</trkpt>
			<trkpt lat="39.2314" lon="-1.10104">
				<ele>437.6</ele>
				<time>2026-09-10T08:44:50.972Z</time>
			</trkpt>
			<trkpt lat="39.23148" lon="-1.10109">
				<ele>438.22</ele>
				<time>2026-09-10T08:44:51.443Z</time>
			</trkpt>
			<trkpt lat="39.23153" lon="-1.10116">
				<ele>438.9</ele>
				<time>2026-09-10T08:44:51.833Z</time>
			</trkpt>
			<trkpt lat="39.23156" lon="-1.10124">
				<ele>439.32</ele>
				<time>2026-09-10T08:44:52.197Z</time>
			</trkpt>
			<trkpt lat="39.23159" lon="-1.10194">
				<ele>445.31</ele>
				<time>2026-09-10T08:44:55.059Z</time>
			</trkpt>
			<trkpt lat="39.23173" lon="-1.10296">
				<ele>442.04</ele>
				<time>2026-09-10T08:44:59.250Z</time>
			</trkpt>
			<trkpt lat="39.2317" lon="-1.10325">
				<ele>442.08</ele>
				<time>2026-09-10T08:45:00.425Z</time>
			</trkpt>
			<trkpt lat="39.23166" lon="-1.10339">
				<ele>442.97</ele>
				<time>2026-09-10T08:45:01.024Z</time>
			</trkpt>
			<trkpt lat="39.23159" lon="-1.10353">
				<ele>444.4</ele>
				<time>2026-09-10T08:45:01.691Z</time>
			</trkpt>
			<trkpt lat="39.23153" lon="-1.10362">
				<ele>445.31</ele>
				<time>2026-09-10T08:45:02.165Z</time>
			</trkpt>
			<trkpt lat="39.23142" lon="-1.10375">
				<ele>446.5</ele>
				<time>2026-09-10T08:45:02.934Z</time>
			</trkpt>
			<trkpt lat="39.23109" lon="-1.10394">
				<ele>453.66</ele>
				<time>2026-09-10T08:45:04.789Z</time>
			</trkpt>
			<trkpt lat="39.23101" lon="-1.104">
				<ele>454.86</ele>
				<time>2026-09-10T08:45:05.263Z</time>
			</trkpt>
			<trkpt lat="39.23096" lon="-1.10408">
				<ele>454.97</ele>
				<time>2026-09-10T08:45:05.670Z</time>
			</trkpt>
			<trkpt lat="39.23092" lon="-1.1043">
				<ele>452.66</ele>
				<time>2026-09-10T08:45:06.564Z</time>
			</trkpt>
			<trkpt lat="39.23096" lon="-1.10446">
				<ele>449.84</ele>
				<time>2026-09-10T08:45:07.228Z</time>
			</trkpt>
			<trkpt lat="39.23105" lon="-1.10464">
				<ele>450.68</ele>
				<time>2026-09-10T08:45:08.072Z</time>
			</trkpt>
			<trkpt lat="39.23112" lon="-1.10471">
				<ele>450.82</ele>
				<time>2026-09-10T08:45:08.521Z</time>
			</trkpt>
			<trkpt lat="39.23119" lon="-1.10472">
				<ele>451.85</ele>
				<time>2026-09-10T08:45:08.878Z</time>
			</trkpt>
			<trkpt lat="39.23127" lon="-1.1047">
				<ele>452.07</ele>
				<time>2026-09-10T08:45:09.291Z</time>
			</trkpt>
			<trkpt lat="39.23159" lon="-1.1045">
				<ele>451.77</ele>
				<time>2026-09-10T08:45:11.088Z</time>
			</trkpt>
			<trkpt lat="39.23168" lon="-1.10447">
				<ele>452.57</ele>
				<time>2026-09-10T08:45:11.556Z</time>
			</trkpt>
			<trkpt lat="39.23176" lon="-1.10447">
				<ele>453.13</ele>
				<time>2026-09-10T08:45:11.959Z</time>
			</trkpt>
			<trkpt lat="39.23185" lon="-1.10449">
				<ele>454.35</ele>
				<time>2026-09-10T08:45:12.418Z</time>
			</trkpt>
			<trkpt lat="39.23192" lon="-1.10455">
				<ele>455.98</ele>
				<time>2026-09-10T08:45:12.840Z</time>
			</trkpt>
			<trkpt lat="39.232" lon="-1.10465">
				<ele>456.91</ele>
				<time>2026-09-10T08:45:13.398Z</time>
			</trkpt>
			<trkpt lat="39.23205" lon="-1.10479">
				<ele>457.81</ele>
				<time>2026-09-10T08:45:13.996Z</time>
			</trkpt>
			<trkpt lat="39.23211" lon="-1.10505">
				<ele>458.69</ele>
				<time>2026-09-10T08:45:15.046Z</time>
			</trkpt>
			<trkpt lat="39.23212" lon="-1.1052">
				<ele>459.01</ele>
				<time>2026-09-10T08:45:15.627Z</time>
			</trkpt>
			<trkpt lat="39.23209" lon="-1.10535">
				<ele>460.26</ele>
				<time>2026-09-10T08:45:16.225Z</time>
			</trkpt>
			<trkpt lat="39.23205" lon="-1.10549">
				<ele>462.08</ele>
				<time>2026-09-10T08:45:16.799Z</time>
			</trkpt>
			<trkpt lat="39.23161" lon="-1.10623">
				<ele>471.67</ele>
				<time>2026-09-10T08:45:20.371Z</time>
			</trkpt>
			<trkpt lat="39.23157" lon="-1.10635">
				<ele>472.09</ele>
				<time>2026-09-10T08:45:20.869Z</time>
			</trkpt>
			<trkpt lat="39.23155" lon="-1.10647">
				<ele>472.35</ele>
				<time>2026-09-10T08:45:21.336Z</time>
			</trkpt>
			<trkpt lat="39.23156" lon="-1.10661">
				<ele>472.62</ele>
				<time>2026-09-10T08:45:21.870Z</time>
			</trkpt>
			<trkpt lat="39.23177" lon="-1.10772">
				<ele>478.99</ele>
				<time>2026-09-10T08:45:26.182Z</time>
			</trkpt>
			<trkpt lat="39.23182" lon="-1.10791">
				<ele>479.18</ele>
				<time>2026-09-10T08:45:26.935Z</time>
			</trkpt>
			<trkpt lat="39.23187" lon="-1.10802">
				<ele>478.54</ele>
				<time>2026-09-10T08:45:27.412Z</time>
			</trkpt>
			<trkpt lat="39.23192" lon="-1.10809">
				<ele>477.84</ele>
				<time>2026-09-10T08:45:27.768Z</time>
			</trkpt>
			<trkpt lat="39.23232" lon="-1.1084">
				<ele>479.5</ele>
				<time>2026-09-10T08:45:30.012Z</time>
			</trkpt>
			<trkpt lat="39.2324" lon="-1.10845">
				<ele>480.48</ele>
				<time>2026-09-10T08:45:30.438Z</time>
			</trkpt>
			<trkpt lat="39.23249" lon="-1.10845">
				<ele>480.22</ele>
				<time>2026-09-10T08:45:30.869Z</time>
			</trkpt>
			<trkpt lat="39.23265" lon="-1.10839">
				<ele>478.35</ele>
				<time>2026-09-10T08:45:31.665Z</time>
			</trkpt>
			<trkpt lat="39.23276" lon="-1.10839">
				<ele>478.31</ele>
				<time>2026-09-10T08:45:32.190Z</time>
			</trkpt>
			<trkpt lat="39.23287" lon="-1.10842">
				<ele>478.78</ele>
				<time>2026-09-10T08:45:32.725Z</time>
			</trkpt>
			<trkpt lat="39.23303" lon="-1.10854">
				<ele>480.75</ele>
				<time>2026-09-10T08:45:33.605Z</time>
			</trkpt>
			<trkpt lat="39.23316" lon="-1.10868">
				<ele>483.84</ele>
				<time>2026-09-10T08:45:34.408Z</time>
			</trkpt>
			<trkpt lat="39.23328" lon="-1.10888">
				<ele>488.91</ele>
				<time>2026-09-10T08:45:35.336Z</time>
			</trkpt>
			<trkpt lat="39.23337" lon="-1.10936">
				<ele>494.83</ele>
				<time>2026-09-10T08:45:37.139Z</time>
			</trkpt>
			<trkpt lat="39.23342" lon="-1.10946">
				<ele>494.84</ele>
				<time>2026-09-10T08:45:37.573Z</time>
			</trkpt>
			<trkpt lat="39.2335" lon="-1.10952">
				<ele>493.84</ele>
				<time>2026-09-10T08:45:38.007Z</time>
			</trkpt>
			<trkpt lat="39.2336" lon="-1.10955">
				<ele>491.72</ele>
				<time>2026-09-10T08:45:38.488Z</time>
			</trkpt>
			<trkpt lat="39.23389" lon="-1.10958">
				<ele>489.55</ele>
				<time>2026-09-10T08:45:39.849Z</time>
			</trkpt>
			<trkpt lat="39.23418" lon="-1.10969">
				<ele>497.04</ele>
				<time>2026-09-10T08:45:41.257Z</time>
			</trkpt>
			<trkpt lat="39.23428" lon="-1.1097">
				<ele>500.31</ele>
				<time>2026-09-10T08:45:41.724Z</time>
			</trkpt>
			<trkpt lat="39.23437" lon="-1.10967">
				<ele>502.76</ele>
				<time>2026-09-10T08:45:42.155Z</time>
			</trkpt>
			<trkpt lat="39.23445" lon="-1.10962">
				<ele>504.64</ele>
				<time>2026-09-10T08:45:42.567Z</time>
			</trkpt>
			<trkpt lat="39.23456" lon="-1.10951">
				<ele>505.48</ele>
				<time>2026-09-10T08:45:43.211Z</time>
			</trkpt>
			<trkpt lat="39.23462" lon="-1.1094">
				<ele>505.89</ele>
				<time>2026-09-10T08:45:43.693Z</time>
			</trkpt>
			<trkpt lat="39.23467" lon="-1.10926">
				<ele>506.78</ele>
				<time>2026-09-10T08:45:44.244Z</time>
			</trkpt>
			<trkpt lat="39.23468" lon="-1.10879">
				<ele>508.6</ele>
				<time>2026-09-10T08:45:45.920Z</time>
			</trkpt>
			<trkpt lat="39.23473" lon="-1.10851">
				<ele>505.93</ele>
				<time>2026-09-10T08:45:46.940Z</time>
			</trkpt>
			<trkpt lat="39.23478" lon="-1.1084">
				<ele>504.25</ele>
				<time>2026-09-10T08:45:47.392Z</time>
			</trkpt>
			<trkpt lat="39.23485" lon="-1.10829">
				<ele>502.85</ele>
				<time>2026-09-10T08:45:47.896Z</time>
			</trkpt>
			<trkpt lat="39.23497" lon="-1.1082">
				<ele>502.62</ele>
				<time>2026-09-10T08:45:48.529Z</time>
			</trkpt>
			<trkpt lat="39.23507" lon="-1.10815">
				<ele>503.29</ele>
				<time>2026-09-10T08:45:49.017Z</time>
			</trkpt>
			<trkpt lat="39.23521" lon="-1.10813">
				<ele>505.23</ele>
				<time>2026-09-10T08:45:49.658Z</time>
			</trkpt>
			<trkpt lat="39.2354" lon="-1.10817">
				<ele>508.16</ele>
				<time>2026-09-10T08:45:50.531Z</time>
			</trkpt>
			<trkpt lat="39.23598" lon="-1.1084">
				<ele>516.05</ele>
				<time>2026-09-10T08:45:53.270Z</time>
			</trkpt>
			<trkpt lat="39.23617" lon="-1.10839">
				<ele>516.6</ele>
				<time>2026-09-10T08:45:54.124Z</time>
			</trkpt>
			<trkpt lat="39.2367" lon="-1.108">
				<ele>519.19</ele>
				<time>2026-09-10T08:45:56.850Z</time>
			</trkpt>
			<trkpt lat="39.23694" lon="-1.10779">
				<ele>518.28</ele>
				<time>2026-09-10T08:45:58.138Z</time>
			</trkpt>
			<trkpt lat="39.23704" lon="-1.10773">
				<ele>518.8</ele>
				<time>2026-09-10T08:45:58.627Z</time>
			</trkpt>
			<trkpt lat="39.23714" lon="-1.10771">
				<ele>520.49</ele>
				<time>2026-09-10T08:45:59.075Z</time>
			</trkpt>
			<trkpt lat="39.23749" lon="-1.10782">
				<ele>531.09</ele>
				<time>2026-09-10T08:46:00.665Z</time>
			</trkpt>
			<trkpt lat="39.23767" lon="-1.10782">
				<ele>534.47</ele>
				<time>2026-09-10T08:46:01.456Z</time>
			</trkpt>
			<trkpt lat="39.23782" lon="-1.10778">
				<ele>535.16</ele>
				<time>2026-09-10T08:46:02.128Z</time>
			</trkpt>
			<trkpt lat="39.23865" lon="-1.10735">
				<ele>536.37</ele>
				<time>2026-09-10T08:46:06.028Z</time>
			</trkpt>
			<trkpt lat="39.2388" lon="-1.1073">
				<ele>538.09</ele>
				<time>2026-09-10T08:46:06.699Z</time>
			</trkpt>
			<trkpt lat="39.23893" lon="-1.10729">
				<ele>539.64</ele>
				<time>2026-09-10T08:46:07.262Z</time>
			</trkpt>
			<trkpt lat="39.23913" lon="-1.10735">
				<ele>541.19</ele>
				<time>2026-09-10T08:46:08.148Z</time>
			</trkpt>
			<trkpt lat="39.23927" lon="-1.10744">
				<ele>540.83</ele>
				<time>2026-09-10T08:46:08.821Z</time>
			</trkpt>
			<trkpt lat="39.23937" lon="-1.10758">
				<ele>540.85</ele>
				<time>2026-09-10T08:46:09.455Z</time>
			</trkpt>
			<trkpt lat="39.23957" lon="-1.10792">
				<ele>544.23</ele>
				<time>2026-09-10T08:46:10.871Z</time>
			</trkpt>
			<trkpt lat="39.23971" lon="-1.10829">
				<ele>547.71</ele>
				<time>2026-09-10T08:46:12.232Z</time>
			</trkpt>
			<trkpt lat="39.23976" lon="-1.10849">
				<ele>550.16</ele>
				<time>2026-09-10T08:46:12.924Z</time>
			</trkpt>
			<trkpt lat="39.23992" lon="-1.10887">
				<ele>554.56</ele>
				<time>2026-09-10T08:46:14.345Z</time>
			</trkpt>
			<trkpt lat="39.24029" lon="-1.10938">
				<ele>555.26</ele>
				<time>2026-09-10T08:46:16.627Z</time>
			</trkpt>
			<trkpt lat="39.24037" lon="-1.10963">
				<ele>557.61</ele>
				<time>2026-09-10T08:46:17.507Z</time>
			</trkpt>
			<trkpt lat="39.2404" lon="-1.10985">
				<ele>560.82</ele>
				<time>2026-09-10T08:46:18.232Z</time>
			</trkpt>
			<trkpt lat="39.24043" lon="-1.10998">
				<ele>562.64</ele>
				<time>2026-09-10T08:46:18.671Z</time>
			</trkpt>
			<trkpt lat="39.24048" lon="-1.11011">
				<ele>563.49</ele>
				<time>2026-09-10T08:46:19.140Z</time>
			</trkpt>
			<trkpt lat="39.24056" lon="-1.11019">
				<ele>563.13</ele>
				<time>2026-09-10T08:46:19.562Z</time>
			</trkpt>
			<trkpt lat="39.24066" lon="-1.11024">
				<ele>563.01</ele>
				<time>2026-09-10T08:46:20.009Z</time>
			</trkpt>
			<trkpt lat="39.24096" lon="-1.11032">
				<ele>563.23</ele>
				<time>2026-09-10T08:46:21.281Z</time>
			</trkpt>
			<trkpt lat="39.24108" lon="-1.11039">
				<ele>564.51</ele>
				<time>2026-09-10T08:46:21.827Z</time>
			</trkpt>
			<trkpt lat="39.24139" lon="-1.11085">
				<ele>571.03</ele>
				<time>2026-09-10T08:46:23.776Z</time>
			</trkpt>
			<trkpt lat="39.24149" lon="-1.11097">
				<ele>571.29</ele>
				<time>2026-09-10T08:46:24.337Z</time>
			</trkpt>
			<trkpt lat="39.24163" lon="-1.1111">
				<ele>571.89</ele>
				<time>2026-09-10T08:46:25.045Z</time>
			</trkpt>
			<trkpt lat="39.24171" lon="-1.11113">
				<ele>571.56</ele>
				<time>2026-09-10T08:46:25.386Z</time>
			</trkpt>
			<trkpt lat="39.24187" lon="-1.11127">
				<ele>572</ele>
				<time>2026-09-10T08:46:26.177Z</time>
			</trkpt>
			<trkpt lat="39.24222" lon="-1.11167">
				<ele>574.85</ele>
				<time>2026-09-10T08:46:28.081Z</time>
			</trkpt>
			<trkpt lat="39.24244" lon="-1.11196">
				<ele>575.5</ele>
				<time>2026-09-10T08:46:29.356Z</time>
			</trkpt>
			<trkpt lat="39.24246" lon="-1.11208">
				<ele>576.12</ele>
				<time>2026-09-10T08:46:29.741Z</time>
			</trkpt>
			<trkpt lat="39.24246" lon="-1.1122">
				<ele>576.98</ele>
				<time>2026-09-10T08:46:30.116Z</time>
			</trkpt>
			<trkpt lat="39.24243" lon="-1.1123">
				<ele>577.03</ele>
				<time>2026-09-10T08:46:30.452Z</time>
			</trkpt>
			<trkpt lat="39.24239" lon="-1.11238">
				<ele>577.05</ele>
				<time>2026-09-10T08:46:30.749Z</time>
			</trkpt>
			<trkpt lat="39.24231" lon="-1.11246">
				<ele>577.35</ele>
				<time>2026-09-10T08:46:31.157Z</time>
			</trkpt>
			<trkpt lat="39.24223" lon="-1.1125">
				<ele>577.89</ele>
				<time>2026-09-10T08:46:31.502Z</time>
			</trkpt>
			<trkpt lat="39.24211" lon="-1.1125">
				<ele>578.76</ele>
				<time>2026-09-10T08:46:31.984Z</time>
			</trkpt>
			<trkpt lat="39.24158" lon="-1.11241">
				<ele>580</ele>
				<time>2026-09-10T08:46:34.124Z</time>
			</trkpt>
			<trkpt lat="39.24147" lon="-1.11242">
				<ele>580</ele>
				<time>2026-09-10T08:46:34.563Z</time>
			</trkpt>
			<trkpt lat="39.2413" lon="-1.11253">
				<ele>580.16</ele>
				<time>2026-09-10T08:46:35.320Z</time>
			</trkpt>
			<trkpt lat="39.24122" lon="-1.11265">
				<ele>581.49</ele>
				<time>2026-09-10T08:46:35.807Z</time>
			</trkpt>
			<trkpt lat="39.24117" lon="-1.11279">
				<ele>583.38</ele>
				<time>2026-09-10T08:46:36.281Z</time>
			</trkpt>
			<trkpt lat="39.24113" lon="-1.11293">
				<ele>585.24</ele>
				<time>2026-09-10T08:46:36.739Z</time>
			</trkpt>
			<trkpt lat="39.24112" lon="-1.11308">
				<ele>587.03</ele>
				<time>2026-09-10T08:46:37.200Z</time>
			</trkpt>
			<trkpt lat="39.24112" lon="-1.1133">
				<ele>590.03</ele>
				<time>2026-09-10T08:46:37.873Z</time>
			</trkpt>
			<trkpt lat="39.2412" lon="-1.11359">
				<ele>592.21</ele>
				<time>2026-09-10T08:46:38.812Z</time>
			</trkpt>
			<trkpt lat="39.24127" lon="-1.11371">
				<ele>594.19</ele>
				<time>2026-09-10T08:46:39.270Z</time>
			</trkpt>
			<trkpt lat="39.24135" lon="-1.1138">
				<ele>595.4</ele>
				<time>2026-09-10T08:46:39.686Z</time>
			</trkpt>
			<trkpt lat="39.24145" lon="-1.11389">
				<ele>596.12</ele>
				<time>2026-09-10T08:46:40.164Z</time>
			</trkpt>
			<trkpt lat="39.24156" lon="-1.11395">
				<ele>596.67</ele>
				<time>2026-09-10T08:46:40.632Z</time>
			</trkpt>
			<trkpt lat="39.24186" lon="-1.11405">
				<ele>595.51</ele>
				<time>2026-09-10T08:46:41.842Z</time>
			</trkpt>
			<trkpt lat="39.24203" lon="-1.11413">
				<ele>595.72</ele>
				<time>2026-09-10T08:46:42.546Z</time>
			</trkpt>
			<trkpt lat="39.24219" lon="-1.11426">
				<ele>596.3</ele>
				<time>2026-09-10T08:46:43.281Z</time>
			</trkpt>
			<trkpt lat="39.24235" lon="-1.11443">
				<ele>597.92</ele>
				<time>2026-09-10T08:46:44.084Z</time>
			</trkpt>
			<trkpt lat="39.2426" lon="-1.11476">
				<ele>600.41</ele>
				<time>2026-09-10T08:46:45.465Z</time>
			</trkpt>
			<trkpt lat="39.24275" lon="-1.11506">
				<ele>603.51</ele>
				<time>2026-09-10T08:46:46.530Z</time>
			</trkpt>
			<trkpt lat="39.24296" lon="-1.11551">
				<ele>610.71</ele>
				<time>2026-09-10T08:46:48.090Z</time>
			</trkpt>
			<trkpt lat="39.24303" lon="-1.11562">
				<ele>610.89</ele>
				<time>2026-09-10T08:46:48.511Z</time>
			</trkpt>
			<trkpt lat="39.24339" lon="-1.116">
				<ele>610.57</ele>
				<time>2026-09-10T08:46:50.283Z</time>
			</trkpt>
			<trkpt lat="39.24357" lon="-1.11631">
				<ele>613.07</ele>
				<time>2026-09-10T08:46:51.421Z</time>
			</trkpt>
			<trkpt lat="39.24371" lon="-1.11667">
				<ele>618.1</ele>
				<time>2026-09-10T08:46:52.600Z</time>
			</trkpt>
			<trkpt lat="39.2438" lon="-1.11678">
				<ele>618.99</ele>
				<time>2026-09-10T08:46:53.067Z</time>
			</trkpt>
			<trkpt lat="39.24392" lon="-1.11688">
				<ele>618.54</ele>
				<time>2026-09-10T08:46:53.604Z</time>
			</trkpt>
			<trkpt lat="39.24417" lon="-1.11698">
				<ele>617</ele>
				<time>2026-09-10T08:46:54.587Z</time>
			</trkpt>
			<trkpt lat="39.24445" lon="-1.117">
				<ele>614.21</ele>
				<time>2026-09-10T08:46:55.637Z</time>
			</trkpt>
			<trkpt lat="39.24473" lon="-1.11711">
				<ele>616.46</ele>
				<time>2026-09-10T08:46:56.729Z</time>
			</trkpt>
			<trkpt lat="39.24498" lon="-1.11731">
				<ele>619.3</ele>
				<time>2026-09-10T08:46:57.823Z</time>
			</trkpt>
			<trkpt lat="39.24513" lon="-1.11747">
				<ele>620.48</ele>
				<time>2026-09-10T08:46:58.545Z</time>
			</trkpt>
			<trkpt lat="39.24541" lon="-1.11791">
				<ele>625.24</ele>
				<time>2026-09-10T08:47:00.175Z</time>
			</trkpt>
			<trkpt lat="39.24551" lon="-1.11805">
				<ele>626.75</ele>
				<time>2026-09-10T08:47:00.718Z</time>
			</trkpt>
			<trkpt lat="39.24564" lon="-1.11817">
				<ele>628.03</ele>
				<time>2026-09-10T08:47:01.306Z</time>
			</trkpt>
			<trkpt lat="39.24648" lon="-1.11874">
				<ele>630.81</ele>
				<time>2026-09-10T08:47:04.774Z</time>
			</trkpt>
			<trkpt lat="39.24661" lon="-1.11886">
				<ele>632.35</ele>
				<time>2026-09-10T08:47:05.354Z</time>
			</trkpt>
			<trkpt lat="39.24685" lon="-1.11927">
				<ele>641.9</ele>
				<time>2026-09-10T08:47:06.795Z</time>
			</trkpt>
			<trkpt lat="39.24696" lon="-1.11939">
				<ele>643.13</ele>
				<time>2026-09-10T08:47:07.315Z</time>
			</trkpt>
			<trkpt lat="39.24709" lon="-1.11947">
				<ele>640.03</ele>
				<time>2026-09-10T08:47:07.834Z</time>
			</trkpt>
			<trkpt lat="39.24718" lon="-1.11957">
				<ele>639.08</ele>
				<time>2026-09-10T08:47:08.262Z</time>
			</trkpt>
			<trkpt lat="39.24742" lon="-1.12002">
				<ele>644.84</ele>
				<time>2026-09-10T08:47:09.780Z</time>
			</trkpt>
			<trkpt lat="39.24757" lon="-1.12018">
				<ele>645.59</ele>
				<time>2026-09-10T08:47:10.476Z</time>
			</trkpt>
			<trkpt lat="39.24767" lon="-1.12026">
				<ele>646.54</ele>
				<time>2026-09-10T08:47:10.896Z</time>
			</trkpt>
			<trkpt lat="39.24781" lon="-1.12032">
				<ele>646.79</ele>
				<time>2026-09-10T08:47:11.422Z</time>
			</trkpt>
			<trkpt lat="39.24796" lon="-1.12033">
				<ele>646.44</ele>
				<time>2026-09-10T08:47:11.957Z</time>
			</trkpt>
			<trkpt lat="39.24815" lon="-1.12029">
				<ele>645.58</ele>
				<time>2026-09-10T08:47:12.641Z</time>
			</trkpt>
			<trkpt lat="39.24855" lon="-1.12028">
				<ele>647.55</ele>
				<time>2026-09-10T08:47:14.058Z</time>
			</trkpt>
			<trkpt lat="39.24874" lon="-1.12032">
				<ele>648.73</ele>
				<time>2026-09-10T08:47:14.737Z</time>
			</trkpt>
			<trkpt lat="39.24901" lon="-1.12062">
				<ele>653.32</ele>
				<time>2026-09-10T08:47:15.991Z</time>
			</trkpt>
			<trkpt lat="39.24927" lon="-1.12084">
				<ele>654.73</ele>
				<time>2026-09-10T08:47:17.082Z</time>
			</trkpt>
			<trkpt lat="39.24948" lon="-1.12094">
				<ele>653.68</ele>
				<time>2026-09-10T08:47:17.865Z</time>
			</trkpt>
			<trkpt lat="39.24992" lon="-1.12109">
				<ele>654.42</ele>
				<time>2026-09-10T08:47:19.451Z</time>
			</trkpt>
			<trkpt lat="39.25025" lon="-1.12129">
				<ele>658.85</ele>
				<time>2026-09-10T08:47:20.717Z</time>
			</trkpt>
			<trkpt lat="39.25043" lon="-1.1215">
				<ele>662.4</ele>
				<time>2026-09-10T08:47:21.556Z</time>
			</trkpt>
			<trkpt lat="39.25052" lon="-1.12191">
				<ele>667.94</ele>
				<time>2026-09-10T08:47:22.695Z</time>
			</trkpt>
			<trkpt lat="39.2505" lon="-1.12239">
				<ele>670.35</ele>
				<time>2026-09-10T08:47:23.974Z</time>
			</trkpt>
			<trkpt lat="39.25034" lon="-1.12389">
				<ele>679.46</ele>
				<time>2026-09-10T08:47:27.973Z</time>
			</trkpt>
			<trkpt lat="39.25041" lon="-1.12507">
				<ele>688.33</ele>
				<time>2026-09-10T08:47:31.067Z</time>
			</trkpt>
			<trkpt lat="39.25055" lon="-1.12539">
				<ele>686.84</ele>
				<time>2026-09-10T08:47:32.022Z</time>
			</trkpt>
			<trkpt lat="39.25074" lon="-1.1257">
				<ele>690.78</ele>
				<time>2026-09-10T08:47:33.046Z</time>
			</trkpt>
			<trkpt lat="39.25077" lon="-1.12592">
				<ele>694.48</ele>
				<time>2026-09-10T08:47:33.624Z</time>
			</trkpt>
			<trkpt lat="39.25078" lon="-1.12647">
				<ele>700.63</ele>
				<time>2026-09-10T08:47:35.042Z</time>
			</trkpt>
			<trkpt lat="39.25091" lon="-1.12683">
				<ele>702.42</ele>
				<time>2026-09-10T08:47:36.062Z</time>
			</trkpt>
			<trkpt lat="39.25123" lon="-1.12758">
				<ele>709.38</ele>
				<time>2026-09-10T08:47:38.251Z</time>
			</trkpt>
			<trkpt lat="39.25148" lon="-1.12811">
				<ele>711.38</ele>
				<time>2026-09-10T08:47:39.829Z</time>
			</trkpt>
			<trkpt lat="39.25164" lon="-1.12832">
				<ele>708.2</ele>
				<time>2026-09-10T08:47:40.576Z</time>
			</trkpt>
			<trkpt lat="39.25175" lon="-1.12853">
				<ele>711.45</ele>
				<time>2026-09-10T08:47:41.217Z</time>
			</trkpt>
			<trkpt lat="39.25183" lon="-1.12914">
				<ele>721.53</ele>
				<time>2026-09-10T08:47:42.777Z</time>
			</trkpt>
			<trkpt lat="39.25206" lon="-1.12972">
				<ele>725.51</ele>
				<time>2026-09-10T08:47:44.413Z</time>
			</trkpt>
			<trkpt lat="39.2521" lon="-1.13059">
				<ele>732.22</ele>
				<time>2026-09-10T08:47:46.590Z</time>
			</trkpt>
			<trkpt lat="39.25208" lon="-1.13126">
				<ele>735.25</ele>
				<time>2026-09-10T08:47:48.255Z</time>
			</trkpt>
			<trkpt lat="39.25211" lon="-1.13156">
				<ele>736.56</ele>
				<time>2026-09-10T08:47:49.004Z</time>
			</trkpt>
			<trkpt lat="39.25225" lon="-1.13204">
				<ele>739</ele>
				<time>2026-09-10T08:47:50.270Z</time>
			</trkpt>
			<trkpt lat="39.25225" lon="-1.13244">
				<ele>738.24</ele>
				<time>2026-09-10T08:47:51.255Z</time>
			</trkpt>
			<trkpt lat="39.25221" lon="-1.13332">
				<ele>743.05</ele>
				<time>2026-09-10T08:47:53.416Z</time>
			</trkpt>
			<trkpt lat="39.25224" lon="-1.13361">
				<ele>743.86</ele>
				<time>2026-09-10T08:47:54.131Z</time>
			</trkpt>
			<trkpt lat="39.25239" lon="-1.13395">
				<ele>745.28</ele>
				<time>2026-09-10T08:47:55.084Z</time>
			</trkpt>
			<trkpt lat="39.25256" lon="-1.13429">
				<ele>745.46</ele>
				<time>2026-09-10T08:47:56.068Z</time>
			</trkpt>
			<trkpt lat="39.25267" lon="-1.13478">
				<ele>746.05</ele>
				<time>2026-09-10T08:47:57.304Z</time>
			</trkpt>
			<trkpt lat="39.25265" lon="-1.13518">
				<ele>747.15</ele>
				<time>2026-09-10T08:47:58.273Z</time>
			</trkpt>
			<trkpt lat="39.25257" lon="-1.13552">
				<ele>745.5</ele>
				<time>2026-09-10T08:47:59.129Z</time>
			</trkpt>
			<trkpt lat="39.25158" lon="-1.13843">
				<ele>737.23</ele>
				<time>2026-09-10T08:48:06.712Z</time>
			</trkpt>
			<trkpt lat="39.2515" lon="-1.13879">
				<ele>738.03</ele>
				<time>2026-09-10T08:48:07.597Z</time>
			</trkpt>
			<trkpt lat="39.25113" lon="-1.14224">
				<ele>736.94</ele>
				<time>2026-09-10T08:48:15.735Z</time>
			</trkpt>
			<trkpt lat="39.25047" lon="-1.14447">
				<ele>734.81</ele>
				<time>2026-09-10T08:48:21.232Z</time>
			</trkpt>
			<trkpt lat="39.25038" lon="-1.14473">
				<ele>733.97</ele>
				<time>2026-09-10T08:48:21.883Z</time>
			</trkpt>
			<trkpt lat="39.2502" lon="-1.14534">
				<ele>731.75</ele>
				<time>2026-09-10T08:48:23.373Z</time>
			</trkpt>
			<trkpt lat="39.25012" lon="-1.14573">
				<ele>730.85</ele>
				<time>2026-09-10T08:48:24.292Z</time>
			</trkpt>
			<trkpt lat="39.25009" lon="-1.14604">
				<ele>729.83</ele>
				<time>2026-09-10T08:48:25.003Z</time>
			</trkpt>
			<trkpt lat="39.24988" lon="-1.14938">
				<ele>712.29</ele>
				<time>2026-09-10T08:48:32.565Z</time>
			</trkpt>
			<trkpt lat="39.24959" lon="-1.15344">
				<ele>720.85</ele>
				<time>2026-09-10T08:48:41.643Z</time>
			</trkpt>
			<trkpt lat="39.24957" lon="-1.15421">
				<ele>732.18</ele>
				<time>2026-09-10T08:48:43.345Z</time>
			</trkpt>
			<trkpt lat="39.24958" lon="-1.15479">
				<ele>733.95</ele>
				<time>2026-09-10T08:48:44.625Z</time>
			</trkpt>
			<trkpt lat="39.24961" lon="-1.15525">
				<ele>734.19</ele>
				<time>2026-09-10T08:48:45.641Z</time>
			</trkpt>
			<trkpt lat="39.24966" lon="-1.1558">
				<ele>734.11</ele>
				<time>2026-09-10T08:48:46.859Z</time>
			</trkpt>
			<trkpt lat="39.24979" lon="-1.15675">
				<ele>732.65</ele>
				<time>2026-09-10T08:48:48.977Z</time>
			</trkpt>
			<trkpt lat="39.25143" lon="-1.1664">
				<ele>741.8</ele>
				<time>2026-09-10T08:49:10.469Z</time>
			</trkpt>
			<trkpt lat="39.25151" lon="-1.16672">
				<ele>740.76</ele>
				<time>2026-09-10T08:49:11.197Z</time>
			</trkpt>
			<trkpt lat="39.25183" lon="-1.16739">
				<ele>738</ele>
				<time>2026-09-10T08:49:12.901Z</time>
			</trkpt>
			<trkpt lat="39.25318" lon="-1.17016">
				<ele>746.54</ele>
				<time>2026-09-10T08:49:19.988Z</time>
			</trkpt>
			<trkpt lat="39.25414" lon="-1.17217">
				<ele>750</ele>
				<time>2026-09-10T08:49:25.110Z</time>
			</trkpt>
			<trkpt lat="39.25464" lon="-1.17325">
				<ele>752.73</ele>
				<time>2026-09-10T08:49:27.844Z</time>
			</trkpt>
			<trkpt lat="39.25476" lon="-1.17366">
				<ele>754.05</ele>
				<time>2026-09-10T08:49:28.798Z</time>
			</trkpt>
			<trkpt lat="39.25486" lon="-1.17476">
				<ele>750.95</ele>
				<time>2026-09-10T08:49:31.210Z</time>
			</trkpt>
			<trkpt lat="39.25497" lon="-1.1766">
				<ele>753.88</ele>
				<time>2026-09-10T08:49:35.239Z</time>
			</trkpt>
			<trkpt lat="39.25526" lon="-1.18063">
				<ele>762.74</ele>
				<time>2026-09-10T08:49:44.134Z</time>
			</trkpt>
			<trkpt lat="39.25529" lon="-1.18089">
				<ele>762.06</ele>
				<time>2026-09-10T08:49:44.715Z</time>
			</trkpt>
			<trkpt lat="39.25542" lon="-1.18124">
				<ele>762.28</ele>
				<time>2026-09-10T08:49:45.573Z</time>
			</trkpt>
			<trkpt lat="39.25717" lon="-1.18429">
				<ele>755.06</ele>
				<time>2026-09-10T08:49:54.027Z</time>
			</trkpt>
			<trkpt lat="39.25787" lon="-1.18548">
				<ele>749.64</ele>
				<time>2026-09-10T08:49:57.387Z</time>
			</trkpt>
			<trkpt lat="39.26299" lon="-1.19435">
				<ele>749.35</ele>
				<time>2026-09-10T08:50:22.977Z</time>
			</trkpt>
			<trkpt lat="39.26304" lon="-1.19441">
				<ele>749.78</ele>
				<time>2026-09-10T08:50:23.187Z</time>
			</trkpt>
			<trkpt lat="39.26318" lon="-1.19473">
				<ele>749.44</ele>
				<time>2026-09-10T08:50:24.063Z</time>
			</trkpt>
			<trkpt lat="39.26337" lon="-1.19544">
				<ele>747.78</ele>
				<time>2026-09-10T08:50:25.860Z</time>
			</trkpt>
			<trkpt lat="39.26361" lon="-1.19658">
				<ele>748.66</ele>
				<time>2026-09-10T08:50:28.703Z</time>
			</trkpt>
			<trkpt lat="39.26366" lon="-1.19695">
				<ele>750.19</ele>
				<time>2026-09-10T08:50:29.611Z</time>
			</trkpt>
			<trkpt lat="39.26374" lon="-1.19923">
				<ele>744.6</ele>
				<time>2026-09-10T08:50:35.177Z</time>
			</trkpt>
			<trkpt lat="39.26377" lon="-1.19957">
				<ele>742.31</ele>
				<time>2026-09-10T08:50:36.018Z</time>
			</trkpt>
			<trkpt lat="39.26452" lon="-1.20741">
				<ele>735.04</ele>
				<time>2026-09-10T08:50:56.012Z</time>
			</trkpt>
			<trkpt lat="39.26469" lon="-1.20927">
				<ele>734.07</ele>
				<time>2026-09-10T08:51:00.925Z</time>
			</trkpt>
			<trkpt lat="39.26722" lon="-1.23539">
				<ele>729.36</ele>
				<time>2026-09-10T08:52:18.996Z</time>
			</trkpt>
			<trkpt lat="39.26722" lon="-1.23574">
				<ele>729.99</ele>
				<time>2026-09-10T08:52:20.167Z</time>
			</trkpt>
			<trkpt lat="39.26719" lon="-1.23594">
				<ele>729.62</ele>
				<time>2026-09-10T08:52:20.851Z</time>
			</trkpt>
			<trkpt lat="39.26708" lon="-1.23627">
				<ele>728.71</ele>
				<time>2026-09-10T08:52:22.060Z</time>
			</trkpt>
			<trkpt lat="39.26453" lon="-1.24164">
				<ele>721.68</ele>
				<time>2026-09-10T08:52:43.962Z</time>
			</trkpt>
			<trkpt lat="39.26128" lon="-1.24839">
				<ele>722.55</ele>
				<time>2026-09-10T08:53:13.629Z</time>
			</trkpt>
			<trkpt lat="39.26115" lon="-1.24886">
				<ele>721.96</ele>
				<time>2026-09-10T08:53:15.572Z</time>
			</trkpt>
			<trkpt lat="39.26109" lon="-1.24912">
				<ele>721.96</ele>
				<time>2026-09-10T08:53:16.633Z</time>
			</trkpt>
			<trkpt lat="39.26088" lon="-1.25057">
				<ele>719.36</ele>
				<time>2026-09-10T08:53:22.449Z</time>
			</trkpt>
			<trkpt lat="39.26079" lon="-1.25102">
				<ele>718.85</ele>
				<time>2026-09-10T08:53:24.300Z</time>
			</trkpt>
			<trkpt lat="39.26071" lon="-1.25132">
				<ele>719.31</ele>
				<time>2026-09-10T08:53:25.568Z</time>
			</trkpt>
			<trkpt lat="39.25634" lon="-1.26182">
				<ele>718.24</ele>
				<time>2026-09-10T08:54:16.305Z</time>
			</trkpt>
			<trkpt lat="39.24756" lon="-1.28274">
				<ele>717.16</ele>
				<time>2026-09-10T08:56:17.824Z</time>
			</trkpt>
			<trkpt lat="39.24739" lon="-1.28325">
				<ele>716.35</ele>
				<time>2026-09-10T08:56:21.018Z</time>
			</trkpt>
			<trkpt lat="39.24504" lon="-1.29157">
				<ele>708.67</ele>
				<time>2026-09-10T08:57:14.380Z</time>
			</trkpt>
			<trkpt lat="39.24469" lon="-1.29289">
				<ele>705.35</ele>
				<time>2026-09-10T08:57:23.213Z</time>
			</trkpt>
			<trkpt lat="39.24468" lon="-1.29317">
				<ele>705.91</ele>
				<time>2026-09-10T08:57:25.002Z</time>
			</trkpt>
			<trkpt lat="39.24476" lon="-1.29353">
				<ele>706.09</ele>
				<time>2026-09-10T08:57:27.400Z</time>
			</trkpt>
			<trkpt lat="39.24922" lon="-1.3087">
				<ele>704.25</ele>
				<time>2026-09-10T08:59:19.896Z</time>
			</trkpt>
			<trkpt lat="39.25492" lon="-1.32825">
				<ele>700.33</ele>
				<time>2026-09-10T09:02:11.664Z</time>
			</trkpt>
			<trkpt lat="39.25558" lon="-1.3316">
				<ele>702.25</ele>
				<time>2026-09-10T09:02:43.265Z</time>
			</trkpt>
			<trkpt lat="39.25724" lon="-1.33198">
				<ele>700.98</ele>
				<time>2026-09-10T09:03:06.238Z</time>
			</trkpt>
			<trkpt lat="39.25736" lon="-1.3321">
				<ele>701.23</ele>
				<time>2026-09-10T09:03:11.273Z</time>
			</trkpt>
			<trkpt lat="39.25779" lon="-1.33227">
				<ele>702.14</ele>
				<time>2026-09-10T09:03:30.380Z</time>
			</trkpt>
			<trkpt lat="39.25825" lon="-1.33251">
				<ele>702.3</ele>
				<time>2026-09-10T09:03:51.865Z</time>
			</trkpt>
			<trkpt lat="39.25856" lon="-1.33257">
				<ele>703.09</ele>
				<time>2026-09-10T09:04:01.400Z</time>
			</trkpt>
			<trkpt lat="39.25881" lon="-1.33256">
				<ele>705.06</ele>
				<time>2026-09-10T09:04:05.986Z</time>
			</trkpt>
			<trkpt lat="39.25856" lon="-1.33257">
				<ele>703.09</ele>
				<time>2026-09-10T09:04:10.591Z</time>
			</trkpt>
			<trkpt lat="39.25856" lon="-1.33349">
				<ele>705.84</ele>
				<time>2026-09-10T09:04:23.705Z</time>
			</trkpt>
			<trkpt lat="39.25852" lon="-1.33412">
				<ele>705.44</ele>
				<time>2026-09-10T09:04:32.716Z</time>
			</trkpt>
			<trkpt lat="39.25844" lon="-1.33468">
				<ele>705.09</ele>
				<time>2026-09-10T09:04:40.912Z</time>
			</trkpt>
			<trkpt lat="39.25834" lon="-1.33529">
				<ele>705.06</ele>
				<time>2026-09-10T09:04:50.391Z</time>
			</trkpt>
			<trkpt lat="39.25823" lon="-1.33656">
				<ele>704.03</ele>
				<time>2026-09-10T09:05:10.865Z</time>
			</trkpt>
			<trkpt lat="39.2582" lon="-1.33715">
				<ele>702.81</ele>
				<time>2026-09-10T09:05:20.426Z</time>
			</trkpt>
			<trkpt lat="39.25822" lon="-1.33725">
				<ele>702.6</ele>
				<time>2026-09-10T09:05:22.082Z</time>
			</trkpt>
			<trkpt lat="39.25815" lon="-1.33757">
				<ele>702.43</ele>
				<time>2026-09-10T09:05:27.363Z</time>
			</trkpt>
			<trkpt lat="39.25796" lon="-1.33898">
				<ele>697.52</ele>
				<time>2026-09-10T09:05:48.566Z</time>
			</trkpt>
			<trkpt lat="39.25788" lon="-1.33967">
				<ele>700.59</ele>
				<time>2026-09-10T09:05:57.486Z</time>
			</trkpt>
			<trkpt lat="39.25784" lon="-1.33991">
				<ele>700.76</ele>
				<time>2026-09-10T09:06:00.327Z</time>
			</trkpt>
			<trkpt lat="39.25776" lon="-1.34022">
				<ele>701.04</ele>
				<time>2026-09-10T09:06:03.834Z</time>
			</trkpt>
			<trkpt lat="39.25739" lon="-1.3414">
				<ele>701.6</ele>
				<time>2026-09-10T09:06:14.949Z</time>
			</trkpt>
			<trkpt lat="39.25699" lon="-1.3426">
				<ele>698.93</ele>
				<time>2026-09-10T09:06:25.620Z</time>
			</trkpt>
			<trkpt lat="39.25298" lon="-1.35524">
				<ele>693.15</ele>
				<time>2026-09-10T09:08:05.506Z</time>
			</trkpt>
			<trkpt lat="39.24693" lon="-1.37424">
				<ele>693.46</ele>
				<time>2026-09-10T09:10:02.190Z</time>
			</trkpt>
			<trkpt lat="39.24428" lon="-1.3825">
				<ele>690.17</ele>
				<time>2026-09-10T09:10:43.399Z</time>
			</trkpt>
			<trkpt lat="39.24341" lon="-1.38522">
				<ele>688.78</ele>
				<time>2026-09-10T09:10:55.994Z</time>
			</trkpt>
			<trkpt lat="39.24325" lon="-1.38555">
				<ele>689.95</ele>
				<time>2026-09-10T09:10:57.628Z</time>
			</trkpt>
			<trkpt lat="39.24311" lon="-1.38575">
				<ele>690.3</ele>
				<time>2026-09-10T09:10:58.756Z</time>
			</trkpt>
			<trkpt lat="39.24161" lon="-1.38752">
				<ele>688.05</ele>
				<time>2026-09-10T09:11:09.558Z</time>
			</trkpt>
			<trkpt lat="39.23308" lon="-1.39756">
				<ele>686.89</ele>
				<time>2026-09-10T09:12:06.230Z</time>
			</trkpt>
			<trkpt lat="39.22515" lon="-1.40695">
				<ele>683</ele>
				<time>2026-09-10T09:12:55.212Z</time>
			</trkpt>
			<trkpt lat="39.21911" lon="-1.41414">
				<ele>695.44</ele>
				<time>2026-09-10T09:13:32.825Z</time>
			</trkpt>
			<trkpt lat="39.20499" lon="-1.43077">
				<ele>682.27</ele>
				<time>2026-09-10T09:15:12.394Z</time>
			</trkpt>
			<trkpt lat="39.20275" lon="-1.43343">
				<ele>685.93</ele>
				<time>2026-09-10T09:15:30.976Z</time>
			</trkpt>
			<trkpt lat="39.20253" lon="-1.43338">
				<ele>685.11</ele>
				<time>2026-09-10T09:15:32.379Z</time>
			</trkpt>
			<trkpt lat="39.20229" lon="-1.43327">
				<ele>685</ele>
				<time>2026-09-10T09:15:33.985Z</time>
			</trkpt>
			<trkpt lat="39.20207" lon="-1.43308">
				<ele>685.57</ele>
				<time>2026-09-10T09:15:35.661Z</time>
			</trkpt>
			<trkpt lat="39.20199" lon="-1.43299">
				<ele>685.55</ele>
				<time>2026-09-10T09:15:36.336Z</time>
			</trkpt>
			<trkpt lat="39.20122" lon="-1.43184">
				<ele>681.23</ele>
				<time>2026-09-10T09:15:43.792Z</time>
			</trkpt>
			<trkpt lat="39.20099" lon="-1.43142">
				<ele>681.48</ele>
				<time>2026-09-10T09:15:46.198Z</time>
			</trkpt>
			<trkpt lat="39.20089" lon="-1.43097">
				<ele>682</ele>
				<time>2026-09-10T09:15:48.326Z</time>
			</trkpt>
			<trkpt lat="39.20087" lon="-1.43075">
				<ele>681.73</ele>
				<time>2026-09-10T09:15:49.313Z</time>
			</trkpt>
			<trkpt lat="39.20089" lon="-1.42922">
				<ele>677.04</ele>
				<time>2026-09-10T09:15:55.806Z</time>
			</trkpt>
			<trkpt lat="39.2009" lon="-1.42907">
				<ele>674.9</ele>
				<time>2026-09-10T09:15:56.416Z</time>
			</trkpt>
			<trkpt lat="39.20093" lon="-1.42894">
				<ele>673.53</ele>
				<time>2026-09-10T09:15:56.961Z</time>
			</trkpt>
			<trkpt lat="39.20102" lon="-1.4288">
				<ele>673.18</ele>
				<time>2026-09-10T09:15:57.687Z</time>
			</trkpt>
			<trkpt lat="39.20131" lon="-1.42842">
				<ele>674.9</ele>
				<time>2026-09-10T09:15:59.775Z</time>
			</trkpt>
			<trkpt lat="39.20133" lon="-1.42837">
				<ele>675.06</ele>
				<time>2026-09-10T09:15:59.992Z</time>
			</trkpt>
			<trkpt lat="39.20133" lon="-1.42831">
				<ele>674.76</ele>
				<time>2026-09-10T09:16:00.222Z</time>
			</trkpt>
			<trkpt lat="39.20128" lon="-1.42821">
				<ele>673.06</ele>
				<time>2026-09-10T09:16:00.678Z</time>
			</trkpt>
			<trkpt lat="39.20125" lon="-1.4282">
				<ele>672.1</ele>
				<time>2026-09-10T09:16:00.831Z</time>
			</trkpt>
			<trkpt lat="39.20118" lon="-1.42823">
				<ele>670.9</ele>
				<time>2026-09-10T09:16:01.192Z</time>
			</trkpt>
			<trkpt lat="39.2008" lon="-1.42877">
				<ele>668.94</ele>
				<time>2026-09-10T09:16:03.911Z</time>
			</trkpt>
			<trkpt lat="39.20056" lon="-1.42906">
				<ele>669.33</ele>
				<time>2026-09-10T09:16:05.451Z</time>
			</trkpt>
			<trkpt lat="39.20044" lon="-1.42914">
				<ele>670.36</ele>
				<time>2026-09-10T09:16:06.076Z</time>
			</trkpt>
			<trkpt lat="39.20001" lon="-1.42932">
				<ele>668.37</ele>
				<time>2026-09-10T09:16:08.132Z</time>
			</trkpt>
			<trkpt lat="39.19987" lon="-1.42943">
				<ele>666.49</ele>
				<time>2026-09-10T09:16:08.865Z</time>
			</trkpt>
			<trkpt lat="39.19979" lon="-1.42952">
				<ele>665.33</ele>
				<time>2026-09-10T09:16:09.337Z</time>
			</trkpt>
			<trkpt lat="39.19972" lon="-1.42971">
				<ele>665.81</ele>
				<time>2026-09-10T09:16:10.057Z</time>
			</trkpt>
			<trkpt lat="39.1997" lon="-1.42981">
				<ele>665.06</ele>
				<time>2026-09-10T09:16:10.408Z</time>
			</trkpt>
			<trkpt lat="39.19969" lon="-1.43007">
				<ele>663.75</ele>
				<time>2026-09-10T09:16:11.288Z</time>
			</trkpt>
			<trkpt lat="39.19964" lon="-1.4303">
				<ele>662.09</ele>
				<time>2026-09-10T09:16:12.089Z</time>
			</trkpt>
			<trkpt lat="39.19932" lon="-1.43097">
				<ele>659.39</ele>
				<time>2026-09-10T09:16:14.682Z</time>
			</trkpt>
			<trkpt lat="39.19927" lon="-1.43113">
				<ele>660.74</ele>
				<time>2026-09-10T09:16:15.242Z</time>
			</trkpt>
			<trkpt lat="39.19925" lon="-1.43121">
				<ele>660.06</ele>
				<time>2026-09-10T09:16:15.514Z</time>
			</trkpt>
			<trkpt lat="39.19921" lon="-1.4316">
				<ele>658.58</ele>
				<time>2026-09-10T09:16:16.779Z</time>
			</trkpt>
			<trkpt lat="39.19914" lon="-1.4318">
				<ele>657.16</ele>
				<time>2026-09-10T09:16:17.480Z</time>
			</trkpt>
			<trkpt lat="39.19904" lon="-1.43193">
				<ele>656.22</ele>
				<time>2026-09-10T09:16:18.061Z</time>
			</trkpt>
			<trkpt lat="39.199" lon="-1.43195">
				<ele>655.69</ele>
				<time>2026-09-10T09:16:18.237Z</time>
			</trkpt>
			<trkpt lat="39.19895" lon="-1.43195">
				<ele>654.89</ele>
				<time>2026-09-10T09:16:18.441Z</time>
			</trkpt>
			<trkpt lat="39.19887" lon="-1.4319">
				<ele>654.21</ele>
				<time>2026-09-10T09:16:18.803Z</time>
			</trkpt>
			<trkpt lat="39.19883" lon="-1.43179">
				<ele>654.76</ele>
				<time>2026-09-10T09:16:19.186Z</time>
			</trkpt>
			<trkpt lat="39.19857" lon="-1.43077">
				<ele>651.55</ele>
				<time>2026-09-10T09:16:22.535Z</time>
			</trkpt>
			<trkpt lat="39.19849" lon="-1.43055">
				<ele>645.38</ele>
				<time>2026-09-10T09:16:23.287Z</time>
			</trkpt>
			<trkpt lat="39.19843" lon="-1.43045">
				<ele>643.45</ele>
				<time>2026-09-10T09:16:23.677Z</time>
			</trkpt>
			<trkpt lat="39.19817" lon="-1.43017">
				<ele>636.9</ele>
				<time>2026-09-10T09:16:25.023Z</time>
			</trkpt>
			<trkpt lat="39.19765" lon="-1.42971">
				<ele>636.16</ele>
				<time>2026-09-10T09:16:27.521Z</time>
			</trkpt>
			<trkpt lat="39.19753" lon="-1.42963">
				<ele>637.09</ele>
				<time>2026-09-10T09:16:28.056Z</time>
			</trkpt>
			<trkpt lat="39.19727" lon="-1.42955">
				<ele>642.26</ele>
				<time>2026-09-10T09:16:29.116Z</time>
			</trkpt>
			<trkpt lat="39.19676" lon="-1.42917">
				<ele>641.01</ele>
				<time>2026-09-10T09:16:31.458Z</time>
			</trkpt>
			<trkpt lat="39.1967" lon="-1.42907">
				<ele>638.07</ele>
				<time>2026-09-10T09:16:31.849Z</time>
			</trkpt>
			<trkpt lat="39.1967" lon="-1.42895">
				<ele>632.02</ele>
				<time>2026-09-10T09:16:32.221Z</time>
			</trkpt>
			<trkpt lat="39.19675" lon="-1.42889">
				<ele>629.18</ele>
				<time>2026-09-10T09:16:32.495Z</time>
			</trkpt>
			<trkpt lat="39.1968" lon="-1.42889">
				<ele>629.46</ele>
				<time>2026-09-10T09:16:32.695Z</time>
			</trkpt>
			<trkpt lat="39.19692" lon="-1.42899">
				<ele>632.11</ele>
				<time>2026-09-10T09:16:33.269Z</time>
			</trkpt>
			<trkpt lat="39.19718" lon="-1.42925">
				<ele>632.5</ele>
				<time>2026-09-10T09:16:34.596Z</time>
			</trkpt>
			<trkpt lat="39.19725" lon="-1.42929">
				<ele>631.79</ele>
				<time>2026-09-10T09:16:34.906Z</time>
			</trkpt>
			<trkpt lat="39.19757" lon="-1.42938">
				<ele>626.53</ele>
				<time>2026-09-10T09:16:36.240Z</time>
			</trkpt>
			<trkpt lat="39.19855" lon="-1.43001">
				<ele>631.65</ele>
				<time>2026-09-10T09:16:40.800Z</time>
			</trkpt>
			<trkpt lat="39.19867" lon="-1.43002">
				<ele>632.6</ele>
				<time>2026-09-10T09:16:41.312Z</time>
			</trkpt>
			<trkpt lat="39.19873" lon="-1.42998">
				<ele>632.3</ele>
				<time>2026-09-10T09:16:41.601Z</time>
			</trkpt>
			<trkpt lat="39.19877" lon="-1.42992">
				<ele>631.21</ele>
				<time>2026-09-10T09:16:41.864Z</time>
			</trkpt>
			<trkpt lat="39.1988" lon="-1.4298">
				<ele>628.97</ele>
				<time>2026-09-10T09:16:42.284Z</time>
			</trkpt>
			<trkpt lat="39.19884" lon="-1.42887">
				<ele>606.17</ele>
				<time>2026-09-10T09:16:45.447Z</time>
			</trkpt>
			<trkpt lat="39.19887" lon="-1.42869">
				<ele>605.19</ele>
				<time>2026-09-10T09:16:46.086Z</time>
			</trkpt>
			<trkpt lat="39.19894" lon="-1.42852">
				<ele>606.05</ele>
				<time>2026-09-10T09:16:46.758Z</time>
			</trkpt>
			<trkpt lat="39.19913" lon="-1.42819">
				<ele>606.12</ele>
				<time>2026-09-10T09:16:48.213Z</time>
			</trkpt>
			<trkpt lat="39.19922" lon="-1.42807">
				<ele>606.46</ele>
				<time>2026-09-10T09:16:48.811Z</time>
			</trkpt>
			<trkpt lat="39.19933" lon="-1.42797">
				<ele>607.51</ele>
				<time>2026-09-10T09:16:49.438Z</time>
			</trkpt>
			<trkpt lat="39.19991" lon="-1.4276">
				<ele>611.21</ele>
				<time>2026-09-10T09:16:52.521Z</time>
			</trkpt>
			<trkpt lat="39.19996" lon="-1.42756">
				<ele>611.74</ele>
				<time>2026-09-10T09:16:52.807Z</time>
			</trkpt>
			<trkpt lat="39.19999" lon="-1.4275">
				<ele>611.79</ele>
				<time>2026-09-10T09:16:53.078Z</time>
			</trkpt>
			<trkpt lat="39.20002" lon="-1.42741">
				<ele>611.36</ele>
				<time>2026-09-10T09:16:53.450Z</time>
			</trkpt>
			<trkpt lat="39.20001" lon="-1.42733">
				<ele>609.63</ele>
				<time>2026-09-10T09:16:53.760Z</time>
			</trkpt>
			<trkpt lat="39.19996" lon="-1.42703">
				<ele>603.31</ele>
				<time>2026-09-10T09:16:54.943Z</time>
			</trkpt>
			<trkpt lat="39.19995" lon="-1.42689">
				<ele>601.6</ele>
				<time>2026-09-10T09:16:55.491Z</time>
			</trkpt>
			<trkpt lat="39.19997" lon="-1.4267">
				<ele>600.41</ele>
				<time>2026-09-10T09:16:56.245Z</time>
			</trkpt>
			<trkpt lat="39.20006" lon="-1.42623">
				<ele>601.56</ele>
				<time>2026-09-10T09:16:58.182Z</time>
			</trkpt>
			<trkpt lat="39.20006" lon="-1.42613">
				<ele>601.7</ele>
				<time>2026-09-10T09:16:58.588Z</time>
			</trkpt>
			<trkpt lat="39.20004" lon="-1.426">
				<ele>600.84</ele>
				<time>2026-09-10T09:16:59.130Z</time>
			</trkpt>
			<trkpt lat="39.2" lon="-1.42596">
				<ele>599</ele>
				<time>2026-09-10T09:16:59.399Z</time>
			</trkpt>
			<trkpt lat="39.19995" lon="-1.42595">
				<ele>597</ele>
				<time>2026-09-10T09:16:59.668Z</time>
			</trkpt>
			<trkpt lat="39.19988" lon="-1.42599">
				<ele>593.89</ele>
				<time>2026-09-10T09:17:00.078Z</time>
			</trkpt>
			<trkpt lat="39.19986" lon="-1.42603">
				<ele>592.73</ele>
				<time>2026-09-10T09:17:00.276Z</time>
			</trkpt>
			<trkpt lat="39.19983" lon="-1.42624">
				<ele>591.68</ele>
				<time>2026-09-10T09:17:01.170Z</time>
			</trkpt>
			<trkpt lat="39.19975" lon="-1.42721">
				<ele>597.77</ele>
				<time>2026-09-10T09:17:05.396Z</time>
			</trkpt>
			<trkpt lat="39.19973" lon="-1.42727">
				<ele>598.64</ele>
				<time>2026-09-10T09:17:05.687Z</time>
			</trkpt>
			<trkpt lat="39.19969" lon="-1.42733">
				<ele>599.2</ele>
				<time>2026-09-10T09:17:06.042Z</time>
			</trkpt>
			<trkpt lat="39.1996" lon="-1.42741">
				<ele>599.91</ele>
				<time>2026-09-10T09:17:06.677Z</time>
			</trkpt>
			<trkpt lat="39.19934" lon="-1.4275">
				<ele>598.82</ele>
				<time>2026-09-10T09:17:08.266Z</time>
			</trkpt>
			<trkpt lat="39.19902" lon="-1.42766">
				<ele>592.11</ele>
				<time>2026-09-10T09:17:10.338Z</time>
			</trkpt>
			<trkpt lat="39.19897" lon="-1.4277">
				<ele>591.09</ele>
				<time>2026-09-10T09:17:10.699Z</time>
			</trkpt>
			<trkpt lat="39.19886" lon="-1.42788">
				<ele>590.43</ele>
				<time>2026-09-10T09:17:11.798Z</time>
			</trkpt>
			<trkpt lat="39.19878" lon="-1.42794">
				<ele>587.8</ele>
				<time>2026-09-10T09:17:12.376Z</time>
			</trkpt>
			<trkpt lat="39.19873" lon="-1.42795">
				<ele>585.85</ele>
				<time>2026-09-10T09:17:12.694Z</time>
			</trkpt>
			<trkpt lat="39.19869" lon="-1.42792">
				<ele>583.52</ele>
				<time>2026-09-10T09:17:12.986Z</time>
			</trkpt>
			<trkpt lat="39.19866" lon="-1.42788">
				<ele>581.58</ele>
				<time>2026-09-10T09:17:13.259Z</time>
			</trkpt>
			<trkpt lat="39.19865" lon="-1.42782">
				<ele>580.07</ele>
				<time>2026-09-10T09:17:13.562Z</time>
			</trkpt>
			<trkpt lat="39.19868" lon="-1.42769">
				<ele>578.37</ele>
				<time>2026-09-10T09:17:14.233Z</time>
			</trkpt>
			<trkpt lat="39.19889" lon="-1.42723">
				<ele>575.12</ele>
				<time>2026-09-10T09:17:16.932Z</time>
			</trkpt>
			<trkpt lat="39.19894" lon="-1.42715">
				<ele>574.96</ele>
				<time>2026-09-10T09:17:17.462Z</time>
			</trkpt>
			<trkpt lat="39.19905" lon="-1.42708">
				<ele>577.45</ele>
				<time>2026-09-10T09:17:18.284Z</time>
			</trkpt>
			<trkpt lat="39.19926" lon="-1.427">
				<ele>582.36</ele>
				<time>2026-09-10T09:17:19.771Z</time>
			</trkpt>
			<trkpt lat="39.19935" lon="-1.4269">
				<ele>582.79</ele>
				<time>2026-09-10T09:17:20.589Z</time>
			</trkpt>
			<trkpt lat="39.1994" lon="-1.42671">
				<ele>580.35</ele>
				<time>2026-09-10T09:17:21.671Z</time>
			</trkpt>
			<trkpt lat="39.19945" lon="-1.42626">
				<ele>578.35</ele>
				<time>2026-09-10T09:17:24.172Z</time>
			</trkpt>
			<trkpt lat="39.19943" lon="-1.42603">
				<ele>576.76</ele>
				<time>2026-09-10T09:17:25.473Z</time>
			</trkpt>
			<trkpt lat="39.19939" lon="-1.42583">
				<ele>574.95</ele>
				<time>2026-09-10T09:17:26.650Z</time>
			</trkpt>
			<trkpt lat="39.19941" lon="-1.42562">
				<ele>573.91</ele>
				<time>2026-09-10T09:17:27.871Z</time>
			</trkpt>
			<trkpt lat="39.19945" lon="-1.42542">
				<ele>575.37</ele>
				<time>2026-09-10T09:17:29.078Z</time>
			</trkpt>
			<trkpt lat="39.19945" lon="-1.42533">
				<ele>575.51</ele>
				<time>2026-09-10T09:17:29.609Z</time>
			</trkpt>
			<trkpt lat="39.19942" lon="-1.42515">
				<ele>575.56</ele>
				<time>2026-09-10T09:17:30.705Z</time>
			</trkpt>
			<trkpt lat="39.19932" lon="-1.42499">
				<ele>573.09</ele>
				<time>2026-09-10T09:17:31.942Z</time>
			</trkpt>
			<trkpt lat="39.19913" lon="-1.42479">
				<ele>569.11</ele>
				<time>2026-09-10T09:17:33.879Z</time>
			</trkpt>
			<trkpt lat="39.19908" lon="-1.42474">
				<ele>566.49</ele>
				<time>2026-09-10T09:17:34.385Z</time>
			</trkpt>
			<trkpt lat="39.19902" lon="-1.42474">
				<ele>563.41</ele>
				<time>2026-09-10T09:17:34.867Z</time>
			</trkpt>
			<trkpt lat="39.19895" lon="-1.42476">
				<ele>558.97</ele>
				<time>2026-09-10T09:17:35.446Z</time>
			</trkpt>
			<trkpt lat="39.19893" lon="-1.4248">
				<ele>557.5</ele>
				<time>2026-09-10T09:17:35.745Z</time>
			</trkpt>
			<trkpt lat="39.19894" lon="-1.42493">
				<ele>557.19</ele>
				<time>2026-09-10T09:17:36.571Z</time>
			</trkpt>
			<trkpt lat="39.19899" lon="-1.42498">
				<ele>558.79</ele>
				<time>2026-09-10T09:17:37.091Z</time>
			</trkpt>
			<trkpt lat="39.19917" lon="-1.42509">
				<ele>565.25</ele>
				<time>2026-09-10T09:17:38.743Z</time>
			</trkpt>
			<trkpt lat="39.19922" lon="-1.42516">
				<ele>566.56</ele>
				<time>2026-09-10T09:17:39.362Z</time>
			</trkpt>
			<trkpt lat="39.19926" lon="-1.42529">
				<ele>566.37</ele>
				<time>2026-09-10T09:17:40.278Z</time>
			</trkpt>
			<trkpt lat="39.19925" lon="-1.42536">
				<ele>566.03</ele>
				<time>2026-09-10T09:17:40.747Z</time>
			</trkpt>
			<trkpt lat="39.19916" lon="-1.42575">
				<ele>564.13</ele>
				<time>2026-09-10T09:17:43.469Z</time>
			</trkpt>
			<trkpt lat="39.19903" lon="-1.42619">
				<ele>563.02</ele>
				<time>2026-09-10T09:17:46.706Z</time>
			</trkpt>
			<trkpt lat="39.19898" lon="-1.42631">
				<ele>562.63</ele>
				<time>2026-09-10T09:17:47.660Z</time>
			</trkpt>
			<trkpt lat="39.1989" lon="-1.4264">
				<ele>561.5</ele>
				<time>2026-09-10T09:17:48.627Z</time>
			</trkpt>
			<trkpt lat="39.19883" lon="-1.42641">
				<ele>560.15</ele>
				<time>2026-09-10T09:17:49.273Z</time>
			</trkpt>
			<trkpt lat="39.19834" lon="-1.42627">
				<ele>541.6</ele>
				<time>2026-09-10T09:17:53.984Z</time>
			</trkpt>
			<trkpt lat="39.19821" lon="-1.42625">
				<ele>537.21</ele>
				<time>2026-09-10T09:17:55.243Z</time>
			</trkpt>
			<trkpt lat="39.19816" lon="-1.42628">
				<ele>536.53</ele>
				<time>2026-09-10T09:17:55.778Z</time>
			</trkpt>
			<trkpt lat="39.19809" lon="-1.42636">
				<ele>536.65</ele>
				<time>2026-09-10T09:17:56.690Z</time>
			</trkpt>
			<trkpt lat="39.19809" lon="-1.42648">
				<ele>537.98</ele>
				<time>2026-09-10T09:17:57.603Z</time>
			</trkpt>
			<trkpt lat="39.19828" lon="-1.4271">
				<ele>552.04</ele>
				<time>2026-09-10T09:18:02.801Z</time>
			</trkpt>
			<trkpt lat="39.19828" lon="-1.42722">
				<ele>555.72</ele>
				<time>2026-09-10T09:18:03.759Z</time>
			</trkpt>
			<trkpt lat="39.19825" lon="-1.42727">
				<ele>556.4</ele>
				<time>2026-09-10T09:18:04.266Z</time>
			</trkpt>
			<trkpt lat="39.19817" lon="-1.42734">
				<ele>556.06</ele>
				<time>2026-09-10T09:18:05.273Z</time>
			</trkpt>
			<trkpt lat="39.19812" lon="-1.42734">
				<ele>554.59</ele>
				<time>2026-09-10T09:18:05.797Z</time>
			</trkpt>
			<trkpt lat="39.19803" lon="-1.42734">
				<ele>551.91</ele>
				<time>2026-09-10T09:18:06.745Z</time>
			</trkpt>
			<trkpt lat="39.19767" lon="-1.42728">
				<ele>538.77</ele>
				<time>2026-09-10T09:18:10.636Z</time>
			</trkpt>
			<trkpt lat="39.19742" lon="-1.4273">
				<ele>535.38</ele>
				<time>2026-09-10T09:18:13.385Z</time>
			</trkpt>
			<trkpt lat="39.1973" lon="-1.42739">
				<ele>537.96</ele>
				<time>2026-09-10T09:18:14.931Z</time>
			</trkpt>
			<trkpt lat="39.1971" lon="-1.42763">
				<ele>547.47</ele>
				<time>2026-09-10T09:18:18.022Z</time>
			</trkpt>
			<trkpt lat="39.19688" lon="-1.42783">
				<ele>551.19</ele>
				<time>2026-09-10T09:18:21.131Z</time>
			</trkpt>
			<trkpt lat="39.19633" lon="-1.42815">
				<ele>548.79</ele>
				<time>2026-09-10T09:18:28.335Z</time>
			</trkpt>
			<trkpt lat="39.19583" lon="-1.42838">
				<ele>548.73</ele>
				<time>2026-09-10T09:18:34.948Z</time>
			</trkpt>
			<trkpt lat="39.19538" lon="-1.42855">
				<ele>553.22</ele>
				<time>2026-09-10T09:18:41.009Z</time>
			</trkpt>
			<trkpt lat="39.19532" lon="-1.42863">
				<ele>563.73</ele>
				<time>2026-09-10T09:18:42.148Z</time>
			</trkpt>
			<trkpt lat="39.19527" lon="-1.42865">
				<ele>565.11</ele>
				<time>2026-09-10T09:18:42.842Z</time>
			</trkpt>
			<trkpt lat="39.19468" lon="-1.42884">
				<ele>538.4</ele>
				<time>2026-09-10T09:18:51.103Z</time>
			</trkpt>
			<trkpt lat="39.19416" lon="-1.42895">
				<ele>545.04</ele>
				<time>2026-09-10T09:18:58.561Z</time>
			</trkpt>
			<trkpt lat="39.19382" lon="-1.42906">
				<ele>544.26</ele>
				<time>2026-09-10T09:19:03.679Z</time>
			</trkpt>
			<trkpt lat="39.1937" lon="-1.42918">
				<ele>547.85</ele>
				<time>2026-09-10T09:19:06.065Z</time>
			</trkpt>
			<trkpt lat="39.19353" lon="-1.42925">
				<ele>549.58</ele>
				<time>2026-09-10T09:19:10.455Z</time>
			</trkpt>
			<trkpt lat="39.19333" lon="-1.42916">
				<ele>546.59</ele>
				<time>2026-09-10T09:19:17.925Z</time>
			</trkpt>
			<trkpt lat="39.1933" lon="-1.42912">
				<ele>545.24</ele>
				<time>2026-09-10T09:19:19.700Z</time>
			</trkpt>
			<trkpt lat="39.19289" lon="-1.42915">
				<ele>546.22</ele>
				<time>2026-09-10T09:19:39.723Z</time>
			</trkpt>
		</trkseg>
	</trk>
</gpx>